{
"type": "FeatureCollection",
"name": "cctv",
"crs": { "type": "name", "properties": { "name": "urn:ogc:def:crs:OGC:1.3:CRS84" } },
"features": [
{ "type": "Feature", "properties": { "관리기관명": "광주광역시 사회재난과", "소재지지번주소": "남구 구동 31-2 ", "소재지도로명주소": "남구 중앙로107번길 15", "카메라대수": "2", "카메라화소": "200만", "촬영방면": "360도", "보관일수": "30일", "설치연도": "2022", "위도": 35.146766, "경도": 126.909879, "데이터기준일자": "2026-06-30" }, "geometry": { "type": "Point", "coordinates": [ 126.909879, 35.146766 ] } },
{ "type": "Feature", "properties": { "관리기관명": "광주광역시 사회재난과", "소재지지번주소": "남구 구동 53-11", "소재지도로명주소": "남구 중앙로128번길 18", "카메라대수": "1", "카메라화소": "200만", "촬영방면": "360도", "보관일수": "30일", "설치연도": "2025", "위도": 35.144854, "경도": 126.910718, "데이터기준일자": "2026-06-30" }, "geometry": { "type": "Point", "coordinates": [ 126.910718, 35.144854 ] } },
{ "type": "Feature", "properties": { "관리기관명": "광주광역시 사회재난과", "소재지지번주소": "남구 사동 138", "소재지도로명주소": "남구 사직안길 27", "카메라대수": "2", "카메라화소": "200만", "촬영방면": "360도", "보관일수": "30일", "설치연도": "2022", "위도": 35.144304, "경도": 126.912009, "데이터기준일자": "2026-06-30" }, "geometry": { "type": "Point", "coordinates": [ 126.912009, 35.144304 ] } },
{ "type": "Feature", "properties": { "관리기관명": "광주광역시 사회재난과", "소재지지번주소": "남구 사동 138", "소재지도로명주소": "남구 사직안길 27", "카메라대수": "1", "카메라화소": "200만", "촬영방면": "360도", "보관일수": "30일", "설치연도": "2023", "위도": 35.144304, "경도": 126.912009, "데이터기준일자": "2026-06-30" }, "geometry": { "type": "Point", "coordinates": [ 126.912009, 35.144304 ] } },
{ "type": "Feature", "properties": { "관리기관명": "광주광역시 사회재난과", "소재지지번주소": "남구 서동 124-3", "소재지도로명주소": "남구 서오층석탑2길 2", "카메라대수": "2", "카메라화소": "200만", "촬영방면": "360도", "보관일수": "30일", "설치연도": "2022", "위도": 35.145911, "경도": 126.907438, "데이터기준일자": "2026-06-30" }, "geometry": { "type": "Point", "coordinates": [ 126.907438, 35.145911 ] } },
{ "type": "Feature", "properties": { "관리기관명": "광주광역시 사회재난과", "소재지지번주소": "남구 서동 124-3", "소재지도로명주소": "남구 서오층석탑2길 2", "카메라대수": "1", "카메라화소": "200만", "촬영방면": "360도", "보관일수": "30일", "설치연도": "2024", "위도": 35.145911, "경도": 126.907438, "데이터기준일자": "2026-06-30" }, "geometry": { "type": "Point", "coordinates": [ 126.907438, 35.145911 ] } },
{ "type": "Feature", "properties": { "관리기관명": "광주광역시 사회재난과", "소재지지번주소": "남구 서동 139-3", "소재지도로명주소": "남구 서오층석탑길 36", "카메라대수": "2", "카메라화소": "200만", "촬영방면": "360도", "보관일수": "30일", "설치연도": "2022", "위도": 35.14722, "경도": 126.907324, "데이터기준일자": "2026-06-30" }, "geometry": { "type": "Point", "coordinates": [ 126.907324, 35.14722 ] } },
{ "type": "Feature", "properties": { "관리기관명": "광주광역시 사회재난과", "소재지지번주소": "남구 서동 139-3", "소재지도로명주소": "남구 서오층석탑길 36", "카메라대수": "1", "카메라화소": "200만", "촬영방면": "360도", "보관일수": "30일", "설치연도": "2024", "위도": 35.14722, "경도": 126.907324, "데이터기준일자": "2026-06-30" }, "geometry": { "type": "Point", "coordinates": [ 126.907324, 35.14722 ] } },
{ "type": "Feature", "properties": { "관리기관명": "광주광역시 사회재난과", "소재지지번주소": "남구 서동 253-29", "소재지도로명주소": "남구 중앙로110번길 15-1", "카메라대수": "2", "카메라화소": "200만", "촬영방면": "360도", "보관일수": "30일", "설치연도": "2022", "위도": 35.143791, "경도": 126.908959, "데이터기준일자": "2026-06-30" }, "geometry": { "type": "Point", "coordinates": [ 126.908959, 35.143791 ] } },
{ "type": "Feature", "properties": { "관리기관명": "광주광역시 사회재난과", "소재지지번주소": "남구 서동 253-29", "소재지도로명주소": "남구 중앙로110번길 15-1", "카메라대수": "1", "카메라화소": "200만", "촬영방면": "360도", "보관일수": "30일", "설치연도": "2024", "위도": 35.143791, "경도": 126.908959, "데이터기준일자": "2026-06-30" }, "geometry": { "type": "Point", "coordinates": [ 126.908959, 35.143791 ] } },
{ "type": "Feature", "properties": { "관리기관명": "광주광역시 사회재난과", "소재지지번주소": "동구 계림동 190-6", "소재지도로명주소": "동구 중앙로 300", "카메라대수": "1", "카메라화소": "200만", "촬영방면": "360도", "보관일수": "30일", "설치연도": "2019", "위도": 35.15859, "경도": 126.920696, "데이터기준일자": "2026-06-30" }, "geometry": { "type": "Point", "coordinates": [ 126.920696, 35.15859 ] } },
{ "type": "Feature", "properties": { "관리기관명": "광주광역시 사회재난과", "소재지지번주소": "동구 계림동 190-6", "소재지도로명주소": "동구 중앙로 300", "카메라대수": "2", "카메라화소": "200만", "촬영방면": "360도", "보관일수": "30일", "설치연도": "2023", "위도": 35.15859, "경도": 126.920696, "데이터기준일자": "2026-06-30" }, "geometry": { "type": "Point", "coordinates": [ 126.920696, 35.15859 ] } },
{ "type": "Feature", "properties": { "관리기관명": "광주광역시 사회재난과", "소재지지번주소": "광산구 우산동 1084", "소재지도로명주소": "광산구 사암로92번길 136-26", "카메라대수": "1", "카메라화소": "200만", "촬영방면": "360도", "보관일수": "30일", "설치연도": "2018", "위도": 35.15679, "경도": 126.922408, "데이터기준일자": "2026-06-30" }, "geometry": { "type": "Point", "coordinates": [ 126.922408, 35.15679 ] } },
{ "type": "Feature", "properties": { "관리기관명": "광주광역시 사회재난과", "소재지지번주소": "광산구 우산동 1084", "소재지도로명주소": "광산구 사암로92번길 136-26", "카메라대수": "2", "카메라화소": "200만", "촬영방면": "360도", "보관일수": "30일", "설치연도": "2024", "위도": 35.15679, "경도": 126.922408, "데이터기준일자": "2026-06-30" }, "geometry": { "type": "Point", "coordinates": [ 126.922408, 35.15679 ] } },
{ "type": "Feature", "properties": { "관리기관명": "광주광역시 사회재난과", "소재지지번주소": "동구 계림동 24-3", "소재지도로명주소": null, "카메라대수": "1", "카메라화소": "200만", "촬영방면": "360도", "보관일수": "30일", "설치연도": "2018", "위도": 35.158258, "경도": 126.925413, "데이터기준일자": "2026-06-30" }, "geometry": { "type": "Point", "coordinates": [ 126.925413, 35.158258 ] } },
{ "type": "Feature", "properties": { "관리기관명": "광주광역시 사회재난과", "소재지지번주소": "동구 계림동 24-3", "소재지도로명주소": null, "카메라대수": "1", "카메라화소": "200만", "촬영방면": "360도", "보관일수": "30일", "설치연도": "2023", "위도": 35.158258, "경도": 126.925413, "데이터기준일자": "2026-06-30" }, "geometry": { "type": "Point", "coordinates": [ 126.925413, 35.158258 ] } },
{ "type": "Feature", "properties": { "관리기관명": "광주광역시 사회재난과", "소재지지번주소": "동구 계림동 24-3", "소재지도로명주소": null, "카메라대수": "1", "카메라화소": "200만", "촬영방면": "360도", "보관일수": "30일", "설치연도": "2024", "위도": 35.158258, "경도": 126.925413, "데이터기준일자": "2026-06-30" }, "geometry": { "type": "Point", "coordinates": [ 126.925413, 35.158258 ] } },
{ "type": "Feature", "properties": { "관리기관명": "광주광역시 사회재난과", "소재지지번주소": "동구 계림동 278-3", "소재지도로명주소": "동구 경양로277번길 20", "카메라대수": "1", "카메라화소": "200만", "촬영방면": "360도", "보관일수": "30일", "설치연도": "2019", "위도": 35.156737, "경도": 126.919888, "데이터기준일자": "2026-06-30" }, "geometry": { "type": "Point", "coordinates": [ 126.919888, 35.156737 ] } },
{ "type": "Feature", "properties": { "관리기관명": "광주광역시 사회재난과", "소재지지번주소": "동구 계림동 278-3", "소재지도로명주소": "동구 경양로277번길 20", "카메라대수": "1", "카메라화소": "200만", "촬영방면": "360도", "보관일수": "30일", "설치연도": "2022", "위도": 35.156737, "경도": 126.919888, "데이터기준일자": "2026-06-30" }, "geometry": { "type": "Point", "coordinates": [ 126.919888, 35.156737 ] } },
{ "type": "Feature", "properties": { "관리기관명": "광주광역시 사회재난과", "소재지지번주소": "동구 계림동 278-3", "소재지도로명주소": "동구 경양로277번길 20", "카메라대수": "2", "카메라화소": "200만", "촬영방면": "360도", "보관일수": "30일", "설치연도": "2024", "위도": 35.156737, "경도": 126.919888, "데이터기준일자": "2026-06-30" }, "geometry": { "type": "Point", "coordinates": [ 126.919888, 35.156737 ] } },
{ "type": "Feature", "properties": { "관리기관명": "광주광역시 사회재난과", "소재지지번주소": "동구 계림동 306-2", "소재지도로명주소": "동구 구성로238번길 17-1", "카메라대수": "1", "카메라화소": "200만", "촬영방면": "360도", "보관일수": "30일", "설치연도": "2018", "위도": 35.154962, "경도": 126.918555, "데이터기준일자": "2026-06-30" }, "geometry": { "type": "Point", "coordinates": [ 126.918555, 35.154962 ] } },
{ "type": "Feature", "properties": { "관리기관명": "광주광역시 사회재난과", "소재지지번주소": "동구 계림동 306-2", "소재지도로명주소": "동구 구성로238번길 17-1", "카메라대수": "1", "카메라화소": "200만", "촬영방면": "360도", "보관일수": "30일", "설치연도": "2022", "위도": 35.154962, "경도": 126.918555, "데이터기준일자": "2026-06-30" }, "geometry": { "type": "Point", "coordinates": [ 126.918555, 35.154962 ] } },
{ "type": "Feature", "properties": { "관리기관명": "광주광역시 사회재난과", "소재지지번주소": "동구 계림동 306-2", "소재지도로명주소": "동구 구성로238번길 17-1", "카메라대수": "1", "카메라화소": "200만", "촬영방면": "360도", "보관일수": "30일", "설치연도": "2023", "위도": 35.154962, "경도": 126.918555, "데이터기준일자": "2026-06-30" }, "geometry": { "type": "Point", "coordinates": [ 126.918555, 35.154962 ] } },
{ "type": "Feature", "properties": { "관리기관명": "광주광역시 사회재난과", "소재지지번주소": "동구 계림동 306-2", "소재지도로명주소": "동구 구성로238번길 17-1", "카메라대수": "1", "카메라화소": "200만", "촬영방면": "360도", "보관일수": "30일", "설치연도": "2024", "위도": 35.154962, "경도": 126.918555, "데이터기준일자": "2026-06-30" }, "geometry": { "type": "Point", "coordinates": [ 126.918555, 35.154962 ] } },
{ "type": "Feature", "properties": { "관리기관명": "광주광역시 사회재난과", "소재지지번주소": "동구 계림동 485-1", "소재지도로명주소": "동구 경양로247번길 14-3", "카메라대수": "1", "카메라화소": "200만", "촬영방면": "360도", "보관일수": "30일", "설치연도": "2022", "위도": 35.157817, "경도": 126.918614, "데이터기준일자": "2026-06-30" }, "geometry": { "type": "Point", "coordinates": [ 126.918614, 35.157817 ] } },
{ "type": "Feature", "properties": { "관리기관명": "광주광역시 사회재난과", "소재지지번주소": "동구 계림동 485-1", "소재지도로명주소": "동구 경양로247번길 14-3", "카메라대수": "3", "카메라화소": "200만", "촬영방면": "360도", "보관일수": "30일", "설치연도": "2024", "위도": 35.157817, "경도": 126.918614, "데이터기준일자": "2026-06-30" }, "geometry": { "type": "Point", "coordinates": [ 126.918614, 35.157817 ] } },
{ "type": "Feature", "properties": { "관리기관명": "광주광역시 사회재난과", "소재지지번주소": "동구 계림동 520-43", "소재지도로명주소": "동구 산수길35번길 22", "카메라대수": "3", "카메라화소": "200만", "촬영방면": "360도", "보관일수": "30일", "설치연도": "2021", "위도": 35.158232, "경도": 126.926463, "데이터기준일자": "2026-06-30" }, "geometry": { "type": "Point", "coordinates": [ 126.926463, 35.158232 ] } },
{ "type": "Feature", "properties": { "관리기관명": "광주광역시 사회재난과", "소재지지번주소": "동구 계림동 520-43", "소재지도로명주소": "동구 산수길35번길 22", "카메라대수": "1", "카메라화소": "200만", "촬영방면": "360도", "보관일수": "30일", "설치연도": "2024", "위도": 35.158232, "경도": 126.926463, "데이터기준일자": "2026-06-30" }, "geometry": { "type": "Point", "coordinates": [ 126.926463, 35.158232 ] } },
{ "type": "Feature", "properties": { "관리기관명": "광주광역시 사회재난과", "소재지지번주소": "동구 계림동 522-12", "소재지도로명주소": "동구 무등로 386", "카메라대수": "1", "카메라화소": "200만", "촬영방면": "360도", "보관일수": "30일", "설치연도": "2022", "위도": 35.16028, "경도": 126.924589, "데이터기준일자": "2026-06-30" }, "geometry": { "type": "Point", "coordinates": [ 126.924589, 35.16028 ] } },
{ "type": "Feature", "properties": { "관리기관명": "광주광역시 사회재난과", "소재지지번주소": "동구 계림동 522-12", "소재지도로명주소": "동구 무등로 386", "카메라대수": "2", "카메라화소": "200만", "촬영방면": "360도", "보관일수": "30일", "설치연도": "2024", "위도": 35.16028, "경도": 126.924589, "데이터기준일자": "2026-06-30" }, "geometry": { "type": "Point", "coordinates": [ 126.924589, 35.16028 ] } },
{ "type": "Feature", "properties": { "관리기관명": "광주광역시 사회재난과", "소재지지번주소": "동구 계림동 523-35", "소재지도로명주소": null, "카메라대수": "2", "카메라화소": "200만", "촬영방면": "360도", "보관일수": "30일", "설치연도": "2021", "위도": 35.161446, "경도": 126.923869, "데이터기준일자": "2026-06-30" }, "geometry": { "type": "Point", "coordinates": [ 126.923869, 35.161446 ] } },
{ "type": "Feature", "properties": { "관리기관명": "광주광역시 사회재난과", "소재지지번주소": "동구 계림동 523-35", "소재지도로명주소": null, "카메라대수": "1", "카메라화소": "200만", "촬영방면": "360도", "보관일수": "30일", "설치연도": "2022", "위도": 35.161446, "경도": 126.923869, "데이터기준일자": "2026-06-30" }, "geometry": { "type": "Point", "coordinates": [ 126.923869, 35.161446 ] } },
{ "type": "Feature", "properties": { "관리기관명": "광주광역시 사회재난과", "소재지지번주소": "동구 계림동 537-21", "소재지도로명주소": "동구 무등로306번길 29-15", "카메라대수": "2", "카메라화소": "200만", "촬영방면": "360도", "보관일수": "30일", "설치연도": "2022", "위도": 35.159611, "경도": 126.915764, "데이터기준일자": "2026-06-30" }, "geometry": { "type": "Point", "coordinates": [ 126.915764, 35.159611 ] } },
{ "type": "Feature", "properties": { "관리기관명": "광주광역시 사회재난과", "소재지지번주소": "동구 계림동 537-21", "소재지도로명주소": "동구 무등로306번길 29-15", "카메라대수": "1", "카메라화소": "200만", "촬영방면": "360도", "보관일수": "30일", "설치연도": "2022", "위도": 35.159611, "경도": 126.915764, "데이터기준일자": "2026-06-30" }, "geometry": { "type": "Point", "coordinates": [ 126.915764, 35.159611 ] } },
{ "type": "Feature", "properties": { "관리기관명": "광주광역시 사회재난과", "소재지지번주소": "동구 계림동 538-38", "소재지도로명주소": "동구 경양로 211", "카메라대수": "1", "카메라화소": "200만", "촬영방면": "360도", "보관일수": "30일", "설치연도": "2018", "위도": 35.159185, "경도": 126.914457, "데이터기준일자": "2026-06-30" }, "geometry": { "type": "Point", "coordinates": [ 126.914457, 35.159185 ] } },
{ "type": "Feature", "properties": { "관리기관명": "광주광역시 사회재난과", "소재지지번주소": "동구 계림동 538-38", "소재지도로명주소": "동구 경양로 211", "카메라대수": "2", "카메라화소": "200만", "촬영방면": "360도", "보관일수": "30일", "설치연도": "2023", "위도": 35.159185, "경도": 126.914457, "데이터기준일자": "2026-06-30" }, "geometry": { "type": "Point", "coordinates": [ 126.914457, 35.159185 ] } },
{ "type": "Feature", "properties": { "관리기관명": "광주광역시 사회재난과", "소재지지번주소": "동구 계림동 574-1", "소재지도로명주소": "동구 중흥로227번길 10-2", "카메라대수": "1", "카메라화소": "200만", "촬영방면": "360도", "보관일수": "30일", "설치연도": "2024", "위도": 35.160286, "경도": 126.918622, "데이터기준일자": "2026-06-30" }, "geometry": { "type": "Point", "coordinates": [ 126.918622, 35.160286 ] } },
{ "type": "Feature", "properties": { "관리기관명": "광주광역시 사회재난과", "소재지지번주소": "동구 계림동 574-1", "소재지도로명주소": "동구 중흥로227번길 10-2", "카메라대수": "1", "카메라화소": "200만", "촬영방면": "360도", "보관일수": "30일", "설치연도": "2018", "위도": 35.160286, "경도": 126.918622, "데이터기준일자": "2026-06-30" }, "geometry": { "type": "Point", "coordinates": [ 126.918622, 35.160286 ] } },
{ "type": "Feature", "properties": { "관리기관명": "광주광역시 사회재난과", "소재지지번주소": "동구 계림동 574-1", "소재지도로명주소": "동구 중흥로227번길 10-2", "카메라대수": "1", "카메라화소": "200만", "촬영방면": "360도", "보관일수": "30일", "설치연도": "2022", "위도": 35.160286, "경도": 126.918622, "데이터기준일자": "2026-06-30" }, "geometry": { "type": "Point", "coordinates": [ 126.918622, 35.160286 ] } },
{ "type": "Feature", "properties": { "관리기관명": "광주광역시 사회재난과", "소재지지번주소": "동구 계림동 574-1", "소재지도로명주소": "동구 중흥로227번길 10-2", "카메라대수": "1", "카메라화소": "200만", "촬영방면": "360도", "보관일수": "30일", "설치연도": "2024", "위도": 35.160286, "경도": 126.918622, "데이터기준일자": "2026-06-30" }, "geometry": { "type": "Point", "coordinates": [ 126.918622, 35.160286 ] } },
{ "type": "Feature", "properties": { "관리기관명": "광주광역시 사회재난과", "소재지지번주소": "동구 대인동 15-6", "소재지도로명주소": "동구 독립로264번길 15", "카메라대수": "2", "카메라화소": "200만", "촬영방면": "360도", "보관일수": "30일", "설치연도": "2020", "위도": 35.153933, "경도": 126.912495, "데이터기준일자": "2026-06-30" }, "geometry": { "type": "Point", "coordinates": [ 126.912495, 35.153933 ] } },
{ "type": "Feature", "properties": { "관리기관명": "광주광역시 사회재난과", "소재지지번주소": "동구 대인동 15-6", "소재지도로명주소": "동구 독립로264번길 15", "카메라대수": "2", "카메라화소": "200만", "촬영방면": "360도", "보관일수": "30일", "설치연도": "2023", "위도": 35.153933, "경도": 126.912495, "데이터기준일자": "2026-06-30" }, "geometry": { "type": "Point", "coordinates": [ 126.912495, 35.153933 ] } },
{ "type": "Feature", "properties": { "관리기관명": "광주광역시 사회재난과", "소재지지번주소": "동구 금남로4가 45-2", "소재지도로명주소": "동구 구성로194번길 24-1", "카메라대수": "2", "카메라화소": "200만", "촬영방면": "360도", "보관일수": "30일", "설치연도": "2020", "위도": 35.151302, "경도": 126.916206, "데이터기준일자": "2026-06-30" }, "geometry": { "type": "Point", "coordinates": [ 126.916206, 35.151302 ] } },
{ "type": "Feature", "properties": { "관리기관명": "광주광역시 사회재난과", "소재지지번주소": "동구 금동 157-3", "소재지도로명주소": "동구 백서로125번길 11-1", "카메라대수": "1", "카메라화소": "200만", "촬영방면": "360도", "보관일수": "30일", "설치연도": "2022", "위도": 35.142921, "경도": 126.918493, "데이터기준일자": "2026-06-30" }, "geometry": { "type": "Point", "coordinates": [ 126.918493, 35.142921 ] } },
{ "type": "Feature", "properties": { "관리기관명": "광주광역시 사회재난과", "소재지지번주소": "동구 금동 157-3", "소재지도로명주소": "동구 백서로125번길 11-1", "카메라대수": "2", "카메라화소": "200만", "촬영방면": "360도", "보관일수": "30일", "설치연도": "2024", "위도": 35.142921, "경도": 126.918493, "데이터기준일자": "2026-06-30" }, "geometry": { "type": "Point", "coordinates": [ 126.918493, 35.142921 ] } },
{ "type": "Feature", "properties": { "관리기관명": "광주광역시 사회재난과", "소재지지번주소": "동구 금동 57-41", "소재지도로명주소": "동구 백서로119번길 21", "카메라대수": "1", "카메라화소": "200만", "촬영방면": "360도", "보관일수": "30일", "설치연도": "2022", "위도": 35.143009, "경도": 126.917161, "데이터기준일자": "2026-06-30" }, "geometry": { "type": "Point", "coordinates": [ 126.917161, 35.143009 ] } },
{ "type": "Feature", "properties": { "관리기관명": "광주광역시 사회재난과", "소재지지번주소": "동구 금동 57-41", "소재지도로명주소": "동구 백서로119번길 21", "카메라대수": "1", "카메라화소": "200만", "촬영방면": "360도", "보관일수": "30일", "설치연도": "2024", "위도": 35.143009, "경도": 126.917161, "데이터기준일자": "2026-06-30" }, "geometry": { "type": "Point", "coordinates": [ 126.917161, 35.143009 ] } },
{ "type": "Feature", "properties": { "관리기관명": "광주광역시 사회재난과", "소재지지번주소": "동구 금동 51-4", "소재지도로명주소": "동구 문화전당로23번길 35", "카메라대수": "1", "카메라화소": "200만", "촬영방면": "360도", "보관일수": "30일", "설치연도": "2018", "위도": 35.143626, "경도": 126.915961, "데이터기준일자": "2026-06-30" }, "geometry": { "type": "Point", "coordinates": [ 126.915961, 35.143626 ] } },
{ "type": "Feature", "properties": { "관리기관명": "광주광역시 사회재난과", "소재지지번주소": "동구 금동 51-4", "소재지도로명주소": "동구 문화전당로23번길 35", "카메라대수": "2", "카메라화소": "200만", "촬영방면": "360도", "보관일수": "30일", "설치연도": "2024", "위도": 35.143626, "경도": 126.915961, "데이터기준일자": "2026-06-30" }, "geometry": { "type": "Point", "coordinates": [ 126.915961, 35.143626 ] } },
{ "type": "Feature", "properties": { "관리기관명": "광주광역시 사회재난과", "소재지지번주소": "동구 금동 18-1", "소재지도로명주소": "동구 문화전당로23번길 22", "카메라대수": "1", "카메라화소": "200만", "촬영방면": "360도", "보관일수": "30일", "설치연도": "2013", "위도": 35.144037, "경도": 126.917537, "데이터기준일자": "2026-06-30" }, "geometry": { "type": "Point", "coordinates": [ 126.917537, 35.144037 ] } },
{ "type": "Feature", "properties": { "관리기관명": "광주광역시 사회재난과", "소재지지번주소": "동구 금동 18-1", "소재지도로명주소": "동구 문화전당로23번길 22", "카메라대수": "1", "카메라화소": "200만", "촬영방면": "360도", "보관일수": "30일", "설치연도": "2019", "위도": 35.144037, "경도": 126.917537, "데이터기준일자": "2026-06-30" }, "geometry": { "type": "Point", "coordinates": [ 126.917537, 35.144037 ] } },
{ "type": "Feature", "properties": { "관리기관명": "광주광역시 사회재난과", "소재지지번주소": "동구 남동 141-3", "소재지도로명주소": "동구 문화전당로23번길 5-24", "카메라대수": "1", "카메라화소": "200만", "촬영방면": "360도", "보관일수": "30일", "설치연도": "2018", "위도": 35.143428, "경도": 126.919362, "데이터기준일자": "2026-06-30" }, "geometry": { "type": "Point", "coordinates": [ 126.919362, 35.143428 ] } },
{ "type": "Feature", "properties": { "관리기관명": "광주광역시 사회재난과", "소재지지번주소": "동구 남동 141-3", "소재지도로명주소": "동구 문화전당로23번길 5-24", "카메라대수": "3", "카메라화소": "200만", "촬영방면": "360도", "보관일수": "30일", "설치연도": "2020", "위도": 35.143428, "경도": 126.919362, "데이터기준일자": "2026-06-30" }, "geometry": { "type": "Point", "coordinates": [ 126.919362, 35.143428 ] } },
{ "type": "Feature", "properties": { "관리기관명": "광주광역시 사회재난과", "소재지지번주소": "동구 대인동 319-10", "소재지도로명주소": "동구 동계천로6번길 9", "카메라대수": "1", "카메라화소": "200만", "촬영방면": "360도", "보관일수": "30일", "설치연도": "2022", "위도": 35.155684, "경도": 126.913659, "데이터기준일자": "2026-06-30" }, "geometry": { "type": "Point", "coordinates": [ 126.913659, 35.155684 ] } },
{ "type": "Feature", "properties": { "관리기관명": "광주광역시 사회재난과", "소재지지번주소": "동구 대인동 319-10", "소재지도로명주소": "동구 동계천로6번길 9", "카메라대수": "2", "카메라화소": "200만", "촬영방면": "360도", "보관일수": "30일", "설치연도": "2024", "위도": 35.155684, "경도": 126.913659, "데이터기준일자": "2026-06-30" }, "geometry": { "type": "Point", "coordinates": [ 126.913659, 35.155684 ] } },
{ "type": "Feature", "properties": { "관리기관명": "광주광역시 사회재난과", "소재지지번주소": "동구 대인동 323-7", "소재지도로명주소": "동구 제봉로212번길 2", "카메라대수": "1", "카메라화소": "200만", "촬영방면": "360도", "보관일수": "30일", "설치연도": "2018", "위도": 35.15459, "경도": 126.915051, "데이터기준일자": "2026-06-30" }, "geometry": { "type": "Point", "coordinates": [ 126.915051, 35.15459 ] } },
{ "type": "Feature", "properties": { "관리기관명": "광주광역시 사회재난과", "소재지지번주소": "동구 대인동 323-7", "소재지도로명주소": "동구 제봉로212번길 2", "카메라대수": "1", "카메라화소": "200만", "촬영방면": "360도", "보관일수": "30일", "설치연도": "2022", "위도": 35.15459, "경도": 126.915051, "데이터기준일자": "2026-06-30" }, "geometry": { "type": "Point", "coordinates": [ 126.915051, 35.15459 ] } },
{ "type": "Feature", "properties": { "관리기관명": "광주광역시 사회재난과", "소재지지번주소": "동구 대인동 323-7", "소재지도로명주소": "동구 제봉로212번길 2", "카메라대수": "1", "카메라화소": "200만", "촬영방면": "360도", "보관일수": "30일", "설치연도": "2023", "위도": 35.15459, "경도": 126.915051, "데이터기준일자": "2026-06-30" }, "geometry": { "type": "Point", "coordinates": [ 126.915051, 35.15459 ] } },
{ "type": "Feature", "properties": { "관리기관명": "광주광역시 사회재난과", "소재지지번주소": "동구 동명동 113-40", "소재지도로명주소": "동구 필문대로253번길 9-2", "카메라대수": "2", "카메라화소": "200만", "촬영방면": "360도", "보관일수": "30일", "설치연도": "2022", "위도": 35.148201, "경도": 126.929933, "데이터기준일자": "2026-06-30" }, "geometry": { "type": "Point", "coordinates": [ 126.929933, 35.148201 ] } },
{ "type": "Feature", "properties": { "관리기관명": "광주광역시 사회재난과", "소재지지번주소": "동구 동명동 113-40", "소재지도로명주소": "동구 필문대로253번길 9-2", "카메라대수": "1", "카메라화소": "200만", "촬영방면": "360도", "보관일수": "30일", "설치연도": "2022", "위도": 35.148201, "경도": 126.929933, "데이터기준일자": "2026-06-30" }, "geometry": { "type": "Point", "coordinates": [ 126.929933, 35.148201 ] } },
{ "type": "Feature", "properties": { "관리기관명": "광주광역시 사회재난과", "소재지지번주소": "동구 동명동 142-60", "소재지도로명주소": "동구 백서로224번길 2", "카메라대수": "1", "카메라화소": "200만", "촬영방면": "360도", "보관일수": "30일", "설치연도": "2018", "위도": 35.147724, "경도": 126.926693, "데이터기준일자": "2026-06-30" }, "geometry": { "type": "Point", "coordinates": [ 126.926693, 35.147724 ] } },
{ "type": "Feature", "properties": { "관리기관명": "광주광역시 사회재난과", "소재지지번주소": "동구 동명동 142-60", "소재지도로명주소": "동구 백서로224번길 2", "카메라대수": "1", "카메라화소": "200만", "촬영방면": "360도", "보관일수": "30일", "설치연도": "2022", "위도": 35.147724, "경도": 126.926693, "데이터기준일자": "2026-06-30" }, "geometry": { "type": "Point", "coordinates": [ 126.926693, 35.147724 ] } },
{ "type": "Feature", "properties": { "관리기관명": "광주광역시 사회재난과", "소재지지번주소": "동구 동명동 142-60", "소재지도로명주소": "동구 백서로224번길 2", "카메라대수": "1", "카메라화소": "200만", "촬영방면": "360도", "보관일수": "30일", "설치연도": "2023", "위도": 35.147724, "경도": 126.926693, "데이터기준일자": "2026-06-30" }, "geometry": { "type": "Point", "coordinates": [ 126.926693, 35.147724 ] } },
{ "type": "Feature", "properties": { "관리기관명": "광주광역시 사회재난과", "소재지지번주소": "동구 동명동 181-5", "소재지도로명주소": null, "카메라대수": "1", "카메라화소": "200만", "촬영방면": "360도", "보관일수": "30일", "설치연도": "2019", "위도": 35.152596, "경도": 126.925749, "데이터기준일자": "2026-06-30" }, "geometry": { "type": "Point", "coordinates": [ 126.925749, 35.152596 ] } },
{ "type": "Feature", "properties": { "관리기관명": "광주광역시 사회재난과", "소재지지번주소": "동구 동명동 181-5", "소재지도로명주소": null, "카메라대수": "1", "카메라화소": "200만", "촬영방면": "360도", "보관일수": "30일", "설치연도": "2023", "위도": 35.152596, "경도": 126.925749, "데이터기준일자": "2026-06-30" }, "geometry": { "type": "Point", "coordinates": [ 126.925749, 35.152596 ] } },
{ "type": "Feature", "properties": { "관리기관명": "광주광역시 사회재난과", "소재지지번주소": "동구 동명동 181-5", "소재지도로명주소": null, "카메라대수": "1", "카메라화소": "200만", "촬영방면": "360도", "보관일수": "30일", "설치연도": "2024", "위도": 35.152596, "경도": 126.925749, "데이터기준일자": "2026-06-30" }, "geometry": { "type": "Point", "coordinates": [ 126.925749, 35.152596 ] } },
{ "type": "Feature", "properties": { "관리기관명": "광주광역시 사회재난과", "소재지지번주소": "동구 동명동 200-31", "소재지도로명주소": "동구 동계로9번길 13", "카메라대수": "1", "카메라화소": "200만", "촬영방면": "360도", "보관일수": "30일", "설치연도": "2018", "위도": 35.152972, "경도": 126.922411, "데이터기준일자": "2026-06-30" }, "geometry": { "type": "Point", "coordinates": [ 126.922411, 35.152972 ] } },
{ "type": "Feature", "properties": { "관리기관명": "광주광역시 사회재난과", "소재지지번주소": "동구 동명동 200-31", "소재지도로명주소": "동구 동계로9번길 13", "카메라대수": "3", "카메라화소": "200만", "촬영방면": "360도", "보관일수": "30일", "설치연도": "2024", "위도": 35.152972, "경도": 126.922411, "데이터기준일자": "2026-06-30" }, "geometry": { "type": "Point", "coordinates": [ 126.922411, 35.152972 ] } },
{ "type": "Feature", "properties": { "관리기관명": "광주광역시 사회재난과", "소재지지번주소": "동구 동명동 231", "소재지도로명주소": "동구 동계천로 85", "카메라대수": "1", "카메라화소": "200만", "촬영방면": "360도", "보관일수": "30일", "설치연도": "2024", "위도": 35.152207, "경도": 126.920345, "데이터기준일자": "2026-06-30" }, "geometry": { "type": "Point", "coordinates": [ 126.920345, 35.152207 ] } },
{ "type": "Feature", "properties": { "관리기관명": "광주광역시 사회재난과", "소재지지번주소": "동구 동명동 231", "소재지도로명주소": "동구 동계천로 85", "카메라대수": "1", "카메라화소": "200만", "촬영방면": "360도", "보관일수": "30일", "설치연도": "2018", "위도": 35.152207, "경도": 126.920345, "데이터기준일자": "2026-06-30" }, "geometry": { "type": "Point", "coordinates": [ 126.920345, 35.152207 ] } },
{ "type": "Feature", "properties": { "관리기관명": "광주광역시 사회재난과", "소재지지번주소": "동구 동명동 231", "소재지도로명주소": "동구 동계천로 85", "카메라대수": "1", "카메라화소": "200만", "촬영방면": "360도", "보관일수": "30일", "설치연도": "2020", "위도": 35.152207, "경도": 126.920345, "데이터기준일자": "2026-06-30" }, "geometry": { "type": "Point", "coordinates": [ 126.920345, 35.152207 ] } },
{ "type": "Feature", "properties": { "관리기관명": "광주광역시 사회재난과", "소재지지번주소": "동구 동명동 231", "소재지도로명주소": "동구 동계천로 85", "카메라대수": "1", "카메라화소": "200만", "촬영방면": "360도", "보관일수": "30일", "설치연도": "2024", "위도": 35.152207, "경도": 126.920345, "데이터기준일자": "2026-06-30" }, "geometry": { "type": "Point", "coordinates": [ 126.920345, 35.152207 ] } },
{ "type": "Feature", "properties": { "관리기관명": "광주광역시 사회재난과", "소재지지번주소": "동구 동명동 251-7", "소재지도로명주소": "동구 동계천로95번길 31", "카메라대수": "1", "카메라화소": "200만", "촬영방면": "360도", "보관일수": "30일", "설치연도": "2021", "위도": 35.153979, "경도": 126.921522, "데이터기준일자": "2026-06-30" }, "geometry": { "type": "Point", "coordinates": [ 126.921522, 35.153979 ] } },
{ "type": "Feature", "properties": { "관리기관명": "광주광역시 사회재난과", "소재지지번주소": "동구 동명동 251-7", "소재지도로명주소": "동구 동계천로95번길 31", "카메라대수": "2", "카메라화소": "200만", "촬영방면": "360도", "보관일수": "30일", "설치연도": "2023", "위도": 35.153979, "경도": 126.921522, "데이터기준일자": "2026-06-30" }, "geometry": { "type": "Point", "coordinates": [ 126.921522, 35.153979 ] } },
{ "type": "Feature", "properties": { "관리기관명": "광주광역시 사회재난과", "소재지지번주소": "동구 동명동 251-7", "소재지도로명주소": "동구 동계천로95번길 31", "카메라대수": "1", "카메라화소": "200만", "촬영방면": "360도", "보관일수": "30일", "설치연도": "2024", "위도": 35.153979, "경도": 126.921522, "데이터기준일자": "2026-06-30" }, "geometry": { "type": "Point", "coordinates": [ 126.921522, 35.153979 ] } },
{ "type": "Feature", "properties": { "관리기관명": "광주광역시 사회재난과", "소재지지번주소": "동구 불로동 121", "소재지도로명주소": "동구 서석로 24", "카메라대수": "1", "카메라화소": "200만", "촬영방면": "360도", "보관일수": "30일", "설치연도": "2019", "위도": 35.145324, "경도": 126.916803, "데이터기준일자": "2026-06-30" }, "geometry": { "type": "Point", "coordinates": [ 126.916803, 35.145324 ] } },
{ "type": "Feature", "properties": { "관리기관명": "광주광역시 사회재난과", "소재지지번주소": "동구 불로동 121", "소재지도로명주소": "동구 서석로 24", "카메라대수": "1", "카메라화소": "200만", "촬영방면": "360도", "보관일수": "30일", "설치연도": "2021", "위도": 35.145324, "경도": 126.916803, "데이터기준일자": "2026-06-30" }, "geometry": { "type": "Point", "coordinates": [ 126.916803, 35.145324 ] } },
{ "type": "Feature", "properties": { "관리기관명": "광주광역시 사회재난과", "소재지지번주소": "동구 불로동 121", "소재지도로명주소": "동구 서석로 24", "카메라대수": "1", "카메라화소": "200만", "촬영방면": "360도", "보관일수": "30일", "설치연도": "2023", "위도": 35.145324, "경도": 126.916803, "데이터기준일자": "2026-06-30" }, "geometry": { "type": "Point", "coordinates": [ 126.916803, 35.145324 ] } },
{ "type": "Feature", "properties": { "관리기관명": "광주광역시 사회재난과", "소재지지번주소": "동구 불로동 157-1", "소재지도로명주소": "동구 문화전당로35번길 36", "카메라대수": "1", "카메라화소": "200만", "촬영방면": "360도", "보관일수": "30일", "설치연도": "2019", "위도": 35.144181, "경도": 126.915653, "데이터기준일자": "2026-06-30" }, "geometry": { "type": "Point", "coordinates": [ 126.915653, 35.144181 ] } },
{ "type": "Feature", "properties": { "관리기관명": "광주광역시 사회재난과", "소재지지번주소": "동구 불로동 157-1", "소재지도로명주소": "동구 문화전당로35번길 36", "카메라대수": "1", "카메라화소": "200만", "촬영방면": "360도", "보관일수": "30일", "설치연도": "2022", "위도": 35.144181, "경도": 126.915653, "데이터기준일자": "2026-06-30" }, "geometry": { "type": "Point", "coordinates": [ 126.915653, 35.144181 ] } },
{ "type": "Feature", "properties": { "관리기관명": "광주광역시 사회재난과", "소재지지번주소": "동구 불로동 157-1", "소재지도로명주소": "동구 문화전당로35번길 36", "카메라대수": "1", "카메라화소": "200만", "촬영방면": "360도", "보관일수": "30일", "설치연도": "2024", "위도": 35.144181, "경도": 126.915653, "데이터기준일자": "2026-06-30" }, "geometry": { "type": "Point", "coordinates": [ 126.915653, 35.144181 ] } },
{ "type": "Feature", "properties": { "관리기관명": "광주광역시 사회재난과", "소재지지번주소": "동구 산수동 108-8", "소재지도로명주소": "동구 밤실로 116-1", "카메라대수": "1", "카메라화소": "200만", "촬영방면": "360도", "보관일수": "30일", "설치연도": "2024", "위도": 35.157994, "경도": 126.935446, "데이터기준일자": "2026-06-30" }, "geometry": { "type": "Point", "coordinates": [ 126.935446, 35.157994 ] } },
{ "type": "Feature", "properties": { "관리기관명": "광주광역시 사회재난과", "소재지지번주소": "동구 산수동 108-8", "소재지도로명주소": "동구 밤실로 116-1", "카메라대수": "1", "카메라화소": "200만", "촬영방면": "360도", "보관일수": "30일", "설치연도": "2022", "위도": 35.157994, "경도": 126.935446, "데이터기준일자": "2026-06-30" }, "geometry": { "type": "Point", "coordinates": [ 126.935446, 35.157994 ] } },
{ "type": "Feature", "properties": { "관리기관명": "광주광역시 사회재난과", "소재지지번주소": "동구 산수동 108-8", "소재지도로명주소": "동구 밤실로 116-1", "카메라대수": "1", "카메라화소": "200만", "촬영방면": "360도", "보관일수": "30일", "설치연도": "2024", "위도": 35.157994, "경도": 126.935446, "데이터기준일자": "2026-06-30" }, "geometry": { "type": "Point", "coordinates": [ 126.935446, 35.157994 ] } },
{ "type": "Feature", "properties": { "관리기관명": "광주광역시 사회재난과", "소재지지번주소": "동구 산수동 164-19", "소재지도로명주소": "동구 필문대로137번길 15", "카메라대수": "1", "카메라화소": "200만", "촬영방면": "360도", "보관일수": "30일", "설치연도": "2022", "위도": 35.158592, "경도": 126.933108, "데이터기준일자": "2026-06-30" }, "geometry": { "type": "Point", "coordinates": [ 126.933108, 35.158592 ] } },
{ "type": "Feature", "properties": { "관리기관명": "광주광역시 사회재난과", "소재지지번주소": "동구 산수동 164-19", "소재지도로명주소": "동구 필문대로137번길 15", "카메라대수": "1", "카메라화소": "200만", "촬영방면": "360도", "보관일수": "30일", "설치연도": "2022", "위도": 35.158592, "경도": 126.933108, "데이터기준일자": "2026-06-30" }, "geometry": { "type": "Point", "coordinates": [ 126.933108, 35.158592 ] } },
{ "type": "Feature", "properties": { "관리기관명": "광주광역시 사회재난과", "소재지지번주소": "동구 산수동 164-19", "소재지도로명주소": "동구 필문대로137번길 15", "카메라대수": "1", "카메라화소": "200만", "촬영방면": "360도", "보관일수": "30일", "설치연도": "2023", "위도": 35.158592, "경도": 126.933108, "데이터기준일자": "2026-06-30" }, "geometry": { "type": "Point", "coordinates": [ 126.933108, 35.158592 ] } },
{ "type": "Feature", "properties": { "관리기관명": "광주광역시 사회재난과", "소재지지번주소": "동구 산수동 483-8", "소재지도로명주소": "동구 동계로 41", "카메라대수": "1", "카메라화소": "200만", "촬영방면": "360도", "보관일수": "30일", "설치연도": "2022", "위도": 35.155653, "경도": 126.92352, "데이터기준일자": "2026-06-30" }, "geometry": { "type": "Point", "coordinates": [ 126.92352, 35.155653 ] } },
{ "type": "Feature", "properties": { "관리기관명": "광주광역시 사회재난과", "소재지지번주소": "동구 산수동 483-8", "소재지도로명주소": "동구 동계로 41", "카메라대수": "1", "카메라화소": "200만", "촬영방면": "360도", "보관일수": "30일", "설치연도": "2023", "위도": 35.155653, "경도": 126.92352, "데이터기준일자": "2026-06-30" }, "geometry": { "type": "Point", "coordinates": [ 126.92352, 35.155653 ] } },
{ "type": "Feature", "properties": { "관리기관명": "광주광역시 사회재난과", "소재지지번주소": "동구 산수동 483-8", "소재지도로명주소": "동구 동계로 41", "카메라대수": "1", "카메라화소": "200만", "촬영방면": "360도", "보관일수": "30일", "설치연도": "2024", "위도": 35.155653, "경도": 126.92352, "데이터기준일자": "2026-06-30" }, "geometry": { "type": "Point", "coordinates": [ 126.92352, 35.155653 ] } },
{ "type": "Feature", "properties": { "관리기관명": "광주광역시 사회재난과", "소재지지번주소": "동구 산수동 511-45", "소재지도로명주소": "동구 밤실로89번길 7", "카메라대수": "2", "카메라화소": "200만", "촬영방면": "360도", "보관일수": "30일", "설치연도": "2019", "위도": 35.155289, "경도": 126.935653, "데이터기준일자": "2026-06-30" }, "geometry": { "type": "Point", "coordinates": [ 126.935653, 35.155289 ] } },
{ "type": "Feature", "properties": { "관리기관명": "광주광역시 사회재난과", "소재지지번주소": "동구 산수동 511-45", "소재지도로명주소": "동구 밤실로89번길 7", "카메라대수": "1", "카메라화소": "200만", "촬영방면": "360도", "보관일수": "30일", "설치연도": "2024", "위도": 35.155289, "경도": 126.935653, "데이터기준일자": "2026-06-30" }, "geometry": { "type": "Point", "coordinates": [ 126.935653, 35.155289 ] } },
{ "type": "Feature", "properties": { "관리기관명": "광주광역시 사회재난과", "소재지지번주소": "동구 산수동 512-3", "소재지도로명주소": "동구 필문대로191번길 43-24", "카메라대수": "1", "카메라화소": "200만", "촬영방면": "360도", "보관일수": "30일", "설치연도": "2019", "위도": 35.154684, "경도": 126.936068, "데이터기준일자": "2026-06-30" }, "geometry": { "type": "Point", "coordinates": [ 126.936068, 35.154684 ] } },
{ "type": "Feature", "properties": { "관리기관명": "광주광역시 사회재난과", "소재지지번주소": "동구 산수동 512-3", "소재지도로명주소": "동구 필문대로191번길 43-24", "카메라대수": "2", "카메라화소": "200만", "촬영방면": "360도", "보관일수": "30일", "설치연도": "2024", "위도": 35.154684, "경도": 126.936068, "데이터기준일자": "2026-06-30" }, "geometry": { "type": "Point", "coordinates": [ 126.936068, 35.154684 ] } },
{ "type": "Feature", "properties": { "관리기관명": "광주광역시 사회재난과", "소재지지번주소": "동구 산수동 531-20", "소재지도로명주소": null, "카메라대수": "1", "카메라화소": "200만", "촬영방면": "360도", "보관일수": "30일", "설치연도": "2022", "위도": 35.157458, "경도": 126.933708, "데이터기준일자": "2026-06-30" }, "geometry": { "type": "Point", "coordinates": [ 126.933708, 35.157458 ] } },
{ "type": "Feature", "properties": { "관리기관명": "광주광역시 사회재난과", "소재지지번주소": "동구 산수동 531-20", "소재지도로명주소": null, "카메라대수": "2", "카메라화소": "200만", "촬영방면": "360도", "보관일수": "30일", "설치연도": "2024", "위도": 35.157458, "경도": 126.933708, "데이터기준일자": "2026-06-30" }, "geometry": { "type": "Point", "coordinates": [ 126.933708, 35.157458 ] } },
{ "type": "Feature", "properties": { "관리기관명": "광주광역시 사회재난과", "소재지지번주소": "동구 산수동 545-59", "소재지도로명주소": "동구 무등로433번길 25", "카메라대수": "1", "카메라화소": "200만", "촬영방면": "360도", "보관일수": "30일", "설치연도": "2019", "위도": 35.159561, "경도": 126.929176, "데이터기준일자": "2026-06-30" }, "geometry": { "type": "Point", "coordinates": [ 126.929176, 35.159561 ] } },
{ "type": "Feature", "properties": { "관리기관명": "광주광역시 사회재난과", "소재지지번주소": "동구 산수동 545-59", "소재지도로명주소": "동구 무등로433번길 25", "카메라대수": "2", "카메라화소": "200만", "촬영방면": "360도", "보관일수": "30일", "설치연도": "2024", "위도": 35.159561, "경도": 126.929176, "데이터기준일자": "2026-06-30" }, "geometry": { "type": "Point", "coordinates": [ 126.929176, 35.159561 ] } },
{ "type": "Feature", "properties": { "관리기관명": "광주광역시 사회재난과", "소재지지번주소": "동구 산수동 548-41", "소재지도로명주소": "동구 무등로449번길 5-52", "카메라대수": "1", "카메라화소": "200만", "촬영방면": "360도", "보관일수": "30일", "설치연도": "2014", "위도": 35.157858, "경도": 126.929376, "데이터기준일자": "2026-06-30" }, "geometry": { "type": "Point", "coordinates": [ 126.929376, 35.157858 ] } },
{ "type": "Feature", "properties": { "관리기관명": "광주광역시 사회재난과", "소재지지번주소": "동구 산수동 548-41", "소재지도로명주소": "동구 무등로449번길 5-52", "카메라대수": "1", "카메라화소": "200만", "촬영방면": "360도", "보관일수": "30일", "설치연도": "2022", "위도": 35.157858, "경도": 126.929376, "데이터기준일자": "2026-06-30" }, "geometry": { "type": "Point", "coordinates": [ 126.929376, 35.157858 ] } },
{ "type": "Feature", "properties": { "관리기관명": "광주광역시 사회재난과", "소재지지번주소": "동구 산수동 548-41", "소재지도로명주소": "동구 무등로449번길 5-52", "카메라대수": "1", "카메라화소": "200만", "촬영방면": "360도", "보관일수": "30일", "설치연도": "2024", "위도": 35.157858, "경도": 126.929376, "데이터기준일자": "2026-06-30" }, "geometry": { "type": "Point", "coordinates": [ 126.929376, 35.157858 ] } },
{ "type": "Feature", "properties": { "관리기관명": "광주광역시 사회재난과", "소재지지번주소": "동구 산수동 557-11", "소재지도로명주소": "동구 경양로 370", "카메라대수": "1", "카메라화소": "200만", "촬영방면": "360도", "보관일수": "30일", "설치연도": "2022", "위도": 35.154024, "경도": 126.929354, "데이터기준일자": "2026-06-30" }, "geometry": { "type": "Point", "coordinates": [ 126.929354, 35.154024 ] } },
{ "type": "Feature", "properties": { "관리기관명": "광주광역시 사회재난과", "소재지지번주소": "동구 산수동 557-11", "소재지도로명주소": "동구 경양로 370", "카메라대수": "2", "카메라화소": "200만", "촬영방면": "360도", "보관일수": "30일", "설치연도": "2024", "위도": 35.154024, "경도": 126.929354, "데이터기준일자": "2026-06-30" }, "geometry": { "type": "Point", "coordinates": [ 126.929354, 35.154024 ] } },
{ "type": "Feature", "properties": { "관리기관명": "광주광역시 사회재난과", "소재지지번주소": "동구 산수동 700", "소재지도로명주소": "동구 밤실로136번길 15-1", "카메라대수": "1", "카메라화소": "200만", "촬영방면": "360도", "보관일수": "30일", "설치연도": "2022", "위도": 35.159706, "경도": 126.936966, "데이터기준일자": "2026-06-30" }, "geometry": { "type": "Point", "coordinates": [ 126.936966, 35.159706 ] } },
{ "type": "Feature", "properties": { "관리기관명": "광주광역시 사회재난과", "소재지지번주소": "동구 산수동 700", "소재지도로명주소": "동구 밤실로136번길 15-1", "카메라대수": "1", "카메라화소": "200만", "촬영방면": "360도", "보관일수": "30일", "설치연도": "2024", "위도": 35.159706, "경도": 126.936966, "데이터기준일자": "2026-06-30" }, "geometry": { "type": "Point", "coordinates": [ 126.936966, 35.159706 ] } },
{ "type": "Feature", "properties": { "관리기관명": "광주광역시 사회재난과", "소재지지번주소": "동구 서석동 26-7", "소재지도로명주소": "동구 백서로189번길 5", "카메라대수": "1", "카메라화소": "200만", "촬영방면": "360도", "보관일수": "30일", "설치연도": "2019", "위도": 35.145143, "경도": 126.924336, "데이터기준일자": "2026-06-30" }, "geometry": { "type": "Point", "coordinates": [ 126.924336, 35.145143 ] } },
{ "type": "Feature", "properties": { "관리기관명": "광주광역시 사회재난과", "소재지지번주소": "동구 서석동 26-7", "소재지도로명주소": "동구 백서로189번길 5", "카메라대수": "2", "카메라화소": "200만", "촬영방면": "360도", "보관일수": "30일", "설치연도": "2024", "위도": 35.145143, "경도": 126.924336, "데이터기준일자": "2026-06-30" }, "geometry": { "type": "Point", "coordinates": [ 126.924336, 35.145143 ] } },
{ "type": "Feature", "properties": { "관리기관명": "광주광역시 사회재난과", "소재지지번주소": "동구 서석동 469-3", "소재지도로명주소": "동구 백서로 176", "카메라대수": "1", "카메라화소": "200만", "촬영방면": "360도", "보관일수": "30일", "설치연도": "2019", "위도": 35.143872, "경도": 126.924172, "데이터기준일자": "2026-06-30" }, "geometry": { "type": "Point", "coordinates": [ 126.924172, 35.143872 ] } },
{ "type": "Feature", "properties": { "관리기관명": "광주광역시 사회재난과", "소재지지번주소": "동구 서석동 469-3", "소재지도로명주소": "동구 백서로 176", "카메라대수": "1", "카메라화소": "200만", "촬영방면": "360도", "보관일수": "30일", "설치연도": "2019", "위도": 35.143872, "경도": 126.924172, "데이터기준일자": "2026-06-30" }, "geometry": { "type": "Point", "coordinates": [ 126.924172, 35.143872 ] } },
{ "type": "Feature", "properties": { "관리기관명": "광주광역시 사회재난과", "소재지지번주소": "동구 서석동 469-3", "소재지도로명주소": "동구 백서로 176", "카메라대수": "1", "카메라화소": "200만", "촬영방면": "360도", "보관일수": "30일", "설치연도": "2024", "위도": 35.143872, "경도": 126.924172, "데이터기준일자": "2026-06-30" }, "geometry": { "type": "Point", "coordinates": [ 126.924172, 35.143872 ] } },
{ "type": "Feature", "properties": { "관리기관명": "광주광역시 사회재난과", "소재지지번주소": "동구 서석동 470-31", "소재지도로명주소": null, "카메라대수": "1", "카메라화소": "200만", "촬영방면": "360도", "보관일수": "30일", "설치연도": "2022", "위도": 35.143103, "경도": 126.923664, "데이터기준일자": "2026-06-30" }, "geometry": { "type": "Point", "coordinates": [ 126.923664, 35.143103 ] } },
{ "type": "Feature", "properties": { "관리기관명": "광주광역시 사회재난과", "소재지지번주소": "동구 서석동 470-31", "소재지도로명주소": null, "카메라대수": "1", "카메라화소": "200만", "촬영방면": "360도", "보관일수": "30일", "설치연도": "2024", "위도": 35.143103, "경도": 126.923664, "데이터기준일자": "2026-06-30" }, "geometry": { "type": "Point", "coordinates": [ 126.923664, 35.143103 ] } },
{ "type": "Feature", "properties": { "관리기관명": "광주광역시 사회재난과", "소재지지번주소": "동구 서석동 6-11", "소재지도로명주소": "동구 서남로33번길 14", "카메라대수": "1", "카메라화소": "200만", "촬영방면": "360도", "보관일수": "30일", "설치연도": "2019", "위도": 35.145355, "경도": 126.926124, "데이터기준일자": "2026-06-30" }, "geometry": { "type": "Point", "coordinates": [ 126.926124, 35.145355 ] } },
{ "type": "Feature", "properties": { "관리기관명": "광주광역시 사회재난과", "소재지지번주소": "동구 서석동 6-11", "소재지도로명주소": "동구 서남로33번길 14", "카메라대수": "1", "카메라화소": "200만", "촬영방면": "360도", "보관일수": "30일", "설치연도": "2024", "위도": 35.145355, "경도": 126.926124, "데이터기준일자": "2026-06-30" }, "geometry": { "type": "Point", "coordinates": [ 126.926124, 35.145355 ] } },
{ "type": "Feature", "properties": { "관리기관명": "광주광역시 사회재난과", "소재지지번주소": "동구 수기동 28", "소재지도로명주소": "동구 구성로 149-1", "카메라대수": "1", "카메라화소": "200만", "촬영방면": "360도", "보관일수": "30일", "설치연도": "2019", "위도": 35.150188, "경도": 126.910902, "데이터기준일자": "2026-06-30" }, "geometry": { "type": "Point", "coordinates": [ 126.910902, 35.150188 ] } },
{ "type": "Feature", "properties": { "관리기관명": "광주광역시 사회재난과", "소재지지번주소": "동구 수기동 28", "소재지도로명주소": "동구 구성로 149-1", "카메라대수": "2", "카메라화소": "200만", "촬영방면": "360도", "보관일수": "30일", "설치연도": "2024", "위도": 35.150188, "경도": 126.910902, "데이터기준일자": "2026-06-30" }, "geometry": { "type": "Point", "coordinates": [ 126.910902, 35.150188 ] } },
{ "type": "Feature", "properties": { "관리기관명": "광주광역시 사회재난과", "소재지지번주소": "동구 지산동 258-7", "소재지도로명주소": "동구 밤실로20번길 7", "카메라대수": "1", "카메라화소": "200만", "촬영방면": "360도", "보관일수": "30일", "설치연도": "2013", "위도": 35.149346, "경도": 126.937696, "데이터기준일자": "2026-06-30" }, "geometry": { "type": "Point", "coordinates": [ 126.937696, 35.149346 ] } },
{ "type": "Feature", "properties": { "관리기관명": "광주광역시 사회재난과", "소재지지번주소": "동구 지산동 258-7", "소재지도로명주소": "동구 밤실로20번길 7", "카메라대수": "3", "카메라화소": "200만", "촬영방면": "360도", "보관일수": "30일", "설치연도": "2019", "위도": 35.149346, "경도": 126.937696, "데이터기준일자": "2026-06-30" }, "geometry": { "type": "Point", "coordinates": [ 126.937696, 35.149346 ] } },
{ "type": "Feature", "properties": { "관리기관명": "광주광역시 사회재난과", "소재지지번주소": "동구 지산동 198-13", "소재지도로명주소": "동구 지호로86번길 3", "카메라대수": "1", "카메라화소": "200만", "촬영방면": "360도", "보관일수": "30일", "설치연도": "2018", "위도": 35.147444, "경도": 126.93824, "데이터기준일자": "2026-06-30" }, "geometry": { "type": "Point", "coordinates": [ 126.93824, 35.147444 ] } },
{ "type": "Feature", "properties": { "관리기관명": "광주광역시 사회재난과", "소재지지번주소": "동구 지산동 198-13", "소재지도로명주소": "동구 지호로86번길 3", "카메라대수": "1", "카메라화소": "200만", "촬영방면": "360도", "보관일수": "30일", "설치연도": "2022", "위도": 35.147444, "경도": 126.93824, "데이터기준일자": "2026-06-30" }, "geometry": { "type": "Point", "coordinates": [ 126.93824, 35.147444 ] } },
{ "type": "Feature", "properties": { "관리기관명": "광주광역시 사회재난과", "소재지지번주소": "동구 지산동 198-13", "소재지도로명주소": "동구 지호로86번길 3", "카메라대수": "1", "카메라화소": "200만", "촬영방면": "360도", "보관일수": "30일", "설치연도": "2023", "위도": 35.147444, "경도": 126.93824, "데이터기준일자": "2026-06-30" }, "geometry": { "type": "Point", "coordinates": [ 126.93824, 35.147444 ] } },
{ "type": "Feature", "properties": { "관리기관명": "광주광역시 사회재난과", "소재지지번주소": "동구 지산동 293-1", "소재지도로명주소": "동구 밤실로4번길 31-1", "카메라대수": "1", "카메라화소": "200만", "촬영방면": "360도", "보관일수": "30일", "설치연도": "2024", "위도": 35.148521, "경도": 126.939619, "데이터기준일자": "2026-06-30" }, "geometry": { "type": "Point", "coordinates": [ 126.939619, 35.148521 ] } },
{ "type": "Feature", "properties": { "관리기관명": "광주광역시 사회재난과", "소재지지번주소": "동구 지산동 293-1", "소재지도로명주소": "동구 밤실로4번길 31-1", "카메라대수": "1", "카메라화소": "200만", "촬영방면": "360도", "보관일수": "30일", "설치연도": "2019", "위도": 35.148521, "경도": 126.939619, "데이터기준일자": "2026-06-30" }, "geometry": { "type": "Point", "coordinates": [ 126.939619, 35.148521 ] } },
{ "type": "Feature", "properties": { "관리기관명": "광주광역시 사회재난과", "소재지지번주소": "동구 지산동 429-7", "소재지도로명주소": "동구 지산로56번길 18", "카메라대수": "1", "카메라화소": "200만", "촬영방면": "360도", "보관일수": "30일", "설치연도": "2022", "위도": 35.148611, "경도": 126.934214, "데이터기준일자": "2026-06-30" }, "geometry": { "type": "Point", "coordinates": [ 126.934214, 35.148611 ] } },
{ "type": "Feature", "properties": { "관리기관명": "광주광역시 사회재난과", "소재지지번주소": "동구 지산동 429-7", "소재지도로명주소": "동구 지산로56번길 18", "카메라대수": "1", "카메라화소": "200만", "촬영방면": "360도", "보관일수": "30일", "설치연도": "2024", "위도": 35.148611, "경도": 126.934214, "데이터기준일자": "2026-06-30" }, "geometry": { "type": "Point", "coordinates": [ 126.934214, 35.148611 ] } },
{ "type": "Feature", "properties": { "관리기관명": "광주광역시 사회재난과", "소재지지번주소": "동구 지산동 457-3", "소재지도로명주소": "동구 지산로38번길 19", "카메라대수": "1", "카메라화소": "200만", "촬영방면": "360도", "보관일수": "30일", "설치연도": "2024", "위도": 35.1475, "경도": 126.934015, "데이터기준일자": "2026-06-30" }, "geometry": { "type": "Point", "coordinates": [ 126.934015, 35.1475 ] } },
{ "type": "Feature", "properties": { "관리기관명": "광주광역시 사회재난과", "소재지지번주소": "동구 지산동 457-3", "소재지도로명주소": "동구 지산로38번길 19", "카메라대수": "1", "카메라화소": "200만", "촬영방면": "360도", "보관일수": "30일", "설치연도": "2022", "위도": 35.1475, "경도": 126.934015, "데이터기준일자": "2026-06-30" }, "geometry": { "type": "Point", "coordinates": [ 126.934015, 35.1475 ] } },
{ "type": "Feature", "properties": { "관리기관명": "광주광역시 사회재난과", "소재지지번주소": "동구 지산동 466-21", "소재지도로명주소": "동구 필문대로263번길 15", "카메라대수": "1", "카메라화소": "200만", "촬영방면": "360도", "보관일수": "30일", "설치연도": "2022", "위도": 35.147256, "경도": 126.929784, "데이터기준일자": "2026-06-30" }, "geometry": { "type": "Point", "coordinates": [ 126.929784, 35.147256 ] } },
{ "type": "Feature", "properties": { "관리기관명": "광주광역시 사회재난과", "소재지지번주소": "동구 지산동 466-21", "소재지도로명주소": "동구 필문대로263번길 15", "카메라대수": "1", "카메라화소": "200만", "촬영방면": "360도", "보관일수": "30일", "설치연도": "2020", "위도": 35.147256, "경도": 126.929784, "데이터기준일자": "2026-06-30" }, "geometry": { "type": "Point", "coordinates": [ 126.929784, 35.147256 ] } },
{ "type": "Feature", "properties": { "관리기관명": "광주광역시 사회재난과", "소재지지번주소": "동구 지산동 466-21", "소재지도로명주소": "동구 필문대로263번길 15", "카메라대수": "1", "카메라화소": "200만", "촬영방면": "360도", "보관일수": "30일", "설치연도": "2024", "위도": 35.147256, "경도": 126.929784, "데이터기준일자": "2026-06-30" }, "geometry": { "type": "Point", "coordinates": [ 126.929784, 35.147256 ] } },
{ "type": "Feature", "properties": { "관리기관명": "광주광역시 사회재난과", "소재지지번주소": "동구 지산동 705-1", "소재지도로명주소": "동구 밤실로 47", "카메라대수": "1", "카메라화소": "200만", "촬영방면": "360도", "보관일수": "30일", "설치연도": "2019", "위도": 35.151839, "경도": 126.936383, "데이터기준일자": "2026-06-30" }, "geometry": { "type": "Point", "coordinates": [ 126.936383, 35.151839 ] } },
{ "type": "Feature", "properties": { "관리기관명": "광주광역시 사회재난과", "소재지지번주소": "동구 지산동 705-1", "소재지도로명주소": "동구 밤실로 47", "카메라대수": "2", "카메라화소": "200만", "촬영방면": "360도", "보관일수": "30일", "설치연도": "2020", "위도": 35.151839, "경도": 126.936383, "데이터기준일자": "2026-06-30" }, "geometry": { "type": "Point", "coordinates": [ 126.936383, 35.151839 ] } },
{ "type": "Feature", "properties": { "관리기관명": "광주광역시 사회재난과", "소재지지번주소": "동구 지산동 712-29", "소재지도로명주소": "동구 필문대로205번길 19", "카메라대수": "1", "카메라화소": "200만", "촬영방면": "360도", "보관일수": "30일", "설치연도": "2018", "위도": 35.152062, "경도": 126.93311, "데이터기준일자": "2026-06-30" }, "geometry": { "type": "Point", "coordinates": [ 126.93311, 35.152062 ] } },
{ "type": "Feature", "properties": { "관리기관명": "광주광역시 사회재난과", "소재지지번주소": "동구 지산동 712-29", "소재지도로명주소": "동구 필문대로205번길 19", "카메라대수": "1", "카메라화소": "200만", "촬영방면": "360도", "보관일수": "30일", "설치연도": "2019", "위도": 35.152062, "경도": 126.93311, "데이터기준일자": "2026-06-30" }, "geometry": { "type": "Point", "coordinates": [ 126.93311, 35.152062 ] } },
{ "type": "Feature", "properties": { "관리기관명": "광주광역시 사회재난과", "소재지지번주소": "동구 지산동 712-29", "소재지도로명주소": "동구 필문대로205번길 19", "카메라대수": "1", "카메라화소": "200만", "촬영방면": "360도", "보관일수": "30일", "설치연도": "2023", "위도": 35.152062, "경도": 126.93311, "데이터기준일자": "2026-06-30" }, "geometry": { "type": "Point", "coordinates": [ 126.93311, 35.152062 ] } },
{ "type": "Feature", "properties": { "관리기관명": "광주광역시 사회재난과", "소재지지번주소": "동구 지산동 722-32", "소재지도로명주소": "동구 동명로 77-9", "카메라대수": "3", "카메라화소": "200만", "촬영방면": "360도", "보관일수": "30일", "설치연도": "2020", "위도": 35.151529, "경도": 126.929132, "데이터기준일자": "2026-06-30" }, "geometry": { "type": "Point", "coordinates": [ 126.929132, 35.151529 ] } },
{ "type": "Feature", "properties": { "관리기관명": "광주광역시 사회재난과", "소재지지번주소": "동구 충장로2가 16", "소재지도로명주소": "동구 충장로 94", "카메라대수": "1", "카메라화소": "200만", "촬영방면": "360도", "보관일수": "30일", "설치연도": "2018", "위도": 35.147593, "경도": 126.917181, "데이터기준일자": "2026-06-30" }, "geometry": { "type": "Point", "coordinates": [ 126.917181, 35.147593 ] } },
{ "type": "Feature", "properties": { "관리기관명": "광주광역시 사회재난과", "소재지지번주소": "동구 충장로2가 16", "소재지도로명주소": "동구 충장로 94", "카메라대수": "1", "카메라화소": "200만", "촬영방면": "360도", "보관일수": "30일", "설치연도": "2019", "위도": 35.147593, "경도": 126.917181, "데이터기준일자": "2026-06-30" }, "geometry": { "type": "Point", "coordinates": [ 126.917181, 35.147593 ] } },
{ "type": "Feature", "properties": { "관리기관명": "광주광역시 사회재난과", "소재지지번주소": "동구 충장로2가 16", "소재지도로명주소": "동구 충장로 94", "카메라대수": "1", "카메라화소": "200만", "촬영방면": "360도", "보관일수": "30일", "설치연도": "2022", "위도": 35.147593, "경도": 126.917181, "데이터기준일자": "2026-06-30" }, "geometry": { "type": "Point", "coordinates": [ 126.917181, 35.147593 ] } },
{ "type": "Feature", "properties": { "관리기관명": "광주광역시 사회재난과", "소재지지번주소": "동구 충장로2가 16", "소재지도로명주소": "동구 충장로 94", "카메라대수": "1", "카메라화소": "200만", "촬영방면": "360도", "보관일수": "30일", "설치연도": "2024", "위도": 35.147593, "경도": 126.917181, "데이터기준일자": "2026-06-30" }, "geometry": { "type": "Point", "coordinates": [ 126.917181, 35.147593 ] } },
{ "type": "Feature", "properties": { "관리기관명": "광주광역시 사회재난과", "소재지지번주소": "동구 충장로5가 11-3", "소재지도로명주소": "동구 충장로 13-1", "카메라대수": "1", "카메라화소": "200만", "촬영방면": "360도", "보관일수": "30일", "설치연도": "2018", "위도": 35.15227, "경도": 126.910483, "데이터기준일자": "2026-06-30" }, "geometry": { "type": "Point", "coordinates": [ 126.910483, 35.15227 ] } },
{ "type": "Feature", "properties": { "관리기관명": "광주광역시 사회재난과", "소재지지번주소": "동구 충장로5가 11-3", "소재지도로명주소": "동구 충장로 13-1", "카메라대수": "3", "카메라화소": "200만", "촬영방면": "360도", "보관일수": "30일", "설치연도": "2024", "위도": 35.15227, "경도": 126.910483, "데이터기준일자": "2026-06-30" }, "geometry": { "type": "Point", "coordinates": [ 126.910483, 35.15227 ] } },
{ "type": "Feature", "properties": { "관리기관명": "광주광역시 사회재난과", "소재지지번주소": "동구 충장로5가 46-4", "소재지도로명주소": "동구 충장로 43", "카메라대수": "1", "카메라화소": "200만", "촬영방면": "360도", "보관일수": "30일", "설치연도": "2020", "위도": 35.150473, "경도": 126.912982, "데이터기준일자": "2026-06-30" }, "geometry": { "type": "Point", "coordinates": [ 126.912982, 35.150473 ] } },
{ "type": "Feature", "properties": { "관리기관명": "광주광역시 사회재난과", "소재지지번주소": "동구 충장로5가 46-4", "소재지도로명주소": "동구 충장로 43", "카메라대수": "1", "카메라화소": "200만", "촬영방면": "360도", "보관일수": "30일", "설치연도": "2021", "위도": 35.150473, "경도": 126.912982, "데이터기준일자": "2026-06-30" }, "geometry": { "type": "Point", "coordinates": [ 126.912982, 35.150473 ] } },
{ "type": "Feature", "properties": { "관리기관명": "광주광역시 사회재난과", "소재지지번주소": "동구 충장로5가 53-3", "소재지도로명주소": "동구 충장로 38-1", "카메라대수": "2", "카메라화소": "200만", "촬영방면": "360도", "보관일수": "30일", "설치연도": "2022", "위도": 35.150789, "경도": 126.912388, "데이터기준일자": "2026-06-30" }, "geometry": { "type": "Point", "coordinates": [ 126.912388, 35.150789 ] } },
{ "type": "Feature", "properties": { "관리기관명": "광주광역시 사회재난과", "소재지지번주소": "동구 충장로5가 53-3", "소재지도로명주소": "동구 충장로 38-1", "카메라대수": "1", "카메라화소": "200만", "촬영방면": "360도", "보관일수": "30일", "설치연도": "2024", "위도": 35.150789, "경도": 126.912388, "데이터기준일자": "2026-06-30" }, "geometry": { "type": "Point", "coordinates": [ 126.912388, 35.150789 ] } },
{ "type": "Feature", "properties": { "관리기관명": "광주광역시 사회재난과", "소재지지번주소": "동구 충장로5가 58-3", "소재지도로명주소": "동구 구성로 166", "카메라대수": "1", "카메라화소": "200만", "촬영방면": "360도", "보관일수": "30일", "설치연도": "2022", "위도": 35.151135, "경도": 126.911969, "데이터기준일자": "2026-06-30" }, "geometry": { "type": "Point", "coordinates": [ 126.911969, 35.151135 ] } },
{ "type": "Feature", "properties": { "관리기관명": "광주광역시 사회재난과", "소재지지번주소": "동구 충장로5가 58-3", "소재지도로명주소": "동구 구성로 166", "카메라대수": "1", "카메라화소": "200만", "촬영방면": "360도", "보관일수": "30일", "설치연도": "2024", "위도": 35.151135, "경도": 126.911969, "데이터기준일자": "2026-06-30" }, "geometry": { "type": "Point", "coordinates": [ 126.911969, 35.151135 ] } },
{ "type": "Feature", "properties": { "관리기관명": "광주광역시 사회재난과", "소재지지번주소": "동구 수기동 42-8", "소재지도로명주소": "동구 독립로226번길 13-2", "카메라대수": "2", "카메라화소": "200만", "촬영방면": "360도", "보관일수": "30일", "설치연도": "2019", "위도": 35.151349, "경도": 126.909579, "데이터기준일자": "2026-06-30" }, "geometry": { "type": "Point", "coordinates": [ 126.909579, 35.151349 ] } },
{ "type": "Feature", "properties": { "관리기관명": "광주광역시 사회재난과", "소재지지번주소": "동구 수기동 42-8", "소재지도로명주소": "동구 독립로226번길 13-2", "카메라대수": "2", "카메라화소": "200만", "촬영방면": "360도", "보관일수": "30일", "설치연도": "2023", "위도": 35.151349, "경도": 126.909579, "데이터기준일자": "2026-06-30" }, "geometry": { "type": "Point", "coordinates": [ 126.909579, 35.151349 ] } },
{ "type": "Feature", "properties": { "관리기관명": "광주광역시 사회재난과", "소재지지번주소": "동구 충장로5가 39", "소재지도로명주소": "동구 충장로 39-12", "카메라대수": "1", "카메라화소": "200만", "촬영방면": "360도", "보관일수": "30일", "설치연도": "2022", "위도": 35.15109, "경도": 126.91355, "데이터기준일자": "2026-06-30" }, "geometry": { "type": "Point", "coordinates": [ 126.91355, 35.15109 ] } },
{ "type": "Feature", "properties": { "관리기관명": "광주광역시 사회재난과", "소재지지번주소": "동구 충장로5가 39", "소재지도로명주소": "동구 충장로 39-12", "카메라대수": "1", "카메라화소": "200만", "촬영방면": "360도", "보관일수": "30일", "설치연도": "2024", "위도": 35.15109, "경도": 126.91355, "데이터기준일자": "2026-06-30" }, "geometry": { "type": "Point", "coordinates": [ 126.91355, 35.15109 ] } },
{ "type": "Feature", "properties": { "관리기관명": "광주광역시 사회재난과", "소재지지번주소": "동구 충장로4가 51", "소재지도로명주소": "동구 충장로46번길 1", "카메라대수": "1", "카메라화소": "200만", "촬영방면": "360도", "보관일수": "30일", "설치연도": "2022", "위도": 35.150315, "경도": 126.913072, "데이터기준일자": "2026-06-30" }, "geometry": { "type": "Point", "coordinates": [ 126.913072, 35.150315 ] } },
{ "type": "Feature", "properties": { "관리기관명": "광주광역시 사회재난과", "소재지지번주소": "동구 충장로4가 51", "소재지도로명주소": "동구 충장로46번길 1", "카메라대수": "1", "카메라화소": "200만", "촬영방면": "360도", "보관일수": "30일", "설치연도": "2024", "위도": 35.150315, "경도": 126.913072, "데이터기준일자": "2026-06-30" }, "geometry": { "type": "Point", "coordinates": [ 126.913072, 35.150315 ] } },
{ "type": "Feature", "properties": { "관리기관명": "광주광역시 사회재난과", "소재지지번주소": "동구 계림동 574-9", "소재지도로명주소": "동구 중흥로235번길 5", "카메라대수": "1", "카메라화소": "200만", "촬영방면": "360도", "보관일수": "30일", "설치연도": "2022", "위도": 35.159611, "경도": 126.919274, "데이터기준일자": "2026-06-30" }, "geometry": { "type": "Point", "coordinates": [ 126.919274, 35.159611 ] } },
{ "type": "Feature", "properties": { "관리기관명": "광주광역시 사회재난과", "소재지지번주소": "동구 계림동 574-9", "소재지도로명주소": "동구 중흥로235번길 5", "카메라대수": "2", "카메라화소": "200만", "촬영방면": "360도", "보관일수": "30일", "설치연도": "2024", "위도": 35.159611, "경도": 126.919274, "데이터기준일자": "2026-06-30" }, "geometry": { "type": "Point", "coordinates": [ 126.919274, 35.159611 ] } },
{ "type": "Feature", "properties": { "관리기관명": "광주광역시 사회재난과", "소재지지번주소": "동구 호남동 40-3", "소재지도로명주소": "동구 중앙로 150-16", "카메라대수": "1", "카메라화소": "200만", "촬영방면": "360도", "보관일수": "30일", "설치연도": "2024", "위도": 35.147019, "경도": 126.913199, "데이터기준일자": "2026-06-30" }, "geometry": { "type": "Point", "coordinates": [ 126.913199, 35.147019 ] } },
{ "type": "Feature", "properties": { "관리기관명": "광주광역시 사회재난과", "소재지지번주소": "동구 호남동 40-3", "소재지도로명주소": "동구 중앙로 150-16", "카메라대수": "1", "카메라화소": "200만", "촬영방면": "360도", "보관일수": "30일", "설치연도": "2018", "위도": 35.147019, "경도": 126.913199, "데이터기준일자": "2026-06-30" }, "geometry": { "type": "Point", "coordinates": [ 126.913199, 35.147019 ] } },
{ "type": "Feature", "properties": { "관리기관명": "광주광역시 사회재난과", "소재지지번주소": "동구 호남동 40-3", "소재지도로명주소": "동구 중앙로 150-16", "카메라대수": "1", "카메라화소": "200만", "촬영방면": "360도", "보관일수": "30일", "설치연도": "2022", "위도": 35.147019, "경도": 126.913199, "데이터기준일자": "2026-06-30" }, "geometry": { "type": "Point", "coordinates": [ 126.913199, 35.147019 ] } },
{ "type": "Feature", "properties": { "관리기관명": "광주광역시 사회재난과", "소재지지번주소": "동구 황금동 19-1", "소재지도로명주소": "동구 중앙로160번길 15-3", "카메라대수": "1", "카메라화소": "200만", "촬영방면": "360도", "보관일수": "30일", "설치연도": "2018", "위도": 35.147321, "경도": 126.91485, "데이터기준일자": "2026-06-30" }, "geometry": { "type": "Point", "coordinates": [ 126.91485, 35.147321 ] } },
{ "type": "Feature", "properties": { "관리기관명": "광주광역시 사회재난과", "소재지지번주소": "동구 황금동 19-1", "소재지도로명주소": "동구 중앙로160번길 15-3", "카메라대수": "1", "카메라화소": "200만", "촬영방면": "360도", "보관일수": "30일", "설치연도": "2019", "위도": 35.147321, "경도": 126.91485, "데이터기준일자": "2026-06-30" }, "geometry": { "type": "Point", "coordinates": [ 126.91485, 35.147321 ] } },
{ "type": "Feature", "properties": { "관리기관명": "광주광역시 사회재난과", "소재지지번주소": "동구 황금동 19-1", "소재지도로명주소": "동구 중앙로160번길 15-3", "카메라대수": "1", "카메라화소": "200만", "촬영방면": "360도", "보관일수": "30일", "설치연도": "2022", "위도": 35.147321, "경도": 126.91485, "데이터기준일자": "2026-06-30" }, "geometry": { "type": "Point", "coordinates": [ 126.91485, 35.147321 ] } },
{ "type": "Feature", "properties": { "관리기관명": "광주광역시 사회재난과", "소재지지번주소": "동구 황금동 19-1", "소재지도로명주소": "동구 중앙로160번길 15-3", "카메라대수": "1", "카메라화소": "200만", "촬영방면": "360도", "보관일수": "30일", "설치연도": "2023", "위도": 35.147321, "경도": 126.91485, "데이터기준일자": "2026-06-30" }, "geometry": { "type": "Point", "coordinates": [ 126.91485, 35.147321 ] } },
{ "type": "Feature", "properties": { "관리기관명": "광주광역시 사회재난과", "소재지지번주소": "동구 황금동 56-1", "소재지도로명주소": "동구 중앙로160번길 31-37", "카메라대수": "1", "카메라화소": "200만", "촬영방면": "360도", "보관일수": "30일", "설치연도": "2022", "위도": 35.147415, "경도": 126.916734, "데이터기준일자": "2026-06-30" }, "geometry": { "type": "Point", "coordinates": [ 126.916734, 35.147415 ] } },
{ "type": "Feature", "properties": { "관리기관명": "광주광역시 사회재난과", "소재지지번주소": "동구 황금동 56-1", "소재지도로명주소": "동구 중앙로160번길 31-37", "카메라대수": "1", "카메라화소": "200만", "촬영방면": "360도", "보관일수": "30일", "설치연도": "2024", "위도": 35.147415, "경도": 126.916734, "데이터기준일자": "2026-06-30" }, "geometry": { "type": "Point", "coordinates": [ 126.916734, 35.147415 ] } },
{ "type": "Feature", "properties": { "관리기관명": "광주광역시 사회재난과", "소재지지번주소": "북구 두암동 975-5", "소재지도로명주소": "북구 무진성길32번길 34", "카메라대수": "1", "카메라화소": "200만", "촬영방면": "360도", "보관일수": "30일", "설치연도": "2022", "위도": 35.161654, "경도": 126.939246, "데이터기준일자": "2026-06-30" }, "geometry": { "type": "Point", "coordinates": [ 126.939246, 35.161654 ] } },
{ "type": "Feature", "properties": { "관리기관명": "광주광역시 사회재난과", "소재지지번주소": "북구 두암동 975-5", "소재지도로명주소": "북구 무진성길32번길 34", "카메라대수": "1", "카메라화소": "200만", "촬영방면": "360도", "보관일수": "30일", "설치연도": "2024", "위도": 35.161654, "경도": 126.939246, "데이터기준일자": "2026-06-30" }, "geometry": { "type": "Point", "coordinates": [ 126.939246, 35.161654 ] } },
{ "type": "Feature", "properties": { "관리기관명": "광주광역시 사회재난과", "소재지지번주소": "북구 북동 25-18", "소재지도로명주소": null, "카메라대수": "1", "카메라화소": "200만", "촬영방면": "360도", "보관일수": "30일", "설치연도": "2024", "위도": 35.155541, "경도": 126.912162, "데이터기준일자": "2026-06-30" }, "geometry": { "type": "Point", "coordinates": [ 126.912162, 35.155541 ] } },
{ "type": "Feature", "properties": { "관리기관명": "광주광역시 사회재난과", "소재지지번주소": "북구 북동 25-18", "소재지도로명주소": null, "카메라대수": "1", "카메라화소": "200만", "촬영방면": "360도", "보관일수": "30일", "설치연도": "2022", "위도": 35.155541, "경도": 126.912162, "데이터기준일자": "2026-06-30" }, "geometry": { "type": "Point", "coordinates": [ 126.912162, 35.155541 ] } },
{ "type": "Feature", "properties": { "관리기관명": "광주광역시 사회재난과", "소재지지번주소": "북구 북동 25-18", "소재지도로명주소": null, "카메라대수": "1", "카메라화소": "200만", "촬영방면": "360도", "보관일수": "30일", "설치연도": "2022", "위도": 35.155541, "경도": 126.912162, "데이터기준일자": "2026-06-30" }, "geometry": { "type": "Point", "coordinates": [ 126.912162, 35.155541 ] } },
{ "type": "Feature", "properties": { "관리기관명": "광주광역시 사회재난과", "소재지지번주소": "북구 북동 90-6", "소재지도로명주소": "북구 금재로73번길 38", "카메라대수": "2", "카메라화소": "200만", "촬영방면": "360도", "보관일수": "30일", "설치연도": "2022", "위도": 35.157387, "경도": 126.909859, "데이터기준일자": "2026-06-30" }, "geometry": { "type": "Point", "coordinates": [ 126.909859, 35.157387 ] } },
{ "type": "Feature", "properties": { "관리기관명": "광주광역시 사회재난과", "소재지지번주소": "북구 북동 90-6", "소재지도로명주소": "북구 금재로73번길 38", "카메라대수": "1", "카메라화소": "200만", "촬영방면": "360도", "보관일수": "30일", "설치연도": "2024", "위도": 35.157387, "경도": 126.909859, "데이터기준일자": "2026-06-30" }, "geometry": { "type": "Point", "coordinates": [ 126.909859, 35.157387 ] } },
{ "type": "Feature", "properties": { "관리기관명": "광주광역시 사회재난과", "소재지지번주소": "북구 북동 92-41", "소재지도로명주소": "북구 금재로36번길 19", "카메라대수": "3", "카메라화소": "200만", "촬영방면": "360도", "보관일수": "30일", "설치연도": "2021", "위도": 35.156366, "경도": 126.908531, "데이터기준일자": "2026-06-30" }, "geometry": { "type": "Point", "coordinates": [ 126.908531, 35.156366 ] } },
{ "type": "Feature", "properties": { "관리기관명": "광주광역시 사회재난과", "소재지지번주소": "북구 북동 92-41", "소재지도로명주소": "북구 금재로36번길 19", "카메라대수": "1", "카메라화소": "200만", "촬영방면": "360도", "보관일수": "30일", "설치연도": "2023", "위도": 35.156366, "경도": 126.908531, "데이터기준일자": "2026-06-30" }, "geometry": { "type": "Point", "coordinates": [ 126.908531, 35.156366 ] } },
{ "type": "Feature", "properties": { "관리기관명": "광주광역시 사회재난과", "소재지지번주소": "동구 선교동 7-2", "소재지도로명주소": null, "카메라대수": "1", "카메라화소": "200만", "촬영방면": "360도", "보관일수": "30일", "설치연도": "2018", "위도": 35.1477, "경도": 126.914256, "데이터기준일자": "2026-06-30" }, "geometry": { "type": "Point", "coordinates": [ 126.914256, 35.1477 ] } },
{ "type": "Feature", "properties": { "관리기관명": "광주광역시 사회재난과", "소재지지번주소": "동구 선교동 7-2", "소재지도로명주소": null, "카메라대수": "1", "카메라화소": "200만", "촬영방면": "360도", "보관일수": "30일", "설치연도": "2022", "위도": 35.1477, "경도": 126.914256, "데이터기준일자": "2026-06-30" }, "geometry": { "type": "Point", "coordinates": [ 126.914256, 35.1477 ] } },
{ "type": "Feature", "properties": { "관리기관명": "광주광역시 사회재난과", "소재지지번주소": "동구 선교동 7-2", "소재지도로명주소": null, "카메라대수": "1", "카메라화소": "200만", "촬영방면": "360도", "보관일수": "30일", "설치연도": "2023", "위도": 35.1477, "경도": 126.914256, "데이터기준일자": "2026-06-30" }, "geometry": { "type": "Point", "coordinates": [ 126.914256, 35.1477 ] } },
{ "type": "Feature", "properties": { "관리기관명": "광주광역시 사회재난과", "소재지지번주소": "북구 중흥동 677-8", "소재지도로명주소": "북구 중가로113번길 36-10", "카메라대수": "1", "카메라화소": "200만", "촬영방면": "360도", "보관일수": "30일", "설치연도": "2023", "위도": 35.159253, "경도": 126.912169, "데이터기준일자": "2026-06-30" }, "geometry": { "type": "Point", "coordinates": [ 126.912169, 35.159253 ] } },
{ "type": "Feature", "properties": { "관리기관명": "광주광역시 사회재난과", "소재지지번주소": "북구 중흥동 677-8", "소재지도로명주소": "북구 중가로113번길 36-10", "카메라대수": "1", "카메라화소": "200만", "촬영방면": "360도", "보관일수": "30일", "설치연도": "2024", "위도": 35.159253, "경도": 126.912169, "데이터기준일자": "2026-06-30" }, "geometry": { "type": "Point", "coordinates": [ 126.912169, 35.159253 ] } },
{ "type": "Feature", "properties": { "관리기관명": "광주광역시 사회재난과", "소재지지번주소": "북구 중흥동 683-1", "소재지도로명주소": "북구 중흥로 152", "카메라대수": "1", "카메라화소": "200만", "촬영방면": "360도", "보관일수": "30일", "설치연도": "2013", "위도": 35.161908, "경도": 126.910582, "데이터기준일자": "2026-06-30" }, "geometry": { "type": "Point", "coordinates": [ 126.910582, 35.161908 ] } },
{ "type": "Feature", "properties": { "관리기관명": "광주광역시 사회재난과", "소재지지번주소": "북구 중흥동 683-1", "소재지도로명주소": "북구 중흥로 152", "카메라대수": "2", "카메라화소": "200만", "촬영방면": "360도", "보관일수": "30일", "설치연도": "2019", "위도": 35.161908, "경도": 126.910582, "데이터기준일자": "2026-06-30" }, "geometry": { "type": "Point", "coordinates": [ 126.910582, 35.161908 ] } },
{ "type": "Feature", "properties": { "관리기관명": "광주광역시 사회재난과", "소재지지번주소": "북구 중흥동 712-36", "소재지도로명주소": "북구 경양로 166", "카메라대수": "1", "카메라화소": "200만", "촬영방면": "360도", "보관일수": "30일", "설치연도": "2022", "위도": 35.160295, "경도": 126.909836, "데이터기준일자": "2026-06-30" }, "geometry": { "type": "Point", "coordinates": [ 126.909836, 35.160295 ] } },
{ "type": "Feature", "properties": { "관리기관명": "광주광역시 사회재난과", "소재지지번주소": "북구 중흥동 712-36", "소재지도로명주소": "북구 경양로 166", "카메라대수": "1", "카메라화소": "200만", "촬영방면": "360도", "보관일수": "30일", "설치연도": "2023", "위도": 35.160295, "경도": 126.909836, "데이터기준일자": "2026-06-30" }, "geometry": { "type": "Point", "coordinates": [ 126.909836, 35.160295 ] } },
{ "type": "Feature", "properties": { "관리기관명": "광주광역시 사회재난과", "소재지지번주소": "북구 중흥동 720-6", "소재지도로명주소": "북구 중가로75번길 9", "카메라대수": "1", "카메라화소": "200만", "촬영방면": "360도", "보관일수": "30일", "설치연도": "2023", "위도": 35.159221, "경도": 126.90841, "데이터기준일자": "2026-06-30" }, "geometry": { "type": "Point", "coordinates": [ 126.90841, 35.159221 ] } },
{ "type": "Feature", "properties": { "관리기관명": "광주광역시 사회재난과", "소재지지번주소": "북구 중흥동 720-6", "소재지도로명주소": "북구 중가로75번길 9", "카메라대수": "3", "카메라화소": "200만", "촬영방면": "360도", "보관일수": "30일", "설치연도": "2024", "위도": 35.159221, "경도": 126.90841, "데이터기준일자": "2026-06-30" }, "geometry": { "type": "Point", "coordinates": [ 126.90841, 35.159221 ] } },
{ "type": "Feature", "properties": { "관리기관명": "광주광역시 사회재난과", "소재지지번주소": "북구 풍향동 40-2", "소재지도로명주소": "북구 군왕로18번길 24", "카메라대수": "1", "카메라화소": "200만", "촬영방면": "360도", "보관일수": "30일", "설치연도": "2017", "위도": 35.161834, "경도": 126.931579, "데이터기준일자": "2026-06-30" }, "geometry": { "type": "Point", "coordinates": [ 126.931579, 35.161834 ] } },
{ "type": "Feature", "properties": { "관리기관명": "광주광역시 사회재난과", "소재지지번주소": "북구 풍향동 40-2", "소재지도로명주소": "북구 군왕로18번길 24", "카메라대수": "1", "카메라화소": "200만", "촬영방면": "360도", "보관일수": "30일", "설치연도": "2022", "위도": 35.161834, "경도": 126.931579, "데이터기준일자": "2026-06-30" }, "geometry": { "type": "Point", "coordinates": [ 126.931579, 35.161834 ] } },
{ "type": "Feature", "properties": { "관리기관명": "광주광역시 사회재난과", "소재지지번주소": "북구 풍향동 40-2", "소재지도로명주소": "북구 군왕로18번길 24", "카메라대수": "1", "카메라화소": "200만", "촬영방면": "360도", "보관일수": "30일", "설치연도": "2024", "위도": 35.161834, "경도": 126.931579, "데이터기준일자": "2026-06-30" }, "geometry": { "type": "Point", "coordinates": [ 126.931579, 35.161834 ] } },
{ "type": "Feature", "properties": { "관리기관명": "광주광역시 사회재난과", "소재지지번주소": "동구 계림동 1513", "소재지도로명주소": "동구 참판로 25-1", "카메라대수": "1", "카메라화소": "200만", "촬영방면": "360도", "보관일수": "30일", "설치연도": "2019", "위도": 35.161653, "경도": 126.928375, "데이터기준일자": "2026-06-30" }, "geometry": { "type": "Point", "coordinates": [ 126.928375, 35.161653 ] } },
{ "type": "Feature", "properties": { "관리기관명": "광주광역시 사회재난과", "소재지지번주소": "동구 계림동 1513", "소재지도로명주소": "동구 참판로 25-1", "카메라대수": "2", "카메라화소": "200만", "촬영방면": "360도", "보관일수": "30일", "설치연도": "2020", "위도": 35.161653, "경도": 126.928375, "데이터기준일자": "2026-06-30" }, "geometry": { "type": "Point", "coordinates": [ 126.928375, 35.161653 ] } },
{ "type": "Feature", "properties": { "관리기관명": "광주광역시 사회재난과", "소재지지번주소": "동구 계림동 1513", "소재지도로명주소": "동구 참판로 25-1", "카메라대수": "1", "카메라화소": "200만", "촬영방면": "360도", "보관일수": "30일", "설치연도": "2024", "위도": 35.161653, "경도": 126.928375, "데이터기준일자": "2026-06-30" }, "geometry": { "type": "Point", "coordinates": [ 126.928375, 35.161653 ] } },
{ "type": "Feature", "properties": { "관리기관명": "광주광역시 사회재난과", "소재지지번주소": "동구 지산동 716-49", "소재지도로명주소": "동구 동명로98번길 9", "카메라대수": "1", "카메라화소": "200만", "촬영방면": "360도", "보관일수": "30일", "설치연도": "2022", "위도": 35.150134, "경도": 126.930966, "데이터기준일자": "2026-06-30" }, "geometry": { "type": "Point", "coordinates": [ 126.930966, 35.150134 ] } },
{ "type": "Feature", "properties": { "관리기관명": "광주광역시 사회재난과", "소재지지번주소": "동구 지산동 716-49", "소재지도로명주소": "동구 동명로98번길 9", "카메라대수": "2", "카메라화소": "200만", "촬영방면": "360도", "보관일수": "30일", "설치연도": "2024", "위도": 35.150134, "경도": 126.930966, "데이터기준일자": "2026-06-30" }, "geometry": { "type": "Point", "coordinates": [ 126.930966, 35.150134 ] } },
{ "type": "Feature", "properties": { "관리기관명": "광주광역시 사회재난과", "소재지지번주소": "동구 지산동 250-16", "소재지도로명주소": "동구 밤실로 20", "카메라대수": "2", "카메라화소": "200만", "촬영방면": "360도", "보관일수": "30일", "설치연도": "2022", "위도": 35.149298, "경도": 126.937013, "데이터기준일자": "2026-06-30" }, "geometry": { "type": "Point", "coordinates": [ 126.937013, 35.149298 ] } },
{ "type": "Feature", "properties": { "관리기관명": "광주광역시 사회재난과", "소재지지번주소": "동구 지산동 250-16", "소재지도로명주소": "동구 밤실로 20", "카메라대수": "1", "카메라화소": "200만", "촬영방면": "360도", "보관일수": "30일", "설치연도": "2022", "위도": 35.149298, "경도": 126.937013, "데이터기준일자": "2026-06-30" }, "geometry": { "type": "Point", "coordinates": [ 126.937013, 35.149298 ] } },
{ "type": "Feature", "properties": { "관리기관명": "광주광역시 사회재난과", "소재지지번주소": "동구 불로동 200", "소재지도로명주소": null, "카메라대수": "1", "카메라화소": "200만", "촬영방면": "360도", "보관일수": "30일", "설치연도": "2018", "위도": 35.146285, "경도": 126.912577, "데이터기준일자": "2026-06-30" }, "geometry": { "type": "Point", "coordinates": [ 126.912577, 35.146285 ] } },
{ "type": "Feature", "properties": { "관리기관명": "광주광역시 사회재난과", "소재지지번주소": "동구 불로동 200", "소재지도로명주소": null, "카메라대수": "1", "카메라화소": "200만", "촬영방면": "360도", "보관일수": "30일", "설치연도": "2025", "위도": 35.146285, "경도": 126.912577, "데이터기준일자": "2026-06-30" }, "geometry": { "type": "Point", "coordinates": [ 126.912577, 35.146285 ] } },
{ "type": "Feature", "properties": { "관리기관명": "광주광역시 사회재난과", "소재지지번주소": "동구 산수동 556-4", "소재지도로명주소": "동구 필문대로206번길 6-38", "카메라대수": "1", "카메라화소": "200만", "촬영방면": "360도", "보관일수": "30일", "설치연도": "2016", "위도": 35.15388, "경도": 126.930802, "데이터기준일자": "2026-06-30" }, "geometry": { "type": "Point", "coordinates": [ 126.930802, 35.15388 ] } },
{ "type": "Feature", "properties": { "관리기관명": "광주광역시 사회재난과", "소재지지번주소": "동구 산수동 556-4", "소재지도로명주소": "동구 필문대로206번길 6-38", "카메라대수": "2", "카메라화소": "200만", "촬영방면": "360도", "보관일수": "30일", "설치연도": "2018", "위도": 35.15388, "경도": 126.930802, "데이터기준일자": "2026-06-30" }, "geometry": { "type": "Point", "coordinates": [ 126.930802, 35.15388 ] } },
{ "type": "Feature", "properties": { "관리기관명": "광주광역시 사회재난과", "소재지지번주소": "동구 산수동 527-7", "소재지도로명주소": "동구 필문대로171번길 15", "카메라대수": "1", "카메라화소": "200만", "촬영방면": "360도", "보관일수": "30일", "설치연도": "2016", "위도": 35.15607, "경도": 126.934247, "데이터기준일자": "2026-06-30" }, "geometry": { "type": "Point", "coordinates": [ 126.934247, 35.15607 ] } },
{ "type": "Feature", "properties": { "관리기관명": "광주광역시 사회재난과", "소재지지번주소": "동구 산수동 527-7", "소재지도로명주소": "동구 필문대로171번길 15", "카메라대수": "2", "카메라화소": "200만", "촬영방면": "360도", "보관일수": "30일", "설치연도": "2018", "위도": 35.15607, "경도": 126.934247, "데이터기준일자": "2026-06-30" }, "geometry": { "type": "Point", "coordinates": [ 126.934247, 35.15607 ] } },
{ "type": "Feature", "properties": { "관리기관명": "광주광역시 사회재난과", "소재지지번주소": "동구 산수동 527-7", "소재지도로명주소": "동구 필문대로171번길 15", "카메라대수": "1", "카메라화소": "200만", "촬영방면": "360도", "보관일수": "30일", "설치연도": "2020", "위도": 35.15607, "경도": 126.934247, "데이터기준일자": "2026-06-30" }, "geometry": { "type": "Point", "coordinates": [ 126.934247, 35.15607 ] } },
{ "type": "Feature", "properties": { "관리기관명": "광주광역시 사회재난과", "소재지지번주소": "동구 동명동 209-7", "소재지도로명주소": "동구 동계천로95번길 22-8", "카메라대수": "1", "카메라화소": "200만", "촬영방면": "360도", "보관일수": "30일", "설치연도": "2016", "위도": 35.153359, "경도": 126.922126, "데이터기준일자": "2026-06-30" }, "geometry": { "type": "Point", "coordinates": [ 126.922126, 35.153359 ] } },
{ "type": "Feature", "properties": { "관리기관명": "광주광역시 사회재난과", "소재지지번주소": "동구 동명동 209-7", "소재지도로명주소": "동구 동계천로95번길 22-8", "카메라대수": "1", "카메라화소": "200만", "촬영방면": "360도", "보관일수": "30일", "설치연도": "2018", "위도": 35.153359, "경도": 126.922126, "데이터기준일자": "2026-06-30" }, "geometry": { "type": "Point", "coordinates": [ 126.922126, 35.153359 ] } },
{ "type": "Feature", "properties": { "관리기관명": "광주광역시 사회재난과", "소재지지번주소": "동구 산수동 359-9", "소재지도로명주소": "동구 동명로67번길 22-44", "카메라대수": "1", "카메라화소": "200만", "촬영방면": "360도", "보관일수": "30일", "설치연도": "2017", "위도": 35.153705, "경도": 126.926976, "데이터기준일자": "2026-06-30" }, "geometry": { "type": "Point", "coordinates": [ 126.926976, 35.153705 ] } },
{ "type": "Feature", "properties": { "관리기관명": "광주광역시 사회재난과", "소재지지번주소": "동구 산수동 359-9", "소재지도로명주소": "동구 동명로67번길 22-44", "카메라대수": "2", "카메라화소": "200만", "촬영방면": "360도", "보관일수": "30일", "설치연도": "2020", "위도": 35.153705, "경도": 126.926976, "데이터기준일자": "2026-06-30" }, "geometry": { "type": "Point", "coordinates": [ 126.926976, 35.153705 ] } },
{ "type": "Feature", "properties": { "관리기관명": "광주광역시 사회재난과", "소재지지번주소": "동구 산수동 359-9", "소재지도로명주소": "동구 동명로67번길 22-44", "카메라대수": "1", "카메라화소": "200만", "촬영방면": "360도", "보관일수": "30일", "설치연도": "2024", "위도": 35.153705, "경도": 126.926976, "데이터기준일자": "2026-06-30" }, "geometry": { "type": "Point", "coordinates": [ 126.926976, 35.153705 ] } },
{ "type": "Feature", "properties": { "관리기관명": "광주광역시 사회재난과", "소재지지번주소": "동구 산수동 358-21", "소재지도로명주소": null, "카메라대수": "1", "카메라화소": "200만", "촬영방면": "360도", "보관일수": "30일", "설치연도": "2017", "위도": 35.153211, "경도": 126.927101, "데이터기준일자": "2026-06-30" }, "geometry": { "type": "Point", "coordinates": [ 126.927101, 35.153211 ] } },
{ "type": "Feature", "properties": { "관리기관명": "광주광역시 사회재난과", "소재지지번주소": "동구 산수동 358-21", "소재지도로명주소": null, "카메라대수": "2", "카메라화소": "200만", "촬영방면": "360도", "보관일수": "30일", "설치연도": "2020", "위도": 35.153211, "경도": 126.927101, "데이터기준일자": "2026-06-30" }, "geometry": { "type": "Point", "coordinates": [ 126.927101, 35.153211 ] } },
{ "type": "Feature", "properties": { "관리기관명": "광주광역시 사회재난과", "소재지지번주소": "동구 산수동 534-21", "소재지도로명주소": "동구 필문대로145번길 1-22", "카메라대수": "1", "카메라화소": "200만", "촬영방면": "360도", "보관일수": "30일", "설치연도": "2024", "위도": 35.158404, "경도": 126.931979, "데이터기준일자": "2026-06-30" }, "geometry": { "type": "Point", "coordinates": [ 126.931979, 35.158404 ] } },
{ "type": "Feature", "properties": { "관리기관명": "광주광역시 사회재난과", "소재지지번주소": "동구 산수동 534-21", "소재지도로명주소": "동구 필문대로145번길 1-22", "카메라대수": "2", "카메라화소": "200만", "촬영방면": "360도", "보관일수": "30일", "설치연도": "2025", "위도": 35.158404, "경도": 126.931979, "데이터기준일자": "2026-06-30" }, "geometry": { "type": "Point", "coordinates": [ 126.931979, 35.158404 ] } },
{ "type": "Feature", "properties": { "관리기관명": "광주광역시 사회재난과", "소재지지번주소": "동구 산수동 570-1", "소재지도로명주소": "동구 밤실로136번길 4-1", "카메라대수": "1", "카메라화소": "200만", "촬영방면": "360도", "보관일수": "30일", "설치연도": "2024", "위도": 35.159606, "경도": 126.935996, "데이터기준일자": "2026-06-30" }, "geometry": { "type": "Point", "coordinates": [ 126.935996, 35.159606 ] } },
{ "type": "Feature", "properties": { "관리기관명": "광주광역시 사회재난과", "소재지지번주소": "동구 산수동 570-1", "소재지도로명주소": "동구 밤실로136번길 4-1", "카메라대수": "2", "카메라화소": "200만", "촬영방면": "360도", "보관일수": "30일", "설치연도": "2025", "위도": 35.159606, "경도": 126.935996, "데이터기준일자": "2026-06-30" }, "geometry": { "type": "Point", "coordinates": [ 126.935996, 35.159606 ] } },
{ "type": "Feature", "properties": { "관리기관명": "광주광역시 사회재난과", "소재지지번주소": "동구 산수동 514-26", "소재지도로명주소": "동구 필문대로191번길 37-3", "카메라대수": "1", "카메라화소": "200만", "촬영방면": "360도", "보관일수": "30일", "설치연도": "2017", "위도": 35.153526, "경도": 126.935501, "데이터기준일자": "2026-06-30" }, "geometry": { "type": "Point", "coordinates": [ 126.935501, 35.153526 ] } },
{ "type": "Feature", "properties": { "관리기관명": "광주광역시 사회재난과", "소재지지번주소": "동구 산수동 514-26", "소재지도로명주소": "동구 필문대로191번길 37-3", "카메라대수": "1", "카메라화소": "200만", "촬영방면": "360도", "보관일수": "30일", "설치연도": "2024", "위도": 35.153526, "경도": 126.935501, "데이터기준일자": "2026-06-30" }, "geometry": { "type": "Point", "coordinates": [ 126.935501, 35.153526 ] } },
{ "type": "Feature", "properties": { "관리기관명": "광주광역시 사회재난과", "소재지지번주소": "동구 산수동 514-26", "소재지도로명주소": "동구 필문대로191번길 37-3", "카메라대수": "2", "카메라화소": "200만", "촬영방면": "360도", "보관일수": "30일", "설치연도": "2020", "위도": 35.153526, "경도": 126.935501, "데이터기준일자": "2026-06-30" }, "geometry": { "type": "Point", "coordinates": [ 126.935501, 35.153526 ] } },
{ "type": "Feature", "properties": { "관리기관명": "광주광역시 사회재난과", "소재지지번주소": "동구 궁동 38-12", "소재지도로명주소": "동구 예술길 25-1", "카메라대수": "1", "카메라화소": "200만", "촬영방면": "360도", "보관일수": "30일", "설치연도": "2017", "위도": 35.149586, "경도": 126.919045, "데이터기준일자": "2026-06-30" }, "geometry": { "type": "Point", "coordinates": [ 126.919045, 35.149586 ] } },
{ "type": "Feature", "properties": { "관리기관명": "광주광역시 사회재난과", "소재지지번주소": "동구 궁동 38-12", "소재지도로명주소": "동구 예술길 25-1", "카메라대수": "2", "카메라화소": "200만", "촬영방면": "360도", "보관일수": "30일", "설치연도": "2020", "위도": 35.149586, "경도": 126.919045, "데이터기준일자": "2026-06-30" }, "geometry": { "type": "Point", "coordinates": [ 126.919045, 35.149586 ] } },
{ "type": "Feature", "properties": { "관리기관명": "광주광역시 사회재난과", "소재지지번주소": "남구 서동 277-10", "소재지도로명주소": "남구 제중로 116", "카메라대수": "2", "카메라화소": "200만", "촬영방면": "360도", "보관일수": "30일", "설치연도": "2017", "위도": 35.142589, "경도": 126.908656, "데이터기준일자": "2026-06-30" }, "geometry": { "type": "Point", "coordinates": [ 126.908656, 35.142589 ] } },
{ "type": "Feature", "properties": { "관리기관명": "광주광역시 사회재난과", "소재지지번주소": "동구 계림동 294-16 ", "소재지도로명주소": "동구 구성로 262-9", "카메라대수": "2", "카메라화소": "200만", "촬영방면": "360도", "보관일수": "30일", "설치연도": "2017", "위도": 35.157109, "경도": 126.919319, "데이터기준일자": "2026-06-30" }, "geometry": { "type": "Point", "coordinates": [ 126.919319, 35.157109 ] } },
{ "type": "Feature", "properties": { "관리기관명": "광주광역시 사회재난과", "소재지지번주소": "동구 계림동 294-16 ", "소재지도로명주소": "동구 구성로 262-9", "카메라대수": "1", "카메라화소": "200만", "촬영방면": "360도", "보관일수": "30일", "설치연도": "2024", "위도": 35.157109, "경도": 126.919319, "데이터기준일자": "2026-06-30" }, "geometry": { "type": "Point", "coordinates": [ 126.919319, 35.157109 ] } },
{ "type": "Feature", "properties": { "관리기관명": "광주광역시 사회재난과", "소재지지번주소": "동구 대인동 55", "소재지도로명주소": "동구 구성로194번길 15-21", "카메라대수": "2", "카메라화소": "200만", "촬영방면": "360도", "보관일수": "30일", "설치연도": "2017", "위도": 35.152549, "경도": 126.915862, "데이터기준일자": "2026-06-30" }, "geometry": { "type": "Point", "coordinates": [ 126.915862, 35.152549 ] } },
{ "type": "Feature", "properties": { "관리기관명": "광주광역시 사회재난과", "소재지지번주소": "동구 대인동 55", "소재지도로명주소": "동구 구성로194번길 15-21", "카메라대수": "2", "카메라화소": "200만", "촬영방면": "360도", "보관일수": "30일", "설치연도": "2019", "위도": 35.152549, "경도": 126.915862, "데이터기준일자": "2026-06-30" }, "geometry": { "type": "Point", "coordinates": [ 126.915862, 35.152549 ] } },
{ "type": "Feature", "properties": { "관리기관명": "광주광역시 사회재난과", "소재지지번주소": "동구 계림동 885", "소재지도로명주소": "동구 중흥로 199", "카메라대수": "2", "카메라화소": "200만", "촬영방면": "360도", "보관일수": "30일", "설치연도": "2019", "위도": 35.160727, "경도": 126.915494, "데이터기준일자": "2026-06-30" }, "geometry": { "type": "Point", "coordinates": [ 126.915494, 35.160727 ] } },
{ "type": "Feature", "properties": { "관리기관명": "광주광역시 사회재난과", "소재지지번주소": "동구 계림동 885", "소재지도로명주소": "동구 중흥로 199", "카메라대수": "1", "카메라화소": "200만", "촬영방면": "360도", "보관일수": "30일", "설치연도": "2024", "위도": 35.160727, "경도": 126.915494, "데이터기준일자": "2026-06-30" }, "geometry": { "type": "Point", "coordinates": [ 126.915494, 35.160727 ] } },
{ "type": "Feature", "properties": { "관리기관명": "광주광역시 사회재난과", "소재지지번주소": "동구 계림동 885", "소재지도로명주소": "동구 중흥로 199", "카메라대수": "1", "카메라화소": "200만", "촬영방면": "360도", "보관일수": "30일", "설치연도": "2025", "위도": 35.160727, "경도": 126.915494, "데이터기준일자": "2026-06-30" }, "geometry": { "type": "Point", "coordinates": [ 126.915494, 35.160727 ] } },
{ "type": "Feature", "properties": { "관리기관명": "광주광역시 사회재난과", "소재지지번주소": "동구 산수동 676", "소재지도로명주소": "동구 갈마로 58", "카메라대수": "1", "카메라화소": "200만", "촬영방면": "360도", "보관일수": "30일", "설치연도": "2017", "위도": 35.161408, "경도": 126.936999, "데이터기준일자": "2026-06-30" }, "geometry": { "type": "Point", "coordinates": [ 126.936999, 35.161408 ] } },
{ "type": "Feature", "properties": { "관리기관명": "광주광역시 사회재난과", "소재지지번주소": "동구 산수동 676", "소재지도로명주소": "동구 갈마로 58", "카메라대수": "2", "카메라화소": "200만", "촬영방면": "360도", "보관일수": "30일", "설치연도": "2024", "위도": 35.161408, "경도": 126.936999, "데이터기준일자": "2026-06-30" }, "geometry": { "type": "Point", "coordinates": [ 126.936999, 35.161408 ] } },
{ "type": "Feature", "properties": { "관리기관명": "광주광역시 사회재난과", "소재지지번주소": "동구 지산동 691-8", "소재지도로명주소": null, "카메라대수": "1", "카메라화소": "200만", "촬영방면": "360도", "보관일수": "30일", "설치연도": "2017", "위도": 35.147877, "경도": 126.936548, "데이터기준일자": "2026-06-30" }, "geometry": { "type": "Point", "coordinates": [ 126.936548, 35.147877 ] } },
{ "type": "Feature", "properties": { "관리기관명": "광주광역시 사회재난과", "소재지지번주소": "동구 지산동 691-8", "소재지도로명주소": null, "카메라대수": "1", "카메라화소": "200만", "촬영방면": "360도", "보관일수": "30일", "설치연도": "2013", "위도": 35.147877, "경도": 126.936548, "데이터기준일자": "2026-06-30" }, "geometry": { "type": "Point", "coordinates": [ 126.936548, 35.147877 ] } },
{ "type": "Feature", "properties": { "관리기관명": "광주광역시 사회재난과", "소재지지번주소": "동구 충장로4가 11-2", "소재지도로명주소": "동구 충장로 57", "카메라대수": "2", "카메라화소": "200만", "촬영방면": "360도", "보관일수": "30일", "설치연도": "2017", "위도": 35.14968, "경도": 126.914307, "데이터기준일자": "2026-06-30" }, "geometry": { "type": "Point", "coordinates": [ 126.914307, 35.14968 ] } },
{ "type": "Feature", "properties": { "관리기관명": "광주광역시 사회재난과", "소재지지번주소": "동구 충장로4가 11-2", "소재지도로명주소": "동구 충장로 57", "카메라대수": "1", "카메라화소": "200만", "촬영방면": "360도", "보관일수": "30일", "설치연도": "2019", "위도": 35.14968, "경도": 126.914307, "데이터기준일자": "2026-06-30" }, "geometry": { "type": "Point", "coordinates": [ 126.914307, 35.14968 ] } },
{ "type": "Feature", "properties": { "관리기관명": "광주광역시 사회재난과", "소재지지번주소": "동구 산수동 516-5", "소재지도로명주소": "동구 필문대로191번길 21-58", "카메라대수": "2", "카메라화소": "200만", "촬영방면": "360도", "보관일수": "30일", "설치연도": "2017", "위도": 35.154195, "경도": 126.933577, "데이터기준일자": "2026-06-30" }, "geometry": { "type": "Point", "coordinates": [ 126.933577, 35.154195 ] } },
{ "type": "Feature", "properties": { "관리기관명": "광주광역시 사회재난과", "소재지지번주소": "동구 산수동 516-5", "소재지도로명주소": "동구 필문대로191번길 21-58", "카메라대수": "1", "카메라화소": "200만", "촬영방면": "360도", "보관일수": "30일", "설치연도": "2024", "위도": 35.154195, "경도": 126.933577, "데이터기준일자": "2026-06-30" }, "geometry": { "type": "Point", "coordinates": [ 126.933577, 35.154195 ] } },
{ "type": "Feature", "properties": { "관리기관명": "광주광역시 사회재난과", "소재지지번주소": "동구 동명동 200-22", "소재지도로명주소": "동구 동계로 7", "카메라대수": "1", "카메라화소": "200만", "촬영방면": "360도", "보관일수": "30일", "설치연도": "2017", "위도": 35.152539, "경도": 126.924103, "데이터기준일자": "2026-06-30" }, "geometry": { "type": "Point", "coordinates": [ 126.924103, 35.152539 ] } },
{ "type": "Feature", "properties": { "관리기관명": "광주광역시 사회재난과", "소재지지번주소": "동구 동명동 200-22", "소재지도로명주소": "동구 동계로 7", "카메라대수": "2", "카메라화소": "200만", "촬영방면": "360도", "보관일수": "30일", "설치연도": "2017", "위도": 35.152539, "경도": 126.924103, "데이터기준일자": "2026-06-30" }, "geometry": { "type": "Point", "coordinates": [ 126.924103, 35.152539 ] } },
{ "type": "Feature", "properties": { "관리기관명": "광주광역시 사회재난과", "소재지지번주소": "동구 동명동 200-22", "소재지도로명주소": "동구 동계로 7", "카메라대수": "1", "카메라화소": "200만", "촬영방면": "360도", "보관일수": "30일", "설치연도": "2013", "위도": 35.152539, "경도": 126.924103, "데이터기준일자": "2026-06-30" }, "geometry": { "type": "Point", "coordinates": [ 126.924103, 35.152539 ] } },
{ "type": "Feature", "properties": { "관리기관명": "광주광역시 사회재난과", "소재지지번주소": "동구 계림동 532-4", "소재지도로명주소": "동구 중흥로213번길 5", "카메라대수": "1", "카메라화소": "200만", "촬영방면": "360도", "보관일수": "30일", "설치연도": "2017", "위도": 35.160448, "경도": 126.917084, "데이터기준일자": "2026-06-30" }, "geometry": { "type": "Point", "coordinates": [ 126.917084, 35.160448 ] } },
{ "type": "Feature", "properties": { "관리기관명": "광주광역시 사회재난과", "소재지지번주소": "동구 계림동 532-4", "소재지도로명주소": "동구 중흥로213번길 5", "카메라대수": "2", "카메라화소": "200만", "촬영방면": "360도", "보관일수": "30일", "설치연도": "2024", "위도": 35.160448, "경도": 126.917084, "데이터기준일자": "2026-06-30" }, "geometry": { "type": "Point", "coordinates": [ 126.917084, 35.160448 ] } },
{ "type": "Feature", "properties": { "관리기관명": "광주광역시 사회재난과", "소재지지번주소": "동구 지산동 671", "소재지도로명주소": "동구 동명로69번길 20", "카메라대수": "2", "카메라화소": "200만", "촬영방면": "360도", "보관일수": "30일", "설치연도": "2017", "위도": 35.153167, "경도": 126.927512, "데이터기준일자": "2026-06-30" }, "geometry": { "type": "Point", "coordinates": [ 126.927512, 35.153167 ] } },
{ "type": "Feature", "properties": { "관리기관명": "광주광역시 사회재난과", "소재지지번주소": "동구 산수동 103-4", "소재지도로명주소": null, "카메라대수": "1", "카메라화소": "200만", "촬영방면": "360도", "보관일수": "30일", "설치연도": "2017", "위도": 35.156984, "경도": 126.938348, "데이터기준일자": "2026-06-30" }, "geometry": { "type": "Point", "coordinates": [ 126.938348, 35.156984 ] } },
{ "type": "Feature", "properties": { "관리기관명": "광주광역시 사회재난과", "소재지지번주소": "동구 산수동 103-4", "소재지도로명주소": null, "카메라대수": "1", "카메라화소": "200만", "촬영방면": "360도", "보관일수": "30일", "설치연도": "2024", "위도": 35.156984, "경도": 126.938348, "데이터기준일자": "2026-06-30" }, "geometry": { "type": "Point", "coordinates": [ 126.938348, 35.156984 ] } },
{ "type": "Feature", "properties": { "관리기관명": "광주광역시 사회재난과", "소재지지번주소": "동구 산수동 103-4", "소재지도로명주소": null, "카메라대수": "1", "카메라화소": "200만", "촬영방면": "360도", "보관일수": "30일", "설치연도": "2025", "위도": 35.156984, "경도": 126.938348, "데이터기준일자": "2026-06-30" }, "geometry": { "type": "Point", "coordinates": [ 126.938348, 35.156984 ] } },
{ "type": "Feature", "properties": { "관리기관명": "광주광역시 사회재난과", "소재지지번주소": "동구 계림동 536-5", "소재지도로명주소": "동구 경양로223번길 14-7", "카메라대수": "2", "카메라화소": "200만", "촬영방면": "360도", "보관일수": "30일", "설치연도": "2017", "위도": 35.1591, "경도": 126.916899, "데이터기준일자": "2026-06-30" }, "geometry": { "type": "Point", "coordinates": [ 126.916899, 35.1591 ] } },
{ "type": "Feature", "properties": { "관리기관명": "광주광역시 사회재난과", "소재지지번주소": "동구 계림동 536-5", "소재지도로명주소": "동구 경양로223번길 14-7", "카메라대수": "1", "카메라화소": "200만", "촬영방면": "360도", "보관일수": "30일", "설치연도": "2024", "위도": 35.1591, "경도": 126.916899, "데이터기준일자": "2026-06-30" }, "geometry": { "type": "Point", "coordinates": [ 126.916899, 35.1591 ] } },
{ "type": "Feature", "properties": { "관리기관명": "광주광역시 사회재난과", "소재지지번주소": "동구 지산동 195-5", "소재지도로명주소": "동구 지호로70번길 9", "카메라대수": "2", "카메라화소": "200만", "촬영방면": "360도", "보관일수": "30일", "설치연도": "2017", "위도": 35.147043, "경도": 126.937253, "데이터기준일자": "2026-06-30" }, "geometry": { "type": "Point", "coordinates": [ 126.937253, 35.147043 ] } },
{ "type": "Feature", "properties": { "관리기관명": "광주광역시 사회재난과", "소재지지번주소": "동구 대인동 90-2", "소재지도로명주소": "동구 구성로194번길 5-13", "카메라대수": "1", "카메라화소": "200만", "촬영방면": "360도", "보관일수": "30일", "설치연도": "2017", "위도": 35.152898, "경도": 126.91466, "데이터기준일자": "2026-06-30" }, "geometry": { "type": "Point", "coordinates": [ 126.91466, 35.152898 ] } },
{ "type": "Feature", "properties": { "관리기관명": "광주광역시 사회재난과", "소재지지번주소": "동구 대인동 90-2", "소재지도로명주소": "동구 구성로194번길 5-13", "카메라대수": "1", "카메라화소": "200만", "촬영방면": "360도", "보관일수": "30일", "설치연도": "2024", "위도": 35.152898, "경도": 126.91466, "데이터기준일자": "2026-06-30" }, "geometry": { "type": "Point", "coordinates": [ 126.91466, 35.152898 ] } },
{ "type": "Feature", "properties": { "관리기관명": "광주광역시 사회재난과", "소재지지번주소": "동구 산수동 510-24", "소재지도로명주소": "동구 밤실로89번길 16", "카메라대수": "2", "카메라화소": "200만", "촬영방면": "360도", "보관일수": "30일", "설치연도": "2017", "위도": 35.155038, "경도": 126.934636, "데이터기준일자": "2026-06-30" }, "geometry": { "type": "Point", "coordinates": [ 126.934636, 35.155038 ] } },
{ "type": "Feature", "properties": { "관리기관명": "광주광역시 사회재난과", "소재지지번주소": "동구 산수동 510-24", "소재지도로명주소": "동구 밤실로89번길 16", "카메라대수": "1", "카메라화소": "200만", "촬영방면": "360도", "보관일수": "30일", "설치연도": "2019", "위도": 35.155038, "경도": 126.934636, "데이터기준일자": "2026-06-30" }, "geometry": { "type": "Point", "coordinates": [ 126.934636, 35.155038 ] } },
{ "type": "Feature", "properties": { "관리기관명": "광주광역시 사회재난과", "소재지지번주소": "동구 산수동 715", "소재지도로명주소": "동구 필문대로192번길 21", "카메라대수": "2", "카메라화소": "200만", "촬영방면": "360도", "보관일수": "30일", "설치연도": "2017", "위도": 35.153474, "경도": 126.929448, "데이터기준일자": "2026-06-30" }, "geometry": { "type": "Point", "coordinates": [ 126.929448, 35.153474 ] } },
{ "type": "Feature", "properties": { "관리기관명": "광주광역시 사회재난과", "소재지지번주소": "동구 산수동 715", "소재지도로명주소": "동구 필문대로192번길 21", "카메라대수": "1", "카메라화소": "200만", "촬영방면": "360도", "보관일수": "30일", "설치연도": "2024", "위도": 35.153474, "경도": 126.929448, "데이터기준일자": "2026-06-30" }, "geometry": { "type": "Point", "coordinates": [ 126.929448, 35.153474 ] } },
{ "type": "Feature", "properties": { "관리기관명": "광주광역시 사회재난과", "소재지지번주소": "동구 지산동 315-9", "소재지도로명주소": null, "카메라대수": "1", "카메라화소": "200만", "촬영방면": "360도", "보관일수": "30일", "설치연도": "2017", "위도": 35.151324, "경도": 126.937661, "데이터기준일자": "2026-06-30" }, "geometry": { "type": "Point", "coordinates": [ 126.937661, 35.151324 ] } },
{ "type": "Feature", "properties": { "관리기관명": "광주광역시 사회재난과", "소재지지번주소": "동구 지산동 315-9", "소재지도로명주소": null, "카메라대수": "1", "카메라화소": "200만", "촬영방면": "360도", "보관일수": "30일", "설치연도": "2024", "위도": 35.151324, "경도": 126.937661, "데이터기준일자": "2026-06-30" }, "geometry": { "type": "Point", "coordinates": [ 126.937661, 35.151324 ] } },
{ "type": "Feature", "properties": { "관리기관명": "광주광역시 사회재난과", "소재지지번주소": "동구 금남로5가 94-4", "소재지도로명주소": "동구 구성로 183-1", "카메라대수": "2", "카메라화소": "200만", "촬영방면": "360도", "보관일수": "30일", "설치연도": "2017", "위도": 35.152338, "경도": 126.913067, "데이터기준일자": "2026-06-30" }, "geometry": { "type": "Point", "coordinates": [ 126.913067, 35.152338 ] } },
{ "type": "Feature", "properties": { "관리기관명": "광주광역시 사회재난과", "소재지지번주소": "동구 산수동 520-24", "소재지도로명주소": "동구 필문대로205번길 5-32", "카메라대수": "4", "카메라화소": "200만", "촬영방면": "360도", "보관일수": "30일", "설치연도": "2017", "위도": 35.153427, "경도": 126.93224, "데이터기준일자": "2026-06-30" }, "geometry": { "type": "Point", "coordinates": [ 126.93224, 35.153427 ] } },
{ "type": "Feature", "properties": { "관리기관명": "광주광역시 사회재난과", "소재지지번주소": "남구 구동 29-8", "소재지도로명주소": "남구 중앙로107번길 16", "카메라대수": "1", "카메라화소": "200만", "촬영방면": "360도", "보관일수": "30일", "설치연도": "2017", "위도": 35.146551, "경도": 126.910043, "데이터기준일자": "2026-06-30" }, "geometry": { "type": "Point", "coordinates": [ 126.910043, 35.146551 ] } },
{ "type": "Feature", "properties": { "관리기관명": "광주광역시 사회재난과", "소재지지번주소": "남구 구동 29-8", "소재지도로명주소": "남구 중앙로107번길 16", "카메라대수": "1", "카메라화소": "200만", "촬영방면": "360도", "보관일수": "30일", "설치연도": "2021", "위도": 35.146551, "경도": 126.910043, "데이터기준일자": "2026-06-30" }, "geometry": { "type": "Point", "coordinates": [ 126.910043, 35.146551 ] } },
{ "type": "Feature", "properties": { "관리기관명": "광주광역시 사회재난과", "소재지지번주소": "남구 구동 32-20", "소재지도로명주소": null, "카메라대수": "2", "카메라화소": "200만", "촬영방면": "360도", "보관일수": "30일", "설치연도": "2022", "위도": 35.146771, "경도": 126.910392, "데이터기준일자": "2026-06-30" }, "geometry": { "type": "Point", "coordinates": [ 126.910392, 35.146771 ] } },
{ "type": "Feature", "properties": { "관리기관명": "광주광역시 사회재난과", "소재지지번주소": "동구 계림동 130-31", "소재지도로명주소": "동구 무등로359번길 2", "카메라대수": "1", "카메라화소": "200만", "촬영방면": "360도", "보관일수": "30일", "설치연도": "2022", "위도": 35.160746, "경도": 126.922183, "데이터기준일자": "2026-06-30" }, "geometry": { "type": "Point", "coordinates": [ 126.922183, 35.160746 ] } },
{ "type": "Feature", "properties": { "관리기관명": "광주광역시 사회재난과", "소재지지번주소": "동구 계림동 130-31", "소재지도로명주소": "동구 무등로359번길 2", "카메라대수": "1", "카메라화소": "200만", "촬영방면": "360도", "보관일수": "30일", "설치연도": "2024", "위도": 35.160746, "경도": 126.922183, "데이터기준일자": "2026-06-30" }, "geometry": { "type": "Point", "coordinates": [ 126.922183, 35.160746 ] } },
{ "type": "Feature", "properties": { "관리기관명": "광주광역시 사회재난과", "소재지지번주소": "동구 계림동 1730", "소재지도로명주소": null, "카메라대수": "1", "카메라화소": "200만", "촬영방면": "360도", "보관일수": "30일", "설치연도": "2021", "위도": 35.160891, "경도": 126.92794, "데이터기준일자": "2026-06-30" }, "geometry": { "type": "Point", "coordinates": [ 126.92794, 35.160891 ] } },
{ "type": "Feature", "properties": { "관리기관명": "광주광역시 사회재난과", "소재지지번주소": "동구 계림동 1730", "소재지도로명주소": null, "카메라대수": "1", "카메라화소": "200만", "촬영방면": "360도", "보관일수": "30일", "설치연도": "2024", "위도": 35.160891, "경도": 126.92794, "데이터기준일자": "2026-06-30" }, "geometry": { "type": "Point", "coordinates": [ 126.92794, 35.160891 ] } },
{ "type": "Feature", "properties": { "관리기관명": "광주광역시 사회재난과", "소재지지번주소": "동구 계림동 17-6", "소재지도로명주소": null, "카메라대수": "1", "카메라화소": "200만", "촬영방면": "360도", "보관일수": "30일", "설치연도": "2013", "위도": 35.158436, "경도": 126.923804, "데이터기준일자": "2026-06-30" }, "geometry": { "type": "Point", "coordinates": [ 126.923804, 35.158436 ] } },
{ "type": "Feature", "properties": { "관리기관명": "광주광역시 사회재난과", "소재지지번주소": "동구 계림동 17-6", "소재지도로명주소": null, "카메라대수": "1", "카메라화소": "200만", "촬영방면": "360도", "보관일수": "30일", "설치연도": "2024", "위도": 35.158436, "경도": 126.923804, "데이터기준일자": "2026-06-30" }, "geometry": { "type": "Point", "coordinates": [ 126.923804, 35.158436 ] } },
{ "type": "Feature", "properties": { "관리기관명": "광주광역시 사회재난과", "소재지지번주소": "동구 계림동 561-10", "소재지도로명주소": "동구 중흥로209번길 18", "카메라대수": "1", "카메라화소": "200만", "촬영방면": "360도", "보관일수": "30일", "설치연도": "2014", "위도": 35.161604, "경도": 126.917411, "데이터기준일자": "2026-06-30" }, "geometry": { "type": "Point", "coordinates": [ 126.917411, 35.161604 ] } },
{ "type": "Feature", "properties": { "관리기관명": "광주광역시 사회재난과", "소재지지번주소": "동구 계림동 561-10", "소재지도로명주소": "동구 중흥로209번길 18", "카메라대수": "1", "카메라화소": "200만", "촬영방면": "360도", "보관일수": "30일", "설치연도": "2019", "위도": 35.161604, "경도": 126.917411, "데이터기준일자": "2026-06-30" }, "geometry": { "type": "Point", "coordinates": [ 126.917411, 35.161604 ] } },
{ "type": "Feature", "properties": { "관리기관명": "광주광역시 사회재난과", "소재지지번주소": "동구 계림동 561-10", "소재지도로명주소": "동구 중흥로209번길 18", "카메라대수": "1", "카메라화소": "200만", "촬영방면": "360도", "보관일수": "30일", "설치연도": "2025", "위도": 35.161604, "경도": 126.917411, "데이터기준일자": "2026-06-30" }, "geometry": { "type": "Point", "coordinates": [ 126.917411, 35.161604 ] } },
{ "type": "Feature", "properties": { "관리기관명": "광주광역시 사회재난과", "소재지지번주소": "동구 계림동 564-16", "소재지도로명주소": "동구 중앙로 319-4", "카메라대수": "1", "카메라화소": "200만", "촬영방면": "360도", "보관일수": "30일", "설치연도": "2019", "위도": 35.160377, "경도": 126.919863, "데이터기준일자": "2026-06-30" }, "geometry": { "type": "Point", "coordinates": [ 126.919863, 35.160377 ] } },
{ "type": "Feature", "properties": { "관리기관명": "광주광역시 사회재난과", "소재지지번주소": "동구 계림동 564-16", "소재지도로명주소": "동구 중앙로 319-4", "카메라대수": "1", "카메라화소": "200만", "촬영방면": "360도", "보관일수": "30일", "설치연도": "2019", "위도": 35.160377, "경도": 126.919863, "데이터기준일자": "2026-06-30" }, "geometry": { "type": "Point", "coordinates": [ 126.919863, 35.160377 ] } },
{ "type": "Feature", "properties": { "관리기관명": "광주광역시 사회재난과", "소재지지번주소": "동구 계림동 564-16", "소재지도로명주소": "동구 중앙로 319-4", "카메라대수": "1", "카메라화소": "200만", "촬영방면": "360도", "보관일수": "30일", "설치연도": "2023", "위도": 35.160377, "경도": 126.919863, "데이터기준일자": "2026-06-30" }, "geometry": { "type": "Point", "coordinates": [ 126.919863, 35.160377 ] } },
{ "type": "Feature", "properties": { "관리기관명": "광주광역시 사회재난과", "소재지지번주소": "동구 계림동 564-16", "소재지도로명주소": "동구 중앙로 319-4", "카메라대수": "1", "카메라화소": "200만", "촬영방면": "360도", "보관일수": "30일", "설치연도": "2024", "위도": 35.160377, "경도": 126.919863, "데이터기준일자": "2026-06-30" }, "geometry": { "type": "Point", "coordinates": [ 126.919863, 35.160377 ] } },
{ "type": "Feature", "properties": { "관리기관명": "광주광역시 사회재난과", "소재지지번주소": "동구 계림동 572-3", "소재지도로명주소": "동구 중앙로 319", "카메라대수": "1", "카메라화소": "200만", "촬영방면": "360도", "보관일수": "30일", "설치연도": "2022", "위도": 35.159993, "경도": 126.920291, "데이터기준일자": "2026-06-30" }, "geometry": { "type": "Point", "coordinates": [ 126.920291, 35.159993 ] } },
{ "type": "Feature", "properties": { "관리기관명": "광주광역시 사회재난과", "소재지지번주소": "동구 계림동 572-3", "소재지도로명주소": "동구 중앙로 319", "카메라대수": "1", "카메라화소": "200만", "촬영방면": "360도", "보관일수": "30일", "설치연도": "2024", "위도": 35.159993, "경도": 126.920291, "데이터기준일자": "2026-06-30" }, "geometry": { "type": "Point", "coordinates": [ 126.920291, 35.159993 ] } },
{ "type": "Feature", "properties": { "관리기관명": "광주광역시 사회재난과", "소재지지번주소": "동구 궁동 1-1", "소재지도로명주소": "동구 제봉로 171", "카메라대수": "1", "카메라화소": "200만", "촬영방면": "360도", "보관일수": "30일", "설치연도": "2019", "위도": 35.15195, "경도": 126.917918, "데이터기준일자": "2026-06-30" }, "geometry": { "type": "Point", "coordinates": [ 126.917918, 35.15195 ] } },
{ "type": "Feature", "properties": { "관리기관명": "광주광역시 사회재난과", "소재지지번주소": "동구 궁동 1-1", "소재지도로명주소": "동구 제봉로 171", "카메라대수": "1", "카메라화소": "200만", "촬영방면": "360도", "보관일수": "30일", "설치연도": "2024", "위도": 35.15195, "경도": 126.917918, "데이터기준일자": "2026-06-30" }, "geometry": { "type": "Point", "coordinates": [ 126.917918, 35.15195 ] } },
{ "type": "Feature", "properties": { "관리기관명": "광주광역시 사회재난과", "소재지지번주소": "동구 궁동 34-1", "소재지도로명주소": "동구 서석로85번길 23", "카메라대수": "1", "카메라화소": "200만", "촬영방면": "360도", "보관일수": "30일", "설치연도": "2018", "위도": 35.150826, "경도": 126.918548, "데이터기준일자": "2026-06-30" }, "geometry": { "type": "Point", "coordinates": [ 126.918548, 35.150826 ] } },
{ "type": "Feature", "properties": { "관리기관명": "광주광역시 사회재난과", "소재지지번주소": "동구 궁동 34-1", "소재지도로명주소": "동구 서석로85번길 23", "카메라대수": "2", "카메라화소": "200만", "촬영방면": "360도", "보관일수": "30일", "설치연도": "2024", "위도": 35.150826, "경도": 126.918548, "데이터기준일자": "2026-06-30" }, "geometry": { "type": "Point", "coordinates": [ 126.918548, 35.150826 ] } },
{ "type": "Feature", "properties": { "관리기관명": "광주광역시 사회재난과", "소재지지번주소": "동구 금남로3가 20-2", "소재지도로명주소": null, "카메라대수": "2", "카메라화소": "200만", "촬영방면": "360도", "보관일수": "30일", "설치연도": "2022", "위도": 35.14969, "경도": 126.915523, "데이터기준일자": "2026-06-30" }, "geometry": { "type": "Point", "coordinates": [ 126.915523, 35.14969 ] } },
{ "type": "Feature", "properties": { "관리기관명": "광주광역시 사회재난과", "소재지지번주소": "동구 금남로3가 20-2", "소재지도로명주소": null, "카메라대수": "1", "카메라화소": "200만", "촬영방면": "360도", "보관일수": "30일", "설치연도": "2022", "위도": 35.149662, "경도": 126.915245, "데이터기준일자": "2026-06-30" }, "geometry": { "type": "Point", "coordinates": [ 126.915245, 35.149662 ] } },
{ "type": "Feature", "properties": { "관리기관명": "광주광역시 사회재난과", "소재지지번주소": "동구 금남로3가 20-2", "소재지도로명주소": null, "카메라대수": "1", "카메라화소": "200만", "촬영방면": "360도", "보관일수": "30일", "설치연도": "2023", "위도": 35.149662, "경도": 126.915245, "데이터기준일자": "2026-06-30" }, "geometry": { "type": "Point", "coordinates": [ 126.915245, 35.149662 ] } },
{ "type": "Feature", "properties": { "관리기관명": "광주광역시 사회재난과", "소재지지번주소": "동구 남동 59", "소재지도로명주소": null, "카메라대수": "2", "카메라화소": "200만", "촬영방면": "360도", "보관일수": "30일", "설치연도": "2019", "위도": 35.144678, "경도": 126.921311, "데이터기준일자": "2026-06-30" }, "geometry": { "type": "Point", "coordinates": [ 126.921311, 35.144678 ] } },
{ "type": "Feature", "properties": { "관리기관명": "광주광역시 사회재난과", "소재지지번주소": "동구 남동 59", "소재지도로명주소": null, "카메라대수": "1", "카메라화소": "200만", "촬영방면": "360도", "보관일수": "30일", "설치연도": "2022", "위도": 35.144678, "경도": 126.921311, "데이터기준일자": "2026-06-30" }, "geometry": { "type": "Point", "coordinates": [ 126.921311, 35.144678 ] } },
{ "type": "Feature", "properties": { "관리기관명": "광주광역시 사회재난과", "소재지지번주소": "동구 남동 59", "소재지도로명주소": null, "카메라대수": "1", "카메라화소": "200만", "촬영방면": "360도", "보관일수": "30일", "설치연도": "2024", "위도": 35.144678, "경도": 126.921311, "데이터기준일자": "2026-06-30" }, "geometry": { "type": "Point", "coordinates": [ 126.921311, 35.144678 ] } },
{ "type": "Feature", "properties": { "관리기관명": "광주광역시 사회재난과", "소재지지번주소": "동구 대인동 315-28", "소재지도로명주소": "동구 동계천로 26   ", "카메라대수": "1", "카메라화소": "200만", "촬영방면": "360도", "보관일수": "30일", "설치연도": "2020", "위도": 35.155538, "경도": 126.915145, "데이터기준일자": "2026-06-30" }, "geometry": { "type": "Point", "coordinates": [ 126.915145, 35.155538 ] } },
{ "type": "Feature", "properties": { "관리기관명": "광주광역시 사회재난과", "소재지지번주소": "동구 대인동 315-28", "소재지도로명주소": "동구 동계천로 26   ", "카메라대수": "1", "카메라화소": "200만", "촬영방면": "360도", "보관일수": "30일", "설치연도": "2020", "위도": 35.155538, "경도": 126.915145, "데이터기준일자": "2026-06-30" }, "geometry": { "type": "Point", "coordinates": [ 126.915145, 35.155538 ] } },
{ "type": "Feature", "properties": { "관리기관명": "광주광역시 사회재난과", "소재지지번주소": "동구 동명동 36-7", "소재지도로명주소": null, "카메라대수": "1", "카메라화소": "200만", "촬영방면": "360도", "보관일수": "30일", "설치연도": "2014", "위도": 35.149656, "경도": 126.928401, "데이터기준일자": "2026-06-30" }, "geometry": { "type": "Point", "coordinates": [ 126.928401, 35.149656 ] } },
{ "type": "Feature", "properties": { "관리기관명": "광주광역시 사회재난과", "소재지지번주소": "동구 동명동 36-7", "소재지도로명주소": null, "카메라대수": "1", "카메라화소": "200만", "촬영방면": "360도", "보관일수": "30일", "설치연도": "2025", "위도": 35.149656, "경도": 126.928401, "데이터기준일자": "2026-06-30" }, "geometry": { "type": "Point", "coordinates": [ 126.928401, 35.149656 ] } },
{ "type": "Feature", "properties": { "관리기관명": "광주광역시 사회재난과", "소재지지번주소": "동구 동명동 228-65", "소재지도로명주소": "동구 동계천로85번길 6-12", "카메라대수": "2", "카메라화소": "200만", "촬영방면": "360도", "보관일수": "30일", "설치연도": "2024", "위도": 35.152281, "경도": 126.921251, "데이터기준일자": "2026-06-30" }, "geometry": { "type": "Point", "coordinates": [ 126.921251, 35.152281 ] } },
{ "type": "Feature", "properties": { "관리기관명": "광주광역시 사회재난과", "소재지지번주소": "동구 산수동 371-19", "소재지도로명주소": "동구 동계로 33", "카메라대수": "2", "카메라화소": "200만", "촬영방면": "360도", "보관일수": "30일", "설치연도": "2024", "위도": 35.154535, "경도": 126.924294, "데이터기준일자": "2026-06-30" }, "geometry": { "type": "Point", "coordinates": [ 126.924294, 35.154535 ] } },
{ "type": "Feature", "properties": { "관리기관명": "광주광역시 사회재난과", "소재지지번주소": "동구 산수동 573-1", "소재지도로명주소": "동구 밤실로 142", "카메라대수": "1", "카메라화소": "200만", "촬영방면": "360도", "보관일수": "30일", "설치연도": "2022", "위도": 35.160686, "경도": 126.936089, "데이터기준일자": "2026-06-30" }, "geometry": { "type": "Point", "coordinates": [ 126.936089, 35.160686 ] } },
{ "type": "Feature", "properties": { "관리기관명": "광주광역시 사회재난과", "소재지지번주소": "동구 산수동 573-1", "소재지도로명주소": "동구 밤실로 142", "카메라대수": "1", "카메라화소": "200만", "촬영방면": "360도", "보관일수": "30일", "설치연도": "2024", "위도": 35.160686, "경도": 126.936089, "데이터기준일자": "2026-06-30" }, "geometry": { "type": "Point", "coordinates": [ 126.936089, 35.160686 ] } },
{ "type": "Feature", "properties": { "관리기관명": "광주광역시 사회재난과", "소재지지번주소": "동구 산수동 401-8", "소재지도로명주소": "동구 산수길 8", "카메라대수": "2", "카메라화소": "200만", "촬영방면": "360도", "보관일수": "30일", "설치연도": "2024", "위도": 35.154868, "경도": 126.927743, "데이터기준일자": "2026-06-30" }, "geometry": { "type": "Point", "coordinates": [ 126.927743, 35.154868 ] } },
{ "type": "Feature", "properties": { "관리기관명": "광주광역시 사회재난과", "소재지지번주소": "동구 산수동 404-4", "소재지도로명주소": null, "카메라대수": "1", "카메라화소": "200만", "촬영방면": "360도", "보관일수": "30일", "설치연도": "2022", "위도": 35.155447, "경도": 126.928964, "데이터기준일자": "2026-06-30" }, "geometry": { "type": "Point", "coordinates": [ 126.928964, 35.155447 ] } },
{ "type": "Feature", "properties": { "관리기관명": "광주광역시 사회재난과", "소재지지번주소": "동구 산수동 404-4", "소재지도로명주소": null, "카메라대수": "1", "카메라화소": "200만", "촬영방면": "360도", "보관일수": "30일", "설치연도": "2024", "위도": 35.155447, "경도": 126.928964, "데이터기준일자": "2026-06-30" }, "geometry": { "type": "Point", "coordinates": [ 126.928964, 35.155447 ] } },
{ "type": "Feature", "properties": { "관리기관명": "광주광역시 사회재난과", "소재지지번주소": "동구 산수동 401-58", "소재지도로명주소": "동구 경양로 355", "카메라대수": "1", "카메라화소": "200만", "촬영방면": "360도", "보관일수": "30일", "설치연도": "2022", "위도": 35.154718, "경도": 126.928471, "데이터기준일자": "2026-06-30" }, "geometry": { "type": "Point", "coordinates": [ 126.928471, 35.154718 ] } },
{ "type": "Feature", "properties": { "관리기관명": "광주광역시 사회재난과", "소재지지번주소": "동구 산수동 401-58", "소재지도로명주소": "동구 경양로 355", "카메라대수": "1", "카메라화소": "200만", "촬영방면": "360도", "보관일수": "30일", "설치연도": "2024", "위도": 35.154718, "경도": 126.928471, "데이터기준일자": "2026-06-30" }, "geometry": { "type": "Point", "coordinates": [ 126.928471, 35.154718 ] } },
{ "type": "Feature", "properties": { "관리기관명": "광주광역시 사회재난과", "소재지지번주소": "동구 산수동 401-1", "소재지도로명주소": null, "카메라대수": "1", "카메라화소": "200만", "촬영방면": "360도", "보관일수": "30일", "설치연도": "2022", "위도": 35.15482, "경도": 126.929317, "데이터기준일자": "2026-06-30" }, "geometry": { "type": "Point", "coordinates": [ 126.929317, 35.15482 ] } },
{ "type": "Feature", "properties": { "관리기관명": "광주광역시 사회재난과", "소재지지번주소": "동구 산수동 401-1", "소재지도로명주소": null, "카메라대수": "1", "카메라화소": "200만", "촬영방면": "360도", "보관일수": "30일", "설치연도": "2024", "위도": 35.15482, "경도": 126.929317, "데이터기준일자": "2026-06-30" }, "geometry": { "type": "Point", "coordinates": [ 126.929317, 35.15482 ] } },
{ "type": "Feature", "properties": { "관리기관명": "광주광역시 사회재난과", "소재지지번주소": "동구 산수동 407-10", "소재지도로명주소": null, "카메라대수": "1", "카메라화소": "200만", "촬영방면": "360도", "보관일수": "30일", "설치연도": "2022", "위도": 35.15628, "경도": 126.927659, "데이터기준일자": "2026-06-30" }, "geometry": { "type": "Point", "coordinates": [ 126.927659, 35.15628 ] } },
{ "type": "Feature", "properties": { "관리기관명": "광주광역시 사회재난과", "소재지지번주소": "동구 산수동 407-10", "소재지도로명주소": null, "카메라대수": "1", "카메라화소": "200만", "촬영방면": "360도", "보관일수": "30일", "설치연도": "2024", "위도": 35.15628, "경도": 126.927659, "데이터기준일자": "2026-06-30" }, "geometry": { "type": "Point", "coordinates": [ 126.927659, 35.15628 ] } },
{ "type": "Feature", "properties": { "관리기관명": "광주광역시 사회재난과", "소재지지번주소": "동구 산수동 534-11", "소재지도로명주소": "동구 필문대로145번길 1-10", "카메라대수": "1", "카메라화소": "200만", "촬영방면": "360도", "보관일수": "30일", "설치연도": "2019", "위도": 35.158079, "경도": 126.932045, "데이터기준일자": "2026-06-30" }, "geometry": { "type": "Point", "coordinates": [ 126.932045, 35.158079 ] } },
{ "type": "Feature", "properties": { "관리기관명": "광주광역시 사회재난과", "소재지지번주소": "동구 산수동 534-11", "소재지도로명주소": "동구 필문대로145번길 1-10", "카메라대수": "1", "카메라화소": "200만", "촬영방면": "360도", "보관일수": "30일", "설치연도": "2024", "위도": 35.158079, "경도": 126.932045, "데이터기준일자": "2026-06-30" }, "geometry": { "type": "Point", "coordinates": [ 126.932045, 35.158079 ] } },
{ "type": "Feature", "properties": { "관리기관명": "광주광역시 사회재난과", "소재지지번주소": "동구 산수동 539-20", "소재지도로명주소": "동구 필문대로 173", "카메라대수": "1", "카메라화소": "200만", "촬영방면": "360도", "보관일수": "30일", "설치연도": "2024", "위도": 35.155071, "경도": 126.932044, "데이터기준일자": "2026-06-30" }, "geometry": { "type": "Point", "coordinates": [ 126.932044, 35.155071 ] } },
{ "type": "Feature", "properties": { "관리기관명": "광주광역시 사회재난과", "소재지지번주소": "동구 산수동 539-20", "소재지도로명주소": "동구 필문대로 173", "카메라대수": "1", "카메라화소": "200만", "촬영방면": "360도", "보관일수": "30일", "설치연도": "2022", "위도": 35.155071, "경도": 126.932044, "데이터기준일자": "2026-06-30" }, "geometry": { "type": "Point", "coordinates": [ 126.932044, 35.155071 ] } },
{ "type": "Feature", "properties": { "관리기관명": "광주광역시 사회재난과", "소재지지번주소": "동구 산수동 554-1", "소재지도로명주소": "동구 경양로371번길 20", "카메라대수": "1", "카메라화소": "200만", "촬영방면": "360도", "보관일수": "30일", "설치연도": "2020", "위도": 35.155696, "경도": 126.929627, "데이터기준일자": "2026-06-30" }, "geometry": { "type": "Point", "coordinates": [ 126.929627, 35.155696 ] } },
{ "type": "Feature", "properties": { "관리기관명": "광주광역시 사회재난과", "소재지지번주소": "동구 산수동 554-1", "소재지도로명주소": "동구 경양로371번길 20", "카메라대수": "2", "카메라화소": "200만", "촬영방면": "360도", "보관일수": "30일", "설치연도": "2020", "위도": 35.155696, "경도": 126.929627, "데이터기준일자": "2026-06-30" }, "geometry": { "type": "Point", "coordinates": [ 126.929627, 35.155696 ] } },
{ "type": "Feature", "properties": { "관리기관명": "광주광역시 사회재난과", "소재지지번주소": "동구 산수동 568-2", "소재지도로명주소": null, "카메라대수": "1", "카메라화소": "200만", "촬영방면": "360도", "보관일수": "30일", "설치연도": "2024", "위도": 35.159181, "경도": 126.935038, "데이터기준일자": "2026-06-30" }, "geometry": { "type": "Point", "coordinates": [ 126.935038, 35.159181 ] } },
{ "type": "Feature", "properties": { "관리기관명": "광주광역시 사회재난과", "소재지지번주소": "동구 산수동 568-2", "소재지도로명주소": null, "카메라대수": "1", "카메라화소": "200만", "촬영방면": "360도", "보관일수": "30일", "설치연도": "2021", "위도": 35.159181, "경도": 126.935038, "데이터기준일자": "2026-06-30" }, "geometry": { "type": "Point", "coordinates": [ 126.935038, 35.159181 ] } },
{ "type": "Feature", "properties": { "관리기관명": "광주광역시 사회재난과", "소재지지번주소": "동구 산수동 573", "소재지도로명주소": "동구 밤실로 142", "카메라대수": "1", "카메라화소": "200만", "촬영방면": "360도", "보관일수": "30일", "설치연도": "2024", "위도": 35.160385, "경도": 126.935354, "데이터기준일자": "2026-06-30" }, "geometry": { "type": "Point", "coordinates": [ 126.935354, 35.160385 ] } },
{ "type": "Feature", "properties": { "관리기관명": "광주광역시 사회재난과", "소재지지번주소": "동구 산수동 573", "소재지도로명주소": "동구 밤실로 142", "카메라대수": "1", "카메라화소": "200만", "촬영방면": "360도", "보관일수": "30일", "설치연도": "2022", "위도": 35.160385, "경도": 126.935354, "데이터기준일자": "2026-06-30" }, "geometry": { "type": "Point", "coordinates": [ 126.935354, 35.160385 ] } },
{ "type": "Feature", "properties": { "관리기관명": "광주광역시 사회재난과", "소재지지번주소": "동구 산수동 689", "소재지도로명주소": "동구 밤실로 150", "카메라대수": "1", "카메라화소": "200만", "촬영방면": "360도", "보관일수": "30일", "설치연도": "2024", "위도": 35.161611, "경도": 126.937211, "데이터기준일자": "2026-06-30" }, "geometry": { "type": "Point", "coordinates": [ 126.937211, 35.161611 ] } },
{ "type": "Feature", "properties": { "관리기관명": "광주광역시 사회재난과", "소재지지번주소": "동구 산수동 689", "소재지도로명주소": "동구 밤실로 150", "카메라대수": "1", "카메라화소": "200만", "촬영방면": "360도", "보관일수": "30일", "설치연도": "2025", "위도": 35.161611, "경도": 126.937211, "데이터기준일자": "2026-06-30" }, "geometry": { "type": "Point", "coordinates": [ 126.937211, 35.161611 ] } },
{ "type": "Feature", "properties": { "관리기관명": "광주광역시 사회재난과", "소재지지번주소": "동구 산수동 708", "소재지도로명주소": null, "카메라대수": "2", "카메라화소": "200만", "촬영방면": "360도", "보관일수": "30일", "설치연도": "2021", "위도": 35.160272, "경도": 126.937281, "데이터기준일자": "2026-06-30" }, "geometry": { "type": "Point", "coordinates": [ 126.937281, 35.160272 ] } },
{ "type": "Feature", "properties": { "관리기관명": "광주광역시 사회재난과", "소재지지번주소": "동구 산수동 708", "소재지도로명주소": null, "카메라대수": "1", "카메라화소": "200만", "촬영방면": "360도", "보관일수": "30일", "설치연도": "2022", "위도": 35.160272, "경도": 126.937281, "데이터기준일자": "2026-06-30" }, "geometry": { "type": "Point", "coordinates": [ 126.937281, 35.160272 ] } },
{ "type": "Feature", "properties": { "관리기관명": "광주광역시 사회재난과", "소재지지번주소": "동구 산수동 708", "소재지도로명주소": null, "카메라대수": "1", "카메라화소": "200만", "촬영방면": "360도", "보관일수": "30일", "설치연도": "2024", "위도": 35.160272, "경도": 126.937281, "데이터기준일자": "2026-06-30" }, "geometry": { "type": "Point", "coordinates": [ 126.937281, 35.160272 ] } },
{ "type": "Feature", "properties": { "관리기관명": "광주광역시 사회재난과", "소재지지번주소": "동구 산수동 95-3", "소재지도로명주소": null, "카메라대수": "1", "카메라화소": "200만", "촬영방면": "360도", "보관일수": "30일", "설치연도": "2022", "위도": 35.156576, "경도": 126.937897, "데이터기준일자": "2026-06-30" }, "geometry": { "type": "Point", "coordinates": [ 126.937897, 35.156576 ] } },
{ "type": "Feature", "properties": { "관리기관명": "광주광역시 사회재난과", "소재지지번주소": "동구 산수동 95-3", "소재지도로명주소": null, "카메라대수": "2", "카메라화소": "200만", "촬영방면": "360도", "보관일수": "30일", "설치연도": "2024", "위도": 35.156576, "경도": 126.937897, "데이터기준일자": "2026-06-30" }, "geometry": { "type": "Point", "coordinates": [ 126.937897, 35.156576 ] } },
{ "type": "Feature", "properties": { "관리기관명": "광주광역시 사회재난과", "소재지지번주소": "동구 서석동 17-6", "소재지도로명주소": null, "카메라대수": "1", "카메라화소": "200만", "촬영방면": "360도", "보관일수": "30일", "설치연도": "2016", "위도": 35.146327, "경도": 126.9244, "데이터기준일자": "2026-06-30" }, "geometry": { "type": "Point", "coordinates": [ 126.9244, 35.146327 ] } },
{ "type": "Feature", "properties": { "관리기관명": "광주광역시 사회재난과", "소재지지번주소": "동구 서석동 17-6", "소재지도로명주소": null, "카메라대수": "1", "카메라화소": "200만", "촬영방면": "360도", "보관일수": "30일", "설치연도": "2024", "위도": 35.146327, "경도": 126.9244, "데이터기준일자": "2026-06-30" }, "geometry": { "type": "Point", "coordinates": [ 126.9244, 35.146327 ] } },
{ "type": "Feature", "properties": { "관리기관명": "광주광역시 사회재난과", "소재지지번주소": "동구 서석동 132", "소재지도로명주소": null, "카메라대수": "1", "카메라화소": "200만", "촬영방면": "360도", "보관일수": "30일", "설치연도": "2022", "위도": 35.147365, "경도": 126.923764, "데이터기준일자": "2026-06-30" }, "geometry": { "type": "Point", "coordinates": [ 126.923764, 35.147365 ] } },
{ "type": "Feature", "properties": { "관리기관명": "광주광역시 사회재난과", "소재지지번주소": "동구 서석동 132", "소재지도로명주소": null, "카메라대수": "1", "카메라화소": "200만", "촬영방면": "360도", "보관일수": "30일", "설치연도": "2024", "위도": 35.147365, "경도": 126.923764, "데이터기준일자": "2026-06-30" }, "geometry": { "type": "Point", "coordinates": [ 126.923764, 35.147365 ] } },
{ "type": "Feature", "properties": { "관리기관명": "광주광역시 사회재난과", "소재지지번주소": "동구 수기동 99-4", "소재지도로명주소": "동구 천변우로 349", "카메라대수": "1", "카메라화소": "200만", "촬영방면": "360도", "보관일수": "30일", "설치연도": "2018", "위도": 35.149472, "경도": 126.910031, "데이터기준일자": "2026-06-30" }, "geometry": { "type": "Point", "coordinates": [ 126.910031, 35.149472 ] } },
{ "type": "Feature", "properties": { "관리기관명": "광주광역시 사회재난과", "소재지지번주소": "동구 수기동 99-4", "소재지도로명주소": "동구 천변우로 349", "카메라대수": "1", "카메라화소": "200만", "촬영방면": "360도", "보관일수": "30일", "설치연도": "2022", "위도": 35.149472, "경도": 126.910031, "데이터기준일자": "2026-06-30" }, "geometry": { "type": "Point", "coordinates": [ 126.910031, 35.149472 ] } },
{ "type": "Feature", "properties": { "관리기관명": "광주광역시 사회재난과", "소재지지번주소": "동구 수기동 99-4", "소재지도로명주소": "동구 천변우로 349", "카메라대수": "2", "카메라화소": "200만", "촬영방면": "360도", "보관일수": "30일", "설치연도": "2023", "위도": 35.149472, "경도": 126.910031, "데이터기준일자": "2026-06-30" }, "geometry": { "type": "Point", "coordinates": [ 126.910031, 35.149472 ] } },
{ "type": "Feature", "properties": { "관리기관명": "광주광역시 사회재난과", "소재지지번주소": "동구 지산동 232-46", "소재지도로명주소": "동구 지호로 51", "카메라대수": "1", "카메라화소": "200만", "촬영방면": "360도", "보관일수": "30일", "설치연도": "2022", "위도": 35.147889, "경도": 126.934485, "데이터기준일자": "2026-06-30" }, "geometry": { "type": "Point", "coordinates": [ 126.934485, 35.147889 ] } },
{ "type": "Feature", "properties": { "관리기관명": "광주광역시 사회재난과", "소재지지번주소": "동구 지산동 232-46", "소재지도로명주소": "동구 지호로 51", "카메라대수": "1", "카메라화소": "200만", "촬영방면": "360도", "보관일수": "30일", "설치연도": "2024", "위도": 35.147889, "경도": 126.934485, "데이터기준일자": "2026-06-30" }, "geometry": { "type": "Point", "coordinates": [ 126.934485, 35.147889 ] } },
{ "type": "Feature", "properties": { "관리기관명": "광주광역시 사회재난과", "소재지지번주소": "동구 지산동 447-2", "소재지도로명주소": "동구 지산로 54", "카메라대수": "1", "카메라화소": "200만", "촬영방면": "360도", "보관일수": "30일", "설치연도": "2021", "위도": 35.148664, "경도": 126.93279, "데이터기준일자": "2026-06-30" }, "geometry": { "type": "Point", "coordinates": [ 126.93279, 35.148664 ] } },
{ "type": "Feature", "properties": { "관리기관명": "광주광역시 사회재난과", "소재지지번주소": "동구 지산동 447-2", "소재지도로명주소": "동구 지산로 54", "카메라대수": "1", "카메라화소": "200만", "촬영방면": "360도", "보관일수": "30일", "설치연도": "2024", "위도": 35.148664, "경도": 126.93279, "데이터기준일자": "2026-06-30" }, "geometry": { "type": "Point", "coordinates": [ 126.93279, 35.148664 ] } },
{ "type": "Feature", "properties": { "관리기관명": "광주광역시 사회재난과", "소재지지번주소": "동구 지산동 677-3", "소재지도로명주소": null, "카메라대수": "1", "카메라화소": "200만", "촬영방면": "360도", "보관일수": "30일", "설치연도": "2022", "위도": 35.150134, "경도": 126.928619, "데이터기준일자": "2026-06-30" }, "geometry": { "type": "Point", "coordinates": [ 126.928619, 35.150134 ] } },
{ "type": "Feature", "properties": { "관리기관명": "광주광역시 사회재난과", "소재지지번주소": "동구 지산동 677-3", "소재지도로명주소": null, "카메라대수": "1", "카메라화소": "200만", "촬영방면": "360도", "보관일수": "30일", "설치연도": "2024", "위도": 35.150134, "경도": 126.928619, "데이터기준일자": "2026-06-30" }, "geometry": { "type": "Point", "coordinates": [ 126.928619, 35.150134 ] } },
{ "type": "Feature", "properties": { "관리기관명": "광주광역시 사회재난과", "소재지지번주소": "북구 두암동 969-9", "소재지도로명주소": "북구 갈마로 73", "카메라대수": "1", "카메라화소": "200만", "촬영방면": "360도", "보관일수": "30일", "설치연도": "2023", "위도": 35.161972, "경도": 126.938588, "데이터기준일자": "2026-06-30" }, "geometry": { "type": "Point", "coordinates": [ 126.938588, 35.161972 ] } },
{ "type": "Feature", "properties": { "관리기관명": "광주광역시 사회재난과", "소재지지번주소": "북구 두암동 969-9", "소재지도로명주소": "북구 갈마로 73", "카메라대수": "1", "카메라화소": "200만", "촬영방면": "360도", "보관일수": "30일", "설치연도": "2025", "위도": 35.161972, "경도": 126.938588, "데이터기준일자": "2026-06-30" }, "geometry": { "type": "Point", "coordinates": [ 126.938588, 35.161972 ] } },
{ "type": "Feature", "properties": { "관리기관명": "광주광역시 사회재난과", "소재지지번주소": "동구 산수동 551-12", "소재지도로명주소": "동구 산수길39번길 1", "카메라대수": "2", "카메라화소": "200만", "촬영방면": "360도", "보관일수": "30일", "설치연도": "2023", "위도": 35.157155, "경도": 126.928319, "데이터기준일자": "2026-06-30" }, "geometry": { "type": "Point", "coordinates": [ 126.928319, 35.157155 ] } },
{ "type": "Feature", "properties": { "관리기관명": "광주광역시 사회재난과", "소재지지번주소": "동구 산수동 551-12", "소재지도로명주소": "동구 산수길39번길 1", "카메라대수": "1", "카메라화소": "200만", "촬영방면": "360도", "보관일수": "30일", "설치연도": "2024", "위도": 35.157155, "경도": 126.928319, "데이터기준일자": "2026-06-30" }, "geometry": { "type": "Point", "coordinates": [ 126.928319, 35.157155 ] } },
{ "type": "Feature", "properties": { "관리기관명": "광주광역시 사회재난과", "소재지지번주소": "북구 북동 94-11", "소재지도로명주소": "북구 금재로36번길 11", "카메라대수": "1", "카메라화소": "200만", "촬영방면": "360도", "보관일수": "30일", "설치연도": "2022", "위도": 35.15666, "경도": 126.908104, "데이터기준일자": "2026-06-30" }, "geometry": { "type": "Point", "coordinates": [ 126.908104, 35.15666 ] } },
{ "type": "Feature", "properties": { "관리기관명": "광주광역시 사회재난과", "소재지지번주소": "북구 북동 94-11", "소재지도로명주소": "북구 금재로36번길 11", "카메라대수": "1", "카메라화소": "200만", "촬영방면": "360도", "보관일수": "30일", "설치연도": "2023", "위도": 35.15666, "경도": 126.908104, "데이터기준일자": "2026-06-30" }, "geometry": { "type": "Point", "coordinates": [ 126.908104, 35.15666 ] } },
{ "type": "Feature", "properties": { "관리기관명": "광주광역시 사회재난과", "소재지지번주소": "북구 북동 94-11", "소재지도로명주소": "북구 금재로36번길 11", "카메라대수": "1", "카메라화소": "200만", "촬영방면": "360도", "보관일수": "30일", "설치연도": "2024", "위도": 35.15666, "경도": 126.908104, "데이터기준일자": "2026-06-30" }, "geometry": { "type": "Point", "coordinates": [ 126.908104, 35.15666 ] } },
{ "type": "Feature", "properties": { "관리기관명": "광주광역시 사회재난과", "소재지지번주소": "북구 중흥동 686-10", "소재지도로명주소": "북구 중흥로174번길 18", "카메라대수": "2", "카메라화소": "200만", "촬영방면": "360도", "보관일수": "30일", "설치연도": "2022", "위도": 35.160535, "경도": 126.912579, "데이터기준일자": "2026-06-30" }, "geometry": { "type": "Point", "coordinates": [ 126.912579, 35.160535 ] } },
{ "type": "Feature", "properties": { "관리기관명": "광주광역시 사회재난과", "소재지지번주소": "북구 중흥동 686-10", "소재지도로명주소": "북구 중흥로174번길 18", "카메라대수": "1", "카메라화소": "200만", "촬영방면": "360도", "보관일수": "30일", "설치연도": "2024", "위도": 35.160535, "경도": 126.912579, "데이터기준일자": "2026-06-30" }, "geometry": { "type": "Point", "coordinates": [ 126.912579, 35.160535 ] } },
{ "type": "Feature", "properties": { "관리기관명": "광주광역시 사회재난과", "소재지지번주소": "북구 중흥동 714-1", "소재지도로명주소": "북구 경열로234번길 19", "카메라대수": "1", "카메라화소": "200만", "촬영방면": "360도", "보관일수": "30일", "설치연도": "2024", "위도": 35.160206, "경도": 126.907911, "데이터기준일자": "2026-06-30" }, "geometry": { "type": "Point", "coordinates": [ 126.907911, 35.160206 ] } },
{ "type": "Feature", "properties": { "관리기관명": "광주광역시 사회재난과", "소재지지번주소": "북구 중흥동 714-1", "소재지도로명주소": "북구 경열로234번길 19", "카메라대수": "1", "카메라화소": "200만", "촬영방면": "360도", "보관일수": "30일", "설치연도": "2021", "위도": 35.160206, "경도": 126.907911, "데이터기준일자": "2026-06-30" }, "geometry": { "type": "Point", "coordinates": [ 126.907911, 35.160206 ] } },
{ "type": "Feature", "properties": { "관리기관명": "광주광역시 사회재난과", "소재지지번주소": "동구 지산동 224-1", "소재지도로명주소": null, "카메라대수": "3", "카메라화소": "200만", "촬영방면": "360도", "보관일수": "30일", "설치연도": "2024", "위도": 35.14839, "경도": 126.938021, "데이터기준일자": "2026-06-30" }, "geometry": { "type": "Point", "coordinates": [ 126.938021, 35.14839 ] } },
{ "type": "Feature", "properties": { "관리기관명": "광주광역시 사회재난과", "소재지지번주소": "동구 계림동 53", "소재지도로명주소": "동구 중앙로342번길 18", "카메라대수": "2", "카메라화소": "200만", "촬영방면": "360도", "보관일수": "30일", "설치연도": "2025", "위도": 35.158493, "경도": 126.925094, "데이터기준일자": "2026-06-30" }, "geometry": { "type": "Point", "coordinates": [ 126.925094, 35.158493 ] } },
{ "type": "Feature", "properties": { "관리기관명": "광주광역시 사회재난과", "소재지지번주소": "동구 금남로4가 21-15", "소재지도로명주소": "동구 중앙로 193-5", "카메라대수": "1", "카메라화소": "200만", "촬영방면": "360도", "보관일수": "30일", "설치연도": "2022", "위도": 35.15088, "경도": 126.915545, "데이터기준일자": "2026-06-30" }, "geometry": { "type": "Point", "coordinates": [ 126.915545, 35.15088 ] } },
{ "type": "Feature", "properties": { "관리기관명": "광주광역시 사회재난과", "소재지지번주소": "동구 금남로4가 21-15", "소재지도로명주소": "동구 중앙로 193-5", "카메라대수": "1", "카메라화소": "200만", "촬영방면": "360도", "보관일수": "30일", "설치연도": "2024", "위도": 35.15088, "경도": 126.915545, "데이터기준일자": "2026-06-30" }, "geometry": { "type": "Point", "coordinates": [ 126.915545, 35.15088 ] } },
{ "type": "Feature", "properties": { "관리기관명": "광주광역시 사회재난과", "소재지지번주소": "동구 산수동 401-58", "소재지도로명주소": "동구 경양로 355", "카메라대수": "1", "카메라화소": "200만", "촬영방면": "360도", "보관일수": "30일", "설치연도": "2024", "위도": 35.154378, "경도": 126.928104, "데이터기준일자": "2026-06-30" }, "geometry": { "type": "Point", "coordinates": [ 126.928104, 35.154378 ] } },
{ "type": "Feature", "properties": { "관리기관명": "광주광역시 사회재난과", "소재지지번주소": "동구 산수동 401-58", "소재지도로명주소": "동구 경양로 355", "카메라대수": "1", "카메라화소": "200만", "촬영방면": "360도", "보관일수": "30일", "설치연도": "2022", "위도": 35.154378, "경도": 126.928104, "데이터기준일자": "2026-06-30" }, "geometry": { "type": "Point", "coordinates": [ 126.928104, 35.154378 ] } },
{ "type": "Feature", "properties": { "관리기관명": "광주광역시 사회재난과", "소재지지번주소": "동구 산수동 490-7", "소재지도로명주소": null, "카메라대수": "1", "카메라화소": "200만", "촬영방면": "360도", "보관일수": "30일", "설치연도": "2021", "위도": 35.154907, "경도": 126.923167, "데이터기준일자": "2026-06-30" }, "geometry": { "type": "Point", "coordinates": [ 126.923167, 35.154907 ] } },
{ "type": "Feature", "properties": { "관리기관명": "광주광역시 사회재난과", "소재지지번주소": "동구 산수동 490-7", "소재지도로명주소": null, "카메라대수": "1", "카메라화소": "200만", "촬영방면": "360도", "보관일수": "30일", "설치연도": "2024", "위도": 35.154907, "경도": 126.923167, "데이터기준일자": "2026-06-30" }, "geometry": { "type": "Point", "coordinates": [ 126.923167, 35.154907 ] } },
{ "type": "Feature", "properties": { "관리기관명": "광주광역시 사회재난과", "소재지지번주소": "동구 산수동 447-4", "소재지도로명주소": null, "카메라대수": "1", "카메라화소": "200만", "촬영방면": "360도", "보관일수": "30일", "설치연도": "2021", "위도": 35.15817, "경도": 126.925356, "데이터기준일자": "2026-06-30" }, "geometry": { "type": "Point", "coordinates": [ 126.925356, 35.15817 ] } },
{ "type": "Feature", "properties": { "관리기관명": "광주광역시 사회재난과", "소재지지번주소": "동구 산수동 447-4", "소재지도로명주소": null, "카메라대수": "1", "카메라화소": "200만", "촬영방면": "360도", "보관일수": "30일", "설치연도": "2024", "위도": 35.15817, "경도": 126.925356, "데이터기준일자": "2026-06-30" }, "geometry": { "type": "Point", "coordinates": [ 126.925356, 35.15817 ] } },
{ "type": "Feature", "properties": { "관리기관명": "광주광역시 사회재난과", "소재지지번주소": "동구 산수동 511-61", "소재지도로명주소": "동구 필문대로187번길 31", "카메라대수": "1", "카메라화소": "200만", "촬영방면": "360도", "보관일수": "30일", "설치연도": "2022", "위도": 35.155089, "경도": 126.936338, "데이터기준일자": "2026-06-30" }, "geometry": { "type": "Point", "coordinates": [ 126.936338, 35.155089 ] } },
{ "type": "Feature", "properties": { "관리기관명": "광주광역시 사회재난과", "소재지지번주소": "동구 산수동 511-61", "소재지도로명주소": "동구 필문대로187번길 31", "카메라대수": "1", "카메라화소": "200만", "촬영방면": "360도", "보관일수": "30일", "설치연도": "2024", "위도": 35.155089, "경도": 126.936338, "데이터기준일자": "2026-06-30" }, "geometry": { "type": "Point", "coordinates": [ 126.936338, 35.155089 ] } },
{ "type": "Feature", "properties": { "관리기관명": "광주광역시 사회재난과", "소재지지번주소": "동구 산수동 687", "소재지도로명주소": "동구 갈마로 68", "카메라대수": "1", "카메라화소": "200만", "촬영방면": "360도", "보관일수": "30일", "설치연도": "2023", "위도": 35.161597, "경도": 126.937493, "데이터기준일자": "2026-06-30" }, "geometry": { "type": "Point", "coordinates": [ 126.937493, 35.161597 ] } },
{ "type": "Feature", "properties": { "관리기관명": "광주광역시 사회재난과", "소재지지번주소": "동구 산수동 687", "소재지도로명주소": "동구 갈마로 68", "카메라대수": "1", "카메라화소": "200만", "촬영방면": "360도", "보관일수": "30일", "설치연도": "2024", "위도": 35.161597, "경도": 126.937493, "데이터기준일자": "2026-06-30" }, "geometry": { "type": "Point", "coordinates": [ 126.937493, 35.161597 ] } },
{ "type": "Feature", "properties": { "관리기관명": "광주광역시 사회재난과", "소재지지번주소": "동구 동명동 80-15", "소재지도로명주소": "동구 동계천로 172-1", "카메라대수": "1", "카메라화소": "200만", "촬영방면": "360도", "보관일수": "30일", "설치연도": "2016", "위도": 35.149421, "경도": 126.928293, "데이터기준일자": "2026-06-30" }, "geometry": { "type": "Point", "coordinates": [ 126.928293, 35.149421 ] } },
{ "type": "Feature", "properties": { "관리기관명": "광주광역시 사회재난과", "소재지지번주소": "동구 동명동 80-15", "소재지도로명주소": "동구 동계천로 172-1", "카메라대수": "2", "카메라화소": "200만", "촬영방면": "360도", "보관일수": "30일", "설치연도": "2019", "위도": 35.149421, "경도": 126.928293, "데이터기준일자": "2026-06-30" }, "geometry": { "type": "Point", "coordinates": [ 126.928293, 35.149421 ] } },
{ "type": "Feature", "properties": { "관리기관명": "광주광역시 사회재난과", "소재지지번주소": "남구 양림동 311", "소재지도로명주소": null, "카메라대수": "1", "카메라화소": "200만", "촬영방면": "360도", "보관일수": "30일", "설치연도": "2016", "위도": 35.142617, "경도": 126.915628, "데이터기준일자": "2026-06-30" }, "geometry": { "type": "Point", "coordinates": [ 126.915628, 35.142617 ] } },
{ "type": "Feature", "properties": { "관리기관명": "광주광역시 사회재난과", "소재지지번주소": "남구 양림동 311", "소재지도로명주소": null, "카메라대수": "2", "카메라화소": "200만", "촬영방면": "360도", "보관일수": "30일", "설치연도": "2019", "위도": 35.142617, "경도": 126.915628, "데이터기준일자": "2026-06-30" }, "geometry": { "type": "Point", "coordinates": [ 126.915628, 35.142617 ] } },
{ "type": "Feature", "properties": { "관리기관명": "광주광역시 사회재난과", "소재지지번주소": "남구 사동 177", "소재지도로명주소": "남구 사직길 28-2", "카메라대수": "1", "카메라화소": "200만", "촬영방면": "360도", "보관일수": "30일", "설치연도": "2016", "위도": 35.142038, "경도": 126.912193, "데이터기준일자": "2026-06-30" }, "geometry": { "type": "Point", "coordinates": [ 126.912193, 35.142038 ] } },
{ "type": "Feature", "properties": { "관리기관명": "광주광역시 사회재난과", "소재지지번주소": "남구 사동 177", "소재지도로명주소": "남구 사직길 28-2", "카메라대수": "3", "카메라화소": "200만", "촬영방면": "360도", "보관일수": "30일", "설치연도": "2019", "위도": 35.142038, "경도": 126.912193, "데이터기준일자": "2026-06-30" }, "geometry": { "type": "Point", "coordinates": [ 126.912193, 35.142038 ] } },
{ "type": "Feature", "properties": { "관리기관명": "광주광역시 사회재난과", "소재지지번주소": "남구 사동 76", "소재지도로명주소": "남구 천변좌로 392", "카메라대수": "1", "카메라화소": "200만", "촬영방면": "360도", "보관일수": "30일", "설치연도": "2013", "위도": 35.14409, "경도": 126.913739, "데이터기준일자": "2026-06-30" }, "geometry": { "type": "Point", "coordinates": [ 126.913739, 35.14409 ] } },
{ "type": "Feature", "properties": { "관리기관명": "광주광역시 사회재난과", "소재지지번주소": "동구 수기동 16-3 ", "소재지도로명주소": "동구 독립로 218", "카메라대수": "1", "카메라화소": "200만", "촬영방면": "360도", "보관일수": "30일", "설치연도": "2013", "위도": 35.151578, "경도": 126.908041, "데이터기준일자": "2026-06-30" }, "geometry": { "type": "Point", "coordinates": [ 126.908041, 35.151578 ] } },
{ "type": "Feature", "properties": { "관리기관명": "광주광역시 사회재난과", "소재지지번주소": "남구 구동 28-1", "소재지도로명주소": "남구 중앙로 123", "카메라대수": "1", "카메라화소": "200만", "촬영방면": "360도", "보관일수": "30일", "설치연도": "2022", "위도": 35.146162, "경도": 126.9104, "데이터기준일자": "2026-06-30" }, "geometry": { "type": "Point", "coordinates": [ 126.9104, 35.146162 ] } },
{ "type": "Feature", "properties": { "관리기관명": "광주광역시 사회재난과", "소재지지번주소": "동구 산수동 539-28", "소재지도로명주소": "동구 필문대로 159", "카메라대수": "1", "카메라화소": "200만", "촬영방면": "360도", "보관일수": "30일", "설치연도": "2022", "위도": 35.156181, "경도": 126.931849, "데이터기준일자": "2026-06-30" }, "geometry": { "type": "Point", "coordinates": [ 126.931849, 35.156181 ] } },
{ "type": "Feature", "properties": { "관리기관명": "광주광역시 사회재난과", "소재지지번주소": "동구 서석동 466-16", "소재지도로명주소": null, "카메라대수": "1", "카메라화소": "200만", "촬영방면": "360도", "보관일수": "30일", "설치연도": "2022", "위도": 35.143132, "경도": 126.92496, "데이터기준일자": "2026-06-30" }, "geometry": { "type": "Point", "coordinates": [ 126.92496, 35.143132 ] } },
{ "type": "Feature", "properties": { "관리기관명": "광주광역시 사회재난과", "소재지지번주소": "동구 서석동 466-16", "소재지도로명주소": null, "카메라대수": "1", "카메라화소": "200만", "촬영방면": "360도", "보관일수": "30일", "설치연도": "2022", "위도": 35.143132, "경도": 126.92496, "데이터기준일자": "2026-06-30" }, "geometry": { "type": "Point", "coordinates": [ 126.92496, 35.143132 ] } },
{ "type": "Feature", "properties": { "관리기관명": "광주광역시 사회재난과", "소재지지번주소": "북구 두암동 979-1", "소재지도로명주소": null, "카메라대수": "2", "카메라화소": "200만", "촬영방면": "360도", "보관일수": "30일", "설치연도": "2020", "위도": 35.161664, "경도": 126.938503, "데이터기준일자": "2026-06-30" }, "geometry": { "type": "Point", "coordinates": [ 126.938503, 35.161664 ] } },
{ "type": "Feature", "properties": { "관리기관명": "광주광역시 사회재난과", "소재지지번주소": "북구 중흥동 666-12", "소재지도로명주소": null, "카메라대수": "2", "카메라화소": "200만", "촬영방면": "360도", "보관일수": "30일", "설치연도": "2020", "위도": 35.157366, "경도": 126.913258, "데이터기준일자": "2026-06-30" }, "geometry": { "type": "Point", "coordinates": [ 126.913258, 35.157366 ] } },
{ "type": "Feature", "properties": { "관리기관명": "광주광역시 사회재난과", "소재지지번주소": "동구 궁동 6-2", "소재지도로명주소": "동구 제봉로 167", "카메라대수": "4", "카메라화소": "200만", "촬영방면": "360도", "보관일수": "30일", "설치연도": "2013", "위도": 35.151344, "경도": 126.91841, "데이터기준일자": "2026-06-30" }, "geometry": { "type": "Point", "coordinates": [ 126.91841, 35.151344 ] } },
{ "type": "Feature", "properties": { "관리기관명": "광주광역시 사회재난과", "소재지지번주소": "동구 계림동 85-24", "소재지도로명주소": "동구 중앙로 320", "카메라대수": "4", "카메라화소": "200만", "촬영방면": "360도", "보관일수": "30일", "설치연도": "2013", "위도": 35.16032, "경도": 126.922189, "데이터기준일자": "2026-06-30" }, "geometry": { "type": "Point", "coordinates": [ 126.922189, 35.16032 ] } },
{ "type": "Feature", "properties": { "관리기관명": "광주광역시 사회재난과", "소재지지번주소": "동구 산수동 573-1", "소재지도로명주소": "동구 밤실로 142", "카메라대수": "4", "카메라화소": "200만", "촬영방면": "360도", "보관일수": "30일", "설치연도": "2013", "위도": 35.160281, "경도": 126.936123, "데이터기준일자": "2026-06-30" }, "geometry": { "type": "Point", "coordinates": [ 126.936123, 35.160281 ] } },
{ "type": "Feature", "properties": { "관리기관명": "광주광역시 사회재난과", "소재지지번주소": "동구 산수동 552-18", "소재지도로명주소": "동구 경양로379번길 19", "카메라대수": "4", "카메라화소": "200만", "촬영방면": "360도", "보관일수": "30일", "설치연도": "2013", "위도": 35.155844, "경도": 126.928361, "데이터기준일자": "2026-06-30" }, "geometry": { "type": "Point", "coordinates": [ 126.928361, 35.155844 ] } },
{ "type": "Feature", "properties": { "관리기관명": "광주광역시 사회재난과", "소재지지번주소": "동구 산수동 102-4", "소재지도로명주소": "동구 무등로 533", "카메라대수": "4", "카메라화소": "200만", "촬영방면": "360도", "보관일수": "30일", "설치연도": "2013", "위도": 35.157378, "경도": 126.937954, "데이터기준일자": "2026-06-30" }, "geometry": { "type": "Point", "coordinates": [ 126.937954, 35.157378 ] } },
{ "type": "Feature", "properties": { "관리기관명": "광주광역시 사회재난과", "소재지지번주소": "동구 지산동 231-2", "소재지도로명주소": "동구 준법로 16", "카메라대수": "4", "카메라화소": "200만", "촬영방면": "360도", "보관일수": "30일", "설치연도": "2013", "위도": 35.148605, "경도": 126.935136, "데이터기준일자": "2026-06-30" }, "geometry": { "type": "Point", "coordinates": [ 126.935136, 35.148605 ] } },
{ "type": "Feature", "properties": { "관리기관명": "광주광역시 사회재난과", "소재지지번주소": "동구 서석동 14-1", "소재지도로명주소": "동구 제봉로82번길 26", "카메라대수": "4", "카메라화소": "200만", "촬영방면": "360도", "보관일수": "30일", "설치연도": "2013", "위도": 35.147271, "경도": 126.924685, "데이터기준일자": "2026-06-30" }, "geometry": { "type": "Point", "coordinates": [ 126.924685, 35.147271 ] } },
{ "type": "Feature", "properties": { "관리기관명": "광주광역시 사회재난과", "소재지지번주소": "북구 중흥동 652-1", "소재지도로명주소": "북구 경양로197번길 25", "카메라대수": "4", "카메라화소": "200만", "촬영방면": "360도", "보관일수": "30일", "설치연도": "2013", "위도": 35.160708, "경도": 126.913149, "데이터기준일자": "2026-06-30" }, "geometry": { "type": "Point", "coordinates": [ 126.913149, 35.160708 ] } },
{ "type": "Feature", "properties": { "관리기관명": "광주광역시 사회재난과", "소재지지번주소": "동구 동명동 207-32", "소재지도로명주소": "동구 동계천로95번길 22-2", "카메라대수": "4", "카메라화소": "200만", "촬영방면": "360도", "보관일수": "30일", "설치연도": "2018", "위도": 35.153287, "경도": 126.921883, "데이터기준일자": "2026-06-30" }, "geometry": { "type": "Point", "coordinates": [ 126.921883, 35.153287 ] } },
{ "type": "Feature", "properties": { "관리기관명": "광주광역시 사회재난과", "소재지지번주소": "동구 산수동 423-2", "소재지도로명주소": "동구 산수길27번길 12", "카메라대수": "3", "카메라화소": "200만", "촬영방면": "360도", "보관일수": "30일", "설치연도": "2018", "위도": 35.157151, "경도": 126.927641, "데이터기준일자": "2026-06-30" }, "geometry": { "type": "Point", "coordinates": [ 126.927641, 35.157151 ] } },
{ "type": "Feature", "properties": { "관리기관명": "광주광역시 사회재난과", "소재지지번주소": "동구 산수동 463-9", "소재지도로명주소": "동구 무등로 417-11", "카메라대수": "2", "카메라화소": "200만", "촬영방면": "360도", "보관일수": "30일", "설치연도": "2018", "위도": 35.159198, "경도": 126.929458, "데이터기준일자": "2026-06-30" }, "geometry": { "type": "Point", "coordinates": [ 126.929458, 35.159198 ] } },
{ "type": "Feature", "properties": { "관리기관명": "광주광역시 사회재난과", "소재지지번주소": "동구 산수동 498-8", "소재지도로명주소": null, "카메라대수": "3", "카메라화소": "200만", "촬영방면": "360도", "보관일수": "30일", "설치연도": "2018", "위도": 35.156969, "경도": 126.939702, "데이터기준일자": "2026-06-30" }, "geometry": { "type": "Point", "coordinates": [ 126.939702, 35.156969 ] } },
{ "type": "Feature", "properties": { "관리기관명": "광주광역시 사회재난과", "소재지지번주소": "동구 지산동 719-29", "소재지도로명주소": "동구 필문대로 217-1", "카메라대수": "2", "카메라화소": "200만", "촬영방면": "360도", "보관일수": "30일", "설치연도": "2018", "위도": 35.15163, "경도": 126.931583, "데이터기준일자": "2026-06-30" }, "geometry": { "type": "Point", "coordinates": [ 126.931583, 35.15163 ] } },
{ "type": "Feature", "properties": { "관리기관명": "광주광역시 사회재난과", "소재지지번주소": "동구 지산동 719-29", "소재지도로명주소": "동구 필문대로 217-1", "카메라대수": "1", "카메라화소": "200만", "촬영방면": "360도", "보관일수": "30일", "설치연도": "2024", "위도": 35.15163, "경도": 126.931583, "데이터기준일자": "2026-06-30" }, "geometry": { "type": "Point", "coordinates": [ 126.931583, 35.15163 ] } },
{ "type": "Feature", "properties": { "관리기관명": "광주광역시 사회재난과", "소재지지번주소": "동구 산수동 569-1", "소재지도로명주소": null, "카메라대수": "1", "카메라화소": "200만", "촬영방면": "360도", "보관일수": "30일", "설치연도": "2018", "위도": 35.159455, "경도": 126.9357, "데이터기준일자": "2026-06-30" }, "geometry": { "type": "Point", "coordinates": [ 126.9357, 35.159455 ] } },
{ "type": "Feature", "properties": { "관리기관명": "광주광역시 사회재난과", "소재지지번주소": "동구 계림동 297-50", "소재지도로명주소": "동구 경양로 269", "카메라대수": "2", "카메라화소": "200만", "촬영방면": "360도", "보관일수": "30일", "설치연도": "2018", "위도": 35.15561, "경도": 126.919371, "데이터기준일자": "2026-06-30" }, "geometry": { "type": "Point", "coordinates": [ 126.919371, 35.15561 ] } },
{ "type": "Feature", "properties": { "관리기관명": "광주광역시 사회재난과", "소재지지번주소": "동구 계림동 297-50", "소재지도로명주소": "동구 경양로 269", "카메라대수": "1", "카메라화소": "200만", "촬영방면": "360도", "보관일수": "30일", "설치연도": "2018", "위도": 35.15561, "경도": 126.919371, "데이터기준일자": "2026-06-30" }, "geometry": { "type": "Point", "coordinates": [ 126.919371, 35.15561 ] } },
{ "type": "Feature", "properties": { "관리기관명": "광주광역시 사회재난과", "소재지지번주소": "동구 계림동 518-13", "소재지도로명주소": "동구 무등로415번길 3-1", "카메라대수": "3", "카메라화소": "200만", "촬영방면": "360도", "보관일수": "30일", "설치연도": "2018", "위도": 35.159192, "경도": 126.927941, "데이터기준일자": "2026-06-30" }, "geometry": { "type": "Point", "coordinates": [ 126.927941, 35.159192 ] } },
{ "type": "Feature", "properties": { "관리기관명": "광주광역시 사회재난과", "소재지지번주소": "동구 장동 89-2", "소재지도로명주소": "동구 장동로 4-3", "카메라대수": "2", "카메라화소": "200만", "촬영방면": "360도", "보관일수": "30일", "설치연도": "2018", "위도": 35.148973, "경도": 126.922361, "데이터기준일자": "2026-06-30" }, "geometry": { "type": "Point", "coordinates": [ 126.922361, 35.148973 ] } },
{ "type": "Feature", "properties": { "관리기관명": "광주광역시 사회재난과", "소재지지번주소": "동구 수기동 21-3 ", "소재지도로명주소": "동구 천변우로 329-5", "카메라대수": "2", "카메라화소": "200만", "촬영방면": "360도", "보관일수": "30일", "설치연도": "2018", "위도": 35.15081, "경도": 126.908761, "데이터기준일자": "2026-06-30" }, "geometry": { "type": "Point", "coordinates": [ 126.908761, 35.15081 ] } },
{ "type": "Feature", "properties": { "관리기관명": "광주광역시 사회재난과", "소재지지번주소": "동구 수기동 21-3 ", "소재지도로명주소": "동구 천변우로 329-5", "카메라대수": "1", "카메라화소": "200만", "촬영방면": "360도", "보관일수": "30일", "설치연도": "2024", "위도": 35.15081, "경도": 126.908761, "데이터기준일자": "2026-06-30" }, "geometry": { "type": "Point", "coordinates": [ 126.908761, 35.15081 ] } },
{ "type": "Feature", "properties": { "관리기관명": "광주광역시 사회재난과", "소재지지번주소": "동구 남동 71-3", "소재지도로명주소": "동구 백서로 143", "카메라대수": "3", "카메라화소": "200만", "촬영방면": "360도", "보관일수": "30일", "설치연도": "2018", "위도": 35.142666, "경도": 126.920855, "데이터기준일자": "2026-06-30" }, "geometry": { "type": "Point", "coordinates": [ 126.920855, 35.142666 ] } },
{ "type": "Feature", "properties": { "관리기관명": "광주광역시 사회재난과", "소재지지번주소": "북구 유동 6-23", "소재지도로명주소": "북구 중가로 74 ", "카메라대수": "2", "카메라화소": "200만", "촬영방면": "360도", "보관일수": "30일", "설치연도": "2018", "위도": 35.158697, "경도": 126.908433, "데이터기준일자": "2026-06-30" }, "geometry": { "type": "Point", "coordinates": [ 126.908433, 35.158697 ] } },
{ "type": "Feature", "properties": { "관리기관명": "광주광역시 사회재난과", "소재지지번주소": "동구 동명동 154-158", "소재지도로명주소": null, "카메라대수": "2", "카메라화소": "200만", "촬영방면": "360도", "보관일수": "30일", "설치연도": "2018", "위도": 35.150601, "경도": 126.927948, "데이터기준일자": "2026-06-30" }, "geometry": { "type": "Point", "coordinates": [ 126.927948, 35.150601 ] } },
{ "type": "Feature", "properties": { "관리기관명": "광주광역시 사회재난과", "소재지지번주소": "동구 동명동 154-158", "소재지도로명주소": null, "카메라대수": "1", "카메라화소": "200만", "촬영방면": "360도", "보관일수": "30일", "설치연도": "2024", "위도": 35.150601, "경도": 126.927948, "데이터기준일자": "2026-06-30" }, "geometry": { "type": "Point", "coordinates": [ 126.927948, 35.150601 ] } },
{ "type": "Feature", "properties": { "관리기관명": "광주광역시 사회재난과", "소재지지번주소": "동구 동명동 200-169", "소재지도로명주소": "동구 동명로 19", "카메라대수": "2", "카메라화소": "200만", "촬영방면": "360도", "보관일수": "30일", "설치연도": "2018", "위도": 35.150842, "경도": 126.923425, "데이터기준일자": "2026-06-30" }, "geometry": { "type": "Point", "coordinates": [ 126.923425, 35.150842 ] } },
{ "type": "Feature", "properties": { "관리기관명": "광주광역시 사회재난과", "소재지지번주소": "동구 동명동 200-169", "소재지도로명주소": "동구 동명로 19", "카메라대수": "1", "카메라화소": "200만", "촬영방면": "360도", "보관일수": "30일", "설치연도": "2024", "위도": 35.150842, "경도": 126.923425, "데이터기준일자": "2026-06-30" }, "geometry": { "type": "Point", "coordinates": [ 126.923425, 35.150842 ] } },
{ "type": "Feature", "properties": { "관리기관명": "광주광역시 사회재난과", "소재지지번주소": "동구 지산동 342-40 ", "소재지도로명주소": "동구 지산로78번길 17-1", "카메라대수": "3", "카메라화소": "200만", "촬영방면": "360도", "보관일수": "30일", "설치연도": "2018", "위도": 35.151681, "경도": 126.933949, "데이터기준일자": "2026-06-30" }, "geometry": { "type": "Point", "coordinates": [ 126.933949, 35.151681 ] } },
{ "type": "Feature", "properties": { "관리기관명": "광주광역시 사회재난과", "소재지지번주소": "동구 지산동 507-23 ", "소재지도로명주소": "동구 필문대로287번길 23", "카메라대수": "2", "카메라화소": "200만", "촬영방면": "360도", "보관일수": "30일", "설치연도": "2018", "위도": 35.14493, "경도": 126.929396, "데이터기준일자": "2026-06-30" }, "geometry": { "type": "Point", "coordinates": [ 126.929396, 35.14493 ] } },
{ "type": "Feature", "properties": { "관리기관명": "광주광역시 사회재난과", "소재지지번주소": "동구 지산동 507-23 ", "소재지도로명주소": "동구 필문대로287번길 23", "카메라대수": "1", "카메라화소": "200만", "촬영방면": "360도", "보관일수": "30일", "설치연도": "2024", "위도": 35.14493, "경도": 126.929396, "데이터기준일자": "2026-06-30" }, "geometry": { "type": "Point", "coordinates": [ 126.929396, 35.14493 ] } },
{ "type": "Feature", "properties": { "관리기관명": "광주광역시 사회재난과", "소재지지번주소": "동구 계림동 227", "소재지도로명주소": null, "카메라대수": "2", "카메라화소": "200만", "촬영방면": "360도", "보관일수": "30일", "설치연도": "2018", "위도": 35.155732, "경도": 126.922526, "데이터기준일자": "2026-06-30" }, "geometry": { "type": "Point", "coordinates": [ 126.922526, 35.155732 ] } },
{ "type": "Feature", "properties": { "관리기관명": "광주광역시 사회재난과", "소재지지번주소": "동구 계림동 227", "소재지도로명주소": null, "카메라대수": "1", "카메라화소": "200만", "촬영방면": "360도", "보관일수": "30일", "설치연도": "2024", "위도": 35.155732, "경도": 126.922526, "데이터기준일자": "2026-06-30" }, "geometry": { "type": "Point", "coordinates": [ 126.922526, 35.155732 ] } },
{ "type": "Feature", "properties": { "관리기관명": "광주광역시 사회재난과", "소재지지번주소": "동구 산수동 523-32", "소재지도로명주소": "동구 필문대로187번길 1", "카메라대수": "2", "카메라화소": "200만", "촬영방면": "360도", "보관일수": "30일", "설치연도": "2018", "위도": 35.154123, "경도": 126.932913, "데이터기준일자": "2026-06-30" }, "geometry": { "type": "Point", "coordinates": [ 126.932913, 35.154123 ] } },
{ "type": "Feature", "properties": { "관리기관명": "광주광역시 사회재난과", "소재지지번주소": "동구 산수동 523-32", "소재지도로명주소": "동구 필문대로187번길 1", "카메라대수": "1", "카메라화소": "200만", "촬영방면": "360도", "보관일수": "30일", "설치연도": "2016", "위도": 35.154123, "경도": 126.932913, "데이터기준일자": "2026-06-30" }, "geometry": { "type": "Point", "coordinates": [ 126.932913, 35.154123 ] } },
{ "type": "Feature", "properties": { "관리기관명": "광주광역시 사회재난과", "소재지지번주소": "동구 지산동 461-7", "소재지도로명주소": "동구 지산로 37", "카메라대수": "3", "카메라화소": "200만", "촬영방면": "360도", "보관일수": "30일", "설치연도": "2018", "위도": 35.147039, "경도": 126.931996, "데이터기준일자": "2026-06-30" }, "geometry": { "type": "Point", "coordinates": [ 126.931996, 35.147039 ] } },
{ "type": "Feature", "properties": { "관리기관명": "광주광역시 사회재난과", "소재지지번주소": "동구 지산동 461-7", "소재지도로명주소": "동구 지산로 37", "카메라대수": "1", "카메라화소": "200만", "촬영방면": "360도", "보관일수": "30일", "설치연도": "2016", "위도": 35.147039, "경도": 126.931996, "데이터기준일자": "2026-06-30" }, "geometry": { "type": "Point", "coordinates": [ 126.931996, 35.147039 ] } },
{ "type": "Feature", "properties": { "관리기관명": "광주광역시 사회재난과", "소재지지번주소": "북구 누문동 100-1", "소재지도로명주소": "북구 독립로237번길 22", "카메라대수": "2", "카메라화소": "200만", "촬영방면": "360도", "보관일수": "30일", "설치연도": "2018", "위도": 35.15376, "경도": 126.908024, "데이터기준일자": "2026-06-30" }, "geometry": { "type": "Point", "coordinates": [ 126.908024, 35.15376 ] } },
{ "type": "Feature", "properties": { "관리기관명": "광주광역시 사회재난과", "소재지지번주소": "북구 누문동 100-1", "소재지도로명주소": "북구 독립로237번길 22", "카메라대수": "1", "카메라화소": "200만", "촬영방면": "360도", "보관일수": "30일", "설치연도": "2016", "위도": 35.15376, "경도": 126.908024, "데이터기준일자": "2026-06-30" }, "geometry": { "type": "Point", "coordinates": [ 126.908024, 35.15376 ] } },
{ "type": "Feature", "properties": { "관리기관명": "광주광역시 사회재난과", "소재지지번주소": "동구 동명동 249-10", "소재지도로명주소": "동구 동계천로95번길 31-14", "카메라대수": "3", "카메라화소": "200만", "촬영방면": "360도", "보관일수": "30일", "설치연도": "2019", "위도": 35.153688, "경도": 126.921119, "데이터기준일자": "2026-06-30" }, "geometry": { "type": "Point", "coordinates": [ 126.921119, 35.153688 ] } },
{ "type": "Feature", "properties": { "관리기관명": "광주광역시 사회재난과", "소재지지번주소": "동구 산수동 495-18", "소재지도로명주소": "동구 동계로15번길 14", "카메라대수": "3", "카메라화소": "200만", "촬영방면": "360도", "보관일수": "30일", "설치연도": "2019", "위도": 35.15393, "경도": 126.923284, "데이터기준일자": "2026-06-30" }, "geometry": { "type": "Point", "coordinates": [ 126.923284, 35.15393 ] } },
{ "type": "Feature", "properties": { "관리기관명": "광주광역시 사회재난과", "소재지지번주소": "동구 동명동 207-78", "소재지도로명주소": "동구 동계로13번길 11", "카메라대수": "3", "카메라화소": "200만", "촬영방면": "360도", "보관일수": "30일", "설치연도": "2019", "위도": 35.15321, "경도": 126.923193, "데이터기준일자": "2026-06-30" }, "geometry": { "type": "Point", "coordinates": [ 126.923193, 35.15321 ] } },
{ "type": "Feature", "properties": { "관리기관명": "광주광역시 사회재난과", "소재지지번주소": "동구 지산동 675-35", "소재지도로명주소": "동구 동계로67번길 20", "카메라대수": "4", "카메라화소": "200만", "촬영방면": "360도", "보관일수": "30일", "설치연도": "2019", "위도": 35.152746, "경도": 126.92662, "데이터기준일자": "2026-06-30" }, "geometry": { "type": "Point", "coordinates": [ 126.92662, 35.152746 ] } },
{ "type": "Feature", "properties": { "관리기관명": "광주광역시 사회재난과", "소재지지번주소": "동구 계림동 518-7", "소재지도로명주소": "동구 참판로6번길 6", "카메라대수": "3", "카메라화소": "200만", "촬영방면": "360도", "보관일수": "30일", "설치연도": "2019", "위도": 35.1599, "경도": 126.927172, "데이터기준일자": "2026-06-30" }, "geometry": { "type": "Point", "coordinates": [ 126.927172, 35.1599 ] } },
{ "type": "Feature", "properties": { "관리기관명": "광주광역시 사회재난과", "소재지지번주소": "동구 계림동 528-5", "소재지도로명주소": "동구 중흥로213번길 13-1", "카메라대수": "3", "카메라화소": "200만", "촬영방면": "360도", "보관일수": "30일", "설치연도": "2019", "위도": 35.161093, "경도": 126.917782, "데이터기준일자": "2026-06-30" }, "geometry": { "type": "Point", "coordinates": [ 126.917782, 35.161093 ] } },
{ "type": "Feature", "properties": { "관리기관명": "광주광역시 사회재난과", "소재지지번주소": "동구 산수동 363-30", "소재지도로명주소": "동구 동계로12번길 11-1", "카메라대수": "3", "카메라화소": "200만", "촬영방면": "360도", "보관일수": "30일", "설치연도": "2019", "위도": 35.152983, "경도": 126.925544, "데이터기준일자": "2026-06-30" }, "geometry": { "type": "Point", "coordinates": [ 126.925544, 35.152983 ] } },
{ "type": "Feature", "properties": { "관리기관명": "광주광역시 사회재난과", "소재지지번주소": "동구 산수동 361-1", "소재지도로명주소": "동구 경양로 340", "카메라대수": "3", "카메라화소": "200만", "촬영방면": "360도", "보관일수": "30일", "설치연도": "2019", "위도": 35.153846, "경도": 126.926381, "데이터기준일자": "2026-06-30" }, "geometry": { "type": "Point", "coordinates": [ 126.926381, 35.153846 ] } },
{ "type": "Feature", "properties": { "관리기관명": "광주광역시 사회재난과", "소재지지번주소": "북구 중흥동 687-3", "소재지도로명주소": "북구 중흥로174번길 2", "카메라대수": "4", "카메라화소": "200만", "촬영방면": "360도", "보관일수": "30일", "설치연도": "2019", "위도": 35.161293, "경도": 126.9129, "데이터기준일자": "2026-06-30" }, "geometry": { "type": "Point", "coordinates": [ 126.9129, 35.161293 ] } },
{ "type": "Feature", "properties": { "관리기관명": "광주광역시 사회재난과", "소재지지번주소": "북구 중흥동 685-1", "소재지도로명주소": "북구 중흥로 164", "카메라대수": "4", "카메라화소": "200만", "촬영방면": "360도", "보관일수": "30일", "설치연도": "2019", "위도": 35.161623, "경도": 126.911736, "데이터기준일자": "2026-06-30" }, "geometry": { "type": "Point", "coordinates": [ 126.911736, 35.161623 ] } },
{ "type": "Feature", "properties": { "관리기관명": "광주광역시 사회재난과", "소재지지번주소": "동구 호남동 39-1", "소재지도로명주소": "동구 중앙로 154", "카메라대수": "2", "카메라화소": "200만", "촬영방면": "360도", "보관일수": "30일", "설치연도": "2019", "위도": 35.148031, "경도": 126.912817, "데이터기준일자": "2026-06-30" }, "geometry": { "type": "Point", "coordinates": [ 126.912817, 35.148031 ] } },
{ "type": "Feature", "properties": { "관리기관명": "광주광역시 사회재난과", "소재지지번주소": "동구 동명동 200-153", "소재지도로명주소": "동구 동계로1번길 9", "카메라대수": "3", "카메라화소": "200만", "촬영방면": "360도", "보관일수": "30일", "설치연도": "2019", "위도": 35.152029, "경도": 126.923055, "데이터기준일자": "2026-06-30" }, "geometry": { "type": "Point", "coordinates": [ 126.923055, 35.152029 ] } },
{ "type": "Feature", "properties": { "관리기관명": "광주광역시 사회재난과", "소재지지번주소": "동구 동명동 200-153", "소재지도로명주소": "동구 동계로1번길 9", "카메라대수": "1", "카메라화소": "200만", "촬영방면": "360도", "보관일수": "30일", "설치연도": "2016", "위도": 35.152029, "경도": 126.923055, "데이터기준일자": "2026-06-30" }, "geometry": { "type": "Point", "coordinates": [ 126.923055, 35.152029 ] } },
{ "type": "Feature", "properties": { "관리기관명": "광주광역시 사회재난과", "소재지지번주소": "동구 호남동 15-2", "소재지도로명주소": "동구 천변우로 363-1", "카메라대수": "3", "카메라화소": "200만", "촬영방면": "360도", "보관일수": "30일", "설치연도": "2019", "위도": 35.148303, "경도": 126.911065, "데이터기준일자": "2026-06-30" }, "geometry": { "type": "Point", "coordinates": [ 126.911065, 35.148303 ] } },
{ "type": "Feature", "properties": { "관리기관명": "광주광역시 사회재난과", "소재지지번주소": "동구 호남동 15-2", "소재지도로명주소": "동구 천변우로 363-1", "카메라대수": "1", "카메라화소": "200만", "촬영방면": "360도", "보관일수": "30일", "설치연도": "2016", "위도": 35.148303, "경도": 126.911065, "데이터기준일자": "2026-06-30" }, "geometry": { "type": "Point", "coordinates": [ 126.911065, 35.148303 ] } },
{ "type": "Feature", "properties": { "관리기관명": "광주광역시 사회재난과", "소재지지번주소": "동구 계림동 584-1", "소재지도로명주소": "동구 경양로235번길 20", "카메라대수": "3", "카메라화소": "200만", "촬영방면": "360도", "보관일수": "30일", "설치연도": "2019", "위도": 35.158996, "경도": 126.917975, "데이터기준일자": "2026-06-30" }, "geometry": { "type": "Point", "coordinates": [ 126.917975, 35.158996 ] } },
{ "type": "Feature", "properties": { "관리기관명": "광주광역시 사회재난과", "소재지지번주소": "동구 계림동 584-1", "소재지도로명주소": "동구 경양로235번길 20", "카메라대수": "1", "카메라화소": "200만", "촬영방면": "360도", "보관일수": "30일", "설치연도": "2016", "위도": 35.158996, "경도": 126.917975, "데이터기준일자": "2026-06-30" }, "geometry": { "type": "Point", "coordinates": [ 126.917975, 35.158996 ] } },
{ "type": "Feature", "properties": { "관리기관명": "광주광역시 사회재난과", "소재지지번주소": "동구 지산동 518-21", "소재지도로명주소": "동구 필문대로273번길 5-1", "카메라대수": "3", "카메라화소": "200만", "촬영방면": "360도", "보관일수": "30일", "설치연도": "2019", "위도": 35.14656, "경도": 126.928325, "데이터기준일자": "2026-06-30" }, "geometry": { "type": "Point", "coordinates": [ 126.928325, 35.14656 ] } },
{ "type": "Feature", "properties": { "관리기관명": "광주광역시 사회재난과", "소재지지번주소": "동구 지산동 518-21", "소재지도로명주소": "동구 필문대로273번길 5-1", "카메라대수": "1", "카메라화소": "200만", "촬영방면": "360도", "보관일수": "30일", "설치연도": "2016", "위도": 35.14656, "경도": 126.928325, "데이터기준일자": "2026-06-30" }, "geometry": { "type": "Point", "coordinates": [ 126.928325, 35.14656 ] } },
{ "type": "Feature", "properties": { "관리기관명": "광주광역시 사회재난과", "소재지지번주소": "동구 지산동 518-21", "소재지도로명주소": "동구 필문대로273번길 5-1", "카메라대수": "1", "카메라화소": "200만", "촬영방면": "360도", "보관일수": "30일", "설치연도": "2020", "위도": 35.14656, "경도": 126.928325, "데이터기준일자": "2026-06-30" }, "geometry": { "type": "Point", "coordinates": [ 126.928325, 35.14656 ] } },
{ "type": "Feature", "properties": { "관리기관명": "광주광역시 사회재난과", "소재지지번주소": "남구 사동 121-13", "소재지도로명주소": "남구 사직안길 9-5", "카메라대수": "2", "카메라화소": "200만", "촬영방면": "360도", "보관일수": "30일", "설치연도": "2019", "위도": 35.143009, "경도": 126.913208, "데이터기준일자": "2026-06-30" }, "geometry": { "type": "Point", "coordinates": [ 126.913208, 35.143009 ] } },
{ "type": "Feature", "properties": { "관리기관명": "광주광역시 사회재난과", "소재지지번주소": "남구 사동 121-13", "소재지도로명주소": "남구 사직안길 9-5", "카메라대수": "1", "카메라화소": "200만", "촬영방면": "360도", "보관일수": "30일", "설치연도": "2016", "위도": 35.143009, "경도": 126.913208, "데이터기준일자": "2026-06-30" }, "geometry": { "type": "Point", "coordinates": [ 126.913208, 35.143009 ] } },
{ "type": "Feature", "properties": { "관리기관명": "광주광역시 사회재난과", "소재지지번주소": "동구 호남동 82", "소재지도로명주소": null, "카메라대수": "2", "카메라화소": "200만", "촬영방면": "360도", "보관일수": "30일", "설치연도": "2019", "위도": 35.147866, "경도": 126.911256, "데이터기준일자": "2026-06-30" }, "geometry": { "type": "Point", "coordinates": [ 126.911256, 35.147866 ] } },
{ "type": "Feature", "properties": { "관리기관명": "광주광역시 사회재난과", "소재지지번주소": "동구 호남동 82", "소재지도로명주소": null, "카메라대수": "1", "카메라화소": "200만", "촬영방면": "360도", "보관일수": "30일", "설치연도": "2016", "위도": 35.147866, "경도": 126.911256, "데이터기준일자": "2026-06-30" }, "geometry": { "type": "Point", "coordinates": [ 126.911256, 35.147866 ] } },
{ "type": "Feature", "properties": { "관리기관명": "광주광역시 사회재난과", "소재지지번주소": "남구 서동 240-7", "소재지도로명주소": null, "카메라대수": "3", "카메라화소": "200만", "촬영방면": "360도", "보관일수": "30일", "설치연도": "2019", "위도": 35.145498, "경도": 126.90942, "데이터기준일자": "2026-06-30" }, "geometry": { "type": "Point", "coordinates": [ 126.90942, 35.145498 ] } },
{ "type": "Feature", "properties": { "관리기관명": "광주광역시 사회재난과", "소재지지번주소": "남구 서동 240-7", "소재지도로명주소": null, "카메라대수": "1", "카메라화소": "200만", "촬영방면": "360도", "보관일수": "30일", "설치연도": "2016", "위도": 35.145498, "경도": 126.90942, "데이터기준일자": "2026-06-30" }, "geometry": { "type": "Point", "coordinates": [ 126.90942, 35.145498 ] } },
{ "type": "Feature", "properties": { "관리기관명": "광주광역시 사회재난과", "소재지지번주소": "동구 동명동 68-8", "소재지도로명주소": "동구 동계천로 159-11", "카메라대수": "4", "카메라화소": "200만", "촬영방면": "360도", "보관일수": "30일", "설치연도": "2019", "위도": 35.149821, "경도": 126.926351, "데이터기준일자": "2026-06-30" }, "geometry": { "type": "Point", "coordinates": [ 126.926351, 35.149821 ] } },
{ "type": "Feature", "properties": { "관리기관명": "광주광역시 사회재난과", "소재지지번주소": "동구 계림동 567-1", "소재지도로명주소": "동구 중흥로227번길 18", "카메라대수": "3", "카메라화소": "200만", "촬영방면": "360도", "보관일수": "30일", "설치연도": "2019", "위도": 35.161068, "경도": 126.919211, "데이터기준일자": "2026-06-30" }, "geometry": { "type": "Point", "coordinates": [ 126.919211, 35.161068 ] } },
{ "type": "Feature", "properties": { "관리기관명": "광주광역시 사회재난과", "소재지지번주소": "동구 계림동 567-1", "소재지도로명주소": "동구 중흥로227번길 18", "카메라대수": "1", "카메라화소": "200만", "촬영방면": "360도", "보관일수": "30일", "설치연도": "2024", "위도": 35.161068, "경도": 126.919211, "데이터기준일자": "2026-06-30" }, "geometry": { "type": "Point", "coordinates": [ 126.919211, 35.161068 ] } },
{ "type": "Feature", "properties": { "관리기관명": "광주광역시 사회재난과", "소재지지번주소": "동구 지산동 708-3", "소재지도로명주소": "동구 밤실로23번길 7", "카메라대수": "2", "카메라화소": "200만", "촬영방면": "360도", "보관일수": "30일", "설치연도": "2019", "위도": 35.149866, "경도": 126.936376, "데이터기준일자": "2026-06-30" }, "geometry": { "type": "Point", "coordinates": [ 126.936376, 35.149866 ] } },
{ "type": "Feature", "properties": { "관리기관명": "광주광역시 사회재난과", "소재지지번주소": "동구 지산동 708-3", "소재지도로명주소": "동구 밤실로23번길 7", "카메라대수": "1", "카메라화소": "200만", "촬영방면": "360도", "보관일수": "30일", "설치연도": "2024", "위도": 35.149866, "경도": 126.936376, "데이터기준일자": "2026-06-30" }, "geometry": { "type": "Point", "coordinates": [ 126.936376, 35.149866 ] } },
{ "type": "Feature", "properties": { "관리기관명": "광주광역시 사회재난과", "소재지지번주소": "동구 남동 167-6", "소재지도로명주소": "동구 문화전당로23번길 6-4", "카메라대수": "3", "카메라화소": "200만", "촬영방면": "360도", "보관일수": "30일", "설치연도": "2019", "위도": 35.144548, "경도": 126.918993, "데이터기준일자": "2026-06-30" }, "geometry": { "type": "Point", "coordinates": [ 126.918993, 35.144548 ] } },
{ "type": "Feature", "properties": { "관리기관명": "광주광역시 사회재난과", "소재지지번주소": "동구 남동 167-6", "소재지도로명주소": "동구 문화전당로23번길 6-4", "카메라대수": "1", "카메라화소": "200만", "촬영방면": "360도", "보관일수": "30일", "설치연도": "2024", "위도": 35.144548, "경도": 126.918993, "데이터기준일자": "2026-06-30" }, "geometry": { "type": "Point", "coordinates": [ 126.918993, 35.144548 ] } },
{ "type": "Feature", "properties": { "관리기관명": "광주광역시 사회재난과", "소재지지번주소": "동구 지산동 413-1", "소재지도로명주소": "동구 동명로98번길 17", "카메라대수": "3", "카메라화소": "200만", "촬영방면": "360도", "보관일수": "30일", "설치연도": "2019", "위도": 35.149228, "경도": 126.930611, "데이터기준일자": "2026-06-30" }, "geometry": { "type": "Point", "coordinates": [ 126.930611, 35.149228 ] } },
{ "type": "Feature", "properties": { "관리기관명": "광주광역시 사회재난과", "소재지지번주소": "동구 지산동 413-1", "소재지도로명주소": "동구 동명로98번길 17", "카메라대수": "1", "카메라화소": "200만", "촬영방면": "360도", "보관일수": "30일", "설치연도": "2024", "위도": 35.149228, "경도": 126.930611, "데이터기준일자": "2026-06-30" }, "geometry": { "type": "Point", "coordinates": [ 126.930611, 35.149228 ] } },
{ "type": "Feature", "properties": { "관리기관명": "광주광역시 사회재난과", "소재지지번주소": "동구 서석동 101", "소재지도로명주소": "동구 제봉로98번길 8", "카메라대수": "4", "카메라화소": "200만", "촬영방면": "360도", "보관일수": "30일", "설치연도": "2019", "위도": 35.144036, "경도": 126.922965, "데이터기준일자": "2026-06-30" }, "geometry": { "type": "Point", "coordinates": [ 126.922965, 35.144036 ] } },
{ "type": "Feature", "properties": { "관리기관명": "광주광역시 사회재난과", "소재지지번주소": "동구 산수동 534-1", "소재지도로명주소": "동구 필문대로123번길 7", "카메라대수": "4", "카메라화소": "200만", "촬영방면": "360도", "보관일수": "30일", "설치연도": "2019", "위도": 35.15984, "경도": 126.93167, "데이터기준일자": "2026-06-30" }, "geometry": { "type": "Point", "coordinates": [ 126.93167, 35.15984 ] } },
{ "type": "Feature", "properties": { "관리기관명": "광주광역시 사회재난과", "소재지지번주소": "북구 북동 58-7", "소재지도로명주소": null, "카메라대수": "3", "카메라화소": "200만", "촬영방면": "360도", "보관일수": "30일", "설치연도": "2019", "위도": 35.15565, "경도": 126.909707, "데이터기준일자": "2026-06-30" }, "geometry": { "type": "Point", "coordinates": [ 126.909707, 35.15565 ] } },
{ "type": "Feature", "properties": { "관리기관명": "광주광역시 사회재난과", "소재지지번주소": "동구 산수동 539-5", "소재지도로명주소": "동구 필문대로171번길 1-25", "카메라대수": "2", "카메라화소": "200만", "촬영방면": "360도", "보관일수": "30일", "설치연도": "2019", "위도": 35.156068, "경도": 126.932463, "데이터기준일자": "2026-06-30" }, "geometry": { "type": "Point", "coordinates": [ 126.932463, 35.156068 ] } },
{ "type": "Feature", "properties": { "관리기관명": "광주광역시 사회재난과", "소재지지번주소": "동구 산수동 401-123", "소재지도로명주소": null, "카메라대수": "3", "카메라화소": "200만", "촬영방면": "360도", "보관일수": "30일", "설치연도": "2019", "위도": 35.155423, "경도": 126.927687, "데이터기준일자": "2026-06-30" }, "geometry": { "type": "Point", "coordinates": [ 126.927687, 35.155423 ] } },
{ "type": "Feature", "properties": { "관리기관명": "광주광역시 사회재난과", "소재지지번주소": "남구 양림동 52-4", "소재지도로명주소": "남구 오기원길 28", "카메라대수": "2", "카메라화소": "200만", "촬영방면": "360도", "보관일수": "30일", "설치연도": "2020", "위도": 35.140161, "경도": 126.915964, "데이터기준일자": "2026-06-30" }, "geometry": { "type": "Point", "coordinates": [ 126.915964, 35.140161 ] } },
{ "type": "Feature", "properties": { "관리기관명": "광주광역시 사회재난과", "소재지지번주소": "남구 양림동 201-102", "소재지도로명주소": "남구 백서로 92-13", "카메라대수": "3", "카메라화소": "200만", "촬영방면": "360도", "보관일수": "30일", "설치연도": "2020", "위도": 35.140188, "경도": 126.916562, "데이터기준일자": "2026-06-30" }, "geometry": { "type": "Point", "coordinates": [ 126.916562, 35.140188 ] } },
{ "type": "Feature", "properties": { "관리기관명": "광주광역시 사회재난과", "소재지지번주소": "북구 북동 2-13", "소재지도로명주소": "북구 제봉로 255", "카메라대수": "3", "카메라화소": "200만", "촬영방면": "360도", "보관일수": "30일", "설치연도": "2020", "위도": 35.157297, "경도": 126.911702, "데이터기준일자": "2026-06-30" }, "geometry": { "type": "Point", "coordinates": [ 126.911702, 35.157297 ] } },
{ "type": "Feature", "properties": { "관리기관명": "광주광역시 사회재난과", "소재지지번주소": "북구 북동 2-22", "소재지도로명주소": "북구 금재로75번길 22", "카메라대수": "2", "카메라화소": "200만", "촬영방면": "360도", "보관일수": "30일", "설치연도": "2020", "위도": 35.157179, "경도": 126.911114, "데이터기준일자": "2026-06-30" }, "geometry": { "type": "Point", "coordinates": [ 126.911114, 35.157179 ] } },
{ "type": "Feature", "properties": { "관리기관명": "광주광역시 사회재난과", "소재지지번주소": "북구 문흥동 1011-6", "소재지도로명주소": "북구 문산로 4", "카메라대수": "4", "카메라화소": "200만", "촬영방면": "360도", "보관일수": "30일", "설치연도": "2020", "위도": 35.153922, "경도": 126.912452, "데이터기준일자": "2026-06-30" }, "geometry": { "type": "Point", "coordinates": [ 126.912452, 35.153922 ] } },
{ "type": "Feature", "properties": { "관리기관명": "광주광역시 사회재난과", "소재지지번주소": "북구 중흥동 655-25", "소재지도로명주소": "북구 중흥로183번길 8", "카메라대수": "3", "카메라화소": "200만", "촬영방면": "360도", "보관일수": "30일", "설치연도": "2020", "위도": 35.161491, "경도": 126.913944, "데이터기준일자": "2026-06-30" }, "geometry": { "type": "Point", "coordinates": [ 126.913944, 35.161491 ] } },
{ "type": "Feature", "properties": { "관리기관명": "광주광역시 사회재난과", "소재지지번주소": "동구 지산동 170-29", "소재지도로명주소": "동구 지호로86번길 24 앞", "카메라대수": "3", "카메라화소": "200만", "촬영방면": "360도", "보관일수": "30일", "설치연도": "2020", "위도": 35.146146, "경도": 126.939598, "데이터기준일자": "2026-06-30" }, "geometry": { "type": "Point", "coordinates": [ 126.939598, 35.146146 ] } },
{ "type": "Feature", "properties": { "관리기관명": "광주광역시 사회재난과", "소재지지번주소": "동구 지산동 170-29", "소재지도로명주소": "동구 지호로86번길 24 앞", "카메라대수": "1", "카메라화소": "200만", "촬영방면": "360도", "보관일수": "30일", "설치연도": "2017", "위도": 35.146146, "경도": 126.939598, "데이터기준일자": "2026-06-30" }, "geometry": { "type": "Point", "coordinates": [ 126.939598, 35.146146 ] } },
{ "type": "Feature", "properties": { "관리기관명": "광주광역시 사회재난과", "소재지지번주소": "동구 동명동 154-26", "소재지도로명주소": "동구 동명로20번길 9", "카메라대수": "3", "카메라화소": "200만", "촬영방면": "360도", "보관일수": "30일", "설치연도": "2020", "위도": 35.15061, "경도": 126.92465, "데이터기준일자": "2026-06-30" }, "geometry": { "type": "Point", "coordinates": [ 126.92465, 35.15061 ] } },
{ "type": "Feature", "properties": { "관리기관명": "광주광역시 사회재난과", "소재지지번주소": "동구 동명동 154-26", "소재지도로명주소": "동구 동명로20번길 9", "카메라대수": "1", "카메라화소": "200만", "촬영방면": "360도", "보관일수": "30일", "설치연도": "2019", "위도": 35.15061, "경도": 126.92465, "데이터기준일자": "2026-06-30" }, "geometry": { "type": "Point", "coordinates": [ 126.92465, 35.15061 ] } },
{ "type": "Feature", "properties": { "관리기관명": "광주광역시 사회재난과", "소재지지번주소": "동구 지산동 185-11 앞", "소재지도로명주소": null, "카메라대수": "1", "카메라화소": "200만", "촬영방면": "360도", "보관일수": "30일", "설치연도": "2020", "위도": 35.147261, "경도": 126.935083, "데이터기준일자": "2026-06-30" }, "geometry": { "type": "Point", "coordinates": [ 126.935083, 35.147261 ] } },
{ "type": "Feature", "properties": { "관리기관명": "광주광역시 사회재난과", "소재지지번주소": "동구 지산동 185-11 앞", "소재지도로명주소": null, "카메라대수": "1", "카메라화소": "200만", "촬영방면": "360도", "보관일수": "30일", "설치연도": "2016", "위도": 35.147261, "경도": 126.935083, "데이터기준일자": "2026-06-30" }, "geometry": { "type": "Point", "coordinates": [ 126.935083, 35.147261 ] } },
{ "type": "Feature", "properties": { "관리기관명": "광주광역시 사회재난과", "소재지지번주소": "동구 동명동 68-45", "소재지도로명주소": null, "카메라대수": "2", "카메라화소": "200만", "촬영방면": "360도", "보관일수": "30일", "설치연도": "2020", "위도": 35.150289, "경도": 126.926929, "데이터기준일자": "2026-06-30" }, "geometry": { "type": "Point", "coordinates": [ 126.926929, 35.150289 ] } },
{ "type": "Feature", "properties": { "관리기관명": "광주광역시 사회재난과", "소재지지번주소": "동구 동명동 68-45", "소재지도로명주소": null, "카메라대수": "1", "카메라화소": "200만", "촬영방면": "360도", "보관일수": "30일", "설치연도": "2019", "위도": 35.150289, "경도": 126.926929, "데이터기준일자": "2026-06-30" }, "geometry": { "type": "Point", "coordinates": [ 126.926929, 35.150289 ] } },
{ "type": "Feature", "properties": { "관리기관명": "광주광역시 사회재난과", "소재지지번주소": "동구 지산동 441-2", "소재지도로명주소": "동구 지산로57번길 12", "카메라대수": "1", "카메라화소": "200만", "촬영방면": "360도", "보관일수": "30일", "설치연도": "2025", "위도": 35.149079, "경도": 126.931822, "데이터기준일자": "2026-06-30" }, "geometry": { "type": "Point", "coordinates": [ 126.931822, 35.149079 ] } },
{ "type": "Feature", "properties": { "관리기관명": "광주광역시 사회재난과", "소재지지번주소": "동구 지산동 441-2", "소재지도로명주소": "동구 지산로57번길 12", "카메라대수": "2", "카메라화소": "200만", "촬영방면": "360도", "보관일수": "30일", "설치연도": "2025", "위도": 35.149079, "경도": 126.931822, "데이터기준일자": "2026-06-30" }, "geometry": { "type": "Point", "coordinates": [ 126.931822, 35.149079 ] } },
{ "type": "Feature", "properties": { "관리기관명": "광주광역시 사회재난과", "소재지지번주소": "동구 불로동 33-3", "소재지도로명주소": "동구 천변우로 393-28", "카메라대수": "2", "카메라화소": "200만", "촬영방면": "360도", "보관일수": "30일", "설치연도": "2020", "위도": 35.146564, "경도": 126.913692, "데이터기준일자": "2026-06-30" }, "geometry": { "type": "Point", "coordinates": [ 126.913692, 35.146564 ] } },
{ "type": "Feature", "properties": { "관리기관명": "광주광역시 사회재난과", "소재지지번주소": "동구 불로동 33-3", "소재지도로명주소": "동구 천변우로 393-28", "카메라대수": "1", "카메라화소": "200만", "촬영방면": "360도", "보관일수": "30일", "설치연도": "2017", "위도": 35.146564, "경도": 126.913692, "데이터기준일자": "2026-06-30" }, "geometry": { "type": "Point", "coordinates": [ 126.913692, 35.146564 ] } },
{ "type": "Feature", "properties": { "관리기관명": "광주광역시 사회재난과", "소재지지번주소": "동구 계림동 944", "소재지도로명주소": null, "카메라대수": "4", "카메라화소": "200만", "촬영방면": "360도", "보관일수": "30일", "설치연도": "2020", "위도": 35.158951, "경도": 126.91409, "데이터기준일자": "2026-06-30" }, "geometry": { "type": "Point", "coordinates": [ 126.91409, 35.158951 ] } },
{ "type": "Feature", "properties": { "관리기관명": "광주광역시 사회재난과", "소재지지번주소": "동구 계림동 969", "소재지도로명주소": null, "카메라대수": "5", "카메라화소": "200만", "촬영방면": "360도", "보관일수": "30일", "설치연도": "2020", "위도": 35.157557, "경도": 126.913513, "데이터기준일자": "2026-06-30" }, "geometry": { "type": "Point", "coordinates": [ 126.913513, 35.157557 ] } },
{ "type": "Feature", "properties": { "관리기관명": "광주광역시 사회재난과", "소재지지번주소": "남구 양림동 310", "소재지도로명주소": null, "카메라대수": "2", "카메라화소": "200만", "촬영방면": "360도", "보관일수": "30일", "설치연도": "2020", "위도": 35.142666, "경도": 126.915681, "데이터기준일자": "2026-06-30" }, "geometry": { "type": "Point", "coordinates": [ 126.915681, 35.142666 ] } },
{ "type": "Feature", "properties": { "관리기관명": "광주광역시 사회재난과", "소재지지번주소": "남구 양림동 310", "소재지도로명주소": null, "카메라대수": "1", "카메라화소": "200만", "촬영방면": "360도", "보관일수": "30일", "설치연도": "2023", "위도": 35.142666, "경도": 126.915681, "데이터기준일자": "2026-06-30" }, "geometry": { "type": "Point", "coordinates": [ 126.915681, 35.142666 ] } },
{ "type": "Feature", "properties": { "관리기관명": "광주광역시 사회재난과", "소재지지번주소": "남구 양림동 310", "소재지도로명주소": null, "카메라대수": "2", "카메라화소": "200만", "촬영방면": "360도", "보관일수": "30일", "설치연도": "2020", "위도": 35.142277, "경도": 126.915253, "데이터기준일자": "2026-06-30" }, "geometry": { "type": "Point", "coordinates": [ 126.915253, 35.142277 ] } },
{ "type": "Feature", "properties": { "관리기관명": "광주광역시 사회재난과", "소재지지번주소": "남구 양림동 154-1", "소재지도로명주소": "남구 서서평길 18-7", "카메라대수": "2", "카메라화소": "200만", "촬영방면": "360도", "보관일수": "30일", "설치연도": "2020", "위도": 35.141388, "경도": 126.914979, "데이터기준일자": "2026-06-30" }, "geometry": { "type": "Point", "coordinates": [ 126.914979, 35.141388 ] } },
{ "type": "Feature", "properties": { "관리기관명": "광주광역시 사회재난과", "소재지지번주소": "남구 양림동 183-27", "소재지도로명주소": "남구 서서평길 17", "카메라대수": "2", "카메라화소": "200만", "촬영방면": "360도", "보관일수": "30일", "설치연도": "2020", "위도": 35.141228, "경도": 126.914389, "데이터기준일자": "2026-06-30" }, "geometry": { "type": "Point", "coordinates": [ 126.914389, 35.141228 ] } },
{ "type": "Feature", "properties": { "관리기관명": "광주광역시 사회재난과", "소재지지번주소": "남구 양림동 24-27", "소재지도로명주소": "남구 천변좌로446번길 5", "카메라대수": "2", "카메라화소": "200만", "촬영방면": "360도", "보관일수": "30일", "설치연도": "2020", "위도": 35.140324, "경도": 126.917342, "데이터기준일자": "2026-06-30" }, "geometry": { "type": "Point", "coordinates": [ 126.917342, 35.140324 ] } },
{ "type": "Feature", "properties": { "관리기관명": "광주광역시 사회재난과", "소재지지번주소": "남구 양림동 24-137", "소재지도로명주소": "남구 천변좌로446번길 1", "카메라대수": "2", "카메라화소": "200만", "촬영방면": "360도", "보관일수": "30일", "설치연도": "2020", "위도": 35.140524, "경도": 126.917709, "데이터기준일자": "2026-06-30" }, "geometry": { "type": "Point", "coordinates": [ 126.917709, 35.140524 ] } },
{ "type": "Feature", "properties": { "관리기관명": "광주광역시 사회재난과", "소재지지번주소": "남구 양림동 24-16", "소재지도로명주소": "남구 천변좌로 438", "카메라대수": "4", "카메라화소": "200만", "촬영방면": "360도", "보관일수": "30일", "설치연도": "2020", "위도": 35.141072, "경도": 126.917174, "데이터기준일자": "2026-06-30" }, "geometry": { "type": "Point", "coordinates": [ 126.917174, 35.141072 ] } },
{ "type": "Feature", "properties": { "관리기관명": "광주광역시 사회재난과", "소재지지번주소": "남구 양림동 201-111", "소재지도로명주소": null, "카메라대수": "4", "카메라화소": "200만", "촬영방면": "360도", "보관일수": "30일", "설치연도": "2020", "위도": 35.141393, "경도": 126.915658, "데이터기준일자": "2026-06-30" }, "geometry": { "type": "Point", "coordinates": [ 126.915658, 35.141393 ] } },
{ "type": "Feature", "properties": { "관리기관명": "광주광역시 사회재난과", "소재지지번주소": "동구 학동 524-12", "소재지도로명주소": "동구 필문대로 341-5", "카메라대수": "3", "카메라화소": "200만", "촬영방면": "360도", "보관일수": "30일", "설치연도": "2021", "위도": 35.14152, "경도": 126.924353, "데이터기준일자": "2026-06-30" }, "geometry": { "type": "Point", "coordinates": [ 126.924353, 35.14152 ] } },
{ "type": "Feature", "properties": { "관리기관명": "광주광역시 사회재난과", "소재지지번주소": "남구 백운동 408-32", "소재지도로명주소": "남구 제중로 124", "카메라대수": "3", "카메라화소": "200만", "촬영방면": "360도", "보관일수": "30일", "설치연도": "2021", "위도": 35.142565, "경도": 126.907651, "데이터기준일자": "2026-06-30" }, "geometry": { "type": "Point", "coordinates": [ 126.907651, 35.142565 ] } },
{ "type": "Feature", "properties": { "관리기관명": "광주광역시 사회재난과", "소재지지번주소": "남구 구동 51-16", "소재지도로명주소": "남구 천변좌로370번길 16", "카메라대수": "2", "카메라화소": "200만", "촬영방면": "360도", "보관일수": "30일", "설치연도": "2021", "위도": 35.14476, "경도": 126.910956, "데이터기준일자": "2026-06-30" }, "geometry": { "type": "Point", "coordinates": [ 126.910956, 35.14476 ] } },
{ "type": "Feature", "properties": { "관리기관명": "광주광역시 사회재난과", "소재지지번주소": "남구 사동 135-3", "소재지도로명주소": null, "카메라대수": "3", "카메라화소": "200만", "촬영방면": "360도", "보관일수": "30일", "설치연도": "2021", "위도": 35.144036, "경도": 126.911417, "데이터기준일자": "2026-06-30" }, "geometry": { "type": "Point", "coordinates": [ 126.911417, 35.144036 ] } },
{ "type": "Feature", "properties": { "관리기관명": "광주광역시 사회재난과", "소재지지번주소": "남구 사동 177", "소재지도로명주소": "남구 사직길 49", "카메라대수": "3", "카메라화소": "200만", "촬영방면": "360도", "보관일수": "30일", "설치연도": "2021", "위도": 35.143157, "경도": 126.91061, "데이터기준일자": "2026-06-30" }, "geometry": { "type": "Point", "coordinates": [ 126.91061, 35.143157 ] } },
{ "type": "Feature", "properties": { "관리기관명": "광주광역시 사회재난과", "소재지지번주소": "남구 사동 177-52", "소재지도로명주소": null, "카메라대수": "2", "카메라화소": "200만", "촬영방면": "360도", "보관일수": "30일", "설치연도": "2021", "위도": 35.142478, "경도": 126.912714, "데이터기준일자": "2026-06-30" }, "geometry": { "type": "Point", "coordinates": [ 126.912714, 35.142478 ] } },
{ "type": "Feature", "properties": { "관리기관명": "광주광역시 사회재난과", "소재지지번주소": "남구 사동 177-52", "소재지도로명주소": null, "카메라대수": "1", "카메라화소": "200만", "촬영방면": "360도", "보관일수": "30일", "설치연도": "2021", "위도": 35.14277, "경도": 126.912429, "데이터기준일자": "2026-06-30" }, "geometry": { "type": "Point", "coordinates": [ 126.912429, 35.14277 ] } },
{ "type": "Feature", "properties": { "관리기관명": "광주광역시 사회재난과", "소재지지번주소": "남구 사동 177-52", "소재지도로명주소": null, "카메라대수": "1", "카메라화소": "200만", "촬영방면": "360도", "보관일수": "30일", "설치연도": "2024", "위도": 35.14277, "경도": 126.912429, "데이터기준일자": "2026-06-30" }, "geometry": { "type": "Point", "coordinates": [ 126.912429, 35.14277 ] } },
{ "type": "Feature", "properties": { "관리기관명": "광주광역시 사회재난과", "소재지지번주소": "동구 지산동 715-1", "소재지도로명주소": "동구 동명로 114", "카메라대수": "4", "카메라화소": "200만", "촬영방면": "360도", "보관일수": "30일", "설치연도": "2021", "위도": 35.150675, "경도": 126.933101, "데이터기준일자": "2026-06-30" }, "geometry": { "type": "Point", "coordinates": [ 126.933101, 35.150675 ] } },
{ "type": "Feature", "properties": { "관리기관명": "광주광역시 사회재난과", "소재지지번주소": "동구 지산동 480", "소재지도로명주소": "동구 필문대로273번길 21", "카메라대수": "1", "카메라화소": "200만", "촬영방면": "360도", "보관일수": "30일", "설치연도": "2021", "위도": 35.146073, "경도": 126.929576, "데이터기준일자": "2026-06-30" }, "geometry": { "type": "Point", "coordinates": [ 126.929576, 35.146073 ] } },
{ "type": "Feature", "properties": { "관리기관명": "광주광역시 사회재난과", "소재지지번주소": "동구 계림동 486-9", "소재지도로명주소": "동구 구성로 249", "카메라대수": "1", "카메라화소": "200만", "촬영방면": "360도", "보관일수": "30일", "설치연도": "2021", "위도": 35.156591, "경도": 126.918016, "데이터기준일자": "2026-06-30" }, "geometry": { "type": "Point", "coordinates": [ 126.918016, 35.156591 ] } },
{ "type": "Feature", "properties": { "관리기관명": "광주광역시 사회재난과", "소재지지번주소": "동구 계림동 486-9", "소재지도로명주소": "동구 구성로 249", "카메라대수": "3", "카메라화소": "200만", "촬영방면": "360도", "보관일수": "30일", "설치연도": "2021", "위도": 35.156591, "경도": 126.918016, "데이터기준일자": "2026-06-30" }, "geometry": { "type": "Point", "coordinates": [ 126.918016, 35.156591 ] } },
{ "type": "Feature", "properties": { "관리기관명": "광주광역시 사회재난과", "소재지지번주소": "동구 황금동 87-3", "소재지도로명주소": "동구 서석로 29", "카메라대수": "1", "카메라화소": "200만", "촬영방면": "360도", "보관일수": "30일", "설치연도": "2021", "위도": 35.146013, "경도": 126.91685, "데이터기준일자": "2026-06-30" }, "geometry": { "type": "Point", "coordinates": [ 126.91685, 35.146013 ] } },
{ "type": "Feature", "properties": { "관리기관명": "광주광역시 사회재난과", "소재지지번주소": "동구 황금동 87-3", "소재지도로명주소": "동구 서석로 29", "카메라대수": "1", "카메라화소": "200만", "촬영방면": "360도", "보관일수": "30일", "설치연도": "2021", "위도": 35.146013, "경도": 126.91685, "데이터기준일자": "2026-06-30" }, "geometry": { "type": "Point", "coordinates": [ 126.91685, 35.146013 ] } },
{ "type": "Feature", "properties": { "관리기관명": "광주광역시 사회재난과", "소재지지번주소": "동구 충장로1가 9-9", "소재지도로명주소": "동구 서석로 47-1", "카메라대수": "1", "카메라화소": "200만", "촬영방면": "360도", "보관일수": "30일", "설치연도": "2021", "위도": 35.146875, "경도": 126.91871, "데이터기준일자": "2026-06-30" }, "geometry": { "type": "Point", "coordinates": [ 126.91871, 35.146875 ] } },
{ "type": "Feature", "properties": { "관리기관명": "광주광역시 사회재난과", "소재지지번주소": "동구 불로동 92-5", "소재지도로명주소": "동구 서석로 7", "카메라대수": "1", "카메라화소": "200만", "촬영방면": "360도", "보관일수": "30일", "설치연도": "2021", "위도": 35.146015, "경도": 126.916875, "데이터기준일자": "2026-06-30" }, "geometry": { "type": "Point", "coordinates": [ 126.916875, 35.146015 ] } },
{ "type": "Feature", "properties": { "관리기관명": "광주광역시 사회재난과", "소재지지번주소": "동구 불로동 92-5", "소재지도로명주소": "동구 서석로 7", "카메라대수": "1", "카메라화소": "200만", "촬영방면": "360도", "보관일수": "30일", "설치연도": "2021", "위도": 35.146015, "경도": 126.916875, "데이터기준일자": "2026-06-30" }, "geometry": { "type": "Point", "coordinates": [ 126.916875, 35.146015 ] } },
{ "type": "Feature", "properties": { "관리기관명": "광주광역시 사회재난과", "소재지지번주소": "동구 남동 164", "소재지도로명주소": "동구 문화전당로 15-2", "카메라대수": "1", "카메라화소": "200만", "촬영방면": "360도", "보관일수": "30일", "설치연도": "2021", "위도": 35.143852, "경도": 126.919901, "데이터기준일자": "2026-06-30" }, "geometry": { "type": "Point", "coordinates": [ 126.919901, 35.143852 ] } },
{ "type": "Feature", "properties": { "관리기관명": "광주광역시 사회재난과", "소재지지번주소": "동구 서석동 41-12", "소재지도로명주소": "동구 제봉로82번길 19", "카메라대수": "1", "카메라화소": "200만", "촬영방면": "360도", "보관일수": "30일", "설치연도": "2021", "위도": 35.147079, "경도": 126.923374, "데이터기준일자": "2026-06-30" }, "geometry": { "type": "Point", "coordinates": [ 126.923374, 35.147079 ] } },
{ "type": "Feature", "properties": { "관리기관명": "광주광역시 사회재난과", "소재지지번주소": "동구 서석동 41-12", "소재지도로명주소": "동구 제봉로82번길 19", "카메라대수": "1", "카메라화소": "200만", "촬영방면": "360도", "보관일수": "30일", "설치연도": "2021", "위도": 35.147079, "경도": 126.923374, "데이터기준일자": "2026-06-30" }, "geometry": { "type": "Point", "coordinates": [ 126.923374, 35.147079 ] } },
{ "type": "Feature", "properties": { "관리기관명": "광주광역시 사회재난과", "소재지지번주소": "동구 대인동 323-14", "소재지도로명주소": "동구 구성로 221-1", "카메라대수": "1", "카메라화소": "200만", "촬영방면": "360도", "보관일수": "30일", "설치연도": "2021", "위도": 35.154892, "경도": 126.916136, "데이터기준일자": "2026-06-30" }, "geometry": { "type": "Point", "coordinates": [ 126.916136, 35.154892 ] } },
{ "type": "Feature", "properties": { "관리기관명": "광주광역시 사회재난과", "소재지지번주소": "동구 대인동 323-14", "소재지도로명주소": "동구 구성로 221-1", "카메라대수": "1", "카메라화소": "200만", "촬영방면": "360도", "보관일수": "30일", "설치연도": "2021", "위도": 35.154892, "경도": 126.916136, "데이터기준일자": "2026-06-30" }, "geometry": { "type": "Point", "coordinates": [ 126.916136, 35.154892 ] } },
{ "type": "Feature", "properties": { "관리기관명": "광주광역시 사회재난과", "소재지지번주소": "동구 산수동 524-29", "소재지도로명주소": "동구 무등로 494", "카메라대수": "1", "카메라화소": "200만", "촬영방면": "360도", "보관일수": "30일", "설치연도": "2021", "위도": 35.155232, "경도": 126.933688, "데이터기준일자": "2026-06-30" }, "geometry": { "type": "Point", "coordinates": [ 126.933688, 35.155232 ] } },
{ "type": "Feature", "properties": { "관리기관명": "광주광역시 사회재난과", "소재지지번주소": "동구 산수동 524-29", "소재지도로명주소": "동구 무등로 494", "카메라대수": "1", "카메라화소": "200만", "촬영방면": "360도", "보관일수": "30일", "설치연도": "2021", "위도": 35.155232, "경도": 126.933688, "데이터기준일자": "2026-06-30" }, "geometry": { "type": "Point", "coordinates": [ 126.933688, 35.155232 ] } },
{ "type": "Feature", "properties": { "관리기관명": "광주광역시 사회재난과", "소재지지번주소": "동구 남동 69", "소재지도로명주소": "동구 백서로 153", "카메라대수": "1", "카메라화소": "200만", "촬영방면": "360도", "보관일수": "30일", "설치연도": "2021", "위도": 35.14306, "경도": 126.921951, "데이터기준일자": "2026-06-30" }, "geometry": { "type": "Point", "coordinates": [ 126.921951, 35.14306 ] } },
{ "type": "Feature", "properties": { "관리기관명": "광주광역시 사회재난과", "소재지지번주소": "동구 남동 69", "소재지도로명주소": "동구 백서로 153", "카메라대수": "1", "카메라화소": "200만", "촬영방면": "360도", "보관일수": "30일", "설치연도": "2021", "위도": 35.14306, "경도": 126.921951, "데이터기준일자": "2026-06-30" }, "geometry": { "type": "Point", "coordinates": [ 126.921951, 35.14306 ] } },
{ "type": "Feature", "properties": { "관리기관명": "광주광역시 사회재난과", "소재지지번주소": "동구 충장로4가 29-2", "소재지도로명주소": "동구 중앙로 163", "카메라대수": "1", "카메라화소": "200만", "촬영방면": "360도", "보관일수": "30일", "설치연도": "2021", "위도": 35.148881, "경도": 126.912502, "데이터기준일자": "2026-06-30" }, "geometry": { "type": "Point", "coordinates": [ 126.912502, 35.148881 ] } },
{ "type": "Feature", "properties": { "관리기관명": "광주광역시 사회재난과", "소재지지번주소": "동구 동명동 23-16", "소재지도로명주소": "동구 장동로 23-16", "카메라대수": "1", "카메라화소": "200만", "촬영방면": "360도", "보관일수": "30일", "설치연도": "2021", "위도": 35.148828, "경도": 126.925057, "데이터기준일자": "2026-06-30" }, "geometry": { "type": "Point", "coordinates": [ 126.925057, 35.148828 ] } },
{ "type": "Feature", "properties": { "관리기관명": "광주광역시 사회재난과", "소재지지번주소": "동구 동명동 23-16", "소재지도로명주소": "동구 장동로 23-16", "카메라대수": "2", "카메라화소": "200만", "촬영방면": "360도", "보관일수": "30일", "설치연도": "2021", "위도": 35.148828, "경도": 126.925057, "데이터기준일자": "2026-06-30" }, "geometry": { "type": "Point", "coordinates": [ 126.925057, 35.148828 ] } },
{ "type": "Feature", "properties": { "관리기관명": "광주광역시 사회재난과", "소재지지번주소": "동구 산수동 573-1", "소재지도로명주소": "동구 밤실로 142", "카메라대수": "3", "카메라화소": "200만", "촬영방면": "360도", "보관일수": "30일", "설치연도": "2021", "위도": 35.160739, "경도": 126.935263, "데이터기준일자": "2026-06-30" }, "geometry": { "type": "Point", "coordinates": [ 126.935263, 35.160739 ] } },
{ "type": "Feature", "properties": { "관리기관명": "광주광역시 사회재난과", "소재지지번주소": "동구 충장로3가 32-4", "소재지도로명주소": "동구 중앙로 170", "카메라대수": "2", "카메라화소": "200만", "촬영방면": "360도", "보관일수": "30일", "설치연도": "2021", "위도": 35.14898, "경도": 126.914002, "데이터기준일자": "2026-06-30" }, "geometry": { "type": "Point", "coordinates": [ 126.914002, 35.14898 ] } },
{ "type": "Feature", "properties": { "관리기관명": "광주광역시 사회재난과", "소재지지번주소": "동구 금남로3가 3-5", "소재지도로명주소": "동구 금남로 221", "카메라대수": "4", "카메라화소": "200만", "촬영방면": "360도", "보관일수": "30일", "설치연도": "2021", "위도": 35.149275, "경도": 126.91682, "데이터기준일자": "2026-06-30" }, "geometry": { "type": "Point", "coordinates": [ 126.91682, 35.149275 ] } },
{ "type": "Feature", "properties": { "관리기관명": "광주광역시 사회재난과", "소재지지번주소": "동구 계림동 85-152", "소재지도로명주소": null, "카메라대수": "1", "카메라화소": "200만", "촬영방면": "360도", "보관일수": "30일", "설치연도": "2021", "위도": 35.161254, "경도": 126.920508, "데이터기준일자": "2026-06-30" }, "geometry": { "type": "Point", "coordinates": [ 126.920508, 35.161254 ] } },
{ "type": "Feature", "properties": { "관리기관명": "광주광역시 사회재난과", "소재지지번주소": "동구 지산동 342-1", "소재지도로명주소": "동구 준법로 7-12", "카메라대수": "1", "카메라화소": "200만", "촬영방면": "360도", "보관일수": "30일", "설치연도": "2021", "위도": 35.149374, "경도": 126.935173, "데이터기준일자": "2026-06-30" }, "geometry": { "type": "Point", "coordinates": [ 126.935173, 35.149374 ] } },
{ "type": "Feature", "properties": { "관리기관명": "광주광역시 사회재난과", "소재지지번주소": "동구 장동 99", "소재지도로명주소": "동구 제봉로110번길 10", "카메라대수": "1", "카메라화소": "200만", "촬영방면": "360도", "보관일수": "30일", "설치연도": "2021", "위도": 35.148829, "경도": 126.923315, "데이터기준일자": "2026-06-30" }, "geometry": { "type": "Point", "coordinates": [ 126.923315, 35.148829 ] } },
{ "type": "Feature", "properties": { "관리기관명": "광주광역시 사회재난과", "소재지지번주소": "동구 장동 99", "소재지도로명주소": "동구 제봉로110번길 10", "카메라대수": "3", "카메라화소": "200만", "촬영방면": "360도", "보관일수": "30일", "설치연도": "2021", "위도": 35.148829, "경도": 126.923315, "데이터기준일자": "2026-06-30" }, "geometry": { "type": "Point", "coordinates": [ 126.923315, 35.148829 ] } },
{ "type": "Feature", "properties": { "관리기관명": "광주광역시 사회재난과", "소재지지번주소": "동구 학동 8", "소재지도로명주소": "동구 제봉로 42", "카메라대수": "1", "카메라화소": "200만", "촬영방면": "360도", "보관일수": "30일", "설치연도": "2021", "위도": 35.140397, "경도": 126.922188, "데이터기준일자": "2026-06-30" }, "geometry": { "type": "Point", "coordinates": [ 126.922188, 35.140397 ] } },
{ "type": "Feature", "properties": { "관리기관명": "광주광역시 사회재난과", "소재지지번주소": "동구 계림동 1827", "소재지도로명주소": "동구 경양로 234", "카메라대수": "1", "카메라화소": "200만", "촬영방면": "360도", "보관일수": "30일", "설치연도": "2021", "위도": 35.155955, "경도": 126.914753, "데이터기준일자": "2026-06-30" }, "geometry": { "type": "Point", "coordinates": [ 126.914753, 35.155955 ] } },
{ "type": "Feature", "properties": { "관리기관명": "광주광역시 사회재난과", "소재지지번주소": "동구 계림동 538-37", "소재지도로명주소": "동구 경양로 213", "카메라대수": "2", "카메라화소": "200만", "촬영방면": "360도", "보관일수": "30일", "설치연도": "2021", "위도": 35.158998, "경도": 126.914788, "데이터기준일자": "2026-06-30" }, "geometry": { "type": "Point", "coordinates": [ 126.914788, 35.158998 ] } },
{ "type": "Feature", "properties": { "관리기관명": "광주광역시 사회재난과", "소재지지번주소": "동구 대인동 324-11", "소재지도로명주소": "동구 제봉로 208", "카메라대수": "1", "카메라화소": "200만", "촬영방면": "360도", "보관일수": "30일", "설치연도": "2021", "위도": 35.154078, "경도": 126.915089, "데이터기준일자": "2026-06-30" }, "geometry": { "type": "Point", "coordinates": [ 126.915089, 35.154078 ] } },
{ "type": "Feature", "properties": { "관리기관명": "광주광역시 사회재난과", "소재지지번주소": "동구 대인동 324-11", "소재지도로명주소": "동구 제봉로 208", "카메라대수": "3", "카메라화소": "200만", "촬영방면": "360도", "보관일수": "30일", "설치연도": "2021", "위도": 35.154078, "경도": 126.915089, "데이터기준일자": "2026-06-30" }, "geometry": { "type": "Point", "coordinates": [ 126.915089, 35.154078 ] } },
{ "type": "Feature", "properties": { "관리기관명": "광주광역시 사회재난과", "소재지지번주소": "남구 구동 1", "소재지도로명주소": "남구 천변좌로338번길 10", "카메라대수": "1", "카메라화소": "200만", "촬영방면": "360도", "보관일수": "30일", "설치연도": "2021", "위도": 35.147928, "경도": 126.909748, "데이터기준일자": "2026-06-30" }, "geometry": { "type": "Point", "coordinates": [ 126.909748, 35.147928 ] } },
{ "type": "Feature", "properties": { "관리기관명": "광주광역시 사회재난과", "소재지지번주소": "남구 구동 1", "소재지도로명주소": "남구 천변좌로338번길 10", "카메라대수": "2", "카메라화소": "200만", "촬영방면": "360도", "보관일수": "30일", "설치연도": "2021", "위도": 35.147928, "경도": 126.909748, "데이터기준일자": "2026-06-30" }, "geometry": { "type": "Point", "coordinates": [ 126.909748, 35.147928 ] } },
{ "type": "Feature", "properties": { "관리기관명": "광주광역시 사회재난과", "소재지지번주소": "남구 양림동 140", "소재지도로명주소": "남구 서서평길 30", "카메라대수": "1", "카메라화소": "200만", "촬영방면": "360도", "보관일수": "30일", "설치연도": "2021", "위도": 35.140317, "경도": 126.915625, "데이터기준일자": "2026-06-30" }, "geometry": { "type": "Point", "coordinates": [ 126.915625, 35.140317 ] } },
{ "type": "Feature", "properties": { "관리기관명": "광주광역시 사회재난과", "소재지지번주소": "북구 두암동 985-3", "소재지도로명주소": "북구 밤실로 162", "카메라대수": "1", "카메라화소": "200만", "촬영방면": "360도", "보관일수": "30일", "설치연도": "2021", "위도": 35.161691, "경도": 126.93486, "데이터기준일자": "2026-06-30" }, "geometry": { "type": "Point", "coordinates": [ 126.93486, 35.161691 ] } },
{ "type": "Feature", "properties": { "관리기관명": "광주광역시 사회재난과", "소재지지번주소": "북구 두암동 985-3", "소재지도로명주소": "북구 밤실로 162", "카메라대수": "2", "카메라화소": "200만", "촬영방면": "360도", "보관일수": "30일", "설치연도": "2021", "위도": 35.161691, "경도": 126.93486, "데이터기준일자": "2026-06-30" }, "geometry": { "type": "Point", "coordinates": [ 126.93486, 35.161691 ] } },
{ "type": "Feature", "properties": { "관리기관명": "광주광역시 사회재난과", "소재지지번주소": "북구 오룡동 1109-4", "소재지도로명주소": null, "카메라대수": "1", "카메라화소": "200만", "촬영방면": "360도", "보관일수": "30일", "설치연도": "2021", "위도": 35.161879, "경도": 126.935842, "데이터기준일자": "2026-06-30" }, "geometry": { "type": "Point", "coordinates": [ 126.935842, 35.161879 ] } },
{ "type": "Feature", "properties": { "관리기관명": "광주광역시 사회재난과", "소재지지번주소": "북구 오룡동 1109-4", "소재지도로명주소": null, "카메라대수": "1", "카메라화소": "200만", "촬영방면": "360도", "보관일수": "30일", "설치연도": "2021", "위도": 35.161879, "경도": 126.935842, "데이터기준일자": "2026-06-30" }, "geometry": { "type": "Point", "coordinates": [ 126.935842, 35.161879 ] } },
{ "type": "Feature", "properties": { "관리기관명": "광주광역시 사회재난과", "소재지지번주소": "북구 두암동 969-7", "소재지도로명주소": "북구 삼정로 4", "카메라대수": "1", "카메라화소": "200만", "촬영방면": "360도", "보관일수": "30일", "설치연도": "2021", "위도": 35.161864, "경도": 126.937164, "데이터기준일자": "2026-06-30" }, "geometry": { "type": "Point", "coordinates": [ 126.937164, 35.161864 ] } },
{ "type": "Feature", "properties": { "관리기관명": "광주광역시 사회재난과", "소재지지번주소": "동구 산수동 86-2", "소재지도로명주소": null, "카메라대수": "1", "카메라화소": "200만", "촬영방면": "360도", "보관일수": "30일", "설치연도": "2021", "위도": 35.15517, "경도": 126.937788, "데이터기준일자": "2026-06-30" }, "geometry": { "type": "Point", "coordinates": [ 126.937788, 35.15517 ] } },
{ "type": "Feature", "properties": { "관리기관명": "광주광역시 사회재난과", "소재지지번주소": "동구 산수동 86-2", "소재지도로명주소": null, "카메라대수": "2", "카메라화소": "200만", "촬영방면": "360도", "보관일수": "30일", "설치연도": "2021", "위도": 35.15517, "경도": 126.937788, "데이터기준일자": "2026-06-30" }, "geometry": { "type": "Point", "coordinates": [ 126.937788, 35.15517 ] } },
{ "type": "Feature", "properties": { "관리기관명": "광주광역시 사회재난과", "소재지지번주소": "동구 산수동 86-2", "소재지도로명주소": null, "카메라대수": "1", "카메라화소": "200만", "촬영방면": "360도", "보관일수": "30일", "설치연도": "2021", "위도": 35.155772, "경도": 126.9377, "데이터기준일자": "2026-06-30" }, "geometry": { "type": "Point", "coordinates": [ 126.9377, 35.155772 ] } },
{ "type": "Feature", "properties": { "관리기관명": "광주광역시 사회재난과", "소재지지번주소": "동구 산수동 86-2", "소재지도로명주소": null, "카메라대수": "3", "카메라화소": "200만", "촬영방면": "360도", "보관일수": "30일", "설치연도": "2021", "위도": 35.155772, "경도": 126.9377, "데이터기준일자": "2026-06-30" }, "geometry": { "type": "Point", "coordinates": [ 126.9377, 35.155772 ] } },
{ "type": "Feature", "properties": { "관리기관명": "광주광역시 사회재난과", "소재지지번주소": "동구 계림동 195-3", "소재지도로명주소": null, "카메라대수": "1", "카메라화소": "200만", "촬영방면": "360도", "보관일수": "30일", "설치연도": "2021", "위도": 35.158065, "경도": 126.923329, "데이터기준일자": "2026-06-30" }, "geometry": { "type": "Point", "coordinates": [ 126.923329, 35.158065 ] } },
{ "type": "Feature", "properties": { "관리기관명": "광주광역시 사회재난과", "소재지지번주소": "동구 계림동 195-3", "소재지도로명주소": null, "카메라대수": "2", "카메라화소": "200만", "촬영방면": "360도", "보관일수": "30일", "설치연도": "2021", "위도": 35.158065, "경도": 126.923329, "데이터기준일자": "2026-06-30" }, "geometry": { "type": "Point", "coordinates": [ 126.923329, 35.158065 ] } },
{ "type": "Feature", "properties": { "관리기관명": "광주광역시 사회재난과", "소재지지번주소": "동구 호남동 39-1", "소재지도로명주소": "동구 중앙로 154", "카메라대수": "1", "카메라화소": "200만", "촬영방면": "360도", "보관일수": "30일", "설치연도": "2021", "위도": 35.14719, "경도": 126.911992, "데이터기준일자": "2026-06-30" }, "geometry": { "type": "Point", "coordinates": [ 126.911992, 35.14719 ] } },
{ "type": "Feature", "properties": { "관리기관명": "광주광역시 사회재난과", "소재지지번주소": "북구 중흥동 669-35", "소재지도로명주소": "북구 중가로115번길 19", "카메라대수": "3", "카메라화소": "200만", "촬영방면": "360도", "보관일수": "30일", "설치연도": "2021", "위도": 35.15855, "경도": 126.91284, "데이터기준일자": "2026-06-30" }, "geometry": { "type": "Point", "coordinates": [ 126.91284, 35.15855 ] } },
{ "type": "Feature", "properties": { "관리기관명": "광주광역시 사회재난과", "소재지지번주소": "남구 사동 13-3", "소재지도로명주소": null, "카메라대수": "2", "카메라화소": "200만", "촬영방면": "360도", "보관일수": "30일", "설치연도": "2022", "위도": 35.144836, "경도": 126.91252, "데이터기준일자": "2026-06-30" }, "geometry": { "type": "Point", "coordinates": [ 126.91252, 35.144836 ] } },
{ "type": "Feature", "properties": { "관리기관명": "광주광역시 사회재난과", "소재지지번주소": "남구 사동 91-1", "소재지도로명주소": "남구 천변좌로390번길 5-2", "카메라대수": "4", "카메라화소": "200만", "촬영방면": "360도", "보관일수": "30일", "설치연도": "2022", "위도": 35.143844, "경도": 126.913502, "데이터기준일자": "2026-06-30" }, "geometry": { "type": "Point", "coordinates": [ 126.913502, 35.143844 ] } },
{ "type": "Feature", "properties": { "관리기관명": "광주광역시 사회재난과", "소재지지번주소": "남구 사동 115-1", "소재지도로명주소": "남구 사직길 10", "카메라대수": "3", "카메라화소": "200만", "촬영방면": "360도", "보관일수": "30일", "설치연도": "2022", "위도": 35.142569, "경도": 126.914055, "데이터기준일자": "2026-06-30" }, "geometry": { "type": "Point", "coordinates": [ 126.914055, 35.142569 ] } },
{ "type": "Feature", "properties": { "관리기관명": "광주광역시 사회재난과", "소재지지번주소": "동구 장동 51-45", "소재지도로명주소": "동구 제봉로140번길 14", "카메라대수": "4", "카메라화소": "200만", "촬영방면": "360도", "보관일수": "30일", "설치연도": "2022", "위도": 35.151203, "경도": 126.922119, "데이터기준일자": "2026-06-30" }, "geometry": { "type": "Point", "coordinates": [ 126.922119, 35.151203 ] } },
{ "type": "Feature", "properties": { "관리기관명": "광주광역시 사회재난과", "소재지지번주소": "동구 동명동 228-46", "소재지도로명주소": "동구 동계천로95번길 9", "카메라대수": "3", "카메라화소": "200만", "촬영방면": "360도", "보관일수": "30일", "설치연도": "2022", "위도": 35.152214, "경도": 126.922136, "데이터기준일자": "2026-06-30" }, "geometry": { "type": "Point", "coordinates": [ 126.922136, 35.152214 ] } },
{ "type": "Feature", "properties": { "관리기관명": "광주광역시 사회재난과", "소재지지번주소": "북구 중흥동 677-4", "소재지도로명주소": "북구 중가로113번길 16", "카메라대수": "3", "카메라화소": "200만", "촬영방면": "360도", "보관일수": "30일", "설치연도": "2022", "위도": 35.158316, "경도": 126.912158, "데이터기준일자": "2026-06-30" }, "geometry": { "type": "Point", "coordinates": [ 126.912158, 35.158316 ] } },
{ "type": "Feature", "properties": { "관리기관명": "광주광역시 사회재난과", "소재지지번주소": "동구 지산동 271-3", "소재지도로명주소": "동구 밤실로20번길 17", "카메라대수": "3", "카메라화소": "200만", "촬영방면": "360도", "보관일수": "30일", "설치연도": "2022", "위도": 35.149261, "경도": 126.938818, "데이터기준일자": "2026-06-30" }, "geometry": { "type": "Point", "coordinates": [ 126.938818, 35.149261 ] } },
{ "type": "Feature", "properties": { "관리기관명": "광주광역시 사회재난과", "소재지지번주소": "동구 지산동 281-2", "소재지도로명주소": "동구 밤실로4번길 19-2", "카메라대수": "2", "카메라화소": "200만", "촬영방면": "360도", "보관일수": "30일", "설치연도": "2022", "위도": 35.148568, "경도": 126.93889, "데이터기준일자": "2026-06-30" }, "geometry": { "type": "Point", "coordinates": [ 126.93889, 35.148568 ] } },
{ "type": "Feature", "properties": { "관리기관명": "광주광역시 사회재난과", "소재지지번주소": "동구 지산동 223-1", "소재지도로명주소": "동구 지호로 81-11", "카메라대수": "2", "카메라화소": "200만", "촬영방면": "360도", "보관일수": "30일", "설치연도": "2022", "위도": 35.14794, "경도": 126.938034, "데이터기준일자": "2026-06-30" }, "geometry": { "type": "Point", "coordinates": [ 126.938034, 35.14794 ] } },
{ "type": "Feature", "properties": { "관리기관명": "광주광역시 사회재난과", "소재지지번주소": "북구 풍향동 산19-29", "소재지도로명주소": "북구 밤실로169번길 16", "카메라대수": "2", "카메라화소": "200만", "촬영방면": "360도", "보관일수": "30일", "설치연도": "2022", "위도": 35.161908, "경도": 126.933039, "데이터기준일자": "2026-06-30" }, "geometry": { "type": "Point", "coordinates": [ 126.933039, 35.161908 ] } },
{ "type": "Feature", "properties": { "관리기관명": "광주광역시 사회재난과", "소재지지번주소": "동구 산수동 538-12", "소재지도로명주소": "동구 필문대로153번길 5-3", "카메라대수": "1", "카메라화소": "200만", "촬영방면": "360도", "보관일수": "30일", "설치연도": "2008", "위도": 35.157081, "경도": 126.932231, "데이터기준일자": "2026-06-30" }, "geometry": { "type": "Point", "coordinates": [ 126.932231, 35.157081 ] } },
{ "type": "Feature", "properties": { "관리기관명": "광주광역시 사회재난과", "소재지지번주소": "동구 산수동 538-12", "소재지도로명주소": "동구 필문대로153번길 5-3", "카메라대수": "3", "카메라화소": "200만", "촬영방면": "360도", "보관일수": "30일", "설치연도": "2022", "위도": 35.157081, "경도": 126.932231, "데이터기준일자": "2026-06-30" }, "geometry": { "type": "Point", "coordinates": [ 126.932231, 35.157081 ] } },
{ "type": "Feature", "properties": { "관리기관명": "광주광역시 사회재난과", "소재지지번주소": "동구 산수동 426-12", "소재지도로명주소": "동구 산수길25번길 6-12", "카메라대수": "2", "카메라화소": "200만", "촬영방면": "360도", "보관일수": "30일", "설치연도": "2022", "위도": 35.156025, "경도": 126.926444, "데이터기준일자": "2026-06-30" }, "geometry": { "type": "Point", "coordinates": [ 126.926444, 35.156025 ] } },
{ "type": "Feature", "properties": { "관리기관명": "광주광역시 사회재난과", "소재지지번주소": "동구 산수동 426-12", "소재지도로명주소": "동구 산수길25번길 6-12", "카메라대수": "1", "카메라화소": "200만", "촬영방면": "360도", "보관일수": "30일", "설치연도": "2024", "위도": 35.156025, "경도": 126.926444, "데이터기준일자": "2026-06-30" }, "geometry": { "type": "Point", "coordinates": [ 126.926444, 35.156025 ] } },
{ "type": "Feature", "properties": { "관리기관명": "광주광역시 사회재난과", "소재지지번주소": "동구 산수동 528-32", "소재지도로명주소": "동구 필문대로171번길 27", "카메라대수": "2", "카메라화소": "200만", "촬영방면": "360도", "보관일수": "30일", "설치연도": "2022", "위도": 35.156313, "경도": 126.935446, "데이터기준일자": "2026-06-30" }, "geometry": { "type": "Point", "coordinates": [ 126.935446, 35.156313 ] } },
{ "type": "Feature", "properties": { "관리기관명": "광주광역시 사회재난과", "소재지지번주소": "동구 산수동 528-32", "소재지도로명주소": "동구 필문대로171번길 27", "카메라대수": "1", "카메라화소": "200만", "촬영방면": "360도", "보관일수": "30일", "설치연도": "2024", "위도": 35.156313, "경도": 126.935446, "데이터기준일자": "2026-06-30" }, "geometry": { "type": "Point", "coordinates": [ 126.935446, 35.156313 ] } },
{ "type": "Feature", "properties": { "관리기관명": "광주광역시 사회재난과", "소재지지번주소": "동구 장동 56", "소재지도로명주소": "동구 제봉로138번길 8-1", "카메라대수": "2", "카메라화소": "200만", "촬영방면": "360도", "보관일수": "30일", "설치연도": "2022", "위도": 35.150463, "경도": 126.921918, "데이터기준일자": "2026-06-30" }, "geometry": { "type": "Point", "coordinates": [ 126.921918, 35.150463 ] } },
{ "type": "Feature", "properties": { "관리기관명": "광주광역시 사회재난과", "소재지지번주소": "동구 장동 56", "소재지도로명주소": "동구 제봉로138번길 8-1", "카메라대수": "1", "카메라화소": "200만", "촬영방면": "360도", "보관일수": "30일", "설치연도": "2025", "위도": 35.150463, "경도": 126.921918, "데이터기준일자": "2026-06-30" }, "geometry": { "type": "Point", "coordinates": [ 126.921918, 35.150463 ] } },
{ "type": "Feature", "properties": { "관리기관명": "광주광역시 사회재난과", "소재지지번주소": "동구 산수동 517-26", "소재지도로명주소": "동구 필문대로191번길 15", "카메라대수": "3", "카메라화소": "200만", "촬영방면": "360도", "보관일수": "30일", "설치연도": "2022", "위도": 35.153166, "경도": 126.933108, "데이터기준일자": "2026-06-30" }, "geometry": { "type": "Point", "coordinates": [ 126.933108, 35.153166 ] } },
{ "type": "Feature", "properties": { "관리기관명": "광주광역시 사회재난과", "소재지지번주소": "동구 산수동 517-26", "소재지도로명주소": "동구 필문대로191번길 15", "카메라대수": "1", "카메라화소": "200만", "촬영방면": "360도", "보관일수": "30일", "설치연도": "2024", "위도": 35.153166, "경도": 126.933108, "데이터기준일자": "2026-06-30" }, "geometry": { "type": "Point", "coordinates": [ 126.933108, 35.153166 ] } },
{ "type": "Feature", "properties": { "관리기관명": "광주광역시 사회재난과", "소재지지번주소": "동구 계림동 234-20", "소재지도로명주소": "동구 중앙로 264-7", "카메라대수": "1", "카메라화소": "200만", "촬영방면": "360도", "보관일수": "30일", "설치연도": "2018", "위도": 35.15531, "경도": 126.921223, "데이터기준일자": "2026-06-30" }, "geometry": { "type": "Point", "coordinates": [ 126.921223, 35.15531 ] } },
{ "type": "Feature", "properties": { "관리기관명": "광주광역시 사회재난과", "소재지지번주소": "동구 계림동 234-20", "소재지도로명주소": "동구 중앙로 264-7", "카메라대수": "1", "카메라화소": "200만", "촬영방면": "360도", "보관일수": "30일", "설치연도": "2023", "위도": 35.15531, "경도": 126.921223, "데이터기준일자": "2026-06-30" }, "geometry": { "type": "Point", "coordinates": [ 126.921223, 35.15531 ] } },
{ "type": "Feature", "properties": { "관리기관명": "광주광역시 사회재난과", "소재지지번주소": "동구 계림동 234-20", "소재지도로명주소": "동구 중앙로 264-7", "카메라대수": "1", "카메라화소": "200만", "촬영방면": "360도", "보관일수": "30일", "설치연도": "2024", "위도": 35.15531, "경도": 126.921223, "데이터기준일자": "2026-06-30" }, "geometry": { "type": "Point", "coordinates": [ 126.921223, 35.15531 ] } },
{ "type": "Feature", "properties": { "관리기관명": "광주광역시 사회재난과", "소재지지번주소": "동구 학동 95-8", "소재지도로명주소": "동구 천변우로 467", "카메라대수": "1", "카메라화소": "200만", "촬영방면": "360도", "보관일수": "30일", "설치연도": "2024", "위도": 35.140482, "경도": 126.918616, "데이터기준일자": "2026-06-30" }, "geometry": { "type": "Point", "coordinates": [ 126.918616, 35.140482 ] } },
{ "type": "Feature", "properties": { "관리기관명": "광주광역시 사회재난과", "소재지지번주소": "동구 학동 95-8", "소재지도로명주소": "동구 천변우로 467", "카메라대수": "2", "카메라화소": "200만", "촬영방면": "360도", "보관일수": "30일", "설치연도": "2019", "위도": 35.140482, "경도": 126.918616, "데이터기준일자": "2026-06-30" }, "geometry": { "type": "Point", "coordinates": [ 126.918616, 35.140482 ] } },
{ "type": "Feature", "properties": { "관리기관명": "광주광역시 사회재난과", "소재지지번주소": "동구 산수동 521-19", "소재지도로명주소": "동구 필문대로205번길 5-1", "카메라대수": "3", "카메라화소": "200만", "촬영방면": "360도", "보관일수": "30일", "설치연도": "2022", "위도": 35.152195, "경도": 126.931738, "데이터기준일자": "2026-06-30" }, "geometry": { "type": "Point", "coordinates": [ 126.931738, 35.152195 ] } },
{ "type": "Feature", "properties": { "관리기관명": "광주광역시 사회재난과", "소재지지번주소": "동구 산수동 521-19", "소재지도로명주소": "동구 필문대로205번길 5-1", "카메라대수": "1", "카메라화소": "200만", "촬영방면": "360도", "보관일수": "30일", "설치연도": "2024", "위도": 35.152195, "경도": 126.931738, "데이터기준일자": "2026-06-30" }, "geometry": { "type": "Point", "coordinates": [ 126.931738, 35.152195 ] } },
{ "type": "Feature", "properties": { "관리기관명": "광주광역시 사회재난과", "소재지지번주소": "동구 지산동 312-8", "소재지도로명주소": "동구 밤실로4번안길 19", "카메라대수": "1", "카메라화소": "200만", "촬영방면": "360도", "보관일수": "30일", "설치연도": "2024", "위도": 35.149692, "경도": 126.938065, "데이터기준일자": "2026-06-30" }, "geometry": { "type": "Point", "coordinates": [ 126.938065, 35.149692 ] } },
{ "type": "Feature", "properties": { "관리기관명": "광주광역시 사회재난과", "소재지지번주소": "동구 지산동 312-8", "소재지도로명주소": "동구 밤실로4번안길 19", "카메라대수": "2", "카메라화소": "200만", "촬영방면": "360도", "보관일수": "30일", "설치연도": "2019", "위도": 35.149692, "경도": 126.938065, "데이터기준일자": "2026-06-30" }, "geometry": { "type": "Point", "coordinates": [ 126.938065, 35.149692 ] } },
{ "type": "Feature", "properties": { "관리기관명": "광주광역시 사회재난과", "소재지지번주소": "북구 북동 4-13", "소재지도로명주소": "북구 금재로75번길 25-9", "카메라대수": "1", "카메라화소": "200만", "촬영방면": "360도", "보관일수": "30일", "설치연도": "2022", "위도": 35.157364, "경도": 126.910777, "데이터기준일자": "2026-06-30" }, "geometry": { "type": "Point", "coordinates": [ 126.910777, 35.157364 ] } },
{ "type": "Feature", "properties": { "관리기관명": "광주광역시 사회재난과", "소재지지번주소": "북구 북동 4-13", "소재지도로명주소": "북구 금재로75번길 25-9", "카메라대수": "1", "카메라화소": "200만", "촬영방면": "360도", "보관일수": "30일", "설치연도": "2022", "위도": 35.157364, "경도": 126.910777, "데이터기준일자": "2026-06-30" }, "geometry": { "type": "Point", "coordinates": [ 126.910777, 35.157364 ] } },
{ "type": "Feature", "properties": { "관리기관명": "광주광역시 사회재난과", "소재지지번주소": "북구 북동 4-13", "소재지도로명주소": "북구 금재로75번길 25-9", "카메라대수": "1", "카메라화소": "200만", "촬영방면": "360도", "보관일수": "30일", "설치연도": "2024", "위도": 35.157364, "경도": 126.910777, "데이터기준일자": "2026-06-30" }, "geometry": { "type": "Point", "coordinates": [ 126.910777, 35.157364 ] } },
{ "type": "Feature", "properties": { "관리기관명": "광주광역시 사회재난과", "소재지지번주소": "동구 산수동 552-18", "소재지도로명주소": "동구 산수길 28", "카메라대수": "1", "카메라화소": "200만", "촬영방면": "360도", "보관일수": "30일", "설치연도": "2022", "위도": 35.157213, "경도": 126.929207, "데이터기준일자": "2026-06-30" }, "geometry": { "type": "Point", "coordinates": [ 126.929207, 35.157213 ] } },
{ "type": "Feature", "properties": { "관리기관명": "광주광역시 사회재난과", "소재지지번주소": "동구 산수동 552-18", "소재지도로명주소": "동구 산수길 28", "카메라대수": "2", "카메라화소": "200만", "촬영방면": "360도", "보관일수": "30일", "설치연도": "2022", "위도": 35.157213, "경도": 126.929207, "데이터기준일자": "2026-06-30" }, "geometry": { "type": "Point", "coordinates": [ 126.929207, 35.157213 ] } },
{ "type": "Feature", "properties": { "관리기관명": "광주광역시 사회재난과", "소재지지번주소": "동구 산수동 557-38", "소재지도로명주소": "동구 필문대로192번길 6-9", "카메라대수": "1", "카메라화소": "200만", "촬영방면": "360도", "보관일수": "30일", "설치연도": "2022", "위도": 35.154224, "경도": 126.930052, "데이터기준일자": "2026-06-30" }, "geometry": { "type": "Point", "coordinates": [ 126.930052, 35.154224 ] } },
{ "type": "Feature", "properties": { "관리기관명": "광주광역시 사회재난과", "소재지지번주소": "동구 산수동 557-38", "소재지도로명주소": "동구 필문대로192번길 6-9", "카메라대수": "2", "카메라화소": "200만", "촬영방면": "360도", "보관일수": "30일", "설치연도": "2022", "위도": 35.154224, "경도": 126.930052, "데이터기준일자": "2026-06-30" }, "geometry": { "type": "Point", "coordinates": [ 126.930052, 35.154224 ] } },
{ "type": "Feature", "properties": { "관리기관명": "광주광역시 사회재난과", "소재지지번주소": "동구 남동 70-9", "소재지도로명주소": "동구 백서로 147", "카메라대수": "1", "카메라화소": "200만", "촬영방면": "360도", "보관일수": "30일", "설치연도": "2022", "위도": 35.143377, "경도": 126.922856, "데이터기준일자": "2026-06-30" }, "geometry": { "type": "Point", "coordinates": [ 126.922856, 35.143377 ] } },
{ "type": "Feature", "properties": { "관리기관명": "광주광역시 사회재난과", "소재지지번주소": "동구 남동 70-9", "소재지도로명주소": "동구 백서로 147", "카메라대수": "2", "카메라화소": "200만", "촬영방면": "360도", "보관일수": "30일", "설치연도": "2022", "위도": 35.143377, "경도": 126.922856, "데이터기준일자": "2026-06-30" }, "geometry": { "type": "Point", "coordinates": [ 126.922856, 35.143377 ] } },
{ "type": "Feature", "properties": { "관리기관명": "광주광역시 사회재난과", "소재지지번주소": "북구 중흥동 652-1", "소재지도로명주소": "북구 경양로197번길 25", "카메라대수": "1", "카메라화소": "200만", "촬영방면": "360도", "보관일수": "30일", "설치연도": "2022", "위도": 35.161112, "경도": 126.913817, "데이터기준일자": "2026-06-30" }, "geometry": { "type": "Point", "coordinates": [ 126.913817, 35.161112 ] } },
{ "type": "Feature", "properties": { "관리기관명": "광주광역시 사회재난과", "소재지지번주소": "북구 중흥동 652-1", "소재지도로명주소": "북구 경양로197번길 25", "카메라대수": "3", "카메라화소": "200만", "촬영방면": "360도", "보관일수": "30일", "설치연도": "2022", "위도": 35.161112, "경도": 126.913817, "데이터기준일자": "2026-06-30" }, "geometry": { "type": "Point", "coordinates": [ 126.913817, 35.161112 ] } },
{ "type": "Feature", "properties": { "관리기관명": "광주광역시 사회재난과", "소재지지번주소": "북구 중흥동 722-4", "소재지도로명주소": "북구 경열로 242", "카메라대수": "1", "카메라화소": "200만", "촬영방면": "360도", "보관일수": "30일", "설치연도": "2022", "위도": 35.16101, "경도": 126.907394, "데이터기준일자": "2026-06-30" }, "geometry": { "type": "Point", "coordinates": [ 126.907394, 35.16101 ] } },
{ "type": "Feature", "properties": { "관리기관명": "광주광역시 사회재난과", "소재지지번주소": "북구 중흥동 722-4", "소재지도로명주소": "북구 경열로 242", "카메라대수": "4", "카메라화소": "200만", "촬영방면": "360도", "보관일수": "30일", "설치연도": "2022", "위도": 35.16101, "경도": 126.907394, "데이터기준일자": "2026-06-30" }, "geometry": { "type": "Point", "coordinates": [ 126.907394, 35.16101 ] } },
{ "type": "Feature", "properties": { "관리기관명": "광주광역시 사회재난과", "소재지지번주소": "동구 금동 5", "소재지도로명주소": "동구 백서로137번길 37", "카메라대수": "3", "카메라화소": "200만", "촬영방면": "360도", "보관일수": "30일", "설치연도": "2022", "위도": 35.145256, "경도": 126.917773, "데이터기준일자": "2026-06-30" }, "geometry": { "type": "Point", "coordinates": [ 126.917773, 35.145256 ] } },
{ "type": "Feature", "properties": { "관리기관명": "광주광역시 사회재난과", "소재지지번주소": "동구 금남로1가 19-16", "소재지도로명주소": "동구 금남로 250-8", "카메라대수": "3", "카메라화소": "200만", "촬영방면": "360도", "보관일수": "30일", "설치연도": "2022", "위도": 35.147432, "경도": 126.918353, "데이터기준일자": "2026-06-30" }, "geometry": { "type": "Point", "coordinates": [ 126.918353, 35.147432 ] } },
{ "type": "Feature", "properties": { "관리기관명": "광주광역시 사회재난과", "소재지지번주소": "동구 금남로5가 77-7", "소재지도로명주소": "동구 금남로169번길 6-6", "카메라대수": "4", "카메라화소": "200만", "촬영방면": "360도", "보관일수": "30일", "설치연도": "2022", "위도": 35.152953, "경도": 126.91265, "데이터기준일자": "2026-06-30" }, "geometry": { "type": "Point", "coordinates": [ 126.91265, 35.152953 ] } },
{ "type": "Feature", "properties": { "관리기관명": "광주광역시 사회재난과", "소재지지번주소": "동구 산수동 62-12", "소재지도로명주소": "동구 밤실로92번길 1", "카메라대수": "3", "카메라화소": "200만", "촬영방면": "360도", "보관일수": "30일", "설치연도": "2022", "위도": 35.155775, "경도": 126.936321, "데이터기준일자": "2026-06-30" }, "geometry": { "type": "Point", "coordinates": [ 126.936321, 35.155775 ] } },
{ "type": "Feature", "properties": { "관리기관명": "광주광역시 사회재난과", "소재지지번주소": "동구 남동 47-4", "소재지도로명주소": "동구 문화전당로16번길 5", "카메라대수": "3", "카메라화소": "200만", "촬영방면": "360도", "보관일수": "30일", "설치연도": "2022", "위도": 35.14435, "경도": 126.920428, "데이터기준일자": "2026-06-30" }, "geometry": { "type": "Point", "coordinates": [ 126.920428, 35.14435 ] } },
{ "type": "Feature", "properties": { "관리기관명": "광주광역시 사회재난과", "소재지지번주소": "동구 산수동 371-28", "소재지도로명주소": "동구 경양로321번길 8-1", "카메라대수": "3", "카메라화소": "200만", "촬영방면": "360도", "보관일수": "30일", "설치연도": "2022", "위도": 35.15465, "경도": 126.923847, "데이터기준일자": "2026-06-30" }, "geometry": { "type": "Point", "coordinates": [ 126.923847, 35.15465 ] } },
{ "type": "Feature", "properties": { "관리기관명": "광주광역시 사회재난과", "소재지지번주소": "동구 금동 205-1", "소재지도로명주소": "동구 백서로119번길 12", "카메라대수": "3", "카메라화소": "200만", "촬영방면": "360도", "보관일수": "30일", "설치연도": "2022", "위도": 35.142502, "경도": 126.917926, "데이터기준일자": "2026-06-30" }, "geometry": { "type": "Point", "coordinates": [ 126.917926, 35.142502 ] } },
{ "type": "Feature", "properties": { "관리기관명": "광주광역시 사회재난과", "소재지지번주소": "동구 계림동 571-7", "소재지도로명주소": "동구 중흥로227번길 14-12", "카메라대수": "3", "카메라화소": "200만", "촬영방면": "360도", "보관일수": "30일", "설치연도": "2022", "위도": 35.160568, "경도": 126.919187, "데이터기준일자": "2026-06-30" }, "geometry": { "type": "Point", "coordinates": [ 126.919187, 35.160568 ] } },
{ "type": "Feature", "properties": { "관리기관명": "광주광역시 사회재난과", "소재지지번주소": "동구 산수동 554-28", "소재지도로명주소": "동구 경양로367번길 8", "카메라대수": "2", "카메라화소": "200만", "촬영방면": "360도", "보관일수": "30일", "설치연도": "2022", "위도": 35.154932, "경도": 126.929464, "데이터기준일자": "2026-06-30" }, "geometry": { "type": "Point", "coordinates": [ 126.929464, 35.154932 ] } },
{ "type": "Feature", "properties": { "관리기관명": "광주광역시 사회재난과", "소재지지번주소": "동구 계림동 489-4", "소재지도로명주소": null, "카메라대수": "4", "카메라화소": "200만", "촬영방면": "360도", "보관일수": "30일", "설치연도": "2022", "위도": 35.158209, "경도": 126.917258, "데이터기준일자": "2026-06-30" }, "geometry": { "type": "Point", "coordinates": [ 126.917258, 35.158209 ] } },
{ "type": "Feature", "properties": { "관리기관명": "광주광역시 사회재난과", "소재지지번주소": "동구 계림동 540-8", "소재지도로명주소": "동구 경양로223번길 10", "카메라대수": "3", "카메라화소": "200만", "촬영방면": "360도", "보관일수": "30일", "설치연도": "2023", "위도": 35.158897, "경도": 126.916209, "데이터기준일자": "2026-06-30" }, "geometry": { "type": "Point", "coordinates": [ 126.916209, 35.158897 ] } },
{ "type": "Feature", "properties": { "관리기관명": "광주광역시 사회재난과", "소재지지번주소": "동구 계림동 534-21", "소재지도로명주소": "동구 경양로223번길 17", "카메라대수": "4", "카메라화소": "200만", "촬영방면": "360도", "보관일수": "30일", "설치연도": "2023", "위도": 35.159648, "경도": 126.916648, "데이터기준일자": "2026-06-30" }, "geometry": { "type": "Point", "coordinates": [ 126.916648, 35.159648 ] } },
{ "type": "Feature", "properties": { "관리기관명": "광주광역시 사회재난과", "소재지지번주소": "동구 산수동 392-2", "소재지도로명주소": "동구 산수길3번길 13", "카메라대수": "3", "카메라화소": "200만", "촬영방면": "360도", "보관일수": "30일", "설치연도": "2023", "위도": 35.154704, "경도": 126.926937, "데이터기준일자": "2026-06-30" }, "geometry": { "type": "Point", "coordinates": [ 126.926937, 35.154704 ] } },
{ "type": "Feature", "properties": { "관리기관명": "광주광역시 사회재난과", "소재지지번주소": "동구 지산동 452-5", "소재지도로명주소": "동구 지산로52번길 7", "카메라대수": "2", "카메라화소": "200만", "촬영방면": "360도", "보관일수": "30일", "설치연도": "2023", "위도": 35.148126, "경도": 126.933433, "데이터기준일자": "2026-06-30" }, "geometry": { "type": "Point", "coordinates": [ 126.933433, 35.148126 ] } },
{ "type": "Feature", "properties": { "관리기관명": "광주광역시 사회재난과", "소재지지번주소": "동구 지산동 342-61", "소재지도로명주소": "동구 지산로 82-7", "카메라대수": "4", "카메라화소": "200만", "촬영방면": "360도", "보관일수": "30일", "설치연도": "2023", "위도": 35.151224, "경도": 126.933379, "데이터기준일자": "2026-06-30" }, "geometry": { "type": "Point", "coordinates": [ 126.933379, 35.151224 ] } },
{ "type": "Feature", "properties": { "관리기관명": "광주광역시 사회재난과", "소재지지번주소": "동구 계림동 1603", "소재지도로명주소": "동구 참판로 29-3", "카메라대수": "2", "카메라화소": "200만", "촬영방면": "360도", "보관일수": "30일", "설치연도": "2023", "위도": 35.161932, "경도": 126.928683, "데이터기준일자": "2026-06-30" }, "geometry": { "type": "Point", "coordinates": [ 126.928683, 35.161932 ] } },
{ "type": "Feature", "properties": { "관리기관명": "광주광역시 사회재난과", "소재지지번주소": "동구 산수동 527-29", "소재지도로명주소": "동구 필문대로171번길 9-1", "카메라대수": "2", "카메라화소": "200만", "촬영방면": "360도", "보관일수": "30일", "설치연도": "2023", "위도": 35.155685, "경도": 126.933075, "데이터기준일자": "2026-06-30" }, "geometry": { "type": "Point", "coordinates": [ 126.933075, 35.155685 ] } },
{ "type": "Feature", "properties": { "관리기관명": "광주광역시 사회재난과", "소재지지번주소": "동구 학동 522-3", "소재지도로명주소": "동구 필문대로329번길 6", "카메라대수": "2", "카메라화소": "200만", "촬영방면": "360도", "보관일수": "30일", "설치연도": "2023", "위도": 35.141861, "경도": 126.924796, "데이터기준일자": "2026-06-30" }, "geometry": { "type": "Point", "coordinates": [ 126.924796, 35.141861 ] } },
{ "type": "Feature", "properties": { "관리기관명": "광주광역시 사회재난과", "소재지지번주소": "동구 산수동 523-44", "소재지도로명주소": "동구 무등로 484", "카메라대수": "3", "카메라화소": "200만", "촬영방면": "360도", "보관일수": "30일", "설치연도": "2023", "위도": 35.15496, "경도": 126.932783, "데이터기준일자": "2026-06-30" }, "geometry": { "type": "Point", "coordinates": [ 126.932783, 35.15496 ] } },
{ "type": "Feature", "properties": { "관리기관명": "광주광역시 사회재난과", "소재지지번주소": "동구 산수동 523-44", "소재지도로명주소": "동구 무등로 484", "카메라대수": "1", "카메라화소": "200만", "촬영방면": "360도", "보관일수": "30일", "설치연도": "2024", "위도": 35.15496, "경도": 126.932783, "데이터기준일자": "2026-06-30" }, "geometry": { "type": "Point", "coordinates": [ 126.932783, 35.15496 ] } },
{ "type": "Feature", "properties": { "관리기관명": "광주광역시 사회재난과", "소재지지번주소": "동구 지산동 342-114", "소재지도로명주소": "동구 밤실로43번길 10", "카메라대수": "3", "카메라화소": "200만", "촬영방면": "360도", "보관일수": "30일", "설치연도": "2023", "위도": 35.151572, "경도": 126.935796, "데이터기준일자": "2026-06-30" }, "geometry": { "type": "Point", "coordinates": [ 126.935796, 35.151572 ] } },
{ "type": "Feature", "properties": { "관리기관명": "광주광역시 사회재난과", "소재지지번주소": "북구 중흥동 715-18", "소재지도로명주소": "북구 경열로234번길 45", "카메라대수": "4", "카메라화소": "200만", "촬영방면": "360도", "보관일수": "30일", "설치연도": "2023", "위도": 35.159422, "경도": 126.909722, "데이터기준일자": "2026-06-30" }, "geometry": { "type": "Point", "coordinates": [ 126.909722, 35.159422 ] } },
{ "type": "Feature", "properties": { "관리기관명": "광주광역시 사회재난과", "소재지지번주소": "남구 백운동 408-22", "소재지도로명주소": "남구 제중로 124-10", "카메라대수": "3", "카메라화소": "200만", "촬영방면": "360도", "보관일수": "30일", "설치연도": "2023", "위도": 35.142997, "경도": 126.907716, "데이터기준일자": "2026-06-30" }, "geometry": { "type": "Point", "coordinates": [ 126.907716, 35.142997 ] } },
{ "type": "Feature", "properties": { "관리기관명": "광주광역시 사회재난과", "소재지지번주소": "동구 대인동 49-5", "소재지도로명주소": "동구 제봉로 191-1", "카메라대수": "1", "카메라화소": "200만", "촬영방면": "360도", "보관일수": "30일", "설치연도": "2023", "위도": 35.15317, "경도": 126.916196, "데이터기준일자": "2026-06-30" }, "geometry": { "type": "Point", "coordinates": [ 126.916196, 35.15317 ] } },
{ "type": "Feature", "properties": { "관리기관명": "광주광역시 사회재난과", "소재지지번주소": "동구 지산동 713-1", "소재지도로명주소": "동구 필문대로205번길 12-1", "카메라대수": "3", "카메라화소": "200만", "촬영방면": "360도", "보관일수": "30일", "설치연도": "2023", "위도": 35.152134, "경도": 126.932442, "데이터기준일자": "2026-06-30" }, "geometry": { "type": "Point", "coordinates": [ 126.932442, 35.152134 ] } },
{ "type": "Feature", "properties": { "관리기관명": "광주광역시 사회재난과", "소재지지번주소": "동구 동명동 143-38", "소재지도로명주소": "동구 장동로43번길 10", "카메라대수": "2", "카메라화소": "200만", "촬영방면": "360도", "보관일수": "30일", "설치연도": "2023", "위도": 35.148349, "경도": 126.926428, "데이터기준일자": "2026-06-30" }, "geometry": { "type": "Point", "coordinates": [ 126.926428, 35.148349 ] } },
{ "type": "Feature", "properties": { "관리기관명": "광주광역시 사회재난과", "소재지지번주소": "동구 계림동 295-19", "소재지도로명주소": "동구 경양로271번길 9-2", "카메라대수": "2", "카메라화소": "200만", "촬영방면": "360도", "보관일수": "30일", "설치연도": "2023", "위도": 35.156239, "경도": 126.91934, "데이터기준일자": "2026-06-30" }, "geometry": { "type": "Point", "coordinates": [ 126.91934, 35.156239 ] } },
{ "type": "Feature", "properties": { "관리기관명": "광주광역시 사회재난과", "소재지지번주소": "남구 구동 37-23", "소재지도로명주소": "남구 천변좌로 370", "카메라대수": "3", "카메라화소": "200만", "촬영방면": "360도", "보관일수": "30일", "설치연도": "2023", "위도": 35.145699, "경도": 126.912355, "데이터기준일자": "2026-06-30" }, "geometry": { "type": "Point", "coordinates": [ 126.912355, 35.145699 ] } },
{ "type": "Feature", "properties": { "관리기관명": "광주광역시 사회재난과", "소재지지번주소": "남구 구동 37-75", "소재지도로명주소": "남구 천변좌로364번길 4", "카메라대수": "4", "카메라화소": "200만", "촬영방면": "360도", "보관일수": "30일", "설치연도": "2023", "위도": 35.145985, "경도": 126.911558, "데이터기준일자": "2026-06-30" }, "geometry": { "type": "Point", "coordinates": [ 126.911558, 35.145985 ] } },
{ "type": "Feature", "properties": { "관리기관명": "광주광역시 사회재난과", "소재지지번주소": "남구 서동 181-2", "소재지도로명주소": "남구 중앙로95번길 3", "카메라대수": "4", "카메라화소": "200만", "촬영방면": "360도", "보관일수": "30일", "설치연도": "2023", "위도": 35.144897, "경도": 126.908273, "데이터기준일자": "2026-06-30" }, "geometry": { "type": "Point", "coordinates": [ 126.908273, 35.144897 ] } },
{ "type": "Feature", "properties": { "관리기관명": "광주광역시 사회재난과", "소재지지번주소": "북구 두암동 978-11", "소재지도로명주소": "북구 무진성길 20", "카메라대수": "2", "카메라화소": "200만", "촬영방면": "360도", "보관일수": "30일", "설치연도": "2023", "위도": 35.1605, "경도": 126.9393, "데이터기준일자": "2026-06-30" }, "geometry": { "type": "Point", "coordinates": [ 126.9393, 35.1605 ] } },
{ "type": "Feature", "properties": { "관리기관명": "광주광역시 사회재난과", "소재지지번주소": "동구 동명동 140-13", "소재지도로명주소": "동구 백서로 219", "카메라대수": "1", "카메라화소": "200만", "촬영방면": "360도", "보관일수": "30일", "설치연도": "2023", "위도": 35.14736, "경도": 126.926459, "데이터기준일자": "2026-06-30" }, "geometry": { "type": "Point", "coordinates": [ 126.926459, 35.14736 ] } },
{ "type": "Feature", "properties": { "관리기관명": "광주광역시 사회재난과", "소재지지번주소": "동구 동명동 140-13", "소재지도로명주소": "동구 백서로 219", "카메라대수": "2", "카메라화소": "200만", "촬영방면": "360도", "보관일수": "30일", "설치연도": "2023", "위도": 35.14736, "경도": 126.926459, "데이터기준일자": "2026-06-30" }, "geometry": { "type": "Point", "coordinates": [ 126.926459, 35.14736 ] } },
{ "type": "Feature", "properties": { "관리기관명": "광주광역시 사회재난과", "소재지지번주소": "동구 장동 58-85", "소재지도로명주소": "동구 동명로 12", "카메라대수": "1", "카메라화소": "200만", "촬영방면": "360도", "보관일수": "30일", "설치연도": "2023", "위도": 35.150238, "경도": 126.9231, "데이터기준일자": "2026-06-30" }, "geometry": { "type": "Point", "coordinates": [ 126.9231, 35.150238 ] } },
{ "type": "Feature", "properties": { "관리기관명": "광주광역시 사회재난과", "소재지지번주소": "동구 장동 58-85", "소재지도로명주소": "동구 동명로 12", "카메라대수": "3", "카메라화소": "200만", "촬영방면": "360도", "보관일수": "30일", "설치연도": "2023", "위도": 35.150238, "경도": 126.9231, "데이터기준일자": "2026-06-30" }, "geometry": { "type": "Point", "coordinates": [ 126.9231, 35.150238 ] } },
{ "type": "Feature", "properties": { "관리기관명": "광주광역시 사회재난과", "소재지지번주소": "동구 동명동 78-1", "소재지도로명주소": "동구 동계천로 162", "카메라대수": "1", "카메라화소": "200만", "촬영방면": "360도", "보관일수": "30일", "설치연도": "2023", "위도": 35.149109, "경도": 126.926774, "데이터기준일자": "2026-06-30" }, "geometry": { "type": "Point", "coordinates": [ 126.926774, 35.149109 ] } },
{ "type": "Feature", "properties": { "관리기관명": "광주광역시 사회재난과", "소재지지번주소": "동구 동명동 78-1", "소재지도로명주소": "동구 동계천로 162", "카메라대수": "3", "카메라화소": "200만", "촬영방면": "360도", "보관일수": "30일", "설치연도": "2023", "위도": 35.149109, "경도": 126.926774, "데이터기준일자": "2026-06-30" }, "geometry": { "type": "Point", "coordinates": [ 126.926774, 35.149109 ] } },
{ "type": "Feature", "properties": { "관리기관명": "광주광역시 사회재난과", "소재지지번주소": "동구 동명동 83-1", "소재지도로명주소": "동구 동계천로 170", "카메라대수": "1", "카메라화소": "200만", "촬영방면": "360도", "보관일수": "30일", "설치연도": "2023", "위도": 35.149033, "경도": 126.928044, "데이터기준일자": "2026-06-30" }, "geometry": { "type": "Point", "coordinates": [ 126.928044, 35.149033 ] } },
{ "type": "Feature", "properties": { "관리기관명": "광주광역시 사회재난과", "소재지지번주소": "동구 동명동 83-1", "소재지도로명주소": "동구 동계천로 170", "카메라대수": "1", "카메라화소": "200만", "촬영방면": "360도", "보관일수": "30일", "설치연도": "2023", "위도": 35.149033, "경도": 126.928044, "데이터기준일자": "2026-06-30" }, "geometry": { "type": "Point", "coordinates": [ 126.928044, 35.149033 ] } },
{ "type": "Feature", "properties": { "관리기관명": "광주광역시 사회재난과", "소재지지번주소": "동구 금남로2가 20-2", "소재지도로명주소": "동구 금남로 238", "카메라대수": "1", "카메라화소": "200만", "촬영방면": "360도", "보관일수": "30일", "설치연도": "2023", "위도": 35.148344, "경도": 126.91803, "데이터기준일자": "2026-06-30" }, "geometry": { "type": "Point", "coordinates": [ 126.91803, 35.148344 ] } },
{ "type": "Feature", "properties": { "관리기관명": "광주광역시 사회재난과", "소재지지번주소": "동구 금남로2가 20-2", "소재지도로명주소": "동구 금남로 238", "카메라대수": "2", "카메라화소": "200만", "촬영방면": "360도", "보관일수": "30일", "설치연도": "2023", "위도": 35.148344, "경도": 126.91803, "데이터기준일자": "2026-06-30" }, "geometry": { "type": "Point", "coordinates": [ 126.91803, 35.148344 ] } },
{ "type": "Feature", "properties": { "관리기관명": "광주광역시 사회재난과", "소재지지번주소": "동구 지산동 232-46", "소재지도로명주소": "동구 지호로 51", "카메라대수": "1", "카메라화소": "200만", "촬영방면": "360도", "보관일수": "30일", "설치연도": "2023", "위도": 35.147802, "경도": 126.934945, "데이터기준일자": "2026-06-30" }, "geometry": { "type": "Point", "coordinates": [ 126.934945, 35.147802 ] } },
{ "type": "Feature", "properties": { "관리기관명": "광주광역시 사회재난과", "소재지지번주소": "동구 지산동 232-46", "소재지도로명주소": "동구 지호로 51", "카메라대수": "2", "카메라화소": "200만", "촬영방면": "360도", "보관일수": "30일", "설치연도": "2023", "위도": 35.147802, "경도": 126.934945, "데이터기준일자": "2026-06-30" }, "geometry": { "type": "Point", "coordinates": [ 126.934945, 35.147802 ] } },
{ "type": "Feature", "properties": { "관리기관명": "광주광역시 사회재난과", "소재지지번주소": "동구 산수동 509-66", "소재지도로명주소": "동구 밤실로 95", "카메라대수": "1", "카메라화소": "200만", "촬영방면": "360도", "보관일수": "30일", "설치연도": "2023", "위도": 35.155911, "경도": 126.936353, "데이터기준일자": "2026-06-30" }, "geometry": { "type": "Point", "coordinates": [ 126.936353, 35.155911 ] } },
{ "type": "Feature", "properties": { "관리기관명": "광주광역시 사회재난과", "소재지지번주소": "동구 산수동 509-66", "소재지도로명주소": "동구 밤실로 95", "카메라대수": "4", "카메라화소": "200만", "촬영방면": "360도", "보관일수": "30일", "설치연도": "2023", "위도": 35.155911, "경도": 126.936353, "데이터기준일자": "2026-06-30" }, "geometry": { "type": "Point", "coordinates": [ 126.936353, 35.155911 ] } },
{ "type": "Feature", "properties": { "관리기관명": "광주광역시 사회재난과", "소재지지번주소": "동구 궁동 61-4", "소재지도로명주소": "동구 중앙로196번길 15-35", "카메라대수": "1", "카메라화소": "200만", "촬영방면": "360도", "보관일수": "30일", "설치연도": "2023", "위도": 35.150454, "경도": 126.918178, "데이터기준일자": "2026-06-30" }, "geometry": { "type": "Point", "coordinates": [ 126.918178, 35.150454 ] } },
{ "type": "Feature", "properties": { "관리기관명": "광주광역시 사회재난과", "소재지지번주소": "동구 궁동 61-4", "소재지도로명주소": "동구 중앙로196번길 15-35", "카메라대수": "4", "카메라화소": "200만", "촬영방면": "360도", "보관일수": "30일", "설치연도": "2023", "위도": 35.150454, "경도": 126.918178, "데이터기준일자": "2026-06-30" }, "geometry": { "type": "Point", "coordinates": [ 126.918178, 35.150454 ] } },
{ "type": "Feature", "properties": { "관리기관명": "광주광역시 사회재난과", "소재지지번주소": "동구 계림동 519-1", "소재지도로명주소": "동구 무등로 398-1", "카메라대수": "1", "카메라화소": "200만", "촬영방면": "360도", "보관일수": "30일", "설치연도": "2023", "위도": 35.160112, "경도": 126.926224, "데이터기준일자": "2026-06-30" }, "geometry": { "type": "Point", "coordinates": [ 126.926224, 35.160112 ] } },
{ "type": "Feature", "properties": { "관리기관명": "광주광역시 사회재난과", "소재지지번주소": "동구 계림동 519-1", "소재지도로명주소": "동구 무등로 398-1", "카메라대수": "4", "카메라화소": "200만", "촬영방면": "360도", "보관일수": "30일", "설치연도": "2023", "위도": 35.160112, "경도": 126.926224, "데이터기준일자": "2026-06-30" }, "geometry": { "type": "Point", "coordinates": [ 126.926224, 35.160112 ] } },
{ "type": "Feature", "properties": { "관리기관명": "광주광역시 사회재난과", "소재지지번주소": "동구 수기동 92", "소재지도로명주소": "동구 천변우로 361-15", "카메라대수": "3", "카메라화소": "200만", "촬영방면": "360도", "보관일수": "30일", "설치연도": "2023", "위도": 35.14869, "경도": 126.9111, "데이터기준일자": "2026-06-30" }, "geometry": { "type": "Point", "coordinates": [ 126.9111, 35.14869 ] } },
{ "type": "Feature", "properties": { "관리기관명": "광주광역시 사회재난과", "소재지지번주소": "동구 수기동 68-1", "소재지도로명주소": "동구 천변우로 361-21", "카메라대수": "4", "카메라화소": "200만", "촬영방면": "360도", "보관일수": "30일", "설치연도": "2023", "위도": 35.14933, "경도": 126.9119, "데이터기준일자": "2026-06-30" }, "geometry": { "type": "Point", "coordinates": [ 126.9119, 35.14933 ] } },
{ "type": "Feature", "properties": { "관리기관명": "광주광역시 사회재난과", "소재지지번주소": "동구 학동 513", "소재지도로명주소": "동구 필문대로 341-9", "카메라대수": "2", "카메라화소": "200만", "촬영방면": "360도", "보관일수": "30일", "설치연도": "2023", "위도": 35.140759, "경도": 126.925232, "데이터기준일자": "2026-06-30" }, "geometry": { "type": "Point", "coordinates": [ 126.925232, 35.140759 ] } },
{ "type": "Feature", "properties": { "관리기관명": "광주광역시 사회재난과", "소재지지번주소": "북구 중흥동 713-23", "소재지도로명주소": "북구 중가로65번길 32", "카메라대수": "3", "카메라화소": "200만", "촬영방면": "360도", "보관일수": "30일", "설치연도": "2023", "위도": 35.160393, "경도": 126.907818, "데이터기준일자": "2026-06-30" }, "geometry": { "type": "Point", "coordinates": [ 126.907818, 35.160393 ] } },
{ "type": "Feature", "properties": { "관리기관명": "광주광역시 사회재난과", "소재지지번주소": "북구 풍향동 659", "소재지도로명주소": "북구 군왕로8번길 27-1", "카메라대수": "3", "카메라화소": "200만", "촬영방면": "360도", "보관일수": "30일", "설치연도": "2023", "위도": 35.16113, "경도": 126.9312, "데이터기준일자": "2026-06-30" }, "geometry": { "type": "Point", "coordinates": [ 126.9312, 35.16113 ] } },
{ "type": "Feature", "properties": { "관리기관명": "광주광역시 사회재난과", "소재지지번주소": "동구 광산동 113", "소재지도로명주소": "동구 문화전당로 38", "카메라대수": "4", "카메라화소": "200만", "촬영방면": "360도", "보관일수": "30일", "설치연도": "2024", "위도": 35.144973, "경도": 126.919518, "데이터기준일자": "2026-06-30" }, "geometry": { "type": "Point", "coordinates": [ 126.919518, 35.144973 ] } },
{ "type": "Feature", "properties": { "관리기관명": "광주광역시 사회재난과", "소재지지번주소": "동구 광산동 113", "소재지도로명주소": "동구 문화전당로 38", "카메라대수": "3", "카메라화소": "200만", "촬영방면": "360도", "보관일수": "30일", "설치연도": "2024", "위도": 35.146277, "경도": 126.918947, "데이터기준일자": "2026-06-30" }, "geometry": { "type": "Point", "coordinates": [ 126.918947, 35.146277 ] } },
{ "type": "Feature", "properties": { "관리기관명": "광주광역시 사회재난과", "소재지지번주소": "동구 금남로1가 41", "소재지도로명주소": null, "카메라대수": "4", "카메라화소": "200만", "촬영방면": "360도", "보관일수": "30일", "설치연도": "2024", "위도": 35.147788, "경도": 126.918951, "데이터기준일자": "2026-06-30" }, "geometry": { "type": "Point", "coordinates": [ 126.918951, 35.147788 ] } },
{ "type": "Feature", "properties": { "관리기관명": "광주광역시 사회재난과", "소재지지번주소": "동구 금남로1가 19-4", "소재지도로명주소": "동구 금남로 246", "카메라대수": "2", "카메라화소": "200만", "촬영방면": "360도", "보관일수": "30일", "설치연도": "2024", "위도": 35.148086, "경도": 126.918492, "데이터기준일자": "2026-06-30" }, "geometry": { "type": "Point", "coordinates": [ 126.918492, 35.148086 ] } },
{ "type": "Feature", "properties": { "관리기관명": "광주광역시 사회재난과", "소재지지번주소": "동구 금남로2가 7-1", "소재지도로명주소": "동구 금남로 231", "카메라대수": "2", "카메라화소": "200만", "촬영방면": "360도", "보관일수": "30일", "설치연도": "2024", "위도": 35.148854, "경도": 126.917479, "데이터기준일자": "2026-06-30" }, "geometry": { "type": "Point", "coordinates": [ 126.917479, 35.148854 ] } },
{ "type": "Feature", "properties": { "관리기관명": "광주광역시 사회재난과", "소재지지번주소": "동구 금남로2가 22-5", "소재지도로명주소": "동구 금남로 236", "카메라대수": "2", "카메라화소": "200만", "촬영방면": "360도", "보관일수": "30일", "설치연도": "2024", "위도": 35.148662, "경도": 126.917636, "데이터기준일자": "2026-06-30" }, "geometry": { "type": "Point", "coordinates": [ 126.917636, 35.148662 ] } },
{ "type": "Feature", "properties": { "관리기관명": "광주광역시 사회재난과", "소재지지번주소": "동구 금남로3가 9-2", "소재지도로명주소": "동구 금남로 224", "카메라대수": "2", "카메라화소": "200만", "촬영방면": "360도", "보관일수": "30일", "설치연도": "2024", "위도": 35.149416, "경도": 126.916438, "데이터기준일자": "2026-06-30" }, "geometry": { "type": "Point", "coordinates": [ 126.916438, 35.149416 ] } },
{ "type": "Feature", "properties": { "관리기관명": "광주광역시 사회재난과", "소재지지번주소": "동구 금남로3가 1-11", "소재지도로명주소": "동구 금남로 211", "카메라대수": "3", "카메라화소": "200만", "촬영방면": "360도", "보관일수": "30일", "설치연도": "2024", "위도": 35.150012, "경도": 126.915719, "데이터기준일자": "2026-06-30" }, "geometry": { "type": "Point", "coordinates": [ 126.915719, 35.150012 ] } },
{ "type": "Feature", "properties": { "관리기관명": "광주광역시 사회재난과", "소재지지번주소": "동구 충장로3가 31-7", "소재지도로명주소": "동구 중앙로 174-1", "카메라대수": "3", "카메라화소": "200만", "촬영방면": "360도", "보관일수": "30일", "설치연도": "2024", "위도": 35.149232, "경도": 126.914316, "데이터기준일자": "2026-06-30" }, "geometry": { "type": "Point", "coordinates": [ 126.914316, 35.149232 ] } },
{ "type": "Feature", "properties": { "관리기관명": "광주광역시 사회재난과", "소재지지번주소": "동구 황금동 5-7", "소재지도로명주소": "동구 중앙로 162-1", "카메라대수": "3", "카메라화소": "200만", "촬영방면": "360도", "보관일수": "30일", "설치연도": "2024", "위도": 35.148436, "경도": 126.913518, "데이터기준일자": "2026-06-30" }, "geometry": { "type": "Point", "coordinates": [ 126.913518, 35.148436 ] } },
{ "type": "Feature", "properties": { "관리기관명": "광주광역시 사회재난과", "소재지지번주소": "동구 충장로4가 29-2", "소재지도로명주소": "동구 중앙로 161-1", "카메라대수": "3", "카메라화소": "200만", "촬영방면": "360도", "보관일수": "30일", "설치연도": "2024", "위도": 35.148555, "경도": 126.91348, "데이터기준일자": "2026-06-30" }, "geometry": { "type": "Point", "coordinates": [ 126.91348, 35.148555 ] } },
{ "type": "Feature", "properties": { "관리기관명": "광주광역시 사회재난과", "소재지지번주소": "동구 충장로4가 23-1", "소재지도로명주소": "동구 충장로 60", "카메라대수": "4", "카메라화소": "200만", "촬영방면": "360도", "보관일수": "30일", "설치연도": "2024", "위도": 35.149456, "경도": 126.914453, "데이터기준일자": "2026-06-30" }, "geometry": { "type": "Point", "coordinates": [ 126.914453, 35.149456 ] } },
{ "type": "Feature", "properties": { "관리기관명": "광주광역시 사회재난과", "소재지지번주소": "동구 금남로4가 75-9", "소재지도로명주소": "동구 금남로 208", "카메라대수": "4", "카메라화소": "200만", "촬영방면": "360도", "보관일수": "30일", "설치연도": "2024", "위도": 35.150177, "경도": 126.915337, "데이터기준일자": "2026-06-30" }, "geometry": { "type": "Point", "coordinates": [ 126.915337, 35.150177 ] } },
{ "type": "Feature", "properties": { "관리기관명": "광주광역시 사회재난과", "소재지지번주소": "동구 금남로4가 21-10", "소재지도로명주소": "동구 금남로 201-1", "카메라대수": "2", "카메라화소": "200만", "촬영방면": "360도", "보관일수": "30일", "설치연도": "2024", "위도": 35.150609, "경도": 126.914835, "데이터기준일자": "2026-06-30" }, "geometry": { "type": "Point", "coordinates": [ 126.914835, 35.150609 ] } },
{ "type": "Feature", "properties": { "관리기관명": "광주광역시 사회재난과", "소재지지번주소": "동구 불로동 135", "소재지도로명주소": "동구 문화전당로35번길 24", "카메라대수": "3", "카메라화소": "200만", "촬영방면": "360도", "보관일수": "30일", "설치연도": "2024", "위도": 35.144942, "경도": 126.916714, "데이터기준일자": "2026-06-30" }, "geometry": { "type": "Point", "coordinates": [ 126.916714, 35.144942 ] } },
{ "type": "Feature", "properties": { "관리기관명": "광주광역시 사회재난과", "소재지지번주소": "동구 동명동 236", "소재지도로명주소": "동구 중앙로246번길 5", "카메라대수": "4", "카메라화소": "200만", "촬영방면": "360도", "보관일수": "30일", "설치연도": "2024", "위도": 35.153392, "경도": 126.920369, "데이터기준일자": "2026-06-30" }, "geometry": { "type": "Point", "coordinates": [ 126.920369, 35.153392 ] } },
{ "type": "Feature", "properties": { "관리기관명": "광주광역시 사회재난과", "소재지지번주소": "동구 광산동 62", "소재지도로명주소": "동구 문화전당로35번길 15", "카메라대수": "3", "카메라화소": "200만", "촬영방면": "360도", "보관일수": "30일", "설치연도": "2024", "위도": 35.145241, "경도": 126.917316, "데이터기준일자": "2026-06-30" }, "geometry": { "type": "Point", "coordinates": [ 126.917316, 35.145241 ] } },
{ "type": "Feature", "properties": { "관리기관명": "광주광역시 사회재난과", "소재지지번주소": "동구 대인동 321-11", "소재지도로명주소": "동구 독립로 282-2", "카메라대수": "2", "카메라화소": "200만", "촬영방면": "360도", "보관일수": "30일", "설치연도": "2024", "위도": 35.155899, "경도": 126.913232, "데이터기준일자": "2026-06-30" }, "geometry": { "type": "Point", "coordinates": [ 126.913232, 35.155899 ] } },
{ "type": "Feature", "properties": { "관리기관명": "광주광역시 사회재난과", "소재지지번주소": "동구 학동 138-4", "소재지도로명주소": "동구 백서로 126", "카메라대수": "4", "카메라화소": "200만", "촬영방면": "360도", "보관일수": "30일", "설치연도": "2024", "위도": 35.141942, "경도": 126.919224, "데이터기준일자": "2026-06-30" }, "geometry": { "type": "Point", "coordinates": [ 126.919224, 35.141942 ] } },
{ "type": "Feature", "properties": { "관리기관명": "광주광역시 사회재난과", "소재지지번주소": "동구 광산동 57-3", "소재지도로명주소": "동구 문화전당로35번길 3-2", "카메라대수": "3", "카메라화소": "200만", "촬영방면": "360도", "보관일수": "30일", "설치연도": "2024", "위도": 35.145569, "경도": 126.918618, "데이터기준일자": "2026-06-30" }, "geometry": { "type": "Point", "coordinates": [ 126.918618, 35.145569 ] } },
{ "type": "Feature", "properties": { "관리기관명": "광주광역시 사회재난과", "소재지지번주소": "동구 학동 69", "소재지도로명주소": "동구 양림로119번길 8", "카메라대수": "3", "카메라화소": "200만", "촬영방면": "360도", "보관일수": "30일", "설치연도": "2024", "위도": 35.140696, "경도": 126.92036, "데이터기준일자": "2026-06-30" }, "geometry": { "type": "Point", "coordinates": [ 126.92036, 35.140696 ] } },
{ "type": "Feature", "properties": { "관리기관명": "광주광역시 사회재난과", "소재지지번주소": "동구 지산동 315-59", "소재지도로명주소": null, "카메라대수": "3", "카메라화소": "200만", "촬영방면": "360도", "보관일수": "30일", "설치연도": "2023", "위도": 35.150358, "경도": 126.93796, "데이터기준일자": "2026-06-30" }, "geometry": { "type": "Point", "coordinates": [ 126.93796, 35.150358 ] } },
{ "type": "Feature", "properties": { "관리기관명": "광주광역시 사회재난과", "소재지지번주소": "동구 계림동 215-5", "소재지도로명주소": "동구 계림로20번길 13", "카메라대수": "3", "카메라화소": "200만", "촬영방면": "360도", "보관일수": "30일", "설치연도": "2024", "위도": 35.15625, "경도": 126.923584, "데이터기준일자": "2026-06-30" }, "geometry": { "type": "Point", "coordinates": [ 126.923584, 35.15625 ] } },
{ "type": "Feature", "properties": { "관리기관명": "광주광역시 사회재난과", "소재지지번주소": "동구 산수동 487-21", "소재지도로명주소": null, "카메라대수": "3", "카메라화소": "200만", "촬영방면": "360도", "보관일수": "30일", "설치연도": "2024", "위도": 35.154942, "경도": 126.922729, "데이터기준일자": "2026-06-30" }, "geometry": { "type": "Point", "coordinates": [ 126.922729, 35.154942 ] } },
{ "type": "Feature", "properties": { "관리기관명": "광주광역시 사회재난과", "소재지지번주소": "동구 남동 134-4", "소재지도로명주소": "동구 문화전당로23번길 5-26", "카메라대수": "3", "카메라화소": "200만", "촬영방면": "360도", "보관일수": "30일", "설치연도": "2024", "위도": 35.143495, "경도": 126.919725, "데이터기준일자": "2026-06-30" }, "geometry": { "type": "Point", "coordinates": [ 126.919725, 35.143495 ] } },
{ "type": "Feature", "properties": { "관리기관명": "광주광역시 사회재난과", "소재지지번주소": "동구 금동 168-4", "소재지도로명주소": null, "카메라대수": "3", "카메라화소": "200만", "촬영방면": "360도", "보관일수": "30일", "설치연도": "2024", "위도": 35.142694, "경도": 126.919701, "데이터기준일자": "2026-06-30" }, "geometry": { "type": "Point", "coordinates": [ 126.919701, 35.142694 ] } },
{ "type": "Feature", "properties": { "관리기관명": "광주광역시 사회재난과", "소재지지번주소": "동구 금동 97-1", "소재지도로명주소": "동구 백서로125번길 19-9", "카메라대수": "3", "카메라화소": "200만", "촬영방면": "360도", "보관일수": "30일", "설치연도": "2024", "위도": 35.143432, "경도": 126.917785, "데이터기준일자": "2026-06-30" }, "geometry": { "type": "Point", "coordinates": [ 126.917785, 35.143432 ] } },
{ "type": "Feature", "properties": { "관리기관명": "광주광역시 사회재난과", "소재지지번주소": "동구 남동 111", "소재지도로명주소": "동구 문화전당로 8-6", "카메라대수": "2", "카메라화소": "200만", "촬영방면": "360도", "보관일수": "30일", "설치연도": "2024", "위도": 35.143397, "경도": 126.920395, "데이터기준일자": "2026-06-30" }, "geometry": { "type": "Point", "coordinates": [ 126.920395, 35.143397 ] } },
{ "type": "Feature", "properties": { "관리기관명": "광주광역시 사회재난과", "소재지지번주소": "동구 금동 146-6", "소재지도로명주소": null, "카메라대수": "3", "카메라화소": "200만", "촬영방면": "360도", "보관일수": "30일", "설치연도": "2024", "위도": 35.142504, "경도": 126.917459, "데이터기준일자": "2026-06-30" }, "geometry": { "type": "Point", "coordinates": [ 126.917459, 35.142504 ] } },
{ "type": "Feature", "properties": { "관리기관명": "광주광역시 사회재난과", "소재지지번주소": "남구 양림동 108-14", "소재지도로명주소": null, "카메라대수": "3", "카메라화소": "200만", "촬영방면": "360도", "보관일수": "30일", "설치연도": "2024", "위도": 35.140882, "경도": 126.911703, "데이터기준일자": "2026-06-30" }, "geometry": { "type": "Point", "coordinates": [ 126.911703, 35.140882 ] } },
{ "type": "Feature", "properties": { "관리기관명": "광주광역시 사회재난과", "소재지지번주소": "동구 계림동 350", "소재지도로명주소": "동구 구성로238번길 26", "카메라대수": "4", "카메라화소": "200만", "촬영방면": "360도", "보관일수": "30일", "설치연도": "2024", "위도": 35.154452, "경도": 126.91922, "데이터기준일자": "2026-06-30" }, "geometry": { "type": "Point", "coordinates": [ 126.91922, 35.154452 ] } },
{ "type": "Feature", "properties": { "관리기관명": "광주광역시 사회재난과", "소재지지번주소": "동구 산수동 23-5", "소재지도로명주소": "동구 밤실로 76-12", "카메라대수": "3", "카메라화소": "200만", "촬영방면": "360도", "보관일수": "30일", "설치연도": "2024", "위도": 35.154345, "경도": 126.937114, "데이터기준일자": "2026-06-30" }, "geometry": { "type": "Point", "coordinates": [ 126.937114, 35.154345 ] } },
{ "type": "Feature", "properties": { "관리기관명": "광주광역시 사회재난과", "소재지지번주소": "북구 중흥동 683-7", "소재지도로명주소": "북구 무등로262번길 60", "카메라대수": "3", "카메라화소": "200만", "촬영방면": "360도", "보관일수": "30일", "설치연도": "2025", "위도": 35.160988, "경도": 126.910901, "데이터기준일자": "2026-06-30" }, "geometry": { "type": "Point", "coordinates": [ 126.910901, 35.160988 ] } },
{ "type": "Feature", "properties": { "관리기관명": "광주광역시 사회재난과", "소재지지번주소": "북구 중흥동 683-7", "소재지도로명주소": "북구 무등로262번길 60", "카메라대수": "1", "카메라화소": "200만", "촬영방면": "360도", "보관일수": "30일", "설치연도": "2025", "위도": 35.161141, "경도": 126.910997, "데이터기준일자": "2026-06-30" }, "geometry": { "type": "Point", "coordinates": [ 126.910997, 35.161141 ] } },
{ "type": "Feature", "properties": { "관리기관명": "광주광역시 사회재난과", "소재지지번주소": "동구 대인동 316-10", "소재지도로명주소": "동구 제봉로222번길 9-1", "카메라대수": "2", "카메라화소": "200만", "촬영방면": "360도", "보관일수": "30일", "설치연도": "2025", "위도": 35.155641, "경도": 126.914317, "데이터기준일자": "2026-06-30" }, "geometry": { "type": "Point", "coordinates": [ 126.914317, 35.155641 ] } },
{ "type": "Feature", "properties": { "관리기관명": "광주광역시 사회재난과", "소재지지번주소": "동구 대인동 321-32", "소재지도로명주소": "동구 제봉로222번길 1", "카메라대수": "4", "카메라화소": "200만", "촬영방면": "360도", "보관일수": "30일", "설치연도": "2025", "위도": 35.155053, "경도": 126.913642, "데이터기준일자": "2026-06-30" }, "geometry": { "type": "Point", "coordinates": [ 126.913642, 35.155053 ] } },
{ "type": "Feature", "properties": { "관리기관명": "광주광역시 사회재난과", "소재지지번주소": "동구 대인동 16-1", "소재지도로명주소": "동구 제봉로213번길 14-1", "카메라대수": "3", "카메라화소": "200만", "촬영방면": "360도", "보관일수": "30일", "설치연도": "2025", "위도": 35.153777, "경도": 126.913164, "데이터기준일자": "2026-06-30" }, "geometry": { "type": "Point", "coordinates": [ 126.913164, 35.153777 ] } },
{ "type": "Feature", "properties": { "관리기관명": "광주광역시 사회재난과", "소재지지번주소": "동구 산수동 126-36", "소재지도로명주소": "동구 필문대로 123번길 15", "카메라대수": "2", "카메라화소": "200만", "촬영방면": "360도", "보관일수": "30일", "설치연도": "2025", "위도": 35.159995, "경도": 126.932861, "데이터기준일자": "2026-06-30" }, "geometry": { "type": "Point", "coordinates": [ 126.932861, 35.159995 ] } },
{ "type": "Feature", "properties": { "관리기관명": "광주광역시 사회재난과", "소재지지번주소": "동구 산수동 548-45", "소재지도로명주소": "동구 무등로 449번길 7", "카메라대수": "3", "카메라화소": "200만", "촬영방면": "360도", "보관일수": "30일", "설치연도": "2025", "위도": 35.156907, "경도": 126.930599, "데이터기준일자": "2026-06-30" }, "geometry": { "type": "Point", "coordinates": [ 126.930599, 35.156907 ] } },
{ "type": "Feature", "properties": { "관리기관명": "광주광역시 사회재난과", "소재지지번주소": "동구 지산동 705-32", "소재지도로명주소": "동구 밤실로 43", "카메라대수": "3", "카메라화소": "200만", "촬영방면": "360도", "보관일수": "30일", "설치연도": "2025", "위도": 35.151344, "경도": 126.936784, "데이터기준일자": "2026-06-30" }, "geometry": { "type": "Point", "coordinates": [ 126.936784, 35.151344 ] } },
{ "type": "Feature", "properties": { "관리기관명": "광주광역시 사회재난과", "소재지지번주소": "북구 중흥동 709-1", "소재지도로명주소": "북구 경양로147번길 15", "카메라대수": "3", "카메라화소": "200만", "촬영방면": "360도", "보관일수": "30일", "설치연도": "2025", "위도": 35.161677, "경도": 126.908358, "데이터기준일자": "2026-06-30" }, "geometry": { "type": "Point", "coordinates": [ 126.908358, 35.161677 ] } },
{ "type": "Feature", "properties": { "관리기관명": "광주광역시 사회재난과", "소재지지번주소": "북구 중흥동 716-25", "소재지도로명주소": "북구 중가로 89", "카메라대수": "4", "카메라화소": "200만", "촬영방면": "360도", "보관일수": "30일", "설치연도": "2025", "위도": 35.158381, "경도": 126.909912, "데이터기준일자": "2026-06-30" }, "geometry": { "type": "Point", "coordinates": [ 126.909912, 35.158381 ] } },
{ "type": "Feature", "properties": { "관리기관명": "광주광역시 사회재난과", "소재지지번주소": "동구 지산동 680-19", "소재지도로명주소": "동구 동명로 63-14", "카메라대수": "2", "카메라화소": "200만", "촬영방면": "360도", "보관일수": "30일", "설치연도": "2026", "위도": 35.151955, "경도": 126.926914, "데이터기준일자": "2026-06-30" }, "geometry": { "type": "Point", "coordinates": [ 126.926914, 35.151955 ] } },
{ "type": "Feature", "properties": { "관리기관명": "광주광역시 사회재난과", "소재지지번주소": "동구 지산동 680-5", "소재지도로명주소": "동구 동명로 63-26", "카메라대수": "2", "카메라화소": "200만", "촬영방면": "360도", "보관일수": "30일", "설치연도": "2026", "위도": 35.152081, "경도": 126.926713, "데이터기준일자": "2026-06-30" }, "geometry": { "type": "Point", "coordinates": [ 126.926713, 35.152081 ] } },
{ "type": "Feature", "properties": { "관리기관명": "광주광역시 사회재난과", "소재지지번주소": "동구 지산동 720-2", "소재지도로명주소": "동구 필문대로218번길 2-28", "카메라대수": "4", "카메라화소": "200만", "촬영방면": "360도", "보관일수": "30일", "설치연도": "2026", "위도": 35.152605, "경도": 126.930206, "데이터기준일자": "2026-06-30" }, "geometry": { "type": "Point", "coordinates": [ 126.930206, 35.152605 ] } },
{ "type": "Feature", "properties": { "관리기관명": "광주광역시 사회재난과", "소재지지번주소": "동구 서석동 7-18", "소재지도로명주소": "백서로 198번길 5-1", "카메라대수": "3", "카메라화소": "200만", "촬영방면": "360도", "보관일수": "30일", "설치연도": "2026", "위도": 35.145657, "경도": 126.925887, "데이터기준일자": "2026-06-30" }, "geometry": { "type": "Point", "coordinates": [ 126.925887, 35.145657 ] } },
{ "type": "Feature", "properties": { "관리기관명": "광주광역시 사회재난과", "소재지지번주소": "동구 계림동 69-5", "소재지도로명주소": null, "카메라대수": "3", "카메라화소": "200만", "촬영방면": "360도", "보관일수": "30일", "설치연도": "2026", "위도": 35.161231, "경도": 126.923843, "데이터기준일자": "2026-06-30" }, "geometry": { "type": "Point", "coordinates": [ 126.923843, 35.161231 ] } },
{ "type": "Feature", "properties": { "관리기관명": "광주광역시 사회재난과", "소재지지번주소": "동구 계림동 66-7", "소재지도로명주소": null, "카메라대수": "3", "카메라화소": "200만", "촬영방면": "360도", "보관일수": "30일", "설치연도": "2026", "위도": 35.16075, "경도": 126.923938, "데이터기준일자": "2026-06-30" }, "geometry": { "type": "Point", "coordinates": [ 126.923938, 35.16075 ] } }
]
}
