{
"type": "FeatureCollection",
"name": "ngii_road",
"crs": { "type": "name", "properties": { "name": "urn:ogc:def:crs:OGC:1.3:CRS84" } },
"features": [
{ "type": "Feature", "properties": { "gid": 2790060, "fmta": "R24020061", "scls": "A0013110", "ufid": "100035616048A00110100000002790061" }, "geometry": { "type": "Polygon", "coordinates": [ [ [ 126.92572901874253, 35.148749216287939 ], [ 126.925611789717465, 35.148727547165805 ], [ 126.92547390208577, 35.148700494173568 ], [ 126.925449937245361, 35.148696909871063 ], [ 126.925411201622325, 35.148693542262819 ], [ 126.925381910835057, 35.14869406431017 ], [ 126.925349556965202, 35.148696631321307 ], [ 126.925306347277669, 35.148700498493611 ], [ 126.925245969902591, 35.148709466324988 ], [ 126.925188739810764, 35.148721275005208 ], [ 126.925150178862182, 35.148731003626743 ], [ 126.925116394548851, 35.148737463669995 ], [ 126.925120153364034, 35.148923092388443 ], [ 126.925183295908511, 35.148877972994249 ], [ 126.925262517372957, 35.148855496845528 ], [ 126.925341169356187, 35.148844215335991 ], [ 126.925438671387482, 35.148837136746948 ], [ 126.925510935843207, 35.148849006812242 ], [ 126.925519297066714, 35.148850562223728 ], [ 126.925581496196429, 35.14886544581848 ], [ 126.925636967659656, 35.148881281252585 ], [ 126.92568222333297, 35.148895919465986 ], [ 126.925716320381468, 35.14890823518013 ], [ 126.92574416283469, 35.148919483377767 ], [ 126.925767568993592, 35.148933063097147 ], [ 126.925775664500492, 35.148938845333831 ], [ 126.925837715828891, 35.148788797846251 ], [ 126.92572901874253, 35.148749216287939 ] ] ] } },
{ "type": "Feature", "properties": { "gid": 2790064, "fmta": "R24020065", "scls": "A0013110", "ufid": "100035616048A00110100000002790065" }, "geometry": { "type": "Polygon", "coordinates": [ [ [ 126.925837715828891, 35.148788797846251 ], [ 126.925775664500492, 35.148938845333831 ], [ 126.925906400350215, 35.148973376216368 ], [ 126.925959808014284, 35.148832570781323 ], [ 126.925837715828891, 35.148788797846251 ] ] ] } },
{ "type": "Feature", "properties": { "gid": 2790057, "fmta": "R24020058", "scls": "A0013110", "ufid": "100035616048A00110100000002790058" }, "geometry": { "type": "Polygon", "coordinates": [ [ [ 126.925865728663268, 35.148998670241973 ], [ 126.925906400350215, 35.148973376216368 ], [ 126.925775664500492, 35.148938845333831 ], [ 126.925786803055317, 35.148949966568409 ], [ 126.925789553679436, 35.148953330345279 ], [ 126.925791318630758, 35.148955729133505 ], [ 126.925792567134806, 35.148958505994457 ], [ 126.925793574241055, 35.148961733466379 ], [ 126.92580572671946, 35.14907779109722 ], [ 126.925878373430407, 35.149069038021473 ], [ 126.925865728663268, 35.148998670241973 ] ] ] } },
{ "type": "Feature", "properties": { "gid": 2790065, "fmta": "R24020066", "scls": "A0013110", "ufid": "100035616048A00110100000002790066" }, "geometry": { "type": "Polygon", "coordinates": [ [ [ 126.925878373430407, 35.149069038021473 ], [ 126.92580572671946, 35.14907779109722 ], [ 126.925830412601982, 35.149145038327504 ], [ 126.925890712401326, 35.149137774064585 ], [ 126.925878373430407, 35.149069038021473 ] ] ] } },
{ "type": "Feature", "properties": { "gid": 2790056, "fmta": "R24020057", "scls": "A0013110", "ufid": "100035616048A00110100000002790057" }, "geometry": { "type": "Polygon", "coordinates": [ [ [ 126.925929491268505, 35.149359957047693 ], [ 126.925922257762991, 35.149313342420363 ], [ 126.925890712401326, 35.149137774064585 ], [ 126.925830412601982, 35.149145038327504 ], [ 126.925831300439413, 35.149146490675392 ], [ 126.925864067917388, 35.149329982721675 ], [ 126.925867112134213, 35.149349381131472 ], [ 126.925867152633586, 35.149353149554926 ], [ 126.925866512496881, 35.149357538734186 ], [ 126.925865752734069, 35.149360359278944 ], [ 126.925863442989055, 35.149365810872538 ], [ 126.925846830957298, 35.149398384753042 ], [ 126.925844918935809, 35.14940097982123 ], [ 126.925843535524749, 35.149401934484978 ], [ 126.925841547726662, 35.149402970143477 ], [ 126.925955362150148, 35.149391529337819 ], [ 126.925929491268505, 35.149359957047693 ] ] ] } },
{ "type": "Feature", "properties": { "gid": 2790061, "fmta": "R24020062", "scls": "A0013110", "ufid": "100035616048A00110100000002790062" }, "geometry": { "type": "Polygon", "coordinates": [ [ [ 126.92580572671946, 35.14907779109722 ], [ 126.925805166253056, 35.149078809173062 ], [ 126.925782133422246, 35.149113191198488 ], [ 126.9257761615672, 35.149115161079031 ], [ 126.925630623482803, 35.149135596450137 ], [ 126.925406632712239, 35.149166554955244 ], [ 126.925197256715833, 35.149199956570413 ], [ 126.92519516116748, 35.149199297400628 ], [ 126.925193910979402, 35.14919879192442 ], [ 126.925179174175682, 35.149185108950036 ], [ 126.925193588416349, 35.149251530305882 ], [ 126.925194358139976, 35.149250106555996 ], [ 126.925196027398727, 35.149247845781296 ], [ 126.925221381386365, 35.149232664096445 ], [ 126.92522546571287, 35.149230899895755 ], [ 126.925228902053831, 35.149229640281888 ], [ 126.925421477808428, 35.149206224695909 ], [ 126.92563660066952, 35.14917692745172 ], [ 126.925635685450402, 35.149169373124508 ], [ 126.925827845189303, 35.149144973862363 ], [ 126.925829282832012, 35.149144894111089 ], [ 126.925830412601982, 35.149145038327504 ], [ 126.92580572671946, 35.14907779109722 ] ] ] } },
{ "type": "Feature", "properties": { "gid": 2723149, "fmta": "R24023150", "scls": "A0013110", "ufid": "100035616048A00110100000002723150" }, "geometry": { "type": "Polygon", "coordinates": [ [ [ 126.925173761270671, 35.149163950877046 ], [ 126.925130398864582, 35.14897563925453 ], [ 126.925120153364034, 35.148923092388443 ], [ 126.925032058639246, 35.14891565550532 ], [ 126.925042272212863, 35.148919510975851 ], [ 126.925048675869448, 35.148925608043704 ], [ 126.925054650116749, 35.148944369345351 ], [ 126.925065101430832, 35.149023839444993 ], [ 126.92509410178468, 35.149172798298018 ], [ 126.92509852310188, 35.149197732525003 ], [ 126.925179174175682, 35.149185108950036 ], [ 126.925173761270671, 35.149163950877046 ] ] ] } },
{ "type": "Feature", "properties": { "gid": 2723148, "fmta": "R24023149", "scls": "A0013110", "ufid": "100035616048A00110100000002723149" }, "geometry": { "type": "Polygon", "coordinates": [ [ [ 126.925179174175682, 35.149185108950036 ], [ 126.92509852310188, 35.149197732525003 ], [ 126.925110041744318, 35.1492626649597 ], [ 126.925193588416349, 35.149251530305882 ], [ 126.925179174175682, 35.149185108950036 ] ] ] } },
{ "type": "Feature", "properties": { "gid": 2725254, "fmta": "R24025255", "scls": "A0013110", "ufid": "100035616048A00110100000002725255" }, "geometry": { "type": "Polygon", "coordinates": [ [ [ 126.925116394548851, 35.148737463669995 ], [ 126.925111732391741, 35.148734756267928 ], [ 126.925059369004217, 35.148681165558592 ], [ 126.925075896425938, 35.1486684487639 ], [ 126.925039435449889, 35.148638563622235 ], [ 126.924999995666113, 35.148672565573833 ], [ 126.924925188431459, 35.148739869203489 ], [ 126.924950068821147, 35.148737685229413 ], [ 126.924998947301944, 35.148798656146596 ], [ 126.925000000699185, 35.148798107497676 ], [ 126.925116394548851, 35.148737463669995 ] ] ] } },
{ "type": "Feature", "properties": { "gid": 2725253, "fmta": "R24025254", "scls": "A0013110", "ufid": "100035616047A00110100000002725254" }, "geometry": { "type": "Polygon", "coordinates": [ [ [ 126.925039435449889, 35.148638563622235 ], [ 126.925000001113673, 35.148606243277356 ], [ 126.924994320792621, 35.148602355213697 ], [ 126.924972506225103, 35.148587442060851 ], [ 126.924833010626742, 35.148709869231936 ], [ 126.924925188431459, 35.148739869203489 ], [ 126.924999995666113, 35.148672565573833 ], [ 126.925039435449889, 35.148638563622235 ] ] ] } },
{ "type": "Feature", "properties": { "gid": 2725257, "fmta": "R24025258", "scls": "A0013110", "ufid": "100035616048A00110100000002725258" }, "geometry": { "type": "Polygon", "coordinates": [ [ [ 126.925000000699185, 35.148798107497676 ], [ 126.924998947301944, 35.148798656146596 ], [ 126.924999997057625, 35.148802370748982 ], [ 126.925032058639246, 35.14891565550532 ], [ 126.925120153364034, 35.148923092388443 ], [ 126.925116394548851, 35.148737463669995 ], [ 126.925000000699185, 35.148798107497676 ] ] ] } },
{ "type": "Feature", "properties": { "gid": 2723165, "fmta": "R24023166", "scls": "A0013110", "ufid": "100035616047A00110100000002723166" }, "geometry": { "type": "Polygon", "coordinates": [ [ [ 126.924954042323023, 35.148569088564585 ], [ 126.924877952985497, 35.148539322778653 ], [ 126.924859030643219, 35.14851872454765 ], [ 126.924693492312969, 35.148391691643454 ], [ 126.924568544956202, 35.148262444314291 ], [ 126.9244910953594, 35.148300074321682 ], [ 126.92459235463707, 35.148403148190148 ], [ 126.924626725782829, 35.148438701588951 ], [ 126.92482914447443, 35.14861837815878 ], [ 126.924833010626742, 35.148709869231936 ], [ 126.924972506225103, 35.148587442060851 ], [ 126.924954042323023, 35.148569088564585 ] ] ] } },
{ "type": "Feature", "properties": { "gid": 2725258, "fmta": "R24025259", "scls": "A0013110", "ufid": "100035616047A00110100000002725259" }, "geometry": { "type": "Polygon", "coordinates": [ [ [ 126.924990568403828, 35.148924309768098 ], [ 126.924999998214105, 35.14892097221653 ], [ 126.925008232230255, 35.148917200679065 ], [ 126.925017978506816, 35.148916007082597 ], [ 126.925025660494867, 35.148915642276791 ], [ 126.925032058639246, 35.14891565550532 ], [ 126.924999997057625, 35.148802370748982 ], [ 126.924998947301944, 35.148798656146596 ], [ 126.924994784521203, 35.148802367653701 ], [ 126.924771654502379, 35.148995192609711 ], [ 126.924393962283261, 35.149318591287091 ], [ 126.924349160795018, 35.149334553257738 ], [ 126.92451161007213, 35.149349932575241 ], [ 126.924981972905513, 35.148926874007245 ], [ 126.924990568403828, 35.148924309768098 ] ] ] } },
{ "type": "Feature", "properties": { "gid": 2790516, "fmta": "R24020517", "scls": "A0013110", "ufid": "100035616047A00110100000002790517" }, "geometry": { "type": "Polygon", "coordinates": [ [ [ 126.924155195489007, 35.149233948845655 ], [ 126.924117885389691, 35.149278785610719 ], [ 126.924184131576411, 35.149308896436082 ], [ 126.92424542251392, 35.14924964350665 ], [ 126.924155195489007, 35.149233948845655 ] ] ] } },
{ "type": "Feature", "properties": { "gid": 2723164, "fmta": "R24023165", "scls": "A0013110", "ufid": "100035616047A00110100000002723165" }, "geometry": { "type": "Polygon", "coordinates": [ [ [ 126.924833010626742, 35.148709869231936 ], [ 126.924155195489007, 35.149233948845655 ], [ 126.92424542251392, 35.14924964350665 ], [ 126.924800394009694, 35.1488301174725 ], [ 126.924925188431459, 35.148739869203489 ], [ 126.924833010626742, 35.148709869231936 ] ] ] } },
{ "type": "Feature", "properties": { "gid": 2790512, "fmta": "R24020513", "scls": "A0013110", "ufid": "100035616047A00110100000002790513" }, "geometry": { "type": "Polygon", "coordinates": [ [ [ 126.923548958762922, 35.148957577706533 ], [ 126.923509073894053, 35.149001217665976 ], [ 126.924117885389691, 35.149278785610719 ], [ 126.924155195489007, 35.149233948845655 ], [ 126.923548958762922, 35.148957577706533 ] ] ] } },
{ "type": "Feature", "properties": { "gid": 2790081, "fmta": "R24020082", "scls": "A0013110", "ufid": "100035616048A00110100000002790082" }, "geometry": { "type": "Polygon", "coordinates": [ [ [ 126.928460426929306, 35.149172903468269 ], [ 126.928454714236523, 35.149167492430941 ], [ 126.928453958678958, 35.149165328377734 ], [ 126.928450800554771, 35.149287424402445 ], [ 126.928631118308999, 35.149326325956778 ], [ 126.928647848408957, 35.149220001655756 ], [ 126.928460426929306, 35.149172903468269 ] ] ] } },
{ "type": "Feature", "properties": { "gid": 2790176, "fmta": "R24020177", "scls": "A0013110", "ufid": "100035616048A00110100000002790177" }, "geometry": { "type": "Polygon", "coordinates": [ [ [ 126.928185124910883, 35.14932452048874 ], [ 126.928184640751482, 35.149325620089414 ], [ 126.928155775550366, 35.149329461291799 ], [ 126.928146364700069, 35.149298087981222 ], [ 126.928130901457052, 35.149261843939769 ], [ 126.928107531486063, 35.149217916105123 ], [ 126.928107555516249, 35.149215266102672 ], [ 126.928113920761561, 35.149202253860558 ], [ 126.928116490341196, 35.149200596929482 ], [ 126.928121054698281, 35.1492016094479 ], [ 126.928055866435727, 35.149165867390018 ], [ 126.928058013024071, 35.14917115972019 ], [ 126.928057790642654, 35.149185996253628 ], [ 126.928054497087729, 35.149213611704248 ], [ 126.928045110278404, 35.149241881885821 ], [ 126.928045064441321, 35.149244667041316 ], [ 126.92809271742648, 35.14930401417309 ], [ 126.928114920694597, 35.149388854147269 ], [ 126.928134302864578, 35.149387026794578 ], [ 126.928128320017834, 35.149363426142408 ], [ 126.928129716133384, 35.149361750147087 ], [ 126.928159230191341, 35.149356494530402 ], [ 126.928159988571011, 35.14935511579327 ], [ 126.928159411246881, 35.14935023032713 ], [ 126.928188323114568, 35.149343956539603 ], [ 126.928189089907903, 35.14934498449702 ], [ 126.928185124910883, 35.14932452048874 ] ] ] } },
{ "type": "Feature", "properties": { "gid": 2790178, "fmta": "R24020179", "scls": "A0013110", "ufid": "100035616048A00110100000002790179" }, "geometry": { "type": "Polygon", "coordinates": [ [ [ 126.928169577607534, 35.149058303884672 ], [ 126.928163210413985, 35.149048529091253 ], [ 126.928156065158319, 35.14902411592584 ], [ 126.92814962331849, 35.14899943286261 ], [ 126.928139134029891, 35.148997146223408 ], [ 126.928055866435727, 35.149165867390018 ], [ 126.928121054698281, 35.1492016094479 ], [ 126.928177241338801, 35.149066041529167 ], [ 126.928169577607534, 35.149058303884672 ] ] ] } },
{ "type": "Feature", "properties": { "gid": 2790082, "fmta": "R24020083", "scls": "A0013110", "ufid": "100035616048A00110100000002790083" }, "geometry": { "type": "Polygon", "coordinates": [ [ [ 126.928316686951163, 35.149109462072516 ], [ 126.928297273367534, 35.149109198248794 ], [ 126.92826420325467, 35.149101615752954 ], [ 126.92823652273438, 35.149093055081146 ], [ 126.928201362442607, 35.149079964097659 ], [ 126.928188670309609, 35.1490739899074 ], [ 126.928177241338801, 35.149066041529167 ], [ 126.928121054698281, 35.1492016094479 ], [ 126.928346005438513, 35.149252714773489 ], [ 126.928323051964441, 35.14910934873209 ], [ 126.928316686951163, 35.149109462072516 ] ] ] } },
{ "type": "Feature", "properties": { "gid": 2790077, "fmta": "R24020078", "scls": "A0013110", "ufid": "100035616048A00110100000002790078" }, "geometry": { "type": "Polygon", "coordinates": [ [ [ 126.928346005438513, 35.149252714773489 ], [ 126.928121054698281, 35.1492016094479 ], [ 126.928170144526604, 35.149262407865415 ], [ 126.928172968454433, 35.149270531142221 ], [ 126.928185124910883, 35.14932452048874 ], [ 126.928289816549423, 35.149315010074055 ], [ 126.928346005438513, 35.149252714773489 ] ] ] } },
{ "type": "Feature", "properties": { "gid": 2790078, "fmta": "R24020079", "scls": "A0013110", "ufid": "100035616048A00110100000002790079" }, "geometry": { "type": "Polygon", "coordinates": [ [ [ 126.928323051964441, 35.14910934873209 ], [ 126.928346005438513, 35.149252714773489 ], [ 126.92834992228498, 35.149253068687663 ], [ 126.928351875033428, 35.149254214050892 ], [ 126.928427494093228, 35.14928415758731 ], [ 126.92844673143118, 35.149285610811809 ], [ 126.928450800554771, 35.149287424402445 ], [ 126.928453958678958, 35.149165328377734 ], [ 126.928323051964441, 35.14910934873209 ] ] ] } },
{ "type": "Feature", "properties": { "gid": 139708, "fmta": "R24029708", "scls": "A0013118", "ufid": "100035616048A00110100000000139708" }, "geometry": { "type": "Polygon", "coordinates": [ [ [ 126.928343183218729, 35.149003855660844 ], [ 126.928341195450017, 35.149005206958108 ], [ 126.9283250947542, 35.149007360013847 ], [ 126.928323874456567, 35.149009171195395 ], [ 126.928325042395045, 35.149067589265762 ], [ 126.92832592828556, 35.149107313625208 ], [ 126.928323051964441, 35.14910934873209 ], [ 126.928453958678958, 35.149165328377734 ], [ 126.92845299514012, 35.14916260608873 ], [ 126.928452549932715, 35.149157350645524 ], [ 126.92845041188238, 35.149104673675801 ], [ 126.928438810554056, 35.149019317497313 ], [ 126.928343183218729, 35.149003855660844 ] ] ] } },
{ "type": "Feature", "properties": { "gid": 139707, "fmta": "R24029707", "scls": "A0013118", "ufid": "100035616048A00110100000000139707" }, "geometry": { "type": "Polygon", "coordinates": [ [ [ 126.928398222846425, 35.148961749533107 ], [ 126.928343183218729, 35.149003855660844 ], [ 126.928438810554056, 35.149019317497313 ], [ 126.928433577050455, 35.14898086207009 ], [ 126.928430675128268, 35.148960183066663 ], [ 126.928398222846425, 35.148961749533107 ] ] ] } },
{ "type": "Feature", "properties": { "gid": 139705, "fmta": "R24029705", "scls": "A0013118", "ufid": "100035616048A00110100000000139705" }, "geometry": { "type": "Polygon", "coordinates": [ [ [ 126.928416715678068, 35.148860852831838 ], [ 126.92838970351842, 35.148864893092572 ], [ 126.928400508235384, 35.148958028150254 ], [ 126.928398222846425, 35.148961749533107 ], [ 126.928430675128268, 35.148960183066663 ], [ 126.928416715678068, 35.148860852831838 ] ] ] } },
{ "type": "Feature", "properties": { "gid": 139706, "fmta": "R24029706", "scls": "A0013118", "ufid": "100035616048A00110100000000139706" }, "geometry": { "type": "Polygon", "coordinates": [ [ [ 126.928407078747682, 35.148824594828703 ], [ 126.928384018103046, 35.148829367880765 ], [ 126.92838682828193, 35.148840086200302 ], [ 126.92838970351842, 35.148864893092572 ], [ 126.928416715678068, 35.148860852831838 ], [ 126.928407078747682, 35.148824594828703 ] ] ] } },
{ "type": "Feature", "properties": { "gid": 139704, "fmta": "R24029704", "scls": "A0013118", "ufid": "100035616048A00110100000000139704" }, "geometry": { "type": "Polygon", "coordinates": [ [ [ 126.928416715678068, 35.148860852831838 ], [ 126.928423574651006, 35.148860118736806 ], [ 126.928426635641088, 35.148861345971795 ], [ 126.928429926413102, 35.148863781675942 ], [ 126.928425266950157, 35.148820008885544 ], [ 126.928417647247471, 35.148824186616928 ], [ 126.928410908071641, 35.148826472212335 ], [ 126.928407078747682, 35.148824594828703 ], [ 126.928416715678068, 35.148860852831838 ] ] ] } },
{ "type": "Feature", "properties": { "gid": 139710, "fmta": "R24029710", "scls": "A0013118", "ufid": "100035616048A00110100000000139710" }, "geometry": { "type": "Polygon", "coordinates": [ [ [ 126.928383335867608, 35.148742620473968 ], [ 126.928382987177997, 35.148740204960049 ], [ 126.928375419412419, 35.1486977096909 ], [ 126.928370677451568, 35.148682879178608 ], [ 126.928328659298799, 35.148651236891155 ], [ 126.92837170219687, 35.148782471524235 ], [ 126.928384018103046, 35.148829367880765 ], [ 126.928407078747682, 35.148824594828703 ], [ 126.928383335867608, 35.148742620473968 ] ] ] } },
{ "type": "Feature", "properties": { "gid": 139709, "fmta": "R24029709", "scls": "A0013118", "ufid": "100035616048A00110100000000139709" }, "geometry": { "type": "Polygon", "coordinates": [ [ [ 126.928391220233323, 35.148962143005583 ], [ 126.928365534922065, 35.148955881208998 ], [ 126.928358078988325, 35.148949197750042 ], [ 126.92835625098121, 35.148944815848296 ], [ 126.928353330173579, 35.148933276453199 ], [ 126.928347546442978, 35.14890882824335 ], [ 126.92831723662897, 35.148796040430405 ], [ 126.928292390416857, 35.148708900384563 ], [ 126.928261327949826, 35.148600532108368 ], [ 126.928233847360204, 35.148579837449994 ], [ 126.928253423718616, 35.148642808069305 ], [ 126.92830795237002, 35.148845457043251 ], [ 126.928329337874146, 35.148924014542736 ], [ 126.928340474082489, 35.148977119899349 ], [ 126.928343486456512, 35.148995816572807 ], [ 126.928343833023007, 35.149000890308095 ], [ 126.928343183218729, 35.149003855660844 ], [ 126.928398222846425, 35.148961749533107 ], [ 126.928391220233323, 35.148962143005583 ] ] ] } },
{ "type": "Feature", "properties": { "gid": 2790171, "fmta": "R24020172", "scls": "A0013110", "ufid": "100035616048A00110100000002790172" }, "geometry": { "type": "Polygon", "coordinates": [ [ [ 126.927501293304658, 35.14884369705122 ], [ 126.927494649007713, 35.148812055428081 ], [ 126.927489743123786, 35.148774853077832 ], [ 126.927483518425944, 35.148715594160159 ], [ 126.927467079536967, 35.148714782495965 ], [ 126.927478834531897, 35.1488492094688 ], [ 126.92745122177628, 35.148851373837502 ], [ 126.92746331545888, 35.149023964438335 ], [ 126.927462656198557, 35.149025767441636 ], [ 126.927461721883986, 35.149027028121246 ], [ 126.927460920048873, 35.149027713236315 ], [ 126.927459525092175, 35.1490285957276 ], [ 126.927523511866255, 35.149008857631813 ], [ 126.927501293304658, 35.14884369705122 ] ] ] } },
{ "type": "Feature", "properties": { "gid": 2790170, "fmta": "R24020171", "scls": "A0013110", "ufid": "100035616048A00110100000002790171" }, "geometry": { "type": "Polygon", "coordinates": [ [ [ 126.928059753553867, 35.148963361516195 ], [ 126.92802861612769, 35.149004986097822 ], [ 126.928027583959491, 35.149005327480815 ], [ 126.927915519598528, 35.148988008647329 ], [ 126.927832639275124, 35.148979477597123 ], [ 126.927777900172117, 35.148977984662743 ], [ 126.927758112871842, 35.148978730702737 ], [ 126.927528791121617, 35.149008428114385 ], [ 126.927523511866255, 35.149008857631813 ], [ 126.92756750047289, 35.149141150151998 ], [ 126.92757594075853, 35.149139577774974 ], [ 126.927640428754088, 35.149123995246811 ], [ 126.927639850399402, 35.149119731950897 ], [ 126.927657325656853, 35.149114911017392 ], [ 126.927753683860061, 35.14909779728346 ], [ 126.927794214049399, 35.14909609059999 ], [ 126.927821384209935, 35.14909835144325 ], [ 126.927860780890953, 35.149098916194134 ], [ 126.92789259137588, 35.149103883313295 ], [ 126.927938924966242, 35.149116268803525 ], [ 126.928029382471351, 35.149143985094561 ], [ 126.928048939256456, 35.149156732864327 ], [ 126.928055866435727, 35.149165867390018 ], [ 126.928139134029891, 35.148997146223408 ], [ 126.928059753553867, 35.148963361516195 ] ] ] } },
{ "type": "Feature", "properties": { "gid": 2790183, "fmta": "R24020184", "scls": "A0013110", "ufid": "100035616048A00110100000002790184" }, "geometry": { "type": "Polygon", "coordinates": [ [ [ 126.927523511866255, 35.149008857631813 ], [ 126.927459525092175, 35.1490285957276 ], [ 126.927498032220726, 35.149154123917064 ], [ 126.92756750047289, 35.149141150151998 ], [ 126.927523511866255, 35.149008857631813 ] ] ] } },
{ "type": "Feature", "properties": { "gid": 2790169, "fmta": "R24020170", "scls": "A0013110", "ufid": "100035616048A00110100000002790170" }, "geometry": { "type": "Polygon", "coordinates": [ [ [ 126.927459525092175, 35.1490285957276 ], [ 126.927313636111137, 35.149063624685752 ], [ 126.927343571779915, 35.149176979947228 ], [ 126.927439260789043, 35.149158875030999 ], [ 126.927462591284225, 35.149160737290558 ], [ 126.927498032220726, 35.149154123917064 ], [ 126.927459525092175, 35.1490285957276 ] ] ] } },
{ "type": "Feature", "properties": { "gid": 2790175, "fmta": "R24020176", "scls": "A0013110", "ufid": "100035616048A00110100000002790176" }, "geometry": { "type": "Polygon", "coordinates": [ [ [ 126.927292205564157, 35.149184358394422 ], [ 126.927313731229731, 35.149240589569544 ], [ 126.927352991250615, 35.149333381293694 ], [ 126.927371279841537, 35.149376233867002 ], [ 126.927384595138705, 35.149372392404388 ], [ 126.927413287911079, 35.149365433371443 ], [ 126.927387954467832, 35.149309876730484 ], [ 126.927369434621497, 35.149279976081864 ], [ 126.927355425262931, 35.149236369165834 ], [ 126.927343571779915, 35.149176979947228 ], [ 126.927292205564157, 35.149184358394422 ] ] ] } },
{ "type": "Feature", "properties": { "gid": 2790182, "fmta": "R24020183", "scls": "A0013110", "ufid": "100035616048A00110100000002790183" }, "geometry": { "type": "Polygon", "coordinates": [ [ [ 126.927313636111137, 35.149063624685752 ], [ 126.927297950026997, 35.149067392717605 ], [ 126.927259873540862, 35.149075365070672 ], [ 126.927292205564157, 35.149184358394422 ], [ 126.927343571779915, 35.149176979947228 ], [ 126.927313636111137, 35.149063624685752 ] ] ] } },
{ "type": "Feature", "properties": { "gid": 2790181, "fmta": "R24020182", "scls": "A0013110", "ufid": "100035616048A00110100000002790182" }, "geometry": { "type": "Polygon", "coordinates": [ [ [ 126.926633519968135, 35.149072886975702 ], [ 126.926588130484859, 35.149194813750391 ], [ 126.926689648280885, 35.149200012763508 ], [ 126.926792078309745, 35.149095012131603 ], [ 126.926633519968135, 35.149072886975702 ] ] ] } },
{ "type": "Feature", "properties": { "gid": 2790168, "fmta": "R24020169", "scls": "A0013110", "ufid": "100035616048A00110100000002790169" }, "geometry": { "type": "Polygon", "coordinates": [ [ [ 126.927259873540862, 35.149075365070672 ], [ 126.927091331681538, 35.149110669004287 ], [ 126.92707118258258, 35.14911102638905 ], [ 126.926921081564132, 35.149106023528688 ], [ 126.92679499521644, 35.149096744583488 ], [ 126.926793416176125, 35.149096166333216 ], [ 126.926792078309745, 35.149095012131603 ], [ 126.926689648280885, 35.149200012763508 ], [ 126.926847833501597, 35.149222623905075 ], [ 126.926907808246554, 35.149234315077727 ], [ 126.926963215313322, 35.149237485132382 ], [ 126.927043584569574, 35.149231828272697 ], [ 126.927062143615387, 35.149230118027823 ], [ 126.92709992309571, 35.149223182197531 ], [ 126.927182168536575, 35.149206718145926 ], [ 126.927270780168016, 35.149188402268351 ], [ 126.927292205564157, 35.149184358394422 ], [ 126.927259873540862, 35.149075365070672 ] ] ] } },
{ "type": "Feature", "properties": { "gid": 2790173, "fmta": "R24020174", "scls": "A0013110", "ufid": "100035616048A00110100000002790174" }, "geometry": { "type": "Polygon", "coordinates": [ [ [ 126.926588130484859, 35.149194813750391 ], [ 126.926588973675408, 35.149196842072016 ], [ 126.926588852038989, 35.149197905510135 ], [ 126.926588456029009, 35.14919911282459 ], [ 126.926547055768481, 35.14930276283318 ], [ 126.926546011712247, 35.149304014870843 ], [ 126.926621599097459, 35.149320699786252 ], [ 126.926658774655223, 35.149228332653536 ], [ 126.926665532164947, 35.149218592834572 ], [ 126.926689648280885, 35.149200012763508 ], [ 126.926588130484859, 35.149194813750391 ] ] ] } },
{ "type": "Feature", "properties": { "gid": 2790172, "fmta": "R24020173", "scls": "A0013110", "ufid": "100035616048A00110100000002790173" }, "geometry": { "type": "Polygon", "coordinates": [ [ [ 126.926435107828283, 35.149021172820561 ], [ 126.926382302290364, 35.149128213305026 ], [ 126.926554667112185, 35.149185247878201 ], [ 126.926588130484859, 35.149194813750391 ], [ 126.926633519968135, 35.149072886975702 ], [ 126.926435107828283, 35.149021172820561 ] ] ] } },
{ "type": "Feature", "properties": { "gid": 2790067, "fmta": "R24020068", "scls": "A0013110", "ufid": "100035616048A00110100000002790068" }, "geometry": { "type": "Polygon", "coordinates": [ [ [ 126.926299776890488, 35.148969009519078 ], [ 126.926245909719881, 35.14908447767764 ], [ 126.926371418268403, 35.149124609956068 ], [ 126.926382302290364, 35.149128213305026 ], [ 126.926435107828283, 35.149021172820561 ], [ 126.926299776890488, 35.148969009519078 ] ] ] } },
{ "type": "Feature", "properties": { "gid": 2790058, "fmta": "R24020059", "scls": "A0013110", "ufid": "100035616048A00110100000002790059" }, "geometry": { "type": "Polygon", "coordinates": [ [ [ 126.926298657198529, 35.148968837401839 ], [ 126.925979258959103, 35.14883954114827 ], [ 126.925959808014284, 35.148832570781323 ], [ 126.925906400350215, 35.148973376216368 ], [ 126.92617629783193, 35.149062216721219 ], [ 126.926245909719881, 35.14908447767764 ], [ 126.926299776890488, 35.148969009519078 ], [ 126.926298657198529, 35.148968837401839 ] ] ] } },
{ "type": "Feature", "properties": { "gid": 2790205, "fmta": "R24020206", "scls": "A0013110", "ufid": "100035616048A00110100000002790206" }, "geometry": { "type": "Polygon", "coordinates": [ [ [ 126.926349392557711, 35.148150910464985 ], [ 126.926357153584931, 35.148282568435434 ], [ 126.92636025921297, 35.148306681249927 ], [ 126.926364773359367, 35.148460952174219 ], [ 126.926381504488262, 35.148916501443061 ], [ 126.926339087484223, 35.148955080324882 ], [ 126.926302772659099, 35.148968732452126 ], [ 126.926299776890488, 35.148969009519078 ], [ 126.926435107828283, 35.149021172820561 ], [ 126.92643390250494, 35.148933541972042 ], [ 126.9264218911662, 35.148647207684832 ], [ 126.926408652698001, 35.148419516381018 ], [ 126.926404061926362, 35.148314170798365 ], [ 126.926400743280908, 35.148245629887001 ], [ 126.926394565506627, 35.148147260506946 ], [ 126.926388460240574, 35.148017127044874 ], [ 126.926384564947568, 35.147956312631607 ], [ 126.926337660251562, 35.147954197349243 ], [ 126.926349392557711, 35.148150910464985 ] ] ] } },
{ "type": "Feature", "properties": { "gid": 2790167, "fmta": "R24020168", "scls": "A0013110", "ufid": "100035616048A00110100000002790168" }, "geometry": { "type": "Polygon", "coordinates": [ [ [ 126.926676157302452, 35.148054041155596 ], [ 126.926686918711255, 35.148377518949999 ], [ 126.926689642554265, 35.14848535071161 ], [ 126.926694368384588, 35.148599042216652 ], [ 126.926697496412842, 35.148782453331641 ], [ 126.926703713124013, 35.148935435636048 ], [ 126.9267036351538, 35.148937004236664 ], [ 126.926702546787098, 35.148939879138069 ], [ 126.926633519968135, 35.149072886975702 ], [ 126.926792078309745, 35.149095012131603 ], [ 126.926788815414952, 35.149025046805164 ], [ 126.926775417530081, 35.148875980008754 ], [ 126.926776758571393, 35.148849597908161 ], [ 126.926776014343815, 35.14884692082714 ], [ 126.926769823240235, 35.148751165458037 ], [ 126.926751268598011, 35.1484540473812 ], [ 126.926797434008776, 35.148420670895717 ], [ 126.926797582473455, 35.148413432696607 ], [ 126.92680827294329, 35.148412375973145 ], [ 126.926806335795391, 35.148356877581563 ], [ 126.926794669827558, 35.148357240786225 ], [ 126.926793251026155, 35.148348217007161 ], [ 126.926748642203691, 35.14832291597947 ], [ 126.92674674527656, 35.148321174826407 ], [ 126.926740018267225, 35.148210267337653 ], [ 126.926728821405121, 35.147994007890027 ], [ 126.926672091779579, 35.147986821622226 ], [ 126.926676157302452, 35.148054041155596 ] ] ] } },
{ "type": "Feature", "properties": { "gid": 2790518, "fmta": "R24020519", "scls": "A0013110", "ufid": "100035616047A00110100000002790519" }, "geometry": { "type": "Polygon", "coordinates": [ [ [ 126.924252472284266, 35.149269369372391 ], [ 126.92424542251392, 35.14924964350665 ], [ 126.924184131576411, 35.149308896436082 ], [ 126.924273611353371, 35.149349487246759 ], [ 126.924284438920139, 35.149389153362556 ], [ 126.924349160795018, 35.149334553257738 ], [ 126.924252472284266, 35.149269369372391 ] ] ] } },
{ "type": "Feature", "properties": { "gid": 2790083, "fmta": "R24020084", "scls": "A0013110", "ufid": "100035616048A00110100000002790084" }, "geometry": { "type": "Polygon", "coordinates": [ [ [ 126.928289507723235, 35.149317254768192 ], [ 126.928289816549423, 35.149315010074055 ], [ 126.928185124910883, 35.14932452048874 ], [ 126.928189089907903, 35.14934498449702 ], [ 126.928292796518988, 35.149333787748439 ], [ 126.928289507723235, 35.149317254768192 ] ] ] } },
{ "type": "Feature", "properties": { "gid": 2730340, "fmta": "R24020341", "scls": "A0013110", "ufid": "100035616048A00110100000002730341" }, "geometry": { "type": "Polygon", "coordinates": [ [ [ 126.92892387213746, 35.14925922959565 ], [ 126.928933817694698, 35.14925668670746 ], [ 126.928864292244199, 35.149160162565799 ], [ 126.928826261049906, 35.149117535811776 ], [ 126.92892387213746, 35.14925922959565 ] ] ] } },
{ "type": "Feature", "properties": { "gid": 2790076, "fmta": "R24020077", "scls": "A0013110", "ufid": "100035616048A00110100000002790077" }, "geometry": { "type": "Polygon", "coordinates": [ [ [ 126.928890474111299, 35.149274992714624 ], [ 126.928884305010016, 35.149277233232631 ], [ 126.92888164865758, 35.149277484010319 ], [ 126.9288778965755, 35.149277274261287 ], [ 126.928861623880138, 35.149273713363741 ], [ 126.928647848408957, 35.149220001655756 ], [ 126.928631118308999, 35.149326325956778 ], [ 126.928634124931634, 35.149326381613172 ], [ 126.928639940559407, 35.149327592977748 ], [ 126.928690060347591, 35.149339583053489 ], [ 126.928820003523654, 35.149369675172977 ], [ 126.928922735594895, 35.149392990622715 ], [ 126.928948145124053, 35.149400252797939 ], [ 126.928949451270867, 35.14940076661459 ], [ 126.92892387213746, 35.14925922959565 ], [ 126.928890474111299, 35.149274992714624 ] ] ] } },
{ "type": "Feature", "properties": { "gid": 2730341, "fmta": "R24020342", "scls": "A0013110", "ufid": "100035616048A00110100000002730342" }, "geometry": { "type": "Polygon", "coordinates": [ [ [ 126.92892387213746, 35.14925922959565 ], [ 126.928949451270867, 35.14940076661459 ], [ 126.929048334692027, 35.149422963200315 ], [ 126.929028861009172, 35.149388637587627 ], [ 126.928933817694698, 35.14925668670746 ], [ 126.92892387213746, 35.14925922959565 ] ] ] } },
{ "type": "Feature", "properties": { "gid": 2790440, "fmta": "R24020441", "scls": "A0013110", "ufid": "100035616037A00110100000002790441" }, "geometry": { "type": "Polygon", "coordinates": [ [ [ 126.923286217757735, 35.151410241683884 ], [ 126.922986624385246, 35.15148693834449 ], [ 126.923001182072184, 35.151520975329632 ], [ 126.923286006878527, 35.151448062741466 ], [ 126.923292034164788, 35.151446516149548 ], [ 126.923286217757735, 35.151410241683884 ] ] ] } },
{ "type": "Feature", "properties": { "gid": 2790467, "fmta": "R24020468", "scls": "A0013110", "ufid": "100035616037A00110100000002790468" }, "geometry": { "type": "Polygon", "coordinates": [ [ [ 126.923071045211017, 35.150856462452339 ], [ 126.922838488479968, 35.150914877912705 ], [ 126.922848406709292, 35.150972077869277 ], [ 126.923097601780512, 35.150916942797274 ], [ 126.923071045211017, 35.150856462452339 ] ] ] } },
{ "type": "Feature", "properties": { "gid": 2790460, "fmta": "R24020461", "scls": "A0013110", "ufid": "100035616037A00110100000002790461" }, "geometry": { "type": "Polygon", "coordinates": [ [ [ 126.922965111202785, 35.150352218936987 ], [ 126.922959597636975, 35.15040401644027 ], [ 126.922874063360013, 35.150484355044718 ], [ 126.922829890740402, 35.150514325026421 ], [ 126.922821857453428, 35.150634413575084 ], [ 126.922822011406879, 35.1506373328167 ], [ 126.92302633689242, 35.150458438439657 ], [ 126.923062317090498, 35.150464212068897 ], [ 126.922965111202785, 35.150352218936987 ] ] ] } },
{ "type": "Feature", "properties": { "gid": 2725354, "fmta": "R24025355", "scls": "A0013110", "ufid": "100035616037A00110100000002725355" }, "geometry": { "type": "Polygon", "coordinates": [ [ [ 126.922908086787174, 35.150045485604274 ], [ 126.92288886710125, 35.150106990298504 ], [ 126.922860479615849, 35.150258126569405 ], [ 126.922965111202785, 35.150352218936987 ], [ 126.923043409299396, 35.150158800700737 ], [ 126.922908086787174, 35.150045485604274 ] ] ] } },
{ "type": "Feature", "properties": { "gid": 2790459, "fmta": "R24020460", "scls": "A0013110", "ufid": "100035616037A00110100000002790460" }, "geometry": { "type": "Polygon", "coordinates": [ [ [ 126.923043409299396, 35.150158800700737 ], [ 126.922965111202785, 35.150352218936987 ], [ 126.923062317090498, 35.150464212068897 ], [ 126.923228010185952, 35.150322479036973 ], [ 126.923043409299396, 35.150158800700737 ] ] ] } },
{ "type": "Feature", "properties": { "gid": 2790457, "fmta": "R24020458", "scls": "A0013110", "ufid": "100035616037A00110100000002790458" }, "geometry": { "type": "Polygon", "coordinates": [ [ [ 126.923182641366765, 35.150124853415704 ], [ 126.923121708535902, 35.150163186108564 ], [ 126.923115475128256, 35.150162839931689 ], [ 126.923253312989743, 35.150291623166865 ], [ 126.923260027240644, 35.150189440411275 ], [ 126.923182641366765, 35.150124853415704 ] ] ] } },
{ "type": "Feature", "properties": { "gid": 2790458, "fmta": "R24020459", "scls": "A0013110", "ufid": "100035616037A00110100000002790459" }, "geometry": { "type": "Polygon", "coordinates": [ [ [ 126.923115475128256, 35.150162839931689 ], [ 126.923043409299396, 35.150158800700737 ], [ 126.923228010185952, 35.150322479036973 ], [ 126.923224962293176, 35.150307108471083 ], [ 126.923253312989743, 35.150291623166865 ], [ 126.923115475128256, 35.150162839931689 ] ] ] } },
{ "type": "Feature", "properties": { "gid": 2790453, "fmta": "R24020454", "scls": "A0013110", "ufid": "100035616037A00110100000002790454" }, "geometry": { "type": "Polygon", "coordinates": [ [ [ 126.923282302104013, 35.150788273050566 ], [ 126.923269753260655, 35.150805571163623 ], [ 126.923245427260596, 35.150812487778111 ], [ 126.923093899572009, 35.150850708378961 ], [ 126.923109877447175, 35.150898536106787 ], [ 126.92326414929417, 35.150859622512819 ], [ 126.923312450260354, 35.150845907527838 ], [ 126.923282302104013, 35.150788273050566 ] ] ] } },
{ "type": "Feature", "properties": { "gid": 2790438, "fmta": "R24020439", "scls": "A0013110", "ufid": "100035616037A00110100000002790439" }, "geometry": { "type": "Polygon", "coordinates": [ [ [ 126.923317604457978, 35.151400202697403 ], [ 126.923109877447175, 35.150898536106787 ], [ 126.923097601780512, 35.150916942797274 ], [ 126.923287630273791, 35.151390701222788 ], [ 126.923286217757735, 35.151410241683884 ], [ 126.923317942218802, 35.151401968943794 ], [ 126.923317604457978, 35.151400202697403 ] ] ] } },
{ "type": "Feature", "properties": { "gid": 2790439, "fmta": "R24020440", "scls": "A0013110", "ufid": "100035616037A00110100000002790440" }, "geometry": { "type": "Polygon", "coordinates": [ [ [ 126.923317942218802, 35.151401968943794 ], [ 126.923286217757735, 35.151410241683884 ], [ 126.923292034164788, 35.151446516149548 ], [ 126.923324351024831, 35.151438154253562 ], [ 126.923317942218802, 35.151401968943794 ] ] ] } },
{ "type": "Feature", "properties": { "gid": 2790466, "fmta": "R24020467", "scls": "A0013110", "ufid": "100035616037A00110100000002790467" }, "geometry": { "type": "Polygon", "coordinates": [ [ [ 126.923093899572009, 35.150850708378961 ], [ 126.923071045211017, 35.150856462452339 ], [ 126.923097601780512, 35.150916942797274 ], [ 126.923109877447175, 35.150898536106787 ], [ 126.923093899572009, 35.150850708378961 ] ] ] } },
{ "type": "Feature", "properties": { "gid": 2790066, "fmta": "R24020067", "scls": "A0013110", "ufid": "100035616048A00110100000002790067" }, "geometry": { "type": "Polygon", "coordinates": [ [ [ 126.925955362150148, 35.149391529337819 ], [ 126.925841547726662, 35.149402970143477 ], [ 126.925857713775144, 35.149451238451149 ], [ 126.925953674623756, 35.149437037684415 ], [ 126.925963343758355, 35.14943573634369 ], [ 126.925955362150148, 35.149391529337819 ] ] ] } },
{ "type": "Feature", "properties": { "gid": 2790052, "fmta": "R24020053", "scls": "A0013110", "ufid": "100035616048A00110100000002790053" }, "geometry": { "type": "Polygon", "coordinates": [ [ [ 126.925841547726662, 35.149402970143477 ], [ 126.925685486356201, 35.149422920186794 ], [ 126.925695262927164, 35.149473204202003 ], [ 126.92572900200345, 35.149468375873724 ], [ 126.925730417511872, 35.149468322168239 ], [ 126.925731624907939, 35.149468512740519 ], [ 126.925754826685008, 35.14946666960703 ], [ 126.925857713775144, 35.149451238451149 ], [ 126.925841547726662, 35.149402970143477 ] ] ] } },
{ "type": "Feature", "properties": { "gid": 2790053, "fmta": "R24020054", "scls": "A0013110", "ufid": "100035616048A00110100000002790054" }, "geometry": { "type": "Polygon", "coordinates": [ [ [ 126.925685486356201, 35.149422920186794 ], [ 126.925461225808291, 35.149447479901411 ], [ 126.925471521803473, 35.149505065710734 ], [ 126.925554465559202, 35.149493362580706 ], [ 126.925695262927164, 35.149473204202003 ], [ 126.925685486356201, 35.149422920186794 ] ] ] } },
{ "type": "Feature", "properties": { "gid": 2790054, "fmta": "R24020055", "scls": "A0013110", "ufid": "100035616048A00110100000002790055" }, "geometry": { "type": "Polygon", "coordinates": [ [ [ 126.925265243093818, 35.149631056718512 ], [ 126.925262248997541, 35.149605798342648 ], [ 126.925222982589887, 35.149414315956022 ], [ 126.925193400061104, 35.149253648422622 ], [ 126.925193588416349, 35.149251530305882 ], [ 126.925110041744318, 35.1492626649597 ], [ 126.925121342092311, 35.149326325852542 ], [ 126.925147430168352, 35.149432026830226 ], [ 126.925196273218347, 35.149639712349078 ], [ 126.925196628010582, 35.1496479601376 ], [ 126.925196535599511, 35.149651890237578 ], [ 126.925196347753072, 35.14965440420572 ], [ 126.925195653961424, 35.149656270151858 ], [ 126.92526863225774, 35.14964587701094 ], [ 126.925265243093818, 35.149631056718512 ] ] ] } },
{ "type": "Feature", "properties": { "gid": 2725261, "fmta": "R24025262", "scls": "A0013110", "ufid": "100035616047A00110100000002725262" }, "geometry": { "type": "Polygon", "coordinates": [ [ [ 126.925194489409677, 35.149658261005328 ], [ 126.925165214029278, 35.149700877433105 ], [ 126.925162228721035, 35.149701379947963 ], [ 126.925160867932775, 35.14970114536036 ], [ 126.925040580249203, 35.14963982305899 ], [ 126.924999960756168, 35.149619689065936 ], [ 126.924731699857844, 35.149493223703033 ], [ 126.924527976418332, 35.149382112860138 ], [ 126.92451161007213, 35.149349932575241 ], [ 126.9244712934115, 35.149429651208152 ], [ 126.924477108382675, 35.149431727505601 ], [ 126.924622123960546, 35.149501853930055 ], [ 126.924999999274291, 35.149696926716302 ], [ 126.925107985440178, 35.149746711968866 ], [ 126.925182041214569, 35.149781379557879 ], [ 126.925187875517139, 35.149785240390038 ], [ 126.925190431087756, 35.14978745989098 ], [ 126.925192722373524, 35.149790417537375 ], [ 126.925195653961424, 35.149656270151858 ], [ 126.925194489409677, 35.149658261005328 ] ] ] } },
{ "type": "Feature", "properties": { "gid": 2790517, "fmta": "R24020518", "scls": "A0013110", "ufid": "100035616047A00110100000002790518" }, "geometry": { "type": "Polygon", "coordinates": [ [ [ 126.92451161007213, 35.149349932575241 ], [ 126.924349160795018, 35.149334553257738 ], [ 126.924284438920139, 35.149389153362556 ], [ 126.924338378800883, 35.149447414614208 ], [ 126.9244712934115, 35.149429651208152 ], [ 126.92451161007213, 35.149349932575241 ] ] ] } },
{ "type": "Feature", "properties": { "gid": 2725301, "fmta": "R24025302", "scls": "A0013110", "ufid": "100035616037A00110100000002725302" }, "geometry": { "type": "Polygon", "coordinates": [ [ [ 126.92326092139497, 35.150183302244358 ], [ 126.923307754556689, 35.150142761723394 ], [ 126.923497616065433, 35.150044281869107 ], [ 126.923575674496732, 35.150000137807886 ], [ 126.923626077202073, 35.149967909840882 ], [ 126.923566902918651, 35.149897971526805 ], [ 126.923380879110738, 35.150000149620951 ], [ 126.923182641366765, 35.150124853415704 ], [ 126.923260027240644, 35.150189440411275 ], [ 126.9232601504537, 35.150185826057374 ], [ 126.92326092139497, 35.150183302244358 ] ] ] } },
{ "type": "Feature", "properties": { "gid": 2790456, "fmta": "R24020457", "scls": "A0013110", "ufid": "100035616047A00110100000002790457" }, "geometry": { "type": "Polygon", "coordinates": [ [ [ 126.923302502320695, 35.149576379501518 ], [ 126.923266154418712, 35.149601144086638 ], [ 126.923566902918651, 35.149897971526805 ], [ 126.923605663242697, 35.149875643017268 ], [ 126.923302502320695, 35.149576379501518 ] ] ] } },
{ "type": "Feature", "properties": { "gid": 2723158, "fmta": "R24023159", "scls": "A0013110", "ufid": "100035616047A00110100000002723159" }, "geometry": { "type": "Polygon", "coordinates": [ [ [ 126.923605663242697, 35.149875643017268 ], [ 126.923566902918651, 35.149897971526805 ], [ 126.923626077202073, 35.149967909840882 ], [ 126.923661884969917, 35.149945019932865 ], [ 126.923605663242697, 35.149875643017268 ] ] ] } },
{ "type": "Feature", "properties": { "gid": 2790445, "fmta": "R24020446", "scls": "A0013110", "ufid": "100035616037A00110100000002790446" }, "geometry": { "type": "Polygon", "coordinates": [ [ [ 126.923320324120368, 35.150536420829688 ], [ 126.923364236539925, 35.150508569626034 ], [ 126.923228010185952, 35.150322479036973 ], [ 126.923062317090498, 35.150464212068897 ], [ 126.923282302104013, 35.150788273050566 ], [ 126.923501534675736, 35.150758216509409 ], [ 126.923320324120368, 35.150536420829688 ] ] ] } },
{ "type": "Feature", "properties": { "gid": 2790454, "fmta": "R24020455", "scls": "A0013110", "ufid": "100035616037A00110100000002790455" }, "geometry": { "type": "Polygon", "coordinates": [ [ [ 126.923501534675736, 35.150758216509409 ], [ 126.923282302104013, 35.150788273050566 ], [ 126.923312450260354, 35.150845907527838 ], [ 126.923525601244876, 35.150806445155787 ], [ 126.923501534675736, 35.150758216509409 ] ] ] } },
{ "type": "Feature", "properties": { "gid": 2790443, "fmta": "R24020444", "scls": "A0013110", "ufid": "100035616037A00110100000002790444" }, "geometry": { "type": "Polygon", "coordinates": [ [ [ 126.923515888034203, 35.151921134006528 ], [ 126.923430093782102, 35.151704816772714 ], [ 126.92339901565731, 35.151620213287494 ], [ 126.923324950758584, 35.151442002884387 ], [ 126.923324351024831, 35.151438154253562 ], [ 126.923292034164788, 35.151446516149548 ], [ 126.923367664398768, 35.151628486020854 ], [ 126.923398676797703, 35.151712908859892 ], [ 126.923484372844854, 35.151928974072028 ], [ 126.923496564506834, 35.1519646666016 ], [ 126.923528857521916, 35.151959089007363 ], [ 126.923515888034203, 35.151921134006528 ] ] ] } },
{ "type": "Feature", "properties": { "gid": 2790442, "fmta": "R24020443", "scls": "A0013110", "ufid": "100035616037A00110100000002790443" }, "geometry": { "type": "Polygon", "coordinates": [ [ [ 126.92362391130969, 35.151322040444519 ], [ 126.923615656873253, 35.151323837953129 ], [ 126.92361103544367, 35.151324682508097 ], [ 126.923317942218802, 35.151401968943794 ], [ 126.923324351024831, 35.151438154253562 ], [ 126.923622526080834, 35.151359518679527 ], [ 126.923639244145463, 35.151355995890754 ], [ 126.92362391130969, 35.151322040444519 ] ] ] } },
{ "type": "Feature", "properties": { "gid": 2790432, "fmta": "R24020433", "scls": "A0013110", "ufid": "100035616037A00110100000002790433" }, "geometry": { "type": "Polygon", "coordinates": [ [ [ 126.923820341855944, 35.151278186964845 ], [ 126.92362391130969, 35.151322040444519 ], [ 126.923639244145463, 35.151355995890754 ], [ 126.923858842251164, 35.151312129018763 ], [ 126.923820341855944, 35.151278186964845 ] ] ] } },
{ "type": "Feature", "properties": { "gid": 2790455, "fmta": "R24020456", "scls": "A0013110", "ufid": "100035616037A00110100000002790456" }, "geometry": { "type": "Polygon", "coordinates": [ [ [ 126.923525601244876, 35.150806445155787 ], [ 126.923312450260354, 35.150845907527838 ], [ 126.92362391130969, 35.151322040444519 ], [ 126.923820341855944, 35.151278186964845 ], [ 126.923525601244876, 35.150806445155787 ] ] ] } },
{ "type": "Feature", "properties": { "gid": 2790449, "fmta": "R24020450", "scls": "A0013110", "ufid": "100035616037A00110100000002790450" }, "geometry": { "type": "Polygon", "coordinates": [ [ [ 126.923579851243531, 35.150744195177616 ], [ 126.923518043709507, 35.150754738728914 ], [ 126.923501534675736, 35.150758216509409 ], [ 126.923525601244876, 35.150806445155787 ], [ 126.923526873849099, 35.150794746162632 ], [ 126.923604344389361, 35.150781446663487 ], [ 126.923579851243531, 35.150744195177616 ] ] ] } },
{ "type": "Feature", "properties": { "gid": 2790448, "fmta": "R24020449", "scls": "A0013110", "ufid": "100035616037A00110100000002790449" }, "geometry": { "type": "Polygon", "coordinates": [ [ [ 126.923636180902363, 35.15073513679684 ], [ 126.923579851243531, 35.150744195177616 ], [ 126.923604344389361, 35.150781446663487 ], [ 126.923652771046562, 35.150773869152445 ], [ 126.923636180902363, 35.15073513679684 ] ] ] } },
{ "type": "Feature", "properties": { "gid": 2790451, "fmta": "R24020452", "scls": "A0013110", "ufid": "100035616037A00110100000002790452" }, "geometry": { "type": "Polygon", "coordinates": [ [ [ 126.9239407620923, 35.15111700879676 ], [ 126.923926431353109, 35.151091022921946 ], [ 126.923884114653234, 35.151030938511788 ], [ 126.923856874681931, 35.150996921967305 ], [ 126.923722013314574, 35.150851618993755 ], [ 126.923676725897337, 35.150799185785175 ], [ 126.923652771046562, 35.150773869152445 ], [ 126.923604344389361, 35.150781446663487 ], [ 126.923641467694353, 35.150820687875814 ], [ 126.923686644068752, 35.150872986214956 ], [ 126.923821045667509, 35.15101778388884 ], [ 126.923846740190712, 35.151049879671888 ], [ 126.923887336099568, 35.151107529421544 ], [ 126.923898981837496, 35.15112862881265 ], [ 126.923935002808136, 35.151256553803989 ], [ 126.92397790877564, 35.151248937292962 ], [ 126.9239407620923, 35.15111700879676 ] ] ] } },
{ "type": "Feature", "properties": { "gid": 2790433, "fmta": "R24020434", "scls": "A0013110", "ufid": "100035616037A00110100000002790434" }, "geometry": { "type": "Polygon", "coordinates": [ [ [ 126.92397790877564, 35.151248937292962 ], [ 126.923935002808136, 35.151256553803989 ], [ 126.923950023761321, 35.151295367023337 ], [ 126.92399141581798, 35.151288056202077 ], [ 126.92397790877564, 35.151248937292962 ] ] ] } },
{ "type": "Feature", "properties": { "gid": 2790431, "fmta": "R24020432", "scls": "A0013110", "ufid": "100035616037A00110100000002790432" }, "geometry": { "type": "Polygon", "coordinates": [ [ [ 126.923935002808136, 35.151256553803989 ], [ 126.923926726323288, 35.151258054567727 ], [ 126.923857486936029, 35.151270620647949 ], [ 126.923820341855944, 35.151278186964845 ], [ 126.923858842251164, 35.151312129018763 ], [ 126.923950023761321, 35.151295367023337 ], [ 126.923935002808136, 35.151256553803989 ] ] ] } },
{ "type": "Feature", "properties": { "gid": 2790429, "fmta": "R24020430", "scls": "A0013110", "ufid": "100035616037A00110100000002790430" }, "geometry": { "type": "Polygon", "coordinates": [ [ [ 126.923858842251164, 35.151312129018763 ], [ 126.923639244145463, 35.151355995890754 ], [ 126.923974686093203, 35.151858552838299 ], [ 126.924109678124083, 35.151676787512855 ], [ 126.923858842251164, 35.151312129018763 ] ] ] } },
{ "type": "Feature", "properties": { "gid": 2790430, "fmta": "R24020431", "scls": "A0013110", "ufid": "100035616037A00110100000002790431" }, "geometry": { "type": "Polygon", "coordinates": [ [ [ 126.924109678124083, 35.151676787512855 ], [ 126.923974686093203, 35.151858552838299 ], [ 126.923990622808802, 35.151904531752493 ], [ 126.92417128314338, 35.151885500648618 ], [ 126.924109678124083, 35.151676787512855 ] ] ] } },
{ "type": "Feature", "properties": { "gid": 2790428, "fmta": "R24020429", "scls": "A0013110", "ufid": "100035616037A00110100000002790429" }, "geometry": { "type": "Polygon", "coordinates": [ [ [ 126.924200239505453, 35.151713971459529 ], [ 126.924109678124083, 35.151676787512855 ], [ 126.92417128314338, 35.151885500648618 ], [ 126.924280015452396, 35.151865856107364 ], [ 126.924200239505453, 35.151713971459529 ] ] ] } },
{ "type": "Feature", "properties": { "gid": 2790427, "fmta": "R24020428", "scls": "A0013110", "ufid": "100035616037A00110100000002790428" }, "geometry": { "type": "Polygon", "coordinates": [ [ [ 126.924245990448, 35.151704463971996 ], [ 126.924200239505453, 35.151713971459529 ], [ 126.924280015452396, 35.151865856107364 ], [ 126.924313712206057, 35.151861577118204 ], [ 126.924245990448, 35.151704463971996 ] ] ] } },
{ "type": "Feature", "properties": { "gid": 2790434, "fmta": "R24020435", "scls": "A0013110", "ufid": "100035616037A00110100000002790435" }, "geometry": { "type": "Polygon", "coordinates": [ [ [ 126.924721974790017, 35.151103805358211 ], [ 126.924701094208544, 35.151123631218582 ], [ 126.92397790877564, 35.151248937292962 ], [ 126.92399141581798, 35.151288056202077 ], [ 126.924703645852247, 35.151164626782247 ], [ 126.924738383581229, 35.151184766310749 ], [ 126.924721974790017, 35.151103805358211 ] ] ] } },
{ "type": "Feature", "properties": { "gid": 2790447, "fmta": "R24020448", "scls": "A0013110", "ufid": "100035616037A00110100000002790448" }, "geometry": { "type": "Polygon", "coordinates": [ [ [ 126.924617292295849, 35.15058762970601 ], [ 126.92460564791368, 35.150588623093341 ], [ 126.924564379308237, 35.150594051049197 ], [ 126.923700829047419, 35.150725307321785 ], [ 126.923636180902363, 35.15073513679684 ], [ 126.923652771046562, 35.150773869152445 ], [ 126.92392024577174, 35.15072733450581 ], [ 126.924045125594944, 35.150708560438659 ], [ 126.924572769955915, 35.150634022058071 ], [ 126.924612096809909, 35.150628855390373 ], [ 126.924625157171121, 35.150627745192779 ], [ 126.924617292295849, 35.15058762970601 ] ] ] } },
{ "type": "Feature", "properties": { "gid": 2723157, "fmta": "R24023158", "scls": "A0013110", "ufid": "100035616037A00110100000002723158" }, "geometry": { "type": "Polygon", "coordinates": [ [ [ 126.924506609837138, 35.150059183863291 ], [ 126.924497237455043, 35.150059177219028 ], [ 126.92378886203096, 35.150165554524143 ], [ 126.923305092766938, 35.15024211708419 ], [ 126.923295897598379, 35.150240642310855 ], [ 126.923267895477139, 35.15020159589379 ], [ 126.92326245735363, 35.150195742281305 ], [ 126.923260027240644, 35.150189440411275 ], [ 126.923253312989743, 35.150291623166865 ], [ 126.923797977603883, 35.150205418124997 ], [ 126.924501677032083, 35.150099741727892 ], [ 126.92451059930481, 35.150099747135684 ], [ 126.924523014345056, 35.150108417397341 ], [ 126.924506609837138, 35.150059183863291 ] ] ] } },
{ "type": "Feature", "properties": { "gid": 2723159, "fmta": "R24023160", "scls": "A0013110", "ufid": "100035616047A00110100000002723160" }, "geometry": { "type": "Polygon", "coordinates": [ [ [ 126.924284438920139, 35.149389153362556 ], [ 126.924034788026717, 35.149609560348487 ], [ 126.92381834995814, 35.149753551844746 ], [ 126.923605663242697, 35.149875643017268 ], [ 126.923661884969917, 35.149945019932865 ], [ 126.923871631889682, 35.149810912072006 ], [ 126.924094878803515, 35.149662417261922 ], [ 126.924338378800883, 35.149447414614208 ], [ 126.924284438920139, 35.149389153362556 ] ] ] } },
{ "type": "Feature", "properties": { "gid": 2725279, "fmta": "R24025280", "scls": "A0013110", "ufid": "100035616047A00110100000002725280" }, "geometry": { "type": "Polygon", "coordinates": [ [ [ 126.924555253944689, 35.150052147143008 ], [ 126.924542846099058, 35.150000040822157 ], [ 126.924434160911304, 35.14947235277063 ], [ 126.9244712934115, 35.149429651208152 ], [ 126.924338378800883, 35.149447414614208 ], [ 126.924386740225685, 35.149485302335357 ], [ 126.924492528931282, 35.150000054315626 ], [ 126.924506609837138, 35.150059183863291 ], [ 126.924557609275396, 35.150057701117952 ], [ 126.924555253944689, 35.150052147143008 ] ] ] } },
{ "type": "Feature", "properties": { "gid": 2723156, "fmta": "R24023157", "scls": "A0013110", "ufid": "100035616037A00110100000002723157" }, "geometry": { "type": "Polygon", "coordinates": [ [ [ 126.924557609275396, 35.150057701117952 ], [ 126.924506609837138, 35.150059183863291 ], [ 126.924523014345056, 35.150108417397341 ], [ 126.924570598722369, 35.150097216066534 ], [ 126.924557609275396, 35.150057701117952 ] ] ] } },
{ "type": "Feature", "properties": { "gid": 2790444, "fmta": "R24020445", "scls": "A0013110", "ufid": "100035616037A00110100000002790445" }, "geometry": { "type": "Polygon", "coordinates": [ [ [ 126.924580298833092, 35.150134258242581 ], [ 126.924570598722369, 35.150097216066534 ], [ 126.924523014345056, 35.150108417397341 ], [ 126.924531730928663, 35.150141692085299 ], [ 126.924617292295849, 35.15058762970601 ], [ 126.924666538989356, 35.15058377612273 ], [ 126.924580298833092, 35.150134258242581 ] ] ] } },
{ "type": "Feature", "properties": { "gid": 2790446, "fmta": "R24020447", "scls": "A0013110", "ufid": "100035616037A00110100000002790447" }, "geometry": { "type": "Polygon", "coordinates": [ [ [ 126.924666538989356, 35.15058377612273 ], [ 126.924617292295849, 35.15058762970601 ], [ 126.924625157171121, 35.150627745192779 ], [ 126.92467445853255, 35.150623927032548 ], [ 126.924666538989356, 35.15058377612273 ] ] ] } },
{ "type": "Feature", "properties": { "gid": 2725423, "fmta": "R24025424", "scls": "A0013110", "ufid": "100035616038A00110100000002725424" }, "geometry": { "type": "Polygon", "coordinates": [ [ [ 126.924721433657083, 35.150618683932052 ], [ 126.924999992238071, 35.15057795240579 ], [ 126.92536500544179, 35.150526584385233 ], [ 126.925360557594615, 35.150482135318555 ], [ 126.924999996637894, 35.150536751662585 ], [ 126.924713404523942, 35.150578657841997 ], [ 126.924679950673593, 35.150582819975746 ], [ 126.924666538989356, 35.15058377612273 ], [ 126.92467445853255, 35.150623927032548 ], [ 126.924685784300422, 35.150623123287517 ], [ 126.924721433657083, 35.150618683932052 ] ] ] } },
{ "type": "Feature", "properties": { "gid": 2725283, "fmta": "R24025284", "scls": "A0013110", "ufid": "100035616037A00110100000002725284" }, "geometry": { "type": "Polygon", "coordinates": [ [ [ 126.924915446662936, 35.150050072791707 ], [ 126.924999991474451, 35.150039966451068 ], [ 126.925239966076077, 35.150007170213847 ], [ 126.925269978497795, 35.150022124006135 ], [ 126.925256960685971, 35.150000023651508 ], [ 126.925233622020386, 35.149960421810086 ], [ 126.925055640518551, 35.149983205712118 ], [ 126.924999991740577, 35.149992798191796 ], [ 126.924908163624849, 35.150009948358999 ], [ 126.924575794680706, 35.150055764955972 ], [ 126.924557609275396, 35.150057701117952 ], [ 126.924570598722369, 35.150097216066534 ], [ 126.924583045658764, 35.15009589827239 ], [ 126.924915446662936, 35.150050072791707 ] ] ] } },
{ "type": "Feature", "properties": { "gid": 2790062, "fmta": "R24020063", "scls": "A0013110", "ufid": "100035616048A00110100000002790063" }, "geometry": { "type": "Polygon", "coordinates": [ [ [ 126.92526863225774, 35.14964587701094 ], [ 126.925195653961424, 35.149656270151858 ], [ 126.925192722373524, 35.149790417537375 ], [ 126.925298964949377, 35.149778431967157 ], [ 126.92526863225774, 35.14964587701094 ] ] ] } },
{ "type": "Feature", "properties": { "gid": 2723147, "fmta": "R24023148", "scls": "A0013110", "ufid": "100035616048A00110100000002723148" }, "geometry": { "type": "Polygon", "coordinates": [ [ [ 126.925300614760062, 35.14978565254205 ], [ 126.925298964949377, 35.149778431967157 ], [ 126.925192722373524, 35.149790417537375 ], [ 126.925235679804786, 35.14984530079591 ], [ 126.925253412746201, 35.149931121863467 ], [ 126.925253880729102, 35.149935295377148 ], [ 126.925253276123286, 35.149936655889292 ], [ 126.925233622020386, 35.149960421810086 ], [ 126.925330403600995, 35.149924994757569 ], [ 126.925300614760062, 35.14978565254205 ] ] ] } },
{ "type": "Feature", "properties": { "gid": 2725270, "fmta": "R24025271", "scls": "A0013110", "ufid": "100035616048A00110100000002725271" }, "geometry": { "type": "Polygon", "coordinates": [ [ [ 126.925341167521154, 35.150000030811412 ], [ 126.925330403600995, 35.149924994757569 ], [ 126.925233622020386, 35.149960421810086 ], [ 126.925256960685971, 35.150000023651508 ], [ 126.925269978497795, 35.150022124006135 ], [ 126.925342157967535, 35.150009062491598 ], [ 126.925341167521154, 35.150000030811412 ] ] ] } },
{ "type": "Feature", "properties": { "gid": 2725268, "fmta": "R24025269", "scls": "A0013110", "ufid": "100035616048A00110100000002725269" }, "geometry": { "type": "Polygon", "coordinates": [ [ [ 126.925377447548982, 35.149989074013135 ], [ 126.925394880452828, 35.149983451590352 ], [ 126.92556128593985, 35.149957558229211 ], [ 126.925661507378635, 35.149942071324737 ], [ 126.925835383934952, 35.149919571856074 ], [ 126.926022083904698, 35.149890743392348 ], [ 126.926024244840264, 35.149891474994128 ], [ 126.926009593032163, 35.149856114598826 ], [ 126.926006486599647, 35.14985776262958 ], [ 126.925684356521145, 35.149905435994938 ], [ 126.925578367075261, 35.149915754945518 ], [ 126.925368904845897, 35.149945542396154 ], [ 126.925330403600995, 35.149924994757569 ], [ 126.925341167521154, 35.150000030811412 ], [ 126.925342157967535, 35.150009062491598 ], [ 126.925362446200111, 35.150000034344956 ], [ 126.925377447548982, 35.149989074013135 ] ] ] } },
{ "type": "Feature", "properties": { "gid": 2791054, "fmta": "R24021055", "scls": "A0013110", "ufid": "100035616038A00110100000002791055" }, "geometry": { "type": "Polygon", "coordinates": [ [ [ 126.925811310075758, 35.150217448300211 ], [ 126.925787560893696, 35.150217793819863 ], [ 126.925801201628545, 35.150424421359943 ], [ 126.9258275860672, 35.150421373287955 ], [ 126.925811310075758, 35.150217448300211 ] ] ] } },
{ "type": "Feature", "properties": { "gid": 2791048, "fmta": "R24021049", "scls": "A0013110", "ufid": "100035616038A00110100000002791049" }, "geometry": { "type": "Polygon", "coordinates": [ [ [ 126.9258275860672, 35.150421373287955 ], [ 126.925801201628545, 35.150424421359943 ], [ 126.925804370494532, 35.150511719748636 ], [ 126.925830063731951, 35.150508923583615 ], [ 126.9258275860672, 35.150421373287955 ] ] ] } },
{ "type": "Feature", "properties": { "gid": 2791049, "fmta": "R24021050", "scls": "A0013110", "ufid": "100035616038A00110100000002791050" }, "geometry": { "type": "Polygon", "coordinates": [ [ [ 126.925801201628545, 35.150424421359943 ], [ 126.925436328606366, 35.150466570514887 ], [ 126.925472072114928, 35.15051525721632 ], [ 126.925618521003727, 35.150496175322786 ], [ 126.925629079636494, 35.150530793189652 ], [ 126.925732415242805, 35.150519535569181 ], [ 126.925804370494532, 35.150511719748636 ], [ 126.925801201628545, 35.150424421359943 ] ] ] } },
{ "type": "Feature", "properties": { "gid": 2791050, "fmta": "R24021051", "scls": "A0013110", "ufid": "100035616038A00110100000002791051" }, "geometry": { "type": "Polygon", "coordinates": [ [ [ 126.925436328606366, 35.150466570514887 ], [ 126.925360557594615, 35.150482135318555 ], [ 126.92536500544179, 35.150526584385233 ], [ 126.925472072114928, 35.15051525721632 ], [ 126.925436328606366, 35.150466570514887 ] ] ] } },
{ "type": "Feature", "properties": { "gid": 2723186, "fmta": "R24023187", "scls": "A0013110", "ufid": "100035616038A00110100000002723187" }, "geometry": { "type": "Polygon", "coordinates": [ [ [ 126.925342157967535, 35.150009062491598 ], [ 126.925269978497795, 35.150022124006135 ], [ 126.925360557594615, 35.150482135318555 ], [ 126.925436328606366, 35.150466570514887 ], [ 126.925342157967535, 35.150009062491598 ] ] ] } },
{ "type": "Feature", "properties": { "gid": 2791069, "fmta": "R24021070", "scls": "A0013110", "ufid": "100035616038A00110100000002791070" }, "geometry": { "type": "Polygon", "coordinates": [ [ [ 126.92546988043442, 35.150980583177137 ], [ 126.925442839192129, 35.151016440244348 ], [ 126.925413670749265, 35.151026301846905 ], [ 126.925164114338756, 35.151058308140698 ], [ 126.925171552061457, 35.151097386405148 ], [ 126.925470784048201, 35.151060696848795 ], [ 126.925497864970211, 35.151077298528271 ], [ 126.92546988043442, 35.150980583177137 ] ] ] } },
{ "type": "Feature", "properties": { "gid": 2791063, "fmta": "R24021064", "scls": "A0013110", "ufid": "100035616038A00110100000002791064" }, "geometry": { "type": "Polygon", "coordinates": [ [ [ 126.925565222456399, 35.151093906308844 ], [ 126.925497864970211, 35.151077298528271 ], [ 126.92557917938106, 35.15145918243288 ], [ 126.925647271614764, 35.151452364619665 ], [ 126.925565222456399, 35.151093906308844 ] ] ] } },
{ "type": "Feature", "properties": { "gid": 2791064, "fmta": "R24021065", "scls": "A0013110", "ufid": "100035616038A00110100000002791065" }, "geometry": { "type": "Polygon", "coordinates": [ [ [ 126.92546988043442, 35.150980583177137 ], [ 126.925497864970211, 35.151077298528271 ], [ 126.925565222456399, 35.151093906308844 ], [ 126.92554925093971, 35.150989979274506 ], [ 126.92546988043442, 35.150980583177137 ] ] ] } },
{ "type": "Feature", "properties": { "gid": 2791065, "fmta": "R24021066", "scls": "A0013110", "ufid": "100035616038A00110100000002791066" }, "geometry": { "type": "Polygon", "coordinates": [ [ [ 126.92536500544179, 35.150526584385233 ], [ 126.92546988043442, 35.150980583177137 ], [ 126.92554925093971, 35.150989979274506 ], [ 126.925463027092746, 35.150589559111644 ], [ 126.925453856089632, 35.150548713413379 ], [ 126.925472072114928, 35.15051525721632 ], [ 126.92536500544179, 35.150526584385233 ] ] ] } },
{ "type": "Feature", "properties": { "gid": 2791062, "fmta": "R24021063", "scls": "A0013110", "ufid": "100035616038A00110100000002791063" }, "geometry": { "type": "Polygon", "coordinates": [ [ [ 126.925647271614764, 35.151452364619665 ], [ 126.92557917938106, 35.15145918243288 ], [ 126.925558854208305, 35.151639622076424 ], [ 126.925673675556638, 35.151621575920835 ], [ 126.925647271614764, 35.151452364619665 ] ] ] } },
{ "type": "Feature", "properties": { "gid": 2723155, "fmta": "R24023156", "scls": "A0013110", "ufid": "100035616037A00110100000002723156" }, "geometry": { "type": "Polygon", "coordinates": [ [ [ 126.924877784829818, 35.151587662069474 ], [ 126.924829565771418, 35.151596420484516 ], [ 126.924860636446695, 35.151761704631426 ], [ 126.92493496911078, 35.151747743770365 ], [ 126.924877784829818, 35.151587662069474 ] ] ] } },
{ "type": "Feature", "properties": { "gid": 2725495, "fmta": "R24025496", "scls": "A0013110", "ufid": "100035616038A00110100000002725496" }, "geometry": { "type": "Polygon", "coordinates": [ [ [ 126.925558854208305, 35.151639622076424 ], [ 126.92557917938106, 35.15145918243288 ], [ 126.924999996221644, 35.151566474919811 ], [ 126.924877784829818, 35.151587662069474 ], [ 126.92493496911078, 35.151747743770365 ], [ 126.924999993953634, 35.151735804500674 ], [ 126.925558854208305, 35.151639622076424 ] ] ] } },
{ "type": "Feature", "properties": { "gid": 2725487, "fmta": "R24025488", "scls": "A0013110", "ufid": "100035616037A00110100000002725488" }, "geometry": { "type": "Polygon", "coordinates": [ [ [ 126.925000000700123, 35.151118426157105 ], [ 126.925171552061457, 35.151097386405148 ], [ 126.925164114338756, 35.151058308140698 ], [ 126.924999993369937, 35.151079361503896 ], [ 126.924840392065164, 35.151101535278912 ], [ 126.924797157597808, 35.151108115378129 ], [ 126.924767833288797, 35.1510844181865 ], [ 126.924787007457141, 35.151177577017471 ], [ 126.924796471328051, 35.151149469776804 ], [ 126.925000000700123, 35.151118426157105 ] ] ] } },
{ "type": "Feature", "properties": { "gid": 2790450, "fmta": "R24020451", "scls": "A0013110", "ufid": "100035616037A00110100000002790451" }, "geometry": { "type": "Polygon", "coordinates": [ [ [ 126.924767833288797, 35.1510844181865 ], [ 126.924721974790017, 35.151103805358211 ], [ 126.924738383581229, 35.151184766310749 ], [ 126.924787007457141, 35.151177577017471 ], [ 126.924767833288797, 35.1510844181865 ] ] ] } },
{ "type": "Feature", "properties": { "gid": 2790452, "fmta": "R24020453", "scls": "A0013110", "ufid": "100035616037A00110100000002790453" }, "geometry": { "type": "Polygon", "coordinates": [ [ [ 126.924763308343756, 35.151064225536118 ], [ 126.924676741215066, 35.15063497024758 ], [ 126.92467445853255, 35.150623927032548 ], [ 126.924625157171121, 35.150627745192779 ], [ 126.924714651896778, 35.151071216290312 ], [ 126.924721974790017, 35.151103805358211 ], [ 126.924767833288797, 35.1510844181865 ], [ 126.924763308343756, 35.151064225536118 ] ] ] } },
{ "type": "Feature", "properties": { "gid": 2790426, "fmta": "R24020427", "scls": "A0013110", "ufid": "100035616037A00110100000002790427" }, "geometry": { "type": "Polygon", "coordinates": [ [ [ 126.924870984343414, 35.151560545242269 ], [ 126.924787007457141, 35.151177577017471 ], [ 126.924738383581229, 35.151184766310749 ], [ 126.924739224599534, 35.151189283343207 ], [ 126.924748723077016, 35.151230824056697 ], [ 126.924822490756441, 35.151568222107535 ], [ 126.924829565771418, 35.151596420484516 ], [ 126.924877784829818, 35.151587662069474 ], [ 126.924870984343414, 35.151560545242269 ] ] ] } },
{ "type": "Feature", "properties": { "gid": 2790425, "fmta": "R24020426", "scls": "A0013110", "ufid": "100035616037A00110100000002790426" }, "geometry": { "type": "Polygon", "coordinates": [ [ [ 126.924829565771418, 35.151596420484516 ], [ 126.924724992820799, 35.151616518991368 ], [ 126.924337566433678, 35.151688017355973 ], [ 126.924286021847891, 35.151696142085164 ], [ 126.924245990448, 35.151704463971996 ], [ 126.924313712206057, 35.151861577118204 ], [ 126.924378964941511, 35.151851288486149 ], [ 126.924770386961498, 35.151779053334586 ], [ 126.924860636446695, 35.151761704631426 ], [ 126.924829565771418, 35.151596420484516 ] ] ] } },
{ "type": "Feature", "properties": { "gid": 2790335, "fmta": "R24020336", "scls": "A0013110", "ufid": "100035616037A00110100000002790336" }, "geometry": { "type": "Polygon", "coordinates": [ [ [ 126.924544033533678, 35.152529953536416 ], [ 126.924493869141699, 35.152647748582133 ], [ 126.924616694349382, 35.152700238632413 ], [ 126.924754567874061, 35.152631316767049 ], [ 126.924544033533678, 35.152529953536416 ] ] ] } },
{ "type": "Feature", "properties": { "gid": 2790334, "fmta": "R24020335", "scls": "A0013110", "ufid": "100035616037A00110100000002790335" }, "geometry": { "type": "Polygon", "coordinates": [ [ [ 126.924493869141699, 35.152647748582133 ], [ 126.924517301542807, 35.152717907105512 ], [ 126.924510270654324, 35.152760779584675 ], [ 126.924471907782433, 35.152827222611634 ], [ 126.924459822059234, 35.15284142027167 ], [ 126.924495620123409, 35.152902689908103 ], [ 126.924584369466871, 35.152716704462939 ], [ 126.924616694349382, 35.152700238632413 ], [ 126.924493869141699, 35.152647748582133 ] ] ] } },
{ "type": "Feature", "properties": { "gid": 2725513, "fmta": "R24025514", "scls": "A0013110", "ufid": "100035616037A00110100000002725514" }, "geometry": { "type": "Polygon", "coordinates": [ [ [ 126.924771947413575, 35.152600293128451 ], [ 126.924825302773343, 35.152580649382983 ], [ 126.924885307668234, 35.152561839695515 ], [ 126.925000000122921, 35.152554672659285 ], [ 126.925242103797459, 35.15252898029248 ], [ 126.92544810111842, 35.152514973663457 ], [ 126.925442433242466, 35.152459923782153 ], [ 126.92523473411741, 35.152475209063859 ], [ 126.924999997819171, 35.152496949036689 ], [ 126.924679326651813, 35.152521564546973 ], [ 126.924544033533678, 35.152529953536416 ], [ 126.924754567874061, 35.152631316767049 ], [ 126.924759091282382, 35.152616798234128 ], [ 126.924771947413575, 35.152600293128451 ] ] ] } },
{ "type": "Feature", "properties": { "gid": 2725520, "fmta": "R24025521", "scls": "A0013110", "ufid": "100035616037A00110100000002725521" }, "geometry": { "type": "Polygon", "coordinates": [ [ [ 126.92519562436317, 35.152794844220175 ], [ 126.924999997937775, 35.152735846121146 ], [ 126.924943143262183, 35.152718702666519 ], [ 126.924801550924911, 35.152677837915427 ], [ 126.924770847094806, 35.152663189110164 ], [ 126.924757043338417, 35.152648515937535 ], [ 126.924754567874061, 35.152631316767049 ], [ 126.924616694349382, 35.152700238632413 ], [ 126.924755749787764, 35.152742139336929 ], [ 126.924999992730136, 35.152813363053461 ], [ 126.925172646287322, 35.152863711205271 ], [ 126.925327148229002, 35.152912381507981 ], [ 126.925359408637064, 35.15284605173499 ], [ 126.92519562436317, 35.152794844220175 ] ] ] } },
{ "type": "Feature", "properties": { "gid": 2791071, "fmta": "R24021072", "scls": "A0013110", "ufid": "100035616038A00110100000002791072" }, "geometry": { "type": "Polygon", "coordinates": [ [ [ 126.925558854208305, 35.151639622076424 ], [ 126.925591453906037, 35.151670351681858 ], [ 126.925691839001473, 35.152056538658876 ], [ 126.925746863039961, 35.152253086450408 ], [ 126.925786262934082, 35.152445614300795 ], [ 126.925969611520756, 35.152524775525833 ], [ 126.925904399230632, 35.152476116169993 ], [ 126.925830620735994, 35.152230153553134 ], [ 126.925748667812442, 35.151933095736581 ], [ 126.925673675556638, 35.151621575920835 ], [ 126.925558854208305, 35.151639622076424 ] ] ] } },
{ "type": "Feature", "properties": { "gid": 2791058, "fmta": "R24021059", "scls": "A0013110", "ufid": "100035616038A00110100000002791059" }, "geometry": { "type": "Polygon", "coordinates": [ [ [ 126.925742025729264, 35.152479343054878 ], [ 126.925588239706144, 35.152464637629564 ], [ 126.925476194505336, 35.152457583444857 ], [ 126.925481113494214, 35.152514840756893 ], [ 126.92558018768878, 35.152521039942016 ], [ 126.925758807992935, 35.152538112838208 ], [ 126.925786262934082, 35.152445614300795 ], [ 126.925742025729264, 35.152479343054878 ] ] ] } },
{ "type": "Feature", "properties": { "gid": 2791061, "fmta": "R24021062", "scls": "A0013110", "ufid": "100035616038A00110100000002791062" }, "geometry": { "type": "Polygon", "coordinates": [ [ [ 126.925786262934082, 35.152445614300795 ], [ 126.925758807992935, 35.152538112838208 ], [ 126.925931526594979, 35.152599818107845 ], [ 126.925969611520756, 35.152524775525833 ], [ 126.925786262934082, 35.152445614300795 ] ] ] } },
{ "type": "Feature", "properties": { "gid": 2791070, "fmta": "R24021071", "scls": "A0013110", "ufid": "100035616038A00110100000002791071" }, "geometry": { "type": "Polygon", "coordinates": [ [ [ 126.925758807992935, 35.152538112838208 ], [ 126.925776557987106, 35.152617443397652 ], [ 126.925633831916727, 35.152882996488991 ], [ 126.925575890252318, 35.152901131932843 ], [ 126.925673528186579, 35.153003667911214 ], [ 126.925670691692119, 35.152996725756957 ], [ 126.925670706408695, 35.152991975639644 ], [ 126.925671359680152, 35.15298650447933 ], [ 126.925681705756475, 35.152953926192417 ], [ 126.925699001271525, 35.152917477359594 ], [ 126.925734377816127, 35.152864030501995 ], [ 126.925867207794937, 35.152620103803059 ], [ 126.925873576386493, 35.152616394605992 ], [ 126.925931526594979, 35.152599818107845 ], [ 126.925758807992935, 35.152538112838208 ] ] ] } },
{ "type": "Feature", "properties": { "gid": 2791068, "fmta": "R24021069", "scls": "A0013110", "ufid": "100035616038A00110100000002791069" }, "geometry": { "type": "Polygon", "coordinates": [ [ [ 126.925575890252318, 35.152901131932843 ], [ 126.925527857392339, 35.152981233578075 ], [ 126.925547310021756, 35.152987942527524 ], [ 126.925556140611846, 35.152991977149114 ], [ 126.925563377348794, 35.152999562345215 ], [ 126.925615901897856, 35.153072523123626 ], [ 126.925673528186579, 35.153003667911214 ], [ 126.925575890252318, 35.152901131932843 ] ] ] } },
{ "type": "Feature", "properties": { "gid": 2791066, "fmta": "R24021067", "scls": "A0013110", "ufid": "100035616038A00110100000002791067" }, "geometry": { "type": "Polygon", "coordinates": [ [ [ 126.925408367952087, 35.152856871759866 ], [ 126.925364648417144, 35.152925131853685 ], [ 126.925527857392339, 35.152981233578075 ], [ 126.925575890252318, 35.152901131932843 ], [ 126.925408367952087, 35.152856871759866 ] ] ] } },
{ "type": "Feature", "properties": { "gid": 2791059, "fmta": "R24021060", "scls": "A0013110", "ufid": "100035616038A00110100000002791060" }, "geometry": { "type": "Polygon", "coordinates": [ [ [ 126.92544810111842, 35.152514973663457 ], [ 126.92545947494277, 35.152631373824399 ], [ 126.925492290831755, 35.152629212046442 ], [ 126.925481113494214, 35.152514840756893 ], [ 126.92544810111842, 35.152514973663457 ] ] ] } },
{ "type": "Feature", "properties": { "gid": 2791057, "fmta": "R24021058", "scls": "A0013110", "ufid": "100035616038A00110100000002791058" }, "geometry": { "type": "Polygon", "coordinates": [ [ [ 126.925476194505336, 35.152457583444857 ], [ 126.925442433242466, 35.152459923782153 ], [ 126.92544810111842, 35.152514973663457 ], [ 126.925481113494214, 35.152514840756893 ], [ 126.925476194505336, 35.152457583444857 ] ] ] } },
{ "type": "Feature", "properties": { "gid": 2791067, "fmta": "R24021068", "scls": "A0013110", "ufid": "100035616038A00110100000002791068" }, "geometry": { "type": "Polygon", "coordinates": [ [ [ 126.925359408637064, 35.15284605173499 ], [ 126.925327148229002, 35.152912381507981 ], [ 126.925364648417144, 35.152925131853685 ], [ 126.925408367952087, 35.152856871759866 ], [ 126.925359408637064, 35.15284605173499 ] ] ] } },
{ "type": "Feature", "properties": { "gid": 2725529, "fmta": "R24025530", "scls": "A0013110", "ufid": "100035616038A00110100000002725530" }, "geometry": { "type": "Polygon", "coordinates": [ [ [ 126.925713931628621, 35.153226833273663 ], [ 126.925601387765951, 35.153283549988871 ], [ 126.925539932801712, 35.153310928603432 ], [ 126.92577361794342, 35.153340531096049 ], [ 126.925797268792863, 35.153341597745616 ], [ 126.925713931628621, 35.153226833273663 ] ] ] } },
{ "type": "Feature", "properties": { "gid": 2791132, "fmta": "R24021133", "scls": "A0013110", "ufid": "100035616038A00110100000002791133" }, "geometry": { "type": "Polygon", "coordinates": [ [ [ 126.925800417663268, 35.15317387751255 ], [ 126.92569415558232, 35.153033344348252 ], [ 126.925673528186579, 35.153003667911214 ], [ 126.925615901897856, 35.153072523123626 ], [ 126.925647140719548, 35.153115916128648 ], [ 126.925715736859374, 35.153208356858421 ], [ 126.925713931628621, 35.153226833273663 ], [ 126.925806441043846, 35.153175242386375 ], [ 126.925800417663268, 35.15317387751255 ] ] ] } },
{ "type": "Feature", "properties": { "gid": 2791133, "fmta": "R24021134", "scls": "A0013110", "ufid": "100035616038A00110100000002791134" }, "geometry": { "type": "Polygon", "coordinates": [ [ [ 126.925806441043846, 35.153175242386375 ], [ 126.925713931628621, 35.153226833273663 ], [ 126.925797268792863, 35.153341597745616 ], [ 126.925828005231082, 35.153342983947191 ], [ 126.92585970189873, 35.153332228409113 ], [ 126.925806441043846, 35.153175242386375 ] ] ] } },
{ "type": "Feature", "properties": { "gid": 2725524, "fmta": "R24025525", "scls": "A0013110", "ufid": "100035616037A00110100000002725525" }, "geometry": { "type": "Polygon", "coordinates": [ [ [ 126.924910864721383, 35.153126611977257 ], [ 126.924947617843642, 35.153116187768937 ], [ 126.924999994662329, 35.153098815211024 ], [ 126.925207986376591, 35.153029827025321 ], [ 126.925255963914452, 35.153010721145918 ], [ 126.925294339302269, 35.152989571521239 ], [ 126.925322556543634, 35.15296535118528 ], [ 126.925364648417144, 35.152925131853685 ], [ 126.925327148229002, 35.152912381507981 ], [ 126.925294052396623, 35.152944188201275 ], [ 126.925269471421089, 35.152965282432483 ], [ 126.925236783234979, 35.152983298549117 ], [ 126.925192396017721, 35.153000974216148 ], [ 126.924999992523396, 35.153064788426143 ], [ 126.924934157003278, 35.153086623669665 ], [ 126.924900060639999, 35.153096292231126 ], [ 126.924865362459414, 35.153103175261734 ], [ 126.92477418405727, 35.153118278004676 ], [ 126.924831680482058, 35.153140947186763 ], [ 126.924873653250998, 35.153133988937824 ], [ 126.924910864721383, 35.153126611977257 ] ] ] } },
{ "type": "Feature", "properties": { "gid": 2790327, "fmta": "R24020328", "scls": "A0013110", "ufid": "100035616037A00110100000002790328" }, "geometry": { "type": "Polygon", "coordinates": [ [ [ 126.924459822059234, 35.15284142027167 ], [ 126.924332426127151, 35.152921790355691 ], [ 126.924383843956306, 35.152947434982032 ], [ 126.924495620123409, 35.152902689908103 ], [ 126.924459822059234, 35.15284142027167 ] ] ] } },
{ "type": "Feature", "properties": { "gid": 2790291, "fmta": "R24020292", "scls": "A0013110", "ufid": "100035616037A00110100000002790292" }, "geometry": { "type": "Polygon", "coordinates": [ [ [ 126.924495620123409, 35.152902689908103 ], [ 126.924383843956306, 35.152947434982032 ], [ 126.924522650488143, 35.15301666450793 ], [ 126.924495620123409, 35.152902689908103 ] ] ] } },
{ "type": "Feature", "properties": { "gid": 2790326, "fmta": "R24020327", "scls": "A0013110", "ufid": "100035616037A00110100000002790327" }, "geometry": { "type": "Polygon", "coordinates": [ [ [ 126.924454346452805, 35.152841164326311 ], [ 126.924449452903858, 35.152839169049756 ], [ 126.924445519843729, 35.152832677019653 ], [ 126.924433866766336, 35.152794326212266 ], [ 126.924412018017236, 35.152697136642672 ], [ 126.924416580261308, 35.152665420971559 ], [ 126.924197304921279, 35.152641649793019 ], [ 126.924278130048975, 35.152894710162492 ], [ 126.924332426127151, 35.152921790355691 ], [ 126.924459822059234, 35.15284142027167 ], [ 126.924454346452805, 35.152841164326311 ] ] ] } },
{ "type": "Feature", "properties": { "gid": 2790325, "fmta": "R24020326", "scls": "A0013110", "ufid": "100035616037A00110100000002790326" }, "geometry": { "type": "Polygon", "coordinates": [ [ [ 126.924187987645084, 35.152546514309051 ], [ 126.924197304921279, 35.152641649793019 ], [ 126.924416580261308, 35.152665420971559 ], [ 126.924397939880976, 35.152504434710856 ], [ 126.924187987645084, 35.152546514309051 ] ] ] } },
{ "type": "Feature", "properties": { "gid": 2790340, "fmta": "R24020341", "scls": "A0013110", "ufid": "100035616037A00110100000002790341" }, "geometry": { "type": "Polygon", "coordinates": [ [ [ 126.924544033533678, 35.152529953536416 ], [ 126.924472946853584, 35.152534362470377 ], [ 126.924397939880976, 35.152504434710856 ], [ 126.924416580261308, 35.152665420971559 ], [ 126.924438071468217, 35.152650778368908 ], [ 126.924458634255515, 35.152642002359684 ], [ 126.924479353804259, 35.152642925840901 ], [ 126.924493869141699, 35.152647748582133 ], [ 126.924544033533678, 35.152529953536416 ] ] ] } },
{ "type": "Feature", "properties": { "gid": 2790323, "fmta": "R24020324", "scls": "A0013110", "ufid": "100035616037A00110100000002790324" }, "geometry": { "type": "Polygon", "coordinates": [ [ [ 126.924280015452396, 35.151865856107364 ], [ 126.924401581489207, 35.152091496809199 ], [ 126.924410237696293, 35.152106708233767 ], [ 126.92442186360222, 35.152125518046702 ], [ 126.924434253841596, 35.152138063730732 ], [ 126.924455150475424, 35.15213689609876 ], [ 126.924502288689283, 35.152123585397916 ], [ 126.924547385200171, 35.152109128832095 ], [ 126.924535413356367, 35.152083936916007 ], [ 126.924491051891323, 35.152098159820177 ], [ 126.924449150463374, 35.152109932736359 ], [ 126.924431552554594, 35.15208029392182 ], [ 126.924313712206057, 35.151861577118204 ], [ 126.924280015452396, 35.151865856107364 ] ] ] } },
{ "type": "Feature", "properties": { "gid": 2790324, "fmta": "R24020325", "scls": "A0013110", "ufid": "100035616037A00110100000002790325" }, "geometry": { "type": "Polygon", "coordinates": [ [ [ 126.924378354954939, 35.1524872335998 ], [ 126.92417128314338, 35.151885500648618 ], [ 126.923990622808802, 35.151904531752493 ], [ 126.924187987645084, 35.152546514309051 ], [ 126.924397939880976, 35.152504434710856 ], [ 126.924378354954939, 35.1524872335998 ] ] ] } },
{ "type": "Feature", "properties": { "gid": 2790435, "fmta": "R24020436", "scls": "A0013110", "ufid": "100035616037A00110100000002790436" }, "geometry": { "type": "Polygon", "coordinates": [ [ [ 126.923974686093203, 35.151858552838299 ], [ 126.923930468582938, 35.151870891656628 ], [ 126.923811533796211, 35.151897352956027 ], [ 126.923824102595688, 35.151941239246263 ], [ 126.923836408288082, 35.151938506983925 ], [ 126.923990622808802, 35.151904531752493 ], [ 126.923974686093203, 35.151858552838299 ] ] ] } },
{ "type": "Feature", "properties": { "gid": 2790322, "fmta": "R24020323", "scls": "A0013110", "ufid": "100035616037A00110100000002790323" }, "geometry": { "type": "Polygon", "coordinates": [ [ [ 126.923792314161219, 35.151948285492963 ], [ 126.923915132958157, 35.152335263161739 ], [ 126.923959751178643, 35.1524234349125 ], [ 126.923951210288223, 35.152425827108878 ], [ 126.924003247408777, 35.152584517763685 ], [ 126.924028200924695, 35.15257617748555 ], [ 126.92396804139419, 35.152394767615256 ], [ 126.923824102595688, 35.151941239246263 ], [ 126.923792314161219, 35.151948285492963 ] ] ] } },
{ "type": "Feature", "properties": { "gid": 2790336, "fmta": "R24020337", "scls": "A0013110", "ufid": "100035616037A00110100000002790337" }, "geometry": { "type": "Polygon", "coordinates": [ [ [ 126.924187987645084, 35.152546514309051 ], [ 126.924184098478364, 35.152562781537306 ], [ 126.924032208980975, 35.152596947497699 ], [ 126.924000452544519, 35.152604093136851 ], [ 126.923878854503783, 35.152631456394282 ], [ 126.923960480602759, 35.152692928452346 ], [ 126.924024702869374, 35.152679020256429 ], [ 126.924057853841518, 35.152671848778638 ], [ 126.924197304921279, 35.152641649793019 ], [ 126.924187987645084, 35.152546514309051 ] ] ] } },
{ "type": "Feature", "properties": { "gid": 2790436, "fmta": "R24020437", "scls": "A0013110", "ufid": "100035616037A00110100000002790437" }, "geometry": { "type": "Polygon", "coordinates": [ [ [ 126.923811533796211, 35.151897352956027 ], [ 126.923783488401568, 35.151903573003658 ], [ 126.923792314161219, 35.151948285492963 ], [ 126.923824102595688, 35.151941239246263 ], [ 126.923811533796211, 35.151897352956027 ] ] ] } },
{ "type": "Feature", "properties": { "gid": 2790437, "fmta": "R24020438", "scls": "A0013110", "ufid": "100035616037A00110100000002790438" }, "geometry": { "type": "Polygon", "coordinates": [ [ [ 126.923783488401568, 35.151903573003658 ], [ 126.923543401247159, 35.151956592849544 ], [ 126.923528857521916, 35.151959089007363 ], [ 126.923548396357603, 35.152001772248234 ], [ 126.923556156805986, 35.152000443085093 ], [ 126.923792314161219, 35.151948285492963 ], [ 126.923783488401568, 35.151903573003658 ] ] ] } },
{ "type": "Feature", "properties": { "gid": 2790328, "fmta": "R24020329", "scls": "A0013110", "ufid": "100035616037A00110100000002790329" }, "geometry": { "type": "Polygon", "coordinates": [ [ [ 126.923528857521916, 35.151959089007363 ], [ 126.923496564506834, 35.1519646666016 ], [ 126.923497630803794, 35.152010546869825 ], [ 126.92352672854858, 35.152005498703261 ], [ 126.923548396357603, 35.152001772248234 ], [ 126.923528857521916, 35.151959089007363 ] ] ] } },
{ "type": "Feature", "properties": { "gid": 2790329, "fmta": "R24020330", "scls": "A0013110", "ufid": "100035616037A00110100000002790330" }, "geometry": { "type": "Polygon", "coordinates": [ [ [ 126.923496564506834, 35.1519646666016 ], [ 126.923476511270323, 35.151968141940372 ], [ 126.923484304851868, 35.152012854949717 ], [ 126.923497630803794, 35.152010546869825 ], [ 126.923496564506834, 35.1519646666016 ] ] ] } },
{ "type": "Feature", "properties": { "gid": 2790321, "fmta": "R24020322", "scls": "A0013110", "ufid": "100035616037A00110100000002790322" }, "geometry": { "type": "Polygon", "coordinates": [ [ [ 126.923452067554891, 35.152018467963572 ], [ 126.923465230133942, 35.152060019892858 ], [ 126.923563666082529, 35.152359820941328 ], [ 126.923612445550447, 35.152404541451837 ], [ 126.923497052949699, 35.152053090216128 ], [ 126.923484304851868, 35.152012854949717 ], [ 126.923452067554891, 35.152018467963572 ] ] ] } },
{ "type": "Feature", "properties": { "gid": 2790330, "fmta": "R24020331", "scls": "A0013110", "ufid": "100035616037A00110100000002790331" }, "geometry": { "type": "Polygon", "coordinates": [ [ [ 126.923476511270323, 35.151968141940372 ], [ 126.923455578646568, 35.151971769988158 ], [ 126.923441298399723, 35.1519742673892 ], [ 126.923452067554891, 35.152018467963572 ], [ 126.923484304851868, 35.152012854949717 ], [ 126.923476511270323, 35.151968141940372 ] ] ] } },
{ "type": "Feature", "properties": { "gid": 2790333, "fmta": "R24020334", "scls": "A0013110", "ufid": "100035616037A00110100000002790334" }, "geometry": { "type": "Polygon", "coordinates": [ [ [ 126.923441298399723, 35.1519742673892 ], [ 126.923427303923461, 35.1519767192597 ], [ 126.923273234194397, 35.152010659682794 ], [ 126.923302240509088, 35.152050933776515 ], [ 126.923440135307956, 35.152020550932043 ], [ 126.923452067554891, 35.152018467963572 ], [ 126.923441298399723, 35.1519742673892 ] ] ] } },
{ "type": "Feature", "properties": { "gid": 2725273, "fmta": "R24025274", "scls": "A0013110", "ufid": "100035616048A00110100000002725274" }, "geometry": { "type": "Polygon", "coordinates": [ [ [ 126.92903626388734, 35.150000348967509 ], [ 126.92929719033593, 35.149962651190812 ], [ 126.929284295875519, 35.149919318176202 ], [ 126.928995987214947, 35.149963504793433 ], [ 126.928793854656362, 35.149996222681843 ], [ 126.928772011789292, 35.149999815802111 ], [ 126.928766283735087, 35.149999262200737 ], [ 126.928766743990764, 35.150000325679258 ], [ 126.928776416622938, 35.150046283474161 ], [ 126.928785987325497, 35.150045089649169 ], [ 126.92903626388734, 35.150000348967509 ] ] ] } },
{ "type": "Feature", "properties": { "gid": 2725265, "fmta": "R24025266", "scls": "A0013110", "ufid": "100035616048A00110100000002725266" }, "geometry": { "type": "Polygon", "coordinates": [ [ [ 126.928766283735087, 35.149999262200737 ], [ 126.928765362749303, 35.14999845984844 ], [ 126.92876547365239, 35.149996729094653 ], [ 126.928785672075321, 35.149966094158025 ], [ 126.928821072723707, 35.149905895393616 ], [ 126.928822523678065, 35.149902498291063 ], [ 126.928832584932465, 35.149892688263066 ], [ 126.928837245485994, 35.149884497488813 ], [ 126.928845879147104, 35.149862329153081 ], [ 126.928857832459812, 35.149823072893639 ], [ 126.928875158147605, 35.149763151395845 ], [ 126.928882987387041, 35.14973229402699 ], [ 126.928898352183168, 35.149668927779842 ], [ 126.928912027557615, 35.149615746459212 ], [ 126.928913686904522, 35.149613476569144 ], [ 126.929011269997716, 35.149564237999662 ], [ 126.929014870139298, 35.149550367780812 ], [ 126.928986905104679, 35.149515396754524 ], [ 126.928983614829477, 35.149500468823781 ], [ 126.928974501874876, 35.149417448124119 ], [ 126.928973813376359, 35.149413697386443 ], [ 126.928974539027152, 35.149412130033213 ], [ 126.928975900158022, 35.149411373604018 ], [ 126.92897774436436, 35.149411085633737 ], [ 126.9289792372779, 35.149410952003144 ], [ 126.929048426871645, 35.149423125682176 ], [ 126.929048334692027, 35.149422963200315 ], [ 126.928949451270867, 35.14940076661459 ], [ 126.928950141005117, 35.149401668866837 ], [ 126.928950045058045, 35.14955023090004 ], [ 126.928949736447109, 35.149552132948322 ], [ 126.928949263235793, 35.149553709606444 ], [ 126.928846392334336, 35.149613392014487 ], [ 126.928858432792325, 35.149636760592074 ], [ 126.92886105478199, 35.14963828691679 ], [ 126.928867371068179, 35.149656308442147 ], [ 126.928841407446399, 35.14975566864338 ], [ 126.928824139315878, 35.149837357605179 ], [ 126.928803886193464, 35.149906147104247 ], [ 126.928791837652781, 35.149904354519514 ], [ 126.92878760294262, 35.149915547277352 ], [ 126.928778792016018, 35.149952552354861 ], [ 126.928761991473095, 35.149976274596483 ], [ 126.928754540173429, 35.150000327656528 ], [ 126.928752206784424, 35.150008087562831 ], [ 126.928764580068034, 35.150000331708156 ], [ 126.928766283735087, 35.149999262200737 ] ] ] } },
{ "type": "Feature", "properties": { "gid": 2725274, "fmta": "R24025275", "scls": "A0013110", "ufid": "100035616038A00110100000002725275" }, "geometry": { "type": "Polygon", "coordinates": [ [ [ 126.928766743990764, 35.150000325679258 ], [ 126.928766283735087, 35.149999262200737 ], [ 126.928764580068034, 35.150000331708156 ], [ 126.928752206784424, 35.150008087562831 ], [ 126.928763519820706, 35.150047889026403 ], [ 126.928776416622938, 35.150046283474161 ], [ 126.928766743990764, 35.150000325679258 ] ] ] } },
{ "type": "Feature", "properties": { "gid": 2791004, "fmta": "R24021005", "scls": "A0013110", "ufid": "100035616038A00110100000002791005" }, "geometry": { "type": "Polygon", "coordinates": [ [ [ 126.928758236793257, 35.150909524038916 ], [ 126.928370326769439, 35.15092823274027 ], [ 126.92834430491024, 35.150928875519931 ], [ 126.928331655214066, 35.150924640035214 ], [ 126.928230103789886, 35.151129044784319 ], [ 126.928285454330563, 35.151085082681689 ], [ 126.928888518496265, 35.151056504087705 ], [ 126.929373467197763, 35.151024781985399 ], [ 126.929391135194081, 35.150930676922506 ], [ 126.929395081578832, 35.150871612065806 ], [ 126.928758236793257, 35.150909524038916 ] ] ] } },
{ "type": "Feature", "properties": { "gid": 2791005, "fmta": "R24021006", "scls": "A0013110", "ufid": "100035616038A00110100000002791006" }, "geometry": { "type": "Polygon", "coordinates": [ [ [ 126.929152551187755, 35.151542438067189 ], [ 126.929166784543838, 35.151606353149866 ], [ 126.929192852475481, 35.151605046099014 ], [ 126.92922194454178, 35.151539455987738 ], [ 126.929152551187755, 35.151542438067189 ] ] ] } },
{ "type": "Feature", "properties": { "gid": 2790994, "fmta": "R24020995", "scls": "A0013110", "ufid": "100035616038A00110100000002790995" }, "geometry": { "type": "Polygon", "coordinates": [ [ [ 126.929152551187755, 35.151542438067189 ], [ 126.928943378025707, 35.151551491086501 ], [ 126.928962490140464, 35.151684084205947 ], [ 126.929166784543838, 35.151606353149866 ], [ 126.929152551187755, 35.151542438067189 ] ] ] } },
{ "type": "Feature", "properties": { "gid": 2790989, "fmta": "R24020990", "scls": "A0013110", "ufid": "100035616038A00110100000002790990" }, "geometry": { "type": "Polygon", "coordinates": [ [ [ 126.929142120863759, 35.151661023726518 ], [ 126.929166784543838, 35.151606353149866 ], [ 126.928962490140464, 35.151684084205947 ], [ 126.929019207070269, 35.151709021281739 ], [ 126.929071616697087, 35.151835281854908 ], [ 126.929150912891032, 35.151699601642001 ], [ 126.929153924620323, 35.151692811508823 ], [ 126.929142120863759, 35.151661023726518 ] ] ] } },
{ "type": "Feature", "properties": { "gid": 2790988, "fmta": "R24020989", "scls": "A0013110", "ufid": "100035616038A00110100000002790989" }, "geometry": { "type": "Polygon", "coordinates": [ [ [ 126.927708773282902, 35.152688882452956 ], [ 126.928042251564435, 35.152688531093411 ], [ 126.928059600544245, 35.152690722080862 ], [ 126.928159572156559, 35.152701156003317 ], [ 126.928257630638527, 35.152701254622897 ], [ 126.928397839056643, 35.152598084005668 ], [ 126.928205304766522, 35.152599500681902 ], [ 126.928185106288964, 35.152593611895959 ], [ 126.928173499567222, 35.152588089171992 ], [ 126.928163090727921, 35.152580358411825 ], [ 126.928159220316275, 35.152576326650731 ], [ 126.928153468135079, 35.152565858646575 ], [ 126.928148005248318, 35.152525970236866 ], [ 126.928064301200791, 35.15252559588567 ], [ 126.928064429600411, 35.152553529545436 ], [ 126.928060727485345, 35.15257031897098 ], [ 126.928052739909987, 35.152580887133503 ], [ 126.928036201957426, 35.152591765696009 ], [ 126.928014523553472, 35.152595286412826 ], [ 126.927736356204875, 35.152584854855199 ], [ 126.927708773282902, 35.152688882452956 ] ] ] } },
{ "type": "Feature", "properties": { "gid": 2791042, "fmta": "R24021043", "scls": "A0013110", "ufid": "100035616038A00110100000002791043" }, "geometry": { "type": "Polygon", "coordinates": [ [ [ 126.927853780166856, 35.151733444917426 ], [ 126.927609385439538, 35.15244116514242 ], [ 126.927562889423157, 35.152573817288584 ], [ 126.927736356204875, 35.152584854855199 ], [ 126.928034226983172, 35.151756357119602 ], [ 126.927853780166856, 35.151733444917426 ] ] ] } },
{ "type": "Feature", "properties": { "gid": 2791043, "fmta": "R24021044", "scls": "A0013110", "ufid": "100035616038A00110100000002791044" }, "geometry": { "type": "Polygon", "coordinates": [ [ [ 126.927562889423157, 35.152573817288584 ], [ 126.927527636572663, 35.152674370401378 ], [ 126.927708773282902, 35.152688882452956 ], [ 126.927736356204875, 35.152584854855199 ], [ 126.927562889423157, 35.152573817288584 ] ] ] } },
{ "type": "Feature", "properties": { "gid": 2791041, "fmta": "R24021042", "scls": "A0013110", "ufid": "100035616038A00110100000002791042" }, "geometry": { "type": "Polygon", "coordinates": [ [ [ 126.927527636572663, 35.152674370401378 ], [ 126.927362498352736, 35.153145466346935 ], [ 126.927376177191164, 35.153148264624917 ], [ 126.927563029602695, 35.153076760088247 ], [ 126.927595879014632, 35.152982630862311 ], [ 126.927650105105897, 35.152859600365169 ], [ 126.927708773282902, 35.152688882452956 ], [ 126.927527636572663, 35.152674370401378 ] ] ] } },
{ "type": "Feature", "properties": { "gid": 2791014, "fmta": "R24021015", "scls": "A0013110", "ufid": "100035616038A00110100000002791015" }, "geometry": { "type": "Polygon", "coordinates": [ [ [ 126.927362498352736, 35.153145466346935 ], [ 126.927357275772764, 35.153155410202046 ], [ 126.92735820616096, 35.153155141742971 ], [ 126.927376177191164, 35.153148264624917 ], [ 126.927362498352736, 35.153145466346935 ] ] ] } },
{ "type": "Feature", "properties": { "gid": 2791010, "fmta": "R24021011", "scls": "A0013110", "ufid": "100035616038A00110100000002791011" }, "geometry": { "type": "Polygon", "coordinates": [ [ [ 126.927327993977698, 35.15313239444162 ], [ 126.927275601625382, 35.153106772787474 ], [ 126.927103630723323, 35.153027692580466 ], [ 126.927067640715379, 35.153105493822949 ], [ 126.927094299238576, 35.153116714471018 ], [ 126.927131548197622, 35.15314155135426 ], [ 126.927246750346882, 35.153187301724152 ], [ 126.927357275772764, 35.153155410202046 ], [ 126.927362498352736, 35.153145466346935 ], [ 126.927327993977698, 35.15313239444162 ] ] ] } },
{ "type": "Feature", "properties": { "gid": 2791011, "fmta": "R24021012", "scls": "A0013110", "ufid": "100035616038A00110100000002791012" }, "geometry": { "type": "Polygon", "coordinates": [ [ [ 126.926988788531176, 35.153152605670357 ], [ 126.92699605373447, 35.153140649143161 ], [ 126.927016798147122, 35.15311408921071 ], [ 126.927023080428654, 35.153108595069064 ], [ 126.927051323677205, 35.153103149774623 ], [ 126.927067640715379, 35.153105493822949 ], [ 126.926938141657246, 35.153028223755982 ], [ 126.926937674351322, 35.153047269183993 ], [ 126.926925705729403, 35.153079269125712 ], [ 126.926906790877595, 35.153158054590293 ], [ 126.926862649305306, 35.153281389060567 ], [ 126.926948910756067, 35.153264075960671 ], [ 126.926988788531176, 35.153152605670357 ] ] ] } },
{ "type": "Feature", "properties": { "gid": 2791136, "fmta": "R24021137", "scls": "A0013110", "ufid": "100035616038A00110100000002791137" }, "geometry": { "type": "Polygon", "coordinates": [ [ [ 126.925828005231082, 35.153342983947191 ], [ 126.925866897302782, 35.153344737953468 ], [ 126.92585970189873, 35.153332228409113 ], [ 126.925828005231082, 35.153342983947191 ] ] ] } },
{ "type": "Feature", "properties": { "gid": 2791036, "fmta": "R24021037", "scls": "A0013110", "ufid": "100035616038A00110100000002791037" }, "geometry": { "type": "Polygon", "coordinates": [ [ [ 126.92652562299412, 35.152683897764163 ], [ 126.926403672624744, 35.15276892125317 ], [ 126.926597575986392, 35.152815468097771 ], [ 126.926673915588026, 35.152791745688184 ], [ 126.92652562299412, 35.152683897764163 ] ] ] } },
{ "type": "Feature", "properties": { "gid": 2791012, "fmta": "R24021013", "scls": "A0013110", "ufid": "100035616038A00110100000002791013" }, "geometry": { "type": "Polygon", "coordinates": [ [ [ 126.926403672624744, 35.15276892125317 ], [ 126.926145664734719, 35.152965477021937 ], [ 126.926026662877774, 35.153040911821513 ], [ 126.925806441043846, 35.153175242386375 ], [ 126.92585970189873, 35.153332228409113 ], [ 126.92633866726537, 35.153037955784143 ], [ 126.926364291035711, 35.153017168343631 ], [ 126.926587747687748, 35.152822186183151 ], [ 126.926597575986392, 35.152815468097771 ], [ 126.926403672624744, 35.15276892125317 ] ] ] } },
{ "type": "Feature", "properties": { "gid": 2791060, "fmta": "R24021061", "scls": "A0013110", "ufid": "100035616038A00110100000002791061" }, "geometry": { "type": "Polygon", "coordinates": [ [ [ 126.926281050638806, 35.15261160433068 ], [ 126.926135992092966, 35.152569440693618 ], [ 126.925969611520756, 35.152524775525833 ], [ 126.925931526594979, 35.152599818107845 ], [ 126.926147904474888, 35.152660566720606 ], [ 126.926367145766193, 35.152723380787563 ], [ 126.926409626847956, 35.152737900095197 ], [ 126.926403672624744, 35.15276892125317 ], [ 126.92652562299412, 35.152683897764163 ], [ 126.926281050638806, 35.15261160433068 ] ] ] } },
{ "type": "Feature", "properties": { "gid": 2791033, "fmta": "R24021034", "scls": "A0013110", "ufid": "100035616038A00110100000002791034" }, "geometry": { "type": "Polygon", "coordinates": [ [ [ 126.926869656122989, 35.152909031516131 ], [ 126.926677128208269, 35.152795163928666 ], [ 126.926673915588026, 35.152791745688184 ], [ 126.926597575986392, 35.152815468097771 ], [ 126.926771550656426, 35.152923358090753 ], [ 126.926933381243089, 35.153012554837133 ], [ 126.926938141657246, 35.153028223755982 ], [ 126.926972595404166, 35.152962535116707 ], [ 126.926869656122989, 35.152909031516131 ] ] ] } },
{ "type": "Feature", "properties": { "gid": 2791009, "fmta": "R24021010", "scls": "A0013110", "ufid": "100035616038A00110100000002791010" }, "geometry": { "type": "Polygon", "coordinates": [ [ [ 126.927054275672333, 35.153004993194315 ], [ 126.926972595404166, 35.152962535116707 ], [ 126.926938141657246, 35.153028223755982 ], [ 126.927067640715379, 35.153105493822949 ], [ 126.927103630723323, 35.153027692580466 ], [ 126.927054275672333, 35.153004993194315 ] ] ] } },
{ "type": "Feature", "properties": { "gid": 2791030, "fmta": "R24021031", "scls": "A0013110", "ufid": "100035616038A00110100000002791031" }, "geometry": { "type": "Polygon", "coordinates": [ [ [ 126.927527084299442, 35.151193001517953 ], [ 126.92772847108958, 35.151276227252524 ], [ 126.927723886468783, 35.151310080000506 ], [ 126.927720156591008, 35.151320641202261 ], [ 126.927609785404343, 35.151456789668956 ], [ 126.927135625385972, 35.152051916507531 ], [ 126.926843809248126, 35.152383036063085 ], [ 126.92652562299412, 35.152683897764163 ], [ 126.926673915588026, 35.152791745688184 ], [ 126.926794632316927, 35.15266311319089 ], [ 126.926911625698452, 35.15252587060008 ], [ 126.92696944342984, 35.152461287045327 ], [ 126.927010875312746, 35.152397134534532 ], [ 126.9270724440414, 35.15230973115569 ], [ 126.92725424701851, 35.152093054079629 ], [ 126.927462725077746, 35.15182925156045 ], [ 126.92756178698896, 35.151712647493113 ], [ 126.92766479138993, 35.151579227107888 ], [ 126.927809656499392, 35.151405341877386 ], [ 126.927849680291928, 35.151356160657087 ], [ 126.927868123103408, 35.1513242272515 ], [ 126.927886271630399, 35.15127834035107 ], [ 126.92791418835472, 35.151181730796381 ], [ 126.927527084299442, 35.151193001517953 ] ] ] } },
{ "type": "Feature", "properties": { "gid": 2791025, "fmta": "R24021026", "scls": "A0013110", "ufid": "100035616038A00110100000002791026" }, "geometry": { "type": "Polygon", "coordinates": [ [ [ 126.927410816599348, 35.150702402663732 ], [ 126.927352943702914, 35.150720088445169 ], [ 126.927091413314884, 35.150766360322343 ], [ 126.927046554002231, 35.15077361703694 ], [ 126.927043306510285, 35.150773146318663 ], [ 126.927045380895436, 35.150834466750794 ], [ 126.927049763115775, 35.150829836471694 ], [ 126.927285104983184, 35.15076337613138 ], [ 126.927420960992535, 35.15073561446264 ], [ 126.927410816599348, 35.150702402663732 ] ] ] } },
{ "type": "Feature", "properties": { "gid": 2791032, "fmta": "R24021033", "scls": "A0013110", "ufid": "100035616038A00110100000002791033" }, "geometry": { "type": "Polygon", "coordinates": [ [ [ 126.927125457129549, 35.151110493408396 ], [ 126.927045380895436, 35.150834466750794 ], [ 126.926997826453288, 35.150873800628368 ], [ 126.927033567776789, 35.150974638850947 ], [ 126.927076673221194, 35.151125354602158 ], [ 126.927130820178277, 35.151113948856185 ], [ 126.927125457129549, 35.151110493408396 ] ] ] } },
{ "type": "Feature", "properties": { "gid": 2791029, "fmta": "R24021030", "scls": "A0013110", "ufid": "100035616038A00110100000002791030" }, "geometry": { "type": "Polygon", "coordinates": [ [ [ 126.927130820178277, 35.151113948856185 ], [ 126.927076673221194, 35.151125354602158 ], [ 126.927110772766284, 35.151282987122684 ], [ 126.927163934647027, 35.151269129474102 ], [ 126.927130820178277, 35.151113948856185 ] ] ] } },
{ "type": "Feature", "properties": { "gid": 2791035, "fmta": "R24021036", "scls": "A0013110", "ufid": "100035616038A00110100000002791036" }, "geometry": { "type": "Polygon", "coordinates": [ [ [ 126.927043306510285, 35.150773146318663 ], [ 126.926908895079407, 35.150780870364734 ], [ 126.926997826453288, 35.150873800628368 ], [ 126.927045380895436, 35.150834466750794 ], [ 126.927043306510285, 35.150773146318663 ] ] ] } },
{ "type": "Feature", "properties": { "gid": 2791044, "fmta": "R24021045", "scls": "A0013110", "ufid": "100035616038A00110100000002791045" }, "geometry": { "type": "Polygon", "coordinates": [ [ [ 126.927076673221194, 35.151125354602158 ], [ 126.926829011604781, 35.151185136823216 ], [ 126.926362932972438, 35.151308079832788 ], [ 126.925953910567998, 35.151393224943924 ], [ 126.925647271614764, 35.151452364619665 ], [ 126.925673675556638, 35.151621575920835 ], [ 126.925845928034107, 35.151591034560134 ], [ 126.926144621170252, 35.151532953226635 ], [ 126.926231274874581, 35.151511022031649 ], [ 126.926414537203968, 35.151464415800881 ], [ 126.927110772766284, 35.151282987122684 ], [ 126.927076673221194, 35.151125354602158 ] ] ] } },
{ "type": "Feature", "properties": { "gid": 2791056, "fmta": "R24021057", "scls": "A0013110", "ufid": "100035616038A00110100000002791057" }, "geometry": { "type": "Polygon", "coordinates": [ [ [ 126.926908895079407, 35.150780870364734 ], [ 126.926889922175476, 35.150803348530779 ], [ 126.926610592907224, 35.150846445028684 ], [ 126.925981827296113, 35.150935837760187 ], [ 126.925986563923061, 35.150953444374409 ], [ 126.925945644793202, 35.150960215292869 ], [ 126.925597533225329, 35.151007936622968 ], [ 126.92554925093971, 35.150989979274506 ], [ 126.925565222456399, 35.151093906308844 ], [ 126.925603533460958, 35.15105881318577 ], [ 126.926960064709561, 35.150859148753227 ], [ 126.926997826453288, 35.150873800628368 ], [ 126.926908895079407, 35.150780870364734 ] ] ] } },
{ "type": "Feature", "properties": { "gid": 2791045, "fmta": "R24021046", "scls": "A0013110", "ufid": "100035616038A00110100000002791046" }, "geometry": { "type": "Polygon", "coordinates": [ [ [ 126.926864221275295, 35.150273963177625 ], [ 126.926712145727024, 35.150301453619015 ], [ 126.926341489191401, 35.150358131682452 ], [ 126.926272045893967, 35.150353924642218 ], [ 126.92628100894386, 35.150455107881491 ], [ 126.926513779404843, 35.150415679934191 ], [ 126.926838777884953, 35.150365454392315 ], [ 126.926864221275295, 35.150273963177625 ] ] ] } },
{ "type": "Feature", "properties": { "gid": 2791047, "fmta": "R24021048", "scls": "A0013110", "ufid": "100035616038A00110100000002791048" }, "geometry": { "type": "Polygon", "coordinates": [ [ [ 126.926122873396096, 35.150387265735219 ], [ 126.9258275860672, 35.150421373287955 ], [ 126.925830063731951, 35.150508923583615 ], [ 126.926138674320271, 35.150475392200228 ], [ 126.926122873396096, 35.150387265735219 ] ] ] } },
{ "type": "Feature", "properties": { "gid": 2791046, "fmta": "R24021047", "scls": "A0013110", "ufid": "100035616038A00110100000002791047" }, "geometry": { "type": "Polygon", "coordinates": [ [ [ 126.926272045893967, 35.150353924642218 ], [ 126.926122873396096, 35.150387265735219 ], [ 126.926138674320271, 35.150475392200228 ], [ 126.92620165197873, 35.150468553453138 ], [ 126.92628100894386, 35.150455107881491 ], [ 126.926272045893967, 35.150353924642218 ] ] ] } },
{ "type": "Feature", "properties": { "gid": 2725361, "fmta": "R24025362", "scls": "A0013110", "ufid": "100035616038A00110100000002725362" }, "geometry": { "type": "Polygon", "coordinates": [ [ [ 126.926223249987288, 35.150321743416292 ], [ 126.926342031148778, 35.150000128845107 ], [ 126.926355220129992, 35.149965813729075 ], [ 126.926408033104266, 35.14983855524649 ], [ 126.926409494436243, 35.149836978767773 ], [ 126.926277439806896, 35.149885779696184 ], [ 126.926250866492254, 35.149988176088414 ], [ 126.926247146501098, 35.150000125921224 ], [ 126.926119994415572, 35.150366992560365 ], [ 126.926122873396096, 35.150387265735219 ], [ 126.926272045893967, 35.150353924642218 ], [ 126.926223249987288, 35.150321743416292 ] ] ] } },
{ "type": "Feature", "properties": { "gid": 2790051, "fmta": "R24020052", "scls": "A0013110", "ufid": "100035616048A00110100000002790052" }, "geometry": { "type": "Polygon", "coordinates": [ [ [ 126.926038274358746, 35.14985066980438 ], [ 126.926009593032163, 35.149856114598826 ], [ 126.926024244840264, 35.149891474994128 ], [ 126.926038995481605, 35.149890718003945 ], [ 126.926038274358746, 35.14985066980438 ] ] ] } },
{ "type": "Feature", "properties": { "gid": 2790059, "fmta": "R24020060", "scls": "A0013110", "ufid": "100035616048A00110100000002790060" }, "geometry": { "type": "Polygon", "coordinates": [ [ [ 126.926324646233127, 35.149806992984473 ], [ 126.926321406361637, 35.149808883852337 ], [ 126.9263184534651, 35.149809774282929 ], [ 126.926042454938894, 35.149851303669827 ], [ 126.926039404618621, 35.149851058383668 ], [ 126.926038274358746, 35.14985066980438 ], [ 126.926038995481605, 35.149890718003945 ], [ 126.926262602543403, 35.149861496818438 ], [ 126.926277439806896, 35.149885779696184 ], [ 126.926324646233127, 35.149806992984473 ] ] ] } },
{ "type": "Feature", "properties": { "gid": 2790165, "fmta": "R24020166", "scls": "A0013110", "ufid": "100035616048A00110100000002790166" }, "geometry": { "type": "Polygon", "coordinates": [ [ [ 126.926448598111847, 35.149761693747955 ], [ 126.926449411936687, 35.149759458663048 ], [ 126.926479053800477, 35.149686737480245 ], [ 126.926527438416969, 35.149565786153339 ], [ 126.926520186578102, 35.149563825785428 ], [ 126.926539368196345, 35.149516578781245 ], [ 126.926559192275903, 35.149473992128385 ], [ 126.926564888131438, 35.149462070571531 ], [ 126.926585027885125, 35.149411571129519 ], [ 126.926506227345868, 35.149392648276347 ], [ 126.926506334804117, 35.149394388176901 ], [ 126.926505894235589, 35.149396938822875 ], [ 126.926435450252754, 35.149567839453496 ], [ 126.926329368705225, 35.149802372456882 ], [ 126.926326381394603, 35.14980550707218 ], [ 126.926324646233127, 35.149806992984473 ], [ 126.926448421575373, 35.149762757827652 ], [ 126.926448598111847, 35.149761693747955 ] ] ] } },
{ "type": "Feature", "properties": { "gid": 2790063, "fmta": "R24020064", "scls": "A0013110", "ufid": "100035616048A00110100000002790064" }, "geometry": { "type": "Polygon", "coordinates": [ [ [ 126.926448421575373, 35.149762757827652 ], [ 126.926324646233127, 35.149806992984473 ], [ 126.926277439806896, 35.149885779696184 ], [ 126.926409494436243, 35.149836978767773 ], [ 126.926448421575373, 35.149762757827652 ] ] ] } },
{ "type": "Feature", "properties": { "gid": 2790174, "fmta": "R24020175", "scls": "A0013110", "ufid": "100035616048A00110100000002790175" }, "geometry": { "type": "Polygon", "coordinates": [ [ [ 126.92666693468685, 35.149771642242953 ], [ 126.926563476707301, 35.149787506906463 ], [ 126.926555585711924, 35.149787763517097 ], [ 126.926542285286246, 35.149787592364326 ], [ 126.926527942951509, 35.149785862638502 ], [ 126.926513075835715, 35.149782725568457 ], [ 126.926448421575373, 35.149762757827652 ], [ 126.926409494436243, 35.149836978767773 ], [ 126.926411042382057, 35.149836357606212 ], [ 126.926413358716729, 35.149835908701242 ], [ 126.926441649239592, 35.149837025482569 ], [ 126.926450296793519, 35.149837219707031 ], [ 126.926456727610784, 35.149837593697924 ], [ 126.926533235873194, 35.149830906287733 ], [ 126.926667038933772, 35.14981469110618 ], [ 126.926673470567962, 35.149814478980211 ], [ 126.926674962486629, 35.14981448874471 ], [ 126.92666693468685, 35.149771642242953 ] ] ] } },
{ "type": "Feature", "properties": { "gid": 2790177, "fmta": "R24020178", "scls": "A0013110", "ufid": "100035616048A00110100000002790178" }, "geometry": { "type": "Polygon", "coordinates": [ [ [ 126.926674962486629, 35.14981448874471 ], [ 126.92667624600756, 35.14981494026101 ], [ 126.926677441034499, 35.149816112723755 ], [ 126.926678361690676, 35.149817897950371 ], [ 126.926696893778498, 35.149895182533569 ], [ 126.926747669139473, 35.14988696566472 ], [ 126.926741492859122, 35.149847167580596 ], [ 126.926740924590575, 35.149832393136172 ], [ 126.926753260427589, 35.149807145105946 ], [ 126.926674962486629, 35.14981448874471 ] ] ] } },
{ "type": "Feature", "properties": { "gid": 2790179, "fmta": "R24020180", "scls": "A0013110", "ufid": "100035616048A00110100000002790180" }, "geometry": { "type": "Polygon", "coordinates": [ [ [ 126.926744732307768, 35.149759710162741 ], [ 126.92666693468685, 35.149771642242953 ], [ 126.926674962486629, 35.14981448874471 ], [ 126.926753260427589, 35.149807145105946 ], [ 126.926744732307768, 35.149759710162741 ] ] ] } },
{ "type": "Feature", "properties": { "gid": 2791052, "fmta": "R24021053", "scls": "A0013110", "ufid": "100035616038A00110100000002791053" }, "geometry": { "type": "Polygon", "coordinates": [ [ [ 126.926960759598217, 35.15032674220322 ], [ 126.926983417935645, 35.150295019124435 ], [ 126.926838777884953, 35.150365454392315 ], [ 126.926856843192581, 35.150376263841984 ], [ 126.926882801844883, 35.15050611152575 ], [ 126.926862730132385, 35.150529984841405 ], [ 126.926886511963062, 35.150652602261452 ], [ 126.926908895079407, 35.150780870364734 ], [ 126.927043306510285, 35.150773146318663 ], [ 126.926960759598217, 35.15032674220322 ] ] ] } },
{ "type": "Feature", "properties": { "gid": 2791053, "fmta": "R24021054", "scls": "A0013110", "ufid": "100035616038A00110100000002791054" }, "geometry": { "type": "Polygon", "coordinates": [ [ [ 126.92697318168787, 35.150254271292454 ], [ 126.926864221275295, 35.150273963177625 ], [ 126.926838777884953, 35.150365454392315 ], [ 126.926983417935645, 35.150295019124435 ], [ 126.92697318168787, 35.150254271292454 ] ] ] } },
{ "type": "Feature", "properties": { "gid": 2791055, "fmta": "R24021056", "scls": "A0013110", "ufid": "100035616038A00110100000002791056" }, "geometry": { "type": "Polygon", "coordinates": [ [ [ 126.927302658694927, 35.150202298335941 ], [ 126.92699205043175, 35.150250857397495 ], [ 126.92697318168787, 35.150254271292454 ], [ 126.926983417935645, 35.150295019124435 ], [ 126.927246346860215, 35.15025341680488 ], [ 126.927312486839313, 35.150244749339201 ], [ 126.927302658694927, 35.150202298335941 ] ] ] } },
{ "type": "Feature", "properties": { "gid": 2790166, "fmta": "R24020167", "scls": "A0013110", "ufid": "100035616048A00110100000002790167" }, "geometry": { "type": "Polygon", "coordinates": [ [ [ 126.927488403037074, 35.14964268256854 ], [ 126.927481718687943, 35.149643553592966 ], [ 126.927420243319403, 35.149652944725105 ], [ 126.927369063840061, 35.149659953483919 ], [ 126.927279012315111, 35.149680009229172 ], [ 126.927166377325875, 35.149698418928878 ], [ 126.926959822098254, 35.149730888324427 ], [ 126.926780765336773, 35.149754188162326 ], [ 126.926744732307768, 35.149759710162741 ], [ 126.926753260427589, 35.149807145105946 ], [ 126.926977317332074, 35.149777895872219 ], [ 126.927046178738749, 35.14976810346618 ], [ 126.927075530093134, 35.149762126882003 ], [ 126.927102814235141, 35.149758961956195 ], [ 126.927107732447823, 35.149757891440437 ], [ 126.927167365376789, 35.149747453892935 ], [ 126.927229512658883, 35.149735566535469 ], [ 126.927231498481191, 35.149735594858591 ], [ 126.927262220660268, 35.149730141386947 ], [ 126.927263824349481, 35.149729240948901 ], [ 126.927303206565256, 35.149722198116031 ], [ 126.927436891926646, 35.149701267404183 ], [ 126.927497982634122, 35.149693507436922 ], [ 126.927488403037074, 35.14964268256854 ] ] ] } },
{ "type": "Feature", "properties": { "gid": 2790164, "fmta": "R24020165", "scls": "A0013110", "ufid": "100035616048A00110100000002790165" }, "geometry": { "type": "Polygon", "coordinates": [ [ [ 126.928211015680816, 35.149584074489212 ], [ 126.92816919830949, 35.149602923892388 ], [ 126.928166827345748, 35.14960333740666 ], [ 126.928161494070537, 35.149602224778434 ], [ 126.928092524269076, 35.149610287835095 ], [ 126.928087549825037, 35.149614377039271 ], [ 126.928029866270265, 35.149616902750637 ], [ 126.927939526308833, 35.149616082217136 ], [ 126.927807091108761, 35.149613254911898 ], [ 126.927709702954459, 35.149614783231343 ], [ 126.927707935733096, 35.149614737012719 ], [ 126.927686501482, 35.149616896350885 ], [ 126.927488403037074, 35.14964268256854 ], [ 126.927497982634122, 35.149693507436922 ], [ 126.927620436602879, 35.149677941808584 ], [ 126.927697630121742, 35.149666017983627 ], [ 126.927746391493514, 35.149662702777782 ], [ 126.927787875954266, 35.149661159305211 ], [ 126.927905400187285, 35.149661003717171 ], [ 126.928048890034759, 35.149660341194604 ], [ 126.928074494497025, 35.149659671258327 ], [ 126.928084908566362, 35.149660010763689 ], [ 126.928086719197012, 35.149660129318228 ], [ 126.928149488941202, 35.14971365332044 ], [ 126.928180861368531, 35.149705163031449 ], [ 126.928183392862451, 35.149696240869389 ], [ 126.92818539348076, 35.149692898667453 ], [ 126.928189445210492, 35.149690295625803 ], [ 126.928196568476864, 35.14969008397776 ], [ 126.928212486067324, 35.149696862381454 ], [ 126.928211015680816, 35.149584074489212 ] ] ] } },
{ "type": "Feature", "properties": { "gid": 2723187, "fmta": "R24023188", "scls": "A0013110", "ufid": "100035616038A00110100000002723188" }, "geometry": { "type": "Polygon", "coordinates": [ [ [ 126.928143425765867, 35.150069506644137 ], [ 126.927777344739113, 35.150128094372086 ], [ 126.927302658694927, 35.150202298335941 ], [ 126.927312486839313, 35.150244749339201 ], [ 126.927662523575293, 35.150198845480382 ], [ 126.92772017669914, 35.150192886104143 ], [ 126.927755391954818, 35.150183442939351 ], [ 126.928077799045937, 35.150144966389902 ], [ 126.928094051340423, 35.150145029577011 ], [ 126.9281176870481, 35.15016168294256 ], [ 126.928126034267152, 35.150179074780205 ], [ 126.928143425765867, 35.150069506644137 ] ] ] } },
{ "type": "Feature", "properties": { "gid": 2791031, "fmta": "R24021032", "scls": "A0013110", "ufid": "100035616038A00110100000002791032" }, "geometry": { "type": "Polygon", "coordinates": [ [ [ 126.92799911847014, 35.15052353622832 ], [ 126.927963152363986, 35.150626756094084 ], [ 126.928072418428073, 35.150634645160686 ], [ 126.928097176584572, 35.150534834011594 ], [ 126.92799911847014, 35.15052353622832 ] ] ] } },
{ "type": "Feature", "properties": { "gid": 2791034, "fmta": "R24021035", "scls": "A0013110", "ufid": "100035616038A00110100000002791035" }, "geometry": { "type": "Polygon", "coordinates": [ [ [ 126.92799911847014, 35.15052353622832 ], [ 126.927965812031147, 35.150548231822327 ], [ 126.927822855914528, 35.15058769808936 ], [ 126.927596884295454, 35.150645521216717 ], [ 126.927410816599348, 35.150702402663732 ], [ 126.927420960992535, 35.15073561446264 ], [ 126.927480497630583, 35.15072334674862 ], [ 126.927535020426077, 35.150709021066795 ], [ 126.92774640872851, 35.150648611616781 ], [ 126.927830554864769, 35.150619277038984 ], [ 126.927917414880156, 35.150610018184437 ], [ 126.927927488616334, 35.150610060337279 ], [ 126.927949578507324, 35.150613083455355 ], [ 126.927960272327226, 35.150619273662457 ], [ 126.927963152363986, 35.150626756094084 ], [ 126.92799911847014, 35.15052353622832 ] ] ] } },
{ "type": "Feature", "properties": { "gid": 2791028, "fmta": "R24021029", "scls": "A0013110", "ufid": "100035616038A00110100000002791029" }, "geometry": { "type": "Polygon", "coordinates": [ [ [ 126.927821431603761, 35.150945789639316 ], [ 126.927778178134488, 35.150949640347406 ], [ 126.927130820178277, 35.151113948856185 ], [ 126.927163934647027, 35.151269129474102 ], [ 126.927237459711961, 35.151249974057102 ], [ 126.927500505565078, 35.15119178667485 ], [ 126.927527084299442, 35.151193001517953 ], [ 126.927821431603761, 35.150945789639316 ] ] ] } },
{ "type": "Feature", "properties": { "gid": 390453, "fmta": "R24020453", "scls": "A0013118", "ufid": "100035616038A00110100000000390453" }, "geometry": { "type": "Polygon", "coordinates": [ [ [ 126.927308247600976, 35.153061508166253 ], [ 126.927310897493058, 35.152994512209403 ], [ 126.927323872008159, 35.152941619043006 ], [ 126.927376075076509, 35.152810907392151 ], [ 126.927392926178456, 35.152781677976613 ], [ 126.927418993172964, 35.152753678756341 ], [ 126.927449330192772, 35.152713722346149 ], [ 126.927460758632776, 35.152697359889487 ], [ 126.927470389037168, 35.152678130526944 ], [ 126.927553426570285, 35.152426646598641 ], [ 126.927718866259482, 35.151948970195107 ], [ 126.92779225583368, 35.151746631278179 ], [ 126.928026111523877, 35.151127093706371 ], [ 126.928053511091662, 35.151056975611894 ], [ 126.928105585283419, 35.150869180462131 ], [ 126.928122539583029, 35.150832794575805 ], [ 126.928170826712915, 35.150746715643272 ], [ 126.928178905624392, 35.15071945460852 ], [ 126.928206222472369, 35.150643702221224 ], [ 126.928279622312246, 35.150428248583545 ], [ 126.928311678285169, 35.150328189586318 ], [ 126.928335487383919, 35.150233731843919 ], [ 126.928359319279949, 35.150125645810014 ], [ 126.92837610294248, 35.150047687700422 ], [ 126.928387984915773, 35.150000301366852 ], [ 126.928391744381258, 35.149980464425717 ], [ 126.928401752133226, 35.149918186581402 ], [ 126.928413452489778, 35.149829887156287 ], [ 126.928417639288611, 35.149785361699735 ], [ 126.928424396463157, 35.149701386981903 ], [ 126.928426112029399, 35.149685270757161 ], [ 126.928430097860982, 35.149682199410854 ], [ 126.928387051264863, 35.149675720463748 ], [ 126.928387697344093, 35.149677370027952 ], [ 126.928387064464559, 35.149685293043369 ], [ 126.928386778827786, 35.149724096639524 ], [ 126.92838031449368, 35.149786285701673 ], [ 126.928363037550682, 35.149916261842264 ], [ 126.928355486628504, 35.149978874986957 ], [ 126.928350935490727, 35.15000029699884 ], [ 126.928343533536378, 35.150043648589339 ], [ 126.928326906394972, 35.150120885165883 ], [ 126.928303172743483, 35.150228574905967 ], [ 126.928279615620866, 35.150322004983757 ], [ 126.928247845871354, 35.150421162714856 ], [ 126.928174589252663, 35.150636220258242 ], [ 126.928142960941258, 35.150723913425665 ], [ 126.928134766537511, 35.1507438286122 ], [ 126.928096562413074, 35.150771981711891 ], [ 126.928081624521411, 35.150822386023762 ], [ 126.92806678941767, 35.150858098414162 ], [ 126.928018655171911, 35.151057693842304 ], [ 126.927994720915464, 35.151118962711202 ], [ 126.927760754425293, 35.151738771112477 ], [ 126.927687255107898, 35.151941407054935 ], [ 126.927521706484839, 35.152419407514572 ], [ 126.927439162285836, 35.152669414052554 ], [ 126.927431126604816, 35.152685425546004 ], [ 126.927421071049778, 35.152699833277005 ], [ 126.927391888636024, 35.152738275762054 ], [ 126.927364655679725, 35.152767527345972 ], [ 126.927345431766, 35.152800866339661 ], [ 126.927291974840415, 35.15293471359449 ], [ 126.927277122853624, 35.15299999002908 ], [ 126.927275355176363, 35.15302584891495 ], [ 126.927275118695107, 35.153056774511271 ], [ 126.927275601625382, 35.153106772787474 ], [ 126.92731480723117, 35.153125949837786 ], [ 126.927311860506776, 35.153121243431372 ], [ 126.927308247600976, 35.153061508166253 ] ] ] } },
{ "type": "Feature", "properties": { "gid": 2791040, "fmta": "R24021041", "scls": "A0013110", "ufid": "100035616038A00110100000002791041" }, "geometry": { "type": "Polygon", "coordinates": [ [ [ 126.927943259686771, 35.151593228287673 ], [ 126.92791390384302, 35.151678813097959 ], [ 126.927873519502725, 35.151676283385413 ], [ 126.927853780166856, 35.151733444917426 ], [ 126.928034226983172, 35.151756357119602 ], [ 126.928071224215344, 35.151592763866987 ], [ 126.927943259686771, 35.151593228287673 ] ] ] } },
{ "type": "Feature", "properties": { "gid": 2791026, "fmta": "R24021027", "scls": "A0013110", "ufid": "100035616038A00110100000002791027" }, "geometry": { "type": "Polygon", "coordinates": [ [ [ 126.927958490384086, 35.1509356857553 ], [ 126.927821431603761, 35.150945789639316 ], [ 126.927527084299442, 35.151193001517953 ], [ 126.92791418835472, 35.151181730796381 ], [ 126.927958490384086, 35.1509356857553 ] ] ] } },
{ "type": "Feature", "properties": { "gid": 2791027, "fmta": "R24021028", "scls": "A0013110", "ufid": "100035616038A00110100000002791028" }, "geometry": { "type": "Polygon", "coordinates": [ [ [ 126.927950215854779, 35.150909784847947 ], [ 126.927952072479229, 35.150895806343847 ], [ 126.928031041479443, 35.150738105507607 ], [ 126.928060798992107, 35.150681499787844 ], [ 126.928072418428073, 35.150634645160686 ], [ 126.927963152363986, 35.150626756094084 ], [ 126.927962086104657, 35.150640906949548 ], [ 126.927937961419858, 35.15070649408657 ], [ 126.927853396947327, 35.150874628234384 ], [ 126.927821431603761, 35.150945789639316 ], [ 126.927958490384086, 35.1509356857553 ], [ 126.927950215854779, 35.150909784847947 ] ] ] } },
{ "type": "Feature", "properties": { "gid": 2791038, "fmta": "R24021039", "scls": "A0013110", "ufid": "100035616038A00110100000002791039" }, "geometry": { "type": "Polygon", "coordinates": [ [ [ 126.928223850368255, 35.150877778229535 ], [ 126.928185989262644, 35.150913233190501 ], [ 126.928123952008434, 35.150936902346174 ], [ 126.92803795025111, 35.150943016639431 ], [ 126.9279723241076, 35.150941255984044 ], [ 126.927958490384086, 35.1509356857553 ], [ 126.92791418835472, 35.151181730796381 ], [ 126.928083876561402, 35.15117018661438 ], [ 126.928223850368255, 35.150877778229535 ] ] ] } },
{ "type": "Feature", "properties": { "gid": 2791037, "fmta": "R24021038", "scls": "A0013110", "ufid": "100035616038A00110100000002791038" }, "geometry": { "type": "Polygon", "coordinates": [ [ [ 126.928331655214066, 35.150924640035214 ], [ 126.928223850368255, 35.150877778229535 ], [ 126.928083876561402, 35.15117018661438 ], [ 126.928230103789886, 35.151129044784319 ], [ 126.928331655214066, 35.150924640035214 ] ] ] } },
{ "type": "Feature", "properties": { "gid": 2791039, "fmta": "R24021040", "scls": "A0013110", "ufid": "100035616038A00110100000002791040" }, "geometry": { "type": "Polygon", "coordinates": [ [ [ 126.92817322895948, 35.151271922266062 ], [ 126.928230103789886, 35.151129044784319 ], [ 126.928083876561402, 35.15117018661438 ], [ 126.928018276828141, 35.151374530932117 ], [ 126.927943259686771, 35.151593228287673 ], [ 126.928071224215344, 35.151592763866987 ], [ 126.92817322895948, 35.151271922266062 ] ] ] } },
{ "type": "Feature", "properties": { "gid": 2791002, "fmta": "R24021003", "scls": "A0013110", "ufid": "100035616038A00110100000002791003" }, "geometry": { "type": "Polygon", "coordinates": [ [ [ 126.928943378025707, 35.151551491086501 ], [ 126.928434879853185, 35.151578755937798 ], [ 126.928083687556281, 35.151596971448058 ], [ 126.928071224215344, 35.151592763866987 ], [ 126.928034226983172, 35.151756357119602 ], [ 126.928089333894519, 35.151728303669344 ], [ 126.928962490140464, 35.151684084205947 ], [ 126.928943378025707, 35.151551491086501 ] ] ] } },
{ "type": "Feature", "properties": { "gid": 2723181, "fmta": "R24023182", "scls": "A0013110", "ufid": "100035616038A00110100000002723182" }, "geometry": { "type": "Polygon", "coordinates": [ [ [ 126.92849924464258, 35.150074188140238 ], [ 126.928458987909167, 35.150177396944159 ], [ 126.928405173921206, 35.150335500789133 ], [ 126.928269148113941, 35.150757770168454 ], [ 126.928223850368255, 35.150877778229535 ], [ 126.928331655214066, 35.150924640035214 ], [ 126.928323599854451, 35.150912593102568 ], [ 126.928320466832957, 35.150893086132569 ], [ 126.928320328724467, 35.150862917089029 ], [ 126.928498555264966, 35.150309857614403 ], [ 126.928568034010183, 35.150109886527702 ], [ 126.928575596770003, 35.150095496693005 ], [ 126.92849924464258, 35.150074188140238 ] ] ] } },
{ "type": "Feature", "properties": { "gid": 2791051, "fmta": "R24021052", "scls": "A0013110", "ufid": "100035616038A00110100000002791052" }, "geometry": { "type": "Polygon", "coordinates": [ [ [ 126.928126034267152, 35.150179074780205 ], [ 126.928061807225703, 35.150370792729987 ], [ 126.928020474225789, 35.150486502968192 ], [ 126.92799911847014, 35.15052353622832 ], [ 126.928097176584572, 35.150534834011594 ], [ 126.92810277130728, 35.150512240210368 ], [ 126.928146260806841, 35.150390510410709 ], [ 126.928219420958669, 35.150172271199246 ], [ 126.928126034267152, 35.150179074780205 ] ] ] } },
{ "type": "Feature", "properties": { "gid": 2723185, "fmta": "R24023186", "scls": "A0013110", "ufid": "100035616038A00110100000002723186" }, "geometry": { "type": "Polygon", "coordinates": [ [ [ 126.928257277394621, 35.150065392024899 ], [ 126.928143425765867, 35.150069506644137 ], [ 126.928126034267152, 35.150179074780205 ], [ 126.928219420958669, 35.150172271199246 ], [ 126.928257277394621, 35.150065392024899 ] ] ] } },
{ "type": "Feature", "properties": { "gid": 2790050, "fmta": "R24020051", "scls": "A0013110", "ufid": "100035616048A00110100000002790051" }, "geometry": { "type": "Polygon", "coordinates": [ [ [ 126.928211015680816, 35.149584074489212 ], [ 126.928212486067324, 35.149696862381454 ], [ 126.928330015056773, 35.149704196880947 ], [ 126.928334721718414, 35.149680628639103 ], [ 126.92833606061086, 35.149655112150555 ], [ 126.928335865103946, 35.149653084191691 ], [ 126.928339058617937, 35.149590315230668 ], [ 126.928338932001537, 35.149584402142985 ], [ 126.928211015680816, 35.149584074489212 ] ] ] } },
{ "type": "Feature", "properties": { "gid": 2725278, "fmta": "R24025279", "scls": "A0013110", "ufid": "100035616048A00110100000002725279" }, "geometry": { "type": "Polygon", "coordinates": [ [ [ 126.92826788347179, 35.150035463935467 ], [ 126.92827482859046, 35.150000297689616 ], [ 126.928282431144126, 35.149952286128446 ], [ 126.928296732993175, 35.149875525505927 ], [ 126.928310151720879, 35.149803533446821 ], [ 126.928330015056773, 35.149704196880947 ], [ 126.928212486067324, 35.149696862381454 ], [ 126.928216576138453, 35.149701019614199 ], [ 126.928218803480036, 35.149713604423482 ], [ 126.928214960873788, 35.149740300249654 ], [ 126.928201857935107, 35.14981500612226 ], [ 126.928196715570692, 35.149847335086498 ], [ 126.928193188507663, 35.149864233555171 ], [ 126.928176935854765, 35.149950854136883 ], [ 126.928168673354975, 35.150000288174617 ], [ 126.928164509413264, 35.150030697512229 ], [ 126.92815064514545, 35.150058857297708 ], [ 126.928143425765867, 35.150069506644137 ], [ 126.928257277394621, 35.150065392024899 ], [ 126.92826788347179, 35.150035463935467 ] ] ] } },
{ "type": "Feature", "properties": { "gid": 2723146, "fmta": "R24023147", "scls": "A0013110", "ufid": "100035616048A00110100000002723147" }, "geometry": { "type": "Polygon", "coordinates": [ [ [ 126.928450800554771, 35.149287424402445 ], [ 126.928465420752588, 35.14930954370066 ], [ 126.928486585701137, 35.149352794704875 ], [ 126.928494331446132, 35.149393089736648 ], [ 126.928506022823626, 35.149489605851258 ], [ 126.92852233597489, 35.149620384267642 ], [ 126.928524868693842, 35.149661686260998 ], [ 126.928522974970903, 35.149730766089895 ], [ 126.92852306030521, 35.149734263310606 ], [ 126.928514003673072, 35.149912699889249 ], [ 126.928510747214716, 35.149959208080674 ], [ 126.928602217647679, 35.149960758493286 ], [ 126.928600871315297, 35.149957197616871 ], [ 126.928600127202159, 35.149953709011804 ], [ 126.928599807237021, 35.1499430998267 ], [ 126.928602078020901, 35.149881321993405 ], [ 126.928608189901766, 35.14974483243676 ], [ 126.928609840945796, 35.149638058321678 ], [ 126.928608815333746, 35.149619714575763 ], [ 126.928608060549649, 35.149616496432252 ], [ 126.928597208855265, 35.149526110483578 ], [ 126.928579704472327, 35.149400351668135 ], [ 126.928573824480409, 35.149360606464661 ], [ 126.928575571888757, 35.149358146734357 ], [ 126.928627638543631, 35.149327522343135 ], [ 126.928631118308999, 35.149326325956778 ], [ 126.928450800554771, 35.149287424402445 ] ] ] } },
{ "type": "Feature", "properties": { "gid": 2725280, "fmta": "R24025281", "scls": "A0013110", "ufid": "100035616038A00110100000002725281" }, "geometry": { "type": "Polygon", "coordinates": [ [ [ 126.928602217647679, 35.149960758493286 ], [ 126.928510747214716, 35.149959208080674 ], [ 126.928507890854121, 35.150000308821078 ], [ 126.92849924464258, 35.150074188140238 ], [ 126.928575596770003, 35.150095496693005 ], [ 126.928594457012991, 35.150000314929066 ], [ 126.928602217647679, 35.149960758493286 ] ] ] } },
{ "type": "Feature", "properties": { "gid": 2725281, "fmta": "R24025282", "scls": "A0013110", "ufid": "100035616038A00110100000002725282" }, "geometry": { "type": "Polygon", "coordinates": [ [ [ 126.928663589181539, 35.150058746000092 ], [ 126.928680830802193, 35.150057214145967 ], [ 126.928691551356621, 35.15005832059343 ], [ 126.928696096058815, 35.150019429776783 ], [ 126.928671076563361, 35.150016656279611 ], [ 126.928646870983457, 35.150000318636501 ], [ 126.928602217647679, 35.149960758493286 ], [ 126.928594457012991, 35.150000314929066 ], [ 126.928575596770003, 35.150095496693005 ], [ 126.928609208364492, 35.150073739225078 ], [ 126.928663589181539, 35.150058746000092 ] ] ] } },
{ "type": "Feature", "properties": { "gid": 2723182, "fmta": "R24023183", "scls": "A0013110", "ufid": "100035616038A00110100000002723183" }, "geometry": { "type": "Polygon", "coordinates": [ [ [ 126.928691551356621, 35.15005832059343 ], [ 126.928703069975128, 35.150088811107878 ], [ 126.928709704262289, 35.150132332597614 ], [ 126.928760794748655, 35.150127559086577 ], [ 126.928763519820706, 35.150047889026403 ], [ 126.928691551356621, 35.15005832059343 ] ] ] } },
{ "type": "Feature", "properties": { "gid": 2723183, "fmta": "R24023184", "scls": "A0013110", "ufid": "100035616038A00110100000002723184" }, "geometry": { "type": "Polygon", "coordinates": [ [ [ 126.928752206784424, 35.150008087562831 ], [ 126.928696096058815, 35.150019429776783 ], [ 126.928691551356621, 35.15005832059343 ], [ 126.928763519820706, 35.150047889026403 ], [ 126.928752206784424, 35.150008087562831 ] ] ] } },
{ "type": "Feature", "properties": { "gid": 2790079, "fmta": "R24020080", "scls": "A0013110", "ufid": "100035616048A00110100000002790080" }, "geometry": { "type": "Polygon", "coordinates": [ [ [ 126.928189089907903, 35.14934498449702 ], [ 126.928197091089345, 35.149382485461992 ], [ 126.928226482308389, 35.149554716673805 ], [ 126.928226473797409, 35.149563937485503 ], [ 126.928224526100422, 35.149570544115889 ], [ 126.928211015680816, 35.149584074489212 ], [ 126.928338932001537, 35.149584402142985 ], [ 126.928338869138713, 35.149581617376356 ], [ 126.928337084125758, 35.149552249387085 ], [ 126.928317543842923, 35.149458010005134 ], [ 126.928292796518988, 35.149333787748439 ], [ 126.928189089907903, 35.14934498449702 ] ] ] } },
{ "type": "Feature", "properties": { "gid": 2790180, "fmta": "R24020181", "scls": "A0013110", "ufid": "100035616048A00110100000002790181" }, "geometry": { "type": "Polygon", "coordinates": [ [ [ 126.926546011712247, 35.149304014870843 ], [ 126.926506227345868, 35.149392648276347 ], [ 126.926585027885125, 35.149411571129519 ], [ 126.926621599097459, 35.149320699786252 ], [ 126.926546011712247, 35.149304014870843 ] ] ] } },
{ "type": "Feature", "properties": { "gid": 2790055, "fmta": "R24020056", "scls": "A0013110", "ufid": "100035616048A00110100000002790056" }, "geometry": { "type": "Polygon", "coordinates": [ [ [ 126.926546011712247, 35.149304014870843 ], [ 126.926544024580281, 35.149305113663551 ], [ 126.926542037034181, 35.149306427962124 ], [ 126.926526142229037, 35.149311141697545 ], [ 126.926412180155751, 35.149328630989089 ], [ 126.926254033292835, 35.149348247279534 ], [ 126.925962822804749, 35.149393922646148 ], [ 126.925960265102134, 35.149394037669396 ], [ 126.925957884526383, 35.149393161654565 ], [ 126.925955362150148, 35.149391529337819 ], [ 126.925963343758355, 35.14943573634369 ], [ 126.926092593078494, 35.149418328902314 ], [ 126.926095051704976, 35.149418565072573 ], [ 126.9261112366558, 35.149420224226539 ], [ 126.926279208610183, 35.149397287673402 ], [ 126.926424695617769, 35.149372597933933 ], [ 126.926455010719323, 35.149367100359058 ], [ 126.926457842358332, 35.149366903665047 ], [ 126.926459334439812, 35.149367201979018 ], [ 126.926462747041754, 35.149368384940786 ], [ 126.926506227345868, 35.149392648276347 ], [ 126.926546011712247, 35.149304014870843 ] ] ] } }
]
}
