{
"type": "FeatureCollection",
"name": "parking",
"crs": { "type": "name", "properties": { "name": "urn:ogc:def:crs:OGC:1.3:CRS84" } },
"features": [
{ "type": "Feature", "properties": { "주차장관리번호": "175-4-000185", "주차장명": "문화주차장", "주차장구분": "민영", "주차장유형": "노외", "소재지도로명주소": "광주광역시 동구 지산로 73", "소재지지번주소": null, "주차구획수": "30", "급지구분": "1", "부제시행구분": "미시행", "운영요일": "평일+토요일+공휴일", "평일운영시작시각": "00:00", "평일운영종료시각": "23:59", "토요일운영시작시각": "00:00", "토요일운영종료시각": "23:59", "공휴일운영시작시각": "00:00", "공휴일운영종료시각": "23:59", "요금정보": "유료", "주차기본시간": "30", "주차기본요금": "800", "추가단위시간": null, "추가단위요금": null, "1일주차권요금적용시간": null, "1일주차권요금": null, "월정기권요금": null, "결제방법": null, "특기사항": null, "관리기관명": "광주광역시 동구청", "전화번호": "062-608-2914", "위도": 35.15018533, "경도": 126.9328454, "장애인전용주차구역보유여부": null, "데이터기준일자": "2026-04-16" }, "geometry": { "type": "Point", "coordinates": [ 126.9328454, 35.15018533 ] } },
{ "type": "Feature", "properties": { "주차장관리번호": "175-4-000183", "주차장명": "고려자동차공업사주차장", "주차장구분": "민영", "주차장유형": "노외", "소재지도로명주소": "광주광역시 동구 중흥로 217", "소재지지번주소": "광주광역시 동구 계림동 531-7", "주차구획수": "12", "급지구분": "1", "부제시행구분": "미시행", "운영요일": "평일+토요일+공휴일", "평일운영시작시각": "00:00", "평일운영종료시각": "23:59", "토요일운영시작시각": "00:00", "토요일운영종료시각": "23:59", "공휴일운영시작시각": "00:00", "공휴일운영종료시각": "23:59", "요금정보": "유료", "주차기본시간": "30", "주차기본요금": "800", "추가단위시간": null, "추가단위요금": null, "1일주차권요금적용시간": null, "1일주차권요금": null, "월정기권요금": null, "결제방법": null, "특기사항": null, "관리기관명": "광주광역시 동구청", "전화번호": "062-608-2914", "위도": 35.16004748, "경도": 126.9174054, "장애인전용주차구역보유여부": null, "데이터기준일자": "2026-04-16" }, "geometry": { "type": "Point", "coordinates": [ 126.9174054, 35.16004748 ] } },
{ "type": "Feature", "properties": { "주차장관리번호": "175-4-000182", "주차장명": "동명주차장", "주차장구분": "민영", "주차장유형": "노외", "소재지도로명주소": "광주광역시 동구 지산로 73", "소재지지번주소": "광주광역시 동구 지산동 715-27", "주차구획수": "20", "급지구분": "1", "부제시행구분": "미시행", "운영요일": "평일+토요일+공휴일", "평일운영시작시각": "00:00", "평일운영종료시각": "23:59", "토요일운영시작시각": "00:00", "토요일운영종료시각": "23:59", "공휴일운영시작시각": "00:00", "공휴일운영종료시각": "23:59", "요금정보": "유료", "주차기본시간": "30", "주차기본요금": "800", "추가단위시간": null, "추가단위요금": null, "1일주차권요금적용시간": null, "1일주차권요금": null, "월정기권요금": null, "결제방법": null, "특기사항": null, "관리기관명": "광주광역시 동구청", "전화번호": "062-608-2914", "위도": 35.15018533, "경도": 126.9328454, "장애인전용주차구역보유여부": null, "데이터기준일자": "2026-04-16" }, "geometry": { "type": "Point", "coordinates": [ 126.9328454, 35.15018533 ] } },
{ "type": "Feature", "properties": { "주차장관리번호": "175-4-000181", "주차장명": "한일빌딩주차장", "주차장구분": "민영", "주차장유형": "노외", "소재지도로명주소": "광주광역시 동구 제봉로 27", "소재지지번주소": "광주광역시 동구 학동 67", "주차구획수": "58", "급지구분": "1", "부제시행구분": "미시행", "운영요일": "평일+토요일+공휴일", "평일운영시작시각": "00:00", "평일운영종료시각": "23:59", "토요일운영시작시각": "00:00", "토요일운영종료시각": "23:59", "공휴일운영시작시각": "00:00", "공휴일운영종료시각": "23:59", "요금정보": "유료", "주차기본시간": "30", "주차기본요금": "800", "추가단위시간": null, "추가단위요금": null, "1일주차권요금적용시간": null, "1일주차권요금": null, "월정기권요금": null, "결제방법": null, "특기사항": null, "관리기관명": "광주광역시 동구청", "전화번호": "062-608-2914", "위도": 35.1411286, "경도": 126.9211291, "장애인전용주차구역보유여부": null, "데이터기준일자": "2026-04-16" }, "geometry": { "type": "Point", "coordinates": [ 126.9211291, 35.1411286 ] } },
{ "type": "Feature", "properties": { "주차장관리번호": "175-4-000180", "주차장명": "에스원주차장", "주차장구분": "민영", "주차장유형": "노외", "소재지도로명주소": "광주광역시 동구 문화전당로26번길 6", "소재지지번주소": "광주광역시 동구 남동 33-1", "주차구획수": "50", "급지구분": "1", "부제시행구분": "미시행", "운영요일": "평일+토요일+공휴일", "평일운영시작시각": "00:00", "평일운영종료시각": "23:59", "토요일운영시작시각": "00:00", "토요일운영종료시각": "23:59", "공휴일운영시작시각": "00:00", "공휴일운영종료시각": "23:59", "요금정보": "유료", "주차기본시간": "30", "주차기본요금": "800", "추가단위시간": null, "추가단위요금": null, "1일주차권요금적용시간": null, "1일주차권요금": null, "월정기권요금": null, "결제방법": null, "특기사항": null, "관리기관명": "광주광역시 동구청", "전화번호": "062-608-2914", "위도": 35.14472985, "경도": 126.9202345, "장애인전용주차구역보유여부": null, "데이터기준일자": "2026-04-16" }, "geometry": { "type": "Point", "coordinates": [ 126.9202345, 35.14472985 ] } },
{ "type": "Feature", "properties": { "주차장관리번호": "175-4-000179", "주차장명": "한화생명보험㈜광주사옥", "주차장구분": "민영", "주차장유형": "노외", "소재지도로명주소": "광주광역시 동구 중앙로 223", "소재지지번주소": null, "주차구획수": "119", "급지구분": "1", "부제시행구분": "미시행", "운영요일": "평일+토요일+공휴일", "평일운영시작시각": "00:00", "평일운영종료시각": "23:59", "토요일운영시작시각": "00:00", "토요일운영종료시각": "23:59", "공휴일운영시작시각": "00:00", "공휴일운영종료시각": "23:59", "요금정보": "유료", "주차기본시간": "30", "주차기본요금": "800", "추가단위시간": null, "추가단위요금": null, "1일주차권요금적용시간": null, "1일주차권요금": null, "월정기권요금": null, "결제방법": null, "특기사항": null, "관리기관명": "광주광역시 동구청", "전화번호": "062-608-2914", "위도": 35.15269643, "경도": 126.9180494, "장애인전용주차구역보유여부": null, "데이터기준일자": "2026-04-16" }, "geometry": { "type": "Point", "coordinates": [ 126.9180494, 35.15269643 ] } },
{ "type": "Feature", "properties": { "주차장관리번호": "175-4-000178", "주차장명": "그랜드주차장", "주차장구분": "민영", "주차장유형": "노외", "소재지도로명주소": "광주광역시 동구 서석로 24", "소재지지번주소": "광주광역시 동구 불로동 121", "주차구획수": "31", "급지구분": "1", "부제시행구분": "미시행", "운영요일": "평일+토요일+공휴일", "평일운영시작시각": "00:00", "평일운영종료시각": "23:59", "토요일운영시작시각": "00:00", "토요일운영종료시각": "23:59", "공휴일운영시작시각": "00:00", "공휴일운영종료시각": "23:59", "요금정보": "유료", "주차기본시간": "30", "주차기본요금": "800", "추가단위시간": null, "추가단위요금": null, "1일주차권요금적용시간": null, "1일주차권요금": null, "월정기권요금": null, "결제방법": null, "특기사항": null, "관리기관명": "광주광역시 동구청", "전화번호": "062-608-2914", "위도": 35.14557462, "경도": 126.9165026, "장애인전용주차구역보유여부": null, "데이터기준일자": "2026-04-16" }, "geometry": { "type": "Point", "coordinates": [ 126.9165026, 35.14557462 ] } },
{ "type": "Feature", "properties": { "주차장관리번호": "175-4-000177", "주차장명": "대각주차장", "주차장구분": "민영", "주차장유형": "노외", "소재지도로명주소": null, "소재지지번주소": "광주광역시 동구 대인동 79", "주차구획수": "11", "급지구분": "1", "부제시행구분": "미시행", "운영요일": "평일+토요일+공휴일", "평일운영시작시각": "00:00", "평일운영종료시각": "23:59", "토요일운영시작시각": "00:00", "토요일운영종료시각": "23:59", "공휴일운영시작시각": "00:00", "공휴일운영종료시각": "23:59", "요금정보": "유료", "주차기본시간": "30", "주차기본요금": "800", "추가단위시간": null, "추가단위요금": null, "1일주차권요금적용시간": null, "1일주차권요금": null, "월정기권요금": null, "결제방법": null, "특기사항": null, "관리기관명": "광주광역시 동구청", "전화번호": "062-608-2914", "위도": 35.15333625, "경도": 126.9146474, "장애인전용주차구역보유여부": null, "데이터기준일자": "2026-04-16" }, "geometry": { "type": "Point", "coordinates": [ 126.9146474, 35.15333625 ] } },
{ "type": "Feature", "properties": { "주차장관리번호": "175-4-000174", "주차장명": "미소주차장", "주차장구분": "민영", "주차장유형": "노외", "소재지도로명주소": null, "소재지지번주소": "광주광역시 동구 광산동 79-3", "주차구획수": "14", "급지구분": "1", "부제시행구분": "미시행", "운영요일": "평일+토요일+공휴일", "평일운영시작시각": "00:00", "평일운영종료시각": "23:59", "토요일운영시작시각": "00:00", "토요일운영종료시각": "23:59", "공휴일운영시작시각": "00:00", "공휴일운영종료시각": "23:59", "요금정보": "유료", "주차기본시간": "30", "주차기본요금": "800", "추가단위시간": null, "추가단위요금": null, "1일주차권요금적용시간": null, "1일주차권요금": null, "월정기권요금": null, "결제방법": null, "특기사항": null, "관리기관명": "광주광역시 동구청", "전화번호": "062-608-2914", "위도": 35.14618499, "경도": 126.9180427, "장애인전용주차구역보유여부": null, "데이터기준일자": "2026-04-16" }, "geometry": { "type": "Point", "coordinates": [ 126.9180427, 35.14618499 ] } },
{ "type": "Feature", "properties": { "주차장관리번호": "175-4-000173", "주차장명": "금남전자상가주차장", "주차장구분": "민영", "주차장유형": "노외", "소재지도로명주소": "광주광역시 동구 독립로264번길 12", "소재지지번주소": "광주광역시 동구 금남로5가 1-5", "주차구획수": "76", "급지구분": "1", "부제시행구분": "미시행", "운영요일": "평일+토요일+공휴일", "평일운영시작시각": "00:00", "평일운영종료시각": "23:59", "토요일운영시작시각": "00:00", "토요일운영종료시각": "23:59", "공휴일운영시작시각": "00:00", "공휴일운영종료시각": "23:59", "요금정보": "유료", "주차기본시간": "30", "주차기본요금": "800", "추가단위시간": null, "추가단위요금": null, "1일주차권요금적용시간": null, "1일주차권요금": null, "월정기권요금": null, "결제방법": null, "특기사항": null, "관리기관명": "광주광역시 동구청", "전화번호": "062-608-2914", "위도": 35.15382435, "경도": 126.9120823, "장애인전용주차구역보유여부": null, "데이터기준일자": "2026-04-16" }, "geometry": { "type": "Point", "coordinates": [ 126.9120823, 35.15382435 ] } },
{ "type": "Feature", "properties": { "주차장관리번호": "175-4-000172", "주차장명": "신평주차장", "주차장구분": "민영", "주차장유형": "노외", "소재지도로명주소": null, "소재지지번주소": "광주광역시 동구 호남동 43-13,21", "주차구획수": "8", "급지구분": "1", "부제시행구분": "미시행", "운영요일": "평일+토요일+공휴일", "평일운영시작시각": "00:00", "평일운영종료시각": "23:59", "토요일운영시작시각": "00:00", "토요일운영종료시각": "23:59", "공휴일운영시작시각": "00:00", "공휴일운영종료시각": "23:59", "요금정보": "유료", "주차기본시간": "30", "주차기본요금": "800", "추가단위시간": null, "추가단위요금": null, "1일주차권요금적용시간": null, "1일주차권요금": null, "월정기권요금": null, "결제방법": null, "특기사항": null, "관리기관명": "광주광역시 동구청", "전화번호": "062-608-2914", "위도": 35.14724843, "경도": 126.9124703, "장애인전용주차구역보유여부": null, "데이터기준일자": "2026-04-16" }, "geometry": { "type": "Point", "coordinates": [ 126.9124703, 35.14724843 ] } },
{ "type": "Feature", "properties": { "주차장관리번호": "175-4-000171", "주차장명": "지산주차장", "주차장구분": "민영", "주차장유형": "노외", "소재지도로명주소": "광주광역시 동구 금남로 203", "소재지지번주소": "광주광역시 동구 금남로4가 21", "주차구획수": "29", "급지구분": "1", "부제시행구분": "미시행", "운영요일": "평일+토요일+공휴일", "평일운영시작시각": "00:00", "평일운영종료시각": "23:59", "토요일운영시작시각": "00:00", "토요일운영종료시각": "23:59", "공휴일운영시작시각": "00:00", "공휴일운영종료시각": "23:59", "요금정보": "유료", "주차기본시간": "30", "주차기본요금": "800", "추가단위시간": null, "추가단위요금": null, "1일주차권요금적용시간": null, "1일주차권요금": null, "월정기권요금": null, "결제방법": null, "특기사항": null, "관리기관명": "광주광역시 동구청", "전화번호": "062-608-2914", "위도": 35.15051708, "경도": 126.9155057, "장애인전용주차구역보유여부": null, "데이터기준일자": "2026-04-16" }, "geometry": { "type": "Point", "coordinates": [ 126.9155057, 35.15051708 ] } },
{ "type": "Feature", "properties": { "주차장관리번호": "175-4-000170", "주차장명": "계림주차장", "주차장구분": "민영", "주차장유형": "노외", "소재지도로명주소": null, "소재지지번주소": "광주광역시 동구 계림동 487-20", "주차구획수": "12", "급지구분": "1", "부제시행구분": "미시행", "운영요일": "평일+토요일+공휴일", "평일운영시작시각": "00:00", "평일운영종료시각": "23:59", "토요일운영시작시각": "00:00", "토요일운영종료시각": "23:59", "공휴일운영시작시각": "00:00", "공휴일운영종료시각": "23:59", "요금정보": "유료", "주차기본시간": "30", "주차기본요금": "800", "추가단위시간": null, "추가단위요금": null, "1일주차권요금적용시간": null, "1일주차권요금": null, "월정기권요금": null, "결제방법": null, "특기사항": null, "관리기관명": "광주광역시 동구청", "전화번호": "062-608-2914", "위도": 35.1579839, "경도": 126.9180225, "장애인전용주차구역보유여부": null, "데이터기준일자": "2026-04-16" }, "geometry": { "type": "Point", "coordinates": [ 126.9180225, 35.1579839 ] } },
{ "type": "Feature", "properties": { "주차장관리번호": "175-4-000168", "주차장명": "억만이주차장", "주차장구분": "민영", "주차장유형": "노외", "소재지도로명주소": "광주광역시 동구 중흥로 233", "소재지지번주소": "광주광역시 동구 계림동 577-7", "주차구획수": "14", "급지구분": "1", "부제시행구분": "미시행", "운영요일": "평일+토요일+공휴일", "평일운영시작시각": "00:00", "평일운영종료시각": "23:59", "토요일운영시작시각": "00:00", "토요일운영종료시각": "23:59", "공휴일운영시작시각": "00:00", "공휴일운영종료시각": "23:59", "요금정보": "유료", "주차기본시간": "30", "주차기본요금": "800", "추가단위시간": null, "추가단위요금": null, "1일주차권요금적용시간": null, "1일주차권요금": null, "월정기권요금": null, "결제방법": null, "특기사항": null, "관리기관명": "광주광역시 동구청", "전화번호": "062-608-2914", "위도": 35.15938508, "경도": 126.9188812, "장애인전용주차구역보유여부": null, "데이터기준일자": "2026-04-16" }, "geometry": { "type": "Point", "coordinates": [ 126.9188812, 35.15938508 ] } },
{ "type": "Feature", "properties": { "주차장관리번호": "175-4-000167", "주차장명": "무등주차장", "주차장구분": "민영", "주차장유형": "노외", "소재지도로명주소": "광주광역시 동구 필문대로205번길 19-4", "소재지지번주소": "광주광역시 동구 지산동 712-31", "주차구획수": "8", "급지구분": "1", "부제시행구분": "미시행", "운영요일": "평일+토요일+공휴일", "평일운영시작시각": "00:00", "평일운영종료시각": "23:59", "토요일운영시작시각": "00:00", "토요일운영종료시각": "23:59", "공휴일운영시작시각": "00:00", "공휴일운영종료시각": "23:59", "요금정보": "유료", "주차기본시간": "30", "주차기본요금": "800", "추가단위시간": null, "추가단위요금": null, "1일주차권요금적용시간": null, "1일주차권요금": null, "월정기권요금": null, "결제방법": null, "특기사항": null, "관리기관명": "광주광역시 동구청", "전화번호": "062-608-2914", "위도": 35.15212524, "경도": 126.9331862, "장애인전용주차구역보유여부": null, "데이터기준일자": "2026-04-16" }, "geometry": { "type": "Point", "coordinates": [ 126.9331862, 35.15212524 ] } },
{ "type": "Feature", "properties": { "주차장관리번호": "175-4-000166", "주차장명": "금일주차장", "주차장구분": "민영", "주차장유형": "노외", "소재지도로명주소": "광주광역시 동구 동명로110번길 6", "소재지지번주소": "광주광역시 동구 지산동 717-35", "주차구획수": "10", "급지구분": "1", "부제시행구분": "미시행", "운영요일": "평일+토요일+공휴일", "평일운영시작시각": "00:00", "평일운영종료시각": "23:59", "토요일운영시작시각": "00:00", "토요일운영종료시각": "23:59", "공휴일운영시작시각": "00:00", "공휴일운영종료시각": "23:59", "요금정보": "유료", "주차기본시간": "30", "주차기본요금": "800", "추가단위시간": null, "추가단위요금": null, "1일주차권요금적용시간": null, "1일주차권요금": null, "월정기권요금": null, "결제방법": null, "특기사항": null, "관리기관명": "광주광역시 동구청", "전화번호": "062-608-2914", "위도": 35.15026431, "경도": 126.9322395, "장애인전용주차구역보유여부": null, "데이터기준일자": "2026-04-16" }, "geometry": { "type": "Point", "coordinates": [ 126.9322395, 35.15026431 ] } },
{ "type": "Feature", "properties": { "주차장관리번호": "175-4-000165", "주차장명": "동명주차장", "주차장구분": "민영", "주차장유형": "노외", "소재지도로명주소": null, "소재지지번주소": "광주광역시 동구 동명동 245-16", "주차구획수": "36", "급지구분": "1", "부제시행구분": "미시행", "운영요일": "평일+토요일+공휴일", "평일운영시작시각": "00:00", "평일운영종료시각": "23:59", "토요일운영시작시각": "00:00", "토요일운영종료시각": "23:59", "공휴일운영시작시각": "00:00", "공휴일운영종료시각": "23:59", "요금정보": "유료", "주차기본시간": "30", "주차기본요금": "800", "추가단위시간": null, "추가단위요금": null, "1일주차권요금적용시간": null, "1일주차권요금": null, "월정기권요금": null, "결제방법": null, "특기사항": null, "관리기관명": "광주광역시 동구청", "전화번호": "062-608-2914", "위도": 35.1538738, "경도": 126.9202349, "장애인전용주차구역보유여부": null, "데이터기준일자": "2026-04-16" }, "geometry": { "type": "Point", "coordinates": [ 126.9202349, 35.1538738 ] } },
{ "type": "Feature", "properties": { "주차장관리번호": "175-4-000164", "주차장명": "현대주차장", "주차장구분": "민영", "주차장유형": "노외", "소재지도로명주소": "광주광역시 동구 동명로110번길 2", "소재지지번주소": "광주광역시 동구 지산동 717-20", "주차구획수": "10", "급지구분": "1", "부제시행구분": "미시행", "운영요일": "평일+토요일+공휴일", "평일운영시작시각": "00:00", "평일운영종료시각": "23:59", "토요일운영시작시각": "00:00", "토요일운영종료시각": "23:59", "공휴일운영시작시각": "00:00", "공휴일운영종료시각": "23:59", "요금정보": "유료", "주차기본시간": "30", "주차기본요금": "800", "추가단위시간": null, "추가단위요금": null, "1일주차권요금적용시간": null, "1일주차권요금": null, "월정기권요금": null, "결제방법": null, "특기사항": null, "관리기관명": "광주광역시 동구청", "전화번호": "062-608-2914", "위도": 35.15052391, "경도": 126.9322525, "장애인전용주차구역보유여부": null, "데이터기준일자": "2026-04-16" }, "geometry": { "type": "Point", "coordinates": [ 126.9322525, 35.15052391 ] } },
{ "type": "Feature", "properties": { "주차장관리번호": "175-4-000193", "주차장명": "지산주차장", "주차장구분": "민영", "주차장유형": "노외", "소재지도로명주소": null, "소재지지번주소": "광주광역시 동구 지산동 716-31,32,33,37", "주차구획수": "16", "급지구분": "1", "부제시행구분": "미시행", "운영요일": "평일+토요일+공휴일", "평일운영시작시각": "00:00", "평일운영종료시각": "23:59", "토요일운영시작시각": "00:00", "토요일운영종료시각": "23:59", "공휴일운영시작시각": "00:00", "공휴일운영종료시각": "23:59", "요금정보": "유료", "주차기본시간": "30", "주차기본요금": "800", "추가단위시간": null, "추가단위요금": null, "1일주차권요금적용시간": null, "1일주차권요금": null, "월정기권요금": null, "결제방법": null, "특기사항": null, "관리기관명": "광주광역시 동구청", "전화번호": "062-608-2914", "위도": 35.14988894, "경도": 126.9318118, "장애인전용주차구역보유여부": null, "데이터기준일자": "2026-04-16" }, "geometry": { "type": "Point", "coordinates": [ 126.9318118, 35.14988894 ] } },
{ "type": "Feature", "properties": { "주차장관리번호": "175-4-000191", "주차장명": "계8주차장", "주차장구분": "민영", "주차장유형": "노외", "소재지도로명주소": null, "소재지지번주소": "광주광역시 동구 계림동 489-15", "주차구획수": "16", "급지구분": "1", "부제시행구분": "미시행", "운영요일": "평일+토요일+공휴일", "평일운영시작시각": "00:00", "평일운영종료시각": "23:59", "토요일운영시작시각": "00:00", "토요일운영종료시각": "23:59", "공휴일운영시작시각": "00:00", "공휴일운영종료시각": "23:59", "요금정보": "유료", "주차기본시간": "30", "주차기본요금": "800", "추가단위시간": null, "추가단위요금": null, "1일주차권요금적용시간": null, "1일주차권요금": null, "월정기권요금": null, "결제방법": null, "특기사항": null, "관리기관명": "광주광역시 동구청", "전화번호": "062-608-2914", "위도": 35.15763804, "경도": 126.9168548, "장애인전용주차구역보유여부": null, "데이터기준일자": "2026-04-16" }, "geometry": { "type": "Point", "coordinates": [ 126.9168548, 35.15763804 ] } },
{ "type": "Feature", "properties": { "주차장관리번호": "175-4-000190", "주차장명": "도원주차장", "주차장구분": "민영", "주차장유형": "노외", "소재지도로명주소": null, "소재지지번주소": "광주광역시 동구 서석동 91", "주차구획수": "16", "급지구분": "1", "부제시행구분": "미시행", "운영요일": "평일+토요일+공휴일", "평일운영시작시각": "00:00", "평일운영종료시각": "23:59", "토요일운영시작시각": "00:00", "토요일운영종료시각": "23:59", "공휴일운영시작시각": "00:00", "공휴일운영종료시각": "23:59", "요금정보": "유료", "주차기본시간": "30", "주차기본요금": "800", "추가단위시간": null, "추가단위요금": null, "1일주차권요금적용시간": null, "1일주차권요금": null, "월정기권요금": null, "결제방법": null, "특기사항": null, "관리기관명": "광주광역시 동구청", "전화번호": "062-608-2914", "위도": 35.14528635, "경도": 126.9221741, "장애인전용주차구역보유여부": null, "데이터기준일자": "2026-04-16" }, "geometry": { "type": "Point", "coordinates": [ 126.9221741, 35.14528635 ] } },
{ "type": "Feature", "properties": { "주차장관리번호": "175-4-000189", "주차장명": "현대주차장", "주차장구분": "민영", "주차장유형": "노외", "소재지도로명주소": "광주광역시 동구 백서로 129", "소재지지번주소": "광주광역시 동구 금동 184", "주차구획수": "18", "급지구분": "1", "부제시행구분": "미시행", "운영요일": "평일+토요일+공휴일", "평일운영시작시각": "00:00", "평일운영종료시각": "23:59", "토요일운영시작시각": "00:00", "토요일운영종료시각": "23:59", "공휴일운영시작시각": "00:00", "공휴일운영종료시각": "23:59", "요금정보": "유료", "주차기본시간": "30", "주차기본요금": "800", "추가단위시간": null, "추가단위요금": null, "1일주차권요금적용시간": null, "1일주차권요금": null, "월정기권요금": null, "결제방법": null, "특기사항": null, "관리기관명": "광주광역시 동구청", "전화번호": "062-608-2914", "위도": 35.14215143, "경도": 126.9194382, "장애인전용주차구역보유여부": null, "데이터기준일자": "2026-04-16" }, "geometry": { "type": "Point", "coordinates": [ 126.9194382, 35.14215143 ] } },
{ "type": "Feature", "properties": { "주차장관리번호": "175-4-000188", "주차장명": "금정주차장", "주차장구분": "민영", "주차장유형": "노외", "소재지도로명주소": "광주광역시 동구 지산로78번길 11", "소재지지번주소": "광주광역시 동구 지산동 342-64", "주차구획수": "8", "급지구분": "1", "부제시행구분": "미시행", "운영요일": "평일+토요일+공휴일", "평일운영시작시각": "00:00", "평일운영종료시각": "23:59", "토요일운영시작시각": "00:00", "토요일운영종료시각": "23:59", "공휴일운영시작시각": "00:00", "공휴일운영종료시각": "23:59", "요금정보": "유료", "주차기본시간": "30", "주차기본요금": "800", "추가단위시간": null, "추가단위요금": null, "1일주차권요금적용시간": null, "1일주차권요금": null, "월정기권요금": null, "결제방법": null, "특기사항": null, "관리기관명": "광주광역시 동구청", "전화번호": "062-608-2914", "위도": 35.15106195, "경도": 126.933749, "장애인전용주차구역보유여부": null, "데이터기준일자": "2026-04-16" }, "geometry": { "type": "Point", "coordinates": [ 126.933749, 35.15106195 ] } },
{ "type": "Feature", "properties": { "주차장관리번호": "175-4-000187", "주차장명": "동진주차장", "주차장구분": "민영", "주차장유형": "노외", "소재지도로명주소": null, "소재지지번주소": "광주광역시 동구 불로동 181-3", "주차구획수": "6", "급지구분": "1", "부제시행구분": "미시행", "운영요일": "평일+토요일+공휴일", "평일운영시작시각": "00:00", "평일운영종료시각": "23:59", "토요일운영시작시각": "00:00", "토요일운영종료시각": "23:59", "공휴일운영시작시각": "00:00", "공휴일운영종료시각": "23:59", "요금정보": "유료", "주차기본시간": "30", "주차기본요금": "800", "추가단위시간": null, "추가단위요금": null, "1일주차권요금적용시간": null, "1일주차권요금": null, "월정기권요금": null, "결제방법": null, "특기사항": null, "관리기관명": "광주광역시 동구청", "전화번호": "062-608-2914", "위도": 35.14450907, "경도": 126.9150943, "장애인전용주차구역보유여부": null, "데이터기준일자": "2026-04-16" }, "geometry": { "type": "Point", "coordinates": [ 126.9150943, 35.14450907 ] } },
{ "type": "Feature", "properties": { "주차장관리번호": "175-4-000121", "주차장명": "뉴경마주차장", "주차장구분": "민영", "주차장유형": "노외", "소재지도로명주소": "광주광역시 동구 중흥로 229", "소재지지번주소": "광주광역시 동구 계림동 577-8", "주차구획수": "14", "급지구분": "1", "부제시행구분": "미시행", "운영요일": "평일+토요일+공휴일", "평일운영시작시각": "00:00", "평일운영종료시각": "23:59", "토요일운영시작시각": "00:00", "토요일운영종료시각": "23:59", "공휴일운영시작시각": "00:00", "공휴일운영종료시각": "23:59", "요금정보": "유료", "주차기본시간": "30", "주차기본요금": "800", "추가단위시간": null, "추가단위요금": null, "1일주차권요금적용시간": null, "1일주차권요금": null, "월정기권요금": null, "결제방법": null, "특기사항": null, "관리기관명": "광주광역시 동구청", "전화번호": "062-608-2914", "위도": 35.15951827, "경도": 126.9185737, "장애인전용주차구역보유여부": null, "데이터기준일자": "2026-04-16" }, "geometry": { "type": "Point", "coordinates": [ 126.9185737, 35.15951827 ] } },
{ "type": "Feature", "properties": { "주차장관리번호": "175-4-000120", "주차장명": "우진주차장", "주차장구분": "민영", "주차장유형": "노외", "소재지도로명주소": "광주광역시 동구 백서로125번길 8", "소재지지번주소": "광주광역시 동구 금동 187-2", "주차구획수": "7", "급지구분": "1", "부제시행구분": "미시행", "운영요일": "평일+토요일+공휴일", "평일운영시작시각": "00:00", "평일운영종료시각": "23:59", "토요일운영시작시각": "00:00", "토요일운영종료시각": "23:59", "공휴일운영시작시각": "00:00", "공휴일운영종료시각": "23:59", "요금정보": "유료", "주차기본시간": "30", "주차기본요금": "800", "추가단위시간": null, "추가단위요금": null, "1일주차권요금적용시간": null, "1일주차권요금": null, "월정기권요금": null, "결제방법": null, "특기사항": null, "관리기관명": "광주광역시 동구청", "전화번호": "062-608-2914", "위도": 35.14256932, "경도": 126.9189242, "장애인전용주차구역보유여부": null, "데이터기준일자": "2026-04-16" }, "geometry": { "type": "Point", "coordinates": [ 126.9189242, 35.14256932 ] } },
{ "type": "Feature", "properties": { "주차장관리번호": "175-4-000119", "주차장명": "일성주차장", "주차장구분": "민영", "주차장유형": "노외", "소재지도로명주소": "광주광역시 동구 구성로152번길 17", "소재지지번주소": "광주광역시 동구 충장로4가 56-4", "주차구획수": "10", "급지구분": "1", "부제시행구분": "미시행", "운영요일": "평일+토요일+공휴일", "평일운영시작시각": "00:00", "평일운영종료시각": "23:59", "토요일운영시작시각": "00:00", "토요일운영종료시각": "23:59", "공휴일운영시작시각": "00:00", "공휴일운영종료시각": "23:59", "요금정보": "유료", "주차기본시간": "30", "주차기본요금": "800", "추가단위시간": null, "추가단위요금": null, "1일주차권요금적용시간": null, "1일주차권요금": null, "월정기권요금": null, "결제방법": null, "특기사항": null, "관리기관명": "광주광역시 동구청", "전화번호": "062-608-2914", "위도": 35.1491843, "경도": 126.912298, "장애인전용주차구역보유여부": null, "데이터기준일자": "2026-04-16" }, "geometry": { "type": "Point", "coordinates": [ 126.912298, 35.1491843 ] } },
{ "type": "Feature", "properties": { "주차장관리번호": "175-4-000118", "주차장명": "월드주차장", "주차장구분": "민영", "주차장유형": "노외", "소재지도로명주소": "광주광역시 동구 동명로 48-1", "소재지지번주소": "광주광역시 동구 동명동 159-10", "주차구획수": "10", "급지구분": "1", "부제시행구분": "미시행", "운영요일": "평일+토요일+공휴일", "평일운영시작시각": "00:00", "평일운영종료시각": "23:59", "토요일운영시작시각": "00:00", "토요일운영종료시각": "23:59", "공휴일운영시작시각": "00:00", "공휴일운영종료시각": "23:59", "요금정보": "유료", "주차기본시간": "30", "주차기본요금": "800", "추가단위시간": null, "추가단위요금": null, "1일주차권요금적용시간": null, "1일주차권요금": null, "월정기권요금": null, "결제방법": null, "특기사항": null, "관리기관명": "광주광역시 동구청", "전화번호": "062-608-2914", "위도": 35.15121236, "경도": 126.9257769, "장애인전용주차구역보유여부": null, "데이터기준일자": "2026-04-16" }, "geometry": { "type": "Point", "coordinates": [ 126.9257769, 35.15121236 ] } },
{ "type": "Feature", "properties": { "주차장관리번호": "175-4-000117", "주차장명": "평화주차장", "주차장구분": "민영", "주차장유형": "노외", "소재지도로명주소": "광주광역시 동구 구성로 277", "소재지지번주소": "광주광역시 동구 계림동 179-5", "주차구획수": "30", "급지구분": "1", "부제시행구분": "미시행", "운영요일": "평일+토요일+공휴일", "평일운영시작시각": "00:00", "평일운영종료시각": "23:59", "토요일운영시작시각": "00:00", "토요일운영종료시각": "23:59", "공휴일운영시작시각": "00:00", "공휴일운영종료시각": "23:59", "요금정보": "유료", "주차기본시간": "30", "주차기본요금": "800", "추가단위시간": null, "추가단위요금": null, "1일주차권요금적용시간": null, "1일주차권요금": null, "월정기권요금": null, "결제방법": null, "특기사항": null, "관리기관명": "광주광역시 동구청", "전화번호": "062-608-2914", "위도": 35.15861067, "경도": 126.9200366, "장애인전용주차구역보유여부": null, "데이터기준일자": "2026-04-16" }, "geometry": { "type": "Point", "coordinates": [ 126.9200366, 35.15861067 ] } },
{ "type": "Feature", "properties": { "주차장관리번호": "175-4-000116", "주차장명": "시네마주차장", "주차장구분": "민영", "주차장유형": "노외", "소재지도로명주소": "광주광역시 동구 충장로 46번길 14", "소재지지번주소": null, "주차구획수": "79", "급지구분": "1", "부제시행구분": "미시행", "운영요일": "평일+토요일+공휴일", "평일운영시작시각": "00:00", "평일운영종료시각": "23:59", "토요일운영시작시각": "00:00", "토요일운영종료시각": "23:59", "공휴일운영시작시각": "00:00", "공휴일운영종료시각": "23:59", "요금정보": "유료", "주차기본시간": "30", "주차기본요금": "800", "추가단위시간": null, "추가단위요금": null, "1일주차권요금적용시간": null, "1일주차권요금": null, "월정기권요금": null, "결제방법": null, "특기사항": null, "관리기관명": "광주광역시 동구청", "전화번호": "062-608-2914", "위도": 35.14972498, "경도": 126.9121086, "장애인전용주차구역보유여부": null, "데이터기준일자": "2026-04-16" }, "geometry": { "type": "Point", "coordinates": [ 126.9121086, 35.14972498 ] } },
{ "type": "Feature", "properties": { "주차장관리번호": "175-4-000115", "주차장명": "정암주차장", "주차장구분": "민영", "주차장유형": "노외", "소재지도로명주소": null, "소재지지번주소": "광주광역시 동구 지산동 709-19", "주차구획수": "15", "급지구분": "1", "부제시행구분": "미시행", "운영요일": "평일+토요일+공휴일", "평일운영시작시각": "00:00", "평일운영종료시각": "23:59", "토요일운영시작시각": "00:00", "토요일운영종료시각": "23:59", "공휴일운영시작시각": "00:00", "공휴일운영종료시각": "23:59", "요금정보": "유료", "주차기본시간": "30", "주차기본요금": "800", "추가단위시간": null, "추가단위요금": null, "1일주차권요금적용시간": null, "1일주차권요금": null, "월정기권요금": null, "결제방법": null, "특기사항": null, "관리기관명": "광주광역시 동구청", "전화번호": "062-608-2914", "위도": 35.14914749, "경도": 126.9339815, "장애인전용주차구역보유여부": null, "데이터기준일자": "2026-04-16" }, "geometry": { "type": "Point", "coordinates": [ 126.9339815, 35.14914749 ] } },
{ "type": "Feature", "properties": { "주차장관리번호": "175-4-000114", "주차장명": "경마주차장", "주차장구분": "민영", "주차장유형": "노외", "소재지도로명주소": null, "소재지지번주소": "광주광역시 동구 계림동 296-7, 464-9", "주차구획수": "14", "급지구분": "1", "부제시행구분": "미시행", "운영요일": "평일+토요일+공휴일", "평일운영시작시각": "00:00", "평일운영종료시각": "23:59", "토요일운영시작시각": "00:00", "토요일운영종료시각": "23:59", "공휴일운영시작시각": "00:00", "공휴일운영종료시각": "23:59", "요금정보": "유료", "주차기본시간": "30", "주차기본요금": "800", "추가단위시간": null, "추가단위요금": null, "1일주차권요금적용시간": null, "1일주차권요금": null, "월정기권요금": null, "결제방법": null, "특기사항": null, "관리기관명": "광주광역시 동구청", "전화번호": "062-608-2914", "위도": 35.15627386, "경도": 126.9188612, "장애인전용주차구역보유여부": null, "데이터기준일자": "2026-04-16" }, "geometry": { "type": "Point", "coordinates": [ 126.9188612, 35.15627386 ] } },
{ "type": "Feature", "properties": { "주차장관리번호": "175-4-000113", "주차장명": "삼성주차장", "주차장구분": "민영", "주차장유형": "노외", "소재지도로명주소": "광주광역시 동구 서석로 31-3", "소재지지번주소": "광주광역시 동구 황금동 78-21", "주차구획수": "16", "급지구분": "1", "부제시행구분": "미시행", "운영요일": "평일+토요일+공휴일", "평일운영시작시각": "00:00", "평일운영종료시각": "23:59", "토요일운영시작시각": "00:00", "토요일운영종료시각": "23:59", "공휴일운영시작시각": "00:00", "공휴일운영종료시각": "23:59", "요금정보": "유료", "주차기본시간": "30", "주차기본요금": "800", "추가단위시간": null, "추가단위요금": null, "1일주차권요금적용시간": null, "1일주차권요금": null, "월정기권요금": null, "결제방법": null, "특기사항": null, "관리기관명": "광주광역시 동구청", "전화번호": "062-608-2914", "위도": 35.14633577, "경도": 126.9170944, "장애인전용주차구역보유여부": null, "데이터기준일자": "2026-04-16" }, "geometry": { "type": "Point", "coordinates": [ 126.9170944, 35.14633577 ] } },
{ "type": "Feature", "properties": { "주차장관리번호": "175-4-000142", "주차장명": "프렌드주차장", "주차장구분": "민영", "주차장유형": "노외", "소재지도로명주소": null, "소재지지번주소": "광주광역시 동구 지산동 709-38", "주차구획수": "9", "급지구분": "1", "부제시행구분": "미시행", "운영요일": "평일+토요일+공휴일", "평일운영시작시각": "00:00", "평일운영종료시각": "23:59", "토요일운영시작시각": "00:00", "토요일운영종료시각": "23:59", "공휴일운영시작시각": "00:00", "공휴일운영종료시각": "23:59", "요금정보": "유료", "주차기본시간": "30", "주차기본요금": "800", "추가단위시간": null, "추가단위요금": null, "1일주차권요금적용시간": null, "1일주차권요금": null, "월정기권요금": null, "결제방법": null, "특기사항": null, "관리기관명": "광주광역시 동구청", "전화번호": "062-608-2914", "위도": 35.1490002, "경도": 126.9367209, "장애인전용주차구역보유여부": null, "데이터기준일자": "2026-04-16" }, "geometry": { "type": "Point", "coordinates": [ 126.9367209, 35.1490002 ] } },
{ "type": "Feature", "properties": { "주차장관리번호": "175-4-000141", "주차장명": "다촌주차장", "주차장구분": "민영", "주차장유형": "노외", "소재지도로명주소": null, "소재지지번주소": "광주광역시 동구 광산동 100-36", "주차구획수": "28", "급지구분": "1", "부제시행구분": "미시행", "운영요일": "평일+토요일+공휴일", "평일운영시작시각": "00:00", "평일운영종료시각": "23:59", "토요일운영시작시각": "00:00", "토요일운영종료시각": "23:59", "공휴일운영시작시각": "00:00", "공휴일운영종료시각": "23:59", "요금정보": "유료", "주차기본시간": "30", "주차기본요금": "800", "추가단위시간": null, "추가단위요금": null, "1일주차권요금적용시간": null, "1일주차권요금": null, "월정기권요금": null, "결제방법": null, "특기사항": null, "관리기관명": "광주광역시 동구청", "전화번호": "062-608-2914", "위도": 35.14591128, "경도": 126.9184907, "장애인전용주차구역보유여부": null, "데이터기준일자": "2026-04-16" }, "geometry": { "type": "Point", "coordinates": [ 126.9184907, 35.14591128 ] } },
{ "type": "Feature", "properties": { "주차장관리번호": "175-4-000141", "주차장명": "금호주차장", "주차장구분": "민영", "주차장유형": "노외", "소재지도로명주소": null, "소재지지번주소": "광주광역시 동구 충장로5가 100-6", "주차구획수": "18", "급지구분": "1", "부제시행구분": "미시행", "운영요일": "평일+토요일+공휴일", "평일운영시작시각": "00:00", "평일운영종료시각": "23:59", "토요일운영시작시각": "00:00", "토요일운영종료시각": "23:59", "공휴일운영시작시각": "00:00", "공휴일운영종료시각": "23:59", "요금정보": "유료", "주차기본시간": "30", "주차기본요금": "800", "추가단위시간": null, "추가단위요금": null, "1일주차권요금적용시간": null, "1일주차권요금": null, "월정기권요금": null, "결제방법": null, "특기사항": null, "관리기관명": "광주광역시 동구청", "전화번호": "062-608-2914", "위도": 35.1525102, "경도": 126.9089751, "장애인전용주차구역보유여부": null, "데이터기준일자": "2026-04-16" }, "geometry": { "type": "Point", "coordinates": [ 126.9089751, 35.1525102 ] } },
{ "type": "Feature", "properties": { "주차장관리번호": "175-4-000140", "주차장명": "글로벌주차장", "주차장구분": "민영", "주차장유형": "노외", "소재지도로명주소": null, "소재지지번주소": "광주광역시 동구 금남로 5가 6-2", "주차구획수": "40", "급지구분": "1", "부제시행구분": "미시행", "운영요일": "평일+토요일+공휴일", "평일운영시작시각": "00:00", "평일운영종료시각": "23:59", "토요일운영시작시각": "00:00", "토요일운영종료시각": "23:59", "공휴일운영시작시각": "00:00", "공휴일운영종료시각": "23:59", "요금정보": "유료", "주차기본시간": "30", "주차기본요금": "800", "추가단위시간": null, "추가단위요금": null, "1일주차권요금적용시간": null, "1일주차권요금": null, "월정기권요금": null, "결제방법": null, "특기사항": null, "관리기관명": "광주광역시 동구청", "전화번호": "062-608-2914", "위도": 35.15385288, "경도": 126.9112194, "장애인전용주차구역보유여부": null, "데이터기준일자": "2026-04-16" }, "geometry": { "type": "Point", "coordinates": [ 126.9112194, 35.15385288 ] } },
{ "type": "Feature", "properties": { "주차장관리번호": "175-4-000140", "주차장명": "매일주차장", "주차장구분": "민영", "주차장유형": "노외", "소재지도로명주소": "광주광역시 동구 구성로194번길 3", "소재지지번주소": "광주광역시 동구 대인동85", "주차구획수": "20", "급지구분": "1", "부제시행구분": "미시행", "운영요일": "평일+토요일+공휴일", "평일운영시작시각": "00:00", "평일운영종료시각": "23:59", "토요일운영시작시각": "00:00", "토요일운영종료시각": "23:59", "공휴일운영시작시각": "00:00", "공휴일운영종료시각": "23:59", "요금정보": "유료", "주차기본시간": "30", "주차기본요금": "800", "추가단위시간": null, "추가단위요금": null, "1일주차권요금적용시간": null, "1일주차권요금": null, "월정기권요금": null, "결제방법": null, "특기사항": null, "관리기관명": "광주광역시 동구청", "전화번호": "062-608-2914", "위도": 35.15284518, "경도": 126.9141817, "장애인전용주차구역보유여부": null, "데이터기준일자": "2026-04-16" }, "geometry": { "type": "Point", "coordinates": [ 126.9141817, 35.15284518 ] } },
{ "type": "Feature", "properties": { "주차장관리번호": "175-4-000139", "주차장명": "남도주차장", "주차장구분": "민영", "주차장유형": "노외", "소재지도로명주소": null, "소재지지번주소": "광주광역시 동구 계림동277-1", "주차구획수": "80", "급지구분": "1", "부제시행구분": "미시행", "운영요일": "평일+토요일+공휴일", "평일운영시작시각": "00:00", "평일운영종료시각": "23:59", "토요일운영시작시각": "00:00", "토요일운영종료시각": "23:59", "공휴일운영시작시각": "00:00", "공휴일운영종료시각": "23:59", "요금정보": "유료", "주차기본시간": "30", "주차기본요금": "800", "추가단위시간": null, "추가단위요금": null, "1일주차권요금적용시간": null, "1일주차권요금": null, "월정기권요금": null, "결제방법": null, "특기사항": null, "관리기관명": "광주광역시 동구청", "전화번호": "062-608-2914", "위도": 35.15671899, "경도": 126.919815, "장애인전용주차구역보유여부": null, "데이터기준일자": "2026-04-16" }, "geometry": { "type": "Point", "coordinates": [ 126.919815, 35.15671899 ] } },
{ "type": "Feature", "properties": { "주차장관리번호": "175-4-000138", "주차장명": "전대주차장", "주차장구분": "민영", "주차장유형": "노외", "소재지도로명주소": "광주광역시 동구 백서로 134-1", "소재지지번주소": "광주광역시 동구 학동 118", "주차구획수": "11", "급지구분": "1", "부제시행구분": "미시행", "운영요일": "평일+토요일+공휴일", "평일운영시작시각": "00:00", "평일운영종료시각": "23:59", "토요일운영시작시각": "00:00", "토요일운영종료시각": "23:59", "공휴일운영시작시각": "00:00", "공휴일운영종료시각": "23:59", "요금정보": "유료", "주차기본시간": "30", "주차기본요금": "800", "추가단위시간": null, "추가단위요금": null, "1일주차권요금적용시간": null, "1일주차권요금": null, "월정기권요금": null, "결제방법": null, "특기사항": null, "관리기관명": "광주광역시 동구청", "전화번호": "062-608-2914", "위도": 35.14211952, "경도": 126.9202459, "장애인전용주차구역보유여부": null, "데이터기준일자": "2026-04-16" }, "geometry": { "type": "Point", "coordinates": [ 126.9202459, 35.14211952 ] } },
{ "type": "Feature", "properties": { "주차장관리번호": "175-4-000137", "주차장명": "순창주차장", "주차장구분": "민영", "주차장유형": "노외", "소재지도로명주소": "광주광역시 동구 서석로7번길 4", "소재지지번주소": "광주광역시 동구 불로동 100-4", "주차구획수": "8", "급지구분": "1", "부제시행구분": "미시행", "운영요일": "평일+토요일+공휴일", "평일운영시작시각": "00:00", "평일운영종료시각": "23:59", "토요일운영시작시각": "00:00", "토요일운영종료시각": "23:59", "공휴일운영시작시각": "00:00", "공휴일운영종료시각": "23:59", "요금정보": "유료", "주차기본시간": "30", "주차기본요금": "800", "추가단위시간": null, "추가단위요금": null, "1일주차권요금적용시간": null, "1일주차권요금": null, "월정기권요금": null, "결제방법": null, "특기사항": null, "관리기관명": "광주광역시 동구청", "전화번호": "062-608-2914", "위도": 35.1454581, "경도": 126.9148523, "장애인전용주차구역보유여부": null, "데이터기준일자": "2026-04-16" }, "geometry": { "type": "Point", "coordinates": [ 126.9148523, 35.1454581 ] } },
{ "type": "Feature", "properties": { "주차장관리번호": "175-4-000136", "주차장명": "수련주차장", "주차장구분": "민영", "주차장유형": "노외", "소재지도로명주소": "광주광역시 동구 경양로 387", "소재지지번주소": "광주광역시 동구 산수동 553-105", "주차구획수": "14", "급지구분": "1", "부제시행구분": "미시행", "운영요일": "평일+토요일+공휴일", "평일운영시작시각": "00:00", "평일운영종료시각": "23:59", "토요일운영시작시각": "00:00", "토요일운영종료시각": "23:59", "공휴일운영시작시각": "00:00", "공휴일운영종료시각": "23:59", "요금정보": "유료", "주차기본시간": "30", "주차기본요금": "800", "추가단위시간": null, "추가단위요금": null, "1일주차권요금적용시간": null, "1일주차권요금": null, "월정기권요금": null, "결제방법": null, "특기사항": null, "관리기관명": "광주광역시 동구청", "전화번호": "062-608-2914", "위도": 35.15466239, "경도": 126.9312525, "장애인전용주차구역보유여부": null, "데이터기준일자": "2026-04-16" }, "geometry": { "type": "Point", "coordinates": [ 126.9312525, 35.15466239 ] } },
{ "type": "Feature", "properties": { "주차장관리번호": "175-4-000135", "주차장명": "남도주차장", "주차장구분": "민영", "주차장유형": "노외", "소재지도로명주소": "광주광역시 동구 문화전당로35번길 35-1", "소재지지번주소": "광주광역시 동구 금동 47-7", "주차구획수": "28", "급지구분": "1", "부제시행구분": "미시행", "운영요일": "평일+토요일+공휴일", "평일운영시작시각": "00:00", "평일운영종료시각": "23:59", "토요일운영시작시각": "00:00", "토요일운영종료시각": "23:59", "공휴일운영시작시각": "00:00", "공휴일운영종료시각": "23:59", "요금정보": "유료", "주차기본시간": "30", "주차기본요금": "800", "추가단위시간": null, "추가단위요금": null, "1일주차권요금적용시간": null, "1일주차권요금": null, "월정기권요금": null, "결제방법": null, "특기사항": null, "관리기관명": "광주광역시 동구청", "전화번호": "062-608-2914", "위도": 35.14418236, "경도": 126.9157052, "장애인전용주차구역보유여부": null, "데이터기준일자": "2026-04-16" }, "geometry": { "type": "Point", "coordinates": [ 126.9157052, 35.14418236 ] } },
{ "type": "Feature", "properties": { "주차장관리번호": "175-4-000134", "주차장명": "남동주차장", "주차장구분": "민영", "주차장유형": "노외", "소재지도로명주소": null, "소재지지번주소": "광주광역시 동구 금동 40,41,42", "주차구획수": "42", "급지구분": "1", "부제시행구분": "미시행", "운영요일": "평일+토요일+공휴일", "평일운영시작시각": "00:00", "평일운영종료시각": "23:59", "토요일운영시작시각": "00:00", "토요일운영종료시각": "23:59", "공휴일운영시작시각": "00:00", "공휴일운영종료시각": "23:59", "요금정보": "유료", "주차기본시간": "30", "주차기본요금": "800", "추가단위시간": null, "추가단위요금": null, "1일주차권요금적용시간": null, "1일주차권요금": null, "월정기권요금": null, "결제방법": null, "특기사항": null, "관리기관명": "광주광역시 동구청", "전화번호": "062-608-2914", "위도": 35.14395607, "경도": 126.9162898, "장애인전용주차구역보유여부": null, "데이터기준일자": "2026-04-16" }, "geometry": { "type": "Point", "coordinates": [ 126.9162898, 35.14395607 ] } },
{ "type": "Feature", "properties": { "주차장관리번호": "175-4-000133", "주차장명": "금정주차장", "주차장구분": "민영", "주차장유형": "노외", "소재지도로명주소": "광주광역시 동구 지산로78번길 11", "소재지지번주소": "광주광역시 동구 지산동 342-64", "주차구획수": "6", "급지구분": "1", "부제시행구분": "미시행", "운영요일": "평일+토요일+공휴일", "평일운영시작시각": "00:00", "평일운영종료시각": "23:59", "토요일운영시작시각": "00:00", "토요일운영종료시각": "23:59", "공휴일운영시작시각": "00:00", "공휴일운영종료시각": "23:59", "요금정보": "유료", "주차기본시간": "30", "주차기본요금": "800", "추가단위시간": null, "추가단위요금": null, "1일주차권요금적용시간": null, "1일주차권요금": null, "월정기권요금": null, "결제방법": null, "특기사항": null, "관리기관명": "광주광역시 동구청", "전화번호": "062-608-2914", "위도": 35.15106195, "경도": 126.933749, "장애인전용주차구역보유여부": null, "데이터기준일자": "2026-04-16" }, "geometry": { "type": "Point", "coordinates": [ 126.933749, 35.15106195 ] } },
{ "type": "Feature", "properties": { "주차장관리번호": "175-4-000131", "주차장명": "광주주차장", "주차장구분": "민영", "주차장유형": "노외", "소재지도로명주소": "광주광역시 동구 서석로85번길 8-7", "소재지지번주소": "광주광역시 동구 대의동 3", "주차구획수": "22", "급지구분": "1", "부제시행구분": "미시행", "운영요일": "평일+토요일+공휴일", "평일운영시작시각": "00:00", "평일운영종료시각": "23:59", "토요일운영시작시각": "00:00", "토요일운영종료시각": "23:59", "공휴일운영시작시각": "00:00", "공휴일운영종료시각": "23:59", "요금정보": "유료", "주차기본시간": "30", "주차기본요금": "800", "추가단위시간": null, "추가단위요금": null, "1일주차권요금적용시간": null, "1일주차권요금": null, "월정기권요금": null, "결제방법": null, "특기사항": null, "관리기관명": "광주광역시 동구청", "전화번호": "062-608-2914", "위도": 35.15008759, "경도": 126.9203083, "장애인전용주차구역보유여부": null, "데이터기준일자": "2026-04-16" }, "geometry": { "type": "Point", "coordinates": [ 126.9203083, 35.15008759 ] } },
{ "type": "Feature", "properties": { "주차장관리번호": "175-4-000130", "주차장명": "남동주차장", "주차장구분": "민영", "주차장유형": "노외", "소재지도로명주소": "광주광역시 동구 문화전당로16번길 4", "소재지지번주소": "광주광역시 동구 남동 98-3", "주차구획수": "36", "급지구분": "1", "부제시행구분": "미시행", "운영요일": "평일+토요일+공휴일", "평일운영시작시각": "00:00", "평일운영종료시각": "23:59", "토요일운영시작시각": "00:00", "토요일운영종료시각": "23:59", "공휴일운영시작시각": "00:00", "공휴일운영종료시각": "23:59", "요금정보": "유료", "주차기본시간": "30", "주차기본요금": "800", "추가단위시간": null, "추가단위요금": null, "1일주차권요금적용시간": null, "1일주차권요금": null, "월정기권요금": null, "결제방법": null, "특기사항": null, "관리기관명": "광주광역시 동구청", "전화번호": "062-608-2914", "위도": 35.14411706, "경도": 126.9204327, "장애인전용주차구역보유여부": null, "데이터기준일자": "2026-04-16" }, "geometry": { "type": "Point", "coordinates": [ 126.9204327, 35.14411706 ] } },
{ "type": "Feature", "properties": { "주차장관리번호": "175-4-000129", "주차장명": "고려주차장", "주차장구분": "민영", "주차장유형": "노외", "소재지도로명주소": null, "소재지지번주소": "광주광역시 동구 계림동 465-40", "주차구획수": "7", "급지구분": "1", "부제시행구분": "미시행", "운영요일": "평일+토요일+공휴일", "평일운영시작시각": "00:00", "평일운영종료시각": "23:59", "토요일운영시작시각": "00:00", "토요일운영종료시각": "23:59", "공휴일운영시작시각": "00:00", "공휴일운영종료시각": "23:59", "요금정보": "유료", "주차기본시간": "30", "주차기본요금": "800", "추가단위시간": null, "추가단위요금": null, "1일주차권요금적용시간": null, "1일주차권요금": null, "월정기권요금": null, "결제방법": null, "특기사항": null, "관리기관명": "광주광역시 동구청", "전화번호": "062-608-2914", "위도": 35.15649476, "경도": 126.9184949, "장애인전용주차구역보유여부": null, "데이터기준일자": "2026-04-16" }, "geometry": { "type": "Point", "coordinates": [ 126.9184949, 35.15649476 ] } },
{ "type": "Feature", "properties": { "주차장관리번호": "175-4-000128", "주차장명": "대박주차장", "주차장구분": "민영", "주차장유형": "노외", "소재지도로명주소": "광주광역시 동구 경양로 268", "소재지지번주소": "광주광역시 동구 계림동 298-14", "주차구획수": "11", "급지구분": "1", "부제시행구분": "미시행", "운영요일": "평일+토요일+공휴일", "평일운영시작시각": "00:00", "평일운영종료시각": "23:59", "토요일운영시작시각": "00:00", "토요일운영종료시각": "23:59", "공휴일운영시작시각": "00:00", "공휴일운영종료시각": "23:59", "요금정보": "유료", "주차기본시간": "30", "주차기본요금": "800", "추가단위시간": null, "추가단위요금": null, "1일주차권요금적용시간": null, "1일주차권요금": null, "월정기권요금": null, "결제방법": null, "특기사항": null, "관리기관명": "광주광역시 동구청", "전화번호": "062-608-2914", "위도": 35.15554537, "경도": 126.9190123, "장애인전용주차구역보유여부": null, "데이터기준일자": "2026-04-16" }, "geometry": { "type": "Point", "coordinates": [ 126.9190123, 35.15554537 ] } },
{ "type": "Feature", "properties": { "주차장관리번호": "175-4-000126", "주차장명": "궁동주차장", "주차장구분": "민영", "주차장유형": "노외", "소재지도로명주소": null, "소재지지번주소": "광주광역시 동구 궁동 52, 52-7", "주차구획수": "11", "급지구분": "1", "부제시행구분": "미시행", "운영요일": "평일+토요일+공휴일", "평일운영시작시각": "00:00", "평일운영종료시각": "23:59", "토요일운영시작시각": "00:00", "토요일운영종료시각": "23:59", "공휴일운영시작시각": "00:00", "공휴일운영종료시각": "23:59", "요금정보": "유료", "주차기본시간": "30", "주차기본요금": "800", "추가단위시간": null, "추가단위요금": null, "1일주차권요금적용시간": null, "1일주차권요금": null, "월정기권요금": null, "결제방법": null, "특기사항": null, "관리기관명": "광주광역시 동구청", "전화번호": "062-608-2914", "위도": 35.14996505, "경도": 126.9184652, "장애인전용주차구역보유여부": null, "데이터기준일자": "2026-04-16" }, "geometry": { "type": "Point", "coordinates": [ 126.9184652, 35.14996505 ] } },
{ "type": "Feature", "properties": { "주차장관리번호": "175-4-000125", "주차장명": "한마음주차장", "주차장구분": "민영", "주차장유형": "노외", "소재지도로명주소": "광주광역시 동구 백서로198번길 5-1", "소재지지번주소": "광주광역시 동구 서석동 7-18", "주차구획수": "5", "급지구분": "1", "부제시행구분": "미시행", "운영요일": "평일+토요일+공휴일", "평일운영시작시각": "00:00", "평일운영종료시각": "23:59", "토요일운영시작시각": "00:00", "토요일운영종료시각": "23:59", "공휴일운영시작시각": "00:00", "공휴일운영종료시각": "23:59", "요금정보": "유료", "주차기본시간": "30", "주차기본요금": "800", "추가단위시간": null, "추가단위요금": null, "1일주차권요금적용시간": null, "1일주차권요금": null, "월정기권요금": null, "결제방법": null, "특기사항": null, "관리기관명": "광주광역시 동구청", "전화번호": "062-608-2914", "위도": 35.14560583, "경도": 126.9256811, "장애인전용주차구역보유여부": null, "데이터기준일자": "2026-04-16" }, "geometry": { "type": "Point", "coordinates": [ 126.9256811, 35.14560583 ] } },
{ "type": "Feature", "properties": { "주차장관리번호": "175-4-000123", "주차장명": "월드주차장", "주차장구분": "민영", "주차장유형": "노외", "소재지도로명주소": "광주광역시 동구 서석로7번길 6-7", "소재지지번주소": "광주광역시 동구 불로동 17", "주차구획수": "24", "급지구분": "1", "부제시행구분": "미시행", "운영요일": "평일+토요일+공휴일", "평일운영시작시각": "00:00", "평일운영종료시각": "23:59", "토요일운영시작시각": "00:00", "토요일운영종료시각": "23:59", "공휴일운영시작시각": "00:00", "공휴일운영종료시각": "23:59", "요금정보": "유료", "주차기본시간": "30", "주차기본요금": "800", "추가단위시간": null, "추가단위요금": null, "1일주차권요금적용시간": null, "1일주차권요금": null, "월정기권요금": null, "결제방법": null, "특기사항": null, "관리기관명": "광주광역시 동구청", "전화번호": "062-608-2914", "위도": 35.14607087, "경도": 126.9146366, "장애인전용주차구역보유여부": null, "데이터기준일자": "2026-04-16" }, "geometry": { "type": "Point", "coordinates": [ 126.9146366, 35.14607087 ] } },
{ "type": "Feature", "properties": { "주차장관리번호": "175-4-000122", "주차장명": "KT 주차장", "주차장구분": "민영", "주차장유형": "노외", "소재지도로명주소": "광주광역시 동구 백서로197번길 6-1", "소재지지번주소": "광주광역시 동구 서석동 17-13", "주차구획수": "4", "급지구분": "1", "부제시행구분": "미시행", "운영요일": "평일+토요일+공휴일", "평일운영시작시각": "00:00", "평일운영종료시각": "23:59", "토요일운영시작시각": "00:00", "토요일운영종료시각": "23:59", "공휴일운영시작시각": "00:00", "공휴일운영종료시각": "23:59", "요금정보": "유료", "주차기본시간": "30", "주차기본요금": "800", "추가단위시간": null, "추가단위요금": null, "1일주차권요금적용시간": null, "1일주차권요금": null, "월정기권요금": null, "결제방법": null, "특기사항": null, "관리기관명": "광주광역시 동구청", "전화번호": "062-608-2914", "위도": 35.14603432, "경도": 126.924772, "장애인전용주차구역보유여부": null, "데이터기준일자": "2026-04-16" }, "geometry": { "type": "Point", "coordinates": [ 126.924772, 35.14603432 ] } },
{ "type": "Feature", "properties": { "주차장관리번호": "175-4-000162", "주차장명": "빵빵주차장", "주차장구분": "민영", "주차장유형": "노외", "소재지도로명주소": null, "소재지지번주소": "광주광역시 동구 충장로5가 80-1", "주차구획수": "96", "급지구분": "1", "부제시행구분": "미시행", "운영요일": "평일+토요일+공휴일", "평일운영시작시각": "00:00", "평일운영종료시각": "23:59", "토요일운영시작시각": "00:00", "토요일운영종료시각": "23:59", "공휴일운영시작시각": "00:00", "공휴일운영종료시각": "23:59", "요금정보": "유료", "주차기본시간": "30", "주차기본요금": "800", "추가단위시간": null, "추가단위요금": null, "1일주차권요금적용시간": null, "1일주차권요금": null, "월정기권요금": null, "결제방법": null, "특기사항": null, "관리기관명": "광주광역시 동구청", "전화번호": "062-608-2914", "위도": 35.15084751, "경도": 126.9109494, "장애인전용주차구역보유여부": null, "데이터기준일자": "2026-04-16" }, "geometry": { "type": "Point", "coordinates": [ 126.9109494, 35.15084751 ] } },
{ "type": "Feature", "properties": { "주차장관리번호": "175-4-000161", "주차장명": "24시 유료주차장", "주차장구분": "민영", "주차장유형": "노외", "소재지도로명주소": "광주광역시 동구 문화전당로35번길 8-3", "소재지지번주소": "광주광역시 동구 광산동 100-9", "주차구획수": "9", "급지구분": "1", "부제시행구분": "미시행", "운영요일": "평일+토요일+공휴일", "평일운영시작시각": "00:00", "평일운영종료시각": "23:59", "토요일운영시작시각": "00:00", "토요일운영종료시각": "23:59", "공휴일운영시작시각": "00:00", "공휴일운영종료시각": "23:59", "요금정보": "유료", "주차기본시간": "30", "주차기본요금": "800", "추가단위시간": null, "추가단위요금": null, "1일주차권요금적용시간": null, "1일주차권요금": null, "월정기권요금": null, "결제방법": null, "특기사항": null, "관리기관명": "광주광역시 동구청", "전화번호": "062-608-2914", "위도": 35.14571625, "경도": 126.9179905, "장애인전용주차구역보유여부": null, "데이터기준일자": "2026-04-16" }, "geometry": { "type": "Point", "coordinates": [ 126.9179905, 35.14571625 ] } },
{ "type": "Feature", "properties": { "주차장관리번호": "175-4-000160", "주차장명": "열린산업주차장", "주차장구분": "민영", "주차장유형": "노외", "소재지도로명주소": null, "소재지지번주소": "광주광역시 동구 동명동 209-42", "주차구획수": "8", "급지구분": "1", "부제시행구분": "미시행", "운영요일": "평일+토요일+공휴일", "평일운영시작시각": "00:00", "평일운영종료시각": "23:59", "토요일운영시작시각": "00:00", "토요일운영종료시각": "23:59", "공휴일운영시작시각": "00:00", "공휴일운영종료시각": "23:59", "요금정보": "유료", "주차기본시간": "30", "주차기본요금": "800", "추가단위시간": null, "추가단위요금": null, "1일주차권요금적용시간": null, "1일주차권요금": null, "월정기권요금": null, "결제방법": null, "특기사항": null, "관리기관명": "광주광역시 동구청", "전화번호": "062-608-2914", "위도": 35.15373072, "경도": 126.9227681, "장애인전용주차구역보유여부": null, "데이터기준일자": "2026-04-16" }, "geometry": { "type": "Point", "coordinates": [ 126.9227681, 35.15373072 ] } },
{ "type": "Feature", "properties": { "주차장관리번호": "175-4-000159", "주차장명": "중앙주차장", "주차장구분": "민영", "주차장유형": "노외", "소재지도로명주소": null, "소재지지번주소": "광주광역시 동구 호남동 48", "주차구획수": "20", "급지구분": "1", "부제시행구분": "미시행", "운영요일": "평일+토요일+공휴일", "평일운영시작시각": "00:00", "평일운영종료시각": "23:59", "토요일운영시작시각": "00:00", "토요일운영종료시각": "23:59", "공휴일운영시작시각": "00:00", "공휴일운영종료시각": "23:59", "요금정보": "유료", "주차기본시간": "30", "주차기본요금": "800", "추가단위시간": null, "추가단위요금": null, "1일주차권요금적용시간": null, "1일주차권요금": null, "월정기권요금": null, "결제방법": null, "특기사항": null, "관리기관명": "광주광역시 동구청", "전화번호": "062-608-2914", "위도": 35.14710279, "경도": 126.9122462, "장애인전용주차구역보유여부": null, "데이터기준일자": "2026-04-16" }, "geometry": { "type": "Point", "coordinates": [ 126.9122462, 35.14710279 ] } },
{ "type": "Feature", "properties": { "주차장관리번호": "175-4-000158", "주차장명": "새중앙주차장", "주차장구분": "민영", "주차장유형": "노외", "소재지도로명주소": "광주광역시 동구 서석로 30", "소재지지번주소": "광주광역시 동구 광산동 86-2", "주차구획수": "1", "급지구분": "1", "부제시행구분": "미시행", "운영요일": "평일+토요일+공휴일", "평일운영시작시각": "00:00", "평일운영종료시각": "23:59", "토요일운영시작시각": "00:00", "토요일운영종료시각": "23:59", "공휴일운영시작시각": "00:00", "공휴일운영종료시각": "23:59", "요금정보": "유료", "주차기본시간": "30", "주차기본요금": "800", "추가단위시간": null, "추가단위요금": null, "1일주차권요금적용시간": null, "1일주차권요금": null, "월정기권요금": null, "결제방법": null, "특기사항": null, "관리기관명": "광주광역시 동구청", "전화번호": "062-608-2914", "위도": 35.14593195, "경도": 126.9170729, "장애인전용주차구역보유여부": null, "데이터기준일자": "2026-04-16" }, "geometry": { "type": "Point", "coordinates": [ 126.9170729, 35.14593195 ] } },
{ "type": "Feature", "properties": { "주차장관리번호": "175-4-000157", "주차장명": "정민주차장", "주차장구분": "민영", "주차장유형": "노외", "소재지도로명주소": "광주광역시 동구 백서로 210", "소재지지번주소": "광주광역시 동구 서석동 10-20", "주차구획수": "4", "급지구분": "1", "부제시행구분": "미시행", "운영요일": "평일+토요일+공휴일", "평일운영시작시각": "00:00", "평일운영종료시각": "23:59", "토요일운영시작시각": "00:00", "토요일운영종료시각": "23:59", "공휴일운영시작시각": "00:00", "공휴일운영종료시각": "23:59", "요금정보": "유료", "주차기본시간": "30", "주차기본요금": "800", "추가단위시간": null, "추가단위요금": null, "1일주차권요금적용시간": null, "1일주차권요금": null, "월정기권요금": null, "결제방법": null, "특기사항": null, "관리기관명": "광주광역시 동구청", "전화번호": "062-608-2914", "위도": 35.1464497, "경도": 126.9259991, "장애인전용주차구역보유여부": null, "데이터기준일자": "2026-04-16" }, "geometry": { "type": "Point", "coordinates": [ 126.9259991, 35.1464497 ] } },
{ "type": "Feature", "properties": { "주차장관리번호": "175-4-000156", "주차장명": "전자상가주차장", "주차장구분": "민영", "주차장유형": "노외", "소재지도로명주소": "광주광역시 동구 금남로169번길 12-1", "소재지지번주소": "광주광역시 동구 금남로5가 85-8", "주차구획수": "28", "급지구분": "1", "부제시행구분": "미시행", "운영요일": "평일+토요일+공휴일", "평일운영시작시각": "00:00", "평일운영종료시각": "23:59", "토요일운영시작시각": "00:00", "토요일운영종료시각": "23:59", "공휴일운영시작시각": "00:00", "공휴일운영종료시각": "23:59", "요금정보": "유료", "주차기본시간": "30", "주차기본요금": "800", "추가단위시간": null, "추가단위요금": null, "1일주차권요금적용시간": null, "1일주차권요금": null, "월정기권요금": null, "결제방법": null, "특기사항": null, "관리기관명": "광주광역시 동구청", "전화번호": "062-608-2914", "위도": 35.15317245, "경도": 126.9130356, "장애인전용주차구역보유여부": null, "데이터기준일자": "2026-04-16" }, "geometry": { "type": "Point", "coordinates": [ 126.9130356, 35.15317245 ] } },
{ "type": "Feature", "properties": { "주차장관리번호": "175-4-000155", "주차장명": "장흥주차장", "주차장구분": "민영", "주차장유형": "노외", "소재지도로명주소": "광주광역시 동구 동명로 113", "소재지지번주소": "광주광역시 동구 지산동 714-31,714-32", "주차구획수": "9", "급지구분": "1", "부제시행구분": "미시행", "운영요일": "평일+토요일+공휴일", "평일운영시작시각": "00:00", "평일운영종료시각": "23:59", "토요일운영시작시각": "00:00", "토요일운영종료시각": "23:59", "공휴일운영시작시각": "00:00", "공휴일운영종료시각": "23:59", "요금정보": "유료", "주차기본시간": "30", "주차기본요금": "800", "추가단위시간": null, "추가단위요금": null, "1일주차권요금적용시간": null, "1일주차권요금": null, "월정기권요금": null, "결제방법": null, "특기사항": null, "관리기관명": "광주광역시 동구청", "전화번호": "062-608-2914", "위도": 35.15094243, "경도": 126.9327789, "장애인전용주차구역보유여부": null, "데이터기준일자": "2026-04-16" }, "geometry": { "type": "Point", "coordinates": [ 126.9327789, 35.15094243 ] } },
{ "type": "Feature", "properties": { "주차장관리번호": "175-2-000154", "주차장명": "금남지하상가 지하주차장", "주차장구분": "공영", "주차장유형": "노외", "소재지도로명주소": "광주광역시 동구 서석로 지하 56", "소재지지번주소": null, "주차구획수": "107", "급지구분": "1", "부제시행구분": "미시행", "운영요일": "평일+토요일+공휴일", "평일운영시작시각": "00:00", "평일운영종료시각": "23:59", "토요일운영시작시각": "00:00", "토요일운영종료시각": "23:59", "공휴일운영시작시각": "00:00", "공휴일운영종료시각": "23:59", "요금정보": "유료", "주차기본시간": "30", "주차기본요금": "800", "추가단위시간": null, "추가단위요금": null, "1일주차권요금적용시간": null, "1일주차권요금": null, "월정기권요금": null, "결제방법": null, "특기사항": "광주광역시 도시공사 운영", "관리기관명": "광주광역시 동구청", "전화번호": "062-608-2914", "위도": 35.14783761, "경도": 126.9200208, "장애인전용주차구역보유여부": null, "데이터기준일자": "2026-04-16" }, "geometry": { "type": "Point", "coordinates": [ 126.9200208, 35.14783761 ] } },
{ "type": "Feature", "properties": { "주차장관리번호": "175-4-000152", "주차장명": "대동주차장", "주차장구분": "민영", "주차장유형": "노외", "소재지도로명주소": "광주광역시 동구 금남로 170-9", "소재지지번주소": "광주광역시 동구 금남로5가 116-6", "주차구획수": "10", "급지구분": "1", "부제시행구분": "미시행", "운영요일": "평일+토요일+공휴일", "평일운영시작시각": "00:00", "평일운영종료시각": "23:59", "토요일운영시작시각": "00:00", "토요일운영종료시각": "23:59", "공휴일운영시작시각": "00:00", "공휴일운영종료시각": "23:59", "요금정보": "유료", "주차기본시간": "30", "주차기본요금": "800", "추가단위시간": null, "추가단위요금": null, "1일주차권요금적용시간": null, "1일주차권요금": null, "월정기권요금": null, "결제방법": null, "특기사항": null, "관리기관명": "광주광역시 동구청", "전화번호": "062-608-2914", "위도": 35.15191313, "경도": 126.9116146, "장애인전용주차구역보유여부": null, "데이터기준일자": "2026-04-16" }, "geometry": { "type": "Point", "coordinates": [ 126.9116146, 35.15191313 ] } },
{ "type": "Feature", "properties": { "주차장관리번호": "175-4-000150", "주차장명": "온누리주차장", "주차장구분": "민영", "주차장유형": "노외", "소재지도로명주소": null, "소재지지번주소": "광주광역시 동구 지산동 717-36", "주차구획수": "10", "급지구분": "1", "부제시행구분": "미시행", "운영요일": "평일+토요일+공휴일", "평일운영시작시각": "00:00", "평일운영종료시각": "23:59", "토요일운영시작시각": "00:00", "토요일운영종료시각": "23:59", "공휴일운영시작시각": "00:00", "공휴일운영종료시각": "23:59", "요금정보": "유료", "주차기본시간": "30", "주차기본요금": "800", "추가단위시간": null, "추가단위요금": null, "1일주차권요금적용시간": null, "1일주차권요금": null, "월정기권요금": null, "결제방법": null, "특기사항": null, "관리기관명": "광주광역시 동구청", "전화번호": "062-608-2914", "위도": 35.15017417, "경도": 126.932244, "장애인전용주차구역보유여부": null, "데이터기준일자": "2026-04-16" }, "geometry": { "type": "Point", "coordinates": [ 126.932244, 35.15017417 ] } },
{ "type": "Feature", "properties": { "주차장관리번호": "175-4-000149", "주차장명": "방부주차장", "주차장구분": "민영", "주차장유형": "노외", "소재지도로명주소": "광주광역시 동구 구성로 262", "소재지지번주소": "광주광역시 동구 계림동 293-15,293-16", "주차구획수": "10", "급지구분": "1", "부제시행구분": "미시행", "운영요일": "평일+토요일+공휴일", "평일운영시작시각": "00:00", "평일운영종료시각": "23:59", "토요일운영시작시각": "00:00", "토요일운영종료시각": "23:59", "공휴일운영시작시각": "00:00", "공휴일운영종료시각": "23:59", "요금정보": "유료", "주차기본시간": "30", "주차기본요금": "800", "추가단위시간": null, "추가단위요금": null, "1일주차권요금적용시간": null, "1일주차권요금": null, "월정기권요금": null, "결제방법": null, "특기사항": null, "관리기관명": "광주광역시 동구청", "전화번호": "062-608-2914", "위도": 35.1574239, "경도": 126.9191553, "장애인전용주차구역보유여부": null, "데이터기준일자": "2026-04-16" }, "geometry": { "type": "Point", "coordinates": [ 126.9191553, 35.1574239 ] } },
{ "type": "Feature", "properties": { "주차장관리번호": "175-4-000147", "주차장명": "제이유료주차장", "주차장구분": "민영", "주차장유형": "노외", "소재지도로명주소": null, "소재지지번주소": "광주광역시 동구 금남로5가 77-3", "주차구획수": "10", "급지구분": "1", "부제시행구분": "미시행", "운영요일": "평일+토요일+공휴일", "평일운영시작시각": "00:00", "평일운영종료시각": "23:59", "토요일운영시작시각": "00:00", "토요일운영종료시각": "23:59", "공휴일운영시작시각": "00:00", "공휴일운영종료시각": "23:59", "요금정보": "유료", "주차기본시간": "30", "주차기본요금": "800", "추가단위시간": null, "추가단위요금": null, "1일주차권요금적용시간": null, "1일주차권요금": null, "월정기권요금": null, "결제방법": null, "특기사항": null, "관리기관명": "광주광역시 동구청", "전화번호": "062-608-2914", "위도": 35.15327427, "경도": 126.9126308, "장애인전용주차구역보유여부": null, "데이터기준일자": "2026-04-16" }, "geometry": { "type": "Point", "coordinates": [ 126.9126308, 35.15327427 ] } },
{ "type": "Feature", "properties": { "주차장관리번호": "175-4-000147", "주차장명": "임시주차장", "주차장구분": "민영", "주차장유형": "노외", "소재지도로명주소": null, "소재지지번주소": "광주광역시 동구 금남로5가 124-1", "주차구획수": "13", "급지구분": "1", "부제시행구분": "미시행", "운영요일": "평일+토요일+공휴일", "평일운영시작시각": "00:00", "평일운영종료시각": "23:59", "토요일운영시작시각": "00:00", "토요일운영종료시각": "23:59", "공휴일운영시작시각": "00:00", "공휴일운영종료시각": "23:59", "요금정보": "유료", "주차기본시간": "30", "주차기본요금": "800", "추가단위시간": null, "추가단위요금": null, "1일주차권요금적용시간": null, "1일주차권요금": null, "월정기권요금": null, "결제방법": null, "특기사항": null, "관리기관명": "광주광역시 동구청", "전화번호": "062-608-2914", "위도": 35.15138008, "경도": 126.9125737, "장애인전용주차구역보유여부": null, "데이터기준일자": "2026-04-16" }, "geometry": { "type": "Point", "coordinates": [ 126.9125737, 35.15138008 ] } },
{ "type": "Feature", "properties": { "주차장관리번호": "175-4-000146", "주차장명": "남도주차장", "주차장구분": "민영", "주차장유형": "노외", "소재지도로명주소": null, "소재지지번주소": "광주광역시 동구 남동 167-3", "주차구획수": "60", "급지구분": "1", "부제시행구분": "미시행", "운영요일": "평일+토요일+공휴일", "평일운영시작시각": "00:00", "평일운영종료시각": "23:59", "토요일운영시작시각": "00:00", "토요일운영종료시각": "23:59", "공휴일운영시작시각": "00:00", "공휴일운영종료시각": "23:59", "요금정보": "유료", "주차기본시간": "30", "주차기본요금": "800", "추가단위시간": null, "추가단위요금": null, "1일주차권요금적용시간": null, "1일주차권요금": null, "월정기권요금": null, "결제방법": null, "특기사항": null, "관리기관명": "광주광역시 동구청", "전화번호": "062-608-2914", "위도": 35.14470298, "경도": 126.9192655, "장애인전용주차구역보유여부": null, "데이터기준일자": "2026-04-16" }, "geometry": { "type": "Point", "coordinates": [ 126.9192655, 35.14470298 ] } },
{ "type": "Feature", "properties": { "주차장관리번호": "175-4-000145", "주차장명": "회관주차장", "주차장구분": "민영", "주차장유형": "노외", "소재지도로명주소": "광주광역시 동구 구성로204번길 8", "소재지지번주소": null, "주차구획수": "15", "급지구분": "1", "부제시행구분": "미시행", "운영요일": "평일+토요일+공휴일", "평일운영시작시각": "00:00", "평일운영종료시각": "23:59", "토요일운영시작시각": "00:00", "토요일운영종료시각": "23:59", "공휴일운영시작시각": "00:00", "공휴일운영종료시각": "23:59", "요금정보": "유료", "주차기본시간": "30", "주차기본요금": "800", "추가단위시간": null, "추가단위요금": null, "1일주차권요금적용시간": null, "1일주차권요금": null, "월정기권요금": null, "결제방법": null, "특기사항": null, "관리기관명": "광주광역시 동구청", "전화번호": "062-608-2914", "위도": 35.15304059, "경도": 126.9152044, "장애인전용주차구역보유여부": null, "데이터기준일자": "2026-04-16" }, "geometry": { "type": "Point", "coordinates": [ 126.9152044, 35.15304059 ] } },
{ "type": "Feature", "properties": { "주차장관리번호": "175-4-000145", "주차장명": "자연생활주차장", "주차장구분": "민영", "주차장유형": "노외", "소재지도로명주소": "광주광역시 동구 서석로 85번길 16", "소재지지번주소": "광주광역시 동구 궁동 21-2, 21-1", "주차구획수": "15", "급지구분": "1", "부제시행구분": "미시행", "운영요일": "평일+토요일+공휴일", "평일운영시작시각": "00:00", "평일운영종료시각": "23:59", "토요일운영시작시각": "00:00", "토요일운영종료시각": "23:59", "공휴일운영시작시각": "00:00", "공휴일운영종료시각": "23:59", "요금정보": "유료", "주차기본시간": "30", "주차기본요금": "800", "추가단위시간": null, "추가단위요금": null, "1일주차권요금적용시간": null, "1일주차권요금": null, "월정기권요금": null, "결제방법": null, "특기사항": null, "관리기관명": "광주광역시 동구청", "전화번호": "062-608-2914", "위도": 35.15034306, "경도": 126.9195223, "장애인전용주차구역보유여부": null, "데이터기준일자": "2026-04-16" }, "geometry": { "type": "Point", "coordinates": [ 126.9195223, 35.15034306 ] } },
{ "type": "Feature", "properties": { "주차장관리번호": "175-4-000144", "주차장명": "궁동주차장", "주차장구분": "민영", "주차장유형": "노외", "소재지도로명주소": null, "소재지지번주소": "광주광역시 동구 궁동 17-7", "주차구획수": "19", "급지구분": "1", "부제시행구분": "미시행", "운영요일": "평일+토요일+공휴일", "평일운영시작시각": "00:00", "평일운영종료시각": "23:59", "토요일운영시작시각": "00:00", "토요일운영종료시각": "23:59", "공휴일운영시작시각": "00:00", "공휴일운영종료시각": "23:59", "요금정보": "유료", "주차기본시간": "30", "주차기본요금": "800", "추가단위시간": null, "추가단위요금": null, "1일주차권요금적용시간": null, "1일주차권요금": null, "월정기권요금": null, "결제방법": null, "특기사항": null, "관리기관명": "광주광역시 동구청", "전화번호": "062-608-2914", "위도": 35.15092962, "경도": 126.9197099, "장애인전용주차구역보유여부": null, "데이터기준일자": "2026-04-16" }, "geometry": { "type": "Point", "coordinates": [ 126.9197099, 35.15092962 ] } },
{ "type": "Feature", "properties": { "주차장관리번호": "175-4-000144", "주차장명": "불로주차장", "주차장구분": "민영", "주차장유형": "노외", "소재지도로명주소": null, "소재지지번주소": "광주광역시 동구 불로동 51-2", "주차구획수": "6", "급지구분": "1", "부제시행구분": "미시행", "운영요일": "평일+토요일+공휴일", "평일운영시작시각": "00:00", "평일운영종료시각": "23:59", "토요일운영시작시각": "00:00", "토요일운영종료시각": "23:59", "공휴일운영시작시각": "00:00", "공휴일운영종료시각": "23:59", "요금정보": "유료", "주차기본시간": "30", "주차기본요금": "800", "추가단위시간": null, "추가단위요금": null, "1일주차권요금적용시간": null, "1일주차권요금": null, "월정기권요금": null, "결제방법": null, "특기사항": null, "관리기관명": "광주광역시 동구청", "전화번호": "062-608-2914", "위도": 35.14568607, "경도": 126.9134042, "장애인전용주차구역보유여부": null, "데이터기준일자": "2026-04-16" }, "geometry": { "type": "Point", "coordinates": [ 126.9134042, 35.14568607 ] } },
{ "type": "Feature", "properties": { "주차장관리번호": "175-4-000143", "주차장명": "선민주차장", "주차장구분": "민영", "주차장유형": "노외", "소재지도로명주소": "광주광역시 동구 구성로 168-1", "소재지지번주소": "광주광역시 동구 충장로5가 25-1", "주차구획수": "11", "급지구분": "1", "부제시행구분": "미시행", "운영요일": "평일+토요일+공휴일", "평일운영시작시각": "00:00", "평일운영종료시각": "23:59", "토요일운영시작시각": "00:00", "토요일운영종료시각": "23:59", "공휴일운영시작시각": "00:00", "공휴일운영종료시각": "23:59", "요금정보": "유료", "주차기본시간": "30", "주차기본요금": "800", "추가단위시간": null, "추가단위요금": null, "1일주차권요금적용시간": null, "1일주차권요금": null, "월정기권요금": null, "결제방법": null, "특기사항": null, "관리기관명": "광주광역시 동구청", "전화번호": "062-608-2914", "위도": 35.15127899, "경도": 126.9121948, "장애인전용주차구역보유여부": null, "데이터기준일자": "2026-04-16" }, "geometry": { "type": "Point", "coordinates": [ 126.9121948, 35.15127899 ] } },
{ "type": "Feature", "properties": { "주차장관리번호": "175-4-000050", "주차장명": "학동주차장", "주차장구분": "민영", "주차장유형": "노외", "소재지도로명주소": "광주광역시 동구 양림로115번길 20-1", "소재지지번주소": "광주광역시 동구 학동 98", "주차구획수": "17", "급지구분": "1", "부제시행구분": "미시행", "운영요일": "평일+토요일+공휴일", "평일운영시작시각": "00:00", "평일운영종료시각": "23:59", "토요일운영시작시각": "00:00", "토요일운영종료시각": "23:59", "공휴일운영시작시각": "00:00", "공휴일운영종료시각": "23:59", "요금정보": "유료", "주차기본시간": "30", "주차기본요금": "800", "추가단위시간": null, "추가단위요금": null, "1일주차권요금적용시간": null, "1일주차권요금": null, "월정기권요금": null, "결제방법": null, "특기사항": null, "관리기관명": "광주광역시 동구청", "전화번호": "062-608-2914", "위도": 35.14098284, "경도": 126.9188073, "장애인전용주차구역보유여부": null, "데이터기준일자": "2026-04-16" }, "geometry": { "type": "Point", "coordinates": [ 126.9188073, 35.14098284 ] } },
{ "type": "Feature", "properties": { "주차장관리번호": "175-4-000049", "주차장명": "예술의거리주차장", "주차장구분": "민영", "주차장유형": "노외", "소재지도로명주소": "광주광역시 동구 예술길 27-6", "소재지지번주소": "광주광역시 동구 대의동 16-3", "주차구획수": "20", "급지구분": "1", "부제시행구분": "미시행", "운영요일": "평일+토요일+공휴일", "평일운영시작시각": "00:00", "평일운영종료시각": "23:59", "토요일운영시작시각": "00:00", "토요일운영종료시각": "23:59", "공휴일운영시작시각": "00:00", "공휴일운영종료시각": "23:59", "요금정보": "유료", "주차기본시간": "30", "주차기본요금": "800", "추가단위시간": null, "추가단위요금": null, "1일주차권요금적용시간": null, "1일주차권요금": null, "월정기권요금": null, "결제방법": null, "특기사항": null, "관리기관명": "광주광역시 동구청", "전화번호": "062-608-2914", "위도": 35.14974446, "경도": 126.9193824, "장애인전용주차구역보유여부": null, "데이터기준일자": "2026-04-16" }, "geometry": { "type": "Point", "coordinates": [ 126.9193824, 35.14974446 ] } },
{ "type": "Feature", "properties": { "주차장관리번호": "175-4-000048", "주차장명": "성인주차장", "주차장구분": "민영", "주차장유형": "노외", "소재지도로명주소": "광주광역시 동구 금남로 189-2", "소재지지번주소": "광주광역시 동구 금남로5가 172", "주차구획수": "36", "급지구분": "1", "부제시행구분": "미시행", "운영요일": "평일+토요일+공휴일", "평일운영시작시각": "00:00", "평일운영종료시각": "23:59", "토요일운영시작시각": "00:00", "토요일운영종료시각": "23:59", "공휴일운영시작시각": "00:00", "공휴일운영종료시각": "23:59", "요금정보": "유료", "주차기본시간": "30", "주차기본요금": "800", "추가단위시간": null, "추가단위요금": null, "1일주차권요금적용시간": null, "1일주차권요금": null, "월정기권요금": null, "결제방법": null, "특기사항": null, "관리기관명": "광주광역시 동구청", "전화번호": "062-608-2914", "위도": 35.1514353, "경도": 126.9139725, "장애인전용주차구역보유여부": null, "데이터기준일자": "2026-04-16" }, "geometry": { "type": "Point", "coordinates": [ 126.9139725, 35.1514353 ] } },
{ "type": "Feature", "properties": { "주차장관리번호": "175-4-000047", "주차장명": "중앙주차장", "주차장구분": "민영", "주차장유형": "노외", "소재지도로명주소": "광주광역시 동구 제봉로 155", "소재지지번주소": "광주광역시 동구 궁동 12-7", "주차구획수": "12", "급지구분": "1", "부제시행구분": "미시행", "운영요일": "평일+토요일+공휴일", "평일운영시작시각": "00:00", "평일운영종료시각": "23:59", "토요일운영시작시각": "00:00", "토요일운영종료시각": "23:59", "공휴일운영시작시각": "00:00", "공휴일운영종료시각": "23:59", "요금정보": "유료", "주차기본시간": "30", "주차기본요금": "800", "추가단위시간": null, "추가단위요금": null, "1일주차권요금적용시간": null, "1일주차권요금": null, "월정기권요금": null, "결제방법": null, "특기사항": null, "관리기관명": "광주광역시 동구청", "전화번호": "062-608-2914", "위도": 35.15097117, "경도": 126.9191839, "장애인전용주차구역보유여부": null, "데이터기준일자": "2026-04-16" }, "geometry": { "type": "Point", "coordinates": [ 126.9191839, 35.15097117 ] } },
{ "type": "Feature", "properties": { "주차장관리번호": "175-4-000046", "주차장명": "청송주차장", "주차장구분": "민영", "주차장유형": "노외", "소재지도로명주소": "광주광역시 동구 동계천로95번길 33", "소재지지번주소": "광주광역시 동구 동명동 251-2", "주차구획수": "28", "급지구분": "1", "부제시행구분": "미시행", "운영요일": "평일+토요일+공휴일", "평일운영시작시각": "00:00", "평일운영종료시각": "23:59", "토요일운영시작시각": "00:00", "토요일운영종료시각": "23:59", "공휴일운영시작시각": "00:00", "공휴일운영종료시각": "23:59", "요금정보": "유료", "주차기본시간": "30", "주차기본요금": "800", "추가단위시간": null, "추가단위요금": null, "1일주차권요금적용시간": null, "1일주차권요금": null, "월정기권요금": null, "결제방법": null, "특기사항": null, "관리기관명": "광주광역시 동구청", "전화번호": "062-608-2914", "위도": 35.1542022, "경도": 126.9215247, "장애인전용주차구역보유여부": null, "데이터기준일자": "2026-04-16" }, "geometry": { "type": "Point", "coordinates": [ 126.9215247, 35.1542022 ] } },
{ "type": "Feature", "properties": { "주차장관리번호": "175-4-000045", "주차장명": "전성주차장", "주차장구분": "민영", "주차장유형": "노외", "소재지도로명주소": "광주광역시 동구 천변우로 357", "소재지지번주소": "광주광역시 동구 수기동 104", "주차구획수": "21", "급지구분": "1", "부제시행구분": "미시행", "운영요일": "평일+토요일+공휴일", "평일운영시작시각": "00:00", "평일운영종료시각": "23:59", "토요일운영시작시각": "00:00", "토요일운영종료시각": "23:59", "공휴일운영시작시각": "00:00", "공휴일운영종료시각": "23:59", "요금정보": "유료", "주차기본시간": "30", "주차기본요금": "800", "추가단위시간": null, "추가단위요금": null, "1일주차권요금적용시간": null, "1일주차권요금": null, "월정기권요금": null, "결제방법": null, "특기사항": null, "관리기관명": "광주광역시 동구청", "전화번호": "062-608-2914", "위도": 35.14890551, "경도": 126.9106916, "장애인전용주차구역보유여부": null, "데이터기준일자": "2026-04-16" }, "geometry": { "type": "Point", "coordinates": [ 126.9106916, 35.14890551 ] } },
{ "type": "Feature", "properties": { "주차장관리번호": "175-4-000042", "주차장명": "성진주차장", "주차장구분": "민영", "주차장유형": "노외", "소재지도로명주소": "광주광역시 동구 서석로85번길 3", "소재지지번주소": "광주광역시 동구 대의동 27-1", "주차구획수": "15", "급지구분": "1", "부제시행구분": "미시행", "운영요일": "평일+토요일+공휴일", "평일운영시작시각": "00:00", "평일운영종료시각": "23:59", "토요일운영시작시각": "00:00", "토요일운영종료시각": "23:59", "공휴일운영시작시각": "00:00", "공휴일운영종료시각": "23:59", "요금정보": "유료", "주차기본시간": "30", "주차기본요금": "800", "추가단위시간": null, "추가단위요금": null, "1일주차권요금적용시간": null, "1일주차권요금": null, "월정기권요금": null, "결제방법": null, "특기사항": null, "관리기관명": "광주광역시 동구청", "전화번호": "062-608-2914", "위도": 35.14948904, "경도": 126.9202387, "장애인전용주차구역보유여부": null, "데이터기준일자": "2026-04-16" }, "geometry": { "type": "Point", "coordinates": [ 126.9202387, 35.14948904 ] } },
{ "type": "Feature", "properties": { "주차장관리번호": "175-4-000040", "주차장명": "무등주차빌딩주차장", "주차장구분": "민영", "주차장유형": "노외", "소재지도로명주소": "광주광역시 동구 구성로204번길 15-5", "소재지지번주소": "광주광역시 동구 대인동 50", "주차구획수": "46", "급지구분": "1", "부제시행구분": "미시행", "운영요일": "평일+토요일+공휴일", "평일운영시작시각": "00:00", "평일운영종료시각": "23:59", "토요일운영시작시각": "00:00", "토요일운영종료시각": "23:59", "공휴일운영시작시각": "00:00", "공휴일운영종료시각": "23:59", "요금정보": "유료", "주차기본시간": "30", "주차기본요금": "800", "추가단위시간": null, "추가단위요금": null, "1일주차권요금적용시간": null, "1일주차권요금": null, "월정기권요금": null, "결제방법": null, "특기사항": null, "관리기관명": "광주광역시 동구청", "전화번호": "062-608-2914", "위도": 35.15304105, "경도": 126.9158628, "장애인전용주차구역보유여부": null, "데이터기준일자": "2026-04-16" }, "geometry": { "type": "Point", "coordinates": [ 126.9158628, 35.15304105 ] } },
{ "type": "Feature", "properties": { "주차장관리번호": "175-4-000039", "주차장명": "엑스포주차장", "주차장구분": "민영", "주차장유형": "노외", "소재지도로명주소": "광주광역시 동구 동명로 51", "소재지지번주소": "광주광역시 동구 동명동 174,171-1", "주차구획수": "18", "급지구분": "1", "부제시행구분": "미시행", "운영요일": "평일+토요일+공휴일", "평일운영시작시각": "00:00", "평일운영종료시각": "23:59", "토요일운영시작시각": "00:00", "토요일운영종료시각": "23:59", "공휴일운영시작시각": "00:00", "공휴일운영종료시각": "23:59", "요금정보": "유료", "주차기본시간": "30", "주차기본요금": "800", "추가단위시간": null, "추가단위요금": null, "1일주차권요금적용시간": null, "1일주차권요금": null, "월정기권요금": null, "결제방법": null, "특기사항": null, "관리기관명": "광주광역시 동구청", "전화번호": "062-608-2914", "위도": 35.15168145, "경도": 126.926413, "장애인전용주차구역보유여부": null, "데이터기준일자": "2026-04-16" }, "geometry": { "type": "Point", "coordinates": [ 126.926413, 35.15168145 ] } },
{ "type": "Feature", "properties": { "주차장관리번호": "175-4-000037", "주차장명": "대성주차장", "주차장구분": "민영", "주차장유형": "노외", "소재지도로명주소": null, "소재지지번주소": "광주광역시 동구 불로동 7", "주차구획수": "22", "급지구분": "1", "부제시행구분": "미시행", "운영요일": "평일+토요일+공휴일", "평일운영시작시각": "00:00", "평일운영종료시각": "23:59", "토요일운영시작시각": "00:00", "토요일운영종료시각": "23:59", "공휴일운영시작시각": "00:00", "공휴일운영종료시각": "23:59", "요금정보": "유료", "주차기본시간": "30", "주차기본요금": "800", "추가단위시간": null, "추가단위요금": null, "1일주차권요금적용시간": null, "1일주차권요금": null, "월정기권요금": null, "결제방법": null, "특기사항": null, "관리기관명": "광주광역시 동구청", "전화번호": "062-608-2914", "위도": 35.14622291, "경도": 126.9155099, "장애인전용주차구역보유여부": null, "데이터기준일자": "2026-04-16" }, "geometry": { "type": "Point", "coordinates": [ 126.9155099, 35.14622291 ] } },
{ "type": "Feature", "properties": { "주차장관리번호": "175-4-000036", "주차장명": "학동주차장", "주차장구분": "민영", "주차장유형": "노외", "소재지도로명주소": "광주광역시 동구 제봉로 14", "소재지지번주소": "광주광역시 동구 학동 12-8", "주차구획수": "67", "급지구분": "1", "부제시행구분": "미시행", "운영요일": "평일+토요일+공휴일", "평일운영시작시각": "00:00", "평일운영종료시각": "23:59", "토요일운영시작시각": "00:00", "토요일운영종료시각": "23:59", "공휴일운영시작시각": "00:00", "공휴일운영종료시각": "23:59", "요금정보": "유료", "주차기본시간": "30", "주차기본요금": "800", "추가단위시간": null, "추가단위요금": null, "1일주차권요금적용시간": null, "1일주차권요금": null, "월정기권요금": null, "결제방법": null, "특기사항": null, "관리기관명": "광주광역시 동구청", "전화번호": "062-608-2914", "위도": 35.14044102, "경도": 126.9227801, "장애인전용주차구역보유여부": null, "데이터기준일자": "2026-04-16" }, "geometry": { "type": "Point", "coordinates": [ 126.9227801, 35.14044102 ] } },
{ "type": "Feature", "properties": { "주차장관리번호": "175-4-000035", "주차장명": "파레스주차장", "주차장구분": "민영", "주차장유형": "노외", "소재지도로명주소": "광주광역시 동구 서석로7번길 15-2", "소재지지번주소": "광주광역시 동구 불로동 43-5", "주차구획수": "17", "급지구분": "1", "부제시행구분": "미시행", "운영요일": "평일+토요일+공휴일", "평일운영시작시각": "00:00", "평일운영종료시각": "23:59", "토요일운영시작시각": "00:00", "토요일운영종료시각": "23:59", "공휴일운영시작시각": "00:00", "공휴일운영종료시각": "23:59", "요금정보": "유료", "주차기본시간": "30", "주차기본요금": "800", "추가단위시간": null, "추가단위요금": null, "1일주차권요금적용시간": null, "1일주차권요금": null, "월정기권요금": null, "결제방법": null, "특기사항": null, "관리기관명": "광주광역시 동구청", "전화번호": "062-608-2914", "위도": 35.14618208, "경도": 126.9138419, "장애인전용주차구역보유여부": null, "데이터기준일자": "2026-04-16" }, "geometry": { "type": "Point", "coordinates": [ 126.9138419, 35.14618208 ] } },
{ "type": "Feature", "properties": { "주차장관리번호": "175-4-000034", "주차장명": "동화주차장", "주차장구분": "민영", "주차장유형": "노외", "소재지도로명주소": "광주광역시 동구 서석로85번길 12", "소재지지번주소": "광주광역시 동구 궁동 24-3", "주차구획수": "21", "급지구분": "1", "부제시행구분": "미시행", "운영요일": "평일+토요일+공휴일", "평일운영시작시각": "00:00", "평일운영종료시각": "23:59", "토요일운영시작시각": "00:00", "토요일운영종료시각": "23:59", "공휴일운영시작시각": "00:00", "공휴일운영종료시각": "23:59", "요금정보": "유료", "주차기본시간": "30", "주차기본요금": "800", "추가단위시간": null, "추가단위요금": null, "1일주차권요금적용시간": null, "1일주차권요금": null, "월정기권요금": null, "결제방법": null, "특기사항": null, "관리기관명": "광주광역시 동구청", "전화번호": "062-608-2914", "위도": 35.15030004, "경도": 126.9198911, "장애인전용주차구역보유여부": null, "데이터기준일자": "2026-04-16" }, "geometry": { "type": "Point", "coordinates": [ 126.9198911, 35.15030004 ] } },
{ "type": "Feature", "properties": { "주차장관리번호": "175-4-000031", "주차장명": "일신주차장", "주차장구분": "민영", "주차장유형": "노외", "소재지도로명주소": "광주광역시 동구 구성로 171", "소재지지번주소": "광주광역시 동구 충장로5가 22", "주차구획수": "29", "급지구분": "1", "부제시행구분": "미시행", "운영요일": "평일+토요일+공휴일", "평일운영시작시각": "00:00", "평일운영종료시각": "23:59", "토요일운영시작시각": "00:00", "토요일운영종료시각": "23:59", "공휴일운영시작시각": "00:00", "공휴일운영종료시각": "23:59", "요금정보": "유료", "주차기본시간": "30", "주차기본요금": "800", "추가단위시간": null, "추가단위요금": null, "1일주차권요금적용시간": null, "1일주차권요금": null, "월정기권요금": null, "결제방법": null, "특기사항": null, "관리기관명": "광주광역시 동구청", "전화번호": "062-608-2914", "위도": 35.15162146, "경도": 126.9121285, "장애인전용주차구역보유여부": null, "데이터기준일자": "2026-04-16" }, "geometry": { "type": "Point", "coordinates": [ 126.9121285, 35.15162146 ] } },
{ "type": "Feature", "properties": { "주차장관리번호": "175-4-000030", "주차장명": "건영주차장", "주차장구분": "민영", "주차장유형": "노외", "소재지도로명주소": null, "소재지지번주소": "광주광역시 동구 계림동 298-1", "주차구획수": "26", "급지구분": "1", "부제시행구분": "미시행", "운영요일": "평일+토요일+공휴일", "평일운영시작시각": "00:00", "평일운영종료시각": "23:59", "토요일운영시작시각": "00:00", "토요일운영종료시각": "23:59", "공휴일운영시작시각": "00:00", "공휴일운영종료시각": "23:59", "요금정보": "유료", "주차기본시간": "30", "주차기본요금": "800", "추가단위시간": null, "추가단위요금": null, "1일주차권요금적용시간": null, "1일주차권요금": null, "월정기권요금": null, "결제방법": null, "특기사항": null, "관리기관명": "광주광역시 동구청", "전화번호": "062-608-2914", "위도": 35.15598995, "경도": 126.9190312, "장애인전용주차구역보유여부": null, "데이터기준일자": "2026-04-16" }, "geometry": { "type": "Point", "coordinates": [ 126.9190312, 35.15598995 ] } },
{ "type": "Feature", "properties": { "주차장관리번호": "175-4-000029", "주차장명": "장동주차장", "주차장구분": "민영", "주차장유형": "노외", "소재지도로명주소": "광주광역시 동구 동계천로 129-3", "소재지지번주소": "광주광역시 동구 동명동 154-54", "주차구획수": "17", "급지구분": "1", "부제시행구분": "미시행", "운영요일": "평일+토요일+공휴일", "평일운영시작시각": "00:00", "평일운영종료시각": "23:59", "토요일운영시작시각": "00:00", "토요일운영종료시각": "23:59", "공휴일운영시작시각": "00:00", "공휴일운영종료시각": "23:59", "요금정보": "유료", "주차기본시간": "30", "주차기본요금": "800", "추가단위시간": null, "추가단위요금": null, "1일주차권요금적용시간": null, "1일주차권요금": null, "월정기권요금": null, "결제방법": null, "특기사항": null, "관리기관명": "광주광역시 동구청", "전화번호": "062-608-2914", "위도": 35.14981602, "경도": 126.9240951, "장애인전용주차구역보유여부": null, "데이터기준일자": "2026-04-16" }, "geometry": { "type": "Point", "coordinates": [ 126.9240951, 35.14981602 ] } },
{ "type": "Feature", "properties": { "주차장관리번호": "175-4-000028", "주차장명": "지산주차장", "주차장구분": "민영", "주차장유형": "노외", "소재지도로명주소": "광주광역시 동구 동명로67번길 12", "소재지지번주소": "광주광역시 동구 지산동 679-9", "주차구획수": "14", "급지구분": "1", "부제시행구분": "미시행", "운영요일": "평일+토요일+공휴일", "평일운영시작시각": "00:00", "평일운영종료시각": "23:59", "토요일운영시작시각": "00:00", "토요일운영종료시각": "23:59", "공휴일운영시작시각": "00:00", "공휴일운영종료시각": "23:59", "요금정보": "유료", "주차기본시간": "30", "주차기본요금": "800", "추가단위시간": null, "추가단위요금": null, "1일주차권요금적용시간": null, "1일주차권요금": null, "월정기권요금": null, "결제방법": null, "특기사항": null, "관리기관명": "광주광역시 동구청", "전화번호": "062-608-2914", "위도": 35.15196689, "경도": 126.9274224, "장애인전용주차구역보유여부": null, "데이터기준일자": "2026-04-16" }, "geometry": { "type": "Point", "coordinates": [ 126.9274224, 35.15196689 ] } },
{ "type": "Feature", "properties": { "주차장관리번호": "175-4-000027", "주차장명": "덕영주차장", "주차장구분": "민영", "주차장유형": "노외", "소재지도로명주소": "광주광역시 동구 금남로 171-1", "소재지지번주소": "광주광역시 동구 금남로5가 99-6", "주차구획수": "23", "급지구분": "1", "부제시행구분": "미시행", "운영요일": "평일+토요일+공휴일", "평일운영시작시각": "00:00", "평일운영종료시각": "23:59", "토요일운영시작시각": "00:00", "토요일운영종료시각": "23:59", "공휴일운영시작시각": "00:00", "공휴일운영종료시각": "23:59", "요금정보": "유료", "주차기본시간": "30", "주차기본요금": "800", "추가단위시간": null, "추가단위요금": null, "1일주차권요금적용시간": null, "1일주차권요금": null, "월정기권요금": null, "결제방법": null, "특기사항": null, "관리기관명": "광주광역시 동구청", "전화번호": "062-608-2914", "위도": 35.15249057, "경도": 126.9123998, "장애인전용주차구역보유여부": null, "데이터기준일자": "2026-04-16" }, "geometry": { "type": "Point", "coordinates": [ 126.9123998, 35.15249057 ] } },
{ "type": "Feature", "properties": { "주차장관리번호": "175-4-000025", "주차장명": "광일주차장", "주차장구분": "민영", "주차장유형": "노외", "소재지도로명주소": "광주광역시 동구 필문대로153번길 5-3", "소재지지번주소": "광주광역시 동구 산수동 538-12", "주차구획수": "20", "급지구분": "1", "부제시행구분": "미시행", "운영요일": "평일+토요일+공휴일", "평일운영시작시각": "00:00", "평일운영종료시각": "23:59", "토요일운영시작시각": "00:00", "토요일운영종료시각": "23:59", "공휴일운영시작시각": "00:00", "공휴일운영종료시각": "23:59", "요금정보": "유료", "주차기본시간": "30", "주차기본요금": "800", "추가단위시간": null, "추가단위요금": null, "1일주차권요금적용시간": null, "1일주차권요금": null, "월정기권요금": null, "결제방법": null, "특기사항": null, "관리기관명": "광주광역시 동구청", "전화번호": "062-608-2914", "위도": 35.15719747, "경도": 126.932067, "장애인전용주차구역보유여부": null, "데이터기준일자": "2026-04-16" }, "geometry": { "type": "Point", "coordinates": [ 126.932067, 35.15719747 ] } },
{ "type": "Feature", "properties": { "주차장관리번호": "175-4-000024", "주차장명": "만수주차장", "주차장구분": "민영", "주차장유형": "노외", "소재지도로명주소": "광주광역시 동구 구성로 220-1", "소재지지번주소": "광주광역시 동구 대인동 311-15", "주차구획수": "7", "급지구분": "1", "부제시행구분": "미시행", "운영요일": "평일+토요일+공휴일", "평일운영시작시각": "00:00", "평일운영종료시각": "23:59", "토요일운영시작시각": "00:00", "토요일운영종료시각": "23:59", "공휴일운영시작시각": "00:00", "공휴일운영종료시각": "23:59", "요금정보": "유료", "주차기본시간": "30", "주차기본요금": "800", "추가단위시간": null, "추가단위요금": null, "1일주차권요금적용시간": null, "1일주차권요금": null, "월정기권요금": null, "결제방법": null, "특기사항": null, "관리기관명": "광주광역시 동구청", "전화번호": "062-608-2914", "위도": 35.15461312, "경도": 126.9160017, "장애인전용주차구역보유여부": null, "데이터기준일자": "2026-04-16" }, "geometry": { "type": "Point", "coordinates": [ 126.9160017, 35.15461312 ] } },
{ "type": "Feature", "properties": { "주차장관리번호": "175-4-000023", "주차장명": "명동주차장", "주차장구분": "민영", "주차장유형": "노외", "소재지도로명주소": "광주광역시 동구 서석로7번길 3", "소재지지번주소": "광주광역시 동구 불로동 92-2", "주차구획수": "21", "급지구분": "1", "부제시행구분": "미시행", "운영요일": "평일+토요일+공휴일", "평일운영시작시각": "00:00", "평일운영종료시각": "23:59", "토요일운영시작시각": "00:00", "토요일운영종료시각": "23:59", "공휴일운영시작시각": "00:00", "공휴일운영종료시각": "23:59", "요금정보": "유료", "주차기본시간": "30", "주차기본요금": "800", "추가단위시간": null, "추가단위요금": null, "1일주차권요금적용시간": null, "1일주차권요금": null, "월정기권요금": null, "결제방법": null, "특기사항": null, "관리기관명": "광주광역시 동구청", "전화번호": "062-608-2914", "위도": 35.14529207, "경도": 126.9145979, "장애인전용주차구역보유여부": null, "데이터기준일자": "2026-04-16" }, "geometry": { "type": "Point", "coordinates": [ 126.9145979, 35.14529207 ] } },
{ "type": "Feature", "properties": { "주차장관리번호": "175-4-000061", "주차장명": "모네주차장", "주차장구분": "민영", "주차장유형": "노외", "소재지도로명주소": null, "소재지지번주소": "광주광역시 동구 금남로5가 170", "주차구획수": "9", "급지구분": "1", "부제시행구분": "미시행", "운영요일": "평일+토요일+공휴일", "평일운영시작시각": "00:00", "평일운영종료시각": "23:59", "토요일운영시작시각": "00:00", "토요일운영종료시각": "23:59", "공휴일운영시작시각": "00:00", "공휴일운영종료시각": "23:59", "요금정보": "유료", "주차기본시간": "30", "주차기본요금": "800", "추가단위시간": null, "추가단위요금": null, "1일주차권요금적용시간": null, "1일주차권요금": null, "월정기권요금": null, "결제방법": null, "특기사항": null, "관리기관명": "광주광역시 동구청", "전화번호": "062-608-2914", "위도": 35.15175234, "경도": 126.9144938, "장애인전용주차구역보유여부": null, "데이터기준일자": "2026-04-16" }, "geometry": { "type": "Point", "coordinates": [ 126.9144938, 35.15175234 ] } },
{ "type": "Feature", "properties": { "주차장관리번호": "175-4-000060", "주차장명": "서광주차장", "주차장구분": "민영", "주차장유형": "노외", "소재지도로명주소": "광주광역시 동구 백서로197번길 5", "소재지지번주소": "광주광역시 동구 서석동 20", "주차구획수": "20", "급지구분": "1", "부제시행구분": "미시행", "운영요일": "평일+토요일+공휴일", "평일운영시작시각": "00:00", "평일운영종료시각": "23:59", "토요일운영시작시각": "00:00", "토요일운영종료시각": "23:59", "공휴일운영시작시각": "00:00", "공휴일운영종료시각": "23:59", "요금정보": "유료", "주차기본시간": "30", "주차기본요금": "800", "추가단위시간": null, "추가단위요금": null, "1일주차권요금적용시간": null, "1일주차권요금": null, "월정기권요금": null, "결제방법": null, "특기사항": null, "관리기관명": "광주광역시 동구청", "전화번호": "062-608-2914", "위도": 35.14581073, "경도": 126.9246845, "장애인전용주차구역보유여부": null, "데이터기준일자": "2026-04-16" }, "geometry": { "type": "Point", "coordinates": [ 126.9246845, 35.14581073 ] } },
{ "type": "Feature", "properties": { "주차장관리번호": "175-4-000059", "주차장명": "대인주차장", "주차장구분": "민영", "주차장유형": "노외", "소재지도로명주소": "광주광역시 동구 구성로238번길 24", "소재지지번주소": "광주광역시 동구 계림동 349", "주차구획수": "20", "급지구분": "1", "부제시행구분": "미시행", "운영요일": "평일+토요일+공휴일", "평일운영시작시각": "00:00", "평일운영종료시각": "23:59", "토요일운영시작시각": "00:00", "토요일운영종료시각": "23:59", "공휴일운영시작시각": "00:00", "공휴일운영종료시각": "23:59", "요금정보": "유료", "주차기본시간": "30", "주차기본요금": "800", "추가단위시간": null, "추가단위요금": null, "1일주차권요금적용시간": null, "1일주차권요금": null, "월정기권요금": null, "결제방법": null, "특기사항": null, "관리기관명": "광주광역시 동구청", "전화번호": "062-608-2914", "위도": 35.15429433, "경도": 126.9190838, "장애인전용주차구역보유여부": null, "데이터기준일자": "2026-04-16" }, "geometry": { "type": "Point", "coordinates": [ 126.9190838, 35.15429433 ] } },
{ "type": "Feature", "properties": { "주차장관리번호": "175-4-000058", "주차장명": "충장주차장", "주차장구분": "민영", "주차장유형": "노외", "소재지도로명주소": "광주광역시 동구 중앙로 165", "소재지지번주소": "광주광역시 동구 충장로4가 29-1", "주차구획수": "24", "급지구분": "1", "부제시행구분": "미시행", "운영요일": "평일+토요일+공휴일", "평일운영시작시각": "00:00", "평일운영종료시각": "23:59", "토요일운영시작시각": "00:00", "토요일운영종료시각": "23:59", "공휴일운영시작시각": "00:00", "공휴일운영종료시각": "23:59", "요금정보": "유료", "주차기본시간": "30", "주차기본요금": "800", "추가단위시간": null, "추가단위요금": null, "1일주차권요금적용시간": null, "1일주차권요금": null, "월정기권요금": null, "결제방법": null, "특기사항": null, "관리기관명": "광주광역시 동구청", "전화번호": "062-608-2914", "위도": 35.14912023, "경도": 126.9134394, "장애인전용주차구역보유여부": null, "데이터기준일자": "2026-04-16" }, "geometry": { "type": "Point", "coordinates": [ 126.9134394, 35.14912023 ] } },
{ "type": "Feature", "properties": { "주차장관리번호": "175-4-000056", "주차장명": "충장주차빌딩", "주차장구분": "민영", "주차장유형": "노외", "소재지도로명주소": "광주광역시 동구 충장로 14-12", "소재지지번주소": "광주광역시 동구 충장로5가 96-5", "주차구획수": "62", "급지구분": "1", "부제시행구분": "미시행", "운영요일": "평일+토요일+공휴일", "평일운영시작시각": "00:00", "평일운영종료시각": "23:59", "토요일운영시작시각": "00:00", "토요일운영종료시각": "23:59", "공휴일운영시작시각": "00:00", "공휴일운영종료시각": "23:59", "요금정보": "유료", "주차기본시간": "30", "주차기본요금": "800", "추가단위시간": null, "추가단위요금": null, "1일주차권요금적용시간": null, "1일주차권요금": null, "월정기권요금": null, "결제방법": null, "특기사항": null, "관리기관명": "광주광역시 동구청", "전화번호": "062-608-2914", "위도": 35.15213182, "경도": 126.9099287, "장애인전용주차구역보유여부": null, "데이터기준일자": "2026-04-16" }, "geometry": { "type": "Point", "coordinates": [ 126.9099287, 35.15213182 ] } },
{ "type": "Feature", "properties": { "주차장관리번호": "175-4-000055", "주차장명": "한강주차장", "주차장구분": "민영", "주차장유형": "노외", "소재지도로명주소": "광주광역시 동구 서석로 13", "소재지지번주소": "광주광역시 동구 불로동 97-4", "주차구획수": "40", "급지구분": "1", "부제시행구분": "미시행", "운영요일": "평일+토요일+공휴일", "평일운영시작시각": "00:00", "평일운영종료시각": "23:59", "토요일운영시작시각": "00:00", "토요일운영종료시각": "23:59", "공휴일운영시작시각": "00:00", "공휴일운영종료시각": "23:59", "요금정보": "유료", "주차기본시간": "30", "주차기본요금": "800", "추가단위시간": null, "추가단위요금": null, "1일주차권요금적용시간": null, "1일주차권요금": null, "월정기권요금": null, "결제방법": null, "특기사항": null, "관리기관명": "광주광역시 동구청", "전화번호": "062-608-2914", "위도": 35.14545839, "경도": 126.9152781, "장애인전용주차구역보유여부": null, "데이터기준일자": "2026-04-16" }, "geometry": { "type": "Point", "coordinates": [ 126.9152781, 35.14545839 ] } },
{ "type": "Feature", "properties": { "주차장관리번호": "175-4-000054", "주차장명": "춘추주차장", "주차장구분": "민영", "주차장유형": "노외", "소재지도로명주소": "광주광역시 동구 문화전당로26번길 8", "소재지지번주소": "광주광역시 동구 남동 33", "주차구획수": "17", "급지구분": "1", "부제시행구분": "미시행", "운영요일": "평일+토요일+공휴일", "평일운영시작시각": "00:00", "평일운영종료시각": "23:59", "토요일운영시작시각": "00:00", "토요일운영종료시각": "23:59", "공휴일운영시작시각": "00:00", "공휴일운영종료시각": "23:59", "요금정보": "유료", "주차기본시간": "30", "주차기본요금": "800", "추가단위시간": null, "추가단위요금": null, "1일주차권요금적용시간": null, "1일주차권요금": null, "월정기권요금": null, "결제방법": null, "특기사항": null, "관리기관명": "광주광역시 동구청", "전화번호": "062-608-2914", "위도": 35.14493188, "경도": 126.9204143, "장애인전용주차구역보유여부": null, "데이터기준일자": "2026-04-16" }, "geometry": { "type": "Point", "coordinates": [ 126.9204143, 35.14493188 ] } },
{ "type": "Feature", "properties": { "주차장관리번호": "175-4-000053", "주차장명": "청송주차장", "주차장구분": "민영", "주차장유형": "노외", "소재지도로명주소": "광주광역시 동구 지산로 61", "소재지지번주소": "광주광역시 동구 지산동 433-6", "주차구획수": "20", "급지구분": "1", "부제시행구분": "미시행", "운영요일": "평일+토요일+공휴일", "평일운영시작시각": "00:00", "평일운영종료시각": "23:59", "토요일운영시작시각": "00:00", "토요일운영종료시각": "23:59", "공휴일운영시작시각": "00:00", "공휴일운영종료시각": "23:59", "요금정보": "유료", "주차기본시간": "30", "주차기본요금": "800", "추가단위시간": null, "추가단위요금": null, "1일주차권요금적용시간": null, "1일주차권요금": null, "월정기권요금": null, "결제방법": null, "특기사항": null, "관리기관명": "광주광역시 동구청", "전화번호": "062-608-2914", "위도": 35.14923294, "경도": 126.9328199, "장애인전용주차구역보유여부": null, "데이터기준일자": "2026-04-16" }, "geometry": { "type": "Point", "coordinates": [ 126.9328199, 35.14923294 ] } },
{ "type": "Feature", "properties": { "주차장관리번호": "175-4-000052", "주차장명": "안전주차장", "주차장구분": "민영", "주차장유형": "노외", "소재지도로명주소": "광주광역시 동구 문화전당로35번길 23-2", "소재지지번주소": "광주광역시 동구 금동 30-10", "주차구획수": "36", "급지구분": "1", "부제시행구분": "미시행", "운영요일": "평일+토요일+공휴일", "평일운영시작시각": "00:00", "평일운영종료시각": "23:59", "토요일운영시작시각": "00:00", "토요일운영종료시각": "23:59", "공휴일운영시작시각": "00:00", "공휴일운영종료시각": "23:59", "요금정보": "유료", "주차기본시간": "30", "주차기본요금": "800", "추가단위시간": null, "추가단위요금": null, "1일주차권요금적용시간": null, "1일주차권요금": null, "월정기권요금": null, "결제방법": null, "특기사항": null, "관리기관명": "광주광역시 동구청", "전화번호": "062-608-2914", "위도": 35.14488614, "경도": 126.916736, "장애인전용주차구역보유여부": null, "데이터기준일자": "2026-04-16" }, "geometry": { "type": "Point", "coordinates": [ 126.916736, 35.14488614 ] } },
{ "type": "Feature", "properties": { "주차장관리번호": "175-2-000011", "주차장명": "충장로상점가 공영주차장", "주차장구분": "공영", "주차장유형": "노외", "소재지도로명주소": null, "소재지지번주소": "광주광역시 동구 금남로 5가 124-1", "주차구획수": "38", "급지구분": "1", "부제시행구분": "미시행", "운영요일": "평일+토요일+공휴일", "평일운영시작시각": "08:00", "평일운영종료시각": "21:00", "토요일운영시작시각": "08:00", "토요일운영종료시각": "21:00", "공휴일운영시작시각": "08:00", "공휴일운영종료시각": "23:59", "요금정보": "혼합", "주차기본시간": "30", "주차기본요금": "700", "추가단위시간": "15", "추가단위요금": "350", "1일주차권요금적용시간": "343", "1일주차권요금": "8000", "월정기권요금": "86000", "결제방법": "신용카드", "특기사항": null, "관리기관명": "광주광역시 동구청", "전화번호": "062-608-2703", "위도": 35.15138008, "경도": 126.9125737, "장애인전용주차구역보유여부": null, "데이터기준일자": "2026-04-16" }, "geometry": { "type": "Point", "coordinates": [ 126.9125737, 35.15138008 ] } },
{ "type": "Feature", "properties": { "주차장관리번호": "175-2-000010", "주차장명": "전자의거리 공영주차장", "주차장구분": "공영", "주차장유형": "노외", "소재지도로명주소": null, "소재지지번주소": "광주광역시 동구 대인동 27-9", "주차구획수": "43", "급지구분": "1", "부제시행구분": "미시행", "운영요일": "평일+토요일+공휴일", "평일운영시작시각": "09:00", "평일운영종료시각": "19:00", "토요일운영시작시각": "09:00", "토요일운영종료시각": "19:00", "공휴일운영시작시각": "09:00", "공휴일운영종료시각": "23:59", "요금정보": "혼합", "주차기본시간": "30", "주차기본요금": "700", "추가단위시간": "15", "추가단위요금": "350", "1일주차권요금적용시간": "343", "1일주차권요금": "8000", "월정기권요금": "80000", "결제방법": "신용카드", "특기사항": null, "관리기관명": "광주광역시 동구청", "전화번호": "062-608-2703", "위도": 35.15349114, "경도": 126.9140997, "장애인전용주차구역보유여부": null, "데이터기준일자": "2026-04-16" }, "geometry": { "type": "Point", "coordinates": [ 126.9140997, 35.15349114 ] } },
{ "type": "Feature", "properties": { "주차장관리번호": "175-2-000009", "주차장명": "대인시장 공영주차장 제2주차장", "주차장구분": "공영", "주차장유형": "노외", "소재지도로명주소": "광주광역시 동구 제봉로 194번길 10", "소재지지번주소": null, "주차구획수": "62", "급지구분": "2", "부제시행구분": "미시행", "운영요일": "평일+토요일+공휴일", "평일운영시작시각": "08:00", "평일운영종료시각": "18:00", "토요일운영시작시각": "08:00", "토요일운영종료시각": "20:00", "공휴일운영시작시각": "08:00", "공휴일운영종료시각": "23:59", "요금정보": "혼합", "주차기본시간": "30", "주차기본요금": "500", "추가단위시간": "15", "추가단위요금": "250", "1일주차권요금적용시간": "343", "1일주차권요금": "6000", "월정기권요금": "64000", "결제방법": "신용카드", "특기사항": null, "관리기관명": "광주광역시 동구청", "전화번호": "062-608-2703", "위도": 35.15407676, "경도": 126.9172446, "장애인전용주차구역보유여부": null, "데이터기준일자": "2026-04-16" }, "geometry": { "type": "Point", "coordinates": [ 126.9172446, 35.15407676 ] } },
{ "type": "Feature", "properties": { "주차장관리번호": "175-2-000008", "주차장명": "대인시장 공영주차장 제1주차장", "주차장구분": "공영", "주차장유형": "노외", "소재지도로명주소": "광주광역시 동구 제봉로 194번길 7-1", "소재지지번주소": null, "주차구획수": "62", "급지구분": "2", "부제시행구분": "미시행", "운영요일": "평일+토요일+공휴일", "평일운영시작시각": "08:00", "평일운영종료시각": "18:00", "토요일운영시작시각": "08:00", "토요일운영종료시각": "20:00", "공휴일운영시작시각": "08:00", "공휴일운영종료시각": "23:59", "요금정보": "혼합", "주차기본시간": "30", "주차기본요금": "500", "추가단위시간": "15", "추가단위요금": "250", "1일주차권요금적용시간": "343", "1일주차권요금": "6000", "월정기권요금": "64000", "결제방법": "신용카드", "특기사항": null, "관리기관명": "광주광역시 동구청", "전화번호": "062-608-2703", "위도": 35.15414128, "경도": 126.9166914, "장애인전용주차구역보유여부": null, "데이터기준일자": "2026-04-16" }, "geometry": { "type": "Point", "coordinates": [ 126.9166914, 35.15414128 ] } },
{ "type": "Feature", "properties": { "주차장관리번호": "175-2-000007", "주차장명": "궁동 공영주차장", "주차장구분": "공영", "주차장유형": "노외", "소재지도로명주소": "광주광역시 동구 제봉로 153-4", "소재지지번주소": "광주광역시 동구 궁동 15", "주차구획수": "35", "급지구분": "1", "부제시행구분": "미시행", "운영요일": "평일+토요일+공휴일", "평일운영시작시각": "09:00", "평일운영종료시각": "21:00", "토요일운영시작시각": "00:00", "토요일운영종료시각": "23:59", "공휴일운영시작시각": "00:00", "공휴일운영종료시각": "23:59", "요금정보": "혼합", "주차기본시간": "30", "주차기본요금": "700", "추가단위시간": "15", "추가단위요금": "350", "1일주차권요금적용시간": "343", "1일주차권요금": "8000", "월정기권요금": "86000", "결제방법": "신용카드", "특기사항": null, "관리기관명": "광주광역시 동구청", "전화번호": "062-608-2914", "위도": 35.1509667, "경도": 126.9194163, "장애인전용주차구역보유여부": null, "데이터기준일자": "2026-04-16" }, "geometry": { "type": "Point", "coordinates": [ 126.9194163, 35.1509667 ] } },
{ "type": "Feature", "properties": { "주차장관리번호": "175-2-000006", "주차장명": "호남동 공영주차장", "주차장구분": "공영", "주차장유형": "노외", "소재지도로명주소": "광주광역시 동구 천변우로 365", "소재지지번주소": "광주광역시 동구 호남동 16", "주차구획수": "193", "급지구분": "1", "부제시행구분": "미시행", "운영요일": "평일+토요일+공휴일", "평일운영시작시각": "07:00", "평일운영종료시각": "23:00", "토요일운영시작시각": "07:00", "토요일운영종료시각": "23:00", "공휴일운영시작시각": "07:00", "공휴일운영종료시각": "23:00", "요금정보": "유료", "주차기본시간": "30", "주차기본요금": "700", "추가단위시간": "15", "추가단위요금": "350", "1일주차권요금적용시간": "343", "1일주차권요금": "8000", "월정기권요금": "86000", "결제방법": "신용카드", "특기사항": null, "관리기관명": "광주광역시 동구청", "전화번호": "062-608-2914", "위도": 35.1480873, "경도": 126.9114597, "장애인전용주차구역보유여부": null, "데이터기준일자": "2026-04-16" }, "geometry": { "type": "Point", "coordinates": [ 126.9114597, 35.1480873 ] } },
{ "type": "Feature", "properties": { "주차장관리번호": "175-1-000003", "주차장명": "전남여고뒤 공영주차장", "주차장구분": "공영", "주차장유형": "노상", "소재지도로명주소": null, "소재지지번주소": "광주광역시 동구 장동 139", "주차구획수": "44", "급지구분": "1", "부제시행구분": "미시행", "운영요일": "평일+토요일+공휴일", "평일운영시작시각": "08:00", "평일운영종료시각": "20:00", "토요일운영시작시각": "08:00", "토요일운영종료시각": "20:00", "공휴일운영시작시각": "00:00", "공휴일운영종료시각": "23:59", "요금정보": "유료", "주차기본시간": "30", "주차기본요금": "700", "추가단위시간": "15", "추가단위요금": "350", "1일주차권요금적용시간": "343", "1일주차권요금": "8000", "월정기권요금": "86000", "결제방법": "현금", "특기사항": null, "관리기관명": "광주광역시 동구청", "전화번호": "062-608-2914", "위도": 35.1516666, "경도": 126.9187879, "장애인전용주차구역보유여부": null, "데이터기준일자": "2026-04-16" }, "geometry": { "type": "Point", "coordinates": [ 126.9187879, 35.1516666 ] } },
{ "type": "Feature", "properties": { "주차장관리번호": "175-4-000051", "주차장명": "태능주차장", "주차장구분": "민영", "주차장유형": "노외", "소재지도로명주소": "광주광역시 동구 중앙로 149-10", "소재지지번주소": "광주광역시 동구 호남동 32-9", "주차구획수": "18", "급지구분": "1", "부제시행구분": "미시행", "운영요일": "평일+토요일+공휴일", "평일운영시작시각": "00:00", "평일운영종료시각": "23:59", "토요일운영시작시각": "00:00", "토요일운영종료시각": "23:59", "공휴일운영시작시각": "00:00", "공휴일운영종료시각": "23:59", "요금정보": "유료", "주차기본시간": "30", "주차기본요금": "800", "추가단위시간": null, "추가단위요금": null, "1일주차권요금적용시간": null, "1일주차권요금": null, "월정기권요금": null, "결제방법": null, "특기사항": null, "관리기관명": "광주광역시 동구청", "전화번호": "062-608-2914", "위도": 35.14832973, "경도": 126.912176, "장애인전용주차구역보유여부": null, "데이터기준일자": "2026-04-16" }, "geometry": { "type": "Point", "coordinates": [ 126.912176, 35.14832973 ] } },
{ "type": "Feature", "properties": { "주차장관리번호": "175-4-000200", "주차장명": "신광주차장", "주차장구분": "민영", "주차장유형": "노외", "소재지도로명주소": "광주광역시 동구 문화전당로 45", "소재지지번주소": "광주광역시 동구 광산동 74", "주차구획수": "12", "급지구분": "1", "부제시행구분": "미시행", "운영요일": "평일+토요일+공휴일", "평일운영시작시각": "00:00", "평일운영종료시각": "23:59", "토요일운영시작시각": "00:00", "토요일운영종료시각": "23:59", "공휴일운영시작시각": "00:00", "공휴일운영종료시각": "23:59", "요금정보": "유료", "주차기본시간": "30", "주차기본요금": "800", "추가단위시간": null, "추가단위요금": null, "1일주차권요금적용시간": null, "1일주차권요금": null, "월정기권요금": null, "결제방법": null, "특기사항": null, "관리기관명": "광주광역시 동구청", "전화번호": "062-608-2914", "위도": 35.14643406, "경도": 126.9184858, "장애인전용주차구역보유여부": null, "데이터기준일자": "2026-04-16" }, "geometry": { "type": "Point", "coordinates": [ 126.9184858, 35.14643406 ] } },
{ "type": "Feature", "properties": { "주차장관리번호": "175-4-000201", "주차장명": "창성주차장", "주차장구분": "민영", "주차장유형": "노외", "소재지도로명주소": null, "소재지지번주소": "광주광역시 동구 지산동 714-67,69", "주차구획수": "14", "급지구분": "1", "부제시행구분": "미시행", "운영요일": "평일+토요일+공휴일", "평일운영시작시각": "00:00", "평일운영종료시각": "23:59", "토요일운영시작시각": "00:00", "토요일운영종료시각": "23:59", "공휴일운영시작시각": "00:00", "공휴일운영종료시각": "23:59", "요금정보": "유료", "주차기본시간": "30", "주차기본요금": "800", "추가단위시간": null, "추가단위요금": null, "1일주차권요금적용시간": null, "1일주차권요금": null, "월정기권요금": null, "결제방법": null, "특기사항": null, "관리기관명": "광주광역시 동구청", "전화번호": "062-608-2914", "위도": 35.15123153, "경도": 126.9317251, "장애인전용주차구역보유여부": null, "데이터기준일자": "2026-04-16" }, "geometry": { "type": "Point", "coordinates": [ 126.9317251, 35.15123153 ] } },
{ "type": "Feature", "properties": { "주차장관리번호": "175-4-000001", "주차장명": "대연각주차장", "주차장구분": "민영", "주차장유형": "노외", "소재지도로명주소": "광주광역시 동구 제봉로212번길 6", "소재지지번주소": "광주광역시 동구 대인동 323-2", "주차구획수": "20", "급지구분": "1", "부제시행구분": "미시행", "운영요일": "평일+토요일+공휴일", "평일운영시작시각": "00:00", "평일운영종료시각": "23:59", "토요일운영시작시각": "00:00", "토요일운영종료시각": "23:59", "공휴일운영시작시각": "00:00", "공휴일운영종료시각": "23:59", "요금정보": "유료", "주차기본시간": "30", "주차기본요금": "800", "추가단위시간": null, "추가단위요금": null, "1일주차권요금적용시간": null, "1일주차권요금": null, "월정기권요금": null, "결제방법": null, "특기사항": null, "관리기관명": "광주광역시 동구청", "전화번호": "062-608-2914", "위도": 35.15500949, "경도": 126.915672, "장애인전용주차구역보유여부": null, "데이터기준일자": "2026-04-16" }, "geometry": { "type": "Point", "coordinates": [ 126.915672, 35.15500949 ] } },
{ "type": "Feature", "properties": { "주차장관리번호": "175-4-000220", "주차장명": "예일주차장", "주차장구분": "민영", "주차장유형": "노외", "소재지도로명주소": null, "소재지지번주소": "광주광역시 동구 금남로4가 33", "주차구획수": "9", "급지구분": "1", "부제시행구분": "미시행", "운영요일": "평일+토요일+공휴일", "평일운영시작시각": "00:00", "평일운영종료시각": "23:59", "토요일운영시작시각": "00:00", "토요일운영종료시각": "23:59", "공휴일운영시작시각": "00:00", "공휴일운영종료시각": "23:59", "요금정보": "유료", "주차기본시간": "30", "주차기본요금": "800", "추가단위시간": null, "추가단위요금": null, "1일주차권요금적용시간": null, "1일주차권요금": null, "월정기권요금": null, "결제방법": null, "특기사항": null, "관리기관명": "광주광역시 동구청", "전화번호": "062-608-2914", "위도": 35.15095228, "경도": 126.9151397, "장애인전용주차구역보유여부": null, "데이터기준일자": "2026-04-16" }, "geometry": { "type": "Point", "coordinates": [ 126.9151397, 35.15095228 ] } },
{ "type": "Feature", "properties": { "주차장관리번호": "175-4-000219", "주차장명": "중앙주차장", "주차장구분": "민영", "주차장유형": "노외", "소재지도로명주소": null, "소재지지번주소": "광주광역시 동구 궁동 34-7", "주차구획수": "7", "급지구분": "1", "부제시행구분": "미시행", "운영요일": "평일+토요일+공휴일", "평일운영시작시각": "00:00", "평일운영종료시각": "23:59", "토요일운영시작시각": "00:00", "토요일운영종료시각": "23:59", "공휴일운영시작시각": "00:00", "공휴일운영종료시각": "23:59", "요금정보": "유료", "주차기본시간": "30", "주차기본요금": "800", "추가단위시간": null, "추가단위요금": null, "1일주차권요금적용시간": null, "1일주차권요금": null, "월정기권요금": null, "결제방법": null, "특기사항": null, "관리기관명": "광주광역시 동구청", "전화번호": "062-608-2914", "위도": 35.15039207, "경도": 126.9182783, "장애인전용주차구역보유여부": null, "데이터기준일자": "2026-04-16" }, "geometry": { "type": "Point", "coordinates": [ 126.9182783, 35.15039207 ] } },
{ "type": "Feature", "properties": { "주차장관리번호": "175-4-000218", "주차장명": "스마일주차장", "주차장구분": "민영", "주차장유형": "노외", "소재지도로명주소": null, "소재지지번주소": "광주광역시 동구 호남동 37-10", "주차구획수": "24", "급지구분": "1", "부제시행구분": "미시행", "운영요일": "평일+토요일+공휴일", "평일운영시작시각": "00:00", "평일운영종료시각": "23:59", "토요일운영시작시각": "00:00", "토요일운영종료시각": "23:59", "공휴일운영시작시각": "00:00", "공휴일운영종료시각": "23:59", "요금정보": "유료", "주차기본시간": "30", "주차기본요금": "800", "추가단위시간": null, "추가단위요금": null, "1일주차권요금적용시간": null, "1일주차권요금": null, "월정기권요금": null, "결제방법": null, "특기사항": null, "관리기관명": "광주광역시 동구청", "전화번호": "062-608-2914", "위도": 35.14865428, "경도": 126.9126396, "장애인전용주차구역보유여부": null, "데이터기준일자": "2026-04-16" }, "geometry": { "type": "Point", "coordinates": [ 126.9126396, 35.14865428 ] } },
{ "type": "Feature", "properties": { "주차장관리번호": "175-4-000217", "주차장명": "태평주차장", "주차장구분": "민영", "주차장유형": "노외", "소재지도로명주소": null, "소재지지번주소": "광주광역시 동구 호남동 42-3", "주차구획수": "10", "급지구분": "1", "부제시행구분": "미시행", "운영요일": "평일+토요일+공휴일", "평일운영시작시각": "00:00", "평일운영종료시각": "23:59", "토요일운영시작시각": "00:00", "토요일운영종료시각": "23:59", "공휴일운영시작시각": "00:00", "공휴일운영종료시각": "23:59", "요금정보": "유료", "주차기본시간": "30", "주차기본요금": "800", "추가단위시간": null, "추가단위요금": null, "1일주차권요금적용시간": null, "1일주차권요금": null, "월정기권요금": null, "결제방법": null, "특기사항": null, "관리기관명": "광주광역시 동구청", "전화번호": "062-608-2914", "위도": 35.14710453, "경도": 126.9129688, "장애인전용주차구역보유여부": null, "데이터기준일자": "2026-04-16" }, "geometry": { "type": "Point", "coordinates": [ 126.9129688, 35.14710453 ] } },
{ "type": "Feature", "properties": { "주차장관리번호": "175-4-000216", "주차장명": "한국주차장", "주차장구분": "민영", "주차장유형": "노외", "소재지도로명주소": null, "소재지지번주소": "광주광역시 동구 지산동 720-17,18", "주차구획수": "13", "급지구분": "1", "부제시행구분": "미시행", "운영요일": "평일+토요일+공휴일", "평일운영시작시각": "00:00", "평일운영종료시각": "23:59", "토요일운영시작시각": "00:00", "토요일운영종료시각": "23:59", "공휴일운영시작시각": "00:00", "공휴일운영종료시각": "23:59", "요금정보": "유료", "주차기본시간": "30", "주차기본요금": "800", "추가단위시간": null, "추가단위요금": null, "1일주차권요금적용시간": null, "1일주차권요금": null, "월정기권요금": null, "결제방법": null, "특기사항": null, "관리기관명": "광주광역시 동구청", "전화번호": "062-608-2914", "위도": 35.15106489, "경도": 126.9300867, "장애인전용주차구역보유여부": null, "데이터기준일자": "2026-04-16" }, "geometry": { "type": "Point", "coordinates": [ 126.9300867, 35.15106489 ] } },
{ "type": "Feature", "properties": { "주차장관리번호": "175-4-000214", "주차장명": "광주토끼주차장", "주차장구분": "민영", "주차장유형": "노외", "소재지도로명주소": "광주광역시 동구 제봉로 207-1", "소재지지번주소": "광주광역시 동구 대인동 29-10", "주차구획수": "4", "급지구분": "1", "부제시행구분": "미시행", "운영요일": "평일+토요일+공휴일", "평일운영시작시각": "00:00", "평일운영종료시각": "23:59", "토요일운영시작시각": "00:00", "토요일운영종료시각": "23:59", "공휴일운영시작시각": "00:00", "공휴일운영종료시각": "23:59", "요금정보": "유료", "주차기본시간": "30", "주차기본요금": "800", "추가단위시간": null, "추가단위요금": null, "1일주차권요금적용시간": null, "1일주차권요금": null, "월정기권요금": null, "결제방법": null, "특기사항": null, "관리기관명": "광주광역시 동구청", "전화번호": "062-608-2914", "위도": 35.15391265, "경도": 126.9145581, "장애인전용주차구역보유여부": null, "데이터기준일자": "2026-04-16" }, "geometry": { "type": "Point", "coordinates": [ 126.9145581, 35.15391265 ] } },
{ "type": "Feature", "properties": { "주차장관리번호": "175-4-000213", "주차장명": "대광주차장", "주차장구분": "민영", "주차장유형": "노외", "소재지도로명주소": "광주광역시 동구 문화전당로26번길 4", "소재지지번주소": "광주광역시 동구 남동 34-2", "주차구획수": "18", "급지구분": "1", "부제시행구분": "미시행", "운영요일": "평일+토요일+공휴일", "평일운영시작시각": "00:00", "평일운영종료시각": "23:59", "토요일운영시작시각": "00:00", "토요일운영종료시각": "23:59", "공휴일운영시작시각": "00:00", "공휴일운영종료시각": "23:59", "요금정보": "유료", "주차기본시간": "30", "주차기본요금": "800", "추가단위시간": null, "추가단위요금": null, "1일주차권요금적용시간": null, "1일주차권요금": null, "월정기권요금": null, "결제방법": null, "특기사항": null, "관리기관명": "광주광역시 동구청", "전화번호": "062-608-2914", "위도": 35.14476581, "경도": 126.920094, "장애인전용주차구역보유여부": null, "데이터기준일자": "2026-04-16" }, "geometry": { "type": "Point", "coordinates": [ 126.920094, 35.14476581 ] } },
{ "type": "Feature", "properties": { "주차장관리번호": "175-4-000212", "주차장명": "스타주차장", "주차장구분": "민영", "주차장유형": "노외", "소재지도로명주소": "광주광역시 동구 서석로7번길 6-7", "소재지지번주소": "광주광역시 동구 불로동 17", "주차구획수": "36", "급지구분": "1", "부제시행구분": "미시행", "운영요일": "평일+토요일+공휴일", "평일운영시작시각": "00:00", "평일운영종료시각": "23:59", "토요일운영시작시각": "00:00", "토요일운영종료시각": "23:59", "공휴일운영시작시각": "00:00", "공휴일운영종료시각": "23:59", "요금정보": "유료", "주차기본시간": "30", "주차기본요금": "800", "추가단위시간": null, "추가단위요금": null, "1일주차권요금적용시간": null, "1일주차권요금": null, "월정기권요금": null, "결제방법": null, "특기사항": null, "관리기관명": "광주광역시 동구청", "전화번호": "062-608-2914", "위도": 35.14607087, "경도": 126.9146366, "장애인전용주차구역보유여부": null, "데이터기준일자": "2026-04-16" }, "geometry": { "type": "Point", "coordinates": [ 126.9146366, 35.14607087 ] } },
{ "type": "Feature", "properties": { "주차장관리번호": "175-4-000211", "주차장명": "황금알주차장", "주차장구분": "민영", "주차장유형": "노외", "소재지도로명주소": null, "소재지지번주소": "광주광역시 동구 서석동 470-31, 470-33", "주차구획수": "26", "급지구분": "1", "부제시행구분": "미시행", "운영요일": "평일+토요일+공휴일", "평일운영시작시각": "00:00", "평일운영종료시각": "23:59", "토요일운영시작시각": "00:00", "토요일운영종료시각": "23:59", "공휴일운영시작시각": "00:00", "공휴일운영종료시각": "23:59", "요금정보": "유료", "주차기본시간": "30", "주차기본요금": "800", "추가단위시간": null, "추가단위요금": null, "1일주차권요금적용시간": null, "1일주차권요금": null, "월정기권요금": null, "결제방법": null, "특기사항": null, "관리기관명": "광주광역시 동구청", "전화번호": "062-608-2914", "위도": 35.14318765, "경도": 126.9238468, "장애인전용주차구역보유여부": null, "데이터기준일자": "2026-04-16" }, "geometry": { "type": "Point", "coordinates": [ 126.9238468, 35.14318765 ] } },
{ "type": "Feature", "properties": { "주차장관리번호": "175-4-000210", "주차장명": "금남주차장", "주차장구분": "민영", "주차장유형": "노외", "소재지도로명주소": "광주광역시 동구 중앙로196번길 9", "소재지지번주소": "광주광역시 동구 궁동 56", "주차구획수": "26", "급지구분": "1", "부제시행구분": "미시행", "운영요일": "평일+토요일+공휴일", "평일운영시작시각": "00:00", "평일운영종료시각": "23:59", "토요일운영시작시각": "00:00", "토요일운영종료시각": "23:59", "공휴일운영시작시각": "00:00", "공휴일운영종료시각": "23:59", "요금정보": "유료", "주차기본시간": "30", "주차기본요금": "800", "추가단위시간": null, "추가단위요금": null, "1일주차권요금적용시간": null, "1일주차권요금": null, "월정기권요금": null, "결제방법": null, "특기사항": null, "관리기관명": "광주광역시 동구청", "전화번호": "062-608-2914", "위도": 35.15016833, "경도": 126.917051, "장애인전용주차구역보유여부": null, "데이터기준일자": "2026-04-16" }, "geometry": { "type": "Point", "coordinates": [ 126.917051, 35.15016833 ] } },
{ "type": "Feature", "properties": { "주차장관리번호": "175-4-000209", "주차장명": "황금알주차장", "주차장구분": "민영", "주차장유형": "노외", "소재지도로명주소": null, "소재지지번주소": "광주광역시 동구 서석동 470-8,999-14,470-48", "주차구획수": "24", "급지구분": "1", "부제시행구분": "미시행", "운영요일": "평일+토요일+공휴일", "평일운영시작시각": "00:00", "평일운영종료시각": "23:59", "토요일운영시작시각": "00:00", "토요일운영종료시각": "23:59", "공휴일운영시작시각": "00:00", "공휴일운영종료시각": "23:59", "요금정보": "유료", "주차기본시간": "30", "주차기본요금": "800", "추가단위시간": null, "추가단위요금": null, "1일주차권요금적용시간": null, "1일주차권요금": null, "월정기권요금": null, "결제방법": null, "특기사항": null, "관리기관명": "광주광역시 동구청", "전화번호": "062-608-2914", "위도": 35.14335525, "경도": 126.9235812, "장애인전용주차구역보유여부": null, "데이터기준일자": "2026-04-16" }, "geometry": { "type": "Point", "coordinates": [ 126.9235812, 35.14335525 ] } },
{ "type": "Feature", "properties": { "주차장관리번호": "175-4-000208", "주차장명": "모든주차장", "주차장구분": "민영", "주차장유형": "노외", "소재지도로명주소": "광주광역시 동구 구성로 143", "소재지지번주소": "광주광역시 동구 수기동 33-9", "주차구획수": "30", "급지구분": "1", "부제시행구분": "미시행", "운영요일": "평일+토요일+공휴일", "평일운영시작시각": "00:00", "평일운영종료시각": "23:59", "토요일운영시작시각": "00:00", "토요일운영종료시각": "23:59", "공휴일운영시작시각": "00:00", "공휴일운영종료시각": "23:59", "요금정보": "유료", "주차기본시간": "30", "주차기본요금": "800", "추가단위시간": null, "추가단위요금": null, "1일주차권요금적용시간": null, "1일주차권요금": null, "월정기권요금": null, "결제방법": null, "특기사항": null, "관리기관명": "광주광역시 동구청", "전화번호": "062-608-2914", "위도": 35.14983897, "경도": 126.9102121, "장애인전용주차구역보유여부": null, "데이터기준일자": "2026-04-16" }, "geometry": { "type": "Point", "coordinates": [ 126.9102121, 35.14983897 ] } },
{ "type": "Feature", "properties": { "주차장관리번호": "175-4-000207", "주차장명": "군산앞바다주차장", "주차장구분": "민영", "주차장유형": "노외", "소재지도로명주소": "광주광역시 동구 필문대로191번길 15-13", "소재지지번주소": "광주광역시 동구 산수동 518-2", "주차구획수": "5", "급지구분": "1", "부제시행구분": "미시행", "운영요일": "평일+토요일+공휴일", "평일운영시작시각": "00:00", "평일운영종료시각": "23:59", "토요일운영시작시각": "00:00", "토요일운영종료시각": "23:59", "공휴일운영시작시각": "00:00", "공휴일운영종료시각": "23:59", "요금정보": "유료", "주차기본시간": "30", "주차기본요금": "800", "추가단위시간": null, "추가단위요금": null, "1일주차권요금적용시간": null, "1일주차권요금": null, "월정기권요금": null, "결제방법": null, "특기사항": null, "관리기관명": "광주광역시 동구청", "전화번호": "062-608-2914", "위도": 35.15377996, "경도": 126.9328556, "장애인전용주차구역보유여부": null, "데이터기준일자": "2026-04-16" }, "geometry": { "type": "Point", "coordinates": [ 126.9328556, 35.15377996 ] } },
{ "type": "Feature", "properties": { "주차장관리번호": "175-4-000205", "주차장명": "황금알주차장", "주차장구분": "민영", "주차장유형": "노외", "소재지도로명주소": null, "소재지지번주소": "광주광역시 동구 서석동 125-1", "주차구획수": "18", "급지구분": "1", "부제시행구분": "미시행", "운영요일": "평일+토요일+공휴일", "평일운영시작시각": "00:00", "평일운영종료시각": "23:59", "토요일운영시작시각": "00:00", "토요일운영종료시각": "23:59", "공휴일운영시작시각": "00:00", "공휴일운영종료시각": "23:59", "요금정보": "유료", "주차기본시간": "30", "주차기본요금": "800", "추가단위시간": null, "추가단위요금": null, "1일주차권요금적용시간": null, "1일주차권요금": null, "월정기권요금": null, "결제방법": null, "특기사항": null, "관리기관명": "광주광역시 동구청", "전화번호": "062-608-2914", "위도": 35.14337239, "경도": 126.9224264, "장애인전용주차구역보유여부": null, "데이터기준일자": "2026-04-16" }, "geometry": { "type": "Point", "coordinates": [ 126.9224264, 35.14337239 ] } },
{ "type": "Feature", "properties": { "주차장관리번호": "175-4-000203", "주차장명": "대일주차장", "주차장구분": "민영", "주차장유형": "노외", "소재지도로명주소": "광주광역시 동구 구성로194번길 3", "소재지지번주소": "광주광역시 동구 대인동 85", "주차구획수": "40", "급지구분": "1", "부제시행구분": "미시행", "운영요일": "평일+토요일+공휴일", "평일운영시작시각": "00:00", "평일운영종료시각": "23:59", "토요일운영시작시각": "00:00", "토요일운영종료시각": "23:59", "공휴일운영시작시각": "00:00", "공휴일운영종료시각": "23:59", "요금정보": "유료", "주차기본시간": "30", "주차기본요금": "800", "추가단위시간": null, "추가단위요금": null, "1일주차권요금적용시간": null, "1일주차권요금": null, "월정기권요금": null, "결제방법": null, "특기사항": null, "관리기관명": "광주광역시 동구청", "전화번호": "062-608-2914", "위도": 35.15284518, "경도": 126.9141817, "장애인전용주차구역보유여부": null, "데이터기준일자": "2026-04-16" }, "geometry": { "type": "Point", "coordinates": [ 126.9141817, 35.15284518 ] } },
{ "type": "Feature", "properties": { "주차장관리번호": "175-4-000202", "주차장명": "금촌주차장", "주차장구분": "민영", "주차장유형": "노외", "소재지도로명주소": null, "소재지지번주소": "광주광역시 동구 금남로4가 38,37-4", "주차구획수": "14", "급지구분": "1", "부제시행구분": "미시행", "운영요일": "평일+토요일+공휴일", "평일운영시작시각": "00:00", "평일운영종료시각": "23:59", "토요일운영시작시각": "00:00", "토요일운영종료시각": "23:59", "공휴일운영시작시각": "00:00", "공휴일운영종료시각": "23:59", "요금정보": "유료", "주차기본시간": "30", "주차기본요금": "800", "추가단위시간": null, "추가단위요금": null, "1일주차권요금적용시간": null, "1일주차권요금": null, "월정기권요금": null, "결제방법": null, "특기사항": null, "관리기관명": "광주광역시 동구청", "전화번호": "062-608-2914", "위도": 35.15113555, "경도": 126.9152685, "장애인전용주차구역보유여부": null, "데이터기준일자": "2026-04-16" }, "geometry": { "type": "Point", "coordinates": [ 126.9152685, 35.15113555 ] } },
{ "type": "Feature", "properties": { "주차장관리번호": "175-4-000022", "주차장명": "청운주차장", "주차장구분": "민영", "주차장유형": "노외", "소재지도로명주소": "광주광역시 동구 지산로 55", "소재지지번주소": "광주광역시 동구 지산동 447", "주차구획수": "20", "급지구분": "1", "부제시행구분": "미시행", "운영요일": "평일+토요일+공휴일", "평일운영시작시각": "00:00", "평일운영종료시각": "23:59", "토요일운영시작시각": "00:00", "토요일운영종료시각": "23:59", "공휴일운영시작시각": "00:00", "공휴일운영종료시각": "23:59", "요금정보": "유료", "주차기본시간": "30", "주차기본요금": "800", "추가단위시간": null, "추가단위요금": null, "1일주차권요금적용시간": null, "1일주차권요금": null, "월정기권요금": null, "결제방법": null, "특기사항": null, "관리기관명": "광주광역시 동구청", "전화번호": "062-608-2914", "위도": 35.14872498, "경도": 126.9325993, "장애인전용주차구역보유여부": null, "데이터기준일자": "2026-04-16" }, "geometry": { "type": "Point", "coordinates": [ 126.9325993, 35.14872498 ] } },
{ "type": "Feature", "properties": { "주차장관리번호": "175-4-000020", "주차장명": "반도주차장", "주차장구분": "민영", "주차장유형": "노외", "소재지도로명주소": null, "소재지지번주소": "광주광역시 동구 대인동 28-6", "주차구획수": "50", "급지구분": "1", "부제시행구분": "미시행", "운영요일": "평일+토요일+공휴일", "평일운영시작시각": "00:00", "평일운영종료시각": "23:59", "토요일운영시작시각": "00:00", "토요일운영종료시각": "23:59", "공휴일운영시작시각": "00:00", "공휴일운영종료시각": "23:59", "요금정보": "유료", "주차기본시간": "30", "주차기본요금": "800", "추가단위시간": null, "추가단위요금": null, "1일주차권요금적용시간": null, "1일주차권요금": null, "월정기권요금": null, "결제방법": null, "특기사항": null, "관리기관명": "광주광역시 동구청", "전화번호": "062-608-2914", "위도": 35.15383098, "경도": 126.9135257, "장애인전용주차구역보유여부": null, "데이터기준일자": "2026-04-16" }, "geometry": { "type": "Point", "coordinates": [ 126.9135257, 35.15383098 ] } },
{ "type": "Feature", "properties": { "주차장관리번호": "175-4-000019", "주차장명": "보건주차장", "주차장구분": "민영", "주차장유형": "노외", "소재지도로명주소": "광주광역시 동구 양림로119번길 16-1", "소재지지번주소": "광주광역시 동구 학동 129", "주차구획수": "30", "급지구분": "1", "부제시행구분": "미시행", "운영요일": "평일+토요일+공휴일", "평일운영시작시각": "00:00", "평일운영종료시각": "23:59", "토요일운영시작시각": "00:00", "토요일운영종료시각": "23:59", "공휴일운영시작시각": "00:00", "공휴일운영종료시각": "23:59", "요금정보": "유료", "주차기본시간": "30", "주차기본요금": "800", "추가단위시간": null, "추가단위요금": null, "1일주차권요금적용시간": null, "1일주차권요금": null, "월정기권요금": null, "결제방법": null, "특기사항": null, "관리기관명": "광주광역시 동구청", "전화번호": "062-608-2914", "위도": 35.14125039, "경도": 126.9199263, "장애인전용주차구역보유여부": null, "데이터기준일자": "2026-04-16" }, "geometry": { "type": "Point", "coordinates": [ 126.9199263, 35.14125039 ] } },
{ "type": "Feature", "properties": { "주차장관리번호": "175-4-000018", "주차장명": "혜성주차장", "주차장구분": "민영", "주차장유형": "노외", "소재지도로명주소": null, "소재지지번주소": "광주광역시 동구 계림동 293-6", "주차구획수": "26", "급지구분": "1", "부제시행구분": "미시행", "운영요일": "평일+토요일+공휴일", "평일운영시작시각": "00:00", "평일운영종료시각": "23:59", "토요일운영시작시각": "00:00", "토요일운영종료시각": "23:59", "공휴일운영시작시각": "00:00", "공휴일운영종료시각": "23:59", "요금정보": "유료", "주차기본시간": "30", "주차기본요금": "800", "추가단위시간": null, "추가단위요금": null, "1일주차권요금적용시간": null, "1일주차권요금": null, "월정기권요금": null, "결제방법": null, "특기사항": null, "관리기관명": "광주광역시 동구청", "전화번호": "062-608-2914", "위도": 35.15767623, "경도": 126.9190848, "장애인전용주차구역보유여부": null, "데이터기준일자": "2026-04-16" }, "geometry": { "type": "Point", "coordinates": [ 126.9190848, 35.15767623 ] } },
{ "type": "Feature", "properties": { "주차장관리번호": "175-4-000017", "주차장명": "광주투자금융주차장", "주차장구분": "민영", "주차장유형": "노외", "소재지도로명주소": null, "소재지지번주소": "광주광역시 동구 충장로5가31", "주차구획수": "6", "급지구분": "1", "부제시행구분": "미시행", "운영요일": "평일+토요일+공휴일", "평일운영시작시각": "00:00", "평일운영종료시각": "23:59", "토요일운영시작시각": "00:00", "토요일운영종료시각": "23:59", "공휴일운영시작시각": "00:00", "공휴일운영종료시각": "23:59", "요금정보": "유료", "주차기본시간": "30", "주차기본요금": "800", "추가단위시간": null, "추가단위요금": null, "1일주차권요금적용시간": null, "1일주차권요금": null, "월정기권요금": null, "결제방법": null, "특기사항": null, "관리기관명": "광주광역시 동구청", "전화번호": "062-608-2914", "위도": 35.15113656, "경도": 126.9127389, "장애인전용주차구역보유여부": null, "데이터기준일자": "2026-04-16" }, "geometry": { "type": "Point", "coordinates": [ 126.9127389, 35.15113656 ] } },
{ "type": "Feature", "properties": { "주차장관리번호": "175-4-000016", "주차장명": "동아주차장", "주차장구분": "민영", "주차장유형": "노외", "소재지도로명주소": "광주광역시 동구 중앙로 273", "소재지지번주소": "광주광역시 동구 계림동 269", "주차구획수": "16", "급지구분": "1", "부제시행구분": "미시행", "운영요일": "평일+토요일+공휴일", "평일운영시작시각": "00:00", "평일운영종료시각": "23:59", "토요일운영시작시각": "00:00", "토요일운영종료시각": "23:59", "공휴일운영시작시각": "00:00", "공휴일운영종료시각": "23:59", "요금정보": "유료", "주차기본시간": "30", "주차기본요금": "800", "추가단위시간": null, "추가단위요금": null, "1일주차권요금적용시간": null, "1일주차권요금": null, "월정기권요금": null, "결제방법": null, "특기사항": null, "관리기관명": "광주광역시 동구청", "전화번호": "062-608-2914", "위도": 35.15615196, "경도": 126.9203375, "장애인전용주차구역보유여부": null, "데이터기준일자": "2026-04-16" }, "geometry": { "type": "Point", "coordinates": [ 126.9203375, 35.15615196 ] } },
{ "type": "Feature", "properties": { "주차장관리번호": "175-4-000015", "주차장명": "성일주차장", "주차장구분": "민영", "주차장유형": "노외", "소재지도로명주소": "광주광역시 동구 동계천로 22", "소재지지번주소": "광주광역시 동구 대인동 315-25", "주차구획수": "18", "급지구분": "1", "부제시행구분": "미시행", "운영요일": "평일+토요일+공휴일", "평일운영시작시각": "00:00", "평일운영종료시각": "23:59", "토요일운영시작시각": "00:00", "토요일운영종료시각": "23:59", "공휴일운영시작시각": "00:00", "공휴일운영종료시각": "23:59", "요금정보": "유료", "주차기본시간": "30", "주차기본요금": "800", "추가단위시간": null, "추가단위요금": null, "1일주차권요금적용시간": null, "1일주차권요금": null, "월정기권요금": null, "결제방법": null, "특기사항": null, "관리기관명": "광주광역시 동구청", "전화번호": "062-608-2914", "위도": 35.15569751, "경도": 126.9147889, "장애인전용주차구역보유여부": null, "데이터기준일자": "2026-04-16" }, "geometry": { "type": "Point", "coordinates": [ 126.9147889, 35.15569751 ] } },
{ "type": "Feature", "properties": { "주차장관리번호": "175-4-000014", "주차장명": "호남주차장", "주차장구분": "민영", "주차장유형": "노외", "소재지도로명주소": "광주광역시 동구 서석로7번길 15", "소재지지번주소": "광주광역시 동구 불로동 43-10", "주차구획수": "9", "급지구분": "1", "부제시행구분": "미시행", "운영요일": "평일+토요일+공휴일", "평일운영시작시각": "00:00", "평일운영종료시각": "23:59", "토요일운영시작시각": "00:00", "토요일운영종료시각": "23:59", "공휴일운영시작시각": "00:00", "공휴일운영종료시각": "23:59", "요금정보": "유료", "주차기본시간": "30", "주차기본요금": "800", "추가단위시간": null, "추가단위요금": null, "1일주차권요금적용시간": null, "1일주차권요금": null, "월정기권요금": null, "결제방법": null, "특기사항": null, "관리기관명": "광주광역시 동구청", "전화번호": "062-608-2914", "위도": 35.1463839, "경도": 126.9137276, "장애인전용주차구역보유여부": null, "데이터기준일자": "2026-04-16" }, "geometry": { "type": "Point", "coordinates": [ 126.9137276, 35.1463839 ] } },
{ "type": "Feature", "properties": { "주차장관리번호": "175-4-000012", "주차장명": "시민주차장", "주차장구분": "민영", "주차장유형": "노외", "소재지도로명주소": null, "소재지지번주소": "광주광역시 동구 대인동 180", "주차구획수": "21", "급지구분": "1", "부제시행구분": "미시행", "운영요일": "평일+토요일+공휴일", "평일운영시작시각": "00:00", "평일운영종료시각": "23:59", "토요일운영시작시각": "00:00", "토요일운영종료시각": "23:59", "공휴일운영시작시각": "00:00", "공휴일운영종료시각": "23:59", "요금정보": "유료", "주차기본시간": "30", "주차기본요금": "800", "추가단위시간": null, "추가단위요금": null, "1일주차권요금적용시간": null, "1일주차권요금": null, "월정기권요금": null, "결제방법": null, "특기사항": null, "관리기관명": "광주광역시 동구청", "전화번호": "062-608-2914", "위도": 35.15268816, "경도": 126.9165041, "장애인전용주차구역보유여부": null, "데이터기준일자": "2026-04-16" }, "geometry": { "type": "Point", "coordinates": [ 126.9165041, 35.15268816 ] } },
{ "type": "Feature", "properties": { "주차장관리번호": "175-4-000011", "주차장명": "월드주차장", "주차장구분": "민영", "주차장유형": "노외", "소재지도로명주소": "광주광역시 동구 구성로 201", "소재지지번주소": "광주광역시 동구 대인동 31", "주차구획수": "30", "급지구분": "1", "부제시행구분": "미시행", "운영요일": "평일+토요일+공휴일", "평일운영시작시각": "00:00", "평일운영종료시각": "23:59", "토요일운영시작시각": "00:00", "토요일운영종료시각": "23:59", "공휴일운영시작시각": "00:00", "공휴일운영종료시각": "23:59", "요금정보": "유료", "주차기본시간": "30", "주차기본요금": "800", "추가단위시간": null, "추가단위요금": null, "1일주차권요금적용시간": null, "1일주차권요금": null, "월정기권요금": null, "결제방법": null, "특기사항": null, "관리기관명": "광주광역시 동구청", "전화번호": "062-608-2914", "위도": 35.15374623, "경도": 126.9137549, "장애인전용주차구역보유여부": null, "데이터기준일자": "2026-04-16" }, "geometry": { "type": "Point", "coordinates": [ 126.9137549, 35.15374623 ] } },
{ "type": "Feature", "properties": { "주차장관리번호": "175-4-000010", "주차장명": "서석주차장", "주차장구분": "민영", "주차장유형": "노외", "소재지도로명주소": "광주광역시 동구 백서로175번길 15-1", "소재지지번주소": "광주광역시 동구 서석동 92-8", "주차구획수": "15", "급지구분": "1", "부제시행구분": "미시행", "운영요일": "평일+토요일+공휴일", "평일운영시작시각": "00:00", "평일운영종료시각": "23:59", "토요일운영시작시각": "00:00", "토요일운영종료시각": "23:59", "공휴일운영시작시각": "00:00", "공휴일운영종료시각": "23:59", "요금정보": "유료", "주차기본시간": "30", "주차기본요금": "800", "추가단위시간": null, "추가단위요금": null, "1일주차권요금적용시간": null, "1일주차권요금": null, "월정기권요금": null, "결제방법": null, "특기사항": null, "관리기관명": "광주광역시 동구청", "전화번호": "062-608-2914", "위도": 35.14482878, "경도": 126.9226794, "장애인전용주차구역보유여부": null, "데이터기준일자": "2026-04-16" }, "geometry": { "type": "Point", "coordinates": [ 126.9226794, 35.14482878 ] } },
{ "type": "Feature", "properties": { "주차장관리번호": "175-4-000009", "주차장명": "한일주차장", "주차장구분": "민영", "주차장유형": "노외", "소재지도로명주소": null, "소재지지번주소": "광주광역시 동구 불로동 89", "주차구획수": "25", "급지구분": "1", "부제시행구분": "미시행", "운영요일": "평일+토요일+공휴일", "평일운영시작시각": "00:00", "평일운영종료시각": "23:59", "토요일운영시작시각": "00:00", "토요일운영종료시각": "23:59", "공휴일운영시작시각": "00:00", "공휴일운영종료시각": "23:59", "요금정보": "유료", "주차기본시간": "30", "주차기본요금": "800", "추가단위시간": null, "추가단위요금": null, "1일주차권요금적용시간": null, "1일주차권요금": null, "월정기권요금": null, "결제방법": null, "특기사항": null, "관리기관명": "광주광역시 동구청", "전화번호": "062-608-2914", "위도": 35.14533087, "경도": 126.9144202, "장애인전용주차구역보유여부": null, "데이터기준일자": "2026-04-16" }, "geometry": { "type": "Point", "coordinates": [ 126.9144202, 35.14533087 ] } },
{ "type": "Feature", "properties": { "주차장관리번호": "175-4-000007", "주차장명": "금오주차장", "주차장구분": "민영", "주차장유형": "노외", "소재지도로명주소": "광주광역시 동구 금남로 165", "소재지지번주소": "광주광역시 동구 금남로5가 73-1", "주차구획수": "15", "급지구분": "1", "부제시행구분": "미시행", "운영요일": "평일+토요일+공휴일", "평일운영시작시각": "00:00", "평일운영종료시각": "23:59", "토요일운영시작시각": "00:00", "토요일운영종료시각": "23:59", "공휴일운영시작시각": "00:00", "공휴일운영종료시각": "23:59", "요금정보": "유료", "주차기본시간": "30", "주차기본요금": "800", "추가단위시간": null, "추가단위요금": null, "1일주차권요금적용시간": null, "1일주차권요금": null, "월정기권요금": null, "결제방법": null, "특기사항": null, "관리기관명": "광주광역시 동구청", "전화번호": "062-608-2914", "위도": 35.15303487, "경도": 126.912228, "장애인전용주차구역보유여부": null, "데이터기준일자": "2026-04-16" }, "geometry": { "type": "Point", "coordinates": [ 126.912228, 35.15303487 ] } },
{ "type": "Feature", "properties": { "주차장관리번호": "175-4-000006", "주차장명": "5가주차장", "주차장구분": "민영", "주차장유형": "노외", "소재지도로명주소": "광주광역시 동구 금남로 154-2", "소재지지번주소": "광주광역시 동구 금남로5가 58-9", "주차구획수": "30", "급지구분": "1", "부제시행구분": "미시행", "운영요일": "평일+토요일+공휴일", "평일운영시작시각": "00:00", "평일운영종료시각": "23:59", "토요일운영시작시각": "00:00", "토요일운영종료시각": "23:59", "공휴일운영시작시각": "00:00", "공휴일운영종료시각": "23:59", "요금정보": "유료", "주차기본시간": "30", "주차기본요금": "800", "추가단위시간": null, "추가단위요금": null, "1일주차권요금적용시간": null, "1일주차권요금": null, "월정기권요금": null, "결제방법": null, "특기사항": null, "관리기관명": "광주광역시 동구청", "전화번호": "062-608-2914", "위도": 35.15287845, "경도": 126.9103449, "장애인전용주차구역보유여부": null, "데이터기준일자": "2026-04-16" }, "geometry": { "type": "Point", "coordinates": [ 126.9103449, 35.15287845 ] } },
{ "type": "Feature", "properties": { "주차장관리번호": "175-4-000005", "주차장명": "남선회관주차장", "주차장구분": "민영", "주차장유형": "노외", "소재지도로명주소": "광주광역시 동구 구성로 184-8", "소재지지번주소": "광주광역시 동구 금남로5가 175", "주차구획수": "20", "급지구분": "1", "부제시행구분": "미시행", "운영요일": "평일+토요일+공휴일", "평일운영시작시각": "00:00", "평일운영종료시각": "23:59", "토요일운영시작시각": "00:00", "토요일운영종료시각": "23:59", "공휴일운영시작시각": "00:00", "공휴일운영종료시각": "23:59", "요금정보": "유료", "주차기본시간": "30", "주차기본요금": "800", "추가단위시간": null, "추가단위요금": null, "1일주차권요금적용시간": null, "1일주차권요금": null, "월정기권요금": null, "결제방법": null, "특기사항": null, "관리기관명": "광주광역시 동구청", "전화번호": "062-608-2914", "위도": 35.15192891, "경도": 126.9135066, "장애인전용주차구역보유여부": null, "데이터기준일자": "2026-04-16" }, "geometry": { "type": "Point", "coordinates": [ 126.9135066, 35.15192891 ] } },
{ "type": "Feature", "properties": { "주차장관리번호": "175-4-000004", "주차장명": "동산주차장", "주차장구분": "민영", "주차장유형": "노외", "소재지도로명주소": "광주광역시 동구 필문대로 149", "소재지지번주소": "광주광역시 동구 산수동 538-10", "주차구획수": "20", "급지구분": "1", "부제시행구분": "미시행", "운영요일": "평일+토요일+공휴일", "평일운영시작시각": "00:00", "평일운영종료시각": "23:59", "토요일운영시작시각": "00:00", "토요일운영종료시각": "23:59", "공휴일운영시작시각": "00:00", "공휴일운영종료시각": "23:59", "요금정보": "유료", "주차기본시간": "30", "주차기본요금": "800", "추가단위시간": null, "추가단위요금": null, "1일주차권요금적용시간": null, "1일주차권요금": null, "월정기권요금": null, "결제방법": null, "특기사항": null, "관리기관명": "광주광역시 동구청", "전화번호": "062-608-2914", "위도": 35.15747859, "경도": 126.9318648, "장애인전용주차구역보유여부": null, "데이터기준일자": "2026-04-16" }, "geometry": { "type": "Point", "coordinates": [ 126.9318648, 35.15747859 ] } },
{ "type": "Feature", "properties": { "주차장관리번호": "175-4-000003", "주차장명": "담양주차장", "주차장구분": "민영", "주차장유형": "노외", "소재지도로명주소": "광주광역시 동구 필문대로165번길 1-3", "소재지지번주소": "광주광역시 동구 산수동 539-7", "주차구획수": "18", "급지구분": "1", "부제시행구분": "미시행", "운영요일": "평일+토요일+공휴일", "평일운영시작시각": "00:00", "평일운영종료시각": "23:59", "토요일운영시작시각": "00:00", "토요일운영종료시각": "23:59", "공휴일운영시작시각": "00:00", "공휴일운영종료시각": "23:59", "요금정보": "유료", "주차기본시간": "30", "주차기본요금": "800", "추가단위시간": null, "추가단위요금": null, "1일주차권요금적용시간": null, "1일주차권요금": null, "월정기권요금": null, "결제방법": null, "특기사항": null, "관리기관명": "광주광역시 동구청", "전화번호": "062-608-2914", "위도": 35.15622777, "경도": 126.9323487, "장애인전용주차구역보유여부": null, "데이터기준일자": "2026-04-16" }, "geometry": { "type": "Point", "coordinates": [ 126.9323487, 35.15622777 ] } },
{ "type": "Feature", "properties": { "주차장관리번호": "175-4-000002", "주차장명": "금동주차장", "주차장구분": "민영", "주차장유형": "노외", "소재지도로명주소": null, "소재지지번주소": "광주광역시 동구 금동 153", "주차구획수": "33", "급지구분": "1", "부제시행구분": "미시행", "운영요일": "평일+토요일+공휴일", "평일운영시작시각": "00:00", "평일운영종료시각": "23:59", "토요일운영시작시각": "00:00", "토요일운영종료시각": "23:59", "공휴일운영시작시각": "00:00", "공휴일운영종료시각": "23:59", "요금정보": "유료", "주차기본시간": "30", "주차기본요금": "800", "추가단위시간": null, "추가단위요금": null, "1일주차권요금적용시간": null, "1일주차권요금": null, "월정기권요금": null, "결제방법": null, "특기사항": null, "관리기관명": "광주광역시 동구청", "전화번호": "062-608-2914", "위도": 35.14314775, "경도": 126.9180069, "장애인전용주차구역보유여부": null, "데이터기준일자": "2026-04-16" }, "geometry": { "type": "Point", "coordinates": [ 126.9180069, 35.14314775 ] } },
{ "type": "Feature", "properties": { "주차장관리번호": "175-4-000199", "주차장명": "삼성주차장", "주차장구분": "민영", "주차장유형": "노외", "소재지도로명주소": "광주광역시 동구 구성로152번길 24-1", "소재지지번주소": "광주광역시 동구 호남동 31-77", "주차구획수": "26", "급지구분": "1", "부제시행구분": "미시행", "운영요일": "평일+토요일+공휴일", "평일운영시작시각": "00:00", "평일운영종료시각": "23:59", "토요일운영시작시각": "00:00", "토요일운영종료시각": "23:59", "공휴일운영시작시각": "00:00", "공휴일운영종료시각": "23:59", "요금정보": "유료", "주차기본시간": "30", "주차기본요금": "800", "추가단위시간": null, "추가단위요금": null, "1일주차권요금적용시간": null, "1일주차권요금": null, "월정기권요금": null, "결제방법": null, "특기사항": null, "관리기관명": "광주광역시 동구청", "전화번호": "062-608-2914", "위도": 35.14865455, "경도": 126.9126409, "장애인전용주차구역보유여부": null, "데이터기준일자": "2026-04-16" }, "geometry": { "type": "Point", "coordinates": [ 126.9126409, 35.14865455 ] } },
{ "type": "Feature", "properties": { "주차장관리번호": "175-4-000198", "주차장명": "동산주차장", "주차장구분": "민영", "주차장유형": "노외", "소재지도로명주소": "광주광역시 동구 금남로 161-26", "소재지지번주소": null, "주차구획수": "34", "급지구분": "1", "부제시행구분": "미시행", "운영요일": "평일+토요일+공휴일", "평일운영시작시각": "00:00", "평일운영종료시각": "23:59", "토요일운영시작시각": "00:00", "토요일운영종료시각": "23:59", "공휴일운영시작시각": "00:00", "공휴일운영종료시각": "23:59", "요금정보": "유료", "주차기본시간": "30", "주차기본요금": "800", "추가단위시간": null, "추가단위요금": null, "1일주차권요금적용시간": null, "1일주차권요금": null, "월정기권요금": null, "결제방법": null, "특기사항": null, "관리기관명": "광주광역시 동구청", "전화번호": "062-608-2914", "위도": 35.15362829, "경도": 126.9126819, "장애인전용주차구역보유여부": null, "데이터기준일자": "2026-04-16" }, "geometry": { "type": "Point", "coordinates": [ 126.9126819, 35.15362829 ] } },
{ "type": "Feature", "properties": { "주차장관리번호": "175-4-000197", "주차장명": "억만이주차장", "주차장구분": "민영", "주차장유형": "노외", "소재지도로명주소": "광주광역시 동구 중흥로 233", "소재지지번주소": "광주광역시 동구 계림동 577-7", "주차구획수": "22", "급지구분": "1", "부제시행구분": "미시행", "운영요일": "평일+토요일+공휴일", "평일운영시작시각": "00:00", "평일운영종료시각": "23:59", "토요일운영시작시각": "00:00", "토요일운영종료시각": "23:59", "공휴일운영시작시각": "00:00", "공휴일운영종료시각": "23:59", "요금정보": "유료", "주차기본시간": "30", "주차기본요금": "800", "추가단위시간": null, "추가단위요금": null, "1일주차권요금적용시간": null, "1일주차권요금": null, "월정기권요금": null, "결제방법": null, "특기사항": null, "관리기관명": "광주광역시 동구청", "전화번호": "062-608-2914", "위도": 35.15938508, "경도": 126.9188812, "장애인전용주차구역보유여부": null, "데이터기준일자": "2026-04-16" }, "geometry": { "type": "Point", "coordinates": [ 126.9188812, 35.15938508 ] } },
{ "type": "Feature", "properties": { "주차장관리번호": "175-4-000195", "주차장명": "금남주차장", "주차장구분": "민영", "주차장유형": "노외", "소재지도로명주소": "광주광역시 동구 중앙로196번길9", "소재지지번주소": "광주광역시 동구 궁동 56", "주차구획수": "26", "급지구분": "1", "부제시행구분": "미시행", "운영요일": "평일+토요일+공휴일", "평일운영시작시각": "00:00", "평일운영종료시각": "23:59", "토요일운영시작시각": "00:00", "토요일운영종료시각": "23:59", "공휴일운영시작시각": "00:00", "공휴일운영종료시각": "23:59", "요금정보": "유료", "주차기본시간": "30", "주차기본요금": "800", "추가단위시간": null, "추가단위요금": null, "1일주차권요금적용시간": null, "1일주차권요금": null, "월정기권요금": null, "결제방법": null, "특기사항": null, "관리기관명": "광주광역시 동구청", "전화번호": "062-608-2914", "위도": 35.15016833, "경도": 126.917051, "장애인전용주차구역보유여부": null, "데이터기준일자": "2026-04-16" }, "geometry": { "type": "Point", "coordinates": [ 126.917051, 35.15016833 ] } },
{ "type": "Feature", "properties": { "주차장관리번호": "175-4-000194", "주차장명": "추선장학회주차장", "주차장구분": "민영", "주차장유형": "노외", "소재지도로명주소": null, "소재지지번주소": "광주광역시 동구 대인동 163", "주차구획수": "65", "급지구분": "1", "부제시행구분": "미시행", "운영요일": "평일+토요일+공휴일", "평일운영시작시각": "00:00", "평일운영종료시각": "23:59", "토요일운영시작시각": "00:00", "토요일운영종료시각": "23:59", "공휴일운영시작시각": "00:00", "공휴일운영종료시각": "23:59", "요금정보": "유료", "주차기본시간": "30", "주차기본요금": "800", "추가단위시간": null, "추가단위요금": null, "1일주차권요금적용시간": null, "1일주차권요금": null, "월정기권요금": null, "결제방법": null, "특기사항": null, "관리기관명": "광주광역시 동구청", "전화번호": "062-608-2914", "위도": 35.15179429, "경도": 126.9169045, "장애인전용주차구역보유여부": null, "데이터기준일자": "2026-04-16" }, "geometry": { "type": "Point", "coordinates": [ 126.9169045, 35.15179429 ] } },
{ "type": "Feature", "properties": { "주차장관리번호": "175-4-000085", "주차장명": "성원주차장", "주차장구분": "민영", "주차장유형": "노외", "소재지도로명주소": "광주광역시 동구 백서로125번길 11-1", "소재지지번주소": "광주광역시 동구 금동 157-3", "주차구획수": "10", "급지구분": "1", "부제시행구분": "미시행", "운영요일": "평일+토요일+공휴일", "평일운영시작시각": "00:00", "평일운영종료시각": "23:59", "토요일운영시작시각": "00:00", "토요일운영종료시각": "23:59", "공휴일운영시작시각": "00:00", "공휴일운영종료시각": "23:59", "요금정보": "유료", "주차기본시간": "30", "주차기본요금": "800", "추가단위시간": null, "추가단위요금": null, "1일주차권요금적용시간": null, "1일주차권요금": null, "월정기권요금": null, "결제방법": null, "특기사항": null, "관리기관명": "광주광역시 동구청", "전화번호": "062-608-2914", "위도": 35.14296202, "경도": 126.9184893, "장애인전용주차구역보유여부": null, "데이터기준일자": "2026-04-16" }, "geometry": { "type": "Point", "coordinates": [ 126.9184893, 35.14296202 ] } },
{ "type": "Feature", "properties": { "주차장관리번호": "175-4-000084", "주차장명": "한성주차장", "주차장구분": "민영", "주차장유형": "노외", "소재지도로명주소": null, "소재지지번주소": "광주광역시 동구 장동 39-26", "주차구획수": "24", "급지구분": "1", "부제시행구분": "미시행", "운영요일": "평일+토요일+공휴일", "평일운영시작시각": "00:00", "평일운영종료시각": "23:59", "토요일운영시작시각": "00:00", "토요일운영종료시각": "23:59", "공휴일운영시작시각": "00:00", "공휴일운영종료시각": "23:59", "요금정보": "유료", "주차기본시간": "30", "주차기본요금": "800", "추가단위시간": null, "추가단위요금": null, "1일주차권요금적용시간": null, "1일주차권요금": null, "월정기권요금": null, "결제방법": null, "특기사항": null, "관리기관명": "광주광역시 동구청", "전화번호": "062-608-2914", "위도": 35.15241287, "경도": 126.9197389, "장애인전용주차구역보유여부": null, "데이터기준일자": "2026-04-16" }, "geometry": { "type": "Point", "coordinates": [ 126.9197389, 35.15241287 ] } },
{ "type": "Feature", "properties": { "주차장관리번호": "175-4-000083", "주차장명": "동산주차장", "주차장구분": "민영", "주차장유형": "노외", "소재지도로명주소": "광주광역시 동구 지산로52번길 15-29", "소재지지번주소": "광주광역시 동구 지산동 709-12, 429-3", "주차구획수": "13", "급지구분": "1", "부제시행구분": "미시행", "운영요일": "평일+토요일+공휴일", "평일운영시작시각": "00:00", "평일운영종료시각": "23:59", "토요일운영시작시각": "00:00", "토요일운영종료시각": "23:59", "공휴일운영시작시각": "00:00", "공휴일운영종료시각": "23:59", "요금정보": "유료", "주차기본시간": "30", "주차기본요금": "800", "추가단위시간": null, "추가단위요금": null, "1일주차권요금적용시간": null, "1일주차권요금": null, "월정기권요금": null, "결제방법": null, "특기사항": null, "관리기관명": "광주광역시 동구청", "전화번호": "062-608-2914", "위도": 35.14922353, "경도": 126.9344133, "장애인전용주차구역보유여부": null, "데이터기준일자": "2026-04-16" }, "geometry": { "type": "Point", "coordinates": [ 126.9344133, 35.14922353 ] } },
{ "type": "Feature", "properties": { "주차장관리번호": "175-4-000082", "주차장명": "매일주차장", "주차장구분": "민영", "주차장유형": "노외", "소재지도로명주소": null, "소재지지번주소": "광주광역시 동구 대인동 153", "주차구획수": "16", "급지구분": "1", "부제시행구분": "미시행", "운영요일": "평일+토요일+공휴일", "평일운영시작시각": "00:00", "평일운영종료시각": "23:59", "토요일운영시작시각": "00:00", "토요일운영종료시각": "23:59", "공휴일운영시작시각": "00:00", "공휴일운영종료시각": "23:59", "요금정보": "유료", "주차기본시간": "30", "주차기본요금": "800", "추가단위시간": null, "추가단위요금": null, "1일주차권요금적용시간": null, "1일주차권요금": null, "월정기권요금": null, "결제방법": null, "특기사항": null, "관리기관명": "광주광역시 동구청", "전화번호": "062-608-2914", "위도": 35.1519668, "경도": 126.9161142, "장애인전용주차구역보유여부": null, "데이터기준일자": "2026-04-16" }, "geometry": { "type": "Point", "coordinates": [ 126.9161142, 35.1519668 ] } },
{ "type": "Feature", "properties": { "주차장관리번호": "175-4-000080", "주차장명": "영빈주차장", "주차장구분": "민영", "주차장유형": "노외", "소재지도로명주소": "광주광역시 동구 동명로 103", "소재지지번주소": null, "주차구획수": "15", "급지구분": "1", "부제시행구분": "미시행", "운영요일": "평일+토요일+공휴일", "평일운영시작시각": "00:00", "평일운영종료시각": "23:59", "토요일운영시작시각": "00:00", "토요일운영종료시각": "23:59", "공휴일운영시작시각": "00:00", "공휴일운영종료시각": "23:59", "요금정보": "유료", "주차기본시간": "30", "주차기본요금": "800", "추가단위시간": null, "추가단위요금": null, "1일주차권요금적용시간": null, "1일주차권요금": null, "월정기권요금": null, "결제방법": null, "특기사항": null, "관리기관명": "광주광역시 동구청", "전화번호": "062-608-2914", "위도": 35.15089864, "경도": 126.9318308, "장애인전용주차구역보유여부": null, "데이터기준일자": "2026-04-16" }, "geometry": { "type": "Point", "coordinates": [ 126.9318308, 35.15089864 ] } },
{ "type": "Feature", "properties": { "주차장관리번호": "175-4-000077", "주차장명": "삼호주차장", "주차장구분": "민영", "주차장유형": "노외", "소재지도로명주소": "광주광역시 동구 양림로119번길 5", "소재지지번주소": "광주광역시 동구 학동70-3", "주차구획수": "5", "급지구분": "1", "부제시행구분": "미시행", "운영요일": "평일+토요일+공휴일", "평일운영시작시각": "00:00", "평일운영종료시각": "23:59", "토요일운영시작시각": "00:00", "토요일운영종료시각": "23:59", "공휴일운영시작시각": "00:00", "공휴일운영종료시각": "23:59", "요금정보": "유료", "주차기본시간": "30", "주차기본요금": "800", "추가단위시간": null, "추가단위요금": null, "1일주차권요금적용시간": null, "1일주차권요금": null, "월정기권요금": null, "결제방법": null, "특기사항": null, "관리기관명": "광주광역시 동구청", "전화번호": "062-608-2914", "위도": 35.14026276, "경도": 126.9203179, "장애인전용주차구역보유여부": null, "데이터기준일자": "2026-04-16" }, "geometry": { "type": "Point", "coordinates": [ 126.9203179, 35.14026276 ] } },
{ "type": "Feature", "properties": { "주차장관리번호": "175-4-000076", "주차장명": "동락주차장", "주차장구분": "민영", "주차장유형": "노외", "소재지도로명주소": "광주광역시 동구 문화전당로35번길 27", "소재지지번주소": "광주광역시 동구 금동 31-8", "주차구획수": "6", "급지구분": "1", "부제시행구분": "미시행", "운영요일": "평일+토요일+공휴일", "평일운영시작시각": "00:00", "평일운영종료시각": "23:59", "토요일운영시작시각": "00:00", "토요일운영종료시각": "23:59", "공휴일운영시작시각": "00:00", "공휴일운영종료시각": "23:59", "요금정보": "유료", "주차기본시간": "30", "주차기본요금": "800", "추가단위시간": null, "추가단위요금": null, "1일주차권요금적용시간": null, "1일주차권요금": null, "월정기권요금": null, "결제방법": null, "특기사항": null, "관리기관명": "광주광역시 동구청", "전화번호": "062-608-2914", "위도": 35.14466964, "경도": 126.916486, "장애인전용주차구역보유여부": null, "데이터기준일자": "2026-04-16" }, "geometry": { "type": "Point", "coordinates": [ 126.916486, 35.14466964 ] } },
{ "type": "Feature", "properties": { "주차장관리번호": "175-4-000075", "주차장명": "지산주차장", "주차장구분": "민영", "주차장유형": "노외", "소재지도로명주소": "광주광역시 동구 지산로78번길 18", "소재지지번주소": "광주광역시 동구 지산동 342-90", "주차구획수": "7", "급지구분": "1", "부제시행구분": "미시행", "운영요일": "평일+토요일+공휴일", "평일운영시작시각": "00:00", "평일운영종료시각": "23:59", "토요일운영시작시각": "00:00", "토요일운영종료시각": "23:59", "공휴일운영시작시각": "00:00", "공휴일운영종료시각": "23:59", "요금정보": "유료", "주차기본시간": "30", "주차기본요금": "800", "추가단위시간": null, "추가단위요금": null, "1일주차권요금적용시간": null, "1일주차권요금": null, "월정기권요금": null, "결제방법": null, "특기사항": null, "관리기관명": "광주광역시 동구청", "전화번호": "062-608-2914", "위도": 35.15176873, "경도": 126.9339723, "장애인전용주차구역보유여부": null, "데이터기준일자": "2026-04-16" }, "geometry": { "type": "Point", "coordinates": [ 126.9339723, 35.15176873 ] } },
{ "type": "Feature", "properties": { "주차장관리번호": "175-4-000074", "주차장명": "금남주차장", "주차장구분": "민영", "주차장유형": "노외", "소재지도로명주소": "광주광역시 동구 중앙로196번길 9", "소재지지번주소": "광주광역시 동구 궁동 56", "주차구획수": "26", "급지구분": "1", "부제시행구분": "미시행", "운영요일": "평일+토요일+공휴일", "평일운영시작시각": "00:00", "평일운영종료시각": "23:59", "토요일운영시작시각": "00:00", "토요일운영종료시각": "23:59", "공휴일운영시작시각": "00:00", "공휴일운영종료시각": "23:59", "요금정보": "유료", "주차기본시간": "30", "주차기본요금": "800", "추가단위시간": null, "추가단위요금": null, "1일주차권요금적용시간": null, "1일주차권요금": null, "월정기권요금": null, "결제방법": null, "특기사항": null, "관리기관명": "광주광역시 동구청", "전화번호": "062-608-2914", "위도": 35.15016833, "경도": 126.917051, "장애인전용주차구역보유여부": null, "데이터기준일자": "2026-04-16" }, "geometry": { "type": "Point", "coordinates": [ 126.917051, 35.15016833 ] } },
{ "type": "Feature", "properties": { "주차장관리번호": "175-4-000073", "주차장명": "대동주차장", "주차장구분": "민영", "주차장유형": "노외", "소재지도로명주소": "광주광역시 동구 제봉로 191", "소재지지번주소": "광주광역시 동구 대인동 49", "주차구획수": "15", "급지구분": "1", "부제시행구분": "미시행", "운영요일": "평일+토요일+공휴일", "평일운영시작시각": "00:00", "평일운영종료시각": "23:59", "토요일운영시작시각": "00:00", "토요일운영종료시각": "23:59", "공휴일운영시작시각": "00:00", "공휴일운영종료시각": "23:59", "요금정보": "유료", "주차기본시간": "30", "주차기본요금": "800", "추가단위시간": null, "추가단위요금": null, "1일주차권요금적용시간": null, "1일주차권요금": null, "월정기권요금": null, "결제방법": null, "특기사항": null, "관리기관명": "광주광역시 동구청", "전화번호": "062-608-2914", "위도": 35.15309177, "경도": 126.916214, "장애인전용주차구역보유여부": null, "데이터기준일자": "2026-04-16" }, "geometry": { "type": "Point", "coordinates": [ 126.916214, 35.15309177 ] } },
{ "type": "Feature", "properties": { "주차장관리번호": "175-4-000072", "주차장명": "신화주차장", "주차장구분": "민영", "주차장유형": "노외", "소재지도로명주소": "광주광역시 동구 문화전당로23번길 7", "소재지지번주소": "광주광역시 동구 남동 149-4", "주차구획수": "18", "급지구분": "1", "부제시행구분": "미시행", "운영요일": "평일+토요일+공휴일", "평일운영시작시각": "00:00", "평일운영종료시각": "23:59", "토요일운영시작시각": "00:00", "토요일운영종료시각": "23:59", "공휴일운영시작시각": "00:00", "공휴일운영종료시각": "23:59", "요금정보": "유료", "주차기본시간": "30", "주차기본요금": "800", "추가단위시간": null, "추가단위요금": null, "1일주차권요금적용시간": null, "1일주차권요금": null, "월정기권요금": null, "결제방법": null, "특기사항": null, "관리기관명": "광주광역시 동구청", "전화번호": "062-608-2914", "위도": 35.144101, "경도": 126.9187426, "장애인전용주차구역보유여부": null, "데이터기준일자": "2026-04-16" }, "geometry": { "type": "Point", "coordinates": [ 126.9187426, 35.144101 ] } },
{ "type": "Feature", "properties": { "주차장관리번호": "175-4-000071", "주차장명": "광명주차장", "주차장구분": "민영", "주차장유형": "노외", "소재지도로명주소": "광주광역시 동구 중앙로 276", "소재지지번주소": "광주광역시 동구 계림동 250-96", "주차구획수": "17", "급지구분": "1", "부제시행구분": "미시행", "운영요일": "평일+토요일+공휴일", "평일운영시작시각": "00:00", "평일운영종료시각": "23:59", "토요일운영시작시각": "00:00", "토요일운영종료시각": "23:59", "공휴일운영시작시각": "00:00", "공휴일운영종료시각": "23:59", "요금정보": "유료", "주차기본시간": "30", "주차기본요금": "800", "추가단위시간": null, "추가단위요금": null, "1일주차권요금적용시간": null, "1일주차권요금": null, "월정기권요금": null, "결제방법": null, "특기사항": null, "관리기관명": "광주광역시 동구청", "전화번호": "062-608-2914", "위도": 35.15630373, "경도": 126.920851, "장애인전용주차구역보유여부": null, "데이터기준일자": "2026-04-16" }, "geometry": { "type": "Point", "coordinates": [ 126.920851, 35.15630373 ] } },
{ "type": "Feature", "properties": { "주차장관리번호": "175-4-000070", "주차장명": "G.J관광호텔주차장", "주차장구분": "민영", "주차장유형": "노외", "소재지도로명주소": "광주광역시 동구 구성로 143", "소재지지번주소": "광주광역시 동구 수기동 33-9", "주차구획수": "17", "급지구분": "1", "부제시행구분": "미시행", "운영요일": "평일+토요일+공휴일", "평일운영시작시각": "00:00", "평일운영종료시각": "23:59", "토요일운영시작시각": "00:00", "토요일운영종료시각": "23:59", "공휴일운영시작시각": "00:00", "공휴일운영종료시각": "23:59", "요금정보": "유료", "주차기본시간": "30", "주차기본요금": "800", "추가단위시간": null, "추가단위요금": null, "1일주차권요금적용시간": null, "1일주차권요금": null, "월정기권요금": null, "결제방법": null, "특기사항": null, "관리기관명": "광주광역시 동구청", "전화번호": "062-608-2914", "위도": 35.14983897, "경도": 126.9102121, "장애인전용주차구역보유여부": null, "데이터기준일자": "2026-04-16" }, "geometry": { "type": "Point", "coordinates": [ 126.9102121, 35.14983897 ] } },
{ "type": "Feature", "properties": { "주차장관리번호": "175-4-000069", "주차장명": "삼호주차장", "주차장구분": "민영", "주차장유형": "노외", "소재지도로명주소": null, "소재지지번주소": "광주광역시 동구 불로동 43", "주차구획수": "9", "급지구분": "1", "부제시행구분": "미시행", "운영요일": "평일+토요일+공휴일", "평일운영시작시각": "00:00", "평일운영종료시각": "23:59", "토요일운영시작시각": "00:00", "토요일운영종료시각": "23:59", "공휴일운영시작시각": "00:00", "공휴일운영종료시각": "23:59", "요금정보": "유료", "주차기본시간": "30", "주차기본요금": "800", "추가단위시간": null, "추가단위요금": null, "1일주차권요금적용시간": null, "1일주차권요금": null, "월정기권요금": null, "결제방법": null, "특기사항": null, "관리기관명": "광주광역시 동구청", "전화번호": "062-608-2914", "위도": 35.14641627, "경도": 126.9136178, "장애인전용주차구역보유여부": null, "데이터기준일자": "2026-04-16" }, "geometry": { "type": "Point", "coordinates": [ 126.9136178, 35.14641627 ] } },
{ "type": "Feature", "properties": { "주차장관리번호": "175-4-000068", "주차장명": "남경주차장", "주차장구분": "민영", "주차장유형": "노외", "소재지도로명주소": "광주광역시 동구 서석로 11", "소재지지번주소": "광주광역시 동구 불로동 98-4", "주차구획수": "20", "급지구분": "1", "부제시행구분": "미시행", "운영요일": "평일+토요일+공휴일", "평일운영시작시각": "00:00", "평일운영종료시각": "23:59", "토요일운영시작시각": "00:00", "토요일운영종료시각": "23:59", "공휴일운영시작시각": "00:00", "공휴일운영종료시각": "23:59", "요금정보": "유료", "주차기본시간": "30", "주차기본요금": "800", "추가단위시간": null, "추가단위요금": null, "1일주차권요금적용시간": null, "1일주차권요금": null, "월정기권요금": null, "결제방법": null, "특기사항": null, "관리기관명": "광주광역시 동구청", "전화번호": "062-608-2914", "위도": 35.14545827, "경도": 126.9150714, "장애인전용주차구역보유여부": null, "데이터기준일자": "2026-04-16" }, "geometry": { "type": "Point", "coordinates": [ 126.9150714, 35.14545827 ] } },
{ "type": "Feature", "properties": { "주차장관리번호": "175-4-000066", "주차장명": "한일주차장", "주차장구분": "민영", "주차장유형": "노외", "소재지도로명주소": "광주광역시 동구 구성로152번길 3", "소재지지번주소": "광주광역시 동구 수기동 51-2", "주차구획수": "9", "급지구분": "1", "부제시행구분": "미시행", "운영요일": "평일+토요일+공휴일", "평일운영시작시각": "00:00", "평일운영종료시각": "23:59", "토요일운영시작시각": "00:00", "토요일운영종료시각": "23:59", "공휴일운영시작시각": "00:00", "공휴일운영종료시각": "23:59", "요금정보": "유료", "주차기본시간": "30", "주차기본요금": "800", "추가단위시간": null, "추가단위요금": null, "1일주차권요금적용시간": null, "1일주차권요금": null, "월정기권요금": null, "결제방법": null, "특기사항": null, "관리기관명": "광주광역시 동구청", "전화번호": "062-608-2914", "위도": 35.15017501, "경도": 126.9112083, "장애인전용주차구역보유여부": null, "데이터기준일자": "2026-04-16" }, "geometry": { "type": "Point", "coordinates": [ 126.9112083, 35.15017501 ] } },
{ "type": "Feature", "properties": { "주차장관리번호": "175-4-000064", "주차장명": "예술주차장", "주차장구분": "민영", "주차장유형": "노외", "소재지도로명주소": "광주광역시 동구 서석로85번길 21", "소재지지번주소": "광주광역시 동구 궁동 33", "주차구획수": "20", "급지구분": "1", "부제시행구분": "미시행", "운영요일": "평일+토요일+공휴일", "평일운영시작시각": "00:00", "평일운영종료시각": "23:59", "토요일운영시작시각": "00:00", "토요일운영종료시각": "23:59", "공휴일운영시작시각": "00:00", "공휴일운영종료시각": "23:59", "요금정보": "유료", "주차기본시간": "30", "주차기본요금": "800", "추가단위시간": null, "추가단위요금": null, "1일주차권요금적용시간": null, "1일주차권요금": null, "월정기권요금": null, "결제방법": null, "특기사항": null, "관리기관명": "광주광역시 동구청", "전화번호": "062-608-2914", "위도": 35.15055523, "경도": 126.9187056, "장애인전용주차구역보유여부": null, "데이터기준일자": "2026-04-16" }, "geometry": { "type": "Point", "coordinates": [ 126.9187056, 35.15055523 ] } },
{ "type": "Feature", "properties": { "주차장관리번호": "175-4-000063", "주차장명": "장원주차장", "주차장구분": "민영", "주차장유형": "노외", "소재지도로명주소": null, "소재지지번주소": "광주광역시 동구 수기동 35-1", "주차구획수": "9", "급지구분": "1", "부제시행구분": "미시행", "운영요일": "평일+토요일+공휴일", "평일운영시작시각": "00:00", "평일운영종료시각": "23:59", "토요일운영시작시각": "00:00", "토요일운영종료시각": "23:59", "공휴일운영시작시각": "00:00", "공휴일운영종료시각": "23:59", "요금정보": "유료", "주차기본시간": "30", "주차기본요금": "800", "추가단위시간": null, "추가단위요금": null, "1일주차권요금적용시간": null, "1일주차권요금": null, "월정기권요금": null, "결제방법": null, "특기사항": null, "관리기관명": "광주광역시 동구청", "전화번호": "062-608-2914", "위도": 35.15049474, "경도": 126.910374, "장애인전용주차구역보유여부": null, "데이터기준일자": "2026-04-16" }, "geometry": { "type": "Point", "coordinates": [ 126.910374, 35.15049474 ] } },
{ "type": "Feature", "properties": { "주차장관리번호": "175-4-000062", "주차장명": "세성주차장", "주차장구분": "민영", "주차장유형": "노외", "소재지도로명주소": "광주광역시 동구 동계천로 22", "소재지지번주소": "광주광역시 동구 대인동 315-25", "주차구획수": "19", "급지구분": "1", "부제시행구분": "미시행", "운영요일": "평일+토요일+공휴일", "평일운영시작시각": "00:00", "평일운영종료시각": "23:59", "토요일운영시작시각": "00:00", "토요일운영종료시각": "23:59", "공휴일운영시작시각": "00:00", "공휴일운영종료시각": "23:59", "요금정보": "유료", "주차기본시간": "30", "주차기본요금": "800", "추가단위시간": null, "추가단위요금": null, "1일주차권요금적용시간": null, "1일주차권요금": null, "월정기권요금": null, "결제방법": null, "특기사항": null, "관리기관명": "광주광역시 동구청", "전화번호": "062-608-2914", "위도": 35.15569751, "경도": 126.9147889, "장애인전용주차구역보유여부": null, "데이터기준일자": "2026-04-16" }, "geometry": { "type": "Point", "coordinates": [ 126.9147889, 35.15569751 ] } },
{ "type": "Feature", "properties": { "주차장관리번호": "175-4-000111", "주차장명": "동문주차장", "주차장구분": "민영", "주차장유형": "노외", "소재지도로명주소": "광주광역시 동구 동계천로 78", "소재지지번주소": "광주광역시 동구 장동 17-4", "주차구획수": "14", "급지구분": "1", "부제시행구분": "미시행", "운영요일": "평일+토요일+공휴일", "평일운영시작시각": "00:00", "평일운영종료시각": "23:59", "토요일운영시작시각": "00:00", "토요일운영종료시각": "23:59", "공휴일운영시작시각": "00:00", "공휴일운영종료시각": "23:59", "요금정보": "유료", "주차기본시간": "30", "주차기본요금": "800", "추가단위시간": null, "추가단위요금": null, "1일주차권요금적용시간": null, "1일주차권요금": null, "월정기권요금": null, "결제방법": null, "특기사항": null, "관리기관명": "광주광역시 동구청", "전화번호": "062-608-2914", "위도": 35.15269027, "경도": 126.919621, "장애인전용주차구역보유여부": null, "데이터기준일자": "2026-04-16" }, "geometry": { "type": "Point", "coordinates": [ 126.919621, 35.15269027 ] } },
{ "type": "Feature", "properties": { "주차장관리번호": "175-4-000110", "주차장명": "신흥주차장", "주차장구분": "민영", "주차장유형": "노외", "소재지도로명주소": "광주광역시 동구 충장로 46번길 14", "소재지지번주소": null, "주차구획수": "72", "급지구분": "1", "부제시행구분": "미시행", "운영요일": "평일+토요일+공휴일", "평일운영시작시각": "00:00", "평일운영종료시각": "23:59", "토요일운영시작시각": "00:00", "토요일운영종료시각": "23:59", "공휴일운영시작시각": "00:00", "공휴일운영종료시각": "23:59", "요금정보": "유료", "주차기본시간": "30", "주차기본요금": "800", "추가단위시간": null, "추가단위요금": null, "1일주차권요금적용시간": null, "1일주차권요금": null, "월정기권요금": null, "결제방법": null, "특기사항": null, "관리기관명": "광주광역시 동구청", "전화번호": "062-608-2914", "위도": 35.14972498, "경도": 126.9121086, "장애인전용주차구역보유여부": null, "데이터기준일자": "2026-04-16" }, "geometry": { "type": "Point", "coordinates": [ 126.9121086, 35.14972498 ] } },
{ "type": "Feature", "properties": { "주차장관리번호": "175-4-000109", "주차장명": "중앙주차장", "주차장구분": "민영", "주차장유형": "노외", "소재지도로명주소": "광주광역시 동구 서석로85번길 1", "소재지지번주소": "광주광역시 동구 대의동 26", "주차구획수": "16", "급지구분": "1", "부제시행구분": "미시행", "운영요일": "평일+토요일+공휴일", "평일운영시작시각": "00:00", "평일운영종료시각": "23:59", "토요일운영시작시각": "00:00", "토요일운영종료시각": "23:59", "공휴일운영시작시각": "00:00", "공휴일운영종료시각": "23:59", "요금정보": "유료", "주차기본시간": "30", "주차기본요금": "800", "추가단위시간": null, "추가단위요금": null, "1일주차권요금적용시간": null, "1일주차권요금": null, "월정기권요금": null, "결제방법": null, "특기사항": null, "관리기관명": "광주광역시 동구청", "전화번호": "062-608-2914", "위도": 35.14938104, "경도": 126.9204802, "장애인전용주차구역보유여부": null, "데이터기준일자": "2026-04-16" }, "geometry": { "type": "Point", "coordinates": [ 126.9204802, 35.14938104 ] } },
{ "type": "Feature", "properties": { "주차장관리번호": "175-4-000108", "주차장명": "전일주차장", "주차장구분": "민영", "주차장유형": "노외", "소재지도로명주소": "광주광역시 동구 서석로 67", "소재지지번주소": "광주광역시 동구 대의동 72", "주차구획수": "20", "급지구분": "1", "부제시행구분": "미시행", "운영요일": "평일+토요일+공휴일", "평일운영시작시각": "00:00", "평일운영종료시각": "23:59", "토요일운영시작시각": "00:00", "토요일운영종료시각": "23:59", "공휴일운영시작시각": "00:00", "공휴일운영종료시각": "23:59", "요금정보": "유료", "주차기본시간": "30", "주차기본요금": "800", "추가단위시간": null, "추가단위요금": null, "1일주차권요금적용시간": null, "1일주차권요금": null, "월정기권요금": null, "결제방법": null, "특기사항": null, "관리기관명": "광주광역시 동구청", "전화번호": "062-608-2914", "위도": 35.14835987, "경도": 126.9192345, "장애인전용주차구역보유여부": null, "데이터기준일자": "2026-04-16" }, "geometry": { "type": "Point", "coordinates": [ 126.9192345, 35.14835987 ] } },
{ "type": "Feature", "properties": { "주차장관리번호": "175-4-000106", "주차장명": "효성주차장", "주차장구분": "민영", "주차장유형": "노외", "소재지도로명주소": null, "소재지지번주소": "광주광역시 동구 호남동 39-11", "주차구획수": "17", "급지구분": "1", "부제시행구분": "미시행", "운영요일": "평일+토요일+공휴일", "평일운영시작시각": "00:00", "평일운영종료시각": "23:59", "토요일운영시작시각": "00:00", "토요일운영종료시각": "23:59", "공휴일운영시작시각": "00:00", "공휴일운영종료시각": "23:59", "요금정보": "유료", "주차기본시간": "30", "주차기본요금": "800", "추가단위시간": null, "추가단위요금": null, "1일주차권요금적용시간": null, "1일주차권요금": null, "월정기권요금": null, "결제방법": null, "특기사항": null, "관리기관명": "광주광역시 동구청", "전화번호": "062-608-2914", "위도": 35.14741391, "경도": 126.9130075, "장애인전용주차구역보유여부": null, "데이터기준일자": "2026-04-16" }, "geometry": { "type": "Point", "coordinates": [ 126.9130075, 35.14741391 ] } },
{ "type": "Feature", "properties": { "주차장관리번호": "175-4-000105", "주차장명": "현대주차장", "주차장구분": "민영", "주차장유형": "노외", "소재지도로명주소": "광주광역시 동구 백서로 129", "소재지지번주소": "광주광역시 동구 금동 184", "주차구획수": "18", "급지구분": "1", "부제시행구분": "미시행", "운영요일": "평일+토요일+공휴일", "평일운영시작시각": "00:00", "평일운영종료시각": "23:59", "토요일운영시작시각": "00:00", "토요일운영종료시각": "23:59", "공휴일운영시작시각": "00:00", "공휴일운영종료시각": "23:59", "요금정보": "유료", "주차기본시간": "30", "주차기본요금": "800", "추가단위시간": null, "추가단위요금": null, "1일주차권요금적용시간": null, "1일주차권요금": null, "월정기권요금": null, "결제방법": null, "특기사항": null, "관리기관명": "광주광역시 동구청", "전화번호": "062-608-2914", "위도": 35.14215143, "경도": 126.9194382, "장애인전용주차구역보유여부": null, "데이터기준일자": "2026-04-16" }, "geometry": { "type": "Point", "coordinates": [ 126.9194382, 35.14215143 ] } },
{ "type": "Feature", "properties": { "주차장관리번호": "175-4-000103", "주차장명": "삼성생명주차장", "주차장구분": "민영", "주차장유형": "노외", "소재지도로명주소": null, "소재지지번주소": "광주광역시 동구 금남로 5가 55-1", "주차구획수": "11", "급지구분": "1", "부제시행구분": "미시행", "운영요일": "평일+토요일+공휴일", "평일운영시작시각": "00:00", "평일운영종료시각": "23:59", "토요일운영시작시각": "00:00", "토요일운영종료시각": "23:59", "공휴일운영시작시각": "00:00", "공휴일운영종료시각": "23:59", "요금정보": "유료", "주차기본시간": "30", "주차기본요금": "800", "추가단위시간": null, "추가단위요금": null, "1일주차권요금적용시간": null, "1일주차권요금": null, "월정기권요금": null, "결제방법": null, "특기사항": null, "관리기관명": "광주광역시 동구청", "전화번호": "062-608-2914", "위도": 35.1532748, "경도": 126.9100064, "장애인전용주차구역보유여부": null, "데이터기준일자": "2026-04-16" }, "geometry": { "type": "Point", "coordinates": [ 126.9100064, 35.1532748 ] } },
{ "type": "Feature", "properties": { "주차장관리번호": "175-4-000100", "주차장명": "동산주차장", "주차장구분": "민영", "주차장유형": "노외", "소재지도로명주소": "광주광역시 동구 동명로110번길 4", "소재지지번주소": "광주광역시 동구 지산동 717-21", "주차구획수": "16", "급지구분": "1", "부제시행구분": "미시행", "운영요일": "평일+토요일+공휴일", "평일운영시작시각": "00:00", "평일운영종료시각": "23:59", "토요일운영시작시각": "00:00", "토요일운영종료시각": "23:59", "공휴일운영시작시각": "00:00", "공휴일운영종료시각": "23:59", "요금정보": "유료", "주차기본시간": "30", "주차기본요금": "800", "추가단위시간": null, "추가단위요금": null, "1일주차권요금적용시간": null, "1일주차권요금": null, "월정기권요금": null, "결제방법": null, "특기사항": null, "관리기관명": "광주광역시 동구청", "전화번호": "062-608-2914", "위도": 35.15039766, "경도": 126.9321516, "장애인전용주차구역보유여부": null, "데이터기준일자": "2026-04-16" }, "geometry": { "type": "Point", "coordinates": [ 126.9321516, 35.15039766 ] } },
{ "type": "Feature", "properties": { "주차장관리번호": "175-4-000099", "주차장명": "청해주차장", "주차장구분": "민영", "주차장유형": "노외", "소재지도로명주소": "광주광역시 동구 지산로63번길 4", "소재지지번주소": "광주광역시 동구 지산동 715-18,17,16", "주차구획수": "12", "급지구분": "1", "부제시행구분": "미시행", "운영요일": "평일+토요일+공휴일", "평일운영시작시각": "00:00", "평일운영종료시각": "23:59", "토요일운영시작시각": "00:00", "토요일운영종료시각": "23:59", "공휴일운영시작시각": "00:00", "공휴일운영종료시각": "23:59", "요금정보": "유료", "주차기본시간": "30", "주차기본요금": "800", "추가단위시간": null, "추가단위요금": null, "1일주차권요금적용시간": null, "1일주차권요금": null, "월정기권요금": null, "결제방법": null, "특기사항": null, "관리기관명": "광주광역시 동구청", "전화번호": "062-608-2914", "위도": 35.14951817, "경도": 126.9325738, "장애인전용주차구역보유여부": null, "데이터기준일자": "2026-04-16" }, "geometry": { "type": "Point", "coordinates": [ 126.9325738, 35.14951817 ] } },
{ "type": "Feature", "properties": { "주차장관리번호": "175-4-000098", "주차장명": "신동아주차장", "주차장구분": "민영", "주차장유형": "노외", "소재지도로명주소": "광주광역시 동구 서석로7번길 12-25", "소재지지번주소": "광주광역시 동구 불로동 11-6", "주차구획수": "10", "급지구분": "1", "부제시행구분": "미시행", "운영요일": "평일+토요일+공휴일", "평일운영시작시각": "00:00", "평일운영종료시각": "23:59", "토요일운영시작시각": "00:00", "토요일운영종료시각": "23:59", "공휴일운영시작시각": "00:00", "공휴일운영종료시각": "23:59", "요금정보": "유료", "주차기본시간": "30", "주차기본요금": "800", "추가단위시간": null, "추가단위요금": null, "1일주차권요금적용시간": null, "1일주차권요금": null, "월정기권요금": null, "결제방법": null, "특기사항": null, "관리기관명": "광주광역시 동구청", "전화번호": "062-608-2914", "위도": 35.14643601, "경도": 126.9148098, "장애인전용주차구역보유여부": null, "데이터기준일자": "2026-04-16" }, "geometry": { "type": "Point", "coordinates": [ 126.9148098, 35.14643601 ] } },
{ "type": "Feature", "properties": { "주차장관리번호": "175-4-000097", "주차장명": "중앙로주차장", "주차장구분": "민영", "주차장유형": "노외", "소재지도로명주소": "광주광역시 동구 중앙로 228", "소재지지번주소": "광주광역시 동구 장동 15-10, 15-5", "주차구획수": "20", "급지구분": "1", "부제시행구분": "미시행", "운영요일": "평일+토요일+공휴일", "평일운영시작시각": "00:00", "평일운영종료시각": "23:59", "토요일운영시작시각": "00:00", "토요일운영종료시각": "23:59", "공휴일운영시작시각": "00:00", "공휴일운영종료시각": "23:59", "요금정보": "유료", "주차기본시간": "30", "주차기본요금": "800", "추가단위시간": null, "추가단위요금": null, "1일주차권요금적용시간": null, "1일주차권요금": null, "월정기권요금": null, "결제방법": null, "특기사항": null, "관리기관명": "광주광역시 동구청", "전화번호": "062-608-2914", "위도": 35.15257787, "경도": 126.9186728, "장애인전용주차구역보유여부": null, "데이터기준일자": "2026-04-16" }, "geometry": { "type": "Point", "coordinates": [ 126.9186728, 35.15257787 ] } },
{ "type": "Feature", "properties": { "주차장관리번호": "175-4-000096", "주차장명": "삼복주차장", "주차장구분": "민영", "주차장유형": "노외", "소재지도로명주소": "광주광역시 동구 중앙로 253-2", "소재지지번주소": "광주광역시 동구 계림동 337-9", "주차구획수": "18", "급지구분": "1", "부제시행구분": "미시행", "운영요일": "평일+토요일+공휴일", "평일운영시작시각": "00:00", "평일운영종료시각": "23:59", "토요일운영시작시각": "00:00", "토요일운영종료시각": "23:59", "공휴일운영시작시각": "00:00", "공휴일운영종료시각": "23:59", "요금정보": "유료", "주차기본시간": "30", "주차기본요금": "800", "추가단위시간": null, "추가단위요금": null, "1일주차권요금적용시간": null, "1일주차권요금": null, "월정기권요금": null, "결제방법": null, "특기사항": null, "관리기관명": "광주광역시 동구청", "전화번호": "062-608-2914", "위도": 35.15448253, "경도": 126.9201679, "장애인전용주차구역보유여부": null, "데이터기준일자": "2026-04-16" }, "geometry": { "type": "Point", "coordinates": [ 126.9201679, 35.15448253 ] } },
{ "type": "Feature", "properties": { "주차장관리번호": "175-4-000095", "주차장명": "동산주차장", "주차장구분": "민영", "주차장유형": "노외", "소재지도로명주소": "광주광역시 동구 금남로 161-26", "소재지지번주소": "광주광역시 동구 금남로5가 75-2", "주차구획수": "30", "급지구분": "1", "부제시행구분": "미시행", "운영요일": "평일+토요일+공휴일", "평일운영시작시각": "00:00", "평일운영종료시각": "23:59", "토요일운영시작시각": "00:00", "토요일운영종료시각": "23:59", "공휴일운영시작시각": "00:00", "공휴일운영종료시각": "23:59", "요금정보": "유료", "주차기본시간": "30", "주차기본요금": "800", "추가단위시간": null, "추가단위요금": null, "1일주차권요금적용시간": null, "1일주차권요금": null, "월정기권요금": null, "결제방법": null, "특기사항": null, "관리기관명": "광주광역시 동구청", "전화번호": "062-608-2914", "위도": 35.15362829, "경도": 126.9126819, "장애인전용주차구역보유여부": null, "데이터기준일자": "2026-04-16" }, "geometry": { "type": "Point", "coordinates": [ 126.9126819, 35.15362829 ] } },
{ "type": "Feature", "properties": { "주차장관리번호": "175-4-000094", "주차장명": "천하주차장", "주차장구분": "민영", "주차장유형": "노외", "소재지도로명주소": "광주광역시 동구 금남로 250-3", "소재지지번주소": "광주광역시 동구 금남로1가 15-1, 19-22", "주차구획수": "46", "급지구분": "1", "부제시행구분": "미시행", "운영요일": "평일+토요일+공휴일", "평일운영시작시각": "00:00", "평일운영종료시각": "23:59", "토요일운영시작시각": "00:00", "토요일운영종료시각": "23:59", "공휴일운영시작시각": "00:00", "공휴일운영종료시각": "23:59", "요금정보": "유료", "주차기본시간": "30", "주차기본요금": "800", "추가단위시간": null, "추가단위요금": null, "1일주차권요금적용시간": null, "1일주차권요금": null, "월정기권요금": null, "결제방법": null, "특기사항": null, "관리기관명": "광주광역시 동구청", "전화번호": "062-608-2914", "위도": 35.14743296, "경도": 126.9187614, "장애인전용주차구역보유여부": null, "데이터기준일자": "2026-04-16" }, "geometry": { "type": "Point", "coordinates": [ 126.9187614, 35.14743296 ] } },
{ "type": "Feature", "properties": { "주차장관리번호": "175-4-000092", "주차장명": "동천주차장", "주차장구분": "민영", "주차장유형": "노외", "소재지도로명주소": "광주광역시 동구 밤실로 11-32", "소재지지번주소": "광주광역시 동구 지산동 709-5", "주차구획수": "11", "급지구분": "1", "부제시행구분": "미시행", "운영요일": "평일+토요일+공휴일", "평일운영시작시각": "00:00", "평일운영종료시각": "23:59", "토요일운영시작시각": "00:00", "토요일운영종료시각": "23:59", "공휴일운영시작시각": "00:00", "공휴일운영종료시각": "23:59", "요금정보": "유료", "주차기본시간": "30", "주차기본요금": "800", "추가단위시간": null, "추가단위요금": null, "1일주차권요금적용시간": null, "1일주차권요금": null, "월정기권요금": null, "결제방법": null, "특기사항": null, "관리기관명": "광주광역시 동구청", "전화번호": "062-608-2914", "위도": 35.14905143, "경도": 126.9362088, "장애인전용주차구역보유여부": null, "데이터기준일자": "2026-04-16" }, "geometry": { "type": "Point", "coordinates": [ 126.9362088, 35.14905143 ] } },
{ "type": "Feature", "properties": { "주차장관리번호": "175-4-000091", "주차장명": "바른주차장", "주차장구분": "민영", "주차장유형": "노외", "소재지도로명주소": "광주광역시 동구 준법로 3", "소재지지번주소": "광주광역시 동구 지산동 342-26, 342-27, 342-28", "주차구획수": "26", "급지구분": "1", "부제시행구분": "미시행", "운영요일": "평일+토요일+공휴일", "평일운영시작시각": "00:00", "평일운영종료시각": "23:59", "토요일운영시작시각": "00:00", "토요일운영종료시각": "23:59", "공휴일운영시작시각": "00:00", "공휴일운영종료시각": "23:59", "요금정보": "유료", "주차기본시간": "30", "주차기본요금": "800", "추가단위시간": null, "추가단위요금": null, "1일주차권요금적용시간": null, "1일주차권요금": null, "월정기권요금": null, "결제방법": null, "특기사항": null, "관리기관명": "광주광역시 동구청", "전화번호": "062-608-2914", "위도": 35.14961963, "경도": 126.9334955, "장애인전용주차구역보유여부": null, "데이터기준일자": "2026-04-16" }, "geometry": { "type": "Point", "coordinates": [ 126.9334955, 35.14961963 ] } },
{ "type": "Feature", "properties": { "주차장관리번호": "175-4-000089", "주차장명": "삼성주차장", "주차장구분": "민영", "주차장유형": "노외", "소재지도로명주소": "광주광역시 동구 구성로152번길 24-1", "소재지지번주소": "광주광역시 동구 호남동 31-77", "주차구획수": "23", "급지구분": "1", "부제시행구분": "미시행", "운영요일": "평일+토요일+공휴일", "평일운영시작시각": "00:00", "평일운영종료시각": "23:59", "토요일운영시작시각": "00:00", "토요일운영종료시각": "23:59", "공휴일운영시작시각": "00:00", "공휴일운영종료시각": "23:59", "요금정보": "유료", "주차기본시간": "30", "주차기본요금": "800", "추가단위시간": null, "추가단위요금": null, "1일주차권요금적용시간": null, "1일주차권요금": null, "월정기권요금": null, "결제방법": null, "특기사항": null, "관리기관명": "광주광역시 동구청", "전화번호": "062-608-2914", "위도": 35.14865455, "경도": 126.9126409, "장애인전용주차구역보유여부": null, "데이터기준일자": "2026-04-16" }, "geometry": { "type": "Point", "coordinates": [ 126.9126409, 35.14865455 ] } },
{ "type": "Feature", "properties": { "주차장관리번호": "175-4-000088", "주차장명": "금촌주차장", "주차장구분": "민영", "주차장유형": "노외", "소재지도로명주소": "광주광역시 동구 경양로277번길 30", "소재지지번주소": "광주광역시 동구 계림동 284-2", "주차구획수": "16", "급지구분": "1", "부제시행구분": "미시행", "운영요일": "평일+토요일+공휴일", "평일운영시작시각": "00:00", "평일운영종료시각": "23:59", "토요일운영시작시각": "00:00", "토요일운영종료시각": "23:59", "공휴일운영시작시각": "00:00", "공휴일운영종료시각": "23:59", "요금정보": "유료", "주차기본시간": "30", "주차기본요금": "800", "추가단위시간": null, "추가단위요금": null, "1일주차권요금적용시간": null, "1일주차권요금": null, "월정기권요금": null, "결제방법": null, "특기사항": null, "관리기관명": "광주광역시 동구청", "전화번호": "062-608-2914", "위도": 35.15779224, "경도": 126.9200418, "장애인전용주차구역보유여부": null, "데이터기준일자": "2026-04-16" }, "geometry": { "type": "Point", "coordinates": [ 126.9200418, 35.15779224 ] } }
]
}
