{
"type": "FeatureCollection",
"name": "segments",
"crs": { "type": "name", "properties": { "name": "urn:ogc:def:crs:OGC:1.3:CRS84" } },
"features": [
{ "type": "Feature", "properties": { "seg_id": "DM00260", "width_min_m": 13.35, "width_max_m": 15.34, "verdict": "clear", "unknown_reason": null, "cctv_dist_m": 48.2, "cv_feasible": false, "width_verified": false, "midpoint_fallback": false, "inherited": false, "route_usage": 0, "length_m": 74.7, "run_length_m": null, "nfa_designated": false }, "geometry": { "type": "LineString", "coordinates": [ [ 126.925515839470577, 35.145966814911397 ], [ 126.925586827631491, 35.146069461367254 ], [ 126.925917899123348, 35.146553110416832 ], [ 126.925917899143428, 35.146553110446149 ] ] } },
{ "type": "Feature", "properties": { "seg_id": "DM00262", "width_min_m": 12.71, "width_max_m": 13.97, "verdict": "clear", "unknown_reason": null, "cctv_dist_m": 48.7, "cv_feasible": false, "width_verified": false, "midpoint_fallback": false, "inherited": false, "route_usage": 0, "length_m": 53.5, "run_length_m": null, "nfa_designated": false }, "geometry": { "type": "LineString", "coordinates": [ [ 126.925917899143428, 35.146553110446149 ], [ 126.926108236875848, 35.146831152968687 ], [ 126.926186396936231, 35.146946043283791 ], [ 126.926192588820925, 35.146955141809514 ], [ 126.926205260177255, 35.146973765714158 ] ] } },
{ "type": "Feature", "properties": { "seg_id": "DM00263", "width_min_m": 1.36, "width_max_m": 5.75, "verdict": "unknown", "unknown_reason": "no_cctv", "cctv_dist_m": 87.5, "cv_feasible": false, "width_verified": false, "midpoint_fallback": false, "inherited": false, "route_usage": 0, "length_m": 36.5, "run_length_m": null, "nfa_designated": false }, "geometry": { "type": "LineString", "coordinates": [ [ 126.925917899143428, 35.146553110446149 ], [ 126.925961924743405, 35.146539757340392 ], [ 126.925984047888861, 35.14653304739241 ], [ 126.9260329590292, 35.146506617505615 ], [ 126.926086794696971, 35.146477838139305 ], [ 126.92614244837236, 35.146451914859242 ], [ 126.926225207943958, 35.146408594002139 ], [ 126.92624646673832, 35.146388454414215 ], [ 126.926257997758356, 35.146384396333282 ] ] } },
{ "type": "Feature", "properties": { "seg_id": "DM00264", "width_min_m": 12.75, "width_max_m": 15.64, "verdict": "clear", "unknown_reason": null, "cctv_dist_m": 0.7, "cv_feasible": true, "width_verified": false, "midpoint_fallback": false, "inherited": false, "route_usage": 4, "length_m": 55.7, "run_length_m": null, "nfa_designated": false }, "geometry": { "type": "LineString", "coordinates": [ [ 126.926205260177255, 35.146973765714158 ], [ 126.9264847814988, 35.147384593612152 ], [ 126.926517260232359, 35.147401162588309 ] ] } },
{ "type": "Feature", "properties": { "seg_id": "DM00265", "width_min_m": 1.86, "width_max_m": 5.36, "verdict": "unknown", "unknown_reason": "no_cctv", "cctv_dist_m": 48.7, "cv_feasible": false, "width_verified": false, "midpoint_fallback": false, "inherited": false, "route_usage": 2, "length_m": 78.7, "run_length_m": null, "nfa_designated": false }, "geometry": { "type": "LineString", "coordinates": [ [ 126.926205260177255, 35.146973765714158 ], [ 126.926230196618533, 35.146930208973771 ], [ 126.926234051641785, 35.146923473972997 ], [ 126.926339954746766, 35.146855045315419 ], [ 126.926377028919703, 35.146831860029863 ], [ 126.926468839680908, 35.146766034922351 ], [ 126.926475548393626, 35.146762032544942 ], [ 126.926523868800658, 35.146724229849177 ], [ 126.926582964839909, 35.146676223761297 ], [ 126.926594926038476, 35.146666096478327 ], [ 126.926674238538141, 35.14661299193201 ], [ 126.926725822735975, 35.14657968146998 ], [ 126.926798378472299, 35.146528305468415 ], [ 126.926825207714245, 35.146508118026567 ], [ 126.926838348369884, 35.14649829665963 ] ] } },
{ "type": "Feature", "properties": { "seg_id": "DM00266", "width_min_m": 5.83, "width_max_m": 8.15, "verdict": "clear", "unknown_reason": null, "cctv_dist_m": 0.2, "cv_feasible": true, "width_verified": false, "midpoint_fallback": false, "inherited": false, "route_usage": 7, "length_m": 42.2, "run_length_m": null, "nfa_designated": false }, "geometry": { "type": "LineString", "coordinates": [ [ 126.926517260232359, 35.147401162588309 ], [ 126.926557450069197, 35.147421675245589 ], [ 126.926666001193638, 35.147605393518276 ], [ 126.926689581545446, 35.147692442981715 ], [ 126.926691600703265, 35.147740522545568 ] ] } },
{ "type": "Feature", "properties": { "seg_id": "DM00267", "width_min_m": 9.51, "width_max_m": 12.37, "verdict": "clear", "unknown_reason": null, "cctv_dist_m": 6.5, "cv_feasible": true, "width_verified": false, "midpoint_fallback": false, "inherited": false, "route_usage": 46, "length_m": 18.2, "run_length_m": null, "nfa_designated": false }, "geometry": { "type": "LineString", "coordinates": [ [ 126.926338809926975, 35.147475666375193 ], [ 126.926517260232359, 35.147401162588309 ] ] } },
{ "type": "Feature", "properties": { "seg_id": "DM00268", "width_min_m": 7.41, "width_max_m": 9.86, "verdict": "clear", "unknown_reason": null, "cctv_dist_m": 7.0, "cv_feasible": true, "width_verified": false, "midpoint_fallback": false, "inherited": false, "route_usage": 37, "length_m": 65.8, "run_length_m": null, "nfa_designated": false }, "geometry": { "type": "LineString", "coordinates": [ [ 126.926517260232359, 35.147401162588309 ], [ 126.926994040967344, 35.147202103520222 ], [ 126.927160931087826, 35.147131386388097 ] ] } },
{ "type": "Feature", "properties": { "seg_id": "DM00269", "width_min_m": 5.51, "width_max_m": 16.77, "verdict": "clear", "unknown_reason": null, "cctv_dist_m": 1.8, "cv_feasible": true, "width_verified": false, "midpoint_fallback": false, "inherited": false, "route_usage": 7, "length_m": 123.6, "run_length_m": null, "nfa_designated": false }, "geometry": { "type": "LineString", "coordinates": [ [ 126.926691600703265, 35.147740522545568 ], [ 126.926702674599426, 35.148003418801565 ], [ 126.926723330524354, 35.148480735447748 ], [ 126.926740341673792, 35.148815653644149 ], [ 126.926741360702948, 35.148853403046274 ] ] } },
{ "type": "Feature", "properties": { "seg_id": "DM00270", "width_min_m": 4.28, "width_max_m": null, "verdict": "unknown", "unknown_reason": "width", "cctv_dist_m": 1.8, "cv_feasible": true, "width_verified": false, "midpoint_fallback": true, "inherited": false, "route_usage": 12, "length_m": 15.5, "run_length_m": null, "nfa_designated": false }, "geometry": { "type": "LineString", "coordinates": [ [ 126.926691600703265, 35.147740522545568 ], [ 126.926857531727933, 35.147772316442449 ] ] } },
{ "type": "Feature", "properties": { "seg_id": "DM00271", "width_min_m": 7.43, "width_max_m": null, "verdict": "clear", "unknown_reason": null, "cctv_dist_m": 2.3, "cv_feasible": true, "width_verified": false, "midpoint_fallback": true, "inherited": false, "route_usage": 11, "length_m": 32.7, "run_length_m": null, "nfa_designated": false }, "geometry": { "type": "LineString", "coordinates": [ [ 126.926741360702948, 35.148853403046274 ], [ 126.926749343887053, 35.149148277440815 ] ] } },
{ "type": "Feature", "properties": { "seg_id": "DM00272", "width_min_m": 1.89, "width_max_m": 17.26, "verdict": "unknown", "unknown_reason": "no_cctv", "cctv_dist_m": 28.4, "cv_feasible": false, "width_verified": false, "midpoint_fallback": false, "inherited": false, "route_usage": 2, "length_m": 28.1, "run_length_m": null, "nfa_designated": false }, "geometry": { "type": "LineString", "coordinates": [ [ 126.926741360702948, 35.148853403046274 ], [ 126.927050155411351, 35.148849365624919 ] ] } },
{ "type": "Feature", "properties": { "seg_id": "DM00273", "width_min_m": null, "width_max_m": null, "verdict": "unknown", "unknown_reason": "width", "cctv_dist_m": 4.9, "cv_feasible": true, "width_verified": false, "midpoint_fallback": true, "inherited": false, "route_usage": 100, "length_m": 8.1, "run_length_m": null, "nfa_designated": false }, "geometry": { "type": "LineString", "coordinates": [ [ 126.926660777271451, 35.149141516739213 ], [ 126.92666767812868, 35.149143612142041 ], [ 126.926749343887053, 35.149148277440815 ] ] } },
{ "type": "Feature", "properties": { "seg_id": "DM00274", "width_min_m": 12.49, "width_max_m": 14.54, "verdict": "clear", "unknown_reason": null, "cctv_dist_m": 4.5, "cv_feasible": true, "width_verified": false, "midpoint_fallback": false, "inherited": false, "route_usage": 107, "length_m": 15.5, "run_length_m": null, "nfa_designated": false }, "geometry": { "type": "LineString", "coordinates": [ [ 126.926749343887053, 35.149148277440815 ], [ 126.926918743851914, 35.149157954120092 ] ] } },
{ "type": "Feature", "properties": { "seg_id": "DM00418", "width_min_m": 23.78, "width_max_m": 25.6, "verdict": "clear", "unknown_reason": null, "cctv_dist_m": 109.2, "cv_feasible": false, "width_verified": false, "midpoint_fallback": false, "inherited": false, "route_usage": 0, "length_m": 52.4, "run_length_m": null, "nfa_designated": false }, "geometry": { "type": "LineString", "coordinates": [ [ 126.918777307721882, 35.152911749417562 ], [ 126.91879093121355, 35.152922989620969 ], [ 126.919183192869156, 35.153246626609999 ] ] } },
{ "type": "Feature", "properties": { "seg_id": "DM00420", "width_min_m": 24.36, "width_max_m": 25.83, "verdict": "clear", "unknown_reason": null, "cctv_dist_m": 71.1, "cv_feasible": false, "width_verified": false, "midpoint_fallback": false, "inherited": false, "route_usage": 0, "length_m": 59.1, "run_length_m": null, "nfa_designated": false }, "geometry": { "type": "LineString", "coordinates": [ [ 126.919183192869156, 35.153246626609999 ], [ 126.919249228058192, 35.153301104238096 ], [ 126.91964116530778, 35.153623531691309 ] ] } },
{ "type": "Feature", "properties": { "seg_id": "DM00421", "width_min_m": 10.35, "width_max_m": 13.5, "verdict": "clear", "unknown_reason": null, "cctv_dist_m": 109.2, "cv_feasible": false, "width_verified": false, "midpoint_fallback": false, "inherited": false, "route_usage": 249, "length_m": 44.2, "run_length_m": null, "nfa_designated": false }, "geometry": { "type": "LineString", "coordinates": [ [ 126.918792363671287, 35.15348174952603 ], [ 126.918867033801092, 35.153429711129505 ], [ 126.919183192869156, 35.153246626609999 ] ] } },
{ "type": "Feature", "properties": { "seg_id": "DM00422", "width_min_m": 9.1, "width_max_m": 10.22, "verdict": "clear", "unknown_reason": null, "cctv_dist_m": 88.8, "cv_feasible": false, "width_verified": false, "midpoint_fallback": false, "inherited": false, "route_usage": 249, "length_m": 61.0, "run_length_m": null, "nfa_designated": false }, "geometry": { "type": "LineString", "coordinates": [ [ 126.919183192869156, 35.153246626609999 ], [ 126.919184290987729, 35.153245987393326 ], [ 126.919568393166116, 35.152909510305875 ], [ 126.919648784901767, 35.152852671065212 ] ] } },
{ "type": "Feature", "properties": { "seg_id": "DM00423", "width_min_m": 24.01, "width_max_m": 25.55, "verdict": "clear", "unknown_reason": null, "cctv_dist_m": 65.1, "cv_feasible": false, "width_verified": false, "midpoint_fallback": false, "inherited": false, "route_usage": 1, "length_m": 30.6, "run_length_m": null, "nfa_designated": false }, "geometry": { "type": "LineString", "coordinates": [ [ 126.91964116530778, 35.153623531691309 ], [ 126.919877949891273, 35.153818320841843 ], [ 126.919878639487081, 35.153818888130857 ] ] } },
{ "type": "Feature", "properties": { "seg_id": "DM00424", "width_min_m": 1.66, "width_max_m": 7.44, "verdict": "unknown", "unknown_reason": "no_cctv", "cctv_dist_m": 57.7, "cv_feasible": false, "width_verified": false, "midpoint_fallback": false, "inherited": false, "route_usage": 1, "length_m": 47.3, "run_length_m": null, "nfa_designated": false }, "geometry": { "type": "LineString", "coordinates": [ [ 126.91964116530778, 35.153623531691309 ], [ 126.919286543466029, 35.153934425077225 ] ] } },
{ "type": "Feature", "properties": { "seg_id": "DM00425", "width_min_m": null, "width_max_m": null, "verdict": "unknown", "unknown_reason": "width", "cctv_dist_m": 65.1, "cv_feasible": false, "width_verified": false, "midpoint_fallback": true, "inherited": false, "route_usage": 3, "length_m": 7.3, "run_length_m": null, "nfa_designated": false }, "geometry": { "type": "LineString", "coordinates": [ [ 126.919878639487081, 35.153818888130857 ], [ 126.919881634410032, 35.153821351873816 ], [ 126.91993225270673, 35.153862992469158 ], [ 126.919934956373311, 35.153865216609496 ] ] } },
{ "type": "Feature", "properties": { "seg_id": "DM00426", "width_min_m": 1.7, "width_max_m": 4.38, "verdict": "needs_cv", "unknown_reason": null, "cctv_dist_m": 6.3, "cv_feasible": true, "width_verified": false, "midpoint_fallback": false, "inherited": false, "route_usage": 4, "length_m": 89.4, "run_length_m": 89.4, "nfa_designated": false }, "geometry": { "type": "LineString", "coordinates": [ [ 126.919878639487081, 35.153818888130857 ], [ 126.919967862664663, 35.153733444674252 ], [ 126.919969484634009, 35.153731891413329 ], [ 126.91999934179087, 35.153703299025345 ], [ 126.920072491734544, 35.153635058881761 ], [ 126.920132217682379, 35.153563755628817 ], [ 126.920212631103894, 35.153469828560389 ], [ 126.920319023429371, 35.153351856283123 ], [ 126.920377245780429, 35.153287191722519 ], [ 126.920454377553583, 35.153198063494898 ], [ 126.920471742613188, 35.153178181088336 ] ] } },
{ "type": "Feature", "properties": { "seg_id": "DM00427", "width_min_m": 23.83, "width_max_m": 28.46, "verdict": "clear", "unknown_reason": null, "cctv_dist_m": 65.7, "cv_feasible": false, "width_verified": false, "midpoint_fallback": false, "inherited": false, "route_usage": 0, "length_m": 47.7, "run_length_m": null, "nfa_designated": false }, "geometry": { "type": "LineString", "coordinates": [ [ 126.919934956373311, 35.153865216609496 ], [ 126.920240602149235, 35.154116651431728 ], [ 126.920301315173333, 35.154171891064863 ] ] } },
{ "type": "Feature", "properties": { "seg_id": "DM00428", "width_min_m": 8.8, "width_max_m": 9.03, "verdict": "clear", "unknown_reason": null, "cctv_dist_m": 65.7, "cv_feasible": false, "width_verified": false, "midpoint_fallback": false, "inherited": false, "route_usage": 3, "length_m": 22.0, "run_length_m": null, "nfa_designated": false }, "geometry": { "type": "LineString", "coordinates": [ [ 126.919757233896291, 35.153999819899973 ], [ 126.919930948029503, 35.153868252453208 ], [ 126.919934956373311, 35.153865216609496 ] ] } },
{ "type": "Feature", "properties": { "seg_id": "DM00429", "width_min_m": 1.4, "width_max_m": 6.09, "verdict": "unknown", "unknown_reason": "no_cctv", "cctv_dist_m": 86.7, "cv_feasible": false, "width_verified": false, "midpoint_fallback": false, "inherited": true, "route_usage": 56, "length_m": 1.9, "run_length_m": null, "nfa_designated": false }, "geometry": { "type": "LineString", "coordinates": [ [ 126.920301315173333, 35.154171891064863 ], [ 126.920315547709265, 35.154184844048274 ] ] } },
{ "type": "Feature", "properties": { "seg_id": "DM00430", "width_min_m": 5.78, "width_max_m": 7.44, "verdict": "clear", "unknown_reason": null, "cctv_dist_m": 56.4, "cv_feasible": false, "width_verified": false, "midpoint_fallback": false, "inherited": false, "route_usage": 56, "length_m": 62.3, "run_length_m": null, "nfa_designated": false }, "geometry": { "type": "LineString", "coordinates": [ [ 126.920301315173333, 35.154171891064863 ], [ 126.920153567552418, 35.15420883773136 ], [ 126.919646563653004, 35.154083638872038 ] ] } },
{ "type": "Feature", "properties": { "seg_id": "DM00431", "width_min_m": 29.83, "width_max_m": 32.97, "verdict": "clear", "unknown_reason": null, "cctv_dist_m": 88.1, "cv_feasible": false, "width_verified": false, "midpoint_fallback": true, "inherited": false, "route_usage": 56, "length_m": 9.7, "run_length_m": null, "nfa_designated": false }, "geometry": { "type": "LineString", "coordinates": [ [ 126.920315547709265, 35.154184844048274 ], [ 126.920386983363613, 35.154249847280823 ] ] } },
{ "type": "Feature", "properties": { "seg_id": "DM00432", "width_min_m": 1.4, "width_max_m": 6.09, "verdict": "unknown", "unknown_reason": "no_cctv", "cctv_dist_m": 44.0, "cv_feasible": false, "width_verified": false, "midpoint_fallback": false, "inherited": false, "route_usage": 2, "length_m": 60.2, "run_length_m": null, "nfa_designated": false }, "geometry": { "type": "LineString", "coordinates": [ [ 126.920315547709265, 35.154184844048274 ], [ 126.920413653654819, 35.154100049988195 ], [ 126.920413275731548, 35.154041573902646 ], [ 126.920413796868175, 35.154003842096927 ], [ 126.920409954245088, 35.153976036566156 ], [ 126.920439987563753, 35.153941502972422 ], [ 126.920621834134721, 35.153730364886108 ] ] } },
{ "type": "Feature", "properties": { "seg_id": "DM00433", "width_min_m": null, "width_max_m": 38.8, "verdict": "unknown", "unknown_reason": "width", "cctv_dist_m": 91.3, "cv_feasible": false, "width_verified": false, "midpoint_fallback": true, "inherited": false, "route_usage": 54, "length_m": 18.1, "run_length_m": null, "nfa_designated": false }, "geometry": { "type": "LineString", "coordinates": [ [ 126.920386983363613, 35.154249847280823 ], [ 126.920396535102583, 35.154258538922612 ], [ 126.920459222031567, 35.154315582505177 ], [ 126.920519869555335, 35.154370767902151 ] ] } },
{ "type": "Feature", "properties": { "seg_id": "DM00434", "width_min_m": 2.1, "width_max_m": 3.9, "verdict": "unknown", "unknown_reason": "no_cctv", "cctv_dist_m": 25.1, "cv_feasible": false, "width_verified": false, "midpoint_fallback": false, "inherited": false, "route_usage": 2, "length_m": 157.6, "run_length_m": null, "nfa_designated": false }, "geometry": { "type": "LineString", "coordinates": [ [ 126.920386983363613, 35.154249847280823 ], [ 126.920489983841733, 35.154141011479886 ], [ 126.920585639674243, 35.154039937701334 ], [ 126.920698658689091, 35.153941491505897 ], [ 126.920792896568258, 35.153863883419248 ], [ 126.920819491715477, 35.153810681260808 ], [ 126.92078749085033, 35.153735974293809 ], [ 126.920790514925841, 35.153693123194579 ], [ 126.920856295753794, 35.153607170828714 ], [ 126.921087916098998, 35.153302812526661 ], [ 126.921265718945364, 35.153075781052891 ] ] } },
{ "type": "Feature", "properties": { "seg_id": "DM00435", "width_min_m": null, "width_max_m": null, "verdict": "unknown", "unknown_reason": "width", "cctv_dist_m": 93.4, "cv_feasible": false, "width_verified": false, "midpoint_fallback": true, "inherited": false, "route_usage": 54, "length_m": 29.5, "run_length_m": null, "nfa_designated": false }, "geometry": { "type": "LineString", "coordinates": [ [ 126.920519869555335, 35.154370767902151 ], [ 126.920557509453019, 35.154452473798024 ], [ 126.920610105401124, 35.154625848420181 ] ] } },
{ "type": "Feature", "properties": { "seg_id": "DM00436", "width_min_m": 1.9, "width_max_m": 3.72, "verdict": "unknown", "unknown_reason": "no_cctv", "cctv_dist_m": 58.9, "cv_feasible": false, "width_verified": false, "midpoint_fallback": false, "inherited": false, "route_usage": 0, "length_m": 69.1, "run_length_m": null, "nfa_designated": false }, "geometry": { "type": "LineString", "coordinates": [ [ 126.920519869555335, 35.154370767902151 ], [ 126.920283311707351, 35.15442320925014 ], [ 126.920241763926384, 35.154414386284486 ], [ 126.920202654623068, 35.154404261999943 ], [ 126.920170491472447, 35.154388704535833 ], [ 126.920127609035831, 35.154366666419037 ], [ 126.920092927848614, 35.15434463369597 ], [ 126.9200576096421, 35.154329591882941 ], [ 126.920033007143985, 35.154325432619871 ], [ 126.920010603380362, 35.15433059669413 ], [ 126.919985976081023, 35.154351036692233 ], [ 126.919889156338087, 35.154436781969409 ], [ 126.919866315473413, 35.154455754224244 ] ] } },
{ "type": "Feature", "properties": { "seg_id": "DM00437", "width_min_m": 27.14, "width_max_m": 29.94, "verdict": "clear", "unknown_reason": null, "cctv_dist_m": 56.8, "cv_feasible": false, "width_verified": false, "midpoint_fallback": false, "inherited": false, "route_usage": 2, "length_m": 51.6, "run_length_m": null, "nfa_designated": false }, "geometry": { "type": "LineString", "coordinates": [ [ 126.920610105401124, 35.154625848420181 ], [ 126.920667416403646, 35.154814783539599 ], [ 126.920663537738378, 35.155084981121846 ] ] } },
{ "type": "Feature", "properties": { "seg_id": "DM00438", "width_min_m": 11.35, "width_max_m": 14.68, "verdict": "clear", "unknown_reason": null, "cctv_dist_m": 84.3, "cv_feasible": false, "width_verified": false, "midpoint_fallback": false, "inherited": false, "route_usage": 0, "length_m": 73.0, "run_length_m": null, "nfa_designated": false }, "geometry": { "type": "LineString", "coordinates": [ [ 126.920002434408715, 35.155055063270403 ], [ 126.920020699597245, 35.155041239749885 ], [ 126.920355110998884, 35.154805561426642 ], [ 126.920610105401124, 35.154625848420181 ] ] } },
{ "type": "Feature", "properties": { "seg_id": "DM00439", "width_min_m": null, "width_max_m": null, "verdict": "unknown", "unknown_reason": "width", "cctv_dist_m": 94.2, "cv_feasible": false, "width_verified": false, "midpoint_fallback": true, "inherited": false, "route_usage": 54, "length_m": 15.3, "run_length_m": null, "nfa_designated": false }, "geometry": { "type": "LineString", "coordinates": [ [ 126.920610105401124, 35.154625848420181 ], [ 126.920737184836796, 35.154536293389064 ] ] } },
{ "type": "Feature", "properties": { "seg_id": "DM00440", "width_min_m": 25.91, "width_max_m": 31.72, "verdict": "clear", "unknown_reason": null, "cctv_dist_m": 53.8, "cv_feasible": false, "width_verified": false, "midpoint_fallback": true, "inherited": false, "route_usage": 2, "length_m": 8.1, "run_length_m": null, "nfa_designated": false }, "geometry": { "type": "LineString", "coordinates": [ [ 126.920663537738378, 35.155084981121846 ], [ 126.920663385464167, 35.15509558888715 ], [ 126.920662489402801, 35.155158286518983 ] ] } },
{ "type": "Feature", "properties": { "seg_id": "DM00441", "width_min_m": 2.2, "width_max_m": 4.5, "verdict": "unknown", "unknown_reason": "no_cctv", "cctv_dist_m": 56.8, "cv_feasible": false, "width_verified": false, "midpoint_fallback": false, "inherited": false, "route_usage": 0, "length_m": 77.9, "run_length_m": null, "nfa_designated": false }, "geometry": { "type": "LineString", "coordinates": [ [ 126.920663537738378, 35.155084981121846 ], [ 126.920529417118274, 35.155098353517111 ], [ 126.920520781290037, 35.155104271101855 ], [ 126.920485348006679, 35.15512855126552 ], [ 126.920432286400683, 35.155169034873111 ], [ 126.920359446142214, 35.155230674336082 ], [ 126.920207895518146, 35.155406338621773 ], [ 126.920120917784132, 35.155500206917417 ], [ 126.920046146657384, 35.155523829006519 ] ] } },
{ "type": "Feature", "properties": { "seg_id": "DM00442", "width_min_m": 24.96, "width_max_m": 26.0, "verdict": "clear", "unknown_reason": null, "cctv_dist_m": 51.3, "cv_feasible": false, "width_verified": false, "midpoint_fallback": false, "inherited": false, "route_usage": 0, "length_m": 17.8, "run_length_m": null, "nfa_designated": false }, "geometry": { "type": "LineString", "coordinates": [ [ 126.920662489402801, 35.155158286518983 ], [ 126.920660309525275, 35.155309559413361 ], [ 126.920660180258864, 35.155318569793913 ] ] } },
{ "type": "Feature", "properties": { "seg_id": "DM00443", "width_min_m": 0.51, "width_max_m": 2.02, "verdict": "blocked", "unknown_reason": null, "cctv_dist_m": 36.8, "cv_feasible": false, "width_verified": false, "midpoint_fallback": false, "inherited": false, "route_usage": 2, "length_m": 76.2, "run_length_m": 76.2, "nfa_designated": false }, "geometry": { "type": "LineString", "coordinates": [ [ 126.920662489402801, 35.155158286518983 ], [ 126.920809573201325, 35.155161620336308 ], [ 126.920870827034207, 35.155125886311282 ], [ 126.920938100780191, 35.155073255854489 ], [ 126.921003334171729, 35.155008374595702 ], [ 126.920969813608593, 35.154911033077113 ], [ 126.921169357902357, 35.154980876189576 ], [ 126.921234552139623, 35.154944450546438 ] ] } },
{ "type": "Feature", "properties": { "seg_id": "DM00445", "width_min_m": 1.8, "width_max_m": 3.35, "verdict": "needs_cv", "unknown_reason": null, "cctv_dist_m": 0.2, "cv_feasible": true, "width_verified": false, "midpoint_fallback": false, "inherited": false, "route_usage": 0, "length_m": 51.8, "run_length_m": 51.8, "nfa_designated": false }, "geometry": { "type": "LineString", "coordinates": [ [ 126.920660180258864, 35.155318569793913 ], [ 126.920794944594775, 35.155316864288764 ], [ 126.920958601026527, 35.155314793025561 ], [ 126.921182616634809, 35.155308479056423 ], [ 126.921228078253293, 35.155308508621417 ] ] } },
{ "type": "Feature", "properties": { "seg_id": "DM00778", "width_min_m": 16.67, "width_max_m": 18.83, "verdict": "clear", "unknown_reason": null, "cctv_dist_m": 44.7, "cv_feasible": false, "width_verified": false, "midpoint_fallback": true, "inherited": false, "route_usage": 0, "length_m": 9.2, "run_length_m": null, "nfa_designated": false }, "geometry": { "type": "LineString", "coordinates": [ [ 126.919551645581819, 35.154155527310408 ], [ 126.919626032932655, 35.154099188314106 ] ] } },
{ "type": "Feature", "properties": { "seg_id": "DM00779", "width_min_m": 1.1, "width_max_m": 2.52, "verdict": "unknown", "unknown_reason": "no_cctv", "cctv_dist_m": 42.5, "cv_feasible": false, "width_verified": false, "midpoint_fallback": false, "inherited": false, "route_usage": 0, "length_m": 44.3, "run_length_m": null, "nfa_designated": false }, "geometry": { "type": "LineString", "coordinates": [ [ 126.919551645581819, 35.154155527310408 ], [ 126.919575484156752, 35.154193386509228 ], [ 126.919584382814691, 35.154207518889855 ], [ 126.919605093553045, 35.154236258167145 ], [ 126.919651102677932, 35.154277685713645 ], [ 126.919718706051484, 35.154335438297394 ], [ 126.9197953707924, 35.154397971377406 ], [ 126.919866315473413, 35.154455754224244 ] ] } },
{ "type": "Feature", "properties": { "seg_id": "DM00780", "width_min_m": 5.6, "width_max_m": 6.04, "verdict": "clear", "unknown_reason": null, "cctv_dist_m": 53.9, "cv_feasible": false, "width_verified": false, "midpoint_fallback": false, "inherited": true, "route_usage": 56, "length_m": 2.5, "run_length_m": null, "nfa_designated": false }, "geometry": { "type": "LineString", "coordinates": [ [ 126.919626032932655, 35.154099188314106 ], [ 126.919646563653004, 35.154083638872038 ] ] } },
{ "type": "Feature", "properties": { "seg_id": "DM00781", "width_min_m": 5.6, "width_max_m": 6.04, "verdict": "clear", "unknown_reason": null, "cctv_dist_m": 47.5, "cv_feasible": false, "width_verified": false, "midpoint_fallback": false, "inherited": false, "route_usage": 56, "length_m": 117.5, "run_length_m": null, "nfa_designated": false }, "geometry": { "type": "LineString", "coordinates": [ [ 126.919626032932655, 35.154099188314106 ], [ 126.919593566488373, 35.154091316381731 ], [ 126.919524790807316, 35.154074640745883 ], [ 126.919349588705643, 35.15403737498518 ], [ 126.919177078293544, 35.153996227240903 ], [ 126.919102236473151, 35.153984746750268 ], [ 126.918903604808406, 35.15396169880254 ], [ 126.918681394252474, 35.153933449627836 ], [ 126.918563995054612, 35.153937660184958 ], [ 126.918457163879935, 35.153943303606582 ], [ 126.918359950321417, 35.153950625633556 ] ] } },
{ "type": "Feature", "properties": { "seg_id": "DM00782", "width_min_m": 8.57, "width_max_m": 10.83, "verdict": "clear", "unknown_reason": null, "cctv_dist_m": 56.4, "cv_feasible": false, "width_verified": false, "midpoint_fallback": false, "inherited": false, "route_usage": 0, "length_m": 13.7, "run_length_m": null, "nfa_designated": false }, "geometry": { "type": "LineString", "coordinates": [ [ 126.919646563653004, 35.154083638872038 ], [ 126.919757233896291, 35.153999819899973 ] ] } },
{ "type": "Feature", "properties": { "seg_id": "DM00783", "width_min_m": 1.9, "width_max_m": 3.7, "verdict": "unknown", "unknown_reason": "no_cctv", "cctv_dist_m": 56.8, "cv_feasible": false, "width_verified": false, "midpoint_fallback": false, "inherited": false, "route_usage": 3, "length_m": 45.0, "run_length_m": null, "nfa_designated": false }, "geometry": { "type": "LineString", "coordinates": [ [ 126.919757233896291, 35.153999819899973 ], [ 126.919670316387794, 35.15402755073795 ], [ 126.919623205110241, 35.15401627479833 ], [ 126.919470133569206, 35.153978802303264 ], [ 126.919315516369522, 35.153941129996078 ], [ 126.919286543466029, 35.153934425077225 ] ] } },
{ "type": "Feature", "properties": { "seg_id": "DM00863", "width_min_m": 7.58, "width_max_m": 11.0, "verdict": "clear", "unknown_reason": null, "cctv_dist_m": 8.6, "cv_feasible": true, "width_verified": false, "midpoint_fallback": false, "inherited": false, "route_usage": 0, "length_m": 50.2, "run_length_m": null, "nfa_designated": false }, "geometry": { "type": "LineString", "coordinates": [ [ 126.919877560633992, 35.151843614054116 ], [ 126.920258690792068, 35.152158596131457 ], [ 126.920265869554541, 35.152164528854733 ] ] } },
{ "type": "Feature", "properties": { "seg_id": "DM00865", "width_min_m": 7.06, "width_max_m": 11.13, "verdict": "clear", "unknown_reason": null, "cctv_dist_m": 1.8, "cv_feasible": true, "width_verified": false, "midpoint_fallback": false, "inherited": false, "route_usage": 0, "length_m": 24.4, "run_length_m": null, "nfa_designated": false }, "geometry": { "type": "LineString", "coordinates": [ [ 126.920265869554541, 35.152164528854733 ], [ 126.920454558866666, 35.152320466337883 ] ] } },
{ "type": "Feature", "properties": { "seg_id": "DM00866", "width_min_m": 1.5, "width_max_m": 3.4, "verdict": "needs_cv", "unknown_reason": null, "cctv_dist_m": 8.6, "cv_feasible": true, "width_verified": false, "midpoint_fallback": false, "inherited": false, "route_usage": 0, "length_m": 50.0, "run_length_m": 50.0, "nfa_designated": false }, "geometry": { "type": "LineString", "coordinates": [ [ 126.920265869554541, 35.152164528854733 ], [ 126.920235353706943, 35.152185040427987 ], [ 126.920191825534815, 35.152214299022106 ], [ 126.920055337390622, 35.152310072428435 ], [ 126.92000229339375, 35.152350365308777 ], [ 126.919849618383338, 35.152457625191126 ] ] } },
{ "type": "Feature", "properties": { "seg_id": "DM00867", "width_min_m": 11.34, "width_max_m": 13.57, "verdict": "clear", "unknown_reason": null, "cctv_dist_m": 16.1, "cv_feasible": true, "width_verified": false, "midpoint_fallback": false, "inherited": false, "route_usage": 249, "length_m": 28.2, "run_length_m": null, "nfa_designated": false }, "geometry": { "type": "LineString", "coordinates": [ [ 126.920251474358835, 35.152512690402737 ], [ 126.920260035269578, 35.152506619234835 ], [ 126.920261781894368, 35.152504952898056 ], [ 126.920454558866666, 35.152320466337883 ] ] } },
{ "type": "Feature", "properties": { "seg_id": "DM00868", "width_min_m": 14.11, "width_max_m": null, "verdict": "clear", "unknown_reason": null, "cctv_dist_m": 15.9, "cv_feasible": true, "width_verified": false, "midpoint_fallback": true, "inherited": false, "route_usage": 249, "length_m": 6.0, "run_length_m": null, "nfa_designated": false }, "geometry": { "type": "LineString", "coordinates": [ [ 126.920454558866666, 35.152320466337883 ], [ 126.920460337000179, 35.152314935879076 ], [ 126.920500613662497, 35.152281910095937 ] ] } },
{ "type": "Feature", "properties": { "seg_id": "DM00869", "width_min_m": 6.33, "width_max_m": 9.2, "verdict": "clear", "unknown_reason": null, "cctv_dist_m": 30.1, "cv_feasible": false, "width_verified": false, "midpoint_fallback": false, "inherited": false, "route_usage": 0, "length_m": 47.3, "run_length_m": null, "nfa_designated": false }, "geometry": { "type": "LineString", "coordinates": [ [ 126.921438156983356, 35.150787220441231 ], [ 126.921753570219209, 35.150970096912069 ], [ 126.92186093423939, 35.15103430630316 ] ] } },
{ "type": "Feature", "properties": { "seg_id": "DM00871", "width_min_m": 5.59, "width_max_m": null, "verdict": "clear", "unknown_reason": null, "cctv_dist_m": 1.3, "cv_feasible": true, "width_verified": false, "midpoint_fallback": true, "inherited": false, "route_usage": 0, "length_m": 32.9, "run_length_m": null, "nfa_designated": false }, "geometry": { "type": "LineString", "coordinates": [ [ 126.92186093423939, 35.15103430630316 ], [ 126.921863185039925, 35.151035652399408 ], [ 126.922152907268767, 35.151208920532291 ] ] } },
{ "type": "Feature", "properties": { "seg_id": "DM00872", "width_min_m": 2.2, "width_max_m": 4.46, "verdict": "unknown", "unknown_reason": "no_cctv", "cctv_dist_m": 26.2, "cv_feasible": false, "width_verified": false, "midpoint_fallback": false, "inherited": false, "route_usage": 0, "length_m": 47.9, "run_length_m": null, "nfa_designated": false }, "geometry": { "type": "LineString", "coordinates": [ [ 126.92186093423939, 35.15103430630316 ], [ 126.921924060300285, 35.150959140298554 ], [ 126.92200450901521, 35.150863302840072 ], [ 126.922052968600923, 35.150794424851789 ], [ 126.922073232332437, 35.150735598932251 ], [ 126.922093811533387, 35.15068265122899 ], [ 126.92206923024662, 35.150663407251137 ] ] } },
{ "type": "Feature", "properties": { "seg_id": "DM00873", "width_min_m": 10.6, "width_max_m": 24.17, "verdict": "clear", "unknown_reason": null, "cctv_dist_m": 1.7, "cv_feasible": true, "width_verified": false, "midpoint_fallback": false, "inherited": false, "route_usage": 110, "length_m": 19.9, "run_length_m": null, "nfa_designated": false }, "geometry": { "type": "LineString", "coordinates": [ [ 126.921949301655189, 35.151272612117047 ], [ 126.921967700494434, 35.151266855510421 ], [ 126.922152907268767, 35.151208920532291 ] ] } },
{ "type": "Feature", "properties": { "seg_id": "DM00874", "width_min_m": 5.59, "width_max_m": 7.33, "verdict": "clear", "unknown_reason": null, "cctv_dist_m": 3.2, "cv_feasible": true, "width_verified": false, "midpoint_fallback": false, "inherited": true, "route_usage": 110, "length_m": 0.9, "run_length_m": null, "nfa_designated": false }, "geometry": { "type": "LineString", "coordinates": [ [ 126.922152907268767, 35.151208920532291 ], [ 126.922162600674255, 35.151205889306688 ] ] } },
{ "type": "Feature", "properties": { "seg_id": "DM00875", "width_min_m": 4.1, "width_max_m": 6.12, "verdict": "needs_cv", "unknown_reason": null, "cctv_dist_m": 1.0, "cv_feasible": true, "width_verified": false, "midpoint_fallback": false, "inherited": false, "route_usage": 0, "length_m": 20.4, "run_length_m": 201.9, "nfa_designated": true }, "geometry": { "type": "LineString", "coordinates": [ [ 126.921919032895104, 35.150472250614285 ], [ 126.921980850699128, 35.150487157977437 ], [ 126.922133960548919, 35.150524465732211 ] ] } },
{ "type": "Feature", "properties": { "seg_id": "DM00877", "width_min_m": 4.1, "width_max_m": 5.23, "verdict": "needs_cv", "unknown_reason": null, "cctv_dist_m": 20.8, "cv_feasible": true, "width_verified": false, "midpoint_fallback": false, "inherited": false, "route_usage": 0, "length_m": 28.5, "run_length_m": 201.9, "nfa_designated": true }, "geometry": { "type": "LineString", "coordinates": [ [ 126.922133960548919, 35.150524465732211 ], [ 126.922260317661326, 35.150555254567251 ], [ 126.922433961241964, 35.150598404780304 ] ] } },
{ "type": "Feature", "properties": { "seg_id": "DM00878", "width_min_m": 1.8, "width_max_m": 3.9, "verdict": "needs_cv", "unknown_reason": null, "cctv_dist_m": 20.8, "cv_feasible": true, "width_verified": false, "midpoint_fallback": false, "inherited": false, "route_usage": 0, "length_m": 87.5, "run_length_m": 201.9, "nfa_designated": true }, "geometry": { "type": "LineString", "coordinates": [ [ 126.922756934436478, 35.150037865457662 ], [ 126.922683722592424, 35.150094482478991 ], [ 126.922683715751759, 35.150094487769103 ], [ 126.922629664646223, 35.150136287203289 ], [ 126.922542442149734, 35.150202864688687 ], [ 126.92251172414251, 35.150221457204061 ], [ 126.922445338988908, 35.150186165434533 ], [ 126.922408631418037, 35.150173461873813 ], [ 126.922335620470122, 35.15026111277426 ], [ 126.922226554845309, 35.150381807868982 ], [ 126.922185031827482, 35.150442256606922 ], [ 126.922133960548919, 35.150524465732211 ] ] } },
{ "type": "Feature", "properties": { "seg_id": "DM00879", "width_min_m": 5.14, "width_max_m": 9.76, "verdict": "clear", "unknown_reason": null, "cctv_dist_m": 49.4, "cv_feasible": false, "width_verified": false, "midpoint_fallback": false, "inherited": false, "route_usage": 0, "length_m": 25.0, "run_length_m": null, "nfa_designated": false }, "geometry": { "type": "LineString", "coordinates": [ [ 126.922433961241964, 35.150598404780304 ], [ 126.922499481499599, 35.150614686405994 ], [ 126.922644013848227, 35.150654429308616 ], [ 126.922694889053417, 35.150668418457109 ] ] } },
{ "type": "Feature", "properties": { "seg_id": "DM00880", "width_min_m": 3.0, "width_max_m": 3.79, "verdict": "needs_cv", "unknown_reason": null, "cctv_dist_m": 19.0, "cv_feasible": true, "width_verified": false, "midpoint_fallback": false, "inherited": false, "route_usage": 0, "length_m": 65.5, "run_length_m": 201.9, "nfa_designated": true }, "geometry": { "type": "LineString", "coordinates": [ [ 126.922914197346515, 35.150159552765295 ], [ 126.922837480867571, 35.150225698324341 ], [ 126.922793021614709, 35.150264031385149 ], [ 126.922667594951108, 35.150375255193843 ], [ 126.922617327537452, 35.15042870836038 ], [ 126.922510460382867, 35.150526911113865 ], [ 126.922433961241964, 35.150598404780304 ] ] } },
{ "type": "Feature", "properties": { "seg_id": "DM00881", "width_min_m": 9.43, "width_max_m": 19.57, "verdict": "clear", "unknown_reason": null, "cctv_dist_m": 25.8, "cv_feasible": false, "width_verified": false, "midpoint_fallback": false, "inherited": false, "route_usage": 91, "length_m": 53.6, "run_length_m": null, "nfa_designated": false }, "geometry": { "type": "LineString", "coordinates": [ [ 126.922325278088081, 35.151044337550282 ], [ 126.922693129171847, 35.15067020822331 ], [ 126.922694889053417, 35.150668418457109 ] ] } },
{ "type": "Feature", "properties": { "seg_id": "DM00882", "width_min_m": 7.73, "width_max_m": 11.4, "verdict": "clear", "unknown_reason": null, "cctv_dist_m": 12.0, "cv_feasible": true, "width_verified": false, "midpoint_fallback": false, "inherited": false, "route_usage": 91, "length_m": 52.8, "run_length_m": null, "nfa_designated": false }, "geometry": { "type": "LineString", "coordinates": [ [ 126.922694889053417, 35.150668418457109 ], [ 126.92271448433452, 35.15064849042065 ], [ 126.92312025981596, 35.150345002987436 ] ] } },
{ "type": "Feature", "properties": { "seg_id": "DM00883", "width_min_m": 6.44, "width_max_m": 11.12, "verdict": "clear", "unknown_reason": null, "cctv_dist_m": 50.0, "cv_feasible": false, "width_verified": false, "midpoint_fallback": false, "inherited": false, "route_usage": 5, "length_m": 94.3, "run_length_m": null, "nfa_designated": false }, "geometry": { "type": "LineString", "coordinates": [ [ 126.920737184836796, 35.154536293389064 ], [ 126.921355580377707, 35.154813969362976 ], [ 126.921608987306342, 35.154987638328045 ] ] } },
{ "type": "Feature", "properties": { "seg_id": "DM00884", "width_min_m": null, "width_max_m": 32.39, "verdict": "unknown", "unknown_reason": "width", "cctv_dist_m": 68.8, "cv_feasible": false, "width_verified": false, "midpoint_fallback": true, "inherited": false, "route_usage": 49, "length_m": 27.3, "run_length_m": null, "nfa_designated": false }, "geometry": { "type": "LineString", "coordinates": [ [ 126.920737184836796, 35.154536293389064 ], [ 126.92074143509393, 35.15453329470823 ], [ 126.920933961796237, 35.154406106405744 ], [ 126.920980602506958, 35.154411897383156 ] ] } },
{ "type": "Feature", "properties": { "seg_id": "DM00885", "width_min_m": 8.91, "width_max_m": null, "verdict": "clear", "unknown_reason": null, "cctv_dist_m": 50.2, "cv_feasible": false, "width_verified": false, "midpoint_fallback": true, "inherited": false, "route_usage": 5, "length_m": 33.4, "run_length_m": null, "nfa_designated": false }, "geometry": { "type": "LineString", "coordinates": [ [ 126.921608987306342, 35.154987638328045 ], [ 126.921789833110182, 35.155111567405719 ], [ 126.92187913832359, 35.155188845124172 ], [ 126.921880290012211, 35.155189841889424 ] ] } },
{ "type": "Feature", "properties": { "seg_id": "DM00886", "width_min_m": 0.76, "width_max_m": 1.36, "verdict": "blocked", "unknown_reason": null, "cctv_dist_m": 50.2, "cv_feasible": false, "width_verified": false, "midpoint_fallback": false, "inherited": false, "route_usage": 2, "length_m": 22.1, "run_length_m": 22.1, "nfa_designated": false }, "geometry": { "type": "LineString", "coordinates": [ [ 126.921608987306342, 35.154987638328045 ], [ 126.921724082892453, 35.154896695299016 ], [ 126.921791782409272, 35.154935723404279 ] ] } },
{ "type": "Feature", "properties": { "seg_id": "DM00887", "width_min_m": 8.7, "width_max_m": 24.76, "verdict": "clear", "unknown_reason": null, "cctv_dist_m": 24.6, "cv_feasible": true, "width_verified": false, "midpoint_fallback": false, "inherited": false, "route_usage": 0, "length_m": 59.6, "run_length_m": null, "nfa_designated": false }, "geometry": { "type": "LineString", "coordinates": [ [ 126.921880290012211, 35.155189841889424 ], [ 126.921894282063391, 35.155201951748658 ], [ 126.9222400782634, 35.155501202638305 ], [ 126.922330634438183, 35.155579562462634 ] ] } },
{ "type": "Feature", "properties": { "seg_id": "DM00888", "width_min_m": 5.02, "width_max_m": 8.96, "verdict": "clear", "unknown_reason": null, "cctv_dist_m": 61.4, "cv_feasible": false, "width_verified": false, "midpoint_fallback": false, "inherited": false, "route_usage": 5, "length_m": 17.7, "run_length_m": null, "nfa_designated": false }, "geometry": { "type": "LineString", "coordinates": [ [ 126.921982881845494, 35.155054198322318 ], [ 126.921957219325023, 35.155086349416756 ], [ 126.921880290012211, 35.155189841889424 ] ] } },
{ "type": "Feature", "properties": { "seg_id": "DM00895", "width_min_m": 4.65, "width_max_m": 7.35, "verdict": "clear", "unknown_reason": null, "cctv_dist_m": 60.0, "cv_feasible": false, "width_verified": false, "midpoint_fallback": false, "inherited": false, "route_usage": 2, "length_m": 21.8, "run_length_m": null, "nfa_designated": false }, "geometry": { "type": "LineString", "coordinates": [ [ 126.921265718945364, 35.153075781052891 ], [ 126.9213949009728, 35.152910831179291 ] ] } },
{ "type": "Feature", "properties": { "seg_id": "DM00896", "width_min_m": 1.2, "width_max_m": 2.84, "verdict": "unknown", "unknown_reason": "no_cctv", "cctv_dist_m": 47.7, "cv_feasible": false, "width_verified": false, "midpoint_fallback": false, "inherited": false, "route_usage": 2, "length_m": 21.2, "run_length_m": null, "nfa_designated": false }, "geometry": { "type": "LineString", "coordinates": [ [ 126.921265718945364, 35.153075781052891 ], [ 126.921293173104701, 35.153095778485159 ], [ 126.921314261248895, 35.153111138942172 ], [ 126.9213648858087, 35.153152940982309 ], [ 126.921371933951505, 35.15316003342091 ], [ 126.921379631761411, 35.153167779607614 ], [ 126.921338465339218, 35.153217509109673 ] ] } },
{ "type": "Feature", "properties": { "seg_id": "DM00897", "width_min_m": 6.98, "width_max_m": 10.02, "verdict": "clear", "unknown_reason": null, "cctv_dist_m": 61.0, "cv_feasible": false, "width_verified": false, "midpoint_fallback": true, "inherited": false, "route_usage": 23, "length_m": 9.3, "run_length_m": null, "nfa_designated": false }, "geometry": { "type": "LineString", "coordinates": [ [ 126.921322119654306, 35.152851884880008 ], [ 126.9213949009728, 35.152910831179291 ] ] } },
{ "type": "Feature", "properties": { "seg_id": "DM00898", "width_min_m": 5.36, "width_max_m": 6.97, "verdict": "clear", "unknown_reason": null, "cctv_dist_m": 34.9, "cv_feasible": false, "width_verified": false, "midpoint_fallback": false, "inherited": false, "route_usage": 19, "length_m": 26.1, "run_length_m": null, "nfa_designated": false }, "geometry": { "type": "LineString", "coordinates": [ [ 126.9213949009728, 35.152910831179291 ], [ 126.921407830522, 35.152921302933706 ], [ 126.921431319729592, 35.152940328020534 ], [ 126.921602001761556, 35.153072984998495 ] ] } },
{ "type": "Feature", "properties": { "seg_id": "DM00902", "width_min_m": 5.33, "width_max_m": 9.63, "verdict": "clear", "unknown_reason": null, "cctv_dist_m": 0.5, "cv_feasible": true, "width_verified": false, "midpoint_fallback": false, "inherited": false, "route_usage": 0, "length_m": 64.9, "run_length_m": null, "nfa_designated": false }, "geometry": { "type": "LineString", "coordinates": [ [ 126.921229496967186, 35.155893299946513 ], [ 126.921228166271703, 35.155852574115777 ], [ 126.921225988761051, 35.155785948846706 ], [ 126.921232741650527, 35.155592818110513 ], [ 126.921228078253293, 35.155308508621417 ] ] } },
{ "type": "Feature", "properties": { "seg_id": "DM00910", "width_min_m": 1.7, "width_max_m": 7.72, "verdict": "unknown", "unknown_reason": "no_cctv", "cctv_dist_m": 25.5, "cv_feasible": false, "width_verified": false, "midpoint_fallback": false, "inherited": false, "route_usage": 4, "length_m": 78.8, "run_length_m": null, "nfa_designated": false }, "geometry": { "type": "LineString", "coordinates": [ [ 126.920471742613188, 35.153178181088336 ], [ 126.920501530020516, 35.153144075484782 ], [ 126.920576293613138, 35.153049756511756 ], [ 126.92064872653178, 35.152973378018046 ], [ 126.92069183839709, 35.152927033407529 ], [ 126.920775356012413, 35.152857861484449 ], [ 126.9208746164921, 35.152762909404693 ], [ 126.921008497194705, 35.152626852106003 ], [ 126.9210109505253, 35.152624358919418 ] ] } },
{ "type": "Feature", "properties": { "seg_id": "DM00911", "width_min_m": 1.4, "width_max_m": 3.18, "verdict": "unknown", "unknown_reason": "no_cctv", "cctv_dist_m": 25.3, "cv_feasible": false, "width_verified": false, "midpoint_fallback": false, "inherited": false, "route_usage": 2, "length_m": 57.0, "run_length_m": null, "nfa_designated": false }, "geometry": { "type": "LineString", "coordinates": [ [ 126.920471742613188, 35.153178181088336 ], [ 126.920522264968014, 35.153201286875088 ], [ 126.920600089270081, 35.153239401572002 ], [ 126.920633562553562, 35.153254675775592 ], [ 126.920702953575727, 35.153166699111772 ], [ 126.920741620693391, 35.153107323543622 ], [ 126.920767280175795, 35.153075888243123 ], [ 126.920827295832453, 35.153103373101708 ], [ 126.920860043278168, 35.153120675859576 ], [ 126.920859286223518, 35.153143714832517 ], [ 126.920896474225259, 35.153167258230241 ] ] } },
{ "type": "Feature", "properties": { "seg_id": "DM00912", "width_min_m": 4.78, "width_max_m": 6.74, "verdict": "clear", "unknown_reason": null, "cctv_dist_m": 16.4, "cv_feasible": true, "width_verified": false, "midpoint_fallback": false, "inherited": false, "route_usage": 54, "length_m": 60.0, "run_length_m": null, "nfa_designated": false }, "geometry": { "type": "LineString", "coordinates": [ [ 126.920500613662497, 35.152281910095937 ], [ 126.920535031575952, 35.152305005536697 ], [ 126.9210109505253, 35.152624358919418 ] ] } },
{ "type": "Feature", "properties": { "seg_id": "DM00913", "width_min_m": 1.7, "width_max_m": 5.94, "verdict": "unknown", "unknown_reason": "no_cctv", "cctv_dist_m": 43.9, "cv_feasible": false, "width_verified": false, "midpoint_fallback": false, "inherited": true, "route_usage": 58, "length_m": 0.6, "run_length_m": null, "nfa_designated": false }, "geometry": { "type": "LineString", "coordinates": [ [ 126.9210109505253, 35.152624358919418 ], [ 126.921012362735368, 35.15262530654077 ], [ 126.92101591618507, 35.152627688476343 ] ] } },
{ "type": "Feature", "properties": { "seg_id": "DM00914", "width_min_m": 6.22, "width_max_m": 8.42, "verdict": "clear", "unknown_reason": null, "cctv_dist_m": 59.7, "cv_feasible": false, "width_verified": false, "midpoint_fallback": false, "inherited": false, "route_usage": 112, "length_m": 41.1, "run_length_m": null, "nfa_designated": false }, "geometry": { "type": "LineString", "coordinates": [ [ 126.923741738570087, 35.151323403192031 ], [ 126.923317662517277, 35.151437818997877 ], [ 126.923312857247083, 35.151439116266346 ] ] } },
{ "type": "Feature", "properties": { "seg_id": "DM00915", "width_min_m": 5.23, "width_max_m": 6.65, "verdict": "clear", "unknown_reason": null, "cctv_dist_m": 58.7, "cv_feasible": false, "width_verified": false, "midpoint_fallback": false, "inherited": true, "route_usage": 96, "length_m": 2.0, "run_length_m": null, "nfa_designated": false }, "geometry": { "type": "LineString", "coordinates": [ [ 126.923731569332588, 35.151307523805919 ], [ 126.923734648579682, 35.151312348030949 ], [ 126.923741738570087, 35.151323403192031 ] ] } },
{ "type": "Feature", "properties": { "seg_id": "DM00916", "width_min_m": 17.54, "width_max_m": 22.04, "verdict": "clear", "unknown_reason": null, "cctv_dist_m": 60.7, "cv_feasible": false, "width_verified": false, "midpoint_fallback": false, "inherited": false, "route_usage": 16, "length_m": 82.2, "run_length_m": null, "nfa_designated": false }, "geometry": { "type": "LineString", "coordinates": [ [ 126.923741738570087, 35.151323403192031 ], [ 126.923816331441245, 35.151439797926699 ], [ 126.923864054757473, 35.151514280426198 ], [ 126.924068361988105, 35.15183309417796 ], [ 126.924071951299609, 35.151832429466694 ], [ 126.924264292182841, 35.151796840415884 ] ] } },
{ "type": "Feature", "properties": { "seg_id": "DM00917", "width_min_m": 1.54, "width_max_m": 4.26, "verdict": "unknown", "unknown_reason": "no_cctv", "cctv_dist_m": 67.0, "cv_feasible": false, "width_verified": false, "midpoint_fallback": false, "inherited": true, "route_usage": 99, "length_m": 0.0, "run_length_m": null, "nfa_designated": false }, "geometry": { "type": "LineString", "coordinates": [ [ 126.923312857247083, 35.151439116266346 ], [ 126.923312375147319, 35.151439246417773 ] ] } },
{ "type": "Feature", "properties": { "seg_id": "DM00918", "width_min_m": 3.3, "width_max_m": 4.27, "verdict": "unknown", "unknown_reason": "no_cctv", "cctv_dist_m": 42.7, "cv_feasible": false, "width_verified": false, "midpoint_fallback": false, "inherited": false, "route_usage": 13, "length_m": 63.4, "run_length_m": null, "nfa_designated": false }, "geometry": { "type": "LineString", "coordinates": [ [ 126.923312857247083, 35.151439116266346 ], [ 126.923357985655713, 35.151555614103096 ], [ 126.923465956348451, 35.151831114446637 ], [ 126.923533214183934, 35.151981222770836 ] ] } },
{ "type": "Feature", "properties": { "seg_id": "DM00919", "width_min_m": 5.91, "width_max_m": 8.83, "verdict": "clear", "unknown_reason": null, "cctv_dist_m": 56.2, "cv_feasible": false, "width_verified": false, "midpoint_fallback": false, "inherited": false, "route_usage": 99, "length_m": 32.1, "run_length_m": null, "nfa_designated": false }, "geometry": { "type": "LineString", "coordinates": [ [ 126.923312375147319, 35.151439246417773 ], [ 126.923307936591087, 35.151440444685022 ], [ 126.923235189726228, 35.151460074346325 ], [ 126.923117525106605, 35.151490139676291 ], [ 126.922979574513704, 35.151525383565676 ], [ 126.922976870969862, 35.15152607437215 ] ] } },
{ "type": "Feature", "properties": { "seg_id": "DM00920", "width_min_m": 1.54, "width_max_m": 4.26, "verdict": "unknown", "unknown_reason": "no_cctv", "cctv_dist_m": 29.8, "cv_feasible": false, "width_verified": false, "midpoint_fallback": false, "inherited": false, "route_usage": 0, "length_m": 64.5, "run_length_m": null, "nfa_designated": false }, "geometry": { "type": "LineString", "coordinates": [ [ 126.923312375147319, 35.151439246417773 ], [ 126.923300013008742, 35.151405754173126 ], [ 126.92325256004996, 35.151277192713373 ], [ 126.923221016183334, 35.151183963839301 ], [ 126.923097214960407, 35.150885350705892 ] ] } },
{ "type": "Feature", "properties": { "seg_id": "DM00921", "width_min_m": 5.87, "width_max_m": 8.17, "verdict": "clear", "unknown_reason": null, "cctv_dist_m": 55.4, "cv_feasible": false, "width_verified": false, "midpoint_fallback": false, "inherited": false, "route_usage": 99, "length_m": 25.4, "run_length_m": null, "nfa_designated": false }, "geometry": { "type": "LineString", "coordinates": [ [ 126.922976870969862, 35.15152607437215 ], [ 126.922717471343873, 35.151592355537481 ], [ 126.922711236086386, 35.151594145183751 ], [ 126.922710583094826, 35.151594333488966 ] ] } },
{ "type": "Feature", "properties": { "seg_id": "DM00922", "width_min_m": 1.5, "width_max_m": 3.25, "verdict": "unknown", "unknown_reason": "no_cctv", "cctv_dist_m": 56.2, "cv_feasible": false, "width_verified": false, "midpoint_fallback": false, "inherited": false, "route_usage": 0, "length_m": 64.7, "run_length_m": null, "nfa_designated": false }, "geometry": { "type": "LineString", "coordinates": [ [ 126.922976870969862, 35.15152607437215 ], [ 126.922965432891672, 35.151498109048561 ], [ 126.922950190190534, 35.151460841667671 ], [ 126.922915760147987, 35.151358144923627 ], [ 126.922863482316174, 35.151234638032243 ], [ 126.922817168480691, 35.151118016897527 ], [ 126.922763485985215, 35.15097032331574 ] ] } },
{ "type": "Feature", "properties": { "seg_id": "DM00923", "width_min_m": 5.71, "width_max_m": 7.33, "verdict": "clear", "unknown_reason": null, "cctv_dist_m": 57.5, "cv_feasible": false, "width_verified": false, "midpoint_fallback": false, "inherited": true, "route_usage": 99, "length_m": 0.4, "run_length_m": null, "nfa_designated": false }, "geometry": { "type": "LineString", "coordinates": [ [ 126.922710583094826, 35.151594333488966 ], [ 126.922707119493609, 35.151595332298307 ], [ 126.922706819943414, 35.151595418505423 ] ] } },
{ "type": "Feature", "properties": { "seg_id": "DM00924", "width_min_m": 5.71, "width_max_m": 7.33, "verdict": "clear", "unknown_reason": null, "cctv_dist_m": 57.5, "cv_feasible": false, "width_verified": false, "midpoint_fallback": false, "inherited": true, "route_usage": 2, "length_m": 0.2, "run_length_m": null, "nfa_designated": false }, "geometry": { "type": "LineString", "coordinates": [ [ 126.922709588245311, 35.151592979056147 ], [ 126.922710583094826, 35.151594333488966 ] ] } },
{ "type": "Feature", "properties": { "seg_id": "DM00925", "width_min_m": 6.32, "width_max_m": 9.03, "verdict": "clear", "unknown_reason": null, "cctv_dist_m": 2.0, "cv_feasible": true, "width_verified": false, "midpoint_fallback": false, "inherited": false, "route_usage": 0, "length_m": 62.4, "run_length_m": null, "nfa_designated": false }, "geometry": { "type": "LineString", "coordinates": [ [ 126.922710583094826, 35.151594333488966 ], [ 126.922915456434779, 35.151873256121583 ], [ 126.923064279935758, 35.152075838633138 ] ] } },
{ "type": "Feature", "properties": { "seg_id": "DM00926", "width_min_m": 5.71, "width_max_m": 7.65, "verdict": "clear", "unknown_reason": null, "cctv_dist_m": 57.6, "cv_feasible": false, "width_verified": false, "midpoint_fallback": false, "inherited": false, "route_usage": 99, "length_m": 32.3, "run_length_m": null, "nfa_designated": false }, "geometry": { "type": "LineString", "coordinates": [ [ 126.922706819943414, 35.151595418505423 ], [ 126.922371865865259, 35.151691813882664 ] ] } },
{ "type": "Feature", "properties": { "seg_id": "DM00927", "width_min_m": 5.71, "width_max_m": 7.33, "verdict": "clear", "unknown_reason": null, "cctv_dist_m": 57.5, "cv_feasible": false, "width_verified": false, "midpoint_fallback": false, "inherited": true, "route_usage": 2, "length_m": 0.1, "run_length_m": null, "nfa_designated": false }, "geometry": { "type": "LineString", "coordinates": [ [ 126.922707605710727, 35.151595980920042 ], [ 126.922706819943414, 35.151595418505423 ] ] } },
{ "type": "Feature", "properties": { "seg_id": "DM00928", "width_min_m": 5.86, "width_max_m": 7.33, "verdict": "clear", "unknown_reason": null, "cctv_dist_m": 4.0, "cv_feasible": true, "width_verified": false, "midpoint_fallback": false, "inherited": false, "route_usage": 0, "length_m": 65.8, "run_length_m": null, "nfa_designated": false }, "geometry": { "type": "LineString", "coordinates": [ [ 126.922706819943414, 35.151595418505423 ], [ 126.922162600674255, 35.151205889306688 ] ] } },
{ "type": "Feature", "properties": { "seg_id": "DM00929", "width_min_m": 5.87, "width_max_m": 7.58, "verdict": "clear", "unknown_reason": null, "cctv_dist_m": 54.5, "cv_feasible": false, "width_verified": false, "midpoint_fallback": false, "inherited": false, "route_usage": 84, "length_m": 12.8, "run_length_m": null, "nfa_designated": false }, "geometry": { "type": "LineString", "coordinates": [ [ 126.922371865865259, 35.151691813882664 ], [ 126.922370030708237, 35.151692342013526 ], [ 126.92223885929306, 35.15173009524834 ] ] } },
{ "type": "Feature", "properties": { "seg_id": "DM00930", "width_min_m": 2.2, "width_max_m": 4.07, "verdict": "unknown", "unknown_reason": "no_cctv", "cctv_dist_m": 39.5, "cv_feasible": false, "width_verified": false, "midpoint_fallback": false, "inherited": false, "route_usage": 15, "length_m": 56.9, "run_length_m": null, "nfa_designated": false }, "geometry": { "type": "LineString", "coordinates": [ [ 126.922371865865259, 35.151691813882664 ], [ 126.922399578441414, 35.151758080153201 ], [ 126.9224433628426, 35.151861594191026 ], [ 126.922483626488088, 35.151958926988243 ], [ 126.922536138883672, 35.152076005980248 ], [ 126.922577877980544, 35.152175806794858 ] ] } },
{ "type": "Feature", "properties": { "seg_id": "DM00931", "width_min_m": 5.36, "width_max_m": 7.64, "verdict": "clear", "unknown_reason": null, "cctv_dist_m": 51.9, "cv_feasible": false, "width_verified": false, "midpoint_fallback": true, "inherited": false, "route_usage": 84, "length_m": 5.7, "run_length_m": null, "nfa_designated": false }, "geometry": { "type": "LineString", "coordinates": [ [ 126.92223885929306, 35.15173009524834 ], [ 126.922179469295841, 35.151747188871738 ] ] } },
{ "type": "Feature", "properties": { "seg_id": "DM00932", "width_min_m": 1.45, "width_max_m": 2.52, "verdict": "unknown", "unknown_reason": "no_cctv", "cctv_dist_m": 39.3, "cv_feasible": false, "width_verified": false, "midpoint_fallback": false, "inherited": false, "route_usage": 2, "length_m": 20.3, "run_length_m": null, "nfa_designated": false }, "geometry": { "type": "LineString", "coordinates": [ [ 126.92223885929306, 35.15173009524834 ], [ 126.92223298881197, 35.15169060187452 ], [ 126.922213777545849, 35.151641935144283 ], [ 126.922179907754924, 35.151556446685404 ], [ 126.922179119826765, 35.151554138700831 ] ] } },
{ "type": "Feature", "properties": { "seg_id": "DM00933", "width_min_m": 4.96, "width_max_m": 7.3, "verdict": "clear", "unknown_reason": null, "cctv_dist_m": 47.6, "cv_feasible": false, "width_verified": false, "midpoint_fallback": false, "inherited": false, "route_usage": 84, "length_m": 36.1, "run_length_m": null, "nfa_designated": false }, "geometry": { "type": "LineString", "coordinates": [ [ 126.922179469295841, 35.151747188871738 ], [ 126.922176242984989, 35.151748117467193 ], [ 126.921805605261213, 35.151854784215594 ] ] } },
{ "type": "Feature", "properties": { "seg_id": "DM00934", "width_min_m": 1.1, "width_max_m": 2.18, "verdict": "blocked", "unknown_reason": null, "cctv_dist_m": 35.3, "cv_feasible": false, "width_verified": false, "midpoint_fallback": false, "inherited": false, "route_usage": 2, "length_m": 19.9, "run_length_m": 19.9, "nfa_designated": false }, "geometry": { "type": "LineString", "coordinates": [ [ 126.922179469295841, 35.151747188871738 ], [ 126.92219278968733, 35.151766063905072 ], [ 126.922223044276123, 35.15182907920591 ], [ 126.922262335431327, 35.151912873205902 ] ] } },
{ "type": "Feature", "properties": { "seg_id": "DM00935", "width_min_m": 4.58, "width_max_m": 7.3, "verdict": "clear", "unknown_reason": null, "cctv_dist_m": 49.9, "cv_feasible": false, "width_verified": false, "midpoint_fallback": false, "inherited": true, "route_usage": 97, "length_m": 1.9, "run_length_m": null, "nfa_designated": false }, "geometry": { "type": "LineString", "coordinates": [ [ 126.921790635029168, 35.15184304528259 ], [ 126.921805605261213, 35.151854784215594 ] ] } },
{ "type": "Feature", "properties": { "seg_id": "DM00936", "width_min_m": 10.39, "width_max_m": 13.35, "verdict": "clear", "unknown_reason": null, "cctv_dist_m": 2.4, "cv_feasible": true, "width_verified": false, "midpoint_fallback": false, "inherited": false, "route_usage": 13, "length_m": 57.5, "run_length_m": null, "nfa_designated": false }, "geometry": { "type": "LineString", "coordinates": [ [ 126.921805605261213, 35.151854784215594 ], [ 126.921816319232548, 35.151863182871807 ], [ 126.922209808073376, 35.152252600839809 ] ] } },
{ "type": "Feature", "properties": { "seg_id": "DM00937", "width_min_m": 6.89, "width_max_m": 8.69, "verdict": "clear", "unknown_reason": null, "cctv_dist_m": 73.9, "cv_feasible": false, "width_verified": false, "midpoint_fallback": false, "inherited": true, "route_usage": 2, "length_m": 1.3, "run_length_m": null, "nfa_designated": false }, "geometry": { "type": "LineString", "coordinates": [ [ 126.924082746724451, 35.151870969291402 ], [ 126.924068735523448, 35.151873780362955 ] ] } },
{ "type": "Feature", "properties": { "seg_id": "DM00938", "width_min_m": 6.89, "width_max_m": 8.69, "verdict": "clear", "unknown_reason": null, "cctv_dist_m": 70.3, "cv_feasible": false, "width_verified": false, "midpoint_fallback": false, "inherited": false, "route_usage": 4, "length_m": 23.8, "run_length_m": null, "nfa_designated": false }, "geometry": { "type": "LineString", "coordinates": [ [ 126.924068735523448, 35.151873780362955 ], [ 126.923815497114958, 35.151924587349377 ] ] } },
{ "type": "Feature", "properties": { "seg_id": "DM00939", "width_min_m": 15.34, "width_max_m": 18.3, "verdict": "clear", "unknown_reason": null, "cctv_dist_m": 13.5, "cv_feasible": true, "width_verified": false, "midpoint_fallback": false, "inherited": false, "route_usage": 0, "length_m": 80.3, "run_length_m": null, "nfa_designated": false }, "geometry": { "type": "LineString", "coordinates": [ [ 126.924068735523448, 35.151873780362955 ], [ 126.924078772778472, 35.151909771075829 ], [ 126.924266446875123, 35.152579380154187 ] ] } },
{ "type": "Feature", "properties": { "seg_id": "DM00940", "width_min_m": 6.8, "width_max_m": 13.81, "verdict": "clear", "unknown_reason": null, "cctv_dist_m": 43.9, "cv_feasible": false, "width_verified": false, "midpoint_fallback": false, "inherited": false, "route_usage": 6, "length_m": 26.5, "run_length_m": null, "nfa_designated": false }, "geometry": { "type": "LineString", "coordinates": [ [ 126.923815497114958, 35.151924587349377 ], [ 126.923807550868773, 35.151926181587768 ], [ 126.923793764172132, 35.151928948929147 ], [ 126.923533214183934, 35.151981222770836 ] ] } },
{ "type": "Feature", "properties": { "seg_id": "DM00941", "width_min_m": 2.1, "width_max_m": 4.94, "verdict": "needs_cv", "unknown_reason": null, "cctv_dist_m": 8.5, "cv_feasible": true, "width_verified": false, "midpoint_fallback": false, "inherited": false, "route_usage": 0, "length_m": 81.1, "run_length_m": 81.1, "nfa_designated": false }, "geometry": { "type": "LineString", "coordinates": [ [ 126.923815497114958, 35.151924587349377 ], [ 126.923825305886766, 35.151959223081889 ], [ 126.923865167135517, 35.152099977183106 ], [ 126.92393215814046, 35.152305319548248 ], [ 126.924036926980961, 35.152632491841224 ] ] } },
{ "type": "Feature", "properties": { "seg_id": "DM00942", "width_min_m": 6.66, "width_max_m": null, "verdict": "clear", "unknown_reason": null, "cctv_dist_m": 38.1, "cv_feasible": false, "width_verified": false, "midpoint_fallback": true, "inherited": false, "route_usage": 13, "length_m": 5.8, "run_length_m": null, "nfa_designated": false }, "geometry": { "type": "LineString", "coordinates": [ [ 126.923533214183934, 35.151981222770836 ], [ 126.923522332929096, 35.151983405850707 ], [ 126.923471201218661, 35.151993663403566 ] ] } },
{ "type": "Feature", "properties": { "seg_id": "DM00943", "width_min_m": 6.64, "width_max_m": 8.56, "verdict": "clear", "unknown_reason": null, "cctv_dist_m": 5.2, "cv_feasible": true, "width_verified": false, "midpoint_fallback": false, "inherited": false, "route_usage": 10, "length_m": 38.0, "run_length_m": null, "nfa_designated": false }, "geometry": { "type": "LineString", "coordinates": [ [ 126.923471201218661, 35.151993663403566 ], [ 126.923449733134362, 35.151997970117336 ], [ 126.92317440470525, 35.152053207929448 ], [ 126.923066909336569, 35.152075293767425 ], [ 126.92306670344712, 35.152075336435686 ] ] } },
{ "type": "Feature", "properties": { "seg_id": "DM00944", "width_min_m": 3.0, "width_max_m": 4.98, "verdict": "unknown", "unknown_reason": "no_cctv", "cctv_dist_m": 38.1, "cv_feasible": false, "width_verified": false, "midpoint_fallback": false, "inherited": false, "route_usage": 3, "length_m": 82.2, "run_length_m": null, "nfa_designated": false }, "geometry": { "type": "LineString", "coordinates": [ [ 126.923471201218661, 35.151993663403566 ], [ 126.923480867118599, 35.152027055995298 ], [ 126.923507441708765, 35.152118862483697 ], [ 126.923641742745176, 35.152530243721486 ], [ 126.923700173233328, 35.152710406735885 ] ] } },
{ "type": "Feature", "properties": { "seg_id": "DM00945", "width_min_m": 5.96, "width_max_m": 7.1, "verdict": "clear", "unknown_reason": null, "cctv_dist_m": 5.3, "cv_feasible": true, "width_verified": false, "midpoint_fallback": false, "inherited": true, "route_usage": 10, "length_m": 0.2, "run_length_m": null, "nfa_designated": false }, "geometry": { "type": "LineString", "coordinates": [ [ 126.92306670344712, 35.152075336435686 ], [ 126.923064307840292, 35.152075832898042 ], [ 126.923064279935758, 35.152075838633138 ] ] } },
{ "type": "Feature", "properties": { "seg_id": "DM00946", "width_min_m": 5.96, "width_max_m": 7.1, "verdict": "clear", "unknown_reason": null, "cctv_dist_m": 5.2, "cv_feasible": true, "width_verified": false, "midpoint_fallback": false, "inherited": true, "route_usage": 2, "length_m": 0.1, "run_length_m": null, "nfa_designated": false }, "geometry": { "type": "LineString", "coordinates": [ [ 126.9230664873281, 35.152074730811243 ], [ 126.92306670344712, 35.152075336435686 ] ] } },
{ "type": "Feature", "properties": { "seg_id": "DM00947", "width_min_m": 5.96, "width_max_m": 7.1, "verdict": "clear", "unknown_reason": null, "cctv_dist_m": 5.3, "cv_feasible": true, "width_verified": false, "midpoint_fallback": false, "inherited": false, "route_usage": 0, "length_m": 83.5, "run_length_m": null, "nfa_designated": false }, "geometry": { "type": "LineString", "coordinates": [ [ 126.92306670344712, 35.152075336435686 ], [ 126.923324363796297, 35.152797364281909 ] ] } },
{ "type": "Feature", "properties": { "seg_id": "DM00948", "width_min_m": 6.55, "width_max_m": 9.46, "verdict": "clear", "unknown_reason": null, "cctv_dist_m": 5.3, "cv_feasible": true, "width_verified": false, "midpoint_fallback": false, "inherited": false, "route_usage": 10, "length_m": 34.3, "run_length_m": null, "nfa_designated": false }, "geometry": { "type": "LineString", "coordinates": [ [ 126.923064279935758, 35.152075838633138 ], [ 126.922698688095139, 35.152150976321792 ] ] } },
{ "type": "Feature", "properties": { "seg_id": "DM00949", "width_min_m": 5.96, "width_max_m": 7.1, "verdict": "clear", "unknown_reason": null, "cctv_dist_m": 5.3, "cv_feasible": true, "width_verified": false, "midpoint_fallback": false, "inherited": true, "route_usage": 2, "length_m": 0.0, "run_length_m": null, "nfa_designated": false }, "geometry": { "type": "LineString", "coordinates": [ [ 126.923064279935758, 35.152075838633138 ], [ 126.923064338773955, 35.152075918725032 ] ] } },
{ "type": "Feature", "properties": { "seg_id": "DM00950", "width_min_m": 6.51, "width_max_m": 13.43, "verdict": "clear", "unknown_reason": null, "cctv_dist_m": 35.2, "cv_feasible": false, "width_verified": false, "midpoint_fallback": true, "inherited": false, "route_usage": 10, "length_m": 11.3, "run_length_m": null, "nfa_designated": false }, "geometry": { "type": "LineString", "coordinates": [ [ 126.922698688095139, 35.152150976321792 ], [ 126.922692436834637, 35.152152261091487 ], [ 126.922577877980544, 35.152175806794858 ] ] } },
{ "type": "Feature", "properties": { "seg_id": "DM00951", "width_min_m": 1.9, "width_max_m": 3.68, "verdict": "unknown", "unknown_reason": "no_cctv", "cctv_dist_m": 34.9, "cv_feasible": false, "width_verified": false, "midpoint_fallback": false, "inherited": false, "route_usage": 0, "length_m": 84.6, "run_length_m": null, "nfa_designated": false }, "geometry": { "type": "LineString", "coordinates": [ [ 126.922698688095139, 35.152150976321792 ], [ 126.922718521793485, 35.152178856844202 ], [ 126.922735261008683, 35.152239588988358 ], [ 126.922797334997483, 35.152444613777142 ], [ 126.922888253799371, 35.152725579687605 ], [ 126.922939556240195, 35.152886407403223 ] ] } },
{ "type": "Feature", "properties": { "seg_id": "DM00952", "width_min_m": 6.69, "width_max_m": 9.57, "verdict": "clear", "unknown_reason": null, "cctv_dist_m": 8.6, "cv_feasible": true, "width_verified": false, "midpoint_fallback": false, "inherited": false, "route_usage": 25, "length_m": 33.8, "run_length_m": null, "nfa_designated": false }, "geometry": { "type": "LineString", "coordinates": [ [ 126.922577877980544, 35.152175806794858 ], [ 126.922569376114765, 35.152177554209807 ], [ 126.922258974305819, 35.15224133899487 ], [ 126.922218787307415, 35.152250542606815 ] ] } },
{ "type": "Feature", "properties": { "seg_id": "DM00953", "width_min_m": 6.69, "width_max_m": 9.57, "verdict": "clear", "unknown_reason": null, "cctv_dist_m": 8.0, "cv_feasible": true, "width_verified": false, "midpoint_fallback": false, "inherited": true, "route_usage": 25, "length_m": 0.8, "run_length_m": null, "nfa_designated": false }, "geometry": { "type": "LineString", "coordinates": [ [ 126.922218787307415, 35.152250542606815 ], [ 126.922209808073376, 35.152252600839809 ] ] } },
{ "type": "Feature", "properties": { "seg_id": "DM00954", "width_min_m": 10.1, "width_max_m": 10.99, "verdict": "clear", "unknown_reason": null, "cctv_dist_m": 8.6, "cv_feasible": true, "width_verified": false, "midpoint_fallback": false, "inherited": false, "route_usage": 0, "length_m": 86.2, "run_length_m": null, "nfa_designated": false }, "geometry": { "type": "LineString", "coordinates": [ [ 126.922218787307415, 35.152250542606815 ], [ 126.922350794540975, 35.152416036500163 ], [ 126.92241734671093, 35.152572969776259 ], [ 126.922504515297277, 35.152871744653005 ], [ 126.922575498610797, 35.152960089887507 ] ] } },
{ "type": "Feature", "properties": { "seg_id": "DM00955", "width_min_m": 8.08, "width_max_m": 11.7, "verdict": "clear", "unknown_reason": null, "cctv_dist_m": 7.2, "cv_feasible": true, "width_verified": false, "midpoint_fallback": false, "inherited": false, "route_usage": 12, "length_m": 26.1, "run_length_m": null, "nfa_designated": false }, "geometry": { "type": "LineString", "coordinates": [ [ 126.922209808073376, 35.152252600839809 ], [ 126.922155434084914, 35.15228112922123 ], [ 126.922097574502871, 35.152452141505364 ], [ 126.922096158212, 35.152456331524547 ] ] } },
{ "type": "Feature", "properties": { "seg_id": "DM00956", "width_min_m": 8.83, "width_max_m": 13.45, "verdict": "clear", "unknown_reason": null, "cctv_dist_m": 15.6, "cv_feasible": true, "width_verified": false, "midpoint_fallback": false, "inherited": true, "route_usage": 2, "length_m": 1.3, "run_length_m": null, "nfa_designated": false }, "geometry": { "type": "LineString", "coordinates": [ [ 126.924280391579714, 35.152576153285686 ], [ 126.924266446875123, 35.152579380154187 ] ] } },
{ "type": "Feature", "properties": { "seg_id": "DM00957", "width_min_m": 8.83, "width_max_m": 13.45, "verdict": "clear", "unknown_reason": null, "cctv_dist_m": 8.4, "cv_feasible": true, "width_verified": false, "midpoint_fallback": false, "inherited": false, "route_usage": 5, "length_m": 21.7, "run_length_m": null, "nfa_designated": false }, "geometry": { "type": "LineString", "coordinates": [ [ 126.924266446875123, 35.152579380154187 ], [ 126.924036926980961, 35.152632491841224 ] ] } },
{ "type": "Feature", "properties": { "seg_id": "DM00958", "width_min_m": 18.54, "width_max_m": 20.21, "verdict": "clear", "unknown_reason": null, "cctv_dist_m": 15.6, "cv_feasible": true, "width_verified": false, "midpoint_fallback": false, "inherited": false, "route_usage": 5, "length_m": 42.1, "run_length_m": null, "nfa_designated": false }, "geometry": { "type": "LineString", "coordinates": [ [ 126.924266446875123, 35.152579380154187 ], [ 126.924276417692582, 35.152614955072032 ], [ 126.924279884996196, 35.152627314857526 ], [ 126.924300349696765, 35.152700337644312 ], [ 126.924301607556956, 35.152704818179522 ], [ 126.924367617313848, 35.152929108294124 ], [ 126.924373426382957, 35.152948846147403 ] ] } },
{ "type": "Feature", "properties": { "seg_id": "DM00959", "width_min_m": 9.62, "width_max_m": 12.28, "verdict": "clear", "unknown_reason": null, "cctv_dist_m": 12.0, "cv_feasible": true, "width_verified": false, "midpoint_fallback": false, "inherited": false, "route_usage": 5, "length_m": 15.7, "run_length_m": null, "nfa_designated": false }, "geometry": { "type": "LineString", "coordinates": [ [ 126.924036926980961, 35.152632491841224 ], [ 126.924010926469322, 35.152638508416572 ], [ 126.923870706079938, 35.152670950268536 ] ] } },
{ "type": "Feature", "properties": { "seg_id": "DM00960", "width_min_m": 9.74, "width_max_m": 11.4, "verdict": "clear", "unknown_reason": null, "cctv_dist_m": 25.7, "cv_feasible": false, "width_verified": false, "midpoint_fallback": false, "inherited": false, "route_usage": 5, "length_m": 16.1, "run_length_m": null, "nfa_designated": false }, "geometry": { "type": "LineString", "coordinates": [ [ 126.923870706079938, 35.152670950268536 ], [ 126.923866050937363, 35.152672027294457 ], [ 126.923700173233328, 35.152710406735885 ] ] } },
{ "type": "Feature", "properties": { "seg_id": "DM00961", "width_min_m": 1.24, "width_max_m": 3.01, "verdict": "unknown", "unknown_reason": "no_cctv", "cctv_dist_m": 25.7, "cv_feasible": false, "width_verified": false, "midpoint_fallback": false, "inherited": false, "route_usage": 2, "length_m": 15.7, "run_length_m": null, "nfa_designated": false }, "geometry": { "type": "LineString", "coordinates": [ [ 126.923870706079938, 35.152670950268536 ], [ 126.92391622053654, 35.152807210192144 ] ] } },
{ "type": "Feature", "properties": { "seg_id": "DM00962", "width_min_m": 9.87, "width_max_m": 12.97, "verdict": "clear", "unknown_reason": null, "cctv_dist_m": 41.3, "cv_feasible": false, "width_verified": false, "midpoint_fallback": false, "inherited": false, "route_usage": 8, "length_m": 35.6, "run_length_m": null, "nfa_designated": false }, "geometry": { "type": "LineString", "coordinates": [ [ 126.923700173233328, 35.152710406735885 ], [ 126.923678913461387, 35.152715325630901 ], [ 126.923324363796297, 35.152797364281909 ] ] } },
{ "type": "Feature", "properties": { "seg_id": "DM00963", "width_min_m": 8.88, "width_max_m": 11.65, "verdict": "clear", "unknown_reason": null, "cctv_dist_m": 40.8, "cv_feasible": false, "width_verified": false, "midpoint_fallback": false, "inherited": false, "route_usage": 8, "length_m": 36.4, "run_length_m": null, "nfa_designated": false }, "geometry": { "type": "LineString", "coordinates": [ [ 126.923324363796297, 35.152797364281909 ], [ 126.923269785543823, 35.152809993126752 ], [ 126.922939556240195, 35.152886407403223 ] ] } },
{ "type": "Feature", "properties": { "seg_id": "DM00964", "width_min_m": 8.55, "width_max_m": 11.62, "verdict": "clear", "unknown_reason": null, "cctv_dist_m": 18.2, "cv_feasible": true, "width_verified": false, "midpoint_fallback": false, "inherited": false, "route_usage": 8, "length_m": 31.2, "run_length_m": null, "nfa_designated": false }, "geometry": { "type": "LineString", "coordinates": [ [ 126.922939556240195, 35.152886407403223 ], [ 126.922936541694597, 35.152887104957102 ], [ 126.922610060929671, 35.152962647298459 ] ] } },
{ "type": "Feature", "properties": { "seg_id": "DM00965", "width_min_m": 2.2, "width_max_m": 8.25, "verdict": "needs_cv", "unknown_reason": null, "cctv_dist_m": 15.6, "cv_feasible": true, "width_verified": false, "midpoint_fallback": false, "inherited": true, "route_usage": 20, "length_m": 2.6, "run_length_m": 139.7, "nfa_designated": true }, "geometry": { "type": "LineString", "coordinates": [ [ 126.922610060929671, 35.152962647298459 ], [ 126.922605185294145, 35.152963775433506 ], [ 126.922582649173677, 35.152968988629873 ] ] } },
{ "type": "Feature", "properties": { "seg_id": "DM00966", "width_min_m": 2.2, "width_max_m": 8.25, "verdict": "needs_cv", "unknown_reason": null, "cctv_dist_m": 11.8, "cv_feasible": true, "width_verified": false, "midpoint_fallback": false, "inherited": false, "route_usage": 12, "length_m": 57.8, "run_length_m": 139.7, "nfa_designated": true }, "geometry": { "type": "LineString", "coordinates": [ [ 126.922610060929671, 35.152962647298459 ], [ 126.922624749982191, 35.153018593034396 ], [ 126.922632974986939, 35.153049918666518 ], [ 126.922663370545195, 35.153079850114523 ], [ 126.922701693407163, 35.153100943726407 ], [ 126.922763871092869, 35.153121967891167 ], [ 126.922848452098549, 35.153152714421083 ], [ 126.922910539021501, 35.1531777237469 ], [ 126.922973952219522, 35.153210363547515 ], [ 126.923009428516423, 35.153231716235901 ], [ 126.923082833038023, 35.153265950905379 ] ] } },
{ "type": "Feature", "properties": { "seg_id": "DM00967", "width_min_m": 2.2, "width_max_m": 8.25, "verdict": "needs_cv", "unknown_reason": null, "cctv_dist_m": 14.6, "cv_feasible": true, "width_verified": false, "midpoint_fallback": false, "inherited": true, "route_usage": 0, "length_m": 1.1, "run_length_m": 139.7, "nfa_designated": true }, "geometry": { "type": "LineString", "coordinates": [ [ 126.922582649173677, 35.152968988629873 ], [ 126.922571101196326, 35.152971658139215 ] ] } },
{ "type": "Feature", "properties": { "seg_id": "DM00968", "width_min_m": 1.9, "width_max_m": 3.9, "verdict": "needs_cv", "unknown_reason": null, "cctv_dist_m": 15.0, "cv_feasible": true, "width_verified": false, "midpoint_fallback": false, "inherited": true, "route_usage": 20, "length_m": 1.2, "run_length_m": 139.7, "nfa_designated": true }, "geometry": { "type": "LineString", "coordinates": [ [ 126.922575498610797, 35.152960089887507 ], [ 126.922578286474049, 35.152963559633875 ], [ 126.922582649173677, 35.152968988629873 ] ] } },
{ "type": "Feature", "properties": { "seg_id": "DM00969", "width_min_m": 5.58, "width_max_m": 7.44, "verdict": "clear", "unknown_reason": null, "cctv_dist_m": 51.7, "cv_feasible": false, "width_verified": false, "midpoint_fallback": false, "inherited": true, "route_usage": 2, "length_m": 1.4, "run_length_m": null, "nfa_designated": false }, "geometry": { "type": "LineString", "coordinates": [ [ 126.924387858461699, 35.152945578926236 ], [ 126.924373426382957, 35.152948846147403 ] ] } },
{ "type": "Feature", "properties": { "seg_id": "DM00970", "width_min_m": 5.58, "width_max_m": 7.44, "verdict": "clear", "unknown_reason": null, "cctv_dist_m": 50.4, "cv_feasible": false, "width_verified": false, "midpoint_fallback": false, "inherited": false, "route_usage": 29, "length_m": 21.1, "run_length_m": null, "nfa_designated": false }, "geometry": { "type": "LineString", "coordinates": [ [ 126.924373426382957, 35.152948846147403 ], [ 126.924159206243601, 35.152997342363314 ], [ 126.924150691863915, 35.152999269902907 ] ] } },
{ "type": "Feature", "properties": { "seg_id": "DM00971", "width_min_m": 18.45, "width_max_m": 19.42, "verdict": "clear", "unknown_reason": null, "cctv_dist_m": 51.7, "cv_feasible": false, "width_verified": false, "midpoint_fallback": false, "inherited": false, "route_usage": 34, "length_m": 22.5, "run_length_m": null, "nfa_designated": false }, "geometry": { "type": "LineString", "coordinates": [ [ 126.924373426382957, 35.152948846147403 ], [ 126.924383884607238, 35.152984380713896 ], [ 126.924431504683398, 35.15314619359156 ] ] } },
{ "type": "Feature", "properties": { "seg_id": "DM00972", "width_min_m": 3.79, "width_max_m": 6.51, "verdict": "unknown", "unknown_reason": "no_cctv", "cctv_dist_m": 42.5, "cv_feasible": false, "width_verified": false, "midpoint_fallback": false, "inherited": false, "route_usage": 28, "length_m": 47.8, "run_length_m": null, "nfa_designated": false }, "geometry": { "type": "LineString", "coordinates": [ [ 126.924150691863915, 35.152999269902907 ], [ 126.923645884802809, 35.153113550112799 ], [ 126.923644507361146, 35.153113861935246 ] ] } },
{ "type": "Feature", "properties": { "seg_id": "DM00973", "width_min_m": 1.1, "width_max_m": 2.46, "verdict": "blocked", "unknown_reason": null, "cctv_dist_m": 46.6, "cv_feasible": false, "width_verified": false, "midpoint_fallback": false, "inherited": false, "route_usage": 1, "length_m": 64.2, "run_length_m": 132.1, "nfa_designated": true }, "geometry": { "type": "LineString", "coordinates": [ [ 126.924150691863915, 35.152999269902907 ], [ 126.924161802926918, 35.153026770895138 ], [ 126.92418802109691, 35.153091664488038 ], [ 126.924189268750496, 35.153101989414452 ], [ 126.924090836797859, 35.153134828213531 ], [ 126.924043021839566, 35.153154618915082 ], [ 126.923948577075848, 35.153213097648063 ], [ 126.923859491687381, 35.153255575015649 ], [ 126.923685149481017, 35.153323337277108 ] ] } },
{ "type": "Feature", "properties": { "seg_id": "DM00974", "width_min_m": 4.35, "width_max_m": 7.48, "verdict": "needs_cv", "unknown_reason": null, "cctv_dist_m": 2.6, "cv_feasible": true, "width_verified": false, "midpoint_fallback": false, "inherited": false, "route_usage": 29, "length_m": 45.5, "run_length_m": 167.2, "nfa_designated": true }, "geometry": { "type": "LineString", "coordinates": [ [ 126.923644507361146, 35.153113861935246 ], [ 126.923408098688085, 35.153167379383078 ], [ 126.923286846358309, 35.153205338426424 ], [ 126.923175309483781, 35.153240257043301 ], [ 126.923171024075998, 35.153241598291572 ] ] } },
{ "type": "Feature", "properties": { "seg_id": "DM00975", "width_min_m": 1.1, "width_max_m": 3.49, "verdict": "unknown", "unknown_reason": "no_cctv", "cctv_dist_m": 42.5, "cv_feasible": false, "width_verified": false, "midpoint_fallback": false, "inherited": false, "route_usage": 1, "length_m": 23.7, "run_length_m": null, "nfa_designated": false }, "geometry": { "type": "LineString", "coordinates": [ [ 126.923644507361146, 35.153113861935246 ], [ 126.923663904148185, 35.153165981506909 ], [ 126.923681566335901, 35.153223117534495 ], [ 126.923682817677175, 35.153246912527408 ], [ 126.923682461760308, 35.153290014611372 ], [ 126.923685149481017, 35.153323337277108 ] ] } },
{ "type": "Feature", "properties": { "seg_id": "DM00976", "width_min_m": 9.61, "width_max_m": 38.88, "verdict": "clear", "unknown_reason": null, "cctv_dist_m": 4.0, "cv_feasible": true, "width_verified": false, "midpoint_fallback": true, "inherited": false, "route_usage": 30, "length_m": 8.5, "run_length_m": null, "nfa_designated": false }, "geometry": { "type": "LineString", "coordinates": [ [ 126.923171024075998, 35.153241598291572 ], [ 126.923131078942674, 35.153254100322506 ], [ 126.923092504572665, 35.153263575670948 ], [ 126.923082833038023, 35.153265950905379 ] ] } },
{ "type": "Feature", "properties": { "seg_id": "DM00977", "width_min_m": 1.7, "width_max_m": 4.25, "verdict": "needs_cv", "unknown_reason": null, "cctv_dist_m": 4.0, "cv_feasible": true, "width_verified": false, "midpoint_fallback": false, "inherited": false, "route_usage": 1, "length_m": 42.7, "run_length_m": 167.2, "nfa_designated": true }, "geometry": { "type": "LineString", "coordinates": [ [ 126.923171024075998, 35.153241598291572 ], [ 126.923143582918456, 35.153296007191841 ], [ 126.923119802348111, 35.153343160595185 ], [ 126.92309633817105, 35.153390750571269 ], [ 126.923095486662717, 35.153404939558506 ], [ 126.923115536896987, 35.153439891203 ], [ 126.923142825123918, 35.153481332061162 ], [ 126.923152284362189, 35.153504455117357 ], [ 126.923155333270472, 35.153532269465408 ], [ 126.923144982987026, 35.153571170655304 ], [ 126.923136355290936, 35.153601794756668 ] ] } },
{ "type": "Feature", "properties": { "seg_id": "DM00978", "width_min_m": 6.13, "width_max_m": 8.91, "verdict": "clear", "unknown_reason": null, "cctv_dist_m": 11.8, "cv_feasible": true, "width_verified": false, "midpoint_fallback": false, "inherited": false, "route_usage": 18, "length_m": 44.2, "run_length_m": null, "nfa_designated": false }, "geometry": { "type": "LineString", "coordinates": [ [ 126.923082833038023, 35.153265950905379 ], [ 126.922635780740833, 35.153375741587794 ], [ 126.922617222058221, 35.153376099073462 ] ] } },
{ "type": "Feature", "properties": { "seg_id": "DM00979", "width_min_m": null, "width_max_m": null, "verdict": "unknown", "unknown_reason": "width", "cctv_dist_m": 39.1, "cv_feasible": false, "width_verified": false, "midpoint_fallback": true, "inherited": false, "route_usage": 18, "length_m": 5.8, "run_length_m": null, "nfa_designated": false }, "geometry": { "type": "LineString", "coordinates": [ [ 126.922617222058221, 35.153376099073462 ], [ 126.922616618437459, 35.153376107694399 ], [ 126.922554104058577, 35.153377320495551 ] ] } },
{ "type": "Feature", "properties": { "seg_id": "DM00980", "width_min_m": 6.86, "width_max_m": 9.18, "verdict": "clear", "unknown_reason": null, "cctv_dist_m": 44.8, "cv_feasible": false, "width_verified": false, "midpoint_fallback": false, "inherited": false, "route_usage": 0, "length_m": 38.9, "run_length_m": null, "nfa_designated": false }, "geometry": { "type": "LineString", "coordinates": [ [ 126.922617222058221, 35.153376099073462 ], [ 126.922655484900432, 35.153712734941742 ], [ 126.922656893502378, 35.153725120745307 ] ] } },
{ "type": "Feature", "properties": { "seg_id": "DM00981", "width_min_m": 5.64, "width_max_m": 15.23, "verdict": "clear", "unknown_reason": null, "cctv_dist_m": 19.5, "cv_feasible": true, "width_verified": false, "midpoint_fallback": false, "inherited": false, "route_usage": 9, "length_m": 19.7, "run_length_m": null, "nfa_designated": false }, "geometry": { "type": "LineString", "coordinates": [ [ 126.922554104058577, 35.153377320495551 ], [ 126.922538849753181, 35.153377616429594 ], [ 126.922338357310352, 35.153381505528067 ] ] } },
{ "type": "Feature", "properties": { "seg_id": "DM00982", "width_min_m": 1.1, "width_max_m": 3.43, "verdict": "unknown", "unknown_reason": "no_cctv", "cctv_dist_m": 31.4, "cv_feasible": false, "width_verified": false, "midpoint_fallback": false, "inherited": false, "route_usage": 9, "length_m": 32.0, "run_length_m": null, "nfa_designated": false }, "geometry": { "type": "LineString", "coordinates": [ [ 126.922554104058577, 35.153377320495551 ], [ 126.922540440297126, 35.15339874466882 ], [ 126.922519598673929, 35.153431418735039 ], [ 126.922486426582054, 35.153476869840048 ], [ 126.922464652263386, 35.153504019389622 ], [ 126.922414699039578, 35.153545394499695 ], [ 126.922381232024122, 35.153568519823402 ], [ 126.922327814862115, 35.153588253571137 ] ] } },
{ "type": "Feature", "properties": { "seg_id": "DM00983", "width_min_m": 5.59, "width_max_m": 6.78, "verdict": "clear", "unknown_reason": null, "cctv_dist_m": 2.7, "cv_feasible": true, "width_verified": false, "midpoint_fallback": false, "inherited": false, "route_usage": 9, "length_m": 21.2, "run_length_m": null, "nfa_designated": false }, "geometry": { "type": "LineString", "coordinates": [ [ 126.922338357310352, 35.153381505528067 ], [ 126.922323509722759, 35.153381793524368 ], [ 126.922320820853002, 35.153381845850149 ], [ 126.922264552141996, 35.153382935793921 ], [ 126.922105582014652, 35.153383269620264 ] ] } },
{ "type": "Feature", "properties": { "seg_id": "DM00984", "width_min_m": 1.3, "width_max_m": 16.58, "verdict": "needs_cv", "unknown_reason": null, "cctv_dist_m": 19.5, "cv_feasible": true, "width_verified": false, "midpoint_fallback": false, "inherited": false, "route_usage": 2, "length_m": 27.8, "run_length_m": 27.8, "nfa_designated": false }, "geometry": { "type": "LineString", "coordinates": [ [ 126.922338357310352, 35.153381505528067 ], [ 126.922359399688489, 35.153359851467812 ], [ 126.922386742012122, 35.153331713109957 ], [ 126.922425687730723, 35.153292983123301 ], [ 126.922456161394919, 35.153257816832756 ], [ 126.922474020504964, 35.153232712678751 ], [ 126.922488644321234, 35.153204399407585 ], [ 126.922502640045394, 35.153172652971904 ] ] } },
{ "type": "Feature", "properties": { "seg_id": "DM00985", "width_min_m": 2.5, "width_max_m": 3.48, "verdict": "needs_cv", "unknown_reason": null, "cctv_dist_m": 3.3, "cv_feasible": true, "width_verified": false, "midpoint_fallback": false, "inherited": true, "route_usage": 8, "length_m": 1.1, "run_length_m": 32.4, "nfa_designated": false }, "geometry": { "type": "LineString", "coordinates": [ [ 126.922105582014652, 35.153383269620264 ], [ 126.922093140303474, 35.153383295738209 ] ] } },
{ "type": "Feature", "properties": { "seg_id": "DM00986", "width_min_m": 8.56, "width_max_m": 9.35, "verdict": "clear", "unknown_reason": null, "cctv_dist_m": 3.3, "cv_feasible": true, "width_verified": false, "midpoint_fallback": true, "inherited": false, "route_usage": 13, "length_m": 8.3, "run_length_m": null, "nfa_designated": false }, "geometry": { "type": "LineString", "coordinates": [ [ 126.922032539607599, 35.153339189327369 ], [ 126.922105582014652, 35.153383269620264 ] ] } },
{ "type": "Feature", "properties": { "seg_id": "DM00987", "width_min_m": 5.62, "width_max_m": 6.65, "verdict": "clear", "unknown_reason": null, "cctv_dist_m": 4.0, "cv_feasible": true, "width_verified": false, "midpoint_fallback": false, "inherited": false, "route_usage": 1, "length_m": 25.2, "run_length_m": null, "nfa_designated": false }, "geometry": { "type": "LineString", "coordinates": [ [ 126.922093140303474, 35.153383295738209 ], [ 126.922091084542444, 35.153383300053584 ], [ 126.922086716577212, 35.15338330620704 ], [ 126.921816824418826, 35.153383886315609 ] ] } },
{ "type": "Feature", "properties": { "seg_id": "DM00988", "width_min_m": 2.5, "width_max_m": 3.48, "verdict": "needs_cv", "unknown_reason": null, "cctv_dist_m": 4.0, "cv_feasible": true, "width_verified": false, "midpoint_fallback": false, "inherited": false, "route_usage": 5, "length_m": 31.3, "run_length_m": 32.4, "nfa_designated": false }, "geometry": { "type": "LineString", "coordinates": [ [ 126.922093140303474, 35.153383295738209 ], [ 126.922200418205279, 35.153466101402337 ], [ 126.922270085606826, 35.153538027181646 ], [ 126.922321365797259, 35.153583696973939 ], [ 126.922327814862115, 35.153588253571137 ] ] } },
{ "type": "Feature", "properties": { "seg_id": "DM00989", "width_min_m": 7.49, "width_max_m": 9.11, "verdict": "clear", "unknown_reason": null, "cctv_dist_m": 3.1, "cv_feasible": true, "width_verified": false, "midpoint_fallback": false, "inherited": false, "route_usage": 1, "length_m": 16.8, "run_length_m": null, "nfa_designated": false }, "geometry": { "type": "LineString", "coordinates": [ [ 126.921863046315593, 35.153236901241826 ], [ 126.921860880351758, 35.153245322920604 ], [ 126.921858688093508, 35.153253830271616 ], [ 126.921816824418826, 35.153383886315609 ] ] } },
{ "type": "Feature", "properties": { "seg_id": "DM00990", "width_min_m": 6.65, "width_max_m": 8.51, "verdict": "clear", "unknown_reason": null, "cctv_dist_m": 12.3, "cv_feasible": true, "width_verified": false, "midpoint_fallback": false, "inherited": false, "route_usage": 0, "length_m": 37.6, "run_length_m": null, "nfa_designated": false }, "geometry": { "type": "LineString", "coordinates": [ [ 126.921816824418826, 35.153383886315609 ], [ 126.921713524124414, 35.153704835943657 ], [ 126.921712290761235, 35.153709125581372 ], [ 126.921711682890901, 35.153711249193201 ] ] } },
{ "type": "Feature", "properties": { "seg_id": "DM00991", "width_min_m": 4.96, "width_max_m": 9.7, "verdict": "clear", "unknown_reason": null, "cctv_dist_m": 19.1, "cv_feasible": true, "width_verified": false, "midpoint_fallback": false, "inherited": false, "route_usage": 2, "length_m": 102.0, "run_length_m": null, "nfa_designated": false }, "geometry": { "type": "LineString", "coordinates": [ [ 126.924304323576777, 35.152661535857661 ], [ 126.924453429503771, 35.152633995127061 ], [ 126.924874658810509, 35.152740026992369 ], [ 126.925361350784641, 35.152884135688339 ], [ 126.925368415756253, 35.152887078540743 ], [ 126.925369247937425, 35.152887425669377 ] ] } },
{ "type": "Feature", "properties": { "seg_id": "DM00992", "width_min_m": 6.15, "width_max_m": null, "verdict": "clear", "unknown_reason": null, "cctv_dist_m": 3.0, "cv_feasible": true, "width_verified": false, "midpoint_fallback": true, "inherited": false, "route_usage": 10, "length_m": 16.9, "run_length_m": null, "nfa_designated": false }, "geometry": { "type": "LineString", "coordinates": [ [ 126.925369247937425, 35.152887425669377 ], [ 126.925402457059761, 35.152901278218991 ], [ 126.925520937992431, 35.152950710701958 ], [ 126.925533938998427, 35.152957490798222 ] ] } },
{ "type": "Feature", "properties": { "seg_id": "DM00993", "width_min_m": 1.55, "width_max_m": 6.98, "verdict": "needs_cv", "unknown_reason": null, "cctv_dist_m": 19.1, "cv_feasible": true, "width_verified": false, "midpoint_fallback": false, "inherited": false, "route_usage": 6, "length_m": 23.5, "run_length_m": 23.5, "nfa_designated": false }, "geometry": { "type": "LineString", "coordinates": [ [ 126.92518070971046, 35.153020061117246 ], [ 126.925268208896298, 35.152992699270271 ], [ 126.925297782845973, 35.152971747933627 ], [ 126.9253283708819, 35.152937845387797 ], [ 126.925369247937425, 35.152887425669377 ] ] } },
{ "type": "Feature", "properties": { "seg_id": "DM00994", "width_min_m": 6.69, "width_max_m": 10.65, "verdict": "clear", "unknown_reason": null, "cctv_dist_m": 1.9, "cv_feasible": true, "width_verified": false, "midpoint_fallback": false, "inherited": false, "route_usage": 12, "length_m": 42.6, "run_length_m": null, "nfa_designated": false }, "geometry": { "type": "LineString", "coordinates": [ [ 126.925533938998427, 35.152957490798222 ], [ 126.925578527370632, 35.152980743860823 ], [ 126.925653753158386, 35.153081814796487 ], [ 126.925798065443345, 35.153269601058085 ] ] } },
{ "type": "Feature", "properties": { "seg_id": "DM00995", "width_min_m": 6.52, "width_max_m": 31.1, "verdict": "clear", "unknown_reason": null, "cctv_dist_m": 3.0, "cv_feasible": true, "width_verified": false, "midpoint_fallback": false, "inherited": false, "route_usage": 12, "length_m": 59.8, "run_length_m": null, "nfa_designated": false }, "geometry": { "type": "LineString", "coordinates": [ [ 126.925533938998427, 35.152957490798222 ], [ 126.925621499242055, 35.152936836474609 ], [ 126.925712653445402, 35.152823492549949 ], [ 126.925873487637205, 35.152522391560993 ] ] } },
{ "type": "Feature", "properties": { "seg_id": "DM00997", "width_min_m": 17.18, "width_max_m": 23.46, "verdict": "clear", "unknown_reason": null, "cctv_dist_m": 34.8, "cv_feasible": false, "width_verified": false, "midpoint_fallback": false, "inherited": false, "route_usage": 2, "length_m": 60.1, "run_length_m": null, "nfa_designated": false }, "geometry": { "type": "LineString", "coordinates": [ [ 126.926321869673089, 35.15294199796508 ], [ 126.926307462018158, 35.152951606491577 ], [ 126.926233765490693, 35.15300075673548 ], [ 126.926012814347132, 35.15315221831117 ], [ 126.925798094674647, 35.153269585111197 ], [ 126.925798065443345, 35.153269601058085 ] ] } },
{ "type": "Feature", "properties": { "seg_id": "DM00999", "width_min_m": 8.78, "width_max_m": 12.37, "verdict": "clear", "unknown_reason": null, "cctv_dist_m": 17.4, "cv_feasible": true, "width_verified": false, "midpoint_fallback": false, "inherited": false, "route_usage": 0, "length_m": 77.6, "run_length_m": null, "nfa_designated": false }, "geometry": { "type": "LineString", "coordinates": [ [ 126.924283858882305, 35.152588513071066 ], [ 126.925127814997296, 35.152513333631894 ], [ 126.925130272381836, 35.152513114663819 ] ] } },
{ "type": "Feature", "properties": { "seg_id": "DM01000", "width_min_m": 8.08, "width_max_m": 12.83, "verdict": "clear", "unknown_reason": null, "cctv_dist_m": 28.8, "cv_feasible": false, "width_verified": false, "midpoint_fallback": false, "inherited": false, "route_usage": 2, "length_m": 30.2, "run_length_m": null, "nfa_designated": false }, "geometry": { "type": "LineString", "coordinates": [ [ 126.925130272381836, 35.152513114663819 ], [ 126.925346283636102, 35.152493866533774 ], [ 126.925460148835768, 35.152490449732795 ] ] } },
{ "type": "Feature", "properties": { "seg_id": "DM01001", "width_min_m": 1.5, "width_max_m": 2.47, "verdict": "blocked", "unknown_reason": null, "cctv_dist_m": 52.0, "cv_feasible": false, "width_verified": false, "midpoint_fallback": false, "inherited": false, "route_usage": 0, "length_m": 150.4, "run_length_m": 150.4, "nfa_designated": true }, "geometry": { "type": "LineString", "coordinates": [ [ 126.925611713385535, 35.151553906845635 ], [ 126.925642438390923, 35.151637374819209 ], [ 126.925672089305834, 35.151741228493478 ], [ 126.925701760102058, 35.151823704350413 ], [ 126.925715724481378, 35.151878919537296 ], [ 126.925620495170719, 35.151902533396907 ], [ 126.925559274621392, 35.151925178002486 ], [ 126.925483440732023, 35.151952229671508 ], [ 126.925373883288628, 35.151998411476718 ], [ 126.925390352049931, 35.152040072724361 ], [ 126.925408053472452, 35.152089667917373 ], [ 126.925408028283883, 35.152117267910874 ], [ 126.92541290177445, 35.152136340038417 ], [ 126.925442502102683, 35.152200709051726 ], [ 126.925396633052898, 35.152218746339123 ], [ 126.925320097185136, 35.152241597960234 ], [ 126.92528279700656, 35.152249353179286 ], [ 126.925241526076547, 35.152253342299517 ], [ 126.92521400848338, 35.152259848834888 ], [ 126.925136537678796, 35.15229173526059 ], [ 126.925107469553538, 35.152322579215401 ], [ 126.925098282683422, 35.152340639057172 ], [ 126.925112860267504, 35.152440635018344 ], [ 126.925130272381836, 35.152513114663819 ] ] } },
{ "type": "Feature", "properties": { "seg_id": "DM01002", "width_min_m": 9.79, "width_max_m": null, "verdict": "clear", "unknown_reason": null, "cctv_dist_m": 10.6, "cv_feasible": true, "width_verified": false, "midpoint_fallback": true, "inherited": false, "route_usage": 6, "length_m": 38.1, "run_length_m": null, "nfa_designated": false }, "geometry": { "type": "LineString", "coordinates": [ [ 126.925460148835768, 35.152490449732795 ], [ 126.925654098296661, 35.152484622233814 ], [ 126.925842693219394, 35.152513186794174 ], [ 126.925873487637205, 35.152522391560993 ] ] } },
{ "type": "Feature", "properties": { "seg_id": "DM01003", "width_min_m": 1.9, "width_max_m": null, "verdict": "unknown", "unknown_reason": "width", "cctv_dist_m": 25.8, "cv_feasible": false, "width_verified": false, "midpoint_fallback": true, "inherited": false, "route_usage": 2, "length_m": 18.3, "run_length_m": null, "nfa_designated": false }, "geometry": { "type": "LineString", "coordinates": [ [ 126.925460148835768, 35.152490449732795 ], [ 126.925468907011791, 35.152655340105625 ] ] } },
{ "type": "Feature", "properties": { "seg_id": "DM01004", "width_min_m": 9.24, "width_max_m": null, "verdict": "clear", "unknown_reason": null, "cctv_dist_m": 14.0, "cv_feasible": true, "width_verified": false, "midpoint_fallback": true, "inherited": false, "route_usage": 12, "length_m": 24.7, "run_length_m": null, "nfa_designated": false }, "geometry": { "type": "LineString", "coordinates": [ [ 126.925873487637205, 35.152522391560993 ], [ 126.926059898606553, 35.152578111497043 ], [ 126.926111354145661, 35.152595079954104 ], [ 126.926126231275731, 35.152599983558694 ], [ 126.926127062735802, 35.152600257790148 ] ] } },
{ "type": "Feature", "properties": { "seg_id": "DM01005", "width_min_m": 8.01, "width_max_m": 37.06, "verdict": "clear", "unknown_reason": null, "cctv_dist_m": 4.9, "cv_feasible": true, "width_verified": false, "midpoint_fallback": false, "inherited": false, "route_usage": 9, "length_m": 43.1, "run_length_m": null, "nfa_designated": false }, "geometry": { "type": "LineString", "coordinates": [ [ 126.926127062735802, 35.152600257790148 ], [ 126.926307817947873, 35.152659874141172 ], [ 126.926565996015867, 35.152745022697417 ] ] } },
{ "type": "Feature", "properties": { "seg_id": "DM01006", "width_min_m": 1.8, "width_max_m": 15.2, "verdict": "unknown", "unknown_reason": "no_cctv", "cctv_dist_m": 34.5, "cv_feasible": false, "width_verified": false, "midpoint_fallback": false, "inherited": false, "route_usage": 3, "length_m": 25.6, "run_length_m": null, "nfa_designated": false }, "geometry": { "type": "LineString", "coordinates": [ [ 126.926184984289122, 35.152374933381395 ], [ 126.92616583333853, 35.15243288814731 ], [ 126.926156889797866, 35.152492809653268 ], [ 126.926142631685053, 35.15254274706318 ], [ 126.926127062735802, 35.152600257790148 ] ] } },
{ "type": "Feature", "properties": { "seg_id": "DM01007", "width_min_m": 12.25, "width_max_m": 14.94, "verdict": "clear", "unknown_reason": null, "cctv_dist_m": 3.9, "cv_feasible": true, "width_verified": false, "midpoint_fallback": false, "inherited": false, "route_usage": 11, "length_m": 67.0, "run_length_m": null, "nfa_designated": false }, "geometry": { "type": "LineString", "coordinates": [ [ 126.927026577813876, 35.152274371286794 ], [ 126.927025944878082, 35.152275123133286 ], [ 126.926984745476247, 35.152324050424582 ], [ 126.926818206275996, 35.152491473850013 ], [ 126.926565996015867, 35.152745022697417 ] ] } },
{ "type": "Feature", "properties": { "seg_id": "DM01008", "width_min_m": 6.21, "width_max_m": 8.9, "verdict": "clear", "unknown_reason": null, "cctv_dist_m": 4.9, "cv_feasible": true, "width_verified": false, "midpoint_fallback": false, "inherited": true, "route_usage": 2, "length_m": 1.0, "run_length_m": null, "nfa_designated": false }, "geometry": { "type": "LineString", "coordinates": [ [ 126.926565996015867, 35.152745022697417 ], [ 126.926558778995897, 35.152752283159892 ] ] } },
{ "type": "Feature", "properties": { "seg_id": "DM01009", "width_min_m": 5.23, "width_max_m": 6.65, "verdict": "clear", "unknown_reason": null, "cctv_dist_m": 58.7, "cv_feasible": false, "width_verified": false, "midpoint_fallback": false, "inherited": false, "route_usage": 96, "length_m": 20.7, "run_length_m": null, "nfa_designated": false }, "geometry": { "type": "LineString", "coordinates": [ [ 126.923731569332588, 35.151307523805919 ], [ 126.923948268992262, 35.151252472582854 ] ] } },
{ "type": "Feature", "properties": { "seg_id": "DM01010", "width_min_m": 17.96, "width_max_m": 20.38, "verdict": "clear", "unknown_reason": null, "cctv_dist_m": 0.8, "cv_feasible": true, "width_verified": false, "midpoint_fallback": false, "inherited": false, "route_usage": 0, "length_m": 62.9, "run_length_m": null, "nfa_designated": false }, "geometry": { "type": "LineString", "coordinates": [ [ 126.923411395892956, 35.150805353326902 ], [ 126.923731569332588, 35.151307523805919 ] ] } },
{ "type": "Feature", "properties": { "seg_id": "DM01011", "width_min_m": 4.64, "width_max_m": 5.66, "verdict": "clear", "unknown_reason": null, "cctv_dist_m": 59.7, "cv_feasible": false, "width_verified": false, "midpoint_fallback": false, "inherited": false, "route_usage": 96, "length_m": 74.4, "run_length_m": null, "nfa_designated": false }, "geometry": { "type": "LineString", "coordinates": [ [ 126.923948268992262, 35.151252472582854 ], [ 126.923973066328813, 35.151246169936307 ], [ 126.924555994965502, 35.151167780735783 ], [ 126.92475279212475, 35.151141315446871 ], [ 126.924752792187121, 35.151141315438615 ] ] } },
{ "type": "Feature", "properties": { "seg_id": "DM01012", "width_min_m": 5.02, "width_max_m": 6.71, "verdict": "clear", "unknown_reason": null, "cctv_dist_m": 19.6, "cv_feasible": true, "width_verified": false, "midpoint_fallback": false, "inherited": false, "route_usage": 0, "length_m": 64.5, "run_length_m": null, "nfa_designated": false }, "geometry": { "type": "LineString", "coordinates": [ [ 126.923609912535554, 35.150752524167743 ], [ 126.923671924829378, 35.150827320089618 ], [ 126.92388160059528, 35.151049940545789 ], [ 126.923947981180461, 35.151251598241238 ], [ 126.923948268992262, 35.151252472582854 ] ] } },
{ "type": "Feature", "properties": { "seg_id": "DM01013", "width_min_m": 4.64, "width_max_m": 5.66, "verdict": "clear", "unknown_reason": null, "cctv_dist_m": 59.7, "cv_feasible": false, "width_verified": false, "midpoint_fallback": false, "inherited": true, "route_usage": 94, "length_m": 0.1, "run_length_m": null, "nfa_designated": false }, "geometry": { "type": "LineString", "coordinates": [ [ 126.924752792187121, 35.151141315438615 ], [ 126.924754010442513, 35.151141153973846 ] ] } },
{ "type": "Feature", "properties": { "seg_id": "DM01014", "width_min_m": 4.7, "width_max_m": 8.06, "verdict": "clear", "unknown_reason": null, "cctv_dist_m": 59.7, "cv_feasible": false, "width_verified": false, "midpoint_fallback": false, "inherited": false, "route_usage": 2, "length_m": 28.2, "run_length_m": null, "nfa_designated": false }, "geometry": { "type": "LineString", "coordinates": [ [ 126.924752792187121, 35.151141315438615 ], [ 126.924815958761997, 35.151389777923995 ] ] } },
{ "type": "Feature", "properties": { "seg_id": "DM01015", "width_min_m": 5.59, "width_max_m": 6.28, "verdict": "clear", "unknown_reason": null, "cctv_dist_m": 59.7, "cv_feasible": false, "width_verified": false, "midpoint_fallback": false, "inherited": false, "route_usage": 94, "length_m": 71.2, "run_length_m": null, "nfa_designated": false }, "geometry": { "type": "LineString", "coordinates": [ [ 126.924754010442513, 35.151141153973846 ], [ 126.924917495774352, 35.151119165096489 ], [ 126.925525248918177, 35.151038524501061 ] ] } },
{ "type": "Feature", "properties": { "seg_id": "DM01016", "width_min_m": 5.52, "width_max_m": 7.81, "verdict": "clear", "unknown_reason": null, "cctv_dist_m": 0.1, "cv_feasible": true, "width_verified": false, "midpoint_fallback": false, "inherited": false, "route_usage": 0, "length_m": 60.6, "run_length_m": null, "nfa_designated": false }, "geometry": { "type": "LineString", "coordinates": [ [ 126.924647626058515, 35.150602323054066 ], [ 126.924754010442513, 35.151141153973846 ] ] } },
{ "type": "Feature", "properties": { "seg_id": "DM01017", "width_min_m": 4.18, "width_max_m": 6.28, "verdict": "unknown", "unknown_reason": "no_cctv", "cctv_dist_m": 92.8, "cv_feasible": false, "width_verified": false, "midpoint_fallback": false, "inherited": true, "route_usage": 94, "length_m": 0.1, "run_length_m": null, "nfa_designated": false }, "geometry": { "type": "LineString", "coordinates": [ [ 126.925525248918177, 35.151038524501061 ], [ 126.925526126983073, 35.151038407874893 ] ] } },
{ "type": "Feature", "properties": { "seg_id": "DM01018", "width_min_m": 6.29, "width_max_m": 7.67, "verdict": "clear", "unknown_reason": null, "cctv_dist_m": 92.8, "cv_feasible": false, "width_verified": false, "midpoint_fallback": false, "inherited": false, "route_usage": 0, "length_m": 57.6, "run_length_m": null, "nfa_designated": false }, "geometry": { "type": "LineString", "coordinates": [ [ 126.925525248918177, 35.151038524501061 ], [ 126.925645199245395, 35.151548036559149 ] ] } },
{ "type": "Feature", "properties": { "seg_id": "DM01019", "width_min_m": 4.18, "width_max_m": 8.34, "verdict": "unknown", "unknown_reason": "no_cctv", "cctv_dist_m": 61.9, "cv_feasible": false, "width_verified": false, "midpoint_fallback": false, "inherited": false, "route_usage": 94, "length_m": 137.5, "run_length_m": null, "nfa_designated": false }, "geometry": { "type": "LineString", "coordinates": [ [ 126.925526126983073, 35.151038407874893 ], [ 126.925547068829772, 35.151035626789927 ], [ 126.926581448373668, 35.15089939032422 ], [ 126.926598285191659, 35.150897174375515 ], [ 126.927015605340742, 35.150842205336424 ], [ 126.92701560585833, 35.150842205271346 ] ] } },
{ "type": "Feature", "properties": { "seg_id": "DM01020", "width_min_m": 6.6, "width_max_m": 12.07, "verdict": "clear", "unknown_reason": null, "cctv_dist_m": 71.0, "cv_feasible": false, "width_verified": false, "midpoint_fallback": false, "inherited": false, "route_usage": 0, "length_m": 60.6, "run_length_m": null, "nfa_designated": false }, "geometry": { "type": "LineString", "coordinates": [ [ 126.925417261868205, 35.150499738902447 ], [ 126.925526126983073, 35.151038407874893 ] ] } },
{ "type": "Feature", "properties": { "seg_id": "DM01021", "width_min_m": 3.31, "width_max_m": 5.56, "verdict": "unknown", "unknown_reason": "no_cctv", "cctv_dist_m": 61.9, "cv_feasible": false, "width_verified": false, "midpoint_fallback": false, "inherited": true, "route_usage": 10, "length_m": 0.0, "run_length_m": null, "nfa_designated": false }, "geometry": { "type": "LineString", "coordinates": [ [ 126.92701560585833, 35.150842205271346 ], [ 126.927016033392562, 35.150842151518006 ] ] } },
{ "type": "Feature", "properties": { "seg_id": "DM01022", "width_min_m": 3.31, "width_max_m": 5.56, "verdict": "unknown", "unknown_reason": "no_cctv", "cctv_dist_m": 61.9, "cv_feasible": false, "width_verified": false, "midpoint_fallback": false, "inherited": true, "route_usage": 0, "length_m": 0.0, "run_length_m": null, "nfa_designated": false }, "geometry": { "type": "LineString", "coordinates": [ [ 126.927015604410272, 35.150842199754244 ], [ 126.92701560585833, 35.150842205271346 ] ] } },
{ "type": "Feature", "properties": { "seg_id": "DM01023", "width_min_m": 5.06, "width_max_m": 7.65, "verdict": "clear", "unknown_reason": null, "cctv_dist_m": 61.9, "cv_feasible": false, "width_verified": false, "midpoint_fallback": false, "inherited": false, "route_usage": 98, "length_m": 43.2, "run_length_m": null, "nfa_designated": false }, "geometry": { "type": "LineString", "coordinates": [ [ 126.92701560585833, 35.150842205271346 ], [ 126.927041174906307, 35.150939621493322 ], [ 126.927114259520138, 35.151222953295893 ] ] } },
{ "type": "Feature", "properties": { "seg_id": "DM01024", "width_min_m": 3.31, "width_max_m": 5.56, "verdict": "needs_cv", "unknown_reason": null, "cctv_dist_m": 0.8, "cv_feasible": true, "width_verified": false, "midpoint_fallback": false, "inherited": false, "route_usage": 2, "length_m": 100.2, "run_length_m": 101.4, "nfa_designated": true }, "geometry": { "type": "LineString", "coordinates": [ [ 126.927016033392562, 35.150842151518006 ], [ 126.927019018797239, 35.150841756754993 ], [ 126.927043586362615, 35.15079811920009 ], [ 126.927509586556098, 35.150684319827626 ], [ 126.92769773636509, 35.150630641571958 ], [ 126.927795394550358, 35.150609636281139 ], [ 126.927853131076077, 35.150597214621335 ], [ 126.928024776645699, 35.150590558558221 ], [ 126.928044599691589, 35.150589798362269 ] ] } },
{ "type": "Feature", "properties": { "seg_id": "DM01025", "width_min_m": 5.38, "width_max_m": 18.45, "verdict": "clear", "unknown_reason": null, "cctv_dist_m": 0.5, "cv_feasible": true, "width_verified": false, "midpoint_fallback": false, "inherited": false, "route_usage": 6, "length_m": 62.3, "run_length_m": null, "nfa_designated": false }, "geometry": { "type": "LineString", "coordinates": [ [ 126.9269228334595, 35.15028564359018 ], [ 126.927016033392562, 35.150842151518006 ] ] } },
{ "type": "Feature", "properties": { "seg_id": "DM01026", "width_min_m": 8.66, "width_max_m": null, "verdict": "clear", "unknown_reason": null, "cctv_dist_m": 8.9, "cv_feasible": true, "width_verified": false, "midpoint_fallback": true, "inherited": false, "route_usage": 0, "length_m": 52.5, "run_length_m": null, "nfa_designated": false }, "geometry": { "type": "LineString", "coordinates": [ [ 126.928161428667906, 35.150129488771903 ], [ 126.928162872210436, 35.150139982076333 ], [ 126.928161672496486, 35.150159394576335 ], [ 126.928152671277473, 35.15020082497562 ], [ 126.928136071707058, 35.150250456749809 ], [ 126.928117485216745, 35.150322214471011 ], [ 126.928115555750324, 35.150364810742225 ], [ 126.928109282121937, 35.150421754610377 ], [ 126.928101143620793, 35.150456138160969 ], [ 126.928094910151685, 35.150474327118928 ], [ 126.928045853404598, 35.150587180252302 ], [ 126.928044599691589, 35.150589798362269 ] ] } },
{ "type": "Feature", "properties": { "seg_id": "DM01027", "width_min_m": 3.31, "width_max_m": 5.56, "verdict": "needs_cv", "unknown_reason": null, "cctv_dist_m": 8.4, "cv_feasible": true, "width_verified": false, "midpoint_fallback": false, "inherited": true, "route_usage": 2, "length_m": 1.2, "run_length_m": 101.4, "nfa_designated": true }, "geometry": { "type": "LineString", "coordinates": [ [ 126.928044599691589, 35.150589798362269 ], [ 126.928039790424378, 35.150599841480847 ] ] } },
{ "type": "Feature", "properties": { "seg_id": "DM01030", "width_min_m": 5.54, "width_max_m": 8.28, "verdict": "clear", "unknown_reason": null, "cctv_dist_m": 4.3, "cv_feasible": true, "width_verified": false, "midpoint_fallback": false, "inherited": false, "route_usage": 19, "length_m": 19.1, "run_length_m": null, "nfa_designated": false }, "geometry": { "type": "LineString", "coordinates": [ [ 126.923411395892956, 35.150805353326902 ], [ 126.923498111590916, 35.150777793773678 ], [ 126.923531390996871, 35.150767217056398 ], [ 126.923609912535554, 35.150752524167743 ] ] } },
{ "type": "Feature", "properties": { "seg_id": "DM01031", "width_min_m": 19.23, "width_max_m": 20.16, "verdict": "clear", "unknown_reason": null, "cctv_dist_m": 4.3, "cv_feasible": true, "width_verified": false, "midpoint_fallback": false, "inherited": false, "route_usage": 0, "length_m": 57.6, "run_length_m": null, "nfa_designated": false }, "geometry": { "type": "LineString", "coordinates": [ [ 126.923120269626963, 35.15034499775161 ], [ 126.923120772745548, 35.150345465617306 ], [ 126.923128711100375, 35.150352861861371 ], [ 126.923406651136233, 35.150797841982133 ], [ 126.923408645426122, 35.150801043077543 ], [ 126.923411395892956, 35.150805353326902 ] ] } },
{ "type": "Feature", "properties": { "seg_id": "DM01032", "width_min_m": 6.41, "width_max_m": 11.66, "verdict": "clear", "unknown_reason": null, "cctv_dist_m": 4.3, "cv_feasible": true, "width_verified": false, "midpoint_fallback": false, "inherited": false, "route_usage": 19, "length_m": 30.0, "run_length_m": null, "nfa_designated": false }, "geometry": { "type": "LineString", "coordinates": [ [ 126.923411395892956, 35.150805353326902 ], [ 126.9231005242968, 35.150884508091679 ], [ 126.923097214960407, 35.150885350705892 ] ] } },
{ "type": "Feature", "properties": { "seg_id": "DM01033", "width_min_m": 4.7, "width_max_m": 7.23, "verdict": "clear", "unknown_reason": null, "cctv_dist_m": 19.6, "cv_feasible": true, "width_verified": false, "midpoint_fallback": false, "inherited": false, "route_usage": 19, "length_m": 27.0, "run_length_m": null, "nfa_designated": false }, "geometry": { "type": "LineString", "coordinates": [ [ 126.923609912535554, 35.150752524167743 ], [ 126.923685830883912, 35.150738318332564 ], [ 126.923901133712448, 35.150707903400672 ] ] } },
{ "type": "Feature", "properties": { "seg_id": "DM01034", "width_min_m": 4.7, "width_max_m": 7.46, "verdict": "clear", "unknown_reason": null, "cctv_dist_m": 0.9, "cv_feasible": true, "width_verified": false, "midpoint_fallback": false, "inherited": false, "route_usage": 19, "length_m": 69.0, "run_length_m": null, "nfa_designated": false }, "geometry": { "type": "LineString", "coordinates": [ [ 126.923901133712448, 35.150707903400672 ], [ 126.924570263845354, 35.150613375591639 ], [ 126.924647626058515, 35.150602323054066 ] ] } },
{ "type": "Feature", "properties": { "seg_id": "DM01035", "width_min_m": 1.12, "width_max_m": 4.89, "verdict": "unknown", "unknown_reason": "no_cctv", "cctv_dist_m": 45.6, "cv_feasible": false, "width_verified": false, "midpoint_fallback": false, "inherited": false, "route_usage": 2, "length_m": 10.2, "run_length_m": null, "nfa_designated": false }, "geometry": { "type": "LineString", "coordinates": [ [ 126.923901133712448, 35.150707903400672 ], [ 126.923925302857214, 35.150797426706511 ] ] } },
{ "type": "Feature", "properties": { "seg_id": "DM01036", "width_min_m": 4.7, "width_max_m": 6.23, "verdict": "clear", "unknown_reason": null, "cctv_dist_m": 0.9, "cv_feasible": true, "width_verified": false, "midpoint_fallback": false, "inherited": true, "route_usage": 19, "length_m": 0.0, "run_length_m": null, "nfa_designated": false }, "geometry": { "type": "LineString", "coordinates": [ [ 126.924647626058515, 35.150602323054066 ], [ 126.924647651480626, 35.150602319422063 ] ] } },
{ "type": "Feature", "properties": { "seg_id": "DM01037", "width_min_m": 4.7, "width_max_m": 19.99, "verdict": "clear", "unknown_reason": null, "cctv_dist_m": 0.9, "cv_feasible": true, "width_verified": false, "midpoint_fallback": false, "inherited": false, "route_usage": 19, "length_m": 71.1, "run_length_m": null, "nfa_designated": false }, "geometry": { "type": "LineString", "coordinates": [ [ 126.924647651480626, 35.150602319422063 ], [ 126.924686945361714, 35.150596705587702 ], [ 126.925348950780233, 35.150506422742673 ], [ 126.925417261868205, 35.150499738902447 ] ] } },
{ "type": "Feature", "properties": { "seg_id": "DM01038", "width_min_m": 5.22, "width_max_m": 6.23, "verdict": "clear", "unknown_reason": null, "cctv_dist_m": 0.9, "cv_feasible": true, "width_verified": false, "midpoint_fallback": false, "inherited": false, "route_usage": 0, "length_m": 58.2, "run_length_m": null, "nfa_designated": false }, "geometry": { "type": "LineString", "coordinates": [ [ 126.924529833130848, 35.150086555773754 ], [ 126.924647651480626, 35.150602319422063 ] ] } },
{ "type": "Feature", "properties": { "seg_id": "DM01039", "width_min_m": 4.7, "width_max_m": 8.67, "verdict": "clear", "unknown_reason": null, "cctv_dist_m": 71.0, "cv_feasible": false, "width_verified": false, "midpoint_fallback": false, "inherited": true, "route_usage": 19, "length_m": 0.2, "run_length_m": null, "nfa_designated": false }, "geometry": { "type": "LineString", "coordinates": [ [ 126.925417261868205, 35.150499738902447 ], [ 126.925419470950274, 35.150499522756022 ] ] } },
{ "type": "Feature", "properties": { "seg_id": "DM01040", "width_min_m": 4.7, "width_max_m": 13.73, "verdict": "clear", "unknown_reason": null, "cctv_dist_m": 71.2, "cv_feasible": false, "width_verified": false, "midpoint_fallback": false, "inherited": false, "route_usage": 19, "length_m": 35.9, "run_length_m": null, "nfa_designated": false }, "geometry": { "type": "LineString", "coordinates": [ [ 126.925419470950274, 35.150499522756022 ], [ 126.925463602334148, 35.150495204736451 ], [ 126.925809034448605, 35.150453271834223 ] ] } },
{ "type": "Feature", "properties": { "seg_id": "DM01041", "width_min_m": 5.3, "width_max_m": 8.67, "verdict": "clear", "unknown_reason": null, "cctv_dist_m": 71.2, "cv_feasible": false, "width_verified": false, "midpoint_fallback": false, "inherited": false, "route_usage": 0, "length_m": 59.2, "run_length_m": null, "nfa_designated": false }, "geometry": { "type": "LineString", "coordinates": [ [ 126.925306095562107, 35.149974037544141 ], [ 126.925378452504219, 35.150309434277013 ], [ 126.925419470950274, 35.150499522756022 ] ] } },
{ "type": "Feature", "properties": { "seg_id": "DM01042", "width_min_m": 4.7, "width_max_m": null, "verdict": "clear", "unknown_reason": null, "cctv_dist_m": 67.7, "cv_feasible": false, "width_verified": false, "midpoint_fallback": true, "inherited": false, "route_usage": 19, "length_m": 32.1, "run_length_m": null, "nfa_designated": false }, "geometry": { "type": "LineString", "coordinates": [ [ 126.925809034448605, 35.150453271834223 ], [ 126.926119418320027, 35.150415592652216 ], [ 126.926157929206212, 35.150410208000253 ] ] } },
{ "type": "Feature", "properties": { "seg_id": "DM01043", "width_min_m": 1.62, "width_max_m": 4.25, "verdict": "unknown", "unknown_reason": "no_cctv", "cctv_dist_m": 66.3, "cv_feasible": false, "width_verified": false, "midpoint_fallback": false, "inherited": false, "route_usage": 2, "length_m": 32.7, "run_length_m": null, "nfa_designated": false }, "geometry": { "type": "LineString", "coordinates": [ [ 126.925809034448605, 35.150453271834223 ], [ 126.925807023115055, 35.150297660391665 ], [ 126.925807096471345, 35.150218368201614 ], [ 126.925742643207343, 35.150195658871226 ], [ 126.925740415416698, 35.150195657479792 ] ] } },
{ "type": "Feature", "properties": { "seg_id": "DM01044", "width_min_m": 4.7, "width_max_m": 18.23, "verdict": "clear", "unknown_reason": null, "cctv_dist_m": 0.7, "cv_feasible": true, "width_verified": false, "midpoint_fallback": false, "inherited": false, "route_usage": 6, "length_m": 71.1, "run_length_m": null, "nfa_designated": false }, "geometry": { "type": "LineString", "coordinates": [ [ 126.926157929206212, 35.150410208000253 ], [ 126.926348970467586, 35.150383496122544 ], [ 126.926858085117786, 35.150295284170866 ], [ 126.9269228334595, 35.15028564359018 ] ] } },
{ "type": "Feature", "properties": { "seg_id": "DM01045", "width_min_m": 7.63, "width_max_m": 9.91, "verdict": "clear", "unknown_reason": null, "cctv_dist_m": 3.3, "cv_feasible": true, "width_verified": false, "midpoint_fallback": false, "inherited": false, "route_usage": 13, "length_m": 69.8, "run_length_m": null, "nfa_designated": false }, "geometry": { "type": "LineString", "coordinates": [ [ 126.926392576001348, 35.149811552501696 ], [ 126.926157929206212, 35.150410208000253 ] ] } },
{ "type": "Feature", "properties": { "seg_id": "DM01046", "width_min_m": 4.7, "width_max_m": 15.25, "verdict": "clear", "unknown_reason": null, "cctv_dist_m": 0.5, "cv_feasible": true, "width_verified": false, "midpoint_fallback": false, "inherited": false, "route_usage": 10, "length_m": 38.7, "run_length_m": null, "nfa_designated": false }, "geometry": { "type": "LineString", "coordinates": [ [ 126.9269228334595, 35.15028564359018 ], [ 126.927340816083444, 35.150223407977641 ] ] } },
{ "type": "Feature", "properties": { "seg_id": "DM01047", "width_min_m": 4.7, "width_max_m": 6.39, "verdict": "clear", "unknown_reason": null, "cctv_dist_m": 38.2, "cv_feasible": false, "width_verified": false, "midpoint_fallback": false, "inherited": false, "route_usage": 6, "length_m": 34.6, "run_length_m": null, "nfa_designated": false }, "geometry": { "type": "LineString", "coordinates": [ [ 126.927340816083444, 35.150223407977641 ], [ 126.927696604716061, 35.150170431541305 ], [ 126.927714516887022, 35.150168602347122 ] ] } },
{ "type": "Feature", "properties": { "seg_id": "DM01048", "width_min_m": 1.3, "width_max_m": 2.86, "verdict": "unknown", "unknown_reason": "no_cctv", "cctv_dist_m": 38.2, "cv_feasible": false, "width_verified": false, "midpoint_fallback": false, "inherited": false, "route_usage": 2, "length_m": 49.9, "run_length_m": null, "nfa_designated": false }, "geometry": { "type": "LineString", "coordinates": [ [ 126.927340816083444, 35.150223407977641 ], [ 126.927333276214725, 35.150164767546549 ], [ 126.927323287282988, 35.150086801290207 ], [ 126.927322398095214, 35.150059037399338 ], [ 126.927329491043608, 35.150049286943847 ], [ 126.927364685359336, 35.15004930804632 ], [ 126.927424857645406, 35.150040280160717 ], [ 126.927431944769992, 35.150037470535146 ], [ 126.927396393250277, 35.149851852271645 ] ] } },
{ "type": "Feature", "properties": { "seg_id": "DM01049", "width_min_m": 4.04, "width_max_m": 17.7, "verdict": "unknown", "unknown_reason": "no_cctv", "cctv_dist_m": 42.5, "cv_feasible": false, "width_verified": false, "midpoint_fallback": false, "inherited": false, "route_usage": 2, "length_m": 40.1, "run_length_m": null, "nfa_designated": false }, "geometry": { "type": "LineString", "coordinates": [ [ 126.927714516887022, 35.150168602347122 ], [ 126.927937631982331, 35.150145817563654 ], [ 126.92815222529704, 35.15013527383983 ] ] } },
{ "type": "Feature", "properties": { "seg_id": "DM01050", "width_min_m": 1.24, "width_max_m": 2.79, "verdict": "unknown", "unknown_reason": "no_cctv", "cctv_dist_m": 37.7, "cv_feasible": false, "width_verified": false, "midpoint_fallback": false, "inherited": false, "route_usage": 2, "length_m": 15.9, "run_length_m": null, "nfa_designated": false }, "geometry": { "type": "LineString", "coordinates": [ [ 126.927714516887022, 35.150168602347122 ], [ 126.92773128138144, 35.150311459405238 ] ] } },
{ "type": "Feature", "properties": { "seg_id": "DM01051", "width_min_m": 4.5, "width_max_m": 6.29, "verdict": "clear", "unknown_reason": null, "cctv_dist_m": 12.0, "cv_feasible": true, "width_verified": false, "midpoint_fallback": false, "inherited": true, "route_usage": 80, "length_m": 0.0, "run_length_m": null, "nfa_designated": false }, "geometry": { "type": "LineString", "coordinates": [ [ 126.92312026837412, 35.150344996586583 ], [ 126.923120269626963, 35.15034499775161 ] ] } },
{ "type": "Feature", "properties": { "seg_id": "DM01052", "width_min_m": 20.59, "width_max_m": 22.28, "verdict": "clear", "unknown_reason": null, "cctv_dist_m": 6.5, "cv_feasible": true, "width_verified": false, "midpoint_fallback": false, "inherited": false, "route_usage": 0, "length_m": 27.9, "run_length_m": null, "nfa_designated": false }, "geometry": { "type": "LineString", "coordinates": [ [ 126.922914197346515, 35.150159552765295 ], [ 126.922956019362246, 35.150191912290865 ], [ 126.92312026837412, 35.150344996586583 ] ] } },
{ "type": "Feature", "properties": { "seg_id": "DM01053", "width_min_m": 9.82, "width_max_m": 10.93, "verdict": "clear", "unknown_reason": null, "cctv_dist_m": 6.7, "cv_feasible": true, "width_verified": false, "midpoint_fallback": false, "inherited": false, "route_usage": 11, "length_m": 69.9, "run_length_m": null, "nfa_designated": false }, "geometry": { "type": "LineString", "coordinates": [ [ 126.92312026837412, 35.150344996586583 ], [ 126.9231223769618, 35.150343420577279 ], [ 126.923236948410434, 35.150137868356957 ], [ 126.923629635558044, 35.149903642516641 ], [ 126.923632626848814, 35.149901858320312 ] ] } },
{ "type": "Feature", "properties": { "seg_id": "DM01054", "width_min_m": 4.5, "width_max_m": 6.29, "verdict": "clear", "unknown_reason": null, "cctv_dist_m": 11.0, "cv_feasible": true, "width_verified": false, "midpoint_fallback": false, "inherited": false, "route_usage": 80, "length_m": 66.0, "run_length_m": null, "nfa_designated": false }, "geometry": { "type": "LineString", "coordinates": [ [ 126.923120269626963, 35.15034499775161 ], [ 126.923260068234512, 35.150270391411041 ], [ 126.923270670436821, 35.150264677273135 ], [ 126.923807433601922, 35.150188801241072 ] ] } },
{ "type": "Feature", "properties": { "seg_id": "DM01055", "width_min_m": 4.5, "width_max_m": 8.67, "verdict": "clear", "unknown_reason": null, "cctv_dist_m": 59.1, "cv_feasible": false, "width_verified": false, "midpoint_fallback": false, "inherited": false, "route_usage": 80, "length_m": 66.8, "run_length_m": null, "nfa_designated": false }, "geometry": { "type": "LineString", "coordinates": [ [ 126.923807433601922, 35.150188801241072 ], [ 126.924498933605818, 35.150091048127869 ], [ 126.924529833130848, 35.150086555773754 ] ] } },
{ "type": "Feature", "properties": { "seg_id": "DM01056", "width_min_m": 1.13, "width_max_m": 2.11, "verdict": "blocked", "unknown_reason": null, "cctv_dist_m": 64.7, "cv_feasible": false, "width_verified": false, "midpoint_fallback": false, "inherited": false, "route_usage": 2, "length_m": 19.5, "run_length_m": 19.5, "nfa_designated": false }, "geometry": { "type": "LineString", "coordinates": [ [ 126.923807433601922, 35.150188801241072 ], [ 126.923844439639495, 35.150361912160321 ] ] } },
{ "type": "Feature", "properties": { "seg_id": "DM01057", "width_min_m": 4.35, "width_max_m": 6.23, "verdict": "unknown", "unknown_reason": "no_cctv", "cctv_dist_m": 59.1, "cv_feasible": false, "width_verified": false, "midpoint_fallback": false, "inherited": true, "route_usage": 80, "length_m": 0.4, "run_length_m": null, "nfa_designated": false }, "geometry": { "type": "LineString", "coordinates": [ [ 126.924529833130848, 35.150086555773754 ], [ 126.924534327560195, 35.150085902346575 ] ] } },
{ "type": "Feature", "properties": { "seg_id": "DM01058", "width_min_m": 4.5, "width_max_m": 6.72, "verdict": "clear", "unknown_reason": null, "cctv_dist_m": 59.1, "cv_feasible": false, "width_verified": false, "midpoint_fallback": false, "inherited": false, "route_usage": 80, "length_m": 71.2, "run_length_m": null, "nfa_designated": false }, "geometry": { "type": "LineString", "coordinates": [ [ 126.924534327560195, 35.150085902346575 ], [ 126.925228098788622, 35.149985035584614 ], [ 126.925304182598055, 35.14997430728485 ] ] } },
{ "type": "Feature", "properties": { "seg_id": "DM01059", "width_min_m": 4.35, "width_max_m": 6.39, "verdict": "unknown", "unknown_reason": "no_cctv", "cctv_dist_m": 59.1, "cv_feasible": false, "width_verified": false, "midpoint_fallback": false, "inherited": false, "route_usage": 0, "length_m": 81.7, "run_length_m": null, "nfa_designated": false }, "geometry": { "type": "LineString", "coordinates": [ [ 126.924388292929692, 35.149359638130747 ], [ 126.924534327560195, 35.150085902346575 ] ] } },
{ "type": "Feature", "properties": { "seg_id": "DM01060", "width_min_m": 4.5, "width_max_m": 6.72, "verdict": "clear", "unknown_reason": null, "cctv_dist_m": 92.3, "cv_feasible": false, "width_verified": false, "midpoint_fallback": false, "inherited": true, "route_usage": 77, "length_m": 0.2, "run_length_m": null, "nfa_designated": false }, "geometry": { "type": "LineString", "coordinates": [ [ 126.925304182598055, 35.14997430728485 ], [ 126.925306095562107, 35.149974037544141 ] ] } },
{ "type": "Feature", "properties": { "seg_id": "DM01061", "width_min_m": 5.32, "width_max_m": 9.78, "verdict": "clear", "unknown_reason": null, "cctv_dist_m": 92.3, "cv_feasible": false, "width_verified": false, "midpoint_fallback": false, "inherited": false, "route_usage": 5, "length_m": 23.4, "run_length_m": null, "nfa_designated": false }, "geometry": { "type": "LineString", "coordinates": [ [ 126.925262608723443, 35.149765988399736 ], [ 126.925304182598055, 35.14997430728485 ] ] } },
{ "type": "Feature", "properties": { "seg_id": "DM01062", "width_min_m": 4.5, "width_max_m": 7.59, "verdict": "clear", "unknown_reason": null, "cctv_dist_m": 0.1, "cv_feasible": true, "width_verified": false, "midpoint_fallback": false, "inherited": false, "route_usage": 77, "length_m": 100.7, "run_length_m": null, "nfa_designated": false }, "geometry": { "type": "LineString", "coordinates": [ [ 126.925306095562107, 35.149974037544141 ], [ 126.92631387972564, 35.149831928791372 ], [ 126.926392369994005, 35.149811605841847 ] ] } },
{ "type": "Feature", "properties": { "seg_id": "DM01063", "width_min_m": 4.5, "width_max_m": 7.59, "verdict": "clear", "unknown_reason": null, "cctv_dist_m": 3.9, "cv_feasible": true, "width_verified": false, "midpoint_fallback": false, "inherited": true, "route_usage": 21, "length_m": 0.0, "run_length_m": null, "nfa_designated": false }, "geometry": { "type": "LineString", "coordinates": [ [ 126.926392369994005, 35.149811605841847 ], [ 126.926392576001348, 35.149811552501696 ] ] } },
{ "type": "Feature", "properties": { "seg_id": "DM01064", "width_min_m": 7.35, "width_max_m": 10.88, "verdict": "clear", "unknown_reason": null, "cctv_dist_m": 3.9, "cv_feasible": true, "width_verified": false, "midpoint_fallback": false, "inherited": false, "route_usage": 84, "length_m": 40.5, "run_length_m": null, "nfa_designated": false }, "geometry": { "type": "LineString", "coordinates": [ [ 126.926531182767846, 35.149465059407369 ], [ 126.926392369994005, 35.149811605841847 ] ] } },
{ "type": "Feature", "properties": { "seg_id": "DM01065", "width_min_m": 5.2, "width_max_m": 7.9, "verdict": "clear", "unknown_reason": null, "cctv_dist_m": 3.9, "cv_feasible": true, "width_verified": false, "midpoint_fallback": false, "inherited": false, "route_usage": 6, "length_m": 62.7, "run_length_m": null, "nfa_designated": false }, "geometry": { "type": "LineString", "coordinates": [ [ 126.926392576001348, 35.149811552501696 ], [ 126.926436408574205, 35.149800203206091 ], [ 126.926539143025195, 35.149807914601062 ], [ 126.926936807774112, 35.149756488445128 ], [ 126.927070612213711, 35.149734222411993 ] ] } },
{ "type": "Feature", "properties": { "seg_id": "DM01066", "width_min_m": 5.34, "width_max_m": 9.83, "verdict": "clear", "unknown_reason": null, "cctv_dist_m": 59.3, "cv_feasible": false, "width_verified": false, "midpoint_fallback": false, "inherited": false, "route_usage": 6, "length_m": 58.3, "run_length_m": null, "nfa_designated": false }, "geometry": { "type": "LineString", "coordinates": [ [ 126.927070612213711, 35.149734222411993 ], [ 126.927294715190243, 35.149696929686336 ], [ 126.927564817161297, 35.149654121407863 ], [ 126.927700344251875, 35.149642401591905 ] ] } },
{ "type": "Feature", "properties": { "seg_id": "DM01067", "width_min_m": 1.82, "width_max_m": 12.67, "verdict": "unknown", "unknown_reason": "no_cctv", "cctv_dist_m": 47.1, "cv_feasible": false, "width_verified": false, "midpoint_fallback": false, "inherited": false, "route_usage": 2, "length_m": 18.9, "run_length_m": null, "nfa_designated": false }, "geometry": { "type": "LineString", "coordinates": [ [ 126.927070612213711, 35.149734222411993 ], [ 126.92712962152271, 35.149897375414803 ] ] } },
{ "type": "Feature", "properties": { "seg_id": "DM01068", "width_min_m": 5.33, "width_max_m": 8.92, "verdict": "clear", "unknown_reason": null, "cctv_dist_m": 22.4, "cv_feasible": true, "width_verified": false, "midpoint_fallback": false, "inherited": false, "route_usage": 6, "length_m": 41.5, "run_length_m": null, "nfa_designated": false }, "geometry": { "type": "LineString", "coordinates": [ [ 126.927700344251875, 35.149642401591905 ], [ 126.927752756941544, 35.14963786912017 ], [ 126.928155846182761, 35.14963782956081 ] ] } },
{ "type": "Feature", "properties": { "seg_id": "DM01069", "width_min_m": 1.1, "width_max_m": 2.92, "verdict": "unknown", "unknown_reason": "no_cctv", "cctv_dist_m": 48.6, "cv_feasible": false, "width_verified": false, "midpoint_fallback": false, "inherited": false, "route_usage": 0, "length_m": 68.2, "run_length_m": null, "nfa_designated": false }, "geometry": { "type": "LineString", "coordinates": [ [ 126.927449308503583, 35.14909248462962 ], [ 126.927454874587582, 35.149148440411956 ], [ 126.927457571378085, 35.149152933455632 ], [ 126.927474405280407, 35.149180979914945 ], [ 126.927495642355368, 35.149210798635259 ], [ 126.92751819972392, 35.149226923524907 ], [ 126.927609466681091, 35.149286690177689 ], [ 126.927637246035744, 35.14931678121053 ], [ 126.927642458709855, 35.149341219919783 ], [ 126.927665960050859, 35.149445921586391 ], [ 126.927700344251875, 35.149642401591905 ] ] } },
{ "type": "Feature", "properties": { "seg_id": "DM01070", "width_min_m": 1.5, "width_max_m": 8.92, "verdict": "needs_cv", "unknown_reason": null, "cctv_dist_m": 22.4, "cv_feasible": true, "width_verified": false, "midpoint_fallback": false, "inherited": true, "route_usage": 6, "length_m": 0.4, "run_length_m": 62.4, "nfa_designated": false }, "geometry": { "type": "LineString", "coordinates": [ [ 126.928155504559399, 35.149634470482972 ], [ 126.928155846182761, 35.14963782956081 ] ] } },
{ "type": "Feature", "properties": { "seg_id": "DM01071", "width_min_m": 1.5, "width_max_m": null, "verdict": "unknown", "unknown_reason": "width", "cctv_dist_m": 22.2, "cv_feasible": true, "width_verified": false, "midpoint_fallback": true, "inherited": false, "route_usage": 4, "length_m": 23.8, "run_length_m": null, "nfa_designated": false }, "geometry": { "type": "LineString", "coordinates": [ [ 126.928155846182761, 35.14963782956081 ], [ 126.928157227753374, 35.149651414118466 ], [ 126.928156823745724, 35.14976222720103 ], [ 126.928154287638748, 35.149851358161975 ], [ 126.928154268219728, 35.149852514699248 ] ] } },
{ "type": "Feature", "properties": { "seg_id": "DM01081", "width_min_m": 8.03, "width_max_m": 10.08, "verdict": "clear", "unknown_reason": null, "cctv_dist_m": 18.2, "cv_feasible": true, "width_verified": false, "midpoint_fallback": false, "inherited": false, "route_usage": 0, "length_m": 35.8, "run_length_m": null, "nfa_designated": false }, "geometry": { "type": "LineString", "coordinates": [ [ 126.922678440551067, 35.154456890373943 ], [ 126.922708879092255, 35.154759242559983 ], [ 126.922710856497133, 35.154778907913986 ] ] } },
{ "type": "Feature", "properties": { "seg_id": "DM01082", "width_min_m": 29.9, "width_max_m": 32.77, "verdict": "clear", "unknown_reason": null, "cctv_dist_m": 54.0, "cv_feasible": false, "width_verified": false, "midpoint_fallback": true, "inherited": false, "route_usage": 39, "length_m": 9.9, "run_length_m": null, "nfa_designated": false }, "geometry": { "type": "LineString", "coordinates": [ [ 126.92257049544699, 35.154463940870727 ], [ 126.922678440551067, 35.154456890373943 ] ] } },
{ "type": "Feature", "properties": { "seg_id": "DM01083", "width_min_m": 13.73, "width_max_m": 16.64, "verdict": "clear", "unknown_reason": null, "cctv_dist_m": 54.0, "cv_feasible": false, "width_verified": false, "midpoint_fallback": false, "inherited": false, "route_usage": 39, "length_m": 33.6, "run_length_m": null, "nfa_designated": false }, "geometry": { "type": "LineString", "coordinates": [ [ 126.922678440551067, 35.154456890373943 ], [ 126.92271785395063, 35.154454320082088 ], [ 126.92290736214224, 35.1544269787613 ], [ 126.923013694783009, 35.154407524279073 ], [ 126.923024155707196, 35.154405611162993 ], [ 126.92304116023314, 35.154402497415788 ] ] } },
{ "type": "Feature", "properties": { "seg_id": "DM01084", "width_min_m": 8.24, "width_max_m": null, "verdict": "clear", "unknown_reason": null, "cctv_dist_m": 14.7, "cv_feasible": true, "width_verified": false, "midpoint_fallback": true, "inherited": false, "route_usage": 0, "length_m": 3.5, "run_length_m": null, "nfa_designated": false }, "geometry": { "type": "LineString", "coordinates": [ [ 126.922710856497133, 35.154778907913986 ], [ 126.922713868803612, 35.154808865378534 ], [ 126.922713996951359, 35.154810131382909 ] ] } },
{ "type": "Feature", "properties": { "seg_id": "DM01085", "width_min_m": 1.2, "width_max_m": 2.91, "verdict": "needs_cv", "unknown_reason": null, "cctv_dist_m": 18.2, "cv_feasible": true, "width_verified": false, "midpoint_fallback": false, "inherited": false, "route_usage": 0, "length_m": 61.1, "run_length_m": 61.1, "nfa_designated": false }, "geometry": { "type": "LineString", "coordinates": [ [ 126.92304116023314, 35.154402497415788 ], [ 126.923061189192069, 35.154453045419096 ], [ 126.923097140425867, 35.154543777032785 ], [ 126.922963470123904, 35.154589456088232 ], [ 126.922904099071914, 35.154616904538067 ], [ 126.922875673470656, 35.154643677231277 ], [ 126.922710856497133, 35.154778907913986 ] ] } },
{ "type": "Feature", "properties": { "seg_id": "DM01086", "width_min_m": 8.43, "width_max_m": 37.65, "verdict": "clear", "unknown_reason": null, "cctv_dist_m": 1.1, "cv_feasible": true, "width_verified": false, "midpoint_fallback": false, "inherited": false, "route_usage": 0, "length_m": 17.6, "run_length_m": null, "nfa_designated": false }, "geometry": { "type": "LineString", "coordinates": [ [ 126.922713996951359, 35.154810131382909 ], [ 126.92271437976504, 35.154813913296877 ], [ 126.922727574581458, 35.154876442492295 ], [ 126.922746546027, 35.154966346507408 ] ] } },
{ "type": "Feature", "properties": { "seg_id": "DM01087", "width_min_m": 1.5, "width_max_m": 2.29, "verdict": "blocked", "unknown_reason": null, "cctv_dist_m": 14.7, "cv_feasible": true, "width_verified": false, "midpoint_fallback": false, "inherited": false, "route_usage": 0, "length_m": 49.5, "run_length_m": 51.4, "nfa_designated": false }, "geometry": { "type": "LineString", "coordinates": [ [ 126.922713996951359, 35.154810131382909 ], [ 126.922668868727456, 35.154810335598903 ], [ 126.922627230929663, 35.154810524106779 ], [ 126.922526396444084, 35.154817783220956 ], [ 126.92246567452689, 35.154819726728583 ], [ 126.92242358120329, 35.154823097610127 ], [ 126.922349954871976, 35.1548414988129 ], [ 126.922303028334326, 35.154848831254334 ], [ 126.922261972091405, 35.154850220736989 ], [ 126.922175210655681, 35.154850165039434 ] ] } },
{ "type": "Feature", "properties": { "seg_id": "DM01088", "width_min_m": 2.2, "width_max_m": 13.6, "verdict": "needs_cv", "unknown_reason": null, "cctv_dist_m": 12.9, "cv_feasible": true, "width_verified": false, "midpoint_fallback": false, "inherited": false, "route_usage": 0, "length_m": 24.5, "run_length_m": 24.5, "nfa_designated": false }, "geometry": { "type": "LineString", "coordinates": [ [ 126.922713998682042, 35.154810131264746 ], [ 126.922764938160839, 35.154829006411639 ], [ 126.92283208204266, 35.154849050723108 ], [ 126.922876542724296, 35.154883279521918 ], [ 126.92291614651451, 35.154900505488733 ], [ 126.922950181606296, 35.15490893693373 ] ] } },
{ "type": "Feature", "properties": { "seg_id": "DM01089", "width_min_m": 1.5, "width_max_m": 3.05, "verdict": "needs_cv", "unknown_reason": null, "cctv_dist_m": 3.1, "cv_feasible": true, "width_verified": false, "midpoint_fallback": false, "inherited": true, "route_usage": 0, "length_m": 0.3, "run_length_m": 62.4, "nfa_designated": false }, "geometry": { "type": "LineString", "coordinates": [ [ 126.922746546027, 35.154966346507408 ], [ 126.922746969048717, 35.154968351167916 ], [ 126.922747089501485, 35.154969245791854 ] ] } },
{ "type": "Feature", "properties": { "seg_id": "DM01090", "width_min_m": 6.82, "width_max_m": 24.34, "verdict": "clear", "unknown_reason": null, "cctv_dist_m": 3.1, "cv_feasible": true, "width_verified": false, "midpoint_fallback": false, "inherited": false, "route_usage": 0, "length_m": 19.6, "run_length_m": null, "nfa_designated": false }, "geometry": { "type": "LineString", "coordinates": [ [ 126.922746546027, 35.154966346507408 ], [ 126.922950181606296, 35.15490893693373 ] ] } },
{ "type": "Feature", "properties": { "seg_id": "DM01091", "width_min_m": 6.73, "width_max_m": 15.66, "verdict": "clear", "unknown_reason": null, "cctv_dist_m": 3.4, "cv_feasible": true, "width_verified": false, "midpoint_fallback": false, "inherited": false, "route_usage": 0, "length_m": 59.8, "run_length_m": null, "nfa_designated": false }, "geometry": { "type": "LineString", "coordinates": [ [ 126.922747089501485, 35.154969245791854 ], [ 126.922793827414139, 35.155316375022792 ], [ 126.922799164123248, 35.155449665615869 ], [ 126.922783889194264, 35.155504441168631 ] ] } },
{ "type": "Feature", "properties": { "seg_id": "DM01092", "width_min_m": 1.5, "width_max_m": 3.05, "verdict": "needs_cv", "unknown_reason": null, "cctv_dist_m": 2.8, "cv_feasible": true, "width_verified": false, "midpoint_fallback": false, "inherited": false, "route_usage": 0, "length_m": 62.1, "run_length_m": 62.4, "nfa_designated": false }, "geometry": { "type": "LineString", "coordinates": [ [ 126.922747089501485, 35.154969245791854 ], [ 126.922680493446805, 35.154962696835383 ], [ 126.922623031270945, 35.154957046060673 ], [ 126.922543195884742, 35.154949393794901 ], [ 126.922525384207262, 35.154981387281602 ], [ 126.922460235077722, 35.155108147602142 ], [ 126.922421717478045, 35.155193133878619 ], [ 126.922532851328057, 35.155232111074788 ], [ 126.92252556248863, 35.155259580048927 ] ] } },
{ "type": "Feature", "properties": { "seg_id": "DM01095", "width_min_m": 13.01, "width_max_m": 14.4, "verdict": "clear", "unknown_reason": null, "cctv_dist_m": 42.9, "cv_feasible": false, "width_verified": false, "midpoint_fallback": false, "inherited": false, "route_usage": 39, "length_m": 101.8, "run_length_m": null, "nfa_designated": false }, "geometry": { "type": "LineString", "coordinates": [ [ 126.923274308505725, 35.154341367467403 ], [ 126.923407187565587, 35.154305762963297 ], [ 126.923642702777613, 35.154231408400619 ], [ 126.924019934720377, 35.154077437192825 ], [ 126.924285950833706, 35.153956646510345 ] ] } },
{ "type": "Feature", "properties": { "seg_id": "DM01110", "width_min_m": 6.47, "width_max_m": 9.86, "verdict": "clear", "unknown_reason": null, "cctv_dist_m": 4.7, "cv_feasible": true, "width_verified": false, "midpoint_fallback": false, "inherited": false, "route_usage": 1, "length_m": 93.1, "run_length_m": null, "nfa_designated": false }, "geometry": { "type": "LineString", "coordinates": [ [ 126.923297839502297, 35.148869159619657 ], [ 126.923543608374118, 35.148981798002531 ], [ 126.924189366005763, 35.149279658683625 ] ] } },
{ "type": "Feature", "properties": { "seg_id": "DM01113", "width_min_m": 6.42, "width_max_m": null, "verdict": "clear", "unknown_reason": null, "cctv_dist_m": 86.1, "cv_feasible": false, "width_verified": false, "midpoint_fallback": true, "inherited": false, "route_usage": 2, "length_m": 19.6, "run_length_m": null, "nfa_designated": false }, "geometry": { "type": "LineString", "coordinates": [ [ 126.924189366005763, 35.149279658683625 ], [ 126.924376526799051, 35.149365983484728 ] ] } },
{ "type": "Feature", "properties": { "seg_id": "DM01114", "width_min_m": 7.02, "width_max_m": 10.72, "verdict": "clear", "unknown_reason": null, "cctv_dist_m": 63.3, "cv_feasible": false, "width_verified": false, "midpoint_fallback": false, "inherited": false, "route_usage": 3, "length_m": 31.2, "run_length_m": null, "nfa_designated": false }, "geometry": { "type": "LineString", "coordinates": [ [ 126.924436633416875, 35.149085555894757 ], [ 126.924189366005763, 35.149279658683625 ] ] } },
{ "type": "Feature", "properties": { "seg_id": "DM01115", "width_min_m": 9.03, "width_max_m": 13.93, "verdict": "clear", "unknown_reason": null, "cctv_dist_m": 61.2, "cv_feasible": false, "width_verified": false, "midpoint_fallback": false, "inherited": false, "route_usage": 11, "length_m": 90.7, "run_length_m": null, "nfa_designated": false }, "geometry": { "type": "LineString", "coordinates": [ [ 126.923632626848814, 35.149901858320312 ], [ 126.923666211722178, 35.149881826152303 ], [ 126.923918923376206, 35.149747767223644 ], [ 126.923942771519904, 35.149735109418046 ], [ 126.924376526799051, 35.149365983484728 ] ] } },
{ "type": "Feature", "properties": { "seg_id": "DM01116", "width_min_m": 6.42, "width_max_m": 13.93, "verdict": "clear", "unknown_reason": null, "cctv_dist_m": 84.9, "cv_feasible": false, "width_verified": false, "midpoint_fallback": false, "inherited": true, "route_usage": 13, "length_m": 1.2, "run_length_m": null, "nfa_designated": false }, "geometry": { "type": "LineString", "coordinates": [ [ 126.924376526799051, 35.149365983484728 ], [ 126.924385488963182, 35.149358354701874 ] ] } },
{ "type": "Feature", "properties": { "seg_id": "DM01121", "width_min_m": 1.35, "width_max_m": 5.21, "verdict": "unknown", "unknown_reason": "no_cctv", "cctv_dist_m": 43.8, "cv_feasible": false, "width_verified": false, "midpoint_fallback": false, "inherited": false, "route_usage": 0, "length_m": 76.6, "run_length_m": null, "nfa_designated": false }, "geometry": { "type": "LineString", "coordinates": [ [ 126.922920327240305, 35.149056966678387 ], [ 126.922952549191422, 35.149087829925811 ], [ 126.922963242010269, 35.149098071853203 ], [ 126.923039982356684, 35.149175192587812 ], [ 126.923088773273264, 35.149221423120295 ], [ 126.923155424487234, 35.149279427860989 ], [ 126.923195948598334, 35.149311947898305 ], [ 126.923227196352641, 35.149336304668132 ], [ 126.923228550543826, 35.149337481811031 ], [ 126.923300183304391, 35.149396481176858 ], [ 126.92338095101826, 35.149468240564644 ], [ 126.923395644472365, 35.149486597119257 ], [ 126.923483258249973, 35.149568606686856 ] ] } },
{ "type": "Feature", "properties": { "seg_id": "DM01124", "width_min_m": 7.63, "width_max_m": 21.46, "verdict": "clear", "unknown_reason": null, "cctv_dist_m": 49.0, "cv_feasible": false, "width_verified": false, "midpoint_fallback": false, "inherited": false, "route_usage": 47, "length_m": 33.6, "run_length_m": null, "nfa_designated": false }, "geometry": { "type": "LineString", "coordinates": [ [ 126.923734265526875, 35.14855173941357 ], [ 126.924008385993602, 35.14834948615912 ] ] } },
{ "type": "Feature", "properties": { "seg_id": "DM01126", "width_min_m": 8.16, "width_max_m": null, "verdict": "clear", "unknown_reason": null, "cctv_dist_m": 82.6, "cv_feasible": false, "width_verified": false, "midpoint_fallback": true, "inherited": false, "route_usage": 47, "length_m": 42.0, "run_length_m": null, "nfa_designated": false }, "geometry": { "type": "LineString", "coordinates": [ [ 126.924008385993602, 35.14834948615912 ], [ 126.924013741274834, 35.148345534876249 ], [ 126.924014905347747, 35.148344670318515 ], [ 126.92433490648132, 35.148127287064 ], [ 126.924340910890109, 35.148125596335177 ], [ 126.924371791044706, 35.14812651733186 ], [ 126.924371912278602, 35.148126520795969 ] ] } },
{ "type": "Feature", "properties": { "seg_id": "DM01127", "width_min_m": 1.92, "width_max_m": 3.8, "verdict": "unknown", "unknown_reason": "no_cctv", "cctv_dist_m": 82.6, "cv_feasible": false, "width_verified": false, "midpoint_fallback": false, "inherited": false, "route_usage": 0, "length_m": 18.7, "run_length_m": null, "nfa_designated": false }, "geometry": { "type": "LineString", "coordinates": [ [ 126.924008385993602, 35.14834948615912 ], [ 126.924070293420556, 35.14840205812942 ], [ 126.924151322137845, 35.148470868100041 ] ] } },
{ "type": "Feature", "properties": { "seg_id": "DM01128", "width_min_m": 6.45, "width_max_m": 9.92, "verdict": "clear", "unknown_reason": null, "cctv_dist_m": 99.0, "cv_feasible": false, "width_verified": false, "midpoint_fallback": false, "inherited": true, "route_usage": 47, "length_m": 0.3, "run_length_m": null, "nfa_designated": false }, "geometry": { "type": "LineString", "coordinates": [ [ 126.924371912278602, 35.148126520795969 ], [ 126.924375017333347, 35.148126609519096 ], [ 126.924375077443017, 35.148126611308825 ] ] } },
{ "type": "Feature", "properties": { "seg_id": "DM01129", "width_min_m": 11.01, "width_max_m": null, "verdict": "clear", "unknown_reason": null, "cctv_dist_m": 9.5, "cv_feasible": true, "width_verified": false, "midpoint_fallback": true, "inherited": false, "route_usage": 0, "length_m": 129.5, "run_length_m": null, "nfa_designated": false }, "geometry": { "type": "LineString", "coordinates": [ [ 126.923480411386294, 35.147217443677803 ], [ 126.923958599628008, 35.147693693248172 ], [ 126.924281842103483, 35.148027680524372 ], [ 126.924371912278602, 35.148126520795969 ] ] } },
{ "type": "Feature", "properties": { "seg_id": "DM01130", "width_min_m": 6.45, "width_max_m": 9.92, "verdict": "clear", "unknown_reason": null, "cctv_dist_m": 99.1, "cv_feasible": false, "width_verified": false, "midpoint_fallback": false, "inherited": true, "route_usage": 0, "length_m": 0.2, "run_length_m": null, "nfa_designated": false }, "geometry": { "type": "LineString", "coordinates": [ [ 126.924371912278602, 35.148126520795969 ], [ 126.924373143376158, 35.148127871762888 ] ] } },
{ "type": "Feature", "properties": { "seg_id": "DM01131", "width_min_m": 6.45, "width_max_m": 9.92, "verdict": "clear", "unknown_reason": null, "cctv_dist_m": 16.9, "cv_feasible": true, "width_verified": false, "midpoint_fallback": false, "inherited": false, "route_usage": 46, "length_m": 195.7, "run_length_m": null, "nfa_designated": false }, "geometry": { "type": "LineString", "coordinates": [ [ 126.924375077443017, 35.148126611308825 ], [ 126.924456991312027, 35.148129050210095 ], [ 126.924895138491024, 35.148085810278523 ], [ 126.925000962742573, 35.148049119783202 ], [ 126.925716276198912, 35.147738321673941 ], [ 126.926225745488452, 35.147522872372512 ], [ 126.926338809926975, 35.147475666375193 ] ] } },
{ "type": "Feature", "properties": { "seg_id": "DM01132", "width_min_m": 6.45, "width_max_m": 9.92, "verdict": "clear", "unknown_reason": null, "cctv_dist_m": 98.9, "cv_feasible": false, "width_verified": false, "midpoint_fallback": false, "inherited": true, "route_usage": 0, "length_m": 0.2, "run_length_m": null, "nfa_designated": false }, "geometry": { "type": "LineString", "coordinates": [ [ 126.924373755137907, 35.148125269382525 ], [ 126.924375077443017, 35.148126611308825 ] ] } },
{ "type": "Feature", "properties": { "seg_id": "DM01133", "width_min_m": 8.17, "width_max_m": 9.97, "verdict": "clear", "unknown_reason": null, "cctv_dist_m": 64.7, "cv_feasible": false, "width_verified": false, "midpoint_fallback": false, "inherited": false, "route_usage": 1, "length_m": 34.9, "run_length_m": null, "nfa_designated": false }, "geometry": { "type": "LineString", "coordinates": [ [ 126.924375077443017, 35.148126611308825 ], [ 126.92461574541413, 35.148370849480976 ] ] } },
{ "type": "Feature", "properties": { "seg_id": "DM01134", "width_min_m": 3.22, "width_max_m": 5.71, "verdict": "needs_cv", "unknown_reason": null, "cctv_dist_m": 3.7, "cv_feasible": true, "width_verified": false, "midpoint_fallback": false, "inherited": false, "route_usage": 0, "length_m": 176.0, "run_length_m": 176.0, "nfa_designated": true }, "geometry": { "type": "LineString", "coordinates": [ [ 126.926338809926975, 35.147475666375193 ], [ 126.926382296845148, 35.148267858852989 ], [ 126.92638348487128, 35.148288689919347 ], [ 126.926418576720081, 35.148902210369258 ], [ 126.926418530717072, 35.148952343740262 ], [ 126.926379960140636, 35.149055939698471 ] ] } },
{ "type": "Feature", "properties": { "seg_id": "DM01135", "width_min_m": 7.21, "width_max_m": 9.98, "verdict": "clear", "unknown_reason": null, "cctv_dist_m": 68.8, "cv_feasible": false, "width_verified": false, "midpoint_fallback": false, "inherited": false, "route_usage": 37, "length_m": 19.3, "run_length_m": null, "nfa_designated": false }, "geometry": { "type": "LineString", "coordinates": [ [ 126.927160931087826, 35.147131386388097 ], [ 126.927349074600343, 35.147051659447321 ] ] } },
{ "type": "Feature", "properties": { "seg_id": "DM01136", "width_min_m": 1.61, "width_max_m": 2.85, "verdict": "unknown", "unknown_reason": "no_cctv", "cctv_dist_m": 68.3, "cv_feasible": false, "width_verified": false, "midpoint_fallback": false, "inherited": false, "route_usage": 2, "length_m": 38.2, "run_length_m": null, "nfa_designated": false }, "geometry": { "type": "LineString", "coordinates": [ [ 126.927160931087826, 35.147131386388097 ], [ 126.92696145977105, 35.146828156003373 ] ] } },
{ "type": "Feature", "properties": { "seg_id": "DM01137", "width_min_m": 1.52, "width_max_m": 9.98, "verdict": "unknown", "unknown_reason": "no_cctv", "cctv_dist_m": 88.0, "cv_feasible": false, "width_verified": false, "midpoint_fallback": false, "inherited": true, "route_usage": 37, "length_m": 0.8, "run_length_m": null, "nfa_designated": false }, "geometry": { "type": "LineString", "coordinates": [ [ 126.927349074600343, 35.147051659447321 ], [ 126.927356836140163, 35.147048374242928 ] ] } },
{ "type": "Feature", "properties": { "seg_id": "DM01138", "width_min_m": 2.13, "width_max_m": null, "verdict": "unknown", "unknown_reason": "width", "cctv_dist_m": 86.9, "cv_feasible": false, "width_verified": false, "midpoint_fallback": true, "inherited": false, "route_usage": 2, "length_m": 59.5, "run_length_m": null, "nfa_designated": false }, "geometry": { "type": "LineString", "coordinates": [ [ 126.927349074600343, 35.147051659447321 ], [ 126.927623917693765, 35.147500071433541 ], [ 126.9276329413306, 35.147533192742763 ] ] } },
{ "type": "Feature", "properties": { "seg_id": "DM01139", "width_min_m": 7.37, "width_max_m": null, "verdict": "clear", "unknown_reason": null, "cctv_dist_m": 78.1, "cv_feasible": false, "width_verified": false, "midpoint_fallback": true, "inherited": false, "route_usage": 39, "length_m": 25.5, "run_length_m": null, "nfa_designated": false }, "geometry": { "type": "LineString", "coordinates": [ [ 126.927356836140163, 35.147048374242928 ], [ 126.92760425818831, 35.14694127427132 ] ] } },
{ "type": "Feature", "properties": { "seg_id": "DM01140", "width_min_m": 1.52, "width_max_m": null, "verdict": "unknown", "unknown_reason": "width", "cctv_dist_m": 88.8, "cv_feasible": false, "width_verified": false, "midpoint_fallback": true, "inherited": false, "route_usage": 2, "length_m": 79.9, "run_length_m": null, "nfa_designated": false }, "geometry": { "type": "LineString", "coordinates": [ [ 126.927356836140163, 35.147048374242928 ], [ 126.927340579684426, 35.147016546441144 ], [ 126.927163526488414, 35.146738712271031 ], [ 126.926956509727262, 35.146407508280639 ] ] } },
{ "type": "Feature", "properties": { "seg_id": "DM01141", "width_min_m": 8.01, "width_max_m": 8.95, "verdict": "clear", "unknown_reason": null, "cctv_dist_m": 36.9, "cv_feasible": false, "width_verified": false, "midpoint_fallback": false, "inherited": false, "route_usage": 13, "length_m": 41.5, "run_length_m": null, "nfa_designated": false }, "geometry": { "type": "LineString", "coordinates": [ [ 126.92760425818831, 35.14694127427132 ], [ 126.927789791536014, 35.146857057809072 ], [ 126.92800246787003, 35.146760520159987 ] ] } },
{ "type": "Feature", "properties": { "seg_id": "DM01142", "width_min_m": null, "width_max_m": null, "verdict": "unknown", "unknown_reason": "width", "cctv_dist_m": 78.1, "cv_feasible": false, "width_verified": false, "midpoint_fallback": true, "inherited": false, "route_usage": 24, "length_m": 112.8, "run_length_m": null, "nfa_designated": false }, "geometry": { "type": "LineString", "coordinates": [ [ 126.928202037053651, 35.147831994922164 ], [ 126.927755215005931, 35.14716620799642 ], [ 126.927605435732488, 35.146943031253173 ], [ 126.92760425818831, 35.14694127427132 ] ] } },
{ "type": "Feature", "properties": { "seg_id": "DM01143", "width_min_m": null, "width_max_m": null, "verdict": "unknown", "unknown_reason": "width", "cctv_dist_m": 77.9, "cv_feasible": false, "width_verified": false, "midpoint_fallback": true, "inherited": false, "route_usage": 2, "length_m": 125.1, "run_length_m": null, "nfa_designated": false }, "geometry": { "type": "LineString", "coordinates": [ [ 126.92760425818831, 35.14694127427132 ], [ 126.927600854811615, 35.14693619618442 ], [ 126.927560349784414, 35.146875843747289 ], [ 126.927161234532718, 35.146241694160295 ], [ 126.927155766226534, 35.146233299184111 ], [ 126.926966491123963, 35.145942802160576 ] ] } },
{ "type": "Feature", "properties": { "seg_id": "DM01183", "width_min_m": 2.44, "width_max_m": null, "verdict": "unknown", "unknown_reason": "width", "cctv_dist_m": 12.5, "cv_feasible": true, "width_verified": false, "midpoint_fallback": true, "inherited": false, "route_usage": 0, "length_m": 142.0, "run_length_m": null, "nfa_designated": false }, "geometry": { "type": "LineString", "coordinates": [ [ 126.926956509727262, 35.146407508280639 ], [ 126.926956509650424, 35.146407508157715 ], [ 126.926945913387371, 35.146390565165909 ], [ 126.926728289907231, 35.146055802781945 ], [ 126.926459803536673, 35.145650729798042 ], [ 126.926228375687415, 35.145275512336113 ] ] } },
{ "type": "Feature", "properties": { "seg_id": "DM01185", "width_min_m": 1.65, "width_max_m": 4.31, "verdict": "unknown", "unknown_reason": "no_cctv", "cctv_dist_m": 101.7, "cv_feasible": false, "width_verified": false, "midpoint_fallback": false, "inherited": false, "route_usage": 2, "length_m": 14.7, "run_length_m": null, "nfa_designated": false }, "geometry": { "type": "LineString", "coordinates": [ [ 126.926838348369884, 35.14649829665963 ], [ 126.926873394775967, 35.146472102848016 ], [ 126.926956509727262, 35.146407508280639 ] ] } },
{ "type": "Feature", "properties": { "seg_id": "DM01201", "width_min_m": 3.96, "width_max_m": 14.33, "verdict": "needs_cv", "unknown_reason": null, "cctv_dist_m": 15.9, "cv_feasible": true, "width_verified": false, "midpoint_fallback": false, "inherited": false, "route_usage": 10, "length_m": 32.2, "run_length_m": 138.1, "nfa_designated": true }, "geometry": { "type": "LineString", "coordinates": [ [ 126.926857531727933, 35.147772316442449 ], [ 126.927172617785047, 35.14783270247564 ], [ 126.927201540287967, 35.147838245506826 ] ] } },
{ "type": "Feature", "properties": { "seg_id": "DM01202", "width_min_m": 2.36, "width_max_m": 2.85, "verdict": "needs_cv", "unknown_reason": null, "cctv_dist_m": 15.9, "cv_feasible": true, "width_verified": false, "midpoint_fallback": false, "inherited": false, "route_usage": 0, "length_m": 105.9, "run_length_m": 138.1, "nfa_designated": true }, "geometry": { "type": "LineString", "coordinates": [ [ 126.926857531727933, 35.147772316442449 ], [ 126.926982724591028, 35.147385324189258 ], [ 126.9276329413306, 35.147533192742763 ] ] } },
{ "type": "Feature", "properties": { "seg_id": "DM01203", "width_min_m": 3.97, "width_max_m": 13.66, "verdict": "unknown", "unknown_reason": "no_cctv", "cctv_dist_m": 48.0, "cv_feasible": false, "width_verified": false, "midpoint_fallback": false, "inherited": false, "route_usage": 6, "length_m": 29.7, "run_length_m": null, "nfa_designated": false }, "geometry": { "type": "LineString", "coordinates": [ [ 126.927201540287967, 35.147838245506826 ], [ 126.927495746886763, 35.147894624901802 ], [ 126.927518963923944, 35.147899073735459 ] ] } },
{ "type": "Feature", "properties": { "seg_id": "DM01204", "width_min_m": 2.1, "width_max_m": 3.14, "verdict": "unknown", "unknown_reason": "no_cctv", "cctv_dist_m": 48.0, "cv_feasible": false, "width_verified": false, "midpoint_fallback": false, "inherited": false, "route_usage": 2, "length_m": 42.4, "run_length_m": null, "nfa_designated": false }, "geometry": { "type": "LineString", "coordinates": [ [ 126.927201540287967, 35.147838245506826 ], [ 126.927318562856428, 35.147467913974417 ] ] } },
{ "type": "Feature", "properties": { "seg_id": "DM01205", "width_min_m": 2.72, "width_max_m": null, "verdict": "unknown", "unknown_reason": "width", "cctv_dist_m": 77.7, "cv_feasible": false, "width_verified": false, "midpoint_fallback": true, "inherited": false, "route_usage": 2, "length_m": 34.7, "run_length_m": null, "nfa_designated": false }, "geometry": { "type": "LineString", "coordinates": [ [ 126.927518963923944, 35.147899073735459 ], [ 126.927543888141244, 35.14790511380123 ], [ 126.927681455967743, 35.147938451498909 ], [ 126.927714324791438, 35.147931451288635 ], [ 126.927881670440527, 35.147881979597528 ] ] } },
{ "type": "Feature", "properties": { "seg_id": "DM01206", "width_min_m": 2.22, "width_max_m": 2.91, "verdict": "unknown", "unknown_reason": "no_cctv", "cctv_dist_m": 77.7, "cv_feasible": false, "width_verified": false, "midpoint_fallback": false, "inherited": false, "route_usage": 2, "length_m": 41.4, "run_length_m": null, "nfa_designated": false }, "geometry": { "type": "LineString", "coordinates": [ [ 126.927518963923944, 35.147899073735459 ], [ 126.927634681889401, 35.14753796197509 ] ] } },
{ "type": "Feature", "properties": { "seg_id": "DM01207", "width_min_m": 2.9, "width_max_m": 3.79, "verdict": "unknown", "unknown_reason": "no_cctv", "cctv_dist_m": 73.6, "cv_feasible": false, "width_verified": false, "midpoint_fallback": false, "inherited": false, "route_usage": 7, "length_m": 54.7, "run_length_m": null, "nfa_designated": false }, "geometry": { "type": "LineString", "coordinates": [ [ 126.929509361411675, 35.150942700172713 ], [ 126.929499947224897, 35.150869580982992 ], [ 126.929497694238307, 35.150852690721699 ], [ 126.929477355814441, 35.150768600218584 ], [ 126.929477357179152, 35.150767049888188 ], [ 126.929388068508345, 35.150718125347531 ], [ 126.929365632198525, 35.15068600572782 ], [ 126.92934239681189, 35.150614244018648 ], [ 126.929306071754425, 35.150502066751208 ] ] } },
{ "type": "Feature", "properties": { "seg_id": "DM01208", "width_min_m": 24.85, "width_max_m": 29.07, "verdict": "clear", "unknown_reason": null, "cctv_dist_m": 71.2, "cv_feasible": false, "width_verified": false, "midpoint_fallback": true, "inherited": false, "route_usage": 118, "length_m": 4.7, "run_length_m": null, "nfa_designated": false }, "geometry": { "type": "LineString", "coordinates": [ [ 126.929457500715444, 35.150945785875443 ], [ 126.929509361411675, 35.150942700172713 ] ] } },
{ "type": "Feature", "properties": { "seg_id": "DM01209", "width_min_m": 18.35, "width_max_m": 21.69, "verdict": "clear", "unknown_reason": null, "cctv_dist_m": 73.6, "cv_feasible": false, "width_verified": false, "midpoint_fallback": false, "inherited": false, "route_usage": 121, "length_m": 75.1, "run_length_m": null, "nfa_designated": false }, "geometry": { "type": "LineString", "coordinates": [ [ 126.929509361411675, 35.150942700172713 ], [ 126.929509697910476, 35.150942680151026 ], [ 126.930331781288757, 35.150893734970978 ] ] } },
{ "type": "Feature", "properties": { "seg_id": "DM01210", "width_min_m": 3.4, "width_max_m": 6.28, "verdict": "unknown", "unknown_reason": "no_cctv", "cctv_dist_m": 66.9, "cv_feasible": false, "width_verified": false, "midpoint_fallback": false, "inherited": false, "route_usage": 3, "length_m": 10.9, "run_length_m": null, "nfa_designated": false }, "geometry": { "type": "LineString", "coordinates": [ [ 126.929306071754425, 35.150502066751208 ], [ 126.929278414856043, 35.150416673901908 ], [ 126.929274066513358, 35.150407062863906 ] ] } },
{ "type": "Feature", "properties": { "seg_id": "DM01211", "width_min_m": 2.55, "width_max_m": 3.58, "verdict": "unknown", "unknown_reason": "no_cctv", "cctv_dist_m": 65.0, "cv_feasible": false, "width_verified": false, "midpoint_fallback": false, "inherited": false, "route_usage": 2, "length_m": 13.2, "run_length_m": null, "nfa_designated": false }, "geometry": { "type": "LineString", "coordinates": [ [ 126.929306071754425, 35.150502066751208 ], [ 126.929162162354245, 35.150513988249728 ] ] } },
{ "type": "Feature", "properties": { "seg_id": "DM01212", "width_min_m": 4.09, "width_max_m": 7.02, "verdict": "unknown", "unknown_reason": "no_cctv", "cctv_dist_m": 63.3, "cv_feasible": false, "width_verified": false, "midpoint_fallback": true, "inherited": false, "route_usage": 3, "length_m": 5.1, "run_length_m": null, "nfa_designated": false }, "geometry": { "type": "LineString", "coordinates": [ [ 126.929274066513358, 35.150407062863906 ], [ 126.929254537290845, 35.150363930389751 ] ] } },
{ "type": "Feature", "properties": { "seg_id": "DM01213", "width_min_m": 1.92, "width_max_m": 3.83, "verdict": "unknown", "unknown_reason": "no_cctv", "cctv_dist_m": 66.9, "cv_feasible": false, "width_verified": false, "midpoint_fallback": false, "inherited": false, "route_usage": 2, "length_m": 21.3, "run_length_m": null, "nfa_designated": false }, "geometry": { "type": "LineString", "coordinates": [ [ 126.929274066513358, 35.150407062863906 ], [ 126.92950103460673, 35.150361598234554 ] ] } },
{ "type": "Feature", "properties": { "seg_id": "DM01214", "width_min_m": 2.36, "width_max_m": 4.24, "verdict": "unknown", "unknown_reason": "no_cctv", "cctv_dist_m": 33.4, "cv_feasible": false, "width_verified": false, "midpoint_fallback": false, "inherited": false, "route_usage": 3, "length_m": 31.0, "run_length_m": null, "nfa_designated": false }, "geometry": { "type": "LineString", "coordinates": [ [ 126.929254537290845, 35.150363930389751 ], [ 126.929248633627154, 35.150350884260227 ], [ 126.929151806023953, 35.150289705631089 ], [ 126.929135173020526, 35.150285044714529 ], [ 126.929079291373881, 35.150272897144468 ], [ 126.928956946919186, 35.150250785892624 ] ] } },
{ "type": "Feature", "properties": { "seg_id": "DM01215", "width_min_m": 1.93, "width_max_m": 3.88, "verdict": "unknown", "unknown_reason": "no_cctv", "cctv_dist_m": 52.4, "cv_feasible": false, "width_verified": false, "midpoint_fallback": false, "inherited": false, "route_usage": 2, "length_m": 14.3, "run_length_m": null, "nfa_designated": false }, "geometry": { "type": "LineString", "coordinates": [ [ 126.929254537290845, 35.150363930389751 ], [ 126.92910113464319, 35.150392060358641 ] ] } },
{ "type": "Feature", "properties": { "seg_id": "DM01216", "width_min_m": 2.34, "width_max_m": 2.89, "verdict": "needs_cv", "unknown_reason": null, "cctv_dist_m": 12.4, "cv_feasible": true, "width_verified": false, "midpoint_fallback": false, "inherited": false, "route_usage": 7, "length_m": 21.8, "run_length_m": 42.8, "nfa_designated": false }, "geometry": { "type": "LineString", "coordinates": [ [ 126.928956946919186, 35.150250785892624 ], [ 126.928883836537537, 35.15023757334081 ], [ 126.928860816419899, 35.150232989684525 ], [ 126.928761933085724, 35.150213298902983 ], [ 126.928723684542092, 35.150205684138683 ] ] } },
{ "type": "Feature", "properties": { "seg_id": "DM01217", "width_min_m": null, "width_max_m": 4.57, "verdict": "unknown", "unknown_reason": "width", "cctv_dist_m": 33.0, "cv_feasible": false, "width_verified": false, "midpoint_fallback": true, "inherited": false, "route_usage": 2, "length_m": 13.5, "run_length_m": null, "nfa_designated": false }, "geometry": { "type": "LineString", "coordinates": [ [ 126.928956946919186, 35.150250785892624 ], [ 126.928991785498539, 35.150132575930122 ] ] } },
{ "type": "Feature", "properties": { "seg_id": "DM01218", "width_min_m": 2.51, "width_max_m": 26.01, "verdict": "needs_cv", "unknown_reason": null, "cctv_dist_m": 6.3, "cv_feasible": true, "width_verified": false, "midpoint_fallback": false, "inherited": false, "route_usage": 6, "length_m": 21.0, "run_length_m": 42.8, "nfa_designated": false }, "geometry": { "type": "LineString", "coordinates": [ [ 126.928723684542092, 35.150205684138683 ], [ 126.928716748726643, 35.150204303310815 ], [ 126.928714279933132, 35.15020381509737 ], [ 126.928496513960567, 35.150175707084067 ] ] } },
{ "type": "Feature", "properties": { "seg_id": "DM01219", "width_min_m": null, "width_max_m": 6.85, "verdict": "unknown", "unknown_reason": "width", "cctv_dist_m": 8.7, "cv_feasible": true, "width_verified": false, "midpoint_fallback": true, "inherited": false, "route_usage": 3, "length_m": 19.7, "run_length_m": null, "nfa_designated": false }, "geometry": { "type": "LineString", "coordinates": [ [ 126.928723684542092, 35.150205684138683 ], [ 126.928707200081263, 35.150070157493367 ], [ 126.928697571821758, 35.150029859841375 ] ] } },
{ "type": "Feature", "properties": { "seg_id": "DM01220", "width_min_m": 7.97, "width_max_m": null, "verdict": "clear", "unknown_reason": null, "cctv_dist_m": 12.1, "cv_feasible": true, "width_verified": false, "midpoint_fallback": true, "inherited": false, "route_usage": 14, "length_m": 70.1, "run_length_m": null, "nfa_designated": false }, "geometry": { "type": "LineString", "coordinates": [ [ 126.928298617129016, 35.15078129463798 ], [ 126.928491565339428, 35.150175927956901 ], [ 126.928496016059412, 35.150177759061343 ], [ 126.928496513960567, 35.150175707084067 ] ] } },
{ "type": "Feature", "properties": { "seg_id": "DM01221", "width_min_m": 8.96, "width_max_m": null, "verdict": "clear", "unknown_reason": null, "cctv_dist_m": 10.0, "cv_feasible": true, "width_verified": false, "midpoint_fallback": true, "inherited": false, "route_usage": 8, "length_m": 13.4, "run_length_m": null, "nfa_designated": false }, "geometry": { "type": "LineString", "coordinates": [ [ 126.928496513960567, 35.150175707084067 ], [ 126.928525224283419, 35.150057384364651 ] ] } },
{ "type": "Feature", "properties": { "seg_id": "DM01470", "width_min_m": 12.34, "width_max_m": 13.13, "verdict": "clear", "unknown_reason": null, "cctv_dist_m": 84.2, "cv_feasible": false, "width_verified": false, "midpoint_fallback": false, "inherited": false, "route_usage": 24, "length_m": 28.2, "run_length_m": null, "nfa_designated": false }, "geometry": { "type": "LineString", "coordinates": [ [ 126.929193044242339, 35.149250413235073 ], [ 126.929482881639359, 35.149166164705591 ], [ 126.929484989360219, 35.14916539980468 ] ] } },
{ "type": "Feature", "properties": { "seg_id": "DM01471", "width_min_m": null, "width_max_m": null, "verdict": "unknown", "unknown_reason": "width", "cctv_dist_m": 84.2, "cv_feasible": false, "width_verified": false, "midpoint_fallback": true, "inherited": false, "route_usage": 11, "length_m": 14.8, "run_length_m": null, "nfa_designated": false }, "geometry": { "type": "LineString", "coordinates": [ [ 126.92927375644409, 35.149365897932952 ], [ 126.929193044242339, 35.149250413235073 ] ] } },
{ "type": "Feature", "properties": { "seg_id": "DM01472", "width_min_m": null, "width_max_m": null, "verdict": "unknown", "unknown_reason": "width", "cctv_dist_m": 79.5, "cv_feasible": false, "width_verified": false, "midpoint_fallback": true, "inherited": false, "route_usage": 17, "length_m": 58.1, "run_length_m": null, "nfa_designated": false }, "geometry": { "type": "LineString", "coordinates": [ [ 126.929193044242339, 35.149250413235073 ], [ 126.929133419941351, 35.149165109436879 ], [ 126.929091067396953, 35.149106586181958 ], [ 126.929024371035752, 35.149014418789811 ], [ 126.92887027397029, 35.148801471480674 ], [ 126.928868849082733, 35.148799496658533 ] ] } },
{ "type": "Feature", "properties": { "seg_id": "DM01473", "width_min_m": 10.89, "width_max_m": 12.8, "verdict": "clear", "unknown_reason": null, "cctv_dist_m": 60.9, "cv_feasible": false, "width_verified": false, "midpoint_fallback": false, "inherited": false, "route_usage": 6, "length_m": 53.5, "run_length_m": null, "nfa_designated": false }, "geometry": { "type": "LineString", "coordinates": [ [ 126.929484989360219, 35.14916539980468 ], [ 126.929543434734853, 35.149144135458116 ], [ 126.930021513252697, 35.148970186089748 ] ] } },
{ "type": "Feature", "properties": { "seg_id": "DM01474", "width_min_m": 3.86, "width_max_m": 4.42, "verdict": "needs_cv", "unknown_reason": null, "cctv_dist_m": 15.9, "cv_feasible": true, "width_verified": false, "midpoint_fallback": false, "inherited": false, "route_usage": 18, "length_m": 90.1, "run_length_m": 131.0, "nfa_designated": true }, "geometry": { "type": "LineString", "coordinates": [ [ 126.930445366248023, 35.149273096906235 ], [ 126.930432503945141, 35.149277276081214 ], [ 126.930378374778002, 35.149294856842708 ], [ 126.930208094637862, 35.149299543076843 ], [ 126.929984100243175, 35.149273857783875 ], [ 126.929921015779229, 35.149266618741244 ], [ 126.929900671612799, 35.149264290249917 ], [ 126.92970333358781, 35.149238827482073 ], [ 126.929484989360219, 35.14916539980468 ] ] } },
{ "type": "Feature", "properties": { "seg_id": "DM01475", "width_min_m": 10.92, "width_max_m": 14.01, "verdict": "clear", "unknown_reason": null, "cctv_dist_m": 47.9, "cv_feasible": false, "width_verified": false, "midpoint_fallback": false, "inherited": false, "route_usage": 3, "length_m": 35.7, "run_length_m": null, "nfa_designated": false }, "geometry": { "type": "LineString", "coordinates": [ [ 126.930021513252697, 35.148970186089748 ], [ 126.930380124553537, 35.148839703903818 ] ] } },
{ "type": "Feature", "properties": { "seg_id": "DM01476", "width_min_m": 4.35, "width_max_m": 6.71, "verdict": "needs_cv", "unknown_reason": null, "cctv_dist_m": 7.2, "cv_feasible": true, "width_verified": false, "midpoint_fallback": false, "inherited": false, "route_usage": 3, "length_m": 86.3, "run_length_m": 86.3, "nfa_designated": false }, "geometry": { "type": "LineString", "coordinates": [ [ 126.929853014915977, 35.148206530241566 ], [ 126.929975987734835, 35.148636486400363 ], [ 126.930021513252697, 35.148970186089748 ] ] } },
{ "type": "Feature", "properties": { "seg_id": "DM01477", "width_min_m": 11.85, "width_max_m": null, "verdict": "clear", "unknown_reason": null, "cctv_dist_m": 47.9, "cv_feasible": false, "width_verified": false, "midpoint_fallback": true, "inherited": false, "route_usage": 15, "length_m": 3.1, "run_length_m": null, "nfa_designated": false }, "geometry": { "type": "LineString", "coordinates": [ [ 126.930380124553537, 35.148839703903818 ], [ 126.930394281353927, 35.148834552863811 ], [ 126.930410846602655, 35.148828523490586 ] ] } },
{ "type": "Feature", "properties": { "seg_id": "DM01478", "width_min_m": 2.0, "width_max_m": 5.29, "verdict": "needs_cv", "unknown_reason": null, "cctv_dist_m": 20.2, "cv_feasible": true, "width_verified": false, "midpoint_fallback": false, "inherited": false, "route_usage": 12, "length_m": 89.5, "run_length_m": 89.5, "nfa_designated": false }, "geometry": { "type": "LineString", "coordinates": [ [ 126.930135366786416, 35.148079220935308 ], [ 126.930141677042201, 35.148114842652866 ], [ 126.930155030486063, 35.148190211659255 ], [ 126.930185781024989, 35.148385052998186 ], [ 126.930208193382668, 35.148525637121338 ], [ 126.930225422709299, 35.148622915875563 ], [ 126.930239635883098, 35.148691359860088 ], [ 126.930292171996541, 35.148738247163394 ], [ 126.930380124553537, 35.148839703903818 ] ] } },
{ "type": "Feature", "properties": { "seg_id": "DM01479", "width_min_m": 11.36, "width_max_m": 12.26, "verdict": "clear", "unknown_reason": null, "cctv_dist_m": 47.9, "cv_feasible": false, "width_verified": false, "midpoint_fallback": false, "inherited": false, "route_usage": 0, "length_m": 32.1, "run_length_m": null, "nfa_designated": false }, "geometry": { "type": "LineString", "coordinates": [ [ 126.930410846602655, 35.148828523490586 ], [ 126.93041152721176, 35.148828280523425 ], [ 126.930688851813045, 35.148718107791943 ], [ 126.930727587008917, 35.148702719230442 ] ] } },
{ "type": "Feature", "properties": { "seg_id": "DM01480", "width_min_m": 8.04, "width_max_m": 9.45, "verdict": "clear", "unknown_reason": null, "cctv_dist_m": 21.7, "cv_feasible": true, "width_verified": false, "midpoint_fallback": false, "inherited": false, "route_usage": 15, "length_m": 26.2, "run_length_m": null, "nfa_designated": false }, "geometry": { "type": "LineString", "coordinates": [ [ 126.930518295996578, 35.149047914802303 ], [ 126.930515990366885, 35.149043206860952 ], [ 126.930410846602655, 35.148828523490586 ] ] } },
{ "type": "Feature", "properties": { "seg_id": "DM01481", "width_min_m": 11.54, "width_max_m": 12.94, "verdict": "clear", "unknown_reason": null, "cctv_dist_m": 59.2, "cv_feasible": false, "width_verified": false, "midpoint_fallback": false, "inherited": false, "route_usage": 0, "length_m": 37.9, "run_length_m": null, "nfa_designated": false }, "geometry": { "type": "LineString", "coordinates": [ [ 126.930727587008917, 35.148702719230442 ], [ 126.930747891052846, 35.148694652914955 ], [ 126.931097789515178, 35.148555651131922 ], [ 126.931102444139142, 35.148553797040627 ] ] } },
{ "type": "Feature", "properties": { "seg_id": "DM01482", "width_min_m": 1.9, "width_max_m": 6.36, "verdict": "unknown", "unknown_reason": "no_cctv", "cctv_dist_m": 55.2, "cv_feasible": false, "width_verified": false, "midpoint_fallback": false, "inherited": false, "route_usage": 0, "length_m": 24.6, "run_length_m": null, "nfa_designated": false }, "geometry": { "type": "LineString", "coordinates": [ [ 126.930727587008917, 35.148702719230442 ], [ 126.930785096405629, 35.1487358832929 ], [ 126.93080723823148, 35.148748651850873 ], [ 126.930867114195635, 35.148775161029427 ], [ 126.93095763623829, 35.148817470096184 ] ] } },
{ "type": "Feature", "properties": { "seg_id": "DM01607", "width_min_m": 5.0, "width_max_m": 6.84, "verdict": "clear", "unknown_reason": null, "cctv_dist_m": 100.7, "cv_feasible": false, "width_verified": false, "midpoint_fallback": false, "inherited": false, "route_usage": 2, "length_m": 30.0, "run_length_m": null, "nfa_designated": false }, "geometry": { "type": "LineString", "coordinates": [ [ 126.926966491123963, 35.145942802160576 ], [ 126.927222129108685, 35.145841754715605 ], [ 126.927267160251006, 35.145835355614246 ] ] } },
{ "type": "Feature", "properties": { "seg_id": "DM01608", "width_min_m": null, "width_max_m": null, "verdict": "unknown", "unknown_reason": "width", "cctv_dist_m": 71.2, "cv_feasible": false, "width_verified": false, "midpoint_fallback": true, "inherited": false, "route_usage": 0, "length_m": 32.9, "run_length_m": null, "nfa_designated": false }, "geometry": { "type": "LineString", "coordinates": [ [ 126.926966491123963, 35.145942802160576 ], [ 126.926796383575393, 35.145681718871074 ] ] } },
{ "type": "Feature", "properties": { "seg_id": "DM01609", "width_min_m": 4.8, "width_max_m": 6.59, "verdict": "clear", "unknown_reason": null, "cctv_dist_m": 116.1, "cv_feasible": false, "width_verified": false, "midpoint_fallback": false, "inherited": false, "route_usage": 0, "length_m": 88.7, "run_length_m": null, "nfa_designated": false }, "geometry": { "type": "LineString", "coordinates": [ [ 126.927267160251006, 35.145835355614246 ], [ 126.927295179863449, 35.145831379751542 ], [ 126.927754783773722, 35.145623311587627 ], [ 126.927755014319388, 35.14562320356503 ], [ 126.928122958111288, 35.145456633940711 ] ] } },
{ "type": "Feature", "properties": { "seg_id": "DM01610", "width_min_m": 2.0, "width_max_m": 6.0, "verdict": "unknown", "unknown_reason": "no_cctv", "cctv_dist_m": 93.6, "cv_feasible": false, "width_verified": false, "midpoint_fallback": false, "inherited": false, "route_usage": 0, "length_m": 23.7, "run_length_m": null, "nfa_designated": false }, "geometry": { "type": "LineString", "coordinates": [ [ 126.927052303536783, 35.145716362102789 ], [ 126.927112481443487, 35.145742817770802 ], [ 126.927130556715127, 35.145753230504013 ], [ 126.927228501078091, 35.145809652313588 ], [ 126.927267160251006, 35.145835355614246 ] ] } },
{ "type": "Feature", "properties": { "seg_id": "DM01611", "width_min_m": 3.14, "width_max_m": 5.96, "verdict": "unknown", "unknown_reason": "no_cctv", "cctv_dist_m": 106.5, "cv_feasible": false, "width_verified": false, "midpoint_fallback": false, "inherited": false, "route_usage": 2, "length_m": 19.0, "run_length_m": null, "nfa_designated": false }, "geometry": { "type": "LineString", "coordinates": [ [ 126.927267160251006, 35.145835355614246 ], [ 126.927369878596579, 35.145903669117089 ], [ 126.927421140056381, 35.145948858374325 ], [ 126.927422224592149, 35.145949814336909 ] ] } },
{ "type": "Feature", "properties": { "seg_id": "DM01679", "width_min_m": 8.47, "width_max_m": 9.31, "verdict": "clear", "unknown_reason": null, "cctv_dist_m": 7.1, "cv_feasible": true, "width_verified": false, "midpoint_fallback": false, "inherited": false, "route_usage": 13, "length_m": 31.7, "run_length_m": null, "nfa_designated": false }, "geometry": { "type": "LineString", "coordinates": [ [ 126.92800246787003, 35.146760520159987 ], [ 126.928307221852691, 35.146622185743027 ] ] } },
{ "type": "Feature", "properties": { "seg_id": "DM01680", "width_min_m": 1.3, "width_max_m": 3.45, "verdict": "unknown", "unknown_reason": "no_cctv", "cctv_dist_m": 29.0, "cv_feasible": false, "width_verified": false, "midpoint_fallback": false, "inherited": false, "route_usage": 2, "length_m": 41.5, "run_length_m": null, "nfa_designated": false }, "geometry": { "type": "LineString", "coordinates": [ [ 126.92800246787003, 35.146760520159987 ], [ 126.928024104676112, 35.146793264826393 ], [ 126.928032189666112, 35.146805500464652 ], [ 126.928034083791928, 35.14682431489549 ], [ 126.928047947420609, 35.146861003489519 ], [ 126.928063205120168, 35.146885811298176 ], [ 126.928084671302429, 35.14689220713359 ], [ 126.928197727002143, 35.146901851837477 ], [ 126.928276643160942, 35.146866769132309 ], [ 126.928294726655139, 35.146849901727627 ], [ 126.928299793616844, 35.146820604601061 ] ] } },
{ "type": "Feature", "properties": { "seg_id": "DM01681", "width_min_m": 6.43, "width_max_m": null, "verdict": "clear", "unknown_reason": null, "cctv_dist_m": 5.3, "cv_feasible": true, "width_verified": false, "midpoint_fallback": true, "inherited": false, "route_usage": 0, "length_m": 9.9, "run_length_m": null, "nfa_designated": false }, "geometry": { "type": "LineString", "coordinates": [ [ 126.928307221852691, 35.146622185743027 ], [ 126.928401917822029, 35.146579200944409 ] ] } },
{ "type": "Feature", "properties": { "seg_id": "DM01682", "width_min_m": 2.92, "width_max_m": 3.48, "verdict": "needs_cv", "unknown_reason": null, "cctv_dist_m": 6.5, "cv_feasible": true, "width_verified": false, "midpoint_fallback": false, "inherited": false, "route_usage": 2, "length_m": 110.8, "run_length_m": 188.9, "nfa_designated": true }, "geometry": { "type": "LineString", "coordinates": [ [ 126.927422224592149, 35.145949814336909 ], [ 126.927441831063476, 35.145967096428997 ], [ 126.927442631349322, 35.145967980246581 ], [ 126.927485594684342, 35.146015408785985 ], [ 126.927627169034167, 35.146171700095863 ], [ 126.927776937327693, 35.146283757663603 ], [ 126.927943818580474, 35.146415402875817 ], [ 126.928256076270884, 35.146590229557695 ], [ 126.928307221852691, 35.146622185743027 ] ] } },
{ "type": "Feature", "properties": { "seg_id": "DM01683", "width_min_m": 2.93, "width_max_m": 11.77, "verdict": "needs_cv", "unknown_reason": null, "cctv_dist_m": 7.1, "cv_feasible": true, "width_verified": false, "midpoint_fallback": false, "inherited": false, "route_usage": 15, "length_m": 16.8, "run_length_m": 188.9, "nfa_designated": true }, "geometry": { "type": "LineString", "coordinates": [ [ 126.928307221852691, 35.146622185743027 ], [ 126.928317331055084, 35.146628502051314 ], [ 126.92836867105666, 35.146660576220938 ], [ 126.928425395565412, 35.14669679985019 ], [ 126.928455008682903, 35.146712121620673 ] ] } },
{ "type": "Feature", "properties": { "seg_id": "DM01684", "width_min_m": 6.52, "width_max_m": 8.2, "verdict": "clear", "unknown_reason": null, "cctv_dist_m": 7.3, "cv_feasible": true, "width_verified": false, "midpoint_fallback": false, "inherited": false, "route_usage": 0, "length_m": 86.5, "run_length_m": null, "nfa_designated": false }, "geometry": { "type": "LineString", "coordinates": [ [ 126.928401917822029, 35.146579200944409 ], [ 126.928823361397335, 35.146387896027235 ], [ 126.929239236472014, 35.146211647089039 ] ] } },
{ "type": "Feature", "properties": { "seg_id": "DM01685", "width_min_m": 1.42, "width_max_m": 6.31, "verdict": "needs_cv", "unknown_reason": null, "cctv_dist_m": 3.9, "cv_feasible": true, "width_verified": false, "midpoint_fallback": false, "inherited": false, "route_usage": 0, "length_m": 88.1, "run_length_m": 88.1, "nfa_designated": false }, "geometry": { "type": "LineString", "coordinates": [ [ 126.928401917822029, 35.146579200944409 ], [ 126.928361443724071, 35.146541925633016 ], [ 126.928304991584852, 35.146444748979079 ], [ 126.928288095514205, 35.146394871702356 ], [ 126.92829455326175, 35.146356995319216 ], [ 126.928455404212741, 35.14612262321365 ], [ 126.928454693877754, 35.146094884650196 ], [ 126.928549642249536, 35.145954240213854 ], [ 126.928488379077763, 35.145881145341967 ] ] } },
{ "type": "Feature", "properties": { "seg_id": "DM01693", "width_min_m": 9.22, "width_max_m": 11.43, "verdict": "clear", "unknown_reason": null, "cctv_dist_m": 5.8, "cv_feasible": true, "width_verified": false, "midpoint_fallback": false, "inherited": false, "route_usage": 2, "length_m": 76.0, "run_length_m": null, "nfa_designated": false }, "geometry": { "type": "LineString", "coordinates": [ [ 126.931200639648992, 35.150841377167644 ], [ 126.931049397528056, 35.150463044639146 ], [ 126.930972537835757, 35.150266414352252 ], [ 126.930969870106054, 35.15019114060695 ], [ 126.930969859442442, 35.150190780058587 ], [ 126.930969545040313, 35.150186309152666 ] ] } },
{ "type": "Feature", "properties": { "seg_id": "DM01696", "width_min_m": 5.13, "width_max_m": 6.46, "verdict": "clear", "unknown_reason": null, "cctv_dist_m": 0.0, "cv_feasible": true, "width_verified": false, "midpoint_fallback": false, "inherited": false, "route_usage": 0, "length_m": 64.5, "run_length_m": null, "nfa_designated": false }, "geometry": { "type": "LineString", "coordinates": [ [ 126.930969545040313, 35.150186309152666 ], [ 126.930953707500009, 35.14995900513123 ], [ 126.930935138474283, 35.149692337314008 ], [ 126.930914067015834, 35.149655153151102 ], [ 126.930897301912879, 35.149625560904802 ], [ 126.930893498339273, 35.149620348855734 ], [ 126.930889151001125, 35.149614390167564 ] ] } },
{ "type": "Feature", "properties": { "seg_id": "DM01697", "width_min_m": 7.0, "width_max_m": 9.93, "verdict": "clear", "unknown_reason": null, "cctv_dist_m": 5.8, "cv_feasible": true, "width_verified": false, "midpoint_fallback": false, "inherited": false, "route_usage": 2, "length_m": 21.5, "run_length_m": null, "nfa_designated": false }, "geometry": { "type": "LineString", "coordinates": [ [ 126.930969545040313, 35.150186309152666 ], [ 126.931203036860964, 35.15017157233396 ], [ 126.931205297402215, 35.150171429533273 ] ] } },
{ "type": "Feature", "properties": { "seg_id": "DM01698", "width_min_m": 6.37, "width_max_m": 15.54, "verdict": "clear", "unknown_reason": null, "cctv_dist_m": 29.5, "cv_feasible": false, "width_verified": false, "midpoint_fallback": false, "inherited": false, "route_usage": 113, "length_m": 20.3, "run_length_m": null, "nfa_designated": false }, "geometry": { "type": "LineString", "coordinates": [ [ 126.930889151001125, 35.149614390167564 ], [ 126.930774860143487, 35.149457736792911 ] ] } },
{ "type": "Feature", "properties": { "seg_id": "DM01699", "width_min_m": 3.5, "width_max_m": 4.18, "verdict": "unknown", "unknown_reason": "no_cctv", "cctv_dist_m": 49.6, "cv_feasible": false, "width_verified": false, "midpoint_fallback": false, "inherited": false, "route_usage": 113, "length_m": 115.5, "run_length_m": null, "nfa_designated": false }, "geometry": { "type": "LineString", "coordinates": [ [ 126.932147304053984, 35.149499887862419 ], [ 126.932097301369424, 35.14950500893336 ], [ 126.931870641164636, 35.149524388325233 ], [ 126.931667917243672, 35.14953822160026 ], [ 126.931384663836027, 35.149564665481584 ], [ 126.931116956554717, 35.149578811628999 ], [ 126.930942951397626, 35.149598195889212 ], [ 126.930889151001125, 35.149614390167564 ] ] } },
{ "type": "Feature", "properties": { "seg_id": "DM01700", "width_min_m": 6.53, "width_max_m": 19.54, "verdict": "clear", "unknown_reason": null, "cctv_dist_m": 24.7, "cv_feasible": true, "width_verified": false, "midpoint_fallback": true, "inherited": false, "route_usage": 113, "length_m": 4.8, "run_length_m": null, "nfa_designated": false }, "geometry": { "type": "LineString", "coordinates": [ [ 126.930774860143487, 35.149457736792911 ], [ 126.930771038909469, 35.14945249918582 ], [ 126.930747725910052, 35.149420539478328 ] ] } },
{ "type": "Feature", "properties": { "seg_id": "DM01701", "width_min_m": 1.4, "width_max_m": 3.02, "verdict": "unknown", "unknown_reason": "no_cctv", "cctv_dist_m": 29.3, "cv_feasible": false, "width_verified": false, "midpoint_fallback": false, "inherited": false, "route_usage": 0, "length_m": 28.6, "run_length_m": null, "nfa_designated": false }, "geometry": { "type": "LineString", "coordinates": [ [ 126.930774860143487, 35.149457736792911 ], [ 126.93084817273072, 35.149410871451309 ], [ 126.930904081791226, 35.149386819305604 ], [ 126.930944833021272, 35.149393623140774 ], [ 126.931043536617764, 35.149443464830959 ] ] } },
{ "type": "Feature", "properties": { "seg_id": "DM01702", "width_min_m": 6.31, "width_max_m": 7.33, "verdict": "clear", "unknown_reason": null, "cctv_dist_m": 1.6, "cv_feasible": true, "width_verified": false, "midpoint_fallback": false, "inherited": false, "route_usage": 0, "length_m": 23.2, "run_length_m": null, "nfa_designated": false }, "geometry": { "type": "LineString", "coordinates": [ [ 126.930747725910052, 35.149420539478328 ], [ 126.930741695641302, 35.149412272599676 ], [ 126.930629090940442, 35.149257948863422 ], [ 126.930617017176203, 35.149241397426216 ] ] } },
{ "type": "Feature", "properties": { "seg_id": "DM01703", "width_min_m": null, "width_max_m": null, "verdict": "unknown", "unknown_reason": "width", "cctv_dist_m": 24.7, "cv_feasible": true, "width_verified": false, "midpoint_fallback": true, "inherited": false, "route_usage": 113, "length_m": 5.8, "run_length_m": null, "nfa_designated": false }, "geometry": { "type": "LineString", "coordinates": [ [ 126.930690270972903, 35.149441956167962 ], [ 126.93069939414292, 35.149440626529191 ], [ 126.930747725910052, 35.149420539478328 ] ] } },
{ "type": "Feature", "properties": { "seg_id": "DM01704", "width_min_m": null, "width_max_m": 38.88, "verdict": "unknown", "unknown_reason": "width", "cctv_dist_m": 0.3, "cv_feasible": true, "width_verified": false, "midpoint_fallback": true, "inherited": false, "route_usage": 33, "length_m": 5.7, "run_length_m": null, "nfa_designated": false }, "geometry": { "type": "LineString", "coordinates": [ [ 126.930617017176203, 35.149241397426216 ], [ 126.930604943416881, 35.149224845987796 ], [ 126.930590494000839, 35.149195336172475 ] ] } },
{ "type": "Feature", "properties": { "seg_id": "DM01705", "width_min_m": 7.04, "width_max_m": 7.82, "verdict": "clear", "unknown_reason": null, "cctv_dist_m": 1.6, "cv_feasible": true, "width_verified": false, "midpoint_fallback": false, "inherited": false, "route_usage": 33, "length_m": 31.3, "run_length_m": null, "nfa_designated": false }, "geometry": { "type": "LineString", "coordinates": [ [ 126.930953750781867, 35.149185226171483 ], [ 126.930617017176203, 35.149241397426216 ] ] } },
{ "type": "Feature", "properties": { "seg_id": "DM01706", "width_min_m": 8.43, "width_max_m": 25.15, "verdict": "clear", "unknown_reason": null, "cctv_dist_m": 4.1, "cv_feasible": true, "width_verified": false, "midpoint_fallback": false, "inherited": false, "route_usage": 15, "length_m": 17.6, "run_length_m": null, "nfa_designated": false }, "geometry": { "type": "LineString", "coordinates": [ [ 126.930590494000839, 35.149195336172475 ], [ 126.930590033896578, 35.149194398493698 ], [ 126.930518295996578, 35.149047914802303 ] ] } },
{ "type": "Feature", "properties": { "seg_id": "DM01707", "width_min_m": 11.52, "width_max_m": 38.66, "verdict": "clear", "unknown_reason": null, "cctv_dist_m": 4.0, "cv_feasible": true, "width_verified": false, "midpoint_fallback": false, "inherited": false, "route_usage": 18, "length_m": 15.9, "run_length_m": null, "nfa_designated": false }, "geometry": { "type": "LineString", "coordinates": [ [ 126.930590494000839, 35.149195336172475 ], [ 126.930480935868445, 35.149261539738809 ], [ 126.930445366248023, 35.149273096906235 ] ] } },
{ "type": "Feature", "properties": { "seg_id": "DM01708", "width_min_m": 2.1, "width_max_m": 2.49, "verdict": "blocked", "unknown_reason": null, "cctv_dist_m": 21.7, "cv_feasible": true, "width_verified": false, "midpoint_fallback": false, "inherited": false, "route_usage": 0, "length_m": 49.7, "run_length_m": 49.7, "nfa_designated": false }, "geometry": { "type": "LineString", "coordinates": [ [ 126.93095763623829, 35.148817470096184 ], [ 126.930955350841771, 35.148817764965287 ], [ 126.930961999774155, 35.14884644630682 ], [ 126.930751689702788, 35.148939612766689 ], [ 126.930518295996578, 35.149047914802303 ] ] } },
{ "type": "Feature", "properties": { "seg_id": "DM01709", "width_min_m": 4.95, "width_max_m": 8.33, "verdict": "clear", "unknown_reason": null, "cctv_dist_m": 128.6, "cv_feasible": false, "width_verified": false, "midpoint_fallback": false, "inherited": false, "route_usage": 8, "length_m": 29.1, "run_length_m": null, "nfa_designated": false }, "geometry": { "type": "LineString", "coordinates": [ [ 126.928202037053651, 35.147831994922164 ], [ 126.928488277095795, 35.147715108905807 ] ] } },
{ "type": "Feature", "properties": { "seg_id": "DM01710", "width_min_m": null, "width_max_m": null, "verdict": "unknown", "unknown_reason": "width", "cctv_dist_m": 81.5, "cv_feasible": false, "width_verified": false, "midpoint_fallback": true, "inherited": false, "route_usage": 20, "length_m": 83.2, "run_length_m": null, "nfa_designated": false }, "geometry": { "type": "LineString", "coordinates": [ [ 126.928643771717105, 35.148488448044269 ], [ 126.928627517116496, 35.148465976495508 ], [ 126.928202037053651, 35.147831994922164 ] ] } },
{ "type": "Feature", "properties": { "seg_id": "DM01711", "width_min_m": 4.23, "width_max_m": 7.41, "verdict": "unknown", "unknown_reason": "no_cctv", "cctv_dist_m": 81.3, "cv_feasible": false, "width_verified": false, "midpoint_fallback": false, "inherited": false, "route_usage": 4, "length_m": 47.4, "run_length_m": null, "nfa_designated": false }, "geometry": { "type": "LineString", "coordinates": [ [ 126.928488277095795, 35.147715108905807 ], [ 126.928488278134211, 35.147715108481776 ], [ 126.928907275028621, 35.147544003211195 ], [ 126.928949364542717, 35.147526812496999 ], [ 126.928953764201566, 35.147525015831143 ] ] } },
{ "type": "Feature", "properties": { "seg_id": "DM01712", "width_min_m": 2.19, "width_max_m": 6.36, "verdict": "unknown", "unknown_reason": "no_cctv", "cctv_dist_m": 64.7, "cv_feasible": false, "width_verified": false, "midpoint_fallback": false, "inherited": false, "route_usage": 2, "length_m": 64.5, "run_length_m": null, "nfa_designated": false }, "geometry": { "type": "LineString", "coordinates": [ [ 126.928488277095795, 35.147715108905807 ], [ 126.928482551651868, 35.147675906488359 ], [ 126.928472622451508, 35.147607935654236 ], [ 126.928465547004521, 35.147574080975808 ], [ 126.928444644480066, 35.147425394029206 ], [ 126.928444081115941, 35.147398799185233 ], [ 126.92843407524802, 35.147321269384314 ], [ 126.928434070873024, 35.147277008301309 ], [ 126.928433119903715, 35.147184808270104 ], [ 126.928433070847547, 35.147136749390754 ] ] } },
{ "type": "Feature", "properties": { "seg_id": "DM01713", "width_min_m": 4.31, "width_max_m": 7.54, "verdict": "unknown", "unknown_reason": "no_cctv", "cctv_dist_m": 30.1, "cv_feasible": false, "width_verified": false, "midpoint_fallback": false, "inherited": false, "route_usage": 4, "length_m": 51.7, "run_length_m": null, "nfa_designated": false }, "geometry": { "type": "LineString", "coordinates": [ [ 126.928953764201566, 35.147525015831143 ], [ 126.929265770836878, 35.147397602690013 ], [ 126.929461803481416, 35.147317543667889 ] ] } },
{ "type": "Feature", "properties": { "seg_id": "DM01714", "width_min_m": 2.0, "width_max_m": 9.29, "verdict": "unknown", "unknown_reason": "no_cctv", "cctv_dist_m": 76.6, "cv_feasible": false, "width_verified": false, "midpoint_fallback": false, "inherited": false, "route_usage": 0, "length_m": 44.9, "run_length_m": null, "nfa_designated": false }, "geometry": { "type": "LineString", "coordinates": [ [ 126.928953764201566, 35.147525015831143 ], [ 126.92895123274225, 35.147520833808436 ], [ 126.928732113789778, 35.147163730890981 ] ] } },
{ "type": "Feature", "properties": { "seg_id": "DM01715", "width_min_m": 5.5, "width_max_m": 22.99, "verdict": "clear", "unknown_reason": null, "cctv_dist_m": 6.3, "cv_feasible": true, "width_verified": false, "midpoint_fallback": false, "inherited": false, "route_usage": 2, "length_m": 25.8, "run_length_m": null, "nfa_designated": false }, "geometry": { "type": "LineString", "coordinates": [ [ 126.929461803481416, 35.147317543667889 ], [ 126.92959892839275, 35.14726155167952 ], [ 126.92972506305378, 35.147286494791778 ] ] } },
{ "type": "Feature", "properties": { "seg_id": "DM01716", "width_min_m": 2.25, "width_max_m": 4.62, "verdict": "unknown", "unknown_reason": "no_cctv", "cctv_dist_m": 29.7, "cv_feasible": false, "width_verified": false, "midpoint_fallback": false, "inherited": false, "route_usage": 2, "length_m": 15.1, "run_length_m": null, "nfa_designated": false }, "geometry": { "type": "LineString", "coordinates": [ [ 126.929461803481416, 35.147317543667889 ], [ 126.929473853765629, 35.147341481822636 ], [ 126.929524979932708, 35.147443022868949 ] ] } },
{ "type": "Feature", "properties": { "seg_id": "DM01717", "width_min_m": 5.03, "width_max_m": 29.34, "verdict": "clear", "unknown_reason": null, "cctv_dist_m": 4.5, "cv_feasible": true, "width_verified": false, "midpoint_fallback": true, "inherited": false, "route_usage": 17, "length_m": 11.3, "run_length_m": null, "nfa_designated": false }, "geometry": { "type": "LineString", "coordinates": [ [ 126.92972506305378, 35.147286494791778 ], [ 126.929845239962233, 35.147310262490826 ] ] } },
{ "type": "Feature", "properties": { "seg_id": "DM01718", "width_min_m": 2.22, "width_max_m": 10.15, "verdict": "needs_cv", "unknown_reason": null, "cctv_dist_m": 6.3, "cv_feasible": true, "width_verified": false, "midpoint_fallback": false, "inherited": false, "route_usage": 15, "length_m": 64.1, "run_length_m": 64.1, "nfa_designated": false }, "geometry": { "type": "LineString", "coordinates": [ [ 126.929093520328465, 35.147032133942062 ], [ 126.929094329296461, 35.147032532456372 ], [ 126.92911054329582, 35.147038698394901 ], [ 126.929514281588396, 35.147192070029092 ], [ 126.92972506305378, 35.147286494791778 ] ] } },
{ "type": "Feature", "properties": { "seg_id": "DM01719", "width_min_m": 4.68, "width_max_m": 10.05, "verdict": "clear", "unknown_reason": null, "cctv_dist_m": 8.2, "cv_feasible": true, "width_verified": false, "midpoint_fallback": false, "inherited": false, "route_usage": 16, "length_m": 31.1, "run_length_m": null, "nfa_designated": false }, "geometry": { "type": "LineString", "coordinates": [ [ 126.929845239962233, 35.147310262490826 ], [ 126.929937514981646, 35.147328515341478 ], [ 126.92998923288711, 35.147321206653189 ], [ 126.930179921859846, 35.147294258602926 ] ] } },
{ "type": "Feature", "properties": { "seg_id": "DM01720", "width_min_m": 6.03, "width_max_m": 8.72, "verdict": "clear", "unknown_reason": null, "cctv_dist_m": 8.2, "cv_feasible": true, "width_verified": false, "midpoint_fallback": false, "inherited": false, "route_usage": 1, "length_m": 49.7, "run_length_m": null, "nfa_designated": false }, "geometry": { "type": "LineString", "coordinates": [ [ 126.929845239962233, 35.147310262490826 ], [ 126.930028290024808, 35.147732358258089 ] ] } },
{ "type": "Feature", "properties": { "seg_id": "DM01721", "width_min_m": 4.03, "width_max_m": 8.76, "verdict": "unknown", "unknown_reason": "no_cctv", "cctv_dist_m": 36.3, "cv_feasible": false, "width_verified": false, "midpoint_fallback": false, "inherited": false, "route_usage": 16, "length_m": 35.2, "run_length_m": null, "nfa_designated": false }, "geometry": { "type": "LineString", "coordinates": [ [ 126.930179921859846, 35.147294258602926 ], [ 126.930185430479582, 35.147293480123395 ], [ 126.930559414318324, 35.147236844145169 ] ] } },
{ "type": "Feature", "properties": { "seg_id": "DM01722", "width_min_m": 1.82, "width_max_m": 4.41, "verdict": "unknown", "unknown_reason": "no_cctv", "cctv_dist_m": 36.3, "cv_feasible": false, "width_verified": false, "midpoint_fallback": false, "inherited": false, "route_usage": 0, "length_m": 47.3, "run_length_m": null, "nfa_designated": false }, "geometry": { "type": "LineString", "coordinates": [ [ 126.930179921859846, 35.147294258602926 ], [ 126.930278920871942, 35.147712495579128 ] ] } },
{ "type": "Feature", "properties": { "seg_id": "DM01724", "width_min_m": 2.59, "width_max_m": 6.5, "verdict": "unknown", "unknown_reason": "no_cctv", "cctv_dist_m": 70.7, "cv_feasible": false, "width_verified": false, "midpoint_fallback": false, "inherited": false, "route_usage": 0, "length_m": 48.5, "run_length_m": null, "nfa_designated": false }, "geometry": { "type": "LineString", "coordinates": [ [ 126.930559414318324, 35.147236844145169 ], [ 126.930604278619512, 35.147623533074594 ], [ 126.93055675740996, 35.147653222992275 ] ] } },
{ "type": "Feature", "properties": { "seg_id": "DM01730", "width_min_m": 6.92, "width_max_m": 8.43, "verdict": "clear", "unknown_reason": null, "cctv_dist_m": 80.3, "cv_feasible": false, "width_verified": false, "midpoint_fallback": false, "inherited": false, "route_usage": 7, "length_m": 41.9, "run_length_m": null, "nfa_designated": false }, "geometry": { "type": "LineString", "coordinates": [ [ 126.928643771717105, 35.148488448044269 ], [ 126.929097795947527, 35.148435305569755 ], [ 126.929098619140802, 35.148435152830629 ] ] } },
{ "type": "Feature", "properties": { "seg_id": "DM01731", "width_min_m": null, "width_max_m": null, "verdict": "unknown", "unknown_reason": "width", "cctv_dist_m": 77.8, "cv_feasible": false, "width_verified": false, "midpoint_fallback": true, "inherited": false, "route_usage": 13, "length_m": 40.1, "run_length_m": null, "nfa_designated": false }, "geometry": { "type": "LineString", "coordinates": [ [ 126.928868849082733, 35.148799496658533 ], [ 126.928643771717105, 35.148488448044269 ] ] } },
{ "type": "Feature", "properties": { "seg_id": "DM01732", "width_min_m": 4.8, "width_max_m": 8.1, "verdict": "clear", "unknown_reason": null, "cctv_dist_m": 55.2, "cv_feasible": false, "width_verified": false, "midpoint_fallback": false, "inherited": false, "route_usage": 6, "length_m": 25.4, "run_length_m": null, "nfa_designated": false }, "geometry": { "type": "LineString", "coordinates": [ [ 126.929098619140802, 35.148435152830629 ], [ 126.929370754429442, 35.148386091929289 ], [ 126.929370754436135, 35.148386091928053 ] ] } },
{ "type": "Feature", "properties": { "seg_id": "DM01733", "width_min_m": 2.36, "width_max_m": 4.51, "verdict": "unknown", "unknown_reason": "no_cctv", "cctv_dist_m": 77.9, "cv_feasible": false, "width_verified": false, "midpoint_fallback": false, "inherited": false, "route_usage": 1, "length_m": 85.8, "run_length_m": null, "nfa_designated": false }, "geometry": { "type": "LineString", "coordinates": [ [ 126.929098619140802, 35.148435152830629 ], [ 126.929101647121684, 35.148406490405108 ], [ 126.929104332778167, 35.148381068355143 ], [ 126.929073796493014, 35.148250615017304 ], [ 126.929013452798984, 35.148086460890987 ], [ 126.928947151129506, 35.147963035130168 ], [ 126.928936369823944, 35.147927249849296 ], [ 126.92894001268003, 35.147904144759494 ], [ 126.928996172064458, 35.147773172899562 ], [ 126.929019941549043, 35.147729027900276 ], [ 126.929046919142451, 35.147705005761914 ] ] } },
{ "type": "Feature", "properties": { "seg_id": "DM01734", "width_min_m": 2.13, "width_max_m": 6.5, "verdict": "unknown", "unknown_reason": "no_cctv", "cctv_dist_m": 55.1, "cv_feasible": false, "width_verified": false, "midpoint_fallback": false, "inherited": true, "route_usage": 6, "length_m": 0.1, "run_length_m": null, "nfa_designated": false }, "geometry": { "type": "LineString", "coordinates": [ [ 126.929370754436135, 35.148386091928053 ], [ 126.929371434934637, 35.14838596614419 ] ] } },
{ "type": "Feature", "properties": { "seg_id": "DM01735", "width_min_m": 2.21, "width_max_m": 7.43, "verdict": "unknown", "unknown_reason": "no_cctv", "cctv_dist_m": 55.2, "cv_feasible": false, "width_verified": false, "midpoint_fallback": false, "inherited": false, "route_usage": 6, "length_m": 24.3, "run_length_m": null, "nfa_designated": false }, "geometry": { "type": "LineString", "coordinates": [ [ 126.929370754436135, 35.148386091928053 ], [ 126.929424949882133, 35.148579374808648 ], [ 126.929430572694883, 35.148599685693455 ] ] } },
{ "type": "Feature", "properties": { "seg_id": "DM01736", "width_min_m": 4.74, "width_max_m": 6.5, "verdict": "clear", "unknown_reason": null, "cctv_dist_m": 7.3, "cv_feasible": true, "width_verified": false, "midpoint_fallback": false, "inherited": false, "route_usage": 7, "length_m": 48.6, "run_length_m": null, "nfa_designated": false }, "geometry": { "type": "LineString", "coordinates": [ [ 126.929371434934637, 35.14838596614419 ], [ 126.92951078423755, 35.148360838009452 ], [ 126.929853014915977, 35.148206530241566 ] ] } },
{ "type": "Feature", "properties": { "seg_id": "DM01737", "width_min_m": 2.13, "width_max_m": 6.72, "verdict": "unknown", "unknown_reason": "no_cctv", "cctv_dist_m": 54.4, "cv_feasible": false, "width_verified": false, "midpoint_fallback": false, "inherited": false, "route_usage": 1, "length_m": 86.5, "run_length_m": null, "nfa_designated": false }, "geometry": { "type": "LineString", "coordinates": [ [ 126.929371434934637, 35.14838596614419 ], [ 126.929329034454426, 35.148232746502721 ], [ 126.929305935680887, 35.148156225680701 ], [ 126.929304589815331, 35.148151754155101 ], [ 126.929275146075199, 35.147903440151318 ], [ 126.929270629020436, 35.147886194525228 ], [ 126.929253949905373, 35.147822440709739 ], [ 126.929047741777779, 35.147705474958272 ], [ 126.929046919142451, 35.147705005761914 ] ] } },
{ "type": "Feature", "properties": { "seg_id": "DM01738", "width_min_m": 5.82, "width_max_m": 9.18, "verdict": "clear", "unknown_reason": null, "cctv_dist_m": 3.0, "cv_feasible": true, "width_verified": false, "midpoint_fallback": false, "inherited": false, "route_usage": 10, "length_m": 29.4, "run_length_m": null, "nfa_designated": false }, "geometry": { "type": "LineString", "coordinates": [ [ 126.929853014915977, 35.148206530241566 ], [ 126.93013138309837, 35.148081018314819 ], [ 126.930135366786416, 35.148079220935308 ] ] } },
{ "type": "Feature", "properties": { "seg_id": "DM01739", "width_min_m": 6.12, "width_max_m": 27.62, "verdict": "clear", "unknown_reason": null, "cctv_dist_m": 22.9, "cv_feasible": true, "width_verified": false, "midpoint_fallback": true, "inherited": false, "route_usage": 4, "length_m": 3.8, "run_length_m": null, "nfa_designated": false }, "geometry": { "type": "LineString", "coordinates": [ [ 126.930135366786416, 35.148079220935308 ], [ 126.930146566197934, 35.148074167929892 ], [ 126.930169927824821, 35.148064041417889 ], [ 126.930171783139059, 35.148063240302271 ] ] } },
{ "type": "Feature", "properties": { "seg_id": "DM01740", "width_min_m": 5.15, "width_max_m": 7.94, "verdict": "clear", "unknown_reason": null, "cctv_dist_m": 26.6, "cv_feasible": false, "width_verified": false, "midpoint_fallback": false, "inherited": false, "route_usage": 0, "length_m": 52.5, "run_length_m": null, "nfa_designated": false }, "geometry": { "type": "LineString", "coordinates": [ [ 126.930171783139059, 35.148063240302271 ], [ 126.930681247474297, 35.147842310055488 ] ] } },
{ "type": "Feature", "properties": { "seg_id": "DM01741", "width_min_m": 6.39, "width_max_m": 8.67, "verdict": "clear", "unknown_reason": null, "cctv_dist_m": 26.6, "cv_feasible": false, "width_verified": false, "midpoint_fallback": false, "inherited": false, "route_usage": 3, "length_m": 39.0, "run_length_m": null, "nfa_designated": false }, "geometry": { "type": "LineString", "coordinates": [ [ 126.930028290024808, 35.147732358258089 ], [ 126.930069086118408, 35.147826420741843 ], [ 126.930171783139059, 35.148063240302271 ] ] } },
{ "type": "Feature", "properties": { "seg_id": "DM01742", "width_min_m": 0.93, "width_max_m": 12.62, "verdict": "unknown", "unknown_reason": "no_cctv", "cctv_dist_m": 26.6, "cv_feasible": false, "width_verified": false, "midpoint_fallback": false, "inherited": false, "route_usage": 1, "length_m": 17.6, "run_length_m": null, "nfa_designated": false }, "geometry": { "type": "LineString", "coordinates": [ [ 126.930171783139059, 35.148063240302271 ], [ 126.930194677831111, 35.148081042654582 ], [ 126.930215388618265, 35.148085303222061 ], [ 126.93023308451906, 35.148085771010166 ], [ 126.93028120210505, 35.148087042977515 ], [ 126.930355598203505, 35.148082304587682 ] ] } },
{ "type": "Feature", "properties": { "seg_id": "DM01755", "width_min_m": 6.4, "width_max_m": 10.78, "verdict": "clear", "unknown_reason": null, "cctv_dist_m": 31.6, "cv_feasible": false, "width_verified": false, "midpoint_fallback": false, "inherited": false, "route_usage": 0, "length_m": 37.7, "run_length_m": null, "nfa_designated": false }, "geometry": { "type": "LineString", "coordinates": [ [ 126.931360975755609, 35.149124259508866 ], [ 126.931314887865582, 35.1491318457552 ], [ 126.930954221823313, 35.14918514759534 ], [ 126.930953750781867, 35.149185226171483 ] ] } },
{ "type": "Feature", "properties": { "seg_id": "DM01757", "width_min_m": 2.2, "width_max_m": 2.64, "verdict": "unknown", "unknown_reason": "no_cctv", "cctv_dist_m": 31.6, "cv_feasible": false, "width_verified": false, "midpoint_fallback": false, "inherited": false, "route_usage": 33, "length_m": 37.9, "run_length_m": null, "nfa_designated": false }, "geometry": { "type": "LineString", "coordinates": [ [ 126.930953750781867, 35.149185226171483 ], [ 126.931148299602683, 35.149231053645892 ], [ 126.931152726793002, 35.149232096500519 ], [ 126.931246504471531, 35.149236831011038 ], [ 126.931361429631622, 35.149235680214218 ] ] } },
{ "type": "Feature", "properties": { "seg_id": "DM01841", "width_min_m": 9.36, "width_max_m": 12.27, "verdict": "clear", "unknown_reason": null, "cctv_dist_m": 16.4, "cv_feasible": true, "width_verified": false, "midpoint_fallback": false, "inherited": false, "route_usage": 195, "length_m": 43.7, "run_length_m": null, "nfa_designated": false }, "geometry": { "type": "LineString", "coordinates": [ [ 126.920500613662497, 35.152281910095937 ], [ 126.920515254720826, 35.152269904810574 ], [ 126.920856418564654, 35.152018149319879 ] ] } },
{ "type": "Feature", "properties": { "seg_id": "DM01842", "width_min_m": 5.09, "width_max_m": 5.94, "verdict": "clear", "unknown_reason": null, "cctv_dist_m": 44.0, "cv_feasible": false, "width_verified": false, "midpoint_fallback": false, "inherited": false, "route_usage": 54, "length_m": 37.4, "run_length_m": null, "nfa_designated": false }, "geometry": { "type": "LineString", "coordinates": [ [ 126.92101591618507, 35.152627688476343 ], [ 126.921179912600451, 35.152748608797765 ], [ 126.921317021037694, 35.152847755455888 ], [ 126.921322119654306, 35.152851884880008 ] ] } },
{ "type": "Feature", "properties": { "seg_id": "DM01843", "width_min_m": 4.11, "width_max_m": 8.61, "verdict": "needs_cv", "unknown_reason": null, "cctv_dist_m": 13.4, "cv_feasible": true, "width_verified": false, "midpoint_fallback": false, "inherited": false, "route_usage": 12, "length_m": 32.3, "run_length_m": 185.9, "nfa_designated": true }, "geometry": { "type": "LineString", "coordinates": [ [ 126.92101591618507, 35.152627688476343 ], [ 126.921239055653473, 35.152401452023611 ] ] } },
{ "type": "Feature", "properties": { "seg_id": "DM01844", "width_min_m": 3.69, "width_max_m": 5.07, "verdict": "unknown", "unknown_reason": "no_cctv", "cctv_dist_m": 58.7, "cv_feasible": false, "width_verified": false, "midpoint_fallback": false, "inherited": false, "route_usage": 29, "length_m": 13.2, "run_length_m": null, "nfa_designated": false }, "geometry": { "type": "LineString", "coordinates": [ [ 126.921322119654306, 35.152851884880008 ], [ 126.921351791672421, 35.152832903039226 ], [ 126.921411726215027, 35.152794560574463 ], [ 126.921441153776456, 35.152786690412263 ] ] } },
{ "type": "Feature", "properties": { "seg_id": "DM01845", "width_min_m": 5.39, "width_max_m": 7.95, "verdict": "clear", "unknown_reason": null, "cctv_dist_m": 5.8, "cv_feasible": true, "width_verified": false, "midpoint_fallback": false, "inherited": false, "route_usage": 17, "length_m": 30.0, "run_length_m": null, "nfa_designated": false }, "geometry": { "type": "LineString", "coordinates": [ [ 126.921602001761556, 35.153072984998495 ], [ 126.92161132203799, 35.15308022885646 ], [ 126.921620840881516, 35.153087626237102 ], [ 126.921858819555112, 35.153234296231894 ], [ 126.921863046315593, 35.153236901241826 ] ] } },
{ "type": "Feature", "properties": { "seg_id": "DM01846", "width_min_m": 2.52, "width_max_m": 5.62, "verdict": "unknown", "unknown_reason": "no_cctv", "cctv_dist_m": 26.1, "cv_feasible": false, "width_verified": false, "midpoint_fallback": false, "inherited": false, "route_usage": 2, "length_m": 44.5, "run_length_m": null, "nfa_designated": false }, "geometry": { "type": "LineString", "coordinates": [ [ 126.921602001761556, 35.153072984998495 ], [ 126.921600194475687, 35.153107014670688 ], [ 126.921595063001149, 35.153203603456838 ], [ 126.921596594115599, 35.153326591328444 ], [ 126.921603506733149, 35.153399779436505 ], [ 126.921604698906563, 35.153439238145069 ], [ 126.921604665559101, 35.153474003632802 ] ] } },
{ "type": "Feature", "properties": { "seg_id": "DM01847", "width_min_m": 15.35, "width_max_m": 17.03, "verdict": "clear", "unknown_reason": null, "cctv_dist_m": 5.8, "cv_feasible": true, "width_verified": false, "midpoint_fallback": true, "inherited": false, "route_usage": 16, "length_m": 3.3, "run_length_m": null, "nfa_designated": false }, "geometry": { "type": "LineString", "coordinates": [ [ 126.921870593530542, 35.153207596980984 ], [ 126.921863645481181, 35.153234571571979 ], [ 126.921863046315593, 35.153236901241826 ] ] } },
{ "type": "Feature", "properties": { "seg_id": "DM01850", "width_min_m": 15.55, "width_max_m": 18.4, "verdict": "clear", "unknown_reason": null, "cctv_dist_m": 36.4, "cv_feasible": false, "width_verified": false, "midpoint_fallback": false, "inherited": false, "route_usage": 12, "length_m": 53.0, "run_length_m": null, "nfa_designated": false }, "geometry": { "type": "LineString", "coordinates": [ [ 126.925844306981759, 35.148869152337404 ], [ 126.926379960140636, 35.149055939698471 ] ] } },
{ "type": "Feature", "properties": { "seg_id": "DM01851", "width_min_m": 12.61, "width_max_m": null, "verdict": "clear", "unknown_reason": null, "cctv_dist_m": 10.9, "cv_feasible": true, "width_verified": false, "midpoint_fallback": true, "inherited": false, "route_usage": 12, "length_m": 27.3, "run_length_m": null, "nfa_designated": false }, "geometry": { "type": "LineString", "coordinates": [ [ 126.926379960140636, 35.149055939698471 ], [ 126.926384139972953, 35.149057393469654 ], [ 126.926459807866777, 35.149080406848832 ], [ 126.926660777271451, 35.149141516739213 ] ] } },
{ "type": "Feature", "properties": { "seg_id": "DM02010", "width_min_m": 7.97, "width_max_m": null, "verdict": "clear", "unknown_reason": null, "cctv_dist_m": 37.7, "cv_feasible": false, "width_verified": false, "midpoint_fallback": true, "inherited": false, "route_usage": 14, "length_m": 29.6, "run_length_m": null, "nfa_designated": false }, "geometry": { "type": "LineString", "coordinates": [ [ 126.928180253262866, 35.151028837533666 ], [ 126.928243790283716, 35.15092360453577 ], [ 126.928292877843475, 35.150799301255233 ], [ 126.928298617129016, 35.15078129463798 ] ] } },
{ "type": "Feature", "properties": { "seg_id": "DM02011", "width_min_m": 21.69, "width_max_m": null, "verdict": "clear", "unknown_reason": null, "cctv_dist_m": 50.1, "cv_feasible": false, "width_verified": false, "midpoint_fallback": true, "inherited": false, "route_usage": 132, "length_m": 20.6, "run_length_m": null, "nfa_designated": false }, "geometry": { "type": "LineString", "coordinates": [ [ 126.927957313928871, 35.151056851104947 ], [ 126.928180253262866, 35.151028837533666 ] ] } },
{ "type": "Feature", "properties": { "seg_id": "DM02012", "width_min_m": 7.97, "width_max_m": 21.12, "verdict": "clear", "unknown_reason": null, "cctv_dist_m": 52.0, "cv_feasible": false, "width_verified": false, "midpoint_fallback": false, "inherited": true, "route_usage": 118, "length_m": 2.3, "run_length_m": null, "nfa_designated": false }, "geometry": { "type": "LineString", "coordinates": [ [ 126.928180253262866, 35.151028837533666 ], [ 126.928204871733001, 35.151025751750929 ] ] } },
{ "type": "Feature", "properties": { "seg_id": "DM02013", "width_min_m": 1.0, "width_max_m": 6.34, "verdict": "unknown", "unknown_reason": "no_cctv", "cctv_dist_m": 37.7, "cv_feasible": false, "width_verified": false, "midpoint_fallback": false, "inherited": false, "route_usage": 2, "length_m": 18.4, "run_length_m": null, "nfa_designated": false }, "geometry": { "type": "LineString", "coordinates": [ [ 126.928298617129016, 35.15078129463798 ], [ 126.928499649016857, 35.150771480319328 ] ] } },
{ "type": "Feature", "properties": { "seg_id": "DM02014", "width_min_m": 7.09, "width_max_m": null, "verdict": "clear", "unknown_reason": null, "cctv_dist_m": 12.1, "cv_feasible": true, "width_verified": false, "midpoint_fallback": true, "inherited": false, "route_usage": 0, "length_m": 96.0, "run_length_m": null, "nfa_designated": false }, "geometry": { "type": "LineString", "coordinates": [ [ 126.928525224283419, 35.150057384364651 ], [ 126.928556344490332, 35.149929129486466 ], [ 126.928558637488536, 35.149854165416905 ], [ 126.928563254439524, 35.149669497206517 ], [ 126.928512387070086, 35.149294639339793 ], [ 126.928441528420095, 35.149216253832847 ] ] } },
{ "type": "Feature", "properties": { "seg_id": "DM02015", "width_min_m": 11.99, "width_max_m": 20.84, "verdict": "clear", "unknown_reason": null, "cctv_dist_m": 10.0, "cv_feasible": true, "width_verified": false, "midpoint_fallback": true, "inherited": false, "route_usage": 8, "length_m": 16.0, "run_length_m": null, "nfa_designated": false }, "geometry": { "type": "LineString", "coordinates": [ [ 126.928697571821758, 35.150029859841375 ], [ 126.92868631683254, 35.150031693502811 ], [ 126.928525224283419, 35.150057384364651 ] ] } },
{ "type": "Feature", "properties": { "seg_id": "DM02016", "width_min_m": 12.3, "width_max_m": null, "verdict": "clear", "unknown_reason": null, "cctv_dist_m": 6.3, "cv_feasible": true, "width_verified": false, "midpoint_fallback": true, "inherited": false, "route_usage": 113, "length_m": 37.3, "run_length_m": null, "nfa_designated": false }, "geometry": { "type": "LineString", "coordinates": [ [ 126.928065198172703, 35.149087157832149 ], [ 126.928074245659289, 35.149090354404954 ], [ 126.928216930907908, 35.149140763381226 ], [ 126.928319433627095, 35.149185748831982 ], [ 126.928433539945445, 35.149214255392494 ], [ 126.92844152820409, 35.149216253778818 ] ] } },
{ "type": "Feature", "properties": { "seg_id": "DM02017", "width_min_m": 7.4, "width_max_m": 11.93, "verdict": "clear", "unknown_reason": null, "cctv_dist_m": 26.4, "cv_feasible": false, "width_verified": false, "midpoint_fallback": false, "inherited": false, "route_usage": 113, "length_m": 78.1, "run_length_m": null, "nfa_designated": false }, "geometry": { "type": "LineString", "coordinates": [ [ 126.928441528420095, 35.149216253832847 ], [ 126.928441955287042, 35.149216360620187 ], [ 126.928967558570804, 35.149347670075819 ], [ 126.928979452002395, 35.149350642647263 ], [ 126.92927375644409, 35.149365897932952 ] ] } },
{ "type": "Feature", "properties": { "seg_id": "DM02018", "width_min_m": 2.5, "width_max_m": 21.37, "verdict": "unknown", "unknown_reason": "no_cctv", "cctv_dist_m": 26.4, "cv_feasible": false, "width_verified": false, "midpoint_fallback": false, "inherited": false, "route_usage": 2, "length_m": 121.7, "run_length_m": null, "nfa_designated": false }, "geometry": { "type": "LineString", "coordinates": [ [ 126.92844152820409, 35.149216253778818 ], [ 126.928436326807713, 35.149163882595744 ], [ 126.928431185331405, 35.149112115275905 ], [ 126.928419461706014, 35.148996318907976 ], [ 126.928402879981832, 35.14889200657074 ], [ 126.928376913638743, 35.148762785858459 ], [ 126.928359096698046, 35.148700864612273 ], [ 126.928309571235403, 35.148563032806784 ], [ 126.928233574764377, 35.148365730815172 ], [ 126.928135820958204, 35.148155067985655 ] ] } },
{ "type": "Feature", "properties": { "seg_id": "DM02019", "width_min_m": null, "width_max_m": null, "verdict": "unknown", "unknown_reason": "width", "cctv_dist_m": 71.2, "cv_feasible": false, "width_verified": false, "midpoint_fallback": true, "inherited": false, "route_usage": 0, "length_m": 23.7, "run_length_m": null, "nfa_designated": false }, "geometry": { "type": "LineString", "coordinates": [ [ 126.926796383575393, 35.145681718871074 ], [ 126.92704734538394, 35.145714186791302 ], [ 126.927052303536783, 35.145716362102789 ] ] } },
{ "type": "Feature", "properties": { "seg_id": "DM02021", "width_min_m": 0.99, "width_max_m": 2.62, "verdict": "unknown", "unknown_reason": "no_cctv", "cctv_dist_m": 93.6, "cv_feasible": false, "width_verified": false, "midpoint_fallback": false, "inherited": false, "route_usage": 0, "length_m": 19.6, "run_length_m": null, "nfa_designated": false }, "geometry": { "type": "LineString", "coordinates": [ [ 126.927052303536783, 35.145716362102789 ], [ 126.927186188316554, 35.145577806619606 ] ] } },
{ "type": "Feature", "properties": { "seg_id": "DM02022", "width_min_m": 2.0, "width_max_m": 2.61, "verdict": "unknown", "unknown_reason": "no_cctv", "cctv_dist_m": 88.0, "cv_feasible": false, "width_verified": false, "midpoint_fallback": false, "inherited": false, "route_usage": 2, "length_m": 52.3, "run_length_m": null, "nfa_designated": false }, "geometry": { "type": "LineString", "coordinates": [ [ 126.927422224592149, 35.145949814336909 ], [ 126.927529553248519, 35.145886979996042 ], [ 126.927688954350714, 35.145791386359925 ], [ 126.927730356790732, 35.145758437885213 ], [ 126.927773521515263, 35.145791542764442 ], [ 126.927828585481677, 35.145831471288147 ], [ 126.927870344413307, 35.145860079316478 ] ] } },
{ "type": "Feature", "properties": { "seg_id": "DM02023", "width_min_m": 2.56, "width_max_m": 27.92, "verdict": "needs_cv", "unknown_reason": null, "cctv_dist_m": 20.6, "cv_feasible": true, "width_verified": false, "midpoint_fallback": false, "inherited": false, "route_usage": 12, "length_m": 22.8, "run_length_m": 188.9, "nfa_designated": true }, "geometry": { "type": "LineString", "coordinates": [ [ 126.928455008682903, 35.146712121620673 ], [ 126.928487259661139, 35.146728808200479 ], [ 126.928582057665196, 35.14675943020687 ], [ 126.928679171623486, 35.146801942414378 ] ] } },
{ "type": "Feature", "properties": { "seg_id": "DM02024", "width_min_m": 2.0, "width_max_m": 12.92, "verdict": "needs_cv", "unknown_reason": null, "cctv_dist_m": 20.6, "cv_feasible": true, "width_verified": false, "midpoint_fallback": false, "inherited": false, "route_usage": 3, "length_m": 28.9, "run_length_m": 188.9, "nfa_designated": true }, "geometry": { "type": "LineString", "coordinates": [ [ 126.928597632604024, 35.146944562231873 ], [ 126.928455008682903, 35.146712121620673 ] ] } },
{ "type": "Feature", "properties": { "seg_id": "DM02025", "width_min_m": 2.0, "width_max_m": 11.53, "verdict": "needs_cv", "unknown_reason": null, "cctv_dist_m": 11.2, "cv_feasible": true, "width_verified": false, "midpoint_fallback": false, "inherited": false, "route_usage": 0, "length_m": 9.6, "run_length_m": 188.9, "nfa_designated": true }, "geometry": { "type": "LineString", "coordinates": [ [ 126.928455008682903, 35.146712121620673 ], [ 126.928407535697417, 35.146634752431744 ] ] } },
{ "type": "Feature", "properties": { "seg_id": "DM02026", "width_min_m": 2.18, "width_max_m": 5.55, "verdict": "unknown", "unknown_reason": "no_cctv", "cctv_dist_m": 42.0, "cv_feasible": false, "width_verified": false, "midpoint_fallback": false, "inherited": false, "route_usage": 13, "length_m": 27.8, "run_length_m": null, "nfa_designated": false }, "geometry": { "type": "LineString", "coordinates": [ [ 126.928679171623486, 35.146801942414378 ], [ 126.928793738373102, 35.146852081464225 ], [ 126.928859024557653, 35.146898738709332 ], [ 126.928917651896526, 35.146942868138069 ], [ 126.928924632623833, 35.146948121145009 ] ] } },
{ "type": "Feature", "properties": { "seg_id": "DM02027", "width_min_m": 1.71, "width_max_m": 21.95, "verdict": "unknown", "unknown_reason": "no_cctv", "cctv_dist_m": 42.0, "cv_feasible": false, "width_verified": false, "midpoint_fallback": false, "inherited": false, "route_usage": 1, "length_m": 17.5, "run_length_m": null, "nfa_designated": false }, "geometry": { "type": "LineString", "coordinates": [ [ 126.928679171623486, 35.146801942414378 ], [ 126.928673937810046, 35.14681109688901 ], [ 126.928597632604024, 35.146944562231873 ] ] } },
{ "type": "Feature", "properties": { "seg_id": "DM02028", "width_min_m": 1.89, "width_max_m": 4.77, "verdict": "unknown", "unknown_reason": "no_cctv", "cctv_dist_m": 67.6, "cv_feasible": false, "width_verified": false, "midpoint_fallback": false, "inherited": false, "route_usage": 15, "length_m": 18.0, "run_length_m": null, "nfa_designated": false }, "geometry": { "type": "LineString", "coordinates": [ [ 126.928924632623833, 35.146948121145009 ], [ 126.9289275656933, 35.146950328283502 ], [ 126.929076449602121, 35.147023724548269 ], [ 126.929093520328465, 35.147032133942062 ] ] } },
{ "type": "Feature", "properties": { "seg_id": "DM02029", "width_min_m": 1.3, "width_max_m": 3.21, "verdict": "unknown", "unknown_reason": "no_cctv", "cctv_dist_m": 69.3, "cv_feasible": false, "width_verified": false, "midpoint_fallback": false, "inherited": false, "route_usage": 2, "length_m": 29.9, "run_length_m": null, "nfa_designated": false }, "geometry": { "type": "LineString", "coordinates": [ [ 126.928924632623833, 35.146948121145009 ], [ 126.92887369449528, 35.146992265489182 ], [ 126.928824269186038, 35.147039106918946 ], [ 126.928804980485111, 35.147072433449203 ], [ 126.928786951189281, 35.147101635857993 ], [ 126.928732113789778, 35.147163730890981 ] ] } },
{ "type": "Feature", "properties": { "seg_id": "DM02030", "width_min_m": 1.4, "width_max_m": 6.36, "verdict": "unknown", "unknown_reason": "no_cctv", "cctv_dist_m": 65.6, "cv_feasible": false, "width_verified": false, "midpoint_fallback": false, "inherited": false, "route_usage": 0, "length_m": 49.5, "run_length_m": null, "nfa_designated": false }, "geometry": { "type": "LineString", "coordinates": [ [ 126.929093520328465, 35.147032133942062 ], [ 126.929147609757507, 35.146972281263736 ], [ 126.929188281901176, 35.146924398627803 ], [ 126.929177446056656, 35.146862876093081 ], [ 126.929110875572562, 35.146752140520675 ], [ 126.9290699529177, 35.146671146597292 ], [ 126.929047425023086, 35.146635461402141 ] ] } },
{ "type": "Feature", "properties": { "seg_id": "DM02031", "width_min_m": 3.2, "width_max_m": 4.94, "verdict": "unknown", "unknown_reason": "no_cctv", "cctv_dist_m": 54.0, "cv_feasible": false, "width_verified": false, "midpoint_fallback": false, "inherited": false, "route_usage": 110, "length_m": 66.2, "run_length_m": null, "nfa_designated": false }, "geometry": { "type": "LineString", "coordinates": [ [ 126.929384224831423, 35.149523947810614 ], [ 126.929522070273578, 35.14947351768074 ], [ 126.929568049173369, 35.149456696459879 ], [ 126.92971127405346, 35.149441048406004 ], [ 126.929853714899153, 35.149433993729708 ], [ 126.930032254326534, 35.149454185119275 ], [ 126.930089525506759, 35.149459420016974 ] ] } },
{ "type": "Feature", "properties": { "seg_id": "DM02032", "width_min_m": 2.94, "width_max_m": 4.94, "verdict": "unknown", "unknown_reason": "no_cctv", "cctv_dist_m": 90.8, "cv_feasible": false, "width_verified": false, "midpoint_fallback": false, "inherited": true, "route_usage": 10, "length_m": 0.8, "run_length_m": null, "nfa_designated": false }, "geometry": { "type": "LineString", "coordinates": [ [ 126.929388621576379, 35.149530238328509 ], [ 126.929384224831423, 35.149523947810614 ] ] } },
{ "type": "Feature", "properties": { "seg_id": "DM02033", "width_min_m": null, "width_max_m": null, "verdict": "unknown", "unknown_reason": "width", "cctv_dist_m": 85.8, "cv_feasible": false, "width_verified": false, "midpoint_fallback": true, "inherited": false, "route_usage": 102, "length_m": 20.2, "run_length_m": null, "nfa_designated": false }, "geometry": { "type": "LineString", "coordinates": [ [ 126.929384224831423, 35.149523947810614 ], [ 126.92927375644409, 35.149365897932952 ] ] } },
{ "type": "Feature", "properties": { "seg_id": "DM02034", "width_min_m": 2.1, "width_max_m": 3.87, "verdict": "unknown", "unknown_reason": "no_cctv", "cctv_dist_m": 54.0, "cv_feasible": false, "width_verified": false, "midpoint_fallback": false, "inherited": false, "route_usage": 1, "length_m": 41.1, "run_length_m": null, "nfa_designated": false }, "geometry": { "type": "LineString", "coordinates": [ [ 126.930089525506759, 35.149459420016974 ], [ 126.930108742873259, 35.149537531197808 ], [ 126.93014821904741, 35.149704905123123 ], [ 126.93017366681336, 35.14978313787595 ], [ 126.930186766718904, 35.1498213259595 ] ] } },
{ "type": "Feature", "properties": { "seg_id": "DM02035", "width_min_m": 3.2, "width_max_m": 4.13, "verdict": "needs_cv", "unknown_reason": null, "cctv_dist_m": 24.6, "cv_feasible": true, "width_verified": false, "midpoint_fallback": false, "inherited": false, "route_usage": 109, "length_m": 55.0, "run_length_m": 55.0, "nfa_designated": false }, "geometry": { "type": "LineString", "coordinates": [ [ 126.930089525506759, 35.149459420016974 ], [ 126.930254345189084, 35.149457716717905 ], [ 126.930470681439019, 35.149467686787972 ], [ 126.930576273106809, 35.149458570504905 ], [ 126.930690270972903, 35.149441956167962 ] ] } },
{ "type": "Feature", "properties": { "seg_id": "DM02036", "width_min_m": 2.1, "width_max_m": 3.63, "verdict": "unknown", "unknown_reason": "no_cctv", "cctv_dist_m": 51.1, "cv_feasible": false, "width_verified": false, "midpoint_fallback": false, "inherited": false, "route_usage": 3, "length_m": 45.1, "run_length_m": null, "nfa_designated": false }, "geometry": { "type": "LineString", "coordinates": [ [ 126.930186766718904, 35.1498213259595 ], [ 126.930198103554119, 35.149854374412833 ], [ 126.930204820114056, 35.149916354520172 ], [ 126.930205817793038, 35.149967218284182 ], [ 126.930201098628444, 35.150025128321722 ], [ 126.930209410405908, 35.150048214098838 ], [ 126.930256785807117, 35.150058926837843 ], [ 126.930327088403232, 35.15005212841892 ], [ 126.930406771590725, 35.150035932366237 ], [ 126.930418993070532, 35.150031959530295 ] ] } },
{ "type": "Feature", "properties": { "seg_id": "DM02037", "width_min_m": 1.0, "width_max_m": 1.47, "verdict": "blocked", "unknown_reason": null, "cctv_dist_m": 24.8, "cv_feasible": true, "width_verified": false, "midpoint_fallback": false, "inherited": false, "route_usage": 4, "length_m": 85.8, "run_length_m": 85.8, "nfa_designated": false }, "geometry": { "type": "LineString", "coordinates": [ [ 126.930186766718904, 35.1498213259595 ], [ 126.930244407537458, 35.149818173051237 ], [ 126.930361982227524, 35.149805567866188 ], [ 126.930418165280258, 35.149797599882397 ], [ 126.930627444002539, 35.149779504167306 ], [ 126.930667481944042, 35.149775864499887 ], [ 126.930722983058402, 35.149765286074192 ], [ 126.93072041527796, 35.149708275904679 ], [ 126.930722058016528, 35.149618366976867 ], [ 126.930728798392877, 35.149569816945103 ], [ 126.930718117006222, 35.14955272224617 ], [ 126.930706549233278, 35.149528019810504 ], [ 126.930696094162144, 35.149504781414301 ], [ 126.930692776367167, 35.149475693202504 ], [ 126.930690270972903, 35.149441956167962 ] ] } },
{ "type": "Feature", "properties": { "seg_id": "DM02038", "width_min_m": 0.9, "width_max_m": 2.06, "verdict": "blocked", "unknown_reason": null, "cctv_dist_m": 47.6, "cv_feasible": false, "width_verified": false, "midpoint_fallback": false, "inherited": false, "route_usage": 3, "length_m": 21.1, "run_length_m": 21.1, "nfa_designated": false }, "geometry": { "type": "LineString", "coordinates": [ [ 126.930418993070532, 35.150031959530295 ], [ 126.930432862535937, 35.150097715410404 ], [ 126.930445358716611, 35.150165450736246 ], [ 126.930451591665175, 35.150220419407979 ] ] } },
{ "type": "Feature", "properties": { "seg_id": "DM02039", "width_min_m": 2.1, "width_max_m": 4.27, "verdict": "unknown", "unknown_reason": "no_cctv", "cctv_dist_m": 36.7, "cv_feasible": false, "width_verified": false, "midpoint_fallback": false, "inherited": false, "route_usage": 2, "length_m": 15.7, "run_length_m": null, "nfa_designated": false }, "geometry": { "type": "LineString", "coordinates": [ [ 126.930418993070532, 35.150031959530295 ], [ 126.930439585746342, 35.150025265466333 ], [ 126.930516660048013, 35.150015051533181 ], [ 126.930589036094261, 35.150018512587359 ] ] } },
{ "type": "Feature", "properties": { "seg_id": "DM02040", "width_min_m": 1.9, "width_max_m": 2.91, "verdict": "unknown", "unknown_reason": "no_cctv", "cctv_dist_m": 33.5, "cv_feasible": false, "width_verified": false, "midpoint_fallback": false, "inherited": false, "route_usage": 0, "length_m": 23.8, "run_length_m": null, "nfa_designated": false }, "geometry": { "type": "LineString", "coordinates": [ [ 126.930451591665175, 35.150220419407979 ], [ 126.930471136588864, 35.150219240636197 ], [ 126.930583397168945, 35.150212569803692 ], [ 126.930611245917632, 35.150212445566986 ], [ 126.930619341228379, 35.150295353477631 ] ] } },
{ "type": "Feature", "properties": { "seg_id": "DM02041", "width_min_m": 2.04, "width_max_m": 31.29, "verdict": "unknown", "unknown_reason": "no_cctv", "cctv_dist_m": 47.8, "cv_feasible": false, "width_verified": false, "midpoint_fallback": false, "inherited": false, "route_usage": 3, "length_m": 49.9, "run_length_m": null, "nfa_designated": false }, "geometry": { "type": "LineString", "coordinates": [ [ 126.929908540705497, 35.150275075646476 ], [ 126.930142108496554, 35.150244243062865 ], [ 126.930186025489945, 35.150238445659376 ], [ 126.930249228827861, 35.150231890420457 ], [ 126.930350940015103, 35.150226489748647 ], [ 126.930451484301599, 35.150220425883241 ], [ 126.930451591665175, 35.150220419407979 ] ] } },
{ "type": "Feature", "properties": { "seg_id": "DM02191", "width_min_m": 20.16, "width_max_m": 21.25, "verdict": "clear", "unknown_reason": null, "cctv_dist_m": 38.3, "cv_feasible": false, "width_verified": false, "midpoint_fallback": false, "inherited": false, "route_usage": 0, "length_m": 14.9, "run_length_m": null, "nfa_designated": false }, "geometry": { "type": "LineString", "coordinates": [ [ 126.922637973445205, 35.149945819926813 ], [ 126.922653649257995, 35.14995794956711 ], [ 126.922732408100899, 35.150018887302494 ], [ 126.922756934436478, 35.150037865457662 ] ] } },
{ "type": "Feature", "properties": { "seg_id": "DM02193", "width_min_m": 20.01, "width_max_m": 21.1, "verdict": "clear", "unknown_reason": null, "cctv_dist_m": 19.0, "cv_feasible": true, "width_verified": false, "midpoint_fallback": false, "inherited": false, "route_usage": 0, "length_m": 19.7, "run_length_m": null, "nfa_designated": false }, "geometry": { "type": "LineString", "coordinates": [ [ 126.922756934436478, 35.150037865457662 ], [ 126.92290564067315, 35.150152932087337 ], [ 126.922914197346515, 35.150159552765295 ] ] } },
{ "type": "Feature", "properties": { "seg_id": "DM02194", "width_min_m": 19.15, "width_max_m": null, "verdict": "clear", "unknown_reason": null, "cctv_dist_m": 83.6, "cv_feasible": false, "width_verified": false, "midpoint_fallback": true, "inherited": false, "route_usage": 16, "length_m": 42.8, "run_length_m": null, "nfa_designated": false }, "geometry": { "type": "LineString", "coordinates": [ [ 126.924264292182841, 35.151796840415884 ], [ 126.924722474807751, 35.15171205090634 ] ] } },
{ "type": "Feature", "properties": { "seg_id": "DM02195", "width_min_m": 0.94, "width_max_m": 1.92, "verdict": "blocked", "unknown_reason": null, "cctv_dist_m": 49.2, "cv_feasible": false, "width_verified": false, "midpoint_fallback": false, "inherited": false, "route_usage": 2, "length_m": 73.9, "run_length_m": 73.9, "nfa_designated": false }, "geometry": { "type": "LineString", "coordinates": [ [ 126.924264292182841, 35.151796840415884 ], [ 126.924377891321541, 35.1520048283002 ], [ 126.924437295791364, 35.152122366715837 ], [ 126.924492395443806, 35.152231366533961 ], [ 126.924612465798887, 35.152187781071561 ], [ 126.924654755141205, 35.152265135128872 ] ] } },
{ "type": "Feature", "properties": { "seg_id": "DM02196", "width_min_m": 19.1, "width_max_m": null, "verdict": "clear", "unknown_reason": null, "cctv_dist_m": 107.7, "cv_feasible": false, "width_verified": false, "midpoint_fallback": true, "inherited": false, "route_usage": 16, "length_m": 15.5, "run_length_m": null, "nfa_designated": false }, "geometry": { "type": "LineString", "coordinates": [ [ 126.924722474807751, 35.15171205090634 ], [ 126.924726544070012, 35.151711297855805 ], [ 126.924888600371943, 35.151681313095025 ], [ 126.924888620156139, 35.15168130942326 ] ] } },
{ "type": "Feature", "properties": { "seg_id": "DM02197", "width_min_m": 1.2, "width_max_m": 2.21, "verdict": "blocked", "unknown_reason": null, "cctv_dist_m": 88.4, "cv_feasible": false, "width_verified": false, "midpoint_fallback": false, "inherited": false, "route_usage": 2, "length_m": 42.6, "run_length_m": 42.6, "nfa_designated": false }, "geometry": { "type": "LineString", "coordinates": [ [ 126.924722474807751, 35.15171205090634 ], [ 126.924749639237007, 35.151780208636325 ], [ 126.924767119155547, 35.151824067586425 ], [ 126.924837046546415, 35.151974759149553 ], [ 126.92488852969241, 35.152070731364461 ] ] } },
{ "type": "Feature", "properties": { "seg_id": "DM02198", "width_min_m": 1.38, "width_max_m": 3.4, "verdict": "unknown", "unknown_reason": "no_cctv", "cctv_dist_m": 119.1, "cv_feasible": false, "width_verified": false, "midpoint_fallback": false, "inherited": true, "route_usage": 16, "length_m": 0.4, "run_length_m": null, "nfa_designated": false }, "geometry": { "type": "LineString", "coordinates": [ [ 126.924888620156139, 35.15168130942326 ], [ 126.924892617753102, 35.15168056750786 ], [ 126.924893034861483, 35.151680486649383 ] ] } },
{ "type": "Feature", "properties": { "seg_id": "DM02199", "width_min_m": 1.38, "width_max_m": 3.4, "verdict": "unknown", "unknown_reason": "no_cctv", "cctv_dist_m": 119.1, "cv_feasible": false, "width_verified": false, "midpoint_fallback": false, "inherited": true, "route_usage": 0, "length_m": 0.0, "run_length_m": null, "nfa_designated": false }, "geometry": { "type": "LineString", "coordinates": [ [ 126.924888580976969, 35.151681235256795 ], [ 126.924888620156139, 35.15168130942326 ] ] } },
{ "type": "Feature", "properties": { "seg_id": "DM02200", "width_min_m": 1.38, "width_max_m": 3.4, "verdict": "unknown", "unknown_reason": "no_cctv", "cctv_dist_m": 81.1, "cv_feasible": false, "width_verified": false, "midpoint_fallback": false, "inherited": false, "route_usage": 2, "length_m": 61.0, "run_length_m": null, "nfa_designated": false }, "geometry": { "type": "LineString", "coordinates": [ [ 126.924888620156139, 35.15168130942326 ], [ 126.925010038301522, 35.151911154192156 ], [ 126.92511088503916, 35.152085990515175 ], [ 126.924996111479842, 35.152134230806233 ] ] } },
{ "type": "Feature", "properties": { "seg_id": "DM02201", "width_min_m": 19.45, "width_max_m": 21.39, "verdict": "clear", "unknown_reason": null, "cctv_dist_m": 117.2, "cv_feasible": false, "width_verified": false, "midpoint_fallback": false, "inherited": false, "route_usage": 18, "length_m": 36.0, "run_length_m": null, "nfa_designated": false }, "geometry": { "type": "LineString", "coordinates": [ [ 126.924893034861483, 35.151680486649383 ], [ 126.924951967389831, 35.15166958140707 ], [ 126.925279281705954, 35.151612190953095 ] ] } },
{ "type": "Feature", "properties": { "seg_id": "DM02202", "width_min_m": 5.03, "width_max_m": null, "verdict": "clear", "unknown_reason": null, "cctv_dist_m": 87.8, "cv_feasible": false, "width_verified": false, "midpoint_fallback": true, "inherited": false, "route_usage": 2, "length_m": 33.0, "run_length_m": null, "nfa_designated": false }, "geometry": { "type": "LineString", "coordinates": [ [ 126.924815958761997, 35.151389777923995 ], [ 126.924893034861483, 35.151680486649383 ] ] } },
{ "type": "Feature", "properties": { "seg_id": "DM02203", "width_min_m": 19.43, "width_max_m": 21.46, "verdict": "clear", "unknown_reason": null, "cctv_dist_m": 115.7, "cv_feasible": false, "width_verified": false, "midpoint_fallback": false, "inherited": false, "route_usage": 18, "length_m": 31.0, "run_length_m": null, "nfa_designated": false }, "geometry": { "type": "LineString", "coordinates": [ [ 126.925279281705954, 35.151612190953095 ], [ 126.925357806339946, 35.151598422501223 ], [ 126.925554875172949, 35.151563870926516 ], [ 126.925611713385535, 35.151553906845635 ] ] } },
{ "type": "Feature", "properties": { "seg_id": "DM02204", "width_min_m": 1.1, "width_max_m": 3.35, "verdict": "unknown", "unknown_reason": "no_cctv", "cctv_dist_m": 89.2, "cv_feasible": false, "width_verified": false, "midpoint_fallback": false, "inherited": false, "route_usage": 2, "length_m": 36.4, "run_length_m": null, "nfa_designated": false }, "geometry": { "type": "LineString", "coordinates": [ [ 126.925279281705954, 35.151612190953095 ], [ 126.925239359706765, 35.151515450012731 ], [ 126.925235286146417, 35.151505578748534 ], [ 126.92514868168108, 35.151301886714663 ] ] } },
{ "type": "Feature", "properties": { "seg_id": "DM02205", "width_min_m": null, "width_max_m": null, "verdict": "unknown", "unknown_reason": "width", "cctv_dist_m": 113.9, "cv_feasible": false, "width_verified": false, "midpoint_fallback": true, "inherited": false, "route_usage": 18, "length_m": 3.1, "run_length_m": null, "nfa_designated": false }, "geometry": { "type": "LineString", "coordinates": [ [ 126.925611713385535, 35.151553906845635 ], [ 126.925645199245395, 35.151548036559149 ] ] } },
{ "type": "Feature", "properties": { "seg_id": "DM02206", "width_min_m": 20.07, "width_max_m": 33.86, "verdict": "clear", "unknown_reason": null, "cctv_dist_m": 102.4, "cv_feasible": false, "width_verified": false, "midpoint_fallback": false, "inherited": false, "route_usage": 18, "length_m": 16.6, "run_length_m": null, "nfa_designated": false }, "geometry": { "type": "LineString", "coordinates": [ [ 126.925645199245395, 35.151548036559149 ], [ 126.925822862607788, 35.151516886304663 ] ] } },
{ "type": "Feature", "properties": { "seg_id": "DM02207", "width_min_m": 19.15, "width_max_m": 21.47, "verdict": "clear", "unknown_reason": null, "cctv_dist_m": 72.8, "cv_feasible": false, "width_verified": false, "midpoint_fallback": false, "inherited": false, "route_usage": 18, "length_m": 122.2, "run_length_m": null, "nfa_designated": false }, "geometry": { "type": "LineString", "coordinates": [ [ 126.925822862607788, 35.151516886304663 ], [ 126.925838524918206, 35.151514140170782 ], [ 126.926081331551316, 35.151471567161003 ], [ 126.926149926502049, 35.151455060914081 ], [ 126.926505403576598, 35.151369499259459 ], [ 126.927114259520138, 35.151222953295893 ] ] } },
{ "type": "Feature", "properties": { "seg_id": "DM02208", "width_min_m": 1.8, "width_max_m": 2.32, "verdict": "blocked", "unknown_reason": null, "cctv_dist_m": 58.3, "cv_feasible": false, "width_verified": false, "midpoint_fallback": false, "inherited": false, "route_usage": 8, "length_m": 71.0, "run_length_m": 71.0, "nfa_designated": false }, "geometry": { "type": "LineString", "coordinates": [ [ 126.925822862607788, 35.151516886304663 ], [ 126.925841475185109, 35.151559461206837 ], [ 126.925886063420734, 35.151661452830865 ], [ 126.925917124453534, 35.151753902160316 ], [ 126.925972502836217, 35.151925833740052 ], [ 126.926007085540718, 35.152017872588573 ], [ 126.92602610485261, 35.152105380906214 ], [ 126.925993677324342, 35.152110100516758 ], [ 126.925993005744331, 35.152110180616546 ] ] } },
{ "type": "Feature", "properties": { "seg_id": "DM02209", "width_min_m": 19.3, "width_max_m": 21.02, "verdict": "clear", "unknown_reason": null, "cctv_dist_m": 83.2, "cv_feasible": false, "width_verified": false, "midpoint_fallback": false, "inherited": false, "route_usage": 116, "length_m": 15.8, "run_length_m": null, "nfa_designated": false }, "geometry": { "type": "LineString", "coordinates": [ [ 126.927114259520138, 35.151222953295893 ], [ 126.927271843603449, 35.151185021661213 ], [ 126.927276113604947, 35.151183996729401 ], [ 126.927280418579727, 35.151182960414914 ] ] } },
{ "type": "Feature", "properties": { "seg_id": "DM02210", "width_min_m": 19.62, "width_max_m": 22.07, "verdict": "clear", "unknown_reason": null, "cctv_dist_m": 52.1, "cv_feasible": false, "width_verified": false, "midpoint_fallback": false, "inherited": false, "route_usage": 119, "length_m": 55.9, "run_length_m": null, "nfa_designated": false }, "geometry": { "type": "LineString", "coordinates": [ [ 126.927280418579727, 35.151182960414914 ], [ 126.927482127458887, 35.151134403870664 ], [ 126.927637307266053, 35.151097056173597 ], [ 126.927672638077283, 35.151092615975813 ], [ 126.927876434979979, 35.151067015174512 ] ] } },
{ "type": "Feature", "properties": { "seg_id": "DM02211", "width_min_m": 1.09, "width_max_m": 2.0, "verdict": "blocked", "unknown_reason": null, "cctv_dist_m": 2.5, "cv_feasible": true, "width_verified": false, "midpoint_fallback": false, "inherited": false, "route_usage": 3, "length_m": 165.7, "run_length_m": 165.7, "nfa_designated": true }, "geometry": { "type": "LineString", "coordinates": [ [ 126.927280418579727, 35.151182960414914 ], [ 126.927283885511443, 35.151250415523293 ], [ 126.927286770240215, 35.151306543645845 ], [ 126.927293654271239, 35.151427302509155 ], [ 126.927287785188298, 35.151489337800918 ], [ 126.927274861844325, 35.151616788055001 ], [ 126.927269393916134, 35.151663552464669 ], [ 126.927227445716497, 35.151735930655335 ], [ 126.927209977339388, 35.151765825928301 ], [ 126.927174692852688, 35.151780439524046 ], [ 126.927076114717252, 35.151817390481007 ], [ 126.92702066815491, 35.151839945616409 ], [ 126.926962882630789, 35.151877452123045 ], [ 126.926920875141917, 35.151910982133629 ], [ 126.926853385687409, 35.151964072014771 ], [ 126.926779080272013, 35.152015230674998 ], [ 126.92675036238542, 35.152030816437218 ], [ 126.92671498681139, 35.152051391255569 ], [ 126.926698439730728, 35.152061367121213 ], [ 126.926681098795484, 35.152072520551634 ], [ 126.926672532819893, 35.152085622018959 ], [ 126.926657114995351, 35.152108237248882 ], [ 126.926654442371202, 35.152120718126824 ], [ 126.926658375109838, 35.152155918967253 ], [ 126.926659104714403, 35.152190246271715 ], [ 126.926657192495213, 35.152202727609755 ], [ 126.9266535683104, 35.152216768299439 ], [ 126.926608732849246, 35.152254698728598 ], [ 126.926594418828017, 35.152275910269331 ], [ 126.926591969826816, 35.152293384218233 ], [ 126.926584965453785, 35.152303366001135 ], [ 126.926556673841546, 35.152309839826273 ], [ 126.926459439897599, 35.15233027783335 ] ] } },
{ "type": "Feature", "properties": { "seg_id": "DM02212", "width_min_m": null, "width_max_m": null, "verdict": "unknown", "unknown_reason": "width", "cctv_dist_m": 50.6, "cv_feasible": false, "width_verified": false, "midpoint_fallback": true, "inherited": false, "route_usage": 130, "length_m": 7.5, "run_length_m": null, "nfa_designated": false }, "geometry": { "type": "LineString", "coordinates": [ [ 126.927876434979979, 35.151067015174512 ], [ 126.92795145389961, 35.151057587444519 ], [ 126.927957313928871, 35.151056851104947 ] ] } },
{ "type": "Feature", "properties": { "seg_id": "DM02213", "width_min_m": 9.58, "width_max_m": 14.62, "verdict": "clear", "unknown_reason": null, "cctv_dist_m": 28.6, "cv_feasible": false, "width_verified": false, "midpoint_fallback": false, "inherited": false, "route_usage": 11, "length_m": 155.8, "run_length_m": null, "nfa_designated": false }, "geometry": { "type": "LineString", "coordinates": [ [ 126.927876434979979, 35.151067015174512 ], [ 126.927848267044084, 35.151150144731979 ], [ 126.927796561565842, 35.151302738111333 ], [ 126.927743958074217, 35.151387613316444 ], [ 126.927550107820977, 35.151633801640962 ], [ 126.927493406536058, 35.15170497778022 ], [ 126.927464501075164, 35.151739707382482 ], [ 126.927442394083329, 35.151763378825287 ], [ 126.927197258903334, 35.15206990553758 ], [ 126.927169626061783, 35.152104458557737 ], [ 126.927061233509434, 35.152233204743006 ], [ 126.927026577813876, 35.152274371286794 ] ] } },
{ "type": "Feature", "properties": { "seg_id": "DM02214", "width_min_m": 9.44, "width_max_m": null, "verdict": "clear", "unknown_reason": null, "cctv_dist_m": 7.7, "cv_feasible": true, "width_verified": false, "midpoint_fallback": true, "inherited": false, "route_usage": 2, "length_m": 56.1, "run_length_m": null, "nfa_designated": false }, "geometry": { "type": "LineString", "coordinates": [ [ 126.928039727062199, 35.150599973799039 ], [ 126.928023619406545, 35.150633611148606 ], [ 126.928019000966472, 35.150659566450415 ], [ 126.92797149195556, 35.150743550161785 ], [ 126.927911440184189, 35.150870978661175 ], [ 126.927870701256097, 35.150945674750481 ], [ 126.927957313928871, 35.151056851104947 ] ] } },
{ "type": "Feature", "properties": { "seg_id": "DM02215", "width_min_m": 19.19, "width_max_m": 21.12, "verdict": "clear", "unknown_reason": null, "cctv_dist_m": 52.6, "cv_feasible": false, "width_verified": false, "midpoint_fallback": false, "inherited": false, "route_usage": 118, "length_m": 25.7, "run_length_m": null, "nfa_designated": false }, "geometry": { "type": "LineString", "coordinates": [ [ 126.928204871733001, 35.151025751750929 ], [ 126.928286585749248, 35.15101548058508 ], [ 126.928459848673754, 35.151005165380312 ], [ 126.928484970535166, 35.151003666229215 ] ] } },
{ "type": "Feature", "properties": { "seg_id": "DM02216", "width_min_m": 14.39, "width_max_m": null, "verdict": "clear", "unknown_reason": null, "cctv_dist_m": 52.6, "cv_feasible": false, "width_verified": false, "midpoint_fallback": true, "inherited": false, "route_usage": 0, "length_m": 70.1, "run_length_m": null, "nfa_designated": false }, "geometry": { "type": "LineString", "coordinates": [ [ 126.928204871733001, 35.151025751750929 ], [ 126.927989348350764, 35.151632071170368 ] ] } },
{ "type": "Feature", "properties": { "seg_id": "DM02217", "width_min_m": 18.64, "width_max_m": 21.03, "verdict": "clear", "unknown_reason": null, "cctv_dist_m": 66.3, "cv_feasible": false, "width_verified": false, "midpoint_fallback": false, "inherited": false, "route_usage": 118, "length_m": 27.6, "run_length_m": null, "nfa_designated": false }, "geometry": { "type": "LineString", "coordinates": [ [ 126.928484970535166, 35.151003666229215 ], [ 126.928775326022389, 35.150986390434056 ], [ 126.928786663232827, 35.150985712201191 ] ] } },
{ "type": "Feature", "properties": { "seg_id": "DM02218", "width_min_m": 1.44, "width_max_m": 2.83, "verdict": "unknown", "unknown_reason": "no_cctv", "cctv_dist_m": 58.1, "cv_feasible": false, "width_verified": false, "midpoint_fallback": false, "inherited": false, "route_usage": 0, "length_m": 44.4, "run_length_m": null, "nfa_designated": false }, "geometry": { "type": "LineString", "coordinates": [ [ 126.928484970535166, 35.151003666229215 ], [ 126.928512840489887, 35.151403118601358 ] ] } },
{ "type": "Feature", "properties": { "seg_id": "DM02219", "width_min_m": 1.35, "width_max_m": 2.56, "verdict": "unknown", "unknown_reason": "no_cctv", "cctv_dist_m": 67.4, "cv_feasible": false, "width_verified": false, "midpoint_fallback": false, "inherited": true, "route_usage": 118, "length_m": 1.5, "run_length_m": null, "nfa_designated": false }, "geometry": { "type": "LineString", "coordinates": [ [ 126.928786663232827, 35.150985712201191 ], [ 126.928794049426699, 35.150985274964931 ], [ 126.928803388795828, 35.15098472093311 ] ] } },
{ "type": "Feature", "properties": { "seg_id": "DM02220", "width_min_m": 1.35, "width_max_m": 2.56, "verdict": "unknown", "unknown_reason": "no_cctv", "cctv_dist_m": 31.6, "cv_feasible": false, "width_verified": false, "midpoint_fallback": false, "inherited": false, "route_usage": 0, "length_m": 45.9, "run_length_m": null, "nfa_designated": false }, "geometry": { "type": "LineString", "coordinates": [ [ 126.928786663232827, 35.150985712201191 ], [ 126.928823455879964, 35.151398699195475 ] ] } },
{ "type": "Feature", "properties": { "seg_id": "DM02221", "width_min_m": 17.9, "width_max_m": 21.18, "verdict": "clear", "unknown_reason": null, "cctv_dist_m": 62.4, "cv_feasible": false, "width_verified": false, "midpoint_fallback": false, "inherited": false, "route_usage": 118, "length_m": 25.4, "run_length_m": null, "nfa_designated": false }, "geometry": { "type": "LineString", "coordinates": [ [ 126.928803388795828, 35.15098472093311 ], [ 126.928809392517351, 35.150984364778822 ], [ 126.929081584201256, 35.150968168002386 ] ] } },
{ "type": "Feature", "properties": { "seg_id": "DM02222", "width_min_m": 2.0, "width_max_m": 3.83, "verdict": "unknown", "unknown_reason": "no_cctv", "cctv_dist_m": 59.0, "cv_feasible": false, "width_verified": false, "midpoint_fallback": false, "inherited": false, "route_usage": 2, "length_m": 37.5, "run_length_m": null, "nfa_designated": false }, "geometry": { "type": "LineString", "coordinates": [ [ 126.928803388795828, 35.15098472093311 ], [ 126.928776144481091, 35.150823187068625 ], [ 126.928771478130699, 35.150738021711724 ], [ 126.928782028683017, 35.150718142395426 ], [ 126.928767857188518, 35.150651260346059 ] ] } },
{ "type": "Feature", "properties": { "seg_id": "DM02223", "width_min_m": 17.42, "width_max_m": 20.36, "verdict": "clear", "unknown_reason": null, "cctv_dist_m": 62.4, "cv_feasible": false, "width_verified": false, "midpoint_fallback": false, "inherited": false, "route_usage": 118, "length_m": 27.4, "run_length_m": null, "nfa_designated": false }, "geometry": { "type": "LineString", "coordinates": [ [ 126.929081584201256, 35.150968168002386 ], [ 126.929380960913434, 35.150950346314978 ] ] } },
{ "type": "Feature", "properties": { "seg_id": "DM02224", "width_min_m": 1.24, "width_max_m": 2.59, "verdict": "needs_cv", "unknown_reason": null, "cctv_dist_m": 0.8, "cv_feasible": true, "width_verified": false, "midpoint_fallback": false, "inherited": false, "route_usage": 0, "length_m": 67.6, "run_length_m": 67.6, "nfa_designated": false }, "geometry": { "type": "LineString", "coordinates": [ [ 126.929081584201256, 35.150968168002386 ], [ 126.929127062261571, 35.151576159288226 ] ] } },
{ "type": "Feature", "properties": { "seg_id": "DM02225", "width_min_m": 18.02, "width_max_m": 20.99, "verdict": "clear", "unknown_reason": null, "cctv_dist_m": 68.1, "cv_feasible": false, "width_verified": false, "midpoint_fallback": true, "inherited": false, "route_usage": 118, "length_m": 7.0, "run_length_m": null, "nfa_designated": false }, "geometry": { "type": "LineString", "coordinates": [ [ 126.929380960913434, 35.150950346314978 ], [ 126.929457500715444, 35.150945785875443 ] ] } },
{ "type": "Feature", "properties": { "seg_id": "DM02226", "width_min_m": 1.35, "width_max_m": 2.92, "verdict": "unknown", "unknown_reason": "no_cctv", "cctv_dist_m": 26.5, "cv_feasible": false, "width_verified": false, "midpoint_fallback": false, "inherited": false, "route_usage": 0, "length_m": 67.4, "run_length_m": null, "nfa_designated": false }, "geometry": { "type": "LineString", "coordinates": [ [ 126.929380960913434, 35.150950346314978 ], [ 126.929425027161031, 35.151556425779539 ] ] } },
{ "type": "Feature", "properties": { "seg_id": "DM02227", "width_min_m": 8.9, "width_max_m": 10.6, "verdict": "clear", "unknown_reason": null, "cctv_dist_m": 51.0, "cv_feasible": false, "width_verified": false, "midpoint_fallback": false, "inherited": false, "route_usage": 0, "length_m": 45.2, "run_length_m": null, "nfa_designated": false }, "geometry": { "type": "LineString", "coordinates": [ [ 126.929457500715444, 35.150945785875443 ], [ 126.929634206428574, 35.151326091387446 ] ] } },
{ "type": "Feature", "properties": { "seg_id": "DM02230", "width_min_m": null, "width_max_m": null, "verdict": "unknown", "unknown_reason": "width", "cctv_dist_m": 91.6, "cv_feasible": false, "width_verified": false, "midpoint_fallback": true, "inherited": false, "route_usage": 0, "length_m": 78.8, "run_length_m": null, "nfa_designated": false }, "geometry": { "type": "LineString", "coordinates": [ [ 126.930331781288757, 35.150893734970978 ], [ 126.930327094267454, 35.150882194872182 ], [ 126.929908577536835, 35.150275129074942 ], [ 126.929908540705497, 35.150275075646476 ] ] } },
{ "type": "Feature", "properties": { "seg_id": "DM02233", "width_min_m": 1.1, "width_max_m": 3.1, "verdict": "unknown", "unknown_reason": "no_cctv", "cctv_dist_m": 32.0, "cv_feasible": false, "width_verified": false, "midpoint_fallback": false, "inherited": false, "route_usage": 0, "length_m": 74.1, "run_length_m": null, "nfa_designated": false }, "geometry": { "type": "LineString", "coordinates": [ [ 126.931378126277053, 35.15083067195247 ], [ 126.931368531522196, 35.150730189051544 ], [ 126.931360350718208, 35.150644513992653 ], [ 126.931350818100512, 35.150516728916379 ], [ 126.931339145032041, 35.150388613926907 ], [ 126.931315614194034, 35.150164460657614 ] ] } },
{ "type": "Feature", "properties": { "seg_id": "DM02247", "width_min_m": 18.45, "width_max_m": 19.27, "verdict": "clear", "unknown_reason": null, "cctv_dist_m": 73.7, "cv_feasible": false, "width_verified": false, "midpoint_fallback": false, "inherited": false, "route_usage": 48, "length_m": 76.0, "run_length_m": null, "nfa_designated": false }, "geometry": { "type": "LineString", "coordinates": [ [ 126.924431504683398, 35.15314619359156 ], [ 126.924439753670327, 35.153174223557478 ], [ 126.924448472639654, 35.15320384762137 ], [ 126.924549282736464, 35.153546390448426 ], [ 126.924627365279193, 35.153811669668364 ] ] } },
{ "type": "Feature", "properties": { "seg_id": "DM02248", "width_min_m": 18.45, "width_max_m": 19.27, "verdict": "clear", "unknown_reason": null, "cctv_dist_m": 73.1, "cv_feasible": false, "width_verified": false, "midpoint_fallback": false, "inherited": true, "route_usage": 2, "length_m": 1.6, "run_length_m": null, "nfa_designated": false }, "geometry": { "type": "LineString", "coordinates": [ [ 126.924443727507665, 35.153135421769313 ], [ 126.924431504683398, 35.15314619359156 ] ] } },
{ "type": "Feature", "properties": { "seg_id": "DM02249", "width_min_m": null, "width_max_m": 39.09, "verdict": "unknown", "unknown_reason": "width", "cctv_dist_m": 73.7, "cv_feasible": false, "width_verified": false, "midpoint_fallback": true, "inherited": false, "route_usage": 14, "length_m": 11.4, "run_length_m": null, "nfa_designated": false }, "geometry": { "type": "LineString", "coordinates": [ [ 126.924431504683398, 35.15314619359156 ], [ 126.924348453437005, 35.153219385508493 ], [ 126.924347386634167, 35.153221773420455 ] ] } },
{ "type": "Feature", "properties": { "seg_id": "DM02605", "width_min_m": 12.41, "width_max_m": 16.1, "verdict": "clear", "unknown_reason": null, "cctv_dist_m": 54.9, "cv_feasible": false, "width_verified": false, "midpoint_fallback": false, "inherited": false, "route_usage": 46, "length_m": 58.2, "run_length_m": null, "nfa_designated": false }, "geometry": { "type": "LineString", "coordinates": [ [ 126.920980602506958, 35.154411897383156 ], [ 126.920996291664565, 35.154413845367202 ], [ 126.921611733877825, 35.154490290634691 ] ] } },
{ "type": "Feature", "properties": { "seg_id": "DM02606", "width_min_m": 1.8, "width_max_m": 3.49, "verdict": "needs_cv", "unknown_reason": null, "cctv_dist_m": 0.3, "cv_feasible": true, "width_verified": false, "midpoint_fallback": false, "inherited": false, "route_usage": 3, "length_m": 122.5, "run_length_m": 152.6, "nfa_designated": true }, "geometry": { "type": "LineString", "coordinates": [ [ 126.92128207684793, 35.153608089017574 ], [ 126.921267493356964, 35.15360829926491 ], [ 126.921220231293475, 35.153623781800576 ], [ 126.921135379456615, 35.153676424176233 ], [ 126.920858176972089, 35.153817108868687 ], [ 126.920902917145156, 35.153865702237944 ], [ 126.921001880986708, 35.153971770910665 ], [ 126.921040072561468, 35.15401607371038 ], [ 126.921083999584425, 35.154055896484273 ], [ 126.921110707568189, 35.154083011521628 ], [ 126.921080672814838, 35.154130542744618 ], [ 126.921003756929636, 35.154210083281498 ], [ 126.920991338814616, 35.1542530834366 ], [ 126.920980602506958, 35.154411897383156 ] ] } },
{ "type": "Feature", "properties": { "seg_id": "DM02607", "width_min_m": 13.94, "width_max_m": 16.41, "verdict": "clear", "unknown_reason": null, "cctv_dist_m": 57.3, "cv_feasible": false, "width_verified": false, "midpoint_fallback": false, "inherited": false, "route_usage": 41, "length_m": 25.6, "run_length_m": null, "nfa_designated": false }, "geometry": { "type": "LineString", "coordinates": [ [ 126.921611733877825, 35.154490290634691 ], [ 126.921621357715168, 35.154491486762232 ], [ 126.921891769908342, 35.154506510276761 ] ] } },
{ "type": "Feature", "properties": { "seg_id": "DM02608", "width_min_m": 4.83, "width_max_m": 7.33, "verdict": "clear", "unknown_reason": null, "cctv_dist_m": 11.0, "cv_feasible": true, "width_verified": false, "midpoint_fallback": false, "inherited": false, "route_usage": 9, "length_m": 49.9, "run_length_m": null, "nfa_designated": false }, "geometry": { "type": "LineString", "coordinates": [ [ 126.921616853439559, 35.154040664243844 ], [ 126.921616218853117, 35.154042849493216 ], [ 126.921612964933729, 35.154149864863463 ], [ 126.92161479913517, 35.154405185812635 ], [ 126.921611733877825, 35.154490290634691 ] ] } },
{ "type": "Feature", "properties": { "seg_id": "DM02609", "width_min_m": 12.78, "width_max_m": 17.95, "verdict": "clear", "unknown_reason": null, "cctv_dist_m": 67.5, "cv_feasible": false, "width_verified": false, "midpoint_fallback": false, "inherited": false, "route_usage": 41, "length_m": 16.5, "run_length_m": null, "nfa_designated": false }, "geometry": { "type": "LineString", "coordinates": [ [ 126.921891769908342, 35.154506510276761 ], [ 126.921899150866864, 35.154506920338264 ], [ 126.921906174435918, 35.154507312530654 ], [ 126.922071958647052, 35.154496491760547 ] ] } },
{ "type": "Feature", "properties": { "seg_id": "DM02610", "width_min_m": 1.65, "width_max_m": 3.4, "verdict": "unknown", "unknown_reason": "no_cctv", "cctv_dist_m": 67.5, "cv_feasible": false, "width_verified": false, "midpoint_fallback": false, "inherited": false, "route_usage": 2, "length_m": 39.0, "run_length_m": null, "nfa_designated": false }, "geometry": { "type": "LineString", "coordinates": [ [ 126.921891769908342, 35.154506510276761 ], [ 126.921904204160711, 35.154556117036904 ], [ 126.921911042167324, 35.154583397408707 ], [ 126.921970651427927, 35.154761927550723 ], [ 126.921863174512382, 35.154761459031405 ] ] } },
{ "type": "Feature", "properties": { "seg_id": "DM02611", "width_min_m": 11.56, "width_max_m": 13.46, "verdict": "clear", "unknown_reason": null, "cctv_dist_m": 55.1, "cv_feasible": false, "width_verified": false, "midpoint_fallback": false, "inherited": false, "route_usage": 43, "length_m": 44.7, "run_length_m": null, "nfa_designated": false }, "geometry": { "type": "LineString", "coordinates": [ [ 126.922071958647052, 35.154496491760547 ], [ 126.922072839203295, 35.154496434285839 ], [ 126.922553000326545, 35.154465083217104 ], [ 126.922560523954317, 35.15446459196108 ] ] } },
{ "type": "Feature", "properties": { "seg_id": "DM02612", "width_min_m": 1.0, "width_max_m": 2.14, "verdict": "blocked", "unknown_reason": null, "cctv_dist_m": 37.5, "cv_feasible": false, "width_verified": false, "midpoint_fallback": false, "inherited": false, "route_usage": 2, "length_m": 56.9, "run_length_m": 56.9, "nfa_designated": false }, "geometry": { "type": "LineString", "coordinates": [ [ 126.921984973237997, 35.15408719400731 ], [ 126.921929566617024, 35.154122868179194 ], [ 126.921877902099411, 35.154160284881527 ], [ 126.921856328521869, 35.154176313245429 ], [ 126.921908652063024, 35.154240958109632 ], [ 126.921934215896599, 35.15426967574961 ], [ 126.921995506288553, 35.154354299843504 ], [ 126.922010937977916, 35.15438093012645 ], [ 126.922028417157804, 35.154383645262413 ], [ 126.922071958647052, 35.154496491760547 ] ] } },
{ "type": "Feature", "properties": { "seg_id": "DM02613", "width_min_m": 2.7, "width_max_m": 6.17, "verdict": "unknown", "unknown_reason": "no_cctv", "cctv_dist_m": 55.0, "cv_feasible": false, "width_verified": false, "midpoint_fallback": false, "inherited": true, "route_usage": 48, "length_m": 0.9, "run_length_m": null, "nfa_designated": false }, "geometry": { "type": "LineString", "coordinates": [ [ 126.922560523954317, 35.15446459196108 ], [ 126.92257049544699, 35.154463940870727 ] ] } },
{ "type": "Feature", "properties": { "seg_id": "DM02614", "width_min_m": 2.7, "width_max_m": 6.17, "verdict": "unknown", "unknown_reason": "no_cctv", "cctv_dist_m": 37.1, "cv_feasible": false, "width_verified": false, "midpoint_fallback": false, "inherited": false, "route_usage": 5, "length_m": 59.1, "run_length_m": null, "nfa_designated": false }, "geometry": { "type": "LineString", "coordinates": [ [ 126.922560523954317, 35.15446459196108 ], [ 126.922543489767349, 35.154549006941771 ], [ 126.922537522234734, 35.154578579731485 ], [ 126.922513203003334, 35.154620745698857 ], [ 126.922479164637366, 35.154670544567047 ], [ 126.922411040935728, 35.154732785994227 ], [ 126.92237136660539, 35.154751692397454 ], [ 126.922340602054945, 35.154762633045777 ], [ 126.922238912031929, 35.154801514944786 ], [ 126.922205308997746, 35.15481942888637 ], [ 126.922175210655681, 35.154850165039434 ] ] } },
{ "type": "Feature", "properties": { "seg_id": "DM02615", "width_min_m": 6.33, "width_max_m": 9.08, "verdict": "clear", "unknown_reason": null, "cctv_dist_m": 55.0, "cv_feasible": false, "width_verified": false, "midpoint_fallback": false, "inherited": false, "route_usage": 17, "length_m": 49.4, "run_length_m": null, "nfa_designated": false }, "geometry": { "type": "LineString", "coordinates": [ [ 126.922693889546778, 35.154050540070308 ], [ 126.922727017966253, 35.154192230091191 ], [ 126.922726435317131, 35.154193248243637 ], [ 126.92257049544699, 35.154463940870727 ] ] } },
{ "type": "Feature", "properties": { "seg_id": "DM02616", "width_min_m": 13.39, "width_max_m": 18.42, "verdict": "clear", "unknown_reason": null, "cctv_dist_m": 45.6, "cv_feasible": false, "width_verified": false, "midpoint_fallback": false, "inherited": false, "route_usage": 39, "length_m": 22.3, "run_length_m": null, "nfa_designated": false }, "geometry": { "type": "LineString", "coordinates": [ [ 126.92304116023314, 35.154402497415788 ], [ 126.923056921565149, 35.154399611311 ], [ 126.923249931874324, 35.154347899085849 ], [ 126.923274308505725, 35.154341367467403 ] ] } },
{ "type": "Feature", "properties": { "seg_id": "DM02617", "width_min_m": 1.3, "width_max_m": 2.59, "verdict": "unknown", "unknown_reason": "no_cctv", "cctv_dist_m": 33.5, "cv_feasible": false, "width_verified": false, "midpoint_fallback": false, "inherited": false, "route_usage": 0, "length_m": 46.3, "run_length_m": null, "nfa_designated": false }, "geometry": { "type": "LineString", "coordinates": [ [ 126.923274308505725, 35.154341367467403 ], [ 126.92330936241143, 35.154396518803679 ], [ 126.923319708085685, 35.154416891747935 ], [ 126.923324201181586, 35.1544257396543 ], [ 126.923345441049335, 35.154459688611958 ], [ 126.9233951832814, 35.154450621366244 ], [ 126.923446391468204, 35.154529205455141 ], [ 126.923299440777384, 35.154625599070442 ] ] } },
{ "type": "Feature", "properties": { "seg_id": "DM02659", "width_min_m": 10.11, "width_max_m": null, "verdict": "clear", "unknown_reason": null, "cctv_dist_m": 88.2, "cv_feasible": false, "width_verified": false, "midpoint_fallback": true, "inherited": false, "route_usage": 249, "length_m": 6.8, "run_length_m": null, "nfa_designated": false }, "geometry": { "type": "LineString", "coordinates": [ [ 126.919648784901767, 35.152852671065212 ], [ 126.919691385897309, 35.152822540472691 ], [ 126.91970572411671, 35.152812407146342 ] ] } },
{ "type": "Feature", "properties": { "seg_id": "DM02660", "width_min_m": 2.44, "width_max_m": 5.94, "verdict": "unknown", "unknown_reason": "no_cctv", "cctv_dist_m": 88.8, "cv_feasible": false, "width_verified": false, "midpoint_fallback": false, "inherited": false, "route_usage": 0, "length_m": 23.6, "run_length_m": null, "nfa_designated": false }, "geometry": { "type": "LineString", "coordinates": [ [ 126.919648784901767, 35.152852671065212 ], [ 126.919453015363629, 35.152713243376958 ] ] } },
{ "type": "Feature", "properties": { "seg_id": "DM02661", "width_min_m": 10.89, "width_max_m": 19.68, "verdict": "clear", "unknown_reason": null, "cctv_dist_m": 72.7, "cv_feasible": false, "width_verified": false, "midpoint_fallback": false, "inherited": false, "route_usage": 249, "length_m": 17.8, "run_length_m": null, "nfa_designated": false }, "geometry": { "type": "LineString", "coordinates": [ [ 126.91970572411671, 35.152812407146342 ], [ 126.919708408705588, 35.152810509852024 ], [ 126.919759213545959, 35.152774580041871 ], [ 126.919861082213444, 35.152739991560601 ], [ 126.919874031286255, 35.152735599608064 ] ] } },
{ "type": "Feature", "properties": { "seg_id": "DM02662", "width_min_m": 1.4, "width_max_m": 8.53, "verdict": "unknown", "unknown_reason": "no_cctv", "cctv_dist_m": 61.8, "cv_feasible": false, "width_verified": false, "midpoint_fallback": false, "inherited": false, "route_usage": 2, "length_m": 26.6, "run_length_m": null, "nfa_designated": false }, "geometry": { "type": "LineString", "coordinates": [ [ 126.91970572411671, 35.152812407146342 ], [ 126.919738588371985, 35.152846968237114 ], [ 126.919793437460115, 35.152904648701636 ], [ 126.9198873208598, 35.153000024468966 ] ] } },
{ "type": "Feature", "properties": { "seg_id": "DM02663", "width_min_m": 11.39, "width_max_m": 19.86, "verdict": "clear", "unknown_reason": null, "cctv_dist_m": 55.8, "cv_feasible": false, "width_verified": false, "midpoint_fallback": false, "inherited": false, "route_usage": 249, "length_m": 19.4, "run_length_m": null, "nfa_designated": false }, "geometry": { "type": "LineString", "coordinates": [ [ 126.919874031286255, 35.152735599608064 ], [ 126.919878109712869, 35.152734216322834 ], [ 126.919995249213372, 35.152694455214025 ], [ 126.920039772019791, 35.152662865594543 ], [ 126.920056878935767, 35.152650732464842 ] ] } },
{ "type": "Feature", "properties": { "seg_id": "DM02664", "width_min_m": 1.2, "width_max_m": 3.79, "verdict": "unknown", "unknown_reason": "no_cctv", "cctv_dist_m": 54.4, "cv_feasible": false, "width_verified": false, "midpoint_fallback": false, "inherited": false, "route_usage": 2, "length_m": 33.0, "run_length_m": null, "nfa_designated": false }, "geometry": { "type": "LineString", "coordinates": [ [ 126.919874031286255, 35.152735599608064 ], [ 126.91991576476245, 35.152784114482429 ], [ 126.919943563949701, 35.152816429632971 ], [ 126.919986775929402, 35.15286272285848 ], [ 126.920029536945549, 35.152902719240814 ], [ 126.920072264205444, 35.152910492306667 ], [ 126.920112848919516, 35.152949324580185 ] ] } },
{ "type": "Feature", "properties": { "seg_id": "DM02665", "width_min_m": 12.01, "width_max_m": 13.1, "verdict": "clear", "unknown_reason": null, "cctv_dist_m": 35.0, "cv_feasible": false, "width_verified": false, "midpoint_fallback": false, "inherited": false, "route_usage": 249, "length_m": 23.4, "run_length_m": null, "nfa_designated": false }, "geometry": { "type": "LineString", "coordinates": [ [ 126.920056878935767, 35.152650732464842 ], [ 126.920059946742981, 35.15264855661303 ], [ 126.920250118171765, 35.152513652174015 ], [ 126.920251474358835, 35.152512690402737 ] ] } },
{ "type": "Feature", "properties": { "seg_id": "DM02666", "width_min_m": 1.2, "width_max_m": 3.09, "verdict": "unknown", "unknown_reason": "no_cctv", "cctv_dist_m": 55.8, "cv_feasible": false, "width_verified": false, "midpoint_fallback": false, "inherited": false, "route_usage": 2, "length_m": 34.8, "run_length_m": null, "nfa_designated": false }, "geometry": { "type": "LineString", "coordinates": [ [ 126.920056878935767, 35.152650732464842 ], [ 126.920089675297035, 35.152709433890394 ], [ 126.920100976248875, 35.152729661173069 ], [ 126.920155553011128, 35.152775214149308 ], [ 126.92020433957768, 35.152814572561759 ], [ 126.920237884988182, 35.152833761681244 ], [ 126.920304530684433, 35.15288215808846 ] ] } },
{ "type": "Feature", "properties": { "seg_id": "DM02667", "width_min_m": 1.6, "width_max_m": 2.24, "verdict": "blocked", "unknown_reason": null, "cctv_dist_m": 35.0, "cv_feasible": false, "width_verified": false, "midpoint_fallback": false, "inherited": false, "route_usage": 2, "length_m": 37.5, "run_length_m": 37.5, "nfa_designated": false }, "geometry": { "type": "LineString", "coordinates": [ [ 126.920251474358835, 35.152512690402737 ], [ 126.920284430287751, 35.152535829505581 ], [ 126.920335632568452, 35.152571779361317 ], [ 126.920414809281553, 35.152634399340641 ], [ 126.920454674346956, 35.152663843810295 ], [ 126.92048177158658, 35.152681768382763 ], [ 126.920541607204072, 35.152720501436512 ], [ 126.920561671629457, 35.152733956438318 ] ] } },
{ "type": "Feature", "properties": { "seg_id": "DM02668", "width_min_m": 9.92, "width_max_m": 16.31, "verdict": "clear", "unknown_reason": null, "cctv_dist_m": 45.7, "cv_feasible": false, "width_verified": false, "midpoint_fallback": false, "inherited": false, "route_usage": 189, "length_m": 44.3, "run_length_m": null, "nfa_designated": false }, "geometry": { "type": "LineString", "coordinates": [ [ 126.920856418564654, 35.152018149319879 ], [ 126.920987286807673, 35.151921574947409 ], [ 126.921016170912395, 35.151900259043408 ], [ 126.921071988193177, 35.151832667396896 ], [ 126.921168393667585, 35.151715906650843 ] ] } },
{ "type": "Feature", "properties": { "seg_id": "DM02669", "width_min_m": 3.22, "width_max_m": 5.13, "verdict": "needs_cv", "unknown_reason": null, "cctv_dist_m": 17.5, "cv_feasible": true, "width_verified": false, "midpoint_fallback": false, "inherited": false, "route_usage": 6, "length_m": 28.8, "run_length_m": 185.9, "nfa_designated": true }, "geometry": { "type": "LineString", "coordinates": [ [ 126.920856418564654, 35.152018149319879 ], [ 126.921088680097142, 35.152179204440102 ], [ 126.921098134290844, 35.152185758406596 ] ] } },
{ "type": "Feature", "properties": { "seg_id": "DM02670", "width_min_m": 16.8, "width_max_m": 26.82, "verdict": "clear", "unknown_reason": null, "cctv_dist_m": 63.1, "cv_feasible": false, "width_verified": false, "midpoint_fallback": true, "inherited": false, "route_usage": 189, "length_m": 7.6, "run_length_m": null, "nfa_designated": false }, "geometry": { "type": "LineString", "coordinates": [ [ 126.921168393667585, 35.151715906650843 ], [ 126.921215090990344, 35.151659359509374 ] ] } },
{ "type": "Feature", "properties": { "seg_id": "DM02671", "width_min_m": 3.7, "width_max_m": 4.39, "verdict": "unknown", "unknown_reason": "no_cctv", "cctv_dist_m": 41.2, "cv_feasible": false, "width_verified": false, "midpoint_fallback": false, "inherited": false, "route_usage": 0, "length_m": 53.2, "run_length_m": null, "nfa_designated": false }, "geometry": { "type": "LineString", "coordinates": [ [ 126.921168393667585, 35.151715906650843 ], [ 126.921268713551072, 35.151770288720748 ], [ 126.921596019098075, 35.152039541288829 ], [ 126.921596284731521, 35.152039759816454 ] ] } },
{ "type": "Feature", "properties": { "seg_id": "DM02672", "width_min_m": 12.01, "width_max_m": null, "verdict": "clear", "unknown_reason": null, "cctv_dist_m": 65.1, "cv_feasible": false, "width_verified": false, "midpoint_fallback": true, "inherited": false, "route_usage": 110, "length_m": 34.1, "run_length_m": null, "nfa_designated": false }, "geometry": { "type": "LineString", "coordinates": [ [ 126.921215090990344, 35.151659359509374 ], [ 126.921221320953876, 35.151651819290599 ], [ 126.921331204430572, 35.151510911012942 ], [ 126.921468385058077, 35.151444499629541 ] ] } },
{ "type": "Feature", "properties": { "seg_id": "DM02673", "width_min_m": 7.63, "width_max_m": 8.67, "verdict": "clear", "unknown_reason": null, "cctv_dist_m": 51.8, "cv_feasible": false, "width_verified": false, "midpoint_fallback": false, "inherited": false, "route_usage": 79, "length_m": 57.5, "run_length_m": null, "nfa_designated": false }, "geometry": { "type": "LineString", "coordinates": [ [ 126.921215090990344, 35.151659359509374 ], [ 126.92168814653337, 35.15176267861316 ], [ 126.921790635029168, 35.15184304528259 ] ] } },
{ "type": "Feature", "properties": { "seg_id": "DM02674", "width_min_m": 11.34, "width_max_m": 29.3, "verdict": "clear", "unknown_reason": null, "cctv_dist_m": 17.3, "cv_feasible": true, "width_verified": false, "midpoint_fallback": false, "inherited": false, "route_usage": 110, "length_m": 47.9, "run_length_m": null, "nfa_designated": false }, "geometry": { "type": "LineString", "coordinates": [ [ 126.921468385058077, 35.151444499629541 ], [ 126.921593520745105, 35.1513839119228 ], [ 126.921949301655189, 35.151272612117047 ] ] } },
{ "type": "Feature", "properties": { "seg_id": "DM02675", "width_min_m": 1.5, "width_max_m": 5.57, "verdict": "unknown", "unknown_reason": "no_cctv", "cctv_dist_m": 63.9, "cv_feasible": false, "width_verified": false, "midpoint_fallback": false, "inherited": false, "route_usage": 2, "length_m": 28.5, "run_length_m": null, "nfa_designated": false }, "geometry": { "type": "LineString", "coordinates": [ [ 126.921468385058077, 35.151444499629541 ], [ 126.921547227708658, 35.151554994684439 ], [ 126.921618336027265, 35.151606725247944 ], [ 126.921651909073191, 35.151649705944443 ] ] } },
{ "type": "Feature", "properties": { "seg_id": "DM02676", "width_min_m": 1.39, "width_max_m": 2.17, "verdict": "blocked", "unknown_reason": null, "cctv_dist_m": 17.3, "cv_feasible": true, "width_verified": false, "midpoint_fallback": false, "inherited": false, "route_usage": 2, "length_m": 22.1, "run_length_m": 22.1, "nfa_designated": false }, "geometry": { "type": "LineString", "coordinates": [ [ 126.921949301655189, 35.151272612117047 ], [ 126.922034483098898, 35.151422103642524 ], [ 126.922029818753984, 35.151456180826663 ] ] } },
{ "type": "Feature", "properties": { "seg_id": "DM02677", "width_min_m": 16.03, "width_max_m": 18.91, "verdict": "clear", "unknown_reason": null, "cctv_dist_m": 4.0, "cv_feasible": true, "width_verified": false, "midpoint_fallback": false, "inherited": false, "route_usage": 110, "length_m": 23.3, "run_length_m": null, "nfa_designated": false }, "geometry": { "type": "LineString", "coordinates": [ [ 126.922162600674255, 35.151205889306688 ], [ 126.922168144469921, 35.151204153317472 ], [ 126.922325278088081, 35.151044337550282 ] ] } },
{ "type": "Feature", "properties": { "seg_id": "DM02678", "width_min_m": 6.91, "width_max_m": 9.17, "verdict": "clear", "unknown_reason": null, "cctv_dist_m": 25.8, "cv_feasible": false, "width_verified": false, "midpoint_fallback": false, "inherited": false, "route_usage": 19, "length_m": 40.8, "run_length_m": null, "nfa_designated": false }, "geometry": { "type": "LineString", "coordinates": [ [ 126.922763485985215, 35.15097032331574 ], [ 126.922755008255578, 35.150972481863832 ], [ 126.922681230893872, 35.150991263251214 ], [ 126.922545885461489, 35.151011446696607 ], [ 126.922325278088081, 35.151044337550282 ] ] } },
{ "type": "Feature", "properties": { "seg_id": "DM02679", "width_min_m": 1.41, "width_max_m": 3.06, "verdict": "unknown", "unknown_reason": "no_cctv", "cctv_dist_m": 61.1, "cv_feasible": false, "width_verified": false, "midpoint_fallback": false, "inherited": false, "route_usage": 0, "length_m": 80.6, "run_length_m": null, "nfa_designated": false }, "geometry": { "type": "LineString", "coordinates": [ [ 126.923632626848814, 35.149901858320312 ], [ 126.923591539549776, 35.149862856248198 ], [ 126.923427654279777, 35.149707287581265 ], [ 126.923268512809599, 35.149578913135315 ], [ 126.923177117604126, 35.149500292002685 ], [ 126.923066526299266, 35.14940703040287 ], [ 126.923026303619409, 35.149372991656691 ] ] } },
{ "type": "Feature", "properties": { "seg_id": "DM02680", "width_min_m": 6.42, "width_max_m": 11.1, "verdict": "clear", "unknown_reason": null, "cctv_dist_m": 84.6, "cv_feasible": false, "width_verified": false, "midpoint_fallback": false, "inherited": true, "route_usage": 12, "length_m": 0.3, "run_length_m": null, "nfa_designated": false }, "geometry": { "type": "LineString", "coordinates": [ [ 126.924385488963182, 35.149358354701874 ], [ 126.924387663601266, 35.149356508305701 ] ] } },
{ "type": "Feature", "properties": { "seg_id": "DM02681", "width_min_m": 4.35, "width_max_m": 6.39, "verdict": "unknown", "unknown_reason": "no_cctv", "cctv_dist_m": 84.8, "cv_feasible": false, "width_verified": false, "midpoint_fallback": false, "inherited": true, "route_usage": 1, "length_m": 0.3, "run_length_m": null, "nfa_designated": false }, "geometry": { "type": "LineString", "coordinates": [ [ 126.924385488963182, 35.149358354701874 ], [ 126.924388292929692, 35.149359638130747 ] ] } },
{ "type": "Feature", "properties": { "seg_id": "DM02682", "width_min_m": 10.03, "width_max_m": 11.1, "verdict": "clear", "unknown_reason": null, "cctv_dist_m": 2.3, "cv_feasible": true, "width_verified": false, "midpoint_fallback": false, "inherited": false, "route_usage": 13, "length_m": 85.6, "run_length_m": null, "nfa_designated": false }, "geometry": { "type": "LineString", "coordinates": [ [ 126.924387663601266, 35.149356508305701 ], [ 126.924388783872672, 35.149355553581088 ], [ 126.925011355494448, 35.148858796117302 ], [ 126.925078782728832, 35.148844633317083 ] ] } },
{ "type": "Feature", "properties": { "seg_id": "DM02683", "width_min_m": 4.35, "width_max_m": 6.39, "verdict": "unknown", "unknown_reason": "no_cctv", "cctv_dist_m": 84.6, "cv_feasible": false, "width_verified": false, "midpoint_fallback": false, "inherited": true, "route_usage": 1, "length_m": 0.4, "run_length_m": null, "nfa_designated": false }, "geometry": { "type": "LineString", "coordinates": [ [ 126.924387663601266, 35.149356508305701 ], [ 126.924388292929692, 35.149359638130747 ] ] } },
{ "type": "Feature", "properties": { "seg_id": "DM02684", "width_min_m": 15.18, "width_max_m": 23.54, "verdict": "clear", "unknown_reason": null, "cctv_dist_m": 2.7, "cv_feasible": true, "width_verified": false, "midpoint_fallback": false, "inherited": false, "route_usage": 13, "length_m": 72.9, "run_length_m": null, "nfa_designated": false }, "geometry": { "type": "LineString", "coordinates": [ [ 126.925078782728832, 35.148844633317083 ], [ 126.925078783017213, 35.148844633256516 ], [ 126.925080868519458, 35.148844192906289 ], [ 126.92546669661138, 35.148763169165846 ], [ 126.925821729430155, 35.148861278431106 ], [ 126.925844306981759, 35.148869152337404 ] ] } },
{ "type": "Feature", "properties": { "seg_id": "DM02685", "width_min_m": 5.55, "width_max_m": 10.26, "verdict": "clear", "unknown_reason": null, "cctv_dist_m": 2.7, "cv_feasible": true, "width_verified": false, "midpoint_fallback": false, "inherited": false, "route_usage": 0, "length_m": 43.1, "run_length_m": null, "nfa_designated": false }, "geometry": { "type": "LineString", "coordinates": [ [ 126.925078782728832, 35.148844633317083 ], [ 126.925155277364311, 35.149228009936834 ] ] } },
{ "type": "Feature", "properties": { "seg_id": "DM02686", "width_min_m": 6.43, "width_max_m": 9.73, "verdict": "clear", "unknown_reason": null, "cctv_dist_m": 71.7, "cv_feasible": false, "width_verified": false, "midpoint_fallback": false, "inherited": false, "route_usage": 9, "length_m": 27.2, "run_length_m": null, "nfa_designated": false }, "geometry": { "type": "LineString", "coordinates": [ [ 126.925844306981759, 35.148869152337404 ], [ 126.925823483964237, 35.14899323798781 ], [ 126.92584778080878, 35.149111925622869 ] ] } },
{ "type": "Feature", "properties": { "seg_id": "DM02687", "width_min_m": 7.77, "width_max_m": 10.1, "verdict": "clear", "unknown_reason": null, "cctv_dist_m": 10.9, "cv_feasible": true, "width_verified": false, "midpoint_fallback": false, "inherited": false, "route_usage": 88, "length_m": 22.5, "run_length_m": null, "nfa_designated": false }, "geometry": { "type": "LineString", "coordinates": [ [ 126.926660777271451, 35.149141516739213 ], [ 126.926583462858304, 35.14933454838642 ] ] } },
{ "type": "Feature", "properties": { "seg_id": "DM02688", "width_min_m": 12.55, "width_max_m": 15.58, "verdict": "clear", "unknown_reason": null, "cctv_dist_m": 14.3, "cv_feasible": true, "width_verified": false, "midpoint_fallback": false, "inherited": false, "route_usage": 107, "length_m": 13.7, "run_length_m": null, "nfa_designated": false }, "geometry": { "type": "LineString", "coordinates": [ [ 126.926918743851914, 35.149157954120092 ], [ 126.927049011868206, 35.149165398227424 ], [ 126.927058436910144, 35.149167377981122 ], [ 126.92706849189706, 35.149165450871799 ] ] } },
{ "type": "Feature", "properties": { "seg_id": "DM02689", "width_min_m": 0.97, "width_max_m": 3.06, "verdict": "needs_cv", "unknown_reason": null, "cctv_dist_m": 14.3, "cv_feasible": true, "width_verified": false, "midpoint_fallback": false, "inherited": false, "route_usage": 2, "length_m": 23.0, "run_length_m": 23.0, "nfa_designated": false }, "geometry": { "type": "LineString", "coordinates": [ [ 126.926918743851914, 35.149157954120092 ], [ 126.926920497954129, 35.149209877194878 ], [ 126.926920830116359, 35.149219709500628 ], [ 126.926895749801091, 35.149298965393065 ], [ 126.92688423088866, 35.149335366065266 ], [ 126.926876249701635, 35.149360946757412 ] ] } },
{ "type": "Feature", "properties": { "seg_id": "DM02690", "width_min_m": 12.03, "width_max_m": 15.06, "verdict": "clear", "unknown_reason": null, "cctv_dist_m": 27.6, "cv_feasible": false, "width_verified": false, "midpoint_fallback": false, "inherited": false, "route_usage": 107, "length_m": 21.9, "run_length_m": null, "nfa_designated": false }, "geometry": { "type": "LineString", "coordinates": [ [ 126.92706849189706, 35.149165450871799 ], [ 126.927086283325607, 35.149162041016474 ], [ 126.92728769500161, 35.14912345119658 ], [ 126.927303044455243, 35.149120509017919 ] ] } },
{ "type": "Feature", "properties": { "seg_id": "DM02691", "width_min_m": 1.2, "width_max_m": 2.82, "verdict": "unknown", "unknown_reason": "no_cctv", "cctv_dist_m": 27.6, "cv_feasible": false, "width_verified": false, "midpoint_fallback": false, "inherited": false, "route_usage": 2, "length_m": 58.3, "run_length_m": null, "nfa_designated": false }, "geometry": { "type": "LineString", "coordinates": [ [ 126.92706849189706, 35.149165450871799 ], [ 126.927086268710866, 35.149215616893414 ], [ 126.927097944407123, 35.149248565517063 ], [ 126.927104899381675, 35.149287296694474 ], [ 126.927113318224301, 35.149341675983287 ], [ 126.927110379462789, 35.149371317190756 ], [ 126.927101603802583, 35.149414674140473 ], [ 126.927090217171568, 35.149446939808321 ], [ 126.927070344664145, 35.149490094952853 ], [ 126.927058676556314, 35.149511124888988 ], [ 126.927053710475832, 35.14952809485245 ], [ 126.927067090299204, 35.149546749246994 ], [ 126.927088924752837, 35.149555607479449 ], [ 126.927143086254276, 35.149564246072728 ], [ 126.927174535088398, 35.149569046063824 ], [ 126.927220657860019, 35.149570350222248 ] ] } },
{ "type": "Feature", "properties": { "seg_id": "DM02692", "width_min_m": 12.91, "width_max_m": 19.78, "verdict": "clear", "unknown_reason": null, "cctv_dist_m": 48.2, "cv_feasible": false, "width_verified": false, "midpoint_fallback": false, "inherited": false, "route_usage": 107, "length_m": 13.7, "run_length_m": null, "nfa_designated": false }, "geometry": { "type": "LineString", "coordinates": [ [ 126.927303044455243, 35.149120509017919 ], [ 126.927303632310952, 35.149120396337871 ], [ 126.927421164431465, 35.149097880207094 ], [ 126.927449308503583, 35.14909248462962 ] ] } },
{ "type": "Feature", "properties": { "seg_id": "DM02693", "width_min_m": 1.5, "width_max_m": 3.9, "verdict": "unknown", "unknown_reason": "no_cctv", "cctv_dist_m": 48.2, "cv_feasible": false, "width_verified": false, "midpoint_fallback": false, "inherited": false, "route_usage": 2, "length_m": 48.6, "run_length_m": null, "nfa_designated": false }, "geometry": { "type": "LineString", "coordinates": [ [ 126.927303044455243, 35.149120509017919 ], [ 126.927319018589813, 35.149175255051851 ], [ 126.927329184901737, 35.149210096663012 ], [ 126.927349492250059, 35.149291378175413 ], [ 126.927381077247674, 35.1493670829582 ], [ 126.927395885510791, 35.149429095383269 ], [ 126.927405219197652, 35.149475077387649 ], [ 126.927410690565168, 35.149512584744528 ], [ 126.927415271601689, 35.149547378073002 ] ] } },
{ "type": "Feature", "properties": { "seg_id": "DM02694", "width_min_m": 13.68, "width_max_m": 26.99, "verdict": "clear", "unknown_reason": null, "cctv_dist_m": 50.9, "cv_feasible": false, "width_verified": false, "midpoint_fallback": true, "inherited": false, "route_usage": 107, "length_m": 3.7, "run_length_m": null, "nfa_designated": false }, "geometry": { "type": "LineString", "coordinates": [ [ 126.927449308503583, 35.14909248462962 ], [ 126.927457111163321, 35.149090988758971 ], [ 126.927488875989269, 35.149084905968543 ] ] } },
{ "type": "Feature", "properties": { "seg_id": "DM02695", "width_min_m": 13.63, "width_max_m": 17.52, "verdict": "clear", "unknown_reason": null, "cctv_dist_m": 20.9, "cv_feasible": true, "width_verified": false, "midpoint_fallback": false, "inherited": false, "route_usage": 107, "length_m": 30.5, "run_length_m": null, "nfa_designated": false }, "geometry": { "type": "LineString", "coordinates": [ [ 126.927488875989269, 35.149084905968543 ], [ 126.927771367627983, 35.149030780353073 ], [ 126.92781508040369, 35.149037154739112 ] ] } },
{ "type": "Feature", "properties": { "seg_id": "DM02696", "width_min_m": 1.32, "width_max_m": 6.4, "verdict": "unknown", "unknown_reason": "no_cctv", "cctv_dist_m": 50.7, "cv_feasible": false, "width_verified": false, "midpoint_fallback": false, "inherited": false, "route_usage": 2, "length_m": 50.4, "run_length_m": null, "nfa_designated": false }, "geometry": { "type": "LineString", "coordinates": [ [ 126.927488875989269, 35.149084905968543 ], [ 126.927478557869108, 35.148772129269723 ], [ 126.927473890184586, 35.148630622595931 ] ] } },
{ "type": "Feature", "properties": { "seg_id": "DM02697", "width_min_m": 13.22, "width_max_m": 15.88, "verdict": "clear", "unknown_reason": null, "cctv_dist_m": 4.8, "cv_feasible": true, "width_verified": false, "midpoint_fallback": false, "inherited": false, "route_usage": 107, "length_m": 23.6, "run_length_m": null, "nfa_designated": false }, "geometry": { "type": "LineString", "coordinates": [ [ 126.92781508040369, 35.149037154739112 ], [ 126.927817113011429, 35.149037451142355 ], [ 126.928000083629726, 35.149064152147282 ], [ 126.928065198172703, 35.149087157832149 ] ] } },
{ "type": "Feature", "properties": { "seg_id": "DM02698", "width_min_m": 0.76, "width_max_m": 4.63, "verdict": "needs_cv", "unknown_reason": null, "cctv_dist_m": 20.9, "cv_feasible": true, "width_verified": false, "midpoint_fallback": false, "inherited": false, "route_usage": 2, "length_m": 35.1, "run_length_m": 35.1, "nfa_designated": false }, "geometry": { "type": "LineString", "coordinates": [ [ 126.92781508040369, 35.149037154739112 ], [ 126.927814279509079, 35.149091574150006 ], [ 126.92781398388388, 35.149111678186777 ], [ 126.927819876640356, 35.149210143540451 ], [ 126.92782290667823, 35.149257610766071 ], [ 126.927812885929256, 35.149326062634479 ], [ 126.927798528859768, 35.149341331888195 ], [ 126.927797769857747, 35.149348384666133 ] ] } },
{ "type": "Feature", "properties": { "seg_id": "DM02699", "width_min_m": 1.5, "width_max_m": 39.79, "verdict": "needs_cv", "unknown_reason": null, "cctv_dist_m": 6.3, "cv_feasible": true, "width_verified": false, "midpoint_fallback": false, "inherited": false, "route_usage": 6, "length_m": 62.0, "run_length_m": 62.4, "nfa_designated": false }, "geometry": { "type": "LineString", "coordinates": [ [ 126.928065198172703, 35.149087157832149 ], [ 126.928065139569838, 35.149152293446761 ], [ 126.928065105593149, 35.149190902237301 ], [ 126.928067838443894, 35.149226706238096 ], [ 126.928069348742213, 35.149256710569453 ], [ 126.92808838964153, 35.149289177451521 ], [ 126.928112004635523, 35.149330792785257 ], [ 126.928122113540425, 35.14936206324488 ], [ 126.928134686689305, 35.149408103231721 ], [ 126.928140504517387, 35.149428025043072 ], [ 126.928147777697092, 35.149558494539477 ], [ 126.928155504559399, 35.149634470482972 ] ] } },
{ "type": "Feature", "properties": { "seg_id": "DM02753", "width_min_m": null, "width_max_m": null, "verdict": "unknown", "unknown_reason": "width", "cctv_dist_m": 96.5, "cv_feasible": false, "width_verified": false, "midpoint_fallback": true, "inherited": false, "route_usage": 3, "length_m": 50.8, "run_length_m": null, "nfa_designated": false }, "geometry": { "type": "LineString", "coordinates": [ [ 126.929908540705497, 35.150275075646476 ], [ 126.929860757160583, 35.15020575956558 ], [ 126.929675687763961, 35.149940967082344 ], [ 126.929631483914406, 35.149877728837801 ] ] } },
{ "type": "Feature", "properties": { "seg_id": "DM02754", "width_min_m": null, "width_max_m": null, "verdict": "unknown", "unknown_reason": "width", "cctv_dist_m": 91.1, "cv_feasible": false, "width_verified": false, "midpoint_fallback": true, "inherited": false, "route_usage": 1, "length_m": 44.5, "run_length_m": null, "nfa_designated": false }, "geometry": { "type": "LineString", "coordinates": [ [ 126.929631483914406, 35.149877728837801 ], [ 126.92961602958114, 35.149855609429387 ], [ 126.929389235355899, 35.149531122021848 ], [ 126.929388621576379, 35.149530238328509 ] ] } },
{ "type": "Feature", "properties": { "seg_id": "DM02755", "width_min_m": 5.03, "width_max_m": 7.19, "verdict": "clear", "unknown_reason": null, "cctv_dist_m": 15.9, "cv_feasible": true, "width_verified": false, "midpoint_fallback": false, "inherited": false, "route_usage": 4, "length_m": 83.6, "run_length_m": null, "nfa_designated": false }, "geometry": { "type": "LineString", "coordinates": [ [ 126.929631483914406, 35.149877728837801 ], [ 126.928731241244378, 35.150024374416525 ] ] } },
{ "type": "Feature", "properties": { "seg_id": "DM02756", "width_min_m": 2.94, "width_max_m": 15.62, "verdict": "unknown", "unknown_reason": "no_cctv", "cctv_dist_m": 43.8, "cv_feasible": false, "width_verified": false, "midpoint_fallback": false, "inherited": false, "route_usage": 7, "length_m": 50.1, "run_length_m": null, "nfa_designated": false }, "geometry": { "type": "LineString", "coordinates": [ [ 126.929388621576379, 35.149530238328509 ], [ 126.92914661628221, 35.149568618145018 ], [ 126.928982362674901, 35.14954594109647 ], [ 126.928976536058329, 35.149545135406342 ], [ 126.928880161813325, 35.149617429552542 ], [ 126.928879825466822, 35.149617682090629 ] ] } },
{ "type": "Feature", "properties": { "seg_id": "DM02757", "width_min_m": 3.24, "width_max_m": 17.93, "verdict": "unknown", "unknown_reason": "no_cctv", "cctv_dist_m": 79.5, "cv_feasible": false, "width_verified": false, "midpoint_fallback": false, "inherited": false, "route_usage": 2, "length_m": 26.7, "run_length_m": null, "nfa_designated": false }, "geometry": { "type": "LineString", "coordinates": [ [ 126.928868849082733, 35.148799496658533 ], [ 126.929060934391586, 35.148732280260525 ], [ 126.92914376820012, 35.148718809367296 ] ] } },
{ "type": "Feature", "properties": { "seg_id": "DM02895", "width_min_m": 1.9, "width_max_m": 5.03, "verdict": "unknown", "unknown_reason": "no_cctv", "cctv_dist_m": 46.1, "cv_feasible": false, "width_verified": false, "midpoint_fallback": false, "inherited": false, "route_usage": 0, "length_m": 17.9, "run_length_m": null, "nfa_designated": false }, "geometry": { "type": "LineString", "coordinates": [ [ 126.919866315473413, 35.154455754224244 ], [ 126.919842744106859, 35.154475333240377 ], [ 126.919825375710644, 35.154492670814157 ], [ 126.919806755587445, 35.154500426474648 ], [ 126.919762192168136, 35.154519917777662 ], [ 126.919732520692648, 35.154536987998007 ], [ 126.919711686118205, 35.154550697993017 ], [ 126.919710931644815, 35.154551199457771 ] ] } },
{ "type": "Feature", "properties": { "seg_id": "DM03071", "width_min_m": 14.23, "width_max_m": 33.73, "verdict": "clear", "unknown_reason": null, "cctv_dist_m": 6.1, "cv_feasible": true, "width_verified": false, "midpoint_fallback": false, "inherited": false, "route_usage": 0, "length_m": 184.7, "run_length_m": null, "nfa_designated": false }, "geometry": { "type": "LineString", "coordinates": [ [ 126.927989348350764, 35.151632071170368 ], [ 126.927796662963402, 35.152174128388836 ], [ 126.927422312632729, 35.153223537306275 ], [ 126.927419980053159, 35.153230088732329 ] ] } },
{ "type": "Feature", "properties": { "seg_id": "DM03087", "width_min_m": 7.06, "width_max_m": 25.65, "verdict": "clear", "unknown_reason": null, "cctv_dist_m": 7.2, "cv_feasible": true, "width_verified": false, "midpoint_fallback": false, "inherited": false, "route_usage": 0, "length_m": 99.6, "run_length_m": null, "nfa_designated": false }, "geometry": { "type": "LineString", "coordinates": [ [ 126.929080997544943, 35.151579054936832 ], [ 126.927989348350764, 35.151632071170368 ] ] } },
{ "type": "Feature", "properties": { "seg_id": "DM03109", "width_min_m": 1.4, "width_max_m": 2.95, "verdict": "unknown", "unknown_reason": "no_cctv", "cctv_dist_m": 35.7, "cv_feasible": false, "width_verified": false, "midpoint_fallback": false, "inherited": false, "route_usage": 2, "length_m": 80.7, "run_length_m": null, "nfa_designated": false }, "geometry": { "type": "LineString", "coordinates": [ [ 126.927026577813876, 35.152274371286794 ], [ 126.927075891104806, 35.152299609772754 ], [ 126.927113991325513, 35.152319109653781 ], [ 126.927179677296436, 35.152345554988734 ], [ 126.9272487923553, 35.152364698636426 ], [ 126.927302513093508, 35.152376248398362 ], [ 126.927330232079086, 35.152379074180736 ], [ 126.927358640575392, 35.152375720260494 ], [ 126.927386779761747, 35.15236364427281 ], [ 126.927421013418581, 35.152352428317656 ], [ 126.927451469373167, 35.152355817512195 ], [ 126.92748090077238, 35.152356958731744 ], [ 126.927514274812523, 35.152247601893052 ], [ 126.92757419247161, 35.152041062578171 ] ] } },
{ "type": "Feature", "properties": { "seg_id": "DM03110", "width_min_m": 17.86, "width_max_m": null, "verdict": "clear", "unknown_reason": null, "cctv_dist_m": 5.6, "cv_feasible": true, "width_verified": false, "midpoint_fallback": true, "inherited": false, "route_usage": 2, "length_m": 30.3, "run_length_m": null, "nfa_designated": false }, "geometry": { "type": "LineString", "coordinates": [ [ 126.926558778995897, 35.152752283159892 ], [ 126.926465034582918, 35.152846515949349 ], [ 126.926321869673089, 35.15294199796508 ] ] } },
{ "type": "Feature", "properties": { "seg_id": "DM03111", "width_min_m": 6.21, "width_max_m": 8.9, "verdict": "clear", "unknown_reason": null, "cctv_dist_m": 4.1, "cv_feasible": true, "width_verified": false, "midpoint_fallback": false, "inherited": false, "route_usage": 0, "length_m": 53.4, "run_length_m": null, "nfa_designated": false }, "geometry": { "type": "LineString", "coordinates": [ [ 126.926558778995897, 35.152752283159892 ], [ 126.926866987525074, 35.152961839957634 ], [ 126.926868413349268, 35.152962814298391 ], [ 126.927030455561308, 35.15303392230021 ] ] } },
{ "type": "Feature", "properties": { "seg_id": "DM03112", "width_min_m": 1.16, "width_max_m": 5.46, "verdict": "unknown", "unknown_reason": "no_cctv", "cctv_dist_m": 34.8, "cv_feasible": false, "width_verified": false, "midpoint_fallback": false, "inherited": false, "route_usage": 0, "length_m": 42.6, "run_length_m": null, "nfa_designated": false }, "geometry": { "type": "LineString", "coordinates": [ [ 126.926321869673089, 35.15294199796508 ], [ 126.926352561173573, 35.153030827494753 ], [ 126.92639070658835, 35.153320690831762 ] ] } },
{ "type": "Feature", "properties": { "seg_id": "DM03114", "width_min_m": 4.77, "width_max_m": 6.38, "verdict": "clear", "unknown_reason": null, "cctv_dist_m": 47.8, "cv_feasible": false, "width_verified": false, "midpoint_fallback": false, "inherited": false, "route_usage": 1, "length_m": 88.9, "run_length_m": null, "nfa_designated": false }, "geometry": { "type": "LineString", "coordinates": [ [ 126.924347386634167, 35.153221773420455 ], [ 126.924152370339769, 35.153657544444833 ], [ 126.924070225448716, 35.153667497066863 ], [ 126.923787683185822, 35.153790125951701 ], [ 126.923780822013626, 35.153792131576367 ], [ 126.923780821583591, 35.153792131701934 ] ] } },
{ "type": "Feature", "properties": { "seg_id": "DM03115", "width_min_m": 3.04, "width_max_m": 4.51, "verdict": "unknown", "unknown_reason": "no_cctv", "cctv_dist_m": 78.8, "cv_feasible": false, "width_verified": false, "midpoint_fallback": false, "inherited": false, "route_usage": 13, "length_m": 25.9, "run_length_m": null, "nfa_designated": false }, "geometry": { "type": "LineString", "coordinates": [ [ 126.924347386634167, 35.153221773420455 ], [ 126.924283367967973, 35.153234056717288 ], [ 126.924167965780697, 35.153302287080805 ], [ 126.924105962717533, 35.153339210363463 ] ] } },
{ "type": "Feature", "properties": { "seg_id": "DM03116", "width_min_m": 5.07, "width_max_m": 7.94, "verdict": "clear", "unknown_reason": null, "cctv_dist_m": 6.4, "cv_feasible": true, "width_verified": false, "midpoint_fallback": false, "inherited": false, "route_usage": 1, "length_m": 42.6, "run_length_m": null, "nfa_designated": false }, "geometry": { "type": "LineString", "coordinates": [ [ 126.923780821583591, 35.153792131701934 ], [ 126.92359602038529, 35.153846094299787 ], [ 126.923502774185735, 35.153873318377691 ], [ 126.923342880556049, 35.1538860777734 ], [ 126.923331279261944, 35.153887007705421 ] ] } },
{ "type": "Feature", "properties": { "seg_id": "DM03117", "width_min_m": 1.63, "width_max_m": 2.82, "verdict": "unknown", "unknown_reason": "no_cctv", "cctv_dist_m": 47.8, "cv_feasible": false, "width_verified": false, "midpoint_fallback": false, "inherited": false, "route_usage": 0, "length_m": 22.6, "run_length_m": null, "nfa_designated": false }, "geometry": { "type": "LineString", "coordinates": [ [ 126.923780821583591, 35.153792131701934 ], [ 126.923814969039967, 35.15384639118875 ], [ 126.923838996627069, 35.153884570837022 ], [ 126.923864277289283, 35.153925749284269 ], [ 126.923900085927286, 35.15397069861919 ] ] } },
{ "type": "Feature", "properties": { "seg_id": "DM03118", "width_min_m": 3.81, "width_max_m": 4.95, "verdict": "needs_cv", "unknown_reason": null, "cctv_dist_m": 6.4, "cv_feasible": true, "width_verified": false, "midpoint_fallback": false, "inherited": true, "route_usage": 1, "length_m": 0.1, "run_length_m": 135.1, "nfa_designated": true }, "geometry": { "type": "LineString", "coordinates": [ [ 126.923331279261944, 35.153887007705421 ], [ 126.923330499764589, 35.153887304650169 ] ] } },
{ "type": "Feature", "properties": { "seg_id": "DM03119", "width_min_m": 3.65, "width_max_m": 4.95, "verdict": "needs_cv", "unknown_reason": null, "cctv_dist_m": 6.4, "cv_feasible": true, "width_verified": false, "midpoint_fallback": false, "inherited": true, "route_usage": 0, "length_m": 0.0, "run_length_m": 135.1, "nfa_designated": true }, "geometry": { "type": "LineString", "coordinates": [ [ 126.923331279261944, 35.153887007705421 ], [ 126.923330948572783, 35.153886949246619 ] ] } },
{ "type": "Feature", "properties": { "seg_id": "DM03120", "width_min_m": 3.81, "width_max_m": 4.95, "verdict": "needs_cv", "unknown_reason": null, "cctv_dist_m": 2.5, "cv_feasible": true, "width_verified": false, "midpoint_fallback": false, "inherited": false, "route_usage": 6, "length_m": 61.4, "run_length_m": 135.1, "nfa_designated": true }, "geometry": { "type": "LineString", "coordinates": [ [ 126.923330499764589, 35.153887304650169 ], [ 126.923082564144721, 35.153982039226719 ], [ 126.92308253121152, 35.153982048218971 ], [ 126.922990794362221, 35.153980023913661 ], [ 126.922694498545638, 35.154050397575567 ] ] } },
{ "type": "Feature", "properties": { "seg_id": "DM03121", "width_min_m": 3.65, "width_max_m": 4.95, "verdict": "needs_cv", "unknown_reason": null, "cctv_dist_m": 6.4, "cv_feasible": true, "width_verified": false, "midpoint_fallback": false, "inherited": true, "route_usage": 5, "length_m": 0.1, "run_length_m": 135.1, "nfa_designated": true }, "geometry": { "type": "LineString", "coordinates": [ [ 126.923330948572783, 35.153886949246619 ], [ 126.923330499764589, 35.153887304650169 ] ] } },
{ "type": "Feature", "properties": { "seg_id": "DM03122", "width_min_m": 2.82, "width_max_m": 4.28, "verdict": "unknown", "unknown_reason": "no_cctv", "cctv_dist_m": 55.3, "cv_feasible": false, "width_verified": false, "midpoint_fallback": false, "inherited": true, "route_usage": 13, "length_m": 0.1, "run_length_m": null, "nfa_designated": false }, "geometry": { "type": "LineString", "coordinates": [ [ 126.922694498545638, 35.154050397575567 ], [ 126.922694493355337, 35.154050398808323 ], [ 126.922693889546778, 35.154050540070308 ] ] } },
{ "type": "Feature", "properties": { "seg_id": "DM03123", "width_min_m": 6.82, "width_max_m": 7.58, "verdict": "clear", "unknown_reason": null, "cctv_dist_m": 54.7, "cv_feasible": false, "width_verified": false, "midpoint_fallback": false, "inherited": false, "route_usage": 3, "length_m": 30.1, "run_length_m": null, "nfa_designated": false }, "geometry": { "type": "LineString", "coordinates": [ [ 126.922663162547096, 35.153780242385793 ], [ 126.922694498545638, 35.154050397575567 ] ] } },
{ "type": "Feature", "properties": { "seg_id": "DM03124", "width_min_m": 2.82, "width_max_m": 4.28, "verdict": "unknown", "unknown_reason": "no_cctv", "cctv_dist_m": 55.3, "cv_feasible": false, "width_verified": false, "midpoint_fallback": false, "inherited": true, "route_usage": 2, "length_m": 0.0, "run_length_m": null, "nfa_designated": false }, "geometry": { "type": "LineString", "coordinates": [ [ 126.922694498545638, 35.154050397575567 ], [ 126.922694504147472, 35.154050445870006 ] ] } },
{ "type": "Feature", "properties": { "seg_id": "DM03125", "width_min_m": 2.82, "width_max_m": 4.28, "verdict": "unknown", "unknown_reason": "no_cctv", "cctv_dist_m": 43.9, "cv_feasible": false, "width_verified": false, "midpoint_fallback": false, "inherited": false, "route_usage": 0, "length_m": 65.0, "run_length_m": null, "nfa_designated": false }, "geometry": { "type": "LineString", "coordinates": [ [ 126.922693889546778, 35.154050540070308 ], [ 126.922693878624543, 35.154050542625605 ], [ 126.922690958644537, 35.154051234771373 ], [ 126.922620590784291, 35.154055260667008 ], [ 126.922540811511212, 35.154059824959774 ], [ 126.922318385997997, 35.154061805698461 ], [ 126.92221167515055, 35.154059028646778 ], [ 126.922136498836025, 35.154061989902488 ], [ 126.922093960180533, 35.154066777827381 ], [ 126.922045765176051, 35.154078801460479 ], [ 126.922003952945474, 35.154086599364348 ], [ 126.921984973237997, 35.15408719400731 ] ] } },
{ "type": "Feature", "properties": { "seg_id": "DM03126", "width_min_m": 2.82, "width_max_m": 4.28, "verdict": "unknown", "unknown_reason": "no_cctv", "cctv_dist_m": 55.4, "cv_feasible": false, "width_verified": false, "midpoint_fallback": false, "inherited": true, "route_usage": 2, "length_m": 0.0, "run_length_m": null, "nfa_designated": false }, "geometry": { "type": "LineString", "coordinates": [ [ 126.922693867730842, 35.154050446763542 ], [ 126.922693889546778, 35.154050540070308 ] ] } },
{ "type": "Feature", "properties": { "seg_id": "DM03127", "width_min_m": 3.05, "width_max_m": 7.27, "verdict": "needs_cv", "unknown_reason": null, "cctv_dist_m": 10.2, "cv_feasible": true, "width_verified": false, "midpoint_fallback": false, "inherited": false, "route_usage": 2, "length_m": 33.9, "run_length_m": 33.9, "nfa_designated": false }, "geometry": { "type": "LineString", "coordinates": [ [ 126.921984973237997, 35.15408719400731 ], [ 126.921975715769136, 35.154087484046997 ], [ 126.921944918567164, 35.15408475562203 ], [ 126.921873309249904, 35.154068427369957 ], [ 126.921652013451876, 35.154021723549626 ], [ 126.921623801602522, 35.154016737678383 ] ] } },
{ "type": "Feature", "properties": { "seg_id": "DM03128", "width_min_m": 7.63, "width_max_m": 10.01, "verdict": "clear", "unknown_reason": null, "cctv_dist_m": 10.0, "cv_feasible": true, "width_verified": false, "midpoint_fallback": false, "inherited": false, "route_usage": 3, "length_m": 31.9, "run_length_m": null, "nfa_designated": false }, "geometry": { "type": "LineString", "coordinates": [ [ 126.921704420070625, 35.153736622048037 ], [ 126.921703613034339, 35.153739441449609 ], [ 126.921655401024083, 35.153907719708485 ], [ 126.921651403521665, 35.153921688076522 ], [ 126.921623801602522, 35.154016737678383 ] ] } },
{ "type": "Feature", "properties": { "seg_id": "DM03129", "width_min_m": 1.5, "width_max_m": 2.24, "verdict": "blocked", "unknown_reason": null, "cctv_dist_m": 10.2, "cv_feasible": true, "width_verified": false, "midpoint_fallback": false, "inherited": true, "route_usage": 5, "length_m": 2.7, "run_length_m": 86.5, "nfa_designated": false }, "geometry": { "type": "LineString", "coordinates": [ [ 126.921623801602522, 35.154016737678383 ], [ 126.921616853439559, 35.154040664243844 ] ] } },
{ "type": "Feature", "properties": { "seg_id": "DM03130", "width_min_m": 4.58, "width_max_m": 17.05, "verdict": "clear", "unknown_reason": null, "cctv_dist_m": 41.3, "cv_feasible": false, "width_verified": false, "midpoint_fallback": false, "inherited": false, "route_usage": 18, "length_m": 28.1, "run_length_m": null, "nfa_designated": false }, "geometry": { "type": "LineString", "coordinates": [ [ 126.921596284731521, 35.152039759816454 ], [ 126.921790635029168, 35.15184304528259 ] ] } },
{ "type": "Feature", "properties": { "seg_id": "DM03131", "width_min_m": 7.54, "width_max_m": 8.83, "verdict": "clear", "unknown_reason": null, "cctv_dist_m": 27.1, "cv_feasible": false, "width_verified": false, "midpoint_fallback": false, "inherited": false, "route_usage": 12, "length_m": 44.3, "run_length_m": null, "nfa_designated": false }, "geometry": { "type": "LineString", "coordinates": [ [ 126.92209615698107, 35.15245633516615 ], [ 126.922093931433324, 35.152462919326609 ], [ 126.921968492881561, 35.152833717684423 ], [ 126.92196614754576, 35.152840659723218 ] ] } },
{ "type": "Feature", "properties": { "seg_id": "DM03132", "width_min_m": 3.57, "width_max_m": 5.72, "verdict": "needs_cv", "unknown_reason": null, "cctv_dist_m": 21.4, "cv_feasible": true, "width_verified": false, "midpoint_fallback": false, "inherited": false, "route_usage": 0, "length_m": 33.0, "run_length_m": 33.0, "nfa_designated": false }, "geometry": { "type": "LineString", "coordinates": [ [ 126.921843210334899, 35.152242896379768 ], [ 126.922096158212, 35.152456331524547 ] ] } },
{ "type": "Feature", "properties": { "seg_id": "DM03133", "width_min_m": 1.9, "width_max_m": 3.07, "verdict": "unknown", "unknown_reason": "no_cctv", "cctv_dist_m": 27.1, "cv_feasible": false, "width_verified": false, "midpoint_fallback": false, "inherited": true, "route_usage": 2, "length_m": 0.0, "run_length_m": null, "nfa_designated": false }, "geometry": { "type": "LineString", "coordinates": [ [ 126.922096158212, 35.152456331524547 ], [ 126.922096164581575, 35.152456336899121 ] ] } },
{ "type": "Feature", "properties": { "seg_id": "DM03134", "width_min_m": 1.9, "width_max_m": 3.07, "verdict": "unknown", "unknown_reason": "no_cctv", "cctv_dist_m": 27.1, "cv_feasible": false, "width_verified": false, "midpoint_fallback": false, "inherited": false, "route_usage": 2, "length_m": 29.0, "run_length_m": null, "nfa_designated": false }, "geometry": { "type": "LineString", "coordinates": [ [ 126.92209615698107, 35.15245633516615 ], [ 126.922118870320617, 35.152479525344901 ], [ 126.922151020871155, 35.152512359361914 ], [ 126.922174845300134, 35.152544003093269 ], [ 126.922237615526825, 35.152629032610442 ], [ 126.922270815917528, 35.15267400628688 ] ] } },
{ "type": "Feature", "properties": { "seg_id": "DM03135", "width_min_m": 1.3, "width_max_m": 2.82, "verdict": "unknown", "unknown_reason": "no_cctv", "cctv_dist_m": 43.0, "cv_feasible": false, "width_verified": false, "midpoint_fallback": false, "inherited": true, "route_usage": 25, "length_m": 0.7, "run_length_m": null, "nfa_designated": false }, "geometry": { "type": "LineString", "coordinates": [ [ 126.92196614754576, 35.152840659723218 ], [ 126.921964860778829, 35.152844468467649 ], [ 126.921964140994618, 35.152846592612391 ] ] } },
{ "type": "Feature", "properties": { "seg_id": "DM03136", "width_min_m": 1.3, "width_max_m": 3.25, "verdict": "unknown", "unknown_reason": "no_cctv", "cctv_dist_m": 43.1, "cv_feasible": false, "width_verified": false, "midpoint_fallback": false, "inherited": false, "route_usage": 29, "length_m": 48.4, "run_length_m": null, "nfa_designated": false }, "geometry": { "type": "LineString", "coordinates": [ [ 126.921441153776456, 35.152786690412263 ], [ 126.921452376091594, 35.152783689092971 ], [ 126.921505214128672, 35.152781722458244 ], [ 126.921672823269645, 35.152803626606065 ], [ 126.92196614754576, 35.152840659723218 ] ] } },
{ "type": "Feature", "properties": { "seg_id": "DM03137", "width_min_m": 7.0, "width_max_m": 7.59, "verdict": "clear", "unknown_reason": null, "cctv_dist_m": 8.9, "cv_feasible": true, "width_verified": false, "midpoint_fallback": false, "inherited": false, "route_usage": 3, "length_m": 40.9, "run_length_m": null, "nfa_designated": false }, "geometry": { "type": "LineString", "coordinates": [ [ 126.921964140994618, 35.152846592612391 ], [ 126.92196180103312, 35.152853498038098 ], [ 126.921870593530542, 35.153207596980984 ] ] } },
{ "type": "Feature", "properties": { "seg_id": "DM03138", "width_min_m": 1.9, "width_max_m": 2.82, "verdict": "needs_cv", "unknown_reason": null, "cctv_dist_m": 12.8, "cv_feasible": true, "width_verified": false, "midpoint_fallback": false, "inherited": false, "route_usage": 20, "length_m": 30.6, "run_length_m": 139.7, "nfa_designated": true }, "geometry": { "type": "LineString", "coordinates": [ [ 126.921964140994618, 35.152846592612391 ], [ 126.921999568351438, 35.152853132807252 ], [ 126.92215263956777, 35.152881391616837 ], [ 126.92228960314101, 35.152913964543202 ] ] } },
{ "type": "Feature", "properties": { "seg_id": "DM03139", "width_min_m": 2.01, "width_max_m": 3.44, "verdict": "needs_cv", "unknown_reason": null, "cctv_dist_m": 3.4, "cv_feasible": true, "width_verified": false, "midpoint_fallback": false, "inherited": false, "route_usage": 13, "length_m": 21.7, "run_length_m": 33.7, "nfa_designated": false }, "geometry": { "type": "LineString", "coordinates": [ [ 126.921870593530542, 35.153207596980984 ], [ 126.921881048289606, 35.153247765682963 ], [ 126.922032539607599, 35.153339189327369 ] ] } },
{ "type": "Feature", "properties": { "seg_id": "DM03140", "width_min_m": 1.8, "width_max_m": 3.97, "verdict": "unknown", "unknown_reason": "no_cctv", "cctv_dist_m": 31.6, "cv_feasible": false, "width_verified": false, "midpoint_fallback": false, "inherited": true, "route_usage": 5, "length_m": 2.9, "run_length_m": null, "nfa_designated": false }, "geometry": { "type": "LineString", "coordinates": [ [ 126.921711682890901, 35.153711249193201 ], [ 126.921704420070625, 35.153736622048037 ] ] } },
{ "type": "Feature", "properties": { "seg_id": "DM03141", "width_min_m": 1.8, "width_max_m": 3.97, "verdict": "unknown", "unknown_reason": "no_cctv", "cctv_dist_m": 33.4, "cv_feasible": false, "width_verified": false, "midpoint_fallback": false, "inherited": false, "route_usage": 5, "length_m": 11.3, "run_length_m": null, "nfa_designated": false }, "geometry": { "type": "LineString", "coordinates": [ [ 126.921711682890901, 35.153711249193201 ], [ 126.921658590870919, 35.153698515409531 ], [ 126.921629530934979, 35.153691545648755 ], [ 126.921593608187052, 35.153679874607882 ] ] } },
{ "type": "Feature", "properties": { "seg_id": "DM03142", "width_min_m": 12.85, "width_max_m": 15.83, "verdict": "clear", "unknown_reason": null, "cctv_dist_m": 31.6, "cv_feasible": false, "width_verified": false, "midpoint_fallback": true, "inherited": false, "route_usage": 8, "length_m": 4.5, "run_length_m": null, "nfa_designated": false }, "geometry": { "type": "LineString", "coordinates": [ [ 126.921751159987011, 35.153722194958888 ], [ 126.921704420070625, 35.153736622048037 ] ] } },
{ "type": "Feature", "properties": { "seg_id": "DM03143", "width_min_m": 1.5, "width_max_m": 2.24, "verdict": "blocked", "unknown_reason": null, "cctv_dist_m": 4.4, "cv_feasible": true, "width_verified": false, "midpoint_fallback": false, "inherited": false, "route_usage": 2, "length_m": 83.8, "run_length_m": 86.5, "nfa_designated": false }, "geometry": { "type": "LineString", "coordinates": [ [ 126.921616853439559, 35.154040664243844 ], [ 126.921560182750355, 35.154028130462841 ], [ 126.921444145672609, 35.154002466601789 ], [ 126.921338244364648, 35.153978648366234 ], [ 126.92124784980679, 35.153948477755456 ], [ 126.921229264948622, 35.153929804154984 ], [ 126.921240154296015, 35.153891641760687 ], [ 126.921229350379775, 35.153841166106773 ], [ 126.921208186154161, 35.153776915053854 ], [ 126.921187588494021, 35.153706499503734 ], [ 126.921181921109053, 35.153694574296736 ], [ 126.921230065594173, 35.153697674836245 ], [ 126.921383051761666, 35.153737086358262 ] ] } },
{ "type": "Feature", "properties": { "seg_id": "DM03178", "width_min_m": 2.2, "width_max_m": 2.63, "verdict": "unknown", "unknown_reason": "no_cctv", "cctv_dist_m": 105.9, "cv_feasible": false, "width_verified": false, "midpoint_fallback": false, "inherited": false, "route_usage": 0, "length_m": 36.2, "run_length_m": null, "nfa_designated": false }, "geometry": { "type": "LineString", "coordinates": [ [ 126.927285546106532, 35.145347596395915 ], [ 126.927299059452352, 35.145357684268511 ], [ 126.927377151986605, 35.145421933959845 ], [ 126.927418139687305, 35.1454673095404 ], [ 126.927487583744252, 35.145541842178254 ], [ 126.927533659177982, 35.145600977693235 ] ] } },
{ "type": "Feature", "properties": { "seg_id": "DM03189", "width_min_m": 8.7, "width_max_m": 16.66, "verdict": "clear", "unknown_reason": null, "cctv_dist_m": 72.4, "cv_feasible": false, "width_verified": false, "midpoint_fallback": false, "inherited": false, "route_usage": 2, "length_m": 16.1, "run_length_m": null, "nfa_designated": false }, "geometry": { "type": "LineString", "coordinates": [ [ 126.927870344413307, 35.145860079316478 ], [ 126.927873590357521, 35.145862303032466 ], [ 126.927897380176148, 35.145893227582476 ], [ 126.927925692885239, 35.145939452109765 ], [ 126.927931077297174, 35.145980186187487 ], [ 126.927932328710668, 35.145992413486219 ] ] } },
{ "type": "Feature", "properties": { "seg_id": "DM03190", "width_min_m": 1.4, "width_max_m": 8.02, "verdict": "unknown", "unknown_reason": "no_cctv", "cctv_dist_m": 88.0, "cv_feasible": false, "width_verified": false, "midpoint_fallback": false, "inherited": false, "route_usage": 0, "length_m": 17.5, "run_length_m": null, "nfa_designated": false }, "geometry": { "type": "LineString", "coordinates": [ [ 126.927870344413307, 35.145860079316478 ], [ 126.927901367830501, 35.145832505057044 ], [ 126.92798490121227, 35.145764329121938 ], [ 126.928007148519939, 35.145749629041781 ] ] } },
{ "type": "Feature", "properties": { "seg_id": "DM03191", "width_min_m": 2.0, "width_max_m": 28.06, "verdict": "unknown", "unknown_reason": "no_cctv", "cctv_dist_m": 56.9, "cv_feasible": false, "width_verified": false, "midpoint_fallback": false, "inherited": false, "route_usage": 2, "length_m": 15.7, "run_length_m": null, "nfa_designated": false }, "geometry": { "type": "LineString", "coordinates": [ [ 126.927932328710668, 35.145992413486219 ], [ 126.927933580124531, 35.146004640784923 ], [ 126.927954821105629, 35.146031693319586 ], [ 126.928016459306633, 35.146114218339363 ] ] } },
{ "type": "Feature", "properties": { "seg_id": "DM03192", "width_min_m": 1.5, "width_max_m": 3.12, "verdict": "unknown", "unknown_reason": "no_cctv", "cctv_dist_m": 72.4, "cv_feasible": false, "width_verified": false, "midpoint_fallback": false, "inherited": false, "route_usage": 0, "length_m": 37.2, "run_length_m": null, "nfa_designated": false }, "geometry": { "type": "LineString", "coordinates": [ [ 126.927932328710668, 35.145992413486219 ], [ 126.927938069445176, 35.145974295483782 ], [ 126.927959648891417, 35.145965550092349 ], [ 126.928002627344242, 35.145943984736306 ], [ 126.928041804287986, 35.145926255594574 ], [ 126.928086921603892, 35.145899812712656 ], [ 126.928138681636838, 35.145862659353774 ], [ 126.928193546743358, 35.145814060024229 ], [ 126.9282384249736, 35.145779057594538 ] ] } },
{ "type": "Feature", "properties": { "seg_id": "DM03220", "width_min_m": 1.3, "width_max_m": 3.21, "verdict": "unknown", "unknown_reason": "no_cctv", "cctv_dist_m": 76.6, "cv_feasible": false, "width_verified": false, "midpoint_fallback": false, "inherited": true, "route_usage": 2, "length_m": 1.4, "run_length_m": null, "nfa_designated": false }, "geometry": { "type": "LineString", "coordinates": [ [ 126.928732113789778, 35.147163730890981 ], [ 126.928722928593672, 35.147174131719943 ] ] } },
{ "type": "Feature", "properties": { "seg_id": "DM03221", "width_min_m": 2.0, "width_max_m": 15.99, "verdict": "unknown", "unknown_reason": "no_cctv", "cctv_dist_m": 49.4, "cv_feasible": false, "width_verified": false, "midpoint_fallback": false, "inherited": false, "route_usage": 2, "length_m": 27.2, "run_length_m": null, "nfa_designated": false }, "geometry": { "type": "LineString", "coordinates": [ [ 126.928732113789778, 35.147163730890981 ], [ 126.928597632604024, 35.146944562231873 ] ] } },
{ "type": "Feature", "properties": { "seg_id": "DM03222", "width_min_m": 0.73, "width_max_m": 31.72, "verdict": "unknown", "unknown_reason": "no_cctv", "cctv_dist_m": 47.4, "cv_feasible": false, "width_verified": false, "midpoint_fallback": false, "inherited": false, "route_usage": 2, "length_m": 13.1, "run_length_m": null, "nfa_designated": false }, "geometry": { "type": "LineString", "coordinates": [ [ 126.928597632604024, 35.146944562231873 ], [ 126.928573367902061, 35.146987003490302 ], [ 126.928491493112034, 35.146964753249314 ] ] } },
{ "type": "Feature", "properties": { "seg_id": "DM03229", "width_min_m": 2.38, "width_max_m": 4.59, "verdict": "unknown", "unknown_reason": "no_cctv", "cctv_dist_m": 31.4, "cv_feasible": false, "width_verified": false, "midpoint_fallback": false, "inherited": false, "route_usage": 2, "length_m": 75.3, "run_length_m": null, "nfa_designated": false }, "geometry": { "type": "LineString", "coordinates": [ [ 126.929524979932708, 35.147443022868949 ], [ 126.929525209989663, 35.147443473683396 ], [ 126.929520383197101, 35.147466428352978 ], [ 126.929590351350399, 35.147593506946919 ], [ 126.929692215851063, 35.147807034794667 ], [ 126.930028290024808, 35.147732358258089 ] ] } },
{ "type": "Feature", "properties": { "seg_id": "DM03230", "width_min_m": 1.62, "width_max_m": 4.82, "verdict": "unknown", "unknown_reason": "no_cctv", "cctv_dist_m": 31.4, "cv_feasible": false, "width_verified": false, "midpoint_fallback": false, "inherited": false, "route_usage": 2, "length_m": 49.7, "run_length_m": null, "nfa_designated": false }, "geometry": { "type": "LineString", "coordinates": [ [ 126.929524979932708, 35.147443022868949 ], [ 126.929339628048709, 35.147506881967772 ], [ 126.929061468350483, 35.14767044745588 ], [ 126.929060643393512, 35.147672601203574 ] ] } },
{ "type": "Feature", "properties": { "seg_id": "DM03232", "width_min_m": 3.06, "width_max_m": 5.77, "verdict": "unknown", "unknown_reason": "no_cctv", "cctv_dist_m": 80.5, "cv_feasible": false, "width_verified": false, "midpoint_fallback": true, "inherited": false, "route_usage": 0, "length_m": 3.9, "run_length_m": null, "nfa_designated": false }, "geometry": { "type": "LineString", "coordinates": [ [ 126.929046919142451, 35.147705005761914 ], [ 126.929058608447733, 35.147677972068962 ], [ 126.929059766494831, 35.147671446944408 ] ] } },
{ "type": "Feature", "properties": { "seg_id": "DM03234", "width_min_m": 2.49, "width_max_m": 5.13, "verdict": "unknown", "unknown_reason": "no_cctv", "cctv_dist_m": 65.2, "cv_feasible": false, "width_verified": false, "midpoint_fallback": false, "inherited": false, "route_usage": 1, "length_m": 16.6, "run_length_m": null, "nfa_designated": false }, "geometry": { "type": "LineString", "coordinates": [ [ 126.930629726131002, 35.148068432372106 ], [ 126.930638798189833, 35.148067976867594 ], [ 126.93069483452993, 35.148062575107879 ], [ 126.93074898009958, 35.148056007758505 ], [ 126.930810185387116, 35.14804734396656 ] ] } },
{ "type": "Feature", "properties": { "seg_id": "DM03235", "width_min_m": 1.38, "width_max_m": 3.47, "verdict": "unknown", "unknown_reason": "no_cctv", "cctv_dist_m": 40.7, "cv_feasible": false, "width_verified": false, "midpoint_fallback": false, "inherited": false, "route_usage": 1, "length_m": 25.0, "run_length_m": null, "nfa_designated": false }, "geometry": { "type": "LineString", "coordinates": [ [ 126.930355598203505, 35.148082304587682 ], [ 126.930360901564299, 35.148081966807588 ], [ 126.930516457091684, 35.148074119508358 ], [ 126.930629726131002, 35.148068432372106 ] ] } },
{ "type": "Feature", "properties": { "seg_id": "DM03236", "width_min_m": 1.22, "width_max_m": 3.45, "verdict": "unknown", "unknown_reason": "no_cctv", "cctv_dist_m": 39.3, "cv_feasible": false, "width_verified": false, "midpoint_fallback": false, "inherited": false, "route_usage": 2, "length_m": 21.2, "run_length_m": null, "nfa_designated": false }, "geometry": { "type": "LineString", "coordinates": [ [ 126.930355598203505, 35.148082304587682 ], [ 126.930364717249418, 35.148203036706605 ], [ 126.93038117480819, 35.148207129498715 ], [ 126.930391069216896, 35.148262487556266 ] ] } },
{ "type": "Feature", "properties": { "seg_id": "DM03237", "width_min_m": 1.32, "width_max_m": 3.63, "verdict": "unknown", "unknown_reason": "no_cctv", "cctv_dist_m": 64.6, "cv_feasible": false, "width_verified": false, "midpoint_fallback": false, "inherited": false, "route_usage": 0, "length_m": 18.7, "run_length_m": null, "nfa_designated": false }, "geometry": { "type": "LineString", "coordinates": [ [ 126.930629726131002, 35.148068432372106 ], [ 126.930648653469248, 35.148236535026655 ] ] } },
{ "type": "Feature", "properties": { "seg_id": "DM03238", "width_min_m": 0.77, "width_max_m": 4.99, "verdict": "unknown", "unknown_reason": "no_cctv", "cctv_dist_m": 39.8, "cv_feasible": false, "width_verified": false, "midpoint_fallback": false, "inherited": false, "route_usage": 2, "length_m": 39.9, "run_length_m": null, "nfa_designated": false }, "geometry": { "type": "LineString", "coordinates": [ [ 126.929430572694883, 35.148599685693455 ], [ 126.929665524990568, 35.148554054225286 ], [ 126.92966717134577, 35.14855378479357 ], [ 126.929773909842709, 35.148536514888882 ], [ 126.929782139197528, 35.148537925869782 ], [ 126.92979031424656, 35.148601305022176 ] ] } },
{ "type": "Feature", "properties": { "seg_id": "DM03239", "width_min_m": 2.17, "width_max_m": 3.69, "verdict": "unknown", "unknown_reason": "no_cctv", "cctv_dist_m": 63.7, "cv_feasible": false, "width_verified": false, "midpoint_fallback": false, "inherited": false, "route_usage": 2, "length_m": 26.5, "run_length_m": null, "nfa_designated": false }, "geometry": { "type": "LineString", "coordinates": [ [ 126.929430572694883, 35.148599685693455 ], [ 126.929448662628459, 35.148694203583908 ], [ 126.929609450963568, 35.148749642227273 ] ] } },
{ "type": "Feature", "properties": { "seg_id": "DM03258", "width_min_m": 0.9, "width_max_m": 5.43, "verdict": "needs_cv", "unknown_reason": null, "cctv_dist_m": 15.9, "cv_feasible": true, "width_verified": false, "midpoint_fallback": false, "inherited": false, "route_usage": 2, "length_m": 40.9, "run_length_m": 131.0, "nfa_designated": true }, "geometry": { "type": "LineString", "coordinates": [ [ 126.930445366248023, 35.149273096906235 ], [ 126.930383578380315, 35.149259194354812 ], [ 126.930338237951119, 35.149248991803596 ], [ 126.930216401272759, 35.149227540096668 ], [ 126.930004358350615, 35.14920600051294 ] ] } },
{ "type": "Feature", "properties": { "seg_id": "DM03260", "width_min_m": 7.26, "width_max_m": 12.46, "verdict": "clear", "unknown_reason": null, "cctv_dist_m": 22.2, "cv_feasible": true, "width_verified": false, "midpoint_fallback": false, "inherited": false, "route_usage": 2, "length_m": 10.1, "run_length_m": null, "nfa_designated": false }, "geometry": { "type": "LineString", "coordinates": [ [ 126.931205297402215, 35.150171429533273 ], [ 126.931315614194034, 35.150164460657614 ] ] } },
{ "type": "Feature", "properties": { "seg_id": "DM03261", "width_min_m": 7.27, "width_max_m": 13.02, "verdict": "clear", "unknown_reason": null, "cctv_dist_m": 32.0, "cv_feasible": false, "width_verified": false, "midpoint_fallback": false, "inherited": false, "route_usage": 2, "length_m": 16.0, "run_length_m": null, "nfa_designated": false }, "geometry": { "type": "LineString", "coordinates": [ [ 126.931315614194034, 35.150164460657614 ], [ 126.931316429902807, 35.150164409127704 ], [ 126.931490086272191, 35.150153449852674 ], [ 126.931490502161523, 35.150153423586751 ] ] } },
{ "type": "Feature", "properties": { "seg_id": "DM03267", "width_min_m": 1.2, "width_max_m": 1.75, "verdict": "blocked", "unknown_reason": null, "cctv_dist_m": 21.6, "cv_feasible": true, "width_verified": false, "midpoint_fallback": false, "inherited": false, "route_usage": 2, "length_m": 37.6, "run_length_m": 37.6, "nfa_designated": false }, "geometry": { "type": "LineString", "coordinates": [ [ 126.931205297402215, 35.150171429533273 ], [ 126.931203115683275, 35.150128147152998 ], [ 126.931198473061528, 35.150036043714422 ], [ 126.93118299718634, 35.150017115745889 ], [ 126.931169316906562, 35.149836617369573 ] ] } },
{ "type": "Feature", "properties": { "seg_id": "DM03268", "width_min_m": 1.9, "width_max_m": 2.53, "verdict": "unknown", "unknown_reason": "no_cctv", "cctv_dist_m": 47.2, "cv_feasible": false, "width_verified": false, "midpoint_fallback": false, "inherited": false, "route_usage": 0, "length_m": 53.4, "run_length_m": null, "nfa_designated": false }, "geometry": { "type": "LineString", "coordinates": [ [ 126.931490502161523, 35.150153423586751 ], [ 126.931484498656687, 35.150112035524636 ], [ 126.931473748794744, 35.150037926068599 ], [ 126.931455766045858, 35.149822743544917 ], [ 126.931467876602255, 35.149799923091273 ], [ 126.931443831584801, 35.149677464519712 ] ] } },
{ "type": "Feature", "properties": { "seg_id": "DM03272", "width_min_m": 0.9, "width_max_m": 1.44, "verdict": "blocked", "unknown_reason": null, "cctv_dist_m": 45.4, "cv_feasible": false, "width_verified": false, "midpoint_fallback": false, "inherited": false, "route_usage": 0, "length_m": 21.4, "run_length_m": 21.4, "nfa_designated": false }, "geometry": { "type": "LineString", "coordinates": [ [ 126.931361429631622, 35.149235680214218 ], [ 126.931362061262348, 35.149270376985072 ], [ 126.931369091576016, 35.149325228700739 ], [ 126.93138066839866, 35.14942817606147 ] ] } },
{ "type": "Feature", "properties": { "seg_id": "DM03278", "width_min_m": 2.1, "width_max_m": 7.42, "verdict": "unknown", "unknown_reason": "no_cctv", "cctv_dist_m": 55.4, "cv_feasible": false, "width_verified": false, "midpoint_fallback": false, "inherited": false, "route_usage": 0, "length_m": 22.6, "run_length_m": null, "nfa_designated": false }, "geometry": { "type": "LineString", "coordinates": [ [ 126.93117367487045, 35.148739601890867 ], [ 126.931159516467503, 35.148764070893954 ], [ 126.931113961988046, 35.148787889306739 ], [ 126.931033472115715, 35.148810720835826 ], [ 126.930985186909382, 35.14881391541774 ], [ 126.93095763623829, 35.148817470096184 ] ] } },
{ "type": "Feature", "properties": { "seg_id": "DM03515", "width_min_m": 4.92, "width_max_m": 19.64, "verdict": "clear", "unknown_reason": null, "cctv_dist_m": 13.6, "cv_feasible": true, "width_verified": false, "midpoint_fallback": true, "inherited": false, "route_usage": 11, "length_m": 3.1, "run_length_m": null, "nfa_designated": false }, "geometry": { "type": "LineString", "coordinates": [ [ 126.928731241244378, 35.150024374416525 ], [ 126.928697571821758, 35.150029859841375 ] ] } },
{ "type": "Feature", "properties": { "seg_id": "DM03516", "width_min_m": 2.39, "width_max_m": 4.34, "verdict": "needs_cv", "unknown_reason": null, "cctv_dist_m": 15.9, "cv_feasible": true, "width_verified": false, "midpoint_fallback": false, "inherited": false, "route_usage": 7, "length_m": 47.7, "run_length_m": 73.0, "nfa_designated": false }, "geometry": { "type": "LineString", "coordinates": [ [ 126.928879825466822, 35.149617682090629 ], [ 126.928873924272821, 35.149622112866581 ], [ 126.928834471379943, 35.149832636871885 ], [ 126.928809201376453, 35.149902476780909 ], [ 126.928763348114572, 35.149979488145128 ], [ 126.928731241244378, 35.150024374416525 ] ] } },
{ "type": "Feature", "properties": { "seg_id": "DM03517", "width_min_m": 2.55, "width_max_m": 4.59, "verdict": "needs_cv", "unknown_reason": null, "cctv_dist_m": 18.6, "cv_feasible": true, "width_verified": false, "midpoint_fallback": false, "inherited": false, "route_usage": 2, "length_m": 25.3, "run_length_m": 73.0, "nfa_designated": false }, "geometry": { "type": "LineString", "coordinates": [ [ 126.928879825466822, 35.149617682090629 ], [ 126.928790481982361, 35.149622494488419 ], [ 126.928719084404335, 35.149626526831533 ], [ 126.928602854061708, 35.149628666726755 ] ] } },
{ "type": "Feature", "properties": { "seg_id": "DM03518", "width_min_m": 1.52, "width_max_m": 4.41, "verdict": "unknown", "unknown_reason": "no_cctv", "cctv_dist_m": 94.2, "cv_feasible": false, "width_verified": false, "midpoint_fallback": false, "inherited": false, "route_usage": 0, "length_m": 36.0, "run_length_m": null, "nfa_designated": false }, "geometry": { "type": "LineString", "coordinates": [ [ 126.926601733764073, 35.14626982179805 ], [ 126.926625354321985, 35.146280900812151 ], [ 126.9266850017206, 35.146312735232684 ], [ 126.92670323035756, 35.146325346143065 ], [ 126.926751679648348, 35.146362432204718 ], [ 126.926751440607177, 35.146365818733869 ], [ 126.926738540009353, 35.146389663314061 ], [ 126.926737283805366, 35.146399414718068 ], [ 126.926748035011428, 35.146422654527427 ], [ 126.926838348369884, 35.14649829665963 ] ] } },
{ "type": "Feature", "properties": { "seg_id": "DM03519", "width_min_m": 1.26, "width_max_m": 3.62, "verdict": "unknown", "unknown_reason": "no_cctv", "cctv_dist_m": 87.5, "cv_feasible": false, "width_verified": false, "midpoint_fallback": false, "inherited": false, "route_usage": 0, "length_m": 39.4, "run_length_m": null, "nfa_designated": false }, "geometry": { "type": "LineString", "coordinates": [ [ 126.926257997758356, 35.146384396333282 ], [ 126.926258304555702, 35.146384288362896 ], [ 126.926270254259933, 35.146386903008896 ], [ 126.926340216348066, 35.146421096337797 ], [ 126.926376088246798, 35.146384949920474 ], [ 126.926402779872589, 35.146359569724005 ], [ 126.926433533104998, 35.14633537186095 ], [ 126.92645530965811, 35.146320520131354 ], [ 126.926497307093356, 35.146296096014375 ], [ 126.926544934589018, 35.146272068586967 ], [ 126.926567196298706, 35.14626131027233 ], [ 126.926600415557957, 35.146269203504872 ], [ 126.926601733764073, 35.14626982179805 ] ] } },
{ "type": "Feature", "properties": { "seg_id": "DM03520", "width_min_m": 1.63, "width_max_m": 5.45, "verdict": "unknown", "unknown_reason": "no_cctv", "cctv_dist_m": 75.7, "cv_feasible": false, "width_verified": false, "midpoint_fallback": false, "inherited": false, "route_usage": 0, "length_m": 14.9, "run_length_m": null, "nfa_designated": false }, "geometry": { "type": "LineString", "coordinates": [ [ 126.926257997758356, 35.146384396333282 ], [ 126.926120318049655, 35.146311966155679 ] ] } },
{ "type": "Feature", "properties": { "seg_id": "DM03521", "width_min_m": 0.92, "width_max_m": 19.11, "verdict": "unknown", "unknown_reason": "no_cctv", "cctv_dist_m": 78.3, "cv_feasible": false, "width_verified": false, "midpoint_fallback": false, "inherited": false, "route_usage": 0, "length_m": 23.2, "run_length_m": null, "nfa_designated": false }, "geometry": { "type": "LineString", "coordinates": [ [ 126.926601733764073, 35.14626982179805 ], [ 126.926650175342488, 35.146184172285444 ], [ 126.926530111131285, 35.146125185100566 ] ] } },
{ "type": "Feature", "properties": { "seg_id": "DM03538", "width_min_m": 6.81, "width_max_m": 10.15, "verdict": "clear", "unknown_reason": null, "cctv_dist_m": 18.4, "cv_feasible": true, "width_verified": false, "midpoint_fallback": false, "inherited": false, "route_usage": 1, "length_m": 109.3, "run_length_m": null, "nfa_designated": false }, "geometry": { "type": "LineString", "coordinates": [ [ 126.92461574541413, 35.148370849480976 ], [ 126.924937095102351, 35.148692701528738 ], [ 126.924436633416875, 35.149085555894757 ] ] } },
{ "type": "Feature", "properties": { "seg_id": "DM03539", "width_min_m": 1.21, "width_max_m": 2.27, "verdict": "blocked", "unknown_reason": null, "cctv_dist_m": 63.5, "cv_feasible": false, "width_verified": false, "midpoint_fallback": false, "inherited": false, "route_usage": 0, "length_m": 55.1, "run_length_m": 55.1, "nfa_designated": false }, "geometry": { "type": "LineString", "coordinates": [ [ 126.92461574541413, 35.148370849480976 ], [ 126.924430015095226, 35.148550561074551 ], [ 126.924230401521953, 35.148753662725611 ] ] } },
{ "type": "Feature", "properties": { "seg_id": "DM03540", "width_min_m": 3.1, "width_max_m": 5.01, "verdict": "unknown", "unknown_reason": "no_cctv", "cctv_dist_m": 63.3, "cv_feasible": false, "width_verified": false, "midpoint_fallback": false, "inherited": false, "route_usage": 0, "length_m": 21.2, "run_length_m": null, "nfa_designated": false }, "geometry": { "type": "LineString", "coordinates": [ [ 126.924436633416875, 35.149085555894757 ], [ 126.92440287107128, 35.149033184800523 ], [ 126.924367917104732, 35.149008379675429 ], [ 126.924275758788241, 35.148952679200633 ] ] } },
{ "type": "Feature", "properties": { "seg_id": "DM03542", "width_min_m": 4.48, "width_max_m": 8.12, "verdict": "unknown", "unknown_reason": "no_cctv", "cctv_dist_m": 81.2, "cv_feasible": false, "width_verified": false, "midpoint_fallback": false, "inherited": false, "route_usage": 0, "length_m": 91.5, "run_length_m": null, "nfa_designated": false }, "geometry": { "type": "LineString", "coordinates": [ [ 126.924388292929692, 35.149359638130747 ], [ 126.924677025830974, 35.14949179611483 ], [ 126.925262608723443, 35.149765988399736 ] ] } },
{ "type": "Feature", "properties": { "seg_id": "DM03543", "width_min_m": 4.96, "width_max_m": 12.95, "verdict": "clear", "unknown_reason": null, "cctv_dist_m": 90.2, "cv_feasible": false, "width_verified": false, "midpoint_fallback": false, "inherited": false, "route_usage": 3, "length_m": 15.5, "run_length_m": null, "nfa_designated": false }, "geometry": { "type": "LineString", "coordinates": [ [ 126.925235071226368, 35.149627937506764 ], [ 126.925262608723443, 35.149765988399736 ] ] } },
{ "type": "Feature", "properties": { "seg_id": "DM03544", "width_min_m": 5.08, "width_max_m": 9.36, "verdict": "clear", "unknown_reason": null, "cctv_dist_m": 45.3, "cv_feasible": false, "width_verified": false, "midpoint_fallback": false, "inherited": false, "route_usage": 3, "length_m": 45.0, "run_length_m": null, "nfa_designated": false }, "geometry": { "type": "LineString", "coordinates": [ [ 126.925155277364311, 35.149228009936834 ], [ 126.925235071226368, 35.149627937506764 ] ] } },
{ "type": "Feature", "properties": { "seg_id": "DM03545", "width_min_m": 3.87, "width_max_m": 5.42, "verdict": "unknown", "unknown_reason": "no_cctv", "cctv_dist_m": 45.3, "cv_feasible": false, "width_verified": false, "midpoint_fallback": false, "inherited": false, "route_usage": 3, "length_m": 64.4, "run_length_m": null, "nfa_designated": false }, "geometry": { "type": "LineString", "coordinates": [ [ 126.925155277364311, 35.149228009936834 ], [ 126.92584778080878, 35.149111925622869 ] ] } },
{ "type": "Feature", "properties": { "seg_id": "DM03546", "width_min_m": 1.42, "width_max_m": 5.72, "verdict": "unknown", "unknown_reason": "no_cctv", "cctv_dist_m": 85.1, "cv_feasible": false, "width_verified": false, "midpoint_fallback": false, "inherited": false, "route_usage": 2, "length_m": 26.2, "run_length_m": null, "nfa_designated": false }, "geometry": { "type": "LineString", "coordinates": [ [ 126.925235071226368, 35.149627937506764 ], [ 126.925460275054576, 35.149591574007729 ], [ 126.92545362500806, 35.14954396024001 ] ] } },
{ "type": "Feature", "properties": { "seg_id": "DM03547", "width_min_m": 5.84, "width_max_m": 8.03, "verdict": "clear", "unknown_reason": null, "cctv_dist_m": 59.7, "cv_feasible": false, "width_verified": false, "midpoint_fallback": false, "inherited": false, "route_usage": 4, "length_m": 34.8, "run_length_m": null, "nfa_designated": false }, "geometry": { "type": "LineString", "coordinates": [ [ 126.92584778080878, 35.149111925622869 ], [ 126.925911167017475, 35.149421607819754 ] ] } },
{ "type": "Feature", "properties": { "seg_id": "DM03548", "width_min_m": 5.52, "width_max_m": 10.31, "verdict": "clear", "unknown_reason": null, "cctv_dist_m": 51.7, "cv_feasible": false, "width_verified": false, "midpoint_fallback": false, "inherited": false, "route_usage": 4, "length_m": 18.3, "run_length_m": null, "nfa_designated": false }, "geometry": { "type": "LineString", "coordinates": [ [ 126.925911167017475, 35.149421607819754 ], [ 126.925912598163819, 35.149428621257798 ], [ 126.926102013223215, 35.149402061054992 ] ] } },
{ "type": "Feature", "properties": { "seg_id": "DM03549", "width_min_m": 5.1, "width_max_m": 11.55, "verdict": "clear", "unknown_reason": null, "cctv_dist_m": 59.7, "cv_feasible": false, "width_verified": false, "midpoint_fallback": false, "inherited": false, "route_usage": 2, "length_m": 20.2, "run_length_m": null, "nfa_designated": false }, "geometry": { "type": "LineString", "coordinates": [ [ 126.925911167017475, 35.149421607819754 ], [ 126.925692236068059, 35.149451585468427 ] ] } },
{ "type": "Feature", "properties": { "seg_id": "DM03550", "width_min_m": 5.94, "width_max_m": 8.34, "verdict": "clear", "unknown_reason": null, "cctv_dist_m": 30.5, "cv_feasible": false, "width_verified": false, "midpoint_fallback": false, "inherited": false, "route_usage": 4, "length_m": 44.5, "run_length_m": null, "nfa_designated": false }, "geometry": { "type": "LineString", "coordinates": [ [ 126.926102013223215, 35.149402061054992 ], [ 126.926111499064817, 35.149400730920838 ], [ 126.926112311265911, 35.149400614249515 ], [ 126.926583462858304, 35.14933454838642 ] ] } },
{ "type": "Feature", "properties": { "seg_id": "DM03551", "width_min_m": 1.1, "width_max_m": 3.7, "verdict": "unknown", "unknown_reason": "no_cctv", "cctv_dist_m": 32.4, "cv_feasible": false, "width_verified": false, "midpoint_fallback": false, "inherited": false, "route_usage": 2, "length_m": 20.8, "run_length_m": null, "nfa_designated": false }, "geometry": { "type": "LineString", "coordinates": [ [ 126.926102013223215, 35.149402061054992 ], [ 126.926114310795782, 35.149454165428253 ], [ 126.926128350779081, 35.149534642574203 ], [ 126.926139036020643, 35.149586786381192 ] ] } },
{ "type": "Feature", "properties": { "seg_id": "DM03552", "width_min_m": 8.48, "width_max_m": 29.81, "verdict": "clear", "unknown_reason": null, "cctv_dist_m": 30.5, "cv_feasible": false, "width_verified": false, "midpoint_fallback": false, "inherited": false, "route_usage": 84, "length_m": 15.2, "run_length_m": null, "nfa_designated": false }, "geometry": { "type": "LineString", "coordinates": [ [ 126.926583462858304, 35.14933454838642 ], [ 126.926531182767846, 35.149465059407369 ] ] } },
{ "type": "Feature", "properties": { "seg_id": "DM03553", "width_min_m": 1.0, "width_max_m": 7.07, "verdict": "unknown", "unknown_reason": "no_cctv", "cctv_dist_m": 42.8, "cv_feasible": false, "width_verified": false, "midpoint_fallback": false, "inherited": false, "route_usage": 2, "length_m": 23.1, "run_length_m": null, "nfa_designated": false }, "geometry": { "type": "LineString", "coordinates": [ [ 126.926531182767846, 35.149465059407369 ], [ 126.92677552751681, 35.149521689129372 ] ] } },
{ "type": "Feature", "properties": { "seg_id": "DM03554", "width_min_m": 1.5, "width_max_m": null, "verdict": "unknown", "unknown_reason": "width", "cctv_dist_m": 31.3, "cv_feasible": false, "width_verified": false, "midpoint_fallback": true, "inherited": false, "route_usage": 0, "length_m": 30.8, "run_length_m": null, "nfa_designated": false }, "geometry": { "type": "LineString", "coordinates": [ [ 126.928154268219728, 35.149852514699248 ], [ 126.928152659616416, 35.149948318127592 ], [ 126.928159314996776, 35.150064682022119 ], [ 126.928159952814383, 35.150116376656854 ], [ 126.928161428667906, 35.150129488771903 ] ] } },
{ "type": "Feature", "properties": { "seg_id": "DM03555", "width_min_m": 1.0, "width_max_m": 5.29, "verdict": "unknown", "unknown_reason": "no_cctv", "cctv_dist_m": 31.3, "cv_feasible": false, "width_verified": false, "midpoint_fallback": false, "inherited": false, "route_usage": 2, "length_m": 44.5, "run_length_m": null, "nfa_designated": false }, "geometry": { "type": "LineString", "coordinates": [ [ 126.928154268219728, 35.149852514699248 ], [ 126.9280975559045, 35.149848461834281 ], [ 126.928090189939496, 35.149848228767965 ], [ 126.92788187943485, 35.149841637435955 ], [ 126.927666171531612, 35.149833416063139 ] ] } },
{ "type": "Feature", "properties": { "seg_id": "DM03556", "width_min_m": 1.35, "width_max_m": null, "verdict": "unknown", "unknown_reason": "width", "cctv_dist_m": 87.8, "cv_feasible": false, "width_verified": false, "midpoint_fallback": true, "inherited": false, "route_usage": 2, "length_m": 29.0, "run_length_m": null, "nfa_designated": false }, "geometry": { "type": "LineString", "coordinates": [ [ 126.924815958761997, 35.151389777923995 ], [ 126.924504451330549, 35.151443959326777 ] ] } },
{ "type": "Feature", "properties": { "seg_id": "DM03557", "width_min_m": 3.31, "width_max_m": 5.56, "verdict": "needs_cv", "unknown_reason": null, "cctv_dist_m": 8.4, "cv_feasible": true, "width_verified": false, "midpoint_fallback": false, "inherited": true, "route_usage": 2, "length_m": 0.0, "run_length_m": 101.4, "nfa_designated": true }, "geometry": { "type": "LineString", "coordinates": [ [ 126.928039790424378, 35.150599841480847 ], [ 126.928039727062199, 35.150599973799039 ] ] } },
{ "type": "Feature", "properties": { "seg_id": "DM03558", "width_min_m": 6.89, "width_max_m": 8.37, "verdict": "clear", "unknown_reason": null, "cctv_dist_m": 30.3, "cv_feasible": false, "width_verified": false, "midpoint_fallback": false, "inherited": false, "route_usage": 19, "length_m": 31.8, "run_length_m": null, "nfa_designated": false }, "geometry": { "type": "LineString", "coordinates": [ [ 126.923097214960407, 35.150885350705892 ], [ 126.922763485985215, 35.15097032331574 ] ] } },
{ "type": "Feature", "properties": { "seg_id": "DM03559", "width_min_m": 1.9, "width_max_m": 3.9, "verdict": "needs_cv", "unknown_reason": null, "cctv_dist_m": 4.7, "cv_feasible": true, "width_verified": false, "midpoint_fallback": false, "inherited": false, "route_usage": 20, "length_m": 26.6, "run_length_m": 139.7, "nfa_designated": true }, "geometry": { "type": "LineString", "coordinates": [ [ 126.92228960314101, 35.152913964543202 ], [ 126.922304093081195, 35.152917410556576 ], [ 126.922394807488985, 35.152925192404531 ], [ 126.922575498610797, 35.152960089887507 ] ] } },
{ "type": "Feature", "properties": { "seg_id": "DM03560", "width_min_m": 5.77, "width_max_m": null, "verdict": "clear", "unknown_reason": null, "cctv_dist_m": 0.5, "cv_feasible": true, "width_verified": false, "midpoint_fallback": true, "inherited": false, "route_usage": 0, "length_m": 45.9, "run_length_m": null, "nfa_designated": false }, "geometry": { "type": "LineString", "coordinates": [ [ 126.921228078253293, 35.155308508621417 ], [ 126.921235999458204, 35.155308513771061 ], [ 126.921259635555373, 35.155257746640011 ], [ 126.921295883781269, 35.15523496111603 ], [ 126.921342670128908, 35.155207526846233 ], [ 126.921431757675478, 35.155158383509033 ], [ 126.921612430551647, 35.155056660899717 ] ] } },
{ "type": "Feature", "properties": { "seg_id": "DM03561", "width_min_m": 4.57, "width_max_m": 36.44, "verdict": "clear", "unknown_reason": null, "cctv_dist_m": 49.2, "cv_feasible": false, "width_verified": false, "midpoint_fallback": true, "inherited": false, "route_usage": 4, "length_m": 12.0, "run_length_m": null, "nfa_designated": false }, "geometry": { "type": "LineString", "coordinates": [ [ 126.925993005744331, 35.152110180616546 ], [ 126.925954143159743, 35.152114815775789 ], [ 126.925913657534252, 35.152135723191762 ], [ 126.925900749325905, 35.152166339205365 ], [ 126.925901049553005, 35.152170898348409 ] ] } },
{ "type": "Feature", "properties": { "seg_id": "DM03562", "width_min_m": 1.8, "width_max_m": 3.56, "verdict": "unknown", "unknown_reason": "no_cctv", "cctv_dist_m": 41.7, "cv_feasible": false, "width_verified": false, "midpoint_fallback": false, "inherited": false, "route_usage": 2, "length_m": 35.7, "run_length_m": null, "nfa_designated": false }, "geometry": { "type": "LineString", "coordinates": [ [ 126.925993005744331, 35.152110180616546 ], [ 126.926000786873075, 35.1521543208708 ], [ 126.92601492250607, 35.152215986576259 ], [ 126.926147793294859, 35.152196386881442 ], [ 126.926271382123886, 35.152178156223947 ] ] } },
{ "type": "Feature", "properties": { "seg_id": "DM03563", "width_min_m": 1.8, "width_max_m": 4.43, "verdict": "unknown", "unknown_reason": "no_cctv", "cctv_dist_m": 27.2, "cv_feasible": false, "width_verified": false, "midpoint_fallback": false, "inherited": false, "route_usage": 0, "length_m": 49.7, "run_length_m": null, "nfa_designated": false }, "geometry": { "type": "LineString", "coordinates": [ [ 126.925901049553005, 35.152170898348409 ], [ 126.925902501945771, 35.152192953865217 ], [ 126.925911790921205, 35.152235249557329 ], [ 126.9259272852469, 35.152302888008776 ], [ 126.925927700116802, 35.152335334902332 ], [ 126.92595960056731, 35.152422122006179 ], [ 126.926045341774881, 35.152401029288264 ], [ 126.926155667515047, 35.152377467497381 ], [ 126.926184984289122, 35.152374933381395 ] ] } },
{ "type": "Feature", "properties": { "seg_id": "DM03564", "width_min_m": 1.0, "width_max_m": null, "verdict": "unknown", "unknown_reason": "width", "cctv_dist_m": 44.4, "cv_feasible": false, "width_verified": false, "midpoint_fallback": true, "inherited": false, "route_usage": 2, "length_m": 18.6, "run_length_m": null, "nfa_designated": false }, "geometry": { "type": "LineString", "coordinates": [ [ 126.925901049553005, 35.152170898348409 ], [ 126.925885564016184, 35.152163096692867 ], [ 126.925878657333456, 35.152159617086184 ], [ 126.925843310473326, 35.152167814112872 ], [ 126.925748209024405, 35.152190487195547 ], [ 126.925707105523387, 35.15219716086834 ] ] } },
{ "type": "Feature", "properties": { "seg_id": "DM03565", "width_min_m": 1.1, "width_max_m": 4.96, "verdict": "unknown", "unknown_reason": "no_cctv", "cctv_dist_m": 36.0, "cv_feasible": false, "width_verified": false, "midpoint_fallback": false, "inherited": false, "route_usage": 3, "length_m": 25.5, "run_length_m": null, "nfa_designated": false }, "geometry": { "type": "LineString", "coordinates": [ [ 126.926459439897599, 35.15233027783335 ], [ 126.926457984396535, 35.152330583770507 ], [ 126.926367937711774, 35.152351499571353 ], [ 126.926319569952568, 35.152360208037052 ], [ 126.926257213517985, 35.152366910643572 ], [ 126.926184984289122, 35.152374933381395 ] ] } },
{ "type": "Feature", "properties": { "seg_id": "DM03566", "width_min_m": 0.6, "width_max_m": 3.45, "verdict": "unknown", "unknown_reason": "no_cctv", "cctv_dist_m": 30.1, "cv_feasible": false, "width_verified": false, "midpoint_fallback": false, "inherited": false, "route_usage": 2, "length_m": 19.4, "run_length_m": null, "nfa_designated": false }, "geometry": { "type": "LineString", "coordinates": [ [ 126.926459439897599, 35.15233027783335 ], [ 126.926453070481813, 35.152310378022278 ], [ 126.926441139644069, 35.152277819949518 ], [ 126.926433667518182, 35.152257429245275 ], [ 126.92641361904623, 35.152230557106208 ], [ 126.926405403032035, 35.152193641080856 ], [ 126.926398867674351, 35.152164276522292 ] ] } },
{ "type": "Feature", "properties": { "seg_id": "DM03567", "width_min_m": 4.2, "width_max_m": 6.59, "verdict": "unknown", "unknown_reason": "no_cctv", "cctv_dist_m": 66.1, "cv_feasible": false, "width_verified": false, "midpoint_fallback": false, "inherited": false, "route_usage": 0, "length_m": 35.6, "run_length_m": null, "nfa_designated": false }, "geometry": { "type": "LineString", "coordinates": [ [ 126.924452446474291, 35.153165045832978 ], [ 126.924573605340939, 35.15315499547998 ], [ 126.924812607160121, 35.153135169472662 ], [ 126.924839519611837, 35.153126753801459 ] ] } },
{ "type": "Feature", "properties": { "seg_id": "DM03568", "width_min_m": 4.53, "width_max_m": 13.34, "verdict": "clear", "unknown_reason": null, "cctv_dist_m": 59.4, "cv_feasible": false, "width_verified": false, "midpoint_fallback": true, "inherited": false, "route_usage": 2, "length_m": 6.8, "run_length_m": null, "nfa_designated": false }, "geometry": { "type": "LineString", "coordinates": [ [ 126.924839519611837, 35.153126753801459 ], [ 126.924909551560873, 35.153104854390861 ] ] } },
{ "type": "Feature", "properties": { "seg_id": "DM03569", "width_min_m": 1.0, "width_max_m": 7.17, "verdict": "unknown", "unknown_reason": "no_cctv", "cctv_dist_m": 66.1, "cv_feasible": false, "width_verified": false, "midpoint_fallback": false, "inherited": false, "route_usage": 0, "length_m": 20.7, "run_length_m": null, "nfa_designated": false }, "geometry": { "type": "LineString", "coordinates": [ [ 126.924839519611837, 35.153126753801459 ], [ 126.924850058870277, 35.153156819126096 ], [ 126.924846169674311, 35.153181493044009 ], [ 126.924828516016504, 35.15323088783034 ], [ 126.92479428238974, 35.153304411338723 ] ] } },
{ "type": "Feature", "properties": { "seg_id": "DM03570", "width_min_m": 3.06, "width_max_m": 5.05, "verdict": "unknown", "unknown_reason": "no_cctv", "cctv_dist_m": 33.4, "cv_feasible": false, "width_verified": false, "midpoint_fallback": false, "inherited": false, "route_usage": 4, "length_m": 26.4, "run_length_m": null, "nfa_designated": false }, "geometry": { "type": "LineString", "coordinates": [ [ 126.924909551560873, 35.153104854390861 ], [ 126.92518070971046, 35.153020061117246 ] ] } },
{ "type": "Feature", "properties": { "seg_id": "DM03571", "width_min_m": 1.03, "width_max_m": 3.28, "verdict": "unknown", "unknown_reason": "no_cctv", "cctv_dist_m": 58.9, "cv_feasible": false, "width_verified": false, "midpoint_fallback": false, "inherited": false, "route_usage": 0, "length_m": 16.4, "run_length_m": null, "nfa_designated": false }, "geometry": { "type": "LineString", "coordinates": [ [ 126.924909551560873, 35.153104854390861 ], [ 126.924926944032705, 35.153140956984636 ], [ 126.924969214683088, 35.153244339011721 ] ] } },
{ "type": "Feature", "properties": { "seg_id": "DM03572", "width_min_m": 1.52, "width_max_m": 2.62, "verdict": "unknown", "unknown_reason": "no_cctv", "cctv_dist_m": 29.2, "cv_feasible": false, "width_verified": false, "midpoint_fallback": false, "inherited": false, "route_usage": 0, "length_m": 28.7, "run_length_m": null, "nfa_designated": false }, "geometry": { "type": "LineString", "coordinates": [ [ 126.92518070971046, 35.153020061117246 ], [ 126.925206717479469, 35.153067206799776 ], [ 126.925233012946535, 35.153095060285182 ], [ 126.925248280033728, 35.153107404828596 ], [ 126.925287570707894, 35.15314278948626 ], [ 126.925318889912816, 35.153170250174213 ], [ 126.925358909169731, 35.153230922054966 ] ] } },
{ "type": "Feature", "properties": { "seg_id": "DM03582", "width_min_m": 3.89, "width_max_m": 4.66, "verdict": "unknown", "unknown_reason": "no_cctv", "cctv_dist_m": 26.9, "cv_feasible": false, "width_verified": false, "midpoint_fallback": false, "inherited": false, "route_usage": 4, "length_m": 31.8, "run_length_m": null, "nfa_designated": false }, "geometry": { "type": "LineString", "coordinates": [ [ 126.921596284731521, 35.152039759816454 ], [ 126.921843210334899, 35.152242896379768 ] ] } },
{ "type": "Feature", "properties": { "seg_id": "DM03583", "width_min_m": 4.08, "width_max_m": 8.01, "verdict": "needs_cv", "unknown_reason": null, "cctv_dist_m": 7.6, "cv_feasible": true, "width_verified": false, "midpoint_fallback": false, "inherited": false, "route_usage": 18, "length_m": 41.7, "run_length_m": 185.9, "nfa_designated": true }, "geometry": { "type": "LineString", "coordinates": [ [ 126.921308165801449, 35.152331381330548 ], [ 126.921596284731521, 35.152039759816454 ] ] } },
{ "type": "Feature", "properties": { "seg_id": "DM03584", "width_min_m": 1.09, "width_max_m": 4.41, "verdict": "unknown", "unknown_reason": "no_cctv", "cctv_dist_m": 26.9, "cv_feasible": false, "width_verified": false, "midpoint_fallback": false, "inherited": false, "route_usage": 2, "length_m": 15.1, "run_length_m": null, "nfa_designated": false }, "geometry": { "type": "LineString", "coordinates": [ [ 126.921843210334899, 35.152242896379768 ], [ 126.921772340241802, 35.152295101364771 ], [ 126.92170272687838, 35.152285194756445 ] ] } },
{ "type": "Feature", "properties": { "seg_id": "DM03585", "width_min_m": 3.99, "width_max_m": 6.02, "verdict": "needs_cv", "unknown_reason": null, "cctv_dist_m": 7.6, "cv_feasible": true, "width_verified": false, "midpoint_fallback": false, "inherited": false, "route_usage": 12, "length_m": 10.0, "run_length_m": 185.9, "nfa_designated": true }, "geometry": { "type": "LineString", "coordinates": [ [ 126.921239055653473, 35.152401452023611 ], [ 126.921308165801449, 35.152331381330548 ] ] } },
{ "type": "Feature", "properties": { "seg_id": "DM03586", "width_min_m": 1.35, "width_max_m": 2.97, "verdict": "needs_cv", "unknown_reason": null, "cctv_dist_m": 13.4, "cv_feasible": true, "width_verified": false, "midpoint_fallback": false, "inherited": false, "route_usage": 2, "length_m": 31.7, "run_length_m": 185.9, "nfa_designated": true }, "geometry": { "type": "LineString", "coordinates": [ [ 126.921239055653473, 35.152401452023611 ], [ 126.92138859854002, 35.152502908783461 ], [ 126.921480126530327, 35.152400778442527 ] ] } },
{ "type": "Feature", "properties": { "seg_id": "DM03587", "width_min_m": 3.57, "width_max_m": 4.75, "verdict": "needs_cv", "unknown_reason": null, "cctv_dist_m": 0.9, "cv_feasible": true, "width_verified": false, "midpoint_fallback": false, "inherited": false, "route_usage": 6, "length_m": 25.0, "run_length_m": 185.9, "nfa_designated": true }, "geometry": { "type": "LineString", "coordinates": [ [ 126.921098134290844, 35.152185758406596 ], [ 126.921101785827574, 35.152188289774742 ], [ 126.921308165801449, 35.152331381330548 ] ] } },
{ "type": "Feature", "properties": { "seg_id": "DM03588", "width_min_m": 1.5, "width_max_m": 3.52, "verdict": "needs_cv", "unknown_reason": null, "cctv_dist_m": 17.5, "cv_feasible": true, "width_verified": false, "midpoint_fallback": false, "inherited": false, "route_usage": 2, "length_m": 16.4, "run_length_m": 185.9, "nfa_designated": true }, "geometry": { "type": "LineString", "coordinates": [ [ 126.921098134290844, 35.152185758406596 ], [ 126.920984574950765, 35.152300976747242 ] ] } },
{ "type": "Feature", "properties": { "seg_id": "DM03589", "width_min_m": 1.7, "width_max_m": 4.36, "verdict": "unknown", "unknown_reason": "no_cctv", "cctv_dist_m": 49.1, "cv_feasible": false, "width_verified": false, "midpoint_fallback": false, "inherited": false, "route_usage": 6, "length_m": 18.9, "run_length_m": null, "nfa_designated": false }, "geometry": { "type": "LineString", "coordinates": [ [ 126.921441153776456, 35.152786690412263 ], [ 126.921449881632711, 35.152770772061288 ], [ 126.921466786426308, 35.15273994013635 ], [ 126.921514962586912, 35.15268446172584 ], [ 126.921555398618878, 35.152645652554938 ] ] } },
{ "type": "Feature", "properties": { "seg_id": "DM03590", "width_min_m": 1.7, "width_max_m": 7.2, "verdict": "unknown", "unknown_reason": "no_cctv", "cctv_dist_m": 43.7, "cv_feasible": false, "width_verified": false, "midpoint_fallback": false, "inherited": false, "route_usage": 2, "length_m": 27.7, "run_length_m": null, "nfa_designated": false }, "geometry": { "type": "LineString", "coordinates": [ [ 126.921555398618878, 35.152645652554938 ], [ 126.921573176293975, 35.152628590112222 ], [ 126.92159442593946, 35.152608195370696 ], [ 126.921630016412649, 35.152566585587472 ], [ 126.92165779820219, 35.152523548265094 ], [ 126.921669110236522, 35.152481210354075 ], [ 126.921673892199777, 35.152466269178504 ], [ 126.921723082074834, 35.152477198807723 ] ] } },
{ "type": "Feature", "properties": { "seg_id": "DM03591", "width_min_m": 1.1, "width_max_m": 2.92, "verdict": "unknown", "unknown_reason": "no_cctv", "cctv_dist_m": 37.9, "cv_feasible": false, "width_verified": false, "midpoint_fallback": false, "inherited": false, "route_usage": 2, "length_m": 12.5, "run_length_m": null, "nfa_designated": false }, "geometry": { "type": "LineString", "coordinates": [ [ 126.921555398618878, 35.152645652554938 ], [ 126.921439239017857, 35.152585650141965 ] ] } },
{ "type": "Feature", "properties": { "seg_id": "DM03592", "width_min_m": 1.9, "width_max_m": 4.24, "verdict": "needs_cv", "unknown_reason": null, "cctv_dist_m": 12.8, "cv_feasible": true, "width_verified": false, "midpoint_fallback": false, "inherited": false, "route_usage": 2, "length_m": 19.8, "run_length_m": 139.7, "nfa_designated": true }, "geometry": { "type": "LineString", "coordinates": [ [ 126.92228960314101, 35.152913964543202 ], [ 126.92225738136618, 35.152955721711784 ], [ 126.922234444041663, 35.15298853751257 ], [ 126.922233529512653, 35.152989845903534 ], [ 126.922221803971965, 35.153006621300229 ], [ 126.922196991247603, 35.153041062294648 ], [ 126.92217902143679, 35.153068063760642 ] ] } },
{ "type": "Feature", "properties": { "seg_id": "DM03593", "width_min_m": 2.18, "width_max_m": 3.09, "verdict": "needs_cv", "unknown_reason": null, "cctv_dist_m": 6.5, "cv_feasible": true, "width_verified": false, "midpoint_fallback": false, "inherited": false, "route_usage": 2, "length_m": 12.0, "run_length_m": 33.7, "nfa_designated": false }, "geometry": { "type": "LineString", "coordinates": [ [ 126.922032539607599, 35.153339189327369 ], [ 126.922142703714883, 35.153279227969719 ] ] } },
{ "type": "Feature", "properties": { "seg_id": "DM03594", "width_min_m": 2.5, "width_max_m": 4.73, "verdict": "unknown", "unknown_reason": "no_cctv", "cctv_dist_m": 32.8, "cv_feasible": false, "width_verified": false, "midpoint_fallback": false, "inherited": false, "route_usage": 2, "length_m": 23.0, "run_length_m": null, "nfa_designated": false }, "geometry": { "type": "LineString", "coordinates": [ [ 126.921604665559101, 35.153474003632802 ], [ 126.921604648308843, 35.153491987416075 ], [ 126.921605396210708, 35.153574733887233 ], [ 126.921603267905908, 35.153654431333706 ], [ 126.921593608187052, 35.153679874607882 ] ] } },
{ "type": "Feature", "properties": { "seg_id": "DM03595", "width_min_m": 1.8, "width_max_m": 3.99, "verdict": "unknown", "unknown_reason": "no_cctv", "cctv_dist_m": 30.6, "cv_feasible": false, "width_verified": false, "midpoint_fallback": false, "inherited": false, "route_usage": 2, "length_m": 20.9, "run_length_m": null, "nfa_designated": false }, "geometry": { "type": "LineString", "coordinates": [ [ 126.921604665559101, 35.153474003632802 ], [ 126.921579671011898, 35.153476967333688 ], [ 126.921516752392705, 35.153484427815933 ], [ 126.921471274334863, 35.153495303507384 ], [ 126.921381584499883, 35.153516752011292 ] ] } },
{ "type": "Feature", "properties": { "seg_id": "DM03596", "width_min_m": 1.8, "width_max_m": 3.9, "verdict": "needs_cv", "unknown_reason": null, "cctv_dist_m": 17.3, "cv_feasible": true, "width_verified": false, "midpoint_fallback": false, "inherited": false, "route_usage": 3, "length_m": 30.1, "run_length_m": 152.6, "nfa_designated": true }, "geometry": { "type": "LineString", "coordinates": [ [ 126.921593608187052, 35.153679874607882 ], [ 126.921580649878337, 35.153675664543719 ], [ 126.921503024439332, 35.153644923989013 ], [ 126.921427725939324, 35.153616834702447 ], [ 126.9213661098876, 35.153606002695305 ], [ 126.921312281066648, 35.153607653563675 ], [ 126.92128207684793, 35.153608089017574 ] ] } },
{ "type": "Feature", "properties": { "seg_id": "DM03597", "width_min_m": 0.49, "width_max_m": 2.06, "verdict": "blocked", "unknown_reason": null, "cctv_dist_m": 17.3, "cv_feasible": true, "width_verified": false, "midpoint_fallback": false, "inherited": false, "route_usage": 2, "length_m": 12.1, "run_length_m": 12.1, "nfa_designated": false }, "geometry": { "type": "LineString", "coordinates": [ [ 126.92128207684793, 35.153608089017574 ], [ 126.921270954972314, 35.153585567705171 ], [ 126.921254936667665, 35.153569411565456 ], [ 126.921233791715125, 35.153552981702312 ], [ 126.921203575731894, 35.15353473315696 ], [ 126.921195139685082, 35.153529127098068 ] ] } },
{ "type": "Feature", "properties": { "seg_id": "DM03598", "width_min_m": 1.1, "width_max_m": 2.14, "verdict": "blocked", "unknown_reason": null, "cctv_dist_m": 38.6, "cv_feasible": false, "width_verified": false, "midpoint_fallback": false, "inherited": false, "route_usage": 0, "length_m": 67.9, "run_length_m": 132.1, "nfa_designated": true }, "geometry": { "type": "LineString", "coordinates": [ [ 126.923685149481017, 35.153323337277108 ], [ 126.923687153369798, 35.153348181699613 ], [ 126.923702940228679, 35.153391188144852 ], [ 126.923708605046329, 35.15342131065983 ], [ 126.923706698424866, 35.153434812434973 ], [ 126.923658603069612, 35.153445687034264 ], [ 126.923508555535804, 35.153487479134668 ], [ 126.923297857992054, 35.153561585262764 ], [ 126.92322264781312, 35.153583742416146 ], [ 126.923136355290936, 35.153601794756668 ] ] } },
{ "type": "Feature", "properties": { "seg_id": "DM03599", "width_min_m": 1.7, "width_max_m": 2.83, "verdict": "needs_cv", "unknown_reason": null, "cctv_dist_m": 11.6, "cv_feasible": true, "width_verified": false, "midpoint_fallback": false, "inherited": false, "route_usage": 1, "length_m": 29.8, "run_length_m": 167.2, "nfa_designated": true }, "geometry": { "type": "LineString", "coordinates": [ [ 126.923136355290936, 35.153601794756668 ], [ 126.923131543908923, 35.153618872799207 ], [ 126.923123975691794, 35.15366257926518 ], [ 126.923125339070566, 35.153694394296075 ], [ 126.923139249824899, 35.153741250896836 ], [ 126.923154555860037, 35.153774447875072 ], [ 126.923178486006378, 35.153833391320077 ], [ 126.923188237404588, 35.153861479916557 ] ] } },
{ "type": "Feature", "properties": { "seg_id": "DM03600", "width_min_m": 9.69, "width_max_m": 11.88, "verdict": "clear", "unknown_reason": null, "cctv_dist_m": 5.6, "cv_feasible": true, "width_verified": false, "midpoint_fallback": false, "inherited": false, "route_usage": 10, "length_m": 13.3, "run_length_m": null, "nfa_designated": false }, "geometry": { "type": "LineString", "coordinates": [ [ 126.923330948572783, 35.153886949246619 ], [ 126.923238966757026, 35.153870688782526 ], [ 126.923238080541012, 35.153870527908524 ], [ 126.923188237404588, 35.153861479916557 ] ] } },
{ "type": "Feature", "properties": { "seg_id": "DM03601", "width_min_m": 2.5, "width_max_m": 3.45, "verdict": "needs_cv", "unknown_reason": null, "cctv_dist_m": 11.6, "cv_feasible": true, "width_verified": false, "midpoint_fallback": false, "inherited": false, "route_usage": 7, "length_m": 49.2, "run_length_m": 167.2, "nfa_designated": true }, "geometry": { "type": "LineString", "coordinates": [ [ 126.923188237404588, 35.153861479916557 ], [ 126.92317161563858, 35.15385846257324 ], [ 126.923102108126258, 35.153858418479395 ], [ 126.923032148406151, 35.153858874865215 ], [ 126.922957179601042, 35.153855556691603 ], [ 126.922902200769244, 35.153847245476186 ], [ 126.922824014925894, 35.153827137564029 ], [ 126.922714288605931, 35.153796172779643 ], [ 126.922663162547096, 35.153780242385793 ] ] } },
{ "type": "Feature", "properties": { "seg_id": "DM03602", "width_min_m": 3.1, "width_max_m": 4.64, "verdict": "unknown", "unknown_reason": "no_cctv", "cctv_dist_m": 73.4, "cv_feasible": false, "width_verified": false, "midpoint_fallback": false, "inherited": false, "route_usage": 13, "length_m": 19.7, "run_length_m": null, "nfa_designated": false }, "geometry": { "type": "LineString", "coordinates": [ [ 126.924105962717533, 35.153339210363463 ], [ 126.923941116476826, 35.153454317780849 ] ] } },
{ "type": "Feature", "properties": { "seg_id": "DM03603", "width_min_m": 1.09, "width_max_m": 3.7, "verdict": "unknown", "unknown_reason": "no_cctv", "cctv_dist_m": 80.4, "cv_feasible": false, "width_verified": false, "midpoint_fallback": true, "inherited": false, "route_usage": 2, "length_m": 5.1, "run_length_m": null, "nfa_designated": false }, "geometry": { "type": "LineString", "coordinates": [ [ 126.924105962717533, 35.153339210363463 ], [ 126.924067823814184, 35.153306106292789 ] ] } },
{ "type": "Feature", "properties": { "seg_id": "DM03604", "width_min_m": 3.65, "width_max_m": 7.4, "verdict": "needs_cv", "unknown_reason": null, "cctv_dist_m": 6.4, "cv_feasible": true, "width_verified": false, "midpoint_fallback": false, "inherited": false, "route_usage": 13, "length_m": 73.5, "run_length_m": 135.1, "nfa_designated": true }, "geometry": { "type": "LineString", "coordinates": [ [ 126.923941116476826, 35.153454317780849 ], [ 126.923756593199087, 35.153588379128287 ], [ 126.923544073138629, 35.153732579493912 ], [ 126.923430355327767, 35.153808230616619 ], [ 126.923330948572783, 35.153886949246619 ] ] } },
{ "type": "Feature", "properties": { "seg_id": "DM03605", "width_min_m": 1.55, "width_max_m": 2.71, "verdict": "unknown", "unknown_reason": "no_cctv", "cctv_dist_m": 73.4, "cv_feasible": false, "width_verified": false, "midpoint_fallback": false, "inherited": true, "route_usage": 0, "length_m": 0.7, "run_length_m": null, "nfa_designated": false }, "geometry": { "type": "LineString", "coordinates": [ [ 126.92394622071204, 35.153459493283513 ], [ 126.923941116476826, 35.153454317780849 ] ] } },
{ "type": "Feature", "properties": { "seg_id": "DM03606", "width_min_m": 1.55, "width_max_m": 2.71, "verdict": "unknown", "unknown_reason": "no_cctv", "cctv_dist_m": 68.2, "cv_feasible": false, "width_verified": false, "midpoint_fallback": true, "inherited": false, "route_usage": 2, "length_m": 6.0, "run_length_m": null, "nfa_designated": false }, "geometry": { "type": "LineString", "coordinates": [ [ 126.923941116476826, 35.153454317780849 ], [ 126.923899841990746, 35.153412466971133 ] ] } },
{ "type": "Feature", "properties": { "seg_id": "DM03607", "width_min_m": 10.6, "width_max_m": 31.56, "verdict": "clear", "unknown_reason": null, "cctv_dist_m": 59.0, "cv_feasible": false, "width_verified": false, "midpoint_fallback": true, "inherited": false, "route_usage": 4, "length_m": 6.1, "run_length_m": null, "nfa_designated": false }, "geometry": { "type": "LineString", "coordinates": [ [ 126.922656893502378, 35.153725120745307 ], [ 126.922663070070612, 35.153779431119553 ], [ 126.92266313536355, 35.153780008029109 ], [ 126.922663162547096, 35.153780242385793 ] ] } },
{ "type": "Feature", "properties": { "seg_id": "DM03608", "width_min_m": 2.2, "width_max_m": 3.41, "verdict": "unknown", "unknown_reason": "no_cctv", "cctv_dist_m": 43.1, "cv_feasible": false, "width_verified": false, "midpoint_fallback": false, "inherited": false, "route_usage": 2, "length_m": 32.9, "run_length_m": null, "nfa_designated": false }, "geometry": { "type": "LineString", "coordinates": [ [ 126.922656893502378, 35.153725120745307 ], [ 126.922704454021527, 35.153668992869498 ], [ 126.922711679310254, 35.15366046657067 ], [ 126.922752654643929, 35.153604964273207 ], [ 126.922780552190545, 35.153565888556322 ], [ 126.922843628544101, 35.153471327970969 ] ] } },
{ "type": "Feature", "properties": { "seg_id": "DM03609", "width_min_m": 2.5, "width_max_m": 7.09, "verdict": "unknown", "unknown_reason": "no_cctv", "cctv_dist_m": 51.0, "cv_feasible": false, "width_verified": false, "midpoint_fallback": false, "inherited": false, "route_usage": 4, "length_m": 17.3, "run_length_m": null, "nfa_designated": false }, "geometry": { "type": "LineString", "coordinates": [ [ 126.922502242667093, 35.153698894627304 ], [ 126.922530355372359, 35.153716229528612 ], [ 126.922587144957816, 35.15374911452146 ], [ 126.922612490625056, 35.153761166534849 ], [ 126.922663161975251, 35.153780242207617 ] ] } },
{ "type": "Feature", "properties": { "seg_id": "DM03610", "width_min_m": 2.5, "width_max_m": 7.16, "verdict": "unknown", "unknown_reason": "no_cctv", "cctv_dist_m": 31.4, "cv_feasible": false, "width_verified": false, "midpoint_fallback": true, "inherited": false, "route_usage": 4, "length_m": 9.1, "run_length_m": null, "nfa_designated": false }, "geometry": { "type": "LineString", "coordinates": [ [ 126.922327814862115, 35.153588253571137 ], [ 126.922385839001322, 35.153629250582107 ], [ 126.922405799655095, 35.15363993725687 ] ] } },
{ "type": "Feature", "properties": { "seg_id": "DM03611", "width_min_m": 2.6, "width_max_m": 4.14, "verdict": "unknown", "unknown_reason": "no_cctv", "cctv_dist_m": 28.4, "cv_feasible": false, "width_verified": false, "midpoint_fallback": false, "inherited": false, "route_usage": 8, "length_m": 54.7, "run_length_m": null, "nfa_designated": false }, "geometry": { "type": "LineString", "coordinates": [ [ 126.922327814862115, 35.153588253571137 ], [ 126.922316856596169, 35.153592301847553 ], [ 126.922175461081522, 35.153612020019651 ], [ 126.922083619927363, 35.153632141394056 ], [ 126.921979261285884, 35.153657413184533 ], [ 126.921933152896614, 35.153667472509362 ], [ 126.921813256595286, 35.153703027723537 ], [ 126.921751159987011, 35.153722194958888 ] ] } },
{ "type": "Feature", "properties": { "seg_id": "DM03612", "width_min_m": 2.5, "width_max_m": 3.72, "verdict": "unknown", "unknown_reason": "no_cctv", "cctv_dist_m": 40.3, "cv_feasible": false, "width_verified": false, "midpoint_fallback": true, "inherited": false, "route_usage": 4, "length_m": 11.0, "run_length_m": null, "nfa_designated": false }, "geometry": { "type": "LineString", "coordinates": [ [ 126.922405799655095, 35.15363993725687 ], [ 126.922412097052955, 35.153643308800618 ], [ 126.922502242667093, 35.153698894627304 ] ] } },
{ "type": "Feature", "properties": { "seg_id": "DM03613", "width_min_m": 0.7, "width_max_m": 1.99, "verdict": "blocked", "unknown_reason": null, "cctv_dist_m": 40.3, "cv_feasible": false, "width_verified": false, "midpoint_fallback": false, "inherited": false, "route_usage": 2, "length_m": 34.2, "run_length_m": 34.2, "nfa_designated": false }, "geometry": { "type": "LineString", "coordinates": [ [ 126.922405799655095, 35.15363993725687 ], [ 126.922362489897367, 35.153681213729953 ], [ 126.922314005412645, 35.153717497026555 ], [ 126.922258738366452, 35.153760592097385 ], [ 126.92224238371314, 35.153771924072949 ], [ 126.922339892482228, 35.153860559079156 ] ] } },
{ "type": "Feature", "properties": { "seg_id": "DM03614", "width_min_m": 0.8, "width_max_m": 4.2, "verdict": "unknown", "unknown_reason": "no_cctv", "cctv_dist_m": 51.0, "cv_feasible": false, "width_verified": false, "midpoint_fallback": false, "inherited": false, "route_usage": 2, "length_m": 12.5, "run_length_m": null, "nfa_designated": false }, "geometry": { "type": "LineString", "coordinates": [ [ 126.922502242667093, 35.153698894627304 ], [ 126.922482553341382, 35.153715783154801 ], [ 126.922407569639773, 35.153780100363143 ] ] } },
{ "type": "Feature", "properties": { "seg_id": "DM03615", "width_min_m": 1.5, "width_max_m": 2.14, "verdict": "blocked", "unknown_reason": null, "cctv_dist_m": 35.3, "cv_feasible": false, "width_verified": false, "midpoint_fallback": false, "inherited": false, "route_usage": 2, "length_m": 29.3, "run_length_m": 29.3, "nfa_designated": false }, "geometry": { "type": "LineString", "coordinates": [ [ 126.921751159987011, 35.153722194958888 ], [ 126.921780449734257, 35.153734752201046 ], [ 126.921819501875433, 35.153751494806869 ], [ 126.921860945151948, 35.153776496048543 ], [ 126.921910191665887, 35.153803049398775 ], [ 126.921963529125975, 35.153780319388865 ], [ 126.922010873554228, 35.153826762673731 ] ] } },
{ "type": "Feature", "properties": { "seg_id": "DM03616", "width_min_m": 3.46, "width_max_m": 8.83, "verdict": "unknown", "unknown_reason": "no_cctv", "cctv_dist_m": 51.5, "cv_feasible": false, "width_verified": false, "midpoint_fallback": false, "inherited": false, "route_usage": 5, "length_m": 28.7, "run_length_m": null, "nfa_designated": false }, "geometry": { "type": "LineString", "coordinates": [ [ 126.922175210655681, 35.154850165039434 ], [ 126.92215265244306, 35.154873201260735 ], [ 126.922038721629605, 35.154984239764772 ], [ 126.921982881845494, 35.155054198322318 ] ] } },
{ "type": "Feature", "properties": { "seg_id": "DM03617", "width_min_m": 1.5, "width_max_m": 2.29, "verdict": "blocked", "unknown_reason": null, "cctv_dist_m": 51.5, "cv_feasible": false, "width_verified": false, "midpoint_fallback": false, "inherited": true, "route_usage": 2, "length_m": 1.9, "run_length_m": 51.4, "nfa_designated": false }, "geometry": { "type": "LineString", "coordinates": [ [ 126.922175210655681, 35.154850165039434 ], [ 126.922154724499805, 35.154850151879025 ] ] } },
{ "type": "Feature", "properties": { "seg_id": "DM03618", "width_min_m": 1.1, "width_max_m": 2.65, "verdict": "unknown", "unknown_reason": "no_cctv", "cctv_dist_m": 42.7, "cv_feasible": false, "width_verified": false, "midpoint_fallback": false, "inherited": false, "route_usage": 0, "length_m": 40.4, "run_length_m": null, "nfa_designated": false }, "geometry": { "type": "LineString", "coordinates": [ [ 126.921982881845494, 35.155054198322318 ], [ 126.922045101715426, 35.155081116421051 ], [ 126.922055378283872, 35.155085198820942 ], [ 126.922093645301032, 35.155100400505383 ], [ 126.922153756127699, 35.155124535390819 ], [ 126.922179584090756, 35.155135682270348 ], [ 126.922192441385022, 35.155103953787467 ], [ 126.922214331804724, 35.155055296338901 ], [ 126.922261060107047, 35.154965285669924 ] ] } }
]
}
