{
"type": "FeatureCollection",
"name": "buildings",
"crs": { "type": "name", "properties": { "name": "urn:ogc:def:crs:OGC:1.3:CRS84" } },
"xy_coordinate_resolution": 1e-06,
"features": [
{ "type": "Feature", "properties": { "BUL_MAN_NO": 1583, "BULD_NM": null, "flo": 1.0, "h": 3.3 }, "geometry": { "type": "MultiPolygon", "coordinates": [ [ [ [ 126.926236, 35.147155 ], [ 126.92619, 35.147093 ], [ 126.926138, 35.147121 ], [ 126.9262, 35.147177 ], [ 126.926236, 35.147155 ] ] ] ] } },
{ "type": "Feature", "properties": { "BUL_MAN_NO": 1580, "BULD_NM": null, "flo": 1.0, "h": 3.3 }, "geometry": { "type": "MultiPolygon", "coordinates": [ [ [ [ 126.926443, 35.14693 ], [ 126.926382, 35.146854 ], [ 126.926347, 35.146874 ], [ 126.926407, 35.146949 ], [ 126.926443, 35.14693 ] ] ] ] } },
{ "type": "Feature", "properties": { "BUL_MAN_NO": 1584, "BULD_NM": null, "flo": 4.0, "h": 13.2 }, "geometry": { "type": "MultiPolygon", "coordinates": [ [ [ [ 126.926241, 35.147336 ], [ 126.926317, 35.147302 ], [ 126.926235, 35.147194 ], [ 126.926055, 35.14731 ], [ 126.92608, 35.147333 ], [ 126.92612, 35.147307 ], [ 126.926135, 35.147318 ], [ 126.926145, 35.147323 ], [ 126.926154, 35.147327 ], [ 126.926169, 35.147332 ], [ 126.926181, 35.147336 ], [ 126.926193, 35.147338 ], [ 126.926203, 35.147339 ], [ 126.926212, 35.147339 ], [ 126.926223, 35.147339 ], [ 126.926231, 35.147338 ], [ 126.926241, 35.147336 ] ] ] ] } },
{ "type": "Feature", "properties": { "BUL_MAN_NO": 1578, "BULD_NM": null, "flo": 1.0, "h": 3.3 }, "geometry": { "type": "MultiPolygon", "coordinates": [ [ [ [ 126.926468, 35.147131 ], [ 126.926444, 35.1471 ], [ 126.9264, 35.147121 ], [ 126.926424, 35.147153 ], [ 126.926452, 35.147139 ], [ 126.926468, 35.147131 ] ] ] ] } },
{ "type": "Feature", "properties": { "BUL_MAN_NO": 1577, "BULD_NM": null, "flo": 1.0, "h": 3.3 }, "geometry": { "type": "MultiPolygon", "coordinates": [ [ [ [ 126.926658, 35.147022 ], [ 126.92663, 35.146983 ], [ 126.926449, 35.147059 ], [ 126.926479, 35.1471 ], [ 126.926658, 35.147022 ] ] ] ] } },
{ "type": "Feature", "properties": { "BUL_MAN_NO": 1579, "BULD_NM": null, "flo": 1.0, "h": 3.3 }, "geometry": { "type": "MultiPolygon", "coordinates": [ [ [ [ 126.926646, 35.14697 ], [ 126.926685, 35.146953 ], [ 126.926651, 35.146891 ], [ 126.926609, 35.146909 ], [ 126.926646, 35.14697 ] ] ] ] } },
{ "type": "Feature", "properties": { "BUL_MAN_NO": 1575, "BULD_NM": null, "flo": 3.0, "h": 9.9 }, "geometry": { "type": "MultiPolygon", "coordinates": [ [ [ [ 126.926582, 35.147174 ], [ 126.926546, 35.147112 ], [ 126.926422, 35.147168 ], [ 126.926461, 35.147226 ], [ 126.926572, 35.147177 ], [ 126.926582, 35.147174 ] ] ] ] } },
{ "type": "Feature", "properties": { "BUL_MAN_NO": 1585, "BULD_NM": null, "flo": 2.0, "h": 6.6 }, "geometry": { "type": "MultiPolygon", "coordinates": [ [ [ [ 126.926354, 35.147377 ], [ 126.926328, 35.147337 ], [ 126.926265, 35.147361 ], [ 126.926274, 35.147378 ], [ 126.926202, 35.147405 ], [ 126.926236, 35.147459 ], [ 126.92634, 35.147418 ], [ 126.926354, 35.147377 ] ] ] ] } },
{ "type": "Feature", "properties": { "BUL_MAN_NO": 1574, "BULD_NM": null, "flo": 3.0, "h": 9.9 }, "geometry": { "type": "MultiPolygon", "coordinates": [ [ [ [ 126.926666, 35.147283 ], [ 126.92664, 35.147244 ], [ 126.926632, 35.147249 ], [ 126.926611, 35.147216 ], [ 126.926578, 35.14723 ], [ 126.926574, 35.147231 ], [ 126.92657, 35.147232 ], [ 126.926569, 35.147228 ], [ 126.92656, 35.147214 ], [ 126.92648, 35.14725 ], [ 126.926513, 35.147298 ], [ 126.926592, 35.147313 ], [ 126.926666, 35.147283 ] ] ] ] } },
{ "type": "Feature", "properties": { "BUL_MAN_NO": 1587, "BULD_NM": null, "flo": 1.0, "h": 3.3 }, "geometry": { "type": "MultiPolygon", "coordinates": [ [ [ [ 126.926624, 35.147634 ], [ 126.926577, 35.147546 ], [ 126.926508, 35.147571 ], [ 126.92656, 35.14766 ], [ 126.926616, 35.147637 ], [ 126.926624, 35.147634 ] ] ] ] } },
{ "type": "Feature", "properties": { "BUL_MAN_NO": 1588, "BULD_NM": null, "flo": 2.0, "h": 6.6 }, "geometry": { "type": "MultiPolygon", "coordinates": [ [ [ [ 126.926732, 35.147562 ], [ 126.926731, 35.147512 ], [ 126.926661, 35.147516 ], [ 126.926689, 35.147568 ], [ 126.926732, 35.147562 ] ] ] ] } },
{ "type": "Feature", "properties": { "BUL_MAN_NO": 36761, "BULD_NM": null, "flo": 1.0, "h": 3.3 }, "geometry": { "type": "MultiPolygon", "coordinates": [ [ [ [ 126.926618, 35.147798 ], [ 126.926618, 35.147788 ], [ 126.926633, 35.147787 ], [ 126.926632, 35.147798 ], [ 126.926618, 35.147798 ] ] ] ] } },
{ "type": "Feature", "properties": { "BUL_MAN_NO": 1586, "BULD_NM": null, "flo": 2.0, "h": 6.6 }, "geometry": { "type": "MultiPolygon", "coordinates": [ [ [ [ 126.926583, 35.147785 ], [ 126.926599, 35.147783 ], [ 126.9266, 35.147788 ], [ 126.926611, 35.147787 ], [ 126.926602, 35.14774 ], [ 126.926595, 35.14771 ], [ 126.926571, 35.147712 ], [ 126.926565, 35.147685 ], [ 126.926517, 35.147693 ], [ 126.92653, 35.147791 ], [ 126.926584, 35.147788 ], [ 126.926583, 35.147785 ] ] ] ] } },
{ "type": "Feature", "properties": { "BUL_MAN_NO": 1592, "BULD_NM": null, "flo": 2.0, "h": 6.6 }, "geometry": { "type": "MultiPolygon", "coordinates": [ [ [ [ 126.926657, 35.147835 ], [ 126.926644, 35.147807 ], [ 126.926523, 35.147814 ], [ 126.926528, 35.147884 ], [ 126.926658, 35.147876 ], [ 126.926657, 35.147835 ] ] ] ] } },
{ "type": "Feature", "properties": { "BUL_MAN_NO": 36793, "BULD_NM": null, "flo": 1.0, "h": 3.3 }, "geometry": { "type": "MultiPolygon", "coordinates": [ [ [ [ 126.926523, 35.147812 ], [ 126.926523, 35.147808 ], [ 126.926539, 35.147807 ], [ 126.926539, 35.147811 ], [ 126.926523, 35.147812 ] ] ] ] } },
{ "type": "Feature", "properties": { "BUL_MAN_NO": 36767, "BULD_NM": null, "flo": 1.0, "h": 3.3 }, "geometry": { "type": "MultiPolygon", "coordinates": [ [ [ [ 126.92654, 35.147966 ], [ 126.92654, 35.147959 ], [ 126.926569, 35.147957 ], [ 126.92657, 35.147964 ], [ 126.92654, 35.147966 ] ] ] ] } },
{ "type": "Feature", "properties": { "BUL_MAN_NO": 1591, "BULD_NM": null, "flo": 2.0, "h": 6.6 }, "geometry": { "type": "MultiPolygon", "coordinates": [ [ [ [ 126.926662, 35.147956 ], [ 126.926657, 35.147891 ], [ 126.92661, 35.147895 ], [ 126.926581, 35.147896 ], [ 126.926528, 35.1479 ], [ 126.926534, 35.147955 ], [ 126.926577, 35.147953 ], [ 126.926577, 35.147961 ], [ 126.926662, 35.147956 ] ] ] ] } },
{ "type": "Feature", "properties": { "BUL_MAN_NO": 1593, "BULD_NM": null, "flo": 2.0, "h": 6.6 }, "geometry": { "type": "MultiPolygon", "coordinates": [ [ [ [ 126.926975, 35.147902 ], [ 126.926925, 35.147892 ], [ 126.926922, 35.147901 ], [ 126.926846, 35.147887 ], [ 126.926845, 35.147916 ], [ 126.926845, 35.147944 ], [ 126.926956, 35.147971 ], [ 126.926969, 35.147919 ], [ 126.926975, 35.147902 ] ] ] ] } },
{ "type": "Feature", "properties": { "BUL_MAN_NO": 1598, "BULD_NM": null, "flo": 2.0, "h": 6.6 }, "geometry": { "type": "MultiPolygon", "coordinates": [ [ [ [ 126.926666, 35.148046 ], [ 126.926659, 35.147973 ], [ 126.926532, 35.147979 ], [ 126.926536, 35.148039 ], [ 126.92656, 35.148039 ], [ 126.926561, 35.148049 ], [ 126.926666, 35.148046 ] ] ] ] } },
{ "type": "Feature", "properties": { "BUL_MAN_NO": 1597, "BULD_NM": null, "flo": 2.0, "h": 6.6 }, "geometry": { "type": "MultiPolygon", "coordinates": [ [ [ [ 126.926667, 35.148124 ], [ 126.926662, 35.148064 ], [ 126.926543, 35.14807 ], [ 126.926547, 35.148112 ], [ 126.926554, 35.148111 ], [ 126.926556, 35.14813 ], [ 126.926667, 35.148124 ] ] ] ] } },
{ "type": "Feature", "properties": { "BUL_MAN_NO": 30282, "BULD_NM": null, "flo": 2.0, "h": 6.6 }, "geometry": { "type": "MultiPolygon", "coordinates": [ [ [ [ 126.926656, 35.148154 ], [ 126.926538, 35.148157 ], [ 126.926541, 35.148247 ], [ 126.92666, 35.148244 ], [ 126.926656, 35.148154 ] ] ] ] } },
{ "type": "Feature", "properties": { "BUL_MAN_NO": 1595, "BULD_NM": null, "flo": 3.0, "h": 9.9 }, "geometry": { "type": "MultiPolygon", "coordinates": [ [ [ [ 126.926649, 35.148396 ], [ 126.926648, 35.148376 ], [ 126.926667, 35.148376 ], [ 126.926666, 35.148296 ], [ 126.926577, 35.148296 ], [ 126.926578, 35.148302 ], [ 126.926555, 35.148302 ], [ 126.926554, 35.148363 ], [ 126.926583, 35.148363 ], [ 126.926583, 35.148397 ], [ 126.926649, 35.148396 ] ] ] ] } },
{ "type": "Feature", "properties": { "BUL_MAN_NO": 1594, "BULD_NM": null, "flo": 2.0, "h": 6.6 }, "geometry": { "type": "MultiPolygon", "coordinates": [ [ [ [ 126.926652, 35.148534 ], [ 126.92665, 35.148445 ], [ 126.926599, 35.148448 ], [ 126.926599, 35.148437 ], [ 126.926508, 35.148441 ], [ 126.926508, 35.148429 ], [ 126.926436, 35.148433 ], [ 126.926439, 35.148515 ], [ 126.926462, 35.148515 ], [ 126.926463, 35.148536 ], [ 126.926652, 35.148534 ] ] ] ] } },
{ "type": "Feature", "properties": { "BUL_MAN_NO": 36843, "BULD_NM": null, "flo": 1.0, "h": 3.3 }, "geometry": { "type": "MultiPolygon", "coordinates": [ [ [ [ 126.9266, 35.148427 ], [ 126.9266, 35.148416 ], [ 126.926657, 35.148414 ], [ 126.926656, 35.148426 ], [ 126.9266, 35.148427 ] ] ] ] } },
{ "type": "Feature", "properties": { "BUL_MAN_NO": 34488, "BULD_NM": null, "flo": 1.0, "h": 3.3 }, "geometry": { "type": "MultiPolygon", "coordinates": [ [ [ [ 126.927244, 35.148654 ], [ 126.927404, 35.148651 ], [ 126.927402, 35.14855 ], [ 126.927449, 35.148548 ], [ 126.927438, 35.148209 ], [ 126.92696, 35.148219 ], [ 126.92697, 35.148557 ], [ 126.926954, 35.148558 ], [ 126.926953, 35.148528 ], [ 126.926879, 35.148529 ], [ 126.926879, 35.148559 ], [ 126.926884, 35.148725 ], [ 126.927246, 35.148719 ], [ 126.927244, 35.148654 ] ] ] ] } },
{ "type": "Feature", "properties": { "BUL_MAN_NO": 29756, "BULD_NM": null, "flo": 2.0, "h": 6.6 }, "geometry": { "type": "MultiPolygon", "coordinates": [ [ [ [ 126.926659, 35.148557 ], [ 126.926664, 35.148652 ], [ 126.926568, 35.148655 ], [ 126.926563, 35.14856 ], [ 126.926659, 35.148557 ] ] ] ] } },
{ "type": "Feature", "properties": { "BUL_MAN_NO": 31424, "BULD_NM": null, "flo": 3.0, "h": 9.9 }, "geometry": { "type": "MultiPolygon", "coordinates": [ [ [ [ 126.926573, 35.148687 ], [ 126.926602, 35.148687 ], [ 126.926602, 35.148676 ], [ 126.926676, 35.148677 ], [ 126.926676, 35.148756 ], [ 126.926603, 35.148756 ], [ 126.926603, 35.148764 ], [ 126.926574, 35.148764 ], [ 126.926573, 35.148687 ] ] ] ] } },
{ "type": "Feature", "properties": { "BUL_MAN_NO": 1570, "BULD_NM": null, "flo": 2.0, "h": 6.6 }, "geometry": { "type": "MultiPolygon", "coordinates": [ [ [ [ 126.927037, 35.148918 ], [ 126.927038, 35.148881 ], [ 126.926964, 35.148879 ], [ 126.926966, 35.148892 ], [ 126.926914, 35.148892 ], [ 126.926914, 35.148902 ], [ 126.926893, 35.1489 ], [ 126.926892, 35.148914 ], [ 126.926877, 35.148914 ], [ 126.926877, 35.148965 ], [ 126.927048, 35.148966 ], [ 126.927049, 35.148943 ], [ 126.927049, 35.148918 ], [ 126.927037, 35.148918 ] ] ] ] } },
{ "type": "Feature", "properties": { "BUL_MAN_NO": 1663, "BULD_NM": null, "flo": 1.0, "h": 3.3 }, "geometry": { "type": "MultiPolygon", "coordinates": [ [ [ [ 126.925997, 35.14686 ], [ 126.925975, 35.146835 ], [ 126.925964, 35.146843 ], [ 126.925953, 35.146832 ], [ 126.925942, 35.146838 ], [ 126.925898, 35.146801 ], [ 126.925838, 35.146845 ], [ 126.925923, 35.146923 ], [ 126.925997, 35.14686 ] ] ] ] } },
{ "type": "Feature", "properties": { "BUL_MAN_NO": 1664, "BULD_NM": null, "flo": 1.0, "h": 3.3 }, "geometry": { "type": "MultiPolygon", "coordinates": [ [ [ [ 126.925981, 35.14679 ], [ 126.925959, 35.146761 ], [ 126.925925, 35.146787 ], [ 126.925948, 35.14681 ], [ 126.925981, 35.14679 ] ] ] ] } },
{ "type": "Feature", "properties": { "BUL_MAN_NO": 32026, "BULD_NM": null, "flo": 4.0, "h": 13.2 }, "geometry": { "type": "MultiPolygon", "coordinates": [ [ [ [ 126.926025, 35.146596 ], [ 126.926065, 35.146655 ], [ 126.92607, 35.146652 ], [ 126.926082, 35.146662 ], [ 126.926074, 35.146668 ], [ 126.926114, 35.146727 ], [ 126.926164, 35.146691 ], [ 126.926154, 35.146681 ], [ 126.926232, 35.146625 ], [ 126.926242, 35.146634 ], [ 126.926268, 35.146616 ], [ 126.926208, 35.14656 ], [ 126.926106, 35.146634 ], [ 126.9261, 35.146628 ], [ 126.926058, 35.146565 ], [ 126.926033, 35.146577 ], [ 126.926025, 35.146596 ] ] ] ] } },
{ "type": "Feature", "properties": { "BUL_MAN_NO": 31523, "BULD_NM": null, "flo": 4.0, "h": 13.2 }, "geometry": { "type": "MultiPolygon", "coordinates": [ [ [ [ 126.926153, 35.146753 ], [ 126.926237, 35.146862 ], [ 126.926306, 35.146822 ], [ 126.926293, 35.146805 ], [ 126.926318, 35.14678 ], [ 126.926266, 35.146728 ], [ 126.92624, 35.146745 ], [ 126.926205, 35.146716 ], [ 126.926153, 35.146753 ] ] ] ] } },
{ "type": "Feature", "properties": { "BUL_MAN_NO": 1576, "BULD_NM": null, "flo": 1.0, "h": 3.3 }, "geometry": { "type": "MultiPolygon", "coordinates": [ [ [ [ 126.926168, 35.147057 ], [ 126.926088, 35.146942 ], [ 126.925995, 35.146987 ], [ 126.926107, 35.147089 ], [ 126.926168, 35.147057 ] ] ] ] } },
{ "type": "Feature", "properties": { "BUL_MAN_NO": 2062, "BULD_NM": null, "flo": 1.0, "h": 3.3 }, "geometry": { "type": "MultiPolygon", "coordinates": [ [ [ [ 126.91895, 35.153221 ], [ 126.91888, 35.153165 ], [ 126.91887, 35.153172 ], [ 126.918825, 35.153139 ], [ 126.918726, 35.153209 ], [ 126.918821, 35.153301 ], [ 126.918913, 35.15325 ], [ 126.918948, 35.153249 ], [ 126.91895, 35.153221 ] ] ] ] } },
{ "type": "Feature", "properties": { "BUL_MAN_NO": 2099, "BULD_NM": null, "flo": 1.0, "h": 3.3 }, "geometry": { "type": "MultiPolygon", "coordinates": [ [ [ [ 126.919198, 35.152897 ], [ 126.919103, 35.152824 ], [ 126.918988, 35.152925 ], [ 126.919083, 35.152998 ], [ 126.919198, 35.152897 ] ] ] ] } },
{ "type": "Feature", "properties": { "BUL_MAN_NO": 2101, "BULD_NM": null, "flo": 1.0, "h": 3.3 }, "geometry": { "type": "MultiPolygon", "coordinates": [ [ [ [ 126.919417, 35.153281 ], [ 126.919487, 35.153222 ], [ 126.919453, 35.153192 ], [ 126.91941, 35.153231 ], [ 126.919399, 35.153223 ], [ 126.919402, 35.153267 ], [ 126.919417, 35.153281 ] ] ] ] } },
{ "type": "Feature", "properties": { "BUL_MAN_NO": 2100, "BULD_NM": null, "flo": 1.0, "h": 3.3 }, "geometry": { "type": "MultiPolygon", "coordinates": [ [ [ [ 126.919526, 35.153255 ], [ 126.919495, 35.153226 ], [ 126.919424, 35.153283 ], [ 126.919457, 35.15331 ], [ 126.919526, 35.153255 ] ] ] ] } },
{ "type": "Feature", "properties": { "BUL_MAN_NO": 2102, "BULD_NM": "광주은행 동명지점", "flo": 3.0, "h": 9.9 }, "geometry": { "type": "MultiPolygon", "coordinates": [ [ [ [ 126.919859, 35.15314 ], [ 126.919676, 35.152988 ], [ 126.919478, 35.153152 ], [ 126.919665, 35.153303 ], [ 126.919859, 35.15314 ] ] ] ] } },
{ "type": "Feature", "properties": { "BUL_MAN_NO": 2105, "BULD_NM": null, "flo": 1.0, "h": 3.3 }, "geometry": { "type": "MultiPolygon", "coordinates": [ [ [ [ 126.919717, 35.153325 ], [ 126.919692, 35.153304 ], [ 126.919568, 35.153396 ], [ 126.919594, 35.153417 ], [ 126.919717, 35.153325 ] ] ] ] } },
{ "type": "Feature", "properties": { "BUL_MAN_NO": 2106, "BULD_NM": null, "flo": 1.0, "h": 3.3 }, "geometry": { "type": "MultiPolygon", "coordinates": [ [ [ [ 126.919741, 35.153307 ], [ 126.919716, 35.153288 ], [ 126.919699, 35.153301 ], [ 126.919723, 35.153321 ], [ 126.919727, 35.153318 ], [ 126.919741, 35.153307 ] ] ] ] } },
{ "type": "Feature", "properties": { "BUL_MAN_NO": 2103, "BULD_NM": null, "flo": 1.0, "h": 3.3 }, "geometry": { "type": "MultiPolygon", "coordinates": [ [ [ [ 126.91977, 35.153378 ], [ 126.919717, 35.153338 ], [ 126.919606, 35.153425 ], [ 126.919661, 35.153468 ], [ 126.91977, 35.153378 ] ] ] ] } },
{ "type": "Feature", "properties": { "BUL_MAN_NO": 37408, "BULD_NM": null, "flo": 1.0, "h": 3.3 }, "geometry": { "type": "MultiPolygon", "coordinates": [ [ [ [ 126.919771, 35.153377 ], [ 126.919761, 35.153369 ], [ 126.919785, 35.153351 ], [ 126.919794, 35.153359 ], [ 126.919771, 35.153377 ] ] ] ] } },
{ "type": "Feature", "properties": { "BUL_MAN_NO": 2113, "BULD_NM": null, "flo": 1.0, "h": 3.3 }, "geometry": { "type": "MultiPolygon", "coordinates": [ [ [ [ 126.919924, 35.153413 ], [ 126.919877, 35.153385 ], [ 126.919863, 35.153401 ], [ 126.919911, 35.15343 ], [ 126.919924, 35.153413 ] ] ] ] } },
{ "type": "Feature", "properties": { "BUL_MAN_NO": 2109, "BULD_NM": null, "flo": 1.0, "h": 3.3 }, "geometry": { "type": "MultiPolygon", "coordinates": [ [ [ [ 126.919873, 35.153302 ], [ 126.91981, 35.153249 ], [ 126.919786, 35.153275 ], [ 126.919809, 35.153292 ], [ 126.91982, 35.153302 ], [ 126.919833, 35.153316 ], [ 126.919847, 35.153325 ], [ 126.919857, 35.153316 ], [ 126.919873, 35.153302 ] ] ] ] } },
{ "type": "Feature", "properties": { "BUL_MAN_NO": 2108, "BULD_NM": null, "flo": 1.0, "h": 3.3 }, "geometry": { "type": "MultiPolygon", "coordinates": [ [ [ [ 126.920234, 35.153175 ], [ 126.920153, 35.153129 ], [ 126.920007, 35.153304 ], [ 126.920026, 35.153315 ], [ 126.92009, 35.153352 ], [ 126.920125, 35.15331 ], [ 126.920234, 35.153175 ] ] ] ] } },
{ "type": "Feature", "properties": { "BUL_MAN_NO": 2110, "BULD_NM": null, "flo": 1.0, "h": 3.3 }, "geometry": { "type": "MultiPolygon", "coordinates": [ [ [ [ 126.920207, 35.153051 ], [ 126.920147, 35.153001 ], [ 126.920044, 35.153081 ], [ 126.920105, 35.153133 ], [ 126.920207, 35.153051 ] ] ] ] } },
{ "type": "Feature", "properties": { "BUL_MAN_NO": 2111, "BULD_NM": null, "flo": 1.0, "h": 3.3 }, "geometry": { "type": "MultiPolygon", "coordinates": [ [ [ [ 126.920281, 35.153101 ], [ 126.920215, 35.153059 ], [ 126.9202, 35.153079 ], [ 126.920192, 35.153075 ], [ 126.920152, 35.153125 ], [ 126.920236, 35.15317 ], [ 126.92027, 35.153118 ], [ 126.920281, 35.153101 ] ] ] ] } },
{ "type": "Feature", "properties": { "BUL_MAN_NO": 2112, "BULD_NM": null, "flo": 1.0, "h": 3.3 }, "geometry": { "type": "MultiPolygon", "coordinates": [ [ [ [ 126.920088, 35.153353 ], [ 126.920006, 35.153307 ], [ 126.919917, 35.153429 ], [ 126.919994, 35.153467 ], [ 126.920088, 35.153353 ] ] ] ] } },
{ "type": "Feature", "properties": { "BUL_MAN_NO": 2114, "BULD_NM": null, "flo": 1.0, "h": 3.3 }, "geometry": { "type": "MultiPolygon", "coordinates": [ [ [ [ 126.919881, 35.153425 ], [ 126.919817, 35.153397 ], [ 126.919799, 35.153412 ], [ 126.919847, 35.153449 ], [ 126.919881, 35.153425 ] ] ] ] } },
{ "type": "Feature", "properties": { "BUL_MAN_NO": 2115, "BULD_NM": null, "flo": 1.0, "h": 3.3 }, "geometry": { "type": "MultiPolygon", "coordinates": [ [ [ [ 126.919846, 35.153451 ], [ 126.919796, 35.153413 ], [ 126.919691, 35.153497 ], [ 126.919739, 35.153535 ], [ 126.919846, 35.153451 ] ] ] ] } },
{ "type": "Feature", "properties": { "BUL_MAN_NO": 2117, "BULD_NM": null, "flo": 1.0, "h": 3.3 }, "geometry": { "type": "MultiPolygon", "coordinates": [ [ [ [ 126.919978, 35.153474 ], [ 126.919897, 35.153436 ], [ 126.91987, 35.153461 ], [ 126.919901, 35.153487 ], [ 126.919899, 35.153491 ], [ 126.919939, 35.153522 ], [ 126.919978, 35.153474 ] ] ] ] } },
{ "type": "Feature", "properties": { "BUL_MAN_NO": 2116, "BULD_NM": null, "flo": 1.0, "h": 3.3 }, "geometry": { "type": "MultiPolygon", "coordinates": [ [ [ [ 126.919944, 35.153529 ], [ 126.919853, 35.153459 ], [ 126.91975, 35.153545 ], [ 126.919846, 35.153624 ], [ 126.919944, 35.153529 ] ] ] ] } },
{ "type": "Feature", "properties": { "BUL_MAN_NO": 2121, "BULD_NM": null, "flo": 1.0, "h": 3.3 }, "geometry": { "type": "MultiPolygon", "coordinates": [ [ [ [ 126.920147, 35.153513 ], [ 126.920094, 35.153488 ], [ 126.92004, 35.153562 ], [ 126.920085, 35.153585 ], [ 126.920147, 35.153513 ] ] ] ] } },
{ "type": "Feature", "properties": { "BUL_MAN_NO": 2122, "BULD_NM": null, "flo": 1.0, "h": 3.3 }, "geometry": { "type": "MultiPolygon", "coordinates": [ [ [ [ 126.92002, 35.153561 ], [ 126.919976, 35.15354 ], [ 126.919935, 35.153575 ], [ 126.919935, 35.153575 ], [ 126.919988, 35.15361 ], [ 126.920003, 35.153623 ], [ 126.920049, 35.153575 ], [ 126.92002, 35.153561 ] ] ] ] } },
{ "type": "Feature", "properties": { "BUL_MAN_NO": 2124, "BULD_NM": null, "flo": 2.0, "h": 6.6 }, "geometry": { "type": "MultiPolygon", "coordinates": [ [ [ [ 126.919994, 35.153617 ], [ 126.919936, 35.153579 ], [ 126.919864, 35.15364 ], [ 126.919927, 35.153692 ], [ 126.919994, 35.153617 ] ] ] ] } },
{ "type": "Feature", "properties": { "BUL_MAN_NO": 2123, "BULD_NM": null, "flo": 1.0, "h": 3.3 }, "geometry": { "type": "MultiPolygon", "coordinates": [ [ [ [ 126.920117, 35.153416 ], [ 126.920076, 35.153391 ], [ 126.919983, 35.153509 ], [ 126.920002, 35.153517 ], [ 126.920029, 35.15353 ], [ 126.920117, 35.153416 ] ] ] ] } },
{ "type": "Feature", "properties": { "BUL_MAN_NO": 2118, "BULD_NM": null, "flo": 1.0, "h": 3.3 }, "geometry": { "type": "MultiPolygon", "coordinates": [ [ [ [ 126.919974, 35.15371 ], [ 126.91995, 35.15369 ], [ 126.919933, 35.153707 ], [ 126.919958, 35.153728 ], [ 126.919966, 35.15372 ], [ 126.919974, 35.15371 ] ] ] ] } },
{ "type": "Feature", "properties": { "BUL_MAN_NO": 33729, "BULD_NM": "동명동 센트럴파크", "flo": 20.0, "h": 66.0 }, "geometry": { "type": "MultiPolygon", "coordinates": [ [ [ [ 126.920544, 35.153605 ], [ 126.920282, 35.153442 ], [ 126.920011, 35.153742 ], [ 126.920363, 35.15396 ], [ 126.920602, 35.153694 ], [ 126.92057, 35.153673 ], [ 126.920592, 35.15365 ], [ 126.920534, 35.153614 ], [ 126.920544, 35.153605 ] ] ] ] } },
{ "type": "Feature", "properties": { "BUL_MAN_NO": 2128, "BULD_NM": null, "flo": 1.0, "h": 3.3 }, "geometry": { "type": "MultiPolygon", "coordinates": [ [ [ [ 126.920445, 35.154093 ], [ 126.920424, 35.154077 ], [ 126.920423, 35.154101 ], [ 126.920445, 35.154093 ] ] ] ] } },
{ "type": "Feature", "properties": { "BUL_MAN_NO": 2136, "BULD_NM": null, "flo": 7.0, "h": 23.1 }, "geometry": { "type": "MultiPolygon", "coordinates": [ [ [ [ 126.920728, 35.154095 ], [ 126.920711, 35.15406 ], [ 126.920686, 35.154081 ], [ 126.920637, 35.154042 ], [ 126.920574, 35.154096 ], [ 126.920508, 35.154144 ], [ 126.920609, 35.154225 ], [ 126.920649, 35.154234 ], [ 126.920688, 35.154159 ], [ 126.920711, 35.154139 ], [ 126.920709, 35.154137 ], [ 126.920726, 35.154122 ], [ 126.92071, 35.15411 ], [ 126.920728, 35.154095 ] ] ] ] } },
{ "type": "Feature", "properties": { "BUL_MAN_NO": 2137, "BULD_NM": null, "flo": 1.0, "h": 3.3 }, "geometry": { "type": "MultiPolygon", "coordinates": [ [ [ [ 126.92093, 35.154656 ], [ 126.920874, 35.154631 ], [ 126.920833, 35.154659 ], [ 126.920833, 35.154676 ], [ 126.920868, 35.154714 ], [ 126.920893, 35.154707 ], [ 126.92093, 35.154656 ] ] ] ] } },
{ "type": "Feature", "properties": { "BUL_MAN_NO": 2290, "BULD_NM": null, "flo": 1.0, "h": 3.3 }, "geometry": { "type": "MultiPolygon", "coordinates": [ [ [ [ 126.919277, 35.153497 ], [ 126.919205, 35.153436 ], [ 126.919091, 35.153499 ], [ 126.919181, 35.153573 ], [ 126.919277, 35.153497 ] ] ] ] } },
{ "type": "Feature", "properties": { "BUL_MAN_NO": 2289, "BULD_NM": "미즈프라자", "flo": 9.0, "h": 29.7 }, "geometry": { "type": "MultiPolygon", "coordinates": [ [ [ [ 126.919222, 35.153839 ], [ 126.919295, 35.153776 ], [ 126.919343, 35.153813 ], [ 126.919479, 35.153696 ], [ 126.919277, 35.153538 ], [ 126.919271, 35.153543 ], [ 126.919261, 35.153535 ], [ 126.919184, 35.153601 ], [ 126.919085, 35.153523 ], [ 126.918952, 35.153638 ], [ 126.919013, 35.153686 ], [ 126.91902, 35.15368 ], [ 126.919222, 35.153839 ] ] ] ] } },
{ "type": "Feature", "properties": { "BUL_MAN_NO": 2287, "BULD_NM": null, "flo": 1.0, "h": 3.3 }, "geometry": { "type": "MultiPolygon", "coordinates": [ [ [ [ 126.919602, 35.153758 ], [ 126.919565, 35.153727 ], [ 126.919521, 35.153767 ], [ 126.919555, 35.153794 ], [ 126.919602, 35.153758 ] ] ] ] } },
{ "type": "Feature", "properties": { "BUL_MAN_NO": 32047, "BULD_NM": null, "flo": 3.0, "h": 9.9 }, "geometry": { "type": "MultiPolygon", "coordinates": [ [ [ [ 126.919578, 35.153802 ], [ 126.919625, 35.153843 ], [ 126.919672, 35.153814 ], [ 126.919612, 35.153764 ], [ 126.919578, 35.153802 ] ] ] ] } },
{ "type": "Feature", "properties": { "BUL_MAN_NO": 2285, "BULD_NM": null, "flo": 1.0, "h": 3.3 }, "geometry": { "type": "MultiPolygon", "coordinates": [ [ [ [ 126.919739, 35.153866 ], [ 126.919702, 35.153832 ], [ 126.919645, 35.153868 ], [ 126.919675, 35.153899 ], [ 126.919739, 35.153866 ] ] ] ] } },
{ "type": "Feature", "properties": { "BUL_MAN_NO": 2284, "BULD_NM": null, "flo": 1.0, "h": 3.3 }, "geometry": { "type": "MultiPolygon", "coordinates": [ [ [ [ 126.919765, 35.153883 ], [ 126.919746, 35.153869 ], [ 126.919685, 35.153903 ], [ 126.919706, 35.153917 ], [ 126.919765, 35.153883 ] ] ] ] } },
{ "type": "Feature", "properties": { "BUL_MAN_NO": 2283, "BULD_NM": null, "flo": 1.0, "h": 3.3 }, "geometry": { "type": "MultiPolygon", "coordinates": [ [ [ [ 126.9198, 35.153912 ], [ 126.91977, 35.153887 ], [ 126.919713, 35.153921 ], [ 126.91974, 35.153949 ], [ 126.9198, 35.153912 ] ] ] ] } },
{ "type": "Feature", "properties": { "BUL_MAN_NO": 2286, "BULD_NM": null, "flo": 1.0, "h": 3.3 }, "geometry": { "type": "MultiPolygon", "coordinates": [ [ [ [ 126.919895, 35.153989 ], [ 126.91987, 35.153969 ], [ 126.91978, 35.154036 ], [ 126.919801, 35.154042 ], [ 126.919895, 35.153989 ] ] ] ] } },
{ "type": "Feature", "properties": { "BUL_MAN_NO": 2281, "BULD_NM": null, "flo": 1.0, "h": 3.3 }, "geometry": { "type": "MultiPolygon", "coordinates": [ [ [ [ 126.919922, 35.154011 ], [ 126.919899, 35.153993 ], [ 126.919811, 35.154042 ], [ 126.91985, 35.154054 ], [ 126.919922, 35.154011 ] ] ] ] } },
{ "type": "Feature", "properties": { "BUL_MAN_NO": 2280, "BULD_NM": null, "flo": 1.0, "h": 3.3 }, "geometry": { "type": "MultiPolygon", "coordinates": [ [ [ [ 126.919959, 35.154039 ], [ 126.91993, 35.154015 ], [ 126.919865, 35.154057 ], [ 126.919911, 35.15407 ], [ 126.919959, 35.154039 ] ] ] ] } },
{ "type": "Feature", "properties": { "BUL_MAN_NO": 2279, "BULD_NM": null, "flo": 1.0, "h": 3.3 }, "geometry": { "type": "MultiPolygon", "coordinates": [ [ [ [ 126.920014, 35.154083 ], [ 126.919967, 35.154045 ], [ 126.919927, 35.154072 ], [ 126.920003, 35.154094 ], [ 126.920014, 35.154083 ] ] ] ] } },
{ "type": "Feature", "properties": { "BUL_MAN_NO": 2282, "BULD_NM": null, "flo": 1.0, "h": 3.3 }, "geometry": { "type": "MultiPolygon", "coordinates": [ [ [ [ 126.920057, 35.154133 ], [ 126.920018, 35.15411 ], [ 126.919994, 35.154119 ], [ 126.919986, 35.154144 ], [ 126.920046, 35.15416 ], [ 126.920057, 35.154133 ] ] ] ] } },
{ "type": "Feature", "properties": { "BUL_MAN_NO": 2277, "BULD_NM": null, "flo": 1.0, "h": 3.3 }, "geometry": { "type": "MultiPolygon", "coordinates": [ [ [ [ 126.920209, 35.15431 ], [ 126.920171, 35.154275 ], [ 126.920126, 35.154328 ], [ 126.920153, 35.154349 ], [ 126.920209, 35.15431 ] ] ] ] } },
{ "type": "Feature", "properties": { "BUL_MAN_NO": 2278, "BULD_NM": null, "flo": 1.0, "h": 3.3 }, "geometry": { "type": "MultiPolygon", "coordinates": [ [ [ [ 126.920219, 35.154324 ], [ 126.92021, 35.154317 ], [ 126.920155, 35.154355 ], [ 126.920187, 35.154364 ], [ 126.920225, 35.154336 ], [ 126.920219, 35.154324 ] ] ] ] } },
{ "type": "Feature", "properties": { "BUL_MAN_NO": 2276, "BULD_NM": null, "flo": 1.0, "h": 3.3 }, "geometry": { "type": "MultiPolygon", "coordinates": [ [ [ [ 126.920247, 35.154363 ], [ 126.920228, 35.154339 ], [ 126.920178, 35.154371 ], [ 126.920203, 35.154384 ], [ 126.920247, 35.154363 ] ] ] ] } },
{ "type": "Feature", "properties": { "BUL_MAN_NO": 2275, "BULD_NM": null, "flo": 1.0, "h": 3.3 }, "geometry": { "type": "MultiPolygon", "coordinates": [ [ [ [ 126.920264, 35.154391 ], [ 126.92025, 35.154368 ], [ 126.920211, 35.15439 ], [ 126.920269, 35.154407 ], [ 126.920264, 35.154391 ] ] ] ] } },
{ "type": "Feature", "properties": { "BUL_MAN_NO": 2274, "BULD_NM": null, "flo": 2.0, "h": 6.6 }, "geometry": { "type": "MultiPolygon", "coordinates": [ [ [ [ 126.920309, 35.154499 ], [ 126.920286, 35.15445 ], [ 126.920276, 35.154463 ], [ 126.920254, 35.154491 ], [ 126.920258, 35.15451 ], [ 126.920309, 35.154499 ] ] ] ] } },
{ "type": "Feature", "properties": { "BUL_MAN_NO": 2273, "BULD_NM": null, "flo": 1.0, "h": 3.3 }, "geometry": { "type": "MultiPolygon", "coordinates": [ [ [ [ 126.920329, 35.154543 ], [ 126.920323, 35.154526 ], [ 126.920281, 35.154538 ], [ 126.92029, 35.154555 ], [ 126.920329, 35.154543 ] ] ] ] } },
{ "type": "Feature", "properties": { "BUL_MAN_NO": 2272, "BULD_NM": null, "flo": 1.0, "h": 3.3 }, "geometry": { "type": "MultiPolygon", "coordinates": [ [ [ [ 126.920352, 35.154586 ], [ 126.920334, 35.154549 ], [ 126.920286, 35.154563 ], [ 126.92027, 35.154534 ], [ 126.920322, 35.154519 ], [ 126.920317, 35.154506 ], [ 126.920232, 35.154527 ], [ 126.920164, 35.154594 ], [ 126.92018, 35.154607 ], [ 126.920193, 35.154622 ], [ 126.920239, 35.15461 ], [ 126.920292, 35.154592 ], [ 126.920352, 35.154586 ] ] ] ] } },
{ "type": "Feature", "properties": { "BUL_MAN_NO": 2271, "BULD_NM": null, "flo": 4.0, "h": 13.2 }, "geometry": { "type": "MultiPolygon", "coordinates": [ [ [ [ 126.920961, 35.154751 ], [ 126.920903, 35.15471 ], [ 126.920854, 35.154725 ], [ 126.920832, 35.154695 ], [ 126.920824, 35.154701 ], [ 126.920825, 35.154749 ], [ 126.920874, 35.154816 ], [ 126.920961, 35.154751 ] ] ] ] } },
{ "type": "Feature", "properties": { "BUL_MAN_NO": 2228, "BULD_NM": null, "flo": 4.0, "h": 13.2 }, "geometry": { "type": "MultiPolygon", "coordinates": [ [ [ [ 126.920956, 35.154938 ], [ 126.920958, 35.154873 ], [ 126.92098, 35.154872 ], [ 126.920979, 35.154835 ], [ 126.92096, 35.154835 ], [ 126.92096, 35.154824 ], [ 126.920933, 35.154824 ], [ 126.920934, 35.154835 ], [ 126.920881, 35.154835 ], [ 126.920832, 35.154768 ], [ 126.920821, 35.154965 ], [ 126.920884, 35.155002 ], [ 126.920956, 35.154938 ] ] ] ] } },
{ "type": "Feature", "properties": { "BUL_MAN_NO": 2231, "BULD_NM": null, "flo": 1.0, "h": 3.3 }, "geometry": { "type": "MultiPolygon", "coordinates": [ [ [ [ 126.920909, 35.155027 ], [ 126.920814, 35.154972 ], [ 126.920811, 35.155095 ], [ 126.920841, 35.15513 ], [ 126.920909, 35.155085 ], [ 126.920936, 35.155065 ], [ 126.920905, 35.15504 ], [ 126.920909, 35.155027 ] ] ] ] } },
{ "type": "Feature", "properties": { "BUL_MAN_NO": 3889, "BULD_NM": "전남여자고등학교", "flo": 1.0, "h": 3.3 }, "geometry": { "type": "MultiPolygon", "coordinates": [ [ [ [ 126.920738, 35.151882 ], [ 126.92074, 35.15188 ], [ 126.920807, 35.151935 ], [ 126.920833, 35.151914 ], [ 126.920854, 35.151896 ], [ 126.920878, 35.151876 ], [ 126.920811, 35.151822 ], [ 126.920829, 35.151808 ], [ 126.920706, 35.151698 ], [ 126.92071, 35.151695 ], [ 126.920724, 35.151685 ], [ 126.920719, 35.151681 ], [ 126.920644, 35.151613 ], [ 126.920641, 35.15161 ], [ 126.920623, 35.151623 ], [ 126.920616, 35.151629 ], [ 126.920485, 35.151512 ], [ 126.92046, 35.151531 ], [ 126.92041, 35.151488 ], [ 126.920437, 35.151466 ], [ 126.920371, 35.15141 ], [ 126.920388, 35.151396 ], [ 126.920308, 35.151331 ], [ 126.920315, 35.151325 ], [ 126.920329, 35.151314 ], [ 126.920244, 35.151244 ], [ 126.92021, 35.151272 ], [ 126.920166, 35.151236 ], [ 126.920163, 35.15124 ], [ 126.920126, 35.151214 ], [ 126.920124, 35.151216 ], [ 126.92011, 35.151206 ], [ 126.92009, 35.151219 ], [ 126.920075, 35.15123 ], [ 126.920062, 35.151243 ], [ 126.920053, 35.151254 ], [ 126.920062, 35.151261 ], [ 126.920032, 35.151285 ], [ 126.920037, 35.151289 ], [ 126.920056, 35.151305 ], [ 126.920065, 35.151312 ], [ 126.920007, 35.151359 ], [ 126.920012, 35.151363 ], [ 126.920008, 35.151367 ], [ 126.920175, 35.151507 ], [ 126.920163, 35.151519 ], [ 126.920188, 35.15154 ], [ 126.9202, 35.15153 ], [ 126.920278, 35.151594 ], [ 126.920298, 35.151578 ], [ 126.920349, 35.15162 ], [ 126.92033, 35.151637 ], [ 126.920483, 35.151766 ], [ 126.920508, 35.151787 ], [ 126.920633, 35.151891 ], [ 126.920681, 35.151855 ], [ 126.920721, 35.151888 ], [ 126.920728, 35.151887 ], [ 126.920735, 35.151884 ], [ 126.920738, 35.151882 ] ] ] ] } },
{ "type": "Feature", "properties": { "BUL_MAN_NO": 3875, "BULD_NM": "전남여자고등학교", "flo": 1.0, "h": 3.3 }, "geometry": { "type": "MultiPolygon", "coordinates": [ [ [ [ 126.920428, 35.152203 ], [ 126.920441, 35.152213 ], [ 126.920495, 35.15217 ], [ 126.920499, 35.152167 ], [ 126.9205, 35.152168 ], [ 126.920507, 35.152174 ], [ 126.920547, 35.152144 ], [ 126.920526, 35.152126 ], [ 126.920534, 35.152118 ], [ 126.920538, 35.152115 ], [ 126.920325, 35.151937 ], [ 126.9203, 35.151916 ], [ 126.92019, 35.152008 ], [ 126.920213, 35.152028 ], [ 126.92021, 35.152031 ], [ 126.920423, 35.152207 ], [ 126.920428, 35.152203 ] ] ] ] } },
{ "type": "Feature", "properties": { "BUL_MAN_NO": 36627, "BULD_NM": "전남여자고등학교", "flo": 2.0, "h": 6.6 }, "geometry": { "type": "MultiPolygon", "coordinates": [ [ [ [ 126.921446, 35.151042 ], [ 126.921706, 35.151192 ], [ 126.921819, 35.15106 ], [ 126.921559, 35.150909 ], [ 126.921521, 35.150954 ], [ 126.921512, 35.150949 ], [ 126.9215, 35.150962 ], [ 126.921487, 35.150955 ], [ 126.921457, 35.15099 ], [ 126.921479, 35.151003 ], [ 126.921446, 35.151042 ] ] ] ] } },
{ "type": "Feature", "properties": { "BUL_MAN_NO": 3884, "BULD_NM": "전남여자고등학교", "flo": 1.0, "h": 3.3 }, "geometry": { "type": "MultiPolygon", "coordinates": [ [ [ [ 126.920675, 35.152009 ], [ 126.920708, 35.152035 ], [ 126.920735, 35.152012 ], [ 126.920702, 35.151986 ], [ 126.920675, 35.152009 ] ] ] ] } },
{ "type": "Feature", "properties": { "BUL_MAN_NO": 3883, "BULD_NM": "전남여자고등학교", "flo": 1.0, "h": 3.3 }, "geometry": { "type": "MultiPolygon", "coordinates": [ [ [ [ 126.920836, 35.151525 ], [ 126.920801, 35.151545 ], [ 126.920783, 35.15156 ], [ 126.920768, 35.151578 ], [ 126.920758, 35.151597 ], [ 126.920752, 35.151617 ], [ 126.920751, 35.151644 ], [ 126.920758, 35.15167 ], [ 126.920747, 35.151679 ], [ 126.920855, 35.151771 ], [ 126.920836, 35.151785 ], [ 126.920874, 35.151817 ], [ 126.921007, 35.151712 ], [ 126.921016, 35.1517 ], [ 126.921029, 35.151676 ], [ 126.921038, 35.151644 ], [ 126.921038, 35.151617 ], [ 126.92103, 35.15159 ], [ 126.921015, 35.151565 ], [ 126.920993, 35.151544 ], [ 126.920966, 35.151528 ], [ 126.920934, 35.151518 ], [ 126.920901, 35.151514 ], [ 126.920867, 35.151516 ], [ 126.920836, 35.151525 ] ] ] ] } },
{ "type": "Feature", "properties": { "BUL_MAN_NO": 3898, "BULD_NM": null, "flo": 1.0, "h": 3.3 }, "geometry": { "type": "MultiPolygon", "coordinates": [ [ [ [ 126.920212, 35.152327 ], [ 126.920312, 35.152259 ], [ 126.920241, 35.152198 ], [ 126.920192, 35.152235 ], [ 126.920217, 35.152259 ], [ 126.920197, 35.152274 ], [ 126.92017, 35.152251 ], [ 126.920148, 35.152266 ], [ 126.920212, 35.152327 ] ] ] ] } },
{ "type": "Feature", "properties": { "BUL_MAN_NO": 3896, "BULD_NM": null, "flo": 1.0, "h": 3.3 }, "geometry": { "type": "MultiPolygon", "coordinates": [ [ [ [ 126.92035, 35.152297 ], [ 126.92032, 35.152269 ], [ 126.920316, 35.152269 ], [ 126.920287, 35.15229 ], [ 126.920285, 35.152288 ], [ 126.920232, 35.152329 ], [ 126.920292, 35.152376 ], [ 126.92035, 35.152297 ] ] ] ] } },
{ "type": "Feature", "properties": { "BUL_MAN_NO": 3895, "BULD_NM": null, "flo": 1.0, "h": 3.3 }, "geometry": { "type": "MultiPolygon", "coordinates": [ [ [ [ 126.92029, 35.152378 ], [ 126.920268, 35.152361 ], [ 126.920259, 35.15237 ], [ 126.920282, 35.15239 ], [ 126.92029, 35.152378 ] ] ] ] } },
{ "type": "Feature", "properties": { "BUL_MAN_NO": 3902, "BULD_NM": null, "flo": 1.0, "h": 3.3 }, "geometry": { "type": "MultiPolygon", "coordinates": [ [ [ [ 126.922352, 35.150679 ], [ 126.922216, 35.150649 ], [ 126.922211, 35.150667 ], [ 126.922189, 35.150663 ], [ 126.922176, 35.150703 ], [ 126.922336, 35.150737 ], [ 126.922352, 35.150679 ] ] ] ] } },
{ "type": "Feature", "properties": { "BUL_MAN_NO": 3907, "BULD_NM": null, "flo": 1.0, "h": 3.3 }, "geometry": { "type": "MultiPolygon", "coordinates": [ [ [ [ 126.922026, 35.150996 ], [ 126.92196, 35.150956 ], [ 126.921907, 35.151016 ], [ 126.922093, 35.15113 ], [ 126.922174, 35.151046 ], [ 126.922035, 35.150984 ], [ 126.922026, 35.150996 ] ] ] ] } },
{ "type": "Feature", "properties": { "BUL_MAN_NO": 3912, "BULD_NM": null, "flo": 1.0, "h": 3.3 }, "geometry": { "type": "MultiPolygon", "coordinates": [ [ [ [ 126.922364, 35.150614 ], [ 126.922252, 35.150586 ], [ 126.922239, 35.15063 ], [ 126.922351, 35.150657 ], [ 126.922364, 35.150614 ] ] ] ] } },
{ "type": "Feature", "properties": { "BUL_MAN_NO": 3920, "BULD_NM": null, "flo": 1.0, "h": 3.3 }, "geometry": { "type": "MultiPolygon", "coordinates": [ [ [ [ 126.922434, 35.150509 ], [ 126.922385, 35.150479 ], [ 126.922341, 35.15054 ], [ 126.922393, 35.150562 ], [ 126.922434, 35.150509 ] ] ] ] } },
{ "type": "Feature", "properties": { "BUL_MAN_NO": 36705, "BULD_NM": null, "flo": 1.0, "h": 3.3 }, "geometry": { "type": "MultiPolygon", "coordinates": [ [ [ [ 126.922341, 35.150541 ], [ 126.922393, 35.150562 ], [ 126.922391, 35.150564 ], [ 126.922337, 35.150546 ], [ 126.922341, 35.150541 ] ] ] ] } },
{ "type": "Feature", "properties": { "BUL_MAN_NO": 29939, "BULD_NM": null, "flo": 1.0, "h": 3.3 }, "geometry": { "type": "MultiPolygon", "coordinates": [ [ [ [ 126.922402, 35.15067 ], [ 126.922532, 35.150692 ], [ 126.922542, 35.150648 ], [ 126.922465, 35.150636 ], [ 126.922466, 35.150631 ], [ 126.922413, 35.150622 ], [ 126.922402, 35.15067 ] ] ] ] } },
{ "type": "Feature", "properties": { "BUL_MAN_NO": 3919, "BULD_NM": null, "flo": 1.0, "h": 3.3 }, "geometry": { "type": "MultiPolygon", "coordinates": [ [ [ [ 126.922641, 35.150609 ], [ 126.922719, 35.15054 ], [ 126.922611, 35.150464 ], [ 126.922527, 35.150534 ], [ 126.922554, 35.150558 ], [ 126.922558, 35.150554 ], [ 126.922641, 35.150609 ] ] ] ] } },
{ "type": "Feature", "properties": { "BUL_MAN_NO": 3935, "BULD_NM": null, "flo": 4.0, "h": 13.2 }, "geometry": { "type": "MultiPolygon", "coordinates": [ [ [ [ 126.921047, 35.154702 ], [ 126.920965, 35.154665 ], [ 126.92092, 35.154708 ], [ 126.920974, 35.15475 ], [ 126.920933, 35.154787 ], [ 126.92097, 35.15481 ], [ 126.921065, 35.154717 ], [ 126.921047, 35.154702 ] ] ] ] } },
{ "type": "Feature", "properties": { "BUL_MAN_NO": 3933, "BULD_NM": null, "flo": 4.0, "h": 13.2 }, "geometry": { "type": "MultiPolygon", "coordinates": [ [ [ [ 126.921123, 35.154748 ], [ 126.921076, 35.154721 ], [ 126.920981, 35.154808 ], [ 126.921034, 35.154833 ], [ 126.921123, 35.154748 ] ] ] ] } },
{ "type": "Feature", "properties": { "BUL_MAN_NO": 3934, "BULD_NM": null, "flo": 1.0, "h": 3.3 }, "geometry": { "type": "MultiPolygon", "coordinates": [ [ [ [ 126.921176, 35.154779 ], [ 126.921138, 35.154761 ], [ 126.921062, 35.154831 ], [ 126.921098, 35.154848 ], [ 126.921176, 35.154779 ] ] ] ] } },
{ "type": "Feature", "properties": { "BUL_MAN_NO": 3931, "BULD_NM": null, "flo": 1.0, "h": 3.3 }, "geometry": { "type": "MultiPolygon", "coordinates": [ [ [ [ 126.921239, 35.154816 ], [ 126.921184, 35.154783 ], [ 126.921115, 35.154848 ], [ 126.921177, 35.154877 ], [ 126.921239, 35.154816 ] ] ] ] } },
{ "type": "Feature", "properties": { "BUL_MAN_NO": 3922, "BULD_NM": null, "flo": 1.0, "h": 3.3 }, "geometry": { "type": "MultiPolygon", "coordinates": [ [ [ [ 126.921168, 35.154607 ], [ 126.921064, 35.15456 ], [ 126.921046, 35.154587 ], [ 126.921128, 35.154623 ], [ 126.921179, 35.15465 ], [ 126.921236, 35.154679 ], [ 126.921253, 35.154653 ], [ 126.921168, 35.154607 ] ] ] ] } },
{ "type": "Feature", "properties": { "BUL_MAN_NO": 3930, "BULD_NM": null, "flo": 1.0, "h": 3.3 }, "geometry": { "type": "MultiPolygon", "coordinates": [ [ [ [ 126.921377, 35.155012 ], [ 126.921452, 35.154943 ], [ 126.921357, 35.154878 ], [ 126.921278, 35.15495 ], [ 126.921319, 35.154987 ], [ 126.921324, 35.154982 ], [ 126.92133, 35.154988 ], [ 126.921337, 35.154983 ], [ 126.921377, 35.155012 ] ] ] ] } },
{ "type": "Feature", "properties": { "BUL_MAN_NO": 3924, "BULD_NM": null, "flo": 1.0, "h": 3.3 }, "geometry": { "type": "MultiPolygon", "coordinates": [ [ [ [ 126.921399, 35.154697 ], [ 126.921298, 35.154639 ], [ 126.921255, 35.154695 ], [ 126.921424, 35.154792 ], [ 126.921555, 35.154872 ], [ 126.921551, 35.154785 ], [ 126.921474, 35.154739 ], [ 126.921399, 35.154697 ] ] ] ] } },
{ "type": "Feature", "properties": { "BUL_MAN_NO": 3928, "BULD_NM": null, "flo": 1.0, "h": 3.3 }, "geometry": { "type": "MultiPolygon", "coordinates": [ [ [ [ 126.921565, 35.155092 ], [ 126.921529, 35.155059 ], [ 126.921511, 35.155066 ], [ 126.921457, 35.155001 ], [ 126.921408, 35.15503 ], [ 126.921503, 35.15513 ], [ 126.921565, 35.155092 ] ] ] ] } },
{ "type": "Feature", "properties": { "BUL_MAN_NO": 3929, "BULD_NM": null, "flo": 1.0, "h": 3.3 }, "geometry": { "type": "MultiPolygon", "coordinates": [ [ [ [ 126.921612, 35.155061 ], [ 126.921462, 35.154951 ], [ 126.921432, 35.154981 ], [ 126.921524, 35.155047 ], [ 126.921519, 35.155052 ], [ 126.921525, 35.155057 ], [ 126.921531, 35.155052 ], [ 126.921581, 35.155092 ], [ 126.921612, 35.155061 ] ] ] ] } },
{ "type": "Feature", "properties": { "BUL_MAN_NO": 3923, "BULD_NM": null, "flo": 2.0, "h": 6.6 }, "geometry": { "type": "MultiPolygon", "coordinates": [ [ [ [ 126.921848, 35.154978 ], [ 126.921814, 35.154958 ], [ 126.921754, 35.155028 ], [ 126.921792, 35.155054 ], [ 126.921848, 35.154978 ] ] ] ] } },
{ "type": "Feature", "properties": { "BUL_MAN_NO": 3925, "BULD_NM": null, "flo": 1.0, "h": 3.3 }, "geometry": { "type": "MultiPolygon", "coordinates": [ [ [ [ 126.921923, 35.15504 ], [ 126.921882, 35.155021 ], [ 126.921844, 35.155024 ], [ 126.921808, 35.155068 ], [ 126.921875, 35.155108 ], [ 126.921923, 35.15504 ] ] ] ] } },
{ "type": "Feature", "properties": { "BUL_MAN_NO": 4054, "BULD_NM": null, "flo": 1.0, "h": 3.3 }, "geometry": { "type": "MultiPolygon", "coordinates": [ [ [ [ 126.922128, 35.155227 ], [ 126.922081, 35.155212 ], [ 126.92204, 35.155248 ], [ 126.922104, 35.155302 ], [ 126.922116, 35.155267 ], [ 126.922128, 35.155227 ] ] ] ] } },
{ "type": "Feature", "properties": { "BUL_MAN_NO": 4045, "BULD_NM": null, "flo": 1.0, "h": 3.3 }, "geometry": { "type": "MultiPolygon", "coordinates": [ [ [ [ 126.922155, 35.155349 ], [ 126.922183, 35.155315 ], [ 126.922191, 35.155291 ], [ 126.922182, 35.155286 ], [ 126.922184, 35.155277 ], [ 126.922133, 35.155273 ], [ 126.922124, 35.155284 ], [ 126.922107, 35.155311 ], [ 126.92213, 35.155337 ], [ 126.922137, 35.155334 ], [ 126.922155, 35.155349 ] ] ] ] } },
{ "type": "Feature", "properties": { "BUL_MAN_NO": 4108, "BULD_NM": null, "flo": 2.0, "h": 6.6 }, "geometry": { "type": "MultiPolygon", "coordinates": [ [ [ [ 126.920532, 35.154051 ], [ 126.920506, 35.15403 ], [ 126.920471, 35.154071 ], [ 126.920482, 35.154074 ], [ 126.920499, 35.154099 ], [ 126.920545, 35.154063 ], [ 126.920532, 35.154051 ] ] ] ] } },
{ "type": "Feature", "properties": { "BUL_MAN_NO": 4107, "BULD_NM": null, "flo": 1.0, "h": 3.3 }, "geometry": { "type": "MultiPolygon", "coordinates": [ [ [ [ 126.920593, 35.15401 ], [ 126.920559, 35.153982 ], [ 126.920514, 35.154028 ], [ 126.920543, 35.154051 ], [ 126.920593, 35.15401 ] ] ] ] } },
{ "type": "Feature", "properties": { "BUL_MAN_NO": 4106, "BULD_NM": null, "flo": 1.0, "h": 3.3 }, "geometry": { "type": "MultiPolygon", "coordinates": [ [ [ [ 126.920639, 35.153962 ], [ 126.920606, 35.153938 ], [ 126.920562, 35.153981 ], [ 126.920595, 35.154007 ], [ 126.920639, 35.153962 ] ] ] ] } },
{ "type": "Feature", "properties": { "BUL_MAN_NO": 4105, "BULD_NM": null, "flo": 1.0, "h": 3.3 }, "geometry": { "type": "MultiPolygon", "coordinates": [ [ [ [ 126.920728, 35.153893 ], [ 126.920704, 35.153872 ], [ 126.920611, 35.15393 ], [ 126.920644, 35.153956 ], [ 126.920728, 35.153893 ] ] ] ] } },
{ "type": "Feature", "properties": { "BUL_MAN_NO": 37259, "BULD_NM": null, "flo": 1.0, "h": 3.3 }, "geometry": { "type": "MultiPolygon", "coordinates": [ [ [ [ 126.920803, 35.153691 ], [ 126.920842, 35.153643 ], [ 126.920882, 35.153653 ], [ 126.92089, 35.153662 ], [ 126.920803, 35.153691 ] ] ] ] } },
{ "type": "Feature", "properties": { "BUL_MAN_NO": 4081, "BULD_NM": null, "flo": 1.0, "h": 3.3 }, "geometry": { "type": "MultiPolygon", "coordinates": [ [ [ [ 126.920954, 35.153737 ], [ 126.920891, 35.153662 ], [ 126.920803, 35.153691 ], [ 126.920813, 35.153737 ], [ 126.920825, 35.15377 ], [ 126.920855, 35.153787 ], [ 126.920954, 35.153737 ] ] ] ] } },
{ "type": "Feature", "properties": { "BUL_MAN_NO": 34071, "BULD_NM": null, "flo": 1.0, "h": 3.3 }, "geometry": { "type": "MultiPolygon", "coordinates": [ [ [ [ 126.920659, 35.153699 ], [ 126.920687, 35.153717 ], [ 126.920732, 35.153671 ], [ 126.920704, 35.153653 ], [ 126.920659, 35.153699 ] ] ] ] } },
{ "type": "Feature", "properties": { "BUL_MAN_NO": 4089, "BULD_NM": null, "flo": 1.0, "h": 3.3 }, "geometry": { "type": "MultiPolygon", "coordinates": [ [ [ [ 126.921079, 35.15356 ], [ 126.92099, 35.153515 ], [ 126.920954, 35.153569 ], [ 126.921035, 35.153615 ], [ 126.921079, 35.15356 ] ] ] ] } },
{ "type": "Feature", "properties": { "BUL_MAN_NO": 37261, "BULD_NM": null, "flo": 1.0, "h": 3.3 }, "geometry": { "type": "MultiPolygon", "coordinates": [ [ [ [ 126.920764, 35.153448 ], [ 126.920781, 35.153456 ], [ 126.920794, 35.153437 ], [ 126.920776, 35.153429 ], [ 126.920764, 35.153448 ] ] ] ] } },
{ "type": "Feature", "properties": { "BUL_MAN_NO": 4085, "BULD_NM": null, "flo": 1.0, "h": 3.3 }, "geometry": { "type": "MultiPolygon", "coordinates": [ [ [ [ 126.920875, 35.1535 ], [ 126.920763, 35.153449 ], [ 126.920737, 35.153497 ], [ 126.920841, 35.153541 ], [ 126.920875, 35.1535 ] ] ] ] } },
{ "type": "Feature", "properties": { "BUL_MAN_NO": 37410, "BULD_NM": null, "flo": 1.0, "h": 3.3 }, "geometry": { "type": "MultiPolygon", "coordinates": [ [ [ [ 126.920738, 35.153543 ], [ 126.920704, 35.153522 ], [ 126.920712, 35.153514 ], [ 126.920744, 35.153534 ], [ 126.920738, 35.153543 ] ] ] ] } },
{ "type": "Feature", "properties": { "BUL_MAN_NO": 4104, "BULD_NM": null, "flo": 2.0, "h": 6.6 }, "geometry": { "type": "MultiPolygon", "coordinates": [ [ [ [ 126.920688, 35.153599 ], [ 126.920732, 35.15355 ], [ 126.920704, 35.153529 ], [ 126.920707, 35.153525 ], [ 126.920667, 35.153501 ], [ 126.920632, 35.153534 ], [ 126.920627, 35.153531 ], [ 126.920599, 35.153561 ], [ 126.920628, 35.15358 ], [ 126.920638, 35.153568 ], [ 126.920688, 35.153599 ] ] ] ] } },
{ "type": "Feature", "properties": { "BUL_MAN_NO": 4088, "BULD_NM": null, "flo": 1.0, "h": 3.3 }, "geometry": { "type": "MultiPolygon", "coordinates": [ [ [ [ 126.920764, 35.15341 ], [ 126.920721, 35.153399 ], [ 126.920684, 35.153486 ], [ 126.920726, 35.153499 ], [ 126.920764, 35.15341 ] ] ] ] } },
{ "type": "Feature", "properties": { "BUL_MAN_NO": 4087, "BULD_NM": null, "flo": 1.0, "h": 3.3 }, "geometry": { "type": "MultiPolygon", "coordinates": [ [ [ [ 126.920716, 35.153399 ], [ 126.920655, 35.153388 ], [ 126.920591, 35.153453 ], [ 126.920642, 35.153485 ], [ 126.920716, 35.153399 ] ] ] ] } },
{ "type": "Feature", "properties": { "BUL_MAN_NO": 37260, "BULD_NM": null, "flo": 1.0, "h": 3.3 }, "geometry": { "type": "MultiPolygon", "coordinates": [ [ [ [ 126.920913, 35.153412 ], [ 126.920916, 35.153408 ], [ 126.920934, 35.153416 ], [ 126.92093, 35.153421 ], [ 126.920913, 35.153412 ] ] ] ] } },
{ "type": "Feature", "properties": { "BUL_MAN_NO": 4084, "BULD_NM": null, "flo": 2.0, "h": 6.6 }, "geometry": { "type": "MultiPolygon", "coordinates": [ [ [ [ 126.920915, 35.153407 ], [ 126.920868, 35.153382 ], [ 126.92082, 35.153441 ], [ 126.920889, 35.153476 ], [ 126.920923, 35.153431 ], [ 126.920904, 35.153421 ], [ 126.920915, 35.153407 ] ] ] ] } },
{ "type": "Feature", "properties": { "BUL_MAN_NO": 35968, "BULD_NM": null, "flo": 2.0, "h": 6.6 }, "geometry": { "type": "MultiPolygon", "coordinates": [ [ [ [ 126.921067, 35.153366 ], [ 126.921029, 35.153418 ], [ 126.921075, 35.15344 ], [ 126.921069, 35.153449 ], [ 126.921127, 35.153476 ], [ 126.92117, 35.153414 ], [ 126.921067, 35.153366 ] ] ] ] } },
{ "type": "Feature", "properties": { "BUL_MAN_NO": 4094, "BULD_NM": null, "flo": 1.0, "h": 3.3 }, "geometry": { "type": "MultiPolygon", "coordinates": [ [ [ [ 126.92125, 35.153318 ], [ 126.921236, 35.153307 ], [ 126.921225, 35.153318 ], [ 126.921217, 35.153326 ], [ 126.921254, 35.153349 ], [ 126.921239, 35.153367 ], [ 126.921263, 35.15338 ], [ 126.921301, 35.153353 ], [ 126.92125, 35.153318 ] ] ] ] } },
{ "type": "Feature", "properties": { "BUL_MAN_NO": 4092, "BULD_NM": null, "flo": 1.0, "h": 3.3 }, "geometry": { "type": "MultiPolygon", "coordinates": [ [ [ [ 126.921219, 35.153293 ], [ 126.921163, 35.153257 ], [ 126.921141, 35.153283 ], [ 126.921195, 35.153317 ], [ 126.921219, 35.153293 ] ] ] ] } },
{ "type": "Feature", "properties": { "BUL_MAN_NO": 4093, "BULD_NM": null, "flo": 1.0, "h": 3.3 }, "geometry": { "type": "MultiPolygon", "coordinates": [ [ [ [ 126.921116, 35.15332 ], [ 126.92111, 35.153318 ], [ 126.921099, 35.153332 ], [ 126.921075, 35.153361 ], [ 126.921188, 35.153409 ], [ 126.921227, 35.153369 ], [ 126.921116, 35.15332 ] ] ] ] } },
{ "type": "Feature", "properties": { "BUL_MAN_NO": 4102, "BULD_NM": null, "flo": 1.0, "h": 3.3 }, "geometry": { "type": "MultiPolygon", "coordinates": [ [ [ [ 126.920984, 35.153375 ], [ 126.920921, 35.153336 ], [ 126.92088, 35.15338 ], [ 126.92095, 35.153417 ], [ 126.920984, 35.153375 ] ] ] ] } },
{ "type": "Feature", "properties": { "BUL_MAN_NO": 4103, "BULD_NM": null, "flo": 1.0, "h": 3.3 }, "geometry": { "type": "MultiPolygon", "coordinates": [ [ [ [ 126.920979, 35.153299 ], [ 126.920951, 35.153283 ], [ 126.920913, 35.153327 ], [ 126.920942, 35.153345 ], [ 126.920983, 35.153302 ], [ 126.920979, 35.153299 ] ] ] ] } },
{ "type": "Feature", "properties": { "BUL_MAN_NO": 4098, "BULD_NM": null, "flo": 1.0, "h": 3.3 }, "geometry": { "type": "MultiPolygon", "coordinates": [ [ [ [ 126.921031, 35.153264 ], [ 126.921065, 35.153221 ], [ 126.92107, 35.153223 ], [ 126.921076, 35.153225 ], [ 126.921051, 35.153258 ], [ 126.921065, 35.153265 ], [ 126.921112, 35.153206 ], [ 126.921039, 35.153169 ], [ 126.920985, 35.15324 ], [ 126.921031, 35.153264 ] ] ] ] } },
{ "type": "Feature", "properties": { "BUL_MAN_NO": 4095, "BULD_NM": null, "flo": 2.0, "h": 6.6 }, "geometry": { "type": "MultiPolygon", "coordinates": [ [ [ [ 126.92123, 35.153289 ], [ 126.921304, 35.15322 ], [ 126.921245, 35.15318 ], [ 126.921211, 35.153224 ], [ 126.921197, 35.153217 ], [ 126.921172, 35.153248 ], [ 126.92123, 35.153289 ] ] ] ] } },
{ "type": "Feature", "properties": { "BUL_MAN_NO": 37264, "BULD_NM": null, "flo": 1.0, "h": 3.3 }, "geometry": { "type": "MultiPolygon", "coordinates": [ [ [ [ 126.921234, 35.153183 ], [ 126.92122, 35.153175 ], [ 126.921226, 35.153169 ], [ 126.921239, 35.153177 ], [ 126.921234, 35.153183 ] ] ] ] } },
{ "type": "Feature", "properties": { "BUL_MAN_NO": 4097, "BULD_NM": null, "flo": 2.0, "h": 6.6 }, "geometry": { "type": "MultiPolygon", "coordinates": [ [ [ [ 126.921158, 35.153115 ], [ 126.921112, 35.15309 ], [ 126.921053, 35.153162 ], [ 126.921123, 35.153197 ], [ 126.921171, 35.153138 ], [ 126.921147, 35.153127 ], [ 126.921158, 35.153115 ] ] ] ] } },
{ "type": "Feature", "properties": { "BUL_MAN_NO": 37313, "BULD_NM": null, "flo": 1.0, "h": 3.3 }, "geometry": { "type": "MultiPolygon", "coordinates": [ [ [ [ 126.921155, 35.153121 ], [ 126.921175, 35.153132 ], [ 126.921179, 35.153126 ], [ 126.921159, 35.153116 ], [ 126.921155, 35.153121 ] ] ] ] } },
{ "type": "Feature", "properties": { "BUL_MAN_NO": 37312, "BULD_NM": null, "flo": 1.0, "h": 3.3 }, "geometry": { "type": "MultiPolygon", "coordinates": [ [ [ [ 126.921383, 35.153044 ], [ 126.921388, 35.153038 ], [ 126.921412, 35.153054 ], [ 126.921406, 35.15306 ], [ 126.921383, 35.153044 ] ] ] ] } },
{ "type": "Feature", "properties": { "BUL_MAN_NO": 4096, "BULD_NM": null, "flo": 2.0, "h": 6.6 }, "geometry": { "type": "MultiPolygon", "coordinates": [ [ [ [ 126.921504, 35.153042 ], [ 126.921417, 35.152976 ], [ 126.921372, 35.152987 ], [ 126.921355, 35.15301 ], [ 126.921457, 35.153084 ], [ 126.921504, 35.153042 ] ] ] ] } },
{ "type": "Feature", "properties": { "BUL_MAN_NO": 4100, "BULD_NM": null, "flo": 1.0, "h": 3.3 }, "geometry": { "type": "MultiPolygon", "coordinates": [ [ [ [ 126.921216, 35.153024 ], [ 126.921165, 35.152992 ], [ 126.921154, 35.153014 ], [ 126.921206, 35.153039 ], [ 126.921216, 35.153024 ] ] ] ] } },
{ "type": "Feature", "properties": { "BUL_MAN_NO": 4101, "BULD_NM": null, "flo": 1.0, "h": 3.3 }, "geometry": { "type": "MultiPolygon", "coordinates": [ [ [ [ 126.921179, 35.153034 ], [ 126.921147, 35.15302 ], [ 126.921111, 35.153082 ], [ 126.921188, 35.153115 ], [ 126.921227, 35.15307 ], [ 126.921171, 35.153048 ], [ 126.921179, 35.153034 ] ] ] ] } },
{ "type": "Feature", "properties": { "BUL_MAN_NO": 34338, "BULD_NM": null, "flo": 1.0, "h": 3.3 }, "geometry": { "type": "MultiPolygon", "coordinates": [ [ [ [ 126.921763, 35.155621 ], [ 126.921819, 35.155621 ], [ 126.921829, 35.155621 ], [ 126.921836, 35.155627 ], [ 126.921843, 35.155632 ], [ 126.921831, 35.155644 ], [ 126.921901, 35.155695 ], [ 126.921898, 35.155698 ], [ 126.921972, 35.155752 ], [ 126.921975, 35.15575 ], [ 126.922052, 35.155807 ], [ 126.922119, 35.155745 ], [ 126.922095, 35.155728 ], [ 126.922112, 35.155712 ], [ 126.921933, 35.15558 ], [ 126.921916, 35.155596 ], [ 126.921897, 35.155581 ], [ 126.921896, 35.155556 ], [ 126.921907, 35.155556 ], [ 126.921907, 35.155526 ], [ 126.921917, 35.155526 ], [ 126.921917, 35.15547 ], [ 126.92165, 35.155472 ], [ 126.921651, 35.155528 ], [ 126.921658, 35.155528 ], [ 126.921659, 35.155558 ], [ 126.921669, 35.155558 ], [ 126.92167, 35.155583 ], [ 126.92173, 35.155582 ], [ 126.92173, 35.155596 ], [ 126.921763, 35.155596 ], [ 126.921763, 35.155621 ] ] ] ] } },
{ "type": "Feature", "properties": { "BUL_MAN_NO": 4257, "BULD_NM": null, "flo": 1.0, "h": 3.3 }, "geometry": { "type": "MultiPolygon", "coordinates": [ [ [ [ 126.92001, 35.153674 ], [ 126.919985, 35.153659 ], [ 126.919954, 35.15369 ], [ 126.919977, 35.153707 ], [ 126.92001, 35.153674 ] ] ] ] } },
{ "type": "Feature", "properties": { "BUL_MAN_NO": 4258, "BULD_NM": null, "flo": 1.0, "h": 3.3 }, "geometry": { "type": "MultiPolygon", "coordinates": [ [ [ [ 126.920067, 35.153614 ], [ 126.920046, 35.153601 ], [ 126.920007, 35.153642 ], [ 126.920028, 35.153655 ], [ 126.920067, 35.153614 ] ] ] ] } },
{ "type": "Feature", "properties": { "BUL_MAN_NO": 4260, "BULD_NM": null, "flo": 1.0, "h": 3.3 }, "geometry": { "type": "MultiPolygon", "coordinates": [ [ [ [ 126.920026, 35.153656 ], [ 126.920004, 35.153643 ], [ 126.919991, 35.153659 ], [ 126.920012, 35.15367 ], [ 126.920026, 35.153656 ] ] ] ] } },
{ "type": "Feature", "properties": { "BUL_MAN_NO": 4259, "BULD_NM": null, "flo": 1.0, "h": 3.3 }, "geometry": { "type": "MultiPolygon", "coordinates": [ [ [ [ 126.920077, 35.153602 ], [ 126.920053, 35.153595 ], [ 126.920048, 35.1536 ], [ 126.920068, 35.153613 ], [ 126.920077, 35.153602 ] ] ] ] } },
{ "type": "Feature", "properties": { "BUL_MAN_NO": 4261, "BULD_NM": null, "flo": 1.0, "h": 3.3 }, "geometry": { "type": "MultiPolygon", "coordinates": [ [ [ [ 126.920196, 35.153463 ], [ 126.920129, 35.15343 ], [ 126.92009, 35.153468 ], [ 126.92016, 35.153504 ], [ 126.920196, 35.153463 ] ] ] ] } },
{ "type": "Feature", "properties": { "BUL_MAN_NO": 4263, "BULD_NM": null, "flo": 1.0, "h": 3.3 }, "geometry": { "type": "MultiPolygon", "coordinates": [ [ [ [ 126.920223, 35.153435 ], [ 126.920104, 35.153357 ], [ 126.920081, 35.153385 ], [ 126.9202, 35.15346 ], [ 126.920223, 35.153435 ] ] ] ] } },
{ "type": "Feature", "properties": { "BUL_MAN_NO": 36008, "BULD_NM": null, "flo": 2.0, "h": 6.6 }, "geometry": { "type": "MultiPolygon", "coordinates": [ [ [ [ 126.920365, 35.153343 ], [ 126.920482, 35.15339 ], [ 126.920537, 35.15332 ], [ 126.920494, 35.153298 ], [ 126.920466, 35.153332 ], [ 126.920397, 35.153308 ], [ 126.920365, 35.153343 ] ] ] ] } },
{ "type": "Feature", "properties": { "BUL_MAN_NO": 4265, "BULD_NM": null, "flo": 1.0, "h": 3.3 }, "geometry": { "type": "MultiPolygon", "coordinates": [ [ [ [ 126.920253, 35.153401 ], [ 126.920203, 35.153369 ], [ 126.920176, 35.153397 ], [ 126.920225, 35.153432 ], [ 126.920253, 35.153401 ] ] ] ] } },
{ "type": "Feature", "properties": { "BUL_MAN_NO": 4264, "BULD_NM": null, "flo": 1.0, "h": 3.3 }, "geometry": { "type": "MultiPolygon", "coordinates": [ [ [ [ 126.920186, 35.153354 ], [ 126.920138, 35.153328 ], [ 126.920121, 35.153353 ], [ 126.920163, 35.15338 ], [ 126.920186, 35.153354 ] ] ] ] } },
{ "type": "Feature", "properties": { "BUL_MAN_NO": 4256, "BULD_NM": null, "flo": 2.0, "h": 6.6 }, "geometry": { "type": "MultiPolygon", "coordinates": [ [ [ [ 126.920567, 35.153208 ], [ 126.920643, 35.153112 ], [ 126.920621, 35.153102 ], [ 126.920618, 35.153105 ], [ 126.920615, 35.153103 ], [ 126.920613, 35.153108 ], [ 126.920595, 35.153124 ], [ 126.920568, 35.153112 ], [ 126.920546, 35.153143 ], [ 126.92054, 35.153139 ], [ 126.920507, 35.153178 ], [ 126.920567, 35.153208 ] ] ] ] } },
{ "type": "Feature", "properties": { "BUL_MAN_NO": 4245, "BULD_NM": null, "flo": 2.0, "h": 6.6 }, "geometry": { "type": "MultiPolygon", "coordinates": [ [ [ [ 126.920406, 35.153169 ], [ 126.920427, 35.15314 ], [ 126.920437, 35.153143 ], [ 126.920495, 35.153068 ], [ 126.920449, 35.153043 ], [ 126.920428, 35.153069 ], [ 126.920398, 35.153057 ], [ 126.920394, 35.153068 ], [ 126.920358, 35.153052 ], [ 126.920344, 35.153068 ], [ 126.920334, 35.153064 ], [ 126.920298, 35.153112 ], [ 126.920351, 35.153139 ], [ 126.920352, 35.153136 ], [ 126.920381, 35.153152 ], [ 126.92038, 35.153155 ], [ 126.920406, 35.153169 ] ] ] ] } },
{ "type": "Feature", "properties": { "BUL_MAN_NO": 4250, "BULD_NM": null, "flo": 2.0, "h": 6.6 }, "geometry": { "type": "MultiPolygon", "coordinates": [ [ [ [ 126.920699, 35.153127 ], [ 126.920772, 35.153039 ], [ 126.920691, 35.153001 ], [ 126.920653, 35.153056 ], [ 126.920628, 35.153046 ], [ 126.920606, 35.153081 ], [ 126.920699, 35.153127 ] ] ] ] } },
{ "type": "Feature", "properties": { "BUL_MAN_NO": 4249, "BULD_NM": null, "flo": 1.0, "h": 3.3 }, "geometry": { "type": "MultiPolygon", "coordinates": [ [ [ [ 126.920776, 35.153022 ], [ 126.920723, 35.152995 ], [ 126.920715, 35.153009 ], [ 126.920766, 35.153035 ], [ 126.920776, 35.153022 ] ] ] ] } },
{ "type": "Feature", "properties": { "BUL_MAN_NO": 4231, "BULD_NM": null, "flo": 2.0, "h": 6.6 }, "geometry": { "type": "MultiPolygon", "coordinates": [ [ [ [ 126.920981, 35.152968 ], [ 126.920906, 35.152924 ], [ 126.920872, 35.152962 ], [ 126.920881, 35.152966 ], [ 126.920861, 35.152988 ], [ 126.920872, 35.152994 ], [ 126.920841, 35.153032 ], [ 126.920813, 35.153017 ], [ 126.920778, 35.153062 ], [ 126.920865, 35.153107 ], [ 126.920981, 35.152968 ] ] ] ] } },
{ "type": "Feature", "properties": { "BUL_MAN_NO": 4252, "BULD_NM": null, "flo": 1.0, "h": 3.3 }, "geometry": { "type": "MultiPolygon", "coordinates": [ [ [ [ 126.920498, 35.152998 ], [ 126.920555, 35.152937 ], [ 126.92048, 35.15289 ], [ 126.920444, 35.152925 ], [ 126.920461, 35.152937 ], [ 126.92044, 35.152963 ], [ 126.920422, 35.152948 ], [ 126.920391, 35.152984 ], [ 126.920471, 35.153038 ], [ 126.920506, 35.153004 ], [ 126.920498, 35.152998 ] ] ] ] } },
{ "type": "Feature", "properties": { "BUL_MAN_NO": 4242, "BULD_NM": null, "flo": 1.0, "h": 3.3 }, "geometry": { "type": "MultiPolygon", "coordinates": [ [ [ [ 126.920673, 35.152813 ], [ 126.920639, 35.152789 ], [ 126.920562, 35.152861 ], [ 126.92064, 35.152911 ], [ 126.920672, 35.152878 ], [ 126.920658, 35.152861 ], [ 126.920689, 35.152829 ], [ 126.920673, 35.152813 ] ] ] ] } },
{ "type": "Feature", "properties": { "BUL_MAN_NO": 4243, "BULD_NM": null, "flo": 1.0, "h": 3.3 }, "geometry": { "type": "MultiPolygon", "coordinates": [ [ [ [ 126.920694, 35.152902 ], [ 126.920674, 35.15289 ], [ 126.920648, 35.152919 ], [ 126.920663, 35.152929 ], [ 126.920666, 35.152925 ], [ 126.920676, 35.152922 ], [ 126.920694, 35.152902 ] ] ] ] } },
{ "type": "Feature", "properties": { "BUL_MAN_NO": 4254, "BULD_NM": null, "flo": 2.0, "h": 6.6 }, "geometry": { "type": "MultiPolygon", "coordinates": [ [ [ [ 126.920893, 35.152905 ], [ 126.92082, 35.152859 ], [ 126.92074, 35.152945 ], [ 126.920813, 35.152991 ], [ 126.920893, 35.152905 ] ] ] ] } },
{ "type": "Feature", "properties": { "BUL_MAN_NO": 4235, "BULD_NM": null, "flo": 1.0, "h": 3.3 }, "geometry": { "type": "MultiPolygon", "coordinates": [ [ [ [ 126.921056, 35.15295 ], [ 126.920982, 35.152932 ], [ 126.920973, 35.152944 ], [ 126.921032, 35.152983 ], [ 126.921056, 35.15295 ] ] ] ] } },
{ "type": "Feature", "properties": { "BUL_MAN_NO": 4236, "BULD_NM": null, "flo": 1.0, "h": 3.3 }, "geometry": { "type": "MultiPolygon", "coordinates": [ [ [ [ 126.921083, 35.152893 ], [ 126.920958, 35.152865 ], [ 126.92094, 35.152922 ], [ 126.921054, 35.152939 ], [ 126.921083, 35.152893 ] ] ] ] } },
{ "type": "Feature", "properties": { "BUL_MAN_NO": 4241, "BULD_NM": null, "flo": 1.0, "h": 3.3 }, "geometry": { "type": "MultiPolygon", "coordinates": [ [ [ [ 126.920765, 35.152728 ], [ 126.920723, 35.152699 ], [ 126.920641, 35.152776 ], [ 126.920727, 35.152835 ], [ 126.92076, 35.152799 ], [ 126.92072, 35.152771 ], [ 126.920765, 35.152728 ] ] ] ] } },
{ "type": "Feature", "properties": { "BUL_MAN_NO": 35628, "BULD_NM": null, "flo": 2.0, "h": 6.6 }, "geometry": { "type": "MultiPolygon", "coordinates": [ [ [ [ 126.920947, 35.15274 ], [ 126.921002, 35.152775 ], [ 126.921064, 35.15271 ], [ 126.92104, 35.152695 ], [ 126.920999, 35.152696 ], [ 126.920947, 35.15274 ] ] ] ] } },
{ "type": "Feature", "properties": { "BUL_MAN_NO": 4238, "BULD_NM": null, "flo": 2.0, "h": 6.6 }, "geometry": { "type": "MultiPolygon", "coordinates": [ [ [ [ 126.920847, 35.152629 ], [ 126.920825, 35.152614 ], [ 126.920745, 35.152699 ], [ 126.920789, 35.152737 ], [ 126.920827, 35.152701 ], [ 126.920814, 35.152689 ], [ 126.920816, 35.152683 ], [ 126.92082, 35.152677 ], [ 126.920808, 35.152668 ], [ 126.920847, 35.152629 ] ] ] ] } },
{ "type": "Feature", "properties": { "BUL_MAN_NO": 4237, "BULD_NM": null, "flo": 1.0, "h": 3.3 }, "geometry": { "type": "MultiPolygon", "coordinates": [ [ [ [ 126.920898, 35.15259 ], [ 126.92087, 35.152571 ], [ 126.920831, 35.15261 ], [ 126.920894, 35.152651 ], [ 126.920898, 35.15259 ] ] ] ] } },
{ "type": "Feature", "properties": { "BUL_MAN_NO": 4285, "BULD_NM": null, "flo": 1.0, "h": 3.3 }, "geometry": { "type": "MultiPolygon", "coordinates": [ [ [ [ 126.923491, 35.151507 ], [ 126.92347, 35.151441 ], [ 126.923364, 35.151471 ], [ 126.923353, 35.151488 ], [ 126.923374, 35.151539 ], [ 126.923491, 35.151507 ] ] ] ] } },
{ "type": "Feature", "properties": { "BUL_MAN_NO": 37107, "BULD_NM": null, "flo": 1.0, "h": 3.3 }, "geometry": { "type": "MultiPolygon", "coordinates": [ [ [ [ 126.923376, 35.151545 ], [ 126.923374, 35.151541 ], [ 126.923402, 35.151533 ], [ 126.923403, 35.151537 ], [ 126.923376, 35.151545 ] ] ] ] } },
{ "type": "Feature", "properties": { "BUL_MAN_NO": 4281, "BULD_NM": null, "flo": 2.0, "h": 6.6 }, "geometry": { "type": "MultiPolygon", "coordinates": [ [ [ [ 126.923146, 35.151598 ], [ 126.923122, 35.151534 ], [ 126.923002, 35.151566 ], [ 126.923029, 35.151629 ], [ 126.923146, 35.151598 ] ] ] ] } },
{ "type": "Feature", "properties": { "BUL_MAN_NO": 4280, "BULD_NM": null, "flo": 1.0, "h": 3.3 }, "geometry": { "type": "MultiPolygon", "coordinates": [ [ [ [ 126.92318, 35.151681 ], [ 126.923165, 35.151636 ], [ 126.923087, 35.151657 ], [ 126.923079, 35.151636 ], [ 126.923036, 35.15165 ], [ 126.923063, 35.151711 ], [ 126.92318, 35.151681 ] ] ] ] } },
{ "type": "Feature", "properties": { "BUL_MAN_NO": 37080, "BULD_NM": null, "flo": 1.0, "h": 3.3 }, "geometry": { "type": "MultiPolygon", "coordinates": [ [ [ [ 126.923162, 35.151692 ], [ 126.92316, 35.151688 ], [ 126.92318, 35.151682 ], [ 126.923181, 35.151687 ], [ 126.923181, 35.151687 ], [ 126.923162, 35.151692 ] ] ] ] } },
{ "type": "Feature", "properties": { "BUL_MAN_NO": 37079, "BULD_NM": null, "flo": 1.0, "h": 3.3 }, "geometry": { "type": "MultiPolygon", "coordinates": [ [ [ [ 126.923036, 35.151648 ], [ 126.923034, 35.151643 ], [ 126.923054, 35.151638 ], [ 126.923055, 35.151642 ], [ 126.923055, 35.151643 ], [ 126.923036, 35.151648 ] ] ] ] } },
{ "type": "Feature", "properties": { "BUL_MAN_NO": 37081, "BULD_NM": null, "flo": 1.0, "h": 3.3 }, "geometry": { "type": "MultiPolygon", "coordinates": [ [ [ [ 126.923105, 35.15163 ], [ 126.923102, 35.151624 ], [ 126.923157, 35.15161 ], [ 126.92316, 35.151617 ], [ 126.923105, 35.15163 ] ] ] ] } },
{ "type": "Feature", "properties": { "BUL_MAN_NO": 4270, "BULD_NM": null, "flo": 1.0, "h": 3.3 }, "geometry": { "type": "MultiPolygon", "coordinates": [ [ [ [ 126.923234, 35.151772 ], [ 126.923214, 35.151719 ], [ 126.923119, 35.151743 ], [ 126.923111, 35.151723 ], [ 126.923068, 35.151734 ], [ 126.923099, 35.151804 ], [ 126.923234, 35.151772 ] ] ] ] } },
{ "type": "Feature", "properties": { "BUL_MAN_NO": 4286, "BULD_NM": null, "flo": 3.0, "h": 9.9 }, "geometry": { "type": "MultiPolygon", "coordinates": [ [ [ [ 126.922845, 35.151677 ], [ 126.922997, 35.151634 ], [ 126.922968, 35.151569 ], [ 126.922822, 35.15161 ], [ 126.92281, 35.151644 ], [ 126.92282, 35.15166 ], [ 126.922834, 35.151654 ], [ 126.922845, 35.151677 ] ] ] ] } },
{ "type": "Feature", "properties": { "BUL_MAN_NO": 28342, "BULD_NM": null, "flo": 1.0, "h": 3.3 }, "geometry": { "type": "MultiPolygon", "coordinates": [ [ [ [ 126.922627, 35.151781 ], [ 126.922743, 35.151751 ], [ 126.922713, 35.151698 ], [ 126.922638, 35.151662 ], [ 126.922562, 35.151688 ], [ 126.92261, 35.151788 ], [ 126.922627, 35.151781 ] ] ] ] } },
{ "type": "Feature", "properties": { "BUL_MAN_NO": 4283, "BULD_NM": null, "flo": 1.0, "h": 3.3 }, "geometry": { "type": "MultiPolygon", "coordinates": [ [ [ [ 126.922448, 35.151565 ], [ 126.922436, 35.151533 ], [ 126.922333, 35.151561 ], [ 126.922372, 35.151655 ], [ 126.922445, 35.151634 ], [ 126.922421, 35.151574 ], [ 126.922448, 35.151565 ] ] ] ] } },
{ "type": "Feature", "properties": { "BUL_MAN_NO": 36996, "BULD_NM": null, "flo": 1.0, "h": 3.3 }, "geometry": { "type": "MultiPolygon", "coordinates": [ [ [ [ 126.922446, 35.151594 ], [ 126.922437, 35.151574 ], [ 126.922449, 35.151571 ], [ 126.922457, 35.15159 ], [ 126.922446, 35.151594 ] ] ] ] } },
{ "type": "Feature", "properties": { "BUL_MAN_NO": 36995, "BULD_NM": null, "flo": 1.0, "h": 3.3 }, "geometry": { "type": "MultiPolygon", "coordinates": [ [ [ [ 126.922461, 35.151629 ], [ 126.922453, 35.151609 ], [ 126.922464, 35.151606 ], [ 126.922473, 35.151625 ], [ 126.922461, 35.151629 ] ] ] ] } },
{ "type": "Feature", "properties": { "BUL_MAN_NO": 4279, "BULD_NM": null, "flo": 1.0, "h": 3.3 }, "geometry": { "type": "MultiPolygon", "coordinates": [ [ [ [ 126.922573, 35.151758 ], [ 126.922552, 35.151708 ], [ 126.922465, 35.151732 ], [ 126.922451, 35.151706 ], [ 126.922404, 35.151719 ], [ 126.922435, 35.151795 ], [ 126.922573, 35.151758 ] ] ] ] } },
{ "type": "Feature", "properties": { "BUL_MAN_NO": 28040, "BULD_NM": null, "flo": 3.0, "h": 9.9 }, "geometry": { "type": "MultiPolygon", "coordinates": [ [ [ [ 126.922275, 35.151877 ], [ 126.922323, 35.151864 ], [ 126.922328, 35.151876 ], [ 126.922407, 35.151853 ], [ 126.922364, 35.151748 ], [ 126.922321, 35.15174 ], [ 126.922209, 35.151772 ], [ 126.922236, 35.151838 ], [ 126.92225, 35.151833 ], [ 126.922269, 35.151878 ], [ 126.922275, 35.151877 ] ] ] ] } },
{ "type": "Feature", "properties": { "BUL_MAN_NO": 37068, "BULD_NM": null, "flo": 1.0, "h": 3.3 }, "geometry": { "type": "MultiPolygon", "coordinates": [ [ [ [ 126.922168, 35.151793 ], [ 126.922164, 35.151783 ], [ 126.922186, 35.151777 ], [ 126.92219, 35.151787 ], [ 126.922168, 35.151793 ] ] ] ] } },
{ "type": "Feature", "properties": { "BUL_MAN_NO": 4277, "BULD_NM": null, "flo": 1.0, "h": 3.3 }, "geometry": { "type": "MultiPolygon", "coordinates": [ [ [ [ 126.922213, 35.151843 ], [ 126.922191, 35.151789 ], [ 126.922071, 35.151821 ], [ 126.922095, 35.151877 ], [ 126.922213, 35.151843 ] ] ] ] } },
{ "type": "Feature", "properties": { "BUL_MAN_NO": 37067, "BULD_NM": null, "flo": 1.0, "h": 3.3 }, "geometry": { "type": "MultiPolygon", "coordinates": [ [ [ [ 126.922071, 35.151821 ], [ 126.922066, 35.15181 ], [ 126.9221, 35.151801 ], [ 126.922104, 35.151811 ], [ 126.922071, 35.151821 ] ] ] ] } },
{ "type": "Feature", "properties": { "BUL_MAN_NO": 37070, "BULD_NM": null, "flo": 1.0, "h": 3.3 }, "geometry": { "type": "MultiPolygon", "coordinates": [ [ [ [ 126.922016, 35.151832 ], [ 126.922011, 35.151822 ], [ 126.922045, 35.151812 ], [ 126.922049, 35.151823 ], [ 126.922016, 35.151832 ] ] ] ] } },
{ "type": "Feature", "properties": { "BUL_MAN_NO": 37069, "BULD_NM": null, "flo": 1.0, "h": 3.3 }, "geometry": { "type": "MultiPolygon", "coordinates": [ [ [ [ 126.921959, 35.151919 ], [ 126.921918, 35.151883 ], [ 126.921928, 35.151851 ], [ 126.921959, 35.151919 ] ] ] ] } },
{ "type": "Feature", "properties": { "BUL_MAN_NO": 4278, "BULD_NM": null, "flo": 1.0, "h": 3.3 }, "geometry": { "type": "MultiPolygon", "coordinates": [ [ [ [ 126.922076, 35.151887 ], [ 126.922049, 35.151824 ], [ 126.921979, 35.151844 ], [ 126.921975, 35.151836 ], [ 126.921928, 35.15185 ], [ 126.921961, 35.15192 ], [ 126.922015, 35.151904 ], [ 126.922062, 35.15189 ], [ 126.922076, 35.151887 ] ] ] ] } },
{ "type": "Feature", "properties": { "BUL_MAN_NO": 37108, "BULD_NM": null, "flo": 1.0, "h": 3.3 }, "geometry": { "type": "MultiPolygon", "coordinates": [ [ [ [ 126.923763, 35.151904 ], [ 126.923752, 35.151876 ], [ 126.923773, 35.151872 ], [ 126.923783, 35.1519 ], [ 126.923782, 35.1519 ], [ 126.923763, 35.151904 ] ] ] ] } },
{ "type": "Feature", "properties": { "BUL_MAN_NO": 4304, "BULD_NM": null, "flo": 1.0, "h": 3.3 }, "geometry": { "type": "MultiPolygon", "coordinates": [ [ [ [ 126.923752, 35.151812 ], [ 126.923734, 35.15177 ], [ 126.923688, 35.151783 ], [ 126.923639, 35.151795 ], [ 126.923689, 35.151923 ], [ 126.923751, 35.15191 ], [ 126.923718, 35.151822 ], [ 126.923752, 35.151812 ] ] ] ] } },
{ "type": "Feature", "properties": { "BUL_MAN_NO": 4292, "BULD_NM": null, "flo": 2.0, "h": 6.6 }, "geometry": { "type": "MultiPolygon", "coordinates": [ [ [ [ 126.923845, 35.152126 ], [ 126.923826, 35.152061 ], [ 126.923757, 35.152077 ], [ 126.923755, 35.152069 ], [ 126.923697, 35.152083 ], [ 126.923718, 35.152155 ], [ 126.923845, 35.152126 ] ] ] ] } },
{ "type": "Feature", "properties": { "BUL_MAN_NO": 4294, "BULD_NM": null, "flo": 3.0, "h": 9.9 }, "geometry": { "type": "MultiPolygon", "coordinates": [ [ [ [ 126.923542, 35.151947 ], [ 126.92359, 35.151936 ], [ 126.923593, 35.151942 ], [ 126.923658, 35.151928 ], [ 126.923649, 35.151906 ], [ 126.923663, 35.151903 ], [ 126.923627, 35.151813 ], [ 126.923552, 35.151833 ], [ 126.923557, 35.151843 ], [ 126.923507, 35.151857 ], [ 126.923542, 35.151947 ] ] ] ] } },
{ "type": "Feature", "properties": { "BUL_MAN_NO": 4295, "BULD_NM": null, "flo": 3.0, "h": 9.9 }, "geometry": { "type": "MultiPolygon", "coordinates": [ [ [ [ 126.923475, 35.151952 ], [ 126.923442, 35.151856 ], [ 126.923309, 35.151889 ], [ 126.923342, 35.151991 ], [ 126.923463, 35.151964 ], [ 126.923475, 35.151952 ] ] ] ] } },
{ "type": "Feature", "properties": { "BUL_MAN_NO": 4293, "BULD_NM": null, "flo": 2.0, "h": 6.6 }, "geometry": { "type": "MultiPolygon", "coordinates": [ [ [ [ 126.923553, 35.152191 ], [ 126.923642, 35.152171 ], [ 126.923644, 35.152177 ], [ 126.923683, 35.152168 ], [ 126.923651, 35.152059 ], [ 126.9236, 35.15207 ], [ 126.923605, 35.152083 ], [ 126.92356, 35.152093 ], [ 126.923553, 35.152089 ], [ 126.923542, 35.152087 ], [ 126.923535, 35.152089 ], [ 126.923527, 35.152098 ], [ 126.923526, 35.152101 ], [ 126.923553, 35.152191 ] ] ] ] } },
{ "type": "Feature", "properties": { "BUL_MAN_NO": 37047, "BULD_NM": null, "flo": 1.0, "h": 3.3 }, "geometry": { "type": "MultiPolygon", "coordinates": [ [ [ [ 126.923297, 35.152003 ], [ 126.923294, 35.151993 ], [ 126.923321, 35.151987 ], [ 126.923324, 35.151998 ], [ 126.923297, 35.152003 ] ] ] ] } },
{ "type": "Feature", "properties": { "BUL_MAN_NO": 37046, "BULD_NM": null, "flo": 1.0, "h": 3.3 }, "geometry": { "type": "MultiPolygon", "coordinates": [ [ [ [ 126.92328, 35.151956 ], [ 126.923274, 35.151938 ], [ 126.923294, 35.151933 ], [ 126.9233, 35.151952 ], [ 126.9233, 35.151952 ], [ 126.92328, 35.151956 ] ] ] ] } },
{ "type": "Feature", "properties": { "BUL_MAN_NO": 4296, "BULD_NM": null, "flo": 1.0, "h": 3.3 }, "geometry": { "type": "MultiPolygon", "coordinates": [ [ [ [ 126.923287, 35.151931 ], [ 126.923271, 35.15189 ], [ 126.923185, 35.151914 ], [ 126.923225, 35.152017 ], [ 126.923293, 35.152004 ], [ 126.92327, 35.151936 ], [ 126.923287, 35.151931 ] ] ] ] } },
{ "type": "Feature", "properties": { "BUL_MAN_NO": 4303, "BULD_NM": null, "flo": 2.0, "h": 6.6 }, "geometry": { "type": "MultiPolygon", "coordinates": [ [ [ [ 126.923146, 35.152193 ], [ 126.923217, 35.152176 ], [ 126.923221, 35.152187 ], [ 126.923321, 35.152166 ], [ 126.923299, 35.152083 ], [ 126.923253, 35.152092 ], [ 126.923255, 35.152104 ], [ 126.923178, 35.152123 ], [ 126.92318, 35.152129 ], [ 126.923171, 35.152132 ], [ 126.923174, 35.152139 ], [ 126.923128, 35.152151 ], [ 126.923146, 35.152193 ] ] ] ] } },
{ "type": "Feature", "properties": { "BUL_MAN_NO": 4302, "BULD_NM": null, "flo": 3.0, "h": 9.9 }, "geometry": { "type": "MultiPolygon", "coordinates": [ [ [ [ 126.923213, 35.152011 ], [ 126.923176, 35.151917 ], [ 126.923048, 35.15195 ], [ 126.923044, 35.151952 ], [ 126.923069, 35.152014 ], [ 126.923099, 35.152006 ], [ 126.923106, 35.152027 ], [ 126.923123, 35.152033 ], [ 126.92314, 35.152029 ], [ 126.923139, 35.152026 ], [ 126.923213, 35.152011 ] ] ] ] } },
{ "type": "Feature", "properties": { "BUL_MAN_NO": 4287, "BULD_NM": null, "flo": 2.0, "h": 6.6 }, "geometry": { "type": "MultiPolygon", "coordinates": [ [ [ [ 126.922907, 35.152077 ], [ 126.922905, 35.152069 ], [ 126.922925, 35.152064 ], [ 126.922904, 35.152001 ], [ 126.922916, 35.151998 ], [ 126.922899, 35.151956 ], [ 126.9228, 35.151981 ], [ 126.922835, 35.152083 ], [ 126.922861, 35.152077 ], [ 126.922864, 35.152085 ], [ 126.922907, 35.152077 ] ] ] ] } },
{ "type": "Feature", "properties": { "BUL_MAN_NO": 4288, "BULD_NM": null, "flo": 2.0, "h": 6.6 }, "geometry": { "type": "MultiPolygon", "coordinates": [ [ [ [ 126.923067, 35.152221 ], [ 126.923049, 35.152173 ], [ 126.923042, 35.152175 ], [ 126.922983, 35.15219 ], [ 126.922976, 35.152176 ], [ 126.922921, 35.152186 ], [ 126.922914, 35.15217 ], [ 126.922881, 35.152177 ], [ 126.922904, 35.152255 ], [ 126.923067, 35.152221 ] ] ] ] } },
{ "type": "Feature", "properties": { "BUL_MAN_NO": 4299, "BULD_NM": null, "flo": 2.0, "h": 6.6 }, "geometry": { "type": "MultiPolygon", "coordinates": [ [ [ [ 126.922792, 35.152017 ], [ 126.922779, 35.151985 ], [ 126.922693, 35.152007 ], [ 126.922737, 35.152111 ], [ 126.922809, 35.152092 ], [ 126.922784, 35.152029 ], [ 126.922789, 35.152026 ], [ 126.922786, 35.152019 ], [ 126.922792, 35.152017 ] ] ] ] } },
{ "type": "Feature", "properties": { "BUL_MAN_NO": 37071, "BULD_NM": null, "flo": 1.0, "h": 3.3 }, "geometry": { "type": "MultiPolygon", "coordinates": [ [ [ [ 126.922794, 35.152015 ], [ 126.922787, 35.151997 ], [ 126.922797, 35.151994 ], [ 126.922804, 35.152013 ], [ 126.922794, 35.152015 ] ] ] ] } },
{ "type": "Feature", "properties": { "BUL_MAN_NO": 4300, "BULD_NM": null, "flo": 1.0, "h": 3.3 }, "geometry": { "type": "MultiPolygon", "coordinates": [ [ [ [ 126.922881, 35.152259 ], [ 126.922864, 35.152208 ], [ 126.922802, 35.152221 ], [ 126.922795, 35.152199 ], [ 126.922744, 35.152208 ], [ 126.922767, 35.152282 ], [ 126.922881, 35.152259 ] ] ] ] } },
{ "type": "Feature", "properties": { "BUL_MAN_NO": 37073, "BULD_NM": null, "flo": 1.0, "h": 3.3 }, "geometry": { "type": "MultiPolygon", "coordinates": [ [ [ [ 126.922822, 35.152192 ], [ 126.922819, 35.152183 ], [ 126.922854, 35.152175 ], [ 126.922857, 35.152184 ], [ 126.922822, 35.152192 ] ] ] ] } },
{ "type": "Feature", "properties": { "BUL_MAN_NO": 37072, "BULD_NM": null, "flo": 1.0, "h": 3.3 }, "geometry": { "type": "MultiPolygon", "coordinates": [ [ [ [ 126.922744, 35.152207 ], [ 126.922741, 35.152198 ], [ 126.922776, 35.15219 ], [ 126.922779, 35.152199 ], [ 126.922744, 35.152207 ] ] ] ] } },
{ "type": "Feature", "properties": { "BUL_MAN_NO": 4297, "BULD_NM": null, "flo": 4.0, "h": 13.2 }, "geometry": { "type": "MultiPolygon", "coordinates": [ [ [ [ 126.922448, 35.152169 ], [ 126.922537, 35.15215 ], [ 126.922517, 35.152087 ], [ 126.922513, 35.152088 ], [ 126.922503, 35.152054 ], [ 126.922494, 35.152055 ], [ 126.922439, 35.152069 ], [ 126.922441, 35.152072 ], [ 126.92238, 35.152085 ], [ 126.922399, 35.152153 ], [ 126.9224, 35.152152 ], [ 126.922409, 35.152178 ], [ 126.922449, 35.15217 ], [ 126.922448, 35.152169 ] ] ] ] } },
{ "type": "Feature", "properties": { "BUL_MAN_NO": 4289, "BULD_NM": null, "flo": 1.0, "h": 3.3 }, "geometry": { "type": "MultiPolygon", "coordinates": [ [ [ [ 126.922715, 35.152291 ], [ 126.9227, 35.15224 ], [ 126.922599, 35.152264 ], [ 126.92259, 35.152239 ], [ 126.922547, 35.15225 ], [ 126.92257, 35.15232 ], [ 126.922715, 35.152291 ] ] ] ] } },
{ "type": "Feature", "properties": { "BUL_MAN_NO": 37025, "BULD_NM": null, "flo": 1.0, "h": 3.3 }, "geometry": { "type": "MultiPolygon", "coordinates": [ [ [ [ 126.922677, 35.15223 ], [ 126.922673, 35.152216 ], [ 126.922688, 35.152212 ], [ 126.922693, 35.152227 ], [ 126.922677, 35.15223 ] ] ] ] } },
{ "type": "Feature", "properties": { "BUL_MAN_NO": 4298, "BULD_NM": null, "flo": 2.0, "h": 6.6 }, "geometry": { "type": "MultiPolygon", "coordinates": [ [ [ [ 126.922355, 35.152131 ], [ 126.922342, 35.152104 ], [ 126.922228, 35.152133 ], [ 126.922251, 35.152188 ], [ 126.922308, 35.152202 ], [ 126.922357, 35.152186 ], [ 126.922339, 35.152136 ], [ 126.922355, 35.152131 ] ] ] ] } },
{ "type": "Feature", "properties": { "BUL_MAN_NO": 37055, "BULD_NM": null, "flo": 1.0, "h": 3.3 }, "geometry": { "type": "MultiPolygon", "coordinates": [ [ [ [ 126.922211, 35.152163 ], [ 126.922189, 35.152144 ], [ 126.92221, 35.152139 ], [ 126.922219, 35.15216 ], [ 126.922211, 35.152163 ] ] ] ] } },
{ "type": "Feature", "properties": { "BUL_MAN_NO": 4290, "BULD_NM": null, "flo": 1.0, "h": 3.3 }, "geometry": { "type": "MultiPolygon", "coordinates": [ [ [ [ 126.922542, 35.152326 ], [ 126.922525, 35.152258 ], [ 126.922487, 35.152266 ], [ 126.922493, 35.152289 ], [ 126.92239, 35.152311 ], [ 126.922404, 35.152353 ], [ 126.922542, 35.152326 ] ] ] ] } },
{ "type": "Feature", "properties": { "BUL_MAN_NO": 37026, "BULD_NM": null, "flo": 1.0, "h": 3.3 }, "geometry": { "type": "MultiPolygon", "coordinates": [ [ [ [ 126.922487, 35.152262 ], [ 126.922485, 35.15225 ], [ 126.92252, 35.152243 ], [ 126.922523, 35.152254 ], [ 126.922487, 35.152262 ] ] ] ] } },
{ "type": "Feature", "properties": { "BUL_MAN_NO": 37027, "BULD_NM": null, "flo": 1.0, "h": 3.3 }, "geometry": { "type": "MultiPolygon", "coordinates": [ [ [ [ 126.922408, 35.152282 ], [ 126.922404, 35.152268 ], [ 126.922419, 35.152264 ], [ 126.922424, 35.152279 ], [ 126.922408, 35.152282 ] ] ] ] } },
{ "type": "Feature", "properties": { "BUL_MAN_NO": 4313, "BULD_NM": null, "flo": 2.0, "h": 6.6 }, "geometry": { "type": "MultiPolygon", "coordinates": [ [ [ [ 126.924229, 35.152794 ], [ 126.924187, 35.152675 ], [ 126.924039, 35.152708 ], [ 126.924089, 35.152838 ], [ 126.924229, 35.152794 ] ] ] ] } },
{ "type": "Feature", "properties": { "BUL_MAN_NO": 4308, "BULD_NM": null, "flo": 3.0, "h": 9.9 }, "geometry": { "type": "MultiPolygon", "coordinates": [ [ [ [ 126.92399, 35.152596 ], [ 126.92395, 35.152463 ], [ 126.923818, 35.152492 ], [ 126.92386, 35.152626 ], [ 126.92399, 35.152596 ] ] ] ] } },
{ "type": "Feature", "properties": { "BUL_MAN_NO": 4315, "BULD_NM": null, "flo": 1.0, "h": 3.3 }, "geometry": { "type": "MultiPolygon", "coordinates": [ [ [ [ 126.924047, 35.152765 ], [ 126.924028, 35.152717 ], [ 126.923954, 35.152733 ], [ 126.923949, 35.15272 ], [ 126.923906, 35.152731 ], [ 126.923931, 35.152795 ], [ 126.924047, 35.152765 ] ] ] ] } },
{ "type": "Feature", "properties": { "BUL_MAN_NO": 37150, "BULD_NM": null, "flo": 1.0, "h": 3.3 }, "geometry": { "type": "MultiPolygon", "coordinates": [ [ [ [ 126.923984, 35.152718 ], [ 126.923981, 35.152713 ], [ 126.924001, 35.152707 ], [ 126.924004, 35.152712 ], [ 126.923984, 35.152718 ] ] ] ] } },
{ "type": "Feature", "properties": { "BUL_MAN_NO": 4309, "BULD_NM": null, "flo": 3.0, "h": 9.9 }, "geometry": { "type": "MultiPolygon", "coordinates": [ [ [ [ 126.923851, 35.152638 ], [ 126.923834, 35.152581 ], [ 126.923818, 35.152585 ], [ 126.923816, 35.15258 ], [ 126.923745, 35.152597 ], [ 126.923742, 35.152585 ], [ 126.923688, 35.152596 ], [ 126.923712, 35.152669 ], [ 126.923851, 35.152638 ] ] ] ] } },
{ "type": "Feature", "properties": { "BUL_MAN_NO": 4310, "BULD_NM": null, "flo": 1.0, "h": 3.3 }, "geometry": { "type": "MultiPolygon", "coordinates": [ [ [ [ 126.923657, 35.152677 ], [ 126.923614, 35.152551 ], [ 126.923479, 35.152577 ], [ 126.923492, 35.152625 ], [ 126.923491, 35.152626 ], [ 126.923517, 35.152708 ], [ 126.923601, 35.15269 ], [ 126.923657, 35.152677 ] ] ] ] } },
{ "type": "Feature", "properties": { "BUL_MAN_NO": 4317, "BULD_NM": "동명빌라", "flo": 3.0, "h": 9.9 }, "geometry": { "type": "MultiPolygon", "coordinates": [ [ [ [ 126.923724, 35.152889 ], [ 126.923692, 35.15279 ], [ 126.923395, 35.152861 ], [ 126.923427, 35.152933 ], [ 126.923416, 35.152941 ], [ 126.923425, 35.152964 ], [ 126.923724, 35.152889 ] ] ] ] } },
{ "type": "Feature", "properties": { "BUL_MAN_NO": 4318, "BULD_NM": "동명빌라", "flo": 3.0, "h": 9.9 }, "geometry": { "type": "MultiPolygon", "coordinates": [ [ [ [ 126.923403, 35.153011 ], [ 126.923398, 35.152997 ], [ 126.923394, 35.152999 ], [ 126.923389, 35.152986 ], [ 126.923338, 35.153 ], [ 126.923348, 35.153026 ], [ 126.923403, 35.153011 ] ] ] ] } },
{ "type": "Feature", "properties": { "BUL_MAN_NO": 4314, "BULD_NM": "동명파크맨션", "flo": 6.0, "h": 19.8 }, "geometry": { "type": "MultiPolygon", "coordinates": [ [ [ [ 126.923253, 35.152897 ], [ 126.923235, 35.152891 ], [ 126.922753, 35.153002 ], [ 126.922779, 35.153082 ], [ 126.922809, 35.153096 ], [ 126.923052, 35.15304 ], [ 126.923051, 35.153034 ], [ 126.92328, 35.15298 ], [ 126.923253, 35.152897 ] ] ] ] } },
{ "type": "Feature", "properties": { "BUL_MAN_NO": 37147, "BULD_NM": "동명파크맨션", "flo": 1.0, "h": 3.3 }, "geometry": { "type": "MultiPolygon", "coordinates": [ [ [ [ 126.922686, 35.153042 ], [ 126.92268, 35.153015 ], [ 126.922721, 35.153005 ], [ 126.92273, 35.153032 ], [ 126.922686, 35.153042 ] ] ] ] } },
{ "type": "Feature", "properties": { "BUL_MAN_NO": 4307, "BULD_NM": null, "flo": 3.0, "h": 9.9 }, "geometry": { "type": "MultiPolygon", "coordinates": [ [ [ [ 126.922724, 35.152878 ], [ 126.922707, 35.152838 ], [ 126.9227, 35.152841 ], [ 126.922687, 35.152817 ], [ 126.922579, 35.152841 ], [ 126.922594, 35.152893 ], [ 126.922648, 35.152914 ], [ 126.922721, 35.152895 ], [ 126.922716, 35.152881 ], [ 126.922724, 35.152878 ] ] ] ] } },
{ "type": "Feature", "properties": { "BUL_MAN_NO": 37139, "BULD_NM": null, "flo": 1.0, "h": 3.3 }, "geometry": { "type": "MultiPolygon", "coordinates": [ [ [ [ 126.924111, 35.152965 ], [ 126.924105, 35.15295 ], [ 126.924121, 35.152946 ], [ 126.924126, 35.152961 ], [ 126.924111, 35.152965 ] ] ] ] } },
{ "type": "Feature", "properties": { "BUL_MAN_NO": 4323, "BULD_NM": null, "flo": 2.0, "h": 6.6 }, "geometry": { "type": "MultiPolygon", "coordinates": [ [ [ [ 126.924098, 35.152898 ], [ 126.924082, 35.152856 ], [ 126.923967, 35.152886 ], [ 126.924008, 35.152988 ], [ 126.924091, 35.152967 ], [ 126.924088, 35.152955 ], [ 126.924099, 35.152952 ], [ 126.924081, 35.152903 ], [ 126.924098, 35.152898 ] ] ] ] } },
{ "type": "Feature", "properties": { "BUL_MAN_NO": 34672, "BULD_NM": null, "flo": 1.0, "h": 3.3 }, "geometry": { "type": "MultiPolygon", "coordinates": [ [ [ [ 126.924092, 35.15311 ], [ 126.924166, 35.153089 ], [ 126.924143, 35.153047 ], [ 126.924071, 35.153056 ], [ 126.92409, 35.153109 ], [ 126.924092, 35.15311 ] ] ] ] } },
{ "type": "Feature", "properties": { "BUL_MAN_NO": 4320, "BULD_NM": null, "flo": 3.0, "h": 9.9 }, "geometry": { "type": "MultiPolygon", "coordinates": [ [ [ [ 126.923981, 35.152981 ], [ 126.92394, 35.152895 ], [ 126.92385, 35.152919 ], [ 126.923886, 35.153003 ], [ 126.923981, 35.152981 ] ] ] ] } },
{ "type": "Feature", "properties": { "BUL_MAN_NO": 4342, "BULD_NM": null, "flo": 1.0, "h": 3.3 }, "geometry": { "type": "MultiPolygon", "coordinates": [ [ [ [ 126.924036, 35.153074 ], [ 126.924027, 35.153048 ], [ 126.923955, 35.153064 ], [ 126.923964, 35.153097 ], [ 126.924036, 35.153074 ] ] ] ] } },
{ "type": "Feature", "properties": { "BUL_MAN_NO": 4343, "BULD_NM": null, "flo": 1.0, "h": 3.3 }, "geometry": { "type": "MultiPolygon", "coordinates": [ [ [ [ 126.924072, 35.153129 ], [ 126.92405, 35.153085 ], [ 126.923975, 35.153117 ], [ 126.924001, 35.153165 ], [ 126.924072, 35.153129 ] ] ] ] } },
{ "type": "Feature", "properties": { "BUL_MAN_NO": 4340, "BULD_NM": null, "flo": 1.0, "h": 3.3 }, "geometry": { "type": "MultiPolygon", "coordinates": [ [ [ [ 126.923896, 35.153222 ], [ 126.923988, 35.153178 ], [ 126.923961, 35.153144 ], [ 126.923952, 35.153122 ], [ 126.923888, 35.153146 ], [ 126.923899, 35.153169 ], [ 126.923867, 35.153179 ], [ 126.923896, 35.153222 ] ] ] ] } },
{ "type": "Feature", "properties": { "BUL_MAN_NO": 4341, "BULD_NM": null, "flo": 1.0, "h": 3.3 }, "geometry": { "type": "MultiPolygon", "coordinates": [ [ [ [ 126.923954, 35.153097 ], [ 126.923946, 35.153065 ], [ 126.923855, 35.153084 ], [ 126.923871, 35.15313 ], [ 126.923895, 35.153125 ], [ 126.923891, 35.153112 ], [ 126.923954, 35.153097 ] ] ] ] } },
{ "type": "Feature", "properties": { "BUL_MAN_NO": 4326, "BULD_NM": null, "flo": 1.0, "h": 3.3 }, "geometry": { "type": "MultiPolygon", "coordinates": [ [ [ [ 126.923857, 35.15302 ], [ 126.923848, 35.152996 ], [ 126.92379, 35.153009 ], [ 126.923761, 35.15294 ], [ 126.923708, 35.152957 ], [ 126.923748, 35.153048 ], [ 126.923857, 35.15302 ] ] ] ] } },
{ "type": "Feature", "properties": { "BUL_MAN_NO": 4325, "BULD_NM": null, "flo": 1.0, "h": 3.3 }, "geometry": { "type": "MultiPolygon", "coordinates": [ [ [ [ 126.92384, 35.152987 ], [ 126.923813, 35.152923 ], [ 126.923772, 35.152936 ], [ 126.9238, 35.152999 ], [ 126.92384, 35.152987 ] ] ] ] } },
{ "type": "Feature", "properties": { "BUL_MAN_NO": 4329, "BULD_NM": null, "flo": 1.0, "h": 3.3 }, "geometry": { "type": "MultiPolygon", "coordinates": [ [ [ [ 126.923724, 35.153057 ], [ 126.923711, 35.153028 ], [ 126.92366, 35.153043 ], [ 126.923671, 35.153071 ], [ 126.923724, 35.153057 ] ] ] ] } },
{ "type": "Feature", "properties": { "BUL_MAN_NO": 4328, "BULD_NM": null, "flo": 1.0, "h": 3.3 }, "geometry": { "type": "MultiPolygon", "coordinates": [ [ [ [ 126.923699, 35.153004 ], [ 126.923682, 35.152957 ], [ 126.923632, 35.15297 ], [ 126.923651, 35.153018 ], [ 126.923699, 35.153004 ] ] ] ] } },
{ "type": "Feature", "properties": { "BUL_MAN_NO": 4327, "BULD_NM": null, "flo": 1.0, "h": 3.3 }, "geometry": { "type": "MultiPolygon", "coordinates": [ [ [ [ 126.923656, 35.153073 ], [ 126.92362, 35.152974 ], [ 126.923573, 35.152987 ], [ 126.923613, 35.153085 ], [ 126.923656, 35.153073 ] ] ] ] } },
{ "type": "Feature", "properties": { "BUL_MAN_NO": 4337, "BULD_NM": null, "flo": 2.0, "h": 6.6 }, "geometry": { "type": "MultiPolygon", "coordinates": [ [ [ [ 126.923862, 35.15316 ], [ 126.923832, 35.153094 ], [ 126.923761, 35.15311 ], [ 126.923792, 35.153192 ], [ 126.923783, 35.153195 ], [ 126.923811, 35.153255 ], [ 126.923877, 35.153225 ], [ 126.923848, 35.153167 ], [ 126.923862, 35.15316 ] ] ] ] } },
{ "type": "Feature", "properties": { "BUL_MAN_NO": 4330, "BULD_NM": null, "flo": 1.0, "h": 3.3 }, "geometry": { "type": "MultiPolygon", "coordinates": [ [ [ [ 126.923595, 35.153093 ], [ 126.923583, 35.15306 ], [ 126.923536, 35.153072 ], [ 126.92352, 35.15303 ], [ 126.923565, 35.153017 ], [ 126.923552, 35.152987 ], [ 126.923445, 35.15302 ], [ 126.923487, 35.153122 ], [ 126.923595, 35.153093 ] ] ] ] } },
{ "type": "Feature", "properties": { "BUL_MAN_NO": 4349, "BULD_NM": null, "flo": 2.0, "h": 6.6 }, "geometry": { "type": "MultiPolygon", "coordinates": [ [ [ [ 126.923608, 35.153279 ], [ 126.923568, 35.153189 ], [ 126.923516, 35.153204 ], [ 126.923523, 35.153221 ], [ 126.923482, 35.153233 ], [ 126.923488, 35.153246 ], [ 126.923465, 35.153254 ], [ 126.923497, 35.153313 ], [ 126.923608, 35.153279 ] ] ] ] } },
{ "type": "Feature", "properties": { "BUL_MAN_NO": 37148, "BULD_NM": null, "flo": 1.0, "h": 3.3 }, "geometry": { "type": "MultiPolygon", "coordinates": [ [ [ [ 126.92339, 35.153137 ], [ 126.923385, 35.153127 ], [ 126.923413, 35.15312 ], [ 126.923416, 35.153131 ], [ 126.92339, 35.153137 ] ] ] ] } },
{ "type": "Feature", "properties": { "BUL_MAN_NO": 37149, "BULD_NM": null, "flo": 1.0, "h": 3.3 }, "geometry": { "type": "MultiPolygon", "coordinates": [ [ [ [ 126.923366, 35.153107 ], [ 126.923342, 35.153048 ], [ 126.923368, 35.15304 ], [ 126.923391, 35.1531 ], [ 126.923366, 35.153107 ] ] ] ] } },
{ "type": "Feature", "properties": { "BUL_MAN_NO": 4336, "BULD_NM": null, "flo": 1.0, "h": 3.3 }, "geometry": { "type": "MultiPolygon", "coordinates": [ [ [ [ 126.923462, 35.153121 ], [ 126.923425, 35.153025 ], [ 126.923372, 35.153038 ], [ 126.923385, 35.153073 ], [ 126.923403, 35.153068 ], [ 126.923424, 35.153129 ], [ 126.923462, 35.153121 ] ] ] ] } },
{ "type": "Feature", "properties": { "BUL_MAN_NO": 4334, "BULD_NM": null, "flo": 1.0, "h": 3.3 }, "geometry": { "type": "MultiPolygon", "coordinates": [ [ [ [ 126.923338, 35.153093 ], [ 126.923324, 35.153053 ], [ 126.923223, 35.153081 ], [ 126.92326, 35.153175 ], [ 126.923335, 35.153156 ], [ 126.923314, 35.1531 ], [ 126.923338, 35.153093 ] ] ] ] } },
{ "type": "Feature", "properties": { "BUL_MAN_NO": 37146, "BULD_NM": null, "flo": 1.0, "h": 3.3 }, "geometry": { "type": "MultiPolygon", "coordinates": [ [ [ [ 126.92334, 35.15315 ], [ 126.92333, 35.153123 ], [ 126.92335, 35.153117 ], [ 126.923361, 35.153145 ], [ 126.92334, 35.15315 ] ] ] ] } },
{ "type": "Feature", "properties": { "BUL_MAN_NO": 4322, "BULD_NM": null, "flo": 1.0, "h": 3.3 }, "geometry": { "type": "MultiPolygon", "coordinates": [ [ [ [ 126.923451, 35.153246 ], [ 126.923434, 35.15321 ], [ 126.923327, 35.153247 ], [ 126.923382, 35.153351 ], [ 126.923485, 35.153318 ], [ 126.923469, 35.153284 ], [ 126.923449, 35.153291 ], [ 126.923431, 35.153252 ], [ 126.923451, 35.153246 ] ] ] ] } },
{ "type": "Feature", "properties": { "BUL_MAN_NO": 4372, "BULD_NM": null, "flo": 1.0, "h": 3.3 }, "geometry": { "type": "MultiPolygon", "coordinates": [ [ [ [ 126.92334, 35.153322 ], [ 126.92332, 35.153279 ], [ 126.923257, 35.153307 ], [ 126.923249, 35.153294 ], [ 126.92321, 35.153312 ], [ 126.923227, 35.153339 ], [ 126.923242, 35.153361 ], [ 126.923315, 35.153332 ], [ 126.92334, 35.153322 ] ] ] ] } },
{ "type": "Feature", "properties": { "BUL_MAN_NO": 4355, "BULD_NM": null, "flo": 1.0, "h": 3.3 }, "geometry": { "type": "MultiPolygon", "coordinates": [ [ [ [ 126.923389, 35.153387 ], [ 126.923361, 35.153338 ], [ 126.923305, 35.153364 ], [ 126.923295, 35.15335 ], [ 126.92325, 35.15337 ], [ 126.923287, 35.153429 ], [ 126.923389, 35.153387 ] ] ] ] } },
{ "type": "Feature", "properties": { "BUL_MAN_NO": 37144, "BULD_NM": null, "flo": 1.0, "h": 3.3 }, "geometry": { "type": "MultiPolygon", "coordinates": [ [ [ [ 126.923236, 35.153185 ], [ 126.923228, 35.153166 ], [ 126.923243, 35.153162 ], [ 126.92325, 35.153181 ], [ 126.923236, 35.153185 ] ] ] ] } },
{ "type": "Feature", "properties": { "BUL_MAN_NO": 37145, "BULD_NM": null, "flo": 1.0, "h": 3.3 }, "geometry": { "type": "MultiPolygon", "coordinates": [ [ [ [ 126.923184, 35.153202 ], [ 126.923181, 35.153195 ], [ 126.923215, 35.153186 ], [ 126.923217, 35.153194 ], [ 126.923184, 35.153202 ] ] ] ] } },
{ "type": "Feature", "properties": { "BUL_MAN_NO": 4333, "BULD_NM": null, "flo": 2.0, "h": 6.6 }, "geometry": { "type": "MultiPolygon", "coordinates": [ [ [ [ 126.923218, 35.153123 ], [ 126.923202, 35.153087 ], [ 126.923111, 35.15311 ], [ 126.923148, 35.153209 ], [ 126.92318, 35.1532 ], [ 126.923176, 35.153193 ], [ 126.923214, 35.153185 ], [ 126.923205, 35.153163 ], [ 126.923223, 35.153158 ], [ 126.92321, 35.153125 ], [ 126.923218, 35.153123 ] ] ] ] } },
{ "type": "Feature", "properties": { "BUL_MAN_NO": 37123, "BULD_NM": null, "flo": 1.0, "h": 3.3 }, "geometry": { "type": "MultiPolygon", "coordinates": [ [ [ [ 126.92311, 35.153332 ], [ 126.9231, 35.153327 ], [ 126.923107, 35.153319 ], [ 126.923116, 35.153325 ], [ 126.92311, 35.153332 ] ] ] ] } },
{ "type": "Feature", "properties": { "BUL_MAN_NO": 4321, "BULD_NM": null, "flo": 2.0, "h": 6.6 }, "geometry": { "type": "MultiPolygon", "coordinates": [ [ [ [ 126.923109, 35.153334 ], [ 126.923071, 35.153314 ], [ 126.923009, 35.153329 ], [ 126.923005, 35.153335 ], [ 126.922988, 35.15335 ], [ 126.922967, 35.153372 ], [ 126.923016, 35.15339 ], [ 126.92307, 35.153397 ], [ 126.923109, 35.153334 ] ] ] ] } },
{ "type": "Feature", "properties": { "BUL_MAN_NO": 4362, "BULD_NM": null, "flo": 2.0, "h": 6.6 }, "geometry": { "type": "MultiPolygon", "coordinates": [ [ [ [ 126.922907, 35.153398 ], [ 126.92283, 35.153362 ], [ 126.922769, 35.153374 ], [ 126.92275, 35.153401 ], [ 126.922857, 35.153456 ], [ 126.922907, 35.153398 ] ] ] ] } },
{ "type": "Feature", "properties": { "BUL_MAN_NO": 4364, "BULD_NM": null, "flo": 1.0, "h": 3.3 }, "geometry": { "type": "MultiPolygon", "coordinates": [ [ [ [ 126.922492, 35.153413 ], [ 126.922445, 35.153411 ], [ 126.922434, 35.153424 ], [ 126.922414, 35.153411 ], [ 126.922366, 35.153411 ], [ 126.922355, 35.153427 ], [ 126.922432, 35.153493 ], [ 126.922485, 35.153431 ], [ 126.922492, 35.153413 ] ] ] ] } },
{ "type": "Feature", "properties": { "BUL_MAN_NO": 4345, "BULD_NM": null, "flo": 1.0, "h": 3.3 }, "geometry": { "type": "MultiPolygon", "coordinates": [ [ [ [ 126.922335, 35.153314 ], [ 126.92222, 35.153238 ], [ 126.922174, 35.153284 ], [ 126.922215, 35.153314 ], [ 126.922266, 35.153349 ], [ 126.9223, 35.153349 ], [ 126.922336, 35.153314 ], [ 126.922335, 35.153314 ] ] ] ] } },
{ "type": "Feature", "properties": { "BUL_MAN_NO": 4344, "BULD_NM": null, "flo": 2.0, "h": 6.6 }, "geometry": { "type": "MultiPolygon", "coordinates": [ [ [ [ 126.922246, 35.153411 ], [ 126.922207, 35.153411 ], [ 126.92215, 35.153411 ], [ 126.922215, 35.153454 ], [ 126.922259, 35.153414 ], [ 126.922246, 35.153411 ] ] ] ] } },
{ "type": "Feature", "properties": { "BUL_MAN_NO": 37248, "BULD_NM": null, "flo": 1.0, "h": 3.3 }, "geometry": { "type": "MultiPolygon", "coordinates": [ [ [ [ 126.922321, 35.153424 ], [ 126.922332, 35.153416 ], [ 126.922349, 35.153432 ], [ 126.922339, 35.153439 ], [ 126.922321, 35.153424 ] ] ] ] } },
{ "type": "Feature", "properties": { "BUL_MAN_NO": 4373, "BULD_NM": null, "flo": 1.0, "h": 3.3 }, "geometry": { "type": "MultiPolygon", "coordinates": [ [ [ [ 126.922421, 35.153506 ], [ 126.922386, 35.15347 ], [ 126.922375, 35.153479 ], [ 126.922314, 35.153429 ], [ 126.922272, 35.153465 ], [ 126.922268, 35.153489 ], [ 126.922341, 35.15355 ], [ 126.922357, 35.15355 ], [ 126.922366, 35.15355 ], [ 126.922421, 35.153506 ] ] ] ] } },
{ "type": "Feature", "properties": { "BUL_MAN_NO": 4368, "BULD_NM": null, "flo": 2.0, "h": 6.6 }, "geometry": { "type": "MultiPolygon", "coordinates": [ [ [ [ 126.92204, 35.153456 ], [ 126.922098, 35.153412 ], [ 126.921962, 35.153414 ], [ 126.92196, 35.153418 ], [ 126.92204, 35.153456 ] ] ] ] } },
{ "type": "Feature", "properties": { "BUL_MAN_NO": 4367, "BULD_NM": null, "flo": 2.0, "h": 6.6 }, "geometry": { "type": "MultiPolygon", "coordinates": [ [ [ [ 126.921957, 35.153318 ], [ 126.921911, 35.153287 ], [ 126.921908, 35.153291 ], [ 126.921891, 35.153281 ], [ 126.921878, 35.153318 ], [ 126.921877, 35.15332 ], [ 126.921902, 35.153355 ], [ 126.921915, 35.153355 ], [ 126.921961, 35.153356 ], [ 126.921962, 35.153321 ], [ 126.921957, 35.153318 ] ] ] ] } },
{ "type": "Feature", "properties": { "BUL_MAN_NO": 4369, "BULD_NM": null, "flo": 2.0, "h": 6.6 }, "geometry": { "type": "MultiPolygon", "coordinates": [ [ [ [ 126.921972, 35.153444 ], [ 126.921935, 35.153434 ], [ 126.921916, 35.153489 ], [ 126.922003, 35.153509 ], [ 126.922027, 35.153472 ], [ 126.92197, 35.153453 ], [ 126.921972, 35.153444 ] ] ] ] } },
{ "type": "Feature", "properties": { "BUL_MAN_NO": 4370, "BULD_NM": null, "flo": 1.0, "h": 3.3 }, "geometry": { "type": "MultiPolygon", "coordinates": [ [ [ [ 126.921911, 35.153482 ], [ 126.921931, 35.153415 ], [ 126.921883, 35.153418 ], [ 126.921835, 35.153447 ], [ 126.921831, 35.153461 ], [ 126.921911, 35.153482 ] ] ] ] } },
{ "type": "Feature", "properties": { "BUL_MAN_NO": 4379, "BULD_NM": null, "flo": 2.0, "h": 6.6 }, "geometry": { "type": "MultiPolygon", "coordinates": [ [ [ [ 126.92471, 35.152735 ], [ 126.924632, 35.152719 ], [ 126.924585, 35.152738 ], [ 126.92456, 35.152797 ], [ 126.924674, 35.152819 ], [ 126.92471, 35.152735 ] ] ] ] } },
{ "type": "Feature", "properties": { "BUL_MAN_NO": 37141, "BULD_NM": null, "flo": 1.0, "h": 3.3 }, "geometry": { "type": "MultiPolygon", "coordinates": [ [ [ [ 126.924691, 35.152792 ], [ 126.924702, 35.152769 ], [ 126.924714, 35.152772 ], [ 126.924704, 35.152795 ], [ 126.924691, 35.152792 ] ] ] ] } },
{ "type": "Feature", "properties": { "BUL_MAN_NO": 37140, "BULD_NM": null, "flo": 1.0, "h": 3.3 }, "geometry": { "type": "MultiPolygon", "coordinates": [ [ [ [ 126.924728, 35.152773 ], [ 126.924738, 35.15275 ], [ 126.924757, 35.152755 ], [ 126.924745, 35.152778 ], [ 126.924728, 35.152773 ] ] ] ] } },
{ "type": "Feature", "properties": { "BUL_MAN_NO": 4378, "BULD_NM": null, "flo": 2.0, "h": 6.6 }, "geometry": { "type": "MultiPolygon", "coordinates": [ [ [ [ 126.924846, 35.152866 ], [ 126.924854, 35.152778 ], [ 126.92485, 35.152777 ], [ 126.924787, 35.152777 ], [ 126.924785, 35.152792 ], [ 126.924724, 35.152791 ], [ 126.924723, 35.152805 ], [ 126.924716, 35.152807 ], [ 126.924712, 35.152818 ], [ 126.924716, 35.152868 ], [ 126.924846, 35.152866 ] ] ] ] } },
{ "type": "Feature", "properties": { "BUL_MAN_NO": 4377, "BULD_NM": null, "flo": 1.0, "h": 3.3 }, "geometry": { "type": "MultiPolygon", "coordinates": [ [ [ [ 126.925227, 35.152708 ], [ 126.925175, 35.15272 ], [ 126.925163, 35.152733 ], [ 126.925205, 35.152797 ], [ 126.925283, 35.152818 ], [ 126.925298, 35.152809 ], [ 126.925227, 35.152708 ] ] ] ] } },
{ "type": "Feature", "properties": { "BUL_MAN_NO": 4384, "BULD_NM": null, "flo": 1.0, "h": 3.3 }, "geometry": { "type": "MultiPolygon", "coordinates": [ [ [ [ 126.925193, 35.152895 ], [ 126.925147, 35.152862 ], [ 126.925057, 35.152928 ], [ 126.925094, 35.152964 ], [ 126.925193, 35.152895 ] ] ] ] } },
{ "type": "Feature", "properties": { "BUL_MAN_NO": 4385, "BULD_NM": null, "flo": 1.0, "h": 3.3 }, "geometry": { "type": "MultiPolygon", "coordinates": [ [ [ [ 126.925058, 35.152886 ], [ 126.92499, 35.152875 ], [ 126.924966, 35.152959 ], [ 126.925034, 35.152971 ], [ 126.925058, 35.152886 ] ] ] ] } },
{ "type": "Feature", "properties": { "BUL_MAN_NO": 4389, "BULD_NM": null, "flo": 1.0, "h": 3.3 }, "geometry": { "type": "MultiPolygon", "coordinates": [ [ [ [ 126.925431, 35.152801 ], [ 126.925386, 35.152772 ], [ 126.925335, 35.152818 ], [ 126.925379, 35.15285 ], [ 126.925426, 35.152805 ], [ 126.925431, 35.152801 ] ] ] ] } },
{ "type": "Feature", "properties": { "BUL_MAN_NO": 4401, "BULD_NM": null, "flo": 1.0, "h": 3.3 }, "geometry": { "type": "MultiPolygon", "coordinates": [ [ [ [ 126.925399, 35.15294 ], [ 126.925357, 35.152922 ], [ 126.925319, 35.152959 ], [ 126.925317, 35.152973 ], [ 126.925399, 35.15294 ] ] ] ] } },
{ "type": "Feature", "properties": { "BUL_MAN_NO": 4400, "BULD_NM": null, "flo": 2.0, "h": 6.6 }, "geometry": { "type": "MultiPolygon", "coordinates": [ [ [ [ 126.925539, 35.152999 ], [ 126.925461, 35.152967 ], [ 126.925434, 35.152986 ], [ 126.92543, 35.152981 ], [ 126.925413, 35.152994 ], [ 126.925397, 35.152982 ], [ 126.925356, 35.153016 ], [ 126.925446, 35.153083 ], [ 126.925539, 35.152999 ] ] ] ] } },
{ "type": "Feature", "properties": { "BUL_MAN_NO": 4398, "BULD_NM": null, "flo": 2.0, "h": 6.6 }, "geometry": { "type": "MultiPolygon", "coordinates": [ [ [ [ 126.925636, 35.153111 ], [ 126.925565, 35.153018 ], [ 126.925493, 35.153059 ], [ 126.925472, 35.153079 ], [ 126.925515, 35.153136 ], [ 126.925561, 35.153159 ], [ 126.925637, 35.153123 ], [ 126.92563, 35.153114 ], [ 126.925636, 35.153111 ] ] ] ] } },
{ "type": "Feature", "properties": { "BUL_MAN_NO": 4426, "BULD_NM": null, "flo": 3.0, "h": 9.9 }, "geometry": { "type": "MultiPolygon", "coordinates": [ [ [ [ 126.924649, 35.152486 ], [ 126.924612, 35.152377 ], [ 126.924509, 35.1524 ], [ 126.924545, 35.152523 ], [ 126.924619, 35.15251 ], [ 126.924615, 35.152492 ], [ 126.924649, 35.152486 ] ] ] ] } },
{ "type": "Feature", "properties": { "BUL_MAN_NO": 4425, "BULD_NM": null, "flo": 3.0, "h": 9.9 }, "geometry": { "type": "MultiPolygon", "coordinates": [ [ [ [ 126.924665, 35.152515 ], [ 126.924711, 35.15251 ], [ 126.924711, 35.152515 ], [ 126.924782, 35.152507 ], [ 126.924775, 35.152468 ], [ 126.924778, 35.152467 ], [ 126.924771, 35.152425 ], [ 126.924786, 35.152423 ], [ 126.924781, 35.152393 ], [ 126.924787, 35.152392 ], [ 126.924779, 35.152347 ], [ 126.924723, 35.152354 ], [ 126.924723, 35.152359 ], [ 126.924697, 35.152362 ], [ 126.924698, 35.152368 ], [ 126.92464, 35.152374 ], [ 126.924665, 35.152515 ] ] ] ] } },
{ "type": "Feature", "properties": { "BUL_MAN_NO": 4428, "BULD_NM": null, "flo": 1.0, "h": 3.3 }, "geometry": { "type": "MultiPolygon", "coordinates": [ [ [ [ 126.924825, 35.152499 ], [ 126.92482, 35.152467 ], [ 126.924792, 35.15247 ], [ 126.924795, 35.152502 ], [ 126.924825, 35.152499 ] ] ] ] } },
{ "type": "Feature", "properties": { "BUL_MAN_NO": 4427, "BULD_NM": null, "flo": 1.0, "h": 3.3 }, "geometry": { "type": "MultiPolygon", "coordinates": [ [ [ [ 126.924954, 35.152484 ], [ 126.924945, 35.152425 ], [ 126.924934, 35.152426 ], [ 126.924933, 35.152404 ], [ 126.924942, 35.152401 ], [ 126.924941, 35.152394 ], [ 126.92492, 35.152395 ], [ 126.924908, 35.152339 ], [ 126.924824, 35.152344 ], [ 126.924841, 35.152463 ], [ 126.92483, 35.152464 ], [ 126.924835, 35.152498 ], [ 126.924954, 35.152484 ] ] ] ] } },
{ "type": "Feature", "properties": { "BUL_MAN_NO": 4422, "BULD_NM": null, "flo": 1.0, "h": 3.3 }, "geometry": { "type": "MultiPolygon", "coordinates": [ [ [ [ 126.925075, 35.152753 ], [ 126.925072, 35.152733 ], [ 126.925111, 35.152736 ], [ 126.92511, 35.1527 ], [ 126.925165, 35.1527 ], [ 126.925157, 35.15263 ], [ 126.925142, 35.152631 ], [ 126.925134, 35.152588 ], [ 126.92511, 35.152592 ], [ 126.925106, 35.152612 ], [ 126.925065, 35.152615 ], [ 126.925065, 35.152593 ], [ 126.925023, 35.152593 ], [ 126.925026, 35.152668 ], [ 126.925047, 35.152668 ], [ 126.925054, 35.152704 ], [ 126.925027, 35.152736 ], [ 126.925075, 35.152753 ] ] ] ] } },
{ "type": "Feature", "properties": { "BUL_MAN_NO": 4411, "BULD_NM": null, "flo": 1.0, "h": 3.3 }, "geometry": { "type": "MultiPolygon", "coordinates": [ [ [ [ 126.925093, 35.152477 ], [ 126.925078, 35.152395 ], [ 126.925028, 35.152394 ], [ 126.925029, 35.152418 ], [ 126.925049, 35.152418 ], [ 126.925059, 35.152481 ], [ 126.925093, 35.152477 ] ] ] ] } },
{ "type": "Feature", "properties": { "BUL_MAN_NO": 4410, "BULD_NM": null, "flo": 1.0, "h": 3.3 }, "geometry": { "type": "MultiPolygon", "coordinates": [ [ [ [ 126.925035, 35.152481 ], [ 126.925018, 35.152392 ], [ 126.924964, 35.152406 ], [ 126.92498, 35.152484 ], [ 126.925035, 35.152481 ] ] ] ] } },
{ "type": "Feature", "properties": { "BUL_MAN_NO": 4421, "BULD_NM": null, "flo": 2.0, "h": 6.6 }, "geometry": { "type": "MultiPolygon", "coordinates": [ [ [ [ 126.925313, 35.152679 ], [ 126.925311, 35.152599 ], [ 126.925237, 35.152601 ], [ 126.925237, 35.152595 ], [ 126.925174, 35.152597 ], [ 126.925179, 35.152698 ], [ 126.925239, 35.152696 ], [ 126.925239, 35.152681 ], [ 126.925313, 35.152679 ] ] ] ] } },
{ "type": "Feature", "properties": { "BUL_MAN_NO": 4420, "BULD_NM": null, "flo": 2.0, "h": 6.6 }, "geometry": { "type": "MultiPolygon", "coordinates": [ [ [ [ 126.925447, 35.152634 ], [ 126.925442, 35.152596 ], [ 126.925428, 35.152597 ], [ 126.925423, 35.152559 ], [ 126.925386, 35.15256 ], [ 126.925385, 35.152555 ], [ 126.92532, 35.152561 ], [ 126.925334, 35.152644 ], [ 126.925447, 35.152634 ] ] ] ] } },
{ "type": "Feature", "properties": { "BUL_MAN_NO": 4409, "BULD_NM": null, "flo": 4.0, "h": 13.2 }, "geometry": { "type": "MultiPolygon", "coordinates": [ [ [ [ 126.925529, 35.152427 ], [ 126.925511, 35.152323 ], [ 126.925278, 35.15235 ], [ 126.925287, 35.152442 ], [ 126.925287, 35.152447 ], [ 126.925529, 35.152427 ] ] ] ] } },
{ "type": "Feature", "properties": { "BUL_MAN_NO": 4414, "BULD_NM": null, "flo": 3.0, "h": 9.9 }, "geometry": { "type": "MultiPolygon", "coordinates": [ [ [ [ 126.925745, 35.152447 ], [ 126.92572, 35.152393 ], [ 126.925593, 35.152426 ], [ 126.925601, 35.152447 ], [ 126.925623, 35.152444 ], [ 126.92564, 35.152441 ], [ 126.925644, 35.152453 ], [ 126.925681, 35.152445 ], [ 126.925682, 35.152453 ], [ 126.925717, 35.152445 ], [ 126.925719, 35.152453 ], [ 126.925745, 35.152447 ] ] ] ] } },
{ "type": "Feature", "properties": { "BUL_MAN_NO": 32941, "BULD_NM": null, "flo": 3.0, "h": 9.9 }, "geometry": { "type": "MultiPolygon", "coordinates": [ [ [ [ 126.92571, 35.152224 ], [ 126.925715, 35.152221 ], [ 126.925712, 35.152218 ], [ 126.925664, 35.152246 ], [ 126.925654, 35.152261 ], [ 126.925656, 35.152266 ], [ 126.925585, 35.152285 ], [ 126.925586, 35.15229 ], [ 126.925537, 35.152302 ], [ 126.925577, 35.152417 ], [ 126.92574, 35.152376 ], [ 126.925728, 35.152344 ], [ 126.925735, 35.152342 ], [ 126.925715, 35.152286 ], [ 126.925717, 35.152285 ], [ 126.925708, 35.152262 ], [ 126.92569, 35.152267 ], [ 126.925733, 35.152243 ], [ 126.92573, 35.15224 ], [ 126.925725, 35.152243 ], [ 126.92571, 35.152224 ] ] ] ] } },
{ "type": "Feature", "properties": { "BUL_MAN_NO": 4431, "BULD_NM": null, "flo": 1.0, "h": 3.3 }, "geometry": { "type": "MultiPolygon", "coordinates": [ [ [ [ 126.926418, 35.152514 ], [ 126.92634, 35.152493 ], [ 126.926309, 35.152576 ], [ 126.926388, 35.152599 ], [ 126.926418, 35.152514 ] ] ] ] } },
{ "type": "Feature", "properties": { "BUL_MAN_NO": 35049, "BULD_NM": null, "flo": 3.0, "h": 9.9 }, "geometry": { "type": "MultiPolygon", "coordinates": [ [ [ [ 126.926205, 35.152448 ], [ 126.926165, 35.152545 ], [ 126.926167, 35.152546 ], [ 126.926158, 35.152568 ], [ 126.926227, 35.152587 ], [ 126.926266, 35.152492 ], [ 126.92627, 35.152493 ], [ 126.92628, 35.152469 ], [ 126.926205, 35.152448 ] ] ] ] } },
{ "type": "Feature", "properties": { "BUL_MAN_NO": 4433, "BULD_NM": null, "flo": 1.0, "h": 3.3 }, "geometry": { "type": "MultiPolygon", "coordinates": [ [ [ [ 126.926546, 35.152629 ], [ 126.926411, 35.152587 ], [ 126.926397, 35.15263 ], [ 126.926455, 35.152651 ], [ 126.926452, 35.152656 ], [ 126.92647, 35.152662 ], [ 126.926494, 35.15267 ], [ 126.926546, 35.152629 ] ] ] ] } },
{ "type": "Feature", "properties": { "BUL_MAN_NO": 4491, "BULD_NM": null, "flo": 1.0, "h": 3.3 }, "geometry": { "type": "MultiPolygon", "coordinates": [ [ [ [ 126.924171, 35.151368 ], [ 126.924055, 35.151388 ], [ 126.924043, 35.15134 ], [ 126.924072, 35.151335 ], [ 126.924066, 35.151311 ], [ 126.924153, 35.151296 ], [ 126.924171, 35.151368 ] ] ] ] } },
{ "type": "Feature", "properties": { "BUL_MAN_NO": 4490, "BULD_NM": null, "flo": 1.0, "h": 3.3 }, "geometry": { "type": "MultiPolygon", "coordinates": [ [ [ [ 126.924017, 35.151295 ], [ 126.924011, 35.151268 ], [ 126.92403, 35.151265 ], [ 126.924037, 35.151291 ], [ 126.924017, 35.151295 ] ] ] ] } },
{ "type": "Feature", "properties": { "BUL_MAN_NO": 36932, "BULD_NM": null, "flo": 1.0, "h": 3.3 }, "geometry": { "type": "MultiPolygon", "coordinates": [ [ [ [ 126.924165, 35.151245 ], [ 126.924162, 35.151232 ], [ 126.924209, 35.151226 ], [ 126.92421, 35.151239 ], [ 126.924165, 35.151245 ] ] ] ] } },
{ "type": "Feature", "properties": { "BUL_MAN_NO": 36931, "BULD_NM": null, "flo": 1.0, "h": 3.3 }, "geometry": { "type": "MultiPolygon", "coordinates": [ [ [ [ 126.924256, 35.151368 ], [ 126.924253, 35.151352 ], [ 126.924262, 35.15135 ], [ 126.924265, 35.151366 ], [ 126.924256, 35.151368 ] ] ] ] } },
{ "type": "Feature", "properties": { "BUL_MAN_NO": 4492, "BULD_NM": null, "flo": 1.0, "h": 3.3 }, "geometry": { "type": "MultiPolygon", "coordinates": [ [ [ [ 126.924254, 35.151359 ], [ 126.92423, 35.151237 ], [ 126.924164, 35.151248 ], [ 126.924189, 35.151366 ], [ 126.924254, 35.151359 ] ] ] ] } },
{ "type": "Feature", "properties": { "BUL_MAN_NO": 4466, "BULD_NM": null, "flo": 2.0, "h": 6.6 }, "geometry": { "type": "MultiPolygon", "coordinates": [ [ [ [ 126.9241, 35.151201 ], [ 126.92409, 35.151155 ], [ 126.924068, 35.151158 ], [ 126.924059, 35.151125 ], [ 126.924086, 35.151119 ], [ 126.924075, 35.151083 ], [ 126.923972, 35.151105 ], [ 126.924001, 35.151215 ], [ 126.9241, 35.151201 ] ] ] ] } },
{ "type": "Feature", "properties": { "BUL_MAN_NO": 36863, "BULD_NM": null, "flo": 1.0, "h": 3.3 }, "geometry": { "type": "MultiPolygon", "coordinates": [ [ [ [ 126.923962, 35.151119 ], [ 126.923958, 35.151108 ], [ 126.923971, 35.151106 ], [ 126.923973, 35.151117 ], [ 126.923962, 35.151119 ] ] ] ] } },
{ "type": "Feature", "properties": { "BUL_MAN_NO": 36930, "BULD_NM": null, "flo": 1.0, "h": 3.3 }, "geometry": { "type": "MultiPolygon", "coordinates": [ [ [ [ 126.924376, 35.151226 ], [ 126.924374, 35.151214 ], [ 126.92442, 35.151207 ], [ 126.924422, 35.15122 ], [ 126.924376, 35.151226 ] ] ] ] } },
{ "type": "Feature", "properties": { "BUL_MAN_NO": 36929, "BULD_NM": null, "flo": 1.0, "h": 3.3 }, "geometry": { "type": "MultiPolygon", "coordinates": [ [ [ [ 126.924263, 35.151338 ], [ 126.924256, 35.151311 ], [ 126.924276, 35.151308 ], [ 126.924283, 35.151335 ], [ 126.924263, 35.151338 ] ] ] ] } },
{ "type": "Feature", "properties": { "BUL_MAN_NO": 4489, "BULD_NM": null, "flo": 1.0, "h": 3.3 }, "geometry": { "type": "MultiPolygon", "coordinates": [ [ [ [ 126.92443, 35.151312 ], [ 126.924415, 35.151236 ], [ 126.924326, 35.15125 ], [ 126.924323, 35.151238 ], [ 126.924264, 35.151247 ], [ 126.924285, 35.151333 ], [ 126.92443, 35.151312 ] ] ] ] } },
{ "type": "Feature", "properties": { "BUL_MAN_NO": 4488, "BULD_NM": null, "flo": 1.0, "h": 3.3 }, "geometry": { "type": "MultiPolygon", "coordinates": [ [ [ [ 126.92447, 35.151407 ], [ 126.924453, 35.151333 ], [ 126.92429, 35.151363 ], [ 126.924305, 35.151435 ], [ 126.92447, 35.151407 ] ] ] ] } },
{ "type": "Feature", "properties": { "BUL_MAN_NO": 4465, "BULD_NM": "동명동 154-29 단독주택 (도시조경주식회사)", "flo": 2.0, "h": 6.6 }, "geometry": { "type": "MultiPolygon", "coordinates": [ [ [ [ 126.924322, 35.151106 ], [ 126.924308, 35.151038 ], [ 126.924167, 35.151061 ], [ 126.924191, 35.151189 ], [ 126.924273, 35.151176 ], [ 126.92426, 35.151116 ], [ 126.924322, 35.151106 ] ] ] ] } },
{ "type": "Feature", "properties": { "BUL_MAN_NO": 4493, "BULD_NM": null, "flo": 1.0, "h": 3.3 }, "geometry": { "type": "MultiPolygon", "coordinates": [ [ [ [ 126.924587, 35.151322 ], [ 126.92458, 35.151283 ], [ 126.92456, 35.151285 ], [ 126.924548, 35.151222 ], [ 126.924475, 35.151232 ], [ 126.924495, 35.151335 ], [ 126.924587, 35.151322 ] ] ] ] } },
{ "type": "Feature", "properties": { "BUL_MAN_NO": 36933, "BULD_NM": null, "flo": 1.0, "h": 3.3 }, "geometry": { "type": "MultiPolygon", "coordinates": [ [ [ [ 126.92456, 35.151224 ], [ 126.924557, 35.151209 ], [ 126.924647, 35.151196 ], [ 126.92465, 35.15121 ], [ 126.92456, 35.151224 ] ] ] ] } },
{ "type": "Feature", "properties": { "BUL_MAN_NO": 36934, "BULD_NM": null, "flo": 1.0, "h": 3.3 }, "geometry": { "type": "MultiPolygon", "coordinates": [ [ [ [ 126.924562, 35.151279 ], [ 126.924555, 35.151241 ], [ 126.924573, 35.151239 ], [ 126.92458, 35.151276 ], [ 126.924562, 35.151279 ] ] ] ] } },
{ "type": "Feature", "properties": { "BUL_MAN_NO": 4464, "BULD_NM": null, "flo": 2.0, "h": 6.6 }, "geometry": { "type": "MultiPolygon", "coordinates": [ [ [ [ 126.924501, 35.151145 ], [ 126.92449, 35.151096 ], [ 126.924469, 35.151099 ], [ 126.924463, 35.151083 ], [ 126.924357, 35.151103 ], [ 126.924369, 35.151163 ], [ 126.924501, 35.151145 ] ] ] ] } },
{ "type": "Feature", "properties": { "BUL_MAN_NO": 4463, "BULD_NM": null, "flo": 2.0, "h": 6.6 }, "geometry": { "type": "MultiPolygon", "coordinates": [ [ [ [ 126.924713, 35.151093 ], [ 126.924693, 35.151 ], [ 126.924536, 35.151021 ], [ 126.924559, 35.151135 ], [ 126.924694, 35.151113 ], [ 126.924713, 35.151093 ] ] ] ] } },
{ "type": "Feature", "properties": { "BUL_MAN_NO": 36927, "BULD_NM": null, "flo": 1.0, "h": 3.3 }, "geometry": { "type": "MultiPolygon", "coordinates": [ [ [ [ 126.924845, 35.151257 ], [ 126.924842, 35.15125 ], [ 126.924912, 35.151229 ], [ 126.924915, 35.151235 ], [ 126.924845, 35.151257 ] ] ] ] } },
{ "type": "Feature", "properties": { "BUL_MAN_NO": 4486, "BULD_NM": null, "flo": 2.0, "h": 6.6 }, "geometry": { "type": "MultiPolygon", "coordinates": [ [ [ [ 126.924963, 35.151198 ], [ 126.924948, 35.151151 ], [ 126.924909, 35.151159 ], [ 126.924907, 35.151151 ], [ 126.924815, 35.151166 ], [ 126.92483, 35.15125 ], [ 126.924914, 35.151225 ], [ 126.924914, 35.15121 ], [ 126.924963, 35.151198 ] ] ] ] } },
{ "type": "Feature", "properties": { "BUL_MAN_NO": 4462, "BULD_NM": null, "flo": 2.0, "h": 6.6 }, "geometry": { "type": "MultiPolygon", "coordinates": [ [ [ [ 126.924975, 35.151075 ], [ 126.924973, 35.151071 ], [ 126.925057, 35.151059 ], [ 126.925043, 35.151001 ], [ 126.925029, 35.151001 ], [ 126.925017, 35.150947 ], [ 126.924962, 35.150955 ], [ 126.924957, 35.150938 ], [ 126.924847, 35.150952 ], [ 126.924857, 35.15101 ], [ 126.924869, 35.151008 ], [ 126.924885, 35.151079 ], [ 126.924923, 35.151073 ], [ 126.924925, 35.151081 ], [ 126.924975, 35.151075 ] ] ] ] } },
{ "type": "Feature", "properties": { "BUL_MAN_NO": 36858, "BULD_NM": null, "flo": 1.0, "h": 3.3 }, "geometry": { "type": "MultiPolygon", "coordinates": [ [ [ [ 126.924798, 35.15108 ], [ 126.924792, 35.151054 ], [ 126.924815, 35.151051 ], [ 126.924821, 35.151077 ], [ 126.924798, 35.15108 ] ] ] ] } },
{ "type": "Feature", "properties": { "BUL_MAN_NO": 4494, "BULD_NM": null, "flo": 2.0, "h": 6.6 }, "geometry": { "type": "MultiPolygon", "coordinates": [ [ [ [ 126.925088, 35.151185 ], [ 126.925072, 35.151126 ], [ 126.925038, 35.151132 ], [ 126.92504, 35.151141 ], [ 126.924983, 35.151151 ], [ 126.924994, 35.151201 ], [ 126.925088, 35.151185 ] ] ] ] } },
{ "type": "Feature", "properties": { "BUL_MAN_NO": 36935, "BULD_NM": null, "flo": 1.0, "h": 3.3 }, "geometry": { "type": "MultiPolygon", "coordinates": [ [ [ [ 126.925038, 35.151129 ], [ 126.925036, 35.15112 ], [ 126.925075, 35.151113 ], [ 126.925077, 35.151122 ], [ 126.925038, 35.151129 ] ] ] ] } },
{ "type": "Feature", "properties": { "BUL_MAN_NO": 4496, "BULD_NM": "동명동주민센터", "flo": 3.0, "h": 9.9 }, "geometry": { "type": "MultiPolygon", "coordinates": [ [ [ [ 126.925218, 35.151237 ], [ 126.925249, 35.151101 ], [ 126.925095, 35.151122 ], [ 126.925107, 35.151203 ], [ 126.925072, 35.151208 ], [ 126.925082, 35.15126 ], [ 126.925178, 35.15125 ], [ 126.925177, 35.151241 ], [ 126.925218, 35.151237 ] ] ] ] } },
{ "type": "Feature", "properties": { "BUL_MAN_NO": 4485, "BULD_NM": null, "flo": 4.0, "h": 13.2 }, "geometry": { "type": "MultiPolygon", "coordinates": [ [ [ [ 126.925163, 35.151003 ], [ 126.925126, 35.150864 ], [ 126.925033, 35.15088 ], [ 126.925074, 35.151064 ], [ 126.92513, 35.151055 ], [ 126.925121, 35.151008 ], [ 126.925163, 35.151003 ] ] ] ] } },
{ "type": "Feature", "properties": { "BUL_MAN_NO": 4499, "BULD_NM": null, "flo": 2.0, "h": 6.6 }, "geometry": { "type": "MultiPolygon", "coordinates": [ [ [ [ 126.925818, 35.151073 ], [ 126.925812, 35.151047 ], [ 126.925737, 35.151056 ], [ 126.925734, 35.151048 ], [ 126.925634, 35.151062 ], [ 126.925653, 35.151144 ], [ 126.925843, 35.15112 ], [ 126.925834, 35.151073 ], [ 126.925818, 35.151073 ] ] ] ] } },
{ "type": "Feature", "properties": { "BUL_MAN_NO": 36953, "BULD_NM": null, "flo": 2.0, "h": 6.6 }, "geometry": { "type": "MultiPolygon", "coordinates": [ [ [ [ 126.925855, 35.151191 ], [ 126.92585, 35.151141 ], [ 126.92598, 35.15114 ], [ 126.925986, 35.151193 ], [ 126.925855, 35.151191 ] ] ] ] } },
{ "type": "Feature", "properties": { "BUL_MAN_NO": 4500, "BULD_NM": null, "flo": 2.0, "h": 6.6 }, "geometry": { "type": "MultiPolygon", "coordinates": [ [ [ [ 126.925663, 35.150981 ], [ 126.925859, 35.150954 ], [ 126.925843, 35.150861 ], [ 126.925829, 35.15086 ], [ 126.925824, 35.150832 ], [ 126.925763, 35.150841 ], [ 126.925763, 35.150872 ], [ 126.925706, 35.150879 ], [ 126.925706, 35.150898 ], [ 126.925674, 35.150904 ], [ 126.925666, 35.150866 ], [ 126.925552, 35.150883 ], [ 126.925563, 35.15097 ], [ 126.925659, 35.150957 ], [ 126.925663, 35.150981 ] ] ] ] } },
{ "type": "Feature", "properties": { "BUL_MAN_NO": 4506, "BULD_NM": null, "flo": 2.0, "h": 6.6 }, "geometry": { "type": "MultiPolygon", "coordinates": [ [ [ [ 126.926078, 35.151095 ], [ 126.926053, 35.150995 ], [ 126.925979, 35.15101 ], [ 126.92598, 35.151019 ], [ 126.925951, 35.151022 ], [ 126.925949, 35.151025 ], [ 126.925947, 35.15103 ], [ 126.925951, 35.151043 ], [ 126.925928, 35.151046 ], [ 126.925934, 35.151092 ], [ 126.925912, 35.151096 ], [ 126.925913, 35.151101 ], [ 126.925907, 35.151102 ], [ 126.925909, 35.15112 ], [ 126.926078, 35.151095 ] ] ] ] } },
{ "type": "Feature", "properties": { "BUL_MAN_NO": 4472, "BULD_NM": null, "flo": 2.0, "h": 6.6 }, "geometry": { "type": "MultiPolygon", "coordinates": [ [ [ [ 126.92732, 35.150844 ], [ 126.927295, 35.150778 ], [ 126.927239, 35.150793 ], [ 126.927242, 35.150803 ], [ 126.927187, 35.150816 ], [ 126.927191, 35.150828 ], [ 126.927137, 35.150842 ], [ 126.927152, 35.150886 ], [ 126.92732, 35.150844 ] ] ] ] } },
{ "type": "Feature", "properties": { "BUL_MAN_NO": 36913, "BULD_NM": null, "flo": 1.0, "h": 3.3 }, "geometry": { "type": "MultiPolygon", "coordinates": [ [ [ [ 126.927135, 35.150829 ], [ 126.927131, 35.15082 ], [ 126.927172, 35.150809 ], [ 126.927176, 35.150819 ], [ 126.927135, 35.150829 ] ] ] ] } },
{ "type": "Feature", "properties": { "BUL_MAN_NO": 4471, "BULD_NM": null, "flo": 2.0, "h": 6.6 }, "geometry": { "type": "MultiPolygon", "coordinates": [ [ [ [ 126.927468, 35.150825 ], [ 126.927462, 35.150796 ], [ 126.927433, 35.1508 ], [ 126.927431, 35.150791 ], [ 126.92742, 35.150793 ], [ 126.927418, 35.150786 ], [ 126.927375, 35.150795 ], [ 126.927373, 35.150788 ], [ 126.927335, 35.150794 ], [ 126.927349, 35.150847 ], [ 126.927468, 35.150825 ] ] ] ] } },
{ "type": "Feature", "properties": { "BUL_MAN_NO": 36912, "BULD_NM": null, "flo": 1.0, "h": 3.3 }, "geometry": { "type": "MultiPolygon", "coordinates": [ [ [ [ 126.927421, 35.150761 ], [ 126.927419, 35.150753 ], [ 126.927463, 35.150743 ], [ 126.927466, 35.150752 ], [ 126.927421, 35.150761 ] ] ] ] } },
{ "type": "Feature", "properties": { "BUL_MAN_NO": 4477, "BULD_NM": null, "flo": 4.0, "h": 13.2 }, "geometry": { "type": "MultiPolygon", "coordinates": [ [ [ [ 126.927313, 35.150712 ], [ 126.927486, 35.150667 ], [ 126.927476, 35.150636 ], [ 126.927464, 35.150638 ], [ 126.92746, 35.150625 ], [ 126.927448, 35.150627 ], [ 126.92744, 35.150611 ], [ 126.927284, 35.150644 ], [ 126.927302, 35.150696 ], [ 126.927308, 35.150695 ], [ 126.92731, 35.150702 ], [ 126.927313, 35.150712 ] ] ] ] } },
{ "type": "Feature", "properties": { "BUL_MAN_NO": 4467, "BULD_NM": null, "flo": 2.0, "h": 6.6 }, "geometry": { "type": "MultiPolygon", "coordinates": [ [ [ [ 126.927637, 35.150808 ], [ 126.927624, 35.150735 ], [ 126.927608, 35.150738 ], [ 126.927605, 35.150729 ], [ 126.927563, 35.150735 ], [ 126.927559, 35.150719 ], [ 126.927494, 35.150732 ], [ 126.927528, 35.150822 ], [ 126.927637, 35.150808 ] ] ] ] } },
{ "type": "Feature", "properties": { "BUL_MAN_NO": 36874, "BULD_NM": null, "flo": 1.0, "h": 3.3 }, "geometry": { "type": "MultiPolygon", "coordinates": [ [ [ [ 126.927617, 35.150731 ], [ 126.92761, 35.150708 ], [ 126.927623, 35.150705 ], [ 126.927629, 35.150729 ], [ 126.927617, 35.150731 ] ] ] ] } },
{ "type": "Feature", "properties": { "BUL_MAN_NO": 4476, "BULD_NM": null, "flo": 1.0, "h": 3.3 }, "geometry": { "type": "MultiPolygon", "coordinates": [ [ [ [ 126.9276, 35.150606 ], [ 126.927597, 35.150589 ], [ 126.927558, 35.150593 ], [ 126.927478, 35.150606 ], [ 126.927498, 35.150662 ], [ 126.927608, 35.150634 ], [ 126.927602, 35.150614 ], [ 126.9276, 35.150606 ] ] ] ] } },
{ "type": "Feature", "properties": { "BUL_MAN_NO": 4470, "BULD_NM": null, "flo": 1.0, "h": 3.3 }, "geometry": { "type": "MultiPolygon", "coordinates": [ [ [ [ 126.927774, 35.150685 ], [ 126.927762, 35.150647 ], [ 126.927639, 35.150684 ], [ 126.927651, 35.150719 ], [ 126.927774, 35.150685 ] ] ] ] } },
{ "type": "Feature", "properties": { "BUL_MAN_NO": 4469, "BULD_NM": null, "flo": 1.0, "h": 3.3 }, "geometry": { "type": "MultiPolygon", "coordinates": [ [ [ [ 126.927796, 35.150787 ], [ 126.927787, 35.150718 ], [ 126.92765, 35.150737 ], [ 126.927664, 35.150806 ], [ 126.927796, 35.150787 ] ] ] ] } },
{ "type": "Feature", "properties": { "BUL_MAN_NO": 4475, "BULD_NM": null, "flo": 1.0, "h": 3.3 }, "geometry": { "type": "MultiPolygon", "coordinates": [ [ [ [ 126.927763, 35.150595 ], [ 126.927766, 35.150572 ], [ 126.92762, 35.15059 ], [ 126.927629, 35.150625 ], [ 126.927763, 35.150595 ] ] ] ] } },
{ "type": "Feature", "properties": { "BUL_MAN_NO": 4484, "BULD_NM": null, "flo": 1.0, "h": 3.3 }, "geometry": { "type": "MultiPolygon", "coordinates": [ [ [ [ 126.927862, 35.150545 ], [ 126.927848, 35.150433 ], [ 126.927775, 35.15044 ], [ 126.92779, 35.150552 ], [ 126.927862, 35.150545 ] ] ] ] } },
{ "type": "Feature", "properties": { "BUL_MAN_NO": 36924, "BULD_NM": null, "flo": 1.0, "h": 3.3 }, "geometry": { "type": "MultiPolygon", "coordinates": [ [ [ [ 126.927779, 35.150438 ], [ 126.927778, 35.15043 ], [ 126.927813, 35.150427 ], [ 126.927813, 35.150435 ], [ 126.927779, 35.150438 ] ] ] ] } },
{ "type": "Feature", "properties": { "BUL_MAN_NO": 4468, "BULD_NM": null, "flo": 1.0, "h": 3.3 }, "geometry": { "type": "MultiPolygon", "coordinates": [ [ [ [ 126.927762, 35.150549 ], [ 126.927747, 35.150424 ], [ 126.92767, 35.150433 ], [ 126.927684, 35.150554 ], [ 126.927762, 35.150549 ] ] ] ] } },
{ "type": "Feature", "properties": { "BUL_MAN_NO": 36875, "BULD_NM": null, "flo": 1.0, "h": 3.3 }, "geometry": { "type": "MultiPolygon", "coordinates": [ [ [ [ 126.927752, 35.150443 ], [ 126.927748, 35.150416 ], [ 126.927757, 35.150415 ], [ 126.927761, 35.150442 ], [ 126.927752, 35.150443 ] ] ] ] } },
{ "type": "Feature", "properties": { "BUL_MAN_NO": 4482, "BULD_NM": null, "flo": 1.0, "h": 3.3 }, "geometry": { "type": "MultiPolygon", "coordinates": [ [ [ [ 126.927646, 35.150568 ], [ 126.927628, 35.150436 ], [ 126.927556, 35.150442 ], [ 126.927575, 35.150574 ], [ 126.927646, 35.150568 ] ] ] ] } },
{ "type": "Feature", "properties": { "BUL_MAN_NO": 36921, "BULD_NM": null, "flo": 1.0, "h": 3.3 }, "geometry": { "type": "MultiPolygon", "coordinates": [ [ [ [ 126.927633, 35.15046 ], [ 126.92763, 35.150437 ], [ 126.927644, 35.150435 ], [ 126.927647, 35.150459 ], [ 126.927633, 35.15046 ] ] ] ] } },
{ "type": "Feature", "properties": { "BUL_MAN_NO": 36920, "BULD_NM": null, "flo": 1.0, "h": 3.3 }, "geometry": { "type": "MultiPolygon", "coordinates": [ [ [ [ 126.927577, 35.150584 ], [ 126.927576, 35.150577 ], [ 126.92766, 35.150568 ], [ 126.92766, 35.150576 ], [ 126.927577, 35.150584 ] ] ] ] } },
{ "type": "Feature", "properties": { "BUL_MAN_NO": 27862, "BULD_NM": null, "flo": 2.0, "h": 6.6 }, "geometry": { "type": "MultiPolygon", "coordinates": [ [ [ [ 126.927885, 35.150539 ], [ 126.927956, 35.150535 ], [ 126.927951, 35.150484 ], [ 126.927969, 35.150481 ], [ 126.927963, 35.150445 ], [ 126.927916, 35.150447 ], [ 126.927916, 35.150439 ], [ 126.927874, 35.150443 ], [ 126.927885, 35.150539 ] ] ] ] } },
{ "type": "Feature", "properties": { "BUL_MAN_NO": 4603, "BULD_NM": null, "flo": 2.0, "h": 6.6 }, "geometry": { "type": "MultiPolygon", "coordinates": [ [ [ [ 126.923797, 35.150821 ], [ 126.923787, 35.150767 ], [ 126.923764, 35.150771 ], [ 126.923765, 35.150779 ], [ 126.923738, 35.150781 ], [ 126.923736, 35.150771 ], [ 126.923704, 35.150777 ], [ 126.923698, 35.150797 ], [ 126.923711, 35.150817 ], [ 126.923728, 35.150835 ], [ 126.923797, 35.150821 ] ] ] ] } },
{ "type": "Feature", "properties": { "BUL_MAN_NO": 4581, "BULD_NM": null, "flo": 4.0, "h": 13.2 }, "geometry": { "type": "MultiPolygon", "coordinates": [ [ [ [ 126.923753, 35.150687 ], [ 126.923729, 35.150569 ], [ 126.923542, 35.150602 ], [ 126.923564, 35.150661 ], [ 126.923585, 35.150658 ], [ 126.923589, 35.150674 ], [ 126.92361, 35.15067 ], [ 126.923619, 35.150705 ], [ 126.923753, 35.150687 ] ] ] ] } },
{ "type": "Feature", "properties": { "BUL_MAN_NO": 4602, "BULD_NM": null, "flo": 1.0, "h": 3.3 }, "geometry": { "type": "MultiPolygon", "coordinates": [ [ [ [ 126.923908, 35.150809 ], [ 126.923895, 35.150759 ], [ 126.923845, 35.150765 ], [ 126.923844, 35.150758 ], [ 126.923806, 35.150765 ], [ 126.923817, 35.150821 ], [ 126.923908, 35.150809 ] ] ] ] } },
{ "type": "Feature", "properties": { "BUL_MAN_NO": 36919, "BULD_NM": null, "flo": 1.0, "h": 3.3 }, "geometry": { "type": "MultiPolygon", "coordinates": [ [ [ [ 126.923807, 35.150762 ], [ 126.923804, 35.150755 ], [ 126.923843, 35.150748 ], [ 126.923844, 35.150755 ], [ 126.923843, 35.150756 ], [ 126.923807, 35.150762 ] ] ] ] } },
{ "type": "Feature", "properties": { "BUL_MAN_NO": 4601, "BULD_NM": null, "flo": 1.0, "h": 3.3 }, "geometry": { "type": "MultiPolygon", "coordinates": [ [ [ [ 126.923926, 35.150899 ], [ 126.923914, 35.150847 ], [ 126.923779, 35.150863 ], [ 126.923792, 35.150916 ], [ 126.923926, 35.150899 ] ] ] ] } },
{ "type": "Feature", "properties": { "BUL_MAN_NO": 36918, "BULD_NM": null, "flo": 1.0, "h": 3.3 }, "geometry": { "type": "MultiPolygon", "coordinates": [ [ [ [ 126.923744, 35.150869 ], [ 126.923726, 35.15085 ], [ 126.92379, 35.150836 ], [ 126.923796, 35.150861 ], [ 126.923744, 35.150869 ] ] ] ] } },
{ "type": "Feature", "properties": { "BUL_MAN_NO": 36917, "BULD_NM": null, "flo": 1.0, "h": 3.3 }, "geometry": { "type": "MultiPolygon", "coordinates": [ [ [ [ 126.923912, 35.150838 ], [ 126.923909, 35.150825 ], [ 126.923916, 35.150824 ], [ 126.923918, 35.150837 ], [ 126.923912, 35.150838 ] ] ] ] } },
{ "type": "Feature", "properties": { "BUL_MAN_NO": 4579, "BULD_NM": null, "flo": 1.0, "h": 3.3 }, "geometry": { "type": "MultiPolygon", "coordinates": [ [ [ [ 126.924082, 35.15087 ], [ 126.924067, 35.150812 ], [ 126.923944, 35.150829 ], [ 126.923956, 35.150888 ], [ 126.924082, 35.15087 ] ] ] ] } },
{ "type": "Feature", "properties": { "BUL_MAN_NO": 36865, "BULD_NM": null, "flo": 1.0, "h": 3.3 }, "geometry": { "type": "MultiPolygon", "coordinates": [ [ [ [ 126.92408, 35.150857 ], [ 126.924071, 35.15082 ], [ 126.92408, 35.150817 ], [ 126.924088, 35.150855 ], [ 126.92408, 35.150857 ] ] ] ] } },
{ "type": "Feature", "properties": { "BUL_MAN_NO": 36864, "BULD_NM": null, "flo": 1.0, "h": 3.3 }, "geometry": { "type": "MultiPolygon", "coordinates": [ [ [ [ 126.923945, 35.150827 ], [ 126.923943, 35.15082 ], [ 126.923989, 35.150812 ], [ 126.923991, 35.15082 ], [ 126.923945, 35.150827 ] ] ] ] } },
{ "type": "Feature", "properties": { "BUL_MAN_NO": 33286, "BULD_NM": null, "flo": 4.0, "h": 13.2 }, "geometry": { "type": "MultiPolygon", "coordinates": [ [ [ [ 126.923777, 35.150691 ], [ 126.923861, 35.15068 ], [ 126.923828, 35.150504 ], [ 126.923743, 35.150514 ], [ 126.923777, 35.150691 ] ] ] ] } },
{ "type": "Feature", "properties": { "BUL_MAN_NO": 4580, "BULD_NM": null, "flo": 2.0, "h": 6.6 }, "geometry": { "type": "MultiPolygon", "coordinates": [ [ [ [ 126.924284, 35.150898 ], [ 126.924262, 35.150774 ], [ 126.924183, 35.150783 ], [ 126.924185, 35.150795 ], [ 126.924174, 35.150797 ], [ 126.924176, 35.150808 ], [ 126.92409, 35.150819 ], [ 126.924108, 35.150919 ], [ 126.924284, 35.150898 ] ] ] ] } },
{ "type": "Feature", "properties": { "BUL_MAN_NO": 36866, "BULD_NM": null, "flo": 1.0, "h": 3.3 }, "geometry": { "type": "MultiPolygon", "coordinates": [ [ [ [ 126.924091, 35.150815 ], [ 126.924083, 35.150771 ], [ 126.92412, 35.150766 ], [ 126.924128, 35.150809 ], [ 126.924091, 35.150815 ] ] ] ] } },
{ "type": "Feature", "properties": { "BUL_MAN_NO": 4582, "BULD_NM": null, "flo": 2.0, "h": 6.6 }, "geometry": { "type": "MultiPolygon", "coordinates": [ [ [ [ 126.923953, 35.150623 ], [ 126.923946, 35.150589 ], [ 126.923866, 35.150599 ], [ 126.92387, 35.150623 ], [ 126.923883, 35.150688 ], [ 126.923942, 35.15068 ], [ 126.923941, 35.150672 ], [ 126.923954, 35.15067 ], [ 126.923951, 35.150656 ], [ 126.923946, 35.150632 ], [ 126.923954, 35.150631 ], [ 126.923953, 35.150623 ] ] ] ] } },
{ "type": "Feature", "properties": { "BUL_MAN_NO": 4597, "BULD_NM": null, "flo": 1.0, "h": 3.3 }, "geometry": { "type": "MultiPolygon", "coordinates": [ [ [ [ 126.92394, 35.150489 ], [ 126.923931, 35.150455 ], [ 126.923838, 35.15047 ], [ 126.923864, 35.150592 ], [ 126.923933, 35.150583 ], [ 126.923914, 35.150493 ], [ 126.92394, 35.150489 ] ] ] ] } },
{ "type": "Feature", "properties": { "BUL_MAN_NO": 36914, "BULD_NM": null, "flo": 1.0, "h": 3.3 }, "geometry": { "type": "MultiPolygon", "coordinates": [ [ [ [ 126.923927, 35.150529 ], [ 126.92392, 35.1505 ], [ 126.923937, 35.150497 ], [ 126.923943, 35.150526 ], [ 126.923927, 35.150529 ] ] ] ] } },
{ "type": "Feature", "properties": { "BUL_MAN_NO": 36915, "BULD_NM": null, "flo": 1.0, "h": 3.3 }, "geometry": { "type": "MultiPolygon", "coordinates": [ [ [ [ 126.923937, 35.150568 ], [ 126.92393, 35.15054 ], [ 126.923946, 35.150537 ], [ 126.923953, 35.150566 ], [ 126.923937, 35.150568 ] ] ] ] } },
{ "type": "Feature", "properties": { "BUL_MAN_NO": 4578, "BULD_NM": "동구 아가페실버센터", "flo": 2.0, "h": 6.6 }, "geometry": { "type": "MultiPolygon", "coordinates": [ [ [ [ 126.924494, 35.150936 ], [ 126.924469, 35.150834 ], [ 126.924404, 35.150846 ], [ 126.924394, 35.150805 ], [ 126.924411, 35.150803 ], [ 126.924413, 35.150815 ], [ 126.924469, 35.150805 ], [ 126.924444, 35.1507 ], [ 126.924339, 35.150714 ], [ 126.924351, 35.150787 ], [ 126.924322, 35.150791 ], [ 126.924332, 35.150836 ], [ 126.924306, 35.150839 ], [ 126.924336, 35.15096 ], [ 126.924494, 35.150936 ] ] ] ] } },
{ "type": "Feature", "properties": { "BUL_MAN_NO": 36862, "BULD_NM": "동구 아가페실버센터", "flo": 1.0, "h": 3.3 }, "geometry": { "type": "MultiPolygon", "coordinates": [ [ [ [ 126.924354, 35.151032 ], [ 126.924338, 35.150963 ], [ 126.924494, 35.150939 ], [ 126.924511, 35.151009 ], [ 126.924354, 35.151032 ] ] ] ] } },
{ "type": "Feature", "properties": { "BUL_MAN_NO": 4596, "BULD_NM": "동구노인종합복지관 별관", "flo": 3.0, "h": 9.9 }, "geometry": { "type": "MultiPolygon", "coordinates": [ [ [ [ 126.924174, 35.150529 ], [ 126.92416, 35.150431 ], [ 126.924138, 35.150434 ], [ 126.923971, 35.150463 ], [ 126.924007, 35.150644 ], [ 126.924078, 35.150636 ], [ 126.924071, 35.150596 ], [ 126.924165, 35.150585 ], [ 126.924156, 35.150531 ], [ 126.924174, 35.150529 ] ] ] ] } },
{ "type": "Feature", "properties": { "BUL_MAN_NO": 4577, "BULD_NM": "동구노인종합복지관 실버피아", "flo": 2.0, "h": 6.6 }, "geometry": { "type": "MultiPolygon", "coordinates": [ [ [ [ 126.924639, 35.150767 ], [ 126.924616, 35.150641 ], [ 126.924548, 35.15065 ], [ 126.924552, 35.150674 ], [ 126.92446, 35.150689 ], [ 126.924485, 35.150796 ], [ 126.924639, 35.150767 ] ] ] ] } },
{ "type": "Feature", "properties": { "BUL_MAN_NO": 4583, "BULD_NM": null, "flo": 3.0, "h": 9.9 }, "geometry": { "type": "MultiPolygon", "coordinates": [ [ [ [ 126.924249, 35.150576 ], [ 126.924365, 35.15056 ], [ 126.924368, 35.150575 ], [ 126.924422, 35.150567 ], [ 126.92442, 35.150557 ], [ 126.924563, 35.150537 ], [ 126.92454, 35.150432 ], [ 126.924518, 35.150435 ], [ 126.924512, 35.150404 ], [ 126.924353, 35.150427 ], [ 126.924345, 35.15039 ], [ 126.924216, 35.150414 ], [ 126.924182, 35.150421 ], [ 126.924197, 35.150517 ], [ 126.924236, 35.150511 ], [ 126.924249, 35.150576 ] ] ] ] } },
{ "type": "Feature", "properties": { "BUL_MAN_NO": 29150, "BULD_NM": null, "flo": 1.0, "h": 3.3 }, "geometry": { "type": "MultiPolygon", "coordinates": [ [ [ [ 126.92494, 35.15083 ], [ 126.925157, 35.150798 ], [ 126.925132, 35.150684 ], [ 126.924731, 35.150743 ], [ 126.924756, 35.150857 ], [ 126.92494, 35.15083 ] ] ] ] } },
{ "type": "Feature", "properties": { "BUL_MAN_NO": 4576, "BULD_NM": null, "flo": 1.0, "h": 3.3 }, "geometry": { "type": "MultiPolygon", "coordinates": [ [ [ [ 126.925078, 35.150416 ], [ 126.925058, 35.150312 ], [ 126.925008, 35.150319 ], [ 126.925012, 35.150333 ], [ 126.924926, 35.150346 ], [ 126.924929, 35.150359 ], [ 126.92489, 35.150365 ], [ 126.924901, 35.150415 ], [ 126.924914, 35.150414 ], [ 126.924926, 35.150465 ], [ 126.925004, 35.150456 ], [ 126.925001, 35.150424 ], [ 126.925078, 35.150416 ] ] ] ] } },
{ "type": "Feature", "properties": { "BUL_MAN_NO": 4605, "BULD_NM": null, "flo": 2.0, "h": 6.6 }, "geometry": { "type": "MultiPolygon", "coordinates": [ [ [ [ 126.925224, 35.150483 ], [ 126.925206, 35.150419 ], [ 126.925101, 35.150435 ], [ 126.925115, 35.150501 ], [ 126.925224, 35.150483 ] ] ] ] } },
{ "type": "Feature", "properties": { "BUL_MAN_NO": 4584, "BULD_NM": null, "flo": 2.0, "h": 6.6 }, "geometry": { "type": "MultiPolygon", "coordinates": [ [ [ [ 126.92543, 35.150964 ], [ 126.925408, 35.150839 ], [ 126.92538, 35.150841 ], [ 126.925369, 35.15078 ], [ 126.925342, 35.150784 ], [ 126.925318, 35.150676 ], [ 126.925164, 35.150696 ], [ 126.925204, 35.150869 ], [ 126.925159, 35.150876 ], [ 126.925183, 35.151002 ], [ 126.92543, 35.150964 ] ] ] ] } },
{ "type": "Feature", "properties": { "BUL_MAN_NO": 4574, "BULD_NM": null, "flo": 2.0, "h": 6.6 }, "geometry": { "type": "MultiPolygon", "coordinates": [ [ [ [ 126.925497, 35.150697 ], [ 126.925558, 35.150689 ], [ 126.92556, 35.150697 ], [ 126.92559, 35.150693 ], [ 126.925589, 35.150687 ], [ 126.925677, 35.150675 ], [ 126.925668, 35.150621 ], [ 126.925622, 35.150626 ], [ 126.925612, 35.150577 ], [ 126.925562, 35.150584 ], [ 126.925564, 35.150591 ], [ 126.92554, 35.150594 ], [ 126.925533, 35.150558 ], [ 126.925473, 35.150566 ], [ 126.925497, 35.150697 ] ] ] ] } },
{ "type": "Feature", "properties": { "BUL_MAN_NO": 4572, "BULD_NM": null, "flo": 2.0, "h": 6.6 }, "geometry": { "type": "MultiPolygon", "coordinates": [ [ [ [ 126.925617, 35.150435 ], [ 126.925614, 35.150416 ], [ 126.925674, 35.150408 ], [ 126.925664, 35.150283 ], [ 126.925565, 35.150291 ], [ 126.925577, 35.150345 ], [ 126.925474, 35.150361 ], [ 126.925482, 35.150437 ], [ 126.92555, 35.150434 ], [ 126.925551, 35.15044 ], [ 126.925617, 35.150435 ] ] ] ] } },
{ "type": "Feature", "properties": { "BUL_MAN_NO": 4567, "BULD_NM": null, "flo": 2.0, "h": 6.6 }, "geometry": { "type": "MultiPolygon", "coordinates": [ [ [ [ 126.92579, 35.150351 ], [ 126.925788, 35.150325 ], [ 126.92569, 35.150328 ], [ 126.925696, 35.150433 ], [ 126.925774, 35.150425 ], [ 126.925768, 35.150352 ], [ 126.92579, 35.150351 ] ] ] ] } },
{ "type": "Feature", "properties": { "BUL_MAN_NO": 24132, "BULD_NM": "제2호(동명교회다목적관)", "flo": 6.0, "h": 19.8 }, "geometry": { "type": "MultiPolygon", "coordinates": [ [ [ [ 126.926441, 35.150288 ], [ 126.926434, 35.150223 ], [ 126.926351, 35.150226 ], [ 126.926341, 35.150172 ], [ 126.926309, 35.150174 ], [ 126.926381, 35.150027 ], [ 126.926712, 35.149993 ], [ 126.926731, 35.150027 ], [ 126.926775, 35.150023 ], [ 126.926784, 35.15008 ], [ 126.926766, 35.150082 ], [ 126.926769, 35.150104 ], [ 126.926741, 35.150107 ], [ 126.926751, 35.15019 ], [ 126.926656, 35.150198 ], [ 126.926664, 35.150268 ], [ 126.926441, 35.150288 ] ] ] ] } },
{ "type": "Feature", "properties": { "BUL_MAN_NO": 24133, "BULD_NM": "제1호", "flo": 5.0, "h": 16.5 }, "geometry": { "type": "MultiPolygon", "coordinates": [ [ [ [ 126.926704, 35.150283 ], [ 126.926691, 35.150229 ], [ 126.926803, 35.150213 ], [ 126.926791, 35.15014 ], [ 126.926936, 35.150117 ], [ 126.926967, 35.150239 ], [ 126.926704, 35.150283 ] ] ] ] } },
{ "type": "Feature", "properties": { "BUL_MAN_NO": 24134, "BULD_NM": "동명교회", "flo": 4.0, "h": 13.2 }, "geometry": { "type": "MultiPolygon", "coordinates": [ [ [ [ 126.92683, 35.150616 ], [ 126.926816, 35.150606 ], [ 126.92677, 35.150614 ], [ 126.926769, 35.1506 ], [ 126.926702, 35.150559 ], [ 126.926686, 35.150562 ], [ 126.926674, 35.150506 ], [ 126.926671, 35.150499 ], [ 126.926651, 35.150487 ], [ 126.926641, 35.150434 ], [ 126.9266, 35.150439 ], [ 126.9266, 35.150456 ], [ 126.92646, 35.150474 ], [ 126.926472, 35.150533 ], [ 126.926486, 35.150616 ], [ 126.926521, 35.15082 ], [ 126.926689, 35.150798 ], [ 126.926854, 35.150778 ], [ 126.926831, 35.15065 ], [ 126.926836, 35.150645 ], [ 126.92683, 35.150616 ] ] ] ] } },
{ "type": "Feature", "properties": { "BUL_MAN_NO": 24148, "BULD_NM": "동명맨션", "flo": 3.0, "h": 9.9 }, "geometry": { "type": "MultiPolygon", "coordinates": [ [ [ [ 126.927157, 35.150745 ], [ 126.927155, 35.150733 ], [ 126.927218, 35.15072 ], [ 126.927211, 35.150685 ], [ 126.927219, 35.150683 ], [ 126.927209, 35.150638 ], [ 126.927205, 35.150638 ], [ 126.927201, 35.150617 ], [ 126.927198, 35.150599 ], [ 126.927102, 35.150613 ], [ 126.927078, 35.150617 ], [ 126.927031, 35.150624 ], [ 126.927038, 35.150653 ], [ 126.92706, 35.150742 ], [ 126.927081, 35.150739 ], [ 126.927085, 35.150756 ], [ 126.927157, 35.150745 ] ] ] ] } },
{ "type": "Feature", "properties": { "BUL_MAN_NO": 24149, "BULD_NM": "동명맨션", "flo": 7.0, "h": 23.1 }, "geometry": { "type": "MultiPolygon", "coordinates": [ [ [ [ 126.927428, 35.150484 ], [ 126.927462, 35.150479 ], [ 126.927463, 35.150484 ], [ 126.927511, 35.150478 ], [ 126.927508, 35.150456 ], [ 126.927525, 35.150453 ], [ 126.927501, 35.150347 ], [ 126.927454, 35.150355 ], [ 126.92745, 35.150331 ], [ 126.927415, 35.150338 ], [ 126.927413, 35.150332 ], [ 126.927396, 35.150335 ], [ 126.927395, 35.150327 ], [ 126.927317, 35.150339 ], [ 126.927315, 35.15033 ], [ 126.92725, 35.150341 ], [ 126.927251, 35.150349 ], [ 126.927157, 35.150364 ], [ 126.927154, 35.150353 ], [ 126.927091, 35.150364 ], [ 126.927092, 35.150371 ], [ 126.927045, 35.150379 ], [ 126.927069, 35.150491 ], [ 126.927095, 35.150487 ], [ 126.927095, 35.150492 ], [ 126.927127, 35.150487 ], [ 126.927127, 35.150482 ], [ 126.92731, 35.150454 ], [ 126.927315, 35.150464 ], [ 126.927376, 35.150456 ], [ 126.927385, 35.150499 ], [ 126.92743, 35.150492 ], [ 126.927428, 35.150484 ] ] ] ] } },
{ "type": "Feature", "properties": { "BUL_MAN_NO": 36926, "BULD_NM": null, "flo": 1.0, "h": 3.3 }, "geometry": { "type": "MultiPolygon", "coordinates": [ [ [ [ 126.927078, 35.150155 ], [ 126.927077, 35.150147 ], [ 126.927113, 35.150144 ], [ 126.927115, 35.150151 ], [ 126.927078, 35.150155 ] ] ] ] } },
{ "type": "Feature", "properties": { "BUL_MAN_NO": 4606, "BULD_NM": null, "flo": 2.0, "h": 6.6 }, "geometry": { "type": "MultiPolygon", "coordinates": [ [ [ [ 126.926996, 35.150237 ], [ 126.926981, 35.150171 ], [ 126.927073, 35.150158 ], [ 126.927075, 35.150168 ], [ 126.927104, 35.150164 ], [ 126.927116, 35.150219 ], [ 126.926996, 35.150237 ] ] ] ] } },
{ "type": "Feature", "properties": { "BUL_MAN_NO": 36907, "BULD_NM": null, "flo": 1.0, "h": 3.3 }, "geometry": { "type": "MultiPolygon", "coordinates": [ [ [ [ 126.927257, 35.150142 ], [ 126.927188, 35.150152 ], [ 126.927187, 35.150148 ], [ 126.927151, 35.150152 ], [ 126.927158, 35.150207 ], [ 126.927267, 35.150197 ], [ 126.927257, 35.150142 ] ] ] ] } },
{ "type": "Feature", "properties": { "BUL_MAN_NO": 36908, "BULD_NM": null, "flo": 1.0, "h": 3.3 }, "geometry": { "type": "MultiPolygon", "coordinates": [ [ [ [ 126.927151, 35.15015 ], [ 126.927149, 35.150142 ], [ 126.927186, 35.150139 ], [ 126.927187, 35.150146 ], [ 126.927151, 35.15015 ] ] ] ] } },
{ "type": "Feature", "properties": { "BUL_MAN_NO": 4589, "BULD_NM": null, "flo": 1.0, "h": 3.3 }, "geometry": { "type": "MultiPolygon", "coordinates": [ [ [ [ 126.927313, 35.150192 ], [ 126.927308, 35.150136 ], [ 126.92726, 35.15014 ], [ 126.92727, 35.150197 ], [ 126.927313, 35.150192 ] ] ] ] } },
{ "type": "Feature", "properties": { "BUL_MAN_NO": 4592, "BULD_NM": null, "flo": 1.0, "h": 3.3 }, "geometry": { "type": "MultiPolygon", "coordinates": [ [ [ [ 126.927606, 35.150314 ], [ 126.92759, 35.150213 ], [ 126.927511, 35.150223 ], [ 126.927529, 35.150327 ], [ 126.927606, 35.150314 ] ] ] ] } },
{ "type": "Feature", "properties": { "BUL_MAN_NO": 36910, "BULD_NM": null, "flo": 1.0, "h": 3.3 }, "geometry": { "type": "MultiPolygon", "coordinates": [ [ [ [ 126.927609, 35.150312 ], [ 126.927607, 35.150304 ], [ 126.927619, 35.150301 ], [ 126.927621, 35.15031 ], [ 126.927609, 35.150312 ] ] ] ] } },
{ "type": "Feature", "properties": { "BUL_MAN_NO": 36909, "BULD_NM": null, "flo": 1.0, "h": 3.3 }, "geometry": { "type": "MultiPolygon", "coordinates": [ [ [ [ 126.927592, 35.150219 ], [ 126.927592, 35.150214 ], [ 126.927607, 35.150212 ], [ 126.927608, 35.150217 ], [ 126.927592, 35.150219 ] ] ] ] } },
{ "type": "Feature", "properties": { "BUL_MAN_NO": 4593, "BULD_NM": null, "flo": 1.0, "h": 3.3 }, "geometry": { "type": "MultiPolygon", "coordinates": [ [ [ [ 126.927577, 35.150134 ], [ 126.927571, 35.150096 ], [ 126.927569, 35.150098 ], [ 126.927564, 35.150036 ], [ 126.927495, 35.150041 ], [ 126.927491, 35.150145 ], [ 126.927577, 35.150134 ] ] ] ] } },
{ "type": "Feature", "properties": { "BUL_MAN_NO": 4594, "BULD_NM": null, "flo": 1.0, "h": 3.3 }, "geometry": { "type": "MultiPolygon", "coordinates": [ [ [ [ 126.927579, 35.150156 ], [ 126.927577, 35.150136 ], [ 126.927492, 35.150147 ], [ 126.927496, 35.150167 ], [ 126.927579, 35.150156 ] ] ] ] } },
{ "type": "Feature", "properties": { "BUL_MAN_NO": 24144, "BULD_NM": null, "flo": 1.0, "h": 3.3 }, "geometry": { "type": "MultiPolygon", "coordinates": [ [ [ [ 126.927493, 35.150041 ], [ 126.927458, 35.150041 ], [ 126.927463, 35.150108 ], [ 126.927491, 35.150105 ], [ 126.927493, 35.150041 ] ] ] ] } },
{ "type": "Feature", "properties": { "BUL_MAN_NO": 4604, "BULD_NM": null, "flo": 2.0, "h": 6.6 }, "geometry": { "type": "MultiPolygon", "coordinates": [ [ [ [ 126.927717, 35.150304 ], [ 126.927707, 35.150239 ], [ 126.927674, 35.150243 ], [ 126.927668, 35.150209 ], [ 126.927616, 35.150212 ], [ 126.927623, 35.150251 ], [ 126.927618, 35.150252 ], [ 126.927627, 35.150313 ], [ 126.927717, 35.150304 ] ] ] ] } },
{ "type": "Feature", "properties": { "BUL_MAN_NO": 24146, "BULD_NM": null, "flo": 1.0, "h": 3.3 }, "geometry": { "type": "MultiPolygon", "coordinates": [ [ [ [ 126.927735, 35.150045 ], [ 126.927708, 35.150031 ], [ 126.927586, 35.15004 ], [ 126.927589, 35.150097 ], [ 126.927737, 35.150094 ], [ 126.927735, 35.150045 ] ] ] ] } },
{ "type": "Feature", "properties": { "BUL_MAN_NO": 24145, "BULD_NM": null, "flo": 1.0, "h": 3.3 }, "geometry": { "type": "MultiPolygon", "coordinates": [ [ [ [ 126.927737, 35.150139 ], [ 126.927737, 35.150096 ], [ 126.927683, 35.150098 ], [ 126.927684, 35.150113 ], [ 126.927598, 35.15012 ], [ 126.9276, 35.150153 ], [ 126.927737, 35.150139 ] ] ] ] } },
{ "type": "Feature", "properties": { "BUL_MAN_NO": 4595, "BULD_NM": null, "flo": 2.0, "h": 6.6 }, "geometry": { "type": "MultiPolygon", "coordinates": [ [ [ [ 126.928044, 35.150176 ], [ 126.927981, 35.150175 ], [ 126.927981, 35.150188 ], [ 126.92793, 35.150191 ], [ 126.927931, 35.150204 ], [ 126.927908, 35.150205 ], [ 126.927912, 35.150278 ], [ 126.928045, 35.150276 ], [ 126.928044, 35.150176 ] ] ] ] } },
{ "type": "Feature", "properties": { "BUL_MAN_NO": 36911, "BULD_NM": null, "flo": 1.0, "h": 3.3 }, "geometry": { "type": "MultiPolygon", "coordinates": [ [ [ [ 126.92791, 35.150198 ], [ 126.927909, 35.150184 ], [ 126.92792, 35.150184 ], [ 126.92792, 35.150198 ], [ 126.92791, 35.150198 ] ] ] ] } },
{ "type": "Feature", "properties": { "BUL_MAN_NO": 27861, "BULD_NM": null, "flo": 1.0, "h": 3.3 }, "geometry": { "type": "MultiPolygon", "coordinates": [ [ [ [ 126.92806, 35.150253 ], [ 126.928092, 35.150253 ], [ 126.928092, 35.15019 ], [ 126.928059, 35.15019 ], [ 126.92806, 35.150253 ] ] ] ] } },
{ "type": "Feature", "properties": { "BUL_MAN_NO": 4735, "BULD_NM": null, "flo": 3.0, "h": 9.9 }, "geometry": { "type": "MultiPolygon", "coordinates": [ [ [ [ 126.923332, 35.150359 ], [ 126.923344, 35.150349 ], [ 126.923348, 35.150353 ], [ 126.923362, 35.15034 ], [ 126.923368, 35.150314 ], [ 126.923339, 35.150288 ], [ 126.923306, 35.150293 ], [ 126.923263, 35.150303 ], [ 126.923233, 35.150327 ], [ 126.923337, 35.150437 ], [ 126.923368, 35.1504 ], [ 126.923332, 35.150359 ] ] ] ] } },
{ "type": "Feature", "properties": { "BUL_MAN_NO": 36992, "BULD_NM": null, "flo": 1.0, "h": 3.3 }, "geometry": { "type": "MultiPolygon", "coordinates": [ [ [ [ 126.923495, 35.150316 ], [ 126.923467, 35.150277 ], [ 126.92348, 35.150273 ], [ 126.923507, 35.150311 ], [ 126.923495, 35.150316 ] ] ] ] } },
{ "type": "Feature", "properties": { "BUL_MAN_NO": 4734, "BULD_NM": null, "flo": 3.0, "h": 9.9 }, "geometry": { "type": "MultiPolygon", "coordinates": [ [ [ [ 126.923507, 35.150336 ], [ 126.923466, 35.150277 ], [ 126.923427, 35.150283 ], [ 126.923374, 35.150299 ], [ 126.923404, 35.150336 ], [ 126.923392, 35.150343 ], [ 126.923409, 35.150369 ], [ 126.923507, 35.150336 ] ] ] ] } },
{ "type": "Feature", "properties": { "BUL_MAN_NO": 29758, "BULD_NM": null, "flo": 4.0, "h": 13.2 }, "geometry": { "type": "MultiPolygon", "coordinates": [ [ [ [ 126.923647, 35.150181 ], [ 126.923636, 35.150131 ], [ 126.923627, 35.150114 ], [ 126.923496, 35.150133 ], [ 126.923499, 35.150144 ], [ 126.923479, 35.150147 ], [ 126.923491, 35.150204 ], [ 126.923647, 35.150181 ] ] ] ] } },
{ "type": "Feature", "properties": { "BUL_MAN_NO": 4730, "BULD_NM": null, "flo": 2.0, "h": 6.6 }, "geometry": { "type": "MultiPolygon", "coordinates": [ [ [ [ 126.923805, 35.150296 ], [ 126.923794, 35.150234 ], [ 126.923675, 35.150249 ], [ 126.923687, 35.150309 ], [ 126.923805, 35.150296 ] ] ] ] } },
{ "type": "Feature", "properties": { "BUL_MAN_NO": 4725, "BULD_NM": null, "flo": 2.0, "h": 6.6 }, "geometry": { "type": "MultiPolygon", "coordinates": [ [ [ [ 126.923811, 35.150139 ], [ 126.923789, 35.15005 ], [ 126.923738, 35.150066 ], [ 126.923739, 35.150076 ], [ 126.923677, 35.150096 ], [ 126.923691, 35.150168 ], [ 126.923697, 35.150168 ], [ 126.923697, 35.150174 ], [ 126.923797, 35.150158 ], [ 126.923806, 35.150151 ], [ 126.923811, 35.150139 ] ] ] ] } },
{ "type": "Feature", "properties": { "BUL_MAN_NO": 36868, "BULD_NM": null, "flo": 1.0, "h": 3.3 }, "geometry": { "type": "MultiPolygon", "coordinates": [ [ [ [ 126.923662, 35.150149 ], [ 126.923655, 35.150135 ], [ 126.923669, 35.150131 ], [ 126.923672, 35.150136 ], [ 126.923668, 35.150138 ], [ 126.923672, 35.150146 ], [ 126.923662, 35.150149 ] ] ] ] } },
{ "type": "Feature", "properties": { "BUL_MAN_NO": 4724, "BULD_NM": null, "flo": 2.0, "h": 6.6 }, "geometry": { "type": "MultiPolygon", "coordinates": [ [ [ [ 126.923954, 35.150135 ], [ 126.923945, 35.150022 ], [ 126.923891, 35.150027 ], [ 126.923864, 35.150039 ], [ 126.923864, 35.150051 ], [ 126.92382, 35.150054 ], [ 126.923842, 35.150151 ], [ 126.923954, 35.150135 ] ] ] ] } },
{ "type": "Feature", "properties": { "BUL_MAN_NO": 4723, "BULD_NM": null, "flo": 4.0, "h": 13.2 }, "geometry": { "type": "MultiPolygon", "coordinates": [ [ [ [ 126.924148, 35.150087 ], [ 126.92413, 35.149954 ], [ 126.923991, 35.149993 ], [ 126.923986, 35.15 ], [ 126.923968, 35.15 ], [ 126.923997, 35.150113 ], [ 126.924148, 35.150087 ] ] ] ] } },
{ "type": "Feature", "properties": { "BUL_MAN_NO": 4720, "BULD_NM": "금석빌라", "flo": 5.0, "h": 16.5 }, "geometry": { "type": "MultiPolygon", "coordinates": [ [ [ [ 126.924293, 35.150336 ], [ 126.924263, 35.150189 ], [ 126.924047, 35.15022 ], [ 126.924075, 35.150367 ], [ 126.924293, 35.150336 ] ] ] ] } },
{ "type": "Feature", "properties": { "BUL_MAN_NO": 4722, "BULD_NM": null, "flo": 4.0, "h": 13.2 }, "geometry": { "type": "MultiPolygon", "coordinates": [ [ [ [ 126.924299, 35.150069 ], [ 126.924254, 35.149913 ], [ 126.924139, 35.149937 ], [ 126.924169, 35.150079 ], [ 126.924254, 35.150061 ], [ 126.924257, 35.150079 ], [ 126.924299, 35.150069 ] ] ] ] } },
{ "type": "Feature", "properties": { "BUL_MAN_NO": 4729, "BULD_NM": null, "flo": 1.0, "h": 3.3 }, "geometry": { "type": "MultiPolygon", "coordinates": [ [ [ [ 126.92453, 35.150201 ], [ 126.924524, 35.150176 ], [ 126.924477, 35.150185 ], [ 126.924483, 35.15021 ], [ 126.92453, 35.150201 ] ] ] ] } },
{ "type": "Feature", "properties": { "BUL_MAN_NO": 4728, "BULD_NM": null, "flo": 1.0, "h": 3.3 }, "geometry": { "type": "MultiPolygon", "coordinates": [ [ [ [ 126.924478, 35.150205 ], [ 126.924466, 35.150154 ], [ 126.92444, 35.150159 ], [ 126.924438, 35.150147 ], [ 126.924366, 35.15016 ], [ 126.924365, 35.150151 ], [ 126.924334, 35.150155 ], [ 126.924336, 35.150169 ], [ 126.924333, 35.150171 ], [ 126.924346, 35.150225 ], [ 126.924478, 35.150205 ] ] ] ] } },
{ "type": "Feature", "properties": { "BUL_MAN_NO": 4721, "BULD_NM": null, "flo": 2.0, "h": 6.6 }, "geometry": { "type": "MultiPolygon", "coordinates": [ [ [ [ 126.924386, 35.149999 ], [ 126.924376, 35.149951 ], [ 126.924291, 35.149963 ], [ 126.924317, 35.150077 ], [ 126.924379, 35.15007 ], [ 126.924365, 35.150002 ], [ 126.924386, 35.149999 ] ] ] ] } },
{ "type": "Feature", "properties": { "BUL_MAN_NO": 4731, "BULD_NM": null, "flo": 1.0, "h": 3.3 }, "geometry": { "type": "MultiPolygon", "coordinates": [ [ [ [ 126.924485, 35.15006 ], [ 126.924463, 35.149944 ], [ 126.924384, 35.149955 ], [ 126.924411, 35.150072 ], [ 126.924485, 35.15006 ] ] ] ] } },
{ "type": "Feature", "properties": { "BUL_MAN_NO": 36922, "BULD_NM": null, "flo": 1.0, "h": 3.3 }, "geometry": { "type": "MultiPolygon", "coordinates": [ [ [ [ 126.924473, 35.149956 ], [ 126.924468, 35.149936 ], [ 126.924481, 35.149934 ], [ 126.924486, 35.149953 ], [ 126.924473, 35.149956 ] ] ] ] } },
{ "type": "Feature", "properties": { "BUL_MAN_NO": 31423, "BULD_NM": null, "flo": 1.0, "h": 3.3 }, "geometry": { "type": "MultiPolygon", "coordinates": [ [ [ [ 126.924607, 35.150101 ], [ 126.924714, 35.150086 ], [ 126.924725, 35.150134 ], [ 126.924618, 35.15015 ], [ 126.924607, 35.150101 ] ] ] ] } },
{ "type": "Feature", "properties": { "BUL_MAN_NO": 31444, "BULD_NM": null, "flo": 1.0, "h": 3.3 }, "geometry": { "type": "MultiPolygon", "coordinates": [ [ [ [ 126.924729, 35.150142 ], [ 126.924813, 35.15013 ], [ 126.924827, 35.150203 ], [ 126.924744, 35.150215 ], [ 126.924729, 35.150142 ] ] ] ] } },
{ "type": "Feature", "properties": { "BUL_MAN_NO": 31221, "BULD_NM": null, "flo": 3.0, "h": 9.9 }, "geometry": { "type": "MultiPolygon", "coordinates": [ [ [ [ 126.924554, 35.149933 ], [ 126.924624, 35.149923 ], [ 126.924632, 35.149965 ], [ 126.92483, 35.149938 ], [ 126.924827, 35.149926 ], [ 126.924768, 35.149934 ], [ 126.924762, 35.149904 ], [ 126.924887, 35.149886 ], [ 126.92491, 35.149997 ], [ 126.924602, 35.15004 ], [ 126.924573, 35.150024 ], [ 126.924554, 35.149933 ] ] ] ] } },
{ "type": "Feature", "properties": { "BUL_MAN_NO": 4717, "BULD_NM": null, "flo": 4.0, "h": 13.2 }, "geometry": { "type": "MultiPolygon", "coordinates": [ [ [ [ 126.925047, 35.150268 ], [ 126.925014, 35.15008 ], [ 126.924972, 35.150085 ], [ 126.924969, 35.150062 ], [ 126.924825, 35.150083 ], [ 126.924872, 35.150294 ], [ 126.925047, 35.150268 ] ] ] ] } },
{ "type": "Feature", "properties": { "BUL_MAN_NO": 4726, "BULD_NM": null, "flo": 3.0, "h": 9.9 }, "geometry": { "type": "MultiPolygon", "coordinates": [ [ [ [ 126.925285, 35.150153 ], [ 126.925262, 35.150032 ], [ 126.925064, 35.150062 ], [ 126.92509, 35.150177 ], [ 126.925285, 35.150153 ] ] ] ] } },
{ "type": "Feature", "properties": { "BUL_MAN_NO": 4727, "BULD_NM": null, "flo": 2.0, "h": 6.6 }, "geometry": { "type": "MultiPolygon", "coordinates": [ [ [ [ 126.92501, 35.149906 ], [ 126.925002, 35.149874 ], [ 126.924986, 35.149878 ], [ 126.924983, 35.149862 ], [ 126.924901, 35.149872 ], [ 126.924923, 35.149985 ], [ 126.924989, 35.149976 ], [ 126.924984, 35.149952 ], [ 126.925, 35.149948 ], [ 126.92499, 35.149909 ], [ 126.92501, 35.149906 ] ] ] ] } },
{ "type": "Feature", "properties": { "BUL_MAN_NO": 36873, "BULD_NM": null, "flo": 1.0, "h": 3.3 }, "geometry": { "type": "MultiPolygon", "coordinates": [ [ [ [ 126.92499, 35.149874 ], [ 126.924988, 35.149862 ], [ 126.925008, 35.149858 ], [ 126.92501, 35.14987 ], [ 126.92499, 35.149874 ] ] ] ] } },
{ "type": "Feature", "properties": { "BUL_MAN_NO": 36688, "BULD_NM": null, "flo": 1.0, "h": 3.3 }, "geometry": { "type": "MultiPolygon", "coordinates": [ [ [ [ 126.925376, 35.150087 ], [ 126.925422, 35.150087 ], [ 126.925422, 35.150094 ], [ 126.925376, 35.150094 ], [ 126.925376, 35.150087 ] ] ] ] } },
{ "type": "Feature", "properties": { "BUL_MAN_NO": 4707, "BULD_NM": null, "flo": 1.0, "h": 3.3 }, "geometry": { "type": "MultiPolygon", "coordinates": [ [ [ [ 126.925456, 35.150082 ], [ 126.925448, 35.150036 ], [ 126.925456, 35.150036 ], [ 126.925446, 35.149991 ], [ 126.925379, 35.149999 ], [ 126.925358, 35.150025 ], [ 126.925368, 35.150083 ], [ 126.925456, 35.150082 ] ] ] ] } },
{ "type": "Feature", "properties": { "BUL_MAN_NO": 38732, "BULD_NM": "동명동 73-18  근린생활시설", "flo": 4.0, "h": 13.2 }, "geometry": { "type": "MultiPolygon", "coordinates": [ [ [ [ 126.925364, 35.14992 ], [ 126.925442, 35.14991 ], [ 126.92544, 35.149896 ], [ 126.925462, 35.149893 ], [ 126.925463, 35.149897 ], [ 126.925505, 35.149891 ], [ 126.925489, 35.149814 ], [ 126.925524, 35.14981 ], [ 126.925555, 35.149805 ], [ 126.925545, 35.14976 ], [ 126.925479, 35.149761 ], [ 126.925444, 35.149766 ], [ 126.925447, 35.149785 ], [ 126.925316, 35.149803 ], [ 126.925337, 35.149908 ], [ 126.925364, 35.14992 ] ] ] ] } },
{ "type": "Feature", "properties": { "BUL_MAN_NO": 4702, "BULD_NM": null, "flo": 2.0, "h": 6.6 }, "geometry": { "type": "MultiPolygon", "coordinates": [ [ [ [ 126.92556, 35.149994 ], [ 126.925523, 35.149992 ], [ 126.925522, 35.150003 ], [ 126.925473, 35.150008 ], [ 126.925467, 35.150074 ], [ 126.92555, 35.150075 ], [ 126.92556, 35.149994 ] ] ] ] } },
{ "type": "Feature", "properties": { "BUL_MAN_NO": 36687, "BULD_NM": null, "flo": 1.0, "h": 3.3 }, "geometry": { "type": "MultiPolygon", "coordinates": [ [ [ [ 126.925552, 35.150082 ], [ 126.925556, 35.150056 ], [ 126.925566, 35.150057 ], [ 126.925564, 35.150083 ], [ 126.925552, 35.150082 ] ] ] ] } },
{ "type": "Feature", "properties": { "BUL_MAN_NO": 4711, "BULD_NM": null, "flo": 1.0, "h": 3.3 }, "geometry": { "type": "MultiPolygon", "coordinates": [ [ [ [ 126.925695, 35.14981 ], [ 126.92569, 35.149777 ], [ 126.925579, 35.149786 ], [ 126.925597, 35.149893 ], [ 126.925675, 35.149884 ], [ 126.925662, 35.149813 ], [ 126.925695, 35.14981 ] ] ] ] } },
{ "type": "Feature", "properties": { "BUL_MAN_NO": 4712, "BULD_NM": null, "flo": 1.0, "h": 3.3 }, "geometry": { "type": "MultiPolygon", "coordinates": [ [ [ [ 126.925685, 35.149774 ], [ 126.925682, 35.149752 ], [ 126.925625, 35.149761 ], [ 126.925628, 35.149779 ], [ 126.925685, 35.149774 ] ] ] ] } },
{ "type": "Feature", "properties": { "BUL_MAN_NO": 4708, "BULD_NM": null, "flo": 3.0, "h": 9.9 }, "geometry": { "type": "MultiPolygon", "coordinates": [ [ [ [ 126.925844, 35.149828 ], [ 126.925828, 35.149748 ], [ 126.925715, 35.149765 ], [ 126.925737, 35.149869 ], [ 126.925821, 35.149856 ], [ 126.925816, 35.149832 ], [ 126.925844, 35.149828 ] ] ] ] } },
{ "type": "Feature", "properties": { "BUL_MAN_NO": 4710, "BULD_NM": null, "flo": 2.0, "h": 6.6 }, "geometry": { "type": "MultiPolygon", "coordinates": [ [ [ [ 126.92566, 35.15003 ], [ 126.925673, 35.149954 ], [ 126.925606, 35.149962 ], [ 126.92558, 35.150075 ], [ 126.925662, 35.150077 ], [ 126.925673, 35.150032 ], [ 126.92566, 35.15003 ] ] ] ] } },
{ "type": "Feature", "properties": { "BUL_MAN_NO": 4706, "BULD_NM": null, "flo": 1.0, "h": 3.3 }, "geometry": { "type": "MultiPolygon", "coordinates": [ [ [ [ 126.925876, 35.149933 ], [ 126.925831, 35.149931 ], [ 126.925825, 35.149988 ], [ 126.925877, 35.149989 ], [ 126.925876, 35.149933 ] ] ] ] } },
{ "type": "Feature", "properties": { "BUL_MAN_NO": 4705, "BULD_NM": null, "flo": 1.0, "h": 3.3 }, "geometry": { "type": "MultiPolygon", "coordinates": [ [ [ [ 126.925856, 35.149997 ], [ 126.925694, 35.149987 ], [ 126.925686, 35.150064 ], [ 126.925867, 35.150074 ], [ 126.925873, 35.150001 ], [ 126.925856, 35.149997 ] ] ] ] } },
{ "type": "Feature", "properties": { "BUL_MAN_NO": 4703, "BULD_NM": null, "flo": 2.0, "h": 6.6 }, "geometry": { "type": "MultiPolygon", "coordinates": [ [ [ [ 126.926042, 35.15001 ], [ 126.926026, 35.149929 ], [ 126.925898, 35.149948 ], [ 126.925916, 35.150031 ], [ 126.926042, 35.15001 ] ] ] ] } },
{ "type": "Feature", "properties": { "BUL_MAN_NO": 4709, "BULD_NM": null, "flo": 2.0, "h": 6.6 }, "geometry": { "type": "MultiPolygon", "coordinates": [ [ [ [ 126.92599, 35.150131 ], [ 126.925992, 35.150115 ], [ 126.925964, 35.150115 ], [ 126.925962, 35.150119 ], [ 126.925933, 35.150115 ], [ 126.925933, 35.150104 ], [ 126.925932, 35.150094 ], [ 126.925889, 35.150096 ], [ 126.925886, 35.150105 ], [ 126.925879, 35.150106 ], [ 126.925869, 35.150193 ], [ 126.925983, 35.150206 ], [ 126.925998, 35.150132 ], [ 126.92599, 35.150131 ] ] ] ] } },
{ "type": "Feature", "properties": { "BUL_MAN_NO": 36689, "BULD_NM": null, "flo": 1.0, "h": 3.3 }, "geometry": { "type": "MultiPolygon", "coordinates": [ [ [ [ 126.926001, 35.150111 ], [ 126.925986, 35.150109 ], [ 126.925991, 35.150086 ], [ 126.926006, 35.150087 ], [ 126.926001, 35.150111 ] ] ] ] } },
{ "type": "Feature", "properties": { "BUL_MAN_NO": 4704, "BULD_NM": null, "flo": 4.0, "h": 13.2 }, "geometry": { "type": "MultiPolygon", "coordinates": [ [ [ [ 126.926003, 35.149839 ], [ 126.925976, 35.149719 ], [ 126.925851, 35.149736 ], [ 126.925877, 35.149856 ], [ 126.926003, 35.149839 ] ] ] ] } },
{ "type": "Feature", "properties": { "BUL_MAN_NO": 4698, "BULD_NM": null, "flo": 3.0, "h": 9.9 }, "geometry": { "type": "MultiPolygon", "coordinates": [ [ [ [ 126.926002, 35.149688 ], [ 126.925981, 35.149595 ], [ 126.925854, 35.149618 ], [ 126.925875, 35.149709 ], [ 126.926002, 35.149688 ] ] ] ] } },
{ "type": "Feature", "properties": { "BUL_MAN_NO": 4694, "BULD_NM": null, "flo": 2.0, "h": 6.6 }, "geometry": { "type": "MultiPolygon", "coordinates": [ [ [ [ 126.926116, 35.149818 ], [ 126.92618, 35.149809 ], [ 126.926194, 35.149807 ], [ 126.926194, 35.149801 ], [ 126.926244, 35.149795 ], [ 126.926211, 35.149694 ], [ 126.92618, 35.149698 ], [ 126.926152, 35.149703 ], [ 126.926154, 35.149711 ], [ 126.926051, 35.149725 ], [ 126.926077, 35.149815 ], [ 126.926113, 35.149811 ], [ 126.926116, 35.149818 ] ] ] ] } },
{ "type": "Feature", "properties": { "BUL_MAN_NO": 4696, "BULD_NM": null, "flo": 1.0, "h": 3.3 }, "geometry": { "type": "MultiPolygon", "coordinates": [ [ [ [ 126.926447, 35.149935 ], [ 126.926451, 35.149963 ], [ 126.926544, 35.149953 ], [ 126.926538, 35.14991 ], [ 126.926501, 35.149914 ], [ 126.926504, 35.149929 ], [ 126.926447, 35.149935 ] ] ] ] } },
{ "type": "Feature", "properties": { "BUL_MAN_NO": 36674, "BULD_NM": null, "flo": 1.0, "h": 3.3 }, "geometry": { "type": "MultiPolygon", "coordinates": [ [ [ [ 126.926502, 35.149902 ], [ 126.926503, 35.149909 ], [ 126.926525, 35.149907 ], [ 126.926523, 35.149899 ], [ 126.926502, 35.149902 ] ] ] ] } },
{ "type": "Feature", "properties": { "BUL_MAN_NO": 4695, "BULD_NM": null, "flo": 1.0, "h": 3.3 }, "geometry": { "type": "MultiPolygon", "coordinates": [ [ [ [ 126.926484, 35.14986 ], [ 126.926534, 35.149857 ], [ 126.926532, 35.149836 ], [ 126.926482, 35.149839 ], [ 126.926484, 35.14986 ] ] ] ] } },
{ "type": "Feature", "properties": { "BUL_MAN_NO": 4697, "BULD_NM": null, "flo": 2.0, "h": 6.6 }, "geometry": { "type": "MultiPolygon", "coordinates": [ [ [ [ 126.926566, 35.149893 ], [ 126.926552, 35.14983 ], [ 126.926595, 35.149824 ], [ 126.926596, 35.149828 ], [ 126.926659, 35.149819 ], [ 126.926662, 35.149834 ], [ 126.926689, 35.14983 ], [ 126.926698, 35.149873 ], [ 126.926566, 35.149893 ] ] ] ] } },
{ "type": "Feature", "properties": { "BUL_MAN_NO": 4693, "BULD_NM": null, "flo": 2.0, "h": 6.6 }, "geometry": { "type": "MultiPolygon", "coordinates": [ [ [ [ 126.926583, 35.14997 ], [ 126.926573, 35.149909 ], [ 126.926711, 35.149896 ], [ 126.92672, 35.149956 ], [ 126.926674, 35.149961 ], [ 126.926673, 35.149954 ], [ 126.926627, 35.149959 ], [ 126.926628, 35.149965 ], [ 126.926583, 35.14997 ] ] ] ] } },
{ "type": "Feature", "properties": { "BUL_MAN_NO": 4692, "BULD_NM": null, "flo": 2.0, "h": 6.6 }, "geometry": { "type": "MultiPolygon", "coordinates": [ [ [ [ 126.926903, 35.149712 ], [ 126.926897, 35.149684 ], [ 126.926916, 35.149681 ], [ 126.92691, 35.149646 ], [ 126.926885, 35.149649 ], [ 126.926884, 35.149642 ], [ 126.926856, 35.149647 ], [ 126.926855, 35.149641 ], [ 126.926789, 35.14965 ], [ 126.9268, 35.149711 ], [ 126.926813, 35.149709 ], [ 126.926816, 35.149724 ], [ 126.926903, 35.149712 ] ] ] ] } },
{ "type": "Feature", "properties": { "BUL_MAN_NO": 36659, "BULD_NM": null, "flo": 1.0, "h": 3.3 }, "geometry": { "type": "MultiPolygon", "coordinates": [ [ [ [ 126.926795, 35.149724 ], [ 126.926793, 35.149714 ], [ 126.926804, 35.149712 ], [ 126.926806, 35.149723 ], [ 126.926795, 35.149724 ] ] ] ] } },
{ "type": "Feature", "properties": { "BUL_MAN_NO": 4691, "BULD_NM": null, "flo": 2.0, "h": 6.6 }, "geometry": { "type": "MultiPolygon", "coordinates": [ [ [ [ 126.927106, 35.149907 ], [ 126.927074, 35.149811 ], [ 126.926896, 35.149846 ], [ 126.926927, 35.149947 ], [ 126.927106, 35.149907 ] ] ] ] } },
{ "type": "Feature", "properties": { "BUL_MAN_NO": 4686, "BULD_NM": null, "flo": 1.0, "h": 3.3 }, "geometry": { "type": "MultiPolygon", "coordinates": [ [ [ [ 126.927157, 35.149681 ], [ 126.92714, 35.149589 ], [ 126.927073, 35.149598 ], [ 126.927073, 35.149603 ], [ 126.927031, 35.149607 ], [ 126.927031, 35.149602 ], [ 126.92699, 35.149608 ], [ 126.926999, 35.149646 ], [ 126.92699, 35.149646 ], [ 126.927001, 35.149699 ], [ 126.927157, 35.149681 ] ] ] ] } },
{ "type": "Feature", "properties": { "BUL_MAN_NO": 28235, "BULD_NM": null, "flo": 1.0, "h": 3.3 }, "geometry": { "type": "MultiPolygon", "coordinates": [ [ [ [ 126.927314, 35.149784 ], [ 126.927313, 35.149732 ], [ 126.927357, 35.149732 ], [ 126.927357, 35.149735 ], [ 126.927451, 35.149734 ], [ 126.927452, 35.149803 ], [ 126.927391, 35.149804 ], [ 126.927391, 35.149787 ], [ 126.92733, 35.149788 ], [ 126.92733, 35.149784 ], [ 126.927314, 35.149784 ] ] ] ] } },
{ "type": "Feature", "properties": { "BUL_MAN_NO": 4685, "BULD_NM": null, "flo": 1.0, "h": 3.3 }, "geometry": { "type": "MultiPolygon", "coordinates": [ [ [ [ 126.927603, 35.149721 ], [ 126.927472, 35.149711 ], [ 126.927466, 35.149798 ], [ 126.927593, 35.149808 ], [ 126.927603, 35.149721 ] ] ] ] } },
{ "type": "Feature", "properties": { "BUL_MAN_NO": 36642, "BULD_NM": null, "flo": 1.0, "h": 3.3 }, "geometry": { "type": "MultiPolygon", "coordinates": [ [ [ [ 126.927503, 35.149822 ], [ 126.927506, 35.149806 ], [ 126.927592, 35.149811 ], [ 126.927588, 35.149827 ], [ 126.927503, 35.149822 ] ] ] ] } },
{ "type": "Feature", "properties": { "BUL_MAN_NO": 28510, "BULD_NM": null, "flo": 2.0, "h": 6.6 }, "geometry": { "type": "MultiPolygon", "coordinates": [ [ [ [ 126.927621, 35.1498 ], [ 126.927621, 35.149721 ], [ 126.927667, 35.149721 ], [ 126.927667, 35.149731 ], [ 126.927721, 35.149731 ], [ 126.927721, 35.149748 ], [ 126.927743, 35.149748 ], [ 126.927744, 35.1498 ], [ 126.927621, 35.1498 ] ] ] ] } },
{ "type": "Feature", "properties": { "BUL_MAN_NO": 4681, "BULD_NM": null, "flo": 1.0, "h": 3.3 }, "geometry": { "type": "MultiPolygon", "coordinates": [ [ [ [ 126.927879, 35.149675 ], [ 126.927833, 35.149674 ], [ 126.927817, 35.149712 ], [ 126.927874, 35.149719 ], [ 126.927879, 35.149675 ] ] ] ] } },
{ "type": "Feature", "properties": { "BUL_MAN_NO": 4682, "BULD_NM": null, "flo": 1.0, "h": 3.3 }, "geometry": { "type": "MultiPolygon", "coordinates": [ [ [ [ 126.927836, 35.149826 ], [ 126.927859, 35.149762 ], [ 126.927867, 35.149765 ], [ 126.927875, 35.149724 ], [ 126.9278, 35.149712 ], [ 126.927768, 35.149812 ], [ 126.927836, 35.149826 ] ] ] ] } },
{ "type": "Feature", "properties": { "BUL_MAN_NO": 4680, "BULD_NM": null, "flo": 1.0, "h": 3.3 }, "geometry": { "type": "MultiPolygon", "coordinates": [ [ [ [ 126.928017, 35.149732 ], [ 126.928025, 35.149672 ], [ 126.927971, 35.149669 ], [ 126.927972, 35.149678 ], [ 126.927891, 35.14967 ], [ 126.927885, 35.149717 ], [ 126.928017, 35.149732 ] ] ] ] } },
{ "type": "Feature", "properties": { "BUL_MAN_NO": 4684, "BULD_NM": null, "flo": 4.0, "h": 13.2 }, "geometry": { "type": "MultiPolygon", "coordinates": [ [ [ [ 126.927963, 35.149367 ], [ 126.927812, 35.149355 ], [ 126.927789, 35.149557 ], [ 126.927874, 35.149563 ], [ 126.92787, 35.149589 ], [ 126.927936, 35.149593 ], [ 126.927963, 35.149367 ] ] ] ] } },
{ "type": "Feature", "properties": { "BUL_MAN_NO": 4823, "BULD_NM": null, "flo": 1.0, "h": 3.3 }, "geometry": { "type": "MultiPolygon", "coordinates": [ [ [ [ 126.922668, 35.154587 ], [ 126.922606, 35.154545 ], [ 126.92259, 35.154547 ], [ 126.922669, 35.154598 ], [ 126.922668, 35.154587 ] ] ] ] } },
{ "type": "Feature", "properties": { "BUL_MAN_NO": 31265, "BULD_NM": null, "flo": 3.0, "h": 9.9 }, "geometry": { "type": "MultiPolygon", "coordinates": [ [ [ [ 126.922565, 35.154663 ], [ 126.922613, 35.154684 ], [ 126.922615, 35.154713 ], [ 126.922675, 35.15471 ], [ 126.92268, 35.154773 ], [ 126.922619, 35.154776 ], [ 126.92262, 35.154779 ], [ 126.922555, 35.154782 ], [ 126.922553, 35.154755 ], [ 126.922558, 35.154755 ], [ 126.922556, 35.154725 ], [ 126.922565, 35.154663 ] ] ] ] } },
{ "type": "Feature", "properties": { "BUL_MAN_NO": 4993, "BULD_NM": null, "flo": 1.0, "h": 3.3 }, "geometry": { "type": "MultiPolygon", "coordinates": [ [ [ [ 126.923985, 35.149376 ], [ 126.923905, 35.149329 ], [ 126.923897, 35.149338 ], [ 126.92386, 35.149318 ], [ 126.923794, 35.149393 ], [ 126.92391, 35.149464 ], [ 126.923985, 35.149376 ] ] ] ] } },
{ "type": "Feature", "properties": { "BUL_MAN_NO": 4992, "BULD_NM": null, "flo": 1.0, "h": 3.3 }, "geometry": { "type": "MultiPolygon", "coordinates": [ [ [ [ 126.924045, 35.149554 ], [ 126.924086, 35.149524 ], [ 126.924091, 35.149527 ], [ 126.924111, 35.14951 ], [ 126.924001, 35.149415 ], [ 126.923922, 35.149485 ], [ 126.923944, 35.149503 ], [ 126.923952, 35.149497 ], [ 126.924015, 35.149549 ], [ 126.924027, 35.14954 ], [ 126.924045, 35.149554 ] ] ] ] } },
{ "type": "Feature", "properties": { "BUL_MAN_NO": 5060, "BULD_NM": null, "flo": 2.0, "h": 6.6 }, "geometry": { "type": "MultiPolygon", "coordinates": [ [ [ [ 126.924231, 35.148374 ], [ 126.924266, 35.148349 ], [ 126.924205, 35.14829 ], [ 126.92417, 35.148317 ], [ 126.92418, 35.148324 ], [ 126.92417, 35.148332 ], [ 126.924213, 35.148371 ], [ 126.924222, 35.148364 ], [ 126.924231, 35.148374 ] ] ] ] } },
{ "type": "Feature", "properties": { "BUL_MAN_NO": 5124, "BULD_NM": null, "flo": 4.0, "h": 13.2 }, "geometry": { "type": "MultiPolygon", "coordinates": [ [ [ [ 126.924619, 35.148254 ], [ 126.924635, 35.148244 ], [ 126.924647, 35.148255 ], [ 126.924707, 35.148214 ], [ 126.924701, 35.148207 ], [ 126.924696, 35.148191 ], [ 126.924722, 35.148186 ], [ 126.924709, 35.148162 ], [ 126.92455, 35.148211 ], [ 126.924545, 35.148221 ], [ 126.924604, 35.148281 ], [ 126.924629, 35.148266 ], [ 126.924619, 35.148254 ] ] ] ] } },
{ "type": "Feature", "properties": { "BUL_MAN_NO": 5111, "BULD_NM": null, "flo": 3.0, "h": 9.9 }, "geometry": { "type": "MultiPolygon", "coordinates": [ [ [ [ 126.924905, 35.148188 ], [ 126.924888, 35.148132 ], [ 126.924783, 35.148151 ], [ 126.924798, 35.148206 ], [ 126.924905, 35.148188 ] ] ] ] } },
{ "type": "Feature", "properties": { "BUL_MAN_NO": 5112, "BULD_NM": null, "flo": 1.0, "h": 3.3 }, "geometry": { "type": "MultiPolygon", "coordinates": [ [ [ [ 126.924834, 35.148219 ], [ 126.92483, 35.148203 ], [ 126.924798, 35.148209 ], [ 126.924803, 35.148225 ], [ 126.924834, 35.148219 ] ] ] ] } },
{ "type": "Feature", "properties": { "BUL_MAN_NO": 5123, "BULD_NM": null, "flo": 4.0, "h": 13.2 }, "geometry": { "type": "MultiPolygon", "coordinates": [ [ [ [ 126.925344, 35.147852 ], [ 126.925314, 35.147809 ], [ 126.925181, 35.147899 ], [ 126.925192, 35.147921 ], [ 126.925344, 35.147852 ] ] ] ] } },
{ "type": "Feature", "properties": { "BUL_MAN_NO": 5100, "BULD_NM": null, "flo": 4.0, "h": 13.2 }, "geometry": { "type": "MultiPolygon", "coordinates": [ [ [ [ 126.925502, 35.147775 ], [ 126.925455, 35.147719 ], [ 126.925381, 35.147769 ], [ 126.925391, 35.147785 ], [ 126.925371, 35.147794 ], [ 126.92539, 35.147827 ], [ 126.925502, 35.147775 ] ] ] ] } },
{ "type": "Feature", "properties": { "BUL_MAN_NO": 5101, "BULD_NM": null, "flo": 1.0, "h": 3.3 }, "geometry": { "type": "MultiPolygon", "coordinates": [ [ [ [ 126.925367, 35.147782 ], [ 126.92536, 35.147773 ], [ 126.925349, 35.147781 ], [ 126.925355, 35.14779 ], [ 126.925367, 35.147782 ] ] ] ] } },
{ "type": "Feature", "properties": { "BUL_MAN_NO": 5116, "BULD_NM": null, "flo": 3.0, "h": 9.9 }, "geometry": { "type": "MultiPolygon", "coordinates": [ [ [ [ 126.925681, 35.147688 ], [ 126.925677, 35.147685 ], [ 126.925673, 35.147683 ], [ 126.925668, 35.147682 ], [ 126.92566, 35.147681 ], [ 126.925652, 35.147685 ], [ 126.925645, 35.147673 ], [ 126.925611, 35.147668 ], [ 126.925597, 35.147673 ], [ 126.925581, 35.147648 ], [ 126.925514, 35.147679 ], [ 126.925518, 35.147685 ], [ 126.925481, 35.147703 ], [ 126.925527, 35.147771 ], [ 126.925659, 35.147713 ], [ 126.925675, 35.147707 ], [ 126.925682, 35.147703 ], [ 126.925683, 35.147697 ], [ 126.925683, 35.147693 ], [ 126.925681, 35.147688 ] ] ] ] } },
{ "type": "Feature", "properties": { "BUL_MAN_NO": 5104, "BULD_NM": null, "flo": 3.0, "h": 9.9 }, "geometry": { "type": "MultiPolygon", "coordinates": [ [ [ [ 126.926003, 35.14777 ], [ 126.926042, 35.147754 ], [ 126.926025, 35.147728 ], [ 126.926039, 35.147721 ], [ 126.926022, 35.147699 ], [ 126.926038, 35.147692 ], [ 126.926017, 35.147663 ], [ 126.925893, 35.147712 ], [ 126.925911, 35.147739 ], [ 126.925933, 35.147732 ], [ 126.925962, 35.147767 ], [ 126.925991, 35.147756 ], [ 126.926003, 35.14777 ] ] ] ] } },
{ "type": "Feature", "properties": { "BUL_MAN_NO": 5096, "BULD_NM": null, "flo": 1.0, "h": 3.3 }, "geometry": { "type": "MultiPolygon", "coordinates": [ [ [ [ 126.925704, 35.147588 ], [ 126.92566, 35.147564 ], [ 126.92561, 35.147622 ], [ 126.925707, 35.147683 ], [ 126.925761, 35.147657 ], [ 126.925686, 35.14761 ], [ 126.925698, 35.147596 ], [ 126.925704, 35.147588 ] ] ] ] } },
{ "type": "Feature", "properties": { "BUL_MAN_NO": 36754, "BULD_NM": null, "flo": 1.0, "h": 3.3 }, "geometry": { "type": "MultiPolygon", "coordinates": [ [ [ [ 126.925692, 35.14761 ], [ 126.925704, 35.147594 ], [ 126.92578, 35.147646 ], [ 126.925764, 35.147657 ], [ 126.925692, 35.14761 ] ] ] ] } },
{ "type": "Feature", "properties": { "BUL_MAN_NO": 36755, "BULD_NM": null, "flo": 1.0, "h": 3.3 }, "geometry": { "type": "MultiPolygon", "coordinates": [ [ [ [ 126.925612, 35.147617 ], [ 126.925601, 35.147609 ], [ 126.925635, 35.147585 ], [ 126.925638, 35.147587 ], [ 126.925612, 35.147617 ] ] ] ] } },
{ "type": "Feature", "properties": { "BUL_MAN_NO": 5099, "BULD_NM": null, "flo": 1.0, "h": 3.3 }, "geometry": { "type": "MultiPolygon", "coordinates": [ [ [ [ 126.92579, 35.147541 ], [ 126.925753, 35.147513 ], [ 126.925694, 35.147567 ], [ 126.925799, 35.147639 ], [ 126.925836, 35.1476 ], [ 126.925775, 35.147556 ], [ 126.92579, 35.147541 ] ] ] ] } },
{ "type": "Feature", "properties": { "BUL_MAN_NO": 36756, "BULD_NM": null, "flo": 1.0, "h": 3.3 }, "geometry": { "type": "MultiPolygon", "coordinates": [ [ [ [ 126.925804, 35.147639 ], [ 126.925835, 35.147605 ], [ 126.925846, 35.147613 ], [ 126.925815, 35.147645 ], [ 126.925804, 35.147639 ] ] ] ] } },
{ "type": "Feature", "properties": { "BUL_MAN_NO": 5105, "BULD_NM": null, "flo": 2.0, "h": 6.6 }, "geometry": { "type": "MultiPolygon", "coordinates": [ [ [ [ 126.926175, 35.147834 ], [ 126.926169, 35.147754 ], [ 126.926131, 35.147756 ], [ 126.926128, 35.147727 ], [ 126.926073, 35.147728 ], [ 126.926074, 35.147758 ], [ 126.926067, 35.147758 ], [ 126.926071, 35.147837 ], [ 126.926175, 35.147834 ] ] ] ] } },
{ "type": "Feature", "properties": { "BUL_MAN_NO": 5095, "BULD_NM": null, "flo": 3.0, "h": 9.9 }, "geometry": { "type": "MultiPolygon", "coordinates": [ [ [ [ 126.925873, 35.147486 ], [ 126.925841, 35.147456 ], [ 126.925778, 35.147498 ], [ 126.925867, 35.147576 ], [ 126.925895, 35.147557 ], [ 126.925883, 35.147545 ], [ 126.925913, 35.147526 ], [ 126.925873, 35.147486 ] ] ] ] } },
{ "type": "Feature", "properties": { "BUL_MAN_NO": 5098, "BULD_NM": null, "flo": 1.0, "h": 3.3 }, "geometry": { "type": "MultiPolygon", "coordinates": [ [ [ [ 126.925944, 35.147591 ], [ 126.92596, 35.147584 ], [ 126.925939, 35.147547 ], [ 126.925932, 35.147569 ], [ 126.925944, 35.147591 ] ] ] ] } },
{ "type": "Feature", "properties": { "BUL_MAN_NO": 5106, "BULD_NM": null, "flo": 3.0, "h": 9.9 }, "geometry": { "type": "MultiPolygon", "coordinates": [ [ [ [ 126.925967, 35.147569 ], [ 126.926078, 35.147526 ], [ 126.926065, 35.147501 ], [ 126.926008, 35.147491 ], [ 126.926003, 35.147482 ], [ 126.925941, 35.147507 ], [ 126.925967, 35.147569 ] ] ] ] } },
{ "type": "Feature", "properties": { "BUL_MAN_NO": 5097, "BULD_NM": null, "flo": 2.0, "h": 6.6 }, "geometry": { "type": "MultiPolygon", "coordinates": [ [ [ [ 126.925993, 35.147401 ], [ 126.92596, 35.147369 ], [ 126.925854, 35.147437 ], [ 126.925916, 35.147493 ], [ 126.925975, 35.147445 ], [ 126.925993, 35.147401 ] ] ] ] } },
{ "type": "Feature", "properties": { "BUL_MAN_NO": 5102, "BULD_NM": null, "flo": 4.0, "h": 13.2 }, "geometry": { "type": "MultiPolygon", "coordinates": [ [ [ [ 126.926306, 35.147552 ], [ 126.926297, 35.147545 ], [ 126.926176, 35.147595 ], [ 126.926184, 35.147648 ], [ 126.926183, 35.147666 ], [ 126.92632, 35.147659 ], [ 126.926306, 35.147552 ] ] ] ] } },
{ "type": "Feature", "properties": { "BUL_MAN_NO": 5103, "BULD_NM": null, "flo": 3.0, "h": 9.9 }, "geometry": { "type": "MultiPolygon", "coordinates": [ [ [ [ 126.926179, 35.147387 ], [ 126.926022, 35.147351 ], [ 126.925983, 35.147467 ], [ 126.92615, 35.147502 ], [ 126.926172, 35.147432 ], [ 126.926179, 35.147407 ], [ 126.926172, 35.147406 ], [ 126.926179, 35.147387 ] ] ] ] } },
{ "type": "Feature", "properties": { "BUL_MAN_NO": 5109, "BULD_NM": null, "flo": 2.0, "h": 6.6 }, "geometry": { "type": "MultiPolygon", "coordinates": [ [ [ [ 126.926472, 35.147537 ], [ 126.926436, 35.14748 ], [ 126.926397, 35.147498 ], [ 126.926371, 35.147552 ], [ 126.926372, 35.147579 ], [ 126.926472, 35.147537 ] ] ] ] } },
{ "type": "Feature", "properties": { "BUL_MAN_NO": 5108, "BULD_NM": null, "flo": 2.0, "h": 6.6 }, "geometry": { "type": "MultiPolygon", "coordinates": [ [ [ [ 126.926558, 35.147511 ], [ 126.926521, 35.147444 ], [ 126.926443, 35.147479 ], [ 126.92647, 35.147518 ], [ 126.926558, 35.147511 ] ] ] ] } },
{ "type": "Feature", "properties": { "BUL_MAN_NO": 5107, "BULD_NM": null, "flo": 2.0, "h": 6.6 }, "geometry": { "type": "MultiPolygon", "coordinates": [ [ [ [ 126.926746, 35.1475 ], [ 126.926738, 35.147473 ], [ 126.926718, 35.147479 ], [ 126.926701, 35.147455 ], [ 126.926711, 35.147434 ], [ 126.926736, 35.147419 ], [ 126.926735, 35.147353 ], [ 126.926619, 35.147403 ], [ 126.926607, 35.147423 ], [ 126.92666, 35.147508 ], [ 126.926746, 35.1475 ] ] ] ] } },
{ "type": "Feature", "properties": { "BUL_MAN_NO": 5110, "BULD_NM": null, "flo": 1.0, "h": 3.3 }, "geometry": { "type": "MultiPolygon", "coordinates": [ [ [ [ 126.926858, 35.147386 ], [ 126.926876, 35.147361 ], [ 126.926898, 35.147366 ], [ 126.926906, 35.147349 ], [ 126.926829, 35.147325 ], [ 126.926753, 35.147352 ], [ 126.926754, 35.1474 ], [ 126.926858, 35.147386 ] ] ] ] } },
{ "type": "Feature", "properties": { "BUL_MAN_NO": 5092, "BULD_NM": null, "flo": 5.0, "h": 16.5 }, "geometry": { "type": "MultiPolygon", "coordinates": [ [ [ [ 126.926733, 35.147232 ], [ 126.926723, 35.147217 ], [ 126.926742, 35.147209 ], [ 126.926657, 35.147079 ], [ 126.92659, 35.147108 ], [ 126.926676, 35.147236 ], [ 126.926697, 35.147227 ], [ 126.926705, 35.147242 ], [ 126.926733, 35.147232 ] ] ] ] } },
{ "type": "Feature", "properties": { "BUL_MAN_NO": 5093, "BULD_NM": null, "flo": 5.0, "h": 16.5 }, "geometry": { "type": "MultiPolygon", "coordinates": [ [ [ [ 126.926823, 35.14719 ], [ 126.926815, 35.147174 ], [ 126.926873, 35.147148 ], [ 126.92685, 35.147114 ], [ 126.926811, 35.147132 ], [ 126.92675, 35.147047 ], [ 126.92669, 35.147071 ], [ 126.92677, 35.147192 ], [ 126.926791, 35.147184 ], [ 126.926799, 35.1472 ], [ 126.926823, 35.14719 ] ] ] ] } },
{ "type": "Feature", "properties": { "BUL_MAN_NO": 5091, "BULD_NM": null, "flo": 3.0, "h": 9.9 }, "geometry": { "type": "MultiPolygon", "coordinates": [ [ [ [ 126.927161, 35.147265 ], [ 126.92707, 35.147225 ], [ 126.926837, 35.147307 ], [ 126.927085, 35.147389 ], [ 126.927161, 35.147265 ] ] ] ] } },
{ "type": "Feature", "properties": { "BUL_MAN_NO": 5077, "BULD_NM": null, "flo": 1.0, "h": 3.3 }, "geometry": { "type": "MultiPolygon", "coordinates": [ [ [ [ 126.927196, 35.147228 ], [ 126.927149, 35.147186 ], [ 126.927083, 35.147214 ], [ 126.927161, 35.147249 ], [ 126.927165, 35.147247 ], [ 126.927162, 35.147241 ], [ 126.927196, 35.147228 ] ] ] ] } },
{ "type": "Feature", "properties": { "BUL_MAN_NO": 5079, "BULD_NM": null, "flo": 1.0, "h": 3.3 }, "geometry": { "type": "MultiPolygon", "coordinates": [ [ [ [ 126.927336, 35.147318 ], [ 126.927266, 35.147304 ], [ 126.927226, 35.147426 ], [ 126.927297, 35.147439 ], [ 126.927336, 35.147318 ] ] ] ] } },
{ "type": "Feature", "properties": { "BUL_MAN_NO": 5078, "BULD_NM": null, "flo": 1.0, "h": 3.3 }, "geometry": { "type": "MultiPolygon", "coordinates": [ [ [ [ 126.927214, 35.147251 ], [ 126.927195, 35.147231 ], [ 126.927169, 35.147242 ], [ 126.927192, 35.147261 ], [ 126.927214, 35.147251 ] ] ] ] } },
{ "type": "Feature", "properties": { "BUL_MAN_NO": 5086, "BULD_NM": null, "flo": 1.0, "h": 3.3 }, "geometry": { "type": "MultiPolygon", "coordinates": [ [ [ [ 126.927256, 35.147264 ], [ 126.92729, 35.147256 ], [ 126.927295, 35.147219 ], [ 126.927341, 35.147215 ], [ 126.927284, 35.147121 ], [ 126.927221, 35.147148 ], [ 126.92719, 35.147179 ], [ 126.927195, 35.147186 ], [ 126.927176, 35.147196 ], [ 126.927203, 35.147226 ], [ 126.927256, 35.147264 ] ] ] ] } },
{ "type": "Feature", "properties": { "BUL_MAN_NO": 5080, "BULD_NM": null, "flo": 4.0, "h": 13.2 }, "geometry": { "type": "MultiPolygon", "coordinates": [ [ [ [ 126.927231, 35.147033 ], [ 126.927133, 35.146896 ], [ 126.927051, 35.146933 ], [ 126.927141, 35.14707 ], [ 126.927231, 35.147033 ] ] ] ] } },
{ "type": "Feature", "properties": { "BUL_MAN_NO": 5090, "BULD_NM": null, "flo": 1.0, "h": 3.3 }, "geometry": { "type": "MultiPolygon", "coordinates": [ [ [ [ 126.927391, 35.147143 ], [ 126.927362, 35.147097 ], [ 126.927294, 35.147127 ], [ 126.927319, 35.147168 ], [ 126.927391, 35.147143 ] ] ] ] } },
{ "type": "Feature", "properties": { "BUL_MAN_NO": 5076, "BULD_NM": null, "flo": 1.0, "h": 3.3 }, "geometry": { "type": "MultiPolygon", "coordinates": [ [ [ [ 126.927315, 35.147017 ], [ 126.927285, 35.146972 ], [ 126.92723, 35.146996 ], [ 126.927258, 35.14704 ], [ 126.927315, 35.147017 ] ] ] ] } },
{ "type": "Feature", "properties": { "BUL_MAN_NO": 5230, "BULD_NM": null, "flo": 1.0, "h": 3.3 }, "geometry": { "type": "MultiPolygon", "coordinates": [ [ [ [ 126.927279, 35.146965 ], [ 126.927246, 35.146911 ], [ 126.927188, 35.146933 ], [ 126.927224, 35.146987 ], [ 126.927279, 35.146965 ] ] ] ] } },
{ "type": "Feature", "properties": { "BUL_MAN_NO": 5231, "BULD_NM": null, "flo": 1.0, "h": 3.3 }, "geometry": { "type": "MultiPolygon", "coordinates": [ [ [ [ 126.927234, 35.146883 ], [ 126.92721, 35.146846 ], [ 126.927146, 35.146874 ], [ 126.927171, 35.146911 ], [ 126.927234, 35.146883 ] ] ] ] } },
{ "type": "Feature", "properties": { "BUL_MAN_NO": 5227, "BULD_NM": null, "flo": 1.0, "h": 3.3 }, "geometry": { "type": "MultiPolygon", "coordinates": [ [ [ [ 126.926977, 35.14673 ], [ 126.926955, 35.146702 ], [ 126.926929, 35.146717 ], [ 126.926946, 35.146746 ], [ 126.926977, 35.14673 ] ] ] ] } },
{ "type": "Feature", "properties": { "BUL_MAN_NO": 5229, "BULD_NM": null, "flo": 1.0, "h": 3.3 }, "geometry": { "type": "MultiPolygon", "coordinates": [ [ [ [ 126.92714, 35.14673 ], [ 126.927081, 35.146639 ], [ 126.927056, 35.146651 ], [ 126.92708, 35.146688 ], [ 126.927077, 35.146691 ], [ 126.927112, 35.146741 ], [ 126.92714, 35.14673 ] ] ] ] } },
{ "type": "Feature", "properties": { "BUL_MAN_NO": 5226, "BULD_NM": null, "flo": 1.0, "h": 3.3 }, "geometry": { "type": "MultiPolygon", "coordinates": [ [ [ [ 126.927109, 35.146748 ], [ 126.927075, 35.146697 ], [ 126.926963, 35.146759 ], [ 126.927008, 35.146804 ], [ 126.927109, 35.146748 ] ] ] ] } },
{ "type": "Feature", "properties": { "BUL_MAN_NO": 5228, "BULD_NM": null, "flo": 1.0, "h": 3.3 }, "geometry": { "type": "MultiPolygon", "coordinates": [ [ [ [ 126.927072, 35.146679 ], [ 126.927052, 35.146654 ], [ 126.926994, 35.146688 ], [ 126.927012, 35.146712 ], [ 126.927072, 35.146679 ] ] ] ] } },
{ "type": "Feature", "properties": { "BUL_MAN_NO": 5233, "BULD_NM": null, "flo": 1.0, "h": 3.3 }, "geometry": { "type": "MultiPolygon", "coordinates": [ [ [ [ 126.927035, 35.146639 ], [ 126.927003, 35.146604 ], [ 126.926919, 35.146652 ], [ 126.92696, 35.146698 ], [ 126.927043, 35.146647 ], [ 126.927035, 35.146639 ] ] ] ] } },
{ "type": "Feature", "properties": { "BUL_MAN_NO": 5232, "BULD_NM": null, "flo": 1.0, "h": 3.3 }, "geometry": { "type": "MultiPolygon", "coordinates": [ [ [ [ 126.927049, 35.14664 ], [ 126.927077, 35.146629 ], [ 126.927015, 35.146536 ], [ 126.926882, 35.146623 ], [ 126.926905, 35.146649 ], [ 126.927005, 35.146589 ], [ 126.927049, 35.14664 ] ] ] ] } },
{ "type": "Feature", "properties": { "BUL_MAN_NO": 5235, "BULD_NM": null, "flo": 1.0, "h": 3.3 }, "geometry": { "type": "MultiPolygon", "coordinates": [ [ [ [ 126.926875, 35.146616 ], [ 126.927001, 35.146529 ], [ 126.92695, 35.146437 ], [ 126.926918, 35.146462 ], [ 126.926818, 35.146534 ], [ 126.926834, 35.146555 ], [ 126.926875, 35.146616 ] ] ] ] } },
{ "type": "Feature", "properties": { "BUL_MAN_NO": 5240, "BULD_NM": null, "flo": 3.0, "h": 9.9 }, "geometry": { "type": "MultiPolygon", "coordinates": [ [ [ [ 126.926864, 35.146331 ], [ 126.926844, 35.146304 ], [ 126.926809, 35.14632 ], [ 126.926785, 35.146344 ], [ 126.926792, 35.146353 ], [ 126.926752, 35.146398 ], [ 126.926792, 35.146435 ], [ 126.926869, 35.146368 ], [ 126.926848, 35.146347 ], [ 126.926864, 35.146331 ] ] ] ] } },
{ "type": "Feature", "properties": { "BUL_MAN_NO": 5242, "BULD_NM": null, "flo": 1.0, "h": 3.3 }, "geometry": { "type": "MultiPolygon", "coordinates": [ [ [ [ 126.92684, 35.146275 ], [ 126.92677, 35.146188 ], [ 126.92674, 35.146222 ], [ 126.92683, 35.146285 ], [ 126.92684, 35.146275 ] ] ] ] } },
{ "type": "Feature", "properties": { "BUL_MAN_NO": 23343, "BULD_NM": null, "flo": 1.0, "h": 3.3 }, "geometry": { "type": "MultiPolygon", "coordinates": [ [ [ [ 126.926819, 35.146291 ], [ 126.926755, 35.146243 ], [ 126.926733, 35.146261 ], [ 126.926742, 35.146272 ], [ 126.926704, 35.146302 ], [ 126.926754, 35.146344 ], [ 126.926819, 35.146291 ] ] ] ] } },
{ "type": "Feature", "properties": { "BUL_MAN_NO": 5237, "BULD_NM": null, "flo": 1.0, "h": 3.3 }, "geometry": { "type": "MultiPolygon", "coordinates": [ [ [ [ 126.926763, 35.146176 ], [ 126.926696, 35.146144 ], [ 126.926639, 35.146235 ], [ 126.926692, 35.146263 ], [ 126.926763, 35.146176 ] ] ] ] } },
{ "type": "Feature", "properties": { "BUL_MAN_NO": 5239, "BULD_NM": null, "flo": 1.0, "h": 3.3 }, "geometry": { "type": "MultiPolygon", "coordinates": [ [ [ [ 126.92669, 35.146265 ], [ 126.926638, 35.146239 ], [ 126.926626, 35.146255 ], [ 126.926675, 35.146282 ], [ 126.92669, 35.146265 ] ] ] ] } },
{ "type": "Feature", "properties": { "BUL_MAN_NO": 36824, "BULD_NM": null, "flo": 1.0, "h": 3.3 }, "geometry": { "type": "MultiPolygon", "coordinates": [ [ [ [ 126.926864, 35.147661 ], [ 126.926867, 35.147653 ], [ 126.926878, 35.147655 ], [ 126.926875, 35.147663 ], [ 126.926864, 35.147661 ] ] ] ] } },
{ "type": "Feature", "properties": { "BUL_MAN_NO": 36827, "BULD_NM": null, "flo": 1.0, "h": 3.3 }, "geometry": { "type": "MultiPolygon", "coordinates": [ [ [ [ 126.926763, 35.147683 ], [ 126.926773, 35.147648 ], [ 126.926749, 35.147643 ], [ 126.926749, 35.147658 ], [ 126.926763, 35.147683 ] ] ] ] } },
{ "type": "Feature", "properties": { "BUL_MAN_NO": 36825, "BULD_NM": null, "flo": 1.0, "h": 3.3 }, "geometry": { "type": "MultiPolygon", "coordinates": [ [ [ [ 126.926773, 35.147725 ], [ 126.926774, 35.14772 ], [ 126.926785, 35.147722 ], [ 126.926783, 35.147727 ], [ 126.926773, 35.147725 ] ] ] ] } },
{ "type": "Feature", "properties": { "BUL_MAN_NO": 5297, "BULD_NM": null, "flo": 2.0, "h": 6.6 }, "geometry": { "type": "MultiPolygon", "coordinates": [ [ [ [ 126.926763, 35.147687 ], [ 126.92677, 35.147689 ], [ 126.926768, 35.147696 ], [ 126.926789, 35.147728 ], [ 126.926843, 35.147739 ], [ 126.926848, 35.147724 ], [ 126.926855, 35.147725 ], [ 126.926867, 35.147685 ], [ 126.926871, 35.147672 ], [ 126.926836, 35.147666 ], [ 126.926838, 35.147661 ], [ 126.926782, 35.147649 ], [ 126.926774, 35.147648 ], [ 126.926763, 35.147687 ] ] ] ] } },
{ "type": "Feature", "properties": { "BUL_MAN_NO": 5290, "BULD_NM": null, "flo": 1.0, "h": 3.3 }, "geometry": { "type": "MultiPolygon", "coordinates": [ [ [ [ 126.927045, 35.147914 ], [ 126.926997, 35.147905 ], [ 126.926994, 35.147915 ], [ 126.926972, 35.147979 ], [ 126.927104, 35.148008 ], [ 126.927122, 35.147945 ], [ 126.927039, 35.147929 ], [ 126.927045, 35.147915 ], [ 126.927045, 35.147914 ] ] ] ] } },
{ "type": "Feature", "properties": { "BUL_MAN_NO": 36795, "BULD_NM": null, "flo": 1.0, "h": 3.3 }, "geometry": { "type": "MultiPolygon", "coordinates": [ [ [ [ 126.92711, 35.148006 ], [ 126.927125, 35.147953 ], [ 126.927143, 35.147956 ], [ 126.927127, 35.14801 ], [ 126.92711, 35.148006 ] ] ] ] } },
{ "type": "Feature", "properties": { "BUL_MAN_NO": 5295, "BULD_NM": null, "flo": 1.0, "h": 3.3 }, "geometry": { "type": "MultiPolygon", "coordinates": [ [ [ [ 126.927137, 35.147713 ], [ 126.927081, 35.147703 ], [ 126.927055, 35.147783 ], [ 126.927188, 35.147813 ], [ 126.927207, 35.147751 ], [ 126.927131, 35.147735 ], [ 126.927137, 35.147713 ] ] ] ] } },
{ "type": "Feature", "properties": { "BUL_MAN_NO": 36808, "BULD_NM": null, "flo": 1.0, "h": 3.3 }, "geometry": { "type": "MultiPolygon", "coordinates": [ [ [ [ 126.927135, 35.147732 ], [ 126.927141, 35.147715 ], [ 126.927173, 35.147722 ], [ 126.927167, 35.14774 ], [ 126.927135, 35.147732 ] ] ] ] } },
{ "type": "Feature", "properties": { "BUL_MAN_NO": 36809, "BULD_NM": null, "flo": 1.0, "h": 3.3 }, "geometry": { "type": "MultiPolygon", "coordinates": [ [ [ [ 126.927169, 35.147738 ], [ 126.927173, 35.147726 ], [ 126.927198, 35.147731 ], [ 126.927193, 35.147743 ], [ 126.927169, 35.147738 ] ] ] ] } },
{ "type": "Feature", "properties": { "BUL_MAN_NO": 5298, "BULD_NM": null, "flo": 1.0, "h": 3.3 }, "geometry": { "type": "MultiPolygon", "coordinates": [ [ [ [ 126.927347, 35.147975 ], [ 126.927294, 35.147967 ], [ 126.927274, 35.148034 ], [ 126.927387, 35.148061 ], [ 126.927409, 35.147998 ], [ 126.927344, 35.147984 ], [ 126.927347, 35.147975 ] ] ] ] } },
{ "type": "Feature", "properties": { "BUL_MAN_NO": 36841, "BULD_NM": null, "flo": 1.0, "h": 3.3 }, "geometry": { "type": "MultiPolygon", "coordinates": [ [ [ [ 126.927379, 35.147991 ], [ 126.927383, 35.147982 ], [ 126.92742, 35.147989 ], [ 126.927416, 35.147998 ], [ 126.927379, 35.147991 ] ] ] ] } },
{ "type": "Feature", "properties": { "BUL_MAN_NO": 36842, "BULD_NM": null, "flo": 1.0, "h": 3.3 }, "geometry": { "type": "MultiPolygon", "coordinates": [ [ [ [ 126.927418, 35.148002 ], [ 126.927422, 35.14799 ], [ 126.927442, 35.147994 ], [ 126.927438, 35.148006 ], [ 126.927418, 35.148002 ] ] ] ] } },
{ "type": "Feature", "properties": { "BUL_MAN_NO": 5292, "BULD_NM": null, "flo": 1.0, "h": 3.3 }, "geometry": { "type": "MultiPolygon", "coordinates": [ [ [ [ 126.927443, 35.147789 ], [ 126.927403, 35.147779 ], [ 126.927381, 35.14785 ], [ 126.927463, 35.147866 ], [ 126.927462, 35.147869 ], [ 126.927501, 35.147879 ], [ 126.927519, 35.147825 ], [ 126.927436, 35.147807 ], [ 126.927443, 35.147789 ] ] ] ] } },
{ "type": "Feature", "properties": { "BUL_MAN_NO": 36796, "BULD_NM": null, "flo": 1.0, "h": 3.3 }, "geometry": { "type": "MultiPolygon", "coordinates": [ [ [ [ 126.927442, 35.147806 ], [ 126.927447, 35.147791 ], [ 126.927493, 35.147802 ], [ 126.927487, 35.147817 ], [ 126.927442, 35.147806 ] ] ] ] } },
{ "type": "Feature", "properties": { "BUL_MAN_NO": 5289, "BULD_NM": null, "flo": 1.0, "h": 3.3 }, "geometry": { "type": "MultiPolygon", "coordinates": [ [ [ [ 126.927794, 35.147806 ], [ 126.927779, 35.147766 ], [ 126.927734, 35.147779 ], [ 126.927724, 35.147798 ], [ 126.927746, 35.147813 ], [ 126.927794, 35.147806 ] ] ] ] } },
{ "type": "Feature", "properties": { "BUL_MAN_NO": 5291, "BULD_NM": null, "flo": 1.0, "h": 3.3 }, "geometry": { "type": "MultiPolygon", "coordinates": [ [ [ [ 126.927752, 35.147828 ], [ 126.927709, 35.147818 ], [ 126.927681, 35.147899 ], [ 126.927727, 35.147909 ], [ 126.927752, 35.147828 ] ] ] ] } },
{ "type": "Feature", "properties": { "BUL_MAN_NO": 5329, "BULD_NM": null, "flo": 1.0, "h": 3.3 }, "geometry": { "type": "MultiPolygon", "coordinates": [ [ [ [ 126.929467, 35.15078 ], [ 126.929439, 35.150777 ], [ 126.92944, 35.150828 ], [ 126.929441, 35.15083 ], [ 126.929478, 35.15083 ], [ 126.929467, 35.15078 ] ] ] ] } },
{ "type": "Feature", "properties": { "BUL_MAN_NO": 5299, "BULD_NM": null, "flo": 2.0, "h": 6.6 }, "geometry": { "type": "MultiPolygon", "coordinates": [ [ [ [ 126.929511, 35.150677 ], [ 126.929515, 35.150672 ], [ 126.929501, 35.15063 ], [ 126.929436, 35.150644 ], [ 126.929437, 35.150651 ], [ 126.929399, 35.150659 ], [ 126.929402, 35.150674 ], [ 126.929407, 35.150673 ], [ 126.929416, 35.150709 ], [ 126.929426, 35.150716 ], [ 126.929438, 35.150743 ], [ 126.929491, 35.150734 ], [ 126.929491, 35.15073 ], [ 126.929494, 35.15072 ], [ 126.929508, 35.150715 ], [ 126.929514, 35.150707 ], [ 126.929505, 35.150677 ], [ 126.929511, 35.150677 ] ] ] ] } },
{ "type": "Feature", "properties": { "BUL_MAN_NO": 36625, "BULD_NM": null, "flo": 1.0, "h": 3.3 }, "geometry": { "type": "MultiPolygon", "coordinates": [ [ [ [ 126.929513, 35.150691 ], [ 126.929507, 35.15068 ], [ 126.929516, 35.150677 ], [ 126.929522, 35.150688 ], [ 126.929513, 35.150691 ] ] ] ] } },
{ "type": "Feature", "properties": { "BUL_MAN_NO": 5305, "BULD_NM": null, "flo": 2.0, "h": 6.6 }, "geometry": { "type": "MultiPolygon", "coordinates": [ [ [ [ 126.929502, 35.150618 ], [ 126.929495, 35.150582 ], [ 126.929497, 35.150582 ], [ 126.929485, 35.150527 ], [ 126.929424, 35.150538 ], [ 126.929427, 35.150547 ], [ 126.929379, 35.150556 ], [ 126.929383, 35.150572 ], [ 126.929362, 35.150576 ], [ 126.929373, 35.150618 ], [ 126.929379, 35.15064 ], [ 126.929502, 35.15062 ], [ 126.929502, 35.150618 ] ] ] ] } },
{ "type": "Feature", "properties": { "BUL_MAN_NO": 36628, "BULD_NM": null, "flo": 1.0, "h": 3.3 }, "geometry": { "type": "MultiPolygon", "coordinates": [ [ [ [ 126.929459, 35.15052 ], [ 126.929457, 35.150508 ], [ 126.929483, 35.150504 ], [ 126.929485, 35.150517 ], [ 126.929459, 35.15052 ] ] ] ] } },
{ "type": "Feature", "properties": { "BUL_MAN_NO": 36629, "BULD_NM": null, "flo": 1.0, "h": 3.3 }, "geometry": { "type": "MultiPolygon", "coordinates": [ [ [ [ 126.929355, 35.150532 ], [ 126.929352, 35.150524 ], [ 126.929363, 35.150522 ], [ 126.929365, 35.15053 ], [ 126.929355, 35.150532 ] ] ] ] } },
{ "type": "Feature", "properties": { "BUL_MAN_NO": 5308, "BULD_NM": null, "flo": 2.0, "h": 6.6 }, "geometry": { "type": "MultiPolygon", "coordinates": [ [ [ [ 126.929207, 35.150726 ], [ 126.929293, 35.150706 ], [ 126.929296, 35.150715 ], [ 126.929337, 35.150703 ], [ 126.92932, 35.150644 ], [ 126.929284, 35.150654 ], [ 126.929282, 35.150651 ], [ 126.929247, 35.150663 ], [ 126.929246, 35.150656 ], [ 126.929184, 35.150673 ], [ 126.929207, 35.150726 ] ] ] ] } },
{ "type": "Feature", "properties": { "BUL_MAN_NO": 36630, "BULD_NM": null, "flo": 1.0, "h": 3.3 }, "geometry": { "type": "MultiPolygon", "coordinates": [ [ [ [ 126.929185, 35.150669 ], [ 126.929181, 35.15066 ], [ 126.929199, 35.150655 ], [ 126.929202, 35.150664 ], [ 126.929185, 35.150669 ] ] ] ] } },
{ "type": "Feature", "properties": { "BUL_MAN_NO": 27614, "BULD_NM": null, "flo": 1.0, "h": 3.3 }, "geometry": { "type": "MultiPolygon", "coordinates": [ [ [ [ 126.92914, 35.150734 ], [ 126.929147, 35.150665 ], [ 126.929011, 35.15065 ], [ 126.929003, 35.150722 ], [ 126.92914, 35.150734 ] ] ] ] } },
{ "type": "Feature", "properties": { "BUL_MAN_NO": 28626, "BULD_NM": null, "flo": 1.0, "h": 3.3 }, "geometry": { "type": "MultiPolygon", "coordinates": [ [ [ [ 126.929339, 35.150411 ], [ 126.929352, 35.1505 ], [ 126.92945, 35.15049 ], [ 126.929442, 35.150402 ], [ 126.929339, 35.150411 ] ] ] ] } },
{ "type": "Feature", "properties": { "BUL_MAN_NO": 5310, "BULD_NM": null, "flo": 2.0, "h": 6.6 }, "geometry": { "type": "MultiPolygon", "coordinates": [ [ [ [ 126.929305, 35.150565 ], [ 126.929302, 35.150538 ], [ 126.929297, 35.150538 ], [ 126.929241, 35.150541 ], [ 126.92924, 35.150532 ], [ 126.929174, 35.150536 ], [ 126.929176, 35.150559 ], [ 126.929171, 35.150559 ], [ 126.929179, 35.150615 ], [ 126.929298, 35.150605 ], [ 126.929294, 35.150565 ], [ 126.929305, 35.150565 ] ] ] ] } },
{ "type": "Feature", "properties": { "BUL_MAN_NO": 28271, "BULD_NM": null, "flo": 5.0, "h": 16.5 }, "geometry": { "type": "MultiPolygon", "coordinates": [ [ [ [ 126.929362, 35.150372 ], [ 126.929359, 35.150364 ], [ 126.929461, 35.150358 ], [ 126.929458, 35.15035 ], [ 126.929442, 35.150351 ], [ 126.929439, 35.1503 ], [ 126.929456, 35.150297 ], [ 126.92945, 35.150248 ], [ 126.929359, 35.150259 ], [ 126.929354, 35.150248 ], [ 126.92925, 35.150253 ], [ 126.929251, 35.15028 ], [ 126.929223, 35.150283 ], [ 126.929224, 35.150291 ], [ 126.92928, 35.150285 ], [ 126.929281, 35.150297 ], [ 126.929284, 35.150298 ], [ 126.929266, 35.1503 ], [ 126.929266, 35.150306 ], [ 126.929281, 35.150304 ], [ 126.929284, 35.150331 ], [ 126.929284, 35.150332 ], [ 126.929305, 35.150345 ], [ 126.929308, 35.150383 ], [ 126.929362, 35.150372 ] ] ] ] } },
{ "type": "Feature", "properties": { "BUL_MAN_NO": 5302, "BULD_NM": null, "flo": 1.0, "h": 3.3 }, "geometry": { "type": "MultiPolygon", "coordinates": [ [ [ [ 126.929193, 35.150215 ], [ 126.929195, 35.150209 ], [ 126.929209, 35.150212 ], [ 126.92922, 35.150168 ], [ 126.929232, 35.15017 ], [ 126.929234, 35.150131 ], [ 126.929149, 35.150113 ], [ 126.929138, 35.150207 ], [ 126.929193, 35.150215 ] ] ] ] } },
{ "type": "Feature", "properties": { "BUL_MAN_NO": 5301, "BULD_NM": null, "flo": 1.0, "h": 3.3 }, "geometry": { "type": "MultiPolygon", "coordinates": [ [ [ [ 126.929176, 35.150216 ], [ 126.92913, 35.15021 ], [ 126.929114, 35.150262 ], [ 126.929163, 35.150267 ], [ 126.929176, 35.150216 ] ] ] ] } },
{ "type": "Feature", "properties": { "BUL_MAN_NO": 36631, "BULD_NM": null, "flo": 1.0, "h": 3.3 }, "geometry": { "type": "MultiPolygon", "coordinates": [ [ [ [ 126.9291, 35.150323 ], [ 126.929098, 35.150312 ], [ 126.929129, 35.150307 ], [ 126.929131, 35.150317 ], [ 126.9291, 35.150323 ] ] ] ] } },
{ "type": "Feature", "properties": { "BUL_MAN_NO": 5313, "BULD_NM": null, "flo": 1.0, "h": 3.3 }, "geometry": { "type": "MultiPolygon", "coordinates": [ [ [ [ 126.929211, 35.150344 ], [ 126.929182, 35.150322 ], [ 126.92916, 35.150324 ], [ 126.929158, 35.150318 ], [ 126.929085, 35.15033 ], [ 126.929092, 35.150361 ], [ 126.929106, 35.150376 ], [ 126.929219, 35.150359 ], [ 126.929211, 35.150344 ] ] ] ] } },
{ "type": "Feature", "properties": { "BUL_MAN_NO": 5314, "BULD_NM": null, "flo": 1.0, "h": 3.3 }, "geometry": { "type": "MultiPolygon", "coordinates": [ [ [ [ 126.92907, 35.150345 ], [ 126.929082, 35.15029 ], [ 126.929047, 35.150281 ], [ 126.929044, 35.150295 ], [ 126.928994, 35.150291 ], [ 126.928989, 35.150343 ], [ 126.92907, 35.150345 ] ] ] ] } },
{ "type": "Feature", "properties": { "BUL_MAN_NO": 5315, "BULD_NM": null, "flo": 2.0, "h": 6.6 }, "geometry": { "type": "MultiPolygon", "coordinates": [ [ [ [ 126.928992, 35.150267 ], [ 126.928904, 35.150258 ], [ 126.928902, 35.15033 ], [ 126.928966, 35.150334 ], [ 126.928982, 35.15033 ], [ 126.928992, 35.150267 ] ] ] ] } },
{ "type": "Feature", "properties": { "BUL_MAN_NO": 5304, "BULD_NM": null, "flo": 2.0, "h": 6.6 }, "geometry": { "type": "MultiPolygon", "coordinates": [ [ [ [ 126.928841, 35.150173 ], [ 126.928774, 35.150165 ], [ 126.928774, 35.150169 ], [ 126.928749, 35.150169 ], [ 126.928759, 35.150198 ], [ 126.928862, 35.150223 ], [ 126.92888, 35.150178 ], [ 126.928841, 35.150173 ] ] ] ] } },
{ "type": "Feature", "properties": { "BUL_MAN_NO": 5317, "BULD_NM": null, "flo": 1.0, "h": 3.3 }, "geometry": { "type": "MultiPolygon", "coordinates": [ [ [ [ 126.928838, 35.150346 ], [ 126.928839, 35.150342 ], [ 126.928844, 35.150342 ], [ 126.928849, 35.150246 ], [ 126.928775, 35.150231 ], [ 126.928772, 35.150261 ], [ 126.928798, 35.150308 ], [ 126.928793, 35.150338 ], [ 126.928838, 35.150346 ] ] ] ] } },
{ "type": "Feature", "properties": { "BUL_MAN_NO": 36633, "BULD_NM": null, "flo": 1.0, "h": 3.3 }, "geometry": { "type": "MultiPolygon", "coordinates": [ [ [ [ 126.928795, 35.150349 ], [ 126.928797, 35.150342 ], [ 126.928827, 35.150347 ], [ 126.928826, 35.150353 ], [ 126.928795, 35.150349 ] ] ] ] } },
{ "type": "Feature", "properties": { "BUL_MAN_NO": 5320, "BULD_NM": null, "flo": 1.0, "h": 3.3 }, "geometry": { "type": "MultiPolygon", "coordinates": [ [ [ [ 126.928697, 35.150194 ], [ 126.928696, 35.150133 ], [ 126.928639, 35.150131 ], [ 126.928635, 35.150148 ], [ 126.928592, 35.150143 ], [ 126.928585, 35.15018 ], [ 126.928697, 35.150194 ] ] ] ] } },
{ "type": "Feature", "properties": { "BUL_MAN_NO": 6385, "BULD_NM": null, "flo": 1.0, "h": 3.3 }, "geometry": { "type": "MultiPolygon", "coordinates": [ [ [ [ 126.929387, 35.149076 ], [ 126.929289, 35.149042 ], [ 126.92933, 35.149107 ], [ 126.929387, 35.149076 ] ] ] ] } },
{ "type": "Feature", "properties": { "BUL_MAN_NO": 6384, "BULD_NM": null, "flo": 1.0, "h": 3.3 }, "geometry": { "type": "MultiPolygon", "coordinates": [ [ [ [ 126.929443, 35.149093 ], [ 126.929389, 35.149078 ], [ 126.929331, 35.149108 ], [ 126.929351, 35.149136 ], [ 126.929447, 35.149102 ], [ 126.929443, 35.149093 ] ] ] ] } },
{ "type": "Feature", "properties": { "BUL_MAN_NO": 36724, "BULD_NM": null, "flo": 1.0, "h": 3.3 }, "geometry": { "type": "MultiPolygon", "coordinates": [ [ [ [ 126.929432, 35.149058 ], [ 126.929414, 35.149053 ], [ 126.929418, 35.149046 ], [ 126.929436, 35.149051 ], [ 126.929432, 35.149058 ] ] ] ] } },
{ "type": "Feature", "properties": { "BUL_MAN_NO": 6380, "BULD_NM": null, "flo": 2.0, "h": 6.6 }, "geometry": { "type": "MultiPolygon", "coordinates": [ [ [ [ 126.929402, 35.149052 ], [ 126.929416, 35.149036 ], [ 126.929429, 35.149042 ], [ 126.929444, 35.149023 ], [ 126.929454, 35.149028 ], [ 126.929468, 35.149005 ], [ 126.929405, 35.148968 ], [ 126.929359, 35.149029 ], [ 126.929402, 35.149052 ] ] ] ] } },
{ "type": "Feature", "properties": { "BUL_MAN_NO": 6375, "BULD_NM": null, "flo": 1.0, "h": 3.3 }, "geometry": { "type": "MultiPolygon", "coordinates": [ [ [ [ 126.929802, 35.148969 ], [ 126.929711, 35.148941 ], [ 126.929694, 35.148943 ], [ 126.929641, 35.148921 ], [ 126.929649, 35.14891 ], [ 126.929609, 35.148893 ], [ 126.929541, 35.148974 ], [ 126.92963, 35.149019 ], [ 126.929637, 35.149034 ], [ 126.929802, 35.148969 ] ] ] ] } },
{ "type": "Feature", "properties": { "BUL_MAN_NO": 6378, "BULD_NM": null, "flo": 2.0, "h": 6.6 }, "geometry": { "type": "MultiPolygon", "coordinates": [ [ [ [ 126.929881, 35.149166 ], [ 126.929906, 35.149081 ], [ 126.929896, 35.149079 ], [ 126.929897, 35.149075 ], [ 126.929872, 35.14907 ], [ 126.92987, 35.149074 ], [ 126.929859, 35.149077 ], [ 126.929854, 35.149091 ], [ 126.929835, 35.149086 ], [ 126.929819, 35.149094 ], [ 126.929814, 35.149105 ], [ 126.929794, 35.149101 ], [ 126.929792, 35.149106 ], [ 126.929782, 35.149104 ], [ 126.929768, 35.149144 ], [ 126.929881, 35.149166 ] ] ] ] } },
{ "type": "Feature", "properties": { "BUL_MAN_NO": 36722, "BULD_NM": null, "flo": 1.0, "h": 3.3 }, "geometry": { "type": "MultiPolygon", "coordinates": [ [ [ [ 126.929767, 35.149153 ], [ 126.92977, 35.149146 ], [ 126.92979, 35.14915 ], [ 126.929788, 35.149156 ], [ 126.929767, 35.149153 ] ] ] ] } },
{ "type": "Feature", "properties": { "BUL_MAN_NO": 30155, "BULD_NM": null, "flo": 4.0, "h": 13.2 }, "geometry": { "type": "MultiPolygon", "coordinates": [ [ [ [ 126.929986, 35.149188 ], [ 126.930001, 35.149141 ], [ 126.929996, 35.14914 ], [ 126.930005, 35.149109 ], [ 126.930008, 35.149092 ], [ 126.930004, 35.149092 ], [ 126.930012, 35.149068 ], [ 126.929972, 35.14906 ], [ 126.929925, 35.149075 ], [ 126.929891, 35.149185 ], [ 126.92996, 35.1492 ], [ 126.929965, 35.149184 ], [ 126.929986, 35.149188 ] ] ] ] } },
{ "type": "Feature", "properties": { "BUL_MAN_NO": 6383, "BULD_NM": null, "flo": 3.0, "h": 9.9 }, "geometry": { "type": "MultiPolygon", "coordinates": [ [ [ [ 126.929968, 35.148901 ], [ 126.929959, 35.148882 ], [ 126.929747, 35.148915 ], [ 126.929746, 35.148942 ], [ 126.929826, 35.148959 ], [ 126.92995, 35.148916 ], [ 126.929968, 35.148901 ] ] ] ] } },
{ "type": "Feature", "properties": { "BUL_MAN_NO": 6382, "BULD_NM": null, "flo": 2.0, "h": 6.6 }, "geometry": { "type": "MultiPolygon", "coordinates": [ [ [ [ 126.930073, 35.149034 ], [ 126.930171, 35.149011 ], [ 126.93017, 35.148959 ], [ 126.930019, 35.149015 ], [ 126.930026, 35.149028 ], [ 126.930065, 35.149014 ], [ 126.930073, 35.149034 ] ] ] ] } },
{ "type": "Feature", "properties": { "BUL_MAN_NO": 36726, "BULD_NM": null, "flo": 1.0, "h": 3.3 }, "geometry": { "type": "MultiPolygon", "coordinates": [ [ [ [ 126.930054, 35.149031 ], [ 126.93005, 35.149022 ], [ 126.930062, 35.149018 ], [ 126.930066, 35.149027 ], [ 126.930054, 35.149031 ] ] ] ] } },
{ "type": "Feature", "properties": { "BUL_MAN_NO": 6381, "BULD_NM": null, "flo": 2.0, "h": 6.6 }, "geometry": { "type": "MultiPolygon", "coordinates": [ [ [ [ 126.930313, 35.148925 ], [ 126.9302, 35.148967 ], [ 126.930224, 35.149006 ], [ 126.9303, 35.149019 ], [ 126.930353, 35.149001 ], [ 126.930313, 35.148925 ] ] ] ] } },
{ "type": "Feature", "properties": { "BUL_MAN_NO": 6565, "BULD_NM": null, "flo": 2.0, "h": 6.6 }, "geometry": { "type": "MultiPolygon", "coordinates": [ [ [ [ 126.930521, 35.148898 ], [ 126.930598, 35.148867 ], [ 126.930604, 35.148881 ], [ 126.930645, 35.148866 ], [ 126.930621, 35.148808 ], [ 126.930506, 35.148852 ], [ 126.930503, 35.148866 ], [ 126.930519, 35.148893 ], [ 126.930521, 35.148898 ] ] ] ] } },
{ "type": "Feature", "properties": { "BUL_MAN_NO": 6511, "BULD_NM": null, "flo": 2.0, "h": 6.6 }, "geometry": { "type": "MultiPolygon", "coordinates": [ [ [ [ 126.930662, 35.148827 ], [ 126.930743, 35.148797 ], [ 126.930725, 35.148761 ], [ 126.930716, 35.148752 ], [ 126.930629, 35.148785 ], [ 126.930639, 35.148805 ], [ 126.930649, 35.148802 ], [ 126.930662, 35.148827 ] ] ] ] } },
{ "type": "Feature", "properties": { "BUL_MAN_NO": 6510, "BULD_NM": null, "flo": 2.0, "h": 6.6 }, "geometry": { "type": "MultiPolygon", "coordinates": [ [ [ [ 126.930845, 35.14882 ], [ 126.930818, 35.148793 ], [ 126.930774, 35.148807 ], [ 126.930814, 35.1489 ], [ 126.930873, 35.148867 ], [ 126.930845, 35.14882 ] ] ] ] } },
{ "type": "Feature", "properties": { "BUL_MAN_NO": 6576, "BULD_NM": null, "flo": 4.0, "h": 13.2 }, "geometry": { "type": "MultiPolygon", "coordinates": [ [ [ [ 126.930662, 35.148595 ], [ 126.930643, 35.148576 ], [ 126.930568, 35.148604 ], [ 126.930476, 35.148639 ], [ 126.93049, 35.148667 ], [ 126.930477, 35.148671 ], [ 126.930496, 35.148713 ], [ 126.930568, 35.148687 ], [ 126.930636, 35.148657 ], [ 126.93063, 35.148644 ], [ 126.930642, 35.148639 ], [ 126.930654, 35.14862 ], [ 126.930662, 35.148595 ] ] ] ] } },
{ "type": "Feature", "properties": { "BUL_MAN_NO": 6955, "BULD_NM": null, "flo": 1.0, "h": 3.3 }, "geometry": { "type": "MultiPolygon", "coordinates": [ [ [ [ 126.927304, 35.145886 ], [ 126.927273, 35.145861 ], [ 126.927215, 35.14589 ], [ 126.927258, 35.14592 ], [ 126.927286, 35.145897 ], [ 126.927304, 35.145886 ] ] ] ] } },
{ "type": "Feature", "properties": { "BUL_MAN_NO": 6970, "BULD_NM": null, "flo": 1.0, "h": 3.3 }, "geometry": { "type": "MultiPolygon", "coordinates": [ [ [ [ 126.927341, 35.145762 ], [ 126.927308, 35.145748 ], [ 126.927254, 35.145807 ], [ 126.927276, 35.145822 ], [ 126.927363, 35.14578 ], [ 126.927341, 35.145762 ] ] ] ] } },
{ "type": "Feature", "properties": { "BUL_MAN_NO": 6969, "BULD_NM": null, "flo": 4.0, "h": 13.2 }, "geometry": { "type": "MultiPolygon", "coordinates": [ [ [ [ 126.927454, 35.145818 ], [ 126.927436, 35.145814 ], [ 126.927358, 35.145851 ], [ 126.927409, 35.145901 ], [ 126.927449, 35.145907 ], [ 126.927506, 35.14587 ], [ 126.927454, 35.145818 ] ] ] ] } },
{ "type": "Feature", "properties": { "BUL_MAN_NO": 6964, "BULD_NM": null, "flo": 1.0, "h": 3.3 }, "geometry": { "type": "MultiPolygon", "coordinates": [ [ [ [ 126.927669, 35.145768 ], [ 126.927619, 35.145729 ], [ 126.927519, 35.145774 ], [ 126.927593, 35.145819 ], [ 126.927669, 35.145768 ] ] ] ] } },
{ "type": "Feature", "properties": { "BUL_MAN_NO": 6967, "BULD_NM": null, "flo": 1.0, "h": 3.3 }, "geometry": { "type": "MultiPolygon", "coordinates": [ [ [ [ 126.927592, 35.145666 ], [ 126.927549, 35.145616 ], [ 126.927463, 35.145689 ], [ 126.927487, 35.145713 ], [ 126.927592, 35.145666 ] ] ] ] } },
{ "type": "Feature", "properties": { "BUL_MAN_NO": 7343, "BULD_NM": null, "flo": 4.0, "h": 13.2 }, "geometry": { "type": "MultiPolygon", "coordinates": [ [ [ [ 126.928049, 35.146884 ], [ 126.928006, 35.1468 ], [ 126.927819, 35.146885 ], [ 126.927884, 35.146984 ], [ 126.927941, 35.146959 ], [ 126.927955, 35.14694 ], [ 126.927946, 35.146927 ], [ 126.928049, 35.146884 ] ] ] ] } },
{ "type": "Feature", "properties": { "BUL_MAN_NO": 7338, "BULD_NM": null, "flo": 1.0, "h": 3.3 }, "geometry": { "type": "MultiPolygon", "coordinates": [ [ [ [ 126.927816, 35.146791 ], [ 126.927802, 35.146765 ], [ 126.927797, 35.146767 ], [ 126.927785, 35.146747 ], [ 126.927735, 35.146767 ], [ 126.927765, 35.146814 ], [ 126.927816, 35.146791 ] ] ] ] } },
{ "type": "Feature", "properties": { "BUL_MAN_NO": 7340, "BULD_NM": null, "flo": 1.0, "h": 3.3 }, "geometry": { "type": "MultiPolygon", "coordinates": [ [ [ [ 126.927999, 35.146713 ], [ 126.927961, 35.146673 ], [ 126.927813, 35.146735 ], [ 126.927838, 35.146782 ], [ 126.927999, 35.146713 ] ] ] ] } },
{ "type": "Feature", "properties": { "BUL_MAN_NO": 7339, "BULD_NM": null, "flo": 1.0, "h": 3.3 }, "geometry": { "type": "MultiPolygon", "coordinates": [ [ [ [ 126.927892, 35.146681 ], [ 126.927864, 35.146635 ], [ 126.92778, 35.146673 ], [ 126.927807, 35.146724 ], [ 126.927882, 35.146691 ], [ 126.927881, 35.146685 ], [ 126.927892, 35.146681 ] ] ] ] } },
{ "type": "Feature", "properties": { "BUL_MAN_NO": 7345, "BULD_NM": null, "flo": 4.0, "h": 13.2 }, "geometry": { "type": "MultiPolygon", "coordinates": [ [ [ [ 126.928249, 35.146767 ], [ 126.928208, 35.14674 ], [ 126.928202, 35.146744 ], [ 126.928187, 35.146725 ], [ 126.928042, 35.146791 ], [ 126.928073, 35.146839 ], [ 126.928086, 35.146849 ], [ 126.928154, 35.146864 ], [ 126.928264, 35.146813 ], [ 126.928267, 35.1468 ], [ 126.928249, 35.146767 ] ] ] ] } },
{ "type": "Feature", "properties": { "BUL_MAN_NO": 7341, "BULD_NM": null, "flo": 3.0, "h": 9.9 }, "geometry": { "type": "MultiPolygon", "coordinates": [ [ [ [ 126.928092, 35.146579 ], [ 126.928026, 35.14655 ], [ 126.927933, 35.146591 ], [ 126.927928, 35.1466 ], [ 126.927951, 35.146629 ], [ 126.927984, 35.146648 ], [ 126.928032, 35.146696 ], [ 126.928126, 35.146651 ], [ 126.928123, 35.146646 ], [ 126.928144, 35.146635 ], [ 126.928092, 35.146579 ] ] ] ] } },
{ "type": "Feature", "properties": { "BUL_MAN_NO": 36739, "BULD_NM": null, "flo": 1.0, "h": 3.3 }, "geometry": { "type": "MultiPolygon", "coordinates": [ [ [ [ 126.927914, 35.146537 ], [ 126.927922, 35.146524 ], [ 126.927962, 35.14654 ], [ 126.927953, 35.146552 ], [ 126.927914, 35.146537 ] ] ] ] } },
{ "type": "Feature", "properties": { "BUL_MAN_NO": 7344, "BULD_NM": null, "flo": 4.0, "h": 13.2 }, "geometry": { "type": "MultiPolygon", "coordinates": [ [ [ [ 126.928365, 35.146684 ], [ 126.92833, 35.146661 ], [ 126.928198, 35.146716 ], [ 126.928277, 35.146775 ], [ 126.92831, 35.146747 ], [ 126.928321, 35.146705 ], [ 126.928365, 35.146684 ] ] ] ] } },
{ "type": "Feature", "properties": { "BUL_MAN_NO": 7342, "BULD_NM": null, "flo": 4.0, "h": 13.2 }, "geometry": { "type": "MultiPolygon", "coordinates": [ [ [ [ 126.928232, 35.146601 ], [ 126.928037, 35.146496 ], [ 126.928013, 35.146529 ], [ 126.9281, 35.146565 ], [ 126.92816, 35.14664 ], [ 126.928191, 35.146623 ], [ 126.928185, 35.146618 ], [ 126.928232, 35.146601 ] ] ] ] } },
{ "type": "Feature", "properties": { "BUL_MAN_NO": 7376, "BULD_NM": null, "flo": 1.0, "h": 3.3 }, "geometry": { "type": "MultiPolygon", "coordinates": [ [ [ [ 126.928304, 35.146565 ], [ 126.9283, 35.14654 ], [ 126.928275, 35.1465 ], [ 126.92827, 35.146495 ], [ 126.928229, 35.146549 ], [ 126.928273, 35.146577 ], [ 126.928304, 35.146565 ] ] ] ] } },
{ "type": "Feature", "properties": { "BUL_MAN_NO": 7389, "BULD_NM": null, "flo": 1.0, "h": 3.3 }, "geometry": { "type": "MultiPolygon", "coordinates": [ [ [ [ 126.92861, 35.146538 ], [ 126.928605, 35.146534 ], [ 126.928423, 35.146611 ], [ 126.928447, 35.146633 ], [ 126.928539, 35.146636 ], [ 126.928568, 35.146595 ], [ 126.928602, 35.146552 ], [ 126.92861, 35.146538 ] ] ] ] } },
{ "type": "Feature", "properties": { "BUL_MAN_NO": 7381, "BULD_NM": null, "flo": 1.0, "h": 3.3 }, "geometry": { "type": "MultiPolygon", "coordinates": [ [ [ [ 126.928398, 35.146537 ], [ 126.928439, 35.146521 ], [ 126.92842, 35.146487 ], [ 126.92836, 35.14646 ], [ 126.928339, 35.146467 ], [ 126.928375, 35.146529 ], [ 126.928398, 35.146537 ] ] ] ] } },
{ "type": "Feature", "properties": { "BUL_MAN_NO": 7390, "BULD_NM": null, "flo": 3.0, "h": 9.9 }, "geometry": { "type": "MultiPolygon", "coordinates": [ [ [ [ 126.928543, 35.14643 ], [ 126.928506, 35.146374 ], [ 126.928486, 35.146383 ], [ 126.92849, 35.146393 ], [ 126.928452, 35.146423 ], [ 126.928422, 35.146469 ], [ 126.928449, 35.146505 ], [ 126.928534, 35.146468 ], [ 126.928517, 35.146441 ], [ 126.928543, 35.14643 ] ] ] ] } },
{ "type": "Feature", "properties": { "BUL_MAN_NO": 7392, "BULD_NM": null, "flo": 1.0, "h": 3.3 }, "geometry": { "type": "MultiPolygon", "coordinates": [ [ [ [ 126.928751, 35.146524 ], [ 126.928714, 35.146496 ], [ 126.928638, 35.146527 ], [ 126.928642, 35.146534 ], [ 126.9286, 35.146579 ], [ 126.92868, 35.146613 ], [ 126.928751, 35.146524 ] ] ] ] } },
{ "type": "Feature", "properties": { "BUL_MAN_NO": 7393, "BULD_NM": null, "flo": 2.0, "h": 6.6 }, "geometry": { "type": "MultiPolygon", "coordinates": [ [ [ [ 126.928813, 35.146669 ], [ 126.928876, 35.14658 ], [ 126.928817, 35.146551 ], [ 126.928821, 35.146547 ], [ 126.928804, 35.146541 ], [ 126.92879, 35.146562 ], [ 126.928773, 35.146554 ], [ 126.928752, 35.146588 ], [ 126.928741, 35.146582 ], [ 126.92871, 35.146624 ], [ 126.928813, 35.146669 ] ] ] ] } },
{ "type": "Feature", "properties": { "BUL_MAN_NO": 7362, "BULD_NM": null, "flo": 1.0, "h": 3.3 }, "geometry": { "type": "MultiPolygon", "coordinates": [ [ [ [ 126.929854, 35.147282 ], [ 126.929963, 35.147281 ], [ 126.929962, 35.147255 ], [ 126.929853, 35.147257 ], [ 126.929854, 35.147282 ] ] ] ] } },
{ "type": "Feature", "properties": { "BUL_MAN_NO": 7360, "BULD_NM": "여자고교 본관동", "flo": 5.0, "h": 16.5 }, "geometry": { "type": "MultiPolygon", "coordinates": [ [ [ [ 126.929298, 35.146791 ], [ 126.929192, 35.147004 ], [ 126.929267, 35.147027 ], [ 126.929304, 35.146948 ], [ 126.92932, 35.146953 ], [ 126.929283, 35.147031 ], [ 126.929465, 35.147089 ], [ 126.929515, 35.146981 ], [ 126.929666, 35.147028 ], [ 126.92964, 35.147083 ], [ 126.929704, 35.147103 ], [ 126.929728, 35.147051 ], [ 126.930003, 35.147138 ], [ 126.930006, 35.147132 ], [ 126.930048, 35.147146 ], [ 126.930045, 35.147152 ], [ 126.930147, 35.147185 ], [ 126.930196, 35.14708 ], [ 126.930093, 35.147048 ], [ 126.930089, 35.147057 ], [ 126.930045, 35.147043 ], [ 126.93005, 35.147033 ], [ 126.929783, 35.146949 ], [ 126.929814, 35.146882 ], [ 126.929728, 35.146855 ], [ 126.929698, 35.146919 ], [ 126.929436, 35.146836 ], [ 126.929433, 35.146842 ], [ 126.929388, 35.146828 ], [ 126.929391, 35.14682 ], [ 126.929298, 35.146791 ] ] ] ] } },
{ "type": "Feature", "properties": { "BUL_MAN_NO": 7361, "BULD_NM": "과학관동", "flo": 5.0, "h": 16.5 }, "geometry": { "type": "MultiPolygon", "coordinates": [ [ [ [ 126.929154, 35.146735 ], [ 126.929176, 35.146743 ], [ 126.929148, 35.146757 ], [ 126.929165, 35.14678 ], [ 126.929192, 35.146766 ], [ 126.929216, 35.146797 ], [ 126.929238, 35.146794 ], [ 126.929372, 35.146539 ], [ 126.929285, 35.146507 ], [ 126.929266, 35.146543 ], [ 126.929247, 35.146536 ], [ 126.929271, 35.146492 ], [ 126.929214, 35.146471 ], [ 126.92921, 35.146478 ], [ 126.929117, 35.146445 ], [ 126.929073, 35.146528 ], [ 126.929047, 35.146519 ], [ 126.929013, 35.146581 ], [ 126.929083, 35.146612 ], [ 126.929154, 35.146735 ] ] ] ] } },
{ "type": "Feature", "properties": { "BUL_MAN_NO": 7427, "BULD_NM": null, "flo": 1.0, "h": 3.3 }, "geometry": { "type": "MultiPolygon", "coordinates": [ [ [ [ 126.930897, 35.14997 ], [ 126.930791, 35.149969 ], [ 126.930792, 35.150007 ], [ 126.930902, 35.150008 ], [ 126.930897, 35.14997 ] ] ] ] } },
{ "type": "Feature", "properties": { "BUL_MAN_NO": 7431, "BULD_NM": null, "flo": 1.0, "h": 3.3 }, "geometry": { "type": "MultiPolygon", "coordinates": [ [ [ [ 126.930887, 35.150064 ], [ 126.930878, 35.150016 ], [ 126.930775, 35.150031 ], [ 126.930784, 35.150081 ], [ 126.930887, 35.150064 ] ] ] ] } },
{ "type": "Feature", "properties": { "BUL_MAN_NO": 7426, "BULD_NM": null, "flo": 1.0, "h": 3.3 }, "geometry": { "type": "MultiPolygon", "coordinates": [ [ [ [ 126.930765, 35.15 ], [ 126.930761, 35.149954 ], [ 126.93072, 35.149959 ], [ 126.930727, 35.150025 ], [ 126.930769, 35.150026 ], [ 126.930765, 35.15 ] ] ] ] } },
{ "type": "Feature", "properties": { "BUL_MAN_NO": 36615, "BULD_NM": null, "flo": 1.0, "h": 3.3 }, "geometry": { "type": "MultiPolygon", "coordinates": [ [ [ [ 126.930799, 35.14995 ], [ 126.9308, 35.149942 ], [ 126.930871, 35.149945 ], [ 126.930869, 35.149953 ], [ 126.930799, 35.14995 ] ] ] ] } },
{ "type": "Feature", "properties": { "BUL_MAN_NO": 7424, "BULD_NM": null, "flo": 2.0, "h": 6.6 }, "geometry": { "type": "MultiPolygon", "coordinates": [ [ [ [ 126.930888, 35.149944 ], [ 126.930891, 35.149911 ], [ 126.930897, 35.149911 ], [ 126.930899, 35.149881 ], [ 126.930884, 35.14988 ], [ 126.930884, 35.149873 ], [ 126.930854, 35.149871 ], [ 126.930854, 35.149862 ], [ 126.930797, 35.149862 ], [ 126.930788, 35.149939 ], [ 126.930888, 35.149944 ] ] ] ] } },
{ "type": "Feature", "properties": { "BUL_MAN_NO": 36616, "BULD_NM": null, "flo": 1.0, "h": 3.3 }, "geometry": { "type": "MultiPolygon", "coordinates": [ [ [ [ 126.93089, 35.14976 ], [ 126.930878, 35.149761 ], [ 126.930878, 35.149771 ], [ 126.93089, 35.14977 ], [ 126.93089, 35.14976 ] ] ] ] } },
{ "type": "Feature", "properties": { "BUL_MAN_NO": 7425, "BULD_NM": null, "flo": 2.0, "h": 6.6 }, "geometry": { "type": "MultiPolygon", "coordinates": [ [ [ [ 126.930898, 35.149821 ], [ 126.930894, 35.149785 ], [ 126.930881, 35.149786 ], [ 126.930879, 35.149772 ], [ 126.930841, 35.149773 ], [ 126.93084, 35.149767 ], [ 126.930793, 35.149769 ], [ 126.930803, 35.149849 ], [ 126.930887, 35.149848 ], [ 126.930886, 35.149821 ], [ 126.930898, 35.149821 ] ] ] ] } },
{ "type": "Feature", "properties": { "BUL_MAN_NO": 7423, "BULD_NM": null, "flo": 1.0, "h": 3.3 }, "geometry": { "type": "MultiPolygon", "coordinates": [ [ [ [ 126.930687, 35.149418 ], [ 126.930669, 35.14937 ], [ 126.930637, 35.149376 ], [ 126.930615, 35.14938 ], [ 126.930614, 35.149377 ], [ 126.930596, 35.14938 ], [ 126.93061, 35.149433 ], [ 126.930669, 35.149426 ], [ 126.930687, 35.149418 ] ] ] ] } },
{ "type": "Feature", "properties": { "BUL_MAN_NO": 7428, "BULD_NM": null, "flo": 2.0, "h": 6.6 }, "geometry": { "type": "MultiPolygon", "coordinates": [ [ [ [ 126.930374, 35.149122 ], [ 126.930387, 35.149062 ], [ 126.930312, 35.149052 ], [ 126.930305, 35.149076 ], [ 126.930296, 35.149075 ], [ 126.930282, 35.149146 ], [ 126.930372, 35.14916 ], [ 126.930381, 35.149124 ], [ 126.930374, 35.149122 ] ] ] ] } },
{ "type": "Feature", "properties": { "BUL_MAN_NO": 36725, "BULD_NM": null, "flo": 1.0, "h": 3.3 }, "geometry": { "type": "MultiPolygon", "coordinates": [ [ [ [ 126.930361, 35.149176 ], [ 126.930358, 35.149167 ], [ 126.930382, 35.149163 ], [ 126.930384, 35.149172 ], [ 126.930361, 35.149176 ] ] ] ] } },
{ "type": "Feature", "properties": { "BUL_MAN_NO": 7429, "BULD_NM": null, "flo": 2.0, "h": 6.6 }, "geometry": { "type": "MultiPolygon", "coordinates": [ [ [ [ 126.930414, 35.148909 ], [ 126.930361, 35.148893 ], [ 126.93034, 35.148903 ], [ 126.930394, 35.148968 ], [ 126.930381, 35.148975 ], [ 126.930406, 35.149044 ], [ 126.930431, 35.149039 ], [ 126.930424, 35.149015 ], [ 126.930454, 35.149007 ], [ 126.930447, 35.148993 ], [ 126.930454, 35.14899 ], [ 126.930414, 35.148909 ] ] ] ] } },
{ "type": "Feature", "properties": { "BUL_MAN_NO": 7430, "BULD_NM": null, "flo": 1.0, "h": 3.3 }, "geometry": { "type": "MultiPolygon", "coordinates": [ [ [ [ 126.930432, 35.149023 ], [ 126.930437, 35.149038 ], [ 126.930463, 35.149032 ], [ 126.930459, 35.149017 ], [ 126.930432, 35.149023 ] ] ] ] } },
{ "type": "Feature", "properties": { "BUL_MAN_NO": 7453, "BULD_NM": null, "flo": 2.0, "h": 6.6 }, "geometry": { "type": "MultiPolygon", "coordinates": [ [ [ [ 126.931174, 35.150302 ], [ 126.931167, 35.150218 ], [ 126.931117, 35.150223 ], [ 126.931115, 35.150231 ], [ 126.931099, 35.150232 ], [ 126.931099, 35.150239 ], [ 126.931067, 35.150242 ], [ 126.931067, 35.150252 ], [ 126.931035, 35.150253 ], [ 126.931035, 35.150282 ], [ 126.931032, 35.150282 ], [ 126.931037, 35.15031 ], [ 126.931174, 35.150302 ] ] ] ] } },
{ "type": "Feature", "properties": { "BUL_MAN_NO": 7457, "BULD_NM": null, "flo": 2.0, "h": 6.6 }, "geometry": { "type": "MultiPolygon", "coordinates": [ [ [ [ 126.93092, 35.150374 ], [ 126.930914, 35.150319 ], [ 126.930901, 35.15032 ], [ 126.930901, 35.150306 ], [ 126.930834, 35.150307 ], [ 126.930832, 35.150294 ], [ 126.930771, 35.150298 ], [ 126.930778, 35.150381 ], [ 126.93092, 35.150374 ] ] ] ] } },
{ "type": "Feature", "properties": { "BUL_MAN_NO": 7458, "BULD_NM": null, "flo": 2.0, "h": 6.6 }, "geometry": { "type": "MultiPolygon", "coordinates": [ [ [ [ 126.93088, 35.150279 ], [ 126.930872, 35.150217 ], [ 126.930794, 35.150222 ], [ 126.930793, 35.150209 ], [ 126.930756, 35.15021 ], [ 126.930769, 35.150284 ], [ 126.93088, 35.150279 ] ] ] ] } },
{ "type": "Feature", "properties": { "BUL_MAN_NO": 7446, "BULD_NM": null, "flo": 1.0, "h": 3.3 }, "geometry": { "type": "MultiPolygon", "coordinates": [ [ [ [ 126.931078, 35.150133 ], [ 126.931071, 35.150042 ], [ 126.930997, 35.150046 ], [ 126.930995, 35.150071 ], [ 126.931007, 35.150071 ], [ 126.931012, 35.150138 ], [ 126.931078, 35.150133 ] ] ] ] } },
{ "type": "Feature", "properties": { "BUL_MAN_NO": 7441, "BULD_NM": null, "flo": 3.0, "h": 9.9 }, "geometry": { "type": "MultiPolygon", "coordinates": [ [ [ [ 126.931066, 35.149869 ], [ 126.930968, 35.149847 ], [ 126.930981, 35.149971 ], [ 126.931012, 35.14997 ], [ 126.931012, 35.149967 ], [ 126.931019, 35.149954 ], [ 126.931015, 35.149951 ], [ 126.931066, 35.149869 ] ] ] ] } },
{ "type": "Feature", "properties": { "BUL_MAN_NO": 7437, "BULD_NM": null, "flo": 3.0, "h": 9.9 }, "geometry": { "type": "MultiPolygon", "coordinates": [ [ [ [ 126.931104, 35.149832 ], [ 126.931153, 35.149761 ], [ 126.931152, 35.149744 ], [ 126.930974, 35.14977 ], [ 126.930984, 35.149812 ], [ 126.931041, 35.149803 ], [ 126.931048, 35.149831 ], [ 126.931065, 35.149837 ], [ 126.931104, 35.149832 ] ] ] ] } },
{ "type": "Feature", "properties": { "BUL_MAN_NO": 7442, "BULD_NM": null, "flo": 3.0, "h": 9.9 }, "geometry": { "type": "MultiPolygon", "coordinates": [ [ [ [ 126.931193, 35.149689 ], [ 126.93114, 35.14968 ], [ 126.931111, 35.149682 ], [ 126.93111, 35.149674 ], [ 126.930959, 35.149697 ], [ 126.93097, 35.149749 ], [ 126.931198, 35.149714 ], [ 126.931193, 35.149689 ] ] ] ] } },
{ "type": "Feature", "properties": { "BUL_MAN_NO": 7436, "BULD_NM": null, "flo": 3.0, "h": 9.9 }, "geometry": { "type": "MultiPolygon", "coordinates": [ [ [ [ 126.930878, 35.14937 ], [ 126.930866, 35.149355 ], [ 126.930855, 35.149359 ], [ 126.930785, 35.149264 ], [ 126.930744, 35.149271 ], [ 126.930725, 35.149286 ], [ 126.930714, 35.149309 ], [ 126.930781, 35.149404 ], [ 126.930824, 35.149414 ], [ 126.930861, 35.149393 ], [ 126.930878, 35.14937 ] ] ] ] } },
{ "type": "Feature", "properties": { "BUL_MAN_NO": 7434, "BULD_NM": null, "flo": 2.0, "h": 6.6 }, "geometry": { "type": "MultiPolygon", "coordinates": [ [ [ [ 126.930707, 35.149191 ], [ 126.930752, 35.149086 ], [ 126.930696, 35.149067 ], [ 126.930682, 35.149097 ], [ 126.930662, 35.149109 ], [ 126.930666, 35.149115 ], [ 126.930652, 35.149126 ], [ 126.930646, 35.149123 ], [ 126.93063, 35.149134 ], [ 126.930658, 35.149178 ], [ 126.930707, 35.149191 ] ] ] ] } },
{ "type": "Feature", "properties": { "BUL_MAN_NO": 7435, "BULD_NM": null, "flo": 1.0, "h": 3.3 }, "geometry": { "type": "MultiPolygon", "coordinates": [ [ [ [ 126.930652, 35.149051 ], [ 126.930618, 35.149016 ], [ 126.930575, 35.149041 ], [ 126.930608, 35.149112 ], [ 126.930626, 35.14912 ], [ 126.930667, 35.149092 ], [ 126.930676, 35.149063 ], [ 126.930652, 35.149051 ] ] ] ] } },
{ "type": "Feature", "properties": { "BUL_MAN_NO": 27683, "BULD_NM": null, "flo": 4.0, "h": 13.2 }, "geometry": { "type": "MultiPolygon", "coordinates": [ [ [ [ 126.930578, 35.148996 ], [ 126.930761, 35.148916 ], [ 126.930723, 35.14885 ], [ 126.930538, 35.148927 ], [ 126.930578, 35.148996 ] ] ] ] } },
{ "type": "Feature", "properties": { "BUL_MAN_NO": 33367, "BULD_NM": null, "flo": 1.0, "h": 3.3 }, "geometry": { "type": "MultiPolygon", "coordinates": [ [ [ [ 126.928506, 35.14762 ], [ 126.928576, 35.14761 ], [ 126.928574, 35.1476 ], [ 126.928603, 35.147595 ], [ 126.928605, 35.147606 ], [ 126.928638, 35.147602 ], [ 126.928626, 35.147545 ], [ 126.928615, 35.147547 ], [ 126.928603, 35.147488 ], [ 126.928482, 35.147506 ], [ 126.928506, 35.14762 ] ] ] ] } },
{ "type": "Feature", "properties": { "BUL_MAN_NO": 7468, "BULD_NM": null, "flo": 3.0, "h": 9.9 }, "geometry": { "type": "MultiPolygon", "coordinates": [ [ [ [ 126.928843, 35.147723 ], [ 126.928811, 35.147631 ], [ 126.928693, 35.147662 ], [ 126.928721, 35.147748 ], [ 126.928843, 35.147723 ] ] ] ] } },
{ "type": "Feature", "properties": { "BUL_MAN_NO": 7473, "BULD_NM": null, "flo": 5.0, "h": 16.5 }, "geometry": { "type": "MultiPolygon", "coordinates": [ [ [ [ 126.92872, 35.147565 ], [ 126.928764, 35.147556 ], [ 126.92872, 35.147423 ], [ 126.928685, 35.147429 ], [ 126.928681, 35.147419 ], [ 126.928659, 35.147424 ], [ 126.928655, 35.147415 ], [ 126.928611, 35.147425 ], [ 126.928652, 35.147559 ], [ 126.928698, 35.147551 ], [ 126.928701, 35.14756 ], [ 126.928717, 35.147558 ], [ 126.92872, 35.147565 ] ] ] ] } },
{ "type": "Feature", "properties": { "BUL_MAN_NO": 19498, "BULD_NM": null, "flo": 1.0, "h": 3.3 }, "geometry": { "type": "MultiPolygon", "coordinates": [ [ [ [ 126.928995, 35.147693 ], [ 126.928984, 35.14766 ], [ 126.92897, 35.147662 ], [ 126.92896, 35.14763 ], [ 126.928902, 35.147642 ], [ 126.9289, 35.147636 ], [ 126.928843, 35.147653 ], [ 126.928865, 35.147723 ], [ 126.928995, 35.147693 ] ] ] ] } },
{ "type": "Feature", "properties": { "BUL_MAN_NO": 7466, "BULD_NM": null, "flo": 1.0, "h": 3.3 }, "geometry": { "type": "MultiPolygon", "coordinates": [ [ [ [ 126.929026, 35.147662 ], [ 126.928949, 35.14756 ], [ 126.928932, 35.147567 ], [ 126.929003, 35.147669 ], [ 126.929003, 35.147685 ], [ 126.929024, 35.147681 ], [ 126.929026, 35.147662 ] ] ] ] } },
{ "type": "Feature", "properties": { "BUL_MAN_NO": 19499, "BULD_NM": null, "flo": 1.0, "h": 3.3 }, "geometry": { "type": "MultiPolygon", "coordinates": [ [ [ [ 126.928949, 35.147607 ], [ 126.928924, 35.147568 ], [ 126.928865, 35.147595 ], [ 126.928891, 35.147635 ], [ 126.928949, 35.147607 ] ] ] ] } },
{ "type": "Feature", "properties": { "BUL_MAN_NO": 7464, "BULD_NM": null, "flo": 2.0, "h": 6.6 }, "geometry": { "type": "MultiPolygon", "coordinates": [ [ [ [ 126.928872, 35.147485 ], [ 126.928836, 35.147423 ], [ 126.928819, 35.147423 ], [ 126.928792, 35.14743 ], [ 126.928784, 35.14742 ], [ 126.928763, 35.147428 ], [ 126.928753, 35.147417 ], [ 126.928738, 35.147422 ], [ 126.928745, 35.14744 ], [ 126.92875, 35.14746 ], [ 126.928759, 35.147459 ], [ 126.928768, 35.147481 ], [ 126.928762, 35.147483 ], [ 126.928771, 35.147499 ], [ 126.928766, 35.147501 ], [ 126.928793, 35.147546 ], [ 126.92887, 35.147516 ], [ 126.928872, 35.147511 ], [ 126.928861, 35.14749 ], [ 126.928872, 35.147485 ] ] ] ] } },
{ "type": "Feature", "properties": { "BUL_MAN_NO": 7465, "BULD_NM": null, "flo": 4.0, "h": 13.2 }, "geometry": { "type": "MultiPolygon", "coordinates": [ [ [ [ 126.929285, 35.147498 ], [ 126.929249, 35.147439 ], [ 126.929092, 35.147506 ], [ 126.929115, 35.147538 ], [ 126.929108, 35.147541 ], [ 126.929125, 35.147576 ], [ 126.929229, 35.147538 ], [ 126.92922, 35.147525 ], [ 126.929285, 35.147498 ] ] ] ] } },
{ "type": "Feature", "properties": { "BUL_MAN_NO": 7470, "BULD_NM": null, "flo": 3.0, "h": 9.9 }, "geometry": { "type": "MultiPolygon", "coordinates": [ [ [ [ 126.929219, 35.147375 ], [ 126.929166, 35.14728 ], [ 126.929157, 35.147269 ], [ 126.929147, 35.147259 ], [ 126.929037, 35.147308 ], [ 126.929077, 35.147383 ], [ 126.929106, 35.147373 ], [ 126.929127, 35.147413 ], [ 126.929219, 35.147375 ] ] ] ] } },
{ "type": "Feature", "properties": { "BUL_MAN_NO": 7463, "BULD_NM": "동명동 115 단독주택 신축공사", "flo": 4.0, "h": 13.2 }, "geometry": { "type": "MultiPolygon", "coordinates": [ [ [ [ 126.929497, 35.147429 ], [ 126.929455, 35.147359 ], [ 126.929282, 35.147435 ], [ 126.929318, 35.147485 ], [ 126.929497, 35.147429 ] ] ] ] } },
{ "type": "Feature", "properties": { "BUL_MAN_NO": 36735, "BULD_NM": null, "flo": 1.0, "h": 3.3 }, "geometry": { "type": "MultiPolygon", "coordinates": [ [ [ [ 126.929387, 35.147539 ], [ 126.929394, 35.147534 ], [ 126.929409, 35.147545 ], [ 126.929403, 35.147551 ], [ 126.929387, 35.147539 ] ] ] ] } },
{ "type": "Feature", "properties": { "BUL_MAN_NO": 7461, "BULD_NM": null, "flo": 2.0, "h": 6.6 }, "geometry": { "type": "MultiPolygon", "coordinates": [ [ [ [ 126.929512, 35.147504 ], [ 126.929495, 35.147475 ], [ 126.929393, 35.147514 ], [ 126.929453, 35.147616 ], [ 126.929516, 35.147591 ], [ 126.929476, 35.147518 ], [ 126.929512, 35.147504 ] ] ] ] } },
{ "type": "Feature", "properties": { "BUL_MAN_NO": 7471, "BULD_NM": null, "flo": 4.0, "h": 13.2 }, "geometry": { "type": "MultiPolygon", "coordinates": [ [ [ [ 126.929386, 35.147308 ], [ 126.929325, 35.147205 ], [ 126.929236, 35.147252 ], [ 126.929231, 35.147245 ], [ 126.929195, 35.147268 ], [ 126.929253, 35.147363 ], [ 126.929386, 35.147308 ] ] ] ] } },
{ "type": "Feature", "properties": { "BUL_MAN_NO": 7475, "BULD_NM": null, "flo": 3.0, "h": 9.9 }, "geometry": { "type": "MultiPolygon", "coordinates": [ [ [ [ 126.929579, 35.147399 ], [ 126.929628, 35.14738 ], [ 126.929632, 35.14739 ], [ 126.929658, 35.147383 ], [ 126.929661, 35.147336 ], [ 126.929644, 35.147304 ], [ 126.929603, 35.147298 ], [ 126.929523, 35.147331 ], [ 126.929511, 35.147353 ], [ 126.929547, 35.147427 ], [ 126.929586, 35.14741 ], [ 126.929579, 35.147399 ] ] ] ] } },
{ "type": "Feature", "properties": { "BUL_MAN_NO": 36737, "BULD_NM": null, "flo": 1.0, "h": 3.3 }, "geometry": { "type": "MultiPolygon", "coordinates": [ [ [ [ 126.929774, 35.14738 ], [ 126.929774, 35.147372 ], [ 126.929781, 35.147372 ], [ 126.929781, 35.147379 ], [ 126.929774, 35.14738 ] ] ] ] } },
{ "type": "Feature", "properties": { "BUL_MAN_NO": 7474, "BULD_NM": null, "flo": 2.0, "h": 6.6 }, "geometry": { "type": "MultiPolygon", "coordinates": [ [ [ [ 126.929778, 35.147348 ], [ 126.929698, 35.147319 ], [ 126.929681, 35.147375 ], [ 126.929759, 35.147382 ], [ 126.929774, 35.147369 ], [ 126.929778, 35.147348 ] ] ] ] } },
{ "type": "Feature", "properties": { "BUL_MAN_NO": 7484, "BULD_NM": null, "flo": 1.0, "h": 3.3 }, "geometry": { "type": "MultiPolygon", "coordinates": [ [ [ [ 126.930016, 35.147374 ], [ 126.929953, 35.147368 ], [ 126.929926, 35.147397 ], [ 126.930058, 35.147671 ], [ 126.93012, 35.147653 ], [ 126.930007, 35.147413 ], [ 126.930016, 35.147374 ] ] ] ] } },
{ "type": "Feature", "properties": { "BUL_MAN_NO": 7485, "BULD_NM": null, "flo": 4.0, "h": 13.2 }, "geometry": { "type": "MultiPolygon", "coordinates": [ [ [ [ 126.93015, 35.147792 ], [ 126.930128, 35.147735 ], [ 126.930094, 35.147744 ], [ 126.930117, 35.147797 ], [ 126.93015, 35.147792 ] ] ] ] } },
{ "type": "Feature", "properties": { "BUL_MAN_NO": 7483, "BULD_NM": null, "flo": 1.0, "h": 3.3 }, "geometry": { "type": "MultiPolygon", "coordinates": [ [ [ [ 126.930208, 35.147495 ], [ 126.930178, 35.147385 ], [ 126.930129, 35.147393 ], [ 126.93012, 35.147355 ], [ 126.930058, 35.147366 ], [ 126.930087, 35.147511 ], [ 126.930208, 35.147495 ] ] ] ] } },
{ "type": "Feature", "properties": { "BUL_MAN_NO": 7499, "BULD_NM": null, "flo": 4.0, "h": 13.2 }, "geometry": { "type": "MultiPolygon", "coordinates": [ [ [ [ 126.929071, 35.148367 ], [ 126.929055, 35.148308 ], [ 126.928947, 35.148327 ], [ 126.928945, 35.148318 ], [ 126.928937, 35.14832 ], [ 126.928926, 35.148275 ], [ 126.928875, 35.148283 ], [ 126.928905, 35.148405 ], [ 126.928941, 35.148399 ], [ 126.928939, 35.148394 ], [ 126.929055, 35.148378 ], [ 126.929053, 35.148369 ], [ 126.929071, 35.148367 ] ] ] ] } },
{ "type": "Feature", "properties": { "BUL_MAN_NO": 7495, "BULD_NM": null, "flo": 2.0, "h": 6.6 }, "geometry": { "type": "MultiPolygon", "coordinates": [ [ [ [ 126.929347, 35.148545 ], [ 126.929331, 35.148439 ], [ 126.929129, 35.14846 ], [ 126.929143, 35.148562 ], [ 126.929347, 35.148545 ] ] ] ] } },
{ "type": "Feature", "properties": { "BUL_MAN_NO": 7500, "BULD_NM": null, "flo": 4.0, "h": 13.2 }, "geometry": { "type": "MultiPolygon", "coordinates": [ [ [ [ 126.929281, 35.148365 ], [ 126.929253, 35.148273 ], [ 126.929121, 35.148296 ], [ 126.929141, 35.148386 ], [ 126.929281, 35.148365 ] ] ] ] } },
{ "type": "Feature", "properties": { "BUL_MAN_NO": 36730, "BULD_NM": null, "flo": 1.0, "h": 3.3 }, "geometry": { "type": "MultiPolygon", "coordinates": [ [ [ [ 126.929408, 35.148452 ], [ 126.929407, 35.148447 ], [ 126.929414, 35.148446 ], [ 126.929415, 35.148451 ], [ 126.929408, 35.148452 ] ] ] ] } },
{ "type": "Feature", "properties": { "BUL_MAN_NO": 7508, "BULD_NM": null, "flo": 2.0, "h": 6.6 }, "geometry": { "type": "MultiPolygon", "coordinates": [ [ [ [ 126.929591, 35.148424 ], [ 126.929577, 35.148362 ], [ 126.929523, 35.14837 ], [ 126.929526, 35.148384 ], [ 126.929477, 35.148394 ], [ 126.929479, 35.148403 ], [ 126.929408, 35.148415 ], [ 126.929415, 35.148449 ], [ 126.929591, 35.148424 ] ] ] ] } },
{ "type": "Feature", "properties": { "BUL_MAN_NO": 7497, "BULD_NM": null, "flo": 2.0, "h": 6.6 }, "geometry": { "type": "MultiPolygon", "coordinates": [ [ [ [ 126.929348, 35.14835 ], [ 126.929333, 35.148306 ], [ 126.92933, 35.148306 ], [ 126.929315, 35.148261 ], [ 126.929305, 35.148262 ], [ 126.929301, 35.148248 ], [ 126.929255, 35.148257 ], [ 126.92929, 35.148364 ], [ 126.929348, 35.14835 ] ] ] ] } },
{ "type": "Feature", "properties": { "BUL_MAN_NO": 36712, "BULD_NM": null, "flo": 1.0, "h": 3.3 }, "geometry": { "type": "MultiPolygon", "coordinates": [ [ [ [ 126.929261, 35.148255 ], [ 126.929259, 35.14825 ], [ 126.929296, 35.148243 ], [ 126.929297, 35.148247 ], [ 126.929261, 35.148255 ] ] ] ] } },
{ "type": "Feature", "properties": { "BUL_MAN_NO": 7509, "BULD_NM": null, "flo": 1.0, "h": 3.3 }, "geometry": { "type": "MultiPolygon", "coordinates": [ [ [ [ 126.929546, 35.148302 ], [ 126.929546, 35.148276 ], [ 126.929459, 35.148282 ], [ 126.929469, 35.148323 ], [ 126.92952, 35.148314 ], [ 126.929546, 35.148302 ] ] ] ] } },
{ "type": "Feature", "properties": { "BUL_MAN_NO": 28336, "BULD_NM": null, "flo": 4.0, "h": 13.2 }, "geometry": { "type": "MultiPolygon", "coordinates": [ [ [ [ 126.929557, 35.148237 ], [ 126.92971, 35.148194 ], [ 126.929704, 35.148128 ], [ 126.929519, 35.148168 ], [ 126.929557, 35.148237 ] ] ] ] } },
{ "type": "Feature", "properties": { "BUL_MAN_NO": 28339, "BULD_NM": null, "flo": 1.0, "h": 3.3 }, "geometry": { "type": "MultiPolygon", "coordinates": [ [ [ [ 126.929801, 35.14817 ], [ 126.92993, 35.148116 ], [ 126.929911, 35.148054 ], [ 126.929778, 35.148083 ], [ 126.929801, 35.14817 ] ] ] ] } },
{ "type": "Feature", "properties": { "BUL_MAN_NO": 28337, "BULD_NM": null, "flo": 4.0, "h": 13.2 }, "geometry": { "type": "MultiPolygon", "coordinates": [ [ [ [ 126.929595, 35.148099 ], [ 126.929684, 35.148086 ], [ 126.929657, 35.147985 ], [ 126.929541, 35.148011 ], [ 126.929568, 35.14811 ], [ 126.929595, 35.148099 ] ] ] ] } },
{ "type": "Feature", "properties": { "BUL_MAN_NO": 28340, "BULD_NM": null, "flo": 1.0, "h": 3.3 }, "geometry": { "type": "MultiPolygon", "coordinates": [ [ [ [ 126.929774, 35.148044 ], [ 126.929894, 35.148019 ], [ 126.92987, 35.147937 ], [ 126.929746, 35.147962 ], [ 126.929774, 35.148044 ] ] ] ] } },
{ "type": "Feature", "properties": { "BUL_MAN_NO": 28341, "BULD_NM": null, "flo": 1.0, "h": 3.3 }, "geometry": { "type": "MultiPolygon", "coordinates": [ [ [ [ 126.929736, 35.147919 ], [ 126.929855, 35.147895 ], [ 126.929831, 35.147812 ], [ 126.929712, 35.147843 ], [ 126.929736, 35.147919 ] ] ] ] } },
{ "type": "Feature", "properties": { "BUL_MAN_NO": 28338, "BULD_NM": null, "flo": 4.0, "h": 13.2 }, "geometry": { "type": "MultiPolygon", "coordinates": [ [ [ [ 126.929534, 35.147968 ], [ 126.92965, 35.147942 ], [ 126.929621, 35.14784 ], [ 126.929503, 35.147867 ], [ 126.929534, 35.147968 ] ] ] ] } },
{ "type": "Feature", "properties": { "BUL_MAN_NO": 7505, "BULD_NM": null, "flo": 3.0, "h": 9.9 }, "geometry": { "type": "MultiPolygon", "coordinates": [ [ [ [ 126.930152, 35.14828 ], [ 126.930122, 35.148151 ], [ 126.930083, 35.148157 ], [ 126.93009, 35.148183 ], [ 126.929998, 35.148197 ], [ 126.930021, 35.148304 ], [ 126.930152, 35.14828 ] ] ] ] } },
{ "type": "Feature", "properties": { "BUL_MAN_NO": 7506, "BULD_NM": null, "flo": 4.0, "h": 13.2 }, "geometry": { "type": "MultiPolygon", "coordinates": [ [ [ [ 126.930108, 35.148056 ], [ 126.930078, 35.147957 ], [ 126.92992, 35.147985 ], [ 126.929939, 35.148035 ], [ 126.929954, 35.148031 ], [ 126.929957, 35.14804 ], [ 126.929947, 35.148042 ], [ 126.929962, 35.148115 ], [ 126.930108, 35.148056 ] ] ] ] } },
{ "type": "Feature", "properties": { "BUL_MAN_NO": 7517, "BULD_NM": null, "flo": 2.0, "h": 6.6 }, "geometry": { "type": "MultiPolygon", "coordinates": [ [ [ [ 126.93046, 35.148061 ], [ 126.930452, 35.147994 ], [ 126.930414, 35.147995 ], [ 126.930414, 35.14802 ], [ 126.93035, 35.148023 ], [ 126.930349, 35.148038 ], [ 126.930315, 35.148039 ], [ 126.930317, 35.148061 ], [ 126.93046, 35.148061 ] ] ] ] } },
{ "type": "Feature", "properties": { "BUL_MAN_NO": 7518, "BULD_NM": null, "flo": 4.0, "h": 13.2 }, "geometry": { "type": "MultiPolygon", "coordinates": [ [ [ [ 126.9303, 35.147945 ], [ 126.930361, 35.147941 ], [ 126.930363, 35.147907 ], [ 126.930418, 35.147905 ], [ 126.930411, 35.147817 ], [ 126.930283, 35.147823 ], [ 126.9303, 35.147945 ] ] ] ] } },
{ "type": "Feature", "properties": { "BUL_MAN_NO": 7539, "BULD_NM": null, "flo": 2.0, "h": 6.6 }, "geometry": { "type": "MultiPolygon", "coordinates": [ [ [ [ 126.93112, 35.14926 ], [ 126.931066, 35.149238 ], [ 126.931061, 35.149245 ], [ 126.931021, 35.14923 ], [ 126.931017, 35.149234 ], [ 126.930995, 35.149226 ], [ 126.930959, 35.149288 ], [ 126.931073, 35.149329 ], [ 126.93112, 35.14926 ] ] ] ] } },
{ "type": "Feature", "properties": { "BUL_MAN_NO": 29795, "BULD_NM": null, "flo": 4.0, "h": 13.2 }, "geometry": { "type": "MultiPolygon", "coordinates": [ [ [ [ 126.930947, 35.149086 ], [ 126.930962, 35.149155 ], [ 126.930758, 35.149186 ], [ 126.930752, 35.149159 ], [ 126.930794, 35.149153 ], [ 126.930783, 35.149103 ], [ 126.930913, 35.149084 ], [ 126.930914, 35.149091 ], [ 126.930947, 35.149086 ] ] ] ] } },
{ "type": "Feature", "properties": { "BUL_MAN_NO": 7538, "BULD_NM": null, "flo": 2.0, "h": 6.6 }, "geometry": { "type": "MultiPolygon", "coordinates": [ [ [ [ 126.930942, 35.149299 ], [ 126.930973, 35.149241 ], [ 126.930935, 35.149231 ], [ 126.930898, 35.149239 ], [ 126.930883, 35.149247 ], [ 126.930862, 35.149245 ], [ 126.930861, 35.149242 ], [ 126.930847, 35.149243 ], [ 126.930811, 35.14926 ], [ 126.930883, 35.149357 ], [ 126.930894, 35.149352 ], [ 126.930891, 35.149347 ], [ 126.930902, 35.149343 ], [ 126.930942, 35.149299 ] ] ] ] } },
{ "type": "Feature", "properties": { "BUL_MAN_NO": 7665, "BULD_NM": null, "flo": 3.0, "h": 9.9 }, "geometry": { "type": "MultiPolygon", "coordinates": [ [ [ [ 126.931218, 35.149554 ], [ 126.931216, 35.149517 ], [ 126.931075, 35.149525 ], [ 126.931078, 35.149563 ], [ 126.931218, 35.149554 ] ] ] ] } },
{ "type": "Feature", "properties": { "BUL_MAN_NO": 7667, "BULD_NM": null, "flo": 1.0, "h": 3.3 }, "geometry": { "type": "MultiPolygon", "coordinates": [ [ [ [ 126.931229, 35.149605 ], [ 126.931167, 35.149603 ], [ 126.931164, 35.149678 ], [ 126.93124, 35.149684 ], [ 126.931243, 35.14965 ], [ 126.931227, 35.149648 ], [ 126.931229, 35.149605 ] ] ] ] } },
{ "type": "Feature", "properties": { "BUL_MAN_NO": 7664, "BULD_NM": null, "flo": 2.0, "h": 6.6 }, "geometry": { "type": "MultiPolygon", "coordinates": [ [ [ [ 126.931159, 35.149665 ], [ 126.931159, 35.149595 ], [ 126.931083, 35.149603 ], [ 126.931078, 35.149655 ], [ 126.93114, 35.149659 ], [ 126.931139, 35.149657 ], [ 126.931144, 35.149657 ], [ 126.931144, 35.149662 ], [ 126.931159, 35.149665 ] ] ] ] } },
{ "type": "Feature", "properties": { "BUL_MAN_NO": 7666, "BULD_NM": null, "flo": 3.0, "h": 9.9 }, "geometry": { "type": "MultiPolygon", "coordinates": [ [ [ [ 126.931064, 35.149566 ], [ 126.931059, 35.149524 ], [ 126.930892, 35.149535 ], [ 126.930896, 35.149555 ], [ 126.930941, 35.149573 ], [ 126.931064, 35.149566 ] ] ] ] } },
{ "type": "Feature", "properties": { "BUL_MAN_NO": 7668, "BULD_NM": null, "flo": 1.0, "h": 3.3 }, "geometry": { "type": "MultiPolygon", "coordinates": [ [ [ [ 126.931073, 35.14964 ], [ 126.931073, 35.149635 ], [ 126.931063, 35.149635 ], [ 126.931059, 35.149607 ], [ 126.930986, 35.149614 ], [ 126.930989, 35.149648 ], [ 126.93098, 35.149649 ], [ 126.930977, 35.149674 ], [ 126.931045, 35.149668 ], [ 126.931042, 35.149647 ], [ 126.931066, 35.149645 ], [ 126.931073, 35.14964 ] ] ] ] } },
{ "type": "Feature", "properties": { "BUL_MAN_NO": 9452, "BULD_NM": null, "flo": 1.0, "h": 3.3 }, "geometry": { "type": "MultiPolygon", "coordinates": [ [ [ [ 126.920684, 35.152537 ], [ 126.920643, 35.152508 ], [ 126.920628, 35.152522 ], [ 126.920563, 35.152481 ], [ 126.920514, 35.152534 ], [ 126.920622, 35.152605 ], [ 126.920684, 35.152537 ] ] ] ] } },
{ "type": "Feature", "properties": { "BUL_MAN_NO": 9451, "BULD_NM": null, "flo": 1.0, "h": 3.3 }, "geometry": { "type": "MultiPolygon", "coordinates": [ [ [ [ 126.92073, 35.152483 ], [ 126.92063, 35.152415 ], [ 126.920568, 35.152478 ], [ 126.920595, 35.152496 ], [ 126.920623, 35.15247 ], [ 126.920697, 35.152519 ], [ 126.92073, 35.152483 ] ] ] ] } },
{ "type": "Feature", "properties": { "BUL_MAN_NO": 9455, "BULD_NM": null, "flo": 1.0, "h": 3.3 }, "geometry": { "type": "MultiPolygon", "coordinates": [ [ [ [ 126.920715, 35.152569 ], [ 126.920736, 35.152547 ], [ 126.920741, 35.15255 ], [ 126.920777, 35.152509 ], [ 126.920747, 35.152489 ], [ 126.920687, 35.152552 ], [ 126.920715, 35.152569 ] ] ] ] } },
{ "type": "Feature", "properties": { "BUL_MAN_NO": 9456, "BULD_NM": null, "flo": 1.0, "h": 3.3 }, "geometry": { "type": "MultiPolygon", "coordinates": [ [ [ [ 126.920857, 35.152564 ], [ 126.92083, 35.152546 ], [ 126.920791, 35.152586 ], [ 126.920816, 35.152605 ], [ 126.920857, 35.152564 ] ] ] ] } },
{ "type": "Feature", "properties": { "BUL_MAN_NO": 9454, "BULD_NM": null, "flo": 2.0, "h": 6.6 }, "geometry": { "type": "MultiPolygon", "coordinates": [ [ [ [ 126.920732, 35.152688 ], [ 126.920788, 35.152636 ], [ 126.920681, 35.152564 ], [ 126.920632, 35.152618 ], [ 126.920732, 35.152688 ] ] ] ] } },
{ "type": "Feature", "properties": { "BUL_MAN_NO": 9449, "BULD_NM": "동명동파르테논빌라", "flo": 4.0, "h": 13.2 }, "geometry": { "type": "MultiPolygon", "coordinates": [ [ [ [ 126.920847, 35.15248 ], [ 126.920961, 35.152362 ], [ 126.92083, 35.152264 ], [ 126.9207, 35.152378 ], [ 126.920733, 35.152397 ], [ 126.920759, 35.152374 ], [ 126.920792, 35.152395 ], [ 126.920769, 35.15242 ], [ 126.920797, 35.152439 ], [ 126.920828, 35.152413 ], [ 126.920853, 35.152429 ], [ 126.920819, 35.152459 ], [ 126.920847, 35.15248 ] ] ] ] } },
{ "type": "Feature", "properties": { "BUL_MAN_NO": 9450, "BULD_NM": null, "flo": 3.0, "h": 9.9 }, "geometry": { "type": "MultiPolygon", "coordinates": [ [ [ [ 126.920968, 35.15248 ], [ 126.920907, 35.152439 ], [ 126.920862, 35.152483 ], [ 126.920923, 35.152524 ], [ 126.920968, 35.15248 ] ] ] ] } },
{ "type": "Feature", "properties": { "BUL_MAN_NO": 9447, "BULD_NM": null, "flo": 2.0, "h": 6.6 }, "geometry": { "type": "MultiPolygon", "coordinates": [ [ [ [ 126.921242, 35.152656 ], [ 126.92119, 35.152623 ], [ 126.921166, 35.152648 ], [ 126.921136, 35.152627 ], [ 126.921099, 35.152664 ], [ 126.921177, 35.152715 ], [ 126.921242, 35.152656 ] ] ] ] } },
{ "type": "Feature", "properties": { "BUL_MAN_NO": 37357, "BULD_NM": null, "flo": 1.0, "h": 3.3 }, "geometry": { "type": "MultiPolygon", "coordinates": [ [ [ [ 126.92117, 35.152633 ], [ 126.921148, 35.15262 ], [ 126.92116, 35.152608 ], [ 126.921182, 35.152622 ], [ 126.92117, 35.152633 ] ] ] ] } },
{ "type": "Feature", "properties": { "BUL_MAN_NO": 9445, "BULD_NM": null, "flo": 2.0, "h": 6.6 }, "geometry": { "type": "MultiPolygon", "coordinates": [ [ [ [ 126.9213, 35.152664 ], [ 126.921275, 35.152644 ], [ 126.921238, 35.152679 ], [ 126.921186, 35.152718 ], [ 126.921216, 35.152738 ], [ 126.921289, 35.152679 ], [ 126.921283, 35.152675 ], [ 126.9213, 35.152664 ] ] ] ] } },
{ "type": "Feature", "properties": { "BUL_MAN_NO": 9443, "BULD_NM": null, "flo": 3.0, "h": 9.9 }, "geometry": { "type": "MultiPolygon", "coordinates": [ [ [ [ 126.921206, 35.152813 ], [ 126.921069, 35.152728 ], [ 126.921005, 35.1528 ], [ 126.921152, 35.152893 ], [ 126.921188, 35.152893 ], [ 126.92121, 35.15286 ], [ 126.921184, 35.152842 ], [ 126.921206, 35.152813 ] ] ] ] } },
{ "type": "Feature", "properties": { "BUL_MAN_NO": 9442, "BULD_NM": null, "flo": 2.0, "h": 6.6 }, "geometry": { "type": "MultiPolygon", "coordinates": [ [ [ [ 126.921118, 35.153033 ], [ 126.921193, 35.152929 ], [ 126.921122, 35.152897 ], [ 126.921096, 35.152928 ], [ 126.921091, 35.152926 ], [ 126.921071, 35.152954 ], [ 126.921068, 35.152952 ], [ 126.921047, 35.152993 ], [ 126.921118, 35.153033 ] ] ] ] } },
{ "type": "Feature", "properties": { "BUL_MAN_NO": 9440, "BULD_NM": null, "flo": 1.0, "h": 3.3 }, "geometry": { "type": "MultiPolygon", "coordinates": [ [ [ [ 126.921254, 35.153016 ], [ 126.921178, 35.152973 ], [ 126.921168, 35.152984 ], [ 126.921242, 35.153027 ], [ 126.921254, 35.153016 ] ] ] ] } },
{ "type": "Feature", "properties": { "BUL_MAN_NO": 9441, "BULD_NM": null, "flo": 1.0, "h": 3.3 }, "geometry": { "type": "MultiPolygon", "coordinates": [ [ [ [ 126.921304, 35.152886 ], [ 126.921268, 35.15286 ], [ 126.921182, 35.152966 ], [ 126.921255, 35.153009 ], [ 126.921314, 35.152941 ], [ 126.921304, 35.152886 ] ] ] ] } },
{ "type": "Feature", "properties": { "BUL_MAN_NO": 37354, "BULD_NM": null, "flo": 1.0, "h": 3.3 }, "geometry": { "type": "MultiPolygon", "coordinates": [ [ [ [ 126.921346, 35.152794 ], [ 126.921382, 35.152766 ], [ 126.921387, 35.152771 ], [ 126.921352, 35.152798 ], [ 126.921346, 35.152794 ] ] ] ] } },
{ "type": "Feature", "properties": { "BUL_MAN_NO": 9444, "BULD_NM": null, "flo": 2.0, "h": 6.6 }, "geometry": { "type": "MultiPolygon", "coordinates": [ [ [ [ 126.921402, 35.15275 ], [ 126.921313, 35.152687 ], [ 126.921238, 35.152754 ], [ 126.9213, 35.152798 ], [ 126.921342, 35.152794 ], [ 126.921402, 35.15275 ] ] ] ] } },
{ "type": "Feature", "properties": { "BUL_MAN_NO": 37136, "BULD_NM": null, "flo": 1.0, "h": 3.3 }, "geometry": { "type": "MultiPolygon", "coordinates": [ [ [ [ 126.921522, 35.15297 ], [ 126.921531, 35.152963 ], [ 126.921538, 35.152968 ], [ 126.921528, 35.152976 ], [ 126.921522, 35.15297 ] ] ] ] } },
{ "type": "Feature", "properties": { "BUL_MAN_NO": 9435, "BULD_NM": null, "flo": 3.0, "h": 9.9 }, "geometry": { "type": "MultiPolygon", "coordinates": [ [ [ [ 126.921538, 35.15287 ], [ 126.921524, 35.152868 ], [ 126.921459, 35.152917 ], [ 126.921519, 35.152969 ], [ 126.921579, 35.152923 ], [ 126.921573, 35.152919 ], [ 126.921586, 35.152909 ], [ 126.921538, 35.15287 ] ] ] ] } },
{ "type": "Feature", "properties": { "BUL_MAN_NO": 9439, "BULD_NM": null, "flo": 1.0, "h": 3.3 }, "geometry": { "type": "MultiPolygon", "coordinates": [ [ [ [ 126.921458, 35.153241 ], [ 126.92136, 35.15321 ], [ 126.921353, 35.153219 ], [ 126.921368, 35.153228 ], [ 126.921363, 35.153238 ], [ 126.921417, 35.15327 ], [ 126.921445, 35.153266 ], [ 126.921458, 35.153241 ] ] ] ] } },
{ "type": "Feature", "properties": { "BUL_MAN_NO": 9438, "BULD_NM": null, "flo": 3.0, "h": 9.9 }, "geometry": { "type": "MultiPolygon", "coordinates": [ [ [ [ 126.921461, 35.153241 ], [ 126.921499, 35.153147 ], [ 126.921555, 35.153119 ], [ 126.921525, 35.153062 ], [ 126.921476, 35.153087 ], [ 126.921487, 35.1531 ], [ 126.92145, 35.153122 ], [ 126.921435, 35.153141 ], [ 126.921419, 35.153148 ], [ 126.921412, 35.153162 ], [ 126.921407, 35.15316 ], [ 126.921381, 35.153216 ], [ 126.921461, 35.153241 ] ] ] ] } },
{ "type": "Feature", "properties": { "BUL_MAN_NO": 9434, "BULD_NM": null, "flo": 1.0, "h": 3.3 }, "geometry": { "type": "MultiPolygon", "coordinates": [ [ [ [ 126.921678, 35.152984 ], [ 126.921608, 35.152933 ], [ 126.921583, 35.152954 ], [ 126.921599, 35.152968 ], [ 126.921559, 35.152999 ], [ 126.921616, 35.153039 ], [ 126.921678, 35.152984 ] ] ] ] } },
{ "type": "Feature", "properties": { "BUL_MAN_NO": 37135, "BULD_NM": null, "flo": 1.0, "h": 3.3 }, "geometry": { "type": "MultiPolygon", "coordinates": [ [ [ [ 126.921587, 35.152965 ], [ 126.921578, 35.152957 ], [ 126.921559, 35.152972 ], [ 126.921567, 35.152979 ], [ 126.921568, 35.152981 ], [ 126.921587, 35.152965 ] ] ] ] } },
{ "type": "Feature", "properties": { "BUL_MAN_NO": 9433, "BULD_NM": null, "flo": 1.0, "h": 3.3 }, "geometry": { "type": "MultiPolygon", "coordinates": [ [ [ [ 126.921765, 35.153018 ], [ 126.9217, 35.152988 ], [ 126.921634, 35.153055 ], [ 126.921694, 35.153095 ], [ 126.921765, 35.153018 ] ] ] ] } },
{ "type": "Feature", "properties": { "BUL_MAN_NO": 9436, "BULD_NM": null, "flo": 1.0, "h": 3.3 }, "geometry": { "type": "MultiPolygon", "coordinates": [ [ [ [ 126.921674, 35.153308 ], [ 126.921621, 35.153271 ], [ 126.921634, 35.153327 ], [ 126.921676, 35.153318 ], [ 126.921674, 35.153308 ] ] ] ] } },
{ "type": "Feature", "properties": { "BUL_MAN_NO": 9437, "BULD_NM": null, "flo": 1.0, "h": 3.3 }, "geometry": { "type": "MultiPolygon", "coordinates": [ [ [ [ 126.921752, 35.15322 ], [ 126.921693, 35.153177 ], [ 126.921687, 35.153181 ], [ 126.921664, 35.153165 ], [ 126.921666, 35.153158 ], [ 126.92164, 35.153142 ], [ 126.921638, 35.153149 ], [ 126.92162, 35.153261 ], [ 126.921679, 35.153301 ], [ 126.921752, 35.15322 ] ] ] ] } },
{ "type": "Feature", "properties": { "BUL_MAN_NO": 36764, "BULD_NM": null, "flo": 1.0, "h": 3.3 }, "geometry": { "type": "MultiPolygon", "coordinates": [ [ [ [ 126.926476, 35.147646 ], [ 126.926522, 35.147623 ], [ 126.926544, 35.147657 ], [ 126.926497, 35.147679 ], [ 126.926476, 35.147646 ] ] ] ] } },
{ "type": "Feature", "properties": { "BUL_MAN_NO": 36766, "BULD_NM": null, "flo": 1.0, "h": 3.3 }, "geometry": { "type": "MultiPolygon", "coordinates": [ [ [ [ 126.926392, 35.147608 ], [ 126.926384, 35.147597 ], [ 126.926398, 35.147588 ], [ 126.926406, 35.147601 ], [ 126.926392, 35.147608 ] ] ] ] } },
{ "type": "Feature", "properties": { "BUL_MAN_NO": 36765, "BULD_NM": null, "flo": 1.0, "h": 3.3 }, "geometry": { "type": "MultiPolygon", "coordinates": [ [ [ [ 126.92641, 35.147681 ], [ 126.926391, 35.147655 ], [ 126.926375, 35.147662 ], [ 126.926396, 35.147688 ], [ 126.92641, 35.147681 ] ] ] ] } },
{ "type": "Feature", "properties": { "BUL_MAN_NO": 9492, "BULD_NM": null, "flo": 1.0, "h": 3.3 }, "geometry": { "type": "MultiPolygon", "coordinates": [ [ [ [ 126.926414, 35.147674 ], [ 126.926522, 35.147619 ], [ 126.926484, 35.147563 ], [ 126.926382, 35.147618 ], [ 126.926403, 35.147643 ], [ 126.926393, 35.147648 ], [ 126.926414, 35.147674 ] ] ] ] } },
{ "type": "Feature", "properties": { "BUL_MAN_NO": 9491, "BULD_NM": null, "flo": 1.0, "h": 3.3 }, "geometry": { "type": "MultiPolygon", "coordinates": [ [ [ [ 126.926326, 35.147844 ], [ 126.926321, 35.147783 ], [ 126.926307, 35.147784 ], [ 126.926306, 35.147776 ], [ 126.926289, 35.147778 ], [ 126.926288, 35.147771 ], [ 126.926241, 35.147772 ], [ 126.926238, 35.147757 ], [ 126.926191, 35.147761 ], [ 126.926197, 35.147849 ], [ 126.926326, 35.147844 ] ] ] ] } },
{ "type": "Feature", "properties": { "BUL_MAN_NO": 9493, "BULD_NM": null, "flo": 1.0, "h": 3.3 }, "geometry": { "type": "MultiPolygon", "coordinates": [ [ [ [ 126.926505, 35.147799 ], [ 126.926493, 35.147712 ], [ 126.926476, 35.147713 ], [ 126.926479, 35.147737 ], [ 126.92639, 35.14774 ], [ 126.926396, 35.147803 ], [ 126.926505, 35.147799 ] ] ] ] } },
{ "type": "Feature", "properties": { "BUL_MAN_NO": 9494, "BULD_NM": null, "flo": 1.0, "h": 3.3 }, "geometry": { "type": "MultiPolygon", "coordinates": [ [ [ [ 126.926493, 35.147829 ], [ 126.926475, 35.147827 ], [ 126.926476, 35.147835 ], [ 126.926398, 35.14784 ], [ 126.926398, 35.147886 ], [ 126.926503, 35.147881 ], [ 126.926493, 35.147829 ] ] ] ] } },
{ "type": "Feature", "properties": { "BUL_MAN_NO": 9514, "BULD_NM": null, "flo": 2.0, "h": 6.6 }, "geometry": { "type": "MultiPolygon", "coordinates": [ [ [ [ 126.926328, 35.147907 ], [ 126.926327, 35.147902 ], [ 126.926287, 35.147903 ], [ 126.926288, 35.147901 ], [ 126.926257, 35.147901 ], [ 126.926257, 35.147891 ], [ 126.926204, 35.147895 ], [ 126.926209, 35.147962 ], [ 126.926202, 35.147962 ], [ 126.926204, 35.147988 ], [ 126.926333, 35.147986 ], [ 126.926328, 35.147907 ] ] ] ] } },
{ "type": "Feature", "properties": { "BUL_MAN_NO": 36855, "BULD_NM": null, "flo": 1.0, "h": 3.3 }, "geometry": { "type": "MultiPolygon", "coordinates": [ [ [ [ 126.926297, 35.147886 ], [ 126.926296, 35.147879 ], [ 126.926327, 35.147877 ], [ 126.926326, 35.147885 ], [ 126.926297, 35.147886 ] ] ] ] } },
{ "type": "Feature", "properties": { "BUL_MAN_NO": 36856, "BULD_NM": null, "flo": 1.0, "h": 3.3 }, "geometry": { "type": "MultiPolygon", "coordinates": [ [ [ [ 126.926204, 35.147893 ], [ 126.926204, 35.147882 ], [ 126.92622, 35.147881 ], [ 126.92622, 35.147893 ], [ 126.926204, 35.147893 ] ] ] ] } },
{ "type": "Feature", "properties": { "BUL_MAN_NO": 9512, "BULD_NM": "영은하우스", "flo": 4.0, "h": 13.2 }, "geometry": { "type": "MultiPolygon", "coordinates": [ [ [ [ 126.926179, 35.147998 ], [ 126.926175, 35.147904 ], [ 126.926162, 35.147904 ], [ 126.926162, 35.147883 ], [ 126.926065, 35.147885 ], [ 126.926071, 35.148 ], [ 126.926179, 35.147998 ] ] ] ] } },
{ "type": "Feature", "properties": { "BUL_MAN_NO": 36794, "BULD_NM": null, "flo": 1.0, "h": 3.3 }, "geometry": { "type": "MultiPolygon", "coordinates": [ [ [ [ 126.926511, 35.147935 ], [ 126.92651, 35.147918 ], [ 126.926518, 35.147917 ], [ 126.926519, 35.147935 ], [ 126.926511, 35.147935 ] ] ] ] } },
{ "type": "Feature", "properties": { "BUL_MAN_NO": 9495, "BULD_NM": null, "flo": 2.0, "h": 6.6 }, "geometry": { "type": "MultiPolygon", "coordinates": [ [ [ [ 126.926507, 35.147916 ], [ 126.926509, 35.147904 ], [ 126.926474, 35.147904 ], [ 126.926473, 35.147914 ], [ 126.926434, 35.147915 ], [ 126.926394, 35.147917 ], [ 126.926399, 35.147975 ], [ 126.92651, 35.147965 ], [ 126.926507, 35.147916 ] ] ] ] } },
{ "type": "Feature", "properties": { "BUL_MAN_NO": 28946, "BULD_NM": null, "flo": 2.0, "h": 6.6 }, "geometry": { "type": "MultiPolygon", "coordinates": [ [ [ [ 126.926181, 35.148127 ], [ 126.926178, 35.148098 ], [ 126.926185, 35.148097 ], [ 126.926182, 35.148053 ], [ 126.92607, 35.148058 ], [ 126.926075, 35.148132 ], [ 126.926181, 35.148127 ] ] ] ] } },
{ "type": "Feature", "properties": { "BUL_MAN_NO": 9502, "BULD_NM": null, "flo": 2.0, "h": 6.6 }, "geometry": { "type": "MultiPolygon", "coordinates": [ [ [ [ 126.926343, 35.148132 ], [ 126.926338, 35.148043 ], [ 126.926305, 35.148044 ], [ 126.926304, 35.148039 ], [ 126.926267, 35.14804 ], [ 126.926266, 35.148033 ], [ 126.926206, 35.148034 ], [ 126.926211, 35.148137 ], [ 126.926343, 35.148132 ] ] ] ] } },
{ "type": "Feature", "properties": { "BUL_MAN_NO": 36847, "BULD_NM": null, "flo": 1.0, "h": 3.3 }, "geometry": { "type": "MultiPolygon", "coordinates": [ [ [ [ 126.92623, 35.148148 ], [ 126.92623, 35.148139 ], [ 126.92632, 35.148135 ], [ 126.92632, 35.148144 ], [ 126.92623, 35.148148 ] ] ] ] } },
{ "type": "Feature", "properties": { "BUL_MAN_NO": 36848, "BULD_NM": null, "flo": 1.0, "h": 3.3 }, "geometry": { "type": "MultiPolygon", "coordinates": [ [ [ [ 126.926291, 35.148037 ], [ 126.926292, 35.148029 ], [ 126.926304, 35.148029 ], [ 126.926304, 35.148037 ], [ 126.926291, 35.148037 ] ] ] ] } },
{ "type": "Feature", "properties": { "BUL_MAN_NO": 36852, "BULD_NM": null, "flo": 1.0, "h": 3.3 }, "geometry": { "type": "MultiPolygon", "coordinates": [ [ [ [ 126.926311, 35.148216 ], [ 126.926309, 35.14816 ], [ 126.926323, 35.14816 ], [ 126.926325, 35.148216 ], [ 126.926311, 35.148216 ] ] ] ] } },
{ "type": "Feature", "properties": { "BUL_MAN_NO": 9510, "BULD_NM": null, "flo": 2.0, "h": 6.6 }, "geometry": { "type": "MultiPolygon", "coordinates": [ [ [ [ 126.926307, 35.148222 ], [ 126.926305, 35.148151 ], [ 126.926209, 35.148155 ], [ 126.926219, 35.148283 ], [ 126.926333, 35.148277 ], [ 126.926331, 35.148222 ], [ 126.926307, 35.148222 ] ] ] ] } },
{ "type": "Feature", "properties": { "BUL_MAN_NO": 36853, "BULD_NM": null, "flo": 1.0, "h": 3.3 }, "geometry": { "type": "MultiPolygon", "coordinates": [ [ [ [ 126.926337, 35.148276 ], [ 126.926337, 35.148259 ], [ 126.926349, 35.148259 ], [ 126.92635, 35.148275 ], [ 126.926337, 35.148276 ] ] ] ] } },
{ "type": "Feature", "properties": { "BUL_MAN_NO": 9505, "BULD_NM": null, "flo": 3.0, "h": 9.9 }, "geometry": { "type": "MultiPolygon", "coordinates": [ [ [ [ 126.92652, 35.148119 ], [ 126.926511, 35.147986 ], [ 126.926417, 35.147992 ], [ 126.926424, 35.148092 ], [ 126.926472, 35.148092 ], [ 126.926475, 35.148119 ], [ 126.92652, 35.148119 ] ] ] ] } },
{ "type": "Feature", "properties": { "BUL_MAN_NO": 36854, "BULD_NM": null, "flo": 1.0, "h": 3.3 }, "geometry": { "type": "MultiPolygon", "coordinates": [ [ [ [ 126.926411, 35.148187 ], [ 126.92641, 35.148167 ], [ 126.926424, 35.148166 ], [ 126.926425, 35.148186 ], [ 126.926411, 35.148187 ] ] ] ] } },
{ "type": "Feature", "properties": { "BUL_MAN_NO": 9511, "BULD_NM": null, "flo": 2.0, "h": 6.6 }, "geometry": { "type": "MultiPolygon", "coordinates": [ [ [ [ 126.92652, 35.148264 ], [ 126.926519, 35.148174 ], [ 126.9265, 35.148175 ], [ 126.9265, 35.148179 ], [ 126.926426, 35.148182 ], [ 126.926427, 35.148191 ], [ 126.926411, 35.148192 ], [ 126.926414, 35.14825 ], [ 126.926436, 35.14825 ], [ 126.926437, 35.148265 ], [ 126.92652, 35.148264 ] ] ] ] } },
{ "type": "Feature", "properties": { "BUL_MAN_NO": 9500, "BULD_NM": null, "flo": 2.0, "h": 6.6 }, "geometry": { "type": "MultiPolygon", "coordinates": [ [ [ [ 126.926354, 35.148452 ], [ 126.926351, 35.148374 ], [ 126.926336, 35.148375 ], [ 126.926336, 35.148369 ], [ 126.926321, 35.14837 ], [ 126.92632, 35.148362 ], [ 126.92628, 35.148364 ], [ 126.926277, 35.14834 ], [ 126.926226, 35.148342 ], [ 126.926235, 35.148456 ], [ 126.926354, 35.148452 ] ] ] ] } },
{ "type": "Feature", "properties": { "BUL_MAN_NO": 36845, "BULD_NM": null, "flo": 1.0, "h": 3.3 }, "geometry": { "type": "MultiPolygon", "coordinates": [ [ [ [ 126.926337, 35.148372 ], [ 126.926337, 35.148361 ], [ 126.926352, 35.148361 ], [ 126.926352, 35.148372 ], [ 126.926337, 35.148372 ] ] ] ] } },
{ "type": "Feature", "properties": { "BUL_MAN_NO": 36846, "BULD_NM": null, "flo": 1.0, "h": 3.3 }, "geometry": { "type": "MultiPolygon", "coordinates": [ [ [ [ 126.926078, 35.148267 ], [ 126.926068, 35.148267 ], [ 126.926066, 35.148245 ], [ 126.926077, 35.148244 ], [ 126.926078, 35.148267 ] ] ] ] } },
{ "type": "Feature", "properties": { "BUL_MAN_NO": 9501, "BULD_NM": null, "flo": 2.0, "h": 6.6 }, "geometry": { "type": "MultiPolygon", "coordinates": [ [ [ [ 126.926185, 35.148295 ], [ 126.926179, 35.148165 ], [ 126.926074, 35.148169 ], [ 126.926082, 35.148298 ], [ 126.926185, 35.148295 ] ] ] ] } },
{ "type": "Feature", "properties": { "BUL_MAN_NO": 9506, "BULD_NM": null, "flo": 4.0, "h": 13.2 }, "geometry": { "type": "MultiPolygon", "coordinates": [ [ [ [ 126.926209, 35.14845 ], [ 126.926204, 35.148355 ], [ 126.926191, 35.148356 ], [ 126.926188, 35.148319 ], [ 126.926083, 35.148321 ], [ 126.926092, 35.148454 ], [ 126.926209, 35.14845 ] ] ] ] } },
{ "type": "Feature", "properties": { "BUL_MAN_NO": 36849, "BULD_NM": null, "flo": 1.0, "h": 3.3 }, "geometry": { "type": "MultiPolygon", "coordinates": [ [ [ [ 126.926421, 35.148314 ], [ 126.926422, 35.148297 ], [ 126.926434, 35.148296 ], [ 126.926434, 35.148314 ], [ 126.926421, 35.148314 ] ] ] ] } },
{ "type": "Feature", "properties": { "BUL_MAN_NO": 9503, "BULD_NM": null, "flo": 2.0, "h": 6.6 }, "geometry": { "type": "MultiPolygon", "coordinates": [ [ [ [ 126.926528, 35.14839 ], [ 126.926529, 35.148295 ], [ 126.926493, 35.148296 ], [ 126.926494, 35.148313 ], [ 126.92646, 35.148313 ], [ 126.92646, 35.148318 ], [ 126.92642, 35.148318 ], [ 126.926423, 35.14839 ], [ 126.926528, 35.14839 ] ] ] ] } },
{ "type": "Feature", "properties": { "BUL_MAN_NO": 30463, "BULD_NM": null, "flo": 3.0, "h": 9.9 }, "geometry": { "type": "MultiPolygon", "coordinates": [ [ [ [ 126.926151, 35.148497 ], [ 126.926102, 35.148499 ], [ 126.926108, 35.148612 ], [ 126.926347, 35.148605 ], [ 126.926342, 35.148491 ], [ 126.926293, 35.148493 ], [ 126.926294, 35.148513 ], [ 126.926235, 35.148515 ], [ 126.926234, 35.148493 ], [ 126.926187, 35.148494 ], [ 126.926188, 35.148523 ], [ 126.926152, 35.148524 ], [ 126.926151, 35.148497 ] ] ] ] } },
{ "type": "Feature", "properties": { "BUL_MAN_NO": 9509, "BULD_NM": null, "flo": 2.0, "h": 6.6 }, "geometry": { "type": "MultiPolygon", "coordinates": [ [ [ [ 126.926546, 35.148569 ], [ 126.926512, 35.148568 ], [ 126.926512, 35.148575 ], [ 126.92643, 35.148576 ], [ 126.92643, 35.148632 ], [ 126.926547, 35.148629 ], [ 126.926546, 35.148569 ] ] ] ] } },
{ "type": "Feature", "properties": { "BUL_MAN_NO": 36851, "BULD_NM": null, "flo": 1.0, "h": 3.3 }, "geometry": { "type": "MultiPolygon", "coordinates": [ [ [ [ 126.926517, 35.148652 ], [ 126.926517, 35.148646 ], [ 126.926544, 35.148644 ], [ 126.926544, 35.14865 ], [ 126.926517, 35.148652 ] ] ] ] } },
{ "type": "Feature", "properties": { "BUL_MAN_NO": 9508, "BULD_NM": null, "flo": 1.0, "h": 3.3 }, "geometry": { "type": "MultiPolygon", "coordinates": [ [ [ [ 126.926547, 35.148709 ], [ 126.926546, 35.148652 ], [ 126.926517, 35.148654 ], [ 126.926518, 35.14866 ], [ 126.926431, 35.148666 ], [ 126.926434, 35.148715 ], [ 126.926547, 35.148709 ] ] ] ] } },
{ "type": "Feature", "properties": { "BUL_MAN_NO": 36850, "BULD_NM": null, "flo": 1.0, "h": 3.3 }, "geometry": { "type": "MultiPolygon", "coordinates": [ [ [ [ 126.926431, 35.148665 ], [ 126.92643, 35.148652 ], [ 126.926435, 35.148651 ], [ 126.926436, 35.148664 ], [ 126.926431, 35.148665 ] ] ] ] } },
{ "type": "Feature", "properties": { "BUL_MAN_NO": 36844, "BULD_NM": null, "flo": 1.0, "h": 3.3 }, "geometry": { "type": "MultiPolygon", "coordinates": [ [ [ [ 126.926467, 35.148746 ], [ 126.926466, 35.148737 ], [ 126.926512, 35.148735 ], [ 126.926512, 35.148744 ], [ 126.926467, 35.148746 ] ] ] ] } },
{ "type": "Feature", "properties": { "BUL_MAN_NO": 9496, "BULD_NM": null, "flo": 1.0, "h": 3.3 }, "geometry": { "type": "MultiPolygon", "coordinates": [ [ [ [ 126.926556, 35.148787 ], [ 126.92655, 35.14873 ], [ 126.926515, 35.148731 ], [ 126.926515, 35.148747 ], [ 126.926436, 35.14875 ], [ 126.92644, 35.148801 ], [ 126.926556, 35.148787 ] ] ] ] } },
{ "type": "Feature", "properties": { "BUL_MAN_NO": 35288, "BULD_NM": null, "flo": 11.0, "h": 36.3 }, "geometry": { "type": "MultiPolygon", "coordinates": [ [ [ [ 126.928587, 35.150636 ], [ 126.92894, 35.150588 ], [ 126.928939, 35.150582 ], [ 126.929019, 35.150571 ], [ 126.928991, 35.150435 ], [ 126.928868, 35.150452 ], [ 126.928854, 35.150386 ], [ 126.928504, 35.150434 ], [ 126.928409, 35.150723 ], [ 126.928524, 35.150707 ], [ 126.928529, 35.150732 ], [ 126.928576, 35.150726 ], [ 126.928571, 35.150701 ], [ 126.9286, 35.150697 ], [ 126.928587, 35.150636 ] ] ] ] } },
{ "type": "Feature", "properties": { "BUL_MAN_NO": 10965, "BULD_NM": null, "flo": 1.0, "h": 3.3 }, "geometry": { "type": "MultiPolygon", "coordinates": [ [ [ [ 126.927636, 35.146208 ], [ 126.927601, 35.146178 ], [ 126.927589, 35.146186 ], [ 126.927669, 35.146319 ], [ 126.927738, 35.146276 ], [ 126.927636, 35.146208 ] ] ] ] } },
{ "type": "Feature", "properties": { "BUL_MAN_NO": 32504, "BULD_NM": null, "flo": 4.0, "h": 13.2 }, "geometry": { "type": "MultiPolygon", "coordinates": [ [ [ [ 126.927686, 35.146331 ], [ 126.927707, 35.146352 ], [ 126.9277, 35.146357 ], [ 126.927711, 35.146368 ], [ 126.927713, 35.146367 ], [ 126.927732, 35.146386 ], [ 126.927722, 35.146393 ], [ 126.927739, 35.146411 ], [ 126.927734, 35.146414 ], [ 126.927754, 35.146435 ], [ 126.927775, 35.146421 ], [ 126.927787, 35.146405 ], [ 126.927783, 35.146401 ], [ 126.927794, 35.146394 ], [ 126.927789, 35.146388 ], [ 126.92781, 35.146374 ], [ 126.927805, 35.146369 ], [ 126.927823, 35.146356 ], [ 126.927796, 35.146329 ], [ 126.927794, 35.14633 ], [ 126.927771, 35.146307 ], [ 126.927764, 35.146311 ], [ 126.927745, 35.146292 ], [ 126.927686, 35.146331 ] ] ] ] } },
{ "type": "Feature", "properties": { "BUL_MAN_NO": 10961, "BULD_NM": null, "flo": 2.0, "h": 6.6 }, "geometry": { "type": "MultiPolygon", "coordinates": [ [ [ [ 126.927924, 35.146424 ], [ 126.927848, 35.146365 ], [ 126.927797, 35.146415 ], [ 126.927793, 35.146425 ], [ 126.927792, 35.146435 ], [ 126.927801, 35.146444 ], [ 126.927874, 35.146493 ], [ 126.927903, 35.146462 ], [ 126.92789, 35.146456 ], [ 126.927924, 35.146424 ] ] ] ] } },
{ "type": "Feature", "properties": { "BUL_MAN_NO": 36740, "BULD_NM": null, "flo": 1.0, "h": 3.3 }, "geometry": { "type": "MultiPolygon", "coordinates": [ [ [ [ 126.927942, 35.14644 ], [ 126.927947, 35.146433 ], [ 126.927974, 35.146447 ], [ 126.927968, 35.146453 ], [ 126.927942, 35.14644 ] ] ] ] } },
{ "type": "Feature", "properties": { "BUL_MAN_NO": 10964, "BULD_NM": null, "flo": 2.0, "h": 6.6 }, "geometry": { "type": "MultiPolygon", "coordinates": [ [ [ [ 126.928026, 35.14649 ], [ 126.927941, 35.146441 ], [ 126.927899, 35.146499 ], [ 126.92799, 35.14654 ], [ 126.928026, 35.14649 ] ] ] ] } },
{ "type": "Feature", "properties": { "BUL_MAN_NO": 10963, "BULD_NM": null, "flo": 1.0, "h": 3.3 }, "geometry": { "type": "MultiPolygon", "coordinates": [ [ [ [ 126.928465, 35.146817 ], [ 126.928393, 35.146711 ], [ 126.928335, 35.146727 ], [ 126.928318, 35.146776 ], [ 126.928465, 35.146817 ] ] ] ] } },
{ "type": "Feature", "properties": { "BUL_MAN_NO": 10959, "BULD_NM": null, "flo": 2.0, "h": 6.6 }, "geometry": { "type": "MultiPolygon", "coordinates": [ [ [ [ 126.928873, 35.146937 ], [ 126.928805, 35.146883 ], [ 126.928729, 35.14695 ], [ 126.928834, 35.147009 ], [ 126.928873, 35.146975 ], [ 126.928873, 35.146937 ] ] ] ] } },
{ "type": "Feature", "properties": { "BUL_MAN_NO": 31526, "BULD_NM": null, "flo": 4.0, "h": 13.2 }, "geometry": { "type": "MultiPolygon", "coordinates": [ [ [ [ 126.929056, 35.147155 ], [ 126.929096, 35.147083 ], [ 126.929102, 35.147075 ], [ 126.929129, 35.147085 ], [ 126.929127, 35.147088 ], [ 126.929158, 35.1471 ], [ 126.929163, 35.147092 ], [ 126.929191, 35.147103 ], [ 126.929187, 35.147111 ], [ 126.929218, 35.147123 ], [ 126.929223, 35.147115 ], [ 126.929237, 35.14712 ], [ 126.929232, 35.147128 ], [ 126.92925, 35.147135 ], [ 126.929254, 35.147127 ], [ 126.929269, 35.147132 ], [ 126.929262, 35.147144 ], [ 126.929294, 35.147156 ], [ 126.929275, 35.147189 ], [ 126.929257, 35.147183 ], [ 126.929241, 35.14721 ], [ 126.929211, 35.147199 ], [ 126.929205, 35.147211 ], [ 126.92919, 35.147205 ], [ 126.929194, 35.147198 ], [ 126.929105, 35.147164 ], [ 126.9291, 35.147171 ], [ 126.929056, 35.147155 ] ] ] ] } },
{ "type": "Feature", "properties": { "BUL_MAN_NO": 10951, "BULD_NM": null, "flo": 4.0, "h": 13.2 }, "geometry": { "type": "MultiPolygon", "coordinates": [ [ [ [ 126.929422, 35.147188 ], [ 126.929407, 35.147185 ], [ 126.929351, 35.147215 ], [ 126.929404, 35.147298 ], [ 126.92949, 35.147264 ], [ 126.929495, 35.147233 ], [ 126.929475, 35.14722 ], [ 126.929462, 35.14721 ], [ 126.929447, 35.1472 ], [ 126.929422, 35.147188 ] ] ] ] } },
{ "type": "Feature", "properties": { "BUL_MAN_NO": 30525, "BULD_NM": null, "flo": 4.0, "h": 13.2 }, "geometry": { "type": "MultiPolygon", "coordinates": [ [ [ [ 126.927582, 35.146078 ], [ 126.927543, 35.14603 ], [ 126.927595, 35.146005 ], [ 126.927598, 35.146008 ], [ 126.927653, 35.14598 ], [ 126.927659, 35.14599 ], [ 126.927682, 35.145978 ], [ 126.927708, 35.146016 ], [ 126.927582, 35.146078 ] ] ] ] } },
{ "type": "Feature", "properties": { "BUL_MAN_NO": 10970, "BULD_NM": null, "flo": 2.0, "h": 6.6 }, "geometry": { "type": "MultiPolygon", "coordinates": [ [ [ [ 126.927758, 35.146092 ], [ 126.927724, 35.146048 ], [ 126.927696, 35.146065 ], [ 126.927684, 35.146054 ], [ 126.927648, 35.146073 ], [ 126.927642, 35.146067 ], [ 126.927589, 35.146094 ], [ 126.92764, 35.146157 ], [ 126.927758, 35.146092 ] ] ] ] } },
{ "type": "Feature", "properties": { "BUL_MAN_NO": 29757, "BULD_NM": null, "flo": 4.0, "h": 13.2 }, "geometry": { "type": "MultiPolygon", "coordinates": [ [ [ [ 126.927804, 35.14609 ], [ 126.927689, 35.14615 ], [ 126.927738, 35.146214 ], [ 126.927771, 35.146197 ], [ 126.927837, 35.146283 ], [ 126.927918, 35.146241 ], [ 126.927804, 35.14609 ] ] ] ] } },
{ "type": "Feature", "properties": { "BUL_MAN_NO": 10974, "BULD_NM": null, "flo": 2.0, "h": 6.6 }, "geometry": { "type": "MultiPolygon", "coordinates": [ [ [ [ 126.92799, 35.146315 ], [ 126.927936, 35.146251 ], [ 126.927919, 35.146262 ], [ 126.927917, 35.14627 ], [ 126.927916, 35.146272 ], [ 126.927875, 35.146291 ], [ 126.927877, 35.146299 ], [ 126.927852, 35.146314 ], [ 126.927895, 35.146358 ], [ 126.927923, 35.146378 ], [ 126.927957, 35.146355 ], [ 126.927951, 35.146346 ], [ 126.927966, 35.146339 ], [ 126.92799, 35.146315 ] ] ] ] } },
{ "type": "Feature", "properties": { "BUL_MAN_NO": 10979, "BULD_NM": null, "flo": 2.0, "h": 6.6 }, "geometry": { "type": "MultiPolygon", "coordinates": [ [ [ [ 126.9281, 35.146386 ], [ 126.928, 35.146329 ], [ 126.927949, 35.146389 ], [ 126.928049, 35.146448 ], [ 126.9281, 35.146386 ] ] ] ] } },
{ "type": "Feature", "properties": { "BUL_MAN_NO": 10980, "BULD_NM": null, "flo": 2.0, "h": 6.6 }, "geometry": { "type": "MultiPolygon", "coordinates": [ [ [ [ 126.928182, 35.146525 ], [ 126.928235, 35.14645 ], [ 126.928218, 35.146444 ], [ 126.928212, 35.146452 ], [ 126.928186, 35.146439 ], [ 126.928198, 35.146421 ], [ 126.928171, 35.146403 ], [ 126.928165, 35.146408 ], [ 126.928135, 35.146388 ], [ 126.928062, 35.146457 ], [ 126.928182, 35.146525 ] ] ] ] } },
{ "type": "Feature", "properties": { "BUL_MAN_NO": 38389, "BULD_NM": null, "flo": 1.0, "h": 3.3 }, "geometry": { "type": "MultiPolygon", "coordinates": [ [ [ [ 126.92819, 35.146526 ], [ 126.92822, 35.146542 ], [ 126.928262, 35.14649 ], [ 126.92825, 35.146476 ], [ 126.928236, 35.146458 ], [ 126.92819, 35.146526 ] ] ] ] } },
{ "type": "Feature", "properties": { "BUL_MAN_NO": 34171, "BULD_NM": null, "flo": 4.0, "h": 13.2 }, "geometry": { "type": "MultiPolygon", "coordinates": [ [ [ [ 126.928563, 35.146729 ], [ 126.928636, 35.146759 ], [ 126.928711, 35.146653 ], [ 126.928626, 35.146615 ], [ 126.928563, 35.146729 ] ] ] ] } },
{ "type": "Feature", "properties": { "BUL_MAN_NO": 10981, "BULD_NM": null, "flo": 2.0, "h": 6.6 }, "geometry": { "type": "MultiPolygon", "coordinates": [ [ [ [ 126.928803, 35.146689 ], [ 126.928723, 35.14665 ], [ 126.928688, 35.146698 ], [ 126.928694, 35.146703 ], [ 126.928666, 35.146745 ], [ 126.928708, 35.146763 ], [ 126.928705, 35.146768 ], [ 126.928739, 35.146782 ], [ 126.928803, 35.146689 ] ] ] ] } },
{ "type": "Feature", "properties": { "BUL_MAN_NO": 10986, "BULD_NM": null, "flo": 4.0, "h": 13.2 }, "geometry": { "type": "MultiPolygon", "coordinates": [ [ [ [ 126.928838, 35.146792 ], [ 126.92889, 35.14672 ], [ 126.928898, 35.146723 ], [ 126.928963, 35.146666 ], [ 126.929005, 35.146599 ], [ 126.928936, 35.146562 ], [ 126.928836, 35.146693 ], [ 126.928819, 35.146688 ], [ 126.928747, 35.146802 ], [ 126.9288, 35.146824 ], [ 126.928838, 35.146792 ] ] ] ] } },
{ "type": "Feature", "properties": { "BUL_MAN_NO": 10985, "BULD_NM": null, "flo": 4.0, "h": 13.2 }, "geometry": { "type": "MultiPolygon", "coordinates": [ [ [ [ 126.92902, 35.146693 ], [ 126.928988, 35.146671 ], [ 126.928844, 35.146836 ], [ 126.928902, 35.146869 ], [ 126.929027, 35.146724 ], [ 126.92902, 35.146693 ] ] ] ] } },
{ "type": "Feature", "properties": { "BUL_MAN_NO": 25767, "BULD_NM": null, "flo": 3.0, "h": 9.9 }, "geometry": { "type": "MultiPolygon", "coordinates": [ [ [ [ 126.929093, 35.146789 ], [ 126.929032, 35.146753 ], [ 126.928907, 35.1469 ], [ 126.928975, 35.146938 ], [ 126.929091, 35.146805 ], [ 126.929093, 35.146789 ] ] ] ] } },
{ "type": "Feature", "properties": { "BUL_MAN_NO": 25766, "BULD_NM": null, "flo": 3.0, "h": 9.9 }, "geometry": { "type": "MultiPolygon", "coordinates": [ [ [ [ 126.929054, 35.147003 ], [ 126.929127, 35.146923 ], [ 126.929138, 35.146931 ], [ 126.929167, 35.146893 ], [ 126.929164, 35.14688 ], [ 126.929119, 35.146853 ], [ 126.929129, 35.146844 ], [ 126.9291, 35.146826 ], [ 126.928979, 35.146964 ], [ 126.929054, 35.147003 ] ] ] ] } },
{ "type": "Feature", "properties": { "BUL_MAN_NO": 10988, "BULD_NM": null, "flo": 1.0, "h": 3.3 }, "geometry": { "type": "MultiPolygon", "coordinates": [ [ [ [ 126.927338, 35.145926 ], [ 126.927294, 35.145897 ], [ 126.927266, 35.145919 ], [ 126.927302, 35.145957 ], [ 126.927338, 35.145926 ] ] ] ] } },
{ "type": "Feature", "properties": { "BUL_MAN_NO": 35207, "BULD_NM": null, "flo": 2.0, "h": 6.6 }, "geometry": { "type": "MultiPolygon", "coordinates": [ [ [ [ 126.927168, 35.145737 ], [ 126.92725, 35.145783 ], [ 126.927285, 35.145741 ], [ 126.927214, 35.145702 ], [ 126.927196, 35.145705 ], [ 126.927168, 35.145737 ] ] ] ] } },
{ "type": "Feature", "properties": { "BUL_MAN_NO": 10989, "BULD_NM": null, "flo": 1.0, "h": 3.3 }, "geometry": { "type": "MultiPolygon", "coordinates": [ [ [ [ 126.927443, 35.145702 ], [ 126.927399, 35.145673 ], [ 126.92733, 35.145742 ], [ 126.927364, 35.145763 ], [ 126.927391, 35.145748 ], [ 126.927443, 35.145702 ] ] ] ] } },
{ "type": "Feature", "properties": { "BUL_MAN_NO": 10991, "BULD_NM": null, "flo": 1.0, "h": 3.3 }, "geometry": { "type": "MultiPolygon", "coordinates": [ [ [ [ 126.927347, 35.145715 ], [ 126.927297, 35.145686 ], [ 126.927269, 35.145715 ], [ 126.927319, 35.145744 ], [ 126.927347, 35.145715 ] ] ] ] } },
{ "type": "Feature", "properties": { "BUL_MAN_NO": 10987, "BULD_NM": null, "flo": 1.0, "h": 3.3 }, "geometry": { "type": "MultiPolygon", "coordinates": [ [ [ [ 126.927411, 35.145968 ], [ 126.927347, 35.145926 ], [ 126.927308, 35.14596 ], [ 126.927365, 35.146014 ], [ 126.927411, 35.145968 ] ] ] ] } },
{ "type": "Feature", "properties": { "BUL_MAN_NO": 31946, "BULD_NM": null, "flo": 1.0, "h": 3.3 }, "geometry": { "type": "MultiPolygon", "coordinates": [ [ [ [ 126.929953, 35.149582 ], [ 126.930077, 35.149572 ], [ 126.930067, 35.149491 ], [ 126.929943, 35.149502 ], [ 126.929953, 35.149582 ] ] ] ] } },
{ "type": "Feature", "properties": { "BUL_MAN_NO": 11010, "BULD_NM": null, "flo": 2.0, "h": 6.6 }, "geometry": { "type": "MultiPolygon", "coordinates": [ [ [ [ 126.930014, 35.149434 ], [ 126.930012, 35.149388 ], [ 126.929956, 35.149379 ], [ 126.929956, 35.149427 ], [ 126.930014, 35.149434 ] ] ] ] } },
{ "type": "Feature", "properties": { "BUL_MAN_NO": 11000, "BULD_NM": null, "flo": 1.0, "h": 3.3 }, "geometry": { "type": "MultiPolygon", "coordinates": [ [ [ [ 126.930168, 35.149571 ], [ 126.93016, 35.149517 ], [ 126.930123, 35.149521 ], [ 126.930134, 35.149576 ], [ 126.930168, 35.149571 ] ] ] ] } },
{ "type": "Feature", "properties": { "BUL_MAN_NO": 11001, "BULD_NM": null, "flo": 1.0, "h": 3.3 }, "geometry": { "type": "MultiPolygon", "coordinates": [ [ [ [ 126.930302, 35.149521 ], [ 126.930229, 35.149521 ], [ 126.930229, 35.149554 ], [ 126.930303, 35.149551 ], [ 126.930302, 35.149521 ] ] ] ] } },
{ "type": "Feature", "properties": { "BUL_MAN_NO": 11002, "BULD_NM": null, "flo": 1.0, "h": 3.3 }, "geometry": { "type": "MultiPolygon", "coordinates": [ [ [ [ 126.930306, 35.149608 ], [ 126.930303, 35.149554 ], [ 126.930167, 35.14956 ], [ 126.930173, 35.149615 ], [ 126.930306, 35.149608 ] ] ] ] } },
{ "type": "Feature", "properties": { "BUL_MAN_NO": 11008, "BULD_NM": null, "flo": 1.0, "h": 3.3 }, "geometry": { "type": "MultiPolygon", "coordinates": [ [ [ [ 126.930351, 35.149798 ], [ 126.930385, 35.149794 ], [ 126.930385, 35.149793 ], [ 126.930496, 35.149777 ], [ 126.930481, 35.149703 ], [ 126.930343, 35.149721 ], [ 126.930351, 35.149798 ] ] ] ] } },
{ "type": "Feature", "properties": { "BUL_MAN_NO": 11014, "BULD_NM": null, "flo": 1.0, "h": 3.3 }, "geometry": { "type": "MultiPolygon", "coordinates": [ [ [ [ 126.930172, 35.149968 ], [ 126.930041, 35.14996 ], [ 126.930033, 35.150027 ], [ 126.930164, 35.150035 ], [ 126.930172, 35.149968 ] ] ] ] } },
{ "type": "Feature", "properties": { "BUL_MAN_NO": 36624, "BULD_NM": null, "flo": 1.0, "h": 3.3 }, "geometry": { "type": "MultiPolygon", "coordinates": [ [ [ [ 126.930177, 35.149941 ], [ 126.930147, 35.149942 ], [ 126.930142, 35.149886 ], [ 126.930172, 35.149883 ], [ 126.930177, 35.149941 ] ] ] ] } },
{ "type": "Feature", "properties": { "BUL_MAN_NO": 10998, "BULD_NM": null, "flo": 1.0, "h": 3.3 }, "geometry": { "type": "MultiPolygon", "coordinates": [ [ [ [ 126.930347, 35.149798 ], [ 126.930337, 35.149729 ], [ 126.93018, 35.149742 ], [ 126.930199, 35.149811 ], [ 126.930347, 35.149798 ] ] ] ] } },
{ "type": "Feature", "properties": { "BUL_MAN_NO": 10999, "BULD_NM": null, "flo": 1.0, "h": 3.3 }, "geometry": { "type": "MultiPolygon", "coordinates": [ [ [ [ 126.930253, 35.149717 ], [ 126.930248, 35.149687 ], [ 126.930166, 35.149702 ], [ 126.930173, 35.149731 ], [ 126.930253, 35.149717 ] ] ] ] } },
{ "type": "Feature", "properties": { "BUL_MAN_NO": 10996, "BULD_NM": null, "flo": 1.0, "h": 3.3 }, "geometry": { "type": "MultiPolygon", "coordinates": [ [ [ [ 126.930386, 35.15002 ], [ 126.930376, 35.14995 ], [ 126.930247, 35.149969 ], [ 126.930263, 35.150042 ], [ 126.930386, 35.15002 ] ] ] ] } },
{ "type": "Feature", "properties": { "BUL_MAN_NO": 10997, "BULD_NM": null, "flo": 1.0, "h": 3.3 }, "geometry": { "type": "MultiPolygon", "coordinates": [ [ [ [ 126.930242, 35.149955 ], [ 126.930219, 35.149953 ], [ 126.930215, 35.150023 ], [ 126.930228, 35.150037 ], [ 126.930262, 35.150043 ], [ 126.930242, 35.149955 ] ] ] ] } },
{ "type": "Feature", "properties": { "BUL_MAN_NO": 27526, "BULD_NM": null, "flo": 1.0, "h": 3.3 }, "geometry": { "type": "MultiPolygon", "coordinates": [ [ [ [ 126.930357, 35.150218 ], [ 126.930368, 35.150216 ], [ 126.930363, 35.150188 ], [ 126.930352, 35.150189 ], [ 126.930357, 35.150218 ] ] ] ] } },
{ "type": "Feature", "properties": { "BUL_MAN_NO": 27528, "BULD_NM": null, "flo": 1.0, "h": 3.3 }, "geometry": { "type": "MultiPolygon", "coordinates": [ [ [ [ 126.930434, 35.150164 ], [ 126.930419, 35.150082 ], [ 126.930364, 35.150089 ], [ 126.930374, 35.150136 ], [ 126.930348, 35.150138 ], [ 126.930354, 35.150173 ], [ 126.930432, 35.150164 ], [ 126.930434, 35.150164 ] ] ] ] } },
{ "type": "Feature", "properties": { "BUL_MAN_NO": 27527, "BULD_NM": null, "flo": 1.0, "h": 3.3 }, "geometry": { "type": "MultiPolygon", "coordinates": [ [ [ [ 126.930375, 35.150214 ], [ 126.930436, 35.150208 ], [ 126.930431, 35.150176 ], [ 126.930369, 35.150182 ], [ 126.930375, 35.150214 ] ] ] ] } },
{ "type": "Feature", "properties": { "BUL_MAN_NO": 27529, "BULD_NM": null, "flo": 1.0, "h": 3.3 }, "geometry": { "type": "MultiPolygon", "coordinates": [ [ [ [ 126.930418, 35.150069 ], [ 126.930414, 35.150047 ], [ 126.930328, 35.150065 ], [ 126.930334, 35.150086 ], [ 126.930418, 35.150069 ] ] ] ] } },
{ "type": "Feature", "properties": { "BUL_MAN_NO": 11015, "BULD_NM": null, "flo": 1.0, "h": 3.3 }, "geometry": { "type": "MultiPolygon", "coordinates": [ [ [ [ 126.930592, 35.150195 ], [ 126.930587, 35.15012 ], [ 126.930543, 35.150123 ], [ 126.930544, 35.15014 ], [ 126.930458, 35.150143 ], [ 126.930464, 35.150204 ], [ 126.930592, 35.150195 ] ] ] ] } },
{ "type": "Feature", "properties": { "BUL_MAN_NO": 38005, "BULD_NM": null, "flo": 1.0, "h": 3.3 }, "geometry": { "type": "MultiPolygon", "coordinates": [ [ [ [ 126.930736, 35.150194 ], [ 126.930702, 35.150198 ], [ 126.930699, 35.15018 ], [ 126.930734, 35.150176 ], [ 126.930736, 35.150194 ] ] ] ] } },
{ "type": "Feature", "properties": { "BUL_MAN_NO": 11018, "BULD_NM": null, "flo": 1.0, "h": 3.3 }, "geometry": { "type": "MultiPolygon", "coordinates": [ [ [ [ 126.930754, 35.150278 ], [ 126.930742, 35.150202 ], [ 126.930703, 35.150206 ], [ 126.930703, 35.150221 ], [ 126.930624, 35.150227 ], [ 126.930634, 35.15029 ], [ 126.930754, 35.150278 ] ] ] ] } },
{ "type": "Feature", "properties": { "BUL_MAN_NO": 23871, "BULD_NM": "서석초등학교", "flo": 2.0, "h": 6.6 }, "geometry": { "type": "MultiPolygon", "coordinates": [ [ [ [ 126.924761, 35.148057 ], [ 126.924845, 35.147999 ], [ 126.924882, 35.148035 ], [ 126.925504, 35.147606 ], [ 126.925428, 35.147532 ], [ 126.924813, 35.147957 ], [ 126.924622, 35.147769 ], [ 126.924531, 35.147832 ], [ 126.924761, 35.148057 ] ] ] ] } },
{ "type": "Feature", "properties": { "BUL_MAN_NO": 23860, "BULD_NM": "서석초등학교", "flo": 1.0, "h": 3.3 }, "geometry": { "type": "MultiPolygon", "coordinates": [ [ [ [ 126.925622, 35.147575 ], [ 126.925545, 35.147498 ], [ 126.925499, 35.14753 ], [ 126.925575, 35.147607 ], [ 126.925622, 35.147575 ] ] ] ] } },
{ "type": "Feature", "properties": { "BUL_MAN_NO": 23862, "BULD_NM": "서석초등학교", "flo": 1.0, "h": 3.3 }, "geometry": { "type": "MultiPolygon", "coordinates": [ [ [ [ 126.924805, 35.147598 ], [ 126.924677, 35.14747 ], [ 126.924361, 35.147686 ], [ 126.92449, 35.147808 ], [ 126.924805, 35.147598 ] ] ] ] } },
{ "type": "Feature", "properties": { "BUL_MAN_NO": 23863, "BULD_NM": "서석초등학교", "flo": 2.0, "h": 6.6 }, "geometry": { "type": "MultiPolygon", "coordinates": [ [ [ [ 126.925585, 35.147475 ], [ 126.925562, 35.147489 ], [ 126.925603, 35.147525 ], [ 126.925621, 35.147509 ], [ 126.925585, 35.147475 ] ] ] ] } },
{ "type": "Feature", "properties": { "BUL_MAN_NO": 11205, "BULD_NM": "서석초등학교", "flo": 1.0, "h": 3.3 }, "geometry": { "type": "MultiPolygon", "coordinates": [ [ [ [ 126.924812, 35.148057 ], [ 126.92486, 35.148025 ], [ 126.924839, 35.148003 ], [ 126.924792, 35.148037 ], [ 126.924812, 35.148057 ] ] ] ] } },
{ "type": "Feature", "properties": { "BUL_MAN_NO": 11482, "BULD_NM": null, "flo": 1.0, "h": 3.3 }, "geometry": { "type": "MultiPolygon", "coordinates": [ [ [ [ 126.922814, 35.150218 ], [ 126.922689, 35.15011 ], [ 126.922675, 35.150124 ], [ 126.922678, 35.150127 ], [ 126.922651, 35.150151 ], [ 126.922651, 35.150152 ], [ 126.922641, 35.150161 ], [ 126.922732, 35.15024 ], [ 126.92273, 35.150241 ], [ 126.922735, 35.150245 ], [ 126.922733, 35.150246 ], [ 126.922754, 35.150265 ], [ 126.922764, 35.150258 ], [ 126.922814, 35.150218 ] ] ] ] } },
{ "type": "Feature", "properties": { "BUL_MAN_NO": 11484, "BULD_NM": null, "flo": 1.0, "h": 3.3 }, "geometry": { "type": "MultiPolygon", "coordinates": [ [ [ [ 126.922915, 35.150313 ], [ 126.922839, 35.150248 ], [ 126.922794, 35.150284 ], [ 126.922889, 35.150365 ], [ 126.922917, 35.150342 ], [ 126.922915, 35.150313 ] ] ] ] } },
{ "type": "Feature", "properties": { "BUL_MAN_NO": 11492, "BULD_NM": null, "flo": 1.0, "h": 3.3 }, "geometry": { "type": "MultiPolygon", "coordinates": [ [ [ [ 126.923137, 35.150147 ], [ 126.923146, 35.150141 ], [ 126.923212, 35.150093 ], [ 126.923104, 35.149993 ], [ 126.923091, 35.150004 ], [ 126.923031, 35.14995 ], [ 126.922922, 35.150027 ], [ 126.923059, 35.150147 ], [ 126.923073, 35.150145 ], [ 126.923078, 35.150145 ], [ 126.923086, 35.150148 ], [ 126.923094, 35.15015 ], [ 126.923099, 35.15015 ], [ 126.923112, 35.15015 ], [ 126.923125, 35.15015 ], [ 126.923137, 35.150147 ] ] ] ] } },
{ "type": "Feature", "properties": { "BUL_MAN_NO": 11608, "BULD_NM": null, "flo": 2.0, "h": 6.6 }, "geometry": { "type": "MultiPolygon", "coordinates": [ [ [ [ 126.923145, 35.150618 ], [ 126.923061, 35.150484 ], [ 126.923048, 35.150485 ], [ 126.923039, 35.150484 ], [ 126.923026, 35.150488 ], [ 126.922985, 35.150524 ], [ 126.922953, 35.150557 ], [ 126.923052, 35.150593 ], [ 126.923054, 35.150628 ], [ 126.923076, 35.150633 ], [ 126.923097, 35.150618 ], [ 126.923122, 35.150638 ], [ 126.923145, 35.150618 ] ] ] ] } },
{ "type": "Feature", "properties": { "BUL_MAN_NO": 36993, "BULD_NM": null, "flo": 1.0, "h": 3.3 }, "geometry": { "type": "MultiPolygon", "coordinates": [ [ [ [ 126.92308, 35.150634 ], [ 126.923097, 35.150622 ], [ 126.923116, 35.150637 ], [ 126.923101, 35.150649 ], [ 126.92308, 35.150634 ] ] ] ] } },
{ "type": "Feature", "properties": { "BUL_MAN_NO": 11495, "BULD_NM": null, "flo": 1.0, "h": 3.3 }, "geometry": { "type": "MultiPolygon", "coordinates": [ [ [ [ 126.923174, 35.150692 ], [ 126.923064, 35.150651 ], [ 126.923028, 35.15072 ], [ 126.923141, 35.150764 ], [ 126.923174, 35.150692 ] ] ] ] } },
{ "type": "Feature", "properties": { "BUL_MAN_NO": 11606, "BULD_NM": null, "flo": 6.0, "h": 19.8 }, "geometry": { "type": "MultiPolygon", "coordinates": [ [ [ [ 126.923696, 35.150484 ], [ 126.923689, 35.15045 ], [ 126.923675, 35.150458 ], [ 126.923652, 35.150472 ], [ 126.923538, 35.150353 ], [ 126.923458, 35.150402 ], [ 126.923451, 35.150397 ], [ 126.92336, 35.150458 ], [ 126.923489, 35.150595 ], [ 126.923713, 35.150556 ], [ 126.923696, 35.150484 ] ] ] ] } },
{ "type": "Feature", "properties": { "BUL_MAN_NO": 11607, "BULD_NM": null, "flo": 1.0, "h": 3.3 }, "geometry": { "type": "MultiPolygon", "coordinates": [ [ [ [ 126.923658, 35.150324 ], [ 126.92364, 35.150247 ], [ 126.923589, 35.150257 ], [ 126.923606, 35.150337 ], [ 126.923655, 35.15033 ], [ 126.923658, 35.150324 ] ] ] ] } },
{ "type": "Feature", "properties": { "BUL_MAN_NO": 11497, "BULD_NM": null, "flo": 4.0, "h": 13.2 }, "geometry": { "type": "MultiPolygon", "coordinates": [ [ [ [ 126.923217, 35.150717 ], [ 126.923191, 35.150676 ], [ 126.923163, 35.15075 ], [ 126.923149, 35.150843 ], [ 126.923279, 35.150809 ], [ 126.923217, 35.150717 ] ] ] ] } },
{ "type": "Feature", "properties": { "BUL_MAN_NO": 11499, "BULD_NM": null, "flo": 4.0, "h": 13.2 }, "geometry": { "type": "MultiPolygon", "coordinates": [ [ [ [ 126.923448, 35.150643 ], [ 126.923425, 35.150624 ], [ 126.923412, 35.150631 ], [ 126.923489, 35.150734 ], [ 126.923512, 35.150726 ], [ 126.923524, 35.150713 ], [ 126.923448, 35.150643 ] ] ] ] } },
{ "type": "Feature", "properties": { "BUL_MAN_NO": 11623, "BULD_NM": null, "flo": 1.0, "h": 3.3 }, "geometry": { "type": "MultiPolygon", "coordinates": [ [ [ [ 126.923379, 35.150962 ], [ 126.923325, 35.15088 ], [ 126.923296, 35.150887 ], [ 126.923313, 35.150927 ], [ 126.923299, 35.150932 ], [ 126.923317, 35.150981 ], [ 126.923379, 35.150962 ] ] ] ] } },
{ "type": "Feature", "properties": { "BUL_MAN_NO": 11622, "BULD_NM": null, "flo": 2.0, "h": 6.6 }, "geometry": { "type": "MultiPolygon", "coordinates": [ [ [ [ 126.923292, 35.150986 ], [ 126.923279, 35.150949 ], [ 126.92327, 35.150951 ], [ 126.923268, 35.150945 ], [ 126.923246, 35.150951 ], [ 126.923239, 35.150929 ], [ 126.923175, 35.150946 ], [ 126.923171, 35.150938 ], [ 126.923142, 35.150944 ], [ 126.923172, 35.151021 ], [ 126.9232, 35.151017 ], [ 126.923197, 35.151011 ], [ 126.923292, 35.150986 ] ] ] ] } },
{ "type": "Feature", "properties": { "BUL_MAN_NO": 11625, "BULD_NM": null, "flo": 2.0, "h": 6.6 }, "geometry": { "type": "MultiPolygon", "coordinates": [ [ [ [ 126.923595, 35.150796 ], [ 126.923547, 35.150792 ], [ 126.92353, 35.150802 ], [ 126.923618, 35.150943 ], [ 126.923673, 35.150916 ], [ 126.923595, 35.150796 ] ] ] ] } },
{ "type": "Feature", "properties": { "BUL_MAN_NO": 37109, "BULD_NM": null, "flo": 1.0, "h": 3.3 }, "geometry": { "type": "MultiPolygon", "coordinates": [ [ [ [ 126.923675, 35.150914 ], [ 126.923615, 35.15082 ], [ 126.923625, 35.150814 ], [ 126.923686, 35.150909 ], [ 126.923675, 35.150914 ] ] ] ] } },
{ "type": "Feature", "properties": { "BUL_MAN_NO": 11621, "BULD_NM": null, "flo": 1.0, "h": 3.3 }, "geometry": { "type": "MultiPolygon", "coordinates": [ [ [ [ 126.923411, 35.151066 ], [ 126.923397, 35.151033 ], [ 126.923382, 35.151037 ], [ 126.923372, 35.151015 ], [ 126.923366, 35.151017 ], [ 126.923356, 35.150992 ], [ 126.923302, 35.151007 ], [ 126.923332, 35.151089 ], [ 126.923411, 35.151066 ] ] ] ] } },
{ "type": "Feature", "properties": { "BUL_MAN_NO": 37095, "BULD_NM": null, "flo": 1.0, "h": 3.3 }, "geometry": { "type": "MultiPolygon", "coordinates": [ [ [ [ 126.923364, 35.150995 ], [ 126.923362, 35.150991 ], [ 126.923379, 35.150985 ], [ 126.923381, 35.15099 ], [ 126.923364, 35.150995 ] ] ] ] } },
{ "type": "Feature", "properties": { "BUL_MAN_NO": 37094, "BULD_NM": null, "flo": 1.0, "h": 3.3 }, "geometry": { "type": "MultiPolygon", "coordinates": [ [ [ [ 126.923413, 35.151065 ], [ 126.9234, 35.151033 ], [ 126.923408, 35.15103 ], [ 126.923422, 35.151062 ], [ 126.923413, 35.151065 ] ] ] ] } },
{ "type": "Feature", "properties": { "BUL_MAN_NO": 11627, "BULD_NM": null, "flo": 4.0, "h": 13.2 }, "geometry": { "type": "MultiPolygon", "coordinates": [ [ [ [ 126.923845, 35.151098 ], [ 126.923797, 35.15104 ], [ 126.923769, 35.151044 ], [ 126.92369, 35.150931 ], [ 126.923632, 35.150963 ], [ 126.923742, 35.151132 ], [ 126.923845, 35.151098 ] ] ] ] } },
{ "type": "Feature", "properties": { "BUL_MAN_NO": 11626, "BULD_NM": null, "flo": 1.0, "h": 3.3 }, "geometry": { "type": "MultiPolygon", "coordinates": [ [ [ [ 126.923532, 35.15124 ], [ 126.923489, 35.151161 ], [ 126.923379, 35.151194 ], [ 126.923409, 35.151272 ], [ 126.923532, 35.15124 ] ] ] ] } },
{ "type": "Feature", "properties": { "BUL_MAN_NO": 11612, "BULD_NM": null, "flo": 5.0, "h": 16.5 }, "geometry": { "type": "MultiPolygon", "coordinates": [ [ [ [ 126.923584, 35.15133 ], [ 126.923537, 35.15126 ], [ 126.923363, 35.151305 ], [ 126.923359, 35.151308 ], [ 126.923347, 35.15131 ], [ 126.923352, 35.151322 ], [ 126.923363, 35.151321 ], [ 126.923373, 35.151346 ], [ 126.923336, 35.151355 ], [ 126.923347, 35.151394 ], [ 126.923584, 35.15133 ] ] ] ] } },
{ "type": "Feature", "properties": { "BUL_MAN_NO": 11609, "BULD_NM": null, "flo": 4.0, "h": 13.2 }, "geometry": { "type": "MultiPolygon", "coordinates": [ [ [ [ 126.92391, 35.151236 ], [ 126.923872, 35.151142 ], [ 126.923852, 35.151148 ], [ 126.923843, 35.151124 ], [ 126.92375, 35.151145 ], [ 126.92381, 35.151253 ], [ 126.92391, 35.151236 ] ] ] ] } },
{ "type": "Feature", "properties": { "BUL_MAN_NO": 11618, "BULD_NM": null, "flo": 4.0, "h": 13.2 }, "geometry": { "type": "MultiPolygon", "coordinates": [ [ [ [ 126.923726, 35.151532 ], [ 126.923672, 35.15145 ], [ 126.923558, 35.151481 ], [ 126.923554, 35.151469 ], [ 126.923505, 35.151483 ], [ 126.923548, 35.151582 ], [ 126.923726, 35.151532 ] ] ] ] } },
{ "type": "Feature", "properties": { "BUL_MAN_NO": 11614, "BULD_NM": null, "flo": 1.0, "h": 3.3 }, "geometry": { "type": "MultiPolygon", "coordinates": [ [ [ [ 126.924033, 35.151401 ], [ 126.924013, 35.151333 ], [ 126.923976, 35.151341 ], [ 126.923989, 35.151383 ], [ 126.92398, 35.151386 ], [ 126.923988, 35.151409 ], [ 126.924033, 35.151401 ] ] ] ] } },
{ "type": "Feature", "properties": { "BUL_MAN_NO": 11613, "BULD_NM": null, "flo": 1.0, "h": 3.3 }, "geometry": { "type": "MultiPolygon", "coordinates": [ [ [ [ 126.923986, 35.151382 ], [ 126.923953, 35.151285 ], [ 126.923882, 35.151304 ], [ 126.923899, 35.151353 ], [ 126.923892, 35.151354 ], [ 126.92391, 35.151399 ], [ 126.923986, 35.151382 ] ] ] ] } },
{ "type": "Feature", "properties": { "BUL_MAN_NO": 38369, "BULD_NM": null, "flo": 1.0, "h": 3.3 }, "geometry": { "type": "MultiPolygon", "coordinates": [ [ [ [ 126.9236, 35.151594 ], [ 126.923631, 35.151672 ], [ 126.923787, 35.151631 ], [ 126.923776, 35.151615 ], [ 126.923737, 35.151558 ], [ 126.9236, 35.151594 ] ] ] ] } },
{ "type": "Feature", "properties": { "BUL_MAN_NO": 11500, "BULD_NM": null, "flo": 2.0, "h": 6.6 }, "geometry": { "type": "MultiPolygon", "coordinates": [ [ [ [ 126.924187, 35.151484 ], [ 126.92417, 35.151425 ], [ 126.924113, 35.151435 ], [ 126.924109, 35.151423 ], [ 126.924058, 35.151433 ], [ 126.924078, 35.151506 ], [ 126.924187, 35.151484 ] ] ] ] } },
{ "type": "Feature", "properties": { "BUL_MAN_NO": 36928, "BULD_NM": null, "flo": 1.0, "h": 3.3 }, "geometry": { "type": "MultiPolygon", "coordinates": [ [ [ [ 126.924055, 35.151418 ], [ 126.92405, 35.151405 ], [ 126.924072, 35.151401 ], [ 126.924078, 35.151417 ], [ 126.924056, 35.151421 ], [ 126.924055, 35.151418 ] ] ] ] } },
{ "type": "Feature", "properties": { "BUL_MAN_NO": 37049, "BULD_NM": null, "flo": 1.0, "h": 3.3 }, "geometry": { "type": "MultiPolygon", "coordinates": [ [ [ [ 126.923631, 35.151785 ], [ 126.923594, 35.151695 ], [ 126.923679, 35.151674 ], [ 126.923692, 35.151706 ], [ 126.923676, 35.15171 ], [ 126.923698, 35.151767 ], [ 126.923631, 35.151785 ] ] ] ] } },
{ "type": "Feature", "properties": { "BUL_MAN_NO": 37050, "BULD_NM": null, "flo": 1.0, "h": 3.3 }, "geometry": { "type": "MultiPolygon", "coordinates": [ [ [ [ 126.923761, 35.151752 ], [ 126.923757, 35.151738 ], [ 126.923858, 35.151711 ], [ 126.923863, 35.151726 ], [ 126.923761, 35.151752 ] ] ] ] } },
{ "type": "Feature", "properties": { "BUL_MAN_NO": 37051, "BULD_NM": null, "flo": 1.0, "h": 3.3 }, "geometry": { "type": "MultiPolygon", "coordinates": [ [ [ [ 126.923724, 35.151761 ], [ 126.923737, 35.151756 ], [ 126.92373, 35.151737 ], [ 126.923716, 35.15174 ], [ 126.923724, 35.151761 ] ] ] ] } },
{ "type": "Feature", "properties": { "BUL_MAN_NO": 11616, "BULD_NM": null, "flo": 1.0, "h": 3.3 }, "geometry": { "type": "MultiPolygon", "coordinates": [ [ [ [ 126.923859, 35.151707 ], [ 126.923812, 35.151637 ], [ 126.923707, 35.151666 ], [ 126.923735, 35.15174 ], [ 126.923859, 35.151707 ] ] ] ] } },
{ "type": "Feature", "properties": { "BUL_MAN_NO": 11611, "BULD_NM": null, "flo": 1.0, "h": 3.3 }, "geometry": { "type": "MultiPolygon", "coordinates": [ [ [ [ 126.923902, 35.151782 ], [ 126.923874, 35.151732 ], [ 126.923853, 35.151739 ], [ 126.923879, 35.151789 ], [ 126.923902, 35.151782 ] ] ] ] } },
{ "type": "Feature", "properties": { "BUL_MAN_NO": 36998, "BULD_NM": null, "flo": 1.0, "h": 3.3 }, "geometry": { "type": "MultiPolygon", "coordinates": [ [ [ [ 126.923919, 35.15188 ], [ 126.923894, 35.151825 ], [ 126.923926, 35.151816 ], [ 126.923961, 35.15187 ], [ 126.923919, 35.15188 ] ] ] ] } },
{ "type": "Feature", "properties": { "BUL_MAN_NO": 36997, "BULD_NM": null, "flo": 1.0, "h": 3.3 }, "geometry": { "type": "MultiPolygon", "coordinates": [ [ [ [ 126.92381, 35.151906 ], [ 126.923754, 35.151766 ], [ 126.923832, 35.151745 ], [ 126.923875, 35.151845 ], [ 126.923899, 35.151839 ], [ 126.923916, 35.15188 ], [ 126.923912, 35.15188 ], [ 126.92381, 35.151906 ] ] ] ] } },
{ "type": "Feature", "properties": { "BUL_MAN_NO": 11602, "BULD_NM": null, "flo": 1.0, "h": 3.3 }, "geometry": { "type": "MultiPolygon", "coordinates": [ [ [ [ 126.924306, 35.151929 ], [ 126.924282, 35.15189 ], [ 126.924197, 35.151905 ], [ 126.924215, 35.15196 ], [ 126.924231, 35.151956 ], [ 126.92423, 35.151952 ], [ 126.924306, 35.151929 ] ] ] ] } },
{ "type": "Feature", "properties": { "BUL_MAN_NO": 11598, "BULD_NM": null, "flo": 1.0, "h": 3.3 }, "geometry": { "type": "MultiPolygon", "coordinates": [ [ [ [ 126.924562, 35.151925 ], [ 126.924552, 35.151881 ], [ 126.924539, 35.151883 ], [ 126.924528, 35.151843 ], [ 126.924337, 35.15188 ], [ 126.924389, 35.151958 ], [ 126.924562, 35.151925 ] ] ] ] } },
{ "type": "Feature", "properties": { "BUL_MAN_NO": 11599, "BULD_NM": null, "flo": 1.0, "h": 3.3 }, "geometry": { "type": "MultiPolygon", "coordinates": [ [ [ [ 126.924591, 35.151947 ], [ 126.924574, 35.151924 ], [ 126.92453, 35.151933 ], [ 126.924534, 35.151945 ], [ 126.92439, 35.151977 ], [ 126.924394, 35.151989 ], [ 126.924591, 35.151947 ] ] ] ] } },
{ "type": "Feature", "properties": { "BUL_MAN_NO": 11588, "BULD_NM": null, "flo": 1.0, "h": 3.3 }, "geometry": { "type": "MultiPolygon", "coordinates": [ [ [ [ 126.925043, 35.15201 ], [ 126.925011, 35.151952 ], [ 126.924922, 35.151986 ], [ 126.924925, 35.15199 ], [ 126.924886, 35.152005 ], [ 126.92491, 35.152055 ], [ 126.925043, 35.15201 ] ] ] ] } },
{ "type": "Feature", "properties": { "BUL_MAN_NO": 11589, "BULD_NM": null, "flo": 1.0, "h": 3.3 }, "geometry": { "type": "MultiPolygon", "coordinates": [ [ [ [ 126.924998, 35.15193 ], [ 126.924965, 35.15187 ], [ 126.924875, 35.151904 ], [ 126.924906, 35.151964 ], [ 126.924998, 35.15193 ] ] ] ] } },
{ "type": "Feature", "properties": { "BUL_MAN_NO": 11590, "BULD_NM": null, "flo": 1.0, "h": 3.3 }, "geometry": { "type": "MultiPolygon", "coordinates": [ [ [ [ 126.924884, 35.151823 ], [ 126.924868, 35.151773 ], [ 126.92477, 35.151793 ], [ 126.924794, 35.151847 ], [ 126.924884, 35.151823 ] ] ] ] } },
{ "type": "Feature", "properties": { "BUL_MAN_NO": 11603, "BULD_NM": null, "flo": 4.0, "h": 13.2 }, "geometry": { "type": "MultiPolygon", "coordinates": [ [ [ [ 126.924991, 35.151553 ], [ 126.924965, 35.151501 ], [ 126.924954, 35.151504 ], [ 126.924929, 35.151443 ], [ 126.924919, 35.151444 ], [ 126.924915, 35.151431 ], [ 126.924873, 35.151438 ], [ 126.924898, 35.151571 ], [ 126.924991, 35.151553 ] ] ] ] } },
{ "type": "Feature", "properties": { "BUL_MAN_NO": 11502, "BULD_NM": null, "flo": 1.0, "h": 3.3 }, "geometry": { "type": "MultiPolygon", "coordinates": [ [ [ [ 126.925056, 35.151546 ], [ 126.925049, 35.151527 ], [ 126.924991, 35.151541 ], [ 126.924995, 35.151557 ], [ 126.925056, 35.151546 ] ] ] ] } },
{ "type": "Feature", "properties": { "BUL_MAN_NO": 11579, "BULD_NM": null, "flo": 2.0, "h": 6.6 }, "geometry": { "type": "MultiPolygon", "coordinates": [ [ [ [ 126.925211, 35.151768 ], [ 126.9252, 35.151717 ], [ 126.925077, 35.15174 ], [ 126.925088, 35.151789 ], [ 126.925211, 35.151768 ] ] ] ] } },
{ "type": "Feature", "properties": { "BUL_MAN_NO": 11577, "BULD_NM": null, "flo": 2.0, "h": 6.6 }, "geometry": { "type": "MultiPolygon", "coordinates": [ [ [ [ 126.925265, 35.151851 ], [ 126.925242, 35.151795 ], [ 126.925226, 35.151799 ], [ 126.925224, 35.151786 ], [ 126.925122, 35.151811 ], [ 126.925139, 35.151851 ], [ 126.925144, 35.151848 ], [ 126.925158, 35.151883 ], [ 126.925265, 35.151851 ] ] ] ] } },
{ "type": "Feature", "properties": { "BUL_MAN_NO": 36977, "BULD_NM": null, "flo": 1.0, "h": 3.3 }, "geometry": { "type": "MultiPolygon", "coordinates": [ [ [ [ 126.925272, 35.151854 ], [ 126.925261, 35.151839 ], [ 126.925269, 35.151836 ], [ 126.925279, 35.151851 ], [ 126.925272, 35.151854 ] ] ] ] } },
{ "type": "Feature", "properties": { "BUL_MAN_NO": 11573, "BULD_NM": null, "flo": 2.0, "h": 6.6 }, "geometry": { "type": "MultiPolygon", "coordinates": [ [ [ [ 126.925378, 35.151694 ], [ 126.925378, 35.151681 ], [ 126.925229, 35.151707 ], [ 126.925254, 35.151775 ], [ 126.925381, 35.151725 ], [ 126.925371, 35.151696 ], [ 126.925378, 35.151694 ] ] ] ] } },
{ "type": "Feature", "properties": { "BUL_MAN_NO": 11501, "BULD_NM": null, "flo": 4.0, "h": 13.2 }, "geometry": { "type": "MultiPolygon", "coordinates": [ [ [ [ 126.925054, 35.151422 ], [ 126.925026, 35.151367 ], [ 126.924938, 35.151413 ], [ 126.924994, 35.151515 ], [ 126.925071, 35.151481 ], [ 126.925067, 35.151474 ], [ 126.925073, 35.151472 ], [ 126.925048, 35.151424 ], [ 126.925054, 35.151422 ] ] ] ] } },
{ "type": "Feature", "properties": { "BUL_MAN_NO": 11572, "BULD_NM": null, "flo": 1.0, "h": 3.3 }, "geometry": { "type": "MultiPolygon", "coordinates": [ [ [ [ 126.925456, 35.151768 ], [ 126.925429, 35.151718 ], [ 126.925421, 35.151721 ], [ 126.925403, 35.151727 ], [ 126.925408, 35.151743 ], [ 126.925423, 35.151739 ], [ 126.925439, 35.151775 ], [ 126.925456, 35.151768 ] ] ] ] } },
{ "type": "Feature", "properties": { "BUL_MAN_NO": 36975, "BULD_NM": null, "flo": 1.0, "h": 3.3 }, "geometry": { "type": "MultiPolygon", "coordinates": [ [ [ [ 126.925431, 35.151812 ], [ 126.925459, 35.1518 ], [ 126.925477, 35.151826 ], [ 126.92545, 35.151838 ], [ 126.925431, 35.151812 ] ] ] ] } },
{ "type": "Feature", "properties": { "BUL_MAN_NO": 36976, "BULD_NM": null, "flo": 1.0, "h": 3.3 }, "geometry": { "type": "MultiPolygon", "coordinates": [ [ [ [ 126.925441, 35.151775 ], [ 126.925451, 35.151794 ], [ 126.925465, 35.151789 ], [ 126.925456, 35.151771 ], [ 126.925455, 35.151771 ], [ 126.925441, 35.151775 ] ] ] ] } },
{ "type": "Feature", "properties": { "BUL_MAN_NO": 36974, "BULD_NM": null, "flo": 1.0, "h": 3.3 }, "geometry": { "type": "MultiPolygon", "coordinates": [ [ [ [ 126.925417, 35.151742 ], [ 126.925275, 35.15179 ], [ 126.925304, 35.151845 ], [ 126.925446, 35.151797 ], [ 126.925417, 35.151742 ] ] ] ] } },
{ "type": "Feature", "properties": { "BUL_MAN_NO": 11505, "BULD_NM": null, "flo": 2.0, "h": 6.6 }, "geometry": { "type": "MultiPolygon", "coordinates": [ [ [ [ 126.925384, 35.151482 ], [ 126.92556, 35.151447 ], [ 126.925551, 35.151403 ], [ 126.925463, 35.151411 ], [ 126.925461, 35.151405 ], [ 126.925357, 35.151417 ], [ 126.925366, 35.151453 ], [ 126.925378, 35.151451 ], [ 126.925384, 35.151482 ] ] ] ] } },
{ "type": "Feature", "properties": { "BUL_MAN_NO": 11568, "BULD_NM": null, "flo": 4.0, "h": 13.2 }, "geometry": { "type": "MultiPolygon", "coordinates": [ [ [ [ 126.92587, 35.151696 ], [ 126.925835, 35.151601 ], [ 126.925702, 35.151625 ], [ 126.925737, 35.151726 ], [ 126.925737, 35.151727 ], [ 126.925741, 35.151726 ], [ 126.92587, 35.151696 ] ] ] ] } },
{ "type": "Feature", "properties": { "BUL_MAN_NO": 11569, "BULD_NM": null, "flo": 1.0, "h": 3.3 }, "geometry": { "type": "MultiPolygon", "coordinates": [ [ [ [ 126.925888, 35.151724 ], [ 126.92588, 35.1517 ], [ 126.925739, 35.151731 ], [ 126.925748, 35.151755 ], [ 126.925888, 35.151724 ] ] ] ] } },
{ "type": "Feature", "properties": { "BUL_MAN_NO": 11506, "BULD_NM": null, "flo": 4.0, "h": 13.2 }, "geometry": { "type": "MultiPolygon", "coordinates": [ [ [ [ 126.925725, 35.151309 ], [ 126.925694, 35.151201 ], [ 126.925609, 35.151219 ], [ 126.925625, 35.151286 ], [ 126.925616, 35.151288 ], [ 126.925625, 35.151324 ], [ 126.925725, 35.151309 ] ] ] ] } },
{ "type": "Feature", "properties": { "BUL_MAN_NO": 36955, "BULD_NM": null, "flo": 1.0, "h": 3.3 }, "geometry": { "type": "MultiPolygon", "coordinates": [ [ [ [ 126.92566, 35.151192 ], [ 126.925657, 35.151183 ], [ 126.925686, 35.151177 ], [ 126.925688, 35.151186 ], [ 126.92566, 35.151192 ] ] ] ] } },
{ "type": "Feature", "properties": { "BUL_MAN_NO": 36954, "BULD_NM": null, "flo": 1.0, "h": 3.3 }, "geometry": { "type": "MultiPolygon", "coordinates": [ [ [ [ 126.9256, 35.151215 ], [ 126.925597, 35.151206 ], [ 126.925626, 35.1512 ], [ 126.925628, 35.151209 ], [ 126.9256, 35.151215 ] ] ] ] } },
{ "type": "Feature", "properties": { "BUL_MAN_NO": 29273, "BULD_NM": null, "flo": 4.0, "h": 13.2 }, "geometry": { "type": "MultiPolygon", "coordinates": [ [ [ [ 126.925837, 35.151273 ], [ 126.925822, 35.151228 ], [ 126.925831, 35.151226 ], [ 126.925825, 35.151207 ], [ 126.925846, 35.151202 ], [ 126.925829, 35.151154 ], [ 126.925702, 35.151183 ], [ 126.92574, 35.151295 ], [ 126.925837, 35.151273 ] ] ] ] } },
{ "type": "Feature", "properties": { "BUL_MAN_NO": 37749, "BULD_NM": null, "flo": 5.0, "h": 16.5 }, "geometry": { "type": "MultiPolygon", "coordinates": [ [ [ [ 126.92616, 35.151543 ], [ 126.92589, 35.151591 ], [ 126.92593, 35.151712 ], [ 126.92619, 35.151664 ], [ 126.92617, 35.151593 ], [ 126.926174, 35.151592 ], [ 126.92616, 35.151543 ] ] ] ] } },
{ "type": "Feature", "properties": { "BUL_MAN_NO": 11507, "BULD_NM": null, "flo": 2.0, "h": 6.6 }, "geometry": { "type": "MultiPolygon", "coordinates": [ [ [ [ 126.926053, 35.151358 ], [ 126.925975, 35.151211 ], [ 126.925919, 35.15122 ], [ 126.925933, 35.151264 ], [ 126.925973, 35.151252 ], [ 126.925984, 35.151267 ], [ 126.925879, 35.151297 ], [ 126.925845, 35.151343 ], [ 126.925912, 35.151388 ], [ 126.926053, 35.151358 ] ] ] ] } },
{ "type": "Feature", "properties": { "BUL_MAN_NO": 36308, "BULD_NM": null, "flo": 1.0, "h": 3.3 }, "geometry": { "type": "MultiPolygon", "coordinates": [ [ [ [ 126.926633, 35.151952 ], [ 126.926571, 35.1518 ], [ 126.92653, 35.151811 ], [ 126.926518, 35.151781 ], [ 126.926502, 35.151785 ], [ 126.926492, 35.151762 ], [ 126.926508, 35.151758 ], [ 126.926428, 35.151562 ], [ 126.926223, 35.151618 ], [ 126.926258, 35.151704 ], [ 126.926274, 35.151699 ], [ 126.926326, 35.151828 ], [ 126.92634, 35.151861 ], [ 126.926203, 35.151898 ], [ 126.926266, 35.152053 ], [ 126.926633, 35.151952 ] ] ] ] } },
{ "type": "Feature", "properties": { "BUL_MAN_NO": 11508, "BULD_NM": null, "flo": 1.0, "h": 3.3 }, "geometry": { "type": "MultiPolygon", "coordinates": [ [ [ [ 126.926109, 35.151142 ], [ 126.926104, 35.151115 ], [ 126.926016, 35.151128 ], [ 126.926018, 35.151154 ], [ 126.926109, 35.151142 ] ] ] ] } },
{ "type": "Feature", "properties": { "BUL_MAN_NO": 11509, "BULD_NM": null, "flo": 5.0, "h": 16.5 }, "geometry": { "type": "MultiPolygon", "coordinates": [ [ [ [ 126.926122, 35.151338 ], [ 126.9262, 35.15132 ], [ 126.926247, 35.151309 ], [ 126.926211, 35.151217 ], [ 126.9262, 35.15122 ], [ 126.92619, 35.151222 ], [ 126.926186, 35.15121 ], [ 126.926169, 35.151214 ], [ 126.926134, 35.15114 ], [ 126.926046, 35.151164 ], [ 126.926047, 35.15117 ], [ 126.926027, 35.151176 ], [ 126.926025, 35.151184 ], [ 126.926085, 35.151336 ], [ 126.926118, 35.151329 ], [ 126.926122, 35.151338 ] ] ] ] } },
{ "type": "Feature", "properties": { "BUL_MAN_NO": 11510, "BULD_NM": "동명오피스텔", "flo": 8.0, "h": 26.4 }, "geometry": { "type": "MultiPolygon", "coordinates": [ [ [ [ 126.926425, 35.151272 ], [ 126.926401, 35.151221 ], [ 126.926371, 35.151231 ], [ 126.926317, 35.151121 ], [ 126.926189, 35.151151 ], [ 126.926275, 35.151305 ], [ 126.926403, 35.151277 ], [ 126.926425, 35.151272 ] ] ] ] } },
{ "type": "Feature", "properties": { "BUL_MAN_NO": 11525, "BULD_NM": null, "flo": 8.0, "h": 26.4 }, "geometry": { "type": "MultiPolygon", "coordinates": [ [ [ [ 126.926748, 35.15155 ], [ 126.926694, 35.151414 ], [ 126.926572, 35.151445 ], [ 126.926649, 35.151638 ], [ 126.926717, 35.15162 ], [ 126.926713, 35.151601 ], [ 126.926751, 35.151593 ], [ 126.926735, 35.151554 ], [ 126.926748, 35.15155 ] ] ] ] } },
{ "type": "Feature", "properties": { "BUL_MAN_NO": 11527, "BULD_NM": null, "flo": 1.0, "h": 3.3 }, "geometry": { "type": "MultiPolygon", "coordinates": [ [ [ [ 126.926706, 35.151731 ], [ 126.926697, 35.151709 ], [ 126.926655, 35.151722 ], [ 126.926662, 35.151742 ], [ 126.926706, 35.151731 ] ] ] ] } },
{ "type": "Feature", "properties": { "BUL_MAN_NO": 11511, "BULD_NM": null, "flo": 6.0, "h": 19.8 }, "geometry": { "type": "MultiPolygon", "coordinates": [ [ [ [ 126.926617, 35.151227 ], [ 126.926548, 35.151147 ], [ 126.92641, 35.151183 ], [ 126.92647, 35.151268 ], [ 126.926617, 35.151227 ] ] ] ] } },
{ "type": "Feature", "properties": { "BUL_MAN_NO": 32862, "BULD_NM": null, "flo": 4.0, "h": 13.2 }, "geometry": { "type": "MultiPolygon", "coordinates": [ [ [ [ 126.926781, 35.151541 ], [ 126.926931, 35.151511 ], [ 126.926869, 35.151388 ], [ 126.926836, 35.151401 ], [ 126.926773, 35.151393 ], [ 126.926725, 35.151406 ], [ 126.926781, 35.151541 ] ] ] ] } },
{ "type": "Feature", "properties": { "BUL_MAN_NO": 11524, "BULD_NM": null, "flo": 2.0, "h": 6.6 }, "geometry": { "type": "MultiPolygon", "coordinates": [ [ [ [ 126.926981, 35.151387 ], [ 126.926959, 35.151338 ], [ 126.926881, 35.151363 ], [ 126.926905, 35.151406 ], [ 126.926981, 35.151387 ] ] ] ] } },
{ "type": "Feature", "properties": { "BUL_MAN_NO": 11523, "BULD_NM": null, "flo": 2.0, "h": 6.6 }, "geometry": { "type": "MultiPolygon", "coordinates": [ [ [ [ 126.927031, 35.151492 ], [ 126.927009, 35.151431 ], [ 126.926964, 35.151441 ], [ 126.926958, 35.151424 ], [ 126.926921, 35.151432 ], [ 126.926944, 35.151512 ], [ 126.927031, 35.151492 ] ] ] ] } },
{ "type": "Feature", "properties": { "BUL_MAN_NO": 11512, "BULD_NM": null, "flo": 2.0, "h": 6.6 }, "geometry": { "type": "MultiPolygon", "coordinates": [ [ [ [ 126.926889, 35.151148 ], [ 126.926815, 35.15104 ], [ 126.926719, 35.15105 ], [ 126.926786, 35.151178 ], [ 126.926889, 35.151148 ] ] ] ] } },
{ "type": "Feature", "properties": { "BUL_MAN_NO": 11521, "BULD_NM": null, "flo": 3.0, "h": 9.9 }, "geometry": { "type": "MultiPolygon", "coordinates": [ [ [ [ 126.927185, 35.151331 ], [ 126.927171, 35.151291 ], [ 126.926996, 35.151336 ], [ 126.927051, 35.151497 ], [ 126.927176, 35.151469 ], [ 126.927182, 35.151456 ], [ 126.927169, 35.151407 ], [ 126.927152, 35.151412 ], [ 126.927131, 35.151345 ], [ 126.927185, 35.151331 ] ] ] ] } },
{ "type": "Feature", "properties": { "BUL_MAN_NO": 11513, "BULD_NM": null, "flo": 2.0, "h": 6.6 }, "geometry": { "type": "MultiPolygon", "coordinates": [ [ [ [ 126.927031, 35.151125 ], [ 126.927024, 35.151089 ], [ 126.926896, 35.151121 ], [ 126.92691, 35.151154 ], [ 126.927031, 35.151125 ] ] ] ] } },
{ "type": "Feature", "properties": { "BUL_MAN_NO": 11514, "BULD_NM": null, "flo": 2.0, "h": 6.6 }, "geometry": { "type": "MultiPolygon", "coordinates": [ [ [ [ 126.927311, 35.151054 ], [ 126.927294, 35.151008 ], [ 126.927247, 35.151019 ], [ 126.927246, 35.151016 ], [ 126.927178, 35.151032 ], [ 126.927174, 35.151022 ], [ 126.927122, 35.151034 ], [ 126.927143, 35.151096 ], [ 126.927311, 35.151054 ] ] ] ] } },
{ "type": "Feature", "properties": { "BUL_MAN_NO": 34348, "BULD_NM": null, "flo": 4.0, "h": 13.2 }, "geometry": { "type": "MultiPolygon", "coordinates": [ [ [ [ 126.927378, 35.151382 ], [ 126.927504, 35.151378 ], [ 126.927503, 35.151336 ], [ 126.927439, 35.151338 ], [ 126.927438, 35.151334 ], [ 126.927417, 35.151334 ], [ 126.927417, 35.151326 ], [ 126.927395, 35.151267 ], [ 126.927322, 35.15127 ], [ 126.927328, 35.151372 ], [ 126.927377, 35.151369 ], [ 126.927378, 35.151382 ] ] ] ] } },
{ "type": "Feature", "properties": { "BUL_MAN_NO": 11515, "BULD_NM": null, "flo": 3.0, "h": 9.9 }, "geometry": { "type": "MultiPolygon", "coordinates": [ [ [ [ 126.927481, 35.151011 ], [ 126.927458, 35.150939 ], [ 126.927328, 35.150973 ], [ 126.927328, 35.150977 ], [ 126.927351, 35.151042 ], [ 126.927481, 35.151011 ] ] ] ] } },
{ "type": "Feature", "properties": { "BUL_MAN_NO": 28330, "BULD_NM": null, "flo": 4.0, "h": 13.2 }, "geometry": { "type": "MultiPolygon", "coordinates": [ [ [ [ 126.927494, 35.150964 ], [ 126.927584, 35.150946 ], [ 126.927558, 35.150837 ], [ 126.927462, 35.150854 ], [ 126.927494, 35.150964 ] ] ] ] } },
{ "type": "Feature", "properties": { "BUL_MAN_NO": 11519, "BULD_NM": null, "flo": 5.0, "h": 16.5 }, "geometry": { "type": "MultiPolygon", "coordinates": [ [ [ [ 126.927819, 35.150917 ], [ 126.927788, 35.150806 ], [ 126.927627, 35.150831 ], [ 126.927647, 35.150936 ], [ 126.927791, 35.15092 ], [ 126.927819, 35.150917 ] ] ] ] } },
{ "type": "Feature", "properties": { "BUL_MAN_NO": 36637, "BULD_NM": null, "flo": 1.0, "h": 3.3 }, "geometry": { "type": "MultiPolygon", "coordinates": [ [ [ [ 126.929298, 35.150759 ], [ 126.929298, 35.150749 ], [ 126.929334, 35.150746 ], [ 126.929335, 35.150756 ], [ 126.929298, 35.150759 ] ] ] ] } },
{ "type": "Feature", "properties": { "BUL_MAN_NO": 11629, "BULD_NM": null, "flo": 1.0, "h": 3.3 }, "geometry": { "type": "MultiPolygon", "coordinates": [ [ [ [ 126.92924, 35.150864 ], [ 126.929328, 35.150859 ], [ 126.929328, 35.150859 ], [ 126.929329, 35.150817 ], [ 126.929332, 35.150817 ], [ 126.929341, 35.150773 ], [ 126.929339, 35.150758 ], [ 126.929271, 35.150763 ], [ 126.929271, 35.150754 ], [ 126.929222, 35.150757 ], [ 126.929227, 35.15079 ], [ 126.92924, 35.150864 ] ] ] ] } },
{ "type": "Feature", "properties": { "BUL_MAN_NO": 11494, "BULD_NM": null, "flo": 1.0, "h": 3.3 }, "geometry": { "type": "MultiPolygon", "coordinates": [ [ [ [ 126.929425, 35.150783 ], [ 126.929419, 35.150777 ], [ 126.929396, 35.150778 ], [ 126.929352, 35.150781 ], [ 126.929352, 35.150786 ], [ 126.929342, 35.150788 ], [ 126.929336, 35.15082 ], [ 126.92934, 35.150828 ], [ 126.929343, 35.150853 ], [ 126.92944, 35.150852 ], [ 126.929431, 35.150829 ], [ 126.929437, 35.150792 ], [ 126.929425, 35.150783 ] ] ] ] } },
{ "type": "Feature", "properties": { "BUL_MAN_NO": 36636, "BULD_NM": null, "flo": 1.0, "h": 3.3 }, "geometry": { "type": "MultiPolygon", "coordinates": [ [ [ [ 126.929358, 35.150777 ], [ 126.929357, 35.150763 ], [ 126.929402, 35.150761 ], [ 126.929402, 35.150776 ], [ 126.929358, 35.150777 ] ] ] ] } },
{ "type": "Feature", "properties": { "BUL_MAN_NO": 11647, "BULD_NM": null, "flo": 3.0, "h": 9.9 }, "geometry": { "type": "MultiPolygon", "coordinates": [ [ [ [ 126.927625, 35.151245 ], [ 126.927538, 35.151204 ], [ 126.92752, 35.151209 ], [ 126.927531, 35.15126 ], [ 126.927625, 35.151245 ] ] ] ] } },
{ "type": "Feature", "properties": { "BUL_MAN_NO": 11691, "BULD_NM": null, "flo": 3.0, "h": 9.9 }, "geometry": { "type": "MultiPolygon", "coordinates": [ [ [ [ 126.928458, 35.151156 ], [ 126.928454, 35.151103 ], [ 126.92829, 35.151112 ], [ 126.928247, 35.151142 ], [ 126.928245, 35.151151 ], [ 126.92824, 35.151166 ], [ 126.928458, 35.151156 ] ] ] ] } },
{ "type": "Feature", "properties": { "BUL_MAN_NO": 11646, "BULD_NM": null, "flo": 2.0, "h": 6.6 }, "geometry": { "type": "MultiPolygon", "coordinates": [ [ [ [ 126.928443, 35.150912 ], [ 126.92844, 35.15086 ], [ 126.928353, 35.150864 ], [ 126.928378, 35.150916 ], [ 126.928443, 35.150912 ] ] ] ] } },
{ "type": "Feature", "properties": { "BUL_MAN_NO": 11644, "BULD_NM": null, "flo": 2.0, "h": 6.6 }, "geometry": { "type": "MultiPolygon", "coordinates": [ [ [ [ 126.92853, 35.150907 ], [ 126.928527, 35.15086 ], [ 126.928465, 35.150863 ], [ 126.928466, 35.150857 ], [ 126.928445, 35.150857 ], [ 126.928446, 35.150912 ], [ 126.92853, 35.150907 ] ] ] ] } },
{ "type": "Feature", "properties": { "BUL_MAN_NO": 11642, "BULD_NM": null, "flo": 2.0, "h": 6.6 }, "geometry": { "type": "MultiPolygon", "coordinates": [ [ [ [ 126.928774, 35.150894 ], [ 126.928764, 35.150821 ], [ 126.928645, 35.150825 ], [ 126.928648, 35.150901 ], [ 126.928672, 35.1509 ], [ 126.928774, 35.150894 ] ] ] ] } },
{ "type": "Feature", "properties": { "BUL_MAN_NO": 11641, "BULD_NM": null, "flo": 2.0, "h": 6.6 }, "geometry": { "type": "MultiPolygon", "coordinates": [ [ [ [ 126.928898, 35.150884 ], [ 126.928897, 35.15082 ], [ 126.928857, 35.150824 ], [ 126.928809, 35.150824 ], [ 126.928815, 35.150889 ], [ 126.928898, 35.150884 ] ] ] ] } },
{ "type": "Feature", "properties": { "BUL_MAN_NO": 11640, "BULD_NM": null, "flo": 2.0, "h": 6.6 }, "geometry": { "type": "MultiPolygon", "coordinates": [ [ [ [ 126.92898, 35.15088 ], [ 126.928973, 35.150791 ], [ 126.928906, 35.150792 ], [ 126.928909, 35.150884 ], [ 126.92898, 35.15088 ] ] ] ] } },
{ "type": "Feature", "properties": { "BUL_MAN_NO": 31185, "BULD_NM": null, "flo": 5.0, "h": 16.5 }, "geometry": { "type": "MultiPolygon", "coordinates": [ [ [ [ 126.929154, 35.151117 ], [ 126.929149, 35.151056 ], [ 126.929237, 35.151052 ], [ 126.929242, 35.151113 ], [ 126.929154, 35.151117 ] ] ] ] } },
{ "type": "Feature", "properties": { "BUL_MAN_NO": 11638, "BULD_NM": null, "flo": 4.0, "h": 13.2 }, "geometry": { "type": "MultiPolygon", "coordinates": [ [ [ [ 126.929111, 35.150797 ], [ 126.929111, 35.150776 ], [ 126.929052, 35.150776 ], [ 126.929052, 35.150771 ], [ 126.928989, 35.150775 ], [ 126.928993, 35.150878 ], [ 126.929136, 35.15087 ], [ 126.929127, 35.150798 ], [ 126.929111, 35.150797 ] ] ] ] } },
{ "type": "Feature", "properties": { "BUL_MAN_NO": 11639, "BULD_NM": null, "flo": 2.0, "h": 6.6 }, "geometry": { "type": "MultiPolygon", "coordinates": [ [ [ [ 126.929229, 35.150866 ], [ 126.929221, 35.150767 ], [ 126.929181, 35.15077 ], [ 126.929181, 35.150774 ], [ 126.929143, 35.150776 ], [ 126.929144, 35.150798 ], [ 126.929139, 35.150798 ], [ 126.929146, 35.150871 ], [ 126.929229, 35.150866 ] ] ] ] } },
{ "type": "Feature", "properties": { "BUL_MAN_NO": 11687, "BULD_NM": null, "flo": 1.0, "h": 3.3 }, "geometry": { "type": "MultiPolygon", "coordinates": [ [ [ [ 126.929379, 35.151098 ], [ 126.929378, 35.151042 ], [ 126.929339, 35.151044 ], [ 126.929249, 35.151048 ], [ 126.929254, 35.151101 ], [ 126.929301, 35.151102 ], [ 126.929301, 35.1511 ], [ 126.929379, 35.151098 ] ] ] ] } },
{ "type": "Feature", "properties": { "BUL_MAN_NO": 11637, "BULD_NM": null, "flo": 1.0, "h": 3.3 }, "geometry": { "type": "MultiPolygon", "coordinates": [ [ [ [ 126.929487, 35.15085 ], [ 126.929482, 35.150834 ], [ 126.929463, 35.150835 ], [ 126.92944, 35.150836 ], [ 126.929447, 35.150853 ], [ 126.929487, 35.15085 ] ] ] ] } },
{ "type": "Feature", "properties": { "BUL_MAN_NO": 11684, "BULD_NM": null, "flo": 2.0, "h": 6.6 }, "geometry": { "type": "MultiPolygon", "coordinates": [ [ [ [ 126.929808, 35.151076 ], [ 126.92978, 35.151018 ], [ 126.929693, 35.151026 ], [ 126.929724, 35.151103 ], [ 126.929772, 35.151089 ], [ 126.92977, 35.151086 ], [ 126.929808, 35.151076 ] ] ] ] } },
{ "type": "Feature", "properties": { "BUL_MAN_NO": 11635, "BULD_NM": null, "flo": 2.0, "h": 6.6 }, "geometry": { "type": "MultiPolygon", "coordinates": [ [ [ [ 126.929592, 35.150834 ], [ 126.929573, 35.150718 ], [ 126.929532, 35.150727 ], [ 126.929518, 35.150741 ], [ 126.929513, 35.150746 ], [ 126.929506, 35.150746 ], [ 126.92952, 35.15083 ], [ 126.929529, 35.15083 ], [ 126.929531, 35.150843 ], [ 126.929592, 35.150834 ] ] ] ] } },
{ "type": "Feature", "properties": { "BUL_MAN_NO": 11634, "BULD_NM": "충장맨션", "flo": 3.0, "h": 9.9 }, "geometry": { "type": "MultiPolygon", "coordinates": [ [ [ [ 126.929756, 35.150735 ], [ 126.929757, 35.150735 ], [ 126.929762, 35.15074 ], [ 126.929794, 35.150725 ], [ 126.929785, 35.150715 ], [ 126.929785, 35.150715 ], [ 126.929805, 35.150705 ], [ 126.929889, 35.150816 ], [ 126.930014, 35.15081 ], [ 126.929871, 35.150617 ], [ 126.929832, 35.150565 ], [ 126.929779, 35.150599 ], [ 126.929776, 35.150594 ], [ 126.929747, 35.150611 ], [ 126.929737, 35.150596 ], [ 126.929698, 35.150617 ], [ 126.929588, 35.150674 ], [ 126.929625, 35.150724 ], [ 126.929601, 35.150736 ], [ 126.929674, 35.150831 ], [ 126.929714, 35.150828 ], [ 126.929781, 35.150796 ], [ 126.929777, 35.150793 ], [ 126.929743, 35.150741 ], [ 126.929756, 35.150735 ] ] ] ] } },
{ "type": "Feature", "properties": { "BUL_MAN_NO": 11698, "BULD_NM": null, "flo": 4.0, "h": 13.2 }, "geometry": { "type": "MultiPolygon", "coordinates": [ [ [ [ 126.924042, 35.152068 ], [ 126.924002, 35.151943 ], [ 126.923876, 35.15197 ], [ 126.923917, 35.152095 ], [ 126.924042, 35.152068 ] ] ] ] } },
{ "type": "Feature", "properties": { "BUL_MAN_NO": 11694, "BULD_NM": null, "flo": 3.0, "h": 9.9 }, "geometry": { "type": "MultiPolygon", "coordinates": [ [ [ [ 126.924327, 35.151982 ], [ 126.924318, 35.151962 ], [ 126.924306, 35.151966 ], [ 126.9243, 35.151953 ], [ 126.924275, 35.15196 ], [ 126.924278, 35.15197 ], [ 126.924224, 35.15198 ], [ 126.924235, 35.152023 ], [ 126.924316, 35.152001 ], [ 126.924309, 35.151988 ], [ 126.924327, 35.151982 ] ] ] ] } },
{ "type": "Feature", "properties": { "BUL_MAN_NO": 35208, "BULD_NM": null, "flo": 1.0, "h": 3.3 }, "geometry": { "type": "MultiPolygon", "coordinates": [ [ [ [ 126.923946, 35.152176 ], [ 126.923982, 35.152299 ], [ 126.924035, 35.152288 ], [ 126.923999, 35.152165 ], [ 126.923946, 35.152176 ] ] ] ] } },
{ "type": "Feature", "properties": { "BUL_MAN_NO": 11697, "BULD_NM": null, "flo": 2.0, "h": 6.6 }, "geometry": { "type": "MultiPolygon", "coordinates": [ [ [ [ 126.924127, 35.152387 ], [ 126.924107, 35.152313 ], [ 126.924021, 35.152332 ], [ 126.924022, 35.152328 ], [ 126.923978, 35.152338 ], [ 126.924, 35.152415 ], [ 126.924127, 35.152387 ] ] ] ] } },
{ "type": "Feature", "properties": { "BUL_MAN_NO": 11695, "BULD_NM": null, "flo": 4.0, "h": 13.2 }, "geometry": { "type": "MultiPolygon", "coordinates": [ [ [ [ 126.924436, 35.152262 ], [ 126.924419, 35.152218 ], [ 126.924411, 35.15222 ], [ 126.924401, 35.152192 ], [ 126.924389, 35.152196 ], [ 126.924382, 35.152177 ], [ 126.924295, 35.152204 ], [ 126.924327, 35.152304 ], [ 126.92443, 35.15228 ], [ 126.924427, 35.152265 ], [ 126.924436, 35.152262 ] ] ] ] } },
{ "type": "Feature", "properties": { "BUL_MAN_NO": 11696, "BULD_NM": null, "flo": 1.0, "h": 3.3 }, "geometry": { "type": "MultiPolygon", "coordinates": [ [ [ [ 126.924133, 35.152543 ], [ 126.924118, 35.152491 ], [ 126.924101, 35.152493 ], [ 126.924077, 35.152425 ], [ 126.923999, 35.152442 ], [ 126.924045, 35.152584 ], [ 126.924131, 35.15256 ], [ 126.924127, 35.152545 ], [ 126.924133, 35.152543 ] ] ] ] } },
{ "type": "Feature", "properties": { "BUL_MAN_NO": 11693, "BULD_NM": null, "flo": 2.0, "h": 6.6 }, "geometry": { "type": "MultiPolygon", "coordinates": [ [ [ [ 126.924361, 35.152405 ], [ 126.924505, 35.15235 ], [ 126.924507, 35.152354 ], [ 126.924516, 35.152351 ], [ 126.92448, 35.152285 ], [ 126.924358, 35.152333 ], [ 126.924361, 35.15234 ], [ 126.924335, 35.152351 ], [ 126.924361, 35.152405 ] ] ] ] } },
{ "type": "Feature", "properties": { "BUL_MAN_NO": 11692, "BULD_NM": null, "flo": 3.0, "h": 9.9 }, "geometry": { "type": "MultiPolygon", "coordinates": [ [ [ [ 126.92452, 35.152521 ], [ 126.924477, 35.152402 ], [ 126.924382, 35.15244 ], [ 126.924394, 35.152492 ], [ 126.924442, 35.15253 ], [ 126.92452, 35.152521 ] ] ] ] } },
{ "type": "Feature", "properties": { "BUL_MAN_NO": 11700, "BULD_NM": null, "flo": 1.0, "h": 3.3 }, "geometry": { "type": "MultiPolygon", "coordinates": [ [ [ [ 126.924195, 35.152878 ], [ 126.924181, 35.152839 ], [ 126.92414, 35.152849 ], [ 126.924139, 35.152844 ], [ 126.924098, 35.152856 ], [ 126.924143, 35.152966 ], [ 126.924198, 35.152952 ], [ 126.924178, 35.152882 ], [ 126.924195, 35.152878 ] ] ] ] } },
{ "type": "Feature", "properties": { "BUL_MAN_NO": 24593, "BULD_NM": null, "flo": 2.0, "h": 6.6 }, "geometry": { "type": "MultiPolygon", "coordinates": [ [ [ [ 126.924272, 35.15294 ], [ 126.924233, 35.152812 ], [ 126.924186, 35.15283 ], [ 126.924208, 35.152899 ], [ 126.924196, 35.152905 ], [ 126.924211, 35.152952 ], [ 126.924272, 35.15294 ] ] ] ] } },
{ "type": "Feature", "properties": { "BUL_MAN_NO": 11709, "BULD_NM": null, "flo": 3.0, "h": 9.9 }, "geometry": { "type": "MultiPolygon", "coordinates": [ [ [ [ 126.924476, 35.152681 ], [ 126.92447, 35.152678 ], [ 126.924451, 35.152679 ], [ 126.924435, 35.152684 ], [ 126.924428, 35.152689 ], [ 126.924426, 35.152694 ], [ 126.92445, 35.15277 ], [ 126.924451, 35.152773 ], [ 126.924456, 35.152776 ], [ 126.924461, 35.152778 ], [ 126.924466, 35.152778 ], [ 126.924473, 35.152776 ], [ 126.924478, 35.152774 ], [ 126.924478, 35.152768 ], [ 126.924477, 35.152755 ], [ 126.924492, 35.15275 ], [ 126.924496, 35.152732 ], [ 126.924479, 35.152684 ], [ 126.924476, 35.152681 ] ] ] ] } },
{ "type": "Feature", "properties": { "BUL_MAN_NO": 11705, "BULD_NM": null, "flo": 1.0, "h": 3.3 }, "geometry": { "type": "MultiPolygon", "coordinates": [ [ [ [ 126.924736, 35.152944 ], [ 126.924715, 35.152884 ], [ 126.924584, 35.152915 ], [ 126.924606, 35.152973 ], [ 126.924736, 35.152944 ] ] ] ] } },
{ "type": "Feature", "properties": { "BUL_MAN_NO": 11704, "BULD_NM": null, "flo": 1.0, "h": 3.3 }, "geometry": { "type": "MultiPolygon", "coordinates": [ [ [ [ 126.924676, 35.152889 ], [ 126.92468, 35.152874 ], [ 126.924693, 35.152875 ], [ 126.924701, 35.152842 ], [ 126.92468, 35.152837 ], [ 126.924681, 35.152833 ], [ 126.924557, 35.15281 ], [ 126.924539, 35.152854 ], [ 126.924539, 35.152854 ], [ 126.924538, 35.152858 ], [ 126.924602, 35.15287 ], [ 126.924601, 35.152875 ], [ 126.924666, 35.152887 ], [ 126.924676, 35.152889 ] ] ] ] } },
{ "type": "Feature", "properties": { "BUL_MAN_NO": 11703, "BULD_NM": null, "flo": 4.0, "h": 13.2 }, "geometry": { "type": "MultiPolygon", "coordinates": [ [ [ [ 126.92461, 35.153015 ], [ 126.92457, 35.152902 ], [ 126.924568, 35.152903 ], [ 126.924558, 35.15288 ], [ 126.92452, 35.152889 ], [ 126.924514, 35.152894 ], [ 126.924503, 35.152931 ], [ 126.924532, 35.15302 ], [ 126.924561, 35.153028 ], [ 126.924601, 35.153019 ], [ 126.9246, 35.153018 ], [ 126.92461, 35.153015 ] ] ] ] } },
{ "type": "Feature", "properties": { "BUL_MAN_NO": 11701, "BULD_NM": null, "flo": 1.0, "h": 3.3 }, "geometry": { "type": "MultiPolygon", "coordinates": [ [ [ [ 126.924234, 35.153135 ], [ 126.924196, 35.153025 ], [ 126.924179, 35.153028 ], [ 126.92422, 35.153139 ], [ 126.924234, 35.153135 ] ] ] ] } },
{ "type": "Feature", "properties": { "BUL_MAN_NO": 11702, "BULD_NM": null, "flo": 2.0, "h": 6.6 }, "geometry": { "type": "MultiPolygon", "coordinates": [ [ [ [ 126.92434, 35.153114 ], [ 126.924305, 35.153003 ], [ 126.924199, 35.153023 ], [ 126.92425, 35.153177 ], [ 126.924323, 35.153159 ], [ 126.92434, 35.153114 ] ] ] ] } },
{ "type": "Feature", "properties": { "BUL_MAN_NO": 37122, "BULD_NM": null, "flo": 1.0, "h": 3.3 }, "geometry": { "type": "MultiPolygon", "coordinates": [ [ [ [ 126.924644, 35.153124 ], [ 126.924641, 35.153109 ], [ 126.924656, 35.153107 ], [ 126.924659, 35.153122 ], [ 126.924644, 35.153124 ] ] ] ] } },
{ "type": "Feature", "properties": { "BUL_MAN_NO": 11699, "BULD_NM": null, "flo": 1.0, "h": 3.3 }, "geometry": { "type": "MultiPolygon", "coordinates": [ [ [ [ 126.924637, 35.153112 ], [ 126.924624, 35.153039 ], [ 126.924568, 35.153043 ], [ 126.924574, 35.153078 ], [ 126.924558, 35.15308 ], [ 126.924565, 35.15313 ], [ 126.92464, 35.153125 ], [ 126.924637, 35.153112 ] ] ] ] } },
{ "type": "Feature", "properties": { "BUL_MAN_NO": 11720, "BULD_NM": null, "flo": 3.0, "h": 9.9 }, "geometry": { "type": "MultiPolygon", "coordinates": [ [ [ [ 126.924386, 35.153276 ], [ 126.92438, 35.153276 ], [ 126.924373, 35.15328 ], [ 126.924366, 35.153287 ], [ 126.924353, 35.153328 ], [ 126.924346, 35.153353 ], [ 126.924359, 35.153355 ], [ 126.924419, 35.15337 ], [ 126.924405, 35.153324 ], [ 126.924397, 35.153297 ], [ 126.924396, 35.153288 ], [ 126.924391, 35.15328 ], [ 126.924386, 35.153276 ] ] ] ] } },
{ "type": "Feature", "properties": { "BUL_MAN_NO": 11719, "BULD_NM": null, "flo": 3.0, "h": 9.9 }, "geometry": { "type": "MultiPolygon", "coordinates": [ [ [ [ 126.924469, 35.153527 ], [ 126.924422, 35.153384 ], [ 126.924389, 35.153376 ], [ 126.92438, 35.153393 ], [ 126.924327, 35.153378 ], [ 126.924287, 35.153472 ], [ 126.924393, 35.153521 ], [ 126.924395, 35.153534 ], [ 126.924415, 35.153539 ], [ 126.924469, 35.153527 ] ] ] ] } },
{ "type": "Feature", "properties": { "BUL_MAN_NO": 11721, "BULD_NM": null, "flo": 1.0, "h": 3.3 }, "geometry": { "type": "MultiPolygon", "coordinates": [ [ [ [ 126.924675, 35.153324 ], [ 126.924654, 35.153257 ], [ 126.924606, 35.153267 ], [ 126.924627, 35.153336 ], [ 126.924675, 35.153324 ] ] ] ] } },
{ "type": "Feature", "properties": { "BUL_MAN_NO": 11716, "BULD_NM": null, "flo": 1.0, "h": 3.3 }, "geometry": { "type": "MultiPolygon", "coordinates": [ [ [ [ 126.924764, 35.153338 ], [ 126.924694, 35.153332 ], [ 126.924697, 35.153356 ], [ 126.92476, 35.153362 ], [ 126.924764, 35.153338 ] ] ] ] } },
{ "type": "Feature", "properties": { "BUL_MAN_NO": 11717, "BULD_NM": null, "flo": 1.0, "h": 3.3 }, "geometry": { "type": "MultiPolygon", "coordinates": [ [ [ [ 126.924741, 35.153428 ], [ 126.924727, 35.153387 ], [ 126.924706, 35.15339 ], [ 126.92469, 35.153345 ], [ 126.924637, 35.153356 ], [ 126.92467, 35.153464 ], [ 126.924733, 35.153449 ], [ 126.924728, 35.153431 ], [ 126.924741, 35.153428 ] ] ] ] } },
{ "type": "Feature", "properties": { "BUL_MAN_NO": 11715, "BULD_NM": null, "flo": 1.0, "h": 3.3 }, "geometry": { "type": "MultiPolygon", "coordinates": [ [ [ [ 126.924962, 35.153431 ], [ 126.924912, 35.153381 ], [ 126.924886, 35.153396 ], [ 126.924893, 35.153404 ], [ 126.924857, 35.153422 ], [ 126.924898, 35.153468 ], [ 126.924962, 35.153431 ] ] ] ] } },
{ "type": "Feature", "properties": { "BUL_MAN_NO": 13246, "BULD_NM": null, "flo": 1.0, "h": 3.3 }, "geometry": { "type": "MultiPolygon", "coordinates": [ [ [ [ 126.92086, 35.154214 ], [ 126.920756, 35.154119 ], [ 126.920706, 35.154177 ], [ 126.92067, 35.154254 ], [ 126.92082, 35.154297 ], [ 126.92086, 35.154214 ] ] ] ] } },
{ "type": "Feature", "properties": { "BUL_MAN_NO": 13274, "BULD_NM": null, "flo": 1.0, "h": 3.3 }, "geometry": { "type": "MultiPolygon", "coordinates": [ [ [ [ 126.921039, 35.154523 ], [ 126.921016, 35.154514 ], [ 126.920961, 35.154551 ], [ 126.921037, 35.154582 ], [ 126.921067, 35.154534 ], [ 126.921039, 35.154523 ] ] ] ] } },
{ "type": "Feature", "properties": { "BUL_MAN_NO": 13247, "BULD_NM": null, "flo": 1.0, "h": 3.3 }, "geometry": { "type": "MultiPolygon", "coordinates": [ [ [ [ 126.921006, 35.154183 ], [ 126.92095, 35.154145 ], [ 126.920894, 35.154195 ], [ 126.920836, 35.154298 ], [ 126.920968, 35.154321 ], [ 126.920963, 35.154235 ], [ 126.921006, 35.154183 ] ] ] ] } },
{ "type": "Feature", "properties": { "BUL_MAN_NO": 13275, "BULD_NM": null, "flo": 2.0, "h": 6.6 }, "geometry": { "type": "MultiPolygon", "coordinates": [ [ [ [ 126.921135, 35.154481 ], [ 126.921072, 35.15447 ], [ 126.921023, 35.154508 ], [ 126.921109, 35.154535 ], [ 126.921135, 35.154481 ] ] ] ] } },
{ "type": "Feature", "properties": { "BUL_MAN_NO": 13271, "BULD_NM": null, "flo": 1.0, "h": 3.3 }, "geometry": { "type": "MultiPolygon", "coordinates": [ [ [ [ 126.921288, 35.154514 ], [ 126.921145, 35.15449 ], [ 126.921129, 35.15457 ], [ 126.92127, 35.154596 ], [ 126.921288, 35.154514 ] ] ] ] } },
{ "type": "Feature", "properties": { "BUL_MAN_NO": 28042, "BULD_NM": null, "flo": 1.0, "h": 3.3 }, "geometry": { "type": "MultiPolygon", "coordinates": [ [ [ [ 126.921022, 35.154316 ], [ 126.921328, 35.154361 ], [ 126.921359, 35.15428 ], [ 126.921025, 35.154223 ], [ 126.921002, 35.154299 ], [ 126.921022, 35.154316 ] ] ] ] } },
{ "type": "Feature", "properties": { "BUL_MAN_NO": 38014, "BULD_NM": null, "flo": 1.0, "h": 3.3 }, "geometry": { "type": "MultiPolygon", "coordinates": [ [ [ [ 126.921255, 35.154255 ], [ 126.921265, 35.154231 ], [ 126.921364, 35.15425 ], [ 126.921355, 35.154274 ], [ 126.921255, 35.154255 ] ] ] ] } },
{ "type": "Feature", "properties": { "BUL_MAN_NO": 38013, "BULD_NM": null, "flo": 1.0, "h": 3.3 }, "geometry": { "type": "MultiPolygon", "coordinates": [ [ [ [ 126.921067, 35.15419 ], [ 126.921089, 35.154164 ], [ 126.921111, 35.154173 ], [ 126.921089, 35.1542 ], [ 126.921067, 35.15419 ] ] ] ] } },
{ "type": "Feature", "properties": { "BUL_MAN_NO": 13272, "BULD_NM": null, "flo": 1.0, "h": 3.3 }, "geometry": { "type": "MultiPolygon", "coordinates": [ [ [ [ 126.921382, 35.154534 ], [ 126.921304, 35.154521 ], [ 126.921286, 35.154603 ], [ 126.921286, 35.15461 ], [ 126.921355, 35.154621 ], [ 126.921422, 35.15465 ], [ 126.921443, 35.154567 ], [ 126.921382, 35.154534 ] ] ] ] } },
{ "type": "Feature", "properties": { "BUL_MAN_NO": 13273, "BULD_NM": null, "flo": 1.0, "h": 3.3 }, "geometry": { "type": "MultiPolygon", "coordinates": [ [ [ [ 126.921539, 35.154616 ], [ 126.921459, 35.154583 ], [ 126.921433, 35.15467 ], [ 126.921546, 35.154722 ], [ 126.921539, 35.154616 ] ] ] ] } },
{ "type": "Feature", "properties": { "BUL_MAN_NO": 37440, "BULD_NM": null, "flo": 1.0, "h": 3.3 }, "geometry": { "type": "MultiPolygon", "coordinates": [ [ [ [ 126.921384, 35.154253 ], [ 126.921423, 35.154262 ], [ 126.921427, 35.154248 ], [ 126.921389, 35.154239 ], [ 126.921384, 35.154253 ] ] ] ] } },
{ "type": "Feature", "properties": { "BUL_MAN_NO": 27444, "BULD_NM": null, "flo": 1.0, "h": 3.3 }, "geometry": { "type": "MultiPolygon", "coordinates": [ [ [ [ 126.921359, 35.154363 ], [ 126.921484, 35.154384 ], [ 126.921554, 35.154383 ], [ 126.921556, 35.154319 ], [ 126.921516, 35.154293 ], [ 126.921396, 35.154266 ], [ 126.921359, 35.154363 ] ] ] ] } },
{ "type": "Feature", "properties": { "BUL_MAN_NO": 13267, "BULD_NM": null, "flo": 1.0, "h": 3.3 }, "geometry": { "type": "MultiPolygon", "coordinates": [ [ [ [ 126.921622, 35.154601 ], [ 126.921548, 35.154583 ], [ 126.921551, 35.154621 ], [ 126.921561, 35.154759 ], [ 126.921566, 35.154813 ], [ 126.921692, 35.15475 ], [ 126.921649, 35.154702 ], [ 126.921581, 35.154648 ], [ 126.921617, 35.154622 ], [ 126.921622, 35.154601 ] ] ] ] } },
{ "type": "Feature", "properties": { "BUL_MAN_NO": 37449, "BULD_NM": null, "flo": 1.0, "h": 3.3 }, "geometry": { "type": "MultiPolygon", "coordinates": [ [ [ [ 126.921578, 35.154882 ], [ 126.92157, 35.154818 ], [ 126.921693, 35.154753 ], [ 126.921717, 35.154782 ], [ 126.921668, 35.154826 ], [ 126.921578, 35.154882 ] ] ] ] } },
{ "type": "Feature", "properties": { "BUL_MAN_NO": 13266, "BULD_NM": null, "flo": 1.0, "h": 3.3 }, "geometry": { "type": "MultiPolygon", "coordinates": [ [ [ [ 126.921708, 35.154591 ], [ 126.921648, 35.154588 ], [ 126.921645, 35.154601 ], [ 126.921607, 35.154656 ], [ 126.921653, 35.154688 ], [ 126.921675, 35.154721 ], [ 126.921708, 35.154591 ] ] ] ] } },
{ "type": "Feature", "properties": { "BUL_MAN_NO": 13254, "BULD_NM": null, "flo": 1.0, "h": 3.3 }, "geometry": { "type": "MultiPolygon", "coordinates": [ [ [ [ 126.92187, 35.154406 ], [ 126.921805, 35.154349 ], [ 126.92172, 35.154353 ], [ 126.921654, 35.154351 ], [ 126.921653, 35.154437 ], [ 126.921773, 35.154448 ], [ 126.921878, 35.154449 ], [ 126.92187, 35.154406 ] ] ] ] } },
{ "type": "Feature", "properties": { "BUL_MAN_NO": 13264, "BULD_NM": null, "flo": 1.0, "h": 3.3 }, "geometry": { "type": "MultiPolygon", "coordinates": [ [ [ [ 126.921824, 35.154614 ], [ 126.921715, 35.15461 ], [ 126.921694, 35.154738 ], [ 126.921817, 35.154742 ], [ 126.921815, 35.154677 ], [ 126.921824, 35.154676 ], [ 126.921824, 35.154614 ] ] ] ] } },
{ "type": "Feature", "properties": { "BUL_MAN_NO": 13265, "BULD_NM": null, "flo": 1.0, "h": 3.3 }, "geometry": { "type": "MultiPolygon", "coordinates": [ [ [ [ 126.921831, 35.154727 ], [ 126.92182, 35.154728 ], [ 126.92182, 35.154742 ], [ 126.921831, 35.154742 ], [ 126.921831, 35.154727 ] ] ] ] } },
{ "type": "Feature", "properties": { "BUL_MAN_NO": 13253, "BULD_NM": null, "flo": 1.0, "h": 3.3 }, "geometry": { "type": "MultiPolygon", "coordinates": [ [ [ [ 126.92198, 35.154407 ], [ 126.921976, 35.154365 ], [ 126.921932, 35.154366 ], [ 126.921932, 35.154381 ], [ 126.921886, 35.154389 ], [ 126.921885, 35.15445 ], [ 126.921979, 35.154449 ], [ 126.92198, 35.154407 ] ] ] ] } },
{ "type": "Feature", "properties": { "BUL_MAN_NO": 13269, "BULD_NM": null, "flo": 2.0, "h": 6.6 }, "geometry": { "type": "MultiPolygon", "coordinates": [ [ [ [ 126.922091, 35.154612 ], [ 126.922049, 35.154612 ], [ 126.922088, 35.154677 ], [ 126.922099, 35.154625 ], [ 126.92209, 35.154624 ], [ 126.922091, 35.154612 ] ] ] ] } },
{ "type": "Feature", "properties": { "BUL_MAN_NO": 13268, "BULD_NM": null, "flo": 3.0, "h": 9.9 }, "geometry": { "type": "MultiPolygon", "coordinates": [ [ [ [ 126.922194, 35.154614 ], [ 126.922102, 35.154614 ], [ 126.9221, 35.154623 ], [ 126.922109, 35.154624 ], [ 126.922093, 35.154685 ], [ 126.922119, 35.154719 ], [ 126.922173, 35.154686 ], [ 126.922196, 35.154674 ], [ 126.922195, 35.154654 ], [ 126.922194, 35.154614 ] ] ] ] } },
{ "type": "Feature", "properties": { "BUL_MAN_NO": 13252, "BULD_NM": null, "flo": 1.0, "h": 3.3 }, "geometry": { "type": "MultiPolygon", "coordinates": [ [ [ [ 126.922014, 35.154403 ], [ 126.921989, 35.154365 ], [ 126.921979, 35.154365 ], [ 126.921985, 35.15445 ], [ 126.922046, 35.154452 ], [ 126.922014, 35.154403 ] ] ] ] } },
{ "type": "Feature", "properties": { "BUL_MAN_NO": 13251, "BULD_NM": null, "flo": 1.0, "h": 3.3 }, "geometry": { "type": "MultiPolygon", "coordinates": [ [ [ [ 126.922165, 35.154404 ], [ 126.922134, 35.154336 ], [ 126.922043, 35.154369 ], [ 126.92207, 35.15445 ], [ 126.922175, 35.154445 ], [ 126.922165, 35.154404 ] ] ] ] } },
{ "type": "Feature", "properties": { "BUL_MAN_NO": 13260, "BULD_NM": null, "flo": 1.0, "h": 3.3 }, "geometry": { "type": "MultiPolygon", "coordinates": [ [ [ [ 126.922377, 35.154688 ], [ 126.922353, 35.15465 ], [ 126.922323, 35.154662 ], [ 126.922347, 35.154702 ], [ 126.922377, 35.154688 ] ] ] ] } },
{ "type": "Feature", "properties": { "BUL_MAN_NO": 13261, "BULD_NM": null, "flo": 1.0, "h": 3.3 }, "geometry": { "type": "MultiPolygon", "coordinates": [ [ [ [ 126.922341, 35.154715 ], [ 126.922312, 35.154649 ], [ 126.922275, 35.15466 ], [ 126.922303, 35.154729 ], [ 126.922341, 35.154715 ] ] ] ] } },
{ "type": "Feature", "properties": { "BUL_MAN_NO": 13263, "BULD_NM": null, "flo": 1.0, "h": 3.3 }, "geometry": { "type": "MultiPolygon", "coordinates": [ [ [ [ 126.92226, 35.154631 ], [ 126.922244, 35.154579 ], [ 126.922202, 35.154588 ], [ 126.92221, 35.154646 ], [ 126.92226, 35.154631 ] ] ] ] } },
{ "type": "Feature", "properties": { "BUL_MAN_NO": 13259, "BULD_NM": null, "flo": 2.0, "h": 6.6 }, "geometry": { "type": "MultiPolygon", "coordinates": [ [ [ [ 126.922166, 35.154776 ], [ 126.922301, 35.154733 ], [ 126.922259, 35.154636 ], [ 126.922208, 35.154655 ], [ 126.922222, 35.154689 ], [ 126.922134, 35.154723 ], [ 126.922152, 35.154762 ], [ 126.922157, 35.15476 ], [ 126.922166, 35.154776 ] ] ] ] } },
{ "type": "Feature", "properties": { "BUL_MAN_NO": 13258, "BULD_NM": null, "flo": 2.0, "h": 6.6 }, "geometry": { "type": "MultiPolygon", "coordinates": [ [ [ [ 126.922356, 35.154623 ], [ 126.922341, 35.154552 ], [ 126.922301, 35.154561 ], [ 126.922245, 35.154565 ], [ 126.922273, 35.154642 ], [ 126.922356, 35.154623 ] ] ] ] } },
{ "type": "Feature", "properties": { "BUL_MAN_NO": 13270, "BULD_NM": null, "flo": 3.0, "h": 9.9 }, "geometry": { "type": "MultiPolygon", "coordinates": [ [ [ [ 126.922411, 35.154671 ], [ 126.922463, 35.154617 ], [ 126.922478, 35.154587 ], [ 126.922494, 35.154536 ], [ 126.922387, 35.154545 ], [ 126.922395, 35.154613 ], [ 126.922384, 35.154616 ], [ 126.922391, 35.154627 ], [ 126.922385, 35.15463 ], [ 126.922378, 35.154623 ], [ 126.922372, 35.154631 ], [ 126.922399, 35.154659 ], [ 126.922411, 35.154671 ] ] ] ] } },
{ "type": "Feature", "properties": { "BUL_MAN_NO": 13255, "BULD_NM": null, "flo": 1.0, "h": 3.3 }, "geometry": { "type": "MultiPolygon", "coordinates": [ [ [ [ 126.922343, 35.15436 ], [ 126.922342, 35.154309 ], [ 126.922221, 35.154317 ], [ 126.922223, 35.154369 ], [ 126.922343, 35.15436 ] ] ] ] } },
{ "type": "Feature", "properties": { "BUL_MAN_NO": 13256, "BULD_NM": null, "flo": 1.0, "h": 3.3 }, "geometry": { "type": "MultiPolygon", "coordinates": [ [ [ [ 126.922346, 35.154432 ], [ 126.922346, 35.154371 ], [ 126.922173, 35.154387 ], [ 126.922191, 35.154441 ], [ 126.922346, 35.154432 ] ] ] ] } },
{ "type": "Feature", "properties": { "BUL_MAN_NO": 13257, "BULD_NM": null, "flo": 4.0, "h": 13.2 }, "geometry": { "type": "MultiPolygon", "coordinates": [ [ [ [ 126.922559, 35.154394 ], [ 126.922556, 35.154336 ], [ 126.922498, 35.154338 ], [ 126.922498, 35.154257 ], [ 126.922376, 35.154257 ], [ 126.922373, 35.154413 ], [ 126.922559, 35.154394 ] ] ] ] } },
{ "type": "Feature", "properties": { "BUL_MAN_NO": 13301, "BULD_NM": null, "flo": 3.0, "h": 9.9 }, "geometry": { "type": "MultiPolygon", "coordinates": [ [ [ [ 126.920354, 35.154706 ], [ 126.920355, 35.154606 ], [ 126.920306, 35.154618 ], [ 126.920306, 35.15463 ], [ 126.920245, 35.15467 ], [ 126.920248, 35.154674 ], [ 126.92019, 35.154716 ], [ 126.92027, 35.154767 ], [ 126.920354, 35.154706 ] ] ] ] } },
{ "type": "Feature", "properties": { "BUL_MAN_NO": 13302, "BULD_NM": null, "flo": 2.0, "h": 6.6 }, "geometry": { "type": "MultiPolygon", "coordinates": [ [ [ [ 126.920177, 35.154715 ], [ 126.92024, 35.154671 ], [ 126.920197, 35.154627 ], [ 126.920116, 35.154674 ], [ 126.920177, 35.154715 ] ] ] ] } },
{ "type": "Feature", "properties": { "BUL_MAN_NO": 13477, "BULD_NM": null, "flo": 2.0, "h": 6.6 }, "geometry": { "type": "MultiPolygon", "coordinates": [ [ [ [ 126.922617, 35.154583 ], [ 126.922571, 35.154556 ], [ 126.922539, 35.154614 ], [ 126.922628, 35.154664 ], [ 126.922661, 35.154615 ], [ 126.922614, 35.154588 ], [ 126.922617, 35.154583 ] ] ] ] } },
{ "type": "Feature", "properties": { "BUL_MAN_NO": 13456, "BULD_NM": null, "flo": 1.0, "h": 3.3 }, "geometry": { "type": "MultiPolygon", "coordinates": [ [ [ [ 126.922824, 35.154651 ], [ 126.922927, 35.15459 ], [ 126.922925, 35.154581 ], [ 126.92279, 35.154602 ], [ 126.922776, 35.154614 ], [ 126.922824, 35.154651 ] ] ] ] } },
{ "type": "Feature", "properties": { "BUL_MAN_NO": 13457, "BULD_NM": null, "flo": 1.0, "h": 3.3 }, "geometry": { "type": "MultiPolygon", "coordinates": [ [ [ [ 126.922942, 35.154574 ], [ 126.922919, 35.154503 ], [ 126.922824, 35.154517 ], [ 126.922773, 35.154559 ], [ 126.922781, 35.154598 ], [ 126.922942, 35.154574 ] ] ] ] } },
{ "type": "Feature", "properties": { "BUL_MAN_NO": 13482, "BULD_NM": null, "flo": 1.0, "h": 3.3 }, "geometry": { "type": "MultiPolygon", "coordinates": [ [ [ [ 126.922773, 35.154368 ], [ 126.922758, 35.15429 ], [ 126.922711, 35.154295 ], [ 126.922716, 35.15432 ], [ 126.922678, 35.154324 ], [ 126.92266, 35.154353 ], [ 126.922683, 35.154379 ], [ 126.922773, 35.154368 ] ] ] ] } },
{ "type": "Feature", "properties": { "BUL_MAN_NO": 38689, "BULD_NM": null, "flo": 4.0, "h": 13.2 }, "geometry": { "type": "MultiPolygon", "coordinates": [ [ [ [ 126.923054, 35.154092 ], [ 126.923024, 35.154103 ], [ 126.923056, 35.154157 ], [ 126.922952, 35.154198 ], [ 126.923018, 35.154311 ], [ 126.923111, 35.154274 ], [ 126.923122, 35.154269 ], [ 126.923115, 35.154257 ], [ 126.923145, 35.154245 ], [ 126.923127, 35.154215 ], [ 126.923116, 35.154219 ], [ 126.923108, 35.154205 ], [ 126.923119, 35.154201 ], [ 126.923094, 35.154159 ], [ 126.923083, 35.154163 ], [ 126.923075, 35.15415 ], [ 126.923086, 35.154146 ], [ 126.923054, 35.154092 ] ] ] ] } },
{ "type": "Feature", "properties": { "BUL_MAN_NO": 13480, "BULD_NM": null, "flo": 1.0, "h": 3.3 }, "geometry": { "type": "MultiPolygon", "coordinates": [ [ [ [ 126.923281, 35.154269 ], [ 126.923267, 35.154233 ], [ 126.923254, 35.154238 ], [ 126.92321, 35.154158 ], [ 126.923151, 35.154181 ], [ 126.923191, 35.154245 ], [ 126.923183, 35.154248 ], [ 126.923203, 35.15429 ], [ 126.923281, 35.154269 ] ] ] ] } },
{ "type": "Feature", "properties": { "BUL_MAN_NO": 13481, "BULD_NM": null, "flo": 2.0, "h": 6.6 }, "geometry": { "type": "MultiPolygon", "coordinates": [ [ [ [ 126.92338, 35.154242 ], [ 126.92336, 35.154196 ], [ 126.923335, 35.154197 ], [ 126.923314, 35.154134 ], [ 126.923246, 35.154154 ], [ 126.923284, 35.15427 ], [ 126.92338, 35.154242 ] ] ] ] } },
{ "type": "Feature", "properties": { "BUL_MAN_NO": 92, "BULD_NM": null, "flo": 1.0, "h": 3.3 }, "geometry": { "type": "MultiPolygon", "coordinates": [ [ [ [ 126.923454, 35.154082 ], [ 126.923445, 35.154055 ], [ 126.923381, 35.154076 ], [ 126.923399, 35.154131 ], [ 126.923427, 35.154122 ], [ 126.923437, 35.15411 ], [ 126.92343, 35.15409 ], [ 126.923454, 35.154082 ] ] ] ] } },
{ "type": "Feature", "properties": { "BUL_MAN_NO": 91, "BULD_NM": null, "flo": 1.0, "h": 3.3 }, "geometry": { "type": "MultiPolygon", "coordinates": [ [ [ [ 126.923401, 35.154145 ], [ 126.92338, 35.154078 ], [ 126.923314, 35.154106 ], [ 126.923337, 35.15417 ], [ 126.923401, 35.154145 ] ] ] ] } },
{ "type": "Feature", "properties": { "BUL_MAN_NO": 90, "BULD_NM": null, "flo": 2.0, "h": 6.6 }, "geometry": { "type": "MultiPolygon", "coordinates": [ [ [ [ 126.923562, 35.154098 ], [ 126.923504, 35.154059 ], [ 126.923476, 35.154088 ], [ 126.923529, 35.154122 ], [ 126.923562, 35.154098 ] ] ] ] } },
{ "type": "Feature", "properties": { "BUL_MAN_NO": 13469, "BULD_NM": null, "flo": 1.0, "h": 3.3 }, "geometry": { "type": "MultiPolygon", "coordinates": [ [ [ [ 126.923661, 35.154024 ], [ 126.9236, 35.153983 ], [ 126.92353, 35.154051 ], [ 126.923583, 35.154092 ], [ 126.923661, 35.154024 ] ] ] ] } },
{ "type": "Feature", "properties": { "BUL_MAN_NO": 13526, "BULD_NM": null, "flo": 1.0, "h": 3.3 }, "geometry": { "type": "MultiPolygon", "coordinates": [ [ [ [ 126.918787, 35.153406 ], [ 126.91893, 35.153314 ], [ 126.91897, 35.153288 ], [ 126.918973, 35.153256 ], [ 126.91892, 35.153259 ], [ 126.918814, 35.15332 ], [ 126.918781, 35.153338 ], [ 126.918761, 35.153317 ], [ 126.918768, 35.153312 ], [ 126.918774, 35.153309 ], [ 126.918709, 35.153247 ], [ 126.918717, 35.153242 ], [ 126.9187, 35.153224 ], [ 126.918638, 35.153268 ], [ 126.918635, 35.153266 ], [ 126.918586, 35.153301 ], [ 126.918603, 35.153312 ], [ 126.918735, 35.1534 ], [ 126.918787, 35.153406 ] ] ] ] } },
{ "type": "Feature", "properties": { "BUL_MAN_NO": 13588, "BULD_NM": null, "flo": 6.0, "h": 19.8 }, "geometry": { "type": "MultiPolygon", "coordinates": [ [ [ [ 126.91937, 35.152867 ], [ 126.919219, 35.152763 ], [ 126.919162, 35.152816 ], [ 126.919253, 35.152881 ], [ 126.91912, 35.153005 ], [ 126.919228, 35.153083 ], [ 126.919275, 35.153086 ], [ 126.91944, 35.152932 ], [ 126.919361, 35.152875 ], [ 126.91937, 35.152867 ] ] ] ] } },
{ "type": "Feature", "properties": { "BUL_MAN_NO": 13589, "BULD_NM": null, "flo": 1.0, "h": 3.3 }, "geometry": { "type": "MultiPolygon", "coordinates": [ [ [ [ 126.919567, 35.152827 ], [ 126.919462, 35.152745 ], [ 126.919442, 35.152738 ], [ 126.919365, 35.152802 ], [ 126.919348, 35.152791 ], [ 126.919325, 35.152811 ], [ 126.919453, 35.152916 ], [ 126.919567, 35.152827 ] ] ] ] } },
{ "type": "Feature", "properties": { "BUL_MAN_NO": 13590, "BULD_NM": "중화한의원", "flo": 3.0, "h": 9.9 }, "geometry": { "type": "MultiPolygon", "coordinates": [ [ [ [ 126.919611, 35.152788 ], [ 126.919631, 35.152771 ], [ 126.919644, 35.152782 ], [ 126.919671, 35.152762 ], [ 126.919659, 35.152751 ], [ 126.919745, 35.152682 ], [ 126.919624, 35.152588 ], [ 126.919493, 35.152694 ], [ 126.919611, 35.152788 ] ] ] ] } },
{ "type": "Feature", "properties": { "BUL_MAN_NO": 13591, "BULD_NM": null, "flo": 1.0, "h": 3.3 }, "geometry": { "type": "MultiPolygon", "coordinates": [ [ [ [ 126.919643, 35.152546 ], [ 126.919557, 35.152478 ], [ 126.919484, 35.152546 ], [ 126.919564, 35.152613 ], [ 126.919643, 35.152546 ] ] ] ] } },
{ "type": "Feature", "properties": { "BUL_MAN_NO": 34649, "BULD_NM": null, "flo": 5.0, "h": 16.5 }, "geometry": { "type": "MultiPolygon", "coordinates": [ [ [ [ 126.919635, 35.152459 ], [ 126.919651, 35.152448 ], [ 126.919814, 35.152608 ], [ 126.919872, 35.152569 ], [ 126.919903, 35.152599 ], [ 126.919928, 35.152581 ], [ 126.91993, 35.152583 ], [ 126.919955, 35.152566 ], [ 126.919935, 35.152547 ], [ 126.919993, 35.152507 ], [ 126.919802, 35.15232 ], [ 126.91972, 35.152377 ], [ 126.91962, 35.152279 ], [ 126.919603, 35.15229 ], [ 126.919571, 35.152259 ], [ 126.919547, 35.152275 ], [ 126.919557, 35.152284 ], [ 126.919483, 35.152335 ], [ 126.91953, 35.15238 ], [ 126.919545, 35.15237 ], [ 126.919635, 35.152459 ] ] ] ] } },
{ "type": "Feature", "properties": { "BUL_MAN_NO": 13593, "BULD_NM": null, "flo": 1.0, "h": 3.3 }, "geometry": { "type": "MultiPolygon", "coordinates": [ [ [ [ 126.92017, 35.152496 ], [ 126.92013, 35.152457 ], [ 126.920015, 35.152541 ], [ 126.920047, 35.152566 ], [ 126.92017, 35.152496 ] ] ] ] } },
{ "type": "Feature", "properties": { "BUL_MAN_NO": 13594, "BULD_NM": null, "flo": 1.0, "h": 3.3 }, "geometry": { "type": "MultiPolygon", "coordinates": [ [ [ [ 126.920248, 35.152429 ], [ 126.92019, 35.152415 ], [ 126.920134, 35.152456 ], [ 126.920171, 35.152494 ], [ 126.920248, 35.152429 ] ] ] ] } },
{ "type": "Feature", "properties": { "BUL_MAN_NO": 13596, "BULD_NM": null, "flo": 1.0, "h": 3.3 }, "geometry": { "type": "MultiPolygon", "coordinates": [ [ [ [ 126.922308, 35.150925 ], [ 126.922341, 35.150878 ], [ 126.922359, 35.150883 ], [ 126.92238, 35.150847 ], [ 126.92229, 35.150817 ], [ 126.922252, 35.150926 ], [ 126.922299, 35.150942 ], [ 126.922308, 35.150925 ] ] ] ] } },
{ "type": "Feature", "properties": { "BUL_MAN_NO": 13597, "BULD_NM": null, "flo": 1.0, "h": 3.3 }, "geometry": { "type": "MultiPolygon", "coordinates": [ [ [ [ 126.922245, 35.150943 ], [ 126.92225, 35.150967 ], [ 126.92223, 35.151014 ], [ 126.92224, 35.151018 ], [ 126.922277, 35.150978 ], [ 126.922293, 35.150961 ], [ 126.922245, 35.150943 ] ] ] ] } },
{ "type": "Feature", "properties": { "BUL_MAN_NO": 13598, "BULD_NM": null, "flo": 1.0, "h": 3.3 }, "geometry": { "type": "MultiPolygon", "coordinates": [ [ [ [ 126.922366, 35.150775 ], [ 126.922329, 35.150767 ], [ 126.92232, 35.150789 ], [ 126.922354, 35.150799 ], [ 126.922366, 35.150775 ] ] ] ] } },
{ "type": "Feature", "properties": { "BUL_MAN_NO": 13599, "BULD_NM": null, "flo": 1.0, "h": 3.3 }, "geometry": { "type": "MultiPolygon", "coordinates": [ [ [ [ 126.922456, 35.150704 ], [ 126.922386, 35.150695 ], [ 126.922368, 35.150797 ], [ 126.922433, 35.150805 ], [ 126.922456, 35.150704 ] ] ] ] } },
{ "type": "Feature", "properties": { "BUL_MAN_NO": 13600, "BULD_NM": null, "flo": 1.0, "h": 3.3 }, "geometry": { "type": "MultiPolygon", "coordinates": [ [ [ [ 126.922516, 35.150716 ], [ 126.922468, 35.150706 ], [ 126.922454, 35.15073 ], [ 126.922499, 35.150743 ], [ 126.922516, 35.150716 ] ] ] ] } },
{ "type": "Feature", "properties": { "BUL_MAN_NO": 13603, "BULD_NM": null, "flo": 1.0, "h": 3.3 }, "geometry": { "type": "MultiPolygon", "coordinates": [ [ [ [ 126.92282, 35.150444 ], [ 126.922721, 35.150523 ], [ 126.922769, 35.15056 ], [ 126.922866, 35.150482 ], [ 126.92282, 35.150444 ] ] ] ] } },
{ "type": "Feature", "properties": { "BUL_MAN_NO": 13604, "BULD_NM": null, "flo": 1.0, "h": 3.3 }, "geometry": { "type": "MultiPolygon", "coordinates": [ [ [ [ 126.922866, 35.150392 ], [ 126.922819, 35.150434 ], [ 126.92287, 35.150473 ], [ 126.922916, 35.150436 ], [ 126.922866, 35.150392 ] ] ] ] } },
{ "type": "Feature", "properties": { "BUL_MAN_NO": 13601, "BULD_NM": null, "flo": 1.0, "h": 3.3 }, "geometry": { "type": "MultiPolygon", "coordinates": [ [ [ [ 126.922936, 35.150342 ], [ 126.922931, 35.150338 ], [ 126.922926, 35.150356 ], [ 126.922883, 35.150393 ], [ 126.922904, 35.150418 ], [ 126.922934, 35.150393 ], [ 126.922936, 35.150342 ] ] ] ] } },
{ "type": "Feature", "properties": { "BUL_MAN_NO": 13605, "BULD_NM": null, "flo": 1.0, "h": 3.3 }, "geometry": { "type": "MultiPolygon", "coordinates": [ [ [ [ 126.923236, 35.150065 ], [ 126.923279, 35.150037 ], [ 126.923285, 35.150044 ], [ 126.923388, 35.149973 ], [ 126.923318, 35.149904 ], [ 126.923188, 35.14999 ], [ 126.923205, 35.150036 ], [ 126.923236, 35.150065 ] ] ] ] } },
{ "type": "Feature", "properties": { "BUL_MAN_NO": 13607, "BULD_NM": null, "flo": 1.0, "h": 3.3 }, "geometry": { "type": "MultiPolygon", "coordinates": [ [ [ [ 126.923323, 35.149834 ], [ 126.923232, 35.149748 ], [ 126.923118, 35.149809 ], [ 126.923194, 35.149907 ], [ 126.923323, 35.149834 ] ] ] ] } },
{ "type": "Feature", "properties": { "BUL_MAN_NO": 13608, "BULD_NM": null, "flo": 1.0, "h": 3.3 }, "geometry": { "type": "MultiPolygon", "coordinates": [ [ [ [ 126.923528, 35.149878 ], [ 126.92341, 35.149763 ], [ 126.923387, 35.14978 ], [ 126.923381, 35.149774 ], [ 126.923358, 35.149787 ], [ 126.923348, 35.149794 ], [ 126.923458, 35.149909 ], [ 126.923471, 35.149913 ], [ 126.923528, 35.149878 ] ] ] ] } },
{ "type": "Feature", "properties": { "BUL_MAN_NO": 13606, "BULD_NM": null, "flo": 1.0, "h": 3.3 }, "geometry": { "type": "MultiPolygon", "coordinates": [ [ [ [ 126.923654, 35.149759 ], [ 126.923607, 35.149711 ], [ 126.923532, 35.149755 ], [ 126.923612, 35.149835 ], [ 126.923668, 35.149809 ], [ 126.923649, 35.14978 ], [ 126.923645, 35.149765 ], [ 126.923654, 35.149759 ] ] ] ] } },
{ "type": "Feature", "properties": { "BUL_MAN_NO": 13611, "BULD_NM": null, "flo": 1.0, "h": 3.3 }, "geometry": { "type": "MultiPolygon", "coordinates": [ [ [ [ 126.923715, 35.149774 ], [ 126.923737, 35.149758 ], [ 126.923746, 35.149765 ], [ 126.9238, 35.149724 ], [ 126.923766, 35.149695 ], [ 126.923777, 35.149686 ], [ 126.923705, 35.149623 ], [ 126.923644, 35.149669 ], [ 126.923664, 35.149687 ], [ 126.923639, 35.149707 ], [ 126.923715, 35.149774 ] ] ] ] } },
{ "type": "Feature", "properties": { "BUL_MAN_NO": 32801, "BULD_NM": null, "flo": 2.0, "h": 6.6 }, "geometry": { "type": "MultiPolygon", "coordinates": [ [ [ [ 126.923585, 35.149373 ], [ 126.923909, 35.149665 ], [ 126.923987, 35.149606 ], [ 126.923912, 35.149539 ], [ 126.923916, 35.149536 ], [ 126.923841, 35.149468 ], [ 126.923844, 35.149465 ], [ 126.923823, 35.149445 ], [ 126.923819, 35.149448 ], [ 126.923743, 35.149379 ], [ 126.92374, 35.149382 ], [ 126.923664, 35.149314 ], [ 126.923585, 35.149373 ] ] ] ] } },
{ "type": "Feature", "properties": { "BUL_MAN_NO": 13613, "BULD_NM": null, "flo": 1.0, "h": 3.3 }, "geometry": { "type": "MultiPolygon", "coordinates": [ [ [ [ 126.924393, 35.149295 ], [ 126.924423, 35.149264 ], [ 126.924422, 35.149257 ], [ 126.924438, 35.149245 ], [ 126.924387, 35.149202 ], [ 126.924372, 35.149215 ], [ 126.924342, 35.149189 ], [ 126.924269, 35.149254 ], [ 126.924301, 35.149277 ], [ 126.924311, 35.149268 ], [ 126.924352, 35.149301 ], [ 126.924393, 35.149295 ] ] ] ] } },
{ "type": "Feature", "properties": { "BUL_MAN_NO": 13732, "BULD_NM": null, "flo": 1.0, "h": 3.3 }, "geometry": { "type": "MultiPolygon", "coordinates": [ [ [ [ 126.919417, 35.153164 ], [ 126.9194, 35.153149 ], [ 126.91939, 35.153158 ], [ 126.919392, 35.153188 ], [ 126.919417, 35.153164 ] ] ] ] } },
{ "type": "Feature", "properties": { "BUL_MAN_NO": 13731, "BULD_NM": null, "flo": 1.0, "h": 3.3 }, "geometry": { "type": "MultiPolygon", "coordinates": [ [ [ [ 126.919433, 35.153179 ], [ 126.919418, 35.153167 ], [ 126.919394, 35.153187 ], [ 126.919392, 35.153196 ], [ 126.9194, 35.153205 ], [ 126.919433, 35.153179 ] ] ] ] } },
{ "type": "Feature", "properties": { "BUL_MAN_NO": 13728, "BULD_NM": null, "flo": 1.0, "h": 3.3 }, "geometry": { "type": "MultiPolygon", "coordinates": [ [ [ [ 126.919509, 35.153116 ], [ 126.91945, 35.153067 ], [ 126.919395, 35.153135 ], [ 126.919445, 35.153174 ], [ 126.919499, 35.153128 ], [ 126.919509, 35.153116 ] ] ] ] } },
{ "type": "Feature", "properties": { "BUL_MAN_NO": 13729, "BULD_NM": null, "flo": 2.0, "h": 6.6 }, "geometry": { "type": "MultiPolygon", "coordinates": [ [ [ [ 126.919578, 35.15305 ], [ 126.919518, 35.153004 ], [ 126.919463, 35.153049 ], [ 126.919519, 35.153093 ], [ 126.919578, 35.15305 ] ] ] ] } },
{ "type": "Feature", "properties": { "BUL_MAN_NO": 13730, "BULD_NM": null, "flo": 1.0, "h": 3.3 }, "geometry": { "type": "MultiPolygon", "coordinates": [ [ [ [ 126.919662, 35.152983 ], [ 126.919621, 35.152941 ], [ 126.91953, 35.152993 ], [ 126.919585, 35.153037 ], [ 126.919662, 35.152983 ] ] ] ] } },
{ "type": "Feature", "properties": { "BUL_MAN_NO": 13723, "BULD_NM": null, "flo": 5.0, "h": 16.5 }, "geometry": { "type": "MultiPolygon", "coordinates": [ [ [ [ 126.919973, 35.152879 ], [ 126.919895, 35.1528 ], [ 126.919809, 35.152858 ], [ 126.919818, 35.152867 ], [ 126.919798, 35.152881 ], [ 126.919873, 35.152955 ], [ 126.919936, 35.152912 ], [ 126.919931, 35.152908 ], [ 126.919973, 35.152879 ] ] ] ] } },
{ "type": "Feature", "properties": { "BUL_MAN_NO": 37386, "BULD_NM": null, "flo": 1.0, "h": 3.3 }, "geometry": { "type": "MultiPolygon", "coordinates": [ [ [ [ 126.920029, 35.152881 ], [ 126.920046, 35.152869 ], [ 126.920056, 35.152879 ], [ 126.920039, 35.152891 ], [ 126.920029, 35.152881 ] ] ] ] } },
{ "type": "Feature", "properties": { "BUL_MAN_NO": 13722, "BULD_NM": null, "flo": 2.0, "h": 6.6 }, "geometry": { "type": "MultiPolygon", "coordinates": [ [ [ [ 126.920067, 35.152825 ], [ 126.919998, 35.152757 ], [ 126.919935, 35.152786 ], [ 126.920027, 35.15288 ], [ 126.920083, 35.152841 ], [ 126.920067, 35.152825 ] ] ] ] } },
{ "type": "Feature", "properties": { "BUL_MAN_NO": 13724, "BULD_NM": null, "flo": 4.0, "h": 13.2 }, "geometry": { "type": "MultiPolygon", "coordinates": [ [ [ [ 126.920275, 35.15271 ], [ 126.920198, 35.152633 ], [ 126.920114, 35.152701 ], [ 126.920196, 35.152775 ], [ 126.920275, 35.15271 ] ] ] ] } },
{ "type": "Feature", "properties": { "BUL_MAN_NO": 13725, "BULD_NM": null, "flo": 1.0, "h": 3.3 }, "geometry": { "type": "MultiPolygon", "coordinates": [ [ [ [ 126.920316, 35.152767 ], [ 126.920284, 35.152743 ], [ 126.920217, 35.15279 ], [ 126.920248, 35.152818 ], [ 126.920289, 35.152786 ], [ 126.920316, 35.152767 ] ] ] ] } },
{ "type": "Feature", "properties": { "BUL_MAN_NO": 13717, "BULD_NM": null, "flo": 3.0, "h": 9.9 }, "geometry": { "type": "MultiPolygon", "coordinates": [ [ [ [ 126.920353, 35.152614 ], [ 126.92029, 35.15256 ], [ 126.920214, 35.15262 ], [ 126.920278, 35.152674 ], [ 126.920353, 35.152614 ] ] ] ] } },
{ "type": "Feature", "properties": { "BUL_MAN_NO": 13716, "BULD_NM": null, "flo": 1.0, "h": 3.3 }, "geometry": { "type": "MultiPolygon", "coordinates": [ [ [ [ 126.920557, 35.152468 ], [ 126.920536, 35.152454 ], [ 126.920482, 35.152512 ], [ 126.920501, 35.152527 ], [ 126.920557, 35.152468 ] ] ] ] } },
{ "type": "Feature", "properties": { "BUL_MAN_NO": 13715, "BULD_NM": null, "flo": 1.0, "h": 3.3 }, "geometry": { "type": "MultiPolygon", "coordinates": [ [ [ [ 126.920476, 35.152501 ], [ 126.920492, 35.152482 ], [ 126.9205, 35.152487 ], [ 126.920593, 35.152387 ], [ 126.92055, 35.152359 ], [ 126.92049, 35.15236 ], [ 126.920404, 35.152455 ], [ 126.920476, 35.152501 ] ] ] ] } },
{ "type": "Feature", "properties": { "BUL_MAN_NO": 13708, "BULD_NM": null, "flo": 5.0, "h": 16.5 }, "geometry": { "type": "MultiPolygon", "coordinates": [ [ [ [ 126.920695, 35.152361 ], [ 126.92082, 35.152258 ], [ 126.9208, 35.152233 ], [ 126.920786, 35.152233 ], [ 126.920786, 35.15223 ], [ 126.920783, 35.152223 ], [ 126.92078, 35.152217 ], [ 126.920774, 35.152212 ], [ 126.920766, 35.152209 ], [ 126.920755, 35.152209 ], [ 126.920744, 35.152212 ], [ 126.920738, 35.152216 ], [ 126.920731, 35.152223 ], [ 126.920719, 35.152222 ], [ 126.920708, 35.152223 ], [ 126.920694, 35.152226 ], [ 126.920681, 35.152231 ], [ 126.920669, 35.152238 ], [ 126.920659, 35.152245 ], [ 126.920652, 35.152254 ], [ 126.920616, 35.152277 ], [ 126.920633, 35.152294 ], [ 126.920634, 35.152303 ], [ 126.920637, 35.152312 ], [ 126.92064, 35.152321 ], [ 126.920651, 35.15232 ], [ 126.920653, 35.152326 ], [ 126.920657, 35.152335 ], [ 126.920665, 35.152344 ], [ 126.920672, 35.15235 ], [ 126.920683, 35.152359 ], [ 126.920695, 35.152361 ] ] ] ] } },
{ "type": "Feature", "properties": { "BUL_MAN_NO": 37376, "BULD_NM": null, "flo": 1.0, "h": 3.3 }, "geometry": { "type": "MultiPolygon", "coordinates": [ [ [ [ 126.920744, 35.152146 ], [ 126.920731, 35.152153 ], [ 126.920784, 35.152192 ], [ 126.920795, 35.152181 ], [ 126.920744, 35.152146 ] ] ] ] } },
{ "type": "Feature", "properties": { "BUL_MAN_NO": 13711, "BULD_NM": null, "flo": 2.0, "h": 6.6 }, "geometry": { "type": "MultiPolygon", "coordinates": [ [ [ [ 126.920894, 35.15208 ], [ 126.920865, 35.15208 ], [ 126.920746, 35.152144 ], [ 126.920853, 35.152221 ], [ 126.920956, 35.152122 ], [ 126.920894, 35.15208 ] ] ] ] } },
{ "type": "Feature", "properties": { "BUL_MAN_NO": 37375, "BULD_NM": null, "flo": 1.0, "h": 3.3 }, "geometry": { "type": "MultiPolygon", "coordinates": [ [ [ [ 126.921047, 35.152032 ], [ 126.921072, 35.152013 ], [ 126.921081, 35.152019 ], [ 126.921055, 35.152039 ], [ 126.921047, 35.152032 ] ] ] ] } },
{ "type": "Feature", "properties": { "BUL_MAN_NO": 13709, "BULD_NM": null, "flo": 3.0, "h": 9.9 }, "geometry": { "type": "MultiPolygon", "coordinates": [ [ [ [ 126.921071, 35.15201 ], [ 126.921021, 35.151968 ], [ 126.92095, 35.152025 ], [ 126.92095, 35.152052 ], [ 126.920986, 35.152079 ], [ 126.921071, 35.15201 ] ] ] ] } },
{ "type": "Feature", "properties": { "BUL_MAN_NO": 13707, "BULD_NM": null, "flo": 1.0, "h": 3.3 }, "geometry": { "type": "MultiPolygon", "coordinates": [ [ [ [ 126.921166, 35.152064 ], [ 126.92111, 35.152021 ], [ 126.921019, 35.152103 ], [ 126.921076, 35.152145 ], [ 126.921166, 35.152064 ] ] ] ] } },
{ "type": "Feature", "properties": { "BUL_MAN_NO": 13710, "BULD_NM": null, "flo": 1.0, "h": 3.3 }, "geometry": { "type": "MultiPolygon", "coordinates": [ [ [ [ 126.92116, 35.151919 ], [ 126.921115, 35.151888 ], [ 126.921059, 35.151947 ], [ 126.921088, 35.151971 ], [ 126.92116, 35.151919 ] ] ] ] } },
{ "type": "Feature", "properties": { "BUL_MAN_NO": 13706, "BULD_NM": null, "flo": 2.0, "h": 6.6 }, "geometry": { "type": "MultiPolygon", "coordinates": [ [ [ [ 126.921276, 35.152059 ], [ 126.921149, 35.151975 ], [ 126.921141, 35.151976 ], [ 126.921132, 35.151979 ], [ 126.921102, 35.152004 ], [ 126.921232, 35.1521 ], [ 126.921276, 35.152059 ] ] ] ] } },
{ "type": "Feature", "properties": { "BUL_MAN_NO": 37368, "BULD_NM": null, "flo": 1.0, "h": 3.3 }, "geometry": { "type": "MultiPolygon", "coordinates": [ [ [ [ 126.921191, 35.151936 ], [ 126.921202, 35.151927 ], [ 126.92121, 35.151933 ], [ 126.921199, 35.151942 ], [ 126.921191, 35.151936 ] ] ] ] } },
{ "type": "Feature", "properties": { "BUL_MAN_NO": 13705, "BULD_NM": null, "flo": 1.0, "h": 3.3 }, "geometry": { "type": "MultiPolygon", "coordinates": [ [ [ [ 126.921284, 35.151983 ], [ 126.921237, 35.151939 ], [ 126.921215, 35.151958 ], [ 126.921189, 35.151938 ], [ 126.921166, 35.151954 ], [ 126.921243, 35.152013 ], [ 126.921284, 35.151983 ] ] ] ] } },
{ "type": "Feature", "properties": { "BUL_MAN_NO": 13712, "BULD_NM": null, "flo": 4.0, "h": 13.2 }, "geometry": { "type": "MultiPolygon", "coordinates": [ [ [ [ 126.921293, 35.151811 ], [ 126.921248, 35.151773 ], [ 126.92114, 35.151859 ], [ 126.921186, 35.151897 ], [ 126.921293, 35.151811 ] ] ] ] } },
{ "type": "Feature", "properties": { "BUL_MAN_NO": 37377, "BULD_NM": null, "flo": 1.0, "h": 3.3 }, "geometry": { "type": "MultiPolygon", "coordinates": [ [ [ [ 126.921436, 35.151654 ], [ 126.921441, 35.151642 ], [ 126.921522, 35.15166 ], [ 126.921518, 35.151669 ], [ 126.921436, 35.151654 ] ] ] ] } },
{ "type": "Feature", "properties": { "BUL_MAN_NO": 13713, "BULD_NM": null, "flo": 1.0, "h": 3.3 }, "geometry": { "type": "MultiPolygon", "coordinates": [ [ [ [ 126.921456, 35.151556 ], [ 126.921435, 35.151551 ], [ 126.921347, 35.151642 ], [ 126.921388, 35.151643 ], [ 126.921426, 35.151648 ], [ 126.921456, 35.151556 ] ] ] ] } },
{ "type": "Feature", "properties": { "BUL_MAN_NO": 13701, "BULD_NM": null, "flo": 2.0, "h": 6.6 }, "geometry": { "type": "MultiPolygon", "coordinates": [ [ [ [ 126.921881, 35.151715 ], [ 126.92193, 35.151776 ], [ 126.922069, 35.151734 ], [ 126.92202, 35.151658 ], [ 126.921967, 35.151593 ], [ 126.92192, 35.15162 ], [ 126.921871, 35.151568 ], [ 126.921782, 35.151628 ], [ 126.92176, 35.151643 ], [ 126.921755, 35.151638 ], [ 126.921699, 35.151677 ], [ 126.921788, 35.151763 ], [ 126.921881, 35.151715 ] ] ] ] } },
{ "type": "Feature", "properties": { "BUL_MAN_NO": 37092, "BULD_NM": null, "flo": 1.0, "h": 3.3 }, "geometry": { "type": "MultiPolygon", "coordinates": [ [ [ [ 126.921641, 35.151605 ], [ 126.921592, 35.151551 ], [ 126.921631, 35.151527 ], [ 126.921683, 35.151581 ], [ 126.921641, 35.151605 ] ] ] ] } },
{ "type": "Feature", "properties": { "BUL_MAN_NO": 37093, "BULD_NM": null, "flo": 1.0, "h": 3.3 }, "geometry": { "type": "MultiPolygon", "coordinates": [ [ [ [ 126.921795, 35.151766 ], [ 126.921881, 35.151723 ], [ 126.921922, 35.151776 ], [ 126.921867, 35.15179 ], [ 126.921802, 35.151775 ], [ 126.921795, 35.151766 ] ] ] ] } },
{ "type": "Feature", "properties": { "BUL_MAN_NO": 13698, "BULD_NM": null, "flo": 4.0, "h": 13.2 }, "geometry": { "type": "MultiPolygon", "coordinates": [ [ [ [ 126.922205, 35.151279 ], [ 126.922139, 35.151275 ], [ 126.92207, 35.151298 ], [ 126.92212, 35.151441 ], [ 126.922258, 35.151411 ], [ 126.922253, 35.151313 ], [ 126.922205, 35.151279 ] ] ] ] } },
{ "type": "Feature", "properties": { "BUL_MAN_NO": 13702, "BULD_NM": null, "flo": 1.0, "h": 3.3 }, "geometry": { "type": "MultiPolygon", "coordinates": [ [ [ [ 126.922365, 35.151219 ], [ 126.922387, 35.151205 ], [ 126.922395, 35.151209 ], [ 126.922477, 35.151185 ], [ 126.922437, 35.151084 ], [ 126.922422, 35.151087 ], [ 126.92227, 35.151218 ], [ 126.922298, 35.151238 ], [ 126.922365, 35.151219 ] ] ] ] } },
{ "type": "Feature", "properties": { "BUL_MAN_NO": 13697, "BULD_NM": null, "flo": 4.0, "h": 13.2 }, "geometry": { "type": "MultiPolygon", "coordinates": [ [ [ [ 126.922645, 35.150873 ], [ 126.922699, 35.150952 ], [ 126.92282, 35.150921 ], [ 126.922819, 35.150919 ], [ 126.922848, 35.150911 ], [ 126.922796, 35.150824 ], [ 126.922788, 35.150811 ], [ 126.922768, 35.150819 ], [ 126.92274, 35.150772 ], [ 126.92271, 35.150805 ], [ 126.922645, 35.150873 ] ] ] ] } },
{ "type": "Feature", "properties": { "BUL_MAN_NO": 13696, "BULD_NM": null, "flo": 3.0, "h": 9.9 }, "geometry": { "type": "MultiPolygon", "coordinates": [ [ [ [ 126.922852, 35.1507 ], [ 126.922815, 35.150693 ], [ 126.922764, 35.150711 ], [ 126.922767, 35.150715 ], [ 126.92276, 35.150718 ], [ 126.922791, 35.150776 ], [ 126.922869, 35.150744 ], [ 126.922852, 35.1507 ] ] ] ] } },
{ "type": "Feature", "properties": { "BUL_MAN_NO": 13686, "BULD_NM": null, "flo": 1.0, "h": 3.3 }, "geometry": { "type": "MultiPolygon", "coordinates": [ [ [ [ 126.923031, 35.150643 ], [ 126.922985, 35.150621 ], [ 126.922983, 35.150629 ], [ 126.922938, 35.150617 ], [ 126.922937, 35.150622 ], [ 126.922915, 35.150616 ], [ 126.922899, 35.150605 ], [ 126.922846, 35.150656 ], [ 126.922994, 35.150699 ], [ 126.923031, 35.150643 ] ] ] ] } },
{ "type": "Feature", "properties": { "BUL_MAN_NO": 36904, "BULD_NM": null, "flo": 1.0, "h": 3.3 }, "geometry": { "type": "MultiPolygon", "coordinates": [ [ [ [ 126.922818, 35.150671 ], [ 126.922834, 35.150654 ], [ 126.922857, 35.150662 ], [ 126.922841, 35.150677 ], [ 126.922818, 35.150671 ] ] ] ] } },
{ "type": "Feature", "properties": { "BUL_MAN_NO": 36903, "BULD_NM": null, "flo": 1.0, "h": 3.3 }, "geometry": { "type": "MultiPolygon", "coordinates": [ [ [ [ 126.922915, 35.150594 ], [ 126.92294, 35.150568 ], [ 126.923034, 35.150603 ], [ 126.923016, 35.150631 ], [ 126.922915, 35.150594 ] ] ] ] } },
{ "type": "Feature", "properties": { "BUL_MAN_NO": 13695, "BULD_NM": null, "flo": 4.0, "h": 13.2 }, "geometry": { "type": "MultiPolygon", "coordinates": [ [ [ [ 126.923383, 35.150224 ], [ 126.923343, 35.150148 ], [ 126.923291, 35.150206 ], [ 126.923311, 35.150234 ], [ 126.923383, 35.150224 ] ] ] ] } },
{ "type": "Feature", "properties": { "BUL_MAN_NO": 13690, "BULD_NM": null, "flo": 2.0, "h": 6.6 }, "geometry": { "type": "MultiPolygon", "coordinates": [ [ [ [ 126.923458, 35.150201 ], [ 126.923437, 35.150151 ], [ 126.923451, 35.150118 ], [ 126.923438, 35.150066 ], [ 126.923389, 35.150101 ], [ 126.923349, 35.150135 ], [ 126.923397, 35.150214 ], [ 126.923458, 35.150201 ] ] ] ] } },
{ "type": "Feature", "properties": { "BUL_MAN_NO": 36991, "BULD_NM": null, "flo": 1.0, "h": 3.3 }, "geometry": { "type": "MultiPolygon", "coordinates": [ [ [ [ 126.923401, 35.150221 ], [ 126.923398, 35.150216 ], [ 126.923459, 35.150203 ], [ 126.923462, 35.150208 ], [ 126.923401, 35.150221 ] ] ] ] } },
{ "type": "Feature", "properties": { "BUL_MAN_NO": 29788, "BULD_NM": null, "flo": 3.0, "h": 9.9 }, "geometry": { "type": "MultiPolygon", "coordinates": [ [ [ [ 126.923686, 35.149944 ], [ 126.923756, 35.150028 ], [ 126.923751, 35.150031 ], [ 126.92375, 35.150031 ], [ 126.923642, 35.150091 ], [ 126.92363, 35.150075 ], [ 126.923592, 35.150083 ], [ 126.923586, 35.150075 ], [ 126.923566, 35.150086 ], [ 126.923559, 35.150077 ], [ 126.923533, 35.150091 ], [ 126.923498, 35.150048 ], [ 126.923529, 35.150031 ], [ 126.923528, 35.150031 ], [ 126.923573, 35.150006 ], [ 126.923686, 35.149944 ] ] ] ] } },
{ "type": "Feature", "properties": { "BUL_MAN_NO": 13671, "BULD_NM": null, "flo": 2.0, "h": 6.6 }, "geometry": { "type": "MultiPolygon", "coordinates": [ [ [ [ 126.923828, 35.150013 ], [ 126.923864, 35.149988 ], [ 126.923881, 35.150003 ], [ 126.923924, 35.14997 ], [ 126.923888, 35.149938 ], [ 126.923852, 35.149964 ], [ 126.923807, 35.149925 ], [ 126.923818, 35.149918 ], [ 126.923786, 35.149891 ], [ 126.923723, 35.14993 ], [ 126.923753, 35.149957 ], [ 126.923746, 35.149962 ], [ 126.923817, 35.150024 ], [ 126.923828, 35.150013 ] ] ] ] } },
{ "type": "Feature", "properties": { "BUL_MAN_NO": 13689, "BULD_NM": null, "flo": 1.0, "h": 3.3 }, "geometry": { "type": "MultiPolygon", "coordinates": [ [ [ [ 126.923946, 35.149809 ], [ 126.92394, 35.149803 ], [ 126.92391, 35.149821 ], [ 126.923916, 35.149827 ], [ 126.923946, 35.149809 ] ] ] ] } },
{ "type": "Feature", "properties": { "BUL_MAN_NO": 13688, "BULD_NM": null, "flo": 2.0, "h": 6.6 }, "geometry": { "type": "MultiPolygon", "coordinates": [ [ [ [ 126.923987, 35.149853 ], [ 126.923947, 35.14981 ], [ 126.923915, 35.149829 ], [ 126.923909, 35.149821 ], [ 126.923843, 35.14986 ], [ 126.923891, 35.149915 ], [ 126.923987, 35.149853 ] ] ] ] } },
{ "type": "Feature", "properties": { "BUL_MAN_NO": 13672, "BULD_NM": null, "flo": 1.0, "h": 3.3 }, "geometry": { "type": "MultiPolygon", "coordinates": [ [ [ [ 126.924077, 35.149926 ], [ 126.924027, 35.149871 ], [ 126.923922, 35.149929 ], [ 126.923967, 35.149978 ], [ 126.924077, 35.149926 ] ] ] ] } },
{ "type": "Feature", "properties": { "BUL_MAN_NO": 36869, "BULD_NM": null, "flo": 1.0, "h": 3.3 }, "geometry": { "type": "MultiPolygon", "coordinates": [ [ [ [ 126.924006, 35.149878 ], [ 126.924001, 35.149872 ], [ 126.924019, 35.14986 ], [ 126.924025, 35.149866 ], [ 126.924006, 35.149878 ] ] ] ] } },
{ "type": "Feature", "properties": { "BUL_MAN_NO": 36870, "BULD_NM": null, "flo": 1.0, "h": 3.3 }, "geometry": { "type": "MultiPolygon", "coordinates": [ [ [ [ 126.923914, 35.149933 ], [ 126.923906, 35.149925 ], [ 126.923924, 35.149912 ], [ 126.923932, 35.149921 ], [ 126.923914, 35.149933 ] ] ] ] } },
{ "type": "Feature", "properties": { "BUL_MAN_NO": 28951, "BULD_NM": null, "flo": 2.0, "h": 6.6 }, "geometry": { "type": "MultiPolygon", "coordinates": [ [ [ [ 126.92414, 35.149874 ], [ 126.92416, 35.149892 ], [ 126.924212, 35.149853 ], [ 126.924221, 35.149861 ], [ 126.924228, 35.149855 ], [ 126.924219, 35.149847 ], [ 126.924115, 35.149754 ], [ 126.924089, 35.14973 ], [ 126.924071, 35.149714 ], [ 126.923973, 35.149786 ], [ 126.924102, 35.149902 ], [ 126.92414, 35.149874 ] ] ] ] } },
{ "type": "Feature", "properties": { "BUL_MAN_NO": 32160, "BULD_NM": null, "flo": 3.0, "h": 9.9 }, "geometry": { "type": "MultiPolygon", "coordinates": [ [ [ [ 126.924103, 35.149703 ], [ 126.924121, 35.149719 ], [ 126.924152, 35.149709 ], [ 126.924206, 35.14976 ], [ 126.924183, 35.149776 ], [ 126.924227, 35.149818 ], [ 126.924253, 35.1498 ], [ 126.924248, 35.149795 ], [ 126.92427, 35.14978 ], [ 126.924271, 35.149694 ], [ 126.924206, 35.149622 ], [ 126.924103, 35.149703 ] ] ] ] } },
{ "type": "Feature", "properties": { "BUL_MAN_NO": 13684, "BULD_NM": null, "flo": 2.0, "h": 6.6 }, "geometry": { "type": "MultiPolygon", "coordinates": [ [ [ [ 126.924506, 35.149542 ], [ 126.924534, 35.149531 ], [ 126.924546, 35.149537 ], [ 126.924577, 35.149488 ], [ 126.924494, 35.149442 ], [ 126.924457, 35.149469 ], [ 126.924451, 35.149476 ], [ 126.924451, 35.149485 ], [ 126.924465, 35.149549 ], [ 126.924506, 35.149542 ] ] ] ] } },
{ "type": "Feature", "properties": { "BUL_MAN_NO": 13670, "BULD_NM": null, "flo": 4.0, "h": 13.2 }, "geometry": { "type": "MultiPolygon", "coordinates": [ [ [ [ 126.924785, 35.149303 ], [ 126.924685, 35.149231 ], [ 126.924548, 35.149346 ], [ 126.924659, 35.14942 ], [ 126.924785, 35.149303 ] ] ] ] } },
{ "type": "Feature", "properties": { "BUL_MAN_NO": 13683, "BULD_NM": null, "flo": 1.0, "h": 3.3 }, "geometry": { "type": "MultiPolygon", "coordinates": [ [ [ [ 126.92491, 35.149185 ], [ 126.924815, 35.149114 ], [ 126.924797, 35.149132 ], [ 126.924781, 35.149123 ], [ 126.924714, 35.149188 ], [ 126.924759, 35.149218 ], [ 126.924745, 35.149234 ], [ 126.924821, 35.149284 ], [ 126.92491, 35.149185 ] ] ] ] } },
{ "type": "Feature", "properties": { "BUL_MAN_NO": 34489, "BULD_NM": null, "flo": 1.0, "h": 3.3 }, "geometry": { "type": "MultiPolygon", "coordinates": [ [ [ [ 126.924864, 35.149049 ], [ 126.924944, 35.149108 ], [ 126.924948, 35.149102 ], [ 126.924961, 35.149114 ], [ 126.925012, 35.14911 ], [ 126.925011, 35.149097 ], [ 126.925069, 35.149092 ], [ 126.925063, 35.14904 ], [ 126.925048, 35.149041 ], [ 126.925047, 35.149011 ], [ 126.925053, 35.149007 ], [ 126.925042, 35.148954 ], [ 126.924983, 35.148937 ], [ 126.924864, 35.149049 ] ] ] ] } },
{ "type": "Feature", "properties": { "BUL_MAN_NO": 13651, "BULD_NM": null, "flo": 3.0, "h": 9.9 }, "geometry": { "type": "MultiPolygon", "coordinates": [ [ [ [ 126.925407, 35.149322 ], [ 126.925424, 35.149211 ], [ 126.925235, 35.149236 ], [ 126.925238, 35.149255 ], [ 126.925209, 35.14926 ], [ 126.925221, 35.149345 ], [ 126.925407, 35.149322 ] ] ] ] } },
{ "type": "Feature", "properties": { "BUL_MAN_NO": 13649, "BULD_NM": null, "flo": 1.0, "h": 3.3 }, "geometry": { "type": "MultiPolygon", "coordinates": [ [ [ [ 126.925289, 35.148945 ], [ 126.925275, 35.148875 ], [ 126.925212, 35.148883 ], [ 126.92519, 35.148896 ], [ 126.925154, 35.148934 ], [ 126.92516, 35.148964 ], [ 126.925289, 35.148945 ] ] ] ] } },
{ "type": "Feature", "properties": { "BUL_MAN_NO": 13648, "BULD_NM": null, "flo": 1.0, "h": 3.3 }, "geometry": { "type": "MultiPolygon", "coordinates": [ [ [ [ 126.925302, 35.149014 ], [ 126.925287, 35.148949 ], [ 126.925162, 35.148966 ], [ 126.925167, 35.149013 ], [ 126.925181, 35.149013 ], [ 126.925183, 35.149028 ], [ 126.925302, 35.149014 ] ] ] ] } },
{ "type": "Feature", "properties": { "BUL_MAN_NO": 13650, "BULD_NM": null, "flo": 5.0, "h": 16.5 }, "geometry": { "type": "MultiPolygon", "coordinates": [ [ [ [ 126.925457, 35.148972 ], [ 126.925433, 35.148847 ], [ 126.925324, 35.148862 ], [ 126.925325, 35.148869 ], [ 126.925293, 35.148873 ], [ 126.925315, 35.14899 ], [ 126.925457, 35.148972 ] ] ] ] } },
{ "type": "Feature", "properties": { "BUL_MAN_NO": 13647, "BULD_NM": null, "flo": 2.0, "h": 6.6 }, "geometry": { "type": "MultiPolygon", "coordinates": [ [ [ [ 126.925708, 35.149099 ], [ 126.9257, 35.149072 ], [ 126.925784, 35.149061 ], [ 126.925768, 35.148989 ], [ 126.925603, 35.149016 ], [ 126.9256, 35.148993 ], [ 126.925482, 35.149009 ], [ 126.925495, 35.149087 ], [ 126.925568, 35.14908 ], [ 126.925574, 35.149114 ], [ 126.925708, 35.149099 ] ] ] ] } },
{ "type": "Feature", "properties": { "BUL_MAN_NO": 30811, "BULD_NM": "I-PLEX 광주", "flo": 6.0, "h": 19.8 }, "geometry": { "type": "MultiPolygon", "coordinates": [ [ [ [ 126.926054, 35.14861 ], [ 126.926054, 35.148611 ], [ 126.926054, 35.148612 ], [ 126.926054, 35.148613 ], [ 126.926054, 35.148614 ], [ 126.926054, 35.148616 ], [ 126.926054, 35.148617 ], [ 126.926054, 35.148618 ], [ 126.926054, 35.148619 ], [ 126.926054, 35.14862 ], [ 126.926054, 35.148621 ], [ 126.926053, 35.148623 ], [ 126.926053, 35.148624 ], [ 126.926053, 35.148625 ], [ 126.926052, 35.148626 ], [ 126.926052, 35.148627 ], [ 126.926051, 35.148628 ], [ 126.926051, 35.148629 ], [ 126.92605, 35.14863 ], [ 126.92605, 35.148632 ], [ 126.926049, 35.148633 ], [ 126.926048, 35.148634 ], [ 126.926047, 35.148635 ], [ 126.926047, 35.148636 ], [ 126.926046, 35.148637 ], [ 126.926045, 35.148637 ], [ 126.926044, 35.148638 ], [ 126.926043, 35.148639 ], [ 126.926042, 35.14864 ], [ 126.926041, 35.148641 ], [ 126.92604, 35.148642 ], [ 126.926039, 35.148642 ], [ 126.926038, 35.148643 ], [ 126.926037, 35.148644 ], [ 126.926035, 35.148645 ], [ 126.926034, 35.148645 ], [ 126.926033, 35.148646 ], [ 126.926032, 35.148646 ], [ 126.92603, 35.148647 ], [ 126.926029, 35.148647 ], [ 126.926028, 35.148648 ], [ 126.926026, 35.148648 ], [ 126.926025, 35.148649 ], [ 126.926024, 35.148649 ], [ 126.926022, 35.148649 ], [ 126.926021, 35.14865 ], [ 126.926019, 35.14865 ], [ 126.926018, 35.14865 ], [ 126.926016, 35.14865 ], [ 126.926015, 35.14865 ], [ 126.926014, 35.14865 ], [ 126.926012, 35.14865 ], [ 126.926011, 35.14865 ], [ 126.926009, 35.14865 ], [ 126.926008, 35.14865 ], [ 126.926006, 35.14865 ], [ 126.926005, 35.14865 ], [ 126.926004, 35.148649 ], [ 126.925892, 35.148608 ], [ 126.92589, 35.148607 ], [ 126.925888, 35.148606 ], [ 126.925886, 35.148605 ], [ 126.925884, 35.148603 ], [ 126.925883, 35.148602 ], [ 126.925881, 35.148601 ], [ 126.92588, 35.148599 ], [ 126.925878, 35.148598 ], [ 126.925877, 35.148597 ], [ 126.925875, 35.148595 ], [ 126.925874, 35.148594 ], [ 126.925873, 35.148592 ], [ 126.925872, 35.14859 ], [ 126.92587, 35.148589 ], [ 126.925869, 35.148587 ], [ 126.925868, 35.148585 ], [ 126.925868, 35.148584 ], [ 126.925867, 35.148582 ], [ 126.925866, 35.14858 ], [ 126.925865, 35.148578 ], [ 126.925865, 35.148577 ], [ 126.925864, 35.148575 ], [ 126.925864, 35.148573 ], [ 126.925863, 35.148571 ], [ 126.925863, 35.148569 ], [ 126.925863, 35.148567 ], [ 126.925863, 35.148566 ], [ 126.925863, 35.148564 ], [ 126.925863, 35.148562 ], [ 126.925863, 35.14856 ], [ 126.925863, 35.148558 ], [ 126.925863, 35.148556 ], [ 126.925863, 35.148554 ], [ 126.925864, 35.148553 ], [ 126.925864, 35.148551 ], [ 126.925865, 35.148549 ], [ 126.925866, 35.148547 ], [ 126.925914, 35.148394 ], [ 126.925893, 35.148394 ], [ 126.925911, 35.148336 ], [ 126.925859, 35.148338 ], [ 126.925859, 35.148323 ], [ 126.925854, 35.148323 ], [ 126.92585, 35.148323 ], [ 126.925846, 35.148322 ], [ 126.925842, 35.148322 ], [ 126.925838, 35.148321 ], [ 126.925834, 35.14832 ], [ 126.92583, 35.14832 ], [ 126.925826, 35.148319 ], [ 126.925822, 35.148317 ], [ 126.925818, 35.148316 ], [ 126.925814, 35.148315 ], [ 126.925811, 35.148313 ], [ 126.925807, 35.148312 ], [ 126.925803, 35.14831 ], [ 126.9258, 35.148308 ], [ 126.925796, 35.148307 ], [ 126.925793, 35.148305 ], [ 126.92579, 35.148303 ], [ 126.925786, 35.148301 ], [ 126.925736, 35.148258 ], [ 126.925758, 35.148241 ], [ 126.925549, 35.148069 ], [ 126.925523, 35.14808 ], [ 126.925496, 35.148058 ], [ 126.925493, 35.148056 ], [ 126.925491, 35.148054 ], [ 126.925489, 35.148052 ], [ 126.925487, 35.14805 ], [ 126.925485, 35.148047 ], [ 126.925484, 35.148045 ], [ 126.925482, 35.148043 ], [ 126.92548, 35.14804 ], [ 126.925479, 35.148038 ], [ 126.925477, 35.148035 ], [ 126.925476, 35.148033 ], [ 126.925475, 35.14803 ], [ 126.925474, 35.148027 ], [ 126.925473, 35.148025 ], [ 126.925472, 35.148022 ], [ 126.925472, 35.148019 ], [ 126.925471, 35.148017 ], [ 126.92547, 35.148014 ], [ 126.92547, 35.148011 ], [ 126.92547, 35.148008 ], [ 126.92547, 35.148005 ], [ 126.92547, 35.148003 ], [ 126.92547, 35.148 ], [ 126.92547, 35.147997 ], [ 126.92547, 35.147994 ], [ 126.925471, 35.147992 ], [ 126.925471, 35.147989 ], [ 126.925472, 35.147986 ], [ 126.925473, 35.147984 ], [ 126.925474, 35.147981 ], [ 126.925475, 35.147978 ], [ 126.925476, 35.147976 ], [ 126.925477, 35.147973 ], [ 126.925479, 35.147971 ], [ 126.92548, 35.147968 ], [ 126.925482, 35.147966 ], [ 126.925483, 35.147963 ], [ 126.925485, 35.147961 ], [ 126.925487, 35.147958 ], [ 126.925489, 35.147956 ], [ 126.925491, 35.147954 ], [ 126.925493, 35.147952 ], [ 126.925495, 35.14795 ], [ 126.925498, 35.147948 ], [ 126.9255, 35.147946 ], [ 126.925503, 35.147944 ], [ 126.925505, 35.147942 ], [ 126.925508, 35.14794 ], [ 126.925511, 35.147939 ], [ 126.925513, 35.147937 ], [ 126.925516, 35.147936 ], [ 126.925519, 35.147934 ], [ 126.925522, 35.147933 ], [ 126.925525, 35.147932 ], [ 126.925528, 35.147931 ], [ 126.925746, 35.147838 ], [ 126.925748, 35.147841 ], [ 126.925794, 35.147821 ], [ 126.925887, 35.147817 ], [ 126.925886, 35.147803 ], [ 126.926002, 35.147799 ], [ 126.926021, 35.148127 ], [ 126.92604, 35.148126 ], [ 126.926047, 35.148221 ], [ 126.926029, 35.148222 ], [ 126.926036, 35.148307 ], [ 126.926001, 35.148308 ], [ 126.926005, 35.14839 ], [ 126.926038, 35.148389 ], [ 126.926054, 35.14861 ] ] ] ] } },
{ "type": "Feature", "properties": { "BUL_MAN_NO": 13646, "BULD_NM": null, "flo": 4.0, "h": 13.2 }, "geometry": { "type": "MultiPolygon", "coordinates": [ [ [ [ 126.926134, 35.149052 ], [ 126.925914, 35.148979 ], [ 126.925881, 35.149002 ], [ 126.925899, 35.149098 ], [ 126.926131, 35.149072 ], [ 126.926137, 35.149066 ], [ 126.926138, 35.149061 ], [ 126.926137, 35.149055 ], [ 126.926134, 35.149052 ] ] ] ] } },
{ "type": "Feature", "properties": { "BUL_MAN_NO": 13668, "BULD_NM": null, "flo": 4.0, "h": 13.2 }, "geometry": { "type": "MultiPolygon", "coordinates": [ [ [ [ 126.926242, 35.14889 ], [ 126.926237, 35.148795 ], [ 126.92613, 35.148799 ], [ 126.926132, 35.148837 ], [ 126.926146, 35.148835 ], [ 126.926146, 35.148871 ], [ 126.926164, 35.148869 ], [ 126.926164, 35.148888 ], [ 126.926242, 35.14889 ] ] ] ] } },
{ "type": "Feature", "properties": { "BUL_MAN_NO": 13644, "BULD_NM": null, "flo": 1.0, "h": 3.3 }, "geometry": { "type": "MultiPolygon", "coordinates": [ [ [ [ 126.926328, 35.149221 ], [ 126.926319, 35.149142 ], [ 126.926246, 35.14915 ], [ 126.926234, 35.149088 ], [ 126.926187, 35.14909 ], [ 126.926207, 35.149237 ], [ 126.926328, 35.149221 ] ] ] ] } },
{ "type": "Feature", "properties": { "BUL_MAN_NO": 13645, "BULD_NM": null, "flo": 1.0, "h": 3.3 }, "geometry": { "type": "MultiPolygon", "coordinates": [ [ [ [ 126.926261, 35.149278 ], [ 126.926258, 35.149254 ], [ 126.926208, 35.149261 ], [ 126.926212, 35.149301 ], [ 126.926262, 35.149293 ], [ 126.926261, 35.149278 ] ] ] ] } },
{ "type": "Feature", "properties": { "BUL_MAN_NO": 36686, "BULD_NM": null, "flo": 1.0, "h": 3.3 }, "geometry": { "type": "MultiPolygon", "coordinates": [ [ [ [ 126.926409, 35.149184 ], [ 126.926405, 35.149159 ], [ 126.926417, 35.149157 ], [ 126.926421, 35.149182 ], [ 126.926409, 35.149184 ] ] ] ] } },
{ "type": "Feature", "properties": { "BUL_MAN_NO": 13654, "BULD_NM": null, "flo": 2.0, "h": 6.6 }, "geometry": { "type": "MultiPolygon", "coordinates": [ [ [ [ 126.926339, 35.149119 ], [ 126.926333, 35.149118 ], [ 126.926329, 35.149119 ], [ 126.926326, 35.149124 ], [ 126.926326, 35.149128 ], [ 126.926348, 35.149225 ], [ 126.926412, 35.149221 ], [ 126.926404, 35.149157 ], [ 126.926389, 35.149155 ], [ 126.926386, 35.149134 ], [ 126.926339, 35.149119 ] ] ] ] } },
{ "type": "Feature", "properties": { "BUL_MAN_NO": 13641, "BULD_NM": null, "flo": 4.0, "h": 13.2 }, "geometry": { "type": "MultiPolygon", "coordinates": [ [ [ [ 126.926574, 35.149198 ], [ 126.926438, 35.149163 ], [ 126.926449, 35.149209 ], [ 126.926472, 35.149214 ], [ 126.926459, 35.149253 ], [ 126.92655, 35.149272 ], [ 126.926574, 35.149198 ] ] ] ] } },
{ "type": "Feature", "properties": { "BUL_MAN_NO": 13639, "BULD_NM": null, "flo": 2.0, "h": 6.6 }, "geometry": { "type": "MultiPolygon", "coordinates": [ [ [ [ 126.926728, 35.149297 ], [ 126.926741, 35.14927 ], [ 126.926748, 35.14927 ], [ 126.92677, 35.149213 ], [ 126.926702, 35.149205 ], [ 126.926681, 35.149219 ], [ 126.926659, 35.149292 ], [ 126.926732, 35.14931 ], [ 126.926736, 35.149297 ], [ 126.926728, 35.149297 ] ] ] ] } },
{ "type": "Feature", "properties": { "BUL_MAN_NO": 13638, "BULD_NM": null, "flo": 2.0, "h": 6.6 }, "geometry": { "type": "MultiPolygon", "coordinates": [ [ [ [ 126.926904, 35.149223 ], [ 126.926792, 35.149208 ], [ 126.926785, 35.149219 ], [ 126.926782, 35.149227 ], [ 126.92678, 35.149236 ], [ 126.926776, 35.149248 ], [ 126.926775, 35.149261 ], [ 126.926775, 35.149278 ], [ 126.926881, 35.14929 ], [ 126.926904, 35.149223 ] ] ] ] } },
{ "type": "Feature", "properties": { "BUL_MAN_NO": 36656, "BULD_NM": null, "flo": 1.0, "h": 3.3 }, "geometry": { "type": "MultiPolygon", "coordinates": [ [ [ [ 126.926776, 35.149287 ], [ 126.926778, 35.14928 ], [ 126.9268, 35.149283 ], [ 126.926799, 35.14929 ], [ 126.926776, 35.149287 ] ] ] ] } },
{ "type": "Feature", "properties": { "BUL_MAN_NO": 13655, "BULD_NM": "ALCC", "flo": 6.0, "h": 19.8 }, "geometry": { "type": "MultiPolygon", "coordinates": [ [ [ [ 126.927014, 35.149091 ], [ 126.927013, 35.149083 ], [ 126.927017, 35.149087 ], [ 126.927026, 35.14909 ], [ 126.927036, 35.14909 ], [ 126.927042, 35.14909 ], [ 126.927049, 35.14909 ], [ 126.927057, 35.149088 ], [ 126.927061, 35.149084 ], [ 126.927064, 35.149071 ], [ 126.927064, 35.149066 ], [ 126.927062, 35.149061 ], [ 126.92706, 35.149059 ], [ 126.927058, 35.149058 ], [ 126.927063, 35.149053 ], [ 126.927058, 35.149048 ], [ 126.927101, 35.148986 ], [ 126.926936, 35.148984 ], [ 126.926936, 35.148989 ], [ 126.926856, 35.148989 ], [ 126.926825, 35.149047 ], [ 126.926839, 35.149051 ], [ 126.926828, 35.149072 ], [ 126.926815, 35.149068 ], [ 126.92681, 35.149079 ], [ 126.926854, 35.149077 ], [ 126.926854, 35.149081 ], [ 126.926933, 35.149081 ], [ 126.926933, 35.149091 ], [ 126.927014, 35.149091 ] ] ] ] } },
{ "type": "Feature", "properties": { "BUL_MAN_NO": 13637, "BULD_NM": null, "flo": 1.0, "h": 3.3 }, "geometry": { "type": "MultiPolygon", "coordinates": [ [ [ [ 126.927085, 35.149243 ], [ 126.927068, 35.149232 ], [ 126.927068, 35.149238 ], [ 126.926998, 35.149237 ], [ 126.926998, 35.149231 ], [ 126.926971, 35.149233 ], [ 126.926972, 35.149296 ], [ 126.92709, 35.149291 ], [ 126.92709, 35.149263 ], [ 126.927085, 35.149243 ] ] ] ] } },
{ "type": "Feature", "properties": { "BUL_MAN_NO": 13636, "BULD_NM": null, "flo": 3.0, "h": 9.9 }, "geometry": { "type": "MultiPolygon", "coordinates": [ [ [ [ 126.926963, 35.149291 ], [ 126.926918, 35.149286 ], [ 126.926903, 35.149319 ], [ 126.926959, 35.149327 ], [ 126.926963, 35.149291 ] ] ] ] } },
{ "type": "Feature", "properties": { "BUL_MAN_NO": 30262, "BULD_NM": null, "flo": 4.0, "h": 13.2 }, "geometry": { "type": "MultiPolygon", "coordinates": [ [ [ [ 126.927113, 35.148976 ], [ 126.927114, 35.149062 ], [ 126.927214, 35.149062 ], [ 126.927214, 35.149057 ], [ 126.927252, 35.149057 ], [ 126.927252, 35.148992 ], [ 126.927259, 35.148992 ], [ 126.927259, 35.148975 ], [ 126.927113, 35.148976 ] ] ] ] } },
{ "type": "Feature", "properties": { "BUL_MAN_NO": 13628, "BULD_NM": null, "flo": 2.0, "h": 6.6 }, "geometry": { "type": "MultiPolygon", "coordinates": [ [ [ [ 126.927593, 35.149162 ], [ 126.927589, 35.14914 ], [ 126.927475, 35.14916 ], [ 126.927507, 35.149201 ], [ 126.927547, 35.149198 ], [ 126.927586, 35.149172 ], [ 126.927585, 35.149164 ], [ 126.927593, 35.149162 ] ] ] ] } },
{ "type": "Feature", "properties": { "BUL_MAN_NO": 13657, "BULD_NM": null, "flo": 2.0, "h": 6.6 }, "geometry": { "type": "MultiPolygon", "coordinates": [ [ [ [ 126.927381, 35.148999 ], [ 126.927378, 35.148956 ], [ 126.927399, 35.148955 ], [ 126.927397, 35.148922 ], [ 126.927422, 35.14892 ], [ 126.927417, 35.148857 ], [ 126.927299, 35.14886 ], [ 126.927296, 35.14898 ], [ 126.927296, 35.148981 ], [ 126.92732, 35.148979 ], [ 126.92732, 35.149002 ], [ 126.927325, 35.149009 ], [ 126.927331, 35.149012 ], [ 126.927341, 35.149011 ], [ 126.927348, 35.149006 ], [ 126.927351, 35.149001 ], [ 126.927381, 35.148999 ] ] ] ] } },
{ "type": "Feature", "properties": { "BUL_MAN_NO": 31125, "BULD_NM": null, "flo": 3.0, "h": 9.9 }, "geometry": { "type": "MultiPolygon", "coordinates": [ [ [ [ 126.927656, 35.149161 ], [ 126.927652, 35.14912 ], [ 126.927796, 35.149109 ], [ 126.927804, 35.149183 ], [ 126.927726, 35.149189 ], [ 126.927656, 35.149161 ] ] ] ] } },
{ "type": "Feature", "properties": { "BUL_MAN_NO": 13659, "BULD_NM": null, "flo": 1.0, "h": 3.3 }, "geometry": { "type": "MultiPolygon", "coordinates": [ [ [ [ 126.927698, 35.148958 ], [ 126.927692, 35.148838 ], [ 126.927517, 35.148863 ], [ 126.92753, 35.14897 ], [ 126.927698, 35.148958 ] ] ] ] } },
{ "type": "Feature", "properties": { "BUL_MAN_NO": 13660, "BULD_NM": null, "flo": 1.0, "h": 3.3 }, "geometry": { "type": "MultiPolygon", "coordinates": [ [ [ [ 126.927748, 35.148956 ], [ 126.927743, 35.148819 ], [ 126.927691, 35.148821 ], [ 126.927711, 35.148958 ], [ 126.927748, 35.148956 ] ] ] ] } },
{ "type": "Feature", "properties": { "BUL_MAN_NO": 13658, "BULD_NM": null, "flo": 1.0, "h": 3.3 }, "geometry": { "type": "MultiPolygon", "coordinates": [ [ [ [ 126.927689, 35.148822 ], [ 126.927688, 35.148812 ], [ 126.927511, 35.148824 ], [ 126.927515, 35.148862 ], [ 126.927691, 35.148837 ], [ 126.927689, 35.148822 ] ] ] ] } },
{ "type": "Feature", "properties": { "BUL_MAN_NO": 27618, "BULD_NM": null, "flo": 4.0, "h": 13.2 }, "geometry": { "type": "MultiPolygon", "coordinates": [ [ [ [ 126.92786, 35.149192 ], [ 126.928031, 35.149238 ], [ 126.928031, 35.14924 ], [ 126.928037, 35.14915 ], [ 126.927905, 35.149109 ], [ 126.927846, 35.149104 ], [ 126.92786, 35.149192 ] ] ] ] } },
{ "type": "Feature", "properties": { "BUL_MAN_NO": 38735, "BULD_NM": null, "flo": 3.0, "h": 9.9 }, "geometry": { "type": "MultiPolygon", "coordinates": [ [ [ [ 126.927869, 35.148799 ], [ 126.927876, 35.148946 ], [ 126.927958, 35.148947 ], [ 126.927958, 35.148979 ], [ 126.928164, 35.148987 ], [ 126.928157, 35.148788 ], [ 126.927869, 35.148799 ] ] ] ] } },
{ "type": "Feature", "properties": { "BUL_MAN_NO": 34971, "BULD_NM": null, "flo": 1.0, "h": 3.3 }, "geometry": { "type": "MultiPolygon", "coordinates": [ [ [ [ 126.927856, 35.148666 ], [ 126.928093, 35.148655 ], [ 126.928079, 35.14854 ], [ 126.92784, 35.148562 ], [ 126.927856, 35.148666 ] ] ] ] } },
{ "type": "Feature", "properties": { "BUL_MAN_NO": 13615, "BULD_NM": null, "flo": 1.0, "h": 3.3 }, "geometry": { "type": "MultiPolygon", "coordinates": [ [ [ [ 126.92877, 35.149357 ], [ 126.928648, 35.149328 ], [ 126.928638, 35.149382 ], [ 126.928639, 35.149402 ], [ 126.92869, 35.149408 ], [ 126.928736, 35.149394 ], [ 126.928763, 35.149373 ], [ 126.92877, 35.149357 ] ] ] ] } },
{ "type": "Feature", "properties": { "BUL_MAN_NO": 30764, "BULD_NM": null, "flo": 3.0, "h": 9.9 }, "geometry": { "type": "MultiPolygon", "coordinates": [ [ [ [ 126.928593, 35.149156 ], [ 126.928596, 35.149198 ], [ 126.928479, 35.149166 ], [ 126.928479, 35.149135 ], [ 126.928593, 35.149156 ] ] ] ] } },
{ "type": "Feature", "properties": { "BUL_MAN_NO": 13664, "BULD_NM": null, "flo": 1.0, "h": 3.3 }, "geometry": { "type": "MultiPolygon", "coordinates": [ [ [ [ 126.928721, 35.149228 ], [ 126.928712, 35.149128 ], [ 126.928615, 35.14913 ], [ 126.928614, 35.149195 ], [ 126.928721, 35.149228 ] ] ] ] } },
{ "type": "Feature", "properties": { "BUL_MAN_NO": 13667, "BULD_NM": null, "flo": 1.0, "h": 3.3 }, "geometry": { "type": "MultiPolygon", "coordinates": [ [ [ [ 126.928884, 35.149246 ], [ 126.92882, 35.149154 ], [ 126.928814, 35.149151 ], [ 126.928809, 35.14915 ], [ 126.928803, 35.149152 ], [ 126.928799, 35.149156 ], [ 126.928797, 35.149162 ], [ 126.928769, 35.149156 ], [ 126.928742, 35.149238 ], [ 126.928856, 35.149265 ], [ 126.928863, 35.149265 ], [ 126.928872, 35.149264 ], [ 126.928879, 35.149261 ], [ 126.928883, 35.149257 ], [ 126.928884, 35.149252 ], [ 126.928884, 35.149246 ] ] ] ] } },
{ "type": "Feature", "properties": { "BUL_MAN_NO": 13619, "BULD_NM": null, "flo": 4.0, "h": 13.2 }, "geometry": { "type": "MultiPolygon", "coordinates": [ [ [ [ 126.928946, 35.1494 ], [ 126.928834, 35.149372 ], [ 126.928836, 35.149523 ], [ 126.928945, 35.149523 ], [ 126.928946, 35.1494 ] ] ] ] } },
{ "type": "Feature", "properties": { "BUL_MAN_NO": 13614, "BULD_NM": null, "flo": 1.0, "h": 3.3 }, "geometry": { "type": "MultiPolygon", "coordinates": [ [ [ [ 126.929104, 35.14955 ], [ 126.929122, 35.149542 ], [ 126.929036, 35.14942 ], [ 126.928976, 35.14941 ], [ 126.928986, 35.149478 ], [ 126.929017, 35.149525 ], [ 126.929104, 35.14955 ] ] ] ] } },
{ "type": "Feature", "properties": { "BUL_MAN_NO": 13735, "BULD_NM": null, "flo": 1.0, "h": 3.3 }, "geometry": { "type": "MultiPolygon", "coordinates": [ [ [ [ 126.919153, 35.153394 ], [ 126.919056, 35.153391 ], [ 126.918956, 35.153462 ], [ 126.919031, 35.153523 ], [ 126.919089, 35.15349 ], [ 126.919187, 35.153422 ], [ 126.919153, 35.153394 ] ] ] ] } },
{ "type": "Feature", "properties": { "BUL_MAN_NO": 13821, "BULD_NM": null, "flo": 1.0, "h": 3.3 }, "geometry": { "type": "MultiPolygon", "coordinates": [ [ [ [ 126.929639, 35.150618 ], [ 126.929605, 35.150487 ], [ 126.929497, 35.150509 ], [ 126.929536, 35.150644 ], [ 126.929617, 35.150622 ], [ 126.929639, 35.150618 ] ] ] ] } },
{ "type": "Feature", "properties": { "BUL_MAN_NO": 13825, "BULD_NM": null, "flo": 5.0, "h": 16.5 }, "geometry": { "type": "MultiPolygon", "coordinates": [ [ [ [ 126.929742, 35.150424 ], [ 126.929686, 35.150345 ], [ 126.929602, 35.15036 ], [ 126.929606, 35.150375 ], [ 126.929478, 35.150392 ], [ 126.929496, 35.150475 ], [ 126.929641, 35.150456 ], [ 126.929638, 35.150444 ], [ 126.929742, 35.150424 ] ] ] ] } },
{ "type": "Feature", "properties": { "BUL_MAN_NO": 13824, "BULD_NM": null, "flo": 3.0, "h": 9.9 }, "geometry": { "type": "MultiPolygon", "coordinates": [ [ [ [ 126.929681, 35.150325 ], [ 126.929617, 35.15023 ], [ 126.929567, 35.150237 ], [ 126.929579, 35.150313 ], [ 126.929572, 35.150314 ], [ 126.929578, 35.150331 ], [ 126.92965, 35.150324 ], [ 126.929661, 35.150331 ], [ 126.929681, 35.150325 ] ] ] ] } },
{ "type": "Feature", "properties": { "BUL_MAN_NO": 13795, "BULD_NM": null, "flo": 3.0, "h": 9.9 }, "geometry": { "type": "MultiPolygon", "coordinates": [ [ [ [ 126.930068, 35.15011 ], [ 126.930096, 35.150146 ], [ 126.930101, 35.150153 ], [ 126.930115, 35.150146 ], [ 126.930117, 35.150145 ], [ 126.930118, 35.150146 ], [ 126.930121, 35.150149 ], [ 126.930128, 35.150153 ], [ 126.930135, 35.150156 ], [ 126.930146, 35.150157 ], [ 126.930155, 35.150157 ], [ 126.930163, 35.150155 ], [ 126.93017, 35.150152 ], [ 126.93018, 35.150163 ], [ 126.930211, 35.150147 ], [ 126.930249, 35.150128 ], [ 126.930317, 35.150094 ], [ 126.930303, 35.150075 ], [ 126.930293, 35.150073 ], [ 126.93027, 35.150083 ], [ 126.930245, 35.150077 ], [ 126.930237, 35.150075 ], [ 126.930194, 35.150064 ], [ 126.930179, 35.150047 ], [ 126.930151, 35.150063 ], [ 126.930048, 35.150049 ], [ 126.930044, 35.150049 ], [ 126.930038, 35.150052 ], [ 126.930035, 35.150055 ], [ 126.930035, 35.150063 ], [ 126.930068, 35.15011 ] ] ] ] } },
{ "type": "Feature", "properties": { "BUL_MAN_NO": 13794, "BULD_NM": null, "flo": 1.0, "h": 3.3 }, "geometry": { "type": "MultiPolygon", "coordinates": [ [ [ [ 126.930036, 35.150068 ], [ 126.930014, 35.15004 ], [ 126.930005, 35.150045 ], [ 126.930027, 35.150073 ], [ 126.930036, 35.150068 ] ] ] ] } },
{ "type": "Feature", "properties": { "BUL_MAN_NO": 13819, "BULD_NM": null, "flo": 2.0, "h": 6.6 }, "geometry": { "type": "MultiPolygon", "coordinates": [ [ [ [ 126.929548, 35.150229 ], [ 126.92955, 35.150225 ], [ 126.92955, 35.150221 ], [ 126.929561, 35.150219 ], [ 126.929563, 35.150224 ], [ 126.929567, 35.150224 ], [ 126.929568, 35.150227 ], [ 126.929604, 35.150219 ], [ 126.929532, 35.15012 ], [ 126.929515, 35.150125 ], [ 126.929515, 35.150126 ], [ 126.929502, 35.150131 ], [ 126.929525, 35.150226 ], [ 126.929539, 35.150226 ], [ 126.929548, 35.150229 ] ] ] ] } },
{ "type": "Feature", "properties": { "BUL_MAN_NO": 13818, "BULD_NM": null, "flo": 1.0, "h": 3.3 }, "geometry": { "type": "MultiPolygon", "coordinates": [ [ [ [ 126.929529, 35.150116 ], [ 126.929487, 35.150057 ], [ 126.929469, 35.150062 ], [ 126.929471, 35.150071 ], [ 126.92949, 35.150072 ], [ 126.929501, 35.150125 ], [ 126.929529, 35.150116 ] ] ] ] } },
{ "type": "Feature", "properties": { "BUL_MAN_NO": 13810, "BULD_NM": null, "flo": 1.0, "h": 3.3 }, "geometry": { "type": "MultiPolygon", "coordinates": [ [ [ [ 126.929485, 35.15014 ], [ 126.929479, 35.150088 ], [ 126.929398, 35.150093 ], [ 126.9294, 35.150123 ], [ 126.929444, 35.150121 ], [ 126.929445, 35.150141 ], [ 126.929485, 35.15014 ] ] ] ] } },
{ "type": "Feature", "properties": { "BUL_MAN_NO": 13811, "BULD_NM": null, "flo": 1.0, "h": 3.3 }, "geometry": { "type": "MultiPolygon", "coordinates": [ [ [ [ 126.929491, 35.150205 ], [ 126.929485, 35.150143 ], [ 126.929348, 35.150149 ], [ 126.929354, 35.150213 ], [ 126.929491, 35.150205 ] ] ] ] } },
{ "type": "Feature", "properties": { "BUL_MAN_NO": 13809, "BULD_NM": null, "flo": 3.0, "h": 9.9 }, "geometry": { "type": "MultiPolygon", "coordinates": [ [ [ [ 126.929329, 35.15014 ], [ 126.929248, 35.15014 ], [ 126.929247, 35.150234 ], [ 126.929333, 35.150231 ], [ 126.929329, 35.15014 ] ] ] ] } },
{ "type": "Feature", "properties": { "BUL_MAN_NO": 13814, "BULD_NM": null, "flo": 3.0, "h": 9.9 }, "geometry": { "type": "MultiPolygon", "coordinates": [ [ [ [ 126.930029, 35.149886 ], [ 126.929984, 35.149875 ], [ 126.929944, 35.149876 ], [ 126.929923, 35.14992 ], [ 126.929987, 35.150017 ], [ 126.930002, 35.150015 ], [ 126.930029, 35.149886 ] ] ] ] } },
{ "type": "Feature", "properties": { "BUL_MAN_NO": 13815, "BULD_NM": null, "flo": 2.0, "h": 6.6 }, "geometry": { "type": "MultiPolygon", "coordinates": [ [ [ [ 126.929929, 35.149703 ], [ 126.929907, 35.149676 ], [ 126.929806, 35.149727 ], [ 126.929892, 35.149849 ], [ 126.929997, 35.149801 ], [ 126.930009, 35.149819 ], [ 126.930069, 35.149789 ], [ 126.930063, 35.14975 ], [ 126.929999, 35.149665 ], [ 126.929929, 35.149703 ] ] ] ] } },
{ "type": "Feature", "properties": { "BUL_MAN_NO": 13816, "BULD_NM": null, "flo": 1.0, "h": 3.3 }, "geometry": { "type": "MultiPolygon", "coordinates": [ [ [ [ 126.930179, 35.149859 ], [ 126.930164, 35.149804 ], [ 126.930135, 35.149809 ], [ 126.930143, 35.14984 ], [ 126.930134, 35.149841 ], [ 126.93014, 35.149863 ], [ 126.930179, 35.149859 ] ] ] ] } },
{ "type": "Feature", "properties": { "BUL_MAN_NO": 13817, "BULD_NM": null, "flo": 1.0, "h": 3.3 }, "geometry": { "type": "MultiPolygon", "coordinates": [ [ [ [ 126.930118, 35.14967 ], [ 126.930058, 35.149679 ], [ 126.930083, 35.149799 ], [ 126.930141, 35.149792 ], [ 126.930118, 35.14967 ] ] ] ] } },
{ "type": "Feature", "properties": { "BUL_MAN_NO": 28943, "BULD_NM": null, "flo": 1.0, "h": 3.3 }, "geometry": { "type": "MultiPolygon", "coordinates": [ [ [ [ 126.929885, 35.149599 ], [ 126.929883, 35.149585 ], [ 126.929901, 35.149584 ], [ 126.929896, 35.149531 ], [ 126.929842, 35.149535 ], [ 126.92976, 35.14954 ], [ 126.929752, 35.14946 ], [ 126.929685, 35.149465 ], [ 126.9297, 35.149611 ], [ 126.929885, 35.149599 ] ] ] ] } },
{ "type": "Feature", "properties": { "BUL_MAN_NO": 33069, "BULD_NM": null, "flo": 2.0, "h": 6.6 }, "geometry": { "type": "MultiPolygon", "coordinates": [ [ [ [ 126.929033, 35.149688 ], [ 126.929039, 35.149697 ], [ 126.928909, 35.149758 ], [ 126.928891, 35.149766 ], [ 126.928934, 35.14983 ], [ 126.928965, 35.149815 ], [ 126.929001, 35.149867 ], [ 126.929012, 35.149862 ], [ 126.929028, 35.149928 ], [ 126.929107, 35.149934 ], [ 126.929114, 35.149866 ], [ 126.929118, 35.149865 ], [ 126.929115, 35.149844 ], [ 126.929119, 35.149813 ], [ 126.929138, 35.149803 ], [ 126.929087, 35.149729 ], [ 126.929084, 35.14973 ], [ 126.92905, 35.14968 ], [ 126.929033, 35.149688 ] ] ] ] } },
{ "type": "Feature", "properties": { "BUL_MAN_NO": 13796, "BULD_NM": null, "flo": 1.0, "h": 3.3 }, "geometry": { "type": "MultiPolygon", "coordinates": [ [ [ [ 126.929516, 35.149227 ], [ 126.92946, 35.149224 ], [ 126.929434, 35.149238 ], [ 126.929525, 35.149365 ], [ 126.929584, 35.149333 ], [ 126.929575, 35.149318 ], [ 126.92958, 35.149315 ], [ 126.929516, 35.149227 ] ] ] ] } },
{ "type": "Feature", "properties": { "BUL_MAN_NO": 13797, "BULD_NM": null, "flo": 1.0, "h": 3.3 }, "geometry": { "type": "MultiPolygon", "coordinates": [ [ [ [ 126.929595, 35.149311 ], [ 126.929592, 35.14922 ], [ 126.929515, 35.149221 ], [ 126.929582, 35.149314 ], [ 126.929595, 35.149311 ] ] ] ] } },
{ "type": "Feature", "properties": { "BUL_MAN_NO": 13841, "BULD_NM": null, "flo": 1.0, "h": 3.3 }, "geometry": { "type": "MultiPolygon", "coordinates": [ [ [ [ 126.929326, 35.148921 ], [ 126.929277, 35.148886 ], [ 126.929215, 35.148942 ], [ 126.929283, 35.149008 ], [ 126.929331, 35.148966 ], [ 126.9293, 35.148942 ], [ 126.929326, 35.148921 ] ] ] ] } },
{ "type": "Feature", "properties": { "BUL_MAN_NO": 13843, "BULD_NM": null, "flo": 1.0, "h": 3.3 }, "geometry": { "type": "MultiPolygon", "coordinates": [ [ [ [ 126.929359, 35.149012 ], [ 126.929307, 35.148988 ], [ 126.929288, 35.149006 ], [ 126.929343, 35.149033 ], [ 126.929359, 35.149012 ] ] ] ] } },
{ "type": "Feature", "properties": { "BUL_MAN_NO": 13842, "BULD_NM": null, "flo": 1.0, "h": 3.3 }, "geometry": { "type": "MultiPolygon", "coordinates": [ [ [ [ 126.929397, 35.148959 ], [ 126.929352, 35.148936 ], [ 126.929331, 35.148956 ], [ 126.929376, 35.14898 ], [ 126.929397, 35.148959 ] ] ] ] } },
{ "type": "Feature", "properties": { "BUL_MAN_NO": 13834, "BULD_NM": null, "flo": 2.0, "h": 6.6 }, "geometry": { "type": "MultiPolygon", "coordinates": [ [ [ [ 126.92918, 35.148855 ], [ 126.929152, 35.148744 ], [ 126.929087, 35.148754 ], [ 126.929159, 35.148859 ], [ 126.92918, 35.148855 ] ] ] ] } },
{ "type": "Feature", "properties": { "BUL_MAN_NO": 13835, "BULD_NM": null, "flo": 3.0, "h": 9.9 }, "geometry": { "type": "MultiPolygon", "coordinates": [ [ [ [ 126.92926, 35.148698 ], [ 126.92923, 35.148584 ], [ 126.929127, 35.148594 ], [ 126.929146, 35.148694 ], [ 126.92916, 35.148694 ], [ 126.929159, 35.148709 ], [ 126.92926, 35.148698 ] ] ] ] } },
{ "type": "Feature", "properties": { "BUL_MAN_NO": 13831, "BULD_NM": null, "flo": 1.0, "h": 3.3 }, "geometry": { "type": "MultiPolygon", "coordinates": [ [ [ [ 126.928643, 35.148859 ], [ 126.928594, 35.148789 ], [ 126.92862, 35.148962 ], [ 126.928709, 35.148955 ], [ 126.928643, 35.148859 ] ] ] ] } },
{ "type": "Feature", "properties": { "BUL_MAN_NO": 13836, "BULD_NM": null, "flo": 4.0, "h": 13.2 }, "geometry": { "type": "MultiPolygon", "coordinates": [ [ [ [ 126.929099, 35.148588 ], [ 126.929087, 35.148542 ], [ 126.92908, 35.148543 ], [ 126.92906, 35.14846 ], [ 126.928933, 35.148478 ], [ 126.928922, 35.148495 ], [ 126.928996, 35.148598 ], [ 126.929099, 35.148588 ] ] ] ] } },
{ "type": "Feature", "properties": { "BUL_MAN_NO": 13830, "BULD_NM": null, "flo": 1.0, "h": 3.3 }, "geometry": { "type": "MultiPolygon", "coordinates": [ [ [ [ 126.92843, 35.148554 ], [ 126.928413, 35.148527 ], [ 126.928329, 35.148548 ], [ 126.92834, 35.148573 ], [ 126.92843, 35.148554 ] ] ] ] } },
{ "type": "Feature", "properties": { "BUL_MAN_NO": 13837, "BULD_NM": null, "flo": 4.0, "h": 13.2 }, "geometry": { "type": "MultiPolygon", "coordinates": [ [ [ [ 126.92883, 35.148145 ], [ 126.928672, 35.148123 ], [ 126.928825, 35.148372 ], [ 126.928874, 35.148369 ], [ 126.92883, 35.148145 ] ] ] ] } },
{ "type": "Feature", "properties": { "BUL_MAN_NO": 13829, "BULD_NM": null, "flo": 1.0, "h": 3.3 }, "geometry": { "type": "MultiPolygon", "coordinates": [ [ [ [ 126.928411, 35.148522 ], [ 126.92834, 35.148422 ], [ 126.92828, 35.148435 ], [ 126.928325, 35.148547 ], [ 126.928411, 35.148522 ] ] ] ] } },
{ "type": "Feature", "properties": { "BUL_MAN_NO": 13839, "BULD_NM": null, "flo": 1.0, "h": 3.3 }, "geometry": { "type": "MultiPolygon", "coordinates": [ [ [ [ 126.928825, 35.148065 ], [ 126.928727, 35.148037 ], [ 126.928702, 35.148091 ], [ 126.928799, 35.14812 ], [ 126.928825, 35.148065 ] ] ] ] } },
{ "type": "Feature", "properties": { "BUL_MAN_NO": 13838, "BULD_NM": null, "flo": 1.0, "h": 3.3 }, "geometry": { "type": "MultiPolygon", "coordinates": [ [ [ [ 126.928711, 35.148068 ], [ 126.92873, 35.148031 ], [ 126.928778, 35.148045 ], [ 126.928784, 35.148031 ], [ 126.928715, 35.148003 ], [ 126.928688, 35.14806 ], [ 126.928711, 35.148068 ] ] ] ] } },
{ "type": "Feature", "properties": { "BUL_MAN_NO": 13827, "BULD_NM": null, "flo": 1.0, "h": 3.3 }, "geometry": { "type": "MultiPolygon", "coordinates": [ [ [ [ 126.928319, 35.148389 ], [ 126.928269, 35.148308 ], [ 126.928233, 35.148321 ], [ 126.928249, 35.148348 ], [ 126.928273, 35.148417 ], [ 126.928321, 35.148408 ], [ 126.928319, 35.148389 ] ] ] ] } },
{ "type": "Feature", "properties": { "BUL_MAN_NO": 13826, "BULD_NM": null, "flo": 6.0, "h": 19.8 }, "geometry": { "type": "MultiPolygon", "coordinates": [ [ [ [ 126.928683, 35.147995 ], [ 126.92874, 35.147869 ], [ 126.928697, 35.14786 ], [ 126.928694, 35.147871 ], [ 126.928617, 35.147859 ], [ 126.928592, 35.147861 ], [ 126.928579, 35.147958 ], [ 126.92854, 35.147964 ], [ 126.928601, 35.148053 ], [ 126.92867, 35.148057 ], [ 126.9287, 35.147999 ], [ 126.928683, 35.147995 ] ] ] ] } },
{ "type": "Feature", "properties": { "BUL_MAN_NO": 13828, "BULD_NM": null, "flo": 1.0, "h": 3.3 }, "geometry": { "type": "MultiPolygon", "coordinates": [ [ [ [ 126.928262, 35.148304 ], [ 126.928219, 35.148233 ], [ 126.928196, 35.148243 ], [ 126.928231, 35.148314 ], [ 126.928262, 35.148304 ] ] ] ] } },
{ "type": "Feature", "properties": { "BUL_MAN_NO": 36741, "BULD_NM": null, "flo": 1.0, "h": 3.3 }, "geometry": { "type": "MultiPolygon", "coordinates": [ [ [ [ 126.928574, 35.147932 ], [ 126.928563, 35.14793 ], [ 126.928568, 35.147913 ], [ 126.928579, 35.147915 ], [ 126.928574, 35.147932 ] ] ] ] } },
{ "type": "Feature", "properties": { "BUL_MAN_NO": 13853, "BULD_NM": null, "flo": 4.0, "h": 13.2 }, "geometry": { "type": "MultiPolygon", "coordinates": [ [ [ [ 126.928529, 35.147927 ], [ 126.92857, 35.147903 ], [ 126.928578, 35.147864 ], [ 126.928524, 35.147791 ], [ 126.928494, 35.147794 ], [ 126.928476, 35.147752 ], [ 126.928402, 35.147781 ], [ 126.928499, 35.147918 ], [ 126.92851, 35.147913 ], [ 126.92852, 35.147927 ], [ 126.928523, 35.147931 ], [ 126.928529, 35.147927 ] ] ] ] } },
{ "type": "Feature", "properties": { "BUL_MAN_NO": 13852, "BULD_NM": "동천빌딩", "flo": 6.0, "h": 19.8 }, "geometry": { "type": "MultiPolygon", "coordinates": [ [ [ [ 126.92839, 35.147514 ], [ 126.92827, 35.147511 ], [ 126.928245, 35.147522 ], [ 126.928366, 35.147712 ], [ 126.928429, 35.147686 ], [ 126.928442, 35.147666 ], [ 126.928424, 35.147566 ], [ 126.92839, 35.147514 ] ] ] ] } },
{ "type": "Feature", "properties": { "BUL_MAN_NO": 13848, "BULD_NM": null, "flo": 4.0, "h": 13.2 }, "geometry": { "type": "MultiPolygon", "coordinates": [ [ [ [ 126.92822, 35.147394 ], [ 126.928222, 35.147357 ], [ 126.928127, 35.147368 ], [ 126.928209, 35.147494 ], [ 126.928284, 35.147495 ], [ 126.928284, 35.147486 ], [ 126.928293, 35.147485 ], [ 126.928293, 35.147421 ], [ 126.928224, 35.147419 ], [ 126.928211, 35.147398 ], [ 126.92822, 35.147394 ] ] ] ] } },
{ "type": "Feature", "properties": { "BUL_MAN_NO": 13849, "BULD_NM": null, "flo": 4.0, "h": 13.2 }, "geometry": { "type": "MultiPolygon", "coordinates": [ [ [ [ 126.928223, 35.147344 ], [ 126.928225, 35.147321 ], [ 126.92823, 35.147321 ], [ 126.92823, 35.147316 ], [ 126.928226, 35.147315 ], [ 126.928233, 35.14723 ], [ 126.928236, 35.14723 ], [ 126.928237, 35.147221 ], [ 126.928058, 35.147213 ], [ 126.928054, 35.147213 ], [ 126.928052, 35.147213 ], [ 126.928049, 35.147214 ], [ 126.928048, 35.147215 ], [ 126.928046, 35.147217 ], [ 126.928045, 35.147218 ], [ 126.928045, 35.147221 ], [ 126.928045, 35.147224 ], [ 126.928131, 35.147359 ], [ 126.928143, 35.147358 ], [ 126.928143, 35.147354 ], [ 126.928223, 35.147344 ] ] ] ] } },
{ "type": "Feature", "properties": { "BUL_MAN_NO": 13850, "BULD_NM": null, "flo": 3.0, "h": 9.9 }, "geometry": { "type": "MultiPolygon", "coordinates": [ [ [ [ 126.928251, 35.147185 ], [ 126.928272, 35.147116 ], [ 126.928132, 35.147084 ], [ 126.928114, 35.147158 ], [ 126.928112, 35.147169 ], [ 126.928108, 35.147167 ], [ 126.928097, 35.1472 ], [ 126.928243, 35.14721 ], [ 126.928251, 35.147185 ] ] ] ] } },
{ "type": "Feature", "properties": { "BUL_MAN_NO": 13851, "BULD_NM": null, "flo": 5.0, "h": 16.5 }, "geometry": { "type": "MultiPolygon", "coordinates": [ [ [ [ 126.928083, 35.146918 ], [ 126.927906, 35.146995 ], [ 126.927954, 35.147071 ], [ 126.928001, 35.147146 ], [ 126.928066, 35.147157 ], [ 126.928088, 35.14707 ], [ 126.928162, 35.147038 ], [ 126.928103, 35.14694 ], [ 126.928099, 35.146941 ], [ 126.928083, 35.146918 ] ] ] ] } },
{ "type": "Feature", "properties": { "BUL_MAN_NO": 13845, "BULD_NM": null, "flo": 5.0, "h": 16.5 }, "geometry": { "type": "MultiPolygon", "coordinates": [ [ [ [ 126.927773, 35.146663 ], [ 126.927752, 35.14663 ], [ 126.927791, 35.146614 ], [ 126.927739, 35.146539 ], [ 126.927727, 35.146543 ], [ 126.927713, 35.146523 ], [ 126.927724, 35.146518 ], [ 126.927713, 35.146497 ], [ 126.927602, 35.146542 ], [ 126.927724, 35.146743 ], [ 126.927788, 35.146712 ], [ 126.927767, 35.146666 ], [ 126.927773, 35.146663 ] ] ] ] } },
{ "type": "Feature", "properties": { "BUL_MAN_NO": 36738, "BULD_NM": null, "flo": 1.0, "h": 3.3 }, "geometry": { "type": "MultiPolygon", "coordinates": [ [ [ [ 126.927604, 35.146539 ], [ 126.927597, 35.146526 ], [ 126.927639, 35.146508 ], [ 126.927644, 35.146521 ], [ 126.927604, 35.146539 ] ] ] ] } },
{ "type": "Feature", "properties": { "BUL_MAN_NO": 13847, "BULD_NM": null, "flo": 3.0, "h": 9.9 }, "geometry": { "type": "MultiPolygon", "coordinates": [ [ [ [ 126.927623, 35.146496 ], [ 126.927548, 35.146376 ], [ 126.927514, 35.146389 ], [ 126.927505, 35.146402 ], [ 126.927576, 35.146517 ], [ 126.927623, 35.146496 ] ] ] ] } },
{ "type": "Feature", "properties": { "BUL_MAN_NO": 13846, "BULD_NM": null, "flo": 5.0, "h": 16.5 }, "geometry": { "type": "MultiPolygon", "coordinates": [ [ [ [ 126.927478, 35.146041 ], [ 126.927447, 35.146009 ], [ 126.92742, 35.146015 ], [ 126.927324, 35.146116 ], [ 126.927434, 35.146288 ], [ 126.927519, 35.14625 ], [ 126.927478, 35.146193 ], [ 126.92756, 35.146155 ], [ 126.927542, 35.14612 ], [ 126.927526, 35.146096 ], [ 126.927478, 35.146041 ] ] ] ] } },
{ "type": "Feature", "properties": { "BUL_MAN_NO": 14017, "BULD_NM": null, "flo": 1.0, "h": 3.3 }, "geometry": { "type": "MultiPolygon", "coordinates": [ [ [ [ 126.93047, 35.15029 ], [ 126.930466, 35.150253 ], [ 126.930417, 35.150258 ], [ 126.930423, 35.150294 ], [ 126.93047, 35.15029 ] ] ] ] } },
{ "type": "Feature", "properties": { "BUL_MAN_NO": 14016, "BULD_NM": null, "flo": 1.0, "h": 3.3 }, "geometry": { "type": "MultiPolygon", "coordinates": [ [ [ [ 126.9307, 35.15046 ], [ 126.930693, 35.150392 ], [ 126.930626, 35.150395 ], [ 126.930615, 35.150317 ], [ 126.930602, 35.150316 ], [ 126.930593, 35.150235 ], [ 126.930569, 35.150236 ], [ 126.930468, 35.150243 ], [ 126.93049, 35.150475 ], [ 126.930569, 35.150469 ], [ 126.9307, 35.15046 ] ] ] ] } },
{ "type": "Feature", "properties": { "BUL_MAN_NO": 14048, "BULD_NM": null, "flo": 2.0, "h": 6.6 }, "geometry": { "type": "MultiPolygon", "coordinates": [ [ [ [ 126.927309, 35.146001 ], [ 126.927293, 35.145967 ], [ 126.927241, 35.145993 ], [ 126.927298, 35.146076 ], [ 126.92731, 35.146069 ], [ 126.927295, 35.146042 ], [ 126.927292, 35.146023 ], [ 126.927309, 35.146001 ] ] ] ] } },
{ "type": "Feature", "properties": { "BUL_MAN_NO": 14050, "BULD_NM": null, "flo": 2.0, "h": 6.6 }, "geometry": { "type": "MultiPolygon", "coordinates": [ [ [ [ 126.927253, 35.145927 ], [ 126.927198, 35.145893 ], [ 126.92718, 35.145901 ], [ 126.927238, 35.145989 ], [ 126.92729, 35.145965 ], [ 126.927253, 35.145927 ] ] ] ] } },
{ "type": "Feature", "properties": { "BUL_MAN_NO": 14049, "BULD_NM": null, "flo": 1.0, "h": 3.3 }, "geometry": { "type": "MultiPolygon", "coordinates": [ [ [ [ 126.927197, 35.145826 ], [ 126.927143, 35.145787 ], [ 126.927129, 35.145793 ], [ 126.927114, 35.145777 ], [ 126.927106, 35.145783 ], [ 126.927146, 35.145847 ], [ 126.927168, 35.145836 ], [ 126.927197, 35.145826 ] ] ] ] } },
{ "type": "Feature", "properties": { "BUL_MAN_NO": 15470, "BULD_NM": null, "flo": 2.0, "h": 6.6 }, "geometry": { "type": "MultiPolygon", "coordinates": [ [ [ [ 126.920199, 35.15445 ], [ 126.920176, 35.154437 ], [ 126.920113, 35.154501 ], [ 126.920159, 35.154526 ], [ 126.920219, 35.154461 ], [ 126.920199, 35.15445 ] ] ] ] } },
{ "type": "Feature", "properties": { "BUL_MAN_NO": 15471, "BULD_NM": null, "flo": 1.0, "h": 3.3 }, "geometry": { "type": "MultiPolygon", "coordinates": [ [ [ [ 126.920147, 35.154413 ], [ 126.920034, 35.15434 ], [ 126.919952, 35.154414 ], [ 126.920062, 35.154493 ], [ 126.920147, 35.154413 ] ] ] ] } },
{ "type": "Feature", "properties": { "BUL_MAN_NO": 16016, "BULD_NM": null, "flo": 1.0, "h": 3.3 }, "geometry": { "type": "MultiPolygon", "coordinates": [ [ [ [ 126.919725, 35.153954 ], [ 126.919678, 35.153916 ], [ 126.919636, 35.153993 ], [ 126.91968, 35.154006 ], [ 126.919714, 35.153967 ], [ 126.919725, 35.153954 ] ] ] ] } },
{ "type": "Feature", "properties": { "BUL_MAN_NO": 16020, "BULD_NM": null, "flo": 1.0, "h": 3.3 }, "geometry": { "type": "MultiPolygon", "coordinates": [ [ [ [ 126.919612, 35.153853 ], [ 126.919507, 35.153775 ], [ 126.919466, 35.153804 ], [ 126.919575, 35.153883 ], [ 126.919612, 35.153853 ] ] ] ] } },
{ "type": "Feature", "properties": { "BUL_MAN_NO": 36963, "BULD_NM": null, "flo": 1.0, "h": 3.3 }, "geometry": { "type": "MultiPolygon", "coordinates": [ [ [ [ 126.92731, 35.15163 ], [ 126.927311, 35.151622 ], [ 126.927318, 35.151622 ], [ 126.927317, 35.151631 ], [ 126.92731, 35.15163 ] ] ] ] } },
{ "type": "Feature", "properties": { "BUL_MAN_NO": 16593, "BULD_NM": null, "flo": 1.0, "h": 3.3 }, "geometry": { "type": "MultiPolygon", "coordinates": [ [ [ [ 126.927453, 35.151607 ], [ 126.927413, 35.151586 ], [ 126.927365, 35.151648 ], [ 126.927403, 35.151667 ], [ 126.927453, 35.151607 ] ] ] ] } },
{ "type": "Feature", "properties": { "BUL_MAN_NO": 36962, "BULD_NM": null, "flo": 1.0, "h": 3.3 }, "geometry": { "type": "MultiPolygon", "coordinates": [ [ [ [ 126.927311, 35.151617 ], [ 126.927324, 35.151572 ], [ 126.92736, 35.15158 ], [ 126.927347, 35.151625 ], [ 126.927311, 35.151617 ] ] ] ] } },
{ "type": "Feature", "properties": { "BUL_MAN_NO": 32240, "BULD_NM": null, "flo": 2.0, "h": 6.6 }, "geometry": { "type": "MultiPolygon", "coordinates": [ [ [ [ 126.925796, 35.153135 ], [ 126.926118, 35.152917 ], [ 126.925949, 35.152843 ], [ 126.925913, 35.152877 ], [ 126.925932, 35.152893 ], [ 126.925849, 35.152962 ], [ 126.925832, 35.152942 ], [ 126.92574, 35.152924 ], [ 126.925684, 35.152994 ], [ 126.925796, 35.153135 ] ] ] ] } },
{ "type": "Feature", "properties": { "BUL_MAN_NO": 33547, "BULD_NM": null, "flo": 1.0, "h": 3.3 }, "geometry": { "type": "MultiPolygon", "coordinates": [ [ [ [ 126.925086, 35.153491 ], [ 126.925274, 35.153404 ], [ 126.925213, 35.153313 ], [ 126.925077, 35.153376 ], [ 126.925068, 35.153362 ], [ 126.925052, 35.153358 ], [ 126.925029, 35.153369 ], [ 126.925019, 35.153355 ], [ 126.924979, 35.153374 ], [ 126.925004, 35.15341 ], [ 126.925024, 35.153401 ], [ 126.925086, 35.153491 ] ] ] ] } },
{ "type": "Feature", "properties": { "BUL_MAN_NO": 34888, "BULD_NM": null, "flo": 1.0, "h": 3.3 }, "geometry": { "type": "MultiPolygon", "coordinates": [ [ [ [ 126.927595, 35.151462 ], [ 126.927693, 35.151345 ], [ 126.927696, 35.15134 ], [ 126.927696, 35.151331 ], [ 126.927672, 35.151277 ], [ 126.927664, 35.15127 ], [ 126.927654, 35.151265 ], [ 126.927644, 35.151265 ], [ 126.927586, 35.151272 ], [ 126.927587, 35.151278 ], [ 126.927575, 35.151279 ], [ 126.927574, 35.151272 ], [ 126.927523, 35.151278 ], [ 126.92753, 35.15131 ], [ 126.927515, 35.151327 ], [ 126.927517, 35.151339 ], [ 126.927527, 35.151344 ], [ 126.92752, 35.151352 ], [ 126.927522, 35.15142 ], [ 126.927595, 35.151462 ] ] ] ] } },
{ "type": "Feature", "properties": { "BUL_MAN_NO": 16634, "BULD_NM": null, "flo": 1.0, "h": 3.3 }, "geometry": { "type": "MultiPolygon", "coordinates": [ [ [ [ 126.927742, 35.15158 ], [ 126.927718, 35.151569 ], [ 126.927685, 35.151609 ], [ 126.927716, 35.151623 ], [ 126.927742, 35.15158 ] ] ] ] } },
{ "type": "Feature", "properties": { "BUL_MAN_NO": 16631, "BULD_NM": null, "flo": 1.0, "h": 3.3 }, "geometry": { "type": "MultiPolygon", "coordinates": [ [ [ [ 126.927674, 35.151758 ], [ 126.927679, 35.151735 ], [ 126.927579, 35.151721 ], [ 126.927569, 35.151743 ], [ 126.927674, 35.151758 ] ] ] ] } },
{ "type": "Feature", "properties": { "BUL_MAN_NO": 16633, "BULD_NM": null, "flo": 1.0, "h": 3.3 }, "geometry": { "type": "MultiPolygon", "coordinates": [ [ [ [ 126.927577, 35.151744 ], [ 126.92757, 35.151744 ], [ 126.927562, 35.151755 ], [ 126.927578, 35.151756 ], [ 126.927581, 35.151745 ], [ 126.927577, 35.151744 ] ] ] ] } },
{ "type": "Feature", "properties": { "BUL_MAN_NO": 16635, "BULD_NM": null, "flo": 1.0, "h": 3.3 }, "geometry": { "type": "MultiPolygon", "coordinates": [ [ [ [ 126.927678, 35.151698 ], [ 126.927699, 35.151648 ], [ 126.927668, 35.151642 ], [ 126.92765, 35.151694 ], [ 126.927678, 35.151698 ] ] ] ] } },
{ "type": "Feature", "properties": { "BUL_MAN_NO": 16632, "BULD_NM": null, "flo": 1.0, "h": 3.3 }, "geometry": { "type": "MultiPolygon", "coordinates": [ [ [ [ 126.927654, 35.1517 ], [ 126.927596, 35.151691 ], [ 126.927585, 35.151716 ], [ 126.927646, 35.151725 ], [ 126.927654, 35.1517 ] ] ] ] } },
{ "type": "Feature", "properties": { "BUL_MAN_NO": 16650, "BULD_NM": null, "flo": 1.0, "h": 3.3 }, "geometry": { "type": "MultiPolygon", "coordinates": [ [ [ [ 126.927563, 35.151816 ], [ 126.927572, 35.151796 ], [ 126.927539, 35.151786 ], [ 126.927526, 35.151806 ], [ 126.927563, 35.151816 ] ] ] ] } },
{ "type": "Feature", "properties": { "BUL_MAN_NO": 16654, "BULD_NM": null, "flo": 1.0, "h": 3.3 }, "geometry": { "type": "MultiPolygon", "coordinates": [ [ [ [ 126.927613, 35.151882 ], [ 126.927631, 35.151856 ], [ 126.927596, 35.151858 ], [ 126.927595, 35.151882 ], [ 126.927613, 35.151882 ] ] ] ] } },
{ "type": "Feature", "properties": { "BUL_MAN_NO": 16653, "BULD_NM": null, "flo": 1.0, "h": 3.3 }, "geometry": { "type": "MultiPolygon", "coordinates": [ [ [ [ 126.927628, 35.151853 ], [ 126.927626, 35.151806 ], [ 126.927641, 35.151808 ], [ 126.927641, 35.151777 ], [ 126.927597, 35.151774 ], [ 126.927597, 35.151855 ], [ 126.927628, 35.151853 ] ] ] ] } },
{ "type": "Feature", "properties": { "BUL_MAN_NO": 16675, "BULD_NM": null, "flo": 1.0, "h": 3.3 }, "geometry": { "type": "MultiPolygon", "coordinates": [ [ [ [ 126.927315, 35.151803 ], [ 126.927278, 35.151791 ], [ 126.927272, 35.151863 ], [ 126.927315, 35.151803 ] ] ] ] } },
{ "type": "Feature", "properties": { "BUL_MAN_NO": 16674, "BULD_NM": null, "flo": 1.0, "h": 3.3 }, "geometry": { "type": "MultiPolygon", "coordinates": [ [ [ [ 126.927274, 35.151789 ], [ 126.927247, 35.151779 ], [ 126.927236, 35.151858 ], [ 126.927268, 35.151863 ], [ 126.927274, 35.151789 ] ] ] ] } },
{ "type": "Feature", "properties": { "BUL_MAN_NO": 16652, "BULD_NM": null, "flo": 1.0, "h": 3.3 }, "geometry": { "type": "MultiPolygon", "coordinates": [ [ [ [ 126.927529, 35.151821 ], [ 126.927515, 35.151811 ], [ 126.927485, 35.151845 ], [ 126.927499, 35.151855 ], [ 126.927529, 35.151821 ] ] ] ] } },
{ "type": "Feature", "properties": { "BUL_MAN_NO": 16651, "BULD_NM": null, "flo": 1.0, "h": 3.3 }, "geometry": { "type": "MultiPolygon", "coordinates": [ [ [ [ 126.927577, 35.151931 ], [ 126.927582, 35.151866 ], [ 126.927479, 35.151857 ], [ 126.927444, 35.151911 ], [ 126.927455, 35.15192 ], [ 126.927577, 35.151931 ] ] ] ] } },
{ "type": "Feature", "properties": { "BUL_MAN_NO": 16655, "BULD_NM": null, "flo": 1.0, "h": 3.3 }, "geometry": { "type": "MultiPolygon", "coordinates": [ [ [ [ 126.927525, 35.151943 ], [ 126.92747, 35.151942 ], [ 126.927466, 35.151967 ], [ 126.927476, 35.151969 ], [ 126.927474, 35.151984 ], [ 126.927463, 35.151985 ], [ 126.927462, 35.152016 ], [ 126.927522, 35.152018 ], [ 126.927525, 35.151943 ] ] ] ] } },
{ "type": "Feature", "properties": { "BUL_MAN_NO": 16673, "BULD_NM": null, "flo": 1.0, "h": 3.3 }, "geometry": { "type": "MultiPolygon", "coordinates": [ [ [ [ 126.927225, 35.151878 ], [ 126.927186, 35.151853 ], [ 126.92712, 35.151931 ], [ 126.927181, 35.15196 ], [ 126.927206, 35.151928 ], [ 126.927194, 35.151921 ], [ 126.927225, 35.151878 ] ] ] ] } },
{ "type": "Feature", "properties": { "BUL_MAN_NO": 16672, "BULD_NM": "B동", "flo": 2.0, "h": 6.6 }, "geometry": { "type": "MultiPolygon", "coordinates": [ [ [ [ 126.927156, 35.151983 ], [ 126.927102, 35.151957 ], [ 126.927095, 35.151968 ], [ 126.927056, 35.151951 ], [ 126.927021, 35.151999 ], [ 126.927106, 35.15204 ], [ 126.927156, 35.151983 ] ] ] ] } },
{ "type": "Feature", "properties": { "BUL_MAN_NO": 16661, "BULD_NM": null, "flo": 1.0, "h": 3.3 }, "geometry": { "type": "MultiPolygon", "coordinates": [ [ [ [ 126.927456, 35.151938 ], [ 126.927419, 35.15192 ], [ 126.927368, 35.151984 ], [ 126.927445, 35.152016 ], [ 126.927456, 35.151938 ] ] ] ] } },
{ "type": "Feature", "properties": { "BUL_MAN_NO": 36785, "BULD_NM": null, "flo": 4.0, "h": 13.2 }, "geometry": { "type": "MultiPolygon", "coordinates": [ [ [ [ 126.927018, 35.152151 ], [ 126.927083, 35.152072 ], [ 126.927075, 35.152068 ], [ 126.927093, 35.152046 ], [ 126.927034, 35.152014 ], [ 126.927031, 35.152018 ], [ 126.927013, 35.152008 ], [ 126.926998, 35.152026 ], [ 126.926986, 35.152019 ], [ 126.926981, 35.152025 ], [ 126.926918, 35.15199 ], [ 126.926876, 35.152042 ], [ 126.92689, 35.152049 ], [ 126.926871, 35.152072 ], [ 126.927018, 35.152151 ] ] ] ] } },
{ "type": "Feature", "properties": { "BUL_MAN_NO": 16666, "BULD_NM": null, "flo": 1.0, "h": 3.3 }, "geometry": { "type": "MultiPolygon", "coordinates": [ [ [ [ 126.926816, 35.152195 ], [ 126.926776, 35.152171 ], [ 126.926767, 35.152199 ], [ 126.926818, 35.152229 ], [ 126.926847, 35.15224 ], [ 126.926863, 35.152219 ], [ 126.926816, 35.152195 ] ] ] ] } },
{ "type": "Feature", "properties": { "BUL_MAN_NO": 16667, "BULD_NM": null, "flo": 1.0, "h": 3.3 }, "geometry": { "type": "MultiPolygon", "coordinates": [ [ [ [ 126.926919, 35.152149 ], [ 126.926862, 35.152118 ], [ 126.926807, 35.152187 ], [ 126.926864, 35.152217 ], [ 126.926919, 35.152149 ] ] ] ] } },
{ "type": "Feature", "properties": { "BUL_MAN_NO": 16668, "BULD_NM": null, "flo": 3.0, "h": 9.9 }, "geometry": { "type": "MultiPolygon", "coordinates": [ [ [ [ 126.926977, 35.152196 ], [ 126.926921, 35.152163 ], [ 126.926869, 35.152227 ], [ 126.926922, 35.152259 ], [ 126.926977, 35.152196 ] ] ] ] } },
{ "type": "Feature", "properties": { "BUL_MAN_NO": 16665, "BULD_NM": null, "flo": 2.0, "h": 6.6 }, "geometry": { "type": "MultiPolygon", "coordinates": [ [ [ [ 126.926907, 35.152293 ], [ 126.926826, 35.152245 ], [ 126.92682, 35.152251 ], [ 126.926805, 35.152242 ], [ 126.92681, 35.152235 ], [ 126.926789, 35.152225 ], [ 126.926759, 35.152257 ], [ 126.926763, 35.152271 ], [ 126.926774, 35.152279 ], [ 126.926781, 35.152273 ], [ 126.92686, 35.152329 ], [ 126.926907, 35.152293 ] ] ] ] } },
{ "type": "Feature", "properties": { "BUL_MAN_NO": 16640, "BULD_NM": null, "flo": 2.0, "h": 6.6 }, "geometry": { "type": "MultiPolygon", "coordinates": [ [ [ [ 126.926796, 35.152401 ], [ 126.926722, 35.15235 ], [ 126.926701, 35.152365 ], [ 126.926779, 35.152415 ], [ 126.926796, 35.152401 ] ] ] ] } },
{ "type": "Feature", "properties": { "BUL_MAN_NO": 16639, "BULD_NM": null, "flo": 2.0, "h": 6.6 }, "geometry": { "type": "MultiPolygon", "coordinates": [ [ [ [ 126.926784, 35.15239 ], [ 126.926813, 35.152362 ], [ 126.926821, 35.152368 ], [ 126.926843, 35.15235 ], [ 126.926783, 35.152304 ], [ 126.926728, 35.152353 ], [ 126.926784, 35.15239 ] ] ] ] } },
{ "type": "Feature", "properties": { "BUL_MAN_NO": 16638, "BULD_NM": null, "flo": 2.0, "h": 6.6 }, "geometry": { "type": "MultiPolygon", "coordinates": [ [ [ [ 126.926602, 35.152351 ], [ 126.926543, 35.152334 ], [ 126.92651, 35.15241 ], [ 126.92665, 35.152455 ], [ 126.926679, 35.152393 ], [ 126.926609, 35.152375 ], [ 126.926613, 35.152361 ], [ 126.926599, 35.152357 ], [ 126.926602, 35.152351 ] ] ] ] } },
{ "type": "Feature", "properties": { "BUL_MAN_NO": 16637, "BULD_NM": null, "flo": 2.0, "h": 6.6 }, "geometry": { "type": "MultiPolygon", "coordinates": [ [ [ [ 126.926733, 35.152432 ], [ 126.92671, 35.15241 ], [ 126.926658, 35.152459 ], [ 126.926694, 35.152472 ], [ 126.926741, 35.152438 ], [ 126.926733, 35.152432 ] ] ] ] } },
{ "type": "Feature", "properties": { "BUL_MAN_NO": 16636, "BULD_NM": null, "flo": 3.0, "h": 9.9 }, "geometry": { "type": "MultiPolygon", "coordinates": [ [ [ [ 126.926631, 35.152467 ], [ 126.926497, 35.152426 ], [ 126.926457, 35.152497 ], [ 126.926583, 35.152541 ], [ 126.926631, 35.152467 ] ] ] ] } },
{ "type": "Feature", "properties": { "BUL_MAN_NO": 16646, "BULD_NM": null, "flo": 2.0, "h": 6.6 }, "geometry": { "type": "MultiPolygon", "coordinates": [ [ [ [ 126.926605, 35.152568 ], [ 126.926433, 35.152514 ], [ 126.926411, 35.152577 ], [ 126.926568, 35.152614 ], [ 126.926605, 35.152568 ] ] ] ] } },
{ "type": "Feature", "properties": { "BUL_MAN_NO": 16815, "BULD_NM": null, "flo": 2.0, "h": 6.6 }, "geometry": { "type": "MultiPolygon", "coordinates": [ [ [ [ 126.923164, 35.153874 ], [ 126.923083, 35.153876 ], [ 126.923096, 35.15393 ], [ 126.923161, 35.153916 ], [ 126.923171, 35.153905 ], [ 126.923164, 35.153874 ] ] ] ] } },
{ "type": "Feature", "properties": { "BUL_MAN_NO": 16822, "BULD_NM": null, "flo": 1.0, "h": 3.3 }, "geometry": { "type": "MultiPolygon", "coordinates": [ [ [ [ 126.923089, 35.153936 ], [ 126.923073, 35.153873 ], [ 126.922949, 35.153878 ], [ 126.922969, 35.153959 ], [ 126.923089, 35.153936 ] ] ] ] } },
{ "type": "Feature", "properties": { "BUL_MAN_NO": 16826, "BULD_NM": null, "flo": 1.0, "h": 3.3 }, "geometry": { "type": "MultiPolygon", "coordinates": [ [ [ [ 126.92295, 35.154058 ], [ 126.923017, 35.154028 ], [ 126.923003, 35.153997 ], [ 126.922914, 35.15402 ], [ 126.92295, 35.154058 ] ] ] ] } },
{ "type": "Feature", "properties": { "BUL_MAN_NO": 16816, "BULD_NM": null, "flo": 1.0, "h": 3.3 }, "geometry": { "type": "MultiPolygon", "coordinates": [ [ [ [ 126.92262, 35.154031 ], [ 126.92262, 35.153953 ], [ 126.922552, 35.153955 ], [ 126.922551, 35.154031 ], [ 126.92262, 35.154031 ] ] ] ] } },
{ "type": "Feature", "properties": { "BUL_MAN_NO": 16823, "BULD_NM": null, "flo": 2.0, "h": 6.6 }, "geometry": { "type": "MultiPolygon", "coordinates": [ [ [ [ 126.922532, 35.153959 ], [ 126.922497, 35.153958 ], [ 126.922494, 35.153979 ], [ 126.922441, 35.153981 ], [ 126.922442, 35.154032 ], [ 126.922542, 35.154031 ], [ 126.922532, 35.153959 ] ] ] ] } },
{ "type": "Feature", "properties": { "BUL_MAN_NO": 16821, "BULD_NM": null, "flo": 2.0, "h": 6.6 }, "geometry": { "type": "MultiPolygon", "coordinates": [ [ [ [ 126.922477, 35.154178 ], [ 126.922478, 35.154148 ], [ 126.922615, 35.154149 ], [ 126.922613, 35.154114 ], [ 126.922594, 35.154097 ], [ 126.922384, 35.154095 ], [ 126.922382, 35.154146 ], [ 126.922353, 35.154146 ], [ 126.922352, 35.154178 ], [ 126.922477, 35.154178 ] ] ] ] } },
{ "type": "Feature", "properties": { "BUL_MAN_NO": 16824, "BULD_NM": null, "flo": 1.0, "h": 3.3 }, "geometry": { "type": "MultiPolygon", "coordinates": [ [ [ [ 126.922432, 35.154032 ], [ 126.92243, 35.153981 ], [ 126.922348, 35.154007 ], [ 126.922352, 35.154031 ], [ 126.922432, 35.154032 ] ] ] ] } },
{ "type": "Feature", "properties": { "BUL_MAN_NO": 16808, "BULD_NM": null, "flo": 1.0, "h": 3.3 }, "geometry": { "type": "MultiPolygon", "coordinates": [ [ [ [ 126.922307, 35.153982 ], [ 126.922212, 35.153891 ], [ 126.922182, 35.153911 ], [ 126.922155, 35.153932 ], [ 126.922239, 35.154011 ], [ 126.922273, 35.153998 ], [ 126.922297, 35.153989 ], [ 126.922307, 35.153982 ] ] ] ] } },
{ "type": "Feature", "properties": { "BUL_MAN_NO": 16817, "BULD_NM": null, "flo": 2.0, "h": 6.6 }, "geometry": { "type": "MultiPolygon", "coordinates": [ [ [ [ 126.922306, 35.154088 ], [ 126.922208, 35.154085 ], [ 126.922208, 35.154088 ], [ 126.92218, 35.154087 ], [ 126.922173, 35.154162 ], [ 126.922191, 35.154176 ], [ 126.922269, 35.154182 ], [ 126.922269, 35.154214 ], [ 126.922304, 35.154215 ], [ 126.922306, 35.154088 ] ] ] ] } },
{ "type": "Feature", "properties": { "BUL_MAN_NO": 16827, "BULD_NM": null, "flo": 1.0, "h": 3.3 }, "geometry": { "type": "MultiPolygon", "coordinates": [ [ [ [ 126.922308, 35.154243 ], [ 126.922223, 35.15424 ], [ 126.922222, 35.154285 ], [ 126.922318, 35.154287 ], [ 126.922319, 35.15425 ], [ 126.922307, 35.154249 ], [ 126.922308, 35.154243 ] ] ] ] } },
{ "type": "Feature", "properties": { "BUL_MAN_NO": 16828, "BULD_NM": null, "flo": 2.0, "h": 6.6 }, "geometry": { "type": "MultiPolygon", "coordinates": [ [ [ [ 126.922222, 35.154295 ], [ 126.922151, 35.154201 ], [ 126.9221, 35.154221 ], [ 126.922091, 35.154212 ], [ 126.922065, 35.15423 ], [ 126.922162, 35.154335 ], [ 126.922203, 35.154308 ], [ 126.922222, 35.154295 ] ] ] ] } },
{ "type": "Feature", "properties": { "BUL_MAN_NO": 16807, "BULD_NM": null, "flo": 1.0, "h": 3.3 }, "geometry": { "type": "MultiPolygon", "coordinates": [ [ [ [ 126.922215, 35.154033 ], [ 126.922208, 35.154006 ], [ 126.922145, 35.154014 ], [ 126.922105, 35.154038 ], [ 126.922112, 35.154052 ], [ 126.922215, 35.154033 ] ] ] ] } },
{ "type": "Feature", "properties": { "BUL_MAN_NO": 16806, "BULD_NM": null, "flo": 1.0, "h": 3.3 }, "geometry": { "type": "MultiPolygon", "coordinates": [ [ [ [ 126.922103, 35.153945 ], [ 126.922114, 35.153937 ], [ 126.922126, 35.153948 ], [ 126.922135, 35.153941 ], [ 126.9221, 35.153912 ], [ 126.922094, 35.153918 ], [ 126.922086, 35.153911 ], [ 126.922022, 35.153962 ], [ 126.922095, 35.154039 ], [ 126.922151, 35.154001 ], [ 126.922103, 35.153945 ] ] ] ] } },
{ "type": "Feature", "properties": { "BUL_MAN_NO": 16820, "BULD_NM": null, "flo": 1.0, "h": 3.3 }, "geometry": { "type": "MultiPolygon", "coordinates": [ [ [ [ 126.922141, 35.154121 ], [ 126.922142, 35.154088 ], [ 126.922083, 35.154087 ], [ 126.922083, 35.154096 ], [ 126.922037, 35.154096 ], [ 126.922038, 35.154108 ], [ 126.922014, 35.154108 ], [ 126.922011, 35.154141 ], [ 126.922036, 35.154141 ], [ 126.922036, 35.154175 ], [ 126.922126, 35.154176 ], [ 126.922127, 35.154121 ], [ 126.922141, 35.154121 ] ] ] ] } },
{ "type": "Feature", "properties": { "BUL_MAN_NO": 16812, "BULD_NM": null, "flo": 2.0, "h": 6.6 }, "geometry": { "type": "MultiPolygon", "coordinates": [ [ [ [ 126.921864, 35.153898 ], [ 126.921831, 35.153897 ], [ 126.921806, 35.154012 ], [ 126.92188, 35.154022 ], [ 126.921898, 35.153914 ], [ 126.921864, 35.153898 ] ] ] ] } },
{ "type": "Feature", "properties": { "BUL_MAN_NO": 37438, "BULD_NM": null, "flo": 1.0, "h": 3.3 }, "geometry": { "type": "MultiPolygon", "coordinates": [ [ [ [ 126.921813, 35.153956 ], [ 126.921807, 35.153954 ], [ 126.921811, 35.153942 ], [ 126.921818, 35.153943 ], [ 126.921813, 35.153956 ] ] ] ] } },
{ "type": "Feature", "properties": { "BUL_MAN_NO": 35648, "BULD_NM": null, "flo": 2.0, "h": 6.6 }, "geometry": { "type": "MultiPolygon", "coordinates": [ [ [ [ 126.921903, 35.154025 ], [ 126.921927, 35.154028 ], [ 126.921929, 35.154014 ], [ 126.922028, 35.154026 ], [ 126.922034, 35.153997 ], [ 126.922013, 35.153994 ], [ 126.922016, 35.153981 ], [ 126.921998, 35.153979 ], [ 126.922001, 35.153966 ], [ 126.921982, 35.153963 ], [ 126.921984, 35.153955 ], [ 126.921956, 35.153951 ], [ 126.921957, 35.153942 ], [ 126.921921, 35.153937 ], [ 126.921903, 35.154025 ] ] ] ] } },
{ "type": "Feature", "properties": { "BUL_MAN_NO": 16809, "BULD_NM": null, "flo": 2.0, "h": 6.6 }, "geometry": { "type": "MultiPolygon", "coordinates": [ [ [ [ 126.921849, 35.154094 ], [ 126.921849, 35.154083 ], [ 126.921812, 35.154081 ], [ 126.921812, 35.154084 ], [ 126.921795, 35.154084 ], [ 126.921795, 35.15408 ], [ 126.921742, 35.154078 ], [ 126.921741, 35.154092 ], [ 126.921743, 35.154092 ], [ 126.921741, 35.154143 ], [ 126.921813, 35.154145 ], [ 126.921878, 35.154134 ], [ 126.921881, 35.154095 ], [ 126.921849, 35.154094 ] ] ] ] } },
{ "type": "Feature", "properties": { "BUL_MAN_NO": 37437, "BULD_NM": null, "flo": 1.0, "h": 3.3 }, "geometry": { "type": "MultiPolygon", "coordinates": [ [ [ [ 126.921899, 35.154119 ], [ 126.921886, 35.154119 ], [ 126.921888, 35.154093 ], [ 126.921901, 35.154094 ], [ 126.921899, 35.154119 ] ] ] ] } },
{ "type": "Feature", "properties": { "BUL_MAN_NO": 37439, "BULD_NM": null, "flo": 1.0, "h": 3.3 }, "geometry": { "type": "MultiPolygon", "coordinates": [ [ [ [ 126.921798, 35.153929 ], [ 126.921802, 35.153916 ], [ 126.921812, 35.153918 ], [ 126.921808, 35.15393 ], [ 126.921798, 35.153929 ] ] ] ] } },
{ "type": "Feature", "properties": { "BUL_MAN_NO": 16813, "BULD_NM": null, "flo": 3.0, "h": 9.9 }, "geometry": { "type": "MultiPolygon", "coordinates": [ [ [ [ 126.921768, 35.154018 ], [ 126.921806, 35.153886 ], [ 126.92172, 35.153869 ], [ 126.92169, 35.153988 ], [ 126.921706, 35.154011 ], [ 126.921768, 35.154018 ] ] ] ] } },
{ "type": "Feature", "properties": { "BUL_MAN_NO": 16834, "BULD_NM": null, "flo": 2.0, "h": 6.6 }, "geometry": { "type": "MultiPolygon", "coordinates": [ [ [ [ 126.9243, 35.153278 ], [ 126.924285, 35.15327 ], [ 126.924246, 35.153285 ], [ 126.924179, 35.153326 ], [ 126.924189, 35.153344 ], [ 126.924232, 35.15337 ], [ 126.924253, 35.153369 ], [ 126.924284, 35.153308 ], [ 126.9243, 35.153278 ] ] ] ] } },
{ "type": "Feature", "properties": { "BUL_MAN_NO": 16832, "BULD_NM": null, "flo": 1.0, "h": 3.3 }, "geometry": { "type": "MultiPolygon", "coordinates": [ [ [ [ 126.924129, 35.153502 ], [ 126.924041, 35.153417 ], [ 126.923991, 35.153453 ], [ 126.924079, 35.153538 ], [ 126.924129, 35.153502 ] ] ] ] } },
{ "type": "Feature", "properties": { "BUL_MAN_NO": 16831, "BULD_NM": null, "flo": 1.0, "h": 3.3 }, "geometry": { "type": "MultiPolygon", "coordinates": [ [ [ [ 126.924147, 35.153565 ], [ 126.924164, 35.153513 ], [ 126.924145, 35.153497 ], [ 126.924135, 35.153514 ], [ 126.924128, 35.153508 ], [ 126.924082, 35.153539 ], [ 126.924124, 35.153578 ], [ 126.924147, 35.153565 ] ] ] ] } },
{ "type": "Feature", "properties": { "BUL_MAN_NO": 16829, "BULD_NM": null, "flo": 2.0, "h": 6.6 }, "geometry": { "type": "MultiPolygon", "coordinates": [ [ [ [ 126.924367, 35.153554 ], [ 126.92427, 35.153527 ], [ 126.924226, 35.15363 ], [ 126.924227, 35.153657 ], [ 126.924318, 35.153686 ], [ 126.924367, 35.153554 ] ] ] ] } },
{ "type": "Feature", "properties": { "BUL_MAN_NO": 16830, "BULD_NM": null, "flo": 1.0, "h": 3.3 }, "geometry": { "type": "MultiPolygon", "coordinates": [ [ [ [ 126.924052, 35.15356 ], [ 126.924022, 35.153523 ], [ 126.923947, 35.15357 ], [ 126.924022, 35.153648 ], [ 126.924084, 35.153616 ], [ 126.924038, 35.153567 ], [ 126.924052, 35.15356 ] ] ] ] } },
{ "type": "Feature", "properties": { "BUL_MAN_NO": 16837, "BULD_NM": null, "flo": 2.0, "h": 6.6 }, "geometry": { "type": "MultiPolygon", "coordinates": [ [ [ [ 126.923917, 35.153686 ], [ 126.923847, 35.153608 ], [ 126.923839, 35.153615 ], [ 126.923827, 35.1536 ], [ 126.923782, 35.153638 ], [ 126.923844, 35.153714 ], [ 126.923917, 35.153686 ] ] ] ] } },
{ "type": "Feature", "properties": { "BUL_MAN_NO": 16835, "BULD_NM": null, "flo": 2.0, "h": 6.6 }, "geometry": { "type": "MultiPolygon", "coordinates": [ [ [ [ 126.923856, 35.153614 ], [ 126.923883, 35.153599 ], [ 126.923895, 35.153611 ], [ 126.923927, 35.153597 ], [ 126.923898, 35.153567 ], [ 126.923846, 35.153604 ], [ 126.923856, 35.153614 ] ] ] ] } },
{ "type": "Feature", "properties": { "BUL_MAN_NO": 16838, "BULD_NM": null, "flo": 2.0, "h": 6.6 }, "geometry": { "type": "MultiPolygon", "coordinates": [ [ [ [ 126.923983, 35.153659 ], [ 126.923928, 35.153599 ], [ 126.923864, 35.153625 ], [ 126.923919, 35.153686 ], [ 126.923983, 35.153659 ] ] ] ] } },
{ "type": "Feature", "properties": { "BUL_MAN_NO": 16836, "BULD_NM": null, "flo": 2.0, "h": 6.6 }, "geometry": { "type": "MultiPolygon", "coordinates": [ [ [ [ 126.923897, 35.153565 ], [ 126.923881, 35.15355 ], [ 126.923834, 35.153591 ], [ 126.923844, 35.153602 ], [ 126.923897, 35.153565 ] ] ] ] } },
{ "type": "Feature", "properties": { "BUL_MAN_NO": 16846, "BULD_NM": null, "flo": 1.0, "h": 3.3 }, "geometry": { "type": "MultiPolygon", "coordinates": [ [ [ [ 126.924073, 35.153764 ], [ 126.924048, 35.153726 ], [ 126.923979, 35.153753 ], [ 126.923977, 35.153748 ], [ 126.92394, 35.153763 ], [ 126.923976, 35.15382 ], [ 126.924073, 35.153764 ] ] ] ] } },
{ "type": "Feature", "properties": { "BUL_MAN_NO": 16839, "BULD_NM": null, "flo": 2.0, "h": 6.6 }, "geometry": { "type": "MultiPolygon", "coordinates": [ [ [ [ 126.92383, 35.153717 ], [ 126.923763, 35.153633 ], [ 126.923709, 35.153666 ], [ 126.923748, 35.153721 ], [ 126.923754, 35.153717 ], [ 126.92377, 35.153736 ], [ 126.923766, 35.153738 ], [ 126.923769, 35.153742 ], [ 126.92383, 35.153717 ] ] ] ] } },
{ "type": "Feature", "properties": { "BUL_MAN_NO": 16847, "BULD_NM": null, "flo": 1.0, "h": 3.3 }, "geometry": { "type": "MultiPolygon", "coordinates": [ [ [ [ 126.923963, 35.153828 ], [ 126.923934, 35.153774 ], [ 126.923819, 35.153825 ], [ 126.923852, 35.153873 ], [ 126.923963, 35.153828 ] ] ] ] } },
{ "type": "Feature", "properties": { "BUL_MAN_NO": 16840, "BULD_NM": null, "flo": 1.0, "h": 3.3 }, "geometry": { "type": "MultiPolygon", "coordinates": [ [ [ [ 126.923773, 35.153937 ], [ 126.923732, 35.15389 ], [ 126.923617, 35.153966 ], [ 126.923672, 35.154005 ], [ 126.923773, 35.153937 ] ] ] ] } },
{ "type": "Feature", "properties": { "BUL_MAN_NO": 16842, "BULD_NM": null, "flo": 1.0, "h": 3.3 }, "geometry": { "type": "MultiPolygon", "coordinates": [ [ [ [ 126.923705, 35.153877 ], [ 126.923684, 35.153849 ], [ 126.923618, 35.153868 ], [ 126.923663, 35.153908 ], [ 126.923693, 35.153899 ], [ 126.923695, 35.153884 ], [ 126.923705, 35.153877 ] ] ] ] } },
{ "type": "Feature", "properties": { "BUL_MAN_NO": 16841, "BULD_NM": null, "flo": 1.0, "h": 3.3 }, "geometry": { "type": "MultiPolygon", "coordinates": [ [ [ [ 126.92383, 35.1539 ], [ 126.9238, 35.153848 ], [ 126.923736, 35.153879 ], [ 126.923777, 35.153933 ], [ 126.92383, 35.1539 ] ] ] ] } },
{ "type": "Feature", "properties": { "BUL_MAN_NO": 24904, "BULD_NM": null, "flo": 1.0, "h": 3.3 }, "geometry": { "type": "MultiPolygon", "coordinates": [ [ [ [ 126.923797, 35.153845 ], [ 126.923777, 35.153817 ], [ 126.923708, 35.153837 ], [ 126.923733, 35.153876 ], [ 126.923797, 35.153845 ] ] ] ] } },
{ "type": "Feature", "properties": { "BUL_MAN_NO": 16854, "BULD_NM": null, "flo": 1.0, "h": 3.3 }, "geometry": { "type": "MultiPolygon", "coordinates": [ [ [ [ 126.923623, 35.153913 ], [ 126.923584, 35.153881 ], [ 126.923519, 35.153927 ], [ 126.923561, 35.153966 ], [ 126.923623, 35.153913 ] ] ] ] } },
{ "type": "Feature", "properties": { "BUL_MAN_NO": 16851, "BULD_NM": null, "flo": 1.0, "h": 3.3 }, "geometry": { "type": "MultiPolygon", "coordinates": [ [ [ [ 126.923443, 35.153952 ], [ 126.923461, 35.153948 ], [ 126.923466, 35.153963 ], [ 126.923503, 35.153953 ], [ 126.923485, 35.153898 ], [ 126.92336, 35.153926 ], [ 126.923388, 35.153984 ], [ 126.923405, 35.153978 ], [ 126.923403, 35.153972 ], [ 126.923446, 35.153962 ], [ 126.923443, 35.153952 ] ] ] ] } },
{ "type": "Feature", "properties": { "BUL_MAN_NO": 16852, "BULD_NM": null, "flo": 1.0, "h": 3.3 }, "geometry": { "type": "MultiPolygon", "coordinates": [ [ [ [ 126.923518, 35.154007 ], [ 126.923505, 35.153957 ], [ 126.92339, 35.153988 ], [ 126.923407, 35.154036 ], [ 126.923518, 35.154007 ] ] ] ] } },
{ "type": "Feature", "properties": { "BUL_MAN_NO": 16848, "BULD_NM": null, "flo": 1.0, "h": 3.3 }, "geometry": { "type": "MultiPolygon", "coordinates": [ [ [ [ 126.923242, 35.154012 ], [ 126.923374, 35.153977 ], [ 126.923348, 35.153921 ], [ 126.923213, 35.153953 ], [ 126.92319, 35.15397 ], [ 126.923204, 35.153985 ], [ 126.923223, 35.153984 ], [ 126.923242, 35.154012 ] ] ] ] } },
{ "type": "Feature", "properties": { "BUL_MAN_NO": 16850, "BULD_NM": null, "flo": 1.0, "h": 3.3 }, "geometry": { "type": "MultiPolygon", "coordinates": [ [ [ [ 126.923295, 35.154098 ], [ 126.923255, 35.154042 ], [ 126.923236, 35.154051 ], [ 126.923275, 35.154106 ], [ 126.923295, 35.154098 ] ] ] ] } },
{ "type": "Feature", "properties": { "BUL_MAN_NO": 16849, "BULD_NM": null, "flo": 1.0, "h": 3.3 }, "geometry": { "type": "MultiPolygon", "coordinates": [ [ [ [ 126.923399, 35.15405 ], [ 126.923373, 35.154009 ], [ 126.923287, 35.154042 ], [ 126.923315, 35.154085 ], [ 126.923399, 35.15405 ] ] ] ] } },
{ "type": "Feature", "properties": { "BUL_MAN_NO": 16853, "BULD_NM": null, "flo": 2.0, "h": 6.6 }, "geometry": { "type": "MultiPolygon", "coordinates": [ [ [ [ 126.923253, 35.154107 ], [ 126.923223, 35.154069 ], [ 126.923186, 35.154084 ], [ 126.923172, 35.154066 ], [ 126.923133, 35.154082 ], [ 126.923121, 35.154064 ], [ 126.92308, 35.154081 ], [ 126.923131, 35.154159 ], [ 126.923253, 35.154107 ] ] ] ] } },
{ "type": "Feature", "properties": { "BUL_MAN_NO": 16888, "BULD_NM": null, "flo": 1.0, "h": 3.3 }, "geometry": { "type": "MultiPolygon", "coordinates": [ [ [ [ 126.921392, 35.151722 ], [ 126.921343, 35.151719 ], [ 126.921324, 35.151718 ], [ 126.921303, 35.151721 ], [ 126.921298, 35.15172 ], [ 126.921273, 35.151738 ], [ 126.921322, 35.151778 ], [ 126.921392, 35.151728 ], [ 126.921392, 35.151722 ] ] ] ] } },
{ "type": "Feature", "properties": { "BUL_MAN_NO": 16882, "BULD_NM": null, "flo": 2.0, "h": 6.6 }, "geometry": { "type": "MultiPolygon", "coordinates": [ [ [ [ 126.921476, 35.151885 ], [ 126.921554, 35.151818 ], [ 126.921487, 35.151759 ], [ 126.921432, 35.151802 ], [ 126.921399, 35.151772 ], [ 126.921364, 35.151799 ], [ 126.921428, 35.151851 ], [ 126.92144, 35.15184 ], [ 126.921451, 35.15185 ], [ 126.921441, 35.151857 ], [ 126.921476, 35.151885 ] ] ] ] } },
{ "type": "Feature", "properties": { "BUL_MAN_NO": 16887, "BULD_NM": null, "flo": 1.0, "h": 3.3 }, "geometry": { "type": "MultiPolygon", "coordinates": [ [ [ [ 126.921682, 35.151831 ], [ 126.92162, 35.151789 ], [ 126.921548, 35.151857 ], [ 126.921593, 35.151906 ], [ 126.921682, 35.151831 ] ] ] ] } },
{ "type": "Feature", "properties": { "BUL_MAN_NO": 37373, "BULD_NM": null, "flo": 1.0, "h": 3.3 }, "geometry": { "type": "MultiPolygon", "coordinates": [ [ [ [ 126.921617, 35.151788 ], [ 126.921612, 35.151784 ], [ 126.921591, 35.151801 ], [ 126.921597, 35.151805 ], [ 126.921617, 35.151788 ] ] ] ] } },
{ "type": "Feature", "properties": { "BUL_MAN_NO": 16857, "BULD_NM": null, "flo": 1.0, "h": 3.3 }, "geometry": { "type": "MultiPolygon", "coordinates": [ [ [ [ 126.922127, 35.151957 ], [ 126.922098, 35.151895 ], [ 126.922064, 35.151905 ], [ 126.922066, 35.151912 ], [ 126.921998, 35.151936 ], [ 126.922023, 35.151986 ], [ 126.922127, 35.151957 ] ] ] ] } },
{ "type": "Feature", "properties": { "BUL_MAN_NO": 37066, "BULD_NM": null, "flo": 1.0, "h": 3.3 }, "geometry": { "type": "MultiPolygon", "coordinates": [ [ [ [ 126.922022, 35.151985 ], [ 126.922021, 35.151986 ], [ 126.921979, 35.151942 ], [ 126.921997, 35.151936 ], [ 126.922022, 35.151985 ] ] ] ] } },
{ "type": "Feature", "properties": { "BUL_MAN_NO": 16856, "BULD_NM": null, "flo": 1.0, "h": 3.3 }, "geometry": { "type": "MultiPolygon", "coordinates": [ [ [ [ 126.9222, 35.152023 ], [ 126.922174, 35.151954 ], [ 126.922125, 35.151967 ], [ 126.922131, 35.151983 ], [ 126.922064, 35.152005 ], [ 126.922096, 35.152051 ], [ 126.9222, 35.152023 ] ] ] ] } },
{ "type": "Feature", "properties": { "BUL_MAN_NO": 37065, "BULD_NM": null, "flo": 1.0, "h": 3.3 }, "geometry": { "type": "MultiPolygon", "coordinates": [ [ [ [ 126.922095, 35.152051 ], [ 126.922091, 35.152053 ], [ 126.922048, 35.152011 ], [ 126.922064, 35.152006 ], [ 126.922095, 35.152051 ] ] ] ] } },
{ "type": "Feature", "properties": { "BUL_MAN_NO": 16886, "BULD_NM": null, "flo": 4.0, "h": 13.2 }, "geometry": { "type": "MultiPolygon", "coordinates": [ [ [ [ 126.922076, 35.152223 ], [ 126.922002, 35.152155 ], [ 126.921895, 35.152241 ], [ 126.922014, 35.152341 ], [ 126.92205, 35.152312 ], [ 126.922033, 35.152297 ], [ 126.922075, 35.152262 ], [ 126.92208, 35.152245 ], [ 126.922066, 35.152231 ], [ 126.922076, 35.152223 ] ] ] ] } },
{ "type": "Feature", "properties": { "BUL_MAN_NO": 16855, "BULD_NM": null, "flo": 1.0, "h": 3.3 }, "geometry": { "type": "MultiPolygon", "coordinates": [ [ [ [ 126.922325, 35.152089 ], [ 126.922292, 35.152014 ], [ 126.922254, 35.152024 ], [ 126.922261, 35.152039 ], [ 126.922158, 35.15207 ], [ 126.922186, 35.152126 ], [ 126.922325, 35.152089 ] ] ] ] } },
{ "type": "Feature", "properties": { "BUL_MAN_NO": 37056, "BULD_NM": null, "flo": 1.0, "h": 3.3 }, "geometry": { "type": "MultiPolygon", "coordinates": [ [ [ [ 126.922183, 35.152125 ], [ 126.922175, 35.152127 ], [ 126.922102, 35.152059 ], [ 126.922145, 35.152047 ], [ 126.922183, 35.152125 ] ] ] ] } },
{ "type": "Feature", "properties": { "BUL_MAN_NO": 16885, "BULD_NM": null, "flo": 1.0, "h": 3.3 }, "geometry": { "type": "MultiPolygon", "coordinates": [ [ [ [ 126.922221, 35.152348 ], [ 126.922179, 35.152306 ], [ 126.922126, 35.152448 ], [ 126.922186, 35.152386 ], [ 126.922221, 35.152348 ] ] ] ] } },
{ "type": "Feature", "properties": { "BUL_MAN_NO": 16884, "BULD_NM": null, "flo": 2.0, "h": 6.6 }, "geometry": { "type": "MultiPolygon", "coordinates": [ [ [ [ 126.922024, 35.152426 ], [ 126.921976, 35.152386 ], [ 126.921939, 35.152438 ], [ 126.922015, 35.152471 ], [ 126.922026, 35.152449 ], [ 126.922017, 35.152438 ], [ 126.922024, 35.152426 ] ] ] ] } },
{ "type": "Feature", "properties": { "BUL_MAN_NO": 16879, "BULD_NM": null, "flo": 1.0, "h": 3.3 }, "geometry": { "type": "MultiPolygon", "coordinates": [ [ [ [ 126.922158, 35.152551 ], [ 126.922105, 35.152539 ], [ 126.922094, 35.152584 ], [ 126.922163, 35.152606 ], [ 126.92216, 35.15261 ], [ 126.922209, 35.15263 ], [ 126.922215, 35.152622 ], [ 126.922181, 35.15258 ], [ 126.922159, 35.152574 ], [ 126.922158, 35.152551 ] ] ] ] } },
{ "type": "Feature", "properties": { "BUL_MAN_NO": 16878, "BULD_NM": null, "flo": 1.0, "h": 3.3 }, "geometry": { "type": "MultiPolygon", "coordinates": [ [ [ [ 126.922133, 35.152519 ], [ 126.922125, 35.152516 ], [ 126.922106, 35.152526 ], [ 126.922103, 35.152538 ], [ 126.922126, 35.152541 ], [ 126.922133, 35.152519 ] ] ] ] } },
{ "type": "Feature", "properties": { "BUL_MAN_NO": 16883, "BULD_NM": null, "flo": 2.0, "h": 6.6 }, "geometry": { "type": "MultiPolygon", "coordinates": [ [ [ [ 126.921987, 35.152502 ], [ 126.921991, 35.152487 ], [ 126.921952, 35.152479 ], [ 126.921958, 35.152459 ], [ 126.921932, 35.152451 ], [ 126.921913, 35.1525 ], [ 126.921903, 35.152497 ], [ 126.921892, 35.152529 ], [ 126.921932, 35.152536 ], [ 126.92193, 35.152543 ], [ 126.921999, 35.152555 ], [ 126.922013, 35.152507 ], [ 126.921987, 35.152502 ] ] ] ] } },
{ "type": "Feature", "properties": { "BUL_MAN_NO": 37351, "BULD_NM": null, "flo": 1.0, "h": 3.3 }, "geometry": { "type": "MultiPolygon", "coordinates": [ [ [ [ 126.921858, 35.152546 ], [ 126.92186, 35.15254 ], [ 126.921873, 35.152542 ], [ 126.921871, 35.152548 ], [ 126.921858, 35.152546 ] ] ] ] } },
{ "type": "Feature", "properties": { "BUL_MAN_NO": 16877, "BULD_NM": null, "flo": 2.0, "h": 6.6 }, "geometry": { "type": "MultiPolygon", "coordinates": [ [ [ [ 126.921904, 35.152555 ], [ 126.921858, 35.152547 ], [ 126.921841, 35.152601 ], [ 126.921976, 35.152624 ], [ 126.921989, 35.152582 ], [ 126.921956, 35.152576 ], [ 126.921958, 35.15257 ], [ 126.921902, 35.15256 ], [ 126.921904, 35.152555 ] ] ] ] } },
{ "type": "Feature", "properties": { "BUL_MAN_NO": 16874, "BULD_NM": null, "flo": 1.0, "h": 3.3 }, "geometry": { "type": "MultiPolygon", "coordinates": [ [ [ [ 126.922166, 35.152623 ], [ 126.92209, 35.152595 ], [ 126.922077, 35.152625 ], [ 126.922154, 35.152649 ], [ 126.922166, 35.152623 ] ] ] ] } },
{ "type": "Feature", "properties": { "BUL_MAN_NO": 16873, "BULD_NM": null, "flo": 1.0, "h": 3.3 }, "geometry": { "type": "MultiPolygon", "coordinates": [ [ [ [ 126.922177, 35.152741 ], [ 126.922207, 35.152664 ], [ 126.922161, 35.152654 ], [ 126.922155, 35.152668 ], [ 126.922084, 35.152647 ], [ 126.922059, 35.152709 ], [ 126.922177, 35.152741 ] ] ] ] } },
{ "type": "Feature", "properties": { "BUL_MAN_NO": 37349, "BULD_NM": null, "flo": 1.0, "h": 3.3 }, "geometry": { "type": "MultiPolygon", "coordinates": [ [ [ [ 126.921832, 35.152632 ], [ 126.921835, 35.152622 ], [ 126.921867, 35.152627 ], [ 126.921864, 35.152637 ], [ 126.921832, 35.152632 ] ] ] ] } },
{ "type": "Feature", "properties": { "BUL_MAN_NO": 37350, "BULD_NM": null, "flo": 1.0, "h": 3.3 }, "geometry": { "type": "MultiPolygon", "coordinates": [ [ [ [ 126.921952, 35.152654 ], [ 126.921958, 35.152634 ], [ 126.921975, 35.152638 ], [ 126.921969, 35.152658 ], [ 126.921952, 35.152654 ] ] ] ] } },
{ "type": "Feature", "properties": { "BUL_MAN_NO": 16876, "BULD_NM": null, "flo": 1.0, "h": 3.3 }, "geometry": { "type": "MultiPolygon", "coordinates": [ [ [ [ 126.921968, 35.152661 ], [ 126.921832, 35.152634 ], [ 126.921812, 35.152695 ], [ 126.921948, 35.152723 ], [ 126.921968, 35.152661 ] ] ] ] } },
{ "type": "Feature", "properties": { "BUL_MAN_NO": 37348, "BULD_NM": null, "flo": 1.0, "h": 3.3 }, "geometry": { "type": "MultiPolygon", "coordinates": [ [ [ [ 126.921934, 35.152739 ], [ 126.921897, 35.152732 ], [ 126.9219, 35.152722 ], [ 126.921937, 35.152728 ], [ 126.921934, 35.152739 ] ] ] ] } },
{ "type": "Feature", "properties": { "BUL_MAN_NO": 16875, "BULD_NM": null, "flo": 1.0, "h": 3.3 }, "geometry": { "type": "MultiPolygon", "coordinates": [ [ [ [ 126.921932, 35.152748 ], [ 126.921804, 35.152734 ], [ 126.921798, 35.152757 ], [ 126.921789, 35.152796 ], [ 126.921798, 35.152797 ], [ 126.921926, 35.152809 ], [ 126.921932, 35.152748 ] ] ] ] } },
{ "type": "Feature", "properties": { "BUL_MAN_NO": 16880, "BULD_NM": null, "flo": 2.0, "h": 6.6 }, "geometry": { "type": "MultiPolygon", "coordinates": [ [ [ [ 126.922191, 35.152754 ], [ 126.922053, 35.152714 ], [ 126.922035, 35.152759 ], [ 126.922088, 35.152773 ], [ 126.922081, 35.15279 ], [ 126.922167, 35.152813 ], [ 126.922191, 35.152754 ] ] ] ] } },
{ "type": "Feature", "properties": { "BUL_MAN_NO": 16863, "BULD_NM": null, "flo": 2.0, "h": 6.6 }, "geometry": { "type": "MultiPolygon", "coordinates": [ [ [ [ 126.921788, 35.152828 ], [ 126.921779, 35.152827 ], [ 126.921777, 35.152894 ], [ 126.921788, 35.152898 ], [ 126.921902, 35.15291 ], [ 126.921915, 35.152846 ], [ 126.921788, 35.152828 ] ] ] ] } },
{ "type": "Feature", "properties": { "BUL_MAN_NO": 16862, "BULD_NM": null, "flo": 2.0, "h": 6.6 }, "geometry": { "type": "MultiPolygon", "coordinates": [ [ [ [ 126.921857, 35.153053 ], [ 126.921893, 35.152933 ], [ 126.921875, 35.152928 ], [ 126.921863, 35.152933 ], [ 126.921814, 35.152918 ], [ 126.921782, 35.153007 ], [ 126.921816, 35.153022 ], [ 126.921809, 35.153033 ], [ 126.921857, 35.153053 ] ] ] ] } },
{ "type": "Feature", "properties": { "BUL_MAN_NO": 16861, "BULD_NM": null, "flo": 1.0, "h": 3.3 }, "geometry": { "type": "MultiPolygon", "coordinates": [ [ [ [ 126.922069, 35.152993 ], [ 126.92212, 35.152887 ], [ 126.922068, 35.152875 ], [ 126.922063, 35.152886 ], [ 126.922056, 35.152883 ], [ 126.922048, 35.152904 ], [ 126.921999, 35.15289 ], [ 126.921978, 35.152965 ], [ 126.922069, 35.152993 ] ] ] ] } },
{ "type": "Feature", "properties": { "BUL_MAN_NO": 16860, "BULD_NM": null, "flo": 1.0, "h": 3.3 }, "geometry": { "type": "MultiPolygon", "coordinates": [ [ [ [ 126.922012, 35.153099 ], [ 126.922064, 35.153005 ], [ 126.921987, 35.152978 ], [ 126.92197, 35.153009 ], [ 126.922009, 35.153023 ], [ 126.921991, 35.153057 ], [ 126.921956, 35.153048 ], [ 126.921945, 35.153075 ], [ 126.922012, 35.153099 ] ] ] ] } },
{ "type": "Feature", "properties": { "BUL_MAN_NO": 37133, "BULD_NM": null, "flo": 1.0, "h": 3.3 }, "geometry": { "type": "MultiPolygon", "coordinates": [ [ [ [ 126.921967, 35.153008 ], [ 126.921957, 35.153005 ], [ 126.921973, 35.152973 ], [ 126.921985, 35.152976 ], [ 126.921967, 35.153008 ] ] ] ] } },
{ "type": "Feature", "properties": { "BUL_MAN_NO": 38759, "BULD_NM": null, "flo": 3.0, "h": 9.9 }, "geometry": { "type": "MultiPolygon", "coordinates": [ [ [ [ 126.921735, 35.153115 ], [ 126.921792, 35.15315 ], [ 126.92183, 35.153107 ], [ 126.921835, 35.153109 ], [ 126.921839, 35.153104 ], [ 126.921833, 35.1531 ], [ 126.921847, 35.153086 ], [ 126.921859, 35.153092 ], [ 126.921862, 35.153066 ], [ 126.921804, 35.153033 ], [ 126.921735, 35.153115 ] ] ] ] } },
{ "type": "Feature", "properties": { "BUL_MAN_NO": 16859, "BULD_NM": null, "flo": 1.0, "h": 3.3 }, "geometry": { "type": "MultiPolygon", "coordinates": [ [ [ [ 126.922094, 35.153175 ], [ 126.921984, 35.153102 ], [ 126.921939, 35.153147 ], [ 126.922035, 35.153219 ], [ 126.922094, 35.153175 ] ] ] ] } },
{ "type": "Feature", "properties": { "BUL_MAN_NO": 24853, "BULD_NM": null, "flo": 1.0, "h": 3.3 }, "geometry": { "type": "MultiPolygon", "coordinates": [ [ [ [ 126.921954, 35.153182 ], [ 126.921927, 35.15315 ], [ 126.921898, 35.153244 ], [ 126.921954, 35.153182 ] ] ] ] } },
{ "type": "Feature", "properties": { "BUL_MAN_NO": 16864, "BULD_NM": null, "flo": 1.0, "h": 3.3 }, "geometry": { "type": "MultiPolygon", "coordinates": [ [ [ [ 126.921785, 35.15325 ], [ 126.921758, 35.153232 ], [ 126.921685, 35.153309 ], [ 126.921709, 35.153324 ], [ 126.921745, 35.153346 ], [ 126.921765, 35.153324 ], [ 126.921786, 35.1533 ], [ 126.921785, 35.15325 ] ] ] ] } },
{ "type": "Feature", "properties": { "BUL_MAN_NO": 16870, "BULD_NM": null, "flo": 2.0, "h": 6.6 }, "geometry": { "type": "MultiPolygon", "coordinates": [ [ [ [ 126.921769, 35.153366 ], [ 126.921721, 35.153352 ], [ 126.921699, 35.153405 ], [ 126.921754, 35.153416 ], [ 126.921769, 35.153366 ] ] ] ] } },
{ "type": "Feature", "properties": { "BUL_MAN_NO": 16869, "BULD_NM": null, "flo": 4.0, "h": 13.2 }, "geometry": { "type": "MultiPolygon", "coordinates": [ [ [ [ 126.921717, 35.153556 ], [ 126.921649, 35.153543 ], [ 126.921633, 35.153587 ], [ 126.921627, 35.153658 ], [ 126.921639, 35.153674 ], [ 126.921684, 35.153682 ], [ 126.921717, 35.153556 ] ] ] ] } },
{ "type": "Feature", "properties": { "BUL_MAN_NO": 16867, "BULD_NM": null, "flo": 1.0, "h": 3.3 }, "geometry": { "type": "MultiPolygon", "coordinates": [ [ [ [ 126.921797, 35.153679 ], [ 126.921945, 35.153638 ], [ 126.921949, 35.153509 ], [ 126.921909, 35.1535 ], [ 126.921913, 35.153485 ], [ 126.921838, 35.153472 ], [ 126.92178, 35.153677 ], [ 126.921797, 35.153679 ] ] ] ] } },
{ "type": "Feature", "properties": { "BUL_MAN_NO": 37252, "BULD_NM": null, "flo": 1.0, "h": 3.3 }, "geometry": { "type": "MultiPolygon", "coordinates": [ [ [ [ 126.921949, 35.153637 ], [ 126.921948, 35.153607 ], [ 126.921962, 35.153606 ], [ 126.921966, 35.153634 ], [ 126.921949, 35.153637 ] ] ] ] } },
{ "type": "Feature", "properties": { "BUL_MAN_NO": 16896, "BULD_NM": null, "flo": 2.0, "h": 6.6 }, "geometry": { "type": "MultiPolygon", "coordinates": [ [ [ [ 126.921664, 35.153715 ], [ 126.921593, 35.153701 ], [ 126.921557, 35.153761 ], [ 126.921646, 35.15378 ], [ 126.921664, 35.153715 ] ] ] ] } },
{ "type": "Feature", "properties": { "BUL_MAN_NO": 37436, "BULD_NM": null, "flo": 1.0, "h": 3.3 }, "geometry": { "type": "MultiPolygon", "coordinates": [ [ [ [ 126.921515, 35.153857 ], [ 126.921493, 35.153852 ], [ 126.921528, 35.153803 ], [ 126.921533, 35.153804 ], [ 126.921515, 35.153857 ] ] ] ] } },
{ "type": "Feature", "properties": { "BUL_MAN_NO": 16899, "BULD_NM": null, "flo": 1.0, "h": 3.3 }, "geometry": { "type": "MultiPolygon", "coordinates": [ [ [ [ 126.921627, 35.15379 ], [ 126.921546, 35.153771 ], [ 126.921517, 35.153858 ], [ 126.921599, 35.153876 ], [ 126.921627, 35.15379 ] ] ] ] } },
{ "type": "Feature", "properties": { "BUL_MAN_NO": 37427, "BULD_NM": null, "flo": 1.0, "h": 3.3 }, "geometry": { "type": "MultiPolygon", "coordinates": [ [ [ [ 126.921732, 35.153835 ], [ 126.921729, 35.15384 ], [ 126.921756, 35.153851 ], [ 126.921759, 35.153846 ], [ 126.921732, 35.153835 ] ] ] ] } },
{ "type": "Feature", "properties": { "BUL_MAN_NO": 16895, "BULD_NM": null, "flo": 2.0, "h": 6.6 }, "geometry": { "type": "MultiPolygon", "coordinates": [ [ [ [ 126.921893, 35.1538 ], [ 126.921843, 35.153776 ], [ 126.921833, 35.153787 ], [ 126.921788, 35.153761 ], [ 126.921787, 35.153763 ], [ 126.921779, 35.153773 ], [ 126.921764, 35.153767 ], [ 126.921729, 35.153824 ], [ 126.921731, 35.153833 ], [ 126.921835, 35.153875 ], [ 126.921893, 35.1538 ] ] ] ] } },
{ "type": "Feature", "properties": { "BUL_MAN_NO": 16898, "BULD_NM": null, "flo": 2.0, "h": 6.6 }, "geometry": { "type": "MultiPolygon", "coordinates": [ [ [ [ 126.921529, 35.153888 ], [ 126.921484, 35.153881 ], [ 126.921475, 35.153914 ], [ 126.921455, 35.153914 ], [ 126.921437, 35.153975 ], [ 126.921547, 35.153991 ], [ 126.921581, 35.153967 ], [ 126.921595, 35.153922 ], [ 126.92158, 35.15392 ], [ 126.921584, 35.153903 ], [ 126.921528, 35.153897 ], [ 126.921529, 35.153888 ] ] ] ] } },
{ "type": "Feature", "properties": { "BUL_MAN_NO": 16902, "BULD_NM": null, "flo": 1.0, "h": 3.3 }, "geometry": { "type": "MultiPolygon", "coordinates": [ [ [ [ 126.921561, 35.154131 ], [ 126.921489, 35.154127 ], [ 126.921484, 35.154248 ], [ 126.921565, 35.154293 ], [ 126.921561, 35.154131 ] ] ] ] } },
{ "type": "Feature", "properties": { "BUL_MAN_NO": 37435, "BULD_NM": null, "flo": 1.0, "h": 3.3 }, "geometry": { "type": "MultiPolygon", "coordinates": [ [ [ [ 126.921483, 35.154248 ], [ 126.921451, 35.154234 ], [ 126.921457, 35.154221 ], [ 126.921484, 35.154232 ], [ 126.921483, 35.154248 ] ] ] ] } },
{ "type": "Feature", "properties": { "BUL_MAN_NO": 16900, "BULD_NM": null, "flo": 3.0, "h": 9.9 }, "geometry": { "type": "MultiPolygon", "coordinates": [ [ [ [ 126.921735, 35.154086 ], [ 126.921691, 35.154083 ], [ 126.921675, 35.15409 ], [ 126.921658, 35.154167 ], [ 126.921718, 35.154173 ], [ 126.921735, 35.154086 ] ] ] ] } },
{ "type": "Feature", "properties": { "BUL_MAN_NO": 16901, "BULD_NM": null, "flo": 1.0, "h": 3.3 }, "geometry": { "type": "MultiPolygon", "coordinates": [ [ [ [ 126.921715, 35.154175 ], [ 126.921657, 35.154169 ], [ 126.921656, 35.154204 ], [ 126.92166, 35.154202 ], [ 126.921715, 35.154175 ] ] ] ] } },
{ "type": "Feature", "properties": { "BUL_MAN_NO": 16904, "BULD_NM": null, "flo": 1.0, "h": 3.3 }, "geometry": { "type": "MultiPolygon", "coordinates": [ [ [ [ 126.921746, 35.154239 ], [ 126.921725, 35.154201 ], [ 126.921645, 35.154259 ], [ 126.921646, 35.154338 ], [ 126.921749, 35.154338 ], [ 126.921746, 35.154239 ] ] ] ] } },
{ "type": "Feature", "properties": { "BUL_MAN_NO": 16903, "BULD_NM": null, "flo": 1.0, "h": 3.3 }, "geometry": { "type": "MultiPolygon", "coordinates": [ [ [ [ 126.921784, 35.15429 ], [ 126.921763, 35.154266 ], [ 126.92175, 35.154266 ], [ 126.921753, 35.154338 ], [ 126.921799, 35.154337 ], [ 126.921786, 35.154315 ], [ 126.921788, 35.154298 ], [ 126.921784, 35.15429 ] ] ] ] } },
{ "type": "Feature", "properties": { "BUL_MAN_NO": 19239, "BULD_NM": null, "flo": 3.0, "h": 9.9 }, "geometry": { "type": "MultiPolygon", "coordinates": [ [ [ [ 126.927531, 35.145999 ], [ 126.927635, 35.145926 ], [ 126.927644, 35.145935 ], [ 126.927711, 35.145891 ], [ 126.927652, 35.145837 ], [ 126.927584, 35.145869 ], [ 126.927479, 35.145943 ], [ 126.927475, 35.145965 ], [ 126.927531, 35.145999 ] ] ] ] } },
{ "type": "Feature", "properties": { "BUL_MAN_NO": 10967, "BULD_NM": null, "flo": 2.0, "h": 6.6 }, "geometry": { "type": "MultiPolygon", "coordinates": [ [ [ [ 126.927809, 35.145853 ], [ 126.927721, 35.145783 ], [ 126.927668, 35.145822 ], [ 126.927774, 35.145885 ], [ 126.927809, 35.145853 ] ] ] ] } },
{ "type": "Feature", "properties": { "BUL_MAN_NO": 28773, "BULD_NM": null, "flo": 2.0, "h": 6.6 }, "geometry": { "type": "MultiPolygon", "coordinates": [ [ [ [ 126.927877, 35.146098 ], [ 126.927941, 35.146075 ], [ 126.927834, 35.145931 ], [ 126.927791, 35.145954 ], [ 126.927758, 35.145922 ], [ 126.927708, 35.145948 ], [ 126.927773, 35.146037 ], [ 126.927813, 35.146021 ], [ 126.927877, 35.146098 ] ] ] ] } },
{ "type": "Feature", "properties": { "BUL_MAN_NO": 29615, "BULD_NM": null, "flo": 4.0, "h": 13.2 }, "geometry": { "type": "MultiPolygon", "coordinates": [ [ [ [ 126.928012, 35.146233 ], [ 126.928001, 35.146217 ], [ 126.92805, 35.146195 ], [ 126.927995, 35.14611 ], [ 126.927944, 35.146132 ], [ 126.927946, 35.146135 ], [ 126.927886, 35.146162 ], [ 126.92791, 35.1462 ], [ 126.927962, 35.146254 ], [ 126.927962, 35.146255 ], [ 126.928012, 35.146233 ] ] ] ] } },
{ "type": "Feature", "properties": { "BUL_MAN_NO": 19265, "BULD_NM": null, "flo": 1.0, "h": 3.3 }, "geometry": { "type": "MultiPolygon", "coordinates": [ [ [ [ 126.928474, 35.146373 ], [ 126.928422, 35.146344 ], [ 126.928353, 35.146435 ], [ 126.928408, 35.146463 ], [ 126.928474, 35.146373 ] ] ] ] } },
{ "type": "Feature", "properties": { "BUL_MAN_NO": 19266, "BULD_NM": null, "flo": 1.0, "h": 3.3 }, "geometry": { "type": "MultiPolygon", "coordinates": [ [ [ [ 126.928413, 35.146346 ], [ 126.928359, 35.14632 ], [ 126.928323, 35.146366 ], [ 126.928376, 35.146395 ], [ 126.928413, 35.146346 ] ] ] ] } },
{ "type": "Feature", "properties": { "BUL_MAN_NO": 19264, "BULD_NM": null, "flo": 1.0, "h": 3.3 }, "geometry": { "type": "MultiPolygon", "coordinates": [ [ [ [ 126.928353, 35.146388 ], [ 126.928321, 35.146373 ], [ 126.928307, 35.146395 ], [ 126.92835, 35.146432 ], [ 126.928368, 35.146407 ], [ 126.928348, 35.146397 ], [ 126.928353, 35.146388 ] ] ] ] } },
{ "type": "Feature", "properties": { "BUL_MAN_NO": 29421, "BULD_NM": null, "flo": 1.0, "h": 3.3 }, "geometry": { "type": "MultiPolygon", "coordinates": [ [ [ [ 126.928141, 35.146369 ], [ 126.928166, 35.146332 ], [ 126.928116, 35.146254 ], [ 126.928085, 35.14624 ], [ 126.928031, 35.146302 ], [ 126.928141, 35.146369 ] ] ] ] } },
{ "type": "Feature", "properties": { "BUL_MAN_NO": 28772, "BULD_NM": null, "flo": 1.0, "h": 3.3 }, "geometry": { "type": "MultiPolygon", "coordinates": [ [ [ [ 126.92829, 35.146292 ], [ 126.928318, 35.146256 ], [ 126.928248, 35.146225 ], [ 126.928229, 35.146251 ], [ 126.928253, 35.146264 ], [ 126.928249, 35.146277 ], [ 126.92829, 35.146292 ] ] ] ] } },
{ "type": "Feature", "properties": { "BUL_MAN_NO": 7337, "BULD_NM": null, "flo": 8.0, "h": 26.4 }, "geometry": { "type": "MultiPolygon", "coordinates": [ [ [ [ 126.928334, 35.147108 ], [ 126.928383, 35.146973 ], [ 126.928301, 35.146953 ], [ 126.928264, 35.147051 ], [ 126.92823, 35.147044 ], [ 126.928213, 35.147093 ], [ 126.928279, 35.147105 ], [ 126.928311, 35.147108 ], [ 126.928314, 35.147104 ], [ 126.928334, 35.147108 ] ] ] ] } },
{ "type": "Feature", "properties": { "BUL_MAN_NO": 19477, "BULD_NM": null, "flo": 8.0, "h": 26.4 }, "geometry": { "type": "MultiPolygon", "coordinates": [ [ [ [ 126.928452, 35.14711 ], [ 126.928453, 35.147106 ], [ 126.928469, 35.147108 ], [ 126.928504, 35.146984 ], [ 126.928423, 35.146967 ], [ 126.928397, 35.147054 ], [ 126.928367, 35.147048 ], [ 126.928351, 35.147098 ], [ 126.92842, 35.14711 ], [ 126.928452, 35.14711 ] ] ] ] } },
{ "type": "Feature", "properties": { "BUL_MAN_NO": 19478, "BULD_NM": null, "flo": 4.0, "h": 13.2 }, "geometry": { "type": "MultiPolygon", "coordinates": [ [ [ [ 126.928456, 35.146864 ], [ 126.92832, 35.146826 ], [ 126.928304, 35.146869 ], [ 126.928356, 35.146881 ], [ 126.928342, 35.146916 ], [ 126.928425, 35.146937 ], [ 126.928456, 35.146864 ] ] ] ] } },
{ "type": "Feature", "properties": { "BUL_MAN_NO": 19502, "BULD_NM": null, "flo": 1.0, "h": 3.3 }, "geometry": { "type": "MultiPolygon", "coordinates": [ [ [ [ 126.928593, 35.147323 ], [ 126.928466, 35.147314 ], [ 126.928462, 35.147343 ], [ 126.928468, 35.147343 ], [ 126.928465, 35.147381 ], [ 126.928506, 35.147383 ], [ 126.928503, 35.147439 ], [ 126.928584, 35.147445 ], [ 126.928593, 35.147323 ] ] ] ] } },
{ "type": "Feature", "properties": { "BUL_MAN_NO": 19504, "BULD_NM": null, "flo": 7.0, "h": 23.1 }, "geometry": { "type": "MultiPolygon", "coordinates": [ [ [ [ 126.928369, 35.147411 ], [ 126.928375, 35.147347 ], [ 126.928332, 35.147343 ], [ 126.928331, 35.147353 ], [ 126.928233, 35.147347 ], [ 126.928226, 35.147405 ], [ 126.928369, 35.147411 ] ] ] ] } },
{ "type": "Feature", "properties": { "BUL_MAN_NO": 19503, "BULD_NM": null, "flo": 4.0, "h": 13.2 }, "geometry": { "type": "MultiPolygon", "coordinates": [ [ [ [ 126.928605, 35.147308 ], [ 126.928652, 35.1472 ], [ 126.928606, 35.147186 ], [ 126.928611, 35.147175 ], [ 126.928521, 35.147148 ], [ 126.928514, 35.147163 ], [ 126.928509, 35.147161 ], [ 126.928499, 35.147183 ], [ 126.928504, 35.147185 ], [ 126.928493, 35.147211 ], [ 126.928553, 35.14723 ], [ 126.928528, 35.147283 ], [ 126.928554, 35.147292 ], [ 126.928551, 35.147299 ], [ 126.928577, 35.147308 ], [ 126.928582, 35.1473 ], [ 126.928605, 35.147308 ] ] ] ] } },
{ "type": "Feature", "properties": { "BUL_MAN_NO": 7477, "BULD_NM": null, "flo": 4.0, "h": 13.2 }, "geometry": { "type": "MultiPolygon", "coordinates": [ [ [ [ 126.928316, 35.147341 ], [ 126.92833, 35.147273 ], [ 126.928362, 35.147276 ], [ 126.928366, 35.147254 ], [ 126.928368, 35.147253 ], [ 126.928371, 35.147232 ], [ 126.928366, 35.147231 ], [ 126.92837, 35.147209 ], [ 126.928264, 35.147194 ], [ 126.928235, 35.147333 ], [ 126.928271, 35.147338 ], [ 126.928272, 35.147334 ], [ 126.928316, 35.147341 ] ] ] ] } },
{ "type": "Feature", "properties": { "BUL_MAN_NO": 19501, "BULD_NM": null, "flo": 4.0, "h": 13.2 }, "geometry": { "type": "MultiPolygon", "coordinates": [ [ [ [ 126.928411, 35.147119 ], [ 126.928285, 35.147114 ], [ 126.928265, 35.147184 ], [ 126.928407, 35.147188 ], [ 126.928411, 35.147119 ] ] ] ] } },
{ "type": "Feature", "properties": { "BUL_MAN_NO": 19522, "BULD_NM": null, "flo": 1.0, "h": 3.3 }, "geometry": { "type": "MultiPolygon", "coordinates": [ [ [ [ 126.928776, 35.146879 ], [ 126.928728, 35.146849 ], [ 126.928642, 35.146918 ], [ 126.928683, 35.146949 ], [ 126.928776, 35.146879 ] ] ] ] } },
{ "type": "Feature", "properties": { "BUL_MAN_NO": 10960, "BULD_NM": null, "flo": 1.0, "h": 3.3 }, "geometry": { "type": "MultiPolygon", "coordinates": [ [ [ [ 126.92869, 35.146861 ], [ 126.928698, 35.14685 ], [ 126.928713, 35.146856 ], [ 126.928724, 35.146842 ], [ 126.92869, 35.146829 ], [ 126.928675, 35.146854 ], [ 126.92869, 35.146861 ] ] ] ] } },
{ "type": "Feature", "properties": { "BUL_MAN_NO": 33768, "BULD_NM": null, "flo": 5.0, "h": 16.5 }, "geometry": { "type": "MultiPolygon", "coordinates": [ [ [ [ 126.928512, 35.147085 ], [ 126.92852, 35.147097 ], [ 126.928516, 35.147099 ], [ 126.928527, 35.147117 ], [ 126.928568, 35.147131 ], [ 126.928591, 35.147122 ], [ 126.928603, 35.147142 ], [ 126.928617, 35.147136 ], [ 126.928626, 35.147151 ], [ 126.928635, 35.147147 ], [ 126.928644, 35.147163 ], [ 126.928675, 35.147151 ], [ 126.928647, 35.147104 ], [ 126.928635, 35.147109 ], [ 126.928622, 35.147087 ], [ 126.928633, 35.147083 ], [ 126.928613, 35.14705 ], [ 126.928601, 35.147055 ], [ 126.928586, 35.14703 ], [ 126.928584, 35.147031 ], [ 126.928564, 35.146999 ], [ 126.92854, 35.147008 ], [ 126.928544, 35.147015 ], [ 126.928538, 35.147018 ], [ 126.92854, 35.14702 ], [ 126.928532, 35.147023 ], [ 126.928543, 35.147042 ], [ 126.928523, 35.14705 ], [ 126.928532, 35.147065 ], [ 126.928516, 35.147071 ], [ 126.928512, 35.147085 ] ] ] ] } },
{ "type": "Feature", "properties": { "BUL_MAN_NO": 19554, "BULD_NM": null, "flo": 3.0, "h": 9.9 }, "geometry": { "type": "MultiPolygon", "coordinates": [ [ [ [ 126.929856, 35.147476 ], [ 126.929838, 35.147428 ], [ 126.929828, 35.147432 ], [ 126.929809, 35.147386 ], [ 126.929694, 35.14742 ], [ 126.929747, 35.147528 ], [ 126.929764, 35.147523 ], [ 126.92976, 35.147513 ], [ 126.929776, 35.147509 ], [ 126.929772, 35.147498 ], [ 126.929856, 35.147476 ] ] ] ] } },
{ "type": "Feature", "properties": { "BUL_MAN_NO": 19555, "BULD_NM": null, "flo": 3.0, "h": 9.9 }, "geometry": { "type": "MultiPolygon", "coordinates": [ [ [ [ 126.929977, 35.147725 ], [ 126.92996, 35.147679 ], [ 126.929944, 35.147683 ], [ 126.929923, 35.147627 ], [ 126.9299, 35.147633 ], [ 126.929897, 35.147625 ], [ 126.929815, 35.14765 ], [ 126.929858, 35.147752 ], [ 126.929977, 35.147725 ] ] ] ] } },
{ "type": "Feature", "properties": { "BUL_MAN_NO": 29760, "BULD_NM": null, "flo": 3.0, "h": 9.9 }, "geometry": { "type": "MultiPolygon", "coordinates": [ [ [ [ 126.93001, 35.147822 ], [ 126.930012, 35.14783 ], [ 126.930025, 35.147828 ], [ 126.930019, 35.147802 ], [ 126.930006, 35.147804 ], [ 126.929999, 35.147775 ], [ 126.929985, 35.147777 ], [ 126.929983, 35.147771 ], [ 126.929927, 35.14778 ], [ 126.929929, 35.147787 ], [ 126.929885, 35.147794 ], [ 126.929883, 35.147787 ], [ 126.929865, 35.147789 ], [ 126.929871, 35.147815 ], [ 126.929874, 35.147814 ], [ 126.92988, 35.147839 ], [ 126.929883, 35.14785 ], [ 126.929926, 35.147843 ], [ 126.929931, 35.147843 ], [ 126.929929, 35.147835 ], [ 126.929967, 35.147829 ], [ 126.929968, 35.147837 ], [ 126.929983, 35.147834 ], [ 126.929981, 35.147827 ], [ 126.93001, 35.147822 ] ] ] ] } },
{ "type": "Feature", "properties": { "BUL_MAN_NO": 34329, "BULD_NM": null, "flo": 3.0, "h": 9.9 }, "geometry": { "type": "MultiPolygon", "coordinates": [ [ [ [ 126.929898, 35.14794 ], [ 126.930063, 35.147915 ], [ 126.930056, 35.147888 ], [ 126.93005, 35.147875 ], [ 126.930047, 35.147876 ], [ 126.930043, 35.147859 ], [ 126.929884, 35.147885 ], [ 126.92989, 35.147914 ], [ 126.929892, 35.147913 ], [ 126.929898, 35.14794 ] ] ] ] } },
{ "type": "Feature", "properties": { "BUL_MAN_NO": 19557, "BULD_NM": null, "flo": 3.0, "h": 9.9 }, "geometry": { "type": "MultiPolygon", "coordinates": [ [ [ [ 126.930266, 35.147903 ], [ 126.930257, 35.147834 ], [ 126.93022, 35.147835 ], [ 126.930218, 35.147823 ], [ 126.930183, 35.147823 ], [ 126.930181, 35.147837 ], [ 126.930138, 35.147842 ], [ 126.930165, 35.147909 ], [ 126.930266, 35.147903 ] ] ] ] } },
{ "type": "Feature", "properties": { "BUL_MAN_NO": 19556, "BULD_NM": null, "flo": 3.0, "h": 9.9 }, "geometry": { "type": "MultiPolygon", "coordinates": [ [ [ [ 126.930294, 35.147969 ], [ 126.93028, 35.147911 ], [ 126.930172, 35.147914 ], [ 126.93021, 35.147973 ], [ 126.930257, 35.147984 ], [ 126.930294, 35.147969 ] ] ] ] } },
{ "type": "Feature", "properties": { "BUL_MAN_NO": 19565, "BULD_NM": null, "flo": 2.0, "h": 6.6 }, "geometry": { "type": "MultiPolygon", "coordinates": [ [ [ [ 126.92973, 35.147528 ], [ 126.929673, 35.14742 ], [ 126.929654, 35.147424 ], [ 126.929663, 35.147443 ], [ 126.929644, 35.147449 ], [ 126.929642, 35.147445 ], [ 126.929553, 35.147471 ], [ 126.929601, 35.14757 ], [ 126.92973, 35.147528 ] ] ] ] } },
{ "type": "Feature", "properties": { "BUL_MAN_NO": 36736, "BULD_NM": null, "flo": 1.0, "h": 3.3 }, "geometry": { "type": "MultiPolygon", "coordinates": [ [ [ [ 126.92978, 35.147605 ], [ 126.929777, 35.147598 ], [ 126.929784, 35.147595 ], [ 126.929787, 35.147602 ], [ 126.92978, 35.147605 ] ] ] ] } },
{ "type": "Feature", "properties": { "BUL_MAN_NO": 19496, "BULD_NM": null, "flo": 2.0, "h": 6.6 }, "geometry": { "type": "MultiPolygon", "coordinates": [ [ [ [ 126.929902, 35.147603 ], [ 126.929888, 35.147575 ], [ 126.929905, 35.147569 ], [ 126.929881, 35.147519 ], [ 126.929825, 35.147536 ], [ 126.92983, 35.147544 ], [ 126.929769, 35.147564 ], [ 126.929791, 35.147604 ], [ 126.929803, 35.1476 ], [ 126.929819, 35.147631 ], [ 126.929902, 35.147603 ] ] ] ] } },
{ "type": "Feature", "properties": { "BUL_MAN_NO": 19568, "BULD_NM": null, "flo": 2.0, "h": 6.6 }, "geometry": { "type": "MultiPolygon", "coordinates": [ [ [ [ 126.929782, 35.147643 ], [ 126.929755, 35.147575 ], [ 126.929707, 35.14759 ], [ 126.929713, 35.147603 ], [ 126.92964, 35.147625 ], [ 126.929667, 35.147681 ], [ 126.929782, 35.147643 ] ] ] ] } },
{ "type": "Feature", "properties": { "BUL_MAN_NO": 19564, "BULD_NM": null, "flo": 2.0, "h": 6.6 }, "geometry": { "type": "MultiPolygon", "coordinates": [ [ [ [ 126.929827, 35.14775 ], [ 126.929793, 35.147673 ], [ 126.92974, 35.147688 ], [ 126.929743, 35.1477 ], [ 126.929707, 35.14771 ], [ 126.929712, 35.147723 ], [ 126.929693, 35.147728 ], [ 126.929716, 35.147778 ], [ 126.929827, 35.14775 ] ] ] ] } },
{ "type": "Feature", "properties": { "BUL_MAN_NO": 19567, "BULD_NM": null, "flo": 2.0, "h": 6.6 }, "geometry": { "type": "MultiPolygon", "coordinates": [ [ [ [ 126.929595, 35.147696 ], [ 126.929565, 35.147641 ], [ 126.929498, 35.147663 ], [ 126.92949, 35.147649 ], [ 126.929461, 35.147659 ], [ 126.929489, 35.147726 ], [ 126.929595, 35.147696 ] ] ] ] } },
{ "type": "Feature", "properties": { "BUL_MAN_NO": 19566, "BULD_NM": null, "flo": 3.0, "h": 9.9 }, "geometry": { "type": "MultiPolygon", "coordinates": [ [ [ [ 126.929639, 35.147797 ], [ 126.929604, 35.147723 ], [ 126.929503, 35.147755 ], [ 126.929526, 35.147805 ], [ 126.929521, 35.147806 ], [ 126.929533, 35.147829 ], [ 126.929639, 35.147797 ] ] ] ] } },
{ "type": "Feature", "properties": { "BUL_MAN_NO": 19582, "BULD_NM": null, "flo": 5.0, "h": 16.5 }, "geometry": { "type": "MultiPolygon", "coordinates": [ [ [ [ 126.929519, 35.14815 ], [ 126.929513, 35.148121 ], [ 126.92954, 35.148117 ], [ 126.929533, 35.148064 ], [ 126.929331, 35.148092 ], [ 126.929341, 35.148156 ], [ 126.929397, 35.14815 ], [ 126.929415, 35.148277 ], [ 126.92952, 35.148264 ], [ 126.929506, 35.148152 ], [ 126.929519, 35.14815 ] ] ] ] } },
{ "type": "Feature", "properties": { "BUL_MAN_NO": 7501, "BULD_NM": null, "flo": 4.0, "h": 13.2 }, "geometry": { "type": "MultiPolygon", "coordinates": [ [ [ [ 126.929301, 35.148238 ], [ 126.929288, 35.148199 ], [ 126.92928, 35.148203 ], [ 126.929232, 35.148048 ], [ 126.929167, 35.148056 ], [ 126.929206, 35.148187 ], [ 126.929223, 35.148212 ], [ 126.929099, 35.148238 ], [ 126.929113, 35.148281 ], [ 126.929238, 35.148258 ], [ 126.929234, 35.148251 ], [ 126.929301, 35.148238 ] ] ] ] } },
{ "type": "Feature", "properties": { "BUL_MAN_NO": 19583, "BULD_NM": null, "flo": 1.0, "h": 3.3 }, "geometry": { "type": "MultiPolygon", "coordinates": [ [ [ [ 126.929522, 35.148051 ], [ 126.9295, 35.147977 ], [ 126.929357, 35.147997 ], [ 126.929358, 35.148005 ], [ 126.929314, 35.148013 ], [ 126.929315, 35.148041 ], [ 126.929337, 35.14808 ], [ 126.929522, 35.148051 ] ] ] ] } },
{ "type": "Feature", "properties": { "BUL_MAN_NO": 36731, "BULD_NM": null, "flo": 1.0, "h": 3.3 }, "geometry": { "type": "MultiPolygon", "coordinates": [ [ [ [ 126.929315, 35.148002 ], [ 126.929312, 35.147992 ], [ 126.92934, 35.147987 ], [ 126.929341, 35.147997 ], [ 126.929315, 35.148002 ] ] ] ] } },
{ "type": "Feature", "properties": { "BUL_MAN_NO": 28256, "BULD_NM": null, "flo": 1.0, "h": 3.3 }, "geometry": { "type": "MultiPolygon", "coordinates": [ [ [ [ 126.929313, 35.147968 ], [ 126.92948, 35.147944 ], [ 126.92946, 35.14786 ], [ 126.929321, 35.147886 ], [ 126.929343, 35.147902 ], [ 126.929313, 35.147968 ] ] ] ] } },
{ "type": "Feature", "properties": { "BUL_MAN_NO": 7496, "BULD_NM": null, "flo": 8.0, "h": 26.4 }, "geometry": { "type": "MultiPolygon", "coordinates": [ [ [ [ 126.929185, 35.148021 ], [ 126.92915, 35.147919 ], [ 126.929126, 35.147924 ], [ 126.929122, 35.147908 ], [ 126.929032, 35.147931 ], [ 126.929079, 35.148053 ], [ 126.929185, 35.148021 ] ] ] ] } },
{ "type": "Feature", "properties": { "BUL_MAN_NO": 36698, "BULD_NM": null, "flo": 1.0, "h": 3.3 }, "geometry": { "type": "MultiPolygon", "coordinates": [ [ [ [ 126.929167, 35.147957 ], [ 126.929151, 35.147908 ], [ 126.929194, 35.147899 ], [ 126.929209, 35.147946 ], [ 126.929167, 35.147957 ] ] ] ] } },
{ "type": "Feature", "properties": { "BUL_MAN_NO": 19585, "BULD_NM": null, "flo": 2.0, "h": 6.6 }, "geometry": { "type": "MultiPolygon", "coordinates": [ [ [ [ 126.929474, 35.147777 ], [ 126.92942, 35.147789 ], [ 126.929423, 35.147795 ], [ 126.929297, 35.147823 ], [ 126.929316, 35.147885 ], [ 126.929491, 35.147848 ], [ 126.929474, 35.147777 ] ] ] ] } },
{ "type": "Feature", "properties": { "BUL_MAN_NO": 36734, "BULD_NM": null, "flo": 1.0, "h": 3.3 }, "geometry": { "type": "MultiPolygon", "coordinates": [ [ [ [ 126.929495, 35.147849 ], [ 126.929493, 35.147843 ], [ 126.9295, 35.147841 ], [ 126.929502, 35.147848 ], [ 126.929495, 35.147849 ] ] ] ] } },
{ "type": "Feature", "properties": { "BUL_MAN_NO": 30361, "BULD_NM": null, "flo": 4.0, "h": 13.2 }, "geometry": { "type": "MultiPolygon", "coordinates": [ [ [ [ 126.928991, 35.147876 ], [ 126.92902, 35.147872 ], [ 126.929023, 35.147889 ], [ 126.92914, 35.147876 ], [ 126.92914, 35.147877 ], [ 126.92915, 35.147875 ], [ 126.929144, 35.147838 ], [ 126.929125, 35.14784 ], [ 126.929123, 35.147827 ], [ 126.929113, 35.147828 ], [ 126.929062, 35.147772 ], [ 126.929017, 35.147776 ], [ 126.928985, 35.147841 ], [ 126.928991, 35.147876 ] ] ] ] } },
{ "type": "Feature", "properties": { "BUL_MAN_NO": 32564, "BULD_NM": null, "flo": 4.0, "h": 13.2 }, "geometry": { "type": "MultiPolygon", "coordinates": [ [ [ [ 126.929304, 35.147774 ], [ 126.929458, 35.147733 ], [ 126.9294, 35.147584 ], [ 126.929395, 35.147585 ], [ 126.929309, 35.147671 ], [ 126.929316, 35.147689 ], [ 126.929288, 35.147733 ], [ 126.929304, 35.147774 ] ] ] ] } },
{ "type": "Feature", "properties": { "BUL_MAN_NO": 7498, "BULD_NM": null, "flo": 1.0, "h": 3.3 }, "geometry": { "type": "MultiPolygon", "coordinates": [ [ [ [ 126.929274, 35.147729 ], [ 126.929234, 35.147711 ], [ 126.929194, 35.147779 ], [ 126.929242, 35.147799 ], [ 126.929274, 35.147729 ] ] ] ] } },
{ "type": "Feature", "properties": { "BUL_MAN_NO": 7502, "BULD_NM": null, "flo": 1.0, "h": 3.3 }, "geometry": { "type": "MultiPolygon", "coordinates": [ [ [ [ 126.929218, 35.1477 ], [ 126.929133, 35.147655 ], [ 126.929094, 35.147677 ], [ 126.929079, 35.147707 ], [ 126.929165, 35.147761 ], [ 126.929218, 35.1477 ] ] ] ] } },
{ "type": "Feature", "properties": { "BUL_MAN_NO": 19593, "BULD_NM": null, "flo": 1.0, "h": 3.3 }, "geometry": { "type": "MultiPolygon", "coordinates": [ [ [ [ 126.929057, 35.148284 ], [ 126.929042, 35.148239 ], [ 126.928981, 35.148254 ], [ 126.928974, 35.148237 ], [ 126.928942, 35.148249 ], [ 126.928961, 35.148303 ], [ 126.929057, 35.148284 ] ] ] ] } },
{ "type": "Feature", "properties": { "BUL_MAN_NO": 36714, "BULD_NM": null, "flo": 1.0, "h": 3.3 }, "geometry": { "type": "MultiPolygon", "coordinates": [ [ [ [ 126.928993, 35.148228 ], [ 126.928989, 35.148217 ], [ 126.929031, 35.148205 ], [ 126.929035, 35.148217 ], [ 126.928993, 35.148228 ] ] ] ] } },
{ "type": "Feature", "properties": { "BUL_MAN_NO": 7503, "BULD_NM": null, "flo": 6.0, "h": 19.8 }, "geometry": { "type": "MultiPolygon", "coordinates": [ [ [ [ 126.929199, 35.148191 ], [ 126.929156, 35.148063 ], [ 126.929125, 35.14807 ], [ 126.929134, 35.148094 ], [ 126.929068, 35.148111 ], [ 126.929104, 35.148213 ], [ 126.929199, 35.148191 ] ] ] ] } },
{ "type": "Feature", "properties": { "BUL_MAN_NO": 33070, "BULD_NM": null, "flo": 4.0, "h": 13.2 }, "geometry": { "type": "MultiPolygon", "coordinates": [ [ [ [ 126.928889, 35.148224 ], [ 126.929005, 35.148193 ], [ 126.928948, 35.14805 ], [ 126.928884, 35.148067 ], [ 126.928879, 35.148053 ], [ 126.928847, 35.148061 ], [ 126.928846, 35.148087 ], [ 126.928857, 35.148114 ], [ 126.928846, 35.148117 ], [ 126.928889, 35.148224 ] ] ] ] } },
{ "type": "Feature", "properties": { "BUL_MAN_NO": 36713, "BULD_NM": null, "flo": 1.0, "h": 3.3 }, "geometry": { "type": "MultiPolygon", "coordinates": [ [ [ [ 126.928892, 35.147973 ], [ 126.928925, 35.147973 ], [ 126.928914, 35.147952 ], [ 126.928904, 35.147952 ], [ 126.928892, 35.147973 ] ] ] ] } },
{ "type": "Feature", "properties": { "BUL_MAN_NO": 19590, "BULD_NM": null, "flo": 1.0, "h": 3.3 }, "geometry": { "type": "MultiPolygon", "coordinates": [ [ [ [ 126.928933, 35.147994 ], [ 126.928881, 35.147992 ], [ 126.92886, 35.148036 ], [ 126.928884, 35.148042 ], [ 126.928954, 35.148036 ], [ 126.928933, 35.147994 ] ] ] ] } },
{ "type": "Feature", "properties": { "BUL_MAN_NO": 19594, "BULD_NM": null, "flo": 7.0, "h": 23.1 }, "geometry": { "type": "MultiPolygon", "coordinates": [ [ [ [ 126.928815, 35.148016 ], [ 126.928877, 35.147942 ], [ 126.928784, 35.147898 ], [ 126.928776, 35.14791 ], [ 126.92876, 35.147903 ], [ 126.92871, 35.147974 ], [ 126.928815, 35.148016 ] ] ] ] } },
{ "type": "Feature", "properties": { "BUL_MAN_NO": 27649, "BULD_NM": null, "flo": 1.0, "h": 3.3 }, "geometry": { "type": "MultiPolygon", "coordinates": [ [ [ [ 126.928816, 35.147857 ], [ 126.928902, 35.147872 ], [ 126.928906, 35.14786 ], [ 126.928819, 35.147846 ], [ 126.928818, 35.147847 ], [ 126.928816, 35.147857 ] ] ] ] } },
{ "type": "Feature", "properties": { "BUL_MAN_NO": 30369, "BULD_NM": null, "flo": 4.0, "h": 13.2 }, "geometry": { "type": "MultiPolygon", "coordinates": [ [ [ [ 126.928929, 35.147853 ], [ 126.928936, 35.147828 ], [ 126.928941, 35.147829 ], [ 126.928965, 35.147736 ], [ 126.928924, 35.147729 ], [ 126.92892, 35.147741 ], [ 126.928889, 35.147736 ], [ 126.928887, 35.147744 ], [ 126.928869, 35.147741 ], [ 126.928867, 35.147747 ], [ 126.928851, 35.147744 ], [ 126.928827, 35.147835 ], [ 126.928929, 35.147853 ] ] ] ] } },
{ "type": "Feature", "properties": { "BUL_MAN_NO": 19597, "BULD_NM": null, "flo": 3.0, "h": 9.9 }, "geometry": { "type": "MultiPolygon", "coordinates": [ [ [ [ 126.930223, 35.147584 ], [ 126.930214, 35.147524 ], [ 126.930144, 35.147531 ], [ 126.930143, 35.147521 ], [ 126.930095, 35.147528 ], [ 126.930112, 35.147598 ], [ 126.930223, 35.147584 ] ] ] ] } },
{ "type": "Feature", "properties": { "BUL_MAN_NO": 19599, "BULD_NM": null, "flo": 3.0, "h": 9.9 }, "geometry": { "type": "MultiPolygon", "coordinates": [ [ [ [ 126.930437, 35.14779 ], [ 126.930392, 35.147601 ], [ 126.930295, 35.147612 ], [ 126.930319, 35.147766 ], [ 126.930361, 35.147765 ], [ 126.930363, 35.147776 ], [ 126.930387, 35.147777 ], [ 126.930388, 35.147791 ], [ 126.930437, 35.14779 ] ] ] ] } },
{ "type": "Feature", "properties": { "BUL_MAN_NO": 30882, "BULD_NM": null, "flo": 4.0, "h": 13.2 }, "geometry": { "type": "MultiPolygon", "coordinates": [ [ [ [ 126.930136, 35.147624 ], [ 126.930191, 35.147606 ], [ 126.930202, 35.147629 ], [ 126.930214, 35.147653 ], [ 126.930226, 35.147677 ], [ 126.930238, 35.147701 ], [ 126.930259, 35.147694 ], [ 126.930291, 35.147759 ], [ 126.930289, 35.14776 ], [ 126.930295, 35.147772 ], [ 126.930273, 35.14778 ], [ 126.930267, 35.14778 ], [ 126.930256, 35.147779 ], [ 126.930232, 35.147778 ], [ 126.930229, 35.147771 ], [ 126.930211, 35.147777 ], [ 126.930136, 35.147624 ] ] ] ] } },
{ "type": "Feature", "properties": { "BUL_MAN_NO": 33888, "BULD_NM": "단독주택(나대종외1)", "flo": 4.0, "h": 13.2 }, "geometry": { "type": "MultiPolygon", "coordinates": [ [ [ [ 126.930199, 35.148189 ], [ 126.930274, 35.148185 ], [ 126.930275, 35.148192 ], [ 126.930341, 35.148189 ], [ 126.930334, 35.148098 ], [ 126.930312, 35.148099 ], [ 126.930312, 35.148092 ], [ 126.930217, 35.148096 ], [ 126.930195, 35.148118 ], [ 126.930199, 35.148189 ] ] ] ] } },
{ "type": "Feature", "properties": { "BUL_MAN_NO": 19652, "BULD_NM": null, "flo": 1.0, "h": 3.3 }, "geometry": { "type": "MultiPolygon", "coordinates": [ [ [ [ 126.930496, 35.148163 ], [ 126.930492, 35.148113 ], [ 126.93044, 35.148116 ], [ 126.930435, 35.148092 ], [ 126.930371, 35.148101 ], [ 126.930379, 35.148166 ], [ 126.930496, 35.148163 ] ] ] ] } },
{ "type": "Feature", "properties": { "BUL_MAN_NO": 19661, "BULD_NM": null, "flo": 1.0, "h": 3.3 }, "geometry": { "type": "MultiPolygon", "coordinates": [ [ [ [ 126.930567, 35.148337 ], [ 126.93056, 35.14828 ], [ 126.930466, 35.148284 ], [ 126.930466, 35.148273 ], [ 126.930388, 35.148277 ], [ 126.930392, 35.148326 ], [ 126.930462, 35.148324 ], [ 126.930463, 35.148345 ], [ 126.930567, 35.148337 ] ] ] ] } },
{ "type": "Feature", "properties": { "BUL_MAN_NO": 19659, "BULD_NM": null, "flo": 1.0, "h": 3.3 }, "geometry": { "type": "MultiPolygon", "coordinates": [ [ [ [ 126.930513, 35.148265 ], [ 126.930509, 35.148195 ], [ 126.930465, 35.1482 ], [ 126.930466, 35.148211 ], [ 126.930403, 35.148218 ], [ 126.93041, 35.148262 ], [ 126.930513, 35.148265 ] ] ] ] } },
{ "type": "Feature", "properties": { "BUL_MAN_NO": 19660, "BULD_NM": null, "flo": 1.0, "h": 3.3 }, "geometry": { "type": "MultiPolygon", "coordinates": [ [ [ [ 126.930408, 35.148181 ], [ 126.930378, 35.14818 ], [ 126.93038, 35.148195 ], [ 126.930408, 35.1482 ], [ 126.930408, 35.148181 ] ] ] ] } },
{ "type": "Feature", "properties": { "BUL_MAN_NO": 28293, "BULD_NM": null, "flo": 3.0, "h": 9.9 }, "geometry": { "type": "MultiPolygon", "coordinates": [ [ [ [ 126.930075, 35.148449 ], [ 126.930158, 35.148438 ], [ 126.930151, 35.148377 ], [ 126.930152, 35.148303 ], [ 126.930026, 35.148318 ], [ 126.930039, 35.148348 ], [ 126.930075, 35.148449 ] ] ] ] } },
{ "type": "Feature", "properties": { "BUL_MAN_NO": 32027, "BULD_NM": null, "flo": 4.0, "h": 13.2 }, "geometry": { "type": "MultiPolygon", "coordinates": [ [ [ [ 126.930081, 35.148483 ], [ 126.930107, 35.148596 ], [ 126.930138, 35.148591 ], [ 126.930139, 35.148598 ], [ 126.9302, 35.148588 ], [ 126.930173, 35.148471 ], [ 126.930142, 35.148476 ], [ 126.930146, 35.148493 ], [ 126.930116, 35.148498 ], [ 126.930111, 35.148478 ], [ 126.930081, 35.148483 ] ] ] ] } },
{ "type": "Feature", "properties": { "BUL_MAN_NO": 7504, "BULD_NM": null, "flo": 2.0, "h": 6.6 }, "geometry": { "type": "MultiPolygon", "coordinates": [ [ [ [ 126.930215, 35.148666 ], [ 126.930208, 35.148614 ], [ 126.930108, 35.148622 ], [ 126.930121, 35.148683 ], [ 126.930164, 35.148681 ], [ 126.930162, 35.148672 ], [ 126.930215, 35.148666 ] ] ] ] } },
{ "type": "Feature", "properties": { "BUL_MAN_NO": 19667, "BULD_NM": null, "flo": 2.0, "h": 6.6 }, "geometry": { "type": "MultiPolygon", "coordinates": [ [ [ [ 126.930123, 35.148846 ], [ 126.930102, 35.148749 ], [ 126.930078, 35.148752 ], [ 126.930076, 35.148747 ], [ 126.930029, 35.148753 ], [ 126.930046, 35.148848 ], [ 126.930067, 35.148845 ], [ 126.93007, 35.148853 ], [ 126.930123, 35.148846 ] ] ] ] } },
{ "type": "Feature", "properties": { "BUL_MAN_NO": 19664, "BULD_NM": null, "flo": 2.0, "h": 6.6 }, "geometry": { "type": "MultiPolygon", "coordinates": [ [ [ [ 126.930201, 35.14882 ], [ 126.930185, 35.148696 ], [ 126.93012, 35.148709 ], [ 126.930152, 35.148829 ], [ 126.930201, 35.14882 ] ] ] ] } },
{ "type": "Feature", "properties": { "BUL_MAN_NO": 19666, "BULD_NM": null, "flo": 1.0, "h": 3.3 }, "geometry": { "type": "MultiPolygon", "coordinates": [ [ [ [ 126.930265, 35.148735 ], [ 126.930219, 35.148692 ], [ 126.930201, 35.148706 ], [ 126.930208, 35.148819 ], [ 126.930304, 35.148787 ], [ 126.930293, 35.148768 ], [ 126.930265, 35.148735 ] ] ] ] } },
{ "type": "Feature", "properties": { "BUL_MAN_NO": 27562, "BULD_NM": null, "flo": 3.0, "h": 9.9 }, "geometry": { "type": "MultiPolygon", "coordinates": [ [ [ [ 126.930225, 35.14831 ], [ 126.930225, 35.148311 ], [ 126.930374, 35.14832 ], [ 126.930358, 35.148231 ], [ 126.930219, 35.148225 ], [ 126.930215, 35.148229 ], [ 126.930214, 35.148231 ], [ 126.930225, 35.14831 ] ] ] ] } },
{ "type": "Feature", "properties": { "BUL_MAN_NO": 30802, "BULD_NM": null, "flo": 3.0, "h": 9.9 }, "geometry": { "type": "MultiPolygon", "coordinates": [ [ [ [ 126.930443, 35.148411 ], [ 126.930447, 35.148346 ], [ 126.930243, 35.148338 ], [ 126.930243, 35.148338 ], [ 126.930235, 35.148337 ], [ 126.930234, 35.148358 ], [ 126.930231, 35.148403 ], [ 126.930239, 35.148403 ], [ 126.930239, 35.148403 ], [ 126.930443, 35.148411 ] ] ] ] } },
{ "type": "Feature", "properties": { "BUL_MAN_NO": 30803, "BULD_NM": null, "flo": 3.0, "h": 9.9 }, "geometry": { "type": "MultiPolygon", "coordinates": [ [ [ [ 126.930456, 35.148502 ], [ 126.930255, 35.148509 ], [ 126.930255, 35.148509 ], [ 126.930249, 35.148509 ], [ 126.930245, 35.14844 ], [ 126.930252, 35.14844 ], [ 126.930252, 35.14844 ], [ 126.930453, 35.148433 ], [ 126.930456, 35.148502 ] ] ] ] } },
{ "type": "Feature", "properties": { "BUL_MAN_NO": 29412, "BULD_NM": null, "flo": 3.0, "h": 9.9 }, "geometry": { "type": "MultiPolygon", "coordinates": [ [ [ [ 126.930385, 35.148619 ], [ 126.930386, 35.148623 ], [ 126.930417, 35.148618 ], [ 126.930402, 35.148541 ], [ 126.93033, 35.148551 ], [ 126.93033, 35.148547 ], [ 126.930277, 35.148554 ], [ 126.930282, 35.148581 ], [ 126.930268, 35.148583 ], [ 126.930278, 35.148633 ], [ 126.930385, 35.148619 ] ] ] ] } },
{ "type": "Feature", "properties": { "BUL_MAN_NO": 28652, "BULD_NM": null, "flo": 4.0, "h": 13.2 }, "geometry": { "type": "MultiPolygon", "coordinates": [ [ [ [ 126.930341, 35.148743 ], [ 126.930448, 35.148707 ], [ 126.930432, 35.148639 ], [ 126.930288, 35.148661 ], [ 126.930293, 35.148694 ], [ 126.930316, 35.148703 ], [ 126.930341, 35.148743 ] ] ] ] } },
{ "type": "Feature", "properties": { "BUL_MAN_NO": 29920, "BULD_NM": null, "flo": 4.0, "h": 13.2 }, "geometry": { "type": "MultiPolygon", "coordinates": [ [ [ [ 126.929971, 35.148204 ], [ 126.929927, 35.148212 ], [ 126.929934, 35.148236 ], [ 126.929907, 35.148241 ], [ 126.929936, 35.148345 ], [ 126.930007, 35.148331 ], [ 126.929971, 35.148204 ] ] ] ] } },
{ "type": "Feature", "properties": { "BUL_MAN_NO": 19675, "BULD_NM": null, "flo": 1.0, "h": 3.3 }, "geometry": { "type": "MultiPolygon", "coordinates": [ [ [ [ 126.929894, 35.148494 ], [ 126.929874, 35.148413 ], [ 126.929809, 35.148427 ], [ 126.929841, 35.148506 ], [ 126.929894, 35.148494 ] ] ] ] } },
{ "type": "Feature", "properties": { "BUL_MAN_NO": 36727, "BULD_NM": null, "flo": 1.0, "h": 3.3 }, "geometry": { "type": "MultiPolygon", "coordinates": [ [ [ [ 126.929851, 35.148415 ], [ 126.929847, 35.148399 ], [ 126.929867, 35.148395 ], [ 126.929871, 35.148411 ], [ 126.92987, 35.148411 ], [ 126.929851, 35.148415 ] ] ] ] } },
{ "type": "Feature", "properties": { "BUL_MAN_NO": 36733, "BULD_NM": null, "flo": 1.0, "h": 3.3 }, "geometry": { "type": "MultiPolygon", "coordinates": [ [ [ [ 126.929972, 35.148481 ], [ 126.92997, 35.148472 ], [ 126.929993, 35.148467 ], [ 126.929995, 35.148475 ], [ 126.929972, 35.148481 ] ] ] ] } },
{ "type": "Feature", "properties": { "BUL_MAN_NO": 19681, "BULD_NM": null, "flo": 1.0, "h": 3.3 }, "geometry": { "type": "MultiPolygon", "coordinates": [ [ [ [ 126.930053, 35.148453 ], [ 126.930049, 35.148438 ], [ 126.930035, 35.14844 ], [ 126.930031, 35.148427 ], [ 126.930019, 35.148429 ], [ 126.93, 35.148367 ], [ 126.92995, 35.148378 ], [ 126.929956, 35.148401 ], [ 126.929946, 35.148403 ], [ 126.929965, 35.148471 ], [ 126.930053, 35.148453 ] ] ] ] } },
{ "type": "Feature", "properties": { "BUL_MAN_NO": 19677, "BULD_NM": null, "flo": 1.0, "h": 3.3 }, "geometry": { "type": "MultiPolygon", "coordinates": [ [ [ [ 126.930066, 35.148496 ], [ 126.930059, 35.148469 ], [ 126.929968, 35.148487 ], [ 126.929976, 35.148515 ], [ 126.930066, 35.148496 ] ] ] ] } },
{ "type": "Feature", "properties": { "BUL_MAN_NO": 19676, "BULD_NM": null, "flo": 1.0, "h": 3.3 }, "geometry": { "type": "MultiPolygon", "coordinates": [ [ [ [ 126.930091, 35.148599 ], [ 126.930074, 35.148531 ], [ 126.929985, 35.148545 ], [ 126.930001, 35.148613 ], [ 126.930091, 35.148599 ] ] ] ] } },
{ "type": "Feature", "properties": { "BUL_MAN_NO": 19678, "BULD_NM": null, "flo": 1.0, "h": 3.3 }, "geometry": { "type": "MultiPolygon", "coordinates": [ [ [ [ 126.929939, 35.148689 ], [ 126.929929, 35.148624 ], [ 126.929794, 35.148636 ], [ 126.929806, 35.1487 ], [ 126.929939, 35.148689 ] ] ] ] } },
{ "type": "Feature", "properties": { "BUL_MAN_NO": 36732, "BULD_NM": null, "flo": 1.0, "h": 3.3 }, "geometry": { "type": "MultiPolygon", "coordinates": [ [ [ [ 126.929796, 35.148631 ], [ 126.929793, 35.148615 ], [ 126.929829, 35.148611 ], [ 126.929832, 35.148626 ], [ 126.929796, 35.148631 ] ] ] ] } },
{ "type": "Feature", "properties": { "BUL_MAN_NO": 7512, "BULD_NM": null, "flo": 2.0, "h": 6.6 }, "geometry": { "type": "MultiPolygon", "coordinates": [ [ [ [ 126.930088, 35.1487 ], [ 126.930081, 35.148647 ], [ 126.930058, 35.148649 ], [ 126.93006, 35.148659 ], [ 126.930014, 35.148663 ], [ 126.930025, 35.148732 ], [ 126.930077, 35.148728 ], [ 126.930073, 35.148701 ], [ 126.930088, 35.1487 ] ] ] ] } },
{ "type": "Feature", "properties": { "BUL_MAN_NO": 7514, "BULD_NM": null, "flo": 6.0, "h": 19.8 }, "geometry": { "type": "MultiPolygon", "coordinates": [ [ [ [ 126.929731, 35.148905 ], [ 126.929728, 35.148886 ], [ 126.929771, 35.148881 ], [ 126.929744, 35.148713 ], [ 126.929631, 35.148723 ], [ 126.929652, 35.14887 ], [ 126.929684, 35.148899 ], [ 126.929703, 35.148899 ], [ 126.929718, 35.148907 ], [ 126.929731, 35.148905 ] ] ] ] } },
{ "type": "Feature", "properties": { "BUL_MAN_NO": 19682, "BULD_NM": null, "flo": 4.0, "h": 13.2 }, "geometry": { "type": "MultiPolygon", "coordinates": [ [ [ [ 126.929954, 35.148819 ], [ 126.929939, 35.14873 ], [ 126.929805, 35.148747 ], [ 126.929809, 35.148758 ], [ 126.929787, 35.14876 ], [ 126.929795, 35.148799 ], [ 126.929787, 35.148801 ], [ 126.929795, 35.148838 ], [ 126.929954, 35.148819 ] ] ] ] } },
{ "type": "Feature", "properties": { "BUL_MAN_NO": 19683, "BULD_NM": null, "flo": 1.0, "h": 3.3 }, "geometry": { "type": "MultiPolygon", "coordinates": [ [ [ [ 126.929345, 35.148687 ], [ 126.929321, 35.148591 ], [ 126.929287, 35.148596 ], [ 126.929288, 35.148605 ], [ 126.929255, 35.14861 ], [ 126.929278, 35.148698 ], [ 126.929345, 35.148687 ] ] ] ] } },
{ "type": "Feature", "properties": { "BUL_MAN_NO": 30966, "BULD_NM": null, "flo": 4.0, "h": 13.2 }, "geometry": { "type": "MultiPolygon", "coordinates": [ [ [ [ 126.929444, 35.148461 ], [ 126.929591, 35.148445 ], [ 126.929605, 35.148529 ], [ 126.929458, 35.148545 ], [ 126.929444, 35.148461 ] ] ] ] } },
{ "type": "Feature", "properties": { "BUL_MAN_NO": 19689, "BULD_NM": null, "flo": 1.0, "h": 3.3 }, "geometry": { "type": "MultiPolygon", "coordinates": [ [ [ [ 126.92975, 35.148425 ], [ 126.929727, 35.148354 ], [ 126.929682, 35.148362 ], [ 126.929689, 35.148379 ], [ 126.929622, 35.148391 ], [ 126.929634, 35.148426 ], [ 126.929641, 35.148445 ], [ 126.92975, 35.148425 ] ] ] ] } },
{ "type": "Feature", "properties": { "BUL_MAN_NO": 7513, "BULD_NM": null, "flo": 1.0, "h": 3.3 }, "geometry": { "type": "MultiPolygon", "coordinates": [ [ [ [ 126.929746, 35.148522 ], [ 126.929723, 35.148451 ], [ 126.929655, 35.148466 ], [ 126.929665, 35.148496 ], [ 126.92968, 35.148493 ], [ 126.929693, 35.148534 ], [ 126.929746, 35.148522 ] ] ] ] } },
{ "type": "Feature", "properties": { "BUL_MAN_NO": 19688, "BULD_NM": null, "flo": 2.0, "h": 6.6 }, "geometry": { "type": "MultiPolygon", "coordinates": [ [ [ [ 126.929821, 35.148507 ], [ 126.929803, 35.148438 ], [ 126.929736, 35.148453 ], [ 126.929747, 35.148485 ], [ 126.929755, 35.148522 ], [ 126.929821, 35.148507 ] ] ] ] } },
{ "type": "Feature", "properties": { "BUL_MAN_NO": 30965, "BULD_NM": null, "flo": 4.0, "h": 13.2 }, "geometry": { "type": "MultiPolygon", "coordinates": [ [ [ [ 126.92976, 35.14857 ], [ 126.929785, 35.14868 ], [ 126.929667, 35.148697 ], [ 126.929657, 35.148655 ], [ 126.929667, 35.148653 ], [ 126.929662, 35.148629 ], [ 126.929652, 35.14863 ], [ 126.929642, 35.148587 ], [ 126.92976, 35.14857 ] ] ] ] } },
{ "type": "Feature", "properties": { "BUL_MAN_NO": 19692, "BULD_NM": null, "flo": 1.0, "h": 3.3 }, "geometry": { "type": "MultiPolygon", "coordinates": [ [ [ [ 126.929423, 35.148675 ], [ 126.929399, 35.148586 ], [ 126.92934, 35.148593 ], [ 126.929368, 35.148683 ], [ 126.929423, 35.148675 ] ] ] ] } },
{ "type": "Feature", "properties": { "BUL_MAN_NO": 36720, "BULD_NM": null, "flo": 1.0, "h": 3.3 }, "geometry": { "type": "MultiPolygon", "coordinates": [ [ [ [ 126.929408, 35.148609 ], [ 126.929402, 35.148586 ], [ 126.929415, 35.148583 ], [ 126.929421, 35.148607 ], [ 126.929408, 35.148609 ] ] ] ] } },
{ "type": "Feature", "properties": { "BUL_MAN_NO": 19691, "BULD_NM": null, "flo": 2.0, "h": 6.6 }, "geometry": { "type": "MultiPolygon", "coordinates": [ [ [ [ 126.929449, 35.148792 ], [ 126.929443, 35.148748 ], [ 126.929431, 35.14875 ], [ 126.929423, 35.148698 ], [ 126.929334, 35.148708 ], [ 126.929357, 35.148804 ], [ 126.929449, 35.148792 ] ] ] ] } },
{ "type": "Feature", "properties": { "BUL_MAN_NO": 36719, "BULD_NM": null, "flo": 1.0, "h": 3.3 }, "geometry": { "type": "MultiPolygon", "coordinates": [ [ [ [ 126.929368, 35.148703 ], [ 126.929366, 35.148695 ], [ 126.929419, 35.148686 ], [ 126.929421, 35.148694 ], [ 126.929368, 35.148703 ] ] ] ] } },
{ "type": "Feature", "properties": { "BUL_MAN_NO": 36718, "BULD_NM": null, "flo": 1.0, "h": 3.3 }, "geometry": { "type": "MultiPolygon", "coordinates": [ [ [ [ 126.92943, 35.148718 ], [ 126.929423, 35.148688 ], [ 126.929435, 35.148685 ], [ 126.929443, 35.148715 ], [ 126.92943, 35.148718 ] ] ] ] } },
{ "type": "Feature", "properties": { "BUL_MAN_NO": 7507, "BULD_NM": null, "flo": 1.0, "h": 3.3 }, "geometry": { "type": "MultiPolygon", "coordinates": [ [ [ [ 126.929615, 35.148781 ], [ 126.929493, 35.148747 ], [ 126.929467, 35.148807 ], [ 126.929593, 35.148836 ], [ 126.929615, 35.148781 ] ] ] ] } },
{ "type": "Feature", "properties": { "BUL_MAN_NO": 36728, "BULD_NM": null, "flo": 1.0, "h": 3.3 }, "geometry": { "type": "MultiPolygon", "coordinates": [ [ [ [ 126.929472, 35.148776 ], [ 126.929459, 35.148773 ], [ 126.929475, 35.148733 ], [ 126.92949, 35.148737 ], [ 126.929472, 35.148776 ] ] ] ] } },
{ "type": "Feature", "properties": { "BUL_MAN_NO": 36729, "BULD_NM": null, "flo": 1.0, "h": 3.3 }, "geometry": { "type": "MultiPolygon", "coordinates": [ [ [ [ 126.929597, 35.148843 ], [ 126.929607, 35.148814 ], [ 126.929626, 35.148818 ], [ 126.929615, 35.148848 ], [ 126.929597, 35.148843 ] ] ] ] } },
{ "type": "Feature", "properties": { "BUL_MAN_NO": 19693, "BULD_NM": null, "flo": 1.0, "h": 3.3 }, "geometry": { "type": "MultiPolygon", "coordinates": [ [ [ [ 126.929533, 35.148635 ], [ 126.929524, 35.148604 ], [ 126.929447, 35.148614 ], [ 126.929467, 35.14868 ], [ 126.929508, 35.148676 ], [ 126.929497, 35.148642 ], [ 126.929533, 35.148635 ] ] ] ] } },
{ "type": "Feature", "properties": { "BUL_MAN_NO": 19694, "BULD_NM": null, "flo": 1.0, "h": 3.3 }, "geometry": { "type": "MultiPolygon", "coordinates": [ [ [ [ 126.929641, 35.1487 ], [ 126.929616, 35.148589 ], [ 126.929536, 35.148597 ], [ 126.929545, 35.148651 ], [ 126.929561, 35.148648 ], [ 126.929574, 35.148708 ], [ 126.929641, 35.1487 ] ] ] ] } },
{ "type": "Feature", "properties": { "BUL_MAN_NO": 13840, "BULD_NM": null, "flo": 2.0, "h": 6.6 }, "geometry": { "type": "MultiPolygon", "coordinates": [ [ [ [ 126.929315, 35.148814 ], [ 126.929299, 35.148743 ], [ 126.929189, 35.148766 ], [ 126.929196, 35.148801 ], [ 126.929183, 35.148805 ], [ 126.929193, 35.14884 ], [ 126.929315, 35.148814 ] ] ] ] } },
{ "type": "Feature", "properties": { "BUL_MAN_NO": 36715, "BULD_NM": null, "flo": 1.0, "h": 3.3 }, "geometry": { "type": "MultiPolygon", "coordinates": [ [ [ [ 126.929191, 35.148762 ], [ 126.929186, 35.148744 ], [ 126.929275, 35.148725 ], [ 126.92928, 35.148743 ], [ 126.929191, 35.148762 ] ] ] ] } },
{ "type": "Feature", "properties": { "BUL_MAN_NO": 6373, "BULD_NM": null, "flo": 1.0, "h": 3.3 }, "geometry": { "type": "MultiPolygon", "coordinates": [ [ [ [ 126.929569, 35.148905 ], [ 126.929532, 35.148887 ], [ 126.929491, 35.148948 ], [ 126.929521, 35.148966 ], [ 126.929569, 35.148905 ] ] ] ] } },
{ "type": "Feature", "properties": { "BUL_MAN_NO": 6374, "BULD_NM": null, "flo": 1.0, "h": 3.3 }, "geometry": { "type": "MultiPolygon", "coordinates": [ [ [ [ 126.929599, 35.148868 ], [ 126.929519, 35.14883 ], [ 126.929492, 35.148864 ], [ 126.929571, 35.148904 ], [ 126.929599, 35.148868 ] ] ] ] } },
{ "type": "Feature", "properties": { "BUL_MAN_NO": 6371, "BULD_NM": null, "flo": 1.0, "h": 3.3 }, "geometry": { "type": "MultiPolygon", "coordinates": [ [ [ [ 126.92952, 35.148969 ], [ 126.929422, 35.148917 ], [ 126.929397, 35.148947 ], [ 126.9295, 35.148999 ], [ 126.92952, 35.148969 ] ] ] ] } },
{ "type": "Feature", "properties": { "BUL_MAN_NO": 6372, "BULD_NM": null, "flo": 1.0, "h": 3.3 }, "geometry": { "type": "MultiPolygon", "coordinates": [ [ [ [ 126.929333, 35.148874 ], [ 126.929297, 35.148847 ], [ 126.929274, 35.148868 ], [ 126.929311, 35.148895 ], [ 126.929333, 35.148874 ] ] ] ] } },
{ "type": "Feature", "properties": { "BUL_MAN_NO": 6370, "BULD_NM": null, "flo": 1.0, "h": 3.3 }, "geometry": { "type": "MultiPolygon", "coordinates": [ [ [ [ 126.929466, 35.148861 ], [ 126.929401, 35.148814 ], [ 126.929316, 35.148898 ], [ 126.929387, 35.148942 ], [ 126.929466, 35.148861 ] ] ] ] } },
{ "type": "Feature", "properties": { "BUL_MAN_NO": 27530, "BULD_NM": null, "flo": 1.0, "h": 3.3 }, "geometry": { "type": "MultiPolygon", "coordinates": [ [ [ [ 126.930177, 35.150226 ], [ 126.930333, 35.150214 ], [ 126.930323, 35.150164 ], [ 126.930229, 35.150174 ], [ 126.930226, 35.150164 ], [ 126.93017, 35.15017 ], [ 126.930177, 35.150226 ] ] ] ] } },
{ "type": "Feature", "properties": { "BUL_MAN_NO": 19768, "BULD_NM": null, "flo": 1.0, "h": 3.3 }, "geometry": { "type": "MultiPolygon", "coordinates": [ [ [ [ 126.93058, 35.150106 ], [ 126.930566, 35.150039 ], [ 126.930526, 35.150042 ], [ 126.930526, 35.150059 ], [ 126.930445, 35.150062 ], [ 126.930448, 35.150119 ], [ 126.93058, 35.150106 ] ] ] ] } },
{ "type": "Feature", "properties": { "BUL_MAN_NO": 19769, "BULD_NM": null, "flo": 1.0, "h": 3.3 }, "geometry": { "type": "MultiPolygon", "coordinates": [ [ [ [ 126.930565, 35.149954 ], [ 126.930566, 35.149942 ], [ 126.930509, 35.149943 ], [ 126.930515, 35.150001 ], [ 126.930558, 35.150004 ], [ 126.930556, 35.149956 ], [ 126.930565, 35.149954 ] ] ] ] } },
{ "type": "Feature", "properties": { "BUL_MAN_NO": 19767, "BULD_NM": null, "flo": 1.0, "h": 3.3 }, "geometry": { "type": "MultiPolygon", "coordinates": [ [ [ [ 126.930778, 35.150115 ], [ 126.930765, 35.150047 ], [ 126.930699, 35.150055 ], [ 126.930698, 35.150051 ], [ 126.930636, 35.150061 ], [ 126.930653, 35.150137 ], [ 126.930778, 35.150115 ] ] ] ] } },
{ "type": "Feature", "properties": { "BUL_MAN_NO": 19766, "BULD_NM": null, "flo": 1.0, "h": 3.3 }, "geometry": { "type": "MultiPolygon", "coordinates": [ [ [ [ 126.930588, 35.150082 ], [ 126.93059, 35.150086 ], [ 126.930593, 35.150108 ], [ 126.930604, 35.150157 ], [ 126.930635, 35.150149 ], [ 126.930624, 35.150076 ], [ 126.930588, 35.150082 ] ] ] ] } },
{ "type": "Feature", "properties": { "BUL_MAN_NO": 19770, "BULD_NM": null, "flo": 1.0, "h": 3.3 }, "geometry": { "type": "MultiPolygon", "coordinates": [ [ [ [ 126.93064, 35.150001 ], [ 126.930652, 35.149966 ], [ 126.930599, 35.149971 ], [ 126.93057, 35.149972 ], [ 126.930569, 35.150004 ], [ 126.930575, 35.150004 ], [ 126.93064, 35.150001 ] ] ] ] } },
{ "type": "Feature", "properties": { "BUL_MAN_NO": 19789, "BULD_NM": null, "flo": 1.0, "h": 3.3 }, "geometry": { "type": "MultiPolygon", "coordinates": [ [ [ [ 126.930368, 35.149911 ], [ 126.930358, 35.149857 ], [ 126.930225, 35.149872 ], [ 126.930234, 35.149926 ], [ 126.930368, 35.149911 ] ] ] ] } },
{ "type": "Feature", "properties": { "BUL_MAN_NO": 19790, "BULD_NM": null, "flo": 1.0, "h": 3.3 }, "geometry": { "type": "MultiPolygon", "coordinates": [ [ [ [ 126.930374, 35.149843 ], [ 126.930369, 35.149812 ], [ 126.930302, 35.149822 ], [ 126.930305, 35.149849 ], [ 126.930354, 35.149844 ], [ 126.930374, 35.149843 ] ] ] ] } },
{ "type": "Feature", "properties": { "BUL_MAN_NO": 19792, "BULD_NM": null, "flo": 1.0, "h": 3.3 }, "geometry": { "type": "MultiPolygon", "coordinates": [ [ [ [ 126.930491, 35.149894 ], [ 126.930484, 35.149839 ], [ 126.930376, 35.149851 ], [ 126.930388, 35.149904 ], [ 126.930491, 35.149894 ] ] ] ] } },
{ "type": "Feature", "properties": { "BUL_MAN_NO": 19791, "BULD_NM": null, "flo": 1.0, "h": 3.3 }, "geometry": { "type": "MultiPolygon", "coordinates": [ [ [ [ 126.930484, 35.149836 ], [ 126.93048, 35.149806 ], [ 126.930378, 35.149814 ], [ 126.930383, 35.149842 ], [ 126.930484, 35.149836 ] ] ] ] } },
{ "type": "Feature", "properties": { "BUL_MAN_NO": 19794, "BULD_NM": null, "flo": 1.0, "h": 3.3 }, "geometry": { "type": "MultiPolygon", "coordinates": [ [ [ [ 126.930504, 35.149999 ], [ 126.9305, 35.149947 ], [ 126.930395, 35.14996 ], [ 126.930405, 35.150012 ], [ 126.930504, 35.149999 ] ] ] ] } },
{ "type": "Feature", "properties": { "BUL_MAN_NO": 19793, "BULD_NM": null, "flo": 1.0, "h": 3.3 }, "geometry": { "type": "MultiPolygon", "coordinates": [ [ [ [ 126.93049, 35.149946 ], [ 126.93048, 35.149909 ], [ 126.930397, 35.149918 ], [ 126.930407, 35.149957 ], [ 126.93049, 35.149946 ] ] ] ] } },
{ "type": "Feature", "properties": { "BUL_MAN_NO": 19795, "BULD_NM": null, "flo": 1.0, "h": 3.3 }, "geometry": { "type": "MultiPolygon", "coordinates": [ [ [ [ 126.930638, 35.149929 ], [ 126.930631, 35.14989 ], [ 126.930507, 35.149896 ], [ 126.930514, 35.149933 ], [ 126.930638, 35.149929 ] ] ] ] } },
{ "type": "Feature", "properties": { "BUL_MAN_NO": 19796, "BULD_NM": null, "flo": 1.0, "h": 3.3 }, "geometry": { "type": "MultiPolygon", "coordinates": [ [ [ [ 126.930554, 35.149831 ], [ 126.930549, 35.1498 ], [ 126.930496, 35.149804 ], [ 126.930506, 35.149884 ], [ 126.930543, 35.149882 ], [ 126.930537, 35.149833 ], [ 126.930554, 35.149831 ] ] ] ] } },
{ "type": "Feature", "properties": { "BUL_MAN_NO": 27535, "BULD_NM": null, "flo": 1.0, "h": 3.3 }, "geometry": { "type": "MultiPolygon", "coordinates": [ [ [ [ 126.930649, 35.149939 ], [ 126.930767, 35.14993 ], [ 126.930765, 35.149876 ], [ 126.930676, 35.149881 ], [ 126.930674, 35.149904 ], [ 126.930643, 35.149906 ], [ 126.930649, 35.149939 ] ] ] ] } },
{ "type": "Feature", "properties": { "BUL_MAN_NO": 19797, "BULD_NM": null, "flo": 1.0, "h": 3.3 }, "geometry": { "type": "MultiPolygon", "coordinates": [ [ [ [ 126.930766, 35.149861 ], [ 126.930761, 35.149804 ], [ 126.930647, 35.149811 ], [ 126.930652, 35.149868 ], [ 126.930766, 35.149861 ] ] ] ] } },
{ "type": "Feature", "properties": { "BUL_MAN_NO": 19798, "BULD_NM": null, "flo": 1.0, "h": 3.3 }, "geometry": { "type": "MultiPolygon", "coordinates": [ [ [ [ 126.930682, 35.149807 ], [ 126.930681, 35.149788 ], [ 126.930644, 35.149793 ], [ 126.930647, 35.149808 ], [ 126.930682, 35.149807 ] ] ] ] } },
{ "type": "Feature", "properties": { "BUL_MAN_NO": 11005, "BULD_NM": null, "flo": 1.0, "h": 3.3 }, "geometry": { "type": "MultiPolygon", "coordinates": [ [ [ [ 126.930617, 35.149709 ], [ 126.930498, 35.149722 ], [ 126.930507, 35.149777 ], [ 126.930623, 35.149765 ], [ 126.930617, 35.149709 ] ] ] ] } },
{ "type": "Feature", "properties": { "BUL_MAN_NO": 19785, "BULD_NM": null, "flo": 1.0, "h": 3.3 }, "geometry": { "type": "MultiPolygon", "coordinates": [ [ [ [ 126.930654, 35.149687 ], [ 126.930653, 35.149664 ], [ 126.930588, 35.149666 ], [ 126.930584, 35.149643 ], [ 126.930479, 35.149652 ], [ 126.930488, 35.149706 ], [ 126.930592, 35.149694 ], [ 126.930654, 35.149687 ] ] ] ] } },
{ "type": "Feature", "properties": { "BUL_MAN_NO": 11006, "BULD_NM": null, "flo": 1.0, "h": 3.3 }, "geometry": { "type": "MultiPolygon", "coordinates": [ [ [ [ 126.930708, 35.149755 ], [ 126.930711, 35.149659 ], [ 126.930667, 35.149659 ], [ 126.930667, 35.149689 ], [ 126.930654, 35.149689 ], [ 126.930659, 35.149758 ], [ 126.930708, 35.149755 ] ] ] ] } },
{ "type": "Feature", "properties": { "BUL_MAN_NO": 27532, "BULD_NM": null, "flo": 1.0, "h": 3.3 }, "geometry": { "type": "MultiPolygon", "coordinates": [ [ [ [ 126.930812, 35.149711 ], [ 126.930813, 35.149756 ], [ 126.930891, 35.149753 ], [ 126.93089, 35.149705 ], [ 126.930809, 35.149707 ], [ 126.930809, 35.14971 ], [ 126.930812, 35.149711 ] ] ] ] } },
{ "type": "Feature", "properties": { "BUL_MAN_NO": 27534, "BULD_NM": null, "flo": 1.0, "h": 3.3 }, "geometry": { "type": "MultiPolygon", "coordinates": [ [ [ [ 126.930814, 35.149695 ], [ 126.930811, 35.149638 ], [ 126.930772, 35.14964 ], [ 126.930769, 35.149628 ], [ 126.93073, 35.14963 ], [ 126.93073, 35.149703 ], [ 126.930768, 35.149704 ], [ 126.930768, 35.149696 ], [ 126.930814, 35.149695 ] ] ] ] } },
{ "type": "Feature", "properties": { "BUL_MAN_NO": 27533, "BULD_NM": null, "flo": 1.0, "h": 3.3 }, "geometry": { "type": "MultiPolygon", "coordinates": [ [ [ [ 126.930809, 35.149711 ], [ 126.930727, 35.149713 ], [ 126.930729, 35.149762 ], [ 126.930809, 35.149759 ], [ 126.930809, 35.149711 ] ] ] ] } },
{ "type": "Feature", "properties": { "BUL_MAN_NO": 19781, "BULD_NM": null, "flo": 1.0, "h": 3.3 }, "geometry": { "type": "MultiPolygon", "coordinates": [ [ [ [ 126.930716, 35.14956 ], [ 126.930694, 35.149558 ], [ 126.930693, 35.1496 ], [ 126.930602, 35.149601 ], [ 126.930604, 35.149658 ], [ 126.930714, 35.149657 ], [ 126.930714, 35.1496 ], [ 126.930715, 35.149592 ], [ 126.930719, 35.149592 ], [ 126.930716, 35.14956 ] ] ] ] } },
{ "type": "Feature", "properties": { "BUL_MAN_NO": 36612, "BULD_NM": null, "flo": 1.0, "h": 3.3 }, "geometry": { "type": "MultiPolygon", "coordinates": [ [ [ [ 126.930599, 35.149658 ], [ 126.930604, 35.149658 ], [ 126.930602, 35.14963 ], [ 126.930597, 35.14963 ], [ 126.930599, 35.149658 ] ] ] ] } },
{ "type": "Feature", "properties": { "BUL_MAN_NO": 19783, "BULD_NM": null, "flo": 1.0, "h": 3.3 }, "geometry": { "type": "MultiPolygon", "coordinates": [ [ [ [ 126.930675, 35.149461 ], [ 126.930667, 35.149462 ], [ 126.93058, 35.149476 ], [ 126.930567, 35.14948 ], [ 126.930573, 35.1495 ], [ 126.930678, 35.149475 ], [ 126.930675, 35.149461 ] ] ] ] } },
{ "type": "Feature", "properties": { "BUL_MAN_NO": 19782, "BULD_NM": null, "flo": 1.0, "h": 3.3 }, "geometry": { "type": "MultiPolygon", "coordinates": [ [ [ [ 126.930678, 35.149557 ], [ 126.93068, 35.149501 ], [ 126.930573, 35.149506 ], [ 126.930575, 35.149557 ], [ 126.930678, 35.149557 ] ] ] ] } },
{ "type": "Feature", "properties": { "BUL_MAN_NO": 19804, "BULD_NM": null, "flo": 1.0, "h": 3.3 }, "geometry": { "type": "MultiPolygon", "coordinates": [ [ [ [ 126.930222, 35.149429 ], [ 126.930211, 35.149353 ], [ 126.930155, 35.149357 ], [ 126.930167, 35.149436 ], [ 126.930222, 35.149429 ] ] ] ] } },
{ "type": "Feature", "properties": { "BUL_MAN_NO": 19803, "BULD_NM": null, "flo": 1.0, "h": 3.3 }, "geometry": { "type": "MultiPolygon", "coordinates": [ [ [ [ 126.930262, 35.149474 ], [ 126.930113, 35.149477 ], [ 126.930118, 35.149512 ], [ 126.930262, 35.149512 ], [ 126.930262, 35.149479 ], [ 126.930262, 35.149474 ] ] ] ] } },
{ "type": "Feature", "properties": { "BUL_MAN_NO": 19802, "BULD_NM": null, "flo": 2.0, "h": 6.6 }, "geometry": { "type": "MultiPolygon", "coordinates": [ [ [ [ 126.930451, 35.149527 ], [ 126.930451, 35.149503 ], [ 126.930382, 35.149503 ], [ 126.930383, 35.149497 ], [ 126.930314, 35.149499 ], [ 126.93032, 35.149606 ], [ 126.930463, 35.1496 ], [ 126.930459, 35.149527 ], [ 126.930451, 35.149527 ] ] ] ] } },
{ "type": "Feature", "properties": { "BUL_MAN_NO": 19801, "BULD_NM": null, "flo": 2.0, "h": 6.6 }, "geometry": { "type": "MultiPolygon", "coordinates": [ [ [ [ 126.930589, 35.149625 ], [ 126.930586, 35.149576 ], [ 126.930571, 35.149576 ], [ 126.930565, 35.149576 ], [ 126.93056, 35.149502 ], [ 126.930471, 35.149507 ], [ 126.930478, 35.14963 ], [ 126.930571, 35.149626 ], [ 126.930589, 35.149625 ] ] ] ] } },
{ "type": "Feature", "properties": { "BUL_MAN_NO": 19971, "BULD_NM": null, "flo": 4.0, "h": 13.2 }, "geometry": { "type": "MultiPolygon", "coordinates": [ [ [ [ 126.930582, 35.149426 ], [ 126.930566, 35.149319 ], [ 126.930416, 35.149334 ], [ 126.930431, 35.149439 ], [ 126.930582, 35.149426 ] ] ] ] } },
{ "type": "Feature", "properties": { "BUL_MAN_NO": 19967, "BULD_NM": null, "flo": 1.0, "h": 3.3 }, "geometry": { "type": "MultiPolygon", "coordinates": [ [ [ [ 126.930316, 35.149171 ], [ 126.930266, 35.149148 ], [ 126.930245, 35.149215 ], [ 126.93029, 35.149225 ], [ 126.930316, 35.149171 ] ] ] ] } },
{ "type": "Feature", "properties": { "BUL_MAN_NO": 19968, "BULD_NM": null, "flo": 1.0, "h": 3.3 }, "geometry": { "type": "MultiPolygon", "coordinates": [ [ [ [ 126.930373, 35.149208 ], [ 126.930321, 35.149172 ], [ 126.930296, 35.149225 ], [ 126.930379, 35.149242 ], [ 126.930412, 35.149231 ], [ 126.930373, 35.149208 ] ] ] ] } },
{ "type": "Feature", "properties": { "BUL_MAN_NO": 19969, "BULD_NM": null, "flo": 2.0, "h": 6.6 }, "geometry": { "type": "MultiPolygon", "coordinates": [ [ [ [ 126.930382, 35.149339 ], [ 126.930378, 35.149373 ], [ 126.930355, 35.149374 ], [ 126.930355, 35.149384 ], [ 126.930339, 35.149384 ], [ 126.930339, 35.149393 ], [ 126.930325, 35.149393 ], [ 126.930321, 35.149441 ], [ 126.930406, 35.149445 ], [ 126.930408, 35.14934 ], [ 126.930382, 35.149339 ] ] ] ] } },
{ "type": "Feature", "properties": { "BUL_MAN_NO": 19970, "BULD_NM": null, "flo": 1.0, "h": 3.3 }, "geometry": { "type": "MultiPolygon", "coordinates": [ [ [ [ 126.930341, 35.14938 ], [ 126.930343, 35.149366 ], [ 126.930326, 35.149366 ], [ 126.930325, 35.14938 ], [ 126.930341, 35.14938 ] ] ] ] } },
{ "type": "Feature", "properties": { "BUL_MAN_NO": 36622, "BULD_NM": null, "flo": 1.0, "h": 3.3 }, "geometry": { "type": "MultiPolygon", "coordinates": [ [ [ [ 126.930216, 35.149439 ], [ 126.930216, 35.149432 ], [ 126.930226, 35.149432 ], [ 126.930225, 35.149439 ], [ 126.930216, 35.149439 ] ] ] ] } },
{ "type": "Feature", "properties": { "BUL_MAN_NO": 19961, "BULD_NM": null, "flo": 2.0, "h": 6.6 }, "geometry": { "type": "MultiPolygon", "coordinates": [ [ [ [ 126.930317, 35.149342 ], [ 126.930227, 35.149337 ], [ 126.930221, 35.149411 ], [ 126.930231, 35.149412 ], [ 126.93023, 35.149436 ], [ 126.93031, 35.14944 ], [ 126.930317, 35.149342 ] ] ] ] } },
{ "type": "Feature", "properties": { "BUL_MAN_NO": 36623, "BULD_NM": null, "flo": 1.0, "h": 3.3 }, "geometry": { "type": "MultiPolygon", "coordinates": [ [ [ [ 126.93022, 35.149331 ], [ 126.930219, 35.149324 ], [ 126.930227, 35.149324 ], [ 126.930227, 35.149331 ], [ 126.93022, 35.149331 ] ] ] ] } },
{ "type": "Feature", "properties": { "BUL_MAN_NO": 19962, "BULD_NM": null, "flo": 1.0, "h": 3.3 }, "geometry": { "type": "MultiPolygon", "coordinates": [ [ [ [ 126.930212, 35.149321 ], [ 126.930115, 35.149309 ], [ 126.930111, 35.149338 ], [ 126.930208, 35.149352 ], [ 126.930212, 35.149321 ] ] ] ] } },
{ "type": "Feature", "properties": { "BUL_MAN_NO": 19963, "BULD_NM": null, "flo": 1.0, "h": 3.3 }, "geometry": { "type": "MultiPolygon", "coordinates": [ [ [ [ 126.930101, 35.149345 ], [ 126.930108, 35.149306 ], [ 126.930018, 35.149296 ], [ 126.930007, 35.149362 ], [ 126.930007, 35.149364 ], [ 126.930047, 35.149369 ], [ 126.930052, 35.14934 ], [ 126.930101, 35.149345 ] ] ] ] } },
{ "type": "Feature", "properties": { "BUL_MAN_NO": 19964, "BULD_NM": null, "flo": 1.0, "h": 3.3 }, "geometry": { "type": "MultiPolygon", "coordinates": [ [ [ [ 126.930131, 35.149428 ], [ 126.93012, 35.149367 ], [ 126.930027, 35.149381 ], [ 126.930035, 35.149421 ], [ 126.930062, 35.149417 ], [ 126.930064, 35.149427 ], [ 126.93009, 35.149424 ], [ 126.930093, 35.149432 ], [ 126.930131, 35.149428 ] ] ] ] } },
{ "type": "Feature", "properties": { "BUL_MAN_NO": 19965, "BULD_NM": null, "flo": 1.0, "h": 3.3 }, "geometry": { "type": "MultiPolygon", "coordinates": [ [ [ [ 126.930007, 35.149298 ], [ 126.929942, 35.149289 ], [ 126.929939, 35.149342 ], [ 126.929989, 35.149351 ], [ 126.930007, 35.149298 ] ] ] ] } },
{ "type": "Feature", "properties": { "BUL_MAN_NO": 19966, "BULD_NM": "태영오피스텔", "flo": 5.0, "h": 16.5 }, "geometry": { "type": "MultiPolygon", "coordinates": [ [ [ [ 126.929842, 35.149415 ], [ 126.929846, 35.14939 ], [ 126.929919, 35.1494 ], [ 126.929927, 35.149366 ], [ 126.92991, 35.149363 ], [ 126.929911, 35.149348 ], [ 126.929908, 35.149346 ], [ 126.92991, 35.149335 ], [ 126.929907, 35.149334 ], [ 126.929908, 35.149328 ], [ 126.929861, 35.149319 ], [ 126.929864, 35.149306 ], [ 126.929717, 35.149285 ], [ 126.929713, 35.149308 ], [ 126.929685, 35.149302 ], [ 126.92969, 35.149282 ], [ 126.929614, 35.14927 ], [ 126.929604, 35.149324 ], [ 126.929623, 35.149327 ], [ 126.929622, 35.149339 ], [ 126.929613, 35.149337 ], [ 126.929606, 35.149367 ], [ 126.929659, 35.149375 ], [ 126.929661, 35.149367 ], [ 126.92967, 35.149369 ], [ 126.929669, 35.14937 ], [ 126.929702, 35.149375 ], [ 126.929695, 35.149408 ], [ 126.929786, 35.149421 ], [ 126.929842, 35.149415 ] ] ] ] } },
{ "type": "Feature", "properties": { "BUL_MAN_NO": 36723, "BULD_NM": null, "flo": 1.0, "h": 3.3 }, "geometry": { "type": "MultiPolygon", "coordinates": [ [ [ [ 126.930158, 35.149185 ], [ 126.930159, 35.149175 ], [ 126.930192, 35.149175 ], [ 126.930191, 35.149185 ], [ 126.930158, 35.149185 ] ] ] ] } },
{ "type": "Feature", "properties": { "BUL_MAN_NO": 19974, "BULD_NM": null, "flo": 2.0, "h": 6.6 }, "geometry": { "type": "MultiPolygon", "coordinates": [ [ [ [ 126.930226, 35.149171 ], [ 126.930226, 35.149155 ], [ 126.93025, 35.149155 ], [ 126.930253, 35.14909 ], [ 126.930263, 35.14909 ], [ 126.930264, 35.149046 ], [ 126.930198, 35.149046 ], [ 126.930198, 35.149042 ], [ 126.930165, 35.149042 ], [ 126.930165, 35.149035 ], [ 126.930154, 35.149035 ], [ 126.930151, 35.14917 ], [ 126.930226, 35.149171 ] ] ] ] } },
{ "type": "Feature", "properties": { "BUL_MAN_NO": 19972, "BULD_NM": null, "flo": 3.0, "h": 9.9 }, "geometry": { "type": "MultiPolygon", "coordinates": [ [ [ [ 126.930138, 35.149082 ], [ 126.930034, 35.149076 ], [ 126.930028, 35.149133 ], [ 126.930057, 35.149136 ], [ 126.930054, 35.149174 ], [ 126.930134, 35.149179 ], [ 126.930138, 35.149135 ], [ 126.930135, 35.149134 ], [ 126.930138, 35.149082 ] ] ] ] } },
{ "type": "Feature", "properties": { "BUL_MAN_NO": 19979, "BULD_NM": null, "flo": 1.0, "h": 3.3 }, "geometry": { "type": "MultiPolygon", "coordinates": [ [ [ [ 126.930201, 35.149238 ], [ 126.930015, 35.149219 ], [ 126.93001, 35.149254 ], [ 126.930195, 35.149277 ], [ 126.930201, 35.149238 ] ] ] ] } },
{ "type": "Feature", "properties": { "BUL_MAN_NO": 19975, "BULD_NM": null, "flo": 3.0, "h": 9.9 }, "geometry": { "type": "MultiPolygon", "coordinates": [ [ [ [ 126.929756, 35.149124 ], [ 126.929749, 35.149119 ], [ 126.929628, 35.149163 ], [ 126.929709, 35.149213 ], [ 126.929832, 35.149229 ], [ 126.92984, 35.149187 ], [ 126.929794, 35.149182 ], [ 126.929744, 35.149151 ], [ 126.929756, 35.149124 ] ] ] ] } },
{ "type": "Feature", "properties": { "BUL_MAN_NO": 19976, "BULD_NM": null, "flo": 1.0, "h": 3.3 }, "geometry": { "type": "MultiPolygon", "coordinates": [ [ [ [ 126.929859, 35.149207 ], [ 126.92984, 35.149204 ], [ 126.929835, 35.14923 ], [ 126.929854, 35.149232 ], [ 126.929859, 35.149207 ] ] ] ] } },
{ "type": "Feature", "properties": { "BUL_MAN_NO": 19978, "BULD_NM": null, "flo": 1.0, "h": 3.3 }, "geometry": { "type": "MultiPolygon", "coordinates": [ [ [ [ 126.929982, 35.149217 ], [ 126.929903, 35.149208 ], [ 126.929899, 35.149236 ], [ 126.929974, 35.149247 ], [ 126.929982, 35.149217 ] ] ] ] } },
{ "type": "Feature", "properties": { "BUL_MAN_NO": 20051, "BULD_NM": null, "flo": 2.0, "h": 6.6 }, "geometry": { "type": "MultiPolygon", "coordinates": [ [ [ [ 126.931187, 35.150126 ], [ 126.931181, 35.150038 ], [ 126.931092, 35.150038 ], [ 126.931095, 35.150075 ], [ 126.931107, 35.150075 ], [ 126.931114, 35.150132 ], [ 126.931187, 35.150126 ] ] ] ] } },
{ "type": "Feature", "properties": { "BUL_MAN_NO": 20062, "BULD_NM": null, "flo": 1.0, "h": 3.3 }, "geometry": { "type": "MultiPolygon", "coordinates": [ [ [ [ 126.931174, 35.15 ], [ 126.931168, 35.149941 ], [ 126.931161, 35.149943 ], [ 126.931161, 35.14994 ], [ 126.931089, 35.149947 ], [ 126.931091, 35.149972 ], [ 126.931062, 35.149973 ], [ 126.931065, 35.15 ], [ 126.931065, 35.150002 ], [ 126.931038, 35.150003 ], [ 126.931038, 35.150027 ], [ 126.931175, 35.15002 ], [ 126.931174, 35.15 ] ] ] ] } },
{ "type": "Feature", "properties": { "BUL_MAN_NO": 20056, "BULD_NM": null, "flo": 1.0, "h": 3.3 }, "geometry": { "type": "MultiPolygon", "coordinates": [ [ [ [ 126.931169, 35.149934 ], [ 126.931163, 35.149855 ], [ 126.931118, 35.14986 ], [ 126.931122, 35.149907 ], [ 126.931091, 35.149909 ], [ 126.931096, 35.149938 ], [ 126.931169, 35.149934 ] ] ] ] } },
{ "type": "Feature", "properties": { "BUL_MAN_NO": 20058, "BULD_NM": null, "flo": 1.0, "h": 3.3 }, "geometry": { "type": "MultiPolygon", "coordinates": [ [ [ [ 126.931297, 35.14972 ], [ 126.931279, 35.149712 ], [ 126.931244, 35.149717 ], [ 126.931233, 35.149729 ], [ 126.931235, 35.149746 ], [ 126.931301, 35.149741 ], [ 126.931297, 35.14972 ] ] ] ] } },
{ "type": "Feature", "properties": { "BUL_MAN_NO": 20057, "BULD_NM": null, "flo": 1.0, "h": 3.3 }, "geometry": { "type": "MultiPolygon", "coordinates": [ [ [ [ 126.931316, 35.149806 ], [ 126.931297, 35.149744 ], [ 126.931251, 35.149751 ], [ 126.931252, 35.149764 ], [ 126.931192, 35.149778 ], [ 126.931207, 35.149827 ], [ 126.931316, 35.149806 ] ] ] ] } },
{ "type": "Feature", "properties": { "BUL_MAN_NO": 20061, "BULD_NM": null, "flo": 1.0, "h": 3.3 }, "geometry": { "type": "MultiPolygon", "coordinates": [ [ [ [ 126.931303, 35.149906 ], [ 126.931295, 35.149832 ], [ 126.93126, 35.149834 ], [ 126.931261, 35.149846 ], [ 126.931182, 35.149852 ], [ 126.931188, 35.149915 ], [ 126.931303, 35.149906 ] ] ] ] } },
{ "type": "Feature", "properties": { "BUL_MAN_NO": 20060, "BULD_NM": null, "flo": 1.0, "h": 3.3 }, "geometry": { "type": "MultiPolygon", "coordinates": [ [ [ [ 126.93131, 35.149998 ], [ 126.931305, 35.149923 ], [ 126.931272, 35.149925 ], [ 126.931274, 35.149943 ], [ 126.931195, 35.14995 ], [ 126.931201, 35.150009 ], [ 126.93131, 35.149998 ] ] ] ] } },
{ "type": "Feature", "properties": { "BUL_MAN_NO": 20059, "BULD_NM": null, "flo": 3.0, "h": 9.9 }, "geometry": { "type": "MultiPolygon", "coordinates": [ [ [ [ 126.93144, 35.150092 ], [ 126.931431, 35.150003 ], [ 126.931205, 35.150016 ], [ 126.931212, 35.150124 ], [ 126.931277, 35.150119 ], [ 126.931275, 35.150102 ], [ 126.93144, 35.150092 ] ] ] ] } },
{ "type": "Feature", "properties": { "BUL_MAN_NO": 20077, "BULD_NM": null, "flo": 1.0, "h": 3.3 }, "geometry": { "type": "MultiPolygon", "coordinates": [ [ [ [ 126.931047, 35.14951 ], [ 126.931038, 35.149458 ], [ 126.93088, 35.149476 ], [ 126.930889, 35.149525 ], [ 126.931047, 35.14951 ] ] ] ] } },
{ "type": "Feature", "properties": { "BUL_MAN_NO": 7438, "BULD_NM": null, "flo": 1.0, "h": 3.3 }, "geometry": { "type": "MultiPolygon", "coordinates": [ [ [ [ 126.930944, 35.149429 ], [ 126.930933, 35.149403 ], [ 126.930856, 35.149428 ], [ 126.93087, 35.149454 ], [ 126.930944, 35.149429 ] ] ] ] } },
{ "type": "Feature", "properties": { "BUL_MAN_NO": 20078, "BULD_NM": null, "flo": 3.0, "h": 9.9 }, "geometry": { "type": "MultiPolygon", "coordinates": [ [ [ [ 126.931082, 35.149358 ], [ 126.930959, 35.149309 ], [ 126.93092, 35.149371 ], [ 126.931047, 35.149416 ], [ 126.931082, 35.149358 ] ] ] ] } },
{ "type": "Feature", "properties": { "BUL_MAN_NO": 7439, "BULD_NM": null, "flo": 2.0, "h": 6.6 }, "geometry": { "type": "MultiPolygon", "coordinates": [ [ [ [ 126.931256, 35.149489 ], [ 126.931253, 35.149439 ], [ 126.931125, 35.149447 ], [ 126.931125, 35.14945 ], [ 126.931118, 35.149457 ], [ 126.931068, 35.149461 ], [ 126.93107, 35.149508 ], [ 126.931256, 35.149489 ] ] ] ] } },
{ "type": "Feature", "properties": { "BUL_MAN_NO": 7440, "BULD_NM": null, "flo": 1.0, "h": 3.3 }, "geometry": { "type": "MultiPolygon", "coordinates": [ [ [ [ 126.931198, 35.149427 ], [ 126.931194, 35.149372 ], [ 126.931084, 35.149376 ], [ 126.931088, 35.149432 ], [ 126.931198, 35.149427 ] ] ] ] } },
{ "type": "Feature", "properties": { "BUL_MAN_NO": 20228, "BULD_NM": null, "flo": 2.0, "h": 6.6 }, "geometry": { "type": "MultiPolygon", "coordinates": [ [ [ [ 126.930976, 35.149025 ], [ 126.930967, 35.149024 ], [ 126.930964, 35.148953 ], [ 126.930899, 35.148955 ], [ 126.9309, 35.148985 ], [ 126.930848, 35.148986 ], [ 126.930849, 35.149001 ], [ 126.930826, 35.149001 ], [ 126.930825, 35.149007 ], [ 126.930815, 35.149007 ], [ 126.930816, 35.149027 ], [ 126.930803, 35.149061 ], [ 126.930975, 35.14906 ], [ 126.930976, 35.149025 ] ] ] ] } },
{ "type": "Feature", "properties": { "BUL_MAN_NO": 20225, "BULD_NM": null, "flo": 1.0, "h": 3.3 }, "geometry": { "type": "MultiPolygon", "coordinates": [ [ [ [ 126.930865, 35.14891 ], [ 126.930859, 35.148904 ], [ 126.930764, 35.148949 ], [ 126.930785, 35.148974 ], [ 126.930805, 35.148984 ], [ 126.930851, 35.148941 ], [ 126.930865, 35.14891 ] ] ] ] } },
{ "type": "Feature", "properties": { "BUL_MAN_NO": 20231, "BULD_NM": null, "flo": 1.0, "h": 3.3 }, "geometry": { "type": "MultiPolygon", "coordinates": [ [ [ [ 126.930792, 35.149051 ], [ 126.930794, 35.148983 ], [ 126.930675, 35.148989 ], [ 126.930661, 35.149 ], [ 126.930661, 35.149051 ], [ 126.930792, 35.149051 ] ] ] ] } },
{ "type": "Feature", "properties": { "BUL_MAN_NO": 21851, "BULD_NM": null, "flo": 1.0, "h": 3.3 }, "geometry": { "type": "MultiPolygon", "coordinates": [ [ [ [ 126.920211, 35.152174 ], [ 126.920139, 35.152115 ], [ 126.920045, 35.152186 ], [ 126.92012, 35.152247 ], [ 126.920211, 35.152174 ] ] ] ] } },
{ "type": "Feature", "properties": { "BUL_MAN_NO": 21848, "BULD_NM": null, "flo": 1.0, "h": 3.3 }, "geometry": { "type": "MultiPolygon", "coordinates": [ [ [ [ 126.920216, 35.152384 ], [ 126.92012, 35.152285 ], [ 126.920059, 35.152326 ], [ 126.920155, 35.152426 ], [ 126.920216, 35.152384 ] ] ] ] } },
{ "type": "Feature", "properties": { "BUL_MAN_NO": 36640, "BULD_NM": null, "flo": 1.0, "h": 3.3 }, "geometry": { "type": "MultiPolygon", "coordinates": [ [ [ [ 126.920119, 35.152277 ], [ 126.920138, 35.152264 ], [ 126.92014, 35.152266 ], [ 126.920121, 35.152279 ], [ 126.920119, 35.152277 ] ] ] ] } },
{ "type": "Feature", "properties": { "BUL_MAN_NO": 36641, "BULD_NM": null, "flo": 1.0, "h": 3.3 }, "geometry": { "type": "MultiPolygon", "coordinates": [ [ [ [ 126.920186, 35.152311 ], [ 126.920148, 35.152275 ], [ 126.920137, 35.152283 ], [ 126.920175, 35.152319 ], [ 126.920186, 35.152311 ] ] ] ] } },
{ "type": "Feature", "properties": { "BUL_MAN_NO": 21847, "BULD_NM": null, "flo": 1.0, "h": 3.3 }, "geometry": { "type": "MultiPolygon", "coordinates": [ [ [ [ 126.920138, 35.152426 ], [ 126.920096, 35.152386 ], [ 126.920088, 35.152392 ], [ 126.920041, 35.152348 ], [ 126.919976, 35.152394 ], [ 126.920065, 35.152478 ], [ 126.920138, 35.152426 ] ] ] ] } },
{ "type": "Feature", "properties": { "BUL_MAN_NO": 21856, "BULD_NM": null, "flo": 4.0, "h": 13.2 }, "geometry": { "type": "MultiPolygon", "coordinates": [ [ [ [ 126.919304, 35.152794 ], [ 126.919531, 35.152613 ], [ 126.919463, 35.152556 ], [ 126.919399, 35.152609 ], [ 126.919416, 35.152622 ], [ 126.919398, 35.152637 ], [ 126.919381, 35.152623 ], [ 126.919234, 35.15274 ], [ 126.919304, 35.152794 ] ] ] ] } },
{ "type": "Feature", "properties": { "BUL_MAN_NO": 35729, "BULD_NM": null, "flo": 4.0, "h": 13.2 }, "geometry": { "type": "MultiPolygon", "coordinates": [ [ [ [ 126.919671, 35.152955 ], [ 126.919739, 35.153015 ], [ 126.91978, 35.152984 ], [ 126.91975, 35.152957 ], [ 126.919685, 35.152946 ], [ 126.919671, 35.152955 ] ] ] ] } },
{ "type": "Feature", "properties": { "BUL_MAN_NO": 37384, "BULD_NM": null, "flo": 1.0, "h": 3.3 }, "geometry": { "type": "MultiPolygon", "coordinates": [ [ [ [ 126.920088, 35.152951 ], [ 126.920069, 35.152964 ], [ 126.920074, 35.152969 ], [ 126.920093, 35.152955 ], [ 126.920088, 35.152951 ] ] ] ] } },
{ "type": "Feature", "properties": { "BUL_MAN_NO": 13719, "BULD_NM": null, "flo": 2.0, "h": 6.6 }, "geometry": { "type": "MultiPolygon", "coordinates": [ [ [ [ 126.920012, 35.153088 ], [ 126.920136, 35.152997 ], [ 126.920104, 35.152966 ], [ 126.920077, 35.152985 ], [ 126.920069, 35.15298 ], [ 126.920013, 35.153022 ], [ 126.920007, 35.153015 ], [ 126.919971, 35.153044 ], [ 126.920012, 35.153088 ] ] ] ] } },
{ "type": "Feature", "properties": { "BUL_MAN_NO": 37388, "BULD_NM": null, "flo": 1.0, "h": 3.3 }, "geometry": { "type": "MultiPolygon", "coordinates": [ [ [ [ 126.920088, 35.152828 ], [ 126.920082, 35.152824 ], [ 126.920097, 35.152813 ], [ 126.920102, 35.152817 ], [ 126.920088, 35.152828 ] ] ] ] } },
{ "type": "Feature", "properties": { "BUL_MAN_NO": 21877, "BULD_NM": null, "flo": 2.0, "h": 6.6 }, "geometry": { "type": "MultiPolygon", "coordinates": [ [ [ [ 126.920086, 35.15282 ], [ 126.920132, 35.152784 ], [ 126.920072, 35.152727 ], [ 126.920015, 35.152749 ], [ 126.920036, 35.15277 ], [ 126.920032, 35.152781 ], [ 126.920049, 35.152795 ], [ 126.920054, 35.152792 ], [ 126.920086, 35.15282 ] ] ] ] } },
{ "type": "Feature", "properties": { "BUL_MAN_NO": 21876, "BULD_NM": null, "flo": 1.0, "h": 3.3 }, "geometry": { "type": "MultiPolygon", "coordinates": [ [ [ [ 126.920228, 35.152853 ], [ 126.920169, 35.152809 ], [ 126.920082, 35.152883 ], [ 126.920133, 35.152931 ], [ 126.920228, 35.152853 ] ] ] ] } },
{ "type": "Feature", "properties": { "BUL_MAN_NO": 37387, "BULD_NM": null, "flo": 1.0, "h": 3.3 }, "geometry": { "type": "MultiPolygon", "coordinates": [ [ [ [ 126.920078, 35.152882 ], [ 126.920068, 35.152873 ], [ 126.920113, 35.152837 ], [ 126.920123, 35.152845 ], [ 126.920078, 35.152882 ] ] ] ] } },
{ "type": "Feature", "properties": { "BUL_MAN_NO": 21874, "BULD_NM": null, "flo": 2.0, "h": 6.6 }, "geometry": { "type": "MultiPolygon", "coordinates": [ [ [ [ 126.920327, 35.152864 ], [ 126.920396, 35.152807 ], [ 126.920351, 35.152771 ], [ 126.920275, 35.152827 ], [ 126.920296, 35.152842 ], [ 126.920284, 35.152853 ], [ 126.9203, 35.152864 ], [ 126.920312, 35.152854 ], [ 126.920327, 35.152864 ] ] ] ] } },
{ "type": "Feature", "properties": { "BUL_MAN_NO": 21875, "BULD_NM": null, "flo": 1.0, "h": 3.3 }, "geometry": { "type": "MultiPolygon", "coordinates": [ [ [ [ 126.920307, 35.15291 ], [ 126.920254, 35.152865 ], [ 126.920144, 35.152954 ], [ 126.920197, 35.153001 ], [ 126.920307, 35.15291 ] ] ] ] } },
{ "type": "Feature", "properties": { "BUL_MAN_NO": 37385, "BULD_NM": null, "flo": 1.0, "h": 3.3 }, "geometry": { "type": "MultiPolygon", "coordinates": [ [ [ [ 126.920243, 35.15285 ], [ 126.920251, 35.152856 ], [ 126.920229, 35.152873 ], [ 126.920221, 35.152867 ], [ 126.920243, 35.15285 ] ] ] ] } },
{ "type": "Feature", "properties": { "BUL_MAN_NO": 21873, "BULD_NM": null, "flo": 1.0, "h": 3.3 }, "geometry": { "type": "MultiPolygon", "coordinates": [ [ [ [ 126.920492, 35.152849 ], [ 126.920428, 35.152813 ], [ 126.920347, 35.152896 ], [ 126.920412, 35.152943 ], [ 126.920492, 35.152849 ] ] ] ] } },
{ "type": "Feature", "properties": { "BUL_MAN_NO": 13721, "BULD_NM": null, "flo": 1.0, "h": 3.3 }, "geometry": { "type": "MultiPolygon", "coordinates": [ [ [ [ 126.920403, 35.15295 ], [ 126.920354, 35.152913 ], [ 126.920326, 35.152939 ], [ 126.920378, 35.152983 ], [ 126.920403, 35.15295 ] ] ] ] } },
{ "type": "Feature", "properties": { "BUL_MAN_NO": 13720, "BULD_NM": null, "flo": 1.0, "h": 3.3 }, "geometry": { "type": "MultiPolygon", "coordinates": [ [ [ [ 126.920375, 35.152985 ], [ 126.92032, 35.152943 ], [ 126.920233, 35.153019 ], [ 126.920296, 35.153067 ], [ 126.920349, 35.153019 ], [ 126.920342, 35.153014 ], [ 126.920375, 35.152985 ] ] ] ] } },
{ "type": "Feature", "properties": { "BUL_MAN_NO": 21881, "BULD_NM": null, "flo": 4.0, "h": 13.2 }, "geometry": { "type": "MultiPolygon", "coordinates": [ [ [ [ 126.920455, 35.152507 ], [ 126.920387, 35.152461 ], [ 126.920316, 35.152532 ], [ 126.920384, 35.152578 ], [ 126.920455, 35.152507 ] ] ] ] } },
{ "type": "Feature", "properties": { "BUL_MAN_NO": 21882, "BULD_NM": null, "flo": 1.0, "h": 3.3 }, "geometry": { "type": "MultiPolygon", "coordinates": [ [ [ [ 126.92037, 35.152756 ], [ 126.920456, 35.152676 ], [ 126.920399, 35.152632 ], [ 126.920386, 35.152649 ], [ 126.920349, 35.152685 ], [ 126.920329, 35.152669 ], [ 126.920293, 35.152699 ], [ 126.920356, 35.152752 ], [ 126.92037, 35.152756 ] ] ] ] } },
{ "type": "Feature", "properties": { "BUL_MAN_NO": 37381, "BULD_NM": null, "flo": 1.0, "h": 3.3 }, "geometry": { "type": "MultiPolygon", "coordinates": [ [ [ [ 126.920358, 35.152628 ], [ 126.920351, 35.152623 ], [ 126.920367, 35.152609 ], [ 126.920374, 35.152614 ], [ 126.920358, 35.152628 ] ] ] ] } },
{ "type": "Feature", "properties": { "BUL_MAN_NO": 21880, "BULD_NM": null, "flo": 1.0, "h": 3.3 }, "geometry": { "type": "MultiPolygon", "coordinates": [ [ [ [ 126.920547, 35.152569 ], [ 126.920469, 35.152517 ], [ 126.92044, 35.152545 ], [ 126.920459, 35.152559 ], [ 126.920405, 35.152609 ], [ 126.920458, 35.152651 ], [ 126.920547, 35.152569 ] ] ] ] } },
{ "type": "Feature", "properties": { "BUL_MAN_NO": 37380, "BULD_NM": null, "flo": 1.0, "h": 3.3 }, "geometry": { "type": "MultiPolygon", "coordinates": [ [ [ [ 126.9204, 35.152606 ], [ 126.920386, 35.152594 ], [ 126.920409, 35.152574 ], [ 126.920424, 35.152585 ], [ 126.9204, 35.152606 ] ] ] ] } },
{ "type": "Feature", "properties": { "BUL_MAN_NO": 21883, "BULD_NM": null, "flo": 1.0, "h": 3.3 }, "geometry": { "type": "MultiPolygon", "coordinates": [ [ [ [ 126.920526, 35.152731 ], [ 126.920469, 35.15269 ], [ 126.920388, 35.15276 ], [ 126.920454, 35.152808 ], [ 126.920526, 35.152731 ] ] ] ] } },
{ "type": "Feature", "properties": { "BUL_MAN_NO": 21879, "BULD_NM": null, "flo": 1.0, "h": 3.3 }, "geometry": { "type": "MultiPolygon", "coordinates": [ [ [ [ 126.920628, 35.152629 ], [ 126.920554, 35.152578 ], [ 126.920522, 35.152608 ], [ 126.920539, 35.152619 ], [ 126.92049, 35.152669 ], [ 126.920546, 35.152708 ], [ 126.920628, 35.152629 ] ] ] ] } },
{ "type": "Feature", "properties": { "BUL_MAN_NO": 37379, "BULD_NM": null, "flo": 1.0, "h": 3.3 }, "geometry": { "type": "MultiPolygon", "coordinates": [ [ [ [ 126.920527, 35.152622 ], [ 126.920516, 35.152615 ], [ 126.92048, 35.15265 ], [ 126.920492, 35.152657 ], [ 126.920527, 35.152622 ] ] ] ] } },
{ "type": "Feature", "properties": { "BUL_MAN_NO": 37382, "BULD_NM": null, "flo": 1.0, "h": 3.3 }, "geometry": { "type": "MultiPolygon", "coordinates": [ [ [ [ 126.920527, 35.152781 ], [ 126.920515, 35.152774 ], [ 126.920551, 35.152741 ], [ 126.920562, 35.152749 ], [ 126.920527, 35.152781 ] ] ] ] } },
{ "type": "Feature", "properties": { "BUL_MAN_NO": 21884, "BULD_NM": null, "flo": 1.0, "h": 3.3 }, "geometry": { "type": "MultiPolygon", "coordinates": [ [ [ [ 126.920546, 35.152864 ], [ 126.92063, 35.152784 ], [ 126.92058, 35.152748 ], [ 126.920524, 35.152795 ], [ 126.920507, 35.152783 ], [ 126.92047, 35.152818 ], [ 126.920546, 35.152864 ] ] ] ] } },
{ "type": "Feature", "properties": { "BUL_MAN_NO": 21878, "BULD_NM": null, "flo": 1.0, "h": 3.3 }, "geometry": { "type": "MultiPolygon", "coordinates": [ [ [ [ 126.92071, 35.152692 ], [ 126.920651, 35.152649 ], [ 126.920618, 35.152684 ], [ 126.920634, 35.152697 ], [ 126.920588, 35.152739 ], [ 126.920629, 35.152767 ], [ 126.92071, 35.152692 ] ] ] ] } },
{ "type": "Feature", "properties": { "BUL_MAN_NO": 37378, "BULD_NM": null, "flo": 1.0, "h": 3.3 }, "geometry": { "type": "MultiPolygon", "coordinates": [ [ [ [ 126.920586, 35.152731 ], [ 126.920571, 35.15272 ], [ 126.92061, 35.152686 ], [ 126.920625, 35.152697 ], [ 126.920586, 35.152731 ] ] ] ] } },
{ "type": "Feature", "properties": { "BUL_MAN_NO": 21933, "BULD_NM": null, "flo": 1.0, "h": 3.3 }, "geometry": { "type": "MultiPolygon", "coordinates": [ [ [ [ 126.920594, 35.15326 ], [ 126.920562, 35.153235 ], [ 126.92052, 35.153291 ], [ 126.920553, 35.15331 ], [ 126.920594, 35.15326 ] ] ] ] } },
{ "type": "Feature", "properties": { "BUL_MAN_NO": 21927, "BULD_NM": null, "flo": 2.0, "h": 6.6 }, "geometry": { "type": "MultiPolygon", "coordinates": [ [ [ [ 126.920577, 35.153437 ], [ 126.920675, 35.153321 ], [ 126.92068, 35.153315 ], [ 126.920622, 35.153282 ], [ 126.920591, 35.153322 ], [ 126.920522, 35.153406 ], [ 126.920577, 35.153437 ] ] ] ] } },
{ "type": "Feature", "properties": { "BUL_MAN_NO": 21931, "BULD_NM": null, "flo": 1.0, "h": 3.3 }, "geometry": { "type": "MultiPolygon", "coordinates": [ [ [ [ 126.920682, 35.153147 ], [ 126.920643, 35.153126 ], [ 126.920576, 35.15321 ], [ 126.920626, 35.153235 ], [ 126.920695, 35.153152 ], [ 126.920682, 35.153147 ] ] ] ] } },
{ "type": "Feature", "properties": { "BUL_MAN_NO": 37383, "BULD_NM": null, "flo": 1.0, "h": 3.3 }, "geometry": { "type": "MultiPolygon", "coordinates": [ [ [ [ 126.920645, 35.153125 ], [ 126.920649, 35.153118 ], [ 126.920669, 35.153127 ], [ 126.920664, 35.153134 ], [ 126.920645, 35.153125 ] ] ] ] } },
{ "type": "Feature", "properties": { "BUL_MAN_NO": 4226, "BULD_NM": null, "flo": 1.0, "h": 3.3 }, "geometry": { "type": "MultiPolygon", "coordinates": [ [ [ [ 126.920808, 35.153406 ], [ 126.920864, 35.153334 ], [ 126.920854, 35.153328 ], [ 126.920764, 35.153281 ], [ 126.920729, 35.153328 ], [ 126.920705, 35.153361 ], [ 126.920776, 35.1534 ], [ 126.920783, 35.153392 ], [ 126.920808, 35.153406 ] ] ] ] } },
{ "type": "Feature", "properties": { "BUL_MAN_NO": 4225, "BULD_NM": null, "flo": 1.0, "h": 3.3 }, "geometry": { "type": "MultiPolygon", "coordinates": [ [ [ [ 126.92073, 35.153262 ], [ 126.920678, 35.153236 ], [ 126.920649, 35.153274 ], [ 126.920702, 35.153301 ], [ 126.92073, 35.153262 ] ] ] ] } },
{ "type": "Feature", "properties": { "BUL_MAN_NO": 4227, "BULD_NM": null, "flo": 1.0, "h": 3.3 }, "geometry": { "type": "MultiPolygon", "coordinates": [ [ [ [ 126.920804, 35.153286 ], [ 126.92083, 35.153251 ], [ 126.920839, 35.153256 ], [ 126.920885, 35.153196 ], [ 126.920813, 35.153162 ], [ 126.920823, 35.153146 ], [ 126.920773, 35.153123 ], [ 126.92072, 35.153194 ], [ 126.920736, 35.153202 ], [ 126.920724, 35.153221 ], [ 126.920758, 35.15324 ], [ 126.920746, 35.153257 ], [ 126.920804, 35.153286 ] ] ] ] } },
{ "type": "Feature", "properties": { "BUL_MAN_NO": 21929, "BULD_NM": null, "flo": 1.0, "h": 3.3 }, "geometry": { "type": "MultiPolygon", "coordinates": [ [ [ [ 126.920923, 35.15317 ], [ 126.92091, 35.153164 ], [ 126.9209, 35.153176 ], [ 126.920986, 35.153224 ], [ 126.920996, 35.153212 ], [ 126.920927, 35.153176 ], [ 126.920923, 35.15317 ] ] ] ] } },
{ "type": "Feature", "properties": { "BUL_MAN_NO": 21930, "BULD_NM": null, "flo": 1.0, "h": 3.3 }, "geometry": { "type": "MultiPolygon", "coordinates": [ [ [ [ 126.920897, 35.153317 ], [ 126.920976, 35.153222 ], [ 126.920912, 35.153189 ], [ 126.920865, 35.153248 ], [ 126.920863, 35.153248 ], [ 126.920839, 35.153284 ], [ 126.920897, 35.153317 ] ] ] ] } },
{ "type": "Feature", "properties": { "BUL_MAN_NO": 21939, "BULD_NM": null, "flo": 1.0, "h": 3.3 }, "geometry": { "type": "MultiPolygon", "coordinates": [ [ [ [ 126.921344, 35.153155 ], [ 126.92131, 35.153128 ], [ 126.921286, 35.153146 ], [ 126.921253, 35.153167 ], [ 126.921305, 35.153206 ], [ 126.921344, 35.153155 ] ] ] ] } },
{ "type": "Feature", "properties": { "BUL_MAN_NO": 21935, "BULD_NM": null, "flo": 1.0, "h": 3.3 }, "geometry": { "type": "MultiPolygon", "coordinates": [ [ [ [ 126.921427, 35.153116 ], [ 126.921381, 35.153083 ], [ 126.921338, 35.153112 ], [ 126.92138, 35.153149 ], [ 126.921407, 35.153146 ], [ 126.921427, 35.153116 ] ] ] ] } },
{ "type": "Feature", "properties": { "BUL_MAN_NO": 21936, "BULD_NM": null, "flo": 1.0, "h": 3.3 }, "geometry": { "type": "MultiPolygon", "coordinates": [ [ [ [ 126.921377, 35.15327 ], [ 126.921315, 35.153229 ], [ 126.921284, 35.153259 ], [ 126.921305, 35.153272 ], [ 126.921314, 35.153261 ], [ 126.921355, 35.153291 ], [ 126.921377, 35.15327 ] ] ] ] } },
{ "type": "Feature", "properties": { "BUL_MAN_NO": 21938, "BULD_NM": null, "flo": 1.0, "h": 3.3 }, "geometry": { "type": "MultiPolygon", "coordinates": [ [ [ [ 126.921395, 35.153275 ], [ 126.921381, 35.153267 ], [ 126.921311, 35.153339 ], [ 126.921322, 35.153346 ], [ 126.921395, 35.153275 ] ] ] ] } },
{ "type": "Feature", "properties": { "BUL_MAN_NO": 21937, "BULD_NM": null, "flo": 1.0, "h": 3.3 }, "geometry": { "type": "MultiPolygon", "coordinates": [ [ [ [ 126.921342, 35.1533 ], [ 126.921282, 35.15326 ], [ 126.921244, 35.153296 ], [ 126.921273, 35.153315 ], [ 126.921304, 35.153335 ], [ 126.921322, 35.153321 ], [ 126.921342, 35.1533 ] ] ] ] } },
{ "type": "Feature", "properties": { "BUL_MAN_NO": 21951, "BULD_NM": null, "flo": 1.0, "h": 3.3 }, "geometry": { "type": "MultiPolygon", "coordinates": [ [ [ [ 126.920483, 35.154089 ], [ 126.920465, 35.154073 ], [ 126.920436, 35.154103 ], [ 126.920438, 35.154111 ], [ 126.920476, 35.154108 ], [ 126.920483, 35.154089 ] ] ] ] } },
{ "type": "Feature", "properties": { "BUL_MAN_NO": 37411, "BULD_NM": null, "flo": 1.0, "h": 3.3 }, "geometry": { "type": "MultiPolygon", "coordinates": [ [ [ [ 126.920477, 35.153991 ], [ 126.920445, 35.153972 ], [ 126.92045, 35.153965 ], [ 126.920483, 35.153985 ], [ 126.920477, 35.153991 ] ] ] ] } },
{ "type": "Feature", "properties": { "BUL_MAN_NO": 21950, "BULD_NM": null, "flo": 1.0, "h": 3.3 }, "geometry": { "type": "MultiPolygon", "coordinates": [ [ [ [ 126.920516, 35.154005 ], [ 126.920487, 35.153986 ], [ 126.92048, 35.153992 ], [ 126.920434, 35.153986 ], [ 126.920427, 35.154072 ], [ 126.920445, 35.154079 ], [ 126.920468, 35.15406 ], [ 126.920506, 35.154019 ], [ 126.920516, 35.154005 ] ] ] ] } },
{ "type": "Feature", "properties": { "BUL_MAN_NO": 21945, "BULD_NM": null, "flo": 1.0, "h": 3.3 }, "geometry": { "type": "MultiPolygon", "coordinates": [ [ [ [ 126.920527, 35.154001 ], [ 126.920599, 35.153931 ], [ 126.920572, 35.153916 ], [ 126.920531, 35.153957 ], [ 126.920483, 35.153927 ], [ 126.920452, 35.153958 ], [ 126.920527, 35.154001 ] ] ] ] } },
{ "type": "Feature", "properties": { "BUL_MAN_NO": 37409, "BULD_NM": null, "flo": 1.0, "h": 3.3 }, "geometry": { "type": "MultiPolygon", "coordinates": [ [ [ [ 126.920552, 35.153933 ], [ 126.920535, 35.153922 ], [ 126.920551, 35.153905 ], [ 126.920569, 35.153916 ], [ 126.920552, 35.153933 ] ] ] ] } },
{ "type": "Feature", "properties": { "BUL_MAN_NO": 21947, "BULD_NM": null, "flo": 1.0, "h": 3.3 }, "geometry": { "type": "MultiPolygon", "coordinates": [ [ [ [ 126.920665, 35.153884 ], [ 126.920622, 35.153862 ], [ 126.920613, 35.153875 ], [ 126.92055, 35.153842 ], [ 126.920526, 35.153875 ], [ 126.920608, 35.153918 ], [ 126.920665, 35.153884 ] ] ] ] } },
{ "type": "Feature", "properties": { "BUL_MAN_NO": 21961, "BULD_NM": null, "flo": 1.0, "h": 3.3 }, "geometry": { "type": "MultiPolygon", "coordinates": [ [ [ [ 126.920097, 35.154167 ], [ 126.920061, 35.154135 ], [ 126.920049, 35.154162 ], [ 126.920094, 35.154174 ], [ 126.920097, 35.154167 ] ] ] ] } },
{ "type": "Feature", "properties": { "BUL_MAN_NO": 21959, "BULD_NM": null, "flo": 1.0, "h": 3.3 }, "geometry": { "type": "MultiPolygon", "coordinates": [ [ [ [ 126.920167, 35.154269 ], [ 126.920139, 35.154254 ], [ 126.920102, 35.154321 ], [ 126.92012, 35.154327 ], [ 126.920167, 35.154269 ] ] ] ] } },
{ "type": "Feature", "properties": { "BUL_MAN_NO": 21962, "BULD_NM": null, "flo": 1.0, "h": 3.3 }, "geometry": { "type": "MultiPolygon", "coordinates": [ [ [ [ 126.920106, 35.154248 ], [ 126.92008, 35.154239 ], [ 126.920036, 35.154308 ], [ 126.920094, 35.154324 ], [ 126.920134, 35.154255 ], [ 126.920106, 35.154248 ] ] ] ] } },
{ "type": "Feature", "properties": { "BUL_MAN_NO": 21960, "BULD_NM": null, "flo": 2.0, "h": 6.6 }, "geometry": { "type": "MultiPolygon", "coordinates": [ [ [ [ 126.920001, 35.154308 ], [ 126.919891, 35.154267 ], [ 126.919864, 35.154309 ], [ 126.919927, 35.15437 ], [ 126.920001, 35.154308 ] ] ] ] } },
{ "type": "Feature", "properties": { "BUL_MAN_NO": 21958, "BULD_NM": null, "flo": 1.0, "h": 3.3 }, "geometry": { "type": "MultiPolygon", "coordinates": [ [ [ [ 126.919979, 35.154219 ], [ 126.9199, 35.154198 ], [ 126.919877, 35.154247 ], [ 126.919971, 35.154277 ], [ 126.919995, 35.154226 ], [ 126.919979, 35.154219 ] ] ] ] } },
{ "type": "Feature", "properties": { "BUL_MAN_NO": 21963, "BULD_NM": null, "flo": 1.0, "h": 3.3 }, "geometry": { "type": "MultiPolygon", "coordinates": [ [ [ [ 126.919994, 35.154105 ], [ 126.919763, 35.154049 ], [ 126.919726, 35.154079 ], [ 126.919983, 35.154141 ], [ 126.919994, 35.154105 ] ] ] ] } },
{ "type": "Feature", "properties": { "BUL_MAN_NO": 21956, "BULD_NM": null, "flo": 1.0, "h": 3.3 }, "geometry": { "type": "MultiPolygon", "coordinates": [ [ [ [ 126.919852, 35.154275 ], [ 126.919888, 35.154188 ], [ 126.919722, 35.154149 ], [ 126.919685, 35.154239 ], [ 126.919852, 35.154275 ] ] ] ] } },
{ "type": "Feature", "properties": { "BUL_MAN_NO": 22967, "BULD_NM": null, "flo": 2.0, "h": 6.6 }, "geometry": { "type": "MultiPolygon", "coordinates": [ [ [ [ 126.929647, 35.151126 ], [ 126.929675, 35.15112 ], [ 126.929676, 35.151124 ], [ 126.929716, 35.151115 ], [ 126.929684, 35.151027 ], [ 126.92963, 35.151028 ], [ 126.929591, 35.151036 ], [ 126.92962, 35.151113 ], [ 126.929625, 35.151112 ], [ 126.929635, 35.151134 ], [ 126.929633, 35.151135 ], [ 126.929636, 35.151145 ], [ 126.929653, 35.151142 ], [ 126.929647, 35.151126 ] ] ] ] } },
{ "type": "Feature", "properties": { "BUL_MAN_NO": 11685, "BULD_NM": null, "flo": 1.0, "h": 3.3 }, "geometry": { "type": "MultiPolygon", "coordinates": [ [ [ [ 126.929522, 35.151173 ], [ 126.929469, 35.151038 ], [ 126.929413, 35.151042 ], [ 126.929422, 35.151177 ], [ 126.929522, 35.151173 ] ] ] ] } },
{ "type": "Feature", "properties": { "BUL_MAN_NO": 23032, "BULD_NM": null, "flo": 3.0, "h": 9.9 }, "geometry": { "type": "MultiPolygon", "coordinates": [ [ [ [ 126.928763, 35.151144 ], [ 126.928757, 35.151085 ], [ 126.928649, 35.151092 ], [ 126.928655, 35.151151 ], [ 126.928763, 35.151144 ] ] ] ] } },
{ "type": "Feature", "properties": { "BUL_MAN_NO": 23039, "BULD_NM": null, "flo": 3.0, "h": 9.9 }, "geometry": { "type": "MultiPolygon", "coordinates": [ [ [ [ 126.928631, 35.15114 ], [ 126.928626, 35.151091 ], [ 126.928514, 35.151099 ], [ 126.928517, 35.151149 ], [ 126.928631, 35.15114 ] ] ] ] } },
{ "type": "Feature", "properties": { "BUL_MAN_NO": 28533, "BULD_NM": null, "flo": 2.0, "h": 6.6 }, "geometry": { "type": "MultiPolygon", "coordinates": [ [ [ [ 126.928411, 35.150825 ], [ 126.928486, 35.150824 ], [ 126.928479, 35.150777 ], [ 126.928406, 35.15078 ], [ 126.928411, 35.150825 ] ] ] ] } },
{ "type": "Feature", "properties": { "BUL_MAN_NO": 23190, "BULD_NM": null, "flo": 1.0, "h": 3.3 }, "geometry": { "type": "MultiPolygon", "coordinates": [ [ [ [ 126.928884, 35.150808 ], [ 126.928884, 35.150744 ], [ 126.928833, 35.150748 ], [ 126.928834, 35.150762 ], [ 126.928814, 35.150763 ], [ 126.928814, 35.150768 ], [ 126.928793, 35.150769 ], [ 126.928797, 35.15081 ], [ 126.928884, 35.150808 ] ] ] ] } },
{ "type": "Feature", "properties": { "BUL_MAN_NO": 36635, "BULD_NM": null, "flo": 1.0, "h": 3.3 }, "geometry": { "type": "MultiPolygon", "coordinates": [ [ [ [ 126.928887, 35.15079 ], [ 126.928887, 35.150767 ], [ 126.928897, 35.150767 ], [ 126.928896, 35.15079 ], [ 126.928887, 35.15079 ] ] ] ] } },
{ "type": "Feature", "properties": { "BUL_MAN_NO": 23182, "BULD_NM": null, "flo": 1.0, "h": 3.3 }, "geometry": { "type": "MultiPolygon", "coordinates": [ [ [ [ 126.928951, 35.150719 ], [ 126.928933, 35.15064 ], [ 126.928893, 35.150644 ], [ 126.928894, 35.150671 ], [ 126.928812, 35.150678 ], [ 126.928818, 35.150726 ], [ 126.928951, 35.150719 ] ] ] ] } },
{ "type": "Feature", "properties": { "BUL_MAN_NO": 36632, "BULD_NM": null, "flo": 1.0, "h": 3.3 }, "geometry": { "type": "MultiPolygon", "coordinates": [ [ [ [ 126.928814, 35.150677 ], [ 126.928811, 35.150654 ], [ 126.928826, 35.150653 ], [ 126.928828, 35.150675 ], [ 126.928814, 35.150677 ] ] ] ] } },
{ "type": "Feature", "properties": { "BUL_MAN_NO": 23185, "BULD_NM": null, "flo": 1.0, "h": 3.3 }, "geometry": { "type": "MultiPolygon", "coordinates": [ [ [ [ 126.928749, 35.150715 ], [ 126.928744, 35.150655 ], [ 126.928636, 35.150664 ], [ 126.928644, 35.150721 ], [ 126.928749, 35.150715 ] ] ] ] } },
{ "type": "Feature", "properties": { "BUL_MAN_NO": 36634, "BULD_NM": null, "flo": 1.0, "h": 3.3 }, "geometry": { "type": "MultiPolygon", "coordinates": [ [ [ [ 126.928753, 35.150714 ], [ 126.928749, 35.150655 ], [ 126.928768, 35.150653 ], [ 126.928773, 35.150713 ], [ 126.928753, 35.150714 ] ] ] ] } },
{ "type": "Feature", "properties": { "BUL_MAN_NO": 23285, "BULD_NM": null, "flo": 1.0, "h": 3.3 }, "geometry": { "type": "MultiPolygon", "coordinates": [ [ [ [ 126.929284, 35.150493 ], [ 126.929275, 35.150447 ], [ 126.929158, 35.150462 ], [ 126.929166, 35.150505 ], [ 126.929284, 35.150493 ] ] ] ] } },
{ "type": "Feature", "properties": { "BUL_MAN_NO": 23289, "BULD_NM": null, "flo": 1.0, "h": 3.3 }, "geometry": { "type": "MultiPolygon", "coordinates": [ [ [ [ 126.92927, 35.150436 ], [ 126.929248, 35.150393 ], [ 126.92915, 35.150405 ], [ 126.929159, 35.150452 ], [ 126.92927, 35.150436 ] ] ] ] } },
{ "type": "Feature", "properties": { "BUL_MAN_NO": 23288, "BULD_NM": null, "flo": 1.0, "h": 3.3 }, "geometry": { "type": "MultiPolygon", "coordinates": [ [ [ [ 126.92904, 35.150402 ], [ 126.929038, 35.150393 ], [ 126.929084, 35.150393 ], [ 126.929069, 35.150357 ], [ 126.928991, 35.150357 ], [ 126.928989, 35.150373 ], [ 126.929011, 35.150396 ], [ 126.92904, 35.150402 ] ] ] ] } },
{ "type": "Feature", "properties": { "BUL_MAN_NO": 23290, "BULD_NM": null, "flo": 1.0, "h": 3.3 }, "geometry": { "type": "MultiPolygon", "coordinates": [ [ [ [ 126.9291, 35.150254 ], [ 126.929112, 35.150205 ], [ 126.929068, 35.150199 ], [ 126.929067, 35.150204 ], [ 126.929027, 35.150198 ], [ 126.929025, 35.15021 ], [ 126.929006, 35.150207 ], [ 126.929003, 35.150233 ], [ 126.9291, 35.150254 ] ] ] ] } },
{ "type": "Feature", "properties": { "BUL_MAN_NO": 23292, "BULD_NM": null, "flo": 1.0, "h": 3.3 }, "geometry": { "type": "MultiPolygon", "coordinates": [ [ [ [ 126.928944, 35.150236 ], [ 126.928953, 35.150215 ], [ 126.928956, 35.150216 ], [ 126.928972, 35.150173 ], [ 126.928906, 35.150155 ], [ 126.928876, 35.150222 ], [ 126.928944, 35.150236 ] ] ] ] } },
{ "type": "Feature", "properties": { "BUL_MAN_NO": 36626, "BULD_NM": null, "flo": 1.0, "h": 3.3 }, "geometry": { "type": "MultiPolygon", "coordinates": [ [ [ [ 126.928954, 35.150219 ], [ 126.928947, 35.150233 ], [ 126.928953, 35.150236 ], [ 126.928961, 35.150221 ], [ 126.928954, 35.150219 ] ] ] ] } },
{ "type": "Feature", "properties": { "BUL_MAN_NO": 23291, "BULD_NM": null, "flo": 1.0, "h": 3.3 }, "geometry": { "type": "MultiPolygon", "coordinates": [ [ [ [ 126.929069, 35.150194 ], [ 126.929071, 35.150184 ], [ 126.929115, 35.150186 ], [ 126.929124, 35.150139 ], [ 126.929032, 35.150133 ], [ 126.929022, 35.150183 ], [ 126.929069, 35.150194 ] ] ] ] } },
{ "type": "Feature", "properties": { "BUL_MAN_NO": 5303, "BULD_NM": null, "flo": 1.0, "h": 3.3 }, "geometry": { "type": "MultiPolygon", "coordinates": [ [ [ [ 126.929076, 35.150091 ], [ 126.929034, 35.150083 ], [ 126.929025, 35.150132 ], [ 126.929068, 35.150134 ], [ 126.929076, 35.150091 ] ] ] ] } },
{ "type": "Feature", "properties": { "BUL_MAN_NO": 23293, "BULD_NM": null, "flo": 1.0, "h": 3.3 }, "geometry": { "type": "MultiPolygon", "coordinates": [ [ [ [ 126.928999, 35.150075 ], [ 126.928939, 35.150061 ], [ 126.928908, 35.15014 ], [ 126.928976, 35.150156 ], [ 126.928994, 35.150099 ], [ 126.92899, 35.150098 ], [ 126.928999, 35.150075 ] ] ] ] } },
{ "type": "Feature", "properties": { "BUL_MAN_NO": 23299, "BULD_NM": null, "flo": 2.0, "h": 6.6 }, "geometry": { "type": "MultiPolygon", "coordinates": [ [ [ [ 126.929214, 35.150056 ], [ 126.929213, 35.150019 ], [ 126.929128, 35.150017 ], [ 126.929128, 35.150024 ], [ 126.929116, 35.150023 ], [ 126.929116, 35.150009 ], [ 126.929061, 35.150009 ], [ 126.929061, 35.150053 ], [ 126.929214, 35.150056 ] ] ] ] } },
{ "type": "Feature", "properties": { "BUL_MAN_NO": 13808, "BULD_NM": null, "flo": 3.0, "h": 9.9 }, "geometry": { "type": "MultiPolygon", "coordinates": [ [ [ [ 126.928879, 35.149974 ], [ 126.928896, 35.149972 ], [ 126.928897, 35.149976 ], [ 126.928919, 35.149973 ], [ 126.928917, 35.149962 ], [ 126.928911, 35.149963 ], [ 126.928908, 35.149948 ], [ 126.928937, 35.149943 ], [ 126.928934, 35.149924 ], [ 126.928893, 35.149928 ], [ 126.92889, 35.149918 ], [ 126.928858, 35.149919 ], [ 126.928859, 35.149925 ], [ 126.928819, 35.14993 ], [ 126.928822, 35.149952 ], [ 126.928805, 35.149955 ], [ 126.928811, 35.149985 ], [ 126.92888, 35.149978 ], [ 126.928879, 35.149974 ] ] ] ] } },
{ "type": "Feature", "properties": { "BUL_MAN_NO": 23300, "BULD_NM": null, "flo": 3.0, "h": 9.9 }, "geometry": { "type": "MultiPolygon", "coordinates": [ [ [ [ 126.928833, 35.150159 ], [ 126.928835, 35.150151 ], [ 126.928863, 35.150156 ], [ 126.928866, 35.150147 ], [ 126.928893, 35.150153 ], [ 126.928925, 35.150063 ], [ 126.928842, 35.150042 ], [ 126.928839, 35.150053 ], [ 126.928793, 35.150046 ], [ 126.928769, 35.150134 ], [ 126.928777, 35.150151 ], [ 126.928833, 35.150159 ] ] ] ] } },
{ "type": "Feature", "properties": { "BUL_MAN_NO": 23302, "BULD_NM": null, "flo": 1.0, "h": 3.3 }, "geometry": { "type": "MultiPolygon", "coordinates": [ [ [ [ 126.928762, 35.149832 ], [ 126.92876, 35.149775 ], [ 126.92864, 35.149777 ], [ 126.928644, 35.149832 ], [ 126.928762, 35.149832 ] ] ] ] } },
{ "type": "Feature", "properties": { "BUL_MAN_NO": 13799, "BULD_NM": null, "flo": 1.0, "h": 3.3 }, "geometry": { "type": "MultiPolygon", "coordinates": [ [ [ [ 126.928804, 35.149837 ], [ 126.928821, 35.149777 ], [ 126.928783, 35.149773 ], [ 126.928776, 35.149801 ], [ 126.928767, 35.149799 ], [ 126.928763, 35.149832 ], [ 126.928804, 35.149837 ] ] ] ] } },
{ "type": "Feature", "properties": { "BUL_MAN_NO": 13798, "BULD_NM": null, "flo": 1.0, "h": 3.3 }, "geometry": { "type": "MultiPolygon", "coordinates": [ [ [ [ 126.92878, 35.149902 ], [ 126.928692, 35.149889 ], [ 126.928687, 35.149911 ], [ 126.928744, 35.149922 ], [ 126.928736, 35.149948 ], [ 126.928764, 35.149953 ], [ 126.92878, 35.149902 ] ] ] ] } },
{ "type": "Feature", "properties": { "BUL_MAN_NO": 23301, "BULD_NM": null, "flo": 1.0, "h": 3.3 }, "geometry": { "type": "MultiPolygon", "coordinates": [ [ [ [ 126.928687, 35.150009 ], [ 126.928749, 35.149966 ], [ 126.928658, 35.149902 ], [ 126.928615, 35.149947 ], [ 126.928687, 35.150009 ] ] ] ] } },
{ "type": "Feature", "properties": { "BUL_MAN_NO": 32380, "BULD_NM": null, "flo": 3.0, "h": 9.9 }, "geometry": { "type": "MultiPolygon", "coordinates": [ [ [ [ 126.928624, 35.149608 ], [ 126.928773, 35.149603 ], [ 126.92877, 35.149537 ], [ 126.928621, 35.149541 ], [ 126.928624, 35.149608 ] ] ] ] } },
{ "type": "Feature", "properties": { "BUL_MAN_NO": 13801, "BULD_NM": null, "flo": 1.0, "h": 3.3 }, "geometry": { "type": "MultiPolygon", "coordinates": [ [ [ [ 126.928763, 35.149683 ], [ 126.928762, 35.149647 ], [ 126.928633, 35.149648 ], [ 126.928639, 35.149731 ], [ 126.9287, 35.149732 ], [ 126.928698, 35.149685 ], [ 126.928763, 35.149683 ] ] ] ] } },
{ "type": "Feature", "properties": { "BUL_MAN_NO": 23306, "BULD_NM": null, "flo": 1.0, "h": 3.3 }, "geometry": { "type": "MultiPolygon", "coordinates": [ [ [ [ 126.928843, 35.14969 ], [ 126.928708, 35.14969 ], [ 126.928707, 35.149746 ], [ 126.928826, 35.149744 ], [ 126.928843, 35.14969 ] ] ] ] } },
{ "type": "Feature", "properties": { "BUL_MAN_NO": 23312, "BULD_NM": null, "flo": 1.0, "h": 3.3 }, "geometry": { "type": "MultiPolygon", "coordinates": [ [ [ [ 126.927031, 35.147776 ], [ 126.927056, 35.147699 ], [ 126.92702, 35.147691 ], [ 126.927014, 35.147707 ], [ 126.926906, 35.147684 ], [ 126.926888, 35.147746 ], [ 126.927031, 35.147776 ] ] ] ] } },
{ "type": "Feature", "properties": { "BUL_MAN_NO": 36823, "BULD_NM": null, "flo": 1.0, "h": 3.3 }, "geometry": { "type": "MultiPolygon", "coordinates": [ [ [ [ 126.926908, 35.147682 ], [ 126.926912, 35.147669 ], [ 126.926942, 35.147674 ], [ 126.92694, 35.14768 ], [ 126.926917, 35.147676 ], [ 126.926915, 35.147684 ], [ 126.926908, 35.147682 ] ] ] ] } },
{ "type": "Feature", "properties": { "BUL_MAN_NO": 36821, "BULD_NM": null, "flo": 1.0, "h": 3.3 }, "geometry": { "type": "MultiPolygon", "coordinates": [ [ [ [ 126.926932, 35.147592 ], [ 126.926937, 35.147579 ], [ 126.926942, 35.14758 ], [ 126.926937, 35.147593 ], [ 126.926932, 35.147592 ] ] ] ] } },
{ "type": "Feature", "properties": { "BUL_MAN_NO": 36822, "BULD_NM": null, "flo": 1.0, "h": 3.3 }, "geometry": { "type": "MultiPolygon", "coordinates": [ [ [ [ 126.927084, 35.147651 ], [ 126.927079, 35.14765 ], [ 126.927093, 35.147609 ], [ 126.927099, 35.147609 ], [ 126.927084, 35.147651 ] ] ] ] } },
{ "type": "Feature", "properties": { "BUL_MAN_NO": 23311, "BULD_NM": null, "flo": 1.0, "h": 3.3 }, "geometry": { "type": "MultiPolygon", "coordinates": [ [ [ [ 126.927065, 35.147691 ], [ 126.927092, 35.147608 ], [ 126.927041, 35.147598 ], [ 126.927037, 35.147616 ], [ 126.92693, 35.147594 ], [ 126.926911, 35.147657 ], [ 126.927065, 35.147691 ] ] ] ] } },
{ "type": "Feature", "properties": { "BUL_MAN_NO": 36829, "BULD_NM": null, "flo": 1.0, "h": 3.3 }, "geometry": { "type": "MultiPolygon", "coordinates": [ [ [ [ 126.926878, 35.147583 ], [ 126.926882, 35.147569 ], [ 126.926889, 35.14757 ], [ 126.926884, 35.147584 ], [ 126.926878, 35.147583 ] ] ] ] } },
{ "type": "Feature", "properties": { "BUL_MAN_NO": 36828, "BULD_NM": null, "flo": 1.0, "h": 3.3 }, "geometry": { "type": "MultiPolygon", "coordinates": [ [ [ [ 126.926752, 35.147618 ], [ 126.926751, 35.147567 ], [ 126.926766, 35.147569 ], [ 126.926755, 35.147618 ], [ 126.926752, 35.147618 ] ] ] ] } },
{ "type": "Feature", "properties": { "BUL_MAN_NO": 23313, "BULD_NM": null, "flo": 1.0, "h": 3.3 }, "geometry": { "type": "MultiPolygon", "coordinates": [ [ [ [ 126.926814, 35.147552 ], [ 126.926774, 35.147544 ], [ 126.926755, 35.147622 ], [ 126.926867, 35.147644 ], [ 126.926884, 35.147586 ], [ 126.926807, 35.147573 ], [ 126.926814, 35.147552 ] ] ] ] } },
{ "type": "Feature", "properties": { "BUL_MAN_NO": 23310, "BULD_NM": null, "flo": 1.0, "h": 3.3 }, "geometry": { "type": "MultiPolygon", "coordinates": [ [ [ [ 126.927092, 35.147604 ], [ 126.927118, 35.147523 ], [ 126.927069, 35.147511 ], [ 126.927062, 35.147532 ], [ 126.92696, 35.147508 ], [ 126.92694, 35.147572 ], [ 126.927092, 35.147604 ] ] ] ] } },
{ "type": "Feature", "properties": { "BUL_MAN_NO": 36820, "BULD_NM": null, "flo": 1.0, "h": 3.3 }, "geometry": { "type": "MultiPolygon", "coordinates": [ [ [ [ 126.927007, 35.147518 ], [ 126.927009, 35.14751 ], [ 126.927063, 35.147521 ], [ 126.92706, 35.147529 ], [ 126.927007, 35.147518 ] ] ] ] } },
{ "type": "Feature", "properties": { "BUL_MAN_NO": 36819, "BULD_NM": null, "flo": 1.0, "h": 3.3 }, "geometry": { "type": "MultiPolygon", "coordinates": [ [ [ [ 126.926962, 35.147505 ], [ 126.926966, 35.147493 ], [ 126.926974, 35.147495 ], [ 126.92697, 35.147507 ], [ 126.926962, 35.147505 ] ] ] ] } },
{ "type": "Feature", "properties": { "BUL_MAN_NO": 23314, "BULD_NM": null, "flo": 1.0, "h": 3.3 }, "geometry": { "type": "MultiPolygon", "coordinates": [ [ [ [ 126.926894, 35.147478 ], [ 126.926767, 35.147453 ], [ 126.926765, 35.147482 ], [ 126.926774, 35.147501 ], [ 126.926772, 35.147528 ], [ 126.926903, 35.147558 ], [ 126.926919, 35.147506 ], [ 126.926887, 35.147499 ], [ 126.926894, 35.147478 ] ] ] ] } },
{ "type": "Feature", "properties": { "BUL_MAN_NO": 36831, "BULD_NM": null, "flo": 1.0, "h": 3.3 }, "geometry": { "type": "MultiPolygon", "coordinates": [ [ [ [ 126.926905, 35.147552 ], [ 126.92691, 35.147534 ], [ 126.926919, 35.147536 ], [ 126.926913, 35.147554 ], [ 126.926905, 35.147552 ] ] ] ] } },
{ "type": "Feature", "properties": { "BUL_MAN_NO": 36832, "BULD_NM": null, "flo": 1.0, "h": 3.3 }, "geometry": { "type": "MultiPolygon", "coordinates": [ [ [ [ 126.926769, 35.147452 ], [ 126.92677, 35.147448 ], [ 126.926795, 35.147453 ], [ 126.926794, 35.147457 ], [ 126.926769, 35.147452 ] ] ] ] } },
{ "type": "Feature", "properties": { "BUL_MAN_NO": 23315, "BULD_NM": null, "flo": 2.0, "h": 6.6 }, "geometry": { "type": "MultiPolygon", "coordinates": [ [ [ [ 126.926925, 35.147471 ], [ 126.92694, 35.147424 ], [ 126.926878, 35.14741 ], [ 126.926872, 35.147422 ], [ 126.926846, 35.147414 ], [ 126.926844, 35.147423 ], [ 126.92682, 35.147416 ], [ 126.926816, 35.147427 ], [ 126.926772, 35.147421 ], [ 126.926767, 35.147438 ], [ 126.926925, 35.147471 ] ] ] ] } },
{ "type": "Feature", "properties": { "BUL_MAN_NO": 36835, "BULD_NM": null, "flo": 1.0, "h": 3.3 }, "geometry": { "type": "MultiPolygon", "coordinates": [ [ [ [ 126.926941, 35.147422 ], [ 126.926933, 35.14742 ], [ 126.926937, 35.14741 ], [ 126.926925, 35.147407 ], [ 126.926928, 35.1474 ], [ 126.926947, 35.147405 ], [ 126.926941, 35.147422 ] ] ] ] } },
{ "type": "Feature", "properties": { "BUL_MAN_NO": 36817, "BULD_NM": null, "flo": 1.0, "h": 3.3 }, "geometry": { "type": "MultiPolygon", "coordinates": [ [ [ [ 126.926988, 35.147425 ], [ 126.926993, 35.147408 ], [ 126.927, 35.14741 ], [ 126.926995, 35.147426 ], [ 126.926988, 35.147425 ] ] ] ] } },
{ "type": "Feature", "properties": { "BUL_MAN_NO": 36818, "BULD_NM": null, "flo": 1.0, "h": 3.3 }, "geometry": { "type": "MultiPolygon", "coordinates": [ [ [ [ 126.927133, 35.147479 ], [ 126.927145, 35.147443 ], [ 126.927152, 35.147444 ], [ 126.92714, 35.147481 ], [ 126.927133, 35.147479 ] ] ] ] } },
{ "type": "Feature", "properties": { "BUL_MAN_NO": 23309, "BULD_NM": null, "flo": 1.0, "h": 3.3 }, "geometry": { "type": "MultiPolygon", "coordinates": [ [ [ [ 126.927119, 35.147515 ], [ 126.927144, 35.147441 ], [ 126.92709, 35.147428 ], [ 126.927084, 35.147449 ], [ 126.926987, 35.147428 ], [ 126.926968, 35.147483 ], [ 126.927119, 35.147515 ] ] ] ] } },
{ "type": "Feature", "properties": { "BUL_MAN_NO": 36747, "BULD_NM": null, "flo": 1.0, "h": 3.3 }, "geometry": { "type": "MultiPolygon", "coordinates": [ [ [ [ 126.927182, 35.147285 ], [ 126.927185, 35.147275 ], [ 126.927208, 35.14728 ], [ 126.927205, 35.147289 ], [ 126.927182, 35.147285 ] ] ] ] } },
{ "type": "Feature", "properties": { "BUL_MAN_NO": 23308, "BULD_NM": null, "flo": 2.0, "h": 6.6 }, "geometry": { "type": "MultiPolygon", "coordinates": [ [ [ [ 126.927225, 35.147376 ], [ 126.927233, 35.147343 ], [ 126.927243, 35.1473 ], [ 126.927174, 35.147285 ], [ 126.927164, 35.147327 ], [ 126.927152, 35.147323 ], [ 126.927141, 35.147355 ], [ 126.927134, 35.147354 ], [ 126.927121, 35.147394 ], [ 126.927208, 35.147411 ], [ 126.927225, 35.147376 ] ] ] ] } },
{ "type": "Feature", "properties": { "BUL_MAN_NO": 23316, "BULD_NM": null, "flo": 1.0, "h": 3.3 }, "geometry": { "type": "MultiPolygon", "coordinates": [ [ [ [ 126.927359, 35.147851 ], [ 126.927385, 35.14777 ], [ 126.927335, 35.147759 ], [ 126.92733, 35.147781 ], [ 126.927244, 35.147765 ], [ 126.927229, 35.147821 ], [ 126.927359, 35.147851 ] ] ] ] } },
{ "type": "Feature", "properties": { "BUL_MAN_NO": 36800, "BULD_NM": null, "flo": 1.0, "h": 3.3 }, "geometry": { "type": "MultiPolygon", "coordinates": [ [ [ [ 126.92736, 35.147851 ], [ 126.927371, 35.147816 ], [ 126.927383, 35.147819 ], [ 126.927371, 35.147854 ], [ 126.92736, 35.147851 ] ] ] ] } },
{ "type": "Feature", "properties": { "BUL_MAN_NO": 23317, "BULD_NM": null, "flo": 1.0, "h": 3.3 }, "geometry": { "type": "MultiPolygon", "coordinates": [ [ [ [ 126.927387, 35.147754 ], [ 126.927411, 35.147684 ], [ 126.927365, 35.147673 ], [ 126.92736, 35.147686 ], [ 126.927278, 35.147669 ], [ 126.92726, 35.147727 ], [ 126.927387, 35.147754 ] ] ] ] } },
{ "type": "Feature", "properties": { "BUL_MAN_NO": 36801, "BULD_NM": null, "flo": 1.0, "h": 3.3 }, "geometry": { "type": "MultiPolygon", "coordinates": [ [ [ [ 126.927283, 35.147665 ], [ 126.927287, 35.147654 ], [ 126.927315, 35.147659 ], [ 126.927311, 35.147671 ], [ 126.927283, 35.147665 ] ] ] ] } },
{ "type": "Feature", "properties": { "BUL_MAN_NO": 23320, "BULD_NM": null, "flo": 1.0, "h": 3.3 }, "geometry": { "type": "MultiPolygon", "coordinates": [ [ [ [ 126.927165, 35.147628 ], [ 126.927112, 35.147618 ], [ 126.927086, 35.147689 ], [ 126.927216, 35.147717 ], [ 126.927237, 35.147661 ], [ 126.92716, 35.147643 ], [ 126.927165, 35.147628 ] ] ] ] } },
{ "type": "Feature", "properties": { "BUL_MAN_NO": 36811, "BULD_NM": null, "flo": 1.0, "h": 3.3 }, "geometry": { "type": "MultiPolygon", "coordinates": [ [ [ [ 126.927221, 35.147654 ], [ 126.927226, 35.147643 ], [ 126.92724, 35.147647 ], [ 126.927236, 35.147657 ], [ 126.927221, 35.147654 ] ] ] ] } },
{ "type": "Feature", "properties": { "BUL_MAN_NO": 36810, "BULD_NM": null, "flo": 1.0, "h": 3.3 }, "geometry": { "type": "MultiPolygon", "coordinates": [ [ [ [ 126.927087, 35.147679 ], [ 126.927078, 35.147676 ], [ 126.927099, 35.147617 ], [ 126.927109, 35.147619 ], [ 126.927087, 35.147679 ] ] ] ] } },
{ "type": "Feature", "properties": { "BUL_MAN_NO": 36804, "BULD_NM": null, "flo": 1.0, "h": 3.3 }, "geometry": { "type": "MultiPolygon", "coordinates": [ [ [ [ 126.927316, 35.147584 ], [ 126.92732, 35.147575 ], [ 126.927339, 35.147579 ], [ 126.927335, 35.147588 ], [ 126.927316, 35.147584 ] ] ] ] } },
{ "type": "Feature", "properties": { "BUL_MAN_NO": 36802, "BULD_NM": null, "flo": 1.0, "h": 3.3 }, "geometry": { "type": "MultiPolygon", "coordinates": [ [ [ [ 126.927292, 35.147643 ], [ 126.927284, 35.147641 ], [ 126.927296, 35.147601 ], [ 126.927306, 35.147604 ], [ 126.927292, 35.147643 ] ] ] ] } },
{ "type": "Feature", "properties": { "BUL_MAN_NO": 36803, "BULD_NM": null, "flo": 1.0, "h": 3.3 }, "geometry": { "type": "MultiPolygon", "coordinates": [ [ [ [ 126.927297, 35.147599 ], [ 126.927308, 35.147571 ], [ 126.927317, 35.147574 ], [ 126.927306, 35.147602 ], [ 126.927297, 35.147599 ] ] ] ] } },
{ "type": "Feature", "properties": { "BUL_MAN_NO": 23318, "BULD_NM": null, "flo": 1.0, "h": 3.3 }, "geometry": { "type": "MultiPolygon", "coordinates": [ [ [ [ 126.927418, 35.14767 ], [ 126.927439, 35.147594 ], [ 126.927398, 35.147586 ], [ 126.927393, 35.147603 ], [ 126.927312, 35.147587 ], [ 126.927293, 35.147644 ], [ 126.927418, 35.14767 ] ] ] ] } },
{ "type": "Feature", "properties": { "BUL_MAN_NO": 23321, "BULD_NM": null, "flo": 1.0, "h": 3.3 }, "geometry": { "type": "MultiPolygon", "coordinates": [ [ [ [ 126.927193, 35.147542 ], [ 126.927143, 35.147532 ], [ 126.927117, 35.147607 ], [ 126.927248, 35.147636 ], [ 126.927267, 35.147584 ], [ 126.927185, 35.147565 ], [ 126.927193, 35.147542 ] ] ] ] } },
{ "type": "Feature", "properties": { "BUL_MAN_NO": 36813, "BULD_NM": null, "flo": 1.0, "h": 3.3 }, "geometry": { "type": "MultiPolygon", "coordinates": [ [ [ [ 126.927247, 35.147563 ], [ 126.92725, 35.147555 ], [ 126.927275, 35.14756 ], [ 126.927271, 35.147569 ], [ 126.927247, 35.147563 ] ] ] ] } },
{ "type": "Feature", "properties": { "BUL_MAN_NO": 36814, "BULD_NM": null, "flo": 1.0, "h": 3.3 }, "geometry": { "type": "MultiPolygon", "coordinates": [ [ [ [ 126.927195, 35.147552 ], [ 126.927198, 35.147545 ], [ 126.927222, 35.14755 ], [ 126.927219, 35.147557 ], [ 126.927195, 35.147552 ] ] ] ] } },
{ "type": "Feature", "properties": { "BUL_MAN_NO": 36812, "BULD_NM": null, "flo": 1.0, "h": 3.3 }, "geometry": { "type": "MultiPolygon", "coordinates": [ [ [ [ 126.927118, 35.147603 ], [ 126.927105, 35.1476 ], [ 126.927131, 35.147526 ], [ 126.927142, 35.147529 ], [ 126.927118, 35.147603 ] ] ] ] } },
{ "type": "Feature", "properties": { "BUL_MAN_NO": 23319, "BULD_NM": null, "flo": 1.0, "h": 3.3 }, "geometry": { "type": "MultiPolygon", "coordinates": [ [ [ [ 126.927467, 35.147518 ], [ 126.927418, 35.147505 ], [ 126.927413, 35.147517 ], [ 126.927337, 35.147501 ], [ 126.927319, 35.147557 ], [ 126.927444, 35.147584 ], [ 126.927467, 35.147518 ] ] ] ] } },
{ "type": "Feature", "properties": { "BUL_MAN_NO": 5296, "BULD_NM": null, "flo": 1.0, "h": 3.3 }, "geometry": { "type": "MultiPolygon", "coordinates": [ [ [ [ 126.927222, 35.147456 ], [ 126.927174, 35.147445 ], [ 126.927146, 35.147523 ], [ 126.927278, 35.147551 ], [ 126.927294, 35.147494 ], [ 126.927213, 35.147477 ], [ 126.927222, 35.147456 ] ] ] ] } },
{ "type": "Feature", "properties": { "BUL_MAN_NO": 36815, "BULD_NM": null, "flo": 1.0, "h": 3.3 }, "geometry": { "type": "MultiPolygon", "coordinates": [ [ [ [ 126.927144, 35.14752 ], [ 126.927133, 35.147517 ], [ 126.927158, 35.147445 ], [ 126.92717, 35.147447 ], [ 126.927144, 35.14752 ] ] ] ] } },
{ "type": "Feature", "properties": { "BUL_MAN_NO": 36816, "BULD_NM": null, "flo": 1.0, "h": 3.3 }, "geometry": { "type": "MultiPolygon", "coordinates": [ [ [ [ 126.92727, 35.147485 ], [ 126.927275, 35.147475 ], [ 126.927297, 35.14748 ], [ 126.927293, 35.14749 ], [ 126.92727, 35.147485 ] ] ] ] } },
{ "type": "Feature", "properties": { "BUL_MAN_NO": 23323, "BULD_NM": null, "flo": 1.0, "h": 3.3 }, "geometry": { "type": "MultiPolygon", "coordinates": [ [ [ [ 126.927658, 35.147917 ], [ 126.927679, 35.14784 ], [ 126.927633, 35.147829 ], [ 126.927628, 35.14785 ], [ 126.927556, 35.147837 ], [ 126.927537, 35.147891 ], [ 126.927649, 35.147917 ], [ 126.927657, 35.147918 ], [ 126.927658, 35.147917 ] ] ] ] } },
{ "type": "Feature", "properties": { "BUL_MAN_NO": 36837, "BULD_NM": null, "flo": 1.0, "h": 3.3 }, "geometry": { "type": "MultiPolygon", "coordinates": [ [ [ [ 126.927602, 35.147844 ], [ 126.927605, 35.147836 ], [ 126.927628, 35.147839 ], [ 126.927626, 35.147848 ], [ 126.927602, 35.147844 ] ] ] ] } },
{ "type": "Feature", "properties": { "BUL_MAN_NO": 23324, "BULD_NM": null, "flo": 1.0, "h": 3.3 }, "geometry": { "type": "MultiPolygon", "coordinates": [ [ [ [ 126.927684, 35.147834 ], [ 126.927706, 35.147766 ], [ 126.927663, 35.147749 ], [ 126.927654, 35.147773 ], [ 126.927581, 35.147754 ], [ 126.927563, 35.147806 ], [ 126.927684, 35.147834 ] ] ] ] } },
{ "type": "Feature", "properties": { "BUL_MAN_NO": 36838, "BULD_NM": null, "flo": 1.0, "h": 3.3 }, "geometry": { "type": "MultiPolygon", "coordinates": [ [ [ [ 126.927622, 35.147761 ], [ 126.927625, 35.147752 ], [ 126.927655, 35.147759 ], [ 126.927652, 35.147768 ], [ 126.927622, 35.147761 ] ] ] ] } },
{ "type": "Feature", "properties": { "BUL_MAN_NO": 36797, "BULD_NM": null, "flo": 1.0, "h": 3.3 }, "geometry": { "type": "MultiPolygon", "coordinates": [ [ [ [ 126.927547, 35.147731 ], [ 126.927552, 35.147733 ], [ 126.92756, 35.147713 ], [ 126.927554, 35.147712 ], [ 126.927547, 35.147731 ] ] ] ] } },
{ "type": "Feature", "properties": { "BUL_MAN_NO": 36798, "BULD_NM": null, "flo": 1.0, "h": 3.3 }, "geometry": { "type": "MultiPolygon", "coordinates": [ [ [ [ 126.927484, 35.147715 ], [ 126.927488, 35.147705 ], [ 126.927526, 35.147714 ], [ 126.927523, 35.147723 ], [ 126.927484, 35.147715 ] ] ] ] } },
{ "type": "Feature", "properties": { "BUL_MAN_NO": 23322, "BULD_NM": null, "flo": 1.0, "h": 3.3 }, "geometry": { "type": "MultiPolygon", "coordinates": [ [ [ [ 126.927483, 35.1477 ], [ 126.92743, 35.147688 ], [ 126.927405, 35.147763 ], [ 126.927534, 35.147794 ], [ 126.927553, 35.147735 ], [ 126.927476, 35.147717 ], [ 126.927483, 35.1477 ] ] ] ] } },
{ "type": "Feature", "properties": { "BUL_MAN_NO": 23325, "BULD_NM": null, "flo": 1.0, "h": 3.3 }, "geometry": { "type": "MultiPolygon", "coordinates": [ [ [ [ 126.927641, 35.147658 ], [ 126.927614, 35.147652 ], [ 126.927592, 35.147723 ], [ 126.927672, 35.147743 ], [ 126.927679, 35.147721 ], [ 126.927641, 35.147658 ] ] ] ] } },
{ "type": "Feature", "properties": { "BUL_MAN_NO": 36840, "BULD_NM": null, "flo": 1.0, "h": 3.3 }, "geometry": { "type": "MultiPolygon", "coordinates": [ [ [ [ 126.927628, 35.147653 ], [ 126.927625, 35.147648 ], [ 126.92764, 35.147643 ], [ 126.927642, 35.147648 ], [ 126.927628, 35.147653 ] ] ] ] } },
{ "type": "Feature", "properties": { "BUL_MAN_NO": 5293, "BULD_NM": null, "flo": 1.0, "h": 3.3 }, "geometry": { "type": "MultiPolygon", "coordinates": [ [ [ [ 126.9275, 35.147614 ], [ 126.927461, 35.147605 ], [ 126.92744, 35.147678 ], [ 126.927558, 35.147705 ], [ 126.927576, 35.14765 ], [ 126.927496, 35.147631 ], [ 126.9275, 35.147614 ] ] ] ] } },
{ "type": "Feature", "properties": { "BUL_MAN_NO": 36799, "BULD_NM": null, "flo": 1.0, "h": 3.3 }, "geometry": { "type": "MultiPolygon", "coordinates": [ [ [ [ 126.927438, 35.147674 ], [ 126.927427, 35.147672 ], [ 126.927449, 35.147604 ], [ 126.927459, 35.147607 ], [ 126.927438, 35.147674 ] ] ] ] } },
{ "type": "Feature", "properties": { "BUL_MAN_NO": 5294, "BULD_NM": null, "flo": 1.0, "h": 3.3 }, "geometry": { "type": "MultiPolygon", "coordinates": [ [ [ [ 126.927565, 35.147548 ], [ 126.927489, 35.147531 ], [ 126.92747, 35.147588 ], [ 126.927577, 35.147611 ], [ 126.927587, 35.147585 ], [ 126.927565, 35.147548 ] ] ] ] } },
{ "type": "Feature", "properties": { "BUL_MAN_NO": 5081, "BULD_NM": null, "flo": 1.0, "h": 3.3 }, "geometry": { "type": "MultiPolygon", "coordinates": [ [ [ [ 126.927082, 35.147036 ], [ 126.927046, 35.146985 ], [ 126.927022, 35.146993 ], [ 126.927056, 35.147047 ], [ 126.927082, 35.147036 ] ] ] ] } },
{ "type": "Feature", "properties": { "BUL_MAN_NO": 23329, "BULD_NM": null, "flo": 1.0, "h": 3.3 }, "geometry": { "type": "MultiPolygon", "coordinates": [ [ [ [ 126.926951, 35.147156 ], [ 126.927015, 35.147129 ], [ 126.927021, 35.147139 ], [ 126.927079, 35.147115 ], [ 126.927026, 35.147033 ], [ 126.926956, 35.147062 ], [ 126.926948, 35.14705 ], [ 126.926898, 35.147074 ], [ 126.926951, 35.147156 ] ] ] ] } },
{ "type": "Feature", "properties": { "BUL_MAN_NO": 23327, "BULD_NM": null, "flo": 1.0, "h": 3.3 }, "geometry": { "type": "MultiPolygon", "coordinates": [ [ [ [ 126.92711, 35.146853 ], [ 126.927131, 35.146829 ], [ 126.927174, 35.146808 ], [ 126.927147, 35.146762 ], [ 126.92711, 35.146778 ], [ 126.927126, 35.146809 ], [ 126.927097, 35.146834 ], [ 126.927084, 35.146814 ], [ 126.927013, 35.146846 ], [ 126.926996, 35.146822 ], [ 126.926976, 35.146832 ], [ 126.927025, 35.146902 ], [ 126.927113, 35.146859 ], [ 126.92711, 35.146853 ] ] ] ] } },
{ "type": "Feature", "properties": { "BUL_MAN_NO": 5082, "BULD_NM": null, "flo": 1.0, "h": 3.3 }, "geometry": { "type": "MultiPolygon", "coordinates": [ [ [ [ 126.927011, 35.146977 ], [ 126.926974, 35.146918 ], [ 126.926856, 35.146967 ], [ 126.926841, 35.146945 ], [ 126.926781, 35.146969 ], [ 126.92683, 35.147051 ], [ 126.927011, 35.146977 ] ] ] ] } },
{ "type": "Feature", "properties": { "BUL_MAN_NO": 5084, "BULD_NM": null, "flo": 1.0, "h": 3.3 }, "geometry": { "type": "MultiPolygon", "coordinates": [ [ [ [ 126.926992, 35.14691 ], [ 126.926956, 35.146853 ], [ 126.926923, 35.146867 ], [ 126.926953, 35.146923 ], [ 126.926992, 35.14691 ] ] ] ] } },
{ "type": "Feature", "properties": { "BUL_MAN_NO": 5083, "BULD_NM": null, "flo": 1.0, "h": 3.3 }, "geometry": { "type": "MultiPolygon", "coordinates": [ [ [ [ 126.926787, 35.147024 ], [ 126.926761, 35.14698 ], [ 126.926733, 35.146993 ], [ 126.926765, 35.147035 ], [ 126.926787, 35.147024 ] ] ] ] } },
{ "type": "Feature", "properties": { "BUL_MAN_NO": 23331, "BULD_NM": null, "flo": 1.0, "h": 3.3 }, "geometry": { "type": "MultiPolygon", "coordinates": [ [ [ [ 126.926932, 35.146831 ], [ 126.926907, 35.146805 ], [ 126.926889, 35.146816 ], [ 126.926844, 35.146767 ], [ 126.926791, 35.146803 ], [ 126.926858, 35.146873 ], [ 126.926932, 35.146831 ] ] ] ] } },
{ "type": "Feature", "properties": { "BUL_MAN_NO": 36745, "BULD_NM": null, "flo": 1.0, "h": 3.3 }, "geometry": { "type": "MultiPolygon", "coordinates": [ [ [ [ 126.926916, 35.146799 ], [ 126.926884, 35.146764 ], [ 126.926906, 35.146752 ], [ 126.926938, 35.146787 ], [ 126.926916, 35.146799 ] ] ] ] } },
{ "type": "Feature", "properties": { "BUL_MAN_NO": 36746, "BULD_NM": null, "flo": 1.0, "h": 3.3 }, "geometry": { "type": "MultiPolygon", "coordinates": [ [ [ [ 126.926956, 35.14682 ], [ 126.92694, 35.146802 ], [ 126.926964, 35.146791 ], [ 126.926978, 35.146808 ], [ 126.926956, 35.14682 ] ] ] ] } },
{ "type": "Feature", "properties": { "BUL_MAN_NO": 23332, "BULD_NM": null, "flo": 2.0, "h": 6.6 }, "geometry": { "type": "MultiPolygon", "coordinates": [ [ [ [ 126.926547, 35.14685 ], [ 126.926501, 35.146778 ], [ 126.926455, 35.146803 ], [ 126.926464, 35.146814 ], [ 126.926393, 35.146855 ], [ 126.92645, 35.146912 ], [ 126.926547, 35.14685 ] ] ] ] } },
{ "type": "Feature", "properties": { "BUL_MAN_NO": 36748, "BULD_NM": null, "flo": 1.0, "h": 3.3 }, "geometry": { "type": "MultiPolygon", "coordinates": [ [ [ [ 126.926392, 35.146854 ], [ 126.926385, 35.146846 ], [ 126.926408, 35.146831 ], [ 126.926416, 35.14684 ], [ 126.926392, 35.146854 ] ] ] ] } },
{ "type": "Feature", "properties": { "BUL_MAN_NO": 36749, "BULD_NM": null, "flo": 1.0, "h": 3.3 }, "geometry": { "type": "MultiPolygon", "coordinates": [ [ [ [ 126.926624, 35.146864 ], [ 126.926605, 35.146839 ], [ 126.926614, 35.146834 ], [ 126.926633, 35.14686 ], [ 126.926624, 35.146864 ] ] ] ] } },
{ "type": "Feature", "properties": { "BUL_MAN_NO": 36750, "BULD_NM": null, "flo": 1.0, "h": 3.3 }, "geometry": { "type": "MultiPolygon", "coordinates": [ [ [ [ 126.926508, 35.146766 ], [ 126.926523, 35.146758 ], [ 126.926557, 35.146805 ], [ 126.926542, 35.146813 ], [ 126.926508, 35.146766 ] ] ] ] } },
{ "type": "Feature", "properties": { "BUL_MAN_NO": 23333, "BULD_NM": null, "flo": 2.0, "h": 6.6 }, "geometry": { "type": "MultiPolygon", "coordinates": [ [ [ [ 126.926769, 35.14681 ], [ 126.926712, 35.146742 ], [ 126.92666, 35.146773 ], [ 126.926666, 35.146782 ], [ 126.926603, 35.146818 ], [ 126.92665, 35.146879 ], [ 126.926769, 35.14681 ] ] ] ] } },
{ "type": "Feature", "properties": { "BUL_MAN_NO": 23335, "BULD_NM": null, "flo": 2.0, "h": 6.6 }, "geometry": { "type": "MultiPolygon", "coordinates": [ [ [ [ 126.926587, 35.146796 ], [ 126.926598, 35.146789 ], [ 126.926601, 35.146793 ], [ 126.926703, 35.146727 ], [ 126.92664, 35.146657 ], [ 126.926591, 35.146689 ], [ 126.9266, 35.146701 ], [ 126.926538, 35.146738 ], [ 126.926587, 35.146796 ] ] ] ] } },
{ "type": "Feature", "properties": { "BUL_MAN_NO": 36751, "BULD_NM": null, "flo": 1.0, "h": 3.3 }, "geometry": { "type": "MultiPolygon", "coordinates": [ [ [ [ 126.926568, 35.146791 ], [ 126.926537, 35.146756 ], [ 126.926546, 35.14675 ], [ 126.926577, 35.146786 ], [ 126.926568, 35.146791 ] ] ] ] } },
{ "type": "Feature", "properties": { "BUL_MAN_NO": 31064, "BULD_NM": null, "flo": 4.0, "h": 13.2 }, "geometry": { "type": "MultiPolygon", "coordinates": [ [ [ [ 126.926894, 35.146693 ], [ 126.92677, 35.146755 ], [ 126.926734, 35.146706 ], [ 126.926735, 35.146705 ], [ 126.926716, 35.14668 ], [ 126.926718, 35.146679 ], [ 126.926681, 35.146629 ], [ 126.926697, 35.146621 ], [ 126.926738, 35.146601 ], [ 126.926744, 35.146611 ], [ 126.926771, 35.146597 ], [ 126.92676, 35.146583 ], [ 126.92678, 35.146573 ], [ 126.926774, 35.146566 ], [ 126.926801, 35.146553 ], [ 126.926826, 35.146588 ], [ 126.926825, 35.146588 ], [ 126.926862, 35.146637 ], [ 126.92686, 35.146638 ], [ 126.926866, 35.146646 ], [ 126.926881, 35.146666 ], [ 126.926877, 35.146668 ], [ 126.926892, 35.146688 ], [ 126.92689, 35.146689 ], [ 126.926894, 35.146693 ] ] ] ] } },
{ "type": "Feature", "properties": { "BUL_MAN_NO": 31686, "BULD_NM": null, "flo": 4.0, "h": 13.2 }, "geometry": { "type": "MultiPolygon", "coordinates": [ [ [ [ 126.926264, 35.146662 ], [ 126.926382, 35.146773 ], [ 126.926474, 35.146707 ], [ 126.92637, 35.14661 ], [ 126.926361, 35.146617 ], [ 126.926346, 35.146603 ], [ 126.926341, 35.146607 ], [ 126.926341, 35.146607 ], [ 126.926264, 35.146662 ] ] ] ] } },
{ "type": "Feature", "properties": { "BUL_MAN_NO": 31524, "BULD_NM": null, "flo": 4.0, "h": 13.2 }, "geometry": { "type": "MultiPolygon", "coordinates": [ [ [ [ 126.92644, 35.146508 ], [ 126.926295, 35.146611 ], [ 126.926233, 35.146553 ], [ 126.926288, 35.146514 ], [ 126.926266, 35.146492 ], [ 126.926289, 35.146476 ], [ 126.926277, 35.146465 ], [ 126.926326, 35.146431 ], [ 126.926358, 35.146447 ], [ 126.92638, 35.146465 ], [ 126.926389, 35.146459 ], [ 126.92644, 35.146508 ] ] ] ] } },
{ "type": "Feature", "properties": { "BUL_MAN_NO": 31525, "BULD_NM": null, "flo": 4.0, "h": 13.2 }, "geometry": { "type": "MultiPolygon", "coordinates": [ [ [ [ 126.926391, 35.14657 ], [ 126.926462, 35.146519 ], [ 126.926481, 35.146536 ], [ 126.926499, 35.146523 ], [ 126.926527, 35.146539 ], [ 126.926603, 35.14661 ], [ 126.926525, 35.146665 ], [ 126.926487, 35.146663 ], [ 126.926391, 35.14657 ] ] ] ] } },
{ "type": "Feature", "properties": { "BUL_MAN_NO": 31926, "BULD_NM": null, "flo": 1.0, "h": 3.3 }, "geometry": { "type": "MultiPolygon", "coordinates": [ [ [ [ 126.926537, 35.146331 ], [ 126.926384, 35.146397 ], [ 126.926404, 35.146426 ], [ 126.926411, 35.146423 ], [ 126.926417, 35.146433 ], [ 126.926446, 35.14644 ], [ 126.92646, 35.146435 ], [ 126.926479, 35.146466 ], [ 126.926511, 35.146451 ], [ 126.92652, 35.146435 ], [ 126.926512, 35.146423 ], [ 126.92653, 35.146415 ], [ 126.926525, 35.146406 ], [ 126.926536, 35.146402 ], [ 126.926557, 35.14636 ], [ 126.926537, 35.146331 ] ] ] ] } },
{ "type": "Feature", "properties": { "BUL_MAN_NO": 37422, "BULD_NM": null, "flo": 3.0, "h": 9.9 }, "geometry": { "type": "MultiPolygon", "coordinates": [ [ [ [ 126.926639, 35.146326 ], [ 126.926637, 35.146324 ], [ 126.926616, 35.146307 ], [ 126.926616, 35.146307 ], [ 126.926615, 35.146309 ], [ 126.926568, 35.146402 ], [ 126.926586, 35.146417 ], [ 126.926673, 35.146345 ], [ 126.926654, 35.14633 ], [ 126.926649, 35.146334 ], [ 126.92664, 35.146326 ], [ 126.926639, 35.146326 ] ] ] ] } },
{ "type": "Feature", "properties": { "BUL_MAN_NO": 32921, "BULD_NM": null, "flo": 4.0, "h": 13.2 }, "geometry": { "type": "MultiPolygon", "coordinates": [ [ [ [ 126.926736, 35.146445 ], [ 126.92667, 35.146498 ], [ 126.926674, 35.146515 ], [ 126.926642, 35.146542 ], [ 126.926684, 35.146573 ], [ 126.926789, 35.146491 ], [ 126.926736, 35.146445 ] ] ] ] } },
{ "type": "Feature", "properties": { "BUL_MAN_NO": 23342, "BULD_NM": null, "flo": 1.0, "h": 3.3 }, "geometry": { "type": "MultiPolygon", "coordinates": [ [ [ [ 126.92692, 35.146397 ], [ 126.926896, 35.14636 ], [ 126.926886, 35.146371 ], [ 126.926893, 35.146381 ], [ 126.926806, 35.146448 ], [ 126.926835, 35.146472 ], [ 126.926911, 35.146411 ], [ 126.926915, 35.146406 ], [ 126.92692, 35.146397 ] ] ] ] } },
{ "type": "Feature", "properties": { "BUL_MAN_NO": 23903, "BULD_NM": null, "flo": 2.0, "h": 6.6 }, "geometry": { "type": "MultiPolygon", "coordinates": [ [ [ [ 126.924262, 35.148509 ], [ 126.924356, 35.148421 ], [ 126.924321, 35.148391 ], [ 126.92428, 35.148359 ], [ 126.92424, 35.14839 ], [ 126.924259, 35.148406 ], [ 126.924226, 35.148435 ], [ 126.924222, 35.148431 ], [ 126.924191, 35.148456 ], [ 126.924262, 35.148509 ] ] ] ] } },
{ "type": "Feature", "properties": { "BUL_MAN_NO": 5059, "BULD_NM": null, "flo": 1.0, "h": 3.3 }, "geometry": { "type": "MultiPolygon", "coordinates": [ [ [ [ 126.924485, 35.14831 ], [ 126.924382, 35.148198 ], [ 126.924326, 35.148202 ], [ 126.924249, 35.148259 ], [ 126.924347, 35.148346 ], [ 126.92438, 35.148394 ], [ 126.924412, 35.14836 ], [ 126.924485, 35.14831 ] ] ] ] } },
{ "type": "Feature", "properties": { "BUL_MAN_NO": 23953, "BULD_NM": null, "flo": 2.0, "h": 6.6 }, "geometry": { "type": "MultiPolygon", "coordinates": [ [ [ [ 126.924338, 35.148343 ], [ 126.924302, 35.148321 ], [ 126.924291, 35.148334 ], [ 126.924327, 35.148356 ], [ 126.924338, 35.148343 ] ] ] ] } },
{ "type": "Feature", "properties": { "BUL_MAN_NO": 23952, "BULD_NM": null, "flo": 1.0, "h": 3.3 }, "geometry": { "type": "MultiPolygon", "coordinates": [ [ [ [ 126.924572, 35.148394 ], [ 126.924498, 35.148316 ], [ 126.924398, 35.148393 ], [ 126.924497, 35.148465 ], [ 126.924572, 35.148394 ] ] ] ] } },
{ "type": "Feature", "properties": { "BUL_MAN_NO": 23944, "BULD_NM": null, "flo": 1.0, "h": 3.3 }, "geometry": { "type": "MultiPolygon", "coordinates": [ [ [ [ 126.924807, 35.148934 ], [ 126.924905, 35.14886 ], [ 126.924848, 35.148813 ], [ 126.924751, 35.148885 ], [ 126.924769, 35.1489 ], [ 126.924773, 35.148896 ], [ 126.924801, 35.148921 ], [ 126.924797, 35.148925 ], [ 126.924807, 35.148934 ] ] ] ] } },
{ "type": "Feature", "properties": { "BUL_MAN_NO": 23942, "BULD_NM": null, "flo": 3.0, "h": 9.9 }, "geometry": { "type": "MultiPolygon", "coordinates": [ [ [ [ 126.924717, 35.149017 ], [ 126.924653, 35.148963 ], [ 126.924583, 35.149018 ], [ 126.924649, 35.149074 ], [ 126.924717, 35.149017 ] ] ] ] } },
{ "type": "Feature", "properties": { "BUL_MAN_NO": 23943, "BULD_NM": null, "flo": 1.0, "h": 3.3 }, "geometry": { "type": "MultiPolygon", "coordinates": [ [ [ [ 126.924776, 35.148945 ], [ 126.92473, 35.148906 ], [ 126.924662, 35.148959 ], [ 126.924709, 35.148996 ], [ 126.924776, 35.148945 ] ] ] ] } },
{ "type": "Feature", "properties": { "BUL_MAN_NO": 29665, "BULD_NM": null, "flo": 4.0, "h": 13.2 }, "geometry": { "type": "MultiPolygon", "coordinates": [ [ [ [ 126.924619, 35.149102 ], [ 126.924594, 35.149122 ], [ 126.924595, 35.149123 ], [ 126.924568, 35.149144 ], [ 126.924498, 35.149083 ], [ 126.924553, 35.149041 ], [ 126.924575, 35.14906 ], [ 126.924572, 35.149062 ], [ 126.924619, 35.149102 ] ] ] ] } },
{ "type": "Feature", "properties": { "BUL_MAN_NO": 5051, "BULD_NM": null, "flo": 1.0, "h": 3.3 }, "geometry": { "type": "MultiPolygon", "coordinates": [ [ [ [ 126.92447, 35.149191 ], [ 126.92444, 35.149166 ], [ 126.924431, 35.149173 ], [ 126.924405, 35.149152 ], [ 126.924374, 35.149175 ], [ 126.924451, 35.149235 ], [ 126.924478, 35.149214 ], [ 126.924459, 35.149199 ], [ 126.92447, 35.149191 ] ] ] ] } },
{ "type": "Feature", "properties": { "BUL_MAN_NO": 5052, "BULD_NM": null, "flo": 4.0, "h": 13.2 }, "geometry": { "type": "MultiPolygon", "coordinates": [ [ [ [ 126.924537, 35.149168 ], [ 126.924463, 35.149097 ], [ 126.924417, 35.149132 ], [ 126.924438, 35.149149 ], [ 126.924452, 35.14914 ], [ 126.924487, 35.149172 ], [ 126.924473, 35.149184 ], [ 126.924493, 35.149203 ], [ 126.924537, 35.149168 ] ] ] ] } },
{ "type": "Feature", "properties": { "BUL_MAN_NO": 23951, "BULD_NM": null, "flo": 1.0, "h": 3.3 }, "geometry": { "type": "MultiPolygon", "coordinates": [ [ [ [ 126.924673, 35.148494 ], [ 126.924593, 35.148408 ], [ 126.924518, 35.148476 ], [ 126.924605, 35.148549 ], [ 126.924673, 35.148494 ] ] ] ] } },
{ "type": "Feature", "properties": { "BUL_MAN_NO": 23948, "BULD_NM": null, "flo": 1.0, "h": 3.3 }, "geometry": { "type": "MultiPolygon", "coordinates": [ [ [ [ 126.924612, 35.148682 ], [ 126.92465, 35.148652 ], [ 126.92464, 35.148643 ], [ 126.924697, 35.148596 ], [ 126.924648, 35.148558 ], [ 126.924555, 35.148633 ], [ 126.92456, 35.148636 ], [ 126.924547, 35.148651 ], [ 126.924578, 35.148681 ], [ 126.924594, 35.148669 ], [ 126.924605, 35.148679 ], [ 126.924608, 35.148677 ], [ 126.924612, 35.148682 ] ] ] ] } },
{ "type": "Feature", "properties": { "BUL_MAN_NO": 23947, "BULD_NM": null, "flo": 1.0, "h": 3.3 }, "geometry": { "type": "MultiPolygon", "coordinates": [ [ [ [ 126.924731, 35.148566 ], [ 126.924671, 35.148516 ], [ 126.924634, 35.148545 ], [ 126.9247, 35.148596 ], [ 126.924731, 35.148566 ] ] ] ] } },
{ "type": "Feature", "properties": { "BUL_MAN_NO": 23946, "BULD_NM": null, "flo": 1.0, "h": 3.3 }, "geometry": { "type": "MultiPolygon", "coordinates": [ [ [ [ 126.924803, 35.148711 ], [ 126.924809, 35.148664 ], [ 126.924795, 35.14863 ], [ 126.924741, 35.148578 ], [ 126.924686, 35.14863 ], [ 126.924731, 35.148675 ], [ 126.924726, 35.148679 ], [ 126.924748, 35.148698 ], [ 126.924753, 35.148694 ], [ 126.924776, 35.148718 ], [ 126.924767, 35.148721 ], [ 126.924779, 35.148733 ], [ 126.924803, 35.148714 ], [ 126.924803, 35.148711 ] ] ] ] } },
{ "type": "Feature", "properties": { "BUL_MAN_NO": 36763, "BULD_NM": null, "flo": 1.0, "h": 3.3 }, "geometry": { "type": "MultiPolygon", "coordinates": [ [ [ [ 126.92467, 35.148634 ], [ 126.92468, 35.148645 ], [ 126.92469, 35.148638 ], [ 126.924679, 35.148627 ], [ 126.92467, 35.148634 ] ] ] ] } },
{ "type": "Feature", "properties": { "BUL_MAN_NO": 23945, "BULD_NM": null, "flo": 4.0, "h": 13.2 }, "geometry": { "type": "MultiPolygon", "coordinates": [ [ [ [ 126.924768, 35.148747 ], [ 126.924673, 35.148655 ], [ 126.924602, 35.148703 ], [ 126.924617, 35.148725 ], [ 126.924593, 35.148742 ], [ 126.924673, 35.148816 ], [ 126.924768, 35.148747 ] ] ] ] } },
{ "type": "Feature", "properties": { "BUL_MAN_NO": 5054, "BULD_NM": null, "flo": 5.0, "h": 16.5 }, "geometry": { "type": "MultiPolygon", "coordinates": [ [ [ [ 126.924632, 35.148803 ], [ 126.924518, 35.148706 ], [ 126.924419, 35.148799 ], [ 126.924552, 35.148901 ], [ 126.924628, 35.148833 ], [ 126.924612, 35.148818 ], [ 126.924632, 35.148803 ] ] ] ] } },
{ "type": "Feature", "properties": { "BUL_MAN_NO": 5053, "BULD_NM": "강남아카데미", "flo": 5.0, "h": 16.5 }, "geometry": { "type": "MultiPolygon", "coordinates": [ [ [ [ 126.924512, 35.148913 ], [ 126.924391, 35.148834 ], [ 126.924297, 35.148933 ], [ 126.924412, 35.14901 ], [ 126.924512, 35.148913 ] ] ] ] } },
{ "type": "Feature", "properties": { "BUL_MAN_NO": 23950, "BULD_NM": null, "flo": 1.0, "h": 3.3 }, "geometry": { "type": "MultiPolygon", "coordinates": [ [ [ [ 126.924313, 35.149014 ], [ 126.924268, 35.149 ], [ 126.924216, 35.149061 ], [ 126.924301, 35.149105 ], [ 126.924336, 35.149051 ], [ 126.924303, 35.149037 ], [ 126.924313, 35.149014 ] ] ] ] } },
{ "type": "Feature", "properties": { "BUL_MAN_NO": 36769, "BULD_NM": null, "flo": 1.0, "h": 3.3 }, "geometry": { "type": "MultiPolygon", "coordinates": [ [ [ [ 126.924327, 35.149011 ], [ 126.924361, 35.149035 ], [ 126.92435, 35.149046 ], [ 126.924315, 35.149023 ], [ 126.924327, 35.149011 ] ] ] ] } },
{ "type": "Feature", "properties": { "BUL_MAN_NO": 23949, "BULD_NM": null, "flo": 4.0, "h": 13.2 }, "geometry": { "type": "MultiPolygon", "coordinates": [ [ [ [ 126.924177, 35.149096 ], [ 126.924182, 35.149083 ], [ 126.924133, 35.149063 ], [ 126.924113, 35.149087 ], [ 126.924084, 35.149074 ], [ 126.924029, 35.14915 ], [ 126.924136, 35.149196 ], [ 126.924166, 35.149193 ], [ 126.924245, 35.149127 ], [ 126.924223, 35.149117 ], [ 126.924177, 35.149096 ] ] ] ] } },
{ "type": "Feature", "properties": { "BUL_MAN_NO": 23954, "BULD_NM": null, "flo": 2.0, "h": 6.6 }, "geometry": { "type": "MultiPolygon", "coordinates": [ [ [ [ 126.924807, 35.148273 ], [ 126.924748, 35.148214 ], [ 126.924619, 35.148301 ], [ 126.924627, 35.148308 ], [ 126.924685, 35.148362 ], [ 126.924807, 35.148273 ] ] ] ] } },
{ "type": "Feature", "properties": { "BUL_MAN_NO": 36857, "BULD_NM": null, "flo": 1.0, "h": 3.3 }, "geometry": { "type": "MultiPolygon", "coordinates": [ [ [ [ 126.924841, 35.148356 ], [ 126.924856, 35.148372 ], [ 126.924874, 35.148362 ], [ 126.924859, 35.148346 ], [ 126.924841, 35.148356 ] ] ] ] } },
{ "type": "Feature", "properties": { "BUL_MAN_NO": 23955, "BULD_NM": null, "flo": 1.0, "h": 3.3 }, "geometry": { "type": "MultiPolygon", "coordinates": [ [ [ [ 126.924853, 35.148378 ], [ 126.924832, 35.148356 ], [ 126.924877, 35.148325 ], [ 126.92484, 35.148287 ], [ 126.924705, 35.148375 ], [ 126.924768, 35.148435 ], [ 126.924828, 35.148391 ], [ 126.924853, 35.148378 ] ] ] ] } },
{ "type": "Feature", "properties": { "BUL_MAN_NO": 23957, "BULD_NM": null, "flo": 4.0, "h": 13.2 }, "geometry": { "type": "MultiPolygon", "coordinates": [ [ [ [ 126.924896, 35.14844 ], [ 126.92486, 35.148405 ], [ 126.924787, 35.148455 ], [ 126.924837, 35.148502 ], [ 126.924877, 35.148513 ], [ 126.924869, 35.148522 ], [ 126.924902, 35.148533 ], [ 126.924936, 35.148506 ], [ 126.924925, 35.148479 ], [ 126.924926, 35.148478 ], [ 126.924893, 35.148443 ], [ 126.924896, 35.14844 ] ] ] ] } },
{ "type": "Feature", "properties": { "BUL_MAN_NO": 5113, "BULD_NM": "광주중앙도서관", "flo": 1.0, "h": 3.3 }, "geometry": { "type": "MultiPolygon", "coordinates": [ [ [ [ 126.92558, 35.148429 ], [ 126.925237, 35.148151 ], [ 126.925018, 35.148332 ], [ 126.925356, 35.148614 ], [ 126.92558, 35.148429 ] ] ] ] } },
{ "type": "Feature", "properties": { "BUL_MAN_NO": 5114, "BULD_NM": null, "flo": 1.0, "h": 3.3 }, "geometry": { "type": "MultiPolygon", "coordinates": [ [ [ [ 126.925155, 35.148668 ], [ 126.925083, 35.148607 ], [ 126.925032, 35.148648 ], [ 126.925104, 35.148709 ], [ 126.925155, 35.148668 ] ] ] ] } },
{ "type": "Feature", "properties": { "BUL_MAN_NO": 5115, "BULD_NM": null, "flo": 1.0, "h": 3.3 }, "geometry": { "type": "MultiPolygon", "coordinates": [ [ [ [ 126.92562, 35.148505 ], [ 126.925573, 35.148464 ], [ 126.925549, 35.148483 ], [ 126.925532, 35.148469 ], [ 126.925498, 35.148497 ], [ 126.925515, 35.148511 ], [ 126.925424, 35.148587 ], [ 126.925483, 35.148637 ], [ 126.925608, 35.148535 ], [ 126.925597, 35.148525 ], [ 126.92562, 35.148505 ] ] ] ] } },
{ "type": "Feature", "properties": { "BUL_MAN_NO": 23958, "BULD_NM": null, "flo": 1.0, "h": 3.3 }, "geometry": { "type": "MultiPolygon", "coordinates": [ [ [ [ 126.92496, 35.148786 ], [ 126.924928, 35.148751 ], [ 126.924855, 35.148799 ], [ 126.924915, 35.148853 ], [ 126.924962, 35.148817 ], [ 126.92496, 35.148786 ] ] ] ] } },
{ "type": "Feature", "properties": { "BUL_MAN_NO": 23973, "BULD_NM": null, "flo": 1.0, "h": 3.3 }, "geometry": { "type": "MultiPolygon", "coordinates": [ [ [ [ 126.924487, 35.148472 ], [ 126.924395, 35.148402 ], [ 126.924316, 35.148482 ], [ 126.92441, 35.148545 ], [ 126.924487, 35.148472 ] ] ] ] } },
{ "type": "Feature", "properties": { "BUL_MAN_NO": 23976, "BULD_NM": null, "flo": 1.0, "h": 3.3 }, "geometry": { "type": "MultiPolygon", "coordinates": [ [ [ [ 126.924525, 35.14863 ], [ 126.924494, 35.148605 ], [ 126.924481, 35.148613 ], [ 126.924452, 35.148587 ], [ 126.924422, 35.148609 ], [ 126.924416, 35.148604 ], [ 126.924378, 35.148636 ], [ 126.924459, 35.148706 ], [ 126.92449, 35.148684 ], [ 126.924501, 35.148661 ], [ 126.924495, 35.148657 ], [ 126.924525, 35.14863 ] ] ] ] } },
{ "type": "Feature", "properties": { "BUL_MAN_NO": 36774, "BULD_NM": null, "flo": 1.0, "h": 3.3 }, "geometry": { "type": "MultiPolygon", "coordinates": [ [ [ [ 126.924495, 35.148599 ], [ 126.924465, 35.148579 ], [ 126.92446, 35.148585 ], [ 126.92449, 35.148604 ], [ 126.924495, 35.148599 ] ] ] ] } },
{ "type": "Feature", "properties": { "BUL_MAN_NO": 23972, "BULD_NM": null, "flo": 1.0, "h": 3.3 }, "geometry": { "type": "MultiPolygon", "coordinates": [ [ [ [ 126.924599, 35.148567 ], [ 126.92452, 35.148512 ], [ 126.924516, 35.148517 ], [ 126.924492, 35.148504 ], [ 126.924442, 35.14855 ], [ 126.924548, 35.148621 ], [ 126.924588, 35.14858 ], [ 126.924586, 35.148578 ], [ 126.924599, 35.148567 ] ] ] ] } },
{ "type": "Feature", "properties": { "BUL_MAN_NO": 36773, "BULD_NM": null, "flo": 1.0, "h": 3.3 }, "geometry": { "type": "MultiPolygon", "coordinates": [ [ [ [ 126.9246, 35.148567 ], [ 126.924606, 35.148561 ], [ 126.924591, 35.148549 ], [ 126.924585, 35.148555 ], [ 126.9246, 35.148567 ] ] ] ] } },
{ "type": "Feature", "properties": { "BUL_MAN_NO": 13609, "BULD_NM": null, "flo": 1.0, "h": 3.3 }, "geometry": { "type": "MultiPolygon", "coordinates": [ [ [ [ 126.923574, 35.149691 ], [ 126.923507, 35.149633 ], [ 126.923482, 35.149649 ], [ 126.923467, 35.149635 ], [ 126.923431, 35.149661 ], [ 126.923439, 35.14967 ], [ 126.923423, 35.14968 ], [ 126.923495, 35.149746 ], [ 126.923574, 35.149691 ] ] ] ] } },
{ "type": "Feature", "properties": { "BUL_MAN_NO": 23997, "BULD_NM": null, "flo": 1.0, "h": 3.3 }, "geometry": { "type": "MultiPolygon", "coordinates": [ [ [ [ 126.923395, 35.149735 ], [ 126.923356, 35.149692 ], [ 126.923338, 35.149704 ], [ 126.923317, 35.149687 ], [ 126.923302, 35.149684 ], [ 126.923242, 35.149729 ], [ 126.923308, 35.149791 ], [ 126.923395, 35.149735 ] ] ] ] } },
{ "type": "Feature", "properties": { "BUL_MAN_NO": 28870, "BULD_NM": null, "flo": 2.0, "h": 6.6 }, "geometry": { "type": "MultiPolygon", "coordinates": [ [ [ [ 126.924283, 35.149654 ], [ 126.924227, 35.149595 ], [ 126.924355, 35.149491 ], [ 126.924383, 35.149501 ], [ 126.924412, 35.149625 ], [ 126.924283, 35.149654 ] ] ] ] } },
{ "type": "Feature", "properties": { "BUL_MAN_NO": 24016, "BULD_NM": null, "flo": 1.0, "h": 3.3 }, "geometry": { "type": "MultiPolygon", "coordinates": [ [ [ [ 126.924605, 35.149621 ], [ 126.924596, 35.149576 ], [ 126.924482, 35.149589 ], [ 126.924489, 35.149635 ], [ 126.924605, 35.149621 ] ] ] ] } },
{ "type": "Feature", "properties": { "BUL_MAN_NO": 36900, "BULD_NM": null, "flo": 1.0, "h": 3.3 }, "geometry": { "type": "MultiPolygon", "coordinates": [ [ [ [ 126.92461, 35.149608 ], [ 126.924605, 35.149591 ], [ 126.92464, 35.149607 ], [ 126.924631, 35.149618 ], [ 126.92461, 35.149608 ] ] ] ] } },
{ "type": "Feature", "properties": { "BUL_MAN_NO": 36901, "BULD_NM": null, "flo": 1.0, "h": 3.3 }, "geometry": { "type": "MultiPolygon", "coordinates": [ [ [ [ 126.924482, 35.149584 ], [ 126.924479, 35.149571 ], [ 126.92452, 35.149567 ], [ 126.924522, 35.149579 ], [ 126.924482, 35.149584 ] ] ] ] } },
{ "type": "Feature", "properties": { "BUL_MAN_NO": 28869, "BULD_NM": null, "flo": 1.0, "h": 3.3 }, "geometry": { "type": "MultiPolygon", "coordinates": [ [ [ [ 126.924321, 35.149788 ], [ 126.924427, 35.149777 ], [ 126.924417, 35.149687 ], [ 126.92432, 35.149698 ], [ 126.924321, 35.149788 ] ] ] ] } },
{ "type": "Feature", "properties": { "BUL_MAN_NO": 36861, "BULD_NM": null, "flo": 1.0, "h": 3.3 }, "geometry": { "type": "MultiPolygon", "coordinates": [ [ [ [ 126.924627, 35.149693 ], [ 126.924625, 35.149681 ], [ 126.924641, 35.149678 ], [ 126.924643, 35.149691 ], [ 126.924627, 35.149693 ] ] ] ] } },
{ "type": "Feature", "properties": { "BUL_MAN_NO": 24014, "BULD_NM": null, "flo": 2.0, "h": 6.6 }, "geometry": { "type": "MultiPolygon", "coordinates": [ [ [ [ 126.924622, 35.149695 ], [ 126.924611, 35.14964 ], [ 126.924499, 35.149656 ], [ 126.924501, 35.149673 ], [ 126.924495, 35.149673 ], [ 126.924489, 35.149673 ], [ 126.924487, 35.149676 ], [ 126.924489, 35.149683 ], [ 126.924491, 35.149688 ], [ 126.924496, 35.149692 ], [ 126.924502, 35.149693 ], [ 126.924504, 35.149719 ], [ 126.92454, 35.149714 ], [ 126.924539, 35.149708 ], [ 126.924622, 35.149695 ] ] ] ] } },
{ "type": "Feature", "properties": { "BUL_MAN_NO": 24013, "BULD_NM": null, "flo": 2.0, "h": 6.6 }, "geometry": { "type": "MultiPolygon", "coordinates": [ [ [ [ 126.924697, 35.149756 ], [ 126.924657, 35.149713 ], [ 126.924531, 35.149737 ], [ 126.924542, 35.149783 ], [ 126.924697, 35.149756 ] ] ] ] } },
{ "type": "Feature", "properties": { "BUL_MAN_NO": 36860, "BULD_NM": null, "flo": 1.0, "h": 3.3 }, "geometry": { "type": "MultiPolygon", "coordinates": [ [ [ [ 126.924507, 35.149743 ], [ 126.924506, 35.149736 ], [ 126.92453, 35.14973 ], [ 126.924531, 35.149737 ], [ 126.924507, 35.149743 ] ] ] ] } },
{ "type": "Feature", "properties": { "BUL_MAN_NO": 13674, "BULD_NM": null, "flo": 2.0, "h": 6.6 }, "geometry": { "type": "MultiPolygon", "coordinates": [ [ [ [ 126.924468, 35.149921 ], [ 126.92445, 35.149859 ], [ 126.924366, 35.149869 ], [ 126.924366, 35.149849 ], [ 126.924318, 35.149854 ], [ 126.924314, 35.149835 ], [ 126.924278, 35.149837 ], [ 126.924293, 35.149944 ], [ 126.924468, 35.149921 ] ] ] ] } },
{ "type": "Feature", "properties": { "BUL_MAN_NO": 24012, "BULD_NM": null, "flo": 4.0, "h": 13.2 }, "geometry": { "type": "MultiPolygon", "coordinates": [ [ [ [ 126.924754, 35.149854 ], [ 126.924729, 35.149765 ], [ 126.924526, 35.149801 ], [ 126.924552, 35.149913 ], [ 126.924694, 35.149893 ], [ 126.924688, 35.149864 ], [ 126.924754, 35.149854 ] ] ] ] } },
{ "type": "Feature", "properties": { "BUL_MAN_NO": 13685, "BULD_NM": null, "flo": 1.0, "h": 3.3 }, "geometry": { "type": "MultiPolygon", "coordinates": [ [ [ [ 126.924691, 35.149546 ], [ 126.924661, 35.149529 ], [ 126.924654, 35.149539 ], [ 126.924583, 35.149503 ], [ 126.924557, 35.149534 ], [ 126.924659, 35.149588 ], [ 126.924691, 35.149546 ] ] ] ] } },
{ "type": "Feature", "properties": { "BUL_MAN_NO": 36902, "BULD_NM": null, "flo": 1.0, "h": 3.3 }, "geometry": { "type": "MultiPolygon", "coordinates": [ [ [ [ 126.924628, 35.149582 ], [ 126.924633, 35.149577 ], [ 126.924653, 35.149587 ], [ 126.924648, 35.149593 ], [ 126.924628, 35.149582 ] ] ] ] } },
{ "type": "Feature", "properties": { "BUL_MAN_NO": 24019, "BULD_NM": null, "flo": 2.0, "h": 6.6 }, "geometry": { "type": "MultiPolygon", "coordinates": [ [ [ [ 126.924747, 35.149724 ], [ 126.924822, 35.149621 ], [ 126.924795, 35.149608 ], [ 126.924801, 35.149599 ], [ 126.924744, 35.149573 ], [ 126.924699, 35.149635 ], [ 126.924681, 35.149626 ], [ 126.924652, 35.149668 ], [ 126.924682, 35.14968 ], [ 126.924676, 35.149688 ], [ 126.924747, 35.149724 ] ] ] ] } },
{ "type": "Feature", "properties": { "BUL_MAN_NO": 24018, "BULD_NM": null, "flo": 2.0, "h": 6.6 }, "geometry": { "type": "MultiPolygon", "coordinates": [ [ [ [ 126.924931, 35.149734 ], [ 126.924881, 35.149712 ], [ 126.924879, 35.149698 ], [ 126.924884, 35.149691 ], [ 126.924828, 35.149666 ], [ 126.924805, 35.149696 ], [ 126.924812, 35.149702 ], [ 126.924799, 35.149722 ], [ 126.924773, 35.149715 ], [ 126.924749, 35.149757 ], [ 126.924822, 35.149789 ], [ 126.924815, 35.149806 ], [ 126.924861, 35.149829 ], [ 126.924931, 35.149734 ] ] ] ] } },
{ "type": "Feature", "properties": { "BUL_MAN_NO": 36859, "BULD_NM": null, "flo": 1.0, "h": 3.3 }, "geometry": { "type": "MultiPolygon", "coordinates": [ [ [ [ 126.924824, 35.14966 ], [ 126.924852, 35.149623 ], [ 126.92489, 35.149641 ], [ 126.924864, 35.149678 ], [ 126.924824, 35.14966 ] ] ] ] } },
{ "type": "Feature", "properties": { "BUL_MAN_NO": 36872, "BULD_NM": null, "flo": 1.0, "h": 3.3 }, "geometry": { "type": "MultiPolygon", "coordinates": [ [ [ [ 126.924841, 35.149526 ], [ 126.92485, 35.149518 ], [ 126.92488, 35.149534 ], [ 126.924872, 35.149543 ], [ 126.924841, 35.149526 ] ] ] ] } },
{ "type": "Feature", "properties": { "BUL_MAN_NO": 13680, "BULD_NM": null, "flo": 2.0, "h": 6.6 }, "geometry": { "type": "MultiPolygon", "coordinates": [ [ [ [ 126.925042, 35.149517 ], [ 126.924942, 35.149454 ], [ 126.924906, 35.149491 ], [ 126.924919, 35.149501 ], [ 126.924874, 35.149545 ], [ 126.924968, 35.149596 ], [ 126.925042, 35.149517 ] ] ] ] } },
{ "type": "Feature", "properties": { "BUL_MAN_NO": 24022, "BULD_NM": null, "flo": 4.0, "h": 13.2 }, "geometry": { "type": "MultiPolygon", "coordinates": [ [ [ [ 126.925091, 35.149751 ], [ 126.925016, 35.149717 ], [ 126.925012, 35.149725 ], [ 126.924982, 35.14971 ], [ 126.924915, 35.149798 ], [ 126.925024, 35.149846 ], [ 126.925091, 35.149751 ] ] ] ] } },
{ "type": "Feature", "properties": { "BUL_MAN_NO": 24020, "BULD_NM": null, "flo": 2.0, "h": 6.6 }, "geometry": { "type": "MultiPolygon", "coordinates": [ [ [ [ 126.925231, 35.149929 ], [ 126.925223, 35.149876 ], [ 126.925149, 35.149885 ], [ 126.925126, 35.14988 ], [ 126.925032, 35.149898 ], [ 126.925046, 35.14996 ], [ 126.925231, 35.149929 ] ] ] ] } },
{ "type": "Feature", "properties": { "BUL_MAN_NO": 24021, "BULD_NM": null, "flo": 1.0, "h": 3.3 }, "geometry": { "type": "MultiPolygon", "coordinates": [ [ [ [ 126.925133, 35.149777 ], [ 126.925115, 35.149768 ], [ 126.925087, 35.149807 ], [ 126.925104, 35.149816 ], [ 126.925123, 35.149792 ], [ 126.925133, 35.149777 ] ] ] ] } },
{ "type": "Feature", "properties": { "BUL_MAN_NO": 24029, "BULD_NM": null, "flo": 1.0, "h": 3.3 }, "geometry": { "type": "MultiPolygon", "coordinates": [ [ [ [ 126.925114, 35.149317 ], [ 126.925085, 35.149184 ], [ 126.924951, 35.149203 ], [ 126.924956, 35.149221 ], [ 126.924939, 35.149223 ], [ 126.92494, 35.149231 ], [ 126.92492, 35.149235 ], [ 126.924912, 35.149248 ], [ 126.924929, 35.149333 ], [ 126.924944, 35.149341 ], [ 126.925114, 35.149317 ] ] ] ] } },
{ "type": "Feature", "properties": { "BUL_MAN_NO": 27659, "BULD_NM": null, "flo": 1.0, "h": 3.3 }, "geometry": { "type": "MultiPolygon", "coordinates": [ [ [ [ 126.925226, 35.149168 ], [ 126.925329, 35.14915 ], [ 126.925307, 35.149058 ], [ 126.925292, 35.149057 ], [ 126.925286, 35.149033 ], [ 126.925177, 35.149049 ], [ 126.925192, 35.14915 ], [ 126.925226, 35.149168 ] ] ] ] } },
{ "type": "Feature", "properties": { "BUL_MAN_NO": 24028, "BULD_NM": null, "flo": 2.0, "h": 6.6 }, "geometry": { "type": "MultiPolygon", "coordinates": [ [ [ [ 126.925158, 35.149527 ], [ 126.925143, 35.149453 ], [ 126.925112, 35.149459 ], [ 126.925065, 35.149509 ], [ 126.925074, 35.149538 ], [ 126.925158, 35.149527 ] ] ] ] } },
{ "type": "Feature", "properties": { "BUL_MAN_NO": 36694, "BULD_NM": null, "flo": 1.0, "h": 3.3 }, "geometry": { "type": "MultiPolygon", "coordinates": [ [ [ [ 126.925124, 35.14945 ], [ 126.925135, 35.149437 ], [ 126.925142, 35.149441 ], [ 126.925131, 35.149453 ], [ 126.92513, 35.149453 ], [ 126.925124, 35.14945 ] ] ] ] } },
{ "type": "Feature", "properties": { "BUL_MAN_NO": 31986, "BULD_NM": null, "flo": 3.0, "h": 9.9 }, "geometry": { "type": "MultiPolygon", "coordinates": [ [ [ [ 126.925048, 35.149559 ], [ 126.925002, 35.149619 ], [ 126.925151, 35.149693 ], [ 126.925187, 35.149644 ], [ 126.925169, 35.149635 ], [ 126.925171, 35.149632 ], [ 126.925158, 35.149625 ], [ 126.925164, 35.149618 ], [ 126.925145, 35.149609 ], [ 126.925167, 35.14958 ], [ 126.925109, 35.149551 ], [ 126.925088, 35.149579 ], [ 126.925048, 35.149559 ] ] ] ] } },
{ "type": "Feature", "properties": { "BUL_MAN_NO": 24025, "BULD_NM": null, "flo": 4.0, "h": 13.2 }, "geometry": { "type": "MultiPolygon", "coordinates": [ [ [ [ 126.925299, 35.14959 ], [ 126.925427, 35.149566 ], [ 126.92542, 35.149533 ], [ 126.925397, 35.149534 ], [ 126.92539, 35.149494 ], [ 126.925407, 35.149494 ], [ 126.925385, 35.149421 ], [ 126.925342, 35.149423 ], [ 126.92534, 35.149409 ], [ 126.925266, 35.14941 ], [ 126.925291, 35.149525 ], [ 126.925262, 35.149529 ], [ 126.925271, 35.14958 ], [ 126.925294, 35.149576 ], [ 126.925299, 35.14959 ] ] ] ] } },
{ "type": "Feature", "properties": { "BUL_MAN_NO": 24032, "BULD_NM": null, "flo": 2.0, "h": 6.6 }, "geometry": { "type": "MultiPolygon", "coordinates": [ [ [ [ 126.925618, 35.149573 ], [ 126.925603, 35.1495 ], [ 126.925558, 35.149507 ], [ 126.925558, 35.149494 ], [ 126.925478, 35.149506 ], [ 126.925495, 35.149587 ], [ 126.925618, 35.149573 ] ] ] ] } },
{ "type": "Feature", "properties": { "BUL_MAN_NO": 24033, "BULD_NM": null, "flo": 1.0, "h": 3.3 }, "geometry": { "type": "MultiPolygon", "coordinates": [ [ [ [ 126.925468, 35.149505 ], [ 126.925458, 35.149464 ], [ 126.92542, 35.149471 ], [ 126.925433, 35.14951 ], [ 126.925468, 35.149505 ] ] ] ] } },
{ "type": "Feature", "properties": { "BUL_MAN_NO": 24030, "BULD_NM": null, "flo": 1.0, "h": 3.3 }, "geometry": { "type": "MultiPolygon", "coordinates": [ [ [ [ 126.925643, 35.149734 ], [ 126.925637, 35.149645 ], [ 126.925567, 35.149646 ], [ 126.925567, 35.149659 ], [ 126.925536, 35.14966 ], [ 126.925538, 35.149676 ], [ 126.925503, 35.149678 ], [ 126.925513, 35.149746 ], [ 126.925643, 35.149734 ] ] ] ] } },
{ "type": "Feature", "properties": { "BUL_MAN_NO": 24031, "BULD_NM": null, "flo": 1.0, "h": 3.3 }, "geometry": { "type": "MultiPolygon", "coordinates": [ [ [ [ 126.925626, 35.149637 ], [ 126.925619, 35.149588 ], [ 126.925576, 35.149594 ], [ 126.925579, 35.149642 ], [ 126.925626, 35.149637 ] ] ] ] } },
{ "type": "Feature", "properties": { "BUL_MAN_NO": 24034, "BULD_NM": null, "flo": 2.0, "h": 6.6 }, "geometry": { "type": "MultiPolygon", "coordinates": [ [ [ [ 126.925461, 35.149737 ], [ 126.925453, 35.14965 ], [ 126.925389, 35.149655 ], [ 126.925389, 35.149663 ], [ 126.925371, 35.149663 ], [ 126.92537, 35.14965 ], [ 126.925297, 35.149656 ], [ 126.925306, 35.149747 ], [ 126.925461, 35.149737 ] ] ] ] } },
{ "type": "Feature", "properties": { "BUL_MAN_NO": 24037, "BULD_NM": null, "flo": 1.0, "h": 3.3 }, "geometry": { "type": "MultiPolygon", "coordinates": [ [ [ [ 126.925482, 35.149139 ], [ 126.925464, 35.14906 ], [ 126.925384, 35.149073 ], [ 126.925384, 35.149062 ], [ 126.925342, 35.149068 ], [ 126.925358, 35.14914 ], [ 126.925369, 35.149138 ], [ 126.925372, 35.149155 ], [ 126.925482, 35.149139 ] ] ] ] } },
{ "type": "Feature", "properties": { "BUL_MAN_NO": 24036, "BULD_NM": null, "flo": 1.0, "h": 3.3 }, "geometry": { "type": "MultiPolygon", "coordinates": [ [ [ [ 126.925658, 35.149414 ], [ 126.925633, 35.149271 ], [ 126.925535, 35.149283 ], [ 126.925543, 35.149331 ], [ 126.925451, 35.149341 ], [ 126.92547, 35.149437 ], [ 126.925658, 35.149414 ] ] ] ] } },
{ "type": "Feature", "properties": { "BUL_MAN_NO": 36683, "BULD_NM": null, "flo": 1.0, "h": 3.3 }, "geometry": { "type": "MultiPolygon", "coordinates": [ [ [ [ 126.92559, 35.14924 ], [ 126.925583, 35.149192 ], [ 126.925616, 35.149186 ], [ 126.925624, 35.149236 ], [ 126.92559, 35.14924 ] ] ] ] } },
{ "type": "Feature", "properties": { "BUL_MAN_NO": 36684, "BULD_NM": null, "flo": 1.0, "h": 3.3 }, "geometry": { "type": "MultiPolygon", "coordinates": [ [ [ [ 126.925518, 35.149214 ], [ 126.925516, 35.149205 ], [ 126.925566, 35.149195 ], [ 126.925569, 35.149205 ], [ 126.925518, 35.149214 ] ] ] ] } },
{ "type": "Feature", "properties": { "BUL_MAN_NO": 36685, "BULD_NM": null, "flo": 1.0, "h": 3.3 }, "geometry": { "type": "MultiPolygon", "coordinates": [ [ [ [ 126.925651, 35.149179 ], [ 126.925645, 35.149158 ], [ 126.925685, 35.149151 ], [ 126.925689, 35.149173 ], [ 126.925651, 35.149179 ] ] ] ] } },
{ "type": "Feature", "properties": { "BUL_MAN_NO": 24046, "BULD_NM": null, "flo": 1.0, "h": 3.3 }, "geometry": { "type": "MultiPolygon", "coordinates": [ [ [ [ 126.925826, 35.149232 ], [ 126.925812, 35.149164 ], [ 126.925647, 35.149186 ], [ 126.925664, 35.149251 ], [ 126.925826, 35.149232 ] ] ] ] } },
{ "type": "Feature", "properties": { "BUL_MAN_NO": 24042, "BULD_NM": null, "flo": 1.0, "h": 3.3 }, "geometry": { "type": "MultiPolygon", "coordinates": [ [ [ [ 126.92585, 35.149334 ], [ 126.925829, 35.149243 ], [ 126.925798, 35.149246 ], [ 126.925818, 35.149337 ], [ 126.92585, 35.149334 ] ] ] ] } },
{ "type": "Feature", "properties": { "BUL_MAN_NO": 24043, "BULD_NM": null, "flo": 1.0, "h": 3.3 }, "geometry": { "type": "MultiPolygon", "coordinates": [ [ [ [ 126.925811, 35.149327 ], [ 126.925794, 35.149262 ], [ 126.925665, 35.149278 ], [ 126.925679, 35.149342 ], [ 126.925811, 35.149327 ] ] ] ] } },
{ "type": "Feature", "properties": { "BUL_MAN_NO": 24045, "BULD_NM": null, "flo": 1.0, "h": 3.3 }, "geometry": { "type": "MultiPolygon", "coordinates": [ [ [ [ 126.925978, 35.149231 ], [ 126.92615, 35.149216 ], [ 126.926147, 35.149191 ], [ 126.926173, 35.149188 ], [ 126.926167, 35.149143 ], [ 126.926141, 35.149145 ], [ 126.92614, 35.149138 ], [ 126.926086, 35.149143 ], [ 126.926087, 35.149152 ], [ 126.926034, 35.149156 ], [ 126.926032, 35.149148 ], [ 126.92599, 35.149151 ], [ 126.925997, 35.149198 ], [ 126.925974, 35.1492 ], [ 126.925978, 35.149231 ] ] ] ] } },
{ "type": "Feature", "properties": { "BUL_MAN_NO": 30194, "BULD_NM": null, "flo": 3.0, "h": 9.9 }, "geometry": { "type": "MultiPolygon", "coordinates": [ [ [ [ 126.925917, 35.149173 ], [ 126.925958, 35.14917 ], [ 126.925964, 35.149228 ], [ 126.925923, 35.149231 ], [ 126.925917, 35.149173 ] ] ] ] } },
{ "type": "Feature", "properties": { "BUL_MAN_NO": 13652, "BULD_NM": null, "flo": 2.0, "h": 6.6 }, "geometry": { "type": "MultiPolygon", "coordinates": [ [ [ [ 126.925825, 35.149392 ], [ 126.925822, 35.149376 ], [ 126.92584, 35.149376 ], [ 126.925836, 35.149351 ], [ 126.925693, 35.149365 ], [ 126.9257, 35.149414 ], [ 126.925768, 35.149405 ], [ 126.925767, 35.149397 ], [ 126.925825, 35.149392 ] ] ] ] } },
{ "type": "Feature", "properties": { "BUL_MAN_NO": 29859, "BULD_NM": null, "flo": 4.0, "h": 13.2 }, "geometry": { "type": "MultiPolygon", "coordinates": [ [ [ [ 126.925925, 35.149265 ], [ 126.926053, 35.149249 ], [ 126.926071, 35.149342 ], [ 126.925943, 35.149358 ], [ 126.925925, 35.149265 ] ] ] ] } },
{ "type": "Feature", "properties": { "BUL_MAN_NO": 24041, "BULD_NM": null, "flo": 2.0, "h": 6.6 }, "geometry": { "type": "MultiPolygon", "coordinates": [ [ [ [ 126.925969, 35.14956 ], [ 126.925955, 35.14949 ], [ 126.925904, 35.149496 ], [ 126.925907, 35.149505 ], [ 126.925896, 35.149506 ], [ 126.925897, 35.149515 ], [ 126.925849, 35.14952 ], [ 126.925845, 35.149505 ], [ 126.925806, 35.14951 ], [ 126.925821, 35.149581 ], [ 126.925969, 35.14956 ] ] ] ] } },
{ "type": "Feature", "properties": { "BUL_MAN_NO": 24044, "BULD_NM": null, "flo": 3.0, "h": 9.9 }, "geometry": { "type": "MultiPolygon", "coordinates": [ [ [ [ 126.926192, 35.149343 ], [ 126.926175, 35.149252 ], [ 126.926104, 35.14926 ], [ 126.926106, 35.149267 ], [ 126.926091, 35.149269 ], [ 126.926092, 35.149278 ], [ 126.926078, 35.14928 ], [ 126.926096, 35.149342 ], [ 126.926124, 35.149338 ], [ 126.926127, 35.149353 ], [ 126.926192, 35.149343 ] ] ] ] } },
{ "type": "Feature", "properties": { "BUL_MAN_NO": 25747, "BULD_NM": null, "flo": 2.0, "h": 6.6 }, "geometry": { "type": "MultiPolygon", "coordinates": [ [ [ [ 126.926422, 35.149311 ], [ 126.926415, 35.149234 ], [ 126.926301, 35.149239 ], [ 126.926302, 35.149249 ], [ 126.926286, 35.14925 ], [ 126.926291, 35.149304 ], [ 126.926299, 35.149303 ], [ 126.926304, 35.149328 ], [ 126.926422, 35.149311 ] ] ] ] } },
{ "type": "Feature", "properties": { "BUL_MAN_NO": 36682, "BULD_NM": null, "flo": 1.0, "h": 3.3 }, "geometry": { "type": "MultiPolygon", "coordinates": [ [ [ [ 126.926073, 35.149445 ], [ 126.926072, 35.149435 ], [ 126.926095, 35.149431 ], [ 126.926098, 35.149442 ], [ 126.926073, 35.149445 ] ] ] ] } },
{ "type": "Feature", "properties": { "BUL_MAN_NO": 24039, "BULD_NM": null, "flo": 1.0, "h": 3.3 }, "geometry": { "type": "MultiPolygon", "coordinates": [ [ [ [ 126.926112, 35.149506 ], [ 126.926099, 35.149445 ], [ 126.925986, 35.14946 ], [ 126.925997, 35.149518 ], [ 126.926112, 35.149506 ] ] ] ] } },
{ "type": "Feature", "properties": { "BUL_MAN_NO": 36681, "BULD_NM": null, "flo": 1.0, "h": 3.3 }, "geometry": { "type": "MultiPolygon", "coordinates": [ [ [ [ 126.925988, 35.149457 ], [ 126.925985, 35.149447 ], [ 126.926004, 35.149444 ], [ 126.926006, 35.149454 ], [ 126.925988, 35.149457 ] ] ] ] } },
{ "type": "Feature", "properties": { "BUL_MAN_NO": 24038, "BULD_NM": null, "flo": 1.0, "h": 3.3 }, "geometry": { "type": "MultiPolygon", "coordinates": [ [ [ [ 126.926285, 35.149477 ], [ 126.926278, 35.149412 ], [ 126.926136, 35.149433 ], [ 126.926153, 35.149493 ], [ 126.926285, 35.149477 ] ] ] ] } },
{ "type": "Feature", "properties": { "BUL_MAN_NO": 31505, "BULD_NM": null, "flo": 4.0, "h": 13.2 }, "geometry": { "type": "MultiPolygon", "coordinates": [ [ [ [ 126.925659, 35.149656 ], [ 126.925644, 35.14958 ], [ 126.925658, 35.149578 ], [ 126.925648, 35.149526 ], [ 126.925762, 35.149511 ], [ 126.925783, 35.149616 ], [ 126.925773, 35.149618 ], [ 126.925777, 35.14964 ], [ 126.925659, 35.149656 ] ] ] ] } },
{ "type": "Feature", "properties": { "BUL_MAN_NO": 31506, "BULD_NM": null, "flo": 3.0, "h": 9.9 }, "geometry": { "type": "MultiPolygon", "coordinates": [ [ [ [ 126.925672, 35.149669 ], [ 126.925836, 35.149648 ], [ 126.925847, 35.149707 ], [ 126.925683, 35.149729 ], [ 126.925672, 35.149669 ] ] ] ] } },
{ "type": "Feature", "properties": { "BUL_MAN_NO": 24055, "BULD_NM": null, "flo": 1.0, "h": 3.3 }, "geometry": { "type": "MultiPolygon", "coordinates": [ [ [ [ 126.926121, 35.149582 ], [ 126.926111, 35.149524 ], [ 126.925997, 35.149536 ], [ 126.926009, 35.149597 ], [ 126.926121, 35.149582 ] ] ] ] } },
{ "type": "Feature", "properties": { "BUL_MAN_NO": 36679, "BULD_NM": null, "flo": 1.0, "h": 3.3 }, "geometry": { "type": "MultiPolygon", "coordinates": [ [ [ [ 126.925997, 35.149534 ], [ 126.925995, 35.149527 ], [ 126.926022, 35.149523 ], [ 126.926023, 35.149531 ], [ 126.926022, 35.149532 ], [ 126.925997, 35.149534 ] ] ] ] } },
{ "type": "Feature", "properties": { "BUL_MAN_NO": 36680, "BULD_NM": null, "flo": 1.0, "h": 3.3 }, "geometry": { "type": "MultiPolygon", "coordinates": [ [ [ [ 126.926097, 35.149525 ], [ 126.926094, 35.149514 ], [ 126.926105, 35.149512 ], [ 126.926106, 35.149523 ], [ 126.926097, 35.149525 ] ] ] ] } },
{ "type": "Feature", "properties": { "BUL_MAN_NO": 24054, "BULD_NM": null, "flo": 1.0, "h": 3.3 }, "geometry": { "type": "MultiPolygon", "coordinates": [ [ [ [ 126.926171, 35.149675 ], [ 126.926159, 35.149619 ], [ 126.926013, 35.149636 ], [ 126.926024, 35.149692 ], [ 126.926171, 35.149675 ] ] ] ] } },
{ "type": "Feature", "properties": { "BUL_MAN_NO": 36677, "BULD_NM": null, "flo": 1.0, "h": 3.3 }, "geometry": { "type": "MultiPolygon", "coordinates": [ [ [ [ 126.926014, 35.149634 ], [ 126.926012, 35.149623 ], [ 126.926039, 35.14962 ], [ 126.926041, 35.14963 ], [ 126.926014, 35.149634 ] ] ] ] } },
{ "type": "Feature", "properties": { "BUL_MAN_NO": 36678, "BULD_NM": null, "flo": 1.0, "h": 3.3 }, "geometry": { "type": "MultiPolygon", "coordinates": [ [ [ [ 126.926136, 35.149621 ], [ 126.926133, 35.149603 ], [ 126.926148, 35.149601 ], [ 126.926151, 35.149619 ], [ 126.926136, 35.149621 ] ] ] ] } },
{ "type": "Feature", "properties": { "BUL_MAN_NO": 24052, "BULD_NM": null, "flo": 1.0, "h": 3.3 }, "geometry": { "type": "MultiPolygon", "coordinates": [ [ [ [ 126.926318, 35.149651 ], [ 126.926308, 35.149591 ], [ 126.926176, 35.149603 ], [ 126.926187, 35.149663 ], [ 126.926318, 35.149651 ] ] ] ] } },
{ "type": "Feature", "properties": { "BUL_MAN_NO": 36662, "BULD_NM": null, "flo": 1.0, "h": 3.3 }, "geometry": { "type": "MultiPolygon", "coordinates": [ [ [ [ 126.926177, 35.149601 ], [ 126.926175, 35.149592 ], [ 126.926224, 35.149588 ], [ 126.926225, 35.149597 ], [ 126.926177, 35.149601 ] ] ] ] } },
{ "type": "Feature", "properties": { "BUL_MAN_NO": 36661, "BULD_NM": null, "flo": 1.0, "h": 3.3 }, "geometry": { "type": "MultiPolygon", "coordinates": [ [ [ [ 126.926289, 35.149591 ], [ 126.926287, 35.149579 ], [ 126.926305, 35.149577 ], [ 126.926307, 35.14959 ], [ 126.926289, 35.149591 ] ] ] ] } },
{ "type": "Feature", "properties": { "BUL_MAN_NO": 24053, "BULD_NM": null, "flo": 1.0, "h": 3.3 }, "geometry": { "type": "MultiPolygon", "coordinates": [ [ [ [ 126.926301, 35.149563 ], [ 126.926292, 35.149501 ], [ 126.926155, 35.149516 ], [ 126.926165, 35.149578 ], [ 126.926301, 35.149563 ] ] ] ] } },
{ "type": "Feature", "properties": { "BUL_MAN_NO": 36675, "BULD_NM": null, "flo": 1.0, "h": 3.3 }, "geometry": { "type": "MultiPolygon", "coordinates": [ [ [ [ 126.926156, 35.149513 ], [ 126.926154, 35.149503 ], [ 126.926173, 35.1495 ], [ 126.926175, 35.14951 ], [ 126.926156, 35.149513 ] ] ] ] } },
{ "type": "Feature", "properties": { "BUL_MAN_NO": 36676, "BULD_NM": null, "flo": 1.0, "h": 3.3 }, "geometry": { "type": "MultiPolygon", "coordinates": [ [ [ [ 126.926269, 35.149499 ], [ 126.926268, 35.149491 ], [ 126.926283, 35.149489 ], [ 126.926285, 35.149498 ], [ 126.926269, 35.149499 ] ] ] ] } },
{ "type": "Feature", "properties": { "BUL_MAN_NO": 13635, "BULD_NM": null, "flo": 4.0, "h": 13.2 }, "geometry": { "type": "MultiPolygon", "coordinates": [ [ [ [ 126.926808, 35.149472 ], [ 126.926814, 35.149457 ], [ 126.926839, 35.149464 ], [ 126.92685, 35.149462 ], [ 126.926856, 35.149438 ], [ 126.92685, 35.149432 ], [ 126.926822, 35.149426 ], [ 126.926848, 35.14935 ], [ 126.926661, 35.149305 ], [ 126.926614, 35.149428 ], [ 126.926808, 35.149472 ] ] ] ] } },
{ "type": "Feature", "properties": { "BUL_MAN_NO": 24061, "BULD_NM": null, "flo": 2.0, "h": 6.6 }, "geometry": { "type": "MultiPolygon", "coordinates": [ [ [ [ 126.926459, 35.149455 ], [ 126.926455, 35.149431 ], [ 126.926447, 35.149431 ], [ 126.926443, 35.149407 ], [ 126.926414, 35.149409 ], [ 126.926411, 35.149397 ], [ 126.926356, 35.149401 ], [ 126.926355, 35.149397 ], [ 126.92632, 35.149402 ], [ 126.926334, 35.149472 ], [ 126.926459, 35.149455 ] ] ] ] } },
{ "type": "Feature", "properties": { "BUL_MAN_NO": 13643, "BULD_NM": null, "flo": 2.0, "h": 6.6 }, "geometry": { "type": "MultiPolygon", "coordinates": [ [ [ [ 126.926434, 35.149519 ], [ 126.926428, 35.149482 ], [ 126.926352, 35.149489 ], [ 126.926353, 35.149494 ], [ 126.926316, 35.149499 ], [ 126.926328, 35.149569 ], [ 126.926414, 35.149558 ], [ 126.926412, 35.149551 ], [ 126.926421, 35.14955 ], [ 126.926413, 35.14952 ], [ 126.926434, 35.149519 ] ] ] ] } },
{ "type": "Feature", "properties": { "BUL_MAN_NO": 36663, "BULD_NM": null, "flo": 1.0, "h": 3.3 }, "geometry": { "type": "MultiPolygon", "coordinates": [ [ [ [ 126.926439, 35.149506 ], [ 126.926435, 35.149482 ], [ 126.926447, 35.14948 ], [ 126.926451, 35.149504 ], [ 126.926439, 35.149506 ] ] ] ] } },
{ "type": "Feature", "properties": { "BUL_MAN_NO": 24060, "BULD_NM": null, "flo": 1.0, "h": 3.3 }, "geometry": { "type": "MultiPolygon", "coordinates": [ [ [ [ 126.926389, 35.149644 ], [ 126.92638, 35.149581 ], [ 126.926337, 35.149586 ], [ 126.926348, 35.14965 ], [ 126.926389, 35.149644 ] ] ] ] } },
{ "type": "Feature", "properties": { "BUL_MAN_NO": 36660, "BULD_NM": null, "flo": 1.0, "h": 3.3 }, "geometry": { "type": "MultiPolygon", "coordinates": [ [ [ [ 126.926392, 35.149599 ], [ 126.926389, 35.149581 ], [ 126.926402, 35.149579 ], [ 126.926405, 35.149597 ], [ 126.926392, 35.149599 ] ] ] ] } },
{ "type": "Feature", "properties": { "BUL_MAN_NO": 13642, "BULD_NM": null, "flo": 3.0, "h": 9.9 }, "geometry": { "type": "MultiPolygon", "coordinates": [ [ [ [ 126.926332, 35.149746 ], [ 126.926334, 35.149741 ], [ 126.92634, 35.149743 ], [ 126.926358, 35.149696 ], [ 126.926348, 35.149693 ], [ 126.926344, 35.1497 ], [ 126.926336, 35.149698 ], [ 126.92634, 35.149686 ], [ 126.926282, 35.149672 ], [ 126.926258, 35.149727 ], [ 126.926319, 35.149743 ], [ 126.926326, 35.149727 ], [ 126.926334, 35.149729 ], [ 126.926327, 35.149745 ], [ 126.926332, 35.149746 ] ] ] ] } },
{ "type": "Feature", "properties": { "BUL_MAN_NO": 24059, "BULD_NM": null, "flo": 3.0, "h": 9.9 }, "geometry": { "type": "MultiPolygon", "coordinates": [ [ [ [ 126.92631, 35.149746 ], [ 126.926266, 35.149732 ], [ 126.926255, 35.149753 ], [ 126.926264, 35.149781 ], [ 126.926293, 35.149787 ], [ 126.92631, 35.149746 ] ] ] ] } },
{ "type": "Feature", "properties": { "BUL_MAN_NO": 30197, "BULD_NM": null, "flo": 2.0, "h": 6.6 }, "geometry": { "type": "MultiPolygon", "coordinates": [ [ [ [ 126.926595, 35.149557 ], [ 126.926622, 35.149496 ], [ 126.926588, 35.149488 ], [ 126.926565, 35.14955 ], [ 126.926595, 35.149557 ] ] ] ] } },
{ "type": "Feature", "properties": { "BUL_MAN_NO": 36658, "BULD_NM": null, "flo": 1.0, "h": 3.3 }, "geometry": { "type": "MultiPolygon", "coordinates": [ [ [ [ 126.926578, 35.149608 ], [ 126.926582, 35.149602 ], [ 126.926592, 35.149604 ], [ 126.926589, 35.149611 ], [ 126.926578, 35.149608 ] ] ] ] } },
{ "type": "Feature", "properties": { "BUL_MAN_NO": 24057, "BULD_NM": null, "flo": 2.0, "h": 6.6 }, "geometry": { "type": "MultiPolygon", "coordinates": [ [ [ [ 126.926744, 35.149678 ], [ 126.926752, 35.149658 ], [ 126.92676, 35.14966 ], [ 126.926763, 35.149649 ], [ 126.926751, 35.149646 ], [ 126.926754, 35.149633 ], [ 126.926598, 35.149605 ], [ 126.926587, 35.149627 ], [ 126.926573, 35.149625 ], [ 126.926562, 35.149657 ], [ 126.926745, 35.1497 ], [ 126.926754, 35.149681 ], [ 126.926744, 35.149678 ] ] ] ] } },
{ "type": "Feature", "properties": { "BUL_MAN_NO": 34309, "BULD_NM": null, "flo": 3.0, "h": 9.9 }, "geometry": { "type": "MultiPolygon", "coordinates": [ [ [ [ 126.926482, 35.149738 ], [ 126.926568, 35.149756 ], [ 126.926672, 35.149737 ], [ 126.926682, 35.149702 ], [ 126.926504, 35.149666 ], [ 126.926482, 35.149738 ] ] ] ] } },
{ "type": "Feature", "properties": { "BUL_MAN_NO": 24063, "BULD_NM": null, "flo": 2.0, "h": 6.6 }, "geometry": { "type": "MultiPolygon", "coordinates": [ [ [ [ 126.92693, 35.14955 ], [ 126.926814, 35.149546 ], [ 126.926797, 35.149621 ], [ 126.926938, 35.149627 ], [ 126.926942, 35.149587 ], [ 126.926925, 35.149587 ], [ 126.92693, 35.14955 ] ] ] ] } },
{ "type": "Feature", "properties": { "BUL_MAN_NO": 24062, "BULD_NM": null, "flo": 2.0, "h": 6.6 }, "geometry": { "type": "MultiPolygon", "coordinates": [ [ [ [ 126.926763, 35.149618 ], [ 126.926793, 35.149545 ], [ 126.926726, 35.149527 ], [ 126.92672, 35.149545 ], [ 126.926634, 35.149526 ], [ 126.926613, 35.149572 ], [ 126.926763, 35.149618 ] ] ] ] } },
{ "type": "Feature", "properties": { "BUL_MAN_NO": 24064, "BULD_NM": null, "flo": 1.0, "h": 3.3 }, "geometry": { "type": "MultiPolygon", "coordinates": [ [ [ [ 126.926973, 35.149415 ], [ 126.926955, 35.149336 ], [ 126.926897, 35.149344 ], [ 126.926916, 35.149422 ], [ 126.926973, 35.149415 ] ] ] ] } },
{ "type": "Feature", "properties": { "BUL_MAN_NO": 24066, "BULD_NM": null, "flo": 1.0, "h": 3.3 }, "geometry": { "type": "MultiPolygon", "coordinates": [ [ [ [ 126.927201, 35.149291 ], [ 126.92719, 35.149247 ], [ 126.927176, 35.149249 ], [ 126.927177, 35.149255 ], [ 126.927118, 35.149264 ], [ 126.927125, 35.149302 ], [ 126.927201, 35.149291 ] ] ] ] } },
{ "type": "Feature", "properties": { "BUL_MAN_NO": 24065, "BULD_NM": null, "flo": 1.0, "h": 3.3 }, "geometry": { "type": "MultiPolygon", "coordinates": [ [ [ [ 126.927186, 35.149224 ], [ 126.927181, 35.149207 ], [ 126.92711, 35.149221 ], [ 126.927119, 35.149249 ], [ 126.927122, 35.14926 ], [ 126.927139, 35.149257 ], [ 126.927134, 35.149249 ], [ 126.927168, 35.149244 ], [ 126.927189, 35.14924 ], [ 126.927186, 35.149224 ] ] ] ] } },
{ "type": "Feature", "properties": { "BUL_MAN_NO": 28953, "BULD_NM": null, "flo": 3.0, "h": 9.9 }, "geometry": { "type": "MultiPolygon", "coordinates": [ [ [ [ 126.927078, 35.14939 ], [ 126.927082, 35.149382 ], [ 126.927078, 35.149347 ], [ 126.927085, 35.149346 ], [ 126.927082, 35.149318 ], [ 126.927076, 35.149318 ], [ 126.927074, 35.149302 ], [ 126.926992, 35.149307 ], [ 126.927, 35.149388 ], [ 126.927017, 35.149387 ], [ 126.927063, 35.149424 ], [ 126.927078, 35.14939 ] ] ] ] } },
{ "type": "Feature", "properties": { "BUL_MAN_NO": 24068, "BULD_NM": null, "flo": 1.0, "h": 3.3 }, "geometry": { "type": "MultiPolygon", "coordinates": [ [ [ [ 126.927234, 35.149426 ], [ 126.927217, 35.149313 ], [ 126.927141, 35.149323 ], [ 126.927159, 35.149433 ], [ 126.927234, 35.149426 ] ] ] ] } },
{ "type": "Feature", "properties": { "BUL_MAN_NO": 36648, "BULD_NM": null, "flo": 1.0, "h": 3.3 }, "geometry": { "type": "MultiPolygon", "coordinates": [ [ [ [ 126.927156, 35.14932 ], [ 126.927154, 35.149311 ], [ 126.927193, 35.149304 ], [ 126.927195, 35.149314 ], [ 126.927156, 35.14932 ] ] ] ] } },
{ "type": "Feature", "properties": { "BUL_MAN_NO": 24067, "BULD_NM": null, "flo": 1.0, "h": 3.3 }, "geometry": { "type": "MultiPolygon", "coordinates": [ [ [ [ 126.927216, 35.149507 ], [ 126.927094, 35.149485 ], [ 126.927085, 35.149532 ], [ 126.927207, 35.149551 ], [ 126.927216, 35.149507 ] ] ] ] } },
{ "type": "Feature", "properties": { "BUL_MAN_NO": 24070, "BULD_NM": null, "flo": 1.0, "h": 3.3 }, "geometry": { "type": "MultiPolygon", "coordinates": [ [ [ [ 126.926957, 35.149447 ], [ 126.926912, 35.149443 ], [ 126.926903, 35.149511 ], [ 126.927019, 35.149527 ], [ 126.927029, 35.149479 ], [ 126.926954, 35.149469 ], [ 126.926957, 35.149447 ] ] ] ] } },
{ "type": "Feature", "properties": { "BUL_MAN_NO": 36654, "BULD_NM": null, "flo": 1.0, "h": 3.3 }, "geometry": { "type": "MultiPolygon", "coordinates": [ [ [ [ 126.927006, 35.149471 ], [ 126.927009, 35.149462 ], [ 126.92703, 35.149465 ], [ 126.927026, 35.149475 ], [ 126.927006, 35.149471 ] ] ] ] } },
{ "type": "Feature", "properties": { "BUL_MAN_NO": 24069, "BULD_NM": null, "flo": 1.0, "h": 3.3 }, "geometry": { "type": "MultiPolygon", "coordinates": [ [ [ [ 126.927271, 35.149594 ], [ 126.927185, 35.149592 ], [ 126.927184, 35.149663 ], [ 126.927269, 35.149663 ], [ 126.927271, 35.149594 ] ] ] ] } },
{ "type": "Feature", "properties": { "BUL_MAN_NO": 13633, "BULD_NM": null, "flo": 1.0, "h": 3.3 }, "geometry": { "type": "MultiPolygon", "coordinates": [ [ [ [ 126.927311, 35.149292 ], [ 126.927312, 35.149252 ], [ 126.927288, 35.149186 ], [ 126.9272, 35.149203 ], [ 126.927235, 35.149303 ], [ 126.927311, 35.149292 ] ] ] ] } },
{ "type": "Feature", "properties": { "BUL_MAN_NO": 24078, "BULD_NM": null, "flo": 1.0, "h": 3.3 }, "geometry": { "type": "MultiPolygon", "coordinates": [ [ [ [ 126.927364, 35.149386 ], [ 126.927347, 35.149339 ], [ 126.927315, 35.149346 ], [ 126.927316, 35.149356 ], [ 126.927235, 35.149371 ], [ 126.927245, 35.149409 ], [ 126.927364, 35.149386 ] ] ] ] } },
{ "type": "Feature", "properties": { "BUL_MAN_NO": 24079, "BULD_NM": null, "flo": 1.0, "h": 3.3 }, "geometry": { "type": "MultiPolygon", "coordinates": [ [ [ [ 126.927342, 35.14933 ], [ 126.927333, 35.149304 ], [ 126.927231, 35.149323 ], [ 126.927235, 35.149353 ], [ 126.927342, 35.14933 ] ] ] ] } },
{ "type": "Feature", "properties": { "BUL_MAN_NO": 24077, "BULD_NM": null, "flo": 1.0, "h": 3.3 }, "geometry": { "type": "MultiPolygon", "coordinates": [ [ [ [ 126.927387, 35.149455 ], [ 126.927373, 35.149396 ], [ 126.927276, 35.149417 ], [ 126.92728, 35.14944 ], [ 126.927349, 35.149428 ], [ 126.927356, 35.14946 ], [ 126.927387, 35.149455 ] ] ] ] } },
{ "type": "Feature", "properties": { "BUL_MAN_NO": 24076, "BULD_NM": null, "flo": 1.0, "h": 3.3 }, "geometry": { "type": "MultiPolygon", "coordinates": [ [ [ [ 126.927396, 35.149534 ], [ 126.927387, 35.149463 ], [ 126.927248, 35.149477 ], [ 126.927259, 35.149543 ], [ 126.927396, 35.149534 ] ] ] ] } },
{ "type": "Feature", "properties": { "BUL_MAN_NO": 24075, "BULD_NM": null, "flo": 1.0, "h": 3.3 }, "geometry": { "type": "MultiPolygon", "coordinates": [ [ [ [ 126.927571, 35.149457 ], [ 126.927444, 35.149423 ], [ 126.927432, 35.149477 ], [ 126.927554, 35.149508 ], [ 126.927571, 35.149457 ] ] ] ] } },
{ "type": "Feature", "properties": { "BUL_MAN_NO": 36639, "BULD_NM": null, "flo": 1.0, "h": 3.3 }, "geometry": { "type": "MultiPolygon", "coordinates": [ [ [ [ 126.927545, 35.149449 ], [ 126.927552, 35.149432 ], [ 126.927576, 35.149438 ], [ 126.927569, 35.149455 ], [ 126.927545, 35.149449 ] ] ] ] } },
{ "type": "Feature", "properties": { "BUL_MAN_NO": 36638, "BULD_NM": null, "flo": 1.0, "h": 3.3 }, "geometry": { "type": "MultiPolygon", "coordinates": [ [ [ [ 126.92749, 35.149525 ], [ 126.927493, 35.149516 ], [ 126.927532, 35.149526 ], [ 126.927528, 35.149536 ], [ 126.92749, 35.149525 ] ] ] ] } },
{ "type": "Feature", "properties": { "BUL_MAN_NO": 24074, "BULD_NM": null, "flo": 1.0, "h": 3.3 }, "geometry": { "type": "MultiPolygon", "coordinates": [ [ [ [ 126.92753, 35.149539 ], [ 126.927434, 35.149526 ], [ 126.927434, 35.149565 ], [ 126.927517, 35.149574 ], [ 126.92753, 35.149539 ] ] ] ] } },
{ "type": "Feature", "properties": { "BUL_MAN_NO": 24082, "BULD_NM": null, "flo": 4.0, "h": 13.2 }, "geometry": { "type": "MultiPolygon", "coordinates": [ [ [ [ 126.927475, 35.149231 ], [ 126.927445, 35.149169 ], [ 126.92736, 35.149186 ], [ 126.927363, 35.14924 ], [ 126.927397, 35.149303 ], [ 126.927493, 35.149287 ], [ 126.927526, 35.14927 ], [ 126.927523, 35.149253 ], [ 126.927475, 35.149231 ] ] ] ] } },
{ "type": "Feature", "properties": { "BUL_MAN_NO": 24083, "BULD_NM": null, "flo": 1.0, "h": 3.3 }, "geometry": { "type": "MultiPolygon", "coordinates": [ [ [ [ 126.927572, 35.149418 ], [ 126.927592, 35.149351 ], [ 126.927551, 35.149343 ], [ 126.927546, 35.149357 ], [ 126.927474, 35.149345 ], [ 126.927461, 35.149391 ], [ 126.927572, 35.149418 ] ] ] ] } },
{ "type": "Feature", "properties": { "BUL_MAN_NO": 24084, "BULD_NM": null, "flo": 1.0, "h": 3.3 }, "geometry": { "type": "MultiPolygon", "coordinates": [ [ [ [ 126.927459, 35.149357 ], [ 126.927451, 35.149357 ], [ 126.927428, 35.149368 ], [ 126.92742, 35.14939 ], [ 126.927446, 35.149396 ], [ 126.927459, 35.149357 ] ] ] ] } },
{ "type": "Feature", "properties": { "BUL_MAN_NO": 24081, "BULD_NM": null, "flo": 1.0, "h": 3.3 }, "geometry": { "type": "MultiPolygon", "coordinates": [ [ [ [ 126.927697, 35.149209 ], [ 126.92763, 35.149187 ], [ 126.927602, 35.149264 ], [ 126.927673, 35.149275 ], [ 126.927697, 35.149209 ] ] ] ] } },
{ "type": "Feature", "properties": { "BUL_MAN_NO": 13627, "BULD_NM": null, "flo": 2.0, "h": 6.6 }, "geometry": { "type": "MultiPolygon", "coordinates": [ [ [ [ 126.92762, 35.149189 ], [ 126.927598, 35.149176 ], [ 126.927565, 35.14924 ], [ 126.927595, 35.149255 ], [ 126.927616, 35.14921 ], [ 126.92762, 35.149189 ] ] ] ] } },
{ "type": "Feature", "properties": { "BUL_MAN_NO": 13632, "BULD_NM": null, "flo": 1.0, "h": 3.3 }, "geometry": { "type": "MultiPolygon", "coordinates": [ [ [ [ 126.927628, 35.149338 ], [ 126.927613, 35.149331 ], [ 126.927592, 35.149411 ], [ 126.927647, 35.149409 ], [ 126.927628, 35.149338 ] ] ] ] } },
{ "type": "Feature", "properties": { "BUL_MAN_NO": 13631, "BULD_NM": null, "flo": 1.0, "h": 3.3 }, "geometry": { "type": "MultiPolygon", "coordinates": [ [ [ [ 126.927783, 35.149339 ], [ 126.927706, 35.149325 ], [ 126.927696, 35.149387 ], [ 126.927673, 35.149385 ], [ 126.927685, 35.149425 ], [ 126.927763, 35.149433 ], [ 126.927783, 35.149339 ] ] ] ] } },
{ "type": "Feature", "properties": { "BUL_MAN_NO": 36643, "BULD_NM": null, "flo": 1.0, "h": 3.3 }, "geometry": { "type": "MultiPolygon", "coordinates": [ [ [ [ 126.927672, 35.149338 ], [ 126.927676, 35.149324 ], [ 126.927697, 35.149327 ], [ 126.927693, 35.149342 ], [ 126.927672, 35.149338 ] ] ] ] } },
{ "type": "Feature", "properties": { "BUL_MAN_NO": 24087, "BULD_NM": null, "flo": 1.0, "h": 3.3 }, "geometry": { "type": "MultiPolygon", "coordinates": [ [ [ [ 126.927669, 35.149522 ], [ 126.927653, 35.149438 ], [ 126.927591, 35.149447 ], [ 126.9276, 35.149483 ], [ 126.927571, 35.149488 ], [ 126.927577, 35.149537 ], [ 126.927669, 35.149522 ] ] ] ] } },
{ "type": "Feature", "properties": { "BUL_MAN_NO": 24085, "BULD_NM": null, "flo": 1.0, "h": 3.3 }, "geometry": { "type": "MultiPolygon", "coordinates": [ [ [ [ 126.92762, 35.14961 ], [ 126.927611, 35.149576 ], [ 126.927494, 35.149594 ], [ 126.927498, 35.149629 ], [ 126.927622, 35.149613 ], [ 126.92762, 35.14961 ] ] ] ] } },
{ "type": "Feature", "properties": { "BUL_MAN_NO": 24086, "BULD_NM": null, "flo": 1.0, "h": 3.3 }, "geometry": { "type": "MultiPolygon", "coordinates": [ [ [ [ 126.92768, 35.149603 ], [ 126.927668, 35.149535 ], [ 126.927642, 35.149538 ], [ 126.927651, 35.149606 ], [ 126.92768, 35.149603 ] ] ] ] } },
{ "type": "Feature", "properties": { "BUL_MAN_NO": 31102, "BULD_NM": null, "flo": 1.0, "h": 3.3 }, "geometry": { "type": "MultiPolygon", "coordinates": [ [ [ [ 126.927696, 35.149269 ], [ 126.927722, 35.149207 ], [ 126.927808, 35.149232 ], [ 126.927797, 35.149298 ], [ 126.927696, 35.149269 ] ] ] ] } },
{ "type": "Feature", "properties": { "BUL_MAN_NO": 24101, "BULD_NM": null, "flo": 1.0, "h": 3.3 }, "geometry": { "type": "MultiPolygon", "coordinates": [ [ [ [ 126.928091, 35.149313 ], [ 126.92798, 35.149304 ], [ 126.927978, 35.149357 ], [ 126.928091, 35.149362 ], [ 126.928091, 35.149313 ] ] ] ] } },
{ "type": "Feature", "properties": { "BUL_MAN_NO": 24116, "BULD_NM": null, "flo": 1.0, "h": 3.3 }, "geometry": { "type": "MultiPolygon", "coordinates": [ [ [ [ 126.928147, 35.149749 ], [ 126.92803, 35.149745 ], [ 126.928038, 35.149834 ], [ 126.928138, 35.149842 ], [ 126.928147, 35.149749 ] ] ] ] } },
{ "type": "Feature", "properties": { "BUL_MAN_NO": 24114, "BULD_NM": null, "flo": 1.0, "h": 3.3 }, "geometry": { "type": "MultiPolygon", "coordinates": [ [ [ [ 126.927999, 35.149869 ], [ 126.928042, 35.149874 ], [ 126.928045, 35.149858 ], [ 126.928001, 35.149853 ], [ 126.927999, 35.149869 ] ] ] ] } },
{ "type": "Feature", "properties": { "BUL_MAN_NO": 24115, "BULD_NM": null, "flo": 1.0, "h": 3.3 }, "geometry": { "type": "MultiPolygon", "coordinates": [ [ [ [ 126.92797, 35.149891 ], [ 126.927957, 35.149962 ], [ 126.92805, 35.149973 ], [ 126.928047, 35.149991 ], [ 126.928094, 35.149996 ], [ 126.92811, 35.149908 ], [ 126.92797, 35.149891 ] ] ] ] } },
{ "type": "Feature", "properties": { "BUL_MAN_NO": 35828, "BULD_NM": null, "flo": 1.0, "h": 3.3 }, "geometry": { "type": "MultiPolygon", "coordinates": [ [ [ [ 126.927852, 35.15002 ], [ 126.927927, 35.150023 ], [ 126.927931, 35.149956 ], [ 126.927856, 35.149952 ], [ 126.927852, 35.15002 ] ] ] ] } },
{ "type": "Feature", "properties": { "BUL_MAN_NO": 24120, "BULD_NM": null, "flo": 1.0, "h": 3.3 }, "geometry": { "type": "MultiPolygon", "coordinates": [ [ [ [ 126.92795, 35.149747 ], [ 126.927891, 35.149739 ], [ 126.927873, 35.14983 ], [ 126.927952, 35.149835 ], [ 126.927955, 35.149796 ], [ 126.927938, 35.149795 ], [ 126.92795, 35.149747 ] ] ] ] } },
{ "type": "Feature", "properties": { "BUL_MAN_NO": 4683, "BULD_NM": null, "flo": 1.0, "h": 3.3 }, "geometry": { "type": "MultiPolygon", "coordinates": [ [ [ [ 126.928007, 35.14981 ], [ 126.927957, 35.149808 ], [ 126.927955, 35.149834 ], [ 126.928005, 35.149836 ], [ 126.928007, 35.14981 ] ] ] ] } },
{ "type": "Feature", "properties": { "BUL_MAN_NO": 24147, "BULD_NM": null, "flo": 1.0, "h": 3.3 }, "geometry": { "type": "MultiPolygon", "coordinates": [ [ [ [ 126.927266, 35.150116 ], [ 126.92726, 35.15006 ], [ 126.92719, 35.150071 ], [ 126.927189, 35.150062 ], [ 126.927121, 35.150069 ], [ 126.927127, 35.15013 ], [ 126.927266, 35.150116 ] ] ] ] } },
{ "type": "Feature", "properties": { "BUL_MAN_NO": 36925, "BULD_NM": null, "flo": 1.0, "h": 3.3 }, "geometry": { "type": "MultiPolygon", "coordinates": [ [ [ [ 126.927253, 35.150128 ], [ 126.927252, 35.150119 ], [ 126.927265, 35.150118 ], [ 126.927265, 35.150127 ], [ 126.927253, 35.150128 ] ] ] ] } },
{ "type": "Feature", "properties": { "BUL_MAN_NO": 24143, "BULD_NM": null, "flo": 2.0, "h": 6.6 }, "geometry": { "type": "MultiPolygon", "coordinates": [ [ [ [ 126.927459, 35.150171 ], [ 126.92744, 35.150052 ], [ 126.927373, 35.150062 ], [ 126.927379, 35.150099 ], [ 126.927346, 35.150104 ], [ 126.927352, 35.150158 ], [ 126.92736, 35.150159 ], [ 126.92736, 35.150173 ], [ 126.927366, 35.150182 ], [ 126.927377, 35.150182 ], [ 126.927459, 35.150171 ] ] ] ] } },
{ "type": "Feature", "properties": { "BUL_MAN_NO": 36905, "BULD_NM": null, "flo": 1.0, "h": 3.3 }, "geometry": { "type": "MultiPolygon", "coordinates": [ [ [ [ 126.927347, 35.1501 ], [ 126.927345, 35.150091 ], [ 126.927375, 35.150087 ], [ 126.927376, 35.150096 ], [ 126.927347, 35.1501 ] ] ] ] } },
{ "type": "Feature", "properties": { "BUL_MAN_NO": 36906, "BULD_NM": null, "flo": 1.0, "h": 3.3 }, "geometry": { "type": "MultiPolygon", "coordinates": [ [ [ [ 126.927425, 35.150053 ], [ 126.927422, 35.15004 ], [ 126.927435, 35.150039 ], [ 126.927437, 35.15005 ], [ 126.927425, 35.150053 ] ] ] ] } },
{ "type": "Feature", "properties": { "BUL_MAN_NO": 24129, "BULD_NM": null, "flo": 1.0, "h": 3.3 }, "geometry": { "type": "MultiPolygon", "coordinates": [ [ [ [ 126.927297, 35.14993 ], [ 126.927274, 35.149822 ], [ 126.927229, 35.149829 ], [ 126.927245, 35.149936 ], [ 126.927297, 35.14993 ] ] ] ] } },
{ "type": "Feature", "properties": { "BUL_MAN_NO": 24130, "BULD_NM": null, "flo": 1.0, "h": 3.3 }, "geometry": { "type": "MultiPolygon", "coordinates": [ [ [ [ 126.92733, 35.150023 ], [ 126.927313, 35.149957 ], [ 126.927304, 35.149958 ], [ 126.9273, 35.149931 ], [ 126.927245, 35.149937 ], [ 126.927267, 35.150035 ], [ 126.92733, 35.150023 ] ] ] ] } },
{ "type": "Feature", "properties": { "BUL_MAN_NO": 24128, "BULD_NM": null, "flo": 1.0, "h": 3.3 }, "geometry": { "type": "MultiPolygon", "coordinates": [ [ [ [ 126.927415, 35.150024 ], [ 126.927402, 35.149939 ], [ 126.927343, 35.149944 ], [ 126.927357, 35.150029 ], [ 126.927415, 35.150024 ] ] ] ] } },
{ "type": "Feature", "properties": { "BUL_MAN_NO": 36649, "BULD_NM": null, "flo": 1.0, "h": 3.3 }, "geometry": { "type": "MultiPolygon", "coordinates": [ [ [ [ 126.927344, 35.150026 ], [ 126.927331, 35.149957 ], [ 126.927343, 35.149956 ], [ 126.927355, 35.150024 ], [ 126.927344, 35.150026 ] ] ] ] } },
{ "type": "Feature", "properties": { "BUL_MAN_NO": 24131, "BULD_NM": null, "flo": 1.0, "h": 3.3 }, "geometry": { "type": "MultiPolygon", "coordinates": [ [ [ [ 126.927392, 35.149914 ], [ 126.927384, 35.149873 ], [ 126.927367, 35.149876 ], [ 126.927344, 35.149817 ], [ 126.927287, 35.149828 ], [ 126.927315, 35.149927 ], [ 126.927392, 35.149914 ] ] ] ] } },
{ "type": "Feature", "properties": { "BUL_MAN_NO": 36651, "BULD_NM": null, "flo": 1.0, "h": 3.3 }, "geometry": { "type": "MultiPolygon", "coordinates": [ [ [ [ 126.927341, 35.149933 ], [ 126.927339, 35.149925 ], [ 126.927366, 35.14992 ], [ 126.927368, 35.149928 ], [ 126.927341, 35.149933 ] ] ] ] } },
{ "type": "Feature", "properties": { "BUL_MAN_NO": 4689, "BULD_NM": null, "flo": 2.0, "h": 6.6 }, "geometry": { "type": "MultiPolygon", "coordinates": [ [ [ [ 126.927247, 35.150015 ], [ 126.927227, 35.149928 ], [ 126.927186, 35.149937 ], [ 126.927184, 35.149928 ], [ 126.927167, 35.149931 ], [ 126.927165, 35.149926 ], [ 126.927133, 35.149931 ], [ 126.927153, 35.150027 ], [ 126.927247, 35.150015 ] ] ] ] } },
{ "type": "Feature", "properties": { "BUL_MAN_NO": 36653, "BULD_NM": null, "flo": 1.0, "h": 3.3 }, "geometry": { "type": "MultiPolygon", "coordinates": [ [ [ [ 126.927212, 35.149926 ], [ 126.927211, 35.149919 ], [ 126.927222, 35.149916 ], [ 126.927224, 35.149924 ], [ 126.927212, 35.149926 ] ] ] ] } },
{ "type": "Feature", "properties": { "BUL_MAN_NO": 24151, "BULD_NM": null, "flo": 1.0, "h": 3.3 }, "geometry": { "type": "MultiPolygon", "coordinates": [ [ [ [ 126.926451, 35.14989 ], [ 126.92647, 35.149841 ], [ 126.926425, 35.149843 ], [ 126.926411, 35.149885 ], [ 126.926451, 35.14989 ] ] ] ] } },
{ "type": "Feature", "properties": { "BUL_MAN_NO": 37910, "BULD_NM": null, "flo": 1.0, "h": 3.3 }, "geometry": { "type": "MultiPolygon", "coordinates": [ [ [ [ 126.926143, 35.149885 ], [ 126.926148, 35.149913 ], [ 126.92608, 35.149923 ], [ 126.926094, 35.149994 ], [ 126.926157, 35.149985 ], [ 126.926154, 35.149967 ], [ 126.92615, 35.149949 ], [ 126.926255, 35.149935 ], [ 126.926266, 35.149912 ], [ 126.926225, 35.149874 ], [ 126.926143, 35.149885 ] ] ] ] } },
{ "type": "Feature", "properties": { "BUL_MAN_NO": 24152, "BULD_NM": null, "flo": 1.0, "h": 3.3 }, "geometry": { "type": "MultiPolygon", "coordinates": [ [ [ [ 126.926365, 35.149997 ], [ 126.926407, 35.149889 ], [ 126.926447, 35.149899 ], [ 126.926407, 35.149992 ], [ 126.926378, 35.149993 ], [ 126.926376, 35.149998 ], [ 126.926365, 35.149997 ] ] ] ] } },
{ "type": "Feature", "properties": { "BUL_MAN_NO": 24154, "BULD_NM": "동명교회사택", "flo": 4.0, "h": 13.2 }, "geometry": { "type": "MultiPolygon", "coordinates": [ [ [ [ 126.926147, 35.150254 ], [ 126.926146, 35.150244 ], [ 126.926159, 35.150245 ], [ 126.92617, 35.150091 ], [ 126.926029, 35.150091 ], [ 126.926022, 35.150245 ], [ 126.926057, 35.150244 ], [ 126.926056, 35.150253 ], [ 126.926035, 35.150254 ], [ 126.92603, 35.150327 ], [ 126.926131, 35.150328 ], [ 126.926132, 35.150255 ], [ 126.926147, 35.150254 ] ] ] ] } },
{ "type": "Feature", "properties": { "BUL_MAN_NO": 24153, "BULD_NM": null, "flo": 2.0, "h": 6.6 }, "geometry": { "type": "MultiPolygon", "coordinates": [ [ [ [ 126.926426, 35.150329 ], [ 126.926408, 35.150269 ], [ 126.92639, 35.150269 ], [ 126.92639, 35.150279 ], [ 126.926266, 35.150253 ], [ 126.926236, 35.150324 ], [ 126.926376, 35.150346 ], [ 126.926426, 35.150329 ] ] ] ] } },
{ "type": "Feature", "properties": { "BUL_MAN_NO": 24155, "BULD_NM": null, "flo": 1.0, "h": 3.3 }, "geometry": { "type": "MultiPolygon", "coordinates": [ [ [ [ 126.925592, 35.150245 ], [ 126.92559, 35.150167 ], [ 126.925505, 35.15017 ], [ 126.925504, 35.150123 ], [ 126.925424, 35.150124 ], [ 126.925424, 35.150248 ], [ 126.925592, 35.150245 ] ] ] ] } },
{ "type": "Feature", "properties": { "BUL_MAN_NO": 36693, "BULD_NM": null, "flo": 1.0, "h": 3.3 }, "geometry": { "type": "MultiPolygon", "coordinates": [ [ [ [ 126.925595, 35.150238 ], [ 126.925594, 35.150193 ], [ 126.925622, 35.150193 ], [ 126.925622, 35.150238 ], [ 126.925595, 35.150238 ] ] ] ] } },
{ "type": "Feature", "properties": { "BUL_MAN_NO": 29432, "BULD_NM": null, "flo": 4.0, "h": 13.2 }, "geometry": { "type": "MultiPolygon", "coordinates": [ [ [ [ 126.925157, 35.150298 ], [ 126.925156, 35.150296 ], [ 126.925189, 35.150291 ], [ 126.925187, 35.150283 ], [ 126.925208, 35.150279 ], [ 126.925204, 35.150262 ], [ 126.925235, 35.150257 ], [ 126.925241, 35.150286 ], [ 126.925318, 35.150274 ], [ 126.925296, 35.150176 ], [ 126.925059, 35.150211 ], [ 126.92508, 35.150309 ], [ 126.925157, 35.150298 ] ] ] ] } },
{ "type": "Feature", "properties": { "BUL_MAN_NO": 24158, "BULD_NM": null, "flo": 1.0, "h": 3.3 }, "geometry": { "type": "MultiPolygon", "coordinates": [ [ [ [ 126.925208, 35.150408 ], [ 126.925194, 35.150347 ], [ 126.925088, 35.150362 ], [ 126.925102, 35.150422 ], [ 126.925208, 35.150408 ] ] ] ] } },
{ "type": "Feature", "properties": { "BUL_MAN_NO": 36923, "BULD_NM": null, "flo": 1.0, "h": 3.3 }, "geometry": { "type": "MultiPolygon", "coordinates": [ [ [ [ 126.925119, 35.150356 ], [ 126.925116, 35.150349 ], [ 126.925188, 35.150338 ], [ 126.92519, 35.150346 ], [ 126.925119, 35.150356 ] ] ] ] } },
{ "type": "Feature", "properties": { "BUL_MAN_NO": 37909, "BULD_NM": null, "flo": 1.0, "h": 3.3 }, "geometry": { "type": "MultiPolygon", "coordinates": [ [ [ [ 126.925436, 35.150359 ], [ 126.925421, 35.150295 ], [ 126.92555, 35.150278 ], [ 126.925563, 35.15034 ], [ 126.925436, 35.150359 ] ] ] ] } },
{ "type": "Feature", "properties": { "BUL_MAN_NO": 24156, "BULD_NM": null, "flo": 1.0, "h": 3.3 }, "geometry": { "type": "MultiPolygon", "coordinates": [ [ [ [ 126.925344, 35.150398 ], [ 126.925332, 35.150343 ], [ 126.925212, 35.15036 ], [ 126.925221, 35.150415 ], [ 126.925344, 35.150398 ] ] ] ] } },
{ "type": "Feature", "properties": { "BUL_MAN_NO": 36871, "BULD_NM": null, "flo": 1.0, "h": 3.3 }, "geometry": { "type": "MultiPolygon", "coordinates": [ [ [ [ 126.925218, 35.150355 ], [ 126.925216, 35.150344 ], [ 126.925242, 35.15034 ], [ 126.925244, 35.150351 ], [ 126.925218, 35.150355 ] ] ] ] } },
{ "type": "Feature", "properties": { "BUL_MAN_NO": 24157, "BULD_NM": null, "flo": 1.0, "h": 3.3 }, "geometry": { "type": "MultiPolygon", "coordinates": [ [ [ [ 126.92535, 35.150469 ], [ 126.925339, 35.150411 ], [ 126.925238, 35.150427 ], [ 126.925249, 35.150482 ], [ 126.92535, 35.150469 ] ] ] ] } },
{ "type": "Feature", "properties": { "BUL_MAN_NO": 24159, "BULD_NM": null, "flo": 1.0, "h": 3.3 }, "geometry": { "type": "MultiPolygon", "coordinates": [ [ [ [ 126.924448, 35.150363 ], [ 126.924418, 35.150229 ], [ 126.924347, 35.150238 ], [ 126.924378, 35.150373 ], [ 126.924448, 35.150363 ] ] ] ] } },
{ "type": "Feature", "properties": { "BUL_MAN_NO": 32565, "BULD_NM": null, "flo": 3.0, "h": 9.9 }, "geometry": { "type": "MultiPolygon", "coordinates": [ [ [ [ 126.924475, 35.15034 ], [ 126.924563, 35.150327 ], [ 126.924542, 35.150231 ], [ 126.924499, 35.150237 ], [ 126.924506, 35.150268 ], [ 126.924461, 35.150275 ], [ 126.924475, 35.15034 ] ] ] ] } },
{ "type": "Feature", "properties": { "BUL_MAN_NO": 30541, "BULD_NM": null, "flo": 2.0, "h": 6.6 }, "geometry": { "type": "MultiPolygon", "coordinates": [ [ [ [ 126.924699, 35.15032 ], [ 126.924665, 35.150282 ], [ 126.924624, 35.150288 ], [ 126.924646, 35.150394 ], [ 126.92487, 35.150363 ], [ 126.924852, 35.150276 ], [ 126.924813, 35.150281 ], [ 126.924822, 35.150327 ], [ 126.924785, 35.150332 ], [ 126.924783, 35.150324 ], [ 126.92474, 35.15033 ], [ 126.924746, 35.150362 ], [ 126.924683, 35.150371 ], [ 126.924676, 35.150334 ], [ 126.924699, 35.15032 ] ] ] ] } },
{ "type": "Feature", "properties": { "BUL_MAN_NO": 4732, "BULD_NM": null, "flo": 1.0, "h": 3.3 }, "geometry": { "type": "MultiPolygon", "coordinates": [ [ [ [ 126.924793, 35.150551 ], [ 126.924762, 35.150417 ], [ 126.924666, 35.150433 ], [ 126.924696, 35.150565 ], [ 126.924793, 35.150551 ] ] ] ] } },
{ "type": "Feature", "properties": { "BUL_MAN_NO": 34931, "BULD_NM": null, "flo": 1.0, "h": 3.3 }, "geometry": { "type": "MultiPolygon", "coordinates": [ [ [ [ 126.923967, 35.150799 ], [ 126.924063, 35.150786 ], [ 126.92405, 35.150725 ], [ 126.92394, 35.15074 ], [ 126.923967, 35.150799 ] ] ] ] } },
{ "type": "Feature", "properties": { "BUL_MAN_NO": 24165, "BULD_NM": null, "flo": 1.0, "h": 3.3 }, "geometry": { "type": "MultiPolygon", "coordinates": [ [ [ [ 126.923833, 35.150369 ], [ 126.923819, 35.150313 ], [ 126.923681, 35.150333 ], [ 126.923692, 35.150392 ], [ 126.923833, 35.150369 ] ] ] ] } },
{ "type": "Feature", "properties": { "BUL_MAN_NO": 36916, "BULD_NM": null, "flo": 1.0, "h": 3.3 }, "geometry": { "type": "MultiPolygon", "coordinates": [ [ [ [ 126.923678, 35.150332 ], [ 126.923676, 35.150323 ], [ 126.923753, 35.150311 ], [ 126.923754, 35.15032 ], [ 126.923678, 35.150332 ] ] ] ] } },
{ "type": "Feature", "properties": { "BUL_MAN_NO": 24163, "BULD_NM": null, "flo": 1.0, "h": 3.3 }, "geometry": { "type": "MultiPolygon", "coordinates": [ [ [ [ 126.923986, 35.150363 ], [ 126.923977, 35.150332 ], [ 126.923859, 35.15035 ], [ 126.923864, 35.150378 ], [ 126.923986, 35.150363 ] ] ] ] } },
{ "type": "Feature", "properties": { "BUL_MAN_NO": 24164, "BULD_NM": null, "flo": 1.0, "h": 3.3 }, "geometry": { "type": "MultiPolygon", "coordinates": [ [ [ [ 126.924008, 35.150423 ], [ 126.923995, 35.150367 ], [ 126.923861, 35.150384 ], [ 126.923872, 35.15044 ], [ 126.924008, 35.150423 ] ] ] ] } },
{ "type": "Feature", "properties": { "BUL_MAN_NO": 24162, "BULD_NM": null, "flo": 1.0, "h": 3.3 }, "geometry": { "type": "MultiPolygon", "coordinates": [ [ [ [ 126.923991, 35.150323 ], [ 126.923974, 35.150253 ], [ 126.923837, 35.150266 ], [ 126.92385, 35.150343 ], [ 126.923991, 35.150323 ] ] ] ] } },
{ "type": "Feature", "properties": { "BUL_MAN_NO": 24161, "BULD_NM": null, "flo": 1.0, "h": 3.3 }, "geometry": { "type": "MultiPolygon", "coordinates": [ [ [ [ 126.923754, 35.150468 ], [ 126.923858, 35.15045 ], [ 126.923848, 35.150408 ], [ 126.923818, 35.150413 ], [ 126.923814, 35.150397 ], [ 126.923764, 35.150406 ], [ 126.923761, 35.150397 ], [ 126.923698, 35.150408 ], [ 126.923712, 35.150467 ], [ 126.923752, 35.15046 ], [ 126.923754, 35.150468 ] ] ] ] } },
{ "type": "Feature", "properties": { "BUL_MAN_NO": 36867, "BULD_NM": null, "flo": 1.0, "h": 3.3 }, "geometry": { "type": "MultiPolygon", "coordinates": [ [ [ [ 126.923711, 35.150475 ], [ 126.923709, 35.150468 ], [ 126.92375, 35.150462 ], [ 126.923752, 35.150468 ], [ 126.923711, 35.150475 ] ] ] ] } },
{ "type": "Feature", "properties": { "BUL_MAN_NO": 24166, "BULD_NM": null, "flo": 3.0, "h": 9.9 }, "geometry": { "type": "MultiPolygon", "coordinates": [ [ [ [ 126.924068, 35.150993 ], [ 126.924048, 35.150898 ], [ 126.923886, 35.150916 ], [ 126.923887, 35.150932 ], [ 126.92387, 35.150933 ], [ 126.923862, 35.150939 ], [ 126.923859, 35.15095 ], [ 126.92386, 35.150958 ], [ 126.923871, 35.150962 ], [ 126.92389, 35.150961 ], [ 126.923897, 35.150983 ], [ 126.923946, 35.151015 ], [ 126.924068, 35.150993 ] ] ] ] } },
{ "type": "Feature", "properties": { "BUL_MAN_NO": 36898, "BULD_NM": null, "flo": 1.0, "h": 3.3 }, "geometry": { "type": "MultiPolygon", "coordinates": [ [ [ [ 126.923951, 35.151092 ], [ 126.92395, 35.151087 ], [ 126.923964, 35.151084 ], [ 126.923965, 35.151089 ], [ 126.923951, 35.151092 ] ] ] ] } },
{ "type": "Feature", "properties": { "BUL_MAN_NO": 36899, "BULD_NM": null, "flo": 1.0, "h": 3.3 }, "geometry": { "type": "MultiPolygon", "coordinates": [ [ [ [ 126.923927, 35.151046 ], [ 126.923924, 35.151037 ], [ 126.923944, 35.151033 ], [ 126.923947, 35.151042 ], [ 126.923927, 35.151046 ] ] ] ] } },
{ "type": "Feature", "properties": { "BUL_MAN_NO": 24167, "BULD_NM": null, "flo": 2.0, "h": 6.6 }, "geometry": { "type": "MultiPolygon", "coordinates": [ [ [ [ 126.924116, 35.15105 ], [ 126.924095, 35.15101 ], [ 126.924063, 35.151017 ], [ 126.924061, 35.151011 ], [ 126.92402, 35.151022 ], [ 126.924025, 35.151029 ], [ 126.923939, 35.151045 ], [ 126.923953, 35.151086 ], [ 126.924116, 35.15105 ] ] ] ] } },
{ "type": "Feature", "properties": { "BUL_MAN_NO": 24168, "BULD_NM": null, "flo": 1.0, "h": 3.3 }, "geometry": { "type": "MultiPolygon", "coordinates": [ [ [ [ 126.924764, 35.151294 ], [ 126.924758, 35.151263 ], [ 126.924744, 35.151268 ], [ 126.924734, 35.151217 ], [ 126.924663, 35.151226 ], [ 126.924686, 35.151307 ], [ 126.924764, 35.151294 ] ] ] ] } },
{ "type": "Feature", "properties": { "BUL_MAN_NO": 4495, "BULD_NM": null, "flo": 2.0, "h": 6.6 }, "geometry": { "type": "MultiPolygon", "coordinates": [ [ [ [ 126.92477, 35.151389 ], [ 126.924765, 35.151361 ], [ 126.924753, 35.151363 ], [ 126.92474, 35.151313 ], [ 126.924638, 35.15133 ], [ 126.924647, 35.151376 ], [ 126.92466, 35.151374 ], [ 126.924666, 35.151408 ], [ 126.92477, 35.151389 ] ] ] ] } },
{ "type": "Feature", "properties": { "BUL_MAN_NO": 4487, "BULD_NM": null, "flo": 2.0, "h": 6.6 }, "geometry": { "type": "MultiPolygon", "coordinates": [ [ [ [ 126.924628, 35.151405 ], [ 126.924612, 35.15133 ], [ 126.924508, 35.151347 ], [ 126.924526, 35.151421 ], [ 126.924628, 35.151405 ] ] ] ] } },
{ "type": "Feature", "properties": { "BUL_MAN_NO": 24175, "BULD_NM": null, "flo": 1.0, "h": 3.3 }, "geometry": { "type": "MultiPolygon", "coordinates": [ [ [ [ 126.925362, 35.151485 ], [ 126.925346, 35.151432 ], [ 126.925236, 35.151455 ], [ 126.925252, 35.151505 ], [ 126.925362, 35.151485 ] ] ] ] } },
{ "type": "Feature", "properties": { "BUL_MAN_NO": 36952, "BULD_NM": null, "flo": 1.0, "h": 3.3 }, "geometry": { "type": "MultiPolygon", "coordinates": [ [ [ [ 126.925264, 35.151446 ], [ 126.92526, 35.151434 ], [ 126.925319, 35.151423 ], [ 126.925322, 35.151434 ], [ 126.925264, 35.151446 ] ] ] ] } },
{ "type": "Feature", "properties": { "BUL_MAN_NO": 24174, "BULD_NM": null, "flo": 2.0, "h": 6.6 }, "geometry": { "type": "MultiPolygon", "coordinates": [ [ [ [ 126.925163, 35.151404 ], [ 126.925149, 35.151381 ], [ 126.925143, 35.151383 ], [ 126.925127, 35.151352 ], [ 126.925142, 35.151346 ], [ 126.925131, 35.151323 ], [ 126.925036, 35.151354 ], [ 126.925092, 35.151465 ], [ 126.925173, 35.151437 ], [ 126.925156, 35.151405 ], [ 126.925163, 35.151404 ] ] ] ] } },
{ "type": "Feature", "properties": { "BUL_MAN_NO": 36936, "BULD_NM": null, "flo": 1.0, "h": 3.3 }, "geometry": { "type": "MultiPolygon", "coordinates": [ [ [ [ 126.925056, 35.151345 ], [ 126.925052, 35.151337 ], [ 126.925114, 35.151316 ], [ 126.925118, 35.151324 ], [ 126.925056, 35.151345 ] ] ] ] } },
{ "type": "Feature", "properties": { "BUL_MAN_NO": 11504, "BULD_NM": null, "flo": 1.0, "h": 3.3 }, "geometry": { "type": "MultiPolygon", "coordinates": [ [ [ [ 126.92537, 35.151409 ], [ 126.925361, 35.151346 ], [ 126.925211, 35.151361 ], [ 126.925226, 35.151424 ], [ 126.92537, 35.151409 ] ] ] ] } },
{ "type": "Feature", "properties": { "BUL_MAN_NO": 11503, "BULD_NM": null, "flo": 1.0, "h": 3.3 }, "geometry": { "type": "MultiPolygon", "coordinates": [ [ [ [ 126.925352, 35.151313 ], [ 126.925339, 35.151251 ], [ 126.925189, 35.151272 ], [ 126.925201, 35.151333 ], [ 126.925352, 35.151313 ] ] ] ] } },
{ "type": "Feature", "properties": { "BUL_MAN_NO": 36949, "BULD_NM": null, "flo": 1.0, "h": 3.3 }, "geometry": { "type": "MultiPolygon", "coordinates": [ [ [ [ 126.925178, 35.151342 ], [ 126.925166, 35.151311 ], [ 126.925183, 35.151307 ], [ 126.925195, 35.151337 ], [ 126.925178, 35.151342 ] ] ] ] } },
{ "type": "Feature", "properties": { "BUL_MAN_NO": 24176, "BULD_NM": null, "flo": 3.0, "h": 9.9 }, "geometry": { "type": "MultiPolygon", "coordinates": [ [ [ [ 126.925683, 35.150782 ], [ 126.925672, 35.150705 ], [ 126.925514, 35.15072 ], [ 126.925518, 35.150788 ], [ 126.925683, 35.150782 ] ] ] ] } },
{ "type": "Feature", "properties": { "BUL_MAN_NO": 24177, "BULD_NM": null, "flo": 4.0, "h": 13.2 }, "geometry": { "type": "MultiPolygon", "coordinates": [ [ [ [ 126.925465, 35.151078 ], [ 126.92546, 35.151077 ], [ 126.925268, 35.1511 ], [ 126.925281, 35.15119 ], [ 126.925492, 35.151163 ], [ 126.925494, 35.151162 ], [ 126.925497, 35.151158 ], [ 126.925498, 35.151153 ], [ 126.925485, 35.151102 ], [ 126.925484, 35.151098 ], [ 126.925481, 35.151091 ], [ 126.925476, 35.151085 ], [ 126.925465, 35.151078 ] ] ] ] } },
{ "type": "Feature", "properties": { "BUL_MAN_NO": 36951, "BULD_NM": null, "flo": 1.0, "h": 3.3 }, "geometry": { "type": "MultiPolygon", "coordinates": [ [ [ [ 126.925463, 35.151302 ], [ 126.925462, 35.151294 ], [ 126.925475, 35.151292 ], [ 126.925476, 35.1513 ], [ 126.925463, 35.151302 ] ] ] ] } },
{ "type": "Feature", "properties": { "BUL_MAN_NO": 36950, "BULD_NM": null, "flo": 1.0, "h": 3.3 }, "geometry": { "type": "MultiPolygon", "coordinates": [ [ [ [ 126.925363, 35.151237 ], [ 126.92536, 35.151225 ], [ 126.925389, 35.15122 ], [ 126.925392, 35.151232 ], [ 126.925363, 35.151237 ] ] ] ] } },
{ "type": "Feature", "properties": { "BUL_MAN_NO": 4498, "BULD_NM": null, "flo": 2.0, "h": 6.6 }, "geometry": { "type": "MultiPolygon", "coordinates": [ [ [ [ 126.92552, 35.151284 ], [ 126.925515, 35.151245 ], [ 126.925489, 35.151249 ], [ 126.925485, 35.151232 ], [ 126.925433, 35.15124 ], [ 126.925432, 35.151229 ], [ 126.925362, 35.15124 ], [ 126.925374, 35.151303 ], [ 126.92552, 35.151284 ] ] ] ] } },
{ "type": "Feature", "properties": { "BUL_MAN_NO": 4497, "BULD_NM": null, "flo": 1.0, "h": 3.3 }, "geometry": { "type": "MultiPolygon", "coordinates": [ [ [ [ 126.925386, 35.151398 ], [ 126.925509, 35.151382 ], [ 126.925511, 35.151392 ], [ 126.925552, 35.151386 ], [ 126.925537, 35.151315 ], [ 126.925498, 35.15132 ], [ 126.9255, 35.151331 ], [ 126.925377, 35.151344 ], [ 126.925386, 35.151398 ] ] ] ] } },
{ "type": "Feature", "properties": { "BUL_MAN_NO": 36948, "BULD_NM": null, "flo": 1.0, "h": 3.3 }, "geometry": { "type": "MultiPolygon", "coordinates": [ [ [ [ 126.925461, 35.151332 ], [ 126.92546, 35.151321 ], [ 126.925494, 35.151317 ], [ 126.925495, 35.151328 ], [ 126.925461, 35.151332 ] ] ] ] } },
{ "type": "Feature", "properties": { "BUL_MAN_NO": 24182, "BULD_NM": null, "flo": 2.0, "h": 6.6 }, "geometry": { "type": "MultiPolygon", "coordinates": [ [ [ [ 126.927034, 35.151067 ], [ 126.927018, 35.150992 ], [ 126.926864, 35.151022 ], [ 126.926896, 35.151106 ], [ 126.927034, 35.151067 ] ] ] ] } },
{ "type": "Feature", "properties": { "BUL_MAN_NO": 36956, "BULD_NM": null, "flo": 1.0, "h": 3.3 }, "geometry": { "type": "MultiPolygon", "coordinates": [ [ [ [ 126.927288, 35.150883 ], [ 126.927284, 35.150871 ], [ 126.927292, 35.150869 ], [ 126.927296, 35.150881 ], [ 126.927288, 35.150883 ] ] ] ] } },
{ "type": "Feature", "properties": { "BUL_MAN_NO": 36957, "BULD_NM": null, "flo": 1.0, "h": 3.3 }, "geometry": { "type": "MultiPolygon", "coordinates": [ [ [ [ 126.92746, 35.150919 ], [ 126.927437, 35.15085 ], [ 126.927454, 35.150846 ], [ 126.927467, 35.150918 ], [ 126.92746, 35.150919 ] ] ] ] } },
{ "type": "Feature", "properties": { "BUL_MAN_NO": 24184, "BULD_NM": null, "flo": 2.0, "h": 6.6 }, "geometry": { "type": "MultiPolygon", "coordinates": [ [ [ [ 126.927455, 35.150911 ], [ 126.927444, 35.150877 ], [ 126.927435, 35.150879 ], [ 126.927427, 35.150851 ], [ 126.927289, 35.150884 ], [ 126.927317, 35.150957 ], [ 126.927459, 35.150921 ], [ 126.927455, 35.150911 ] ] ] ] } },
{ "type": "Feature", "properties": { "BUL_MAN_NO": 36958, "BULD_NM": null, "flo": 1.0, "h": 3.3 }, "geometry": { "type": "MultiPolygon", "coordinates": [ [ [ [ 126.927259, 35.150896 ], [ 126.927257, 35.150892 ], [ 126.927275, 35.150887 ], [ 126.927276, 35.150892 ], [ 126.927259, 35.150896 ] ] ] ] } },
{ "type": "Feature", "properties": { "BUL_MAN_NO": 24185, "BULD_NM": null, "flo": 2.0, "h": 6.6 }, "geometry": { "type": "MultiPolygon", "coordinates": [ [ [ [ 126.927311, 35.150978 ], [ 126.927298, 35.150934 ], [ 126.927288, 35.150934 ], [ 126.927277, 35.150905 ], [ 126.92726, 35.150909 ], [ 126.927254, 35.150892 ], [ 126.927199, 35.150902 ], [ 126.927227, 35.150996 ], [ 126.927311, 35.150978 ] ] ] ] } },
{ "type": "Feature", "properties": { "BUL_MAN_NO": 24186, "BULD_NM": null, "flo": 1.0, "h": 3.3 }, "geometry": { "type": "MultiPolygon", "coordinates": [ [ [ [ 126.927191, 35.151007 ], [ 126.927165, 35.150909 ], [ 126.927085, 35.150928 ], [ 126.927114, 35.151028 ], [ 126.927191, 35.151007 ] ] ] ] } },
{ "type": "Feature", "properties": { "BUL_MAN_NO": 36959, "BULD_NM": null, "flo": 1.0, "h": 3.3 }, "geometry": { "type": "MultiPolygon", "coordinates": [ [ [ [ 126.927171, 35.15092 ], [ 126.927167, 35.150909 ], [ 126.927184, 35.150905 ], [ 126.927188, 35.150916 ], [ 126.927171, 35.15092 ] ] ] ] } },
{ "type": "Feature", "properties": { "BUL_MAN_NO": 24142, "BULD_NM": null, "flo": 1.0, "h": 3.3 }, "geometry": { "type": "MultiPolygon", "coordinates": [ [ [ [ 126.927734, 35.150384 ], [ 126.92773, 35.150316 ], [ 126.927693, 35.15032 ], [ 126.927701, 35.150385 ], [ 126.927734, 35.150384 ] ] ] ] } },
{ "type": "Feature", "properties": { "BUL_MAN_NO": 24141, "BULD_NM": null, "flo": 1.0, "h": 3.3 }, "geometry": { "type": "MultiPolygon", "coordinates": [ [ [ [ 126.927683, 35.150405 ], [ 126.92767, 35.150333 ], [ 126.927556, 35.150348 ], [ 126.92757, 35.15042 ], [ 126.927683, 35.150405 ] ] ] ] } },
{ "type": "Feature", "properties": { "BUL_MAN_NO": 28274, "BULD_NM": null, "flo": 2.0, "h": 6.6 }, "geometry": { "type": "MultiPolygon", "coordinates": [ [ [ [ 126.927777, 35.150404 ], [ 126.927982, 35.150413 ], [ 126.928014, 35.150441 ], [ 126.928074, 35.150293 ], [ 126.928022, 35.150304 ], [ 126.927899, 35.150292 ], [ 126.927888, 35.150177 ], [ 126.927736, 35.150195 ], [ 126.927755, 35.150385 ], [ 126.927777, 35.150404 ] ] ] ] } },
{ "type": "Feature", "properties": { "BUL_MAN_NO": 4568, "BULD_NM": null, "flo": 1.0, "h": 3.3 }, "geometry": { "type": "MultiPolygon", "coordinates": [ [ [ [ 126.925769, 35.150215 ], [ 126.925694, 35.150215 ], [ 126.925699, 35.150319 ], [ 126.925769, 35.150319 ], [ 126.925769, 35.150215 ] ] ] ] } },
{ "type": "Feature", "properties": { "BUL_MAN_NO": 36691, "BULD_NM": null, "flo": 1.0, "h": 3.3 }, "geometry": { "type": "MultiPolygon", "coordinates": [ [ [ [ 126.925773, 35.150318 ], [ 126.925772, 35.150291 ], [ 126.925788, 35.150291 ], [ 126.925789, 35.150318 ], [ 126.925773, 35.150318 ] ] ] ] } },
{ "type": "Feature", "properties": { "BUL_MAN_NO": 36690, "BULD_NM": null, "flo": 1.0, "h": 3.3 }, "geometry": { "type": "MultiPolygon", "coordinates": [ [ [ [ 126.925771, 35.15024 ], [ 126.92577, 35.150215 ], [ 126.925788, 35.150215 ], [ 126.925788, 35.15024 ], [ 126.925771, 35.15024 ] ] ] ] } },
{ "type": "Feature", "properties": { "BUL_MAN_NO": 28729, "BULD_NM": null, "flo": 2.0, "h": 6.6 }, "geometry": { "type": "MultiPolygon", "coordinates": [ [ [ [ 126.925758, 35.150177 ], [ 126.925804, 35.150181 ], [ 126.925815, 35.150116 ], [ 126.925766, 35.150113 ], [ 126.925758, 35.150177 ] ] ] ] } },
{ "type": "Feature", "properties": { "BUL_MAN_NO": 24135, "BULD_NM": null, "flo": 1.0, "h": 3.3 }, "geometry": { "type": "MultiPolygon", "coordinates": [ [ [ [ 126.925731, 35.150111 ], [ 126.925673, 35.150109 ], [ 126.925653, 35.150197 ], [ 126.925714, 35.150203 ], [ 126.925731, 35.150111 ] ] ] ] } },
{ "type": "Feature", "properties": { "BUL_MAN_NO": 36692, "BULD_NM": null, "flo": 1.0, "h": 3.3 }, "geometry": { "type": "MultiPolygon", "coordinates": [ [ [ [ 126.925732, 35.150205 ], [ 126.925737, 35.150185 ], [ 126.925745, 35.150187 ], [ 126.925741, 35.150207 ], [ 126.925732, 35.150205 ] ] ] ] } },
{ "type": "Feature", "properties": { "BUL_MAN_NO": 11619, "BULD_NM": "동명동 스튜던트빌리지", "flo": 5.0, "h": 16.5 }, "geometry": { "type": "MultiPolygon", "coordinates": [ [ [ [ 126.923107, 35.150772 ], [ 126.922914, 35.150709 ], [ 126.922896, 35.150748 ], [ 126.922949, 35.150877 ], [ 126.923124, 35.150828 ], [ 126.923117, 35.150788 ], [ 126.923101, 35.150784 ], [ 126.923107, 35.150772 ] ] ] ] } },
{ "type": "Feature", "properties": { "BUL_MAN_NO": 24197, "BULD_NM": null, "flo": 3.0, "h": 9.9 }, "geometry": { "type": "MultiPolygon", "coordinates": [ [ [ [ 126.923114, 35.150997 ], [ 126.923092, 35.150947 ], [ 126.923068, 35.150955 ], [ 126.923066, 35.150948 ], [ 126.922955, 35.150976 ], [ 126.922984, 35.151051 ], [ 126.923119, 35.151014 ], [ 126.923114, 35.150997 ] ] ] ] } },
{ "type": "Feature", "properties": { "BUL_MAN_NO": 37119, "BULD_NM": null, "flo": 1.0, "h": 3.3 }, "geometry": { "type": "MultiPolygon", "coordinates": [ [ [ [ 126.922847, 35.150791 ], [ 126.922844, 35.150785 ], [ 126.922874, 35.150775 ], [ 126.922877, 35.150781 ], [ 126.922847, 35.150791 ] ] ] ] } },
{ "type": "Feature", "properties": { "BUL_MAN_NO": 37118, "BULD_NM": null, "flo": 1.0, "h": 3.3 }, "geometry": { "type": "MultiPolygon", "coordinates": [ [ [ [ 126.922797, 35.150798 ], [ 126.922796, 35.150794 ], [ 126.922826, 35.150784 ], [ 126.922828, 35.150788 ], [ 126.922797, 35.150798 ] ] ] ] } },
{ "type": "Feature", "properties": { "BUL_MAN_NO": 24202, "BULD_NM": null, "flo": 2.0, "h": 6.6 }, "geometry": { "type": "MultiPolygon", "coordinates": [ [ [ [ 126.922877, 35.150783 ], [ 126.922846, 35.150793 ], [ 126.922842, 35.150785 ], [ 126.922798, 35.150799 ], [ 126.922807, 35.150818 ], [ 126.922858, 35.150911 ], [ 126.922929, 35.150893 ], [ 126.922901, 35.150834 ], [ 126.922877, 35.150783 ] ] ] ] } },
{ "type": "Feature", "properties": { "BUL_MAN_NO": 24198, "BULD_NM": null, "flo": 1.0, "h": 3.3 }, "geometry": { "type": "MultiPolygon", "coordinates": [ [ [ [ 126.92299, 35.151117 ], [ 126.922933, 35.150971 ], [ 126.922801, 35.151005 ], [ 126.922859, 35.151156 ], [ 126.922983, 35.151123 ], [ 126.922991, 35.151121 ], [ 126.92299, 35.151117 ] ] ] ] } },
{ "type": "Feature", "properties": { "BUL_MAN_NO": 33304, "BULD_NM": null, "flo": 5.0, "h": 16.5 }, "geometry": { "type": "MultiPolygon", "coordinates": [ [ [ [ 126.922475, 35.15108 ], [ 126.922492, 35.151124 ], [ 126.922544, 35.15111 ], [ 126.922559, 35.151149 ], [ 126.92251, 35.151162 ], [ 126.922547, 35.151256 ], [ 126.922636, 35.151233 ], [ 126.922567, 35.151056 ], [ 126.922475, 35.15108 ] ] ] ] } },
{ "type": "Feature", "properties": { "BUL_MAN_NO": 24226, "BULD_NM": null, "flo": 2.0, "h": 6.6 }, "geometry": { "type": "MultiPolygon", "coordinates": [ [ [ [ 126.92311, 35.151453 ], [ 126.923083, 35.151383 ], [ 126.923043, 35.151393 ], [ 126.923041, 35.151388 ], [ 126.923, 35.1514 ], [ 126.922997, 35.151392 ], [ 126.922947, 35.151406 ], [ 126.922976, 35.151488 ], [ 126.92311, 35.151453 ] ] ] ] } },
{ "type": "Feature", "properties": { "BUL_MAN_NO": 37104, "BULD_NM": null, "flo": 1.0, "h": 3.3 }, "geometry": { "type": "MultiPolygon", "coordinates": [ [ [ [ 126.922925, 35.151483 ], [ 126.922915, 35.151457 ], [ 126.922924, 35.151454 ], [ 126.922934, 35.15148 ], [ 126.922925, 35.151483 ] ] ] ] } },
{ "type": "Feature", "properties": { "BUL_MAN_NO": 24227, "BULD_NM": null, "flo": 2.0, "h": 6.6 }, "geometry": { "type": "MultiPolygon", "coordinates": [ [ [ [ 126.922924, 35.151504 ], [ 126.922908, 35.151462 ], [ 126.922896, 35.151465 ], [ 126.92288, 35.151425 ], [ 126.922775, 35.151449 ], [ 126.922781, 35.151465 ], [ 126.922808, 35.151533 ], [ 126.922924, 35.151504 ] ] ] ] } },
{ "type": "Feature", "properties": { "BUL_MAN_NO": 36168, "BULD_NM": null, "flo": 1.0, "h": 3.3 }, "geometry": { "type": "MultiPolygon", "coordinates": [ [ [ [ 126.922945, 35.151391 ], [ 126.923073, 35.151359 ], [ 126.923062, 35.15133 ], [ 126.923053, 35.151332 ], [ 126.92304, 35.151296 ], [ 126.923002, 35.151305 ], [ 126.923008, 35.151319 ], [ 126.922926, 35.151339 ], [ 126.922945, 35.151391 ] ] ] ] } },
{ "type": "Feature", "properties": { "BUL_MAN_NO": 24228, "BULD_NM": null, "flo": 2.0, "h": 6.6 }, "geometry": { "type": "MultiPolygon", "coordinates": [ [ [ [ 126.922775, 35.151444 ], [ 126.922914, 35.151406 ], [ 126.922884, 35.151335 ], [ 126.922844, 35.151345 ], [ 126.922842, 35.151341 ], [ 126.922791, 35.151353 ], [ 126.922787, 35.151344 ], [ 126.92273, 35.151359 ], [ 126.922749, 35.151416 ], [ 126.922757, 35.151415 ], [ 126.922762, 35.151433 ], [ 126.922771, 35.151431 ], [ 126.922775, 35.151444 ] ] ] ] } },
{ "type": "Feature", "properties": { "BUL_MAN_NO": 24224, "BULD_NM": null, "flo": 1.0, "h": 3.3 }, "geometry": { "type": "MultiPolygon", "coordinates": [ [ [ [ 126.923044, 35.151259 ], [ 126.92301, 35.151176 ], [ 126.922967, 35.151188 ], [ 126.922968, 35.151192 ], [ 126.922909, 35.151209 ], [ 126.92291, 35.151212 ], [ 126.922873, 35.151222 ], [ 126.922899, 35.151294 ], [ 126.923044, 35.151259 ] ] ] ] } },
{ "type": "Feature", "properties": { "BUL_MAN_NO": 37103, "BULD_NM": null, "flo": 1.0, "h": 3.3 }, "geometry": { "type": "MultiPolygon", "coordinates": [ [ [ [ 126.922873, 35.151219 ], [ 126.92287, 35.151211 ], [ 126.922884, 35.151207 ], [ 126.922887, 35.151215 ], [ 126.922873, 35.151219 ] ] ] ] } },
{ "type": "Feature", "properties": { "BUL_MAN_NO": 24229, "BULD_NM": null, "flo": 1.0, "h": 3.3 }, "geometry": { "type": "MultiPolygon", "coordinates": [ [ [ [ 126.922864, 35.151307 ], [ 126.922839, 35.151248 ], [ 126.922741, 35.151274 ], [ 126.92273, 35.151252 ], [ 126.922684, 35.151266 ], [ 126.922717, 35.151346 ], [ 126.922864, 35.151307 ] ] ] ] } },
{ "type": "Feature", "properties": { "BUL_MAN_NO": 37106, "BULD_NM": null, "flo": 1.0, "h": 3.3 }, "geometry": { "type": "MultiPolygon", "coordinates": [ [ [ [ 126.922812, 35.151253 ], [ 126.922807, 35.151243 ], [ 126.922832, 35.151236 ], [ 126.922835, 35.151246 ], [ 126.922812, 35.151253 ] ] ] ] } },
{ "type": "Feature", "properties": { "BUL_MAN_NO": 37105, "BULD_NM": null, "flo": 1.0, "h": 3.3 }, "geometry": { "type": "MultiPolygon", "coordinates": [ [ [ [ 126.922684, 35.151264 ], [ 126.922681, 35.151258 ], [ 126.922726, 35.151245 ], [ 126.922728, 35.151251 ], [ 126.922684, 35.151264 ] ] ] ] } },
{ "type": "Feature", "properties": { "BUL_MAN_NO": 24230, "BULD_NM": null, "flo": 4.0, "h": 13.2 }, "geometry": { "type": "MultiPolygon", "coordinates": [ [ [ [ 126.922759, 35.151046 ], [ 126.922737, 35.151028 ], [ 126.922633, 35.151049 ], [ 126.922689, 35.151208 ], [ 126.922804, 35.151181 ], [ 126.922759, 35.151046 ] ] ] ] } },
{ "type": "Feature", "properties": { "BUL_MAN_NO": 24243, "BULD_NM": null, "flo": 2.0, "h": 6.6 }, "geometry": { "type": "MultiPolygon", "coordinates": [ [ [ [ 126.92327, 35.151393 ], [ 126.923248, 35.151339 ], [ 126.923107, 35.151376 ], [ 126.923137, 35.151448 ], [ 126.923255, 35.151415 ], [ 126.92327, 35.151393 ] ] ] ] } },
{ "type": "Feature", "properties": { "BUL_MAN_NO": 37096, "BULD_NM": null, "flo": 1.0, "h": 3.3 }, "geometry": { "type": "MultiPolygon", "coordinates": [ [ [ [ 126.923106, 35.151373 ], [ 126.923103, 35.151366 ], [ 126.923124, 35.15136 ], [ 126.923127, 35.151367 ], [ 126.923106, 35.151373 ] ] ] ] } },
{ "type": "Feature", "properties": { "BUL_MAN_NO": 24244, "BULD_NM": null, "flo": 1.0, "h": 3.3 }, "geometry": { "type": "MultiPolygon", "coordinates": [ [ [ [ 126.923244, 35.151319 ], [ 126.923221, 35.151255 ], [ 126.923119, 35.15128 ], [ 126.923113, 35.151263 ], [ 126.923062, 35.151276 ], [ 126.923094, 35.151357 ], [ 126.923244, 35.151319 ] ] ] ] } },
{ "type": "Feature", "properties": { "BUL_MAN_NO": 37098, "BULD_NM": null, "flo": 1.0, "h": 3.3 }, "geometry": { "type": "MultiPolygon", "coordinates": [ [ [ [ 126.923173, 35.151265 ], [ 126.923171, 35.151259 ], [ 126.923197, 35.151253 ], [ 126.923199, 35.151259 ], [ 126.923173, 35.151265 ] ] ] ] } },
{ "type": "Feature", "properties": { "BUL_MAN_NO": 37097, "BULD_NM": null, "flo": 1.0, "h": 3.3 }, "geometry": { "type": "MultiPolygon", "coordinates": [ [ [ [ 126.923062, 35.151275 ], [ 126.92306, 35.151268 ], [ 126.923082, 35.151263 ], [ 126.923084, 35.151269 ], [ 126.923062, 35.151275 ] ] ] ] } },
{ "type": "Feature", "properties": { "BUL_MAN_NO": 37102, "BULD_NM": null, "flo": 1.0, "h": 3.3 }, "geometry": { "type": "MultiPolygon", "coordinates": [ [ [ [ 126.923116, 35.151071 ], [ 126.923111, 35.151055 ], [ 126.92313, 35.15105 ], [ 126.923135, 35.151066 ], [ 126.923116, 35.151071 ] ] ] ] } },
{ "type": "Feature", "properties": { "BUL_MAN_NO": 37101, "BULD_NM": null, "flo": 1.0, "h": 3.3 }, "geometry": { "type": "MultiPolygon", "coordinates": [ [ [ [ 126.922999, 35.15109 ], [ 126.922996, 35.151083 ], [ 126.923037, 35.151072 ], [ 126.923039, 35.151079 ], [ 126.922999, 35.15109 ] ] ] ] } },
{ "type": "Feature", "properties": { "BUL_MAN_NO": 24246, "BULD_NM": null, "flo": 1.0, "h": 3.3 }, "geometry": { "type": "MultiPolygon", "coordinates": [ [ [ [ 126.923155, 35.151126 ], [ 126.923137, 35.151073 ], [ 126.923101, 35.151082 ], [ 126.9231, 35.151077 ], [ 126.923054, 35.151088 ], [ 126.923051, 35.151077 ], [ 126.922999, 35.151092 ], [ 126.923024, 35.15116 ], [ 126.923155, 35.151126 ] ] ] ] } },
{ "type": "Feature", "properties": { "BUL_MAN_NO": 24266, "BULD_NM": null, "flo": 2.0, "h": 6.6 }, "geometry": { "type": "MultiPolygon", "coordinates": [ [ [ [ 126.922784, 35.151538 ], [ 126.922763, 35.151482 ], [ 126.922759, 35.151483 ], [ 126.922751, 35.151466 ], [ 126.922745, 35.151467 ], [ 126.922726, 35.151428 ], [ 126.922609, 35.151463 ], [ 126.922715, 35.15154 ], [ 126.922764, 35.151544 ], [ 126.922784, 35.151538 ] ] ] ] } },
{ "type": "Feature", "properties": { "BUL_MAN_NO": 24265, "BULD_NM": null, "flo": 2.0, "h": 6.6 }, "geometry": { "type": "MultiPolygon", "coordinates": [ [ [ [ 126.922596, 35.151458 ], [ 126.92273, 35.151417 ], [ 126.922699, 35.151344 ], [ 126.92265, 35.151356 ], [ 126.922652, 35.151361 ], [ 126.922626, 35.151368 ], [ 126.922624, 35.151362 ], [ 126.922504, 35.151397 ], [ 126.922579, 35.151449 ], [ 126.922583, 35.151446 ], [ 126.922596, 35.151458 ] ] ] ] } },
{ "type": "Feature", "properties": { "BUL_MAN_NO": 24260, "BULD_NM": null, "flo": 1.0, "h": 3.3 }, "geometry": { "type": "MultiPolygon", "coordinates": [ [ [ [ 126.922528, 35.151504 ], [ 126.922449, 35.151526 ], [ 126.922487, 35.151622 ], [ 126.92257, 35.1516 ], [ 126.922528, 35.151504 ] ] ] ] } },
{ "type": "Feature", "properties": { "BUL_MAN_NO": 36994, "BULD_NM": null, "flo": 1.0, "h": 3.3 }, "geometry": { "type": "MultiPolygon", "coordinates": [ [ [ [ 126.922572, 35.151599 ], [ 126.922588, 35.151595 ], [ 126.922607, 35.151562 ], [ 126.922538, 35.151512 ], [ 126.922534, 35.151513 ], [ 126.922572, 35.151599 ] ] ] ] } },
{ "type": "Feature", "properties": { "BUL_MAN_NO": 37082, "BULD_NM": null, "flo": 1.0, "h": 3.3 }, "geometry": { "type": "MultiPolygon", "coordinates": [ [ [ [ 126.922449, 35.151517 ], [ 126.92233, 35.151549 ], [ 126.922302, 35.151481 ], [ 126.922347, 35.15147 ], [ 126.922352, 35.15148 ], [ 126.922432, 35.151458 ], [ 126.922449, 35.151517 ] ] ] ] } },
{ "type": "Feature", "properties": { "BUL_MAN_NO": 37083, "BULD_NM": null, "flo": 1.0, "h": 3.3 }, "geometry": { "type": "MultiPolygon", "coordinates": [ [ [ [ 126.922353, 35.151476 ], [ 126.92235, 35.15147 ], [ 126.922377, 35.151463 ], [ 126.922379, 35.151469 ], [ 126.922353, 35.151476 ] ] ] ] } },
{ "type": "Feature", "properties": { "BUL_MAN_NO": 24262, "BULD_NM": null, "flo": 1.0, "h": 3.3 }, "geometry": { "type": "MultiPolygon", "coordinates": [ [ [ [ 126.922517, 35.151499 ], [ 126.922466, 35.151461 ], [ 126.922436, 35.151471 ], [ 126.92245, 35.151517 ], [ 126.922517, 35.151499 ] ] ] ] } },
{ "type": "Feature", "properties": { "BUL_MAN_NO": 24264, "BULD_NM": null, "flo": 3.0, "h": 9.9 }, "geometry": { "type": "MultiPolygon", "coordinates": [ [ [ [ 126.922679, 35.151328 ], [ 126.922654, 35.151263 ], [ 126.922464, 35.151315 ], [ 126.922487, 35.15137 ], [ 126.922507, 35.151375 ], [ 126.922679, 35.151328 ] ] ] ] } },
{ "type": "Feature", "properties": { "BUL_MAN_NO": 4284, "BULD_NM": null, "flo": 2.0, "h": 6.6 }, "geometry": { "type": "MultiPolygon", "coordinates": [ [ [ [ 126.92233, 35.151436 ], [ 126.922378, 35.151421 ], [ 126.922388, 35.15143 ], [ 126.922405, 35.151413 ], [ 126.922291, 35.151328 ], [ 126.922293, 35.151425 ], [ 126.922301, 35.151432 ], [ 126.922309, 35.151424 ], [ 126.92232, 35.151429 ], [ 126.922308, 35.151438 ], [ 126.922319, 35.151445 ], [ 126.92233, 35.151436 ] ] ] ] } },
{ "type": "Feature", "properties": { "BUL_MAN_NO": 24263, "BULD_NM": null, "flo": 2.0, "h": 6.6 }, "geometry": { "type": "MultiPolygon", "coordinates": [ [ [ [ 126.922528, 35.151279 ], [ 126.922499, 35.151212 ], [ 126.922406, 35.151238 ], [ 126.922404, 35.151233 ], [ 126.92239, 35.151236 ], [ 126.922382, 35.15122 ], [ 126.922303, 35.151245 ], [ 126.922398, 35.151319 ], [ 126.922528, 35.151279 ] ] ] ] } },
{ "type": "Feature", "properties": { "BUL_MAN_NO": 24267, "BULD_NM": null, "flo": 2.0, "h": 6.6 }, "geometry": { "type": "MultiPolygon", "coordinates": [ [ [ [ 126.922273, 35.151506 ], [ 126.922275, 35.15148 ], [ 126.922271, 35.151482 ], [ 126.922265, 35.151465 ], [ 126.922271, 35.151464 ], [ 126.922263, 35.151441 ], [ 126.922264, 35.151433 ], [ 126.922182, 35.151451 ], [ 126.922178, 35.151442 ], [ 126.922127, 35.151453 ], [ 126.922157, 35.151531 ], [ 126.922273, 35.151506 ] ] ] ] } },
{ "type": "Feature", "properties": { "BUL_MAN_NO": 37115, "BULD_NM": null, "flo": 1.0, "h": 3.3 }, "geometry": { "type": "MultiPolygon", "coordinates": [ [ [ [ 126.922272, 35.151479 ], [ 126.922267, 35.151466 ], [ 126.922279, 35.151463 ], [ 126.922283, 35.151477 ], [ 126.922272, 35.151479 ] ] ] ] } },
{ "type": "Feature", "properties": { "BUL_MAN_NO": 37087, "BULD_NM": null, "flo": 1.0, "h": 3.3 }, "geometry": { "type": "MultiPolygon", "coordinates": [ [ [ [ 126.92222, 35.151631 ], [ 126.922216, 35.151621 ], [ 126.922225, 35.151618 ], [ 126.922229, 35.151629 ], [ 126.92222, 35.151631 ] ] ] ] } },
{ "type": "Feature", "properties": { "BUL_MAN_NO": 37086, "BULD_NM": null, "flo": 1.0, "h": 3.3 }, "geometry": { "type": "MultiPolygon", "coordinates": [ [ [ [ 126.922264, 35.151617 ], [ 126.922261, 35.15161 ], [ 126.922286, 35.151604 ], [ 126.922289, 35.15161 ], [ 126.922264, 35.151617 ] ] ] ] } },
{ "type": "Feature", "properties": { "BUL_MAN_NO": 24269, "BULD_NM": null, "flo": 1.0, "h": 3.3 }, "geometry": { "type": "MultiPolygon", "coordinates": [ [ [ [ 126.922356, 35.151657 ], [ 126.92233, 35.151591 ], [ 126.922289, 35.151601 ], [ 126.922291, 35.15161 ], [ 126.92222, 35.151633 ], [ 126.922244, 35.15169 ], [ 126.922356, 35.151657 ] ] ] ] } },
{ "type": "Feature", "properties": { "BUL_MAN_NO": 37089, "BULD_NM": null, "flo": 1.0, "h": 3.3 }, "geometry": { "type": "MultiPolygon", "coordinates": [ [ [ [ 126.922166, 35.151645 ], [ 126.922163, 35.151638 ], [ 126.922189, 35.151631 ], [ 126.922191, 35.151638 ], [ 126.922166, 35.151645 ] ] ] ] } },
{ "type": "Feature", "properties": { "BUL_MAN_NO": 37088, "BULD_NM": null, "flo": 1.0, "h": 3.3 }, "geometry": { "type": "MultiPolygon", "coordinates": [ [ [ [ 126.922084, 35.15173 ], [ 126.922056, 35.151674 ], [ 126.922065, 35.151671 ], [ 126.922092, 35.151728 ], [ 126.922084, 35.15173 ] ] ] ] } },
{ "type": "Feature", "properties": { "BUL_MAN_NO": 24270, "BULD_NM": null, "flo": 1.0, "h": 3.3 }, "geometry": { "type": "MultiPolygon", "coordinates": [ [ [ [ 126.922218, 35.151697 ], [ 126.922193, 35.151641 ], [ 126.92212, 35.151665 ], [ 126.922113, 35.151651 ], [ 126.922064, 35.151666 ], [ 126.922095, 35.15173 ], [ 126.922218, 35.151697 ] ] ] ] } },
{ "type": "Feature", "properties": { "BUL_MAN_NO": 37085, "BULD_NM": null, "flo": 1.0, "h": 3.3 }, "geometry": { "type": "MultiPolygon", "coordinates": [ [ [ [ 126.922187, 35.15155 ], [ 126.922183, 35.15154 ], [ 126.922192, 35.151538 ], [ 126.922196, 35.151548 ], [ 126.922187, 35.15155 ] ] ] ] } },
{ "type": "Feature", "properties": { "BUL_MAN_NO": 37084, "BULD_NM": null, "flo": 1.0, "h": 3.3 }, "geometry": { "type": "MultiPolygon", "coordinates": [ [ [ [ 126.922231, 35.15154 ], [ 126.922228, 35.151533 ], [ 126.922255, 35.151527 ], [ 126.922258, 35.151533 ], [ 126.922231, 35.15154 ] ] ] ] } },
{ "type": "Feature", "properties": { "BUL_MAN_NO": 24268, "BULD_NM": null, "flo": 1.0, "h": 3.3 }, "geometry": { "type": "MultiPolygon", "coordinates": [ [ [ [ 126.922329, 35.151581 ], [ 126.922304, 35.151515 ], [ 126.922257, 35.151525 ], [ 126.922261, 35.151535 ], [ 126.922187, 35.151552 ], [ 126.922212, 35.151612 ], [ 126.922329, 35.151581 ] ] ] ] } },
{ "type": "Feature", "properties": { "BUL_MAN_NO": 24271, "BULD_NM": null, "flo": 1.0, "h": 3.3 }, "geometry": { "type": "MultiPolygon", "coordinates": [ [ [ [ 126.922185, 35.151618 ], [ 126.922161, 35.151559 ], [ 126.922067, 35.151586 ], [ 126.922058, 35.151564 ], [ 126.922006, 35.151579 ], [ 126.922043, 35.151659 ], [ 126.922185, 35.151618 ] ] ] ] } },
{ "type": "Feature", "properties": { "BUL_MAN_NO": 37090, "BULD_NM": null, "flo": 1.0, "h": 3.3 }, "geometry": { "type": "MultiPolygon", "coordinates": [ [ [ [ 126.922034, 35.151661 ], [ 126.922005, 35.151605 ], [ 126.922014, 35.151602 ], [ 126.922042, 35.151659 ], [ 126.922034, 35.151661 ] ] ] ] } },
{ "type": "Feature", "properties": { "BUL_MAN_NO": 37091, "BULD_NM": null, "flo": 1.0, "h": 3.3 }, "geometry": { "type": "MultiPolygon", "coordinates": [ [ [ [ 126.922136, 35.151565 ], [ 126.922133, 35.151558 ], [ 126.922158, 35.151551 ], [ 126.922161, 35.151558 ], [ 126.922136, 35.151565 ] ] ] ] } },
{ "type": "Feature", "properties": { "BUL_MAN_NO": 24278, "BULD_NM": null, "flo": 2.0, "h": 6.6 }, "geometry": { "type": "MultiPolygon", "coordinates": [ [ [ [ 126.922009, 35.15139 ], [ 126.921978, 35.151338 ], [ 126.921944, 35.151352 ], [ 126.921941, 35.151348 ], [ 126.921927, 35.151354 ], [ 126.921929, 35.151358 ], [ 126.92191, 35.151368 ], [ 126.921908, 35.151365 ], [ 126.921865, 35.151382 ], [ 126.92191, 35.151458 ], [ 126.921989, 35.151425 ], [ 126.922009, 35.15139 ] ] ] ] } },
{ "type": "Feature", "properties": { "BUL_MAN_NO": 24280, "BULD_NM": null, "flo": 2.0, "h": 6.6 }, "geometry": { "type": "MultiPolygon", "coordinates": [ [ [ [ 126.922098, 35.151401 ], [ 126.922063, 35.151303 ], [ 126.921997, 35.151326 ], [ 126.922052, 35.151416 ], [ 126.922098, 35.151401 ] ] ] ] } },
{ "type": "Feature", "properties": { "BUL_MAN_NO": 37117, "BULD_NM": null, "flo": 1.0, "h": 3.3 }, "geometry": { "type": "MultiPolygon", "coordinates": [ [ [ [ 126.922058, 35.151431 ], [ 126.922052, 35.151419 ], [ 126.922101, 35.151403 ], [ 126.922106, 35.151415 ], [ 126.922058, 35.151431 ] ] ] ] } },
{ "type": "Feature", "properties": { "BUL_MAN_NO": 24279, "BULD_NM": null, "flo": 2.0, "h": 6.6 }, "geometry": { "type": "MultiPolygon", "coordinates": [ [ [ [ 126.922051, 35.151551 ], [ 126.922022, 35.151473 ], [ 126.922018, 35.151475 ], [ 126.922017, 35.151469 ], [ 126.922009, 35.151472 ], [ 126.922005, 35.151462 ], [ 126.921984, 35.151467 ], [ 126.921988, 35.151478 ], [ 126.921945, 35.151495 ], [ 126.921939, 35.151505 ], [ 126.921952, 35.151528 ], [ 126.921958, 35.151526 ], [ 126.92197, 35.151546 ], [ 126.921978, 35.151543 ], [ 126.921992, 35.151569 ], [ 126.922051, 35.151551 ] ] ] ] } },
{ "type": "Feature", "properties": { "BUL_MAN_NO": 37114, "BULD_NM": null, "flo": 1.0, "h": 3.3 }, "geometry": { "type": "MultiPolygon", "coordinates": [ [ [ [ 126.922016, 35.151465 ], [ 126.922013, 35.15146 ], [ 126.92202, 35.151458 ], [ 126.922022, 35.151463 ], [ 126.922016, 35.151465 ] ] ] ] } },
{ "type": "Feature", "properties": { "BUL_MAN_NO": 24277, "BULD_NM": null, "flo": 2.0, "h": 6.6 }, "geometry": { "type": "MultiPolygon", "coordinates": [ [ [ [ 126.922143, 35.15153 ], [ 126.92212, 35.15146 ], [ 126.922116, 35.151452 ], [ 126.922079, 35.151457 ], [ 126.92208, 35.15146 ], [ 126.922072, 35.151463 ], [ 126.922073, 35.151465 ], [ 126.92205, 35.151475 ], [ 126.922043, 35.151468 ], [ 126.922041, 35.151475 ], [ 126.922049, 35.151499 ], [ 126.922058, 35.151518 ], [ 126.922064, 35.151517 ], [ 126.922068, 35.151524 ], [ 126.92206, 35.151526 ], [ 126.922073, 35.151552 ], [ 126.922143, 35.15153 ] ] ] ] } },
{ "type": "Feature", "properties": { "BUL_MAN_NO": 37062, "BULD_NM": null, "flo": 1.0, "h": 3.3 }, "geometry": { "type": "MultiPolygon", "coordinates": [ [ [ [ 126.922116, 35.151891 ], [ 126.922111, 35.15188 ], [ 126.922145, 35.151871 ], [ 126.922149, 35.151881 ], [ 126.922116, 35.151891 ] ] ] ] } },
{ "type": "Feature", "properties": { "BUL_MAN_NO": 24287, "BULD_NM": null, "flo": 1.0, "h": 3.3 }, "geometry": { "type": "MultiPolygon", "coordinates": [ [ [ [ 126.922241, 35.151902 ], [ 126.922225, 35.151861 ], [ 126.922116, 35.151893 ], [ 126.922142, 35.151955 ], [ 126.922234, 35.15193 ], [ 126.922225, 35.151907 ], [ 126.922241, 35.151902 ] ] ] ] } },
{ "type": "Feature", "properties": { "BUL_MAN_NO": 37061, "BULD_NM": null, "flo": 1.0, "h": 3.3 }, "geometry": { "type": "MultiPolygon", "coordinates": [ [ [ [ 126.922191, 35.151868 ], [ 126.922186, 35.151858 ], [ 126.92222, 35.151848 ], [ 126.922224, 35.151858 ], [ 126.922191, 35.151868 ] ] ] ] } },
{ "type": "Feature", "properties": { "BUL_MAN_NO": 24286, "BULD_NM": null, "flo": 1.0, "h": 3.3 }, "geometry": { "type": "MultiPolygon", "coordinates": [ [ [ [ 126.92232, 35.151989 ], [ 126.922298, 35.151935 ], [ 126.922244, 35.151951 ], [ 126.922238, 35.151934 ], [ 126.922187, 35.151949 ], [ 126.922213, 35.152017 ], [ 126.92232, 35.151989 ] ] ] ] } },
{ "type": "Feature", "properties": { "BUL_MAN_NO": 37060, "BULD_NM": null, "flo": 1.0, "h": 3.3 }, "geometry": { "type": "MultiPolygon", "coordinates": [ [ [ [ 126.922258, 35.151925 ], [ 126.922252, 35.151911 ], [ 126.922286, 35.151901 ], [ 126.922291, 35.151915 ], [ 126.922291, 35.151915 ], [ 126.922258, 35.151925 ] ] ] ] } },
{ "type": "Feature", "properties": { "BUL_MAN_NO": 37058, "BULD_NM": null, "flo": 1.0, "h": 3.3 }, "geometry": { "type": "MultiPolygon", "coordinates": [ [ [ [ 126.922313, 35.151906 ], [ 126.922309, 35.151897 ], [ 126.922336, 35.151889 ], [ 126.92234, 35.151898 ], [ 126.922313, 35.151906 ] ] ] ] } },
{ "type": "Feature", "properties": { "BUL_MAN_NO": 37059, "BULD_NM": null, "flo": 1.0, "h": 3.3 }, "geometry": { "type": "MultiPolygon", "coordinates": [ [ [ [ 126.922449, 35.151951 ], [ 126.922441, 35.151933 ], [ 126.922448, 35.151931 ], [ 126.922455, 35.15195 ], [ 126.922449, 35.151951 ] ] ] ] } },
{ "type": "Feature", "properties": { "BUL_MAN_NO": 24289, "BULD_NM": null, "flo": 1.0, "h": 3.3 }, "geometry": { "type": "MultiPolygon", "coordinates": [ [ [ [ 126.922448, 35.151953 ], [ 126.922426, 35.151899 ], [ 126.922355, 35.151919 ], [ 126.922346, 35.151901 ], [ 126.922314, 35.151911 ], [ 126.922344, 35.151983 ], [ 126.922448, 35.151953 ] ] ] ] } },
{ "type": "Feature", "properties": { "BUL_MAN_NO": 24290, "BULD_NM": null, "flo": 1.0, "h": 3.3 }, "geometry": { "type": "MultiPolygon", "coordinates": [ [ [ [ 126.922607, 35.151847 ], [ 126.922575, 35.151771 ], [ 126.92254, 35.15178 ], [ 126.922548, 35.151801 ], [ 126.922448, 35.151829 ], [ 126.92247, 35.151881 ], [ 126.922607, 35.151847 ] ] ] ] } },
{ "type": "Feature", "properties": { "BUL_MAN_NO": 37064, "BULD_NM": null, "flo": 1.0, "h": 3.3 }, "geometry": { "type": "MultiPolygon", "coordinates": [ [ [ [ 126.922515, 35.151805 ], [ 126.922511, 35.151796 ], [ 126.922537, 35.151788 ], [ 126.922541, 35.151797 ], [ 126.922515, 35.151805 ] ] ] ] } },
{ "type": "Feature", "properties": { "BUL_MAN_NO": 37063, "BULD_NM": null, "flo": 1.0, "h": 3.3 }, "geometry": { "type": "MultiPolygon", "coordinates": [ [ [ [ 126.922449, 35.151823 ], [ 126.922443, 35.15181 ], [ 126.922459, 35.151806 ], [ 126.922465, 35.151819 ], [ 126.922449, 35.151823 ] ] ] ] } },
{ "type": "Feature", "properties": { "BUL_MAN_NO": 28612, "BULD_NM": null, "flo": 1.0, "h": 3.3 }, "geometry": { "type": "MultiPolygon", "coordinates": [ [ [ [ 126.922505, 35.151958 ], [ 126.922612, 35.151929 ], [ 126.922595, 35.151868 ], [ 126.922484, 35.151899 ], [ 126.922505, 35.151958 ] ] ] ] } },
{ "type": "Feature", "properties": { "BUL_MAN_NO": 37057, "BULD_NM": null, "flo": 1.0, "h": 3.3 }, "geometry": { "type": "MultiPolygon", "coordinates": [ [ [ [ 126.922454, 35.151982 ], [ 126.922447, 35.151963 ], [ 126.922458, 35.15196 ], [ 126.922464, 35.151979 ], [ 126.922454, 35.151982 ] ] ] ] } },
{ "type": "Feature", "properties": { "BUL_MAN_NO": 24288, "BULD_NM": null, "flo": 2.0, "h": 6.6 }, "geometry": { "type": "MultiPolygon", "coordinates": [ [ [ [ 126.922482, 35.152041 ], [ 126.922472, 35.152014 ], [ 126.922465, 35.152016 ], [ 126.922448, 35.151978 ], [ 126.922414, 35.151988 ], [ 126.922416, 35.151992 ], [ 126.922384, 35.152003 ], [ 126.922378, 35.151994 ], [ 126.92232, 35.152011 ], [ 126.922351, 35.15208 ], [ 126.922482, 35.152041 ] ] ] ] } },
{ "type": "Feature", "properties": { "BUL_MAN_NO": 24292, "BULD_NM": null, "flo": 1.0, "h": 3.3 }, "geometry": { "type": "MultiPolygon", "coordinates": [ [ [ [ 126.92268, 35.152016 ], [ 126.92265, 35.151945 ], [ 126.922618, 35.151952 ], [ 126.922627, 35.15197 ], [ 126.922522, 35.152 ], [ 126.922544, 35.152051 ], [ 126.92268, 35.152016 ] ] ] ] } },
{ "type": "Feature", "properties": { "BUL_MAN_NO": 37075, "BULD_NM": null, "flo": 1.0, "h": 3.3 }, "geometry": { "type": "MultiPolygon", "coordinates": [ [ [ [ 126.922549, 35.15206 ], [ 126.922545, 35.152052 ], [ 126.922591, 35.15204 ], [ 126.922594, 35.152048 ], [ 126.922549, 35.15206 ] ] ] ] } },
{ "type": "Feature", "properties": { "BUL_MAN_NO": 37076, "BULD_NM": null, "flo": 1.0, "h": 3.3 }, "geometry": { "type": "MultiPolygon", "coordinates": [ [ [ [ 126.922523, 35.151996 ], [ 126.922518, 35.151985 ], [ 126.922547, 35.151976 ], [ 126.922551, 35.151987 ], [ 126.922523, 35.151996 ] ] ] ] } },
{ "type": "Feature", "properties": { "BUL_MAN_NO": 37074, "BULD_NM": null, "flo": 1.0, "h": 3.3 }, "geometry": { "type": "MultiPolygon", "coordinates": [ [ [ [ 126.922555, 35.152085 ], [ 126.92255, 35.152072 ], [ 126.92257, 35.152066 ], [ 126.922575, 35.152079 ], [ 126.922574, 35.15208 ], [ 126.922555, 35.152085 ] ] ] ] } },
{ "type": "Feature", "properties": { "BUL_MAN_NO": 24291, "BULD_NM": null, "flo": 2.0, "h": 6.6 }, "geometry": { "type": "MultiPolygon", "coordinates": [ [ [ [ 126.922719, 35.152111 ], [ 126.92269, 35.152039 ], [ 126.922593, 35.152064 ], [ 126.922603, 35.15209 ], [ 126.922578, 35.152099 ], [ 126.922596, 35.152139 ], [ 126.922719, 35.152111 ] ] ] ] } },
{ "type": "Feature", "properties": { "BUL_MAN_NO": 24312, "BULD_NM": null, "flo": 2.0, "h": 6.6 }, "geometry": { "type": "MultiPolygon", "coordinates": [ [ [ [ 126.923038, 35.151717 ], [ 126.923013, 35.151658 ], [ 126.922923, 35.151684 ], [ 126.92293, 35.151696 ], [ 126.922852, 35.151717 ], [ 126.922884, 35.151758 ], [ 126.923038, 35.151717 ] ] ] ] } },
{ "type": "Feature", "properties": { "BUL_MAN_NO": 24310, "BULD_NM": null, "flo": 2.0, "h": 6.6 }, "geometry": { "type": "MultiPolygon", "coordinates": [ [ [ [ 126.922645, 35.151896 ], [ 126.922689, 35.151883 ], [ 126.922691, 35.151888 ], [ 126.922772, 35.151866 ], [ 126.922754, 35.151818 ], [ 126.922734, 35.151825 ], [ 126.922716, 35.151788 ], [ 126.92261, 35.151817 ], [ 126.922645, 35.151896 ] ] ] ] } },
{ "type": "Feature", "properties": { "BUL_MAN_NO": 32500, "BULD_NM": null, "flo": 4.0, "h": 13.2 }, "geometry": { "type": "MultiPolygon", "coordinates": [ [ [ [ 126.922939, 35.151843 ], [ 126.923077, 35.151807 ], [ 126.923052, 35.151741 ], [ 126.922991, 35.151757 ], [ 126.922989, 35.151751 ], [ 126.922896, 35.151775 ], [ 126.922909, 35.151809 ], [ 126.922926, 35.151805 ], [ 126.922939, 35.151843 ] ] ] ] } },
{ "type": "Feature", "properties": { "BUL_MAN_NO": 24313, "BULD_NM": null, "flo": 3.0, "h": 9.9 }, "geometry": { "type": "MultiPolygon", "coordinates": [ [ [ [ 126.922676, 35.151975 ], [ 126.922748, 35.151954 ], [ 126.922755, 35.151967 ], [ 126.922794, 35.151954 ], [ 126.922787, 35.151941 ], [ 126.92288, 35.151915 ], [ 126.922842, 35.151861 ], [ 126.922649, 35.151914 ], [ 126.922676, 35.151975 ] ] ] ] } },
{ "type": "Feature", "properties": { "BUL_MAN_NO": 24308, "BULD_NM": null, "flo": 1.0, "h": 3.3 }, "geometry": { "type": "MultiPolygon", "coordinates": [ [ [ [ 126.923148, 35.151903 ], [ 126.923118, 35.151832 ], [ 126.923067, 35.151844 ], [ 126.923078, 35.151865 ], [ 126.922983, 35.151893 ], [ 126.923013, 35.151937 ], [ 126.923148, 35.151903 ] ] ] ] } },
{ "type": "Feature", "properties": { "BUL_MAN_NO": 37048, "BULD_NM": null, "flo": 1.0, "h": 3.3 }, "geometry": { "type": "MultiPolygon", "coordinates": [ [ [ [ 126.922986, 35.151888 ], [ 126.922978, 35.151875 ], [ 126.923065, 35.15185 ], [ 126.923073, 35.151863 ], [ 126.922986, 35.151888 ] ] ] ] } },
{ "type": "Feature", "properties": { "BUL_MAN_NO": 24311, "BULD_NM": null, "flo": 1.0, "h": 3.3 }, "geometry": { "type": "MultiPolygon", "coordinates": [ [ [ [ 126.923271, 35.151871 ], [ 126.92324, 35.151792 ], [ 126.923216, 35.1518 ], [ 126.923224, 35.151822 ], [ 126.923142, 35.151846 ], [ 126.923165, 35.151901 ], [ 126.923271, 35.151871 ] ] ] ] } },
{ "type": "Feature", "properties": { "BUL_MAN_NO": 37111, "BULD_NM": null, "flo": 1.0, "h": 3.3 }, "geometry": { "type": "MultiPolygon", "coordinates": [ [ [ [ 126.923141, 35.151842 ], [ 126.923137, 35.151832 ], [ 126.923161, 35.151825 ], [ 126.923165, 35.151836 ], [ 126.923141, 35.151842 ] ] ] ] } },
{ "type": "Feature", "properties": { "BUL_MAN_NO": 37110, "BULD_NM": null, "flo": 1.0, "h": 3.3 }, "geometry": { "type": "MultiPolygon", "coordinates": [ [ [ [ 126.923197, 35.151826 ], [ 126.923192, 35.151816 ], [ 126.923216, 35.151809 ], [ 126.92322, 35.151819 ], [ 126.923197, 35.151826 ] ] ] ] } },
{ "type": "Feature", "properties": { "BUL_MAN_NO": 31325, "BULD_NM": null, "flo": 2.0, "h": 6.6 }, "geometry": { "type": "MultiPolygon", "coordinates": [ [ [ [ 126.923194, 35.151588 ], [ 126.923325, 35.15155 ], [ 126.923307, 35.151507 ], [ 126.923214, 35.151534 ], [ 126.923207, 35.151515 ], [ 126.92317, 35.151526 ], [ 126.923194, 35.151588 ] ] ] ] } },
{ "type": "Feature", "properties": { "BUL_MAN_NO": 24325, "BULD_NM": null, "flo": 1.0, "h": 3.3 }, "geometry": { "type": "MultiPolygon", "coordinates": [ [ [ [ 126.923361, 35.151635 ], [ 126.923343, 35.151587 ], [ 126.923238, 35.151615 ], [ 126.923231, 35.151598 ], [ 126.923196, 35.151608 ], [ 126.923223, 35.151667 ], [ 126.923361, 35.151635 ] ] ] ] } },
{ "type": "Feature", "properties": { "BUL_MAN_NO": 37112, "BULD_NM": null, "flo": 1.0, "h": 3.3 }, "geometry": { "type": "MultiPolygon", "coordinates": [ [ [ [ 126.92322, 35.151668 ], [ 126.923207, 35.151672 ], [ 126.923185, 35.151621 ], [ 126.923198, 35.151616 ], [ 126.92322, 35.151668 ] ] ] ] } },
{ "type": "Feature", "properties": { "BUL_MAN_NO": 37113, "BULD_NM": null, "flo": 1.0, "h": 3.3 }, "geometry": { "type": "MultiPolygon", "coordinates": [ [ [ [ 126.923299, 35.151597 ], [ 126.923296, 35.151586 ], [ 126.923337, 35.151575 ], [ 126.923341, 35.151586 ], [ 126.923299, 35.151597 ] ] ] ] } },
{ "type": "Feature", "properties": { "BUL_MAN_NO": 24324, "BULD_NM": null, "flo": 2.0, "h": 6.6 }, "geometry": { "type": "MultiPolygon", "coordinates": [ [ [ [ 126.923531, 35.151588 ], [ 126.923507, 35.151523 ], [ 126.923457, 35.151535 ], [ 126.923461, 35.151542 ], [ 126.923382, 35.151563 ], [ 126.923406, 35.151622 ], [ 126.923531, 35.151588 ] ] ] ] } },
{ "type": "Feature", "properties": { "BUL_MAN_NO": 4269, "BULD_NM": null, "flo": 2.0, "h": 6.6 }, "geometry": { "type": "MultiPolygon", "coordinates": [ [ [ [ 126.92338, 35.151706 ], [ 126.923371, 35.151683 ], [ 126.92336, 35.151686 ], [ 126.923357, 35.151679 ], [ 126.923348, 35.151681 ], [ 126.923339, 35.151661 ], [ 126.923275, 35.151679 ], [ 126.923271, 35.151672 ], [ 126.923222, 35.151685 ], [ 126.923249, 35.151759 ], [ 126.923376, 35.151729 ], [ 126.923369, 35.15171 ], [ 126.92338, 35.151706 ] ] ] ] } },
{ "type": "Feature", "properties": { "BUL_MAN_NO": 24322, "BULD_NM": null, "flo": 3.0, "h": 9.9 }, "geometry": { "type": "MultiPolygon", "coordinates": [ [ [ [ 126.923557, 35.151659 ], [ 126.923539, 35.151611 ], [ 126.923417, 35.151644 ], [ 126.923435, 35.151689 ], [ 126.923557, 35.151659 ] ] ] ] } },
{ "type": "Feature", "properties": { "BUL_MAN_NO": 24320, "BULD_NM": null, "flo": 2.0, "h": 6.6 }, "geometry": { "type": "MultiPolygon", "coordinates": [ [ [ [ 126.923425, 35.15183 ], [ 126.923408, 35.151783 ], [ 126.92331, 35.151808 ], [ 126.923301, 35.151784 ], [ 126.923263, 35.151794 ], [ 126.923293, 35.151866 ], [ 126.923425, 35.15183 ] ] ] ] } },
{ "type": "Feature", "properties": { "BUL_MAN_NO": 24321, "BULD_NM": null, "flo": 2.0, "h": 6.6 }, "geometry": { "type": "MultiPolygon", "coordinates": [ [ [ [ 126.923483, 35.151816 ], [ 126.923562, 35.151795 ], [ 126.923565, 35.151801 ], [ 126.923615, 35.151787 ], [ 126.923581, 35.151694 ], [ 126.92352, 35.15171 ], [ 126.923524, 35.151724 ], [ 126.923469, 35.151738 ], [ 126.923476, 35.151756 ], [ 126.923464, 35.151759 ], [ 126.923483, 35.151816 ] ] ] ] } },
{ "type": "Feature", "properties": { "BUL_MAN_NO": 37355, "BULD_NM": null, "flo": 1.0, "h": 3.3 }, "geometry": { "type": "MultiPolygon", "coordinates": [ [ [ [ 126.922209, 35.152376 ], [ 126.922224, 35.152357 ], [ 126.922234, 35.152372 ], [ 126.922216, 35.152382 ], [ 126.922209, 35.152376 ] ] ] ] } },
{ "type": "Feature", "properties": { "BUL_MAN_NO": 24343, "BULD_NM": null, "flo": 2.0, "h": 6.6 }, "geometry": { "type": "MultiPolygon", "coordinates": [ [ [ [ 126.922283, 35.152456 ], [ 126.92225, 35.152399 ], [ 126.922232, 35.152409 ], [ 126.922222, 35.152394 ], [ 126.922214, 35.152399 ], [ 126.922173, 35.152416 ], [ 126.92214, 35.152451 ], [ 126.922182, 35.152494 ], [ 126.922283, 35.152456 ] ] ] ] } },
{ "type": "Feature", "properties": { "BUL_MAN_NO": 24339, "BULD_NM": null, "flo": 1.0, "h": 3.3 }, "geometry": { "type": "MultiPolygon", "coordinates": [ [ [ [ 126.922575, 35.152417 ], [ 126.92255, 35.152342 ], [ 126.922489, 35.152357 ], [ 126.922491, 35.152363 ], [ 126.922421, 35.152378 ], [ 126.922443, 35.152444 ], [ 126.922575, 35.152417 ] ] ] ] } },
{ "type": "Feature", "properties": { "BUL_MAN_NO": 37024, "BULD_NM": null, "flo": 1.0, "h": 3.3 }, "geometry": { "type": "MultiPolygon", "coordinates": [ [ [ [ 126.922441, 35.152444 ], [ 126.922427, 35.152447 ], [ 126.922415, 35.15241 ], [ 126.922429, 35.152406 ], [ 126.922441, 35.152444 ] ] ] ] } },
{ "type": "Feature", "properties": { "BUL_MAN_NO": 24342, "BULD_NM": null, "flo": 1.0, "h": 3.3 }, "geometry": { "type": "MultiPolygon", "coordinates": [ [ [ [ 126.922344, 35.15256 ], [ 126.922331, 35.152537 ], [ 126.9223, 35.152559 ], [ 126.922318, 35.152582 ], [ 126.922344, 35.15256 ] ] ] ] } },
{ "type": "Feature", "properties": { "BUL_MAN_NO": 24341, "BULD_NM": null, "flo": 1.0, "h": 3.3 }, "geometry": { "type": "MultiPolygon", "coordinates": [ [ [ [ 126.922332, 35.152607 ], [ 126.922299, 35.152564 ], [ 126.922237, 35.152599 ], [ 126.922305, 35.152677 ], [ 126.922348, 35.152663 ], [ 126.922317, 35.152615 ], [ 126.922332, 35.152607 ] ] ] ] } },
{ "type": "Feature", "properties": { "BUL_MAN_NO": 24338, "BULD_NM": null, "flo": 1.0, "h": 3.3 }, "geometry": { "type": "MultiPolygon", "coordinates": [ [ [ [ 126.922613, 35.152515 ], [ 126.922587, 35.152432 ], [ 126.922549, 35.152442 ], [ 126.922557, 35.152462 ], [ 126.922454, 35.152486 ], [ 126.922475, 35.152546 ], [ 126.922613, 35.152515 ] ] ] ] } },
{ "type": "Feature", "properties": { "BUL_MAN_NO": 24337, "BULD_NM": null, "flo": 1.0, "h": 3.3 }, "geometry": { "type": "MultiPolygon", "coordinates": [ [ [ [ 126.922634, 35.152611 ], [ 126.922608, 35.152532 ], [ 126.922557, 35.152544 ], [ 126.92256, 35.152553 ], [ 126.922486, 35.152571 ], [ 126.922507, 35.152636 ], [ 126.922634, 35.152611 ] ] ] ] } },
{ "type": "Feature", "properties": { "BUL_MAN_NO": 37010, "BULD_NM": null, "flo": 1.0, "h": 3.3 }, "geometry": { "type": "MultiPolygon", "coordinates": [ [ [ [ 126.922645, 35.152608 ], [ 126.922636, 35.15261 ], [ 126.922623, 35.152569 ], [ 126.922632, 35.152567 ], [ 126.922645, 35.152608 ] ] ] ] } },
{ "type": "Feature", "properties": { "BUL_MAN_NO": 37011, "BULD_NM": null, "flo": 1.0, "h": 3.3 }, "geometry": { "type": "MultiPolygon", "coordinates": [ [ [ [ 126.922486, 35.152569 ], [ 126.922482, 35.152559 ], [ 126.922523, 35.15255 ], [ 126.922527, 35.15256 ], [ 126.922486, 35.152569 ] ] ] ] } },
{ "type": "Feature", "properties": { "BUL_MAN_NO": 24336, "BULD_NM": null, "flo": 1.0, "h": 3.3 }, "geometry": { "type": "MultiPolygon", "coordinates": [ [ [ [ 126.922663, 35.152707 ], [ 126.922641, 35.152631 ], [ 126.922524, 35.152659 ], [ 126.922528, 35.152674 ], [ 126.922513, 35.152678 ], [ 126.922532, 35.152736 ], [ 126.922663, 35.152707 ] ] ] ] } },
{ "type": "Feature", "properties": { "BUL_MAN_NO": 37009, "BULD_NM": null, "flo": 1.0, "h": 3.3 }, "geometry": { "type": "MultiPolygon", "coordinates": [ [ [ [ 126.922675, 35.152704 ], [ 126.922665, 35.152706 ], [ 126.922642, 35.152631 ], [ 126.922652, 35.152629 ], [ 126.922675, 35.152704 ] ] ] ] } },
{ "type": "Feature", "properties": { "BUL_MAN_NO": 37008, "BULD_NM": null, "flo": 1.0, "h": 3.3 }, "geometry": { "type": "MultiPolygon", "coordinates": [ [ [ [ 126.922506, 35.152661 ], [ 126.922502, 35.152652 ], [ 126.922544, 35.152643 ], [ 126.922547, 35.152652 ], [ 126.922506, 35.152661 ] ] ] ] } },
{ "type": "Feature", "properties": { "BUL_MAN_NO": 4306, "BULD_NM": null, "flo": 1.0, "h": 3.3 }, "geometry": { "type": "MultiPolygon", "coordinates": [ [ [ [ 126.922488, 35.15292 ], [ 126.922473, 35.152891 ], [ 126.922449, 35.152897 ], [ 126.922456, 35.152926 ], [ 126.922488, 35.15292 ] ] ] ] } },
{ "type": "Feature", "properties": { "BUL_MAN_NO": 4305, "BULD_NM": null, "flo": 3.0, "h": 9.9 }, "geometry": { "type": "MultiPolygon", "coordinates": [ [ [ [ 126.922352, 35.152828 ], [ 126.922302, 35.152819 ], [ 126.922281, 35.152899 ], [ 126.922423, 35.152913 ], [ 126.92243, 35.152879 ], [ 126.922412, 35.152877 ], [ 126.922416, 35.15285 ], [ 126.922389, 35.152847 ], [ 126.922389, 35.152842 ], [ 126.92235, 35.152836 ], [ 126.922352, 35.152828 ] ] ] ] } },
{ "type": "Feature", "properties": { "BUL_MAN_NO": 24340, "BULD_NM": null, "flo": 2.0, "h": 6.6 }, "geometry": { "type": "MultiPolygon", "coordinates": [ [ [ [ 126.9226, 35.152816 ], [ 126.922697, 35.152794 ], [ 126.922672, 35.152719 ], [ 126.922536, 35.152749 ], [ 126.922558, 35.152803 ], [ 126.922591, 35.152796 ], [ 126.9226, 35.152816 ] ] ] ] } },
{ "type": "Feature", "properties": { "BUL_MAN_NO": 24360, "BULD_NM": null, "flo": 1.0, "h": 3.3 }, "geometry": { "type": "MultiPolygon", "coordinates": [ [ [ [ 126.922774, 35.152483 ], [ 126.922754, 35.152419 ], [ 126.922647, 35.152441 ], [ 126.92264, 35.152422 ], [ 126.922602, 35.15243 ], [ 126.922628, 35.152514 ], [ 126.922774, 35.152483 ] ] ] ] } },
{ "type": "Feature", "properties": { "BUL_MAN_NO": 37023, "BULD_NM": null, "flo": 1.0, "h": 3.3 }, "geometry": { "type": "MultiPolygon", "coordinates": [ [ [ [ 126.922704, 35.152416 ], [ 126.922707, 35.152427 ], [ 126.922649, 35.152439 ], [ 126.922646, 35.152427 ], [ 126.922704, 35.152416 ] ] ] ] } },
{ "type": "Feature", "properties": { "BUL_MAN_NO": 37022, "BULD_NM": null, "flo": 1.0, "h": 3.3 }, "geometry": { "type": "MultiPolygon", "coordinates": [ [ [ [ 126.922748, 35.152401 ], [ 126.922751, 35.152412 ], [ 126.922723, 35.152418 ], [ 126.92272, 35.152406 ], [ 126.922748, 35.152401 ] ] ] ] } },
{ "type": "Feature", "properties": { "BUL_MAN_NO": 24359, "BULD_NM": null, "flo": 1.0, "h": 3.3 }, "geometry": { "type": "MultiPolygon", "coordinates": [ [ [ [ 126.922964, 35.152444 ], [ 126.922936, 35.152362 ], [ 126.922895, 35.15237 ], [ 126.9229, 35.15239 ], [ 126.922802, 35.152412 ], [ 126.922821, 35.152474 ], [ 126.922964, 35.152444 ] ] ] ] } },
{ "type": "Feature", "properties": { "BUL_MAN_NO": 37021, "BULD_NM": null, "flo": 1.0, "h": 3.3 }, "geometry": { "type": "MultiPolygon", "coordinates": [ [ [ [ 126.922934, 35.152351 ], [ 126.922936, 35.152359 ], [ 126.922894, 35.152368 ], [ 126.922892, 35.15236 ], [ 126.922934, 35.152351 ] ] ] ] } },
{ "type": "Feature", "properties": { "BUL_MAN_NO": 37020, "BULD_NM": null, "flo": 1.0, "h": 3.3 }, "geometry": { "type": "MultiPolygon", "coordinates": [ [ [ [ 126.9228, 35.152407 ], [ 126.922797, 35.152395 ], [ 126.922877, 35.152377 ], [ 126.92288, 35.152389 ], [ 126.9228, 35.152407 ] ] ] ] } },
{ "type": "Feature", "properties": { "BUL_MAN_NO": 24357, "BULD_NM": null, "flo": 1.0, "h": 3.3 }, "geometry": { "type": "MultiPolygon", "coordinates": [ [ [ [ 126.922802, 35.152576 ], [ 126.922783, 35.152514 ], [ 126.92268, 35.152537 ], [ 126.922675, 35.152522 ], [ 126.922632, 35.15253 ], [ 126.922656, 35.152607 ], [ 126.922802, 35.152576 ] ] ] ] } },
{ "type": "Feature", "properties": { "BUL_MAN_NO": 37012, "BULD_NM": null, "flo": 1.0, "h": 3.3 }, "geometry": { "type": "MultiPolygon", "coordinates": [ [ [ [ 126.922683, 35.152535 ], [ 126.92268, 35.152522 ], [ 126.922759, 35.152505 ], [ 126.922763, 35.152517 ], [ 126.922683, 35.152535 ] ] ] ] } },
{ "type": "Feature", "properties": { "BUL_MAN_NO": 37013, "BULD_NM": null, "flo": 1.0, "h": 3.3 }, "geometry": { "type": "MultiPolygon", "coordinates": [ [ [ [ 126.922719, 35.152595 ], [ 126.922721, 35.152601 ], [ 126.922659, 35.152615 ], [ 126.922657, 35.152608 ], [ 126.922719, 35.152595 ] ] ] ] } },
{ "type": "Feature", "properties": { "BUL_MAN_NO": 24358, "BULD_NM": null, "flo": 1.0, "h": 3.3 }, "geometry": { "type": "MultiPolygon", "coordinates": [ [ [ [ 126.922986, 35.15254 ], [ 126.922963, 35.152463 ], [ 126.922927, 35.15247 ], [ 126.922934, 35.15249 ], [ 126.922836, 35.152511 ], [ 126.922854, 35.15257 ], [ 126.922986, 35.15254 ] ] ] ] } },
{ "type": "Feature", "properties": { "BUL_MAN_NO": 37014, "BULD_NM": null, "flo": 1.0, "h": 3.3 }, "geometry": { "type": "MultiPolygon", "coordinates": [ [ [ [ 126.922836, 35.152507 ], [ 126.922832, 35.152495 ], [ 126.922912, 35.152477 ], [ 126.922916, 35.152489 ], [ 126.922836, 35.152507 ] ] ] ] } },
{ "type": "Feature", "properties": { "BUL_MAN_NO": 37015, "BULD_NM": null, "flo": 1.0, "h": 3.3 }, "geometry": { "type": "MultiPolygon", "coordinates": [ [ [ [ 126.922852, 35.15257 ], [ 126.922843, 35.152573 ], [ 126.92283, 35.152531 ], [ 126.922839, 35.152529 ], [ 126.922852, 35.15257 ] ] ] ] } },
{ "type": "Feature", "properties": { "BUL_MAN_NO": 37007, "BULD_NM": null, "flo": 1.0, "h": 3.3 }, "geometry": { "type": "MultiPolygon", "coordinates": [ [ [ [ 126.922812, 35.152604 ], [ 126.922803, 35.152606 ], [ 126.922799, 35.152593 ], [ 126.922808, 35.15259 ], [ 126.922812, 35.152604 ] ] ] ] } },
{ "type": "Feature", "properties": { "BUL_MAN_NO": 24356, "BULD_NM": null, "flo": 1.0, "h": 3.3 }, "geometry": { "type": "MultiPolygon", "coordinates": [ [ [ [ 126.922828, 35.152664 ], [ 126.922813, 35.152606 ], [ 126.922736, 35.152621 ], [ 126.922732, 35.15261 ], [ 126.922669, 35.152624 ], [ 126.922692, 35.152703 ], [ 126.922751, 35.15269 ], [ 126.922749, 35.152682 ], [ 126.922828, 35.152664 ] ] ] ] } },
{ "type": "Feature", "properties": { "BUL_MAN_NO": 24355, "BULD_NM": null, "flo": 2.0, "h": 6.6 }, "geometry": { "type": "MultiPolygon", "coordinates": [ [ [ [ 126.923023, 35.152624 ], [ 126.922999, 35.152546 ], [ 126.922958, 35.152554 ], [ 126.922963, 35.152571 ], [ 126.922889, 35.152587 ], [ 126.922893, 35.152604 ], [ 126.922869, 35.15261 ], [ 126.922883, 35.152653 ], [ 126.923023, 35.152624 ] ] ] ] } },
{ "type": "Feature", "properties": { "BUL_MAN_NO": 37000, "BULD_NM": null, "flo": 1.0, "h": 3.3 }, "geometry": { "type": "MultiPolygon", "coordinates": [ [ [ [ 126.922708, 35.152745 ], [ 126.922698, 35.152747 ], [ 126.922688, 35.152715 ], [ 126.922697, 35.152713 ], [ 126.922708, 35.152745 ] ] ] ] } },
{ "type": "Feature", "properties": { "BUL_MAN_NO": 37001, "BULD_NM": null, "flo": 1.0, "h": 3.3 }, "geometry": { "type": "MultiPolygon", "coordinates": [ [ [ [ 126.922763, 35.152717 ], [ 126.922759, 35.152703 ], [ 126.922821, 35.15269 ], [ 126.922825, 35.152703 ], [ 126.922763, 35.152717 ] ] ] ] } },
{ "type": "Feature", "properties": { "BUL_MAN_NO": 24353, "BULD_NM": null, "flo": 2.0, "h": 6.6 }, "geometry": { "type": "MultiPolygon", "coordinates": [ [ [ [ 126.92286, 35.152762 ], [ 126.92284, 35.152702 ], [ 126.92276, 35.152719 ], [ 126.922754, 35.152699 ], [ 126.9227, 35.152711 ], [ 126.922725, 35.15279 ], [ 126.92286, 35.152762 ] ] ] ] } },
{ "type": "Feature", "properties": { "BUL_MAN_NO": 24354, "BULD_NM": null, "flo": 1.0, "h": 3.3 }, "geometry": { "type": "MultiPolygon", "coordinates": [ [ [ [ 126.923046, 35.15272 ], [ 126.923022, 35.152645 ], [ 126.922966, 35.152657 ], [ 126.92297, 35.15267 ], [ 126.92289, 35.152689 ], [ 126.922911, 35.152751 ], [ 126.923046, 35.15272 ] ] ] ] } },
{ "type": "Feature", "properties": { "BUL_MAN_NO": 37002, "BULD_NM": null, "flo": 1.0, "h": 3.3 }, "geometry": { "type": "MultiPolygon", "coordinates": [ [ [ [ 126.923057, 35.152718 ], [ 126.923047, 35.15272 ], [ 126.923031, 35.15267 ], [ 126.923041, 35.152668 ], [ 126.923057, 35.152718 ] ] ] ] } },
{ "type": "Feature", "properties": { "BUL_MAN_NO": 37003, "BULD_NM": null, "flo": 1.0, "h": 3.3 }, "geometry": { "type": "MultiPolygon", "coordinates": [ [ [ [ 126.922889, 35.152687 ], [ 126.922885, 35.152675 ], [ 126.922927, 35.152665 ], [ 126.922931, 35.152677 ], [ 126.922889, 35.152687 ] ] ] ] } },
{ "type": "Feature", "properties": { "BUL_MAN_NO": 24352, "BULD_NM": null, "flo": 3.0, "h": 9.9 }, "geometry": { "type": "MultiPolygon", "coordinates": [ [ [ [ 126.922889, 35.152853 ], [ 126.922873, 35.1528 ], [ 126.922856, 35.152803 ], [ 126.922849, 35.152785 ], [ 126.922775, 35.152799 ], [ 126.922772, 35.152791 ], [ 126.922713, 35.152803 ], [ 126.92273, 35.152858 ], [ 126.922727, 35.152859 ], [ 126.922736, 35.15289 ], [ 126.922889, 35.152853 ] ] ] ] } },
{ "type": "Feature", "properties": { "BUL_MAN_NO": 36999, "BULD_NM": null, "flo": 1.0, "h": 3.3 }, "geometry": { "type": "MultiPolygon", "coordinates": [ [ [ [ 126.922974, 35.15277 ], [ 126.922971, 35.152762 ], [ 126.92301, 35.152753 ], [ 126.923012, 35.15276 ], [ 126.922974, 35.15277 ] ] ] ] } },
{ "type": "Feature", "properties": { "BUL_MAN_NO": 24351, "BULD_NM": null, "flo": 3.0, "h": 9.9 }, "geometry": { "type": "MultiPolygon", "coordinates": [ [ [ [ 126.923061, 35.152744 ], [ 126.923056, 35.152743 ], [ 126.92305, 35.152744 ], [ 126.923014, 35.152754 ], [ 126.923017, 35.152761 ], [ 126.922971, 35.152772 ], [ 126.922974, 35.152783 ], [ 126.922946, 35.15279 ], [ 126.922957, 35.152817 ], [ 126.922953, 35.152819 ], [ 126.922963, 35.152845 ], [ 126.923083, 35.152815 ], [ 126.923061, 35.152744 ] ] ] ] } },
{ "type": "Feature", "properties": { "BUL_MAN_NO": 24367, "BULD_NM": null, "flo": 3.0, "h": 9.9 }, "geometry": { "type": "MultiPolygon", "coordinates": [ [ [ [ 126.923101, 35.152313 ], [ 126.92308, 35.15225 ], [ 126.923061, 35.152254 ], [ 126.923052, 35.152234 ], [ 126.922926, 35.152262 ], [ 126.922953, 35.152344 ], [ 126.923101, 35.152313 ] ] ] ] } },
{ "type": "Feature", "properties": { "BUL_MAN_NO": 24371, "BULD_NM": null, "flo": 1.0, "h": 3.3 }, "geometry": { "type": "MultiPolygon", "coordinates": [ [ [ [ 126.923343, 35.152258 ], [ 126.923317, 35.152181 ], [ 126.923262, 35.152191 ], [ 126.923268, 35.152209 ], [ 126.92316, 35.15223 ], [ 126.923185, 35.152292 ], [ 126.923343, 35.152258 ] ] ] ] } },
{ "type": "Feature", "properties": { "BUL_MAN_NO": 37045, "BULD_NM": null, "flo": 1.0, "h": 3.3 }, "geometry": { "type": "MultiPolygon", "coordinates": [ [ [ [ 126.923357, 35.152255 ], [ 126.923344, 35.152258 ], [ 126.923325, 35.152201 ], [ 126.923337, 35.152198 ], [ 126.923338, 35.152199 ], [ 126.923357, 35.152255 ] ] ] ] } },
{ "type": "Feature", "properties": { "BUL_MAN_NO": 37018, "BULD_NM": null, "flo": 1.0, "h": 3.3 }, "geometry": { "type": "MultiPolygon", "coordinates": [ [ [ [ 126.922947, 35.152367 ], [ 126.922944, 35.152356 ], [ 126.923072, 35.152328 ], [ 126.923075, 35.152339 ], [ 126.922947, 35.152367 ] ] ] ] } },
{ "type": "Feature", "properties": { "BUL_MAN_NO": 24366, "BULD_NM": null, "flo": 1.0, "h": 3.3 }, "geometry": { "type": "MultiPolygon", "coordinates": [ [ [ [ 126.923119, 35.152417 ], [ 126.923101, 35.152356 ], [ 126.923083, 35.152359 ], [ 126.923078, 35.152342 ], [ 126.922946, 35.152369 ], [ 126.92297, 35.152448 ], [ 126.923119, 35.152417 ] ] ] ] } },
{ "type": "Feature", "properties": { "BUL_MAN_NO": 37019, "BULD_NM": null, "flo": 1.0, "h": 3.3 }, "geometry": { "type": "MultiPolygon", "coordinates": [ [ [ [ 126.923131, 35.152413 ], [ 126.923122, 35.152415 ], [ 126.923104, 35.152357 ], [ 126.923114, 35.152354 ], [ 126.923131, 35.152413 ] ] ] ] } },
{ "type": "Feature", "properties": { "BUL_MAN_NO": 24370, "BULD_NM": null, "flo": 1.0, "h": 3.3 }, "geometry": { "type": "MultiPolygon", "coordinates": [ [ [ [ 126.923379, 35.15235 ], [ 126.923354, 35.152266 ], [ 126.923286, 35.15228 ], [ 126.923288, 35.152289 ], [ 126.923245, 35.152299 ], [ 126.923248, 35.152309 ], [ 126.923228, 35.152313 ], [ 126.923231, 35.15232 ], [ 126.923201, 35.152327 ], [ 126.923221, 35.152383 ], [ 126.923379, 35.15235 ] ] ] ] } },
{ "type": "Feature", "properties": { "BUL_MAN_NO": 37039, "BULD_NM": null, "flo": 1.0, "h": 3.3 }, "geometry": { "type": "MultiPolygon", "coordinates": [ [ [ [ 126.923218, 35.152384 ], [ 126.923207, 35.152387 ], [ 126.923187, 35.152331 ], [ 126.9232, 35.152328 ], [ 126.9232, 35.152329 ], [ 126.923218, 35.152384 ] ] ] ] } },
{ "type": "Feature", "properties": { "BUL_MAN_NO": 37016, "BULD_NM": null, "flo": 1.0, "h": 3.3 }, "geometry": { "type": "MultiPolygon", "coordinates": [ [ [ [ 126.923142, 35.152438 ], [ 126.923132, 35.15244 ], [ 126.923128, 35.152427 ], [ 126.923138, 35.152424 ], [ 126.923142, 35.152438 ] ] ] ] } },
{ "type": "Feature", "properties": { "BUL_MAN_NO": 37017, "BULD_NM": null, "flo": 1.0, "h": 3.3 }, "geometry": { "type": "MultiPolygon", "coordinates": [ [ [ [ 126.923014, 35.152533 ], [ 126.922999, 35.152536 ], [ 126.922975, 35.152456 ], [ 126.922989, 35.152453 ], [ 126.923014, 35.152533 ] ] ] ] } },
{ "type": "Feature", "properties": { "BUL_MAN_NO": 24365, "BULD_NM": null, "flo": 1.0, "h": 3.3 }, "geometry": { "type": "MultiPolygon", "coordinates": [ [ [ [ 126.923167, 35.152501 ], [ 126.923144, 35.15244 ], [ 126.92304, 35.152463 ], [ 126.923035, 35.152443 ], [ 126.92299, 35.152452 ], [ 126.923015, 35.152533 ], [ 126.923167, 35.152501 ] ] ] ] } },
{ "type": "Feature", "properties": { "BUL_MAN_NO": 24369, "BULD_NM": null, "flo": 1.0, "h": 3.3 }, "geometry": { "type": "MultiPolygon", "coordinates": [ [ [ [ 126.9234, 35.152442 ], [ 126.923376, 35.152362 ], [ 126.923326, 35.152371 ], [ 126.923331, 35.15239 ], [ 126.923227, 35.152412 ], [ 126.923246, 35.152471 ], [ 126.9234, 35.152442 ] ] ] ] } },
{ "type": "Feature", "properties": { "BUL_MAN_NO": 37038, "BULD_NM": null, "flo": 1.0, "h": 3.3 }, "geometry": { "type": "MultiPolygon", "coordinates": [ [ [ [ 126.923242, 35.152464 ], [ 126.923235, 35.152466 ], [ 126.92322, 35.152421 ], [ 126.923228, 35.152419 ], [ 126.923242, 35.152464 ] ] ] ] } },
{ "type": "Feature", "properties": { "BUL_MAN_NO": 24364, "BULD_NM": null, "flo": 1.0, "h": 3.3 }, "geometry": { "type": "MultiPolygon", "coordinates": [ [ [ [ 126.923189, 35.152594 ], [ 126.92317, 35.152532 ], [ 126.923072, 35.152552 ], [ 126.923065, 35.152535 ], [ 126.923021, 35.152546 ], [ 126.923047, 35.152625 ], [ 126.923189, 35.152594 ] ] ] ] } },
{ "type": "Feature", "properties": { "BUL_MAN_NO": 37006, "BULD_NM": null, "flo": 1.0, "h": 3.3 }, "geometry": { "type": "MultiPolygon", "coordinates": [ [ [ [ 126.923042, 35.15261 ], [ 126.923027, 35.152614 ], [ 126.923013, 35.152571 ], [ 126.923027, 35.152568 ], [ 126.923042, 35.15261 ] ] ] ] } },
{ "type": "Feature", "properties": { "BUL_MAN_NO": 37005, "BULD_NM": null, "flo": 1.0, "h": 3.3 }, "geometry": { "type": "MultiPolygon", "coordinates": [ [ [ [ 126.923198, 35.152592 ], [ 126.923191, 35.152593 ], [ 126.923172, 35.152532 ], [ 126.923178, 35.152531 ], [ 126.923198, 35.152592 ] ] ] ] } },
{ "type": "Feature", "properties": { "BUL_MAN_NO": 24368, "BULD_NM": null, "flo": 1.0, "h": 3.3 }, "geometry": { "type": "MultiPolygon", "coordinates": [ [ [ [ 126.923436, 35.152529 ], [ 126.923414, 35.152453 ], [ 126.923366, 35.152463 ], [ 126.92337, 35.152477 ], [ 126.923269, 35.152498 ], [ 126.923288, 35.152558 ], [ 126.923436, 35.152529 ] ] ] ] } },
{ "type": "Feature", "properties": { "BUL_MAN_NO": 24363, "BULD_NM": null, "flo": 1.0, "h": 3.3 }, "geometry": { "type": "MultiPolygon", "coordinates": [ [ [ [ 126.923222, 35.152687 ], [ 126.923204, 35.152621 ], [ 126.923121, 35.15264 ], [ 126.923116, 35.152625 ], [ 126.923052, 35.152638 ], [ 126.923077, 35.152718 ], [ 126.923222, 35.152687 ] ] ] ] } },
{ "type": "Feature", "properties": { "BUL_MAN_NO": 37004, "BULD_NM": null, "flo": 1.0, "h": 3.3 }, "geometry": { "type": "MultiPolygon", "coordinates": [ [ [ [ 126.923231, 35.152685 ], [ 126.923224, 35.152686 ], [ 126.92321, 35.15264 ], [ 126.923217, 35.152638 ], [ 126.923231, 35.152685 ] ] ] ] } },
{ "type": "Feature", "properties": { "BUL_MAN_NO": 24372, "BULD_NM": null, "flo": 4.0, "h": 13.2 }, "geometry": { "type": "MultiPolygon", "coordinates": [ [ [ [ 126.923503, 35.152704 ], [ 126.923478, 35.152623 ], [ 126.923406, 35.152637 ], [ 126.923335, 35.152649 ], [ 126.92335, 35.152701 ], [ 126.923395, 35.15273 ], [ 126.923503, 35.152704 ] ] ] ] } },
{ "type": "Feature", "properties": { "BUL_MAN_NO": 24362, "BULD_NM": null, "flo": 2.0, "h": 6.6 }, "geometry": { "type": "MultiPolygon", "coordinates": [ [ [ [ 126.923226, 35.152778 ], [ 126.923205, 35.152708 ], [ 126.923076, 35.152736 ], [ 126.923097, 35.152804 ], [ 126.923226, 35.152778 ] ] ] ] } },
{ "type": "Feature", "properties": { "BUL_MAN_NO": 24384, "BULD_NM": null, "flo": 2.0, "h": 6.6 }, "geometry": { "type": "MultiPolygon", "coordinates": [ [ [ [ 126.923471, 35.152125 ], [ 126.923456, 35.152077 ], [ 126.923432, 35.152081 ], [ 126.923426, 35.152058 ], [ 126.923306, 35.152081 ], [ 126.923329, 35.152156 ], [ 126.923471, 35.152125 ] ] ] ] } },
{ "type": "Feature", "properties": { "BUL_MAN_NO": 37044, "BULD_NM": null, "flo": 1.0, "h": 3.3 }, "geometry": { "type": "MultiPolygon", "coordinates": [ [ [ [ 126.923461, 35.152136 ], [ 126.923459, 35.152129 ], [ 126.923471, 35.152126 ], [ 126.923473, 35.152134 ], [ 126.923461, 35.152136 ] ] ] ] } },
{ "type": "Feature", "properties": { "BUL_MAN_NO": 4301, "BULD_NM": null, "flo": 1.0, "h": 3.3 }, "geometry": { "type": "MultiPolygon", "coordinates": [ [ [ [ 126.923498, 35.15222 ], [ 126.92348, 35.152155 ], [ 126.923393, 35.152174 ], [ 126.923387, 35.152157 ], [ 126.923333, 35.152169 ], [ 126.923358, 35.152249 ], [ 126.923498, 35.15222 ] ] ] ] } },
{ "type": "Feature", "properties": { "BUL_MAN_NO": 37077, "BULD_NM": null, "flo": 1.0, "h": 3.3 }, "geometry": { "type": "MultiPolygon", "coordinates": [ [ [ [ 126.923395, 35.152171 ], [ 126.923391, 35.15216 ], [ 126.923434, 35.152151 ], [ 126.923438, 35.152162 ], [ 126.923395, 35.152171 ] ] ] ] } },
{ "type": "Feature", "properties": { "BUL_MAN_NO": 37078, "BULD_NM": null, "flo": 1.0, "h": 3.3 }, "geometry": { "type": "MultiPolygon", "coordinates": [ [ [ [ 126.923459, 35.152157 ], [ 126.923455, 35.152145 ], [ 126.923476, 35.15214 ], [ 126.923479, 35.152153 ], [ 126.923459, 35.152157 ] ] ] ] } },
{ "type": "Feature", "properties": { "BUL_MAN_NO": 37040, "BULD_NM": null, "flo": 1.0, "h": 3.3 }, "geometry": { "type": "MultiPolygon", "coordinates": [ [ [ [ 126.923486, 35.152256 ], [ 126.923481, 35.15224 ], [ 126.923507, 35.152235 ], [ 126.923511, 35.15225 ], [ 126.923486, 35.152256 ] ] ] ] } },
{ "type": "Feature", "properties": { "BUL_MAN_NO": 37041, "BULD_NM": null, "flo": 1.0, "h": 3.3 }, "geometry": { "type": "MultiPolygon", "coordinates": [ [ [ [ 126.923396, 35.152345 ], [ 126.923384, 35.152348 ], [ 126.923361, 35.152274 ], [ 126.923372, 35.152271 ], [ 126.923396, 35.152345 ] ] ] ] } },
{ "type": "Feature", "properties": { "BUL_MAN_NO": 4291, "BULD_NM": null, "flo": 1.0, "h": 3.3 }, "geometry": { "type": "MultiPolygon", "coordinates": [ [ [ [ 126.923533, 35.152317 ], [ 126.923514, 35.152254 ], [ 126.923428, 35.152273 ], [ 126.92342, 35.15225 ], [ 126.92337, 35.15226 ], [ 126.923397, 35.152346 ], [ 126.923533, 35.152317 ] ] ] ] } },
{ "type": "Feature", "properties": { "BUL_MAN_NO": 24383, "BULD_NM": null, "flo": 2.0, "h": 6.6 }, "geometry": { "type": "MultiPolygon", "coordinates": [ [ [ [ 126.923724, 35.152272 ], [ 126.923705, 35.152198 ], [ 126.923611, 35.152218 ], [ 126.923622, 35.152254 ], [ 126.92358, 35.152264 ], [ 126.923592, 35.152301 ], [ 126.923724, 35.152272 ] ] ] ] } },
{ "type": "Feature", "properties": { "BUL_MAN_NO": 24382, "BULD_NM": null, "flo": 1.0, "h": 3.3 }, "geometry": { "type": "MultiPolygon", "coordinates": [ [ [ [ 126.923566, 35.152408 ], [ 126.923548, 35.15235 ], [ 126.923467, 35.152366 ], [ 126.923456, 35.152345 ], [ 126.92341, 35.152357 ], [ 126.923431, 35.152435 ], [ 126.923566, 35.152408 ] ] ] ] } },
{ "type": "Feature", "properties": { "BUL_MAN_NO": 24381, "BULD_NM": null, "flo": 1.0, "h": 3.3 }, "geometry": { "type": "MultiPolygon", "coordinates": [ [ [ [ 126.923761, 35.152367 ], [ 126.923737, 35.152292 ], [ 126.923698, 35.1523 ], [ 126.923704, 35.152322 ], [ 126.923605, 35.152342 ], [ 126.923624, 35.152396 ], [ 126.923761, 35.152367 ] ] ] ] } },
{ "type": "Feature", "properties": { "BUL_MAN_NO": 37037, "BULD_NM": null, "flo": 1.0, "h": 3.3 }, "geometry": { "type": "MultiPolygon", "coordinates": [ [ [ [ 126.923676, 35.152326 ], [ 126.923672, 35.15231 ], [ 126.923697, 35.152305 ], [ 126.923702, 35.15232 ], [ 126.923676, 35.152326 ] ] ] ] } },
{ "type": "Feature", "properties": { "BUL_MAN_NO": 37036, "BULD_NM": null, "flo": 1.0, "h": 3.3 }, "geometry": { "type": "MultiPolygon", "coordinates": [ [ [ [ 126.923605, 35.15234 ], [ 126.923599, 35.152323 ], [ 126.923611, 35.152321 ], [ 126.923616, 35.152338 ], [ 126.923605, 35.15234 ] ] ] ] } },
{ "type": "Feature", "properties": { "BUL_MAN_NO": 24379, "BULD_NM": null, "flo": 1.0, "h": 3.3 }, "geometry": { "type": "MultiPolygon", "coordinates": [ [ [ [ 126.923602, 35.152509 ], [ 126.923581, 35.152444 ], [ 126.923475, 35.152466 ], [ 126.923469, 35.152445 ], [ 126.923426, 35.152454 ], [ 126.923452, 35.152539 ], [ 126.923602, 35.152509 ] ] ] ] } },
{ "type": "Feature", "properties": { "BUL_MAN_NO": 37028, "BULD_NM": null, "flo": 1.0, "h": 3.3 }, "geometry": { "type": "MultiPolygon", "coordinates": [ [ [ [ 126.923479, 35.152462 ], [ 126.923475, 35.15245 ], [ 126.923512, 35.152443 ], [ 126.923515, 35.152455 ], [ 126.923479, 35.152462 ] ] ] ] } },
{ "type": "Feature", "properties": { "BUL_MAN_NO": 37029, "BULD_NM": null, "flo": 1.0, "h": 3.3 }, "geometry": { "type": "MultiPolygon", "coordinates": [ [ [ [ 126.923555, 35.152447 ], [ 126.92355, 35.152431 ], [ 126.923576, 35.152426 ], [ 126.92358, 35.152441 ], [ 126.923555, 35.152447 ] ] ] ] } },
{ "type": "Feature", "properties": { "BUL_MAN_NO": 37030, "BULD_NM": null, "flo": 1.0, "h": 3.3 }, "geometry": { "type": "MultiPolygon", "coordinates": [ [ [ [ 126.923634, 35.152428 ], [ 126.923629, 35.152412 ], [ 126.923655, 35.152407 ], [ 126.923659, 35.152422 ], [ 126.923634, 35.152428 ] ] ] ] } },
{ "type": "Feature", "properties": { "BUL_MAN_NO": 37031, "BULD_NM": null, "flo": 1.0, "h": 3.3 }, "geometry": { "type": "MultiPolygon", "coordinates": [ [ [ [ 126.923673, 35.152419 ], [ 126.92367, 35.152409 ], [ 126.923709, 35.152402 ], [ 126.923712, 35.152412 ], [ 126.923673, 35.152419 ] ] ] ] } },
{ "type": "Feature", "properties": { "BUL_MAN_NO": 24380, "BULD_NM": null, "flo": 1.0, "h": 3.3 }, "geometry": { "type": "MultiPolygon", "coordinates": [ [ [ [ 126.923784, 35.152462 ], [ 126.923759, 35.152387 ], [ 126.92371, 35.152398 ], [ 126.923715, 35.152413 ], [ 126.923634, 35.152429 ], [ 126.923653, 35.15249 ], [ 126.923784, 35.152462 ] ] ] ] } },
{ "type": "Feature", "properties": { "BUL_MAN_NO": 24385, "BULD_NM": null, "flo": 1.0, "h": 3.3 }, "geometry": { "type": "MultiPolygon", "coordinates": [ [ [ [ 126.92381, 35.152552 ], [ 126.923789, 35.152481 ], [ 126.923656, 35.152509 ], [ 126.923679, 35.152576 ], [ 126.92381, 35.152552 ] ] ] ] } },
{ "type": "Feature", "properties": { "BUL_MAN_NO": 37116, "BULD_NM": null, "flo": 1.0, "h": 3.3 }, "geometry": { "type": "MultiPolygon", "coordinates": [ [ [ [ 126.923684, 35.152585 ], [ 126.923681, 35.152579 ], [ 126.923726, 35.15257 ], [ 126.923727, 35.152577 ], [ 126.923684, 35.152585 ] ] ] ] } },
{ "type": "Feature", "properties": { "BUL_MAN_NO": 24393, "BULD_NM": null, "flo": 1.0, "h": 3.3 }, "geometry": { "type": "MultiPolygon", "coordinates": [ [ [ [ 126.923883, 35.152242 ], [ 126.923867, 35.152185 ], [ 126.923777, 35.152206 ], [ 126.923767, 35.152182 ], [ 126.923726, 35.152192 ], [ 126.923752, 35.15227 ], [ 126.923883, 35.152242 ] ] ] ] } },
{ "type": "Feature", "properties": { "BUL_MAN_NO": 37043, "BULD_NM": null, "flo": 1.0, "h": 3.3 }, "geometry": { "type": "MultiPolygon", "coordinates": [ [ [ [ 126.923841, 35.152185 ], [ 126.923836, 35.152169 ], [ 126.923862, 35.152164 ], [ 126.923866, 35.15218 ], [ 126.923841, 35.152185 ] ] ] ] } },
{ "type": "Feature", "properties": { "BUL_MAN_NO": 37042, "BULD_NM": null, "flo": 1.0, "h": 3.3 }, "geometry": { "type": "MultiPolygon", "coordinates": [ [ [ [ 126.923781, 35.152203 ], [ 126.923777, 35.152192 ], [ 126.923833, 35.152179 ], [ 126.923836, 35.15219 ], [ 126.923781, 35.152203 ] ] ] ] } },
{ "type": "Feature", "properties": { "BUL_MAN_NO": 24392, "BULD_NM": null, "flo": 1.0, "h": 3.3 }, "geometry": { "type": "MultiPolygon", "coordinates": [ [ [ [ 126.923917, 35.152334 ], [ 126.923902, 35.152284 ], [ 126.923807, 35.152306 ], [ 126.923798, 35.152274 ], [ 126.923759, 35.152283 ], [ 126.923784, 35.152361 ], [ 126.923917, 35.152334 ] ] ] ] } },
{ "type": "Feature", "properties": { "BUL_MAN_NO": 37035, "BULD_NM": null, "flo": 1.0, "h": 3.3 }, "geometry": { "type": "MultiPolygon", "coordinates": [ [ [ [ 126.923873, 35.152279 ], [ 126.923869, 35.152263 ], [ 126.923894, 35.152258 ], [ 126.923899, 35.152273 ], [ 126.923873, 35.152279 ] ] ] ] } },
{ "type": "Feature", "properties": { "BUL_MAN_NO": 37034, "BULD_NM": null, "flo": 1.0, "h": 3.3 }, "geometry": { "type": "MultiPolygon", "coordinates": [ [ [ [ 126.923811, 35.152302 ], [ 126.923807, 35.152291 ], [ 126.923863, 35.152278 ], [ 126.923866, 35.152289 ], [ 126.923811, 35.152302 ] ] ] ] } },
{ "type": "Feature", "properties": { "BUL_MAN_NO": 37032, "BULD_NM": null, "flo": 1.0, "h": 3.3 }, "geometry": { "type": "MultiPolygon", "coordinates": [ [ [ [ 126.923883, 35.152377 ], [ 126.923879, 35.152366 ], [ 126.923915, 35.152358 ], [ 126.923919, 35.15237 ], [ 126.923883, 35.152377 ] ] ] ] } },
{ "type": "Feature", "properties": { "BUL_MAN_NO": 37033, "BULD_NM": null, "flo": 1.0, "h": 3.3 }, "geometry": { "type": "MultiPolygon", "coordinates": [ [ [ [ 126.923811, 35.152454 ], [ 126.923799, 35.152458 ], [ 126.923785, 35.152415 ], [ 126.923799, 35.152412 ], [ 126.923811, 35.152454 ] ] ] ] } },
{ "type": "Feature", "properties": { "BUL_MAN_NO": 24390, "BULD_NM": null, "flo": 1.0, "h": 3.3 }, "geometry": { "type": "MultiPolygon", "coordinates": [ [ [ [ 126.923934, 35.152425 ], [ 126.923919, 35.152372 ], [ 126.92385, 35.152389 ], [ 126.923846, 35.152372 ], [ 126.923793, 35.152384 ], [ 126.923813, 35.152455 ], [ 126.923934, 35.152425 ] ] ] ] } },
{ "type": "Feature", "properties": { "BUL_MAN_NO": 24421, "BULD_NM": null, "flo": 1.0, "h": 3.3 }, "geometry": { "type": "MultiPolygon", "coordinates": [ [ [ [ 126.922707, 35.153121 ], [ 126.922628, 35.153086 ], [ 126.922631, 35.153117 ], [ 126.922629, 35.15315 ], [ 126.922678, 35.153171 ], [ 126.922707, 35.153121 ] ] ] ] } },
{ "type": "Feature", "properties": { "BUL_MAN_NO": 4312, "BULD_NM": null, "flo": 2.0, "h": 6.6 }, "geometry": { "type": "MultiPolygon", "coordinates": [ [ [ [ 126.922745, 35.153257 ], [ 126.922756, 35.153241 ], [ 126.922761, 35.153244 ], [ 126.922764, 35.153238 ], [ 126.922721, 35.153217 ], [ 126.922718, 35.153221 ], [ 126.922708, 35.153215 ], [ 126.922697, 35.15323 ], [ 126.922682, 35.153224 ], [ 126.922655, 35.153265 ], [ 126.922656, 35.153298 ], [ 126.922684, 35.153313 ], [ 126.922723, 35.153299 ], [ 126.92275, 35.15326 ], [ 126.922745, 35.153257 ] ] ] ] } },
{ "type": "Feature", "properties": { "BUL_MAN_NO": 37124, "BULD_NM": null, "flo": 1.0, "h": 3.3 }, "geometry": { "type": "MultiPolygon", "coordinates": [ [ [ [ 126.922729, 35.153298 ], [ 126.92274, 35.153281 ], [ 126.922749, 35.153285 ], [ 126.922738, 35.153302 ], [ 126.922729, 35.153298 ] ] ] ] } },
{ "type": "Feature", "properties": { "BUL_MAN_NO": 24417, "BULD_NM": null, "flo": 2.0, "h": 6.6 }, "geometry": { "type": "MultiPolygon", "coordinates": [ [ [ [ 126.922945, 35.153224 ], [ 126.92286, 35.153185 ], [ 126.922832, 35.153229 ], [ 126.922916, 35.153266 ], [ 126.922945, 35.153224 ] ] ] ] } },
{ "type": "Feature", "properties": { "BUL_MAN_NO": 24455, "BULD_NM": null, "flo": 1.0, "h": 3.3 }, "geometry": { "type": "MultiPolygon", "coordinates": [ [ [ [ 126.921128, 35.155292 ], [ 126.92111, 35.15519 ], [ 126.921056, 35.155197 ], [ 126.921037, 35.155218 ], [ 126.921054, 35.155296 ], [ 126.921061, 35.155299 ], [ 126.921128, 35.155292 ] ] ] ] } },
{ "type": "Feature", "properties": { "BUL_MAN_NO": 37292, "BULD_NM": null, "flo": 1.0, "h": 3.3 }, "geometry": { "type": "MultiPolygon", "coordinates": [ [ [ [ 126.921089, 35.155192 ], [ 126.921109, 35.155189 ], [ 126.921107, 35.155178 ], [ 126.921086, 35.155181 ], [ 126.921089, 35.155192 ] ] ] ] } },
{ "type": "Feature", "properties": { "BUL_MAN_NO": 24456, "BULD_NM": null, "flo": 1.0, "h": 3.3 }, "geometry": { "type": "MultiPolygon", "coordinates": [ [ [ [ 126.921205, 35.155173 ], [ 126.921189, 35.15513 ], [ 126.921116, 35.155158 ], [ 126.921141, 35.155215 ], [ 126.921193, 35.155203 ], [ 126.921182, 35.155183 ], [ 126.921205, 35.155173 ] ] ] ] } },
{ "type": "Feature", "properties": { "BUL_MAN_NO": 37293, "BULD_NM": null, "flo": 1.0, "h": 3.3 }, "geometry": { "type": "MultiPolygon", "coordinates": [ [ [ [ 126.921245, 35.155193 ], [ 126.921209, 35.155201 ], [ 126.921206, 35.155193 ], [ 126.921241, 35.155184 ], [ 126.921245, 35.155193 ] ] ] ] } },
{ "type": "Feature", "properties": { "BUL_MAN_NO": 24457, "BULD_NM": null, "flo": 1.0, "h": 3.3 }, "geometry": { "type": "MultiPolygon", "coordinates": [ [ [ [ 126.921307, 35.155122 ], [ 126.921412, 35.155067 ], [ 126.92139, 35.155036 ], [ 126.921318, 35.155073 ], [ 126.921314, 35.155069 ], [ 126.921281, 35.155086 ], [ 126.921307, 35.155122 ] ] ] ] } },
{ "type": "Feature", "properties": { "BUL_MAN_NO": 24458, "BULD_NM": null, "flo": 1.0, "h": 3.3 }, "geometry": { "type": "MultiPolygon", "coordinates": [ [ [ [ 126.921304, 35.155123 ], [ 126.921294, 35.155128 ], [ 126.921319, 35.155164 ], [ 126.92133, 35.155159 ], [ 126.921304, 35.155123 ] ] ] ] } },
{ "type": "Feature", "properties": { "BUL_MAN_NO": 24474, "BULD_NM": null, "flo": 1.0, "h": 3.3 }, "geometry": { "type": "MultiPolygon", "coordinates": [ [ [ [ 126.921092, 35.155147 ], [ 126.921115, 35.155134 ], [ 126.92112, 35.155138 ], [ 126.921165, 35.155111 ], [ 126.92109, 35.15505 ], [ 126.921081, 35.155052 ], [ 126.921044, 35.155025 ], [ 126.921018, 35.155044 ], [ 126.921062, 35.155085 ], [ 126.921047, 35.155097 ], [ 126.921092, 35.155147 ] ] ] ] } },
{ "type": "Feature", "properties": { "BUL_MAN_NO": 24475, "BULD_NM": null, "flo": 1.0, "h": 3.3 }, "geometry": { "type": "MultiPolygon", "coordinates": [ [ [ [ 126.921046, 35.155092 ], [ 126.920999, 35.155052 ], [ 126.920919, 35.155118 ], [ 126.921004, 35.155192 ], [ 126.92108, 35.155148 ], [ 126.92103, 35.155105 ], [ 126.921046, 35.155092 ] ] ] ] } },
{ "type": "Feature", "properties": { "BUL_MAN_NO": 24473, "BULD_NM": null, "flo": 1.0, "h": 3.3 }, "geometry": { "type": "MultiPolygon", "coordinates": [ [ [ [ 126.920975, 35.154976 ], [ 126.920952, 35.15496 ], [ 126.920897, 35.155011 ], [ 126.920955, 35.155048 ], [ 126.920984, 35.155016 ], [ 126.920975, 35.154976 ] ] ] ] } },
{ "type": "Feature", "properties": { "BUL_MAN_NO": 37303, "BULD_NM": null, "flo": 1.0, "h": 3.3 }, "geometry": { "type": "MultiPolygon", "coordinates": [ [ [ [ 126.920953, 35.15496 ], [ 126.920975, 35.154975 ], [ 126.920971, 35.154956 ], [ 126.920958, 35.154954 ], [ 126.920953, 35.15496 ] ] ] ] } },
{ "type": "Feature", "properties": { "BUL_MAN_NO": 24478, "BULD_NM": null, "flo": 1.0, "h": 3.3 }, "geometry": { "type": "MultiPolygon", "coordinates": [ [ [ [ 126.921138, 35.154992 ], [ 126.921033, 35.154951 ], [ 126.921009, 35.154988 ], [ 126.921105, 35.155041 ], [ 126.921138, 35.154992 ] ] ] ] } },
{ "type": "Feature", "properties": { "BUL_MAN_NO": 37304, "BULD_NM": null, "flo": 1.0, "h": 3.3 }, "geometry": { "type": "MultiPolygon", "coordinates": [ [ [ [ 126.920991, 35.154947 ], [ 126.921001, 35.154957 ], [ 126.921022, 35.15494 ], [ 126.92101, 35.154932 ], [ 126.92101, 35.154932 ], [ 126.920991, 35.154947 ] ] ] ] } },
{ "type": "Feature", "properties": { "BUL_MAN_NO": 24480, "BULD_NM": null, "flo": 1.0, "h": 3.3 }, "geometry": { "type": "MultiPolygon", "coordinates": [ [ [ [ 126.921057, 35.154902 ], [ 126.921067, 35.154887 ], [ 126.921084, 35.154891 ], [ 126.921097, 35.154871 ], [ 126.921031, 35.154854 ], [ 126.921007, 35.154908 ], [ 126.921061, 35.154929 ], [ 126.921074, 35.154908 ], [ 126.921057, 35.154902 ] ] ] ] } },
{ "type": "Feature", "properties": { "BUL_MAN_NO": 24481, "BULD_NM": null, "flo": 1.0, "h": 3.3 }, "geometry": { "type": "MultiPolygon", "coordinates": [ [ [ [ 126.921147, 35.154883 ], [ 126.9211, 35.154872 ], [ 126.921064, 35.154929 ], [ 126.921104, 35.154944 ], [ 126.921147, 35.154883 ] ] ] ] } },
{ "type": "Feature", "properties": { "BUL_MAN_NO": 24469, "BULD_NM": null, "flo": 1.0, "h": 3.3 }, "geometry": { "type": "MultiPolygon", "coordinates": [ [ [ [ 126.921236, 35.155069 ], [ 126.921157, 35.155012 ], [ 126.921113, 35.155051 ], [ 126.921192, 35.155101 ], [ 126.921236, 35.155069 ] ] ] ] } },
{ "type": "Feature", "properties": { "BUL_MAN_NO": 24470, "BULD_NM": null, "flo": 1.0, "h": 3.3 }, "geometry": { "type": "MultiPolygon", "coordinates": [ [ [ [ 126.921227, 35.155 ], [ 126.92121, 35.154974 ], [ 126.921163, 35.154994 ], [ 126.921182, 35.155019 ], [ 126.921227, 35.155 ] ] ] ] } },
{ "type": "Feature", "properties": { "BUL_MAN_NO": 24479, "BULD_NM": null, "flo": 1.0, "h": 3.3 }, "geometry": { "type": "MultiPolygon", "coordinates": [ [ [ [ 126.921178, 35.15497 ], [ 126.921219, 35.154928 ], [ 126.921177, 35.154893 ], [ 126.921137, 35.154935 ], [ 126.921126, 35.154929 ], [ 126.921111, 35.154946 ], [ 126.921178, 35.15497 ] ] ] ] } },
{ "type": "Feature", "properties": { "BUL_MAN_NO": 24477, "BULD_NM": null, "flo": 1.0, "h": 3.3 }, "geometry": { "type": "MultiPolygon", "coordinates": [ [ [ [ 126.921298, 35.154993 ], [ 126.921244, 35.154953 ], [ 126.92122, 35.154972 ], [ 126.921274, 35.155011 ], [ 126.921298, 35.154993 ] ] ] ] } },
{ "type": "Feature", "properties": { "BUL_MAN_NO": 24476, "BULD_NM": null, "flo": 1.0, "h": 3.3 }, "geometry": { "type": "MultiPolygon", "coordinates": [ [ [ [ 126.921339, 35.155045 ], [ 126.921318, 35.15501 ], [ 126.921251, 35.155032 ], [ 126.921269, 35.155068 ], [ 126.921339, 35.155045 ] ] ] ] } },
{ "type": "Feature", "properties": { "BUL_MAN_NO": 24488, "BULD_NM": null, "flo": 1.0, "h": 3.3 }, "geometry": { "type": "MultiPolygon", "coordinates": [ [ [ [ 126.924378, 35.152067 ], [ 126.924357, 35.152015 ], [ 126.924238, 35.152043 ], [ 126.924257, 35.152101 ], [ 126.924378, 35.152067 ] ] ] ] } },
{ "type": "Feature", "properties": { "BUL_MAN_NO": 36990, "BULD_NM": null, "flo": 1.0, "h": 3.3 }, "geometry": { "type": "MultiPolygon", "coordinates": [ [ [ [ 126.924284, 35.15203 ], [ 126.924282, 35.152024 ], [ 126.924338, 35.15201 ], [ 126.924341, 35.152017 ], [ 126.924284, 35.15203 ] ] ] ] } },
{ "type": "Feature", "properties": { "BUL_MAN_NO": 36989, "BULD_NM": null, "flo": 1.0, "h": 3.3 }, "geometry": { "type": "MultiPolygon", "coordinates": [ [ [ [ 126.92435, 35.152094 ], [ 126.924346, 35.152087 ], [ 126.92436, 35.152083 ], [ 126.924363, 35.15209 ], [ 126.92435, 35.152094 ] ] ] ] } },
{ "type": "Feature", "properties": { "BUL_MAN_NO": 36988, "BULD_NM": null, "flo": 1.0, "h": 3.3 }, "geometry": { "type": "MultiPolygon", "coordinates": [ [ [ [ 126.924265, 35.152118 ], [ 126.924261, 35.152107 ], [ 126.924297, 35.152097 ], [ 126.924301, 35.152107 ], [ 126.924265, 35.152118 ] ] ] ] } },
{ "type": "Feature", "properties": { "BUL_MAN_NO": 24486, "BULD_NM": null, "flo": 1.0, "h": 3.3 }, "geometry": { "type": "MultiPolygon", "coordinates": [ [ [ [ 126.924415, 35.152145 ], [ 126.92439, 35.152087 ], [ 126.924267, 35.152125 ], [ 126.924289, 35.152187 ], [ 126.924415, 35.152145 ] ] ] ] } },
{ "type": "Feature", "properties": { "BUL_MAN_NO": 36982, "BULD_NM": null, "flo": 1.0, "h": 3.3 }, "geometry": { "type": "MultiPolygon", "coordinates": [ [ [ [ 126.924414, 35.152046 ], [ 126.924394, 35.152008 ], [ 126.924424, 35.151998 ], [ 126.924432, 35.152013 ], [ 126.924416, 35.152018 ], [ 126.924429, 35.152042 ], [ 126.924414, 35.152046 ] ] ] ] } },
{ "type": "Feature", "properties": { "BUL_MAN_NO": 11597, "BULD_NM": null, "flo": 2.0, "h": 6.6 }, "geometry": { "type": "MultiPolygon", "coordinates": [ [ [ [ 126.924624, 35.152037 ], [ 126.924587, 35.15196 ], [ 126.924524, 35.151981 ], [ 126.924527, 35.15199 ], [ 126.924465, 35.152009 ], [ 126.924469, 35.152023 ], [ 126.924456, 35.152027 ], [ 126.924484, 35.152091 ], [ 126.924497, 35.152087 ], [ 126.924494, 35.15208 ], [ 126.924624, 35.152037 ] ] ] ] } },
{ "type": "Feature", "properties": { "BUL_MAN_NO": 36987, "BULD_NM": null, "flo": 1.0, "h": 3.3 }, "geometry": { "type": "MultiPolygon", "coordinates": [ [ [ [ 126.924594, 35.152109 ], [ 126.924589, 35.152098 ], [ 126.924611, 35.152091 ], [ 126.924617, 35.152101 ], [ 126.924594, 35.152109 ] ] ] ] } },
{ "type": "Feature", "properties": { "BUL_MAN_NO": 24485, "BULD_NM": null, "flo": 2.0, "h": 6.6 }, "geometry": { "type": "MultiPolygon", "coordinates": [ [ [ [ 126.924695, 35.152137 ], [ 126.924653, 35.152062 ], [ 126.924612, 35.152078 ], [ 126.924624, 35.1521 ], [ 126.924574, 35.152119 ], [ 126.924606, 35.152173 ], [ 126.924695, 35.152137 ] ] ] ] } },
{ "type": "Feature", "properties": { "BUL_MAN_NO": 24483, "BULD_NM": null, "flo": 2.0, "h": 6.6 }, "geometry": { "type": "MultiPolygon", "coordinates": [ [ [ [ 126.924673, 35.152353 ], [ 126.924652, 35.152304 ], [ 126.924631, 35.152272 ], [ 126.924614, 35.152232 ], [ 126.92454, 35.152255 ], [ 126.924579, 35.152348 ], [ 126.924609, 35.152348 ], [ 126.924611, 35.152358 ], [ 126.924673, 35.152353 ] ] ] ] } },
{ "type": "Feature", "properties": { "BUL_MAN_NO": 11596, "BULD_NM": null, "flo": 1.0, "h": 3.3 }, "geometry": { "type": "MultiPolygon", "coordinates": [ [ [ [ 126.92459, 35.15218 ], [ 126.924566, 35.15214 ], [ 126.924559, 35.152142 ], [ 126.924541, 35.152112 ], [ 126.92446, 35.152144 ], [ 126.924503, 35.152215 ], [ 126.92459, 35.15218 ] ] ] ] } },
{ "type": "Feature", "properties": { "BUL_MAN_NO": 36980, "BULD_NM": null, "flo": 1.0, "h": 3.3 }, "geometry": { "type": "MultiPolygon", "coordinates": [ [ [ [ 126.924527, 35.152115 ], [ 126.924523, 35.152107 ], [ 126.924534, 35.152102 ], [ 126.924539, 35.152111 ], [ 126.924539, 35.152111 ], [ 126.924527, 35.152115 ] ] ] ] } },
{ "type": "Feature", "properties": { "BUL_MAN_NO": 36981, "BULD_NM": null, "flo": 1.0, "h": 3.3 }, "geometry": { "type": "MultiPolygon", "coordinates": [ [ [ [ 126.92446, 35.152143 ], [ 126.924454, 35.152134 ], [ 126.924467, 35.152129 ], [ 126.924471, 35.152138 ], [ 126.92446, 35.152143 ] ] ] ] } },
{ "type": "Feature", "properties": { "BUL_MAN_NO": 24484, "BULD_NM": null, "flo": 1.0, "h": 3.3 }, "geometry": { "type": "MultiPolygon", "coordinates": [ [ [ [ 126.924756, 35.15224 ], [ 126.924708, 35.152157 ], [ 126.924673, 35.152173 ], [ 126.924683, 35.152189 ], [ 126.924638, 35.152212 ], [ 126.924671, 35.152271 ], [ 126.924756, 35.15224 ] ] ] ] } },
{ "type": "Feature", "properties": { "BUL_MAN_NO": 36985, "BULD_NM": null, "flo": 1.0, "h": 3.3 }, "geometry": { "type": "MultiPolygon", "coordinates": [ [ [ [ 126.924657, 35.152196 ], [ 126.924652, 35.152186 ], [ 126.924674, 35.152178 ], [ 126.92468, 35.152188 ], [ 126.924657, 35.152196 ] ] ] ] } },
{ "type": "Feature", "properties": { "BUL_MAN_NO": 36986, "BULD_NM": null, "flo": 1.0, "h": 3.3 }, "geometry": { "type": "MultiPolygon", "coordinates": [ [ [ [ 126.92463, 35.152211 ], [ 126.924619, 35.152193 ], [ 126.924631, 35.152188 ], [ 126.924642, 35.152205 ], [ 126.924641, 35.152206 ], [ 126.92463, 35.152211 ] ] ] ] } },
{ "type": "Feature", "properties": { "BUL_MAN_NO": 36984, "BULD_NM": null, "flo": 1.0, "h": 3.3 }, "geometry": { "type": "MultiPolygon", "coordinates": [ [ [ [ 126.924743, 35.152269 ], [ 126.924738, 35.152259 ], [ 126.92476, 35.152251 ], [ 126.924765, 35.152261 ], [ 126.924743, 35.152269 ] ] ] ] } },
{ "type": "Feature", "properties": { "BUL_MAN_NO": 36983, "BULD_NM": null, "flo": 1.0, "h": 3.3 }, "geometry": { "type": "MultiPolygon", "coordinates": [ [ [ [ 126.924631, 35.152262 ], [ 126.924622, 35.152245 ], [ 126.924631, 35.152241 ], [ 126.92464, 35.152259 ], [ 126.924631, 35.152262 ] ] ] ] } },
{ "type": "Feature", "properties": { "BUL_MAN_NO": 11601, "BULD_NM": null, "flo": 1.0, "h": 3.3 }, "geometry": { "type": "MultiPolygon", "coordinates": [ [ [ [ 126.924805, 35.152325 ], [ 126.924772, 35.152265 ], [ 126.924667, 35.152296 ], [ 126.924694, 35.152356 ], [ 126.924805, 35.152325 ] ] ] ] } },
{ "type": "Feature", "properties": { "BUL_MAN_NO": 11595, "BULD_NM": null, "flo": 1.0, "h": 3.3 }, "geometry": { "type": "MultiPolygon", "coordinates": [ [ [ [ 126.924786, 35.15189 ], [ 126.924756, 35.151819 ], [ 126.924722, 35.15183 ], [ 126.924728, 35.15185 ], [ 126.924722, 35.151853 ], [ 126.924743, 35.151902 ], [ 126.924786, 35.15189 ] ] ] ] } },
{ "type": "Feature", "properties": { "BUL_MAN_NO": 24490, "BULD_NM": null, "flo": 1.0, "h": 3.3 }, "geometry": { "type": "MultiPolygon", "coordinates": [ [ [ [ 126.92473, 35.151907 ], [ 126.924709, 35.151844 ], [ 126.924625, 35.151862 ], [ 126.924618, 35.15184 ], [ 126.924562, 35.151851 ], [ 126.924594, 35.151932 ], [ 126.92473, 35.151907 ] ] ] ] } },
{ "type": "Feature", "properties": { "BUL_MAN_NO": 11594, "BULD_NM": null, "flo": 3.0, "h": 9.9 }, "geometry": { "type": "MultiPolygon", "coordinates": [ [ [ [ 126.92479, 35.152013 ], [ 126.924746, 35.151944 ], [ 126.924698, 35.151965 ], [ 126.92469, 35.151948 ], [ 126.924624, 35.151973 ], [ 126.924675, 35.152055 ], [ 126.92479, 35.152013 ] ] ] ] } },
{ "type": "Feature", "properties": { "BUL_MAN_NO": 11600, "BULD_NM": null, "flo": 1.0, "h": 3.3 }, "geometry": { "type": "MultiPolygon", "coordinates": [ [ [ [ 126.924857, 35.152115 ], [ 126.924819, 35.152053 ], [ 126.924745, 35.152085 ], [ 126.924728, 35.152059 ], [ 126.924677, 35.152081 ], [ 126.924727, 35.152167 ], [ 126.924857, 35.152115 ] ] ] ] } },
{ "type": "Feature", "properties": { "BUL_MAN_NO": 24491, "BULD_NM": null, "flo": 1.0, "h": 3.3 }, "geometry": { "type": "MultiPolygon", "coordinates": [ [ [ [ 126.924887, 35.152094 ], [ 126.92484, 35.152011 ], [ 126.924806, 35.152026 ], [ 126.924853, 35.152107 ], [ 126.924887, 35.152094 ] ] ] ] } },
{ "type": "Feature", "properties": { "BUL_MAN_NO": 11593, "BULD_NM": null, "flo": 1.0, "h": 3.3 }, "geometry": { "type": "MultiPolygon", "coordinates": [ [ [ [ 126.924917, 35.152162 ], [ 126.924887, 35.152114 ], [ 126.924753, 35.152168 ], [ 126.924782, 35.152216 ], [ 126.924917, 35.152162 ] ] ] ] } },
{ "type": "Feature", "properties": { "BUL_MAN_NO": 24489, "BULD_NM": null, "flo": 1.0, "h": 3.3 }, "geometry": { "type": "MultiPolygon", "coordinates": [ [ [ [ 126.924947, 35.152149 ], [ 126.924918, 35.152102 ], [ 126.92489, 35.152112 ], [ 126.924919, 35.152159 ], [ 126.924947, 35.152149 ] ] ] ] } },
{ "type": "Feature", "properties": { "BUL_MAN_NO": 11592, "BULD_NM": null, "flo": 1.0, "h": 3.3 }, "geometry": { "type": "MultiPolygon", "coordinates": [ [ [ [ 126.924978, 35.152244 ], [ 126.924941, 35.152183 ], [ 126.924798, 35.152243 ], [ 126.924832, 35.152301 ], [ 126.924978, 35.152244 ] ] ] ] } },
{ "type": "Feature", "properties": { "BUL_MAN_NO": 24504, "BULD_NM": null, "flo": 1.0, "h": 3.3 }, "geometry": { "type": "MultiPolygon", "coordinates": [ [ [ [ 126.925561, 35.151728 ], [ 126.92555, 35.151689 ], [ 126.925478, 35.15171 ], [ 126.925475, 35.151702 ], [ 126.925443, 35.151711 ], [ 126.925469, 35.151757 ], [ 126.925561, 35.151728 ] ] ] ] } },
{ "type": "Feature", "properties": { "BUL_MAN_NO": 24505, "BULD_NM": null, "flo": 1.0, "h": 3.3 }, "geometry": { "type": "MultiPolygon", "coordinates": [ [ [ [ 126.925436, 35.15169 ], [ 126.925529, 35.151667 ], [ 126.925532, 35.151681 ], [ 126.925547, 35.151677 ], [ 126.925541, 35.151655 ], [ 126.925411, 35.151679 ], [ 126.925431, 35.151707 ], [ 126.92544, 35.151705 ], [ 126.925436, 35.15169 ] ] ] ] } },
{ "type": "Feature", "properties": { "BUL_MAN_NO": 11574, "BULD_NM": null, "flo": 1.0, "h": 3.3 }, "geometry": { "type": "MultiPolygon", "coordinates": [ [ [ [ 126.92558, 35.151803 ], [ 126.925568, 35.151745 ], [ 126.925468, 35.151771 ], [ 126.925482, 35.151829 ], [ 126.92558, 35.151803 ] ] ] ] } },
{ "type": "Feature", "properties": { "BUL_MAN_NO": 24503, "BULD_NM": null, "flo": 1.0, "h": 3.3 }, "geometry": { "type": "MultiPolygon", "coordinates": [ [ [ [ 126.925592, 35.1519 ], [ 126.925566, 35.151857 ], [ 126.925477, 35.151892 ], [ 126.925502, 35.151932 ], [ 126.925592, 35.1519 ] ] ] ] } },
{ "type": "Feature", "properties": { "BUL_MAN_NO": 11575, "BULD_NM": null, "flo": 1.0, "h": 3.3 }, "geometry": { "type": "MultiPolygon", "coordinates": [ [ [ [ 126.925591, 35.151855 ], [ 126.925579, 35.151818 ], [ 126.925537, 35.15183 ], [ 126.925543, 35.151845 ], [ 126.925567, 35.15184 ], [ 126.925576, 35.15186 ], [ 126.925591, 35.151855 ] ] ] ] } },
{ "type": "Feature", "properties": { "BUL_MAN_NO": 35768, "BULD_NM": null, "flo": 1.0, "h": 3.3 }, "geometry": { "type": "MultiPolygon", "coordinates": [ [ [ [ 126.925648, 35.151936 ], [ 126.925612, 35.151945 ], [ 126.925639, 35.152018 ], [ 126.925675, 35.152008 ], [ 126.925648, 35.151936 ] ] ] ] } },
{ "type": "Feature", "properties": { "BUL_MAN_NO": 24502, "BULD_NM": null, "flo": 1.0, "h": 3.3 }, "geometry": { "type": "MultiPolygon", "coordinates": [ [ [ [ 126.925467, 35.151943 ], [ 126.925449, 35.151917 ], [ 126.925378, 35.151942 ], [ 126.925374, 35.151935 ], [ 126.925355, 35.151944 ], [ 126.925383, 35.151979 ], [ 126.925467, 35.151943 ] ] ] ] } },
{ "type": "Feature", "properties": { "BUL_MAN_NO": 24501, "BULD_NM": null, "flo": 1.0, "h": 3.3 }, "geometry": { "type": "MultiPolygon", "coordinates": [ [ [ [ 126.925382, 35.151859 ], [ 126.92537, 35.151837 ], [ 126.925299, 35.151859 ], [ 126.925339, 35.151927 ], [ 126.925389, 35.151906 ], [ 126.925366, 35.151865 ], [ 126.925382, 35.151859 ] ] ] ] } },
{ "type": "Feature", "properties": { "BUL_MAN_NO": 30096, "BULD_NM": null, "flo": 2.0, "h": 6.6 }, "geometry": { "type": "MultiPolygon", "coordinates": [ [ [ [ 126.925608, 35.152123 ], [ 126.925704, 35.152096 ], [ 126.92569, 35.15206 ], [ 126.925654, 35.152071 ], [ 126.925648, 35.152057 ], [ 126.925618, 35.152066 ], [ 126.925623, 35.152079 ], [ 126.925593, 35.152088 ], [ 126.925608, 35.152123 ] ] ] ] } },
{ "type": "Feature", "properties": { "BUL_MAN_NO": 24509, "BULD_NM": null, "flo": 1.0, "h": 3.3 }, "geometry": { "type": "MultiPolygon", "coordinates": [ [ [ [ 126.925267, 35.151922 ], [ 126.925255, 35.151896 ], [ 126.925245, 35.1519 ], [ 126.925235, 35.151878 ], [ 126.925174, 35.151898 ], [ 126.925204, 35.151947 ], [ 126.925267, 35.151922 ] ] ] ] } },
{ "type": "Feature", "properties": { "BUL_MAN_NO": 24510, "BULD_NM": null, "flo": 1.0, "h": 3.3 }, "geometry": { "type": "MultiPolygon", "coordinates": [ [ [ [ 126.925305, 35.151905 ], [ 126.925284, 35.151866 ], [ 126.925251, 35.151875 ], [ 126.925269, 35.15192 ], [ 126.925305, 35.151905 ] ] ] ] } },
{ "type": "Feature", "properties": { "BUL_MAN_NO": 24497, "BULD_NM": null, "flo": 1.0, "h": 3.3 }, "geometry": { "type": "MultiPolygon", "coordinates": [ [ [ [ 126.925606, 35.152028 ], [ 126.925566, 35.151937 ], [ 126.925507, 35.151956 ], [ 126.925549, 35.152043 ], [ 126.925606, 35.152028 ] ] ] ] } },
{ "type": "Feature", "properties": { "BUL_MAN_NO": 24508, "BULD_NM": null, "flo": 1.0, "h": 3.3 }, "geometry": { "type": "MultiPolygon", "coordinates": [ [ [ [ 126.925299, 35.151953 ], [ 126.925285, 35.15193 ], [ 126.925209, 35.151963 ], [ 126.925269, 35.152058 ], [ 126.925333, 35.152036 ], [ 126.925292, 35.151955 ], [ 126.925299, 35.151953 ] ] ] ] } },
{ "type": "Feature", "properties": { "BUL_MAN_NO": 11578, "BULD_NM": null, "flo": 1.0, "h": 3.3 }, "geometry": { "type": "MultiPolygon", "coordinates": [ [ [ [ 126.92537, 35.152024 ], [ 126.925359, 35.152001 ], [ 126.925326, 35.152013 ], [ 126.925336, 35.152036 ], [ 126.92537, 35.152024 ] ] ] ] } },
{ "type": "Feature", "properties": { "BUL_MAN_NO": 24498, "BULD_NM": null, "flo": 1.0, "h": 3.3 }, "geometry": { "type": "MultiPolygon", "coordinates": [ [ [ [ 126.925513, 35.152035 ], [ 126.925483, 35.151973 ], [ 126.925399, 35.152005 ], [ 126.925434, 35.152091 ], [ 126.925449, 35.152086 ], [ 126.925455, 35.152097 ], [ 126.925542, 35.15207 ], [ 126.925525, 35.152032 ], [ 126.925513, 35.152035 ] ] ] ] } },
{ "type": "Feature", "properties": { "BUL_MAN_NO": 24511, "BULD_NM": null, "flo": 1.0, "h": 3.3 }, "geometry": { "type": "MultiPolygon", "coordinates": [ [ [ [ 126.925397, 35.152088 ], [ 126.925374, 35.152045 ], [ 126.925334, 35.152065 ], [ 126.925323, 35.152051 ], [ 126.92528, 35.152066 ], [ 126.925327, 35.152121 ], [ 126.925397, 35.152088 ] ] ] ] } },
{ "type": "Feature", "properties": { "BUL_MAN_NO": 24493, "BULD_NM": null, "flo": 1.0, "h": 3.3 }, "geometry": { "type": "MultiPolygon", "coordinates": [ [ [ [ 126.925588, 35.152135 ], [ 126.925561, 35.152085 ], [ 126.925426, 35.152131 ], [ 126.925453, 35.152176 ], [ 126.925588, 35.152135 ] ] ] ] } },
{ "type": "Feature", "properties": { "BUL_MAN_NO": 24494, "BULD_NM": null, "flo": 1.0, "h": 3.3 }, "geometry": { "type": "MultiPolygon", "coordinates": [ [ [ [ 126.925448, 35.152122 ], [ 126.925441, 35.152098 ], [ 126.925419, 35.152105 ], [ 126.925426, 35.15213 ], [ 126.925448, 35.152122 ] ] ] ] } },
{ "type": "Feature", "properties": { "BUL_MAN_NO": 11576, "BULD_NM": null, "flo": 1.0, "h": 3.3 }, "geometry": { "type": "MultiPolygon", "coordinates": [ [ [ [ 126.925423, 35.152184 ], [ 126.925399, 35.152137 ], [ 126.925313, 35.152168 ], [ 126.925321, 35.152184 ], [ 126.925221, 35.152223 ], [ 126.925283, 35.152236 ], [ 126.925423, 35.152184 ] ] ] ] } },
{ "type": "Feature", "properties": { "BUL_MAN_NO": 24507, "BULD_NM": null, "flo": 1.0, "h": 3.3 }, "geometry": { "type": "MultiPolygon", "coordinates": [ [ [ [ 126.9253, 35.152165 ], [ 126.925287, 35.152145 ], [ 126.925194, 35.152184 ], [ 126.925222, 35.152219 ], [ 126.925248, 35.152208 ], [ 126.925239, 35.152192 ], [ 126.9253, 35.152165 ] ] ] ] } },
{ "type": "Feature", "properties": { "BUL_MAN_NO": 11582, "BULD_NM": null, "flo": 1.0, "h": 3.3 }, "geometry": { "type": "MultiPolygon", "coordinates": [ [ [ [ 126.925607, 35.152198 ], [ 126.925562, 35.152154 ], [ 126.925465, 35.152214 ], [ 126.925506, 35.152264 ], [ 126.925607, 35.152198 ] ] ] ] } },
{ "type": "Feature", "properties": { "BUL_MAN_NO": 24513, "BULD_NM": null, "flo": 1.0, "h": 3.3 }, "geometry": { "type": "MultiPolygon", "coordinates": [ [ [ [ 126.925461, 35.152302 ], [ 126.925449, 35.152255 ], [ 126.925324, 35.152276 ], [ 126.925335, 35.152322 ], [ 126.925461, 35.152302 ] ] ] ] } },
{ "type": "Feature", "properties": { "BUL_MAN_NO": 24514, "BULD_NM": null, "flo": 1.0, "h": 3.3 }, "geometry": { "type": "MultiPolygon", "coordinates": [ [ [ [ 126.925312, 35.152324 ], [ 126.925293, 35.152258 ], [ 126.925251, 35.152267 ], [ 126.925263, 35.152333 ], [ 126.925312, 35.152324 ] ] ] ] } },
{ "type": "Feature", "properties": { "BUL_MAN_NO": 24516, "BULD_NM": null, "flo": 1.0, "h": 3.3 }, "geometry": { "type": "MultiPolygon", "coordinates": [ [ [ [ 126.925185, 35.152229 ], [ 126.925164, 35.152196 ], [ 126.925012, 35.152262 ], [ 126.925026, 35.152287 ], [ 126.92506, 35.15229 ], [ 126.925068, 35.152282 ], [ 126.925099, 35.152267 ], [ 126.925185, 35.152229 ] ] ] ] } },
{ "type": "Feature", "properties": { "BUL_MAN_NO": 24515, "BULD_NM": null, "flo": 1.0, "h": 3.3 }, "geometry": { "type": "MultiPolygon", "coordinates": [ [ [ [ 126.925063, 35.152355 ], [ 126.925044, 35.152307 ], [ 126.925027, 35.152298 ], [ 126.925014, 35.152289 ], [ 126.92492, 35.152323 ], [ 126.924957, 35.152387 ], [ 126.925063, 35.152355 ] ] ] ] } },
{ "type": "Feature", "properties": { "BUL_MAN_NO": 11581, "BULD_NM": null, "flo": 3.0, "h": 9.9 }, "geometry": { "type": "MultiPolygon", "coordinates": [ [ [ [ 126.925187, 35.15245 ], [ 126.925247, 35.152309 ], [ 126.925188, 35.152291 ], [ 126.925169, 35.1523 ], [ 126.925162, 35.152322 ], [ 126.925155, 35.15232 ], [ 126.925146, 35.152342 ], [ 126.925128, 35.152337 ], [ 126.925121, 35.152358 ], [ 126.925134, 35.152365 ], [ 126.92512, 35.152395 ], [ 126.925131, 35.152435 ], [ 126.925187, 35.15245 ] ] ] ] } },
{ "type": "Feature", "properties": { "BUL_MAN_NO": 24521, "BULD_NM": null, "flo": 2.0, "h": 6.6 }, "geometry": { "type": "MultiPolygon", "coordinates": [ [ [ [ 126.925076, 35.151798 ], [ 126.925052, 35.151744 ], [ 126.924961, 35.151762 ], [ 126.92499, 35.151818 ], [ 126.925076, 35.151798 ] ] ] ] } },
{ "type": "Feature", "properties": { "BUL_MAN_NO": 36978, "BULD_NM": null, "flo": 1.0, "h": 3.3 }, "geometry": { "type": "MultiPolygon", "coordinates": [ [ [ [ 126.925065, 35.151767 ], [ 126.925054, 35.151744 ], [ 126.925064, 35.151742 ], [ 126.925073, 35.151765 ], [ 126.925065, 35.151767 ] ] ] ] } },
{ "type": "Feature", "properties": { "BUL_MAN_NO": 24520, "BULD_NM": null, "flo": 2.0, "h": 6.6 }, "geometry": { "type": "MultiPolygon", "coordinates": [ [ [ [ 126.925124, 35.151871 ], [ 126.925093, 35.151807 ], [ 126.924999, 35.151832 ], [ 126.925006, 35.15185 ], [ 126.924998, 35.151853 ], [ 126.925021, 35.151899 ], [ 126.925124, 35.151871 ] ] ] ] } },
{ "type": "Feature", "properties": { "BUL_MAN_NO": 24519, "BULD_NM": null, "flo": 1.0, "h": 3.3 }, "geometry": { "type": "MultiPolygon", "coordinates": [ [ [ [ 126.925172, 35.15193 ], [ 126.92514, 35.151879 ], [ 126.925033, 35.151913 ], [ 126.925062, 35.151967 ], [ 126.925172, 35.15193 ] ] ] ] } },
{ "type": "Feature", "properties": { "BUL_MAN_NO": 24523, "BULD_NM": null, "flo": 2.0, "h": 6.6 }, "geometry": { "type": "MultiPolygon", "coordinates": [ [ [ [ 126.925072, 35.152086 ], [ 126.925041, 35.152037 ], [ 126.925019, 35.152045 ], [ 126.925015, 35.152037 ], [ 126.924987, 35.15205 ], [ 126.924984, 35.152044 ], [ 126.924969, 35.152051 ], [ 126.924966, 35.152047 ], [ 126.92491, 35.152068 ], [ 126.924956, 35.152135 ], [ 126.925072, 35.152086 ] ] ] ] } },
{ "type": "Feature", "properties": { "BUL_MAN_NO": 36979, "BULD_NM": null, "flo": 1.0, "h": 3.3 }, "geometry": { "type": "MultiPolygon", "coordinates": [ [ [ [ 126.925035, 35.152036 ], [ 126.925031, 35.152029 ], [ 126.925039, 35.152026 ], [ 126.925043, 35.152033 ], [ 126.925035, 35.152036 ] ] ] ] } },
{ "type": "Feature", "properties": { "BUL_MAN_NO": 24518, "BULD_NM": null, "flo": 1.0, "h": 3.3 }, "geometry": { "type": "MultiPolygon", "coordinates": [ [ [ [ 126.925239, 35.152036 ], [ 126.925199, 35.151966 ], [ 126.925094, 35.152022 ], [ 126.925129, 35.152079 ], [ 126.925239, 35.152036 ] ] ] ] } },
{ "type": "Feature", "properties": { "BUL_MAN_NO": 24522, "BULD_NM": null, "flo": 1.0, "h": 3.3 }, "geometry": { "type": "MultiPolygon", "coordinates": [ [ [ [ 126.925051, 35.152204 ], [ 126.925032, 35.152177 ], [ 126.925022, 35.152181 ], [ 126.924999, 35.152145 ], [ 126.924954, 35.152169 ], [ 126.924995, 35.152229 ], [ 126.925051, 35.152204 ] ] ] ] } },
{ "type": "Feature", "properties": { "BUL_MAN_NO": 11591, "BULD_NM": null, "flo": 1.0, "h": 3.3 }, "geometry": { "type": "MultiPolygon", "coordinates": [ [ [ [ 126.925034, 35.152239 ], [ 126.925024, 35.152222 ], [ 126.924996, 35.152237 ], [ 126.925006, 35.152252 ], [ 126.925034, 35.152239 ] ] ] ] } },
{ "type": "Feature", "properties": { "BUL_MAN_NO": 24524, "BULD_NM": null, "flo": 1.0, "h": 3.3 }, "geometry": { "type": "MultiPolygon", "coordinates": [ [ [ [ 126.925164, 35.152179 ], [ 126.925145, 35.152149 ], [ 126.925099, 35.152168 ], [ 126.925094, 35.15216 ], [ 126.925048, 35.152177 ], [ 126.925075, 35.152219 ], [ 126.925164, 35.152179 ] ] ] ] } },
{ "type": "Feature", "properties": { "BUL_MAN_NO": 24539, "BULD_NM": null, "flo": 1.0, "h": 3.3 }, "geometry": { "type": "MultiPolygon", "coordinates": [ [ [ [ 126.925916, 35.151792 ], [ 126.925897, 35.151742 ], [ 126.925865, 35.151751 ], [ 126.925882, 35.151801 ], [ 126.925916, 35.151792 ] ] ] ] } },
{ "type": "Feature", "properties": { "BUL_MAN_NO": 11566, "BULD_NM": null, "flo": 1.0, "h": 3.3 }, "geometry": { "type": "MultiPolygon", "coordinates": [ [ [ [ 126.925938, 35.151855 ], [ 126.925918, 35.151794 ], [ 126.925792, 35.151824 ], [ 126.925812, 35.151885 ], [ 126.925938, 35.151855 ] ] ] ] } },
{ "type": "Feature", "properties": { "BUL_MAN_NO": 11564, "BULD_NM": null, "flo": 1.0, "h": 3.3 }, "geometry": { "type": "MultiPolygon", "coordinates": [ [ [ [ 126.925957, 35.151924 ], [ 126.925938, 35.151873 ], [ 126.925787, 35.151905 ], [ 126.925807, 35.151965 ], [ 126.925957, 35.151924 ] ] ] ] } },
{ "type": "Feature", "properties": { "BUL_MAN_NO": 11557, "BULD_NM": null, "flo": 1.0, "h": 3.3 }, "geometry": { "type": "MultiPolygon", "coordinates": [ [ [ [ 126.92614, 35.151877 ], [ 126.926117, 35.151815 ], [ 126.926068, 35.151827 ], [ 126.926072, 35.151841 ], [ 126.925979, 35.151863 ], [ 126.925995, 35.151912 ], [ 126.92614, 35.151877 ] ] ] ] } },
{ "type": "Feature", "properties": { "BUL_MAN_NO": 36972, "BULD_NM": null, "flo": 1.0, "h": 3.3 }, "geometry": { "type": "MultiPolygon", "coordinates": [ [ [ [ 126.926044, 35.152005 ], [ 126.926022, 35.151946 ], [ 126.92616, 35.151911 ], [ 126.926183, 35.151971 ], [ 126.926183, 35.151971 ], [ 126.926044, 35.152005 ] ] ] ] } },
{ "type": "Feature", "properties": { "BUL_MAN_NO": 36973, "BULD_NM": null, "flo": 1.0, "h": 3.3 }, "geometry": { "type": "MultiPolygon", "coordinates": [ [ [ [ 126.926121, 35.151917 ], [ 126.926113, 35.151899 ], [ 126.926145, 35.151891 ], [ 126.926152, 35.151909 ], [ 126.926121, 35.151917 ] ] ] ] } },
{ "type": "Feature", "properties": { "BUL_MAN_NO": 24534, "BULD_NM": null, "flo": 1.0, "h": 3.3 }, "geometry": { "type": "MultiPolygon", "coordinates": [ [ [ [ 126.926038, 35.152007 ], [ 126.926008, 35.15192 ], [ 126.925985, 35.151924 ], [ 126.926018, 35.152012 ], [ 126.926038, 35.152007 ] ] ] ] } },
{ "type": "Feature", "properties": { "BUL_MAN_NO": 24533, "BULD_NM": null, "flo": 1.0, "h": 3.3 }, "geometry": { "type": "MultiPolygon", "coordinates": [ [ [ [ 126.926011, 35.152092 ], [ 126.925965, 35.151941 ], [ 126.925921, 35.151953 ], [ 126.925966, 35.152095 ], [ 126.926011, 35.152092 ] ] ] ] } },
{ "type": "Feature", "properties": { "BUL_MAN_NO": 24531, "BULD_NM": null, "flo": 1.0, "h": 3.3 }, "geometry": { "type": "MultiPolygon", "coordinates": [ [ [ [ 126.92623, 35.152075 ], [ 126.926215, 35.152016 ], [ 126.926209, 35.152017 ], [ 126.926071, 35.15204 ], [ 126.926087, 35.152097 ], [ 126.926209, 35.152078 ], [ 126.92623, 35.152075 ] ] ] ] } },
{ "type": "Feature", "properties": { "BUL_MAN_NO": 24530, "BULD_NM": null, "flo": 1.0, "h": 3.3 }, "geometry": { "type": "MultiPolygon", "coordinates": [ [ [ [ 126.926082, 35.152099 ], [ 126.926058, 35.152017 ], [ 126.92603, 35.152023 ], [ 126.926053, 35.152103 ], [ 126.926082, 35.152099 ] ] ] ] } },
{ "type": "Feature", "properties": { "BUL_MAN_NO": 11551, "BULD_NM": null, "flo": 1.0, "h": 3.3 }, "geometry": { "type": "MultiPolygon", "coordinates": [ [ [ [ 126.926154, 35.152284 ], [ 126.926146, 35.152212 ], [ 126.9261, 35.152219 ], [ 126.926101, 35.152232 ], [ 126.92601, 35.152245 ], [ 126.926018, 35.152299 ], [ 126.926154, 35.152284 ] ] ] ] } },
{ "type": "Feature", "properties": { "BUL_MAN_NO": 31021, "BULD_NM": null, "flo": 3.0, "h": 9.9 }, "geometry": { "type": "MultiPolygon", "coordinates": [ [ [ [ 126.926002, 35.152483 ], [ 126.925928, 35.15246 ], [ 126.925923, 35.152439 ], [ 126.925986, 35.152428 ], [ 126.92599, 35.152427 ], [ 126.925992, 35.152433 ], [ 126.92602, 35.152428 ], [ 126.926023, 35.152442 ], [ 126.926002, 35.152483 ] ] ] ] } },
{ "type": "Feature", "properties": { "BUL_MAN_NO": 24545, "BULD_NM": null, "flo": 1.0, "h": 3.3 }, "geometry": { "type": "MultiPolygon", "coordinates": [ [ [ [ 126.926058, 35.152379 ], [ 126.926042, 35.152336 ], [ 126.925967, 35.152349 ], [ 126.92598, 35.152395 ], [ 126.926058, 35.152379 ] ] ] ] } },
{ "type": "Feature", "properties": { "BUL_MAN_NO": 24544, "BULD_NM": null, "flo": 1.0, "h": 3.3 }, "geometry": { "type": "MultiPolygon", "coordinates": [ [ [ [ 126.926149, 35.152328 ], [ 126.926142, 35.152301 ], [ 126.926056, 35.152311 ], [ 126.926075, 35.152373 ], [ 126.926132, 35.15236 ], [ 126.92613, 35.152352 ], [ 126.926144, 35.152349 ], [ 126.92614, 35.15233 ], [ 126.926149, 35.152328 ] ] ] ] } },
{ "type": "Feature", "properties": { "BUL_MAN_NO": 36970, "BULD_NM": null, "flo": 1.0, "h": 3.3 }, "geometry": { "type": "MultiPolygon", "coordinates": [ [ [ [ 126.926044, 35.152189 ], [ 126.926039, 35.152172 ], [ 126.92605, 35.15217 ], [ 126.926054, 35.152188 ], [ 126.926044, 35.152189 ] ] ] ] } },
{ "type": "Feature", "properties": { "BUL_MAN_NO": 24528, "BULD_NM": null, "flo": 2.0, "h": 6.6 }, "geometry": { "type": "MultiPolygon", "coordinates": [ [ [ [ 126.926142, 35.152174 ], [ 126.926126, 35.152105 ], [ 126.926034, 35.152116 ], [ 126.926042, 35.152156 ], [ 126.926055, 35.152154 ], [ 126.926061, 35.152186 ], [ 126.926142, 35.152174 ] ] ] ] } },
{ "type": "Feature", "properties": { "BUL_MAN_NO": 24529, "BULD_NM": null, "flo": 2.0, "h": 6.6 }, "geometry": { "type": "MultiPolygon", "coordinates": [ [ [ [ 126.926259, 35.152162 ], [ 126.926244, 35.152093 ], [ 126.926174, 35.152102 ], [ 126.926147, 35.152106 ], [ 126.926154, 35.152143 ], [ 126.926167, 35.152142 ], [ 126.926171, 35.152173 ], [ 126.926192, 35.152169 ], [ 126.926259, 35.152162 ] ] ] ] } },
{ "type": "Feature", "properties": { "BUL_MAN_NO": 36971, "BULD_NM": null, "flo": 1.0, "h": 3.3 }, "geometry": { "type": "MultiPolygon", "coordinates": [ [ [ [ 126.926159, 35.152174 ], [ 126.926156, 35.152156 ], [ 126.926166, 35.152155 ], [ 126.926169, 35.152173 ], [ 126.926159, 35.152174 ] ] ] ] } },
{ "type": "Feature", "properties": { "BUL_MAN_NO": 24526, "BULD_NM": null, "flo": 1.0, "h": 3.3 }, "geometry": { "type": "MultiPolygon", "coordinates": [ [ [ [ 126.92631, 35.152168 ], [ 126.926289, 35.152112 ], [ 126.926264, 35.152117 ], [ 126.926279, 35.152173 ], [ 126.92631, 35.152168 ] ] ] ] } },
{ "type": "Feature", "properties": { "BUL_MAN_NO": 24525, "BULD_NM": null, "flo": 1.0, "h": 3.3 }, "geometry": { "type": "MultiPolygon", "coordinates": [ [ [ [ 126.926387, 35.152155 ], [ 126.926361, 35.15205 ], [ 126.926288, 35.152067 ], [ 126.926314, 35.152168 ], [ 126.926387, 35.152155 ] ] ] ] } },
{ "type": "Feature", "properties": { "BUL_MAN_NO": 24527, "BULD_NM": null, "flo": 1.0, "h": 3.3 }, "geometry": { "type": "MultiPolygon", "coordinates": [ [ [ [ 126.92628, 35.152268 ], [ 126.926275, 35.152207 ], [ 126.926181, 35.152218 ], [ 126.926155, 35.152221 ], [ 126.926165, 35.152282 ], [ 126.926181, 35.152281 ], [ 126.92628, 35.152268 ] ] ] ] } },
{ "type": "Feature", "properties": { "BUL_MAN_NO": 36969, "BULD_NM": null, "flo": 1.0, "h": 3.3 }, "geometry": { "type": "MultiPolygon", "coordinates": [ [ [ [ 126.926248, 35.152196 ], [ 126.926229, 35.152198 ], [ 126.926231, 35.152211 ], [ 126.92625, 35.152208 ], [ 126.926248, 35.152196 ] ] ] ] } },
{ "type": "Feature", "properties": { "BUL_MAN_NO": 36968, "BULD_NM": null, "flo": 1.0, "h": 3.3 }, "geometry": { "type": "MultiPolygon", "coordinates": [ [ [ [ 126.926251, 35.152201 ], [ 126.926251, 35.152196 ], [ 126.926274, 35.152193 ], [ 126.926274, 35.152199 ], [ 126.926251, 35.152201 ] ] ] ] } },
{ "type": "Feature", "properties": { "BUL_MAN_NO": 24550, "BULD_NM": null, "flo": 1.0, "h": 3.3 }, "geometry": { "type": "MultiPolygon", "coordinates": [ [ [ [ 126.927279, 35.151292 ], [ 126.927273, 35.15126 ], [ 126.927223, 35.151274 ], [ 126.927245, 35.151364 ], [ 126.927271, 35.151362 ], [ 126.927269, 35.151341 ], [ 126.92728, 35.151339 ], [ 126.927277, 35.151293 ], [ 126.927279, 35.151292 ] ] ] ] } },
{ "type": "Feature", "properties": { "BUL_MAN_NO": 24549, "BULD_NM": null, "flo": 2.0, "h": 6.6 }, "geometry": { "type": "MultiPolygon", "coordinates": [ [ [ [ 126.927284, 35.151453 ], [ 126.927276, 35.151394 ], [ 126.927225, 35.151398 ], [ 126.927221, 35.151384 ], [ 126.927181, 35.151397 ], [ 126.927191, 35.151467 ], [ 126.927284, 35.151453 ] ] ] ] } },
{ "type": "Feature", "properties": { "BUL_MAN_NO": 36961, "BULD_NM": null, "flo": 1.0, "h": 3.3 }, "geometry": { "type": "MultiPolygon", "coordinates": [ [ [ [ 126.927181, 35.151389 ], [ 126.92718, 35.151374 ], [ 126.927204, 35.151372 ], [ 126.927205, 35.151386 ], [ 126.927181, 35.151389 ] ] ] ] } },
{ "type": "Feature", "properties": { "BUL_MAN_NO": 11531, "BULD_NM": null, "flo": 1.0, "h": 3.3 }, "geometry": { "type": "MultiPolygon", "coordinates": [ [ [ [ 126.927507, 35.151417 ], [ 126.927411, 35.151411 ], [ 126.927407, 35.151468 ], [ 126.927505, 35.151474 ], [ 126.927507, 35.151417 ] ] ] ] } },
{ "type": "Feature", "properties": { "BUL_MAN_NO": 11532, "BULD_NM": null, "flo": 1.0, "h": 3.3 }, "geometry": { "type": "MultiPolygon", "coordinates": [ [ [ [ 126.927372, 35.151416 ], [ 126.927345, 35.151415 ], [ 126.927343, 35.151448 ], [ 126.927369, 35.151451 ], [ 126.927372, 35.151416 ] ] ] ] } },
{ "type": "Feature", "properties": { "BUL_MAN_NO": 11534, "BULD_NM": null, "flo": 2.0, "h": 6.6 }, "geometry": { "type": "MultiPolygon", "coordinates": [ [ [ [ 126.927212, 35.151605 ], [ 126.927187, 35.151516 ], [ 126.927157, 35.151522 ], [ 126.927153, 35.15151 ], [ 126.927103, 35.151522 ], [ 126.927132, 35.151622 ], [ 126.927212, 35.151605 ] ] ] ] } },
{ "type": "Feature", "properties": { "BUL_MAN_NO": 36964, "BULD_NM": null, "flo": 1.0, "h": 3.3 }, "geometry": { "type": "MultiPolygon", "coordinates": [ [ [ [ 126.927138, 35.151636 ], [ 126.927135, 35.151626 ], [ 126.927212, 35.15161 ], [ 126.927214, 35.15162 ], [ 126.927138, 35.151636 ] ] ] ] } },
{ "type": "Feature", "properties": { "BUL_MAN_NO": 24552, "BULD_NM": null, "flo": 1.0, "h": 3.3 }, "geometry": { "type": "MultiPolygon", "coordinates": [ [ [ [ 126.927352, 35.15146 ], [ 126.927311, 35.151457 ], [ 126.927305, 35.151492 ], [ 126.927345, 35.151496 ], [ 126.927352, 35.15146 ] ] ] ] } },
{ "type": "Feature", "properties": { "BUL_MAN_NO": 24551, "BULD_NM": null, "flo": 1.0, "h": 3.3 }, "geometry": { "type": "MultiPolygon", "coordinates": [ [ [ [ 126.927417, 35.151508 ], [ 126.927301, 35.151498 ], [ 126.927294, 35.151549 ], [ 126.927406, 35.151556 ], [ 126.927417, 35.151508 ] ] ] ] } },
{ "type": "Feature", "properties": { "BUL_MAN_NO": 24553, "BULD_NM": null, "flo": 1.0, "h": 3.3 }, "geometry": { "type": "MultiPolygon", "coordinates": [ [ [ [ 126.927274, 35.151568 ], [ 126.927267, 35.151529 ], [ 126.927265, 35.151513 ], [ 126.927249, 35.151514 ], [ 126.927247, 35.151493 ], [ 126.927198, 35.1515 ], [ 126.927222, 35.151603 ], [ 126.92727, 35.151594 ], [ 126.927267, 35.15157 ], [ 126.927274, 35.151568 ] ] ] ] } },
{ "type": "Feature", "properties": { "BUL_MAN_NO": 11530, "BULD_NM": null, "flo": 1.0, "h": 3.3 }, "geometry": { "type": "MultiPolygon", "coordinates": [ [ [ [ 126.927363, 35.151714 ], [ 126.927329, 35.151699 ], [ 126.927321, 35.151713 ], [ 126.927276, 35.151697 ], [ 126.927244, 35.151744 ], [ 126.927321, 35.151775 ], [ 126.927363, 35.151714 ] ] ] ] } },
{ "type": "Feature", "properties": { "BUL_MAN_NO": 24557, "BULD_NM": null, "flo": 2.0, "h": 6.6 }, "geometry": { "type": "MultiPolygon", "coordinates": [ [ [ [ 126.927212, 35.151724 ], [ 126.927204, 35.151698 ], [ 126.92719, 35.151699 ], [ 126.927181, 35.151668 ], [ 126.92712, 35.151682 ], [ 126.927155, 35.151772 ], [ 126.927193, 35.151759 ], [ 126.927212, 35.151724 ] ] ] ] } },
{ "type": "Feature", "properties": { "BUL_MAN_NO": 11539, "BULD_NM": null, "flo": 1.0, "h": 3.3 }, "geometry": { "type": "MultiPolygon", "coordinates": [ [ [ [ 126.926791, 35.151913 ], [ 126.926783, 35.151891 ], [ 126.926733, 35.151906 ], [ 126.926742, 35.151929 ], [ 126.926791, 35.151913 ] ] ] ] } },
{ "type": "Feature", "properties": { "BUL_MAN_NO": 11540, "BULD_NM": null, "flo": 1.0, "h": 3.3 }, "geometry": { "type": "MultiPolygon", "coordinates": [ [ [ [ 126.926678, 35.15195 ], [ 126.926673, 35.151915 ], [ 126.926656, 35.151915 ], [ 126.926659, 35.151952 ], [ 126.926678, 35.15195 ] ] ] ] } },
{ "type": "Feature", "properties": { "BUL_MAN_NO": 11538, "BULD_NM": null, "flo": 1.0, "h": 3.3 }, "geometry": { "type": "MultiPolygon", "coordinates": [ [ [ [ 126.926771, 35.151888 ], [ 126.926757, 35.15185 ], [ 126.926671, 35.151874 ], [ 126.926685, 35.151911 ], [ 126.926771, 35.151888 ] ] ] ] } },
{ "type": "Feature", "properties": { "BUL_MAN_NO": 24560, "BULD_NM": null, "flo": 1.0, "h": 3.3 }, "geometry": { "type": "MultiPolygon", "coordinates": [ [ [ [ 126.926765, 35.1518 ], [ 126.926747, 35.151736 ], [ 126.926607, 35.151771 ], [ 126.926621, 35.151829 ], [ 126.926765, 35.1518 ] ] ] ] } },
{ "type": "Feature", "properties": { "BUL_MAN_NO": 24561, "BULD_NM": null, "flo": 1.0, "h": 3.3 }, "geometry": { "type": "MultiPolygon", "coordinates": [ [ [ [ 126.926776, 35.151833 ], [ 126.926765, 35.151803 ], [ 126.926697, 35.151818 ], [ 126.926707, 35.15185 ], [ 126.926776, 35.151833 ] ] ] ] } },
{ "type": "Feature", "properties": { "BUL_MAN_NO": 24567, "BULD_NM": null, "flo": 1.0, "h": 3.3 }, "geometry": { "type": "MultiPolygon", "coordinates": [ [ [ [ 126.926904, 35.151916 ], [ 126.926896, 35.151904 ], [ 126.926827, 35.151924 ], [ 126.926847, 35.151951 ], [ 126.926904, 35.151916 ] ] ] ] } },
{ "type": "Feature", "properties": { "BUL_MAN_NO": 24566, "BULD_NM": null, "flo": 1.0, "h": 3.3 }, "geometry": { "type": "MultiPolygon", "coordinates": [ [ [ [ 126.92684, 35.151958 ], [ 126.926821, 35.15193 ], [ 126.926742, 35.151955 ], [ 126.926776, 35.151999 ], [ 126.92684, 35.151958 ] ] ] ] } },
{ "type": "Feature", "properties": { "BUL_MAN_NO": 24565, "BULD_NM": null, "flo": 1.0, "h": 3.3 }, "geometry": { "type": "MultiPolygon", "coordinates": [ [ [ [ 126.926762, 35.152008 ], [ 126.926726, 35.151959 ], [ 126.926693, 35.151974 ], [ 126.926737, 35.152021 ], [ 126.926762, 35.152008 ] ] ] ] } },
{ "type": "Feature", "properties": { "BUL_MAN_NO": 11548, "BULD_NM": null, "flo": 1.0, "h": 3.3 }, "geometry": { "type": "MultiPolygon", "coordinates": [ [ [ [ 126.92672, 35.152033 ], [ 126.926686, 35.151983 ], [ 126.926602, 35.152024 ], [ 126.926648, 35.15209 ], [ 126.926682, 35.152061 ], [ 126.92672, 35.152033 ] ] ] ] } },
{ "type": "Feature", "properties": { "BUL_MAN_NO": 11549, "BULD_NM": null, "flo": 1.0, "h": 3.3 }, "geometry": { "type": "MultiPolygon", "coordinates": [ [ [ [ 126.926593, 35.152092 ], [ 126.926577, 35.152023 ], [ 126.926486, 35.152039 ], [ 126.926501, 35.152105 ], [ 126.926593, 35.152092 ] ] ] ] } },
{ "type": "Feature", "properties": { "BUL_MAN_NO": 11550, "BULD_NM": null, "flo": 1.0, "h": 3.3 }, "geometry": { "type": "MultiPolygon", "coordinates": [ [ [ [ 126.926615, 35.152154 ], [ 126.926602, 35.152109 ], [ 126.926505, 35.152129 ], [ 126.926521, 35.152183 ], [ 126.92656, 35.152178 ], [ 126.926558, 35.152169 ], [ 126.926615, 35.152154 ] ] ] ] } },
{ "type": "Feature", "properties": { "BUL_MAN_NO": 36967, "BULD_NM": null, "flo": 1.0, "h": 3.3 }, "geometry": { "type": "MultiPolygon", "coordinates": [ [ [ [ 126.926636, 35.15215 ], [ 126.926631, 35.152126 ], [ 126.926645, 35.152125 ], [ 126.926649, 35.152147 ], [ 126.926636, 35.15215 ] ] ] ] } },
{ "type": "Feature", "properties": { "BUL_MAN_NO": 11630, "BULD_NM": null, "flo": 1.0, "h": 3.3 }, "geometry": { "type": "MultiPolygon", "coordinates": [ [ [ [ 126.926623, 35.152182 ], [ 126.926612, 35.152169 ], [ 126.926542, 35.152222 ], [ 126.926586, 35.152259 ], [ 126.926646, 35.152201 ], [ 126.926623, 35.152182 ] ] ] ] } },
{ "type": "Feature", "properties": { "BUL_MAN_NO": 11632, "BULD_NM": null, "flo": 1.0, "h": 3.3 }, "geometry": { "type": "MultiPolygon", "coordinates": [ [ [ [ 126.926426, 35.152305 ], [ 126.926411, 35.152267 ], [ 126.926391, 35.152273 ], [ 126.926389, 35.15227 ], [ 126.926371, 35.152277 ], [ 126.926368, 35.152271 ], [ 126.926321, 35.152289 ], [ 126.926326, 35.152299 ], [ 126.926333, 35.152297 ], [ 126.926355, 35.152334 ], [ 126.926426, 35.152305 ] ] ] ] } },
{ "type": "Feature", "properties": { "BUL_MAN_NO": 11584, "BULD_NM": null, "flo": 1.0, "h": 3.3 }, "geometry": { "type": "MultiPolygon", "coordinates": [ [ [ [ 126.926298, 35.152314 ], [ 126.926297, 35.15228 ], [ 126.926238, 35.152284 ], [ 126.926243, 35.152351 ], [ 126.926314, 35.152346 ], [ 126.926312, 35.152314 ], [ 126.926298, 35.152314 ] ] ] ] } },
{ "type": "Feature", "properties": { "BUL_MAN_NO": 11585, "BULD_NM": null, "flo": 1.0, "h": 3.3 }, "geometry": { "type": "MultiPolygon", "coordinates": [ [ [ [ 126.926229, 35.15233 ], [ 126.926226, 35.152288 ], [ 126.926157, 35.152299 ], [ 126.926165, 35.152334 ], [ 126.926229, 35.15233 ] ] ] ] } },
{ "type": "Feature", "properties": { "BUL_MAN_NO": 24580, "BULD_NM": null, "flo": 1.0, "h": 3.3 }, "geometry": { "type": "MultiPolygon", "coordinates": [ [ [ [ 126.927234, 35.151774 ], [ 126.927225, 35.151772 ], [ 126.92718, 35.151792 ], [ 126.927188, 35.151837 ], [ 126.927195, 35.151848 ], [ 126.927207, 35.151849 ], [ 126.927222, 35.151851 ], [ 126.927234, 35.151774 ] ] ] ] } },
{ "type": "Feature", "properties": { "BUL_MAN_NO": 11653, "BULD_NM": null, "flo": 1.0, "h": 3.3 }, "geometry": { "type": "MultiPolygon", "coordinates": [ [ [ [ 126.927164, 35.151851 ], [ 126.927134, 35.151813 ], [ 126.927106, 35.151823 ], [ 126.927144, 35.151874 ], [ 126.927164, 35.151851 ] ] ] ] } },
{ "type": "Feature", "properties": { "BUL_MAN_NO": 24579, "BULD_NM": null, "flo": 1.0, "h": 3.3 }, "geometry": { "type": "MultiPolygon", "coordinates": [ [ [ [ 126.927089, 35.151942 ], [ 126.927139, 35.151876 ], [ 126.927097, 35.151855 ], [ 126.927077, 35.151882 ], [ 126.927021, 35.151856 ], [ 126.926987, 35.151899 ], [ 126.927089, 35.151942 ] ] ] ] } },
{ "type": "Feature", "properties": { "BUL_MAN_NO": 24577, "BULD_NM": "A동", "flo": 1.0, "h": 3.3 }, "geometry": { "type": "MultiPolygon", "coordinates": [ [ [ [ 126.92689, 35.151952 ], [ 126.926922, 35.151971 ], [ 126.926948, 35.151936 ], [ 126.92694, 35.151929 ], [ 126.926952, 35.15192 ], [ 126.926942, 35.151912 ], [ 126.92689, 35.151952 ] ] ] ] } },
{ "type": "Feature", "properties": { "BUL_MAN_NO": 34032, "BULD_NM": "A동", "flo": 1.0, "h": 3.3 }, "geometry": { "type": "MultiPolygon", "coordinates": [ [ [ [ 126.926954, 35.151975 ], [ 126.926996, 35.151995 ], [ 126.92703, 35.15194 ], [ 126.92698, 35.151919 ], [ 126.926962, 35.151948 ], [ 126.926969, 35.15195 ], [ 126.926954, 35.151975 ] ] ] ] } },
{ "type": "Feature", "properties": { "BUL_MAN_NO": 24575, "BULD_NM": null, "flo": 1.0, "h": 3.3 }, "geometry": { "type": "MultiPolygon", "coordinates": [ [ [ [ 126.926813, 35.152066 ], [ 126.926777, 35.152046 ], [ 126.926754, 35.152081 ], [ 126.92679, 35.152098 ], [ 126.926813, 35.152066 ] ] ] ] } },
{ "type": "Feature", "properties": { "BUL_MAN_NO": 24574, "BULD_NM": null, "flo": 1.0, "h": 3.3 }, "geometry": { "type": "MultiPolygon", "coordinates": [ [ [ [ 126.926862, 35.152099 ], [ 126.926817, 35.152074 ], [ 126.926761, 35.152147 ], [ 126.926802, 35.152172 ], [ 126.926862, 35.152099 ] ] ] ] } },
{ "type": "Feature", "properties": { "BUL_MAN_NO": 24573, "BULD_NM": null, "flo": 1.0, "h": 3.3 }, "geometry": { "type": "MultiPolygon", "coordinates": [ [ [ [ 126.926769, 35.152099 ], [ 126.926691, 35.152088 ], [ 126.926681, 35.152124 ], [ 126.926693, 35.152125 ], [ 126.92668, 35.15217 ], [ 126.926746, 35.152181 ], [ 126.926769, 35.152099 ] ] ] ] } },
{ "type": "Feature", "properties": { "BUL_MAN_NO": 11651, "BULD_NM": null, "flo": 2.0, "h": 6.6 }, "geometry": { "type": "MultiPolygon", "coordinates": [ [ [ [ 126.926749, 35.152282 ], [ 126.926723, 35.152202 ], [ 126.926668, 35.152219 ], [ 126.926674, 35.152231 ], [ 126.926638, 35.152241 ], [ 126.926645, 35.152258 ], [ 126.926623, 35.152264 ], [ 126.92665, 35.152308 ], [ 126.926669, 35.152318 ], [ 126.926738, 35.152292 ], [ 126.926749, 35.152282 ] ] ] ] } },
{ "type": "Feature", "properties": { "BUL_MAN_NO": 11650, "BULD_NM": null, "flo": 1.0, "h": 3.3 }, "geometry": { "type": "MultiPolygon", "coordinates": [ [ [ [ 126.926531, 35.152332 ], [ 126.926524, 35.15233 ], [ 126.926506, 35.152334 ], [ 126.926498, 35.152338 ], [ 126.926492, 35.152358 ], [ 126.926516, 35.152365 ], [ 126.926531, 35.152332 ] ] ] ] } },
{ "type": "Feature", "properties": { "BUL_MAN_NO": 11649, "BULD_NM": null, "flo": 1.0, "h": 3.3 }, "geometry": { "type": "MultiPolygon", "coordinates": [ [ [ [ 126.926508, 35.152376 ], [ 126.926418, 35.152352 ], [ 126.926404, 35.15238 ], [ 126.926492, 35.152408 ], [ 126.926508, 35.152376 ] ] ] ] } },
{ "type": "Feature", "properties": { "BUL_MAN_NO": 24570, "BULD_NM": null, "flo": 1.0, "h": 3.3 }, "geometry": { "type": "MultiPolygon", "coordinates": [ [ [ [ 126.926486, 35.15242 ], [ 126.926424, 35.152401 ], [ 126.926409, 35.152431 ], [ 126.926472, 35.152447 ], [ 126.926486, 35.15242 ] ] ] ] } },
{ "type": "Feature", "properties": { "BUL_MAN_NO": 24569, "BULD_NM": null, "flo": 1.0, "h": 3.3 }, "geometry": { "type": "MultiPolygon", "coordinates": [ [ [ [ 126.926468, 35.152451 ], [ 126.926348, 35.152419 ], [ 126.926327, 35.152474 ], [ 126.926441, 35.152506 ], [ 126.926468, 35.152451 ] ] ] ] } },
{ "type": "Feature", "properties": { "BUL_MAN_NO": 24571, "BULD_NM": null, "flo": 1.0, "h": 3.3 }, "geometry": { "type": "MultiPolygon", "coordinates": [ [ [ [ 126.9263, 35.152466 ], [ 126.926323, 35.152398 ], [ 126.926288, 35.152389 ], [ 126.926285, 35.152399 ], [ 126.926223, 35.152387 ], [ 126.926209, 35.152438 ], [ 126.9263, 35.152466 ] ] ] ] } },
{ "type": "Feature", "properties": { "BUL_MAN_NO": 24572, "BULD_NM": null, "flo": 1.0, "h": 3.3 }, "geometry": { "type": "MultiPolygon", "coordinates": [ [ [ [ 126.926221, 35.152385 ], [ 126.926216, 35.15238 ], [ 126.926196, 35.152384 ], [ 126.926183, 35.152428 ], [ 126.926208, 35.152436 ], [ 126.926221, 35.152385 ] ] ] ] } },
{ "type": "Feature", "properties": { "BUL_MAN_NO": 11535, "BULD_NM": null, "flo": 1.0, "h": 3.3 }, "geometry": { "type": "MultiPolygon", "coordinates": [ [ [ [ 126.92712, 35.151645 ], [ 126.927093, 35.151555 ], [ 126.927066, 35.151562 ], [ 126.927048, 35.151506 ], [ 126.926983, 35.15152 ], [ 126.927006, 35.151635 ], [ 126.927012, 35.151665 ], [ 126.92712, 35.151645 ] ] ] ] } },
{ "type": "Feature", "properties": { "BUL_MAN_NO": 11537, "BULD_NM": null, "flo": 1.0, "h": 3.3 }, "geometry": { "type": "MultiPolygon", "coordinates": [ [ [ [ 126.926964, 35.151852 ], [ 126.926935, 35.151799 ], [ 126.926797, 35.151849 ], [ 126.926824, 35.1519 ], [ 126.926964, 35.151852 ] ] ] ] } },
{ "type": "Feature", "properties": { "BUL_MAN_NO": 11536, "BULD_NM": null, "flo": 1.0, "h": 3.3 }, "geometry": { "type": "MultiPolygon", "coordinates": [ [ [ [ 126.926815, 35.15176 ], [ 126.926899, 35.151735 ], [ 126.926885, 35.151702 ], [ 126.926794, 35.151728 ], [ 126.926806, 35.151755 ], [ 126.926813, 35.151753 ], [ 126.926815, 35.15176 ] ] ] ] } },
{ "type": "Feature", "properties": { "BUL_MAN_NO": 24559, "BULD_NM": null, "flo": 1.0, "h": 3.3 }, "geometry": { "type": "MultiPolygon", "coordinates": [ [ [ [ 126.926824, 35.15182 ], [ 126.926802, 35.151754 ], [ 126.926795, 35.151757 ], [ 126.926785, 35.151729 ], [ 126.926758, 35.151737 ], [ 126.926788, 35.151828 ], [ 126.926824, 35.15182 ] ] ] ] } },
{ "type": "Feature", "properties": { "BUL_MAN_NO": 24558, "BULD_NM": null, "flo": 2.0, "h": 6.6 }, "geometry": { "type": "MultiPolygon", "coordinates": [ [ [ [ 126.92705, 35.1518 ], [ 126.927024, 35.151752 ], [ 126.927012, 35.151757 ], [ 126.926989, 35.151715 ], [ 126.926963, 35.151722 ], [ 126.926959, 35.151712 ], [ 126.926915, 35.151723 ], [ 126.926977, 35.151829 ], [ 126.92705, 35.1518 ] ] ] ] } },
{ "type": "Feature", "properties": { "BUL_MAN_NO": 36965, "BULD_NM": null, "flo": 1.0, "h": 3.3 }, "geometry": { "type": "MultiPolygon", "coordinates": [ [ [ [ 126.927003, 35.151712 ], [ 126.926999, 35.151704 ], [ 126.927007, 35.151701 ], [ 126.927011, 35.151709 ], [ 126.927003, 35.151712 ] ] ] ] } },
{ "type": "Feature", "properties": { "BUL_MAN_NO": 11542, "BULD_NM": null, "flo": 2.0, "h": 6.6 }, "geometry": { "type": "MultiPolygon", "coordinates": [ [ [ [ 126.927136, 35.151773 ], [ 126.927115, 35.151734 ], [ 126.927106, 35.151737 ], [ 126.927087, 35.151699 ], [ 126.927074, 35.151703 ], [ 126.927072, 35.151699 ], [ 126.927053, 35.151704 ], [ 126.92705, 35.151695 ], [ 126.927014, 35.151702 ], [ 126.92706, 35.1518 ], [ 126.927136, 35.151773 ] ] ] ] } },
{ "type": "Feature", "properties": { "BUL_MAN_NO": 36966, "BULD_NM": null, "flo": 1.0, "h": 3.3 }, "geometry": { "type": "MultiPolygon", "coordinates": [ [ [ [ 126.927111, 35.1517 ], [ 126.927107, 35.151691 ], [ 126.927114, 35.151688 ], [ 126.927118, 35.151697 ], [ 126.927111, 35.1517 ] ] ] ] } },
{ "type": "Feature", "properties": { "BUL_MAN_NO": 24585, "BULD_NM": null, "flo": 3.0, "h": 9.9 }, "geometry": { "type": "MultiPolygon", "coordinates": [ [ [ [ 126.925445, 35.152725 ], [ 126.925446, 35.152659 ], [ 126.925341, 35.152662 ], [ 126.92534, 35.152709 ], [ 126.925299, 35.152709 ], [ 126.9253, 35.152739 ], [ 126.925319, 35.152739 ], [ 126.925318, 35.152757 ], [ 126.925356, 35.152757 ], [ 126.925371, 35.152752 ], [ 126.925371, 35.152738 ], [ 126.925422, 35.152738 ], [ 126.925445, 35.152725 ] ] ] ] } },
{ "type": "Feature", "properties": { "BUL_MAN_NO": 24616, "BULD_NM": null, "flo": 1.0, "h": 3.3 }, "geometry": { "type": "MultiPolygon", "coordinates": [ [ [ [ 126.924734, 35.15308 ], [ 126.924696, 35.152966 ], [ 126.924625, 35.152981 ], [ 126.924672, 35.153093 ], [ 126.924734, 35.15308 ] ] ] ] } },
{ "type": "Feature", "properties": { "BUL_MAN_NO": 24617, "BULD_NM": null, "flo": 1.0, "h": 3.3 }, "geometry": { "type": "MultiPolygon", "coordinates": [ [ [ [ 126.924685, 35.153118 ], [ 126.924786, 35.153104 ], [ 126.924778, 35.153073 ], [ 126.924681, 35.153095 ], [ 126.924686, 35.153106 ], [ 126.924679, 35.153106 ], [ 126.924685, 35.153118 ] ] ] ] } },
{ "type": "Feature", "properties": { "BUL_MAN_NO": 11706, "BULD_NM": null, "flo": 1.0, "h": 3.3 }, "geometry": { "type": "MultiPolygon", "coordinates": [ [ [ [ 126.924855, 35.153088 ], [ 126.924825, 35.152987 ], [ 126.924769, 35.152994 ], [ 126.924799, 35.153101 ], [ 126.924855, 35.153088 ] ] ] ] } },
{ "type": "Feature", "properties": { "BUL_MAN_NO": 24619, "BULD_NM": null, "flo": 1.0, "h": 3.3 }, "geometry": { "type": "MultiPolygon", "coordinates": [ [ [ [ 126.924939, 35.153061 ], [ 126.924931, 35.153015 ], [ 126.924938, 35.153008 ], [ 126.924932, 35.152978 ], [ 126.924861, 35.152983 ], [ 126.924866, 35.153033 ], [ 126.924879, 35.15303 ], [ 126.924888, 35.15307 ], [ 126.924939, 35.153061 ] ] ] ] } },
{ "type": "Feature", "properties": { "BUL_MAN_NO": 37142, "BULD_NM": null, "flo": 1.0, "h": 3.3 }, "geometry": { "type": "MultiPolygon", "coordinates": [ [ [ [ 126.924743, 35.152907 ], [ 126.924741, 35.15289 ], [ 126.924781, 35.152887 ], [ 126.924782, 35.152904 ], [ 126.924743, 35.152907 ] ] ] ] } },
{ "type": "Feature", "properties": { "BUL_MAN_NO": 37143, "BULD_NM": null, "flo": 1.0, "h": 3.3 }, "geometry": { "type": "MultiPolygon", "coordinates": [ [ [ [ 126.924935, 35.152966 ], [ 126.924937, 35.152906 ], [ 126.924958, 35.152907 ], [ 126.924954, 35.152966 ], [ 126.924935, 35.152966 ] ] ] ] } },
{ "type": "Feature", "properties": { "BUL_MAN_NO": 11707, "BULD_NM": null, "flo": 1.0, "h": 3.3 }, "geometry": { "type": "MultiPolygon", "coordinates": [ [ [ [ 126.924933, 35.152903 ], [ 126.924762, 35.15291 ], [ 126.924769, 35.152979 ], [ 126.924931, 35.15297 ], [ 126.924933, 35.152903 ] ] ] ] } },
{ "type": "Feature", "properties": { "BUL_MAN_NO": 24618, "BULD_NM": null, "flo": 1.0, "h": 3.3 }, "geometry": { "type": "MultiPolygon", "coordinates": [ [ [ [ 126.925095, 35.153027 ], [ 126.925077, 35.152996 ], [ 126.925015, 35.153019 ], [ 126.925003, 35.152997 ], [ 126.924979, 35.153004 ], [ 126.925006, 35.153054 ], [ 126.925095, 35.153027 ] ] ] ] } },
{ "type": "Feature", "properties": { "BUL_MAN_NO": 11710, "BULD_NM": null, "flo": 1.0, "h": 3.3 }, "geometry": { "type": "MultiPolygon", "coordinates": [ [ [ [ 126.925163, 35.153004 ], [ 126.925132, 35.152961 ], [ 126.925085, 35.152983 ], [ 126.925109, 35.153022 ], [ 126.925163, 35.153004 ] ] ] ] } },
{ "type": "Feature", "properties": { "BUL_MAN_NO": 24614, "BULD_NM": null, "flo": 1.0, "h": 3.3 }, "geometry": { "type": "MultiPolygon", "coordinates": [ [ [ [ 126.925259, 35.152936 ], [ 126.925225, 35.152897 ], [ 126.925143, 35.152952 ], [ 126.925177, 35.152989 ], [ 126.925259, 35.152936 ] ] ] ] } },
{ "type": "Feature", "properties": { "BUL_MAN_NO": 11718, "BULD_NM": null, "flo": 2.0, "h": 6.6 }, "geometry": { "type": "MultiPolygon", "coordinates": [ [ [ [ 126.924658, 35.153236 ], [ 126.924646, 35.153184 ], [ 126.924582, 35.153192 ], [ 126.9246, 35.153248 ], [ 126.924658, 35.153236 ] ] ] ] } },
{ "type": "Feature", "properties": { "BUL_MAN_NO": 24626, "BULD_NM": null, "flo": 2.0, "h": 6.6 }, "geometry": { "type": "MultiPolygon", "coordinates": [ [ [ [ 126.92481, 35.153235 ], [ 126.924808, 35.153173 ], [ 126.924664, 35.153178 ], [ 126.924667, 35.153236 ], [ 126.92481, 35.153235 ] ] ] ] } },
{ "type": "Feature", "properties": { "BUL_MAN_NO": 24629, "BULD_NM": null, "flo": 1.0, "h": 3.3 }, "geometry": { "type": "MultiPolygon", "coordinates": [ [ [ [ 126.924792, 35.153276 ], [ 126.924683, 35.153274 ], [ 126.924683, 35.153303 ], [ 126.924769, 35.15331 ], [ 126.924792, 35.153276 ] ] ] ] } },
{ "type": "Feature", "properties": { "BUL_MAN_NO": 24628, "BULD_NM": null, "flo": 2.0, "h": 6.6 }, "geometry": { "type": "MultiPolygon", "coordinates": [ [ [ [ 126.924794, 35.153273 ], [ 126.924795, 35.153239 ], [ 126.924676, 35.153239 ], [ 126.924677, 35.153273 ], [ 126.924794, 35.153273 ] ] ] ] } },
{ "type": "Feature", "properties": { "BUL_MAN_NO": 24627, "BULD_NM": null, "flo": 2.0, "h": 6.6 }, "geometry": { "type": "MultiPolygon", "coordinates": [ [ [ [ 126.92483, 35.153174 ], [ 126.92483, 35.153164 ], [ 126.92481, 35.153164 ], [ 126.924813, 35.153175 ], [ 126.92483, 35.153174 ] ] ] ] } },
{ "type": "Feature", "properties": { "BUL_MAN_NO": 24631, "BULD_NM": null, "flo": 1.0, "h": 3.3 }, "geometry": { "type": "MultiPolygon", "coordinates": [ [ [ [ 126.924923, 35.153186 ], [ 126.924898, 35.153159 ], [ 126.924872, 35.153164 ], [ 126.92488, 35.153196 ], [ 126.924923, 35.153186 ] ] ] ] } },
{ "type": "Feature", "properties": { "BUL_MAN_NO": 24630, "BULD_NM": null, "flo": 1.0, "h": 3.3 }, "geometry": { "type": "MultiPolygon", "coordinates": [ [ [ [ 126.924953, 35.153249 ], [ 126.924934, 35.153196 ], [ 126.924881, 35.153202 ], [ 126.924895, 35.153257 ], [ 126.924953, 35.153249 ] ] ] ] } },
{ "type": "Feature", "properties": { "BUL_MAN_NO": 37991, "BULD_NM": null, "flo": 1.0, "h": 3.3 }, "geometry": { "type": "MultiPolygon", "coordinates": [ [ [ [ 126.92499, 35.153239 ], [ 126.924976, 35.153209 ], [ 126.924986, 35.153206 ], [ 126.925, 35.153236 ], [ 126.92499, 35.153239 ] ] ] ] } },
{ "type": "Feature", "properties": { "BUL_MAN_NO": 31028, "BULD_NM": null, "flo": 1.0, "h": 3.3 }, "geometry": { "type": "MultiPolygon", "coordinates": [ [ [ [ 126.925108, 35.153203 ], [ 126.925001, 35.153236 ], [ 126.924961, 35.153148 ], [ 126.925067, 35.153115 ], [ 126.925108, 35.153203 ] ] ] ] } },
{ "type": "Feature", "properties": { "BUL_MAN_NO": 24624, "BULD_NM": null, "flo": 1.0, "h": 3.3 }, "geometry": { "type": "MultiPolygon", "coordinates": [ [ [ [ 126.925257, 35.153152 ], [ 126.925234, 35.15313 ], [ 126.925223, 35.153134 ], [ 126.925232, 35.153149 ], [ 126.925127, 35.153192 ], [ 126.925136, 35.153204 ], [ 126.925257, 35.153152 ] ] ] ] } },
{ "type": "Feature", "properties": { "BUL_MAN_NO": 24623, "BULD_NM": null, "flo": 1.0, "h": 3.3 }, "geometry": { "type": "MultiPolygon", "coordinates": [ [ [ [ 126.925228, 35.153149 ], [ 126.925203, 35.153097 ], [ 126.925147, 35.153116 ], [ 126.925134, 35.153098 ], [ 126.92508, 35.153122 ], [ 126.925125, 35.153192 ], [ 126.925228, 35.153149 ] ] ] ] } },
{ "type": "Feature", "properties": { "BUL_MAN_NO": 24598, "BULD_NM": null, "flo": 1.0, "h": 3.3 }, "geometry": { "type": "MultiPolygon", "coordinates": [ [ [ [ 126.925133, 35.15308 ], [ 126.925164, 35.15307 ], [ 126.92517, 35.153079 ], [ 126.925181, 35.153074 ], [ 126.925167, 35.153052 ], [ 126.925125, 35.153066 ], [ 126.925133, 35.15308 ] ] ] ] } },
{ "type": "Feature", "properties": { "BUL_MAN_NO": 24595, "BULD_NM": null, "flo": 1.0, "h": 3.3 }, "geometry": { "type": "MultiPolygon", "coordinates": [ [ [ [ 126.925396, 35.15307 ], [ 126.925352, 35.153026 ], [ 126.925253, 35.153091 ], [ 126.925297, 35.153136 ], [ 126.925396, 35.15307 ] ] ] ] } },
{ "type": "Feature", "properties": { "BUL_MAN_NO": 24596, "BULD_NM": null, "flo": 1.0, "h": 3.3 }, "geometry": { "type": "MultiPolygon", "coordinates": [ [ [ [ 126.925253, 35.153072 ], [ 126.925333, 35.153038 ], [ 126.925308, 35.152993 ], [ 126.925215, 35.153029 ], [ 126.925233, 35.153065 ], [ 126.925246, 35.153062 ], [ 126.925253, 35.153072 ] ] ] ] } },
{ "type": "Feature", "properties": { "BUL_MAN_NO": 24635, "BULD_NM": null, "flo": 1.0, "h": 3.3 }, "geometry": { "type": "MultiPolygon", "coordinates": [ [ [ [ 126.92531, 35.152775 ], [ 126.925255, 35.152715 ], [ 126.925247, 35.15272 ], [ 126.925298, 35.152803 ], [ 126.925312, 35.152811 ], [ 126.925324, 35.152799 ], [ 126.925305, 35.152776 ], [ 126.92531, 35.152775 ] ] ] ] } },
{ "type": "Feature", "properties": { "BUL_MAN_NO": 24658, "BULD_NM": null, "flo": 1.0, "h": 3.3 }, "geometry": { "type": "MultiPolygon", "coordinates": [ [ [ [ 126.922081, 35.150887 ], [ 126.922031, 35.150868 ], [ 126.921979, 35.150943 ], [ 126.922013, 35.150954 ], [ 126.922039, 35.150956 ], [ 126.922081, 35.150887 ] ] ] ] } },
{ "type": "Feature", "properties": { "BUL_MAN_NO": 24657, "BULD_NM": null, "flo": 1.0, "h": 3.3 }, "geometry": { "type": "MultiPolygon", "coordinates": [ [ [ [ 126.922238, 35.150967 ], [ 126.922199, 35.150955 ], [ 126.922178, 35.151009 ], [ 126.9222, 35.151017 ], [ 126.922238, 35.150967 ] ] ] ] } },
{ "type": "Feature", "properties": { "BUL_MAN_NO": 3901, "BULD_NM": null, "flo": 1.0, "h": 3.3 }, "geometry": { "type": "MultiPolygon", "coordinates": [ [ [ [ 126.922194, 35.150955 ], [ 126.922068, 35.150915 ], [ 126.922042, 35.150966 ], [ 126.92217, 35.151008 ], [ 126.922194, 35.150955 ] ] ] ] } },
{ "type": "Feature", "properties": { "BUL_MAN_NO": 27962, "BULD_NM": null, "flo": 4.0, "h": 13.2 }, "geometry": { "type": "MultiPolygon", "coordinates": [ [ [ [ 126.922062, 35.150852 ], [ 126.922241, 35.150921 ], [ 126.922271, 35.150848 ], [ 126.922245, 35.150843 ], [ 126.922273, 35.15079 ], [ 126.92225, 35.15078 ], [ 126.922266, 35.15075 ], [ 126.92213, 35.15071 ], [ 126.922104, 35.15076 ], [ 126.922119, 35.150764 ], [ 126.922114, 35.15078 ], [ 126.922097, 35.150776 ], [ 126.922055, 35.150842 ], [ 126.922062, 35.150852 ] ] ] ] } },
{ "type": "Feature", "properties": { "BUL_MAN_NO": 24677, "BULD_NM": null, "flo": 1.0, "h": 3.3 }, "geometry": { "type": "MultiPolygon", "coordinates": [ [ [ [ 126.922701, 35.150259 ], [ 126.922674, 35.150236 ], [ 126.92262, 35.150282 ], [ 126.92268, 35.150333 ], [ 126.92273, 35.150294 ], [ 126.922694, 35.150265 ], [ 126.922701, 35.150259 ] ] ] ] } },
{ "type": "Feature", "properties": { "BUL_MAN_NO": 36672, "BULD_NM": null, "flo": 1.0, "h": 3.3 }, "geometry": { "type": "MultiPolygon", "coordinates": [ [ [ [ 126.922675, 35.150235 ], [ 126.922702, 35.150257 ], [ 126.92271, 35.150251 ], [ 126.922684, 35.150229 ], [ 126.922675, 35.150235 ] ] ] ] } },
{ "type": "Feature", "properties": { "BUL_MAN_NO": 36673, "BULD_NM": null, "flo": 1.0, "h": 3.3 }, "geometry": { "type": "MultiPolygon", "coordinates": [ [ [ [ 126.92271, 35.150254 ], [ 126.922723, 35.150265 ], [ 126.922717, 35.150269 ], [ 126.922705, 35.150258 ], [ 126.92271, 35.150254 ] ] ] ] } },
{ "type": "Feature", "properties": { "BUL_MAN_NO": 24679, "BULD_NM": null, "flo": 1.0, "h": 3.3 }, "geometry": { "type": "MultiPolygon", "coordinates": [ [ [ [ 126.922872, 35.150377 ], [ 126.92282, 35.150333 ], [ 126.92281, 35.15034 ], [ 126.922776, 35.150315 ], [ 126.922764, 35.150326 ], [ 126.922756, 35.15032 ], [ 126.922706, 35.150366 ], [ 126.922798, 35.150446 ], [ 126.922872, 35.150377 ] ] ] ] } },
{ "type": "Feature", "properties": { "BUL_MAN_NO": 11481, "BULD_NM": null, "flo": 1.0, "h": 3.3 }, "geometry": { "type": "MultiPolygon", "coordinates": [ [ [ [ 126.922662, 35.150334 ], [ 126.922618, 35.150299 ], [ 126.922608, 35.150306 ], [ 126.922602, 35.1503 ], [ 126.922591, 35.150309 ], [ 126.92258, 35.150301 ], [ 126.92254, 35.150337 ], [ 126.922606, 35.150389 ], [ 126.922624, 35.150376 ], [ 126.922662, 35.150334 ] ] ] ] } },
{ "type": "Feature", "properties": { "BUL_MAN_NO": 24678, "BULD_NM": null, "flo": 1.0, "h": 3.3 }, "geometry": { "type": "MultiPolygon", "coordinates": [ [ [ [ 126.922784, 35.150448 ], [ 126.922735, 35.150406 ], [ 126.922725, 35.150416 ], [ 126.922685, 35.150389 ], [ 126.92268, 35.150393 ], [ 126.922677, 35.15039 ], [ 126.922617, 35.150453 ], [ 126.922715, 35.150516 ], [ 126.922784, 35.150448 ] ] ] ] } },
{ "type": "Feature", "properties": { "BUL_MAN_NO": 36704, "BULD_NM": null, "flo": 1.0, "h": 3.3 }, "geometry": { "type": "MultiPolygon", "coordinates": [ [ [ [ 126.922732, 35.150401 ], [ 126.922725, 35.150396 ], [ 126.92272, 35.1504 ], [ 126.922727, 35.150406 ], [ 126.922732, 35.150401 ] ] ] ] } },
{ "type": "Feature", "properties": { "BUL_MAN_NO": 24681, "BULD_NM": null, "flo": 1.0, "h": 3.3 }, "geometry": { "type": "MultiPolygon", "coordinates": [ [ [ [ 126.922595, 35.150408 ], [ 126.922527, 35.150346 ], [ 126.922461, 35.150401 ], [ 126.922545, 35.150468 ], [ 126.922578, 35.150439 ], [ 126.922574, 35.150435 ], [ 126.922586, 35.150425 ], [ 126.92258, 35.15042 ], [ 126.922595, 35.150408 ] ] ] ] } },
{ "type": "Feature", "properties": { "BUL_MAN_NO": 36708, "BULD_NM": null, "flo": 1.0, "h": 3.3 }, "geometry": { "type": "MultiPolygon", "coordinates": [ [ [ [ 126.922589, 35.150425 ], [ 126.922583, 35.15042 ], [ 126.922596, 35.15041 ], [ 126.922602, 35.150414 ], [ 126.922589, 35.150425 ] ] ] ] } },
{ "type": "Feature", "properties": { "BUL_MAN_NO": 24680, "BULD_NM": null, "flo": 1.0, "h": 3.3 }, "geometry": { "type": "MultiPolygon", "coordinates": [ [ [ [ 126.922533, 35.150477 ], [ 126.922455, 35.150419 ], [ 126.922406, 35.150467 ], [ 126.922483, 35.150522 ], [ 126.922533, 35.150477 ] ] ] ] } },
{ "type": "Feature", "properties": { "BUL_MAN_NO": 4319, "BULD_NM": null, "flo": 1.0, "h": 3.3 }, "geometry": { "type": "MultiPolygon", "coordinates": [ [ [ [ 126.923899, 35.152801 ], [ 126.923877, 35.152749 ], [ 126.923799, 35.152768 ], [ 126.923794, 35.152757 ], [ 126.92374, 35.15277 ], [ 126.923769, 35.152838 ], [ 126.923899, 35.152801 ] ] ] ] } },
{ "type": "Feature", "properties": { "BUL_MAN_NO": 37152, "BULD_NM": null, "flo": 1.0, "h": 3.3 }, "geometry": { "type": "MultiPolygon", "coordinates": [ [ [ [ 126.92375, 35.152839 ], [ 126.92374, 35.152813 ], [ 126.923755, 35.152808 ], [ 126.923766, 35.152834 ], [ 126.92375, 35.152839 ] ] ] ] } },
{ "type": "Feature", "properties": { "BUL_MAN_NO": 4311, "BULD_NM": null, "flo": 1.0, "h": 3.3 }, "geometry": { "type": "MultiPolygon", "coordinates": [ [ [ [ 126.924074, 35.152846 ], [ 126.924047, 35.152773 ], [ 126.923999, 35.152786 ], [ 126.924004, 35.152797 ], [ 126.923928, 35.152816 ], [ 126.923951, 35.152876 ], [ 126.924074, 35.152846 ] ] ] ] } },
{ "type": "Feature", "properties": { "BUL_MAN_NO": 37121, "BULD_NM": null, "flo": 1.0, "h": 3.3 }, "geometry": { "type": "MultiPolygon", "coordinates": [ [ [ [ 126.923929, 35.152812 ], [ 126.923925, 35.152804 ], [ 126.923948, 35.152798 ], [ 126.923952, 35.152806 ], [ 126.923929, 35.152812 ] ] ] ] } },
{ "type": "Feature", "properties": { "BUL_MAN_NO": 4316, "BULD_NM": null, "flo": 1.0, "h": 3.3 }, "geometry": { "type": "MultiPolygon", "coordinates": [ [ [ [ 126.923927, 35.152879 ], [ 126.923903, 35.152825 ], [ 126.923828, 35.152844 ], [ 126.923823, 35.15283 ], [ 126.923773, 35.152845 ], [ 126.923798, 35.152912 ], [ 126.923927, 35.152879 ] ] ] ] } },
{ "type": "Feature", "properties": { "BUL_MAN_NO": 37151, "BULD_NM": null, "flo": 1.0, "h": 3.3 }, "geometry": { "type": "MultiPolygon", "coordinates": [ [ [ [ 126.923929, 35.152876 ], [ 126.923917, 35.152846 ], [ 126.92393, 35.152842 ], [ 126.923942, 35.152873 ], [ 126.923929, 35.152876 ] ] ] ] } },
{ "type": "Feature", "properties": { "BUL_MAN_NO": 24714, "BULD_NM": null, "flo": 1.0, "h": 3.3 }, "geometry": { "type": "MultiPolygon", "coordinates": [ [ [ [ 126.927577, 35.151937 ], [ 126.927543, 35.151937 ], [ 126.927536, 35.152019 ], [ 126.927578, 35.15202 ], [ 126.927577, 35.151937 ] ] ] ] } },
{ "type": "Feature", "properties": { "BUL_MAN_NO": 24793, "BULD_NM": null, "flo": 2.0, "h": 6.6 }, "geometry": { "type": "MultiPolygon", "coordinates": [ [ [ [ 126.921347, 35.151872 ], [ 126.921307, 35.15184 ], [ 126.921232, 35.151901 ], [ 126.921306, 35.151966 ], [ 126.921367, 35.151919 ], [ 126.921355, 35.151911 ], [ 126.921366, 35.151902 ], [ 126.92134, 35.151882 ], [ 126.921347, 35.151872 ] ] ] ] } },
{ "type": "Feature", "properties": { "BUL_MAN_NO": 37372, "BULD_NM": null, "flo": 1.0, "h": 3.3 }, "geometry": { "type": "MultiPolygon", "coordinates": [ [ [ [ 126.921364, 35.151887 ], [ 126.921371, 35.151881 ], [ 126.921394, 35.151898 ], [ 126.921386, 35.151903 ], [ 126.921364, 35.151887 ] ] ] ] } },
{ "type": "Feature", "properties": { "BUL_MAN_NO": 24788, "BULD_NM": null, "flo": 2.0, "h": 6.6 }, "geometry": { "type": "MultiPolygon", "coordinates": [ [ [ [ 126.921452, 35.151945 ], [ 126.921407, 35.151909 ], [ 126.921391, 35.151923 ], [ 126.921384, 35.151916 ], [ 126.921309, 35.151976 ], [ 126.921361, 35.15202 ], [ 126.921452, 35.151945 ] ] ] ] } },
{ "type": "Feature", "properties": { "BUL_MAN_NO": 24792, "BULD_NM": null, "flo": 2.0, "h": 6.6 }, "geometry": { "type": "MultiPolygon", "coordinates": [ [ [ [ 126.921503, 35.151994 ], [ 126.921456, 35.151952 ], [ 126.921372, 35.152027 ], [ 126.921418, 35.152063 ], [ 126.921503, 35.151994 ] ] ] ] } },
{ "type": "Feature", "properties": { "BUL_MAN_NO": 24785, "BULD_NM": null, "flo": 2.0, "h": 6.6 }, "geometry": { "type": "MultiPolygon", "coordinates": [ [ [ [ 126.921729, 35.152179 ], [ 126.921695, 35.152157 ], [ 126.921683, 35.152167 ], [ 126.921642, 35.152141 ], [ 126.921609, 35.152185 ], [ 126.921678, 35.15223 ], [ 126.921729, 35.152179 ] ] ] ] } },
{ "type": "Feature", "properties": { "BUL_MAN_NO": 37358, "BULD_NM": null, "flo": 1.0, "h": 3.3 }, "geometry": { "type": "MultiPolygon", "coordinates": [ [ [ [ 126.921648, 35.152141 ], [ 126.921683, 35.152164 ], [ 126.921694, 35.152154 ], [ 126.921729, 35.152178 ], [ 126.921733, 35.152174 ], [ 126.921666, 35.152125 ], [ 126.921648, 35.152141 ] ] ] ] } },
{ "type": "Feature", "properties": { "BUL_MAN_NO": 24786, "BULD_NM": null, "flo": 1.0, "h": 3.3 }, "geometry": { "type": "MultiPolygon", "coordinates": [ [ [ [ 126.921921, 35.152164 ], [ 126.921864, 35.152113 ], [ 126.921843, 35.15213 ], [ 126.92185, 35.152137 ], [ 126.921807, 35.152173 ], [ 126.921852, 35.152212 ], [ 126.921921, 35.152164 ] ] ] ] } },
{ "type": "Feature", "properties": { "BUL_MAN_NO": 37359, "BULD_NM": null, "flo": 1.0, "h": 3.3 }, "geometry": { "type": "MultiPolygon", "coordinates": [ [ [ [ 126.921754, 35.152132 ], [ 126.921765, 35.152122 ], [ 126.921786, 35.15214 ], [ 126.921774, 35.152149 ], [ 126.921754, 35.152132 ] ] ] ] } },
{ "type": "Feature", "properties": { "BUL_MAN_NO": 37360, "BULD_NM": null, "flo": 2.0, "h": 6.6 }, "geometry": { "type": "MultiPolygon", "coordinates": [ [ [ [ 126.921771, 35.15212 ], [ 126.921821, 35.152079 ], [ 126.921852, 35.152105 ], [ 126.9218, 35.152144 ], [ 126.921771, 35.15212 ] ] ] ] } },
{ "type": "Feature", "properties": { "BUL_MAN_NO": 24791, "BULD_NM": null, "flo": 2.0, "h": 6.6 }, "geometry": { "type": "MultiPolygon", "coordinates": [ [ [ [ 126.921802, 35.152239 ], [ 126.921782, 35.152221 ], [ 126.921778, 35.152225 ], [ 126.921769, 35.152233 ], [ 126.921724, 35.152199 ], [ 126.921677, 35.152248 ], [ 126.921696, 35.152265 ], [ 126.921741, 35.152276 ], [ 126.921762, 35.152278 ], [ 126.921771, 35.152261 ], [ 126.921802, 35.152239 ] ] ] ] } },
{ "type": "Feature", "properties": { "BUL_MAN_NO": 37366, "BULD_NM": null, "flo": 1.0, "h": 3.3 }, "geometry": { "type": "MultiPolygon", "coordinates": [ [ [ [ 126.921729, 35.152189 ], [ 126.921737, 35.152182 ], [ 126.921757, 35.152197 ], [ 126.921749, 35.152203 ], [ 126.921729, 35.152189 ] ] ] ] } },
{ "type": "Feature", "properties": { "BUL_MAN_NO": 37364, "BULD_NM": null, "flo": 1.0, "h": 3.3 }, "geometry": { "type": "MultiPolygon", "coordinates": [ [ [ [ 126.921836, 35.152267 ], [ 126.921811, 35.152285 ], [ 126.921819, 35.152291 ], [ 126.92181, 35.1523 ], [ 126.921835, 35.15232 ], [ 126.921844, 35.152312 ], [ 126.921869, 35.152332 ], [ 126.921893, 35.152312 ], [ 126.921836, 35.152267 ] ] ] ] } },
{ "type": "Feature", "properties": { "BUL_MAN_NO": 37365, "BULD_NM": null, "flo": 1.0, "h": 3.3 }, "geometry": { "type": "MultiPolygon", "coordinates": [ [ [ [ 126.921963, 35.152392 ], [ 126.921958, 35.152389 ], [ 126.921969, 35.152373 ], [ 126.921974, 35.152377 ], [ 126.921963, 35.152392 ] ] ] ] } },
{ "type": "Feature", "properties": { "BUL_MAN_NO": 24790, "BULD_NM": null, "flo": 2.0, "h": 6.6 }, "geometry": { "type": "MultiPolygon", "coordinates": [ [ [ [ 126.921878, 35.152347 ], [ 126.921816, 35.15234 ], [ 126.921796, 35.15241 ], [ 126.921931, 35.152434 ], [ 126.921948, 35.152387 ], [ 126.921929, 35.152383 ], [ 126.921931, 35.152372 ], [ 126.921911, 35.15237 ], [ 126.921912, 35.152365 ], [ 126.921876, 35.15236 ], [ 126.921878, 35.152347 ] ] ] ] } },
{ "type": "Feature", "properties": { "BUL_MAN_NO": 37374, "BULD_NM": null, "flo": 1.0, "h": 3.3 }, "geometry": { "type": "MultiPolygon", "coordinates": [ [ [ [ 126.921643, 35.152276 ], [ 126.921663, 35.152263 ], [ 126.921672, 35.152272 ], [ 126.921653, 35.152285 ], [ 126.921643, 35.152276 ] ] ] ] } },
{ "type": "Feature", "properties": { "BUL_MAN_NO": 24796, "BULD_NM": null, "flo": 2.0, "h": 6.6 }, "geometry": { "type": "MultiPolygon", "coordinates": [ [ [ [ 126.921685, 35.152307 ], [ 126.921644, 35.152301 ], [ 126.921641, 35.152312 ], [ 126.921593, 35.152305 ], [ 126.921578, 35.152353 ], [ 126.921667, 35.152366 ], [ 126.921685, 35.152307 ] ] ] ] } },
{ "type": "Feature", "properties": { "BUL_MAN_NO": 37363, "BULD_NM": null, "flo": 1.0, "h": 3.3 }, "geometry": { "type": "MultiPolygon", "coordinates": [ [ [ [ 126.921754, 35.152319 ], [ 126.921758, 35.152304 ], [ 126.921793, 35.152307 ], [ 126.92179, 35.152323 ], [ 126.921754, 35.152319 ] ] ] ] } },
{ "type": "Feature", "properties": { "BUL_MAN_NO": 24795, "BULD_NM": null, "flo": 2.0, "h": 6.6 }, "geometry": { "type": "MultiPolygon", "coordinates": [ [ [ [ 126.921737, 35.152315 ], [ 126.921698, 35.152309 ], [ 126.921684, 35.152373 ], [ 126.921785, 35.152387 ], [ 126.921786, 35.152375 ], [ 126.921793, 35.152331 ], [ 126.921782, 35.15233 ], [ 126.921737, 35.152325 ], [ 126.921737, 35.152315 ] ] ] ] } },
{ "type": "Feature", "properties": { "BUL_MAN_NO": 24803, "BULD_NM": null, "flo": 1.0, "h": 3.3 }, "geometry": { "type": "MultiPolygon", "coordinates": [ [ [ [ 126.921173, 35.152571 ], [ 126.921143, 35.152552 ], [ 126.921086, 35.15261 ], [ 126.921087, 35.152644 ], [ 126.921097, 35.152653 ], [ 126.921173, 35.152571 ] ] ] ] } },
{ "type": "Feature", "properties": { "BUL_MAN_NO": 24810, "BULD_NM": null, "flo": 3.0, "h": 9.9 }, "geometry": { "type": "MultiPolygon", "coordinates": [ [ [ [ 126.920991, 35.152497 ], [ 126.920981, 35.15249 ], [ 126.920936, 35.152537 ], [ 126.920972, 35.152559 ], [ 126.921024, 35.15255 ], [ 126.921033, 35.152541 ], [ 126.920997, 35.152518 ], [ 126.921003, 35.152511 ], [ 126.920986, 35.1525 ], [ 126.920991, 35.152497 ] ] ] ] } },
{ "type": "Feature", "properties": { "BUL_MAN_NO": 24806, "BULD_NM": null, "flo": 1.0, "h": 3.3 }, "geometry": { "type": "MultiPolygon", "coordinates": [ [ [ [ 126.921104, 35.152465 ], [ 126.92097, 35.152376 ], [ 126.920922, 35.152424 ], [ 126.921056, 35.152517 ], [ 126.921104, 35.152465 ] ] ] ] } },
{ "type": "Feature", "properties": { "BUL_MAN_NO": 37362, "BULD_NM": null, "flo": 1.0, "h": 3.3 }, "geometry": { "type": "MultiPolygon", "coordinates": [ [ [ [ 126.921107, 35.152461 ], [ 126.921087, 35.152448 ], [ 126.921094, 35.152442 ], [ 126.921113, 35.152456 ], [ 126.921107, 35.152461 ] ] ] ] } },
{ "type": "Feature", "properties": { "BUL_MAN_NO": 24801, "BULD_NM": null, "flo": 2.0, "h": 6.6 }, "geometry": { "type": "MultiPolygon", "coordinates": [ [ [ [ 126.921381, 35.15251 ], [ 126.92133, 35.152477 ], [ 126.921319, 35.152487 ], [ 126.921249, 35.152441 ], [ 126.921197, 35.152491 ], [ 126.921318, 35.152574 ], [ 126.921381, 35.15251 ] ] ] ] } },
{ "type": "Feature", "properties": { "BUL_MAN_NO": 24808, "BULD_NM": null, "flo": 1.0, "h": 3.3 }, "geometry": { "type": "MultiPolygon", "coordinates": [ [ [ [ 126.921437, 35.152129 ], [ 126.921385, 35.152091 ], [ 126.921393, 35.152081 ], [ 126.921351, 35.152056 ], [ 126.921299, 35.152096 ], [ 126.921291, 35.15209 ], [ 126.921255, 35.152114 ], [ 126.921378, 35.152191 ], [ 126.921437, 35.152129 ] ] ] ] } },
{ "type": "Feature", "properties": { "BUL_MAN_NO": 24809, "BULD_NM": null, "flo": 1.0, "h": 3.3 }, "geometry": { "type": "MultiPolygon", "coordinates": [ [ [ [ 126.92138, 35.152201 ], [ 126.921339, 35.152175 ], [ 126.921252, 35.152251 ], [ 126.92129, 35.152275 ], [ 126.92131, 35.152272 ], [ 126.92138, 35.152201 ] ] ] ] } },
{ "type": "Feature", "properties": { "BUL_MAN_NO": 24802, "BULD_NM": null, "flo": 1.0, "h": 3.3 }, "geometry": { "type": "MultiPolygon", "coordinates": [ [ [ [ 126.921435, 35.152426 ], [ 126.92131, 35.152349 ], [ 126.921266, 35.152397 ], [ 126.921385, 35.152479 ], [ 126.921435, 35.152426 ] ] ] ] } },
{ "type": "Feature", "properties": { "BUL_MAN_NO": 24805, "BULD_NM": null, "flo": 1.0, "h": 3.3 }, "geometry": { "type": "MultiPolygon", "coordinates": [ [ [ [ 126.921358, 35.152025 ], [ 126.921303, 35.151983 ], [ 126.921253, 35.152021 ], [ 126.921306, 35.152064 ], [ 126.921358, 35.152025 ] ] ] ] } },
{ "type": "Feature", "properties": { "BUL_MAN_NO": 24804, "BULD_NM": null, "flo": 2.0, "h": 6.6 }, "geometry": { "type": "MultiPolygon", "coordinates": [ [ [ [ 126.921631, 35.152222 ], [ 126.921576, 35.152184 ], [ 126.92157, 35.152188 ], [ 126.921531, 35.152163 ], [ 126.921513, 35.152175 ], [ 126.921507, 35.152172 ], [ 126.92148, 35.152202 ], [ 126.921587, 35.152285 ], [ 126.921627, 35.152238 ], [ 126.921623, 35.152234 ], [ 126.921631, 35.152222 ] ] ] ] } },
{ "type": "Feature", "properties": { "BUL_MAN_NO": 37507, "BULD_NM": null, "flo": 4.0, "h": 13.2 }, "geometry": { "type": "MultiPolygon", "coordinates": [ [ [ [ 126.92167, 35.152063 ], [ 126.921722, 35.152108 ], [ 126.921741, 35.152093 ], [ 126.921737, 35.15209 ], [ 126.921756, 35.152075 ], [ 126.921772, 35.152088 ], [ 126.92186, 35.152019 ], [ 126.921837, 35.151999 ], [ 126.921844, 35.151993 ], [ 126.921798, 35.151954 ], [ 126.921722, 35.152014 ], [ 126.921731, 35.152022 ], [ 126.921698, 35.152048 ], [ 126.921694, 35.152044 ], [ 126.92167, 35.152063 ] ] ] ] } },
{ "type": "Feature", "properties": { "BUL_MAN_NO": 24813, "BULD_NM": null, "flo": 2.0, "h": 6.6 }, "geometry": { "type": "MultiPolygon", "coordinates": [ [ [ [ 126.92101, 35.152158 ], [ 126.920969, 35.152129 ], [ 126.920911, 35.152186 ], [ 126.921002, 35.152248 ], [ 126.921053, 35.152196 ], [ 126.921005, 35.152163 ], [ 126.92101, 35.152158 ] ] ] ] } },
{ "type": "Feature", "properties": { "BUL_MAN_NO": 37370, "BULD_NM": null, "flo": 1.0, "h": 3.3 }, "geometry": { "type": "MultiPolygon", "coordinates": [ [ [ [ 126.921043, 35.152185 ], [ 126.921051, 35.152176 ], [ 126.921064, 35.152184 ], [ 126.921055, 35.152193 ], [ 126.921043, 35.152185 ] ] ] ] } },
{ "type": "Feature", "properties": { "BUL_MAN_NO": 24815, "BULD_NM": null, "flo": 2.0, "h": 6.6 }, "geometry": { "type": "MultiPolygon", "coordinates": [ [ [ [ 126.921179, 35.152263 ], [ 126.921138, 35.152235 ], [ 126.921134, 35.152239 ], [ 126.921088, 35.152212 ], [ 126.921033, 35.152266 ], [ 126.92112, 35.152324 ], [ 126.921179, 35.152263 ] ] ] ] } },
{ "type": "Feature", "properties": { "BUL_MAN_NO": 24812, "BULD_NM": null, "flo": 2.0, "h": 6.6 }, "geometry": { "type": "MultiPolygon", "coordinates": [ [ [ [ 126.921257, 35.152131 ], [ 126.921228, 35.152108 ], [ 126.921138, 35.152183 ], [ 126.921179, 35.152208 ], [ 126.921257, 35.152131 ] ] ] ] } },
{ "type": "Feature", "properties": { "BUL_MAN_NO": 24816, "BULD_NM": null, "flo": 2.0, "h": 6.6 }, "geometry": { "type": "MultiPolygon", "coordinates": [ [ [ [ 126.921316, 35.152169 ], [ 126.921267, 35.152138 ], [ 126.921203, 35.152197 ], [ 126.921207, 35.152199 ], [ 126.921193, 35.152216 ], [ 126.92123, 35.152241 ], [ 126.921316, 35.152169 ] ] ] ] } },
{ "type": "Feature", "properties": { "BUL_MAN_NO": 24814, "BULD_NM": null, "flo": 1.0, "h": 3.3 }, "geometry": { "type": "MultiPolygon", "coordinates": [ [ [ [ 126.921254, 35.152322 ], [ 126.92118, 35.152272 ], [ 126.92112, 35.152329 ], [ 126.921197, 35.152379 ], [ 126.921254, 35.152322 ] ] ] ] } },
{ "type": "Feature", "properties": { "BUL_MAN_NO": 37371, "BULD_NM": null, "flo": 1.0, "h": 3.3 }, "geometry": { "type": "MultiPolygon", "coordinates": [ [ [ [ 126.921254, 35.15232 ], [ 126.921222, 35.152299 ], [ 126.921227, 35.152293 ], [ 126.92126, 35.152314 ], [ 126.921254, 35.15232 ] ] ] ] } },
{ "type": "Feature", "properties": { "BUL_MAN_NO": 24818, "BULD_NM": null, "flo": 2.0, "h": 6.6 }, "geometry": { "type": "MultiPolygon", "coordinates": [ [ [ [ 126.920935, 35.152234 ], [ 126.920893, 35.152208 ], [ 126.920843, 35.152256 ], [ 126.920925, 35.152315 ], [ 126.920963, 35.152275 ], [ 126.920954, 35.152269 ], [ 126.920961, 35.152262 ], [ 126.920929, 35.152241 ], [ 126.920935, 35.152234 ] ] ] ] } },
{ "type": "Feature", "properties": { "BUL_MAN_NO": 37369, "BULD_NM": null, "flo": 1.0, "h": 3.3 }, "geometry": { "type": "MultiPolygon", "coordinates": [ [ [ [ 126.920983, 35.152268 ], [ 126.920972, 35.15226 ], [ 126.920983, 35.152251 ], [ 126.920995, 35.152259 ], [ 126.920983, 35.152268 ] ] ] ] } },
{ "type": "Feature", "properties": { "BUL_MAN_NO": 24817, "BULD_NM": null, "flo": 1.0, "h": 3.3 }, "geometry": { "type": "MultiPolygon", "coordinates": [ [ [ [ 126.921104, 35.152336 ], [ 126.921031, 35.15229 ], [ 126.920972, 35.152355 ], [ 126.921035, 35.1524 ], [ 126.921104, 35.152336 ] ] ] ] } },
{ "type": "Feature", "properties": { "BUL_MAN_NO": 37361, "BULD_NM": null, "flo": 1.0, "h": 3.3 }, "geometry": { "type": "MultiPolygon", "coordinates": [ [ [ [ 126.920954, 35.152339 ], [ 126.920979, 35.152313 ], [ 126.920997, 35.152323 ], [ 126.920971, 35.152351 ], [ 126.920954, 35.152339 ] ] ] ] } },
{ "type": "Feature", "properties": { "BUL_MAN_NO": 24819, "BULD_NM": null, "flo": 2.0, "h": 6.6 }, "geometry": { "type": "MultiPolygon", "coordinates": [ [ [ [ 126.921515, 35.152514 ], [ 126.92154, 35.152446 ], [ 126.9215, 35.152428 ], [ 126.921492, 35.152446 ], [ 126.921481, 35.152442 ], [ 126.921464, 35.152467 ], [ 126.921455, 35.152464 ], [ 126.921428, 35.152504 ], [ 126.92142, 35.1525 ], [ 126.921387, 35.152549 ], [ 126.921465, 35.152584 ], [ 126.921515, 35.152514 ] ] ] ] } },
{ "type": "Feature", "properties": { "BUL_MAN_NO": 37352, "BULD_NM": null, "flo": 1.0, "h": 3.3 }, "geometry": { "type": "MultiPolygon", "coordinates": [ [ [ [ 126.921481, 35.152428 ], [ 126.921487, 35.152421 ], [ 126.921496, 35.152424 ], [ 126.921489, 35.152432 ], [ 126.921481, 35.152428 ] ] ] ] } },
{ "type": "Feature", "properties": { "BUL_MAN_NO": 24820, "BULD_NM": null, "flo": 1.0, "h": 3.3 }, "geometry": { "type": "MultiPolygon", "coordinates": [ [ [ [ 126.921668, 35.152377 ], [ 126.921547, 35.152364 ], [ 126.92153, 35.152416 ], [ 126.921645, 35.15244 ], [ 126.921668, 35.152377 ] ] ] ] } },
{ "type": "Feature", "properties": { "BUL_MAN_NO": 24822, "BULD_NM": null, "flo": 1.0, "h": 3.3 }, "geometry": { "type": "MultiPolygon", "coordinates": [ [ [ [ 126.922331, 35.152529 ], [ 126.922308, 35.152488 ], [ 126.922257, 35.152501 ], [ 126.922257, 35.15251 ], [ 126.922198, 35.152549 ], [ 126.922237, 35.152587 ], [ 126.922331, 35.152529 ] ] ] ] } },
{ "type": "Feature", "properties": { "BUL_MAN_NO": 24823, "BULD_NM": null, "flo": 1.0, "h": 3.3 }, "geometry": { "type": "MultiPolygon", "coordinates": [ [ [ [ 126.922251, 35.152503 ], [ 126.922243, 35.152491 ], [ 126.922182, 35.152522 ], [ 126.922198, 35.152539 ], [ 126.922251, 35.152503 ] ] ] ] } },
{ "type": "Feature", "properties": { "BUL_MAN_NO": 24824, "BULD_NM": null, "flo": 1.0, "h": 3.3 }, "geometry": { "type": "MultiPolygon", "coordinates": [ [ [ [ 126.922269, 35.152689 ], [ 126.922217, 35.152674 ], [ 126.922185, 35.152746 ], [ 126.922239, 35.152761 ], [ 126.922269, 35.152689 ] ] ] ] } },
{ "type": "Feature", "properties": { "BUL_MAN_NO": 24821, "BULD_NM": null, "flo": 1.0, "h": 3.3 }, "geometry": { "type": "MultiPolygon", "coordinates": [ [ [ [ 126.92232, 35.152682 ], [ 126.922286, 35.152682 ], [ 126.922278, 35.152718 ], [ 126.92236, 35.152789 ], [ 126.922392, 35.15277 ], [ 126.922375, 35.152727 ], [ 126.922362, 35.152688 ], [ 126.92232, 35.152682 ] ] ] ] } },
{ "type": "Feature", "properties": { "BUL_MAN_NO": 37138, "BULD_NM": null, "flo": 1.0, "h": 3.3 }, "geometry": { "type": "MultiPolygon", "coordinates": [ [ [ [ 126.921443, 35.152808 ], [ 126.921436, 35.152802 ], [ 126.921444, 35.152797 ], [ 126.92145, 35.152803 ], [ 126.921443, 35.152808 ] ] ] ] } },
{ "type": "Feature", "properties": { "BUL_MAN_NO": 24829, "BULD_NM": null, "flo": 2.0, "h": 6.6 }, "geometry": { "type": "MultiPolygon", "coordinates": [ [ [ [ 126.921503, 35.152865 ], [ 126.921432, 35.152803 ], [ 126.921385, 35.152834 ], [ 126.921382, 35.152853 ], [ 126.921449, 35.152904 ], [ 126.921503, 35.152865 ] ] ] ] } },
{ "type": "Feature", "properties": { "BUL_MAN_NO": 24827, "BULD_NM": null, "flo": 1.0, "h": 3.3 }, "geometry": { "type": "MultiPolygon", "coordinates": [ [ [ [ 126.921591, 35.152812 ], [ 126.921551, 35.152807 ], [ 126.921517, 35.152852 ], [ 126.921555, 35.152865 ], [ 126.921591, 35.152812 ] ] ] ] } },
{ "type": "Feature", "properties": { "BUL_MAN_NO": 24828, "BULD_NM": null, "flo": 1.0, "h": 3.3 }, "geometry": { "type": "MultiPolygon", "coordinates": [ [ [ [ 126.921507, 35.152805 ], [ 126.921481, 35.152791 ], [ 126.921463, 35.15281 ], [ 126.921511, 35.152853 ], [ 126.921535, 35.152826 ], [ 126.921507, 35.152805 ] ] ] ] } },
{ "type": "Feature", "properties": { "BUL_MAN_NO": 24826, "BULD_NM": null, "flo": 1.0, "h": 3.3 }, "geometry": { "type": "MultiPolygon", "coordinates": [ [ [ [ 126.921709, 35.152845 ], [ 126.921664, 35.152824 ], [ 126.921649, 35.152844 ], [ 126.9216, 35.152824 ], [ 126.921563, 35.152874 ], [ 126.921658, 35.152918 ], [ 126.921709, 35.152845 ] ] ] ] } },
{ "type": "Feature", "properties": { "BUL_MAN_NO": 37137, "BULD_NM": null, "flo": 1.0, "h": 3.3 }, "geometry": { "type": "MultiPolygon", "coordinates": [ [ [ [ 126.921668, 35.152824 ], [ 126.92167, 35.152814 ], [ 126.921705, 35.152816 ], [ 126.921702, 35.152827 ], [ 126.921668, 35.152824 ] ] ] ] } },
{ "type": "Feature", "properties": { "BUL_MAN_NO": 24825, "BULD_NM": null, "flo": 1.0, "h": 3.3 }, "geometry": { "type": "MultiPolygon", "coordinates": [ [ [ [ 126.921745, 35.152984 ], [ 126.921765, 35.152951 ], [ 126.921789, 35.152916 ], [ 126.921774, 35.152911 ], [ 126.92175, 35.152902 ], [ 126.921742, 35.152917 ], [ 126.92168, 35.152894 ], [ 126.921651, 35.15294 ], [ 126.921696, 35.152978 ], [ 126.921706, 35.15297 ], [ 126.921745, 35.152984 ] ] ] ] } },
{ "type": "Feature", "properties": { "BUL_MAN_NO": 37134, "BULD_NM": null, "flo": 1.0, "h": 3.3 }, "geometry": { "type": "MultiPolygon", "coordinates": [ [ [ [ 126.921753, 35.152899 ], [ 126.921757, 35.15289 ], [ 126.92179, 35.152903 ], [ 126.921784, 35.152911 ], [ 126.921753, 35.152899 ] ] ] ] } },
{ "type": "Feature", "properties": { "BUL_MAN_NO": 24830, "BULD_NM": null, "flo": 1.0, "h": 3.3 }, "geometry": { "type": "MultiPolygon", "coordinates": [ [ [ [ 126.921621, 35.152684 ], [ 126.921569, 35.15267 ], [ 126.921535, 35.152751 ], [ 126.921593, 35.152769 ], [ 126.921621, 35.152684 ] ] ] ] } },
{ "type": "Feature", "properties": { "BUL_MAN_NO": 24831, "BULD_NM": null, "flo": 1.0, "h": 3.3 }, "geometry": { "type": "MultiPolygon", "coordinates": [ [ [ [ 126.921539, 35.152717 ], [ 126.921517, 35.152711 ], [ 126.921486, 35.152737 ], [ 126.921482, 35.152764 ], [ 126.921543, 35.152773 ], [ 126.92155, 35.152757 ], [ 126.921532, 35.15275 ], [ 126.921533, 35.152746 ], [ 126.921529, 35.152742 ], [ 126.921539, 35.152717 ] ] ] ] } },
{ "type": "Feature", "properties": { "BUL_MAN_NO": 24832, "BULD_NM": null, "flo": 1.0, "h": 3.3 }, "geometry": { "type": "MultiPolygon", "coordinates": [ [ [ [ 126.921775, 35.152734 ], [ 126.921624, 35.152715 ], [ 126.921609, 35.152776 ], [ 126.921758, 35.152793 ], [ 126.921775, 35.152734 ] ] ] ] } },
{ "type": "Feature", "properties": { "BUL_MAN_NO": 24837, "BULD_NM": null, "flo": 1.0, "h": 3.3 }, "geometry": { "type": "MultiPolygon", "coordinates": [ [ [ [ 126.921498, 35.152628 ], [ 126.921455, 35.152602 ], [ 126.921361, 35.152694 ], [ 126.921419, 35.152741 ], [ 126.921454, 35.152708 ], [ 126.921432, 35.152693 ], [ 126.921498, 35.152628 ] ] ] ] } },
{ "type": "Feature", "properties": { "BUL_MAN_NO": 24836, "BULD_NM": null, "flo": 1.0, "h": 3.3 }, "geometry": { "type": "MultiPolygon", "coordinates": [ [ [ [ 126.921528, 35.152647 ], [ 126.921509, 35.152632 ], [ 126.921474, 35.152666 ], [ 126.921495, 35.15268 ], [ 126.921528, 35.152647 ] ] ] ] } },
{ "type": "Feature", "properties": { "BUL_MAN_NO": 24834, "BULD_NM": null, "flo": 1.0, "h": 3.3 }, "geometry": { "type": "MultiPolygon", "coordinates": [ [ [ [ 126.921578, 35.152546 ], [ 126.921525, 35.152527 ], [ 126.921487, 35.152589 ], [ 126.92154, 35.152618 ], [ 126.921582, 35.152571 ], [ 126.921564, 35.152561 ], [ 126.921578, 35.152546 ] ] ] ] } },
{ "type": "Feature", "properties": { "BUL_MAN_NO": 24835, "BULD_NM": null, "flo": 1.0, "h": 3.3 }, "geometry": { "type": "MultiPolygon", "coordinates": [ [ [ [ 126.921598, 35.152444 ], [ 126.92156, 35.152437 ], [ 126.921533, 35.152514 ], [ 126.921613, 35.152542 ], [ 126.92164, 35.152484 ], [ 126.921591, 35.152468 ], [ 126.921598, 35.152444 ] ] ] ] } },
{ "type": "Feature", "properties": { "BUL_MAN_NO": 37353, "BULD_NM": null, "flo": 1.0, "h": 3.3 }, "geometry": { "type": "MultiPolygon", "coordinates": [ [ [ [ 126.921616, 35.152474 ], [ 126.921628, 35.152451 ], [ 126.921655, 35.15246 ], [ 126.921641, 35.152482 ], [ 126.921616, 35.152474 ] ] ] ] } },
{ "type": "Feature", "properties": { "BUL_MAN_NO": 24842, "BULD_NM": null, "flo": 1.0, "h": 3.3 }, "geometry": { "type": "MultiPolygon", "coordinates": [ [ [ [ 126.921735, 35.152383 ], [ 126.921708, 35.152379 ], [ 126.921652, 35.152446 ], [ 126.92173, 35.152461 ], [ 126.921755, 35.1524 ], [ 126.921726, 35.152397 ], [ 126.921735, 35.152383 ] ] ] ] } },
{ "type": "Feature", "properties": { "BUL_MAN_NO": 24841, "BULD_NM": null, "flo": 1.0, "h": 3.3 }, "geometry": { "type": "MultiPolygon", "coordinates": [ [ [ [ 126.921783, 35.152422 ], [ 126.92176, 35.152422 ], [ 126.921741, 35.152462 ], [ 126.921772, 35.15247 ], [ 126.921783, 35.152422 ] ] ] ] } },
{ "type": "Feature", "properties": { "BUL_MAN_NO": 24840, "BULD_NM": null, "flo": 1.0, "h": 3.3 }, "geometry": { "type": "MultiPolygon", "coordinates": [ [ [ [ 126.921882, 35.152533 ], [ 126.921908, 35.15245 ], [ 126.921867, 35.152441 ], [ 126.921862, 35.152457 ], [ 126.921801, 35.152444 ], [ 126.921793, 35.152442 ], [ 126.92178, 35.152498 ], [ 126.921801, 35.152505 ], [ 126.921882, 35.152533 ] ] ] ] } },
{ "type": "Feature", "properties": { "BUL_MAN_NO": 24833, "BULD_NM": null, "flo": 3.0, "h": 9.9 }, "geometry": { "type": "MultiPolygon", "coordinates": [ [ [ [ 126.921744, 35.152495 ], [ 126.921735, 35.152495 ], [ 126.921728, 35.152496 ], [ 126.921722, 35.152498 ], [ 126.921717, 35.152502 ], [ 126.921714, 35.152505 ], [ 126.921712, 35.152511 ], [ 126.921707, 35.152521 ], [ 126.921675, 35.152614 ], [ 126.921792, 35.152641 ], [ 126.921811, 35.152645 ], [ 126.921849, 35.152539 ], [ 126.921792, 35.152515 ], [ 126.921753, 35.152498 ], [ 126.921744, 35.152495 ] ] ] ] } },
{ "type": "Feature", "properties": { "BUL_MAN_NO": 24838, "BULD_NM": null, "flo": 2.0, "h": 6.6 }, "geometry": { "type": "MultiPolygon", "coordinates": [ [ [ [ 126.921796, 35.152676 ], [ 126.921701, 35.152659 ], [ 126.921702, 35.152666 ], [ 126.921651, 35.152656 ], [ 126.921634, 35.152704 ], [ 126.921781, 35.152724 ], [ 126.921788, 35.152714 ], [ 126.921796, 35.152676 ] ] ] ] } },
{ "type": "Feature", "properties": { "BUL_MAN_NO": 24839, "BULD_NM": null, "flo": 1.0, "h": 3.3 }, "geometry": { "type": "MultiPolygon", "coordinates": [ [ [ [ 126.921649, 35.152646 ], [ 126.921614, 35.152639 ], [ 126.921609, 35.152652 ], [ 126.921646, 35.152659 ], [ 126.921649, 35.152646 ] ] ] ] } },
{ "type": "Feature", "properties": { "BUL_MAN_NO": 24848, "BULD_NM": null, "flo": 2.0, "h": 6.6 }, "geometry": { "type": "MultiPolygon", "coordinates": [ [ [ [ 126.922156, 35.152822 ], [ 126.922027, 35.152793 ], [ 126.922018, 35.152832 ], [ 126.92203, 35.152833 ], [ 126.922029, 35.15284 ], [ 126.922135, 35.152864 ], [ 126.922156, 35.152822 ] ] ] ] } },
{ "type": "Feature", "properties": { "BUL_MAN_NO": 24846, "BULD_NM": null, "flo": 1.0, "h": 3.3 }, "geometry": { "type": "MultiPolygon", "coordinates": [ [ [ [ 126.922239, 35.152932 ], [ 126.922146, 35.152892 ], [ 126.922118, 35.152939 ], [ 126.922206, 35.152974 ], [ 126.922239, 35.152932 ] ] ] ] } },
{ "type": "Feature", "properties": { "BUL_MAN_NO": 24847, "BULD_NM": null, "flo": 2.0, "h": 6.6 }, "geometry": { "type": "MultiPolygon", "coordinates": [ [ [ [ 126.922299, 35.152777 ], [ 126.922203, 35.152759 ], [ 126.922178, 35.152809 ], [ 126.922193, 35.152812 ], [ 126.922186, 35.152836 ], [ 126.922195, 35.152837 ], [ 126.922187, 35.152873 ], [ 126.922224, 35.152881 ], [ 126.922268, 35.152889 ], [ 126.922299, 35.152777 ] ] ] ] } },
{ "type": "Feature", "properties": { "BUL_MAN_NO": 24844, "BULD_NM": null, "flo": 1.0, "h": 3.3 }, "geometry": { "type": "MultiPolygon", "coordinates": [ [ [ [ 126.92244, 35.153075 ], [ 126.922422, 35.153039 ], [ 126.922369, 35.153049 ], [ 126.922347, 35.153025 ], [ 126.922313, 35.153053 ], [ 126.922347, 35.153091 ], [ 126.92244, 35.153075 ] ] ] ] } },
{ "type": "Feature", "properties": { "BUL_MAN_NO": 37125, "BULD_NM": null, "flo": 1.0, "h": 3.3 }, "geometry": { "type": "MultiPolygon", "coordinates": [ [ [ [ 126.922373, 35.152979 ], [ 126.922391, 35.152944 ], [ 126.922418, 35.152949 ], [ 126.922401, 35.152985 ], [ 126.922373, 35.152979 ] ] ] ] } },
{ "type": "Feature", "properties": { "BUL_MAN_NO": 37126, "BULD_NM": null, "flo": 1.0, "h": 3.3 }, "geometry": { "type": "MultiPolygon", "coordinates": [ [ [ [ 126.92247, 35.153066 ], [ 126.922509, 35.15306 ], [ 126.9225, 35.153016 ], [ 126.922479, 35.152961 ], [ 126.922457, 35.152954 ], [ 126.922456, 35.15303 ], [ 126.922456, 35.15303 ], [ 126.92247, 35.153066 ] ] ] ] } },
{ "type": "Feature", "properties": { "BUL_MAN_NO": 24851, "BULD_NM": null, "flo": 1.0, "h": 3.3 }, "geometry": { "type": "MultiPolygon", "coordinates": [ [ [ [ 126.922161, 35.152968 ], [ 126.922108, 35.152948 ], [ 126.922068, 35.153035 ], [ 126.922137, 35.153058 ], [ 126.922152, 35.153028 ], [ 126.922136, 35.153022 ], [ 126.922161, 35.152968 ] ] ] ] } },
{ "type": "Feature", "properties": { "BUL_MAN_NO": 37129, "BULD_NM": null, "flo": 1.0, "h": 3.3 }, "geometry": { "type": "MultiPolygon", "coordinates": [ [ [ [ 126.922162, 35.153002 ], [ 126.922178, 35.152974 ], [ 126.922197, 35.15298 ], [ 126.922179, 35.153008 ], [ 126.922162, 35.153002 ] ] ] ] } },
{ "type": "Feature", "properties": { "BUL_MAN_NO": 16858, "BULD_NM": null, "flo": 1.0, "h": 3.3 }, "geometry": { "type": "MultiPolygon", "coordinates": [ [ [ [ 126.922166, 35.153115 ], [ 126.92206, 35.153058 ], [ 126.922024, 35.153107 ], [ 126.922129, 35.153159 ], [ 126.922166, 35.153115 ] ] ] ] } },
{ "type": "Feature", "properties": { "BUL_MAN_NO": 37130, "BULD_NM": null, "flo": 1.0, "h": 3.3 }, "geometry": { "type": "MultiPolygon", "coordinates": [ [ [ [ 126.922173, 35.153125 ], [ 126.922155, 35.153088 ], [ 126.922184, 35.153079 ], [ 126.922202, 35.153116 ], [ 126.922173, 35.153125 ] ] ] ] } },
{ "type": "Feature", "properties": { "BUL_MAN_NO": 37131, "BULD_NM": null, "flo": 1.0, "h": 3.3 }, "geometry": { "type": "MultiPolygon", "coordinates": [ [ [ [ 126.922064, 35.153056 ], [ 126.922068, 35.15305 ], [ 126.922145, 35.153092 ], [ 126.92214, 35.153098 ], [ 126.922064, 35.153056 ] ] ] ] } },
{ "type": "Feature", "properties": { "BUL_MAN_NO": 24850, "BULD_NM": null, "flo": 1.0, "h": 3.3 }, "geometry": { "type": "MultiPolygon", "coordinates": [ [ [ [ 126.922329, 35.153097 ], [ 126.92231, 35.153074 ], [ 126.922291, 35.153078 ], [ 126.922285, 35.153062 ], [ 126.922241, 35.153069 ], [ 126.922233, 35.153058 ], [ 126.922198, 35.153067 ], [ 126.922225, 35.153116 ], [ 126.922329, 35.153097 ] ] ] ] } },
{ "type": "Feature", "properties": { "BUL_MAN_NO": 37128, "BULD_NM": null, "flo": 1.0, "h": 3.3 }, "geometry": { "type": "MultiPolygon", "coordinates": [ [ [ [ 126.922272, 35.153054 ], [ 126.922239, 35.153038 ], [ 126.922247, 35.153027 ], [ 126.922281, 35.153044 ], [ 126.922272, 35.153054 ] ] ] ] } },
{ "type": "Feature", "properties": { "BUL_MAN_NO": 37127, "BULD_NM": null, "flo": 1.0, "h": 3.3 }, "geometry": { "type": "MultiPolygon", "coordinates": [ [ [ [ 126.922346, 35.152998 ], [ 126.92234, 35.152995 ], [ 126.922349, 35.152983 ], [ 126.922355, 35.152986 ], [ 126.922346, 35.152998 ] ] ] ] } },
{ "type": "Feature", "properties": { "BUL_MAN_NO": 24849, "BULD_NM": null, "flo": 2.0, "h": 6.6 }, "geometry": { "type": "MultiPolygon", "coordinates": [ [ [ [ 126.922348, 35.152949 ], [ 126.922286, 35.15294 ], [ 126.922237, 35.153007 ], [ 126.922308, 35.15304 ], [ 126.922343, 35.153005 ], [ 126.922333, 35.153 ], [ 126.922364, 35.152956 ], [ 126.922348, 35.152949 ] ] ] ] } },
{ "type": "Feature", "properties": { "BUL_MAN_NO": 37132, "BULD_NM": null, "flo": 1.0, "h": 3.3 }, "geometry": { "type": "MultiPolygon", "coordinates": [ [ [ [ 126.921944, 35.153224 ], [ 126.921936, 35.153218 ], [ 126.921956, 35.153199 ], [ 126.921964, 35.153203 ], [ 126.921944, 35.153224 ] ] ] ] } },
{ "type": "Feature", "properties": { "BUL_MAN_NO": 24852, "BULD_NM": null, "flo": 1.0, "h": 3.3 }, "geometry": { "type": "MultiPolygon", "coordinates": [ [ [ [ 126.92203, 35.153238 ], [ 126.921973, 35.153197 ], [ 126.921917, 35.153253 ], [ 126.921974, 35.153286 ], [ 126.92203, 35.153238 ] ] ] ] } },
{ "type": "Feature", "properties": { "BUL_MAN_NO": 24855, "BULD_NM": null, "flo": 1.0, "h": 3.3 }, "geometry": { "type": "MultiPolygon", "coordinates": [ [ [ [ 126.92211, 35.153277 ], [ 126.922062, 35.153229 ], [ 126.921985, 35.15329 ], [ 126.922024, 35.153306 ], [ 126.92211, 35.153277 ] ] ] ] } },
{ "type": "Feature", "properties": { "BUL_MAN_NO": 4371, "BULD_NM": null, "flo": 1.0, "h": 3.3 }, "geometry": { "type": "MultiPolygon", "coordinates": [ [ [ [ 126.922414, 35.153268 ], [ 126.922316, 35.153199 ], [ 126.922267, 35.15324 ], [ 126.922364, 35.153309 ], [ 126.922368, 35.153312 ], [ 126.922371, 35.153309 ], [ 126.922414, 35.153268 ] ] ] ] } },
{ "type": "Feature", "properties": { "BUL_MAN_NO": 37257, "BULD_NM": null, "flo": 1.0, "h": 3.3 }, "geometry": { "type": "MultiPolygon", "coordinates": [ [ [ [ 126.922266, 35.153238 ], [ 126.922259, 35.153232 ], [ 126.922291, 35.153206 ], [ 126.922298, 35.153211 ], [ 126.922266, 35.153238 ] ] ] ] } },
{ "type": "Feature", "properties": { "BUL_MAN_NO": 24857, "BULD_NM": null, "flo": 1.0, "h": 3.3 }, "geometry": { "type": "MultiPolygon", "coordinates": [ [ [ [ 126.922252, 35.153131 ], [ 126.922233, 35.153129 ], [ 126.92218, 35.153147 ], [ 126.922231, 35.153221 ], [ 126.922295, 35.153195 ], [ 126.922252, 35.153131 ] ] ] ] } },
{ "type": "Feature", "properties": { "BUL_MAN_NO": 24858, "BULD_NM": null, "flo": 1.0, "h": 3.3 }, "geometry": { "type": "MultiPolygon", "coordinates": [ [ [ [ 126.922385, 35.153177 ], [ 126.922343, 35.153108 ], [ 126.922302, 35.153119 ], [ 126.922322, 35.153152 ], [ 126.922331, 35.153148 ], [ 126.92234, 35.153164 ], [ 126.922331, 35.153169 ], [ 126.92235, 35.153195 ], [ 126.922385, 35.153177 ] ] ] ] } },
{ "type": "Feature", "properties": { "BUL_MAN_NO": 24856, "BULD_NM": null, "flo": 1.0, "h": 3.3 }, "geometry": { "type": "MultiPolygon", "coordinates": [ [ [ [ 126.922482, 35.153183 ], [ 126.92242, 35.15316 ], [ 126.92239, 35.153205 ], [ 126.92245, 35.153234 ], [ 126.922482, 35.153183 ] ] ] ] } },
{ "type": "Feature", "properties": { "BUL_MAN_NO": 4366, "BULD_NM": null, "flo": 1.0, "h": 3.3 }, "geometry": { "type": "MultiPolygon", "coordinates": [ [ [ [ 126.922434, 35.153141 ], [ 126.922413, 35.153097 ], [ 126.922359, 35.153105 ], [ 126.922391, 35.153148 ], [ 126.922434, 35.153141 ] ] ] ] } },
{ "type": "Feature", "properties": { "BUL_MAN_NO": 4365, "BULD_NM": null, "flo": 1.0, "h": 3.3 }, "geometry": { "type": "MultiPolygon", "coordinates": [ [ [ [ 126.92249, 35.153091 ], [ 126.922478, 35.153083 ], [ 126.922432, 35.153092 ], [ 126.922438, 35.153116 ], [ 126.92249, 35.153105 ], [ 126.92249, 35.153091 ] ] ] ] } },
{ "type": "Feature", "properties": { "BUL_MAN_NO": 24861, "BULD_NM": null, "flo": 1.0, "h": 3.3 }, "geometry": { "type": "MultiPolygon", "coordinates": [ [ [ [ 126.921558, 35.153178 ], [ 126.92151, 35.153169 ], [ 126.921487, 35.153244 ], [ 126.921557, 35.153261 ], [ 126.921562, 35.153224 ], [ 126.921547, 35.153221 ], [ 126.921558, 35.153178 ] ] ] ] } },
{ "type": "Feature", "properties": { "BUL_MAN_NO": 37253, "BULD_NM": null, "flo": 1.0, "h": 3.3 }, "geometry": { "type": "MultiPolygon", "coordinates": [ [ [ [ 126.92152, 35.153167 ], [ 126.92152, 35.153156 ], [ 126.921555, 35.153154 ], [ 126.921556, 35.153164 ], [ 126.92152, 35.153167 ] ] ] ] } },
{ "type": "Feature", "properties": { "BUL_MAN_NO": 37254, "BULD_NM": null, "flo": 1.0, "h": 3.3 }, "geometry": { "type": "MultiPolygon", "coordinates": [ [ [ [ 126.921461, 35.153272 ], [ 126.921458, 35.153264 ], [ 126.92149, 35.153256 ], [ 126.921493, 35.153264 ], [ 126.921461, 35.153272 ] ] ] ] } },
{ "type": "Feature", "properties": { "BUL_MAN_NO": 24862, "BULD_NM": null, "flo": 2.0, "h": 6.6 }, "geometry": { "type": "MultiPolygon", "coordinates": [ [ [ [ 126.921569, 35.153312 ], [ 126.921566, 35.153302 ], [ 126.921558, 35.153303 ], [ 126.921552, 35.153282 ], [ 126.921542, 35.153283 ], [ 126.921538, 35.153267 ], [ 126.921503, 35.153277 ], [ 126.921499, 35.153264 ], [ 126.921436, 35.153281 ], [ 126.921447, 35.153312 ], [ 126.921462, 35.153356 ], [ 126.921573, 35.153326 ], [ 126.921569, 35.153312 ] ] ] ] } },
{ "type": "Feature", "properties": { "BUL_MAN_NO": 24859, "BULD_NM": null, "flo": 1.0, "h": 3.3 }, "geometry": { "type": "MultiPolygon", "coordinates": [ [ [ [ 126.921698, 35.153355 ], [ 126.921698, 35.153331 ], [ 126.92162, 35.153335 ], [ 126.921622, 35.153391 ], [ 126.921681, 35.153391 ], [ 126.921678, 35.153357 ], [ 126.921698, 35.153355 ] ] ] ] } },
{ "type": "Feature", "properties": { "BUL_MAN_NO": 24860, "BULD_NM": null, "flo": 1.0, "h": 3.3 }, "geometry": { "type": "MultiPolygon", "coordinates": [ [ [ [ 126.921683, 35.153439 ], [ 126.921629, 35.153435 ], [ 126.921626, 35.153513 ], [ 126.921721, 35.153517 ], [ 126.921737, 35.15346 ], [ 126.921685, 35.153458 ], [ 126.921683, 35.153439 ] ] ] ] } },
{ "type": "Feature", "properties": { "BUL_MAN_NO": 24864, "BULD_NM": null, "flo": 2.0, "h": 6.6 }, "geometry": { "type": "MultiPolygon", "coordinates": [ [ [ [ 126.921562, 35.153637 ], [ 126.921565, 35.153616 ], [ 126.921576, 35.153617 ], [ 126.921585, 35.153572 ], [ 126.921577, 35.153501 ], [ 126.921525, 35.153508 ], [ 126.921533, 35.153537 ], [ 126.921514, 35.153578 ], [ 126.92148, 35.153616 ], [ 126.921562, 35.153637 ] ] ] ] } },
{ "type": "Feature", "properties": { "BUL_MAN_NO": 37255, "BULD_NM": null, "flo": 1.0, "h": 3.3 }, "geometry": { "type": "MultiPolygon", "coordinates": [ [ [ [ 126.921563, 35.153638 ], [ 126.921573, 35.15364 ], [ 126.921574, 35.153637 ], [ 126.921564, 35.153635 ], [ 126.921563, 35.153638 ] ] ] ] } },
{ "type": "Feature", "properties": { "BUL_MAN_NO": 24866, "BULD_NM": null, "flo": 1.0, "h": 3.3 }, "geometry": { "type": "MultiPolygon", "coordinates": [ [ [ [ 126.921431, 35.15331 ], [ 126.921416, 35.153287 ], [ 126.921378, 35.153316 ], [ 126.921369, 35.153323 ], [ 126.921438, 35.153397 ], [ 126.921461, 35.153382 ], [ 126.921424, 35.153318 ], [ 126.921427, 35.153316 ], [ 126.921431, 35.15331 ] ] ] ] } },
{ "type": "Feature", "properties": { "BUL_MAN_NO": 37159, "BULD_NM": null, "flo": 1.0, "h": 3.3 }, "geometry": { "type": "MultiPolygon", "coordinates": [ [ [ [ 126.921445, 35.153473 ], [ 126.921438, 35.153465 ], [ 126.921475, 35.15345 ], [ 126.921481, 35.153459 ], [ 126.921445, 35.153473 ] ] ] ] } },
{ "type": "Feature", "properties": { "BUL_MAN_NO": 24865, "BULD_NM": null, "flo": 1.0, "h": 3.3 }, "geometry": { "type": "MultiPolygon", "coordinates": [ [ [ [ 126.921404, 35.153372 ], [ 126.921372, 35.153339 ], [ 126.921333, 35.153364 ], [ 126.921328, 35.15336 ], [ 126.92128, 35.153394 ], [ 126.921385, 35.153499 ], [ 126.921418, 35.153485 ], [ 126.921406, 35.153474 ], [ 126.921435, 35.153452 ], [ 126.921404, 35.15342 ], [ 126.921414, 35.153413 ], [ 126.921386, 35.153383 ], [ 126.921404, 35.153372 ] ] ] ] } },
{ "type": "Feature", "properties": { "BUL_MAN_NO": 24868, "BULD_NM": null, "flo": 1.0, "h": 3.3 }, "geometry": { "type": "MultiPolygon", "coordinates": [ [ [ [ 126.921296, 35.153428 ], [ 126.921261, 35.153395 ], [ 126.921203, 35.153423 ], [ 126.921243, 35.153458 ], [ 126.921296, 35.153428 ] ] ] ] } },
{ "type": "Feature", "properties": { "BUL_MAN_NO": 24869, "BULD_NM": null, "flo": 2.0, "h": 6.6 }, "geometry": { "type": "MultiPolygon", "coordinates": [ [ [ [ 126.921273, 35.153475 ], [ 126.921187, 35.15343 ], [ 126.92114, 35.153483 ], [ 126.921225, 35.153524 ], [ 126.921273, 35.153475 ] ] ] ] } },
{ "type": "Feature", "properties": { "BUL_MAN_NO": 24867, "BULD_NM": null, "flo": 2.0, "h": 6.6 }, "geometry": { "type": "MultiPolygon", "coordinates": [ [ [ [ 126.92152, 35.153538 ], [ 126.921513, 35.153523 ], [ 126.921473, 35.153533 ], [ 126.92147, 35.153526 ], [ 126.921428, 35.153533 ], [ 126.921424, 35.153525 ], [ 126.921382, 35.153535 ], [ 126.921405, 35.153596 ], [ 126.921479, 35.153599 ], [ 126.92151, 35.15356 ], [ 126.92152, 35.153538 ] ] ] ] } },
{ "type": "Feature", "properties": { "BUL_MAN_NO": 37256, "BULD_NM": null, "flo": 1.0, "h": 3.3 }, "geometry": { "type": "MultiPolygon", "coordinates": [ [ [ [ 126.921397, 35.153596 ], [ 126.921391, 35.153579 ], [ 126.921397, 35.153577 ], [ 126.921404, 35.153594 ], [ 126.921404, 35.153594 ], [ 126.921397, 35.153596 ] ] ] ] } },
{ "type": "Feature", "properties": { "BUL_MAN_NO": 24884, "BULD_NM": null, "flo": 2.0, "h": 6.6 }, "geometry": { "type": "MultiPolygon", "coordinates": [ [ [ [ 126.921515, 35.153673 ], [ 126.92147, 35.15366 ], [ 126.921435, 35.153723 ], [ 126.921545, 35.153757 ], [ 126.921577, 35.153704 ], [ 126.921552, 35.153695 ], [ 126.921555, 35.153688 ], [ 126.921514, 35.153676 ], [ 126.921515, 35.153673 ] ] ] ] } },
{ "type": "Feature", "properties": { "BUL_MAN_NO": 24885, "BULD_NM": null, "flo": 1.0, "h": 3.3 }, "geometry": { "type": "MultiPolygon", "coordinates": [ [ [ [ 126.921413, 35.153726 ], [ 126.921448, 35.153651 ], [ 126.921402, 35.15364 ], [ 126.921397, 35.153655 ], [ 126.921322, 35.153636 ], [ 126.921301, 35.153695 ], [ 126.921413, 35.153726 ] ] ] ] } },
{ "type": "Feature", "properties": { "BUL_MAN_NO": 37430, "BULD_NM": null, "flo": 1.0, "h": 3.3 }, "geometry": { "type": "MultiPolygon", "coordinates": [ [ [ [ 126.921323, 35.153634 ], [ 126.921327, 35.153624 ], [ 126.921348, 35.15363 ], [ 126.921344, 35.15364 ], [ 126.921323, 35.153634 ] ] ] ] } },
{ "type": "Feature", "properties": { "BUL_MAN_NO": 16872, "BULD_NM": null, "flo": 1.0, "h": 3.3 }, "geometry": { "type": "MultiPolygon", "coordinates": [ [ [ [ 126.921391, 35.153592 ], [ 126.921379, 35.153563 ], [ 126.921312, 35.153566 ], [ 126.921305, 35.153593 ], [ 126.921391, 35.153592 ] ] ] ] } },
{ "type": "Feature", "properties": { "BUL_MAN_NO": 24870, "BULD_NM": null, "flo": 1.0, "h": 3.3 }, "geometry": { "type": "MultiPolygon", "coordinates": [ [ [ [ 126.921351, 35.153505 ], [ 126.921314, 35.153468 ], [ 126.921238, 35.153538 ], [ 126.921275, 35.153573 ], [ 126.921351, 35.153505 ] ] ] ] } },
{ "type": "Feature", "properties": { "BUL_MAN_NO": 16871, "BULD_NM": null, "flo": 1.0, "h": 3.3 }, "geometry": { "type": "MultiPolygon", "coordinates": [ [ [ [ 126.921325, 35.153549 ], [ 126.921315, 35.153542 ], [ 126.921278, 35.153576 ], [ 126.921278, 35.153582 ], [ 126.921288, 35.153586 ], [ 126.921304, 35.153588 ], [ 126.92131, 35.153563 ], [ 126.921325, 35.153549 ] ] ] ] } },
{ "type": "Feature", "properties": { "BUL_MAN_NO": 24886, "BULD_NM": null, "flo": 1.0, "h": 3.3 }, "geometry": { "type": "MultiPolygon", "coordinates": [ [ [ [ 126.921294, 35.153697 ], [ 126.921319, 35.153636 ], [ 126.921282, 35.153627 ], [ 126.921255, 35.153631 ], [ 126.921192, 35.153666 ], [ 126.921201, 35.153681 ], [ 126.921294, 35.153697 ] ] ] ] } },
{ "type": "Feature", "properties": { "BUL_MAN_NO": 24871, "BULD_NM": null, "flo": 1.0, "h": 3.3 }, "geometry": { "type": "MultiPolygon", "coordinates": [ [ [ [ 126.921184, 35.153629 ], [ 126.921166, 35.153604 ], [ 126.921147, 35.15361 ], [ 126.921118, 35.153577 ], [ 126.921095, 35.153566 ], [ 126.921045, 35.153629 ], [ 126.921095, 35.153676 ], [ 126.921184, 35.153629 ] ] ] ] } },
{ "type": "Feature", "properties": { "BUL_MAN_NO": 37258, "BULD_NM": null, "flo": 1.0, "h": 3.3 }, "geometry": { "type": "MultiPolygon", "coordinates": [ [ [ [ 126.92096, 35.153732 ], [ 126.920943, 35.153714 ], [ 126.920953, 35.153708 ], [ 126.92097, 35.153726 ], [ 126.92096, 35.153732 ] ] ] ] } },
{ "type": "Feature", "properties": { "BUL_MAN_NO": 24872, "BULD_NM": null, "flo": 2.0, "h": 6.6 }, "geometry": { "type": "MultiPolygon", "coordinates": [ [ [ [ 126.920993, 35.153714 ], [ 126.921008, 35.153704 ], [ 126.921015, 35.153709 ], [ 126.921039, 35.153695 ], [ 126.921042, 35.153697 ], [ 126.921077, 35.153671 ], [ 126.921017, 35.153622 ], [ 126.921019, 35.153619 ], [ 126.920987, 35.153594 ], [ 126.920915, 35.153656 ], [ 126.920979, 35.15371 ], [ 126.920984, 35.153706 ], [ 126.920993, 35.153714 ] ] ] ] } },
{ "type": "Feature", "properties": { "BUL_MAN_NO": 24880, "BULD_NM": null, "flo": 3.0, "h": 9.9 }, "geometry": { "type": "MultiPolygon", "coordinates": [ [ [ [ 126.92091, 35.153896 ], [ 126.920884, 35.153865 ], [ 126.920818, 35.153868 ], [ 126.920765, 35.153907 ], [ 126.920812, 35.153956 ], [ 126.92091, 35.153896 ] ] ] ] } },
{ "type": "Feature", "properties": { "BUL_MAN_NO": 24881, "BULD_NM": null, "flo": 1.0, "h": 3.3 }, "geometry": { "type": "MultiPolygon", "coordinates": [ [ [ [ 126.920988, 35.153982 ], [ 126.92093, 35.153912 ], [ 126.920899, 35.153935 ], [ 126.920937, 35.153978 ], [ 126.920867, 35.154019 ], [ 126.920894, 35.154044 ], [ 126.920988, 35.153982 ] ] ] ] } },
{ "type": "Feature", "properties": { "BUL_MAN_NO": 24882, "BULD_NM": null, "flo": 1.0, "h": 3.3 }, "geometry": { "type": "MultiPolygon", "coordinates": [ [ [ [ 126.920798, 35.153967 ], [ 126.920752, 35.153922 ], [ 126.920678, 35.153983 ], [ 126.920777, 35.154075 ], [ 126.920834, 35.154027 ], [ 126.920784, 35.153981 ], [ 126.920798, 35.153967 ] ] ] ] } },
{ "type": "Feature", "properties": { "BUL_MAN_NO": 24887, "BULD_NM": null, "flo": 1.0, "h": 3.3 }, "geometry": { "type": "MultiPolygon", "coordinates": [ [ [ [ 126.921238, 35.154107 ], [ 126.921208, 35.154092 ], [ 126.921197, 35.154105 ], [ 126.921137, 35.154075 ], [ 126.921099, 35.154127 ], [ 126.92119, 35.154171 ], [ 126.921238, 35.154107 ] ] ] ] } },
{ "type": "Feature", "properties": { "BUL_MAN_NO": 37434, "BULD_NM": null, "flo": 1.0, "h": 3.3 }, "geometry": { "type": "MultiPolygon", "coordinates": [ [ [ [ 126.921132, 35.15407 ], [ 126.92117, 35.154088 ], [ 126.92118, 35.154076 ], [ 126.921141, 35.154056 ], [ 126.921132, 35.15407 ] ] ] ] } },
{ "type": "Feature", "properties": { "BUL_MAN_NO": 24876, "BULD_NM": null, "flo": 2.0, "h": 6.6 }, "geometry": { "type": "MultiPolygon", "coordinates": [ [ [ [ 126.920922, 35.154154 ], [ 126.920824, 35.154065 ], [ 126.920766, 35.15411 ], [ 126.920863, 35.154197 ], [ 126.920922, 35.154154 ] ] ] ] } },
{ "type": "Feature", "properties": { "BUL_MAN_NO": 24877, "BULD_NM": null, "flo": 1.0, "h": 3.3 }, "geometry": { "type": "MultiPolygon", "coordinates": [ [ [ [ 126.92089, 35.154068 ], [ 126.920869, 35.154049 ], [ 126.92083, 35.154069 ], [ 126.920861, 35.154093 ], [ 126.92089, 35.154068 ] ] ] ] } },
{ "type": "Feature", "properties": { "BUL_MAN_NO": 37428, "BULD_NM": null, "flo": 1.0, "h": 3.3 }, "geometry": { "type": "MultiPolygon", "coordinates": [ [ [ [ 126.92139, 35.153952 ], [ 126.921394, 35.153946 ], [ 126.9214, 35.153949 ], [ 126.921395, 35.153954 ], [ 126.92139, 35.153952 ] ] ] ] } },
{ "type": "Feature", "properties": { "BUL_MAN_NO": 24889, "BULD_NM": null, "flo": 2.0, "h": 6.6 }, "geometry": { "type": "MultiPolygon", "coordinates": [ [ [ [ 126.921398, 35.153942 ], [ 126.92141, 35.153922 ], [ 126.921425, 35.153924 ], [ 126.921428, 35.15392 ], [ 126.921442, 35.153893 ], [ 126.921449, 35.153896 ], [ 126.921472, 35.153857 ], [ 126.921374, 35.153822 ], [ 126.921327, 35.153927 ], [ 126.921359, 35.153939 ], [ 126.921364, 35.153932 ], [ 126.921398, 35.153942 ] ] ] ] } },
{ "type": "Feature", "properties": { "BUL_MAN_NO": 24891, "BULD_NM": null, "flo": 3.0, "h": 9.9 }, "geometry": { "type": "MultiPolygon", "coordinates": [ [ [ [ 126.921282, 35.154009 ], [ 126.9212, 35.153994 ], [ 126.921185, 35.153999 ], [ 126.921176, 35.154018 ], [ 126.921167, 35.154016 ], [ 126.921158, 35.154037 ], [ 126.921195, 35.154047 ], [ 126.92119, 35.154055 ], [ 126.921256, 35.15407 ], [ 126.921282, 35.154009 ] ] ] ] } },
{ "type": "Feature", "properties": { "BUL_MAN_NO": 37433, "BULD_NM": null, "flo": 1.0, "h": 3.3 }, "geometry": { "type": "MultiPolygon", "coordinates": [ [ [ [ 126.921295, 35.154041 ], [ 126.921288, 35.154036 ], [ 126.921295, 35.154031 ], [ 126.921302, 35.154035 ], [ 126.921301, 35.154035 ], [ 126.921295, 35.154041 ] ] ] ] } },
{ "type": "Feature", "properties": { "BUL_MAN_NO": 24890, "BULD_NM": null, "flo": 1.0, "h": 3.3 }, "geometry": { "type": "MultiPolygon", "coordinates": [ [ [ [ 126.921331, 35.153875 ], [ 126.92128, 35.153858 ], [ 126.92126, 35.153904 ], [ 126.921308, 35.153918 ], [ 126.921331, 35.153875 ] ] ] ] } },
{ "type": "Feature", "properties": { "BUL_MAN_NO": 37432, "BULD_NM": null, "flo": 1.0, "h": 3.3 }, "geometry": { "type": "MultiPolygon", "coordinates": [ [ [ [ 126.921257, 35.153859 ], [ 126.92126, 35.153852 ], [ 126.921278, 35.153858 ], [ 126.921274, 35.153865 ], [ 126.921257, 35.153859 ] ] ] ] } },
{ "type": "Feature", "properties": { "BUL_MAN_NO": 24888, "BULD_NM": null, "flo": 2.0, "h": 6.6 }, "geometry": { "type": "MultiPolygon", "coordinates": [ [ [ [ 126.921211, 35.153919 ], [ 126.921221, 35.153904 ], [ 126.921205, 35.153876 ], [ 126.921216, 35.15387 ], [ 126.921191, 35.153829 ], [ 126.921199, 35.153825 ], [ 126.921195, 35.153818 ], [ 126.921202, 35.153816 ], [ 126.921184, 35.153783 ], [ 126.921177, 35.153786 ], [ 126.921133, 35.153804 ], [ 126.921135, 35.153808 ], [ 126.921115, 35.153816 ], [ 126.921125, 35.153832 ], [ 126.921109, 35.153838 ], [ 126.92114, 35.153889 ], [ 126.921143, 35.153887 ], [ 126.921168, 35.153924 ], [ 126.921186, 35.153917 ], [ 126.921192, 35.153927 ], [ 126.921211, 35.153919 ] ] ] ] } },
{ "type": "Feature", "properties": { "BUL_MAN_NO": 24894, "BULD_NM": null, "flo": 1.0, "h": 3.3 }, "geometry": { "type": "MultiPolygon", "coordinates": [ [ [ [ 126.921267, 35.153782 ], [ 126.921247, 35.153709 ], [ 126.921207, 35.153714 ], [ 126.921234, 35.153803 ], [ 126.921261, 35.153797 ], [ 126.921259, 35.153785 ], [ 126.921267, 35.153782 ] ] ] ] } },
{ "type": "Feature", "properties": { "BUL_MAN_NO": 37431, "BULD_NM": null, "flo": 1.0, "h": 3.3 }, "geometry": { "type": "MultiPolygon", "coordinates": [ [ [ [ 126.921203, 35.153712 ], [ 126.921201, 35.153705 ], [ 126.921206, 35.153704 ], [ 126.921207, 35.153711 ], [ 126.921203, 35.153712 ] ] ] ] } },
{ "type": "Feature", "properties": { "BUL_MAN_NO": 37412, "BULD_NM": null, "flo": 1.0, "h": 3.3 }, "geometry": { "type": "MultiPolygon", "coordinates": [ [ [ [ 126.921153, 35.153706 ], [ 126.921141, 35.15369 ], [ 126.921152, 35.153684 ], [ 126.921163, 35.153702 ], [ 126.921153, 35.153706 ] ] ] ] } },
{ "type": "Feature", "properties": { "BUL_MAN_NO": 24892, "BULD_NM": null, "flo": 2.0, "h": 6.6 }, "geometry": { "type": "MultiPolygon", "coordinates": [ [ [ [ 126.921187, 35.153749 ], [ 126.921145, 35.153699 ], [ 126.921084, 35.153731 ], [ 126.921078, 35.153723 ], [ 126.921034, 35.153747 ], [ 126.921081, 35.153812 ], [ 126.921187, 35.153754 ], [ 126.921187, 35.153749 ] ] ] ] } },
{ "type": "Feature", "properties": { "BUL_MAN_NO": 24893, "BULD_NM": null, "flo": 1.0, "h": 3.3 }, "geometry": { "type": "MultiPolygon", "coordinates": [ [ [ [ 126.92133, 35.153869 ], [ 126.921377, 35.153752 ], [ 126.921311, 35.153735 ], [ 126.921283, 35.153809 ], [ 126.921267, 35.153804 ], [ 126.921251, 35.153842 ], [ 126.92133, 35.153869 ] ] ] ] } },
{ "type": "Feature", "properties": { "BUL_MAN_NO": 37429, "BULD_NM": null, "flo": 1.0, "h": 3.3 }, "geometry": { "type": "MultiPolygon", "coordinates": [ [ [ [ 126.921275, 35.153734 ], [ 126.92128, 35.153722 ], [ 126.921295, 35.153726 ], [ 126.921289, 35.153738 ], [ 126.921275, 35.153734 ] ] ] ] } },
{ "type": "Feature", "properties": { "BUL_MAN_NO": 16897, "BULD_NM": null, "flo": 2.0, "h": 6.6 }, "geometry": { "type": "MultiPolygon", "coordinates": [ [ [ [ 126.921484, 35.153838 ], [ 126.921521, 35.153772 ], [ 126.921464, 35.153752 ], [ 126.921458, 35.153762 ], [ 126.921417, 35.153749 ], [ 126.921391, 35.153806 ], [ 126.921484, 35.153838 ] ] ] ] } },
{ "type": "Feature", "properties": { "BUL_MAN_NO": 37443, "BULD_NM": null, "flo": 1.0, "h": 3.3 }, "geometry": { "type": "MultiPolygon", "coordinates": [ [ [ [ 126.921949, 35.154132 ], [ 126.921946, 35.154128 ], [ 126.921971, 35.154117 ], [ 126.921973, 35.154121 ], [ 126.921949, 35.154132 ] ] ] ] } },
{ "type": "Feature", "properties": { "BUL_MAN_NO": 24901, "BULD_NM": null, "flo": 1.0, "h": 3.3 }, "geometry": { "type": "MultiPolygon", "coordinates": [ [ [ [ 126.92201, 35.154183 ], [ 126.921982, 35.154129 ], [ 126.921918, 35.154164 ], [ 126.921911, 35.154153 ], [ 126.921873, 35.154175 ], [ 126.921915, 35.15423 ], [ 126.92201, 35.154183 ] ] ] ] } },
{ "type": "Feature", "properties": { "BUL_MAN_NO": 16814, "BULD_NM": null, "flo": 1.0, "h": 3.3 }, "geometry": { "type": "MultiPolygon", "coordinates": [ [ [ [ 126.921883, 35.154245 ], [ 126.921857, 35.154206 ], [ 126.921836, 35.154216 ], [ 126.921801, 35.154172 ], [ 126.921786, 35.154174 ], [ 126.921738, 35.1542 ], [ 126.921789, 35.154265 ], [ 126.921805, 35.154286 ], [ 126.921883, 35.154245 ] ] ] ] } },
{ "type": "Feature", "properties": { "BUL_MAN_NO": 24900, "BULD_NM": null, "flo": 1.0, "h": 3.3 }, "geometry": { "type": "MultiPolygon", "coordinates": [ [ [ [ 126.921968, 35.154341 ], [ 126.921899, 35.154254 ], [ 126.921804, 35.154304 ], [ 126.92187, 35.154387 ], [ 126.921968, 35.154341 ] ] ] ] } },
{ "type": "Feature", "properties": { "BUL_MAN_NO": 24898, "BULD_NM": null, "flo": 1.0, "h": 3.3 }, "geometry": { "type": "MultiPolygon", "coordinates": [ [ [ [ 126.922056, 35.154249 ], [ 126.92202, 35.154195 ], [ 126.921988, 35.154215 ], [ 126.921995, 35.154224 ], [ 126.921933, 35.154255 ], [ 126.921966, 35.154292 ], [ 126.922056, 35.154249 ] ] ] ] } },
{ "type": "Feature", "properties": { "BUL_MAN_NO": 24897, "BULD_NM": null, "flo": 1.0, "h": 3.3 }, "geometry": { "type": "MultiPolygon", "coordinates": [ [ [ [ 126.922126, 35.154324 ], [ 126.922065, 35.154265 ], [ 126.922039, 35.154277 ], [ 126.922047, 35.154294 ], [ 126.921986, 35.154321 ], [ 126.922019, 35.154369 ], [ 126.922126, 35.154324 ] ] ] ] } },
{ "type": "Feature", "properties": { "BUL_MAN_NO": 37441, "BULD_NM": null, "flo": 1.0, "h": 3.3 }, "geometry": { "type": "MultiPolygon", "coordinates": [ [ [ [ 126.921982, 35.154315 ], [ 126.921974, 35.154303 ], [ 126.922027, 35.15428 ], [ 126.922033, 35.154291 ], [ 126.921982, 35.154315 ] ] ] ] } },
{ "type": "Feature", "properties": { "BUL_MAN_NO": 38729, "BULD_NM": null, "flo": 1.0, "h": 3.3 }, "geometry": { "type": "MultiPolygon", "coordinates": [ [ [ [ 126.923632, 35.153189 ], [ 126.923618, 35.153157 ], [ 126.923583, 35.153167 ], [ 126.923628, 35.153268 ], [ 126.923655, 35.15326 ], [ 126.923651, 35.153231 ], [ 126.923639, 35.153204 ], [ 126.923649, 35.153201 ], [ 126.923644, 35.153185 ], [ 126.923632, 35.153189 ] ] ] ] } },
{ "type": "Feature", "properties": { "BUL_MAN_NO": 24906, "BULD_NM": null, "flo": 1.0, "h": 3.3 }, "geometry": { "type": "MultiPolygon", "coordinates": [ [ [ [ 126.923783, 35.153187 ], [ 126.923754, 35.153108 ], [ 126.923716, 35.153122 ], [ 126.923725, 35.153147 ], [ 126.923676, 35.153161 ], [ 126.923694, 35.153209 ], [ 126.923783, 35.153187 ] ] ] ] } },
{ "type": "Feature", "properties": { "BUL_MAN_NO": 37154, "BULD_NM": null, "flo": 1.0, "h": 3.3 }, "geometry": { "type": "MultiPolygon", "coordinates": [ [ [ [ 126.923677, 35.153153 ], [ 126.92367, 35.153137 ], [ 126.923711, 35.153125 ], [ 126.923718, 35.153143 ], [ 126.923677, 35.153153 ] ] ] ] } },
{ "type": "Feature", "properties": { "BUL_MAN_NO": 24907, "BULD_NM": null, "flo": 1.0, "h": 3.3 }, "geometry": { "type": "MultiPolygon", "coordinates": [ [ [ [ 126.923803, 35.153258 ], [ 126.923782, 35.153212 ], [ 126.923733, 35.153232 ], [ 126.923727, 35.153223 ], [ 126.92369, 35.153241 ], [ 126.923712, 35.153298 ], [ 126.923803, 35.153258 ] ] ] ] } },
{ "type": "Feature", "properties": { "BUL_MAN_NO": 24915, "BULD_NM": null, "flo": 2.0, "h": 6.6 }, "geometry": { "type": "MultiPolygon", "coordinates": [ [ [ [ 126.923677, 35.153369 ], [ 126.923663, 35.153333 ], [ 126.923654, 35.153336 ], [ 126.923649, 35.153326 ], [ 126.923638, 35.153301 ], [ 126.923626, 35.153304 ], [ 126.923623, 35.153295 ], [ 126.923545, 35.153318 ], [ 126.923548, 35.153326 ], [ 126.923581, 35.153398 ], [ 126.923677, 35.153369 ] ] ] ] } },
{ "type": "Feature", "properties": { "BUL_MAN_NO": 37162, "BULD_NM": null, "flo": 1.0, "h": 3.3 }, "geometry": { "type": "MultiPolygon", "coordinates": [ [ [ [ 126.923645, 35.153306 ], [ 126.923638, 35.15329 ], [ 126.923653, 35.153285 ], [ 126.92366, 35.153301 ], [ 126.923645, 35.153306 ] ] ] ] } },
{ "type": "Feature", "properties": { "BUL_MAN_NO": 4348, "BULD_NM": null, "flo": 1.0, "h": 3.3 }, "geometry": { "type": "MultiPolygon", "coordinates": [ [ [ [ 126.923698, 35.153421 ], [ 126.923683, 35.153381 ], [ 126.923584, 35.153408 ], [ 126.923601, 35.153447 ], [ 126.923698, 35.153421 ] ] ] ] } },
{ "type": "Feature", "properties": { "BUL_MAN_NO": 24913, "BULD_NM": null, "flo": 1.0, "h": 3.3 }, "geometry": { "type": "MultiPolygon", "coordinates": [ [ [ [ 126.923701, 35.153513 ], [ 126.923675, 35.153452 ], [ 126.923627, 35.153464 ], [ 126.923655, 35.153531 ], [ 126.923701, 35.153513 ] ] ] ] } },
{ "type": "Feature", "properties": { "BUL_MAN_NO": 4353, "BULD_NM": null, "flo": 1.0, "h": 3.3 }, "geometry": { "type": "MultiPolygon", "coordinates": [ [ [ [ 126.923527, 35.15332 ], [ 126.923391, 35.153358 ], [ 126.923456, 35.153482 ], [ 126.923583, 35.153442 ], [ 126.923527, 35.15332 ] ] ] ] } },
{ "type": "Feature", "properties": { "BUL_MAN_NO": 24911, "BULD_NM": null, "flo": 1.0, "h": 3.3 }, "geometry": { "type": "MultiPolygon", "coordinates": [ [ [ [ 126.923645, 35.153528 ], [ 126.923611, 35.153468 ], [ 126.923552, 35.153486 ], [ 126.923558, 35.153502 ], [ 126.923595, 35.15349 ], [ 126.923602, 35.153504 ], [ 126.923542, 35.153524 ], [ 126.923559, 35.153559 ], [ 126.923645, 35.153528 ] ] ] ] } },
{ "type": "Feature", "properties": { "BUL_MAN_NO": 24918, "BULD_NM": null, "flo": 1.0, "h": 3.3 }, "geometry": { "type": "MultiPolygon", "coordinates": [ [ [ [ 126.923407, 35.153496 ], [ 126.923385, 35.153446 ], [ 126.923414, 35.153432 ], [ 126.923395, 35.1534 ], [ 126.923292, 35.153444 ], [ 126.923339, 35.153519 ], [ 126.923407, 35.153496 ] ] ] ] } },
{ "type": "Feature", "properties": { "BUL_MAN_NO": 24910, "BULD_NM": null, "flo": 2.0, "h": 6.6 }, "geometry": { "type": "MultiPolygon", "coordinates": [ [ [ [ 126.923556, 35.153584 ], [ 126.923535, 35.153536 ], [ 126.923431, 35.153569 ], [ 126.92344, 35.153594 ], [ 126.923431, 35.153598 ], [ 126.923441, 35.153629 ], [ 126.923455, 35.153625 ], [ 126.923482, 35.153614 ], [ 126.923556, 35.153584 ] ] ] ] } },
{ "type": "Feature", "properties": { "BUL_MAN_NO": 37161, "BULD_NM": null, "flo": 1.0, "h": 3.3 }, "geometry": { "type": "MultiPolygon", "coordinates": [ [ [ [ 126.923509, 35.153539 ], [ 126.923498, 35.153513 ], [ 126.923482, 35.153518 ], [ 126.923479, 35.15351 ], [ 126.923519, 35.153497 ], [ 126.923533, 35.153532 ], [ 126.923509, 35.153539 ] ] ] ] } },
{ "type": "Feature", "properties": { "BUL_MAN_NO": 4346, "BULD_NM": null, "flo": 2.0, "h": 6.6 }, "geometry": { "type": "MultiPolygon", "coordinates": [ [ [ [ 126.923348, 35.153582 ], [ 126.923341, 35.153561 ], [ 126.923293, 35.153575 ], [ 126.923314, 35.153673 ], [ 126.923358, 35.153667 ], [ 126.92342, 35.153639 ], [ 126.923401, 35.153567 ], [ 126.923348, 35.153582 ] ] ] ] } },
{ "type": "Feature", "properties": { "BUL_MAN_NO": 24920, "BULD_NM": null, "flo": 2.0, "h": 6.6 }, "geometry": { "type": "MultiPolygon", "coordinates": [ [ [ [ 126.924211, 35.153177 ], [ 126.92419, 35.153139 ], [ 126.924181, 35.153142 ], [ 126.924168, 35.153121 ], [ 126.924093, 35.153153 ], [ 126.92412, 35.153199 ], [ 126.924143, 35.153231 ], [ 126.924202, 35.153209 ], [ 126.924195, 35.153185 ], [ 126.924211, 35.153177 ] ] ] ] } },
{ "type": "Feature", "properties": { "BUL_MAN_NO": 4339, "BULD_NM": null, "flo": 1.0, "h": 3.3 }, "geometry": { "type": "MultiPolygon", "coordinates": [ [ [ [ 126.923941, 35.153317 ], [ 126.92388, 35.153261 ], [ 126.923822, 35.153301 ], [ 126.923839, 35.153317 ], [ 126.923919, 35.153392 ], [ 126.923975, 35.153348 ], [ 126.923941, 35.153317 ] ] ] ] } },
{ "type": "Feature", "properties": { "BUL_MAN_NO": 37155, "BULD_NM": null, "flo": 1.0, "h": 3.3 }, "geometry": { "type": "MultiPolygon", "coordinates": [ [ [ [ 126.923977, 35.153347 ], [ 126.923964, 35.153335 ], [ 126.923971, 35.15333 ], [ 126.923984, 35.153341 ], [ 126.923977, 35.153347 ] ] ] ] } },
{ "type": "Feature", "properties": { "BUL_MAN_NO": 37156, "BULD_NM": null, "flo": 1.0, "h": 3.3 }, "geometry": { "type": "MultiPolygon", "coordinates": [ [ [ [ 126.923831, 35.153286 ], [ 126.923826, 35.153279 ], [ 126.923868, 35.153257 ], [ 126.923874, 35.153263 ], [ 126.923831, 35.153286 ] ] ] ] } },
{ "type": "Feature", "properties": { "BUL_MAN_NO": 24919, "BULD_NM": null, "flo": 1.0, "h": 3.3 }, "geometry": { "type": "MultiPolygon", "coordinates": [ [ [ [ 126.923823, 35.153316 ], [ 126.9238, 35.153289 ], [ 126.923765, 35.15331 ], [ 126.923769, 35.153318 ], [ 126.923772, 35.153321 ], [ 126.923717, 35.153351 ], [ 126.923756, 35.153396 ], [ 126.923841, 35.153337 ], [ 126.923823, 35.153316 ] ] ] ] } },
{ "type": "Feature", "properties": { "BUL_MAN_NO": 37153, "BULD_NM": null, "flo": 1.0, "h": 3.3 }, "geometry": { "type": "MultiPolygon", "coordinates": [ [ [ [ 126.923751, 35.153393 ], [ 126.923712, 35.153396 ], [ 126.923704, 35.153357 ], [ 126.923714, 35.153352 ], [ 126.923751, 35.153393 ] ] ] ] } },
{ "type": "Feature", "properties": { "BUL_MAN_NO": 24928, "BULD_NM": null, "flo": 2.0, "h": 6.6 }, "geometry": { "type": "MultiPolygon", "coordinates": [ [ [ [ 126.923268, 35.153423 ], [ 126.923217, 35.153349 ], [ 126.923172, 35.153368 ], [ 126.923175, 35.153375 ], [ 126.923141, 35.153388 ], [ 126.923143, 35.153393 ], [ 126.923115, 35.153403 ], [ 126.923158, 35.153468 ], [ 126.923268, 35.153423 ] ] ] ] } },
{ "type": "Feature", "properties": { "BUL_MAN_NO": 37163, "BULD_NM": null, "flo": 1.0, "h": 3.3 }, "geometry": { "type": "MultiPolygon", "coordinates": [ [ [ [ 126.923224, 35.153453 ], [ 126.92322, 35.153446 ], [ 126.923268, 35.153425 ], [ 126.923273, 35.153432 ], [ 126.923224, 35.153453 ] ] ] ] } },
{ "type": "Feature", "properties": { "BUL_MAN_NO": 24936, "BULD_NM": null, "flo": 2.0, "h": 6.6 }, "geometry": { "type": "MultiPolygon", "coordinates": [ [ [ [ 126.922991, 35.153508 ], [ 126.923026, 35.153457 ], [ 126.923032, 35.153461 ], [ 126.923053, 35.153432 ], [ 126.922965, 35.153394 ], [ 126.922955, 35.153411 ], [ 126.922922, 35.1534 ], [ 126.92288, 35.153462 ], [ 126.922906, 35.153474 ], [ 126.922909, 35.153469 ], [ 126.922967, 35.153494 ], [ 126.922964, 35.153497 ], [ 126.922991, 35.153508 ] ] ] ] } },
{ "type": "Feature", "properties": { "BUL_MAN_NO": 37167, "BULD_NM": null, "flo": 1.0, "h": 3.3 }, "geometry": { "type": "MultiPolygon", "coordinates": [ [ [ [ 126.923055, 35.153429 ], [ 126.923028, 35.153415 ], [ 126.923029, 35.15341 ], [ 126.923065, 35.153413 ], [ 126.923055, 35.153429 ] ] ] ] } },
{ "type": "Feature", "properties": { "BUL_MAN_NO": 24935, "BULD_NM": null, "flo": 1.0, "h": 3.3 }, "geometry": { "type": "MultiPolygon", "coordinates": [ [ [ [ 126.923119, 35.153486 ], [ 126.923083, 35.153443 ], [ 126.923052, 35.153462 ], [ 126.923095, 35.153502 ], [ 126.923119, 35.153486 ] ] ] ] } },
{ "type": "Feature", "properties": { "BUL_MAN_NO": 24934, "BULD_NM": null, "flo": 1.0, "h": 3.3 }, "geometry": { "type": "MultiPolygon", "coordinates": [ [ [ [ 126.923123, 35.153524 ], [ 126.923034, 35.153483 ], [ 126.922991, 35.153534 ], [ 126.923097, 35.153578 ], [ 126.923123, 35.153524 ] ] ] ] } },
{ "type": "Feature", "properties": { "BUL_MAN_NO": 24929, "BULD_NM": null, "flo": 2.0, "h": 6.6 }, "geometry": { "type": "MultiPolygon", "coordinates": [ [ [ [ 126.923177, 35.153566 ], [ 126.9232, 35.153557 ], [ 126.923203, 35.153562 ], [ 126.923327, 35.153526 ], [ 126.923284, 35.153445 ], [ 126.923229, 35.153461 ], [ 126.923234, 35.153471 ], [ 126.923178, 35.15349 ], [ 126.923184, 35.153505 ], [ 126.923171, 35.153509 ], [ 126.923186, 35.15354 ], [ 126.923167, 35.153547 ], [ 126.923177, 35.153566 ] ] ] ] } },
{ "type": "Feature", "properties": { "BUL_MAN_NO": 37164, "BULD_NM": null, "flo": 1.0, "h": 3.3 }, "geometry": { "type": "MultiPolygon", "coordinates": [ [ [ [ 126.923174, 35.153543 ], [ 126.923165, 35.153527 ], [ 126.923176, 35.153523 ], [ 126.923185, 35.153538 ], [ 126.923174, 35.153543 ] ] ] ] } },
{ "type": "Feature", "properties": { "BUL_MAN_NO": 24933, "BULD_NM": null, "flo": 1.0, "h": 3.3 }, "geometry": { "type": "MultiPolygon", "coordinates": [ [ [ [ 126.92311, 35.153592 ], [ 126.92308, 35.153589 ], [ 126.923071, 35.153668 ], [ 126.923104, 35.15367 ], [ 126.92311, 35.153592 ] ] ] ] } },
{ "type": "Feature", "properties": { "BUL_MAN_NO": 4357, "BULD_NM": null, "flo": 1.0, "h": 3.3 }, "geometry": { "type": "MultiPolygon", "coordinates": [ [ [ [ 126.923068, 35.153613 ], [ 126.922961, 35.153576 ], [ 126.922934, 35.153624 ], [ 126.923046, 35.153661 ], [ 126.923068, 35.153613 ] ] ] ] } },
{ "type": "Feature", "properties": { "BUL_MAN_NO": 24925, "BULD_NM": null, "flo": 2.0, "h": 6.6 }, "geometry": { "type": "MultiPolygon", "coordinates": [ [ [ [ 126.923201, 35.153626 ], [ 126.923201, 35.153599 ], [ 126.923146, 35.153614 ], [ 126.923147, 35.153639 ], [ 126.923201, 35.153626 ] ] ] ] } },
{ "type": "Feature", "properties": { "BUL_MAN_NO": 24927, "BULD_NM": null, "flo": 2.0, "h": 6.6 }, "geometry": { "type": "MultiPolygon", "coordinates": [ [ [ [ 126.923276, 35.153621 ], [ 126.923271, 35.153604 ], [ 126.923238, 35.15361 ], [ 126.923242, 35.153626 ], [ 126.923276, 35.153621 ] ] ] ] } },
{ "type": "Feature", "properties": { "BUL_MAN_NO": 24926, "BULD_NM": null, "flo": 2.0, "h": 6.6 }, "geometry": { "type": "MultiPolygon", "coordinates": [ [ [ [ 126.923205, 35.153699 ], [ 126.923259, 35.15369 ], [ 126.923258, 35.153685 ], [ 126.92329, 35.15368 ], [ 126.923276, 35.153623 ], [ 126.923242, 35.153629 ], [ 126.923244, 35.153637 ], [ 126.923147, 35.153653 ], [ 126.923152, 35.153686 ], [ 126.923176, 35.153682 ], [ 126.92318, 35.153696 ], [ 126.923203, 35.153693 ], [ 126.923205, 35.153699 ] ] ] ] } },
{ "type": "Feature", "properties": { "BUL_MAN_NO": 24932, "BULD_NM": null, "flo": 2.0, "h": 6.6 }, "geometry": { "type": "MultiPolygon", "coordinates": [ [ [ [ 126.922973, 35.15365 ], [ 126.922931, 35.153634 ], [ 126.922909, 35.153666 ], [ 126.922952, 35.153684 ], [ 126.922973, 35.15365 ] ] ] ] } },
{ "type": "Feature", "properties": { "BUL_MAN_NO": 24931, "BULD_NM": null, "flo": 2.0, "h": 6.6 }, "geometry": { "type": "MultiPolygon", "coordinates": [ [ [ [ 126.922991, 35.153754 ], [ 126.923005, 35.153708 ], [ 126.923007, 35.153708 ], [ 126.92301, 35.153698 ], [ 126.922978, 35.153692 ], [ 126.922966, 35.153686 ], [ 126.92292, 35.153689 ], [ 126.922915, 35.153698 ], [ 126.922895, 35.153694 ], [ 126.922886, 35.153699 ], [ 126.922872, 35.153738 ], [ 126.922991, 35.153754 ] ] ] ] } },
{ "type": "Feature", "properties": { "BUL_MAN_NO": 24922, "BULD_NM": null, "flo": 1.0, "h": 3.3 }, "geometry": { "type": "MultiPolygon", "coordinates": [ [ [ [ 126.923338, 35.153814 ], [ 126.923294, 35.153743 ], [ 126.923174, 35.153774 ], [ 126.923199, 35.153846 ], [ 126.923232, 35.153855 ], [ 126.923338, 35.153814 ] ] ] ] } },
{ "type": "Feature", "properties": { "BUL_MAN_NO": 24924, "BULD_NM": null, "flo": 1.0, "h": 3.3 }, "geometry": { "type": "MultiPolygon", "coordinates": [ [ [ [ 126.923265, 35.153744 ], [ 126.923247, 35.153708 ], [ 126.923158, 35.153729 ], [ 126.923173, 35.15377 ], [ 126.923265, 35.153744 ] ] ] ] } },
{ "type": "Feature", "properties": { "BUL_MAN_NO": 4356, "BULD_NM": null, "flo": 2.0, "h": 6.6 }, "geometry": { "type": "MultiPolygon", "coordinates": [ [ [ [ 126.923111, 35.153706 ], [ 126.923018, 35.153692 ], [ 126.923003, 35.153749 ], [ 126.92313, 35.153758 ], [ 126.923125, 35.153738 ], [ 126.92311, 35.153737 ], [ 126.923104, 35.153722 ], [ 126.923111, 35.153706 ] ] ] ] } },
{ "type": "Feature", "properties": { "BUL_MAN_NO": 24930, "BULD_NM": null, "flo": 1.0, "h": 3.3 }, "geometry": { "type": "MultiPolygon", "coordinates": [ [ [ [ 126.923157, 35.15383 ], [ 126.923146, 35.153783 ], [ 126.923085, 35.153786 ], [ 126.923084, 35.153844 ], [ 126.923158, 35.153843 ], [ 126.923157, 35.15383 ] ] ] ] } },
{ "type": "Feature", "properties": { "BUL_MAN_NO": 24942, "BULD_NM": null, "flo": 1.0, "h": 3.3 }, "geometry": { "type": "MultiPolygon", "coordinates": [ [ [ [ 126.924202, 35.15325 ], [ 126.924182, 35.153231 ], [ 126.924144, 35.153256 ], [ 126.924173, 35.153279 ], [ 126.924208, 35.153255 ], [ 126.924202, 35.15325 ] ] ] ] } },
{ "type": "Feature", "properties": { "BUL_MAN_NO": 24941, "BULD_NM": null, "flo": 1.0, "h": 3.3 }, "geometry": { "type": "MultiPolygon", "coordinates": [ [ [ [ 126.924148, 35.153264 ], [ 126.924128, 35.153251 ], [ 126.924075, 35.153292 ], [ 126.92408, 35.153296 ], [ 126.924089, 35.153301 ], [ 126.924122, 35.153311 ], [ 126.924167, 35.153281 ], [ 126.924148, 35.153264 ] ] ] ] } },
{ "type": "Feature", "properties": { "BUL_MAN_NO": 24944, "BULD_NM": null, "flo": 1.0, "h": 3.3 }, "geometry": { "type": "MultiPolygon", "coordinates": [ [ [ [ 126.924075, 35.153327 ], [ 126.924057, 35.15331 ], [ 126.924028, 35.153328 ], [ 126.923997, 35.15335 ], [ 126.924029, 35.153377 ], [ 126.924087, 35.153337 ], [ 126.924075, 35.153327 ] ] ] ] } },
{ "type": "Feature", "properties": { "BUL_MAN_NO": 24943, "BULD_NM": null, "flo": 1.0, "h": 3.3 }, "geometry": { "type": "MultiPolygon", "coordinates": [ [ [ [ 126.924007, 35.153369 ], [ 126.923986, 35.153353 ], [ 126.923922, 35.153409 ], [ 126.923945, 35.153432 ], [ 126.924016, 35.153378 ], [ 126.924007, 35.153369 ] ] ] ] } },
{ "type": "Feature", "properties": { "BUL_MAN_NO": 24937, "BULD_NM": null, "flo": 1.0, "h": 3.3 }, "geometry": { "type": "MultiPolygon", "coordinates": [ [ [ [ 126.92392, 35.153443 ], [ 126.923897, 35.153427 ], [ 126.923853, 35.153467 ], [ 126.923872, 35.15348 ], [ 126.92392, 35.153443 ] ] ] ] } },
{ "type": "Feature", "properties": { "BUL_MAN_NO": 24895, "BULD_NM": null, "flo": 1.0, "h": 3.3 }, "geometry": { "type": "MultiPolygon", "coordinates": [ [ [ [ 126.923811, 35.153467 ], [ 126.923777, 35.153424 ], [ 126.923723, 35.153438 ], [ 126.92373, 35.153486 ], [ 126.923762, 35.153537 ], [ 126.923828, 35.153495 ], [ 126.923811, 35.153467 ] ] ] ] } },
{ "type": "Feature", "properties": { "BUL_MAN_NO": 24896, "BULD_NM": null, "flo": 1.0, "h": 3.3 }, "geometry": { "type": "MultiPolygon", "coordinates": [ [ [ [ 126.923775, 35.153422 ], [ 126.923758, 35.153401 ], [ 126.92372, 35.153411 ], [ 126.923723, 35.153435 ], [ 126.923775, 35.153422 ] ] ] ] } },
{ "type": "Feature", "properties": { "BUL_MAN_NO": 37157, "BULD_NM": null, "flo": 1.0, "h": 3.3 }, "geometry": { "type": "MultiPolygon", "coordinates": [ [ [ [ 126.923598, 35.153645 ], [ 126.923556, 35.153581 ], [ 126.923569, 35.153576 ], [ 126.92361, 35.153639 ], [ 126.923598, 35.153645 ] ] ] ] } },
{ "type": "Feature", "properties": { "BUL_MAN_NO": 37158, "BULD_NM": null, "flo": 1.0, "h": 3.3 }, "geometry": { "type": "MultiPolygon", "coordinates": [ [ [ [ 126.923713, 35.15358 ], [ 126.923708, 35.153573 ], [ 126.923729, 35.153562 ], [ 126.923734, 35.153568 ], [ 126.923713, 35.15358 ] ] ] ] } },
{ "type": "Feature", "properties": { "BUL_MAN_NO": 24938, "BULD_NM": null, "flo": 1.0, "h": 3.3 }, "geometry": { "type": "MultiPolygon", "coordinates": [ [ [ [ 126.923728, 35.15356 ], [ 126.923705, 35.153521 ], [ 126.923569, 35.153575 ], [ 126.923612, 35.153639 ], [ 126.923658, 35.153615 ], [ 126.923648, 35.153599 ], [ 126.923728, 35.15356 ] ] ] ] } },
{ "type": "Feature", "properties": { "BUL_MAN_NO": 24948, "BULD_NM": null, "flo": 1.0, "h": 3.3 }, "geometry": { "type": "MultiPolygon", "coordinates": [ [ [ [ 126.924024, 35.153508 ], [ 126.923985, 35.15347 ], [ 126.9239, 35.15354 ], [ 126.923931, 35.153571 ], [ 126.924024, 35.153508 ] ] ] ] } },
{ "type": "Feature", "properties": { "BUL_MAN_NO": 24946, "BULD_NM": null, "flo": 1.0, "h": 3.3 }, "geometry": { "type": "MultiPolygon", "coordinates": [ [ [ [ 126.923756, 35.153742 ], [ 126.923698, 35.153672 ], [ 126.923648, 35.1537 ], [ 126.923675, 35.153736 ], [ 126.923666, 35.153741 ], [ 126.923685, 35.153768 ], [ 126.923756, 35.153742 ] ] ] ] } },
{ "type": "Feature", "properties": { "BUL_MAN_NO": 24947, "BULD_NM": null, "flo": 2.0, "h": 6.6 }, "geometry": { "type": "MultiPolygon", "coordinates": [ [ [ [ 126.923627, 35.153779 ], [ 126.923606, 35.153732 ], [ 126.923494, 35.153803 ], [ 126.923499, 35.153809 ], [ 126.923627, 35.153779 ] ] ] ] } },
{ "type": "Feature", "properties": { "BUL_MAN_NO": 24949, "BULD_NM": null, "flo": 2.0, "h": 6.6 }, "geometry": { "type": "MultiPolygon", "coordinates": [ [ [ [ 126.92272, 35.153507 ], [ 126.922675, 35.1535 ], [ 126.922688, 35.153606 ], [ 126.922704, 35.153603 ], [ 126.922724, 35.153597 ], [ 126.922753, 35.153579 ], [ 126.922758, 35.153528 ], [ 126.92272, 35.153507 ] ] ] ] } },
{ "type": "Feature", "properties": { "BUL_MAN_NO": 24953, "BULD_NM": null, "flo": 1.0, "h": 3.3 }, "geometry": { "type": "MultiPolygon", "coordinates": [ [ [ [ 126.922634, 35.153946 ], [ 126.922632, 35.15386 ], [ 126.922614, 35.15386 ], [ 126.922613, 35.153866 ], [ 126.922595, 35.153866 ], [ 126.922576, 35.153867 ], [ 126.922559, 35.15389 ], [ 126.922553, 35.15389 ], [ 126.922538, 35.15392 ], [ 126.92254, 35.153947 ], [ 126.922634, 35.153946 ] ] ] ] } },
{ "type": "Feature", "properties": { "BUL_MAN_NO": 24952, "BULD_NM": null, "flo": 1.0, "h": 3.3 }, "geometry": { "type": "MultiPolygon", "coordinates": [ [ [ [ 126.922777, 35.153829 ], [ 126.922714, 35.153813 ], [ 126.922716, 35.153914 ], [ 126.922791, 35.153897 ], [ 126.922777, 35.153829 ] ] ] ] } },
{ "type": "Feature", "properties": { "BUL_MAN_NO": 24951, "BULD_NM": null, "flo": 1.0, "h": 3.3 }, "geometry": { "type": "MultiPolygon", "coordinates": [ [ [ [ 126.922815, 35.153991 ], [ 126.922791, 35.153898 ], [ 126.922717, 35.153918 ], [ 126.92272, 35.153958 ], [ 126.92274, 35.154 ], [ 126.922815, 35.153991 ] ] ] ] } },
{ "type": "Feature", "properties": { "BUL_MAN_NO": 37165, "BULD_NM": null, "flo": 1.0, "h": 3.3 }, "geometry": { "type": "MultiPolygon", "coordinates": [ [ [ [ 126.923059, 35.153831 ], [ 126.92306, 35.153819 ], [ 126.92307, 35.153819 ], [ 126.92307, 35.153832 ], [ 126.923059, 35.153831 ] ] ] ] } },
{ "type": "Feature", "properties": { "BUL_MAN_NO": 24954, "BULD_NM": null, "flo": 2.0, "h": 6.6 }, "geometry": { "type": "MultiPolygon", "coordinates": [ [ [ [ 126.923056, 35.153838 ], [ 126.923059, 35.153807 ], [ 126.92307, 35.153808 ], [ 126.923072, 35.153784 ], [ 126.923027, 35.15378 ], [ 126.923028, 35.153775 ], [ 126.923, 35.153769 ], [ 126.922996, 35.153781 ], [ 126.92296, 35.153777 ], [ 126.92295, 35.153828 ], [ 126.923056, 35.153838 ] ] ] ] } },
{ "type": "Feature", "properties": { "BUL_MAN_NO": 24955, "BULD_NM": null, "flo": 2.0, "h": 6.6 }, "geometry": { "type": "MultiPolygon", "coordinates": [ [ [ [ 126.922888, 35.153822 ], [ 126.922901, 35.153794 ], [ 126.922927, 35.153799 ], [ 126.922938, 35.153768 ], [ 126.922851, 35.153746 ], [ 126.922844, 35.153768 ], [ 126.922834, 35.153766 ], [ 126.92282, 35.153803 ], [ 126.922888, 35.153822 ] ] ] ] } },
{ "type": "Feature", "properties": { "BUL_MAN_NO": 37166, "BULD_NM": null, "flo": 1.0, "h": 3.3 }, "geometry": { "type": "MultiPolygon", "coordinates": [ [ [ [ 126.922897, 35.153817 ], [ 126.922903, 35.153801 ], [ 126.922916, 35.153803 ], [ 126.92291, 35.153819 ], [ 126.922897, 35.153817 ] ] ] ] } },
{ "type": "Feature", "properties": { "BUL_MAN_NO": 24902, "BULD_NM": null, "flo": 1.0, "h": 3.3 }, "geometry": { "type": "MultiPolygon", "coordinates": [ [ [ [ 126.922822, 35.153853 ], [ 126.922823, 35.153842 ], [ 126.922796, 35.153839 ], [ 126.922799, 35.153867 ], [ 126.922821, 35.153866 ], [ 126.922822, 35.153853 ] ] ] ] } },
{ "type": "Feature", "properties": { "BUL_MAN_NO": 37190, "BULD_NM": null, "flo": 1.0, "h": 3.3 }, "geometry": { "type": "MultiPolygon", "coordinates": [ [ [ [ 126.922796, 35.153461 ], [ 126.922815, 35.15347 ], [ 126.922821, 35.153462 ], [ 126.922802, 35.153452 ], [ 126.922802, 35.153453 ], [ 126.922796, 35.153461 ] ] ] ] } },
{ "type": "Feature", "properties": { "BUL_MAN_NO": 24958, "BULD_NM": null, "flo": 2.0, "h": 6.6 }, "geometry": { "type": "MultiPolygon", "coordinates": [ [ [ [ 126.922799, 35.153451 ], [ 126.922709, 35.15341 ], [ 126.922687, 35.153438 ], [ 126.922699, 35.153444 ], [ 126.922682, 35.153463 ], [ 126.922682, 35.153464 ], [ 126.922678, 35.15347 ], [ 126.922786, 35.15352 ], [ 126.922814, 35.153472 ], [ 126.922792, 35.153464 ], [ 126.922799, 35.153451 ] ] ] ] } },
{ "type": "Feature", "properties": { "BUL_MAN_NO": 37168, "BULD_NM": null, "flo": 1.0, "h": 3.3 }, "geometry": { "type": "MultiPolygon", "coordinates": [ [ [ [ 126.922862, 35.153473 ], [ 126.922868, 35.153466 ], [ 126.922891, 35.153476 ], [ 126.922886, 35.153483 ], [ 126.922862, 35.153473 ] ] ] ] } },
{ "type": "Feature", "properties": { "BUL_MAN_NO": 24956, "BULD_NM": null, "flo": 2.0, "h": 6.6 }, "geometry": { "type": "MultiPolygon", "coordinates": [ [ [ [ 126.922982, 35.153513 ], [ 126.922931, 35.153491 ], [ 126.922924, 35.153501 ], [ 126.922859, 35.153475 ], [ 126.922824, 35.153525 ], [ 126.922938, 35.153579 ], [ 126.922982, 35.153513 ] ] ] ] } },
{ "type": "Feature", "properties": { "BUL_MAN_NO": 4358, "BULD_NM": null, "flo": 2.0, "h": 6.6 }, "geometry": { "type": "MultiPolygon", "coordinates": [ [ [ [ 126.922921, 35.15359 ], [ 126.922818, 35.153542 ], [ 126.92279, 35.153582 ], [ 126.922897, 35.15363 ], [ 126.922921, 35.15359 ] ] ] ] } },
{ "type": "Feature", "properties": { "BUL_MAN_NO": 37169, "BULD_NM": null, "flo": 1.0, "h": 3.3 }, "geometry": { "type": "MultiPolygon", "coordinates": [ [ [ [ 126.92291, 35.153616 ], [ 126.922921, 35.153598 ], [ 126.922931, 35.153602 ], [ 126.92292, 35.15362 ], [ 126.92291, 35.153616 ] ] ] ] } },
{ "type": "Feature", "properties": { "BUL_MAN_NO": 24959, "BULD_NM": null, "flo": 1.0, "h": 3.3 }, "geometry": { "type": "MultiPolygon", "coordinates": [ [ [ [ 126.922902, 35.153651 ], [ 126.922832, 35.153621 ], [ 126.922789, 35.153693 ], [ 126.922854, 35.153725 ], [ 126.922902, 35.153651 ] ] ] ] } },
{ "type": "Feature", "properties": { "BUL_MAN_NO": 24957, "BULD_NM": null, "flo": 1.0, "h": 3.3 }, "geometry": { "type": "MultiPolygon", "coordinates": [ [ [ [ 126.922797, 35.153626 ], [ 126.922767, 35.153611 ], [ 126.922735, 35.153654 ], [ 126.922766, 35.153671 ], [ 126.922797, 35.153626 ] ] ] ] } },
{ "type": "Feature", "properties": { "BUL_MAN_NO": 24960, "BULD_NM": null, "flo": 1.0, "h": 3.3 }, "geometry": { "type": "MultiPolygon", "coordinates": [ [ [ [ 126.922817, 35.15413 ], [ 126.9228, 35.154044 ], [ 126.922763, 35.154047 ], [ 126.922736, 35.154079 ], [ 126.922753, 35.154165 ], [ 126.922817, 35.15413 ] ] ] ] } },
{ "type": "Feature", "properties": { "BUL_MAN_NO": 24961, "BULD_NM": null, "flo": 2.0, "h": 6.6 }, "geometry": { "type": "MultiPolygon", "coordinates": [ [ [ [ 126.922571, 35.154207 ], [ 126.92253, 35.154198 ], [ 126.922514, 35.154229 ], [ 126.922615, 35.154274 ], [ 126.922636, 35.154231 ], [ 126.922571, 35.154207 ] ] ] ] } },
{ "type": "Feature", "properties": { "BUL_MAN_NO": 24962, "BULD_NM": null, "flo": 2.0, "h": 6.6 }, "geometry": { "type": "MultiPolygon", "coordinates": [ [ [ [ 126.922958, 35.154311 ], [ 126.922898, 35.154223 ], [ 126.922863, 35.154232 ], [ 126.922867, 35.154262 ], [ 126.922849, 35.154264 ], [ 126.922851, 35.154276 ], [ 126.92277, 35.15429 ], [ 126.922789, 35.15437 ], [ 126.922965, 35.154342 ], [ 126.922958, 35.154311 ] ] ] ] } },
{ "type": "Feature", "properties": { "BUL_MAN_NO": 24963, "BULD_NM": null, "flo": 1.0, "h": 3.3 }, "geometry": { "type": "MultiPolygon", "coordinates": [ [ [ [ 126.922144, 35.153515 ], [ 126.922154, 35.153506 ], [ 126.922158, 35.153509 ], [ 126.922187, 35.153486 ], [ 126.922114, 35.153423 ], [ 126.922086, 35.153448 ], [ 126.922135, 35.153488 ], [ 126.922123, 35.153499 ], [ 126.922144, 35.153515 ] ] ] ] } },
{ "type": "Feature", "properties": { "BUL_MAN_NO": 24964, "BULD_NM": null, "flo": 1.0, "h": 3.3 }, "geometry": { "type": "MultiPolygon", "coordinates": [ [ [ [ 126.922146, 35.153521 ], [ 126.922068, 35.153464 ], [ 126.922023, 35.15353 ], [ 126.92208, 35.153566 ], [ 126.922096, 35.153561 ], [ 126.922146, 35.153521 ] ] ] ] } },
{ "type": "Feature", "properties": { "BUL_MAN_NO": 4359, "BULD_NM": null, "flo": 1.0, "h": 3.3 }, "geometry": { "type": "MultiPolygon", "coordinates": [ [ [ [ 126.922555, 35.153638 ], [ 126.922534, 35.153626 ], [ 126.922515, 35.153651 ], [ 126.922497, 35.153677 ], [ 126.922553, 35.153711 ], [ 126.922594, 35.153655 ], [ 126.922555, 35.153638 ] ] ] ] } },
{ "type": "Feature", "properties": { "BUL_MAN_NO": 4360, "BULD_NM": null, "flo": 1.0, "h": 3.3 }, "geometry": { "type": "MultiPolygon", "coordinates": [ [ [ [ 126.922592, 35.153649 ], [ 126.922582, 35.153569 ], [ 126.922542, 35.153622 ], [ 126.922592, 35.153649 ] ] ] ] } },
{ "type": "Feature", "properties": { "BUL_MAN_NO": 4361, "BULD_NM": null, "flo": 1.0, "h": 3.3 }, "geometry": { "type": "MultiPolygon", "coordinates": [ [ [ [ 126.922602, 35.153733 ], [ 126.922595, 35.153659 ], [ 126.922556, 35.153713 ], [ 126.922602, 35.153733 ] ] ] ] } },
{ "type": "Feature", "properties": { "BUL_MAN_NO": 24966, "BULD_NM": null, "flo": 1.0, "h": 3.3 }, "geometry": { "type": "MultiPolygon", "coordinates": [ [ [ [ 126.92244, 35.153675 ], [ 126.922399, 35.153656 ], [ 126.922338, 35.153713 ], [ 126.92238, 35.153736 ], [ 126.922442, 35.153677 ], [ 126.92244, 35.153675 ] ] ] ] } },
{ "type": "Feature", "properties": { "BUL_MAN_NO": 24965, "BULD_NM": null, "flo": 1.0, "h": 3.3 }, "geometry": { "type": "MultiPolygon", "coordinates": [ [ [ [ 126.922481, 35.153701 ], [ 126.922444, 35.15368 ], [ 126.922414, 35.153706 ], [ 126.922451, 35.153731 ], [ 126.922481, 35.153701 ] ] ] ] } },
{ "type": "Feature", "properties": { "BUL_MAN_NO": 4374, "BULD_NM": null, "flo": 2.0, "h": 6.6 }, "geometry": { "type": "MultiPolygon", "coordinates": [ [ [ [ 126.922597, 35.153804 ], [ 126.922562, 35.153778 ], [ 126.922552, 35.153787 ], [ 126.922526, 35.15377 ], [ 126.922531, 35.153765 ], [ 126.922518, 35.153756 ], [ 126.922505, 35.153767 ], [ 126.922477, 35.153746 ], [ 126.922435, 35.153791 ], [ 126.922539, 35.153866 ], [ 126.922597, 35.153804 ] ] ] ] } },
{ "type": "Feature", "properties": { "BUL_MAN_NO": 37413, "BULD_NM": null, "flo": 1.0, "h": 3.3 }, "geometry": { "type": "MultiPolygon", "coordinates": [ [ [ [ 126.922593, 35.153793 ], [ 126.922591, 35.153772 ], [ 126.922601, 35.15377 ], [ 126.922603, 35.153792 ], [ 126.922593, 35.153793 ] ] ] ] } },
{ "type": "Feature", "properties": { "BUL_MAN_NO": 24969, "BULD_NM": null, "flo": 1.0, "h": 3.3 }, "geometry": { "type": "MultiPolygon", "coordinates": [ [ [ [ 126.922565, 35.153527 ], [ 126.922563, 35.153484 ], [ 126.922544, 35.153514 ], [ 126.922565, 35.153527 ] ] ] ] } },
{ "type": "Feature", "properties": { "BUL_MAN_NO": 24968, "BULD_NM": null, "flo": 1.0, "h": 3.3 }, "geometry": { "type": "MultiPolygon", "coordinates": [ [ [ [ 126.922564, 35.15347 ], [ 126.922521, 35.153442 ], [ 126.922488, 35.153487 ], [ 126.92254, 35.153515 ], [ 126.922564, 35.15347 ] ] ] ] } },
{ "type": "Feature", "properties": { "BUL_MAN_NO": 24967, "BULD_NM": null, "flo": 1.0, "h": 3.3 }, "geometry": { "type": "MultiPolygon", "coordinates": [ [ [ [ 126.922565, 35.153435 ], [ 126.922537, 35.153422 ], [ 126.922523, 35.153441 ], [ 126.922562, 35.153465 ], [ 126.922565, 35.153435 ] ] ] ] } },
{ "type": "Feature", "properties": { "BUL_MAN_NO": 24970, "BULD_NM": null, "flo": 2.0, "h": 6.6 }, "geometry": { "type": "MultiPolygon", "coordinates": [ [ [ [ 126.92247, 35.15359 ], [ 126.92242, 35.153559 ], [ 126.922383, 35.153602 ], [ 126.922438, 35.153636 ], [ 126.922476, 35.153593 ], [ 126.92247, 35.15359 ] ] ] ] } },
{ "type": "Feature", "properties": { "BUL_MAN_NO": 24971, "BULD_NM": null, "flo": 1.0, "h": 3.3 }, "geometry": { "type": "MultiPolygon", "coordinates": [ [ [ [ 126.92258, 35.153551 ], [ 126.922535, 35.153522 ], [ 126.922446, 35.153641 ], [ 126.922491, 35.153667 ], [ 126.92258, 35.153551 ] ] ] ] } },
{ "type": "Feature", "properties": { "BUL_MAN_NO": 4363, "BULD_NM": null, "flo": 2.0, "h": 6.6 }, "geometry": { "type": "MultiPolygon", "coordinates": [ [ [ [ 126.922508, 35.153515 ], [ 126.922481, 35.153498 ], [ 126.922454, 35.153526 ], [ 126.922482, 35.153544 ], [ 126.922508, 35.153515 ] ] ] ] } },
{ "type": "Feature", "properties": { "BUL_MAN_NO": 24972, "BULD_NM": null, "flo": 2.0, "h": 6.6 }, "geometry": { "type": "MultiPolygon", "coordinates": [ [ [ [ 126.922253, 35.15355 ], [ 126.922202, 35.153497 ], [ 126.922141, 35.153541 ], [ 126.922184, 35.15359 ], [ 126.92223, 35.153584 ], [ 126.922248, 35.153577 ], [ 126.922253, 35.15355 ] ] ] ] } },
{ "type": "Feature", "properties": { "BUL_MAN_NO": 37250, "BULD_NM": null, "flo": 1.0, "h": 3.3 }, "geometry": { "type": "MultiPolygon", "coordinates": [ [ [ [ 126.92214, 35.153542 ], [ 126.922136, 35.153556 ], [ 126.922144, 35.153564 ], [ 126.922154, 35.153558 ], [ 126.92214, 35.153542 ] ] ] ] } },
{ "type": "Feature", "properties": { "BUL_MAN_NO": 24976, "BULD_NM": null, "flo": 1.0, "h": 3.3 }, "geometry": { "type": "MultiPolygon", "coordinates": [ [ [ [ 126.922292, 35.153692 ], [ 126.922299, 35.153614 ], [ 126.922248, 35.153617 ], [ 126.922246, 35.153644 ], [ 126.922197, 35.153647 ], [ 126.922203, 35.153695 ], [ 126.922292, 35.153692 ] ] ] ] } },
{ "type": "Feature", "properties": { "BUL_MAN_NO": 24977, "BULD_NM": null, "flo": 1.0, "h": 3.3 }, "geometry": { "type": "MultiPolygon", "coordinates": [ [ [ [ 126.92229, 35.153712 ], [ 126.922267, 35.153695 ], [ 126.922216, 35.153735 ], [ 126.922238, 35.153754 ], [ 126.92229, 35.153712 ] ] ] ] } },
{ "type": "Feature", "properties": { "BUL_MAN_NO": 24973, "BULD_NM": null, "flo": 1.0, "h": 3.3 }, "geometry": { "type": "MultiPolygon", "coordinates": [ [ [ [ 126.922147, 35.153595 ], [ 126.922126, 35.153557 ], [ 126.922069, 35.153577 ], [ 126.922073, 35.153613 ], [ 126.922147, 35.153595 ] ] ] ] } },
{ "type": "Feature", "properties": { "BUL_MAN_NO": 24978, "BULD_NM": null, "flo": 2.0, "h": 6.6 }, "geometry": { "type": "MultiPolygon", "coordinates": [ [ [ [ 126.92217, 35.153674 ], [ 126.92216, 35.153636 ], [ 126.922057, 35.153654 ], [ 126.922067, 35.153709 ], [ 126.922071, 35.153712 ], [ 126.922166, 35.153695 ], [ 126.92217, 35.153674 ] ] ] ] } },
{ "type": "Feature", "properties": { "BUL_MAN_NO": 24974, "BULD_NM": null, "flo": 2.0, "h": 6.6 }, "geometry": { "type": "MultiPolygon", "coordinates": [ [ [ [ 126.922061, 35.153604 ], [ 126.922048, 35.153559 ], [ 126.921963, 35.153583 ], [ 126.921967, 35.153595 ], [ 126.921971, 35.153593 ], [ 126.921978, 35.153608 ], [ 126.921974, 35.15361 ], [ 126.921982, 35.153625 ], [ 126.922061, 35.153604 ] ] ] ] } },
{ "type": "Feature", "properties": { "BUL_MAN_NO": 37251, "BULD_NM": null, "flo": 1.0, "h": 3.3 }, "geometry": { "type": "MultiPolygon", "coordinates": [ [ [ [ 126.922023, 35.153565 ], [ 126.922021, 35.153559 ], [ 126.922043, 35.153553 ], [ 126.922045, 35.153558 ], [ 126.922023, 35.153565 ] ] ] ] } },
{ "type": "Feature", "properties": { "BUL_MAN_NO": 24979, "BULD_NM": null, "flo": 2.0, "h": 6.6 }, "geometry": { "type": "MultiPolygon", "coordinates": [ [ [ [ 126.922054, 35.153848 ], [ 126.922079, 35.153825 ], [ 126.922083, 35.153829 ], [ 126.922111, 35.153803 ], [ 126.922066, 35.153764 ], [ 126.922064, 35.153768 ], [ 126.92205, 35.153758 ], [ 126.922024, 35.153786 ], [ 126.922018, 35.153782 ], [ 126.921998, 35.153801 ], [ 126.922054, 35.153848 ] ] ] ] } },
{ "type": "Feature", "properties": { "BUL_MAN_NO": 37419, "BULD_NM": null, "flo": 1.0, "h": 3.3 }, "geometry": { "type": "MultiPolygon", "coordinates": [ [ [ [ 126.922056, 35.153756 ], [ 126.92206, 35.153742 ], [ 126.92207, 35.153744 ], [ 126.922066, 35.153758 ], [ 126.922056, 35.153756 ] ] ] ] } },
{ "type": "Feature", "properties": { "BUL_MAN_NO": 24975, "BULD_NM": null, "flo": 1.0, "h": 3.3 }, "geometry": { "type": "MultiPolygon", "coordinates": [ [ [ [ 126.922012, 35.153533 ], [ 126.921953, 35.153516 ], [ 126.921961, 35.153573 ], [ 126.921974, 35.153569 ], [ 126.921993, 35.153563 ], [ 126.92201, 35.153567 ], [ 126.92202, 35.153538 ], [ 126.922012, 35.153533 ] ] ] ] } },
{ "type": "Feature", "properties": { "BUL_MAN_NO": 4376, "BULD_NM": null, "flo": 1.0, "h": 3.3 }, "geometry": { "type": "MultiPolygon", "coordinates": [ [ [ [ 126.922033, 35.153756 ], [ 126.921971, 35.153673 ], [ 126.921912, 35.153704 ], [ 126.92198, 35.153783 ], [ 126.922033, 35.153756 ] ] ] ] } },
{ "type": "Feature", "properties": { "BUL_MAN_NO": 24981, "BULD_NM": null, "flo": 1.0, "h": 3.3 }, "geometry": { "type": "MultiPolygon", "coordinates": [ [ [ [ 126.921933, 35.153759 ], [ 126.921875, 35.153701 ], [ 126.921802, 35.153722 ], [ 126.921909, 35.153786 ], [ 126.921933, 35.153759 ] ] ] ] } },
{ "type": "Feature", "properties": { "BUL_MAN_NO": 24983, "BULD_NM": null, "flo": 1.0, "h": 3.3 }, "geometry": { "type": "MultiPolygon", "coordinates": [ [ [ [ 126.922074, 35.153888 ], [ 126.92202, 35.153842 ], [ 126.921945, 35.153922 ], [ 126.922003, 35.153952 ], [ 126.922074, 35.153888 ] ] ] ] } },
{ "type": "Feature", "properties": { "BUL_MAN_NO": 24982, "BULD_NM": null, "flo": 1.0, "h": 3.3 }, "geometry": { "type": "MultiPolygon", "coordinates": [ [ [ [ 126.921997, 35.153846 ], [ 126.921953, 35.153797 ], [ 126.92187, 35.153891 ], [ 126.921933, 35.15392 ], [ 126.921997, 35.153846 ] ] ] ] } },
{ "type": "Feature", "properties": { "BUL_MAN_NO": 24987, "BULD_NM": null, "flo": 1.0, "h": 3.3 }, "geometry": { "type": "MultiPolygon", "coordinates": [ [ [ [ 126.92238, 35.153649 ], [ 126.922312, 35.15362 ], [ 126.922308, 35.153689 ], [ 126.922325, 35.153697 ], [ 126.92238, 35.153649 ] ] ] ] } },
{ "type": "Feature", "properties": { "BUL_MAN_NO": 24988, "BULD_NM": null, "flo": 1.0, "h": 3.3 }, "geometry": { "type": "MultiPolygon", "coordinates": [ [ [ [ 126.922209, 35.153766 ], [ 126.922166, 35.153727 ], [ 126.922152, 35.153736 ], [ 126.922126, 35.153712 ], [ 126.922072, 35.153755 ], [ 126.922145, 35.153819 ], [ 126.922209, 35.153766 ] ] ] ] } },
{ "type": "Feature", "properties": { "BUL_MAN_NO": 37418, "BULD_NM": null, "flo": 1.0, "h": 3.3 }, "geometry": { "type": "MultiPolygon", "coordinates": [ [ [ [ 126.92221, 35.153765 ], [ 126.922201, 35.153757 ], [ 126.922208, 35.153752 ], [ 126.922217, 35.15376 ], [ 126.92221, 35.153765 ] ] ] ] } },
{ "type": "Feature", "properties": { "BUL_MAN_NO": 24984, "BULD_NM": null, "flo": 1.0, "h": 3.3 }, "geometry": { "type": "MultiPolygon", "coordinates": [ [ [ [ 126.922204, 35.153888 ], [ 126.92217, 35.153857 ], [ 126.922159, 35.153865 ], [ 126.922108, 35.153818 ], [ 126.922052, 35.153858 ], [ 126.922138, 35.15393 ], [ 126.922204, 35.153888 ] ] ] ] } },
{ "type": "Feature", "properties": { "BUL_MAN_NO": 37416, "BULD_NM": null, "flo": 1.0, "h": 3.3 }, "geometry": { "type": "MultiPolygon", "coordinates": [ [ [ [ 126.92211, 35.153818 ], [ 126.92212, 35.153811 ], [ 126.922141, 35.15383 ], [ 126.922131, 35.153837 ], [ 126.92211, 35.153818 ] ] ] ] } },
{ "type": "Feature", "properties": { "BUL_MAN_NO": 24985, "BULD_NM": null, "flo": 1.0, "h": 3.3 }, "geometry": { "type": "MultiPolygon", "coordinates": [ [ [ [ 126.922295, 35.153855 ], [ 126.92226, 35.153823 ], [ 126.922241, 35.153834 ], [ 126.922207, 35.153808 ], [ 126.922161, 35.153837 ], [ 126.922227, 35.153895 ], [ 126.922295, 35.153855 ] ] ] ] } },
{ "type": "Feature", "properties": { "BUL_MAN_NO": 4375, "BULD_NM": null, "flo": 1.0, "h": 3.3 }, "geometry": { "type": "MultiPolygon", "coordinates": [ [ [ [ 126.922393, 35.153946 ], [ 126.922307, 35.15387 ], [ 126.922248, 35.153906 ], [ 126.922334, 35.153985 ], [ 126.922393, 35.153946 ] ] ] ] } },
{ "type": "Feature", "properties": { "BUL_MAN_NO": 37415, "BULD_NM": null, "flo": 1.0, "h": 3.3 }, "geometry": { "type": "MultiPolygon", "coordinates": [ [ [ [ 126.922341, 35.153983 ], [ 126.922401, 35.153944 ], [ 126.922427, 35.153967 ], [ 126.922341, 35.153983 ] ] ] ] } },
{ "type": "Feature", "properties": { "BUL_MAN_NO": 24986, "BULD_NM": null, "flo": 1.0, "h": 3.3 }, "geometry": { "type": "MultiPolygon", "coordinates": [ [ [ [ 126.922385, 35.153819 ], [ 126.922302, 35.15374 ], [ 126.922258, 35.153774 ], [ 126.922341, 35.153852 ], [ 126.922385, 35.153819 ] ] ] ] } },
{ "type": "Feature", "properties": { "BUL_MAN_NO": 37417, "BULD_NM": null, "flo": 1.0, "h": 3.3 }, "geometry": { "type": "MultiPolygon", "coordinates": [ [ [ [ 126.92235, 35.153782 ], [ 126.922331, 35.153765 ], [ 126.92234, 35.153759 ], [ 126.922359, 35.153777 ], [ 126.92235, 35.153782 ] ] ] ] } },
{ "type": "Feature", "properties": { "BUL_MAN_NO": 24990, "BULD_NM": null, "flo": 1.0, "h": 3.3 }, "geometry": { "type": "MultiPolygon", "coordinates": [ [ [ [ 126.922429, 35.153737 ], [ 126.922407, 35.153721 ], [ 126.922366, 35.153758 ], [ 126.922387, 35.153777 ], [ 126.922424, 35.153742 ], [ 126.922429, 35.153737 ] ] ] ] } },
{ "type": "Feature", "properties": { "BUL_MAN_NO": 24989, "BULD_NM": null, "flo": 1.0, "h": 3.3 }, "geometry": { "type": "MultiPolygon", "coordinates": [ [ [ [ 126.922503, 35.153905 ], [ 126.922407, 35.153823 ], [ 126.922347, 35.153866 ], [ 126.922446, 35.153949 ], [ 126.922503, 35.153905 ] ] ] ] } },
{ "type": "Feature", "properties": { "BUL_MAN_NO": 37414, "BULD_NM": null, "flo": 1.0, "h": 3.3 }, "geometry": { "type": "MultiPolygon", "coordinates": [ [ [ [ 126.922503, 35.153903 ], [ 126.922492, 35.153893 ], [ 126.922509, 35.153881 ], [ 126.92252, 35.15389 ], [ 126.922503, 35.153903 ] ] ] ] } },
{ "type": "Feature", "properties": { "BUL_MAN_NO": 24993, "BULD_NM": null, "flo": 3.0, "h": 9.9 }, "geometry": { "type": "MultiPolygon", "coordinates": [ [ [ [ 126.921896, 35.154604 ], [ 126.921857, 35.154604 ], [ 126.921856, 35.154736 ], [ 126.921945, 35.154736 ], [ 126.921896, 35.154604 ] ] ] ] } },
{ "type": "Feature", "properties": { "BUL_MAN_NO": 82, "BULD_NM": null, "flo": 1.0, "h": 3.3 }, "geometry": { "type": "MultiPolygon", "coordinates": [ [ [ [ 126.922101, 35.15471 ], [ 126.922043, 35.154612 ], [ 126.921938, 35.154611 ], [ 126.921989, 35.154746 ], [ 126.922101, 35.15471 ] ] ] ] } },
{ "type": "Feature", "properties": { "BUL_MAN_NO": 13262, "BULD_NM": null, "flo": 1.0, "h": 3.3 }, "geometry": { "type": "MultiPolygon", "coordinates": [ [ [ [ 126.922121, 35.154779 ], [ 126.922096, 35.154726 ], [ 126.921998, 35.154757 ], [ 126.922022, 35.154814 ], [ 126.922121, 35.154779 ] ] ] ] } },
{ "type": "Feature", "properties": { "BUL_MAN_NO": 24991, "BULD_NM": null, "flo": 2.0, "h": 6.6 }, "geometry": { "type": "MultiPolygon", "coordinates": [ [ [ [ 126.921949, 35.154882 ], [ 126.921962, 35.154863 ], [ 126.921976, 35.154868 ], [ 126.921995, 35.154829 ], [ 126.921958, 35.154814 ], [ 126.921968, 35.154798 ], [ 126.921914, 35.154772 ], [ 126.921906, 35.154788 ], [ 126.921874, 35.154773 ], [ 126.921835, 35.154834 ], [ 126.921949, 35.154882 ] ] ] ] } },
{ "type": "Feature", "properties": { "BUL_MAN_NO": 37448, "BULD_NM": null, "flo": 1.0, "h": 3.3 }, "geometry": { "type": "MultiPolygon", "coordinates": [ [ [ [ 126.922001, 35.154854 ], [ 126.921995, 35.154844 ], [ 126.922008, 35.154839 ], [ 126.922013, 35.154849 ], [ 126.922001, 35.154854 ] ] ] ] } },
{ "type": "Feature", "properties": { "BUL_MAN_NO": 24992, "BULD_NM": null, "flo": 1.0, "h": 3.3 }, "geometry": { "type": "MultiPolygon", "coordinates": [ [ [ [ 126.921846, 35.15477 ], [ 126.921798, 35.154753 ], [ 126.921785, 35.15477 ], [ 126.921767, 35.154764 ], [ 126.921744, 35.154757 ], [ 126.921733, 35.154784 ], [ 126.92177, 35.154813 ], [ 126.921808, 35.154833 ], [ 126.921846, 35.15477 ] ] ] ] } },
{ "type": "Feature", "properties": { "BUL_MAN_NO": 24996, "BULD_NM": null, "flo": 1.0, "h": 3.3 }, "geometry": { "type": "MultiPolygon", "coordinates": [ [ [ [ 126.922153, 35.154792 ], [ 126.922135, 35.154782 ], [ 126.922121, 35.154783 ], [ 126.922065, 35.154808 ], [ 126.922037, 35.154837 ], [ 126.922072, 35.154863 ], [ 126.922121, 35.15482 ], [ 126.922154, 35.154794 ], [ 126.922153, 35.154792 ] ] ] ] } },
{ "type": "Feature", "properties": { "BUL_MAN_NO": 24997, "BULD_NM": null, "flo": 1.0, "h": 3.3 }, "geometry": { "type": "MultiPolygon", "coordinates": [ [ [ [ 126.922067, 35.154868 ], [ 126.922029, 35.154841 ], [ 126.92199, 35.154878 ], [ 126.922028, 35.154904 ], [ 126.922067, 35.154868 ] ] ] ] } },
{ "type": "Feature", "properties": { "BUL_MAN_NO": 24995, "BULD_NM": null, "flo": 2.0, "h": 6.6 }, "geometry": { "type": "MultiPolygon", "coordinates": [ [ [ [ 126.922024, 35.154912 ], [ 126.921971, 35.154878 ], [ 126.921923, 35.154928 ], [ 126.921978, 35.154965 ], [ 126.921992, 35.154939 ], [ 126.922024, 35.154912 ] ] ] ] } },
{ "type": "Feature", "properties": { "BUL_MAN_NO": 24994, "BULD_NM": null, "flo": 2.0, "h": 6.6 }, "geometry": { "type": "MultiPolygon", "coordinates": [ [ [ [ 126.92197, 35.154975 ], [ 126.921906, 35.154927 ], [ 126.921857, 35.154974 ], [ 126.921841, 35.154998 ], [ 126.92188, 35.155005 ], [ 126.92191, 35.155025 ], [ 126.921931, 35.155032 ], [ 126.92197, 35.154975 ] ] ] ] } },
{ "type": "Feature", "properties": { "BUL_MAN_NO": 25010, "BULD_NM": null, "flo": 2.0, "h": 6.6 }, "geometry": { "type": "MultiPolygon", "coordinates": [ [ [ [ 126.922555, 35.154647 ], [ 126.922534, 35.154631 ], [ 126.922506, 35.15466 ], [ 126.922521, 35.154668 ], [ 126.92255, 35.154683 ], [ 126.922555, 35.154647 ] ] ] ] } },
{ "type": "Feature", "properties": { "BUL_MAN_NO": 25007, "BULD_NM": null, "flo": 1.0, "h": 3.3 }, "geometry": { "type": "MultiPolygon", "coordinates": [ [ [ [ 126.922373, 35.15481 ], [ 126.922362, 35.154775 ], [ 126.922297, 35.154794 ], [ 126.922306, 35.154829 ], [ 126.922373, 35.15481 ] ] ] ] } },
{ "type": "Feature", "properties": { "BUL_MAN_NO": 25006, "BULD_NM": null, "flo": 1.0, "h": 3.3 }, "geometry": { "type": "MultiPolygon", "coordinates": [ [ [ [ 126.922295, 35.154835 ], [ 126.922286, 35.154801 ], [ 126.922238, 35.154817 ], [ 126.922243, 35.15484 ], [ 126.922295, 35.154835 ] ] ] ] } },
{ "type": "Feature", "properties": { "BUL_MAN_NO": 25003, "BULD_NM": null, "flo": 1.0, "h": 3.3 }, "geometry": { "type": "MultiPolygon", "coordinates": [ [ [ [ 126.922263, 35.154936 ], [ 126.92221, 35.154913 ], [ 126.922195, 35.154937 ], [ 126.922246, 35.154961 ], [ 126.922263, 35.154936 ] ] ] ] } },
{ "type": "Feature", "properties": { "BUL_MAN_NO": 25005, "BULD_NM": null, "flo": 1.0, "h": 3.3 }, "geometry": { "type": "MultiPolygon", "coordinates": [ [ [ [ 126.922271, 35.154918 ], [ 126.922222, 35.154897 ], [ 126.922214, 35.154912 ], [ 126.922262, 35.154932 ], [ 126.922271, 35.154918 ] ] ] ] } },
{ "type": "Feature", "properties": { "BUL_MAN_NO": 25004, "BULD_NM": null, "flo": 1.0, "h": 3.3 }, "geometry": { "type": "MultiPolygon", "coordinates": [ [ [ [ 126.922218, 35.154882 ], [ 126.922213, 35.154867 ], [ 126.92219, 35.154875 ], [ 126.922157, 35.154916 ], [ 126.922191, 35.154934 ], [ 126.922217, 35.154897 ], [ 126.92221, 35.15489 ], [ 126.922218, 35.154882 ] ] ] ] } },
{ "type": "Feature", "properties": { "BUL_MAN_NO": 25002, "BULD_NM": null, "flo": 1.0, "h": 3.3 }, "geometry": { "type": "MultiPolygon", "coordinates": [ [ [ [ 126.922163, 35.154942 ], [ 126.922133, 35.154926 ], [ 126.922119, 35.154942 ], [ 126.922152, 35.154961 ], [ 126.922163, 35.154942 ] ] ] ] } },
{ "type": "Feature", "properties": { "BUL_MAN_NO": 25001, "BULD_NM": null, "flo": 1.0, "h": 3.3 }, "geometry": { "type": "MultiPolygon", "coordinates": [ [ [ [ 126.922154, 35.154962 ], [ 126.922115, 35.154945 ], [ 126.922081, 35.154986 ], [ 126.922127, 35.155004 ], [ 126.922154, 35.154962 ] ] ] ] } },
{ "type": "Feature", "properties": { "BUL_MAN_NO": 24999, "BULD_NM": null, "flo": 3.0, "h": 9.9 }, "geometry": { "type": "MultiPolygon", "coordinates": [ [ [ [ 126.922082, 35.155107 ], [ 126.922023, 35.155081 ], [ 126.922012, 35.155094 ], [ 126.922004, 35.155092 ], [ 126.921976, 35.155125 ], [ 126.921962, 35.155172 ], [ 126.922034, 35.155233 ], [ 126.922102, 35.155179 ], [ 126.922061, 35.155148 ], [ 126.922082, 35.155107 ] ] ] ] } },
{ "type": "Feature", "properties": { "BUL_MAN_NO": 25013, "BULD_NM": null, "flo": 1.0, "h": 3.3 }, "geometry": { "type": "MultiPolygon", "coordinates": [ [ [ [ 126.922289, 35.1549 ], [ 126.92231, 35.154861 ], [ 126.922287, 35.15486 ], [ 126.922282, 35.154867 ], [ 126.922254, 35.15486 ], [ 126.922231, 35.154862 ], [ 126.922234, 35.154879 ], [ 126.922247, 35.154892 ], [ 126.922289, 35.1549 ] ] ] ] } },
{ "type": "Feature", "properties": { "BUL_MAN_NO": 25017, "BULD_NM": null, "flo": 1.0, "h": 3.3 }, "geometry": { "type": "MultiPolygon", "coordinates": [ [ [ [ 126.922536, 35.154927 ], [ 126.922389, 35.154874 ], [ 126.92236, 35.154931 ], [ 126.922519, 35.154963 ], [ 126.922536, 35.154927 ] ] ] ] } },
{ "type": "Feature", "properties": { "BUL_MAN_NO": 25034, "BULD_NM": null, "flo": 1.0, "h": 3.3 }, "geometry": { "type": "MultiPolygon", "coordinates": [ [ [ [ 126.922206, 35.15504 ], [ 126.922172, 35.155028 ], [ 126.922143, 35.155085 ], [ 126.922176, 35.155096 ], [ 126.922206, 35.15504 ] ] ] ] } },
{ "type": "Feature", "properties": { "BUL_MAN_NO": 25036, "BULD_NM": null, "flo": 1.0, "h": 3.3 }, "geometry": { "type": "MultiPolygon", "coordinates": [ [ [ [ 126.922237, 35.154984 ], [ 126.922172, 35.154956 ], [ 126.922165, 35.15497 ], [ 126.922202, 35.154984 ], [ 126.922197, 35.154994 ], [ 126.922225, 35.155004 ], [ 126.922237, 35.154984 ] ] ] ] } },
{ "type": "Feature", "properties": { "BUL_MAN_NO": 25031, "BULD_NM": null, "flo": 1.0, "h": 3.3 }, "geometry": { "type": "MultiPolygon", "coordinates": [ [ [ [ 126.922331, 35.155048 ], [ 126.922247, 35.15502 ], [ 126.922222, 35.155068 ], [ 126.922311, 35.155099 ], [ 126.922331, 35.155048 ] ] ] ] } },
{ "type": "Feature", "properties": { "BUL_MAN_NO": 13442, "BULD_NM": null, "flo": 1.0, "h": 3.3 }, "geometry": { "type": "MultiPolygon", "coordinates": [ [ [ [ 126.922299, 35.155122 ], [ 126.922204, 35.155101 ], [ 126.922188, 35.15515 ], [ 126.922281, 35.155171 ], [ 126.922299, 35.155122 ] ] ] ] } },
{ "type": "Feature", "properties": { "BUL_MAN_NO": 25033, "BULD_NM": null, "flo": 2.0, "h": 6.6 }, "geometry": { "type": "MultiPolygon", "coordinates": [ [ [ [ 126.922271, 35.155239 ], [ 126.922273, 35.155205 ], [ 126.922269, 35.155205 ], [ 126.922269, 35.155193 ], [ 126.922273, 35.155194 ], [ 126.922275, 35.155183 ], [ 126.922217, 35.155174 ], [ 126.92221, 35.15519 ], [ 126.922181, 35.155184 ], [ 126.922176, 35.155206 ], [ 126.922163, 35.155205 ], [ 126.922149, 35.155251 ], [ 126.922184, 35.155258 ], [ 126.922271, 35.155239 ] ] ] ] } },
{ "type": "Feature", "properties": { "BUL_MAN_NO": 1572, "BULD_NM": null, "flo": 2.0, "h": 6.6 }, "geometry": { "type": "MultiPolygon", "coordinates": [ [ [ [ 126.927263, 35.148963 ], [ 126.927261, 35.148896 ], [ 126.927261, 35.14889 ], [ 126.927252, 35.148889 ], [ 126.927252, 35.148875 ], [ 126.927212, 35.148874 ], [ 126.927212, 35.148886 ], [ 126.927151, 35.148885 ], [ 126.927151, 35.148893 ], [ 126.927141, 35.148893 ], [ 126.92714, 35.148906 ], [ 126.927125, 35.148906 ], [ 126.927125, 35.14891 ], [ 126.927118, 35.14891 ], [ 126.927116, 35.14896 ], [ 126.927263, 35.148963 ] ] ] ] } },
{ "type": "Feature", "properties": { "BUL_MAN_NO": 25038, "BULD_NM": null, "flo": 1.0, "h": 3.3 }, "geometry": { "type": "MultiPolygon", "coordinates": [ [ [ [ 126.927413, 35.148843 ], [ 126.927411, 35.148782 ], [ 126.927361, 35.148783 ], [ 126.927362, 35.148845 ], [ 126.927413, 35.148843 ] ] ] ] } },
{ "type": "Feature", "properties": { "BUL_MAN_NO": 25039, "BULD_NM": null, "flo": 1.0, "h": 3.3 }, "geometry": { "type": "MultiPolygon", "coordinates": [ [ [ [ 126.927452, 35.148839 ], [ 126.92745, 35.148784 ], [ 126.927415, 35.148784 ], [ 126.927419, 35.14884 ], [ 126.927452, 35.148839 ] ] ] ] } },
{ "type": "Feature", "properties": { "BUL_MAN_NO": 25042, "BULD_NM": null, "flo": 1.0, "h": 3.3 }, "geometry": { "type": "MultiPolygon", "coordinates": [ [ [ [ 126.92778, 35.148786 ], [ 126.927768, 35.148683 ], [ 126.927693, 35.148688 ], [ 126.927696, 35.14872 ], [ 126.927564, 35.148729 ], [ 126.927567, 35.148799 ], [ 126.92778, 35.148786 ] ] ] ] } },
{ "type": "Feature", "properties": { "BUL_MAN_NO": 25043, "BULD_NM": null, "flo": 1.0, "h": 3.3 }, "geometry": { "type": "MultiPolygon", "coordinates": [ [ [ [ 126.92782, 35.148781 ], [ 126.927808, 35.148687 ], [ 126.927779, 35.148691 ], [ 126.927788, 35.148784 ], [ 126.92782, 35.148781 ] ] ] ] } },
{ "type": "Feature", "properties": { "BUL_MAN_NO": 13661, "BULD_NM": null, "flo": 1.0, "h": 3.3 }, "geometry": { "type": "MultiPolygon", "coordinates": [ [ [ [ 126.927559, 35.148717 ], [ 126.927555, 35.148656 ], [ 126.927516, 35.148659 ], [ 126.927522, 35.148717 ], [ 126.927559, 35.148717 ] ] ] ] } },
{ "type": "Feature", "properties": { "BUL_MAN_NO": 36695, "BULD_NM": null, "flo": 1.0, "h": 3.3 }, "geometry": { "type": "MultiPolygon", "coordinates": [ [ [ [ 126.927349, 35.148797 ], [ 126.927349, 35.148775 ], [ 126.927354, 35.148775 ], [ 126.927354, 35.148797 ], [ 126.927349, 35.148797 ] ] ] ] } },
{ "type": "Feature", "properties": { "BUL_MAN_NO": 36696, "BULD_NM": null, "flo": 1.0, "h": 3.3 }, "geometry": { "type": "MultiPolygon", "coordinates": [ [ [ [ 126.927333, 35.148843 ], [ 126.92733, 35.148815 ], [ 126.927347, 35.148814 ], [ 126.927348, 35.148842 ], [ 126.927333, 35.148843 ] ] ] ] } },
{ "type": "Feature", "properties": { "BUL_MAN_NO": 25040, "BULD_NM": null, "flo": 1.0, "h": 3.3 }, "geometry": { "type": "MultiPolygon", "coordinates": [ [ [ [ 126.927321, 35.148776 ], [ 126.927267, 35.148775 ], [ 126.927273, 35.148848 ], [ 126.927329, 35.148845 ], [ 126.927324, 35.148776 ], [ 126.927321, 35.148776 ] ] ] ] } },
{ "type": "Feature", "properties": { "BUL_MAN_NO": 25041, "BULD_NM": null, "flo": 1.0, "h": 3.3 }, "geometry": { "type": "MultiPolygon", "coordinates": [ [ [ [ 126.927428, 35.148763 ], [ 126.927425, 35.148712 ], [ 126.927449, 35.148712 ], [ 126.92745, 35.14869 ], [ 126.927359, 35.148691 ], [ 126.927365, 35.148764 ], [ 126.927428, 35.148763 ] ] ] ] } },
{ "type": "Feature", "properties": { "BUL_MAN_NO": 36697, "BULD_NM": null, "flo": 1.0, "h": 3.3 }, "geometry": { "type": "MultiPolygon", "coordinates": [ [ [ [ 126.927434, 35.148761 ], [ 126.927435, 35.148725 ], [ 126.927465, 35.148723 ], [ 126.927466, 35.14876 ], [ 126.927434, 35.148761 ] ] ] ] } },
{ "type": "Feature", "properties": { "BUL_MAN_NO": 25051, "BULD_NM": null, "flo": 2.0, "h": 6.6 }, "geometry": { "type": "MultiPolygon", "coordinates": [ [ [ [ 126.921555, 35.15159 ], [ 126.921485, 35.151567 ], [ 126.921467, 35.151614 ], [ 126.921478, 35.151618 ], [ 126.921467, 35.151644 ], [ 126.921525, 35.151656 ], [ 126.921555, 35.15159 ] ] ] ] } },
{ "type": "Feature", "properties": { "BUL_MAN_NO": 25050, "BULD_NM": null, "flo": 1.0, "h": 3.3 }, "geometry": { "type": "MultiPolygon", "coordinates": [ [ [ [ 126.921663, 35.151662 ], [ 126.92157, 35.151627 ], [ 126.92155, 35.15167 ], [ 126.921648, 35.1517 ], [ 126.921663, 35.151662 ] ] ] ] } },
{ "type": "Feature", "properties": { "BUL_MAN_NO": 37367, "BULD_NM": null, "flo": 1.0, "h": 3.3 }, "geometry": { "type": "MultiPolygon", "coordinates": [ [ [ [ 126.921651, 35.1517 ], [ 126.921656, 35.151688 ], [ 126.921681, 35.151695 ], [ 126.921675, 35.151707 ], [ 126.921651, 35.1517 ] ] ] ] } },
{ "type": "Feature", "properties": { "BUL_MAN_NO": 25349, "BULD_NM": null, "flo": 1.0, "h": 3.3 }, "geometry": { "type": "MultiPolygon", "coordinates": [ [ [ [ 126.927397, 35.147198 ], [ 126.927373, 35.147158 ], [ 126.927329, 35.147174 ], [ 126.927356, 35.147214 ], [ 126.927397, 35.147198 ] ] ] ] } },
{ "type": "Feature", "properties": { "BUL_MAN_NO": 25348, "BULD_NM": null, "flo": 1.0, "h": 3.3 }, "geometry": { "type": "MultiPolygon", "coordinates": [ [ [ [ 126.92741, 35.147169 ], [ 126.927396, 35.14715 ], [ 126.927381, 35.147156 ], [ 126.927393, 35.147176 ], [ 126.92741, 35.147169 ] ] ] ] } },
{ "type": "Feature", "properties": { "BUL_MAN_NO": 25347, "BULD_NM": null, "flo": 1.0, "h": 3.3 }, "geometry": { "type": "MultiPolygon", "coordinates": [ [ [ [ 126.927423, 35.147319 ], [ 126.927367, 35.147226 ], [ 126.927308, 35.147232 ], [ 126.927316, 35.147292 ], [ 126.927423, 35.147319 ] ] ] ] } },
{ "type": "Feature", "properties": { "BUL_MAN_NO": 5089, "BULD_NM": null, "flo": 1.0, "h": 3.3 }, "geometry": { "type": "MultiPolygon", "coordinates": [ [ [ [ 126.927481, 35.147308 ], [ 126.927434, 35.147209 ], [ 126.927378, 35.147233 ], [ 126.927433, 35.14733 ], [ 126.927481, 35.147308 ] ] ] ] } },
{ "type": "Feature", "properties": { "BUL_MAN_NO": 25350, "BULD_NM": null, "flo": 3.0, "h": 9.9 }, "geometry": { "type": "MultiPolygon", "coordinates": [ [ [ [ 126.927449, 35.147358 ], [ 126.92744, 35.147354 ], [ 126.927406, 35.147468 ], [ 126.927524, 35.147497 ], [ 126.927536, 35.147493 ], [ 126.927449, 35.147358 ] ] ] ] } },
{ "type": "Feature", "properties": { "BUL_MAN_NO": 25390, "BULD_NM": null, "flo": 1.0, "h": 3.3 }, "geometry": { "type": "MultiPolygon", "coordinates": [ [ [ [ 126.921772, 35.154931 ], [ 126.921734, 35.154909 ], [ 126.921673, 35.154946 ], [ 126.92166, 35.154961 ], [ 126.921669, 35.15497 ], [ 126.921743, 35.155021 ], [ 126.921801, 35.154953 ], [ 126.921772, 35.154931 ] ] ] ] } },
{ "type": "Feature", "properties": { "BUL_MAN_NO": 25391, "BULD_NM": null, "flo": 2.0, "h": 6.6 }, "geometry": { "type": "MultiPolygon", "coordinates": [ [ [ [ 126.921714, 35.154889 ], [ 126.921704, 35.154878 ], [ 126.921746, 35.154817 ], [ 126.921716, 35.1548 ], [ 126.921674, 35.154837 ], [ 126.921618, 35.154879 ], [ 126.921612, 35.154876 ], [ 126.921581, 35.154899 ], [ 126.921642, 35.154944 ], [ 126.921714, 35.154889 ] ] ] ] } },
{ "type": "Feature", "properties": { "BUL_MAN_NO": 25393, "BULD_NM": null, "flo": 1.0, "h": 3.3 }, "geometry": { "type": "MultiPolygon", "coordinates": [ [ [ [ 126.92192, 35.154903 ], [ 126.921867, 35.154871 ], [ 126.921795, 35.15494 ], [ 126.921849, 35.154977 ], [ 126.92192, 35.154903 ] ] ] ] } },
{ "type": "Feature", "properties": { "BUL_MAN_NO": 25394, "BULD_NM": null, "flo": 1.0, "h": 3.3 }, "geometry": { "type": "MultiPolygon", "coordinates": [ [ [ [ 126.92183, 35.154858 ], [ 126.921779, 35.154833 ], [ 126.921772, 35.154841 ], [ 126.921759, 35.154858 ], [ 126.921765, 35.154862 ], [ 126.921745, 35.1549 ], [ 126.921772, 35.154915 ], [ 126.921781, 35.154919 ], [ 126.92183, 35.154858 ] ] ] ] } },
{ "type": "Feature", "properties": { "BUL_MAN_NO": 25488, "BULD_NM": null, "flo": 1.0, "h": 3.3 }, "geometry": { "type": "MultiPolygon", "coordinates": [ [ [ [ 126.921176, 35.153541 ], [ 126.921121, 35.153517 ], [ 126.921099, 35.153549 ], [ 126.921142, 35.153566 ], [ 126.921176, 35.153541 ] ] ] ] } },
{ "type": "Feature", "properties": { "BUL_MAN_NO": 25487, "BULD_NM": null, "flo": 1.0, "h": 3.3 }, "geometry": { "type": "MultiPolygon", "coordinates": [ [ [ [ 126.921244, 35.153569 ], [ 126.921191, 35.153535 ], [ 126.921148, 35.153569 ], [ 126.921197, 35.153615 ], [ 126.921252, 35.153595 ], [ 126.921244, 35.153569 ] ] ] ] } },
{ "type": "Feature", "properties": { "BUL_MAN_NO": 25580, "BULD_NM": null, "flo": 1.0, "h": 3.3 }, "geometry": { "type": "MultiPolygon", "coordinates": [ [ [ [ 126.924051, 35.153291 ], [ 126.924022, 35.153261 ], [ 126.924011, 35.153266 ], [ 126.923965, 35.153214 ], [ 126.923911, 35.153245 ], [ 126.923973, 35.153321 ], [ 126.923984, 35.15333 ], [ 126.924005, 35.153318 ], [ 126.924051, 35.153291 ] ] ] ] } },
{ "type": "Feature", "properties": { "BUL_MAN_NO": 25582, "BULD_NM": null, "flo": 1.0, "h": 3.3 }, "geometry": { "type": "MultiPolygon", "coordinates": [ [ [ [ 126.923878, 35.153422 ], [ 126.923853, 35.153403 ], [ 126.923815, 35.15344 ], [ 126.923839, 35.15346 ], [ 126.923878, 35.153422 ] ] ] ] } },
{ "type": "Feature", "properties": { "BUL_MAN_NO": 25581, "BULD_NM": null, "flo": 1.0, "h": 3.3 }, "geometry": { "type": "MultiPolygon", "coordinates": [ [ [ [ 126.923882, 35.153378 ], [ 126.923847, 35.153348 ], [ 126.923776, 35.153401 ], [ 126.923812, 35.15344 ], [ 126.923882, 35.153378 ] ] ] ] } },
{ "type": "Feature", "properties": { "BUL_MAN_NO": 24632, "BULD_NM": null, "flo": 1.0, "h": 3.3 }, "geometry": { "type": "MultiPolygon", "coordinates": [ [ [ [ 126.924877, 35.153313 ], [ 126.924867, 35.153313 ], [ 126.924795, 35.153319 ], [ 126.924803, 35.153358 ], [ 126.924788, 35.153362 ], [ 126.924795, 35.153392 ], [ 126.9249, 35.153355 ], [ 126.924886, 35.153313 ], [ 126.924877, 35.153313 ] ] ] ] } },
{ "type": "Feature", "properties": { "BUL_MAN_NO": 24625, "BULD_NM": null, "flo": 1.0, "h": 3.3 }, "geometry": { "type": "MultiPolygon", "coordinates": [ [ [ [ 126.924988, 35.153331 ], [ 126.924964, 35.153281 ], [ 126.92494, 35.153287 ], [ 126.924936, 35.153278 ], [ 126.924906, 35.153289 ], [ 126.924913, 35.153299 ], [ 126.924903, 35.153305 ], [ 126.924909, 35.153313 ], [ 126.924898, 35.15332 ], [ 126.92491, 35.153353 ], [ 126.924988, 35.153331 ] ] ] ] } },
{ "type": "Feature", "properties": { "BUL_MAN_NO": 24620, "BULD_NM": null, "flo": 2.0, "h": 6.6 }, "geometry": { "type": "MultiPolygon", "coordinates": [ [ [ [ 126.925204, 35.153297 ], [ 126.925172, 35.153245 ], [ 126.925034, 35.15329 ], [ 126.925054, 35.15333 ], [ 126.92506, 35.153341 ], [ 126.925123, 35.153322 ], [ 126.925204, 35.153297 ] ] ] ] } },
{ "type": "Feature", "properties": { "BUL_MAN_NO": 24621, "BULD_NM": null, "flo": 2.0, "h": 6.6 }, "geometry": { "type": "MultiPolygon", "coordinates": [ [ [ [ 126.925032, 35.153315 ], [ 126.925005, 35.153263 ], [ 126.924974, 35.153273 ], [ 126.925002, 35.153333 ], [ 126.925003, 35.153337 ], [ 126.925043, 35.153331 ], [ 126.925032, 35.153315 ] ] ] ] } },
{ "type": "Feature", "properties": { "BUL_MAN_NO": 24597, "BULD_NM": null, "flo": 1.0, "h": 3.3 }, "geometry": { "type": "MultiPolygon", "coordinates": [ [ [ [ 126.925161, 35.153243 ], [ 126.925144, 35.153217 ], [ 126.925114, 35.153229 ], [ 126.925128, 35.153256 ], [ 126.925161, 35.153243 ] ] ] ] } },
{ "type": "Feature", "properties": { "BUL_MAN_NO": 11713, "BULD_NM": null, "flo": 1.0, "h": 3.3 }, "geometry": { "type": "MultiPolygon", "coordinates": [ [ [ [ 126.925346, 35.153233 ], [ 126.925302, 35.153179 ], [ 126.925234, 35.15321 ], [ 126.925227, 35.153198 ], [ 126.925185, 35.153217 ], [ 126.925234, 35.153286 ], [ 126.925346, 35.153233 ] ] ] ] } },
{ "type": "Feature", "properties": { "BUL_MAN_NO": 37992, "BULD_NM": null, "flo": 1.0, "h": 3.3 }, "geometry": { "type": "MultiPolygon", "coordinates": [ [ [ [ 126.925194, 35.153232 ], [ 126.925189, 35.153234 ], [ 126.925206, 35.153259 ], [ 126.925211, 35.153256 ], [ 126.925194, 35.153232 ] ] ] ] } },
{ "type": "Feature", "properties": { "BUL_MAN_NO": 24594, "BULD_NM": null, "flo": 1.0, "h": 3.3 }, "geometry": { "type": "MultiPolygon", "coordinates": [ [ [ [ 126.925377, 35.153142 ], [ 126.925356, 35.153117 ], [ 126.925313, 35.153142 ], [ 126.925333, 35.153167 ], [ 126.925377, 35.153142 ] ] ] ] } },
{ "type": "Feature", "properties": { "BUL_MAN_NO": 11711, "BULD_NM": null, "flo": 1.0, "h": 3.3 }, "geometry": { "type": "MultiPolygon", "coordinates": [ [ [ [ 126.925493, 35.153147 ], [ 126.92546, 35.153112 ], [ 126.925335, 35.153178 ], [ 126.925368, 35.153216 ], [ 126.925493, 35.153147 ] ] ] ] } },
{ "type": "Feature", "properties": { "BUL_MAN_NO": 11712, "BULD_NM": null, "flo": 1.0, "h": 3.3 }, "geometry": { "type": "MultiPolygon", "coordinates": [ [ [ [ 126.925446, 35.153106 ], [ 126.925405, 35.153074 ], [ 126.925378, 35.153095 ], [ 126.925417, 35.153128 ], [ 126.925446, 35.153106 ] ] ] ] } },
{ "type": "Feature", "properties": { "BUL_MAN_NO": 11631, "BULD_NM": null, "flo": 1.0, "h": 3.3 }, "geometry": { "type": "MultiPolygon", "coordinates": [ [ [ [ 126.92655, 35.152249 ], [ 126.926528, 35.152216 ], [ 126.926446, 35.152244 ], [ 126.926456, 35.152294 ], [ 126.926553, 35.152274 ], [ 126.926545, 35.152252 ], [ 126.92655, 35.152249 ] ] ] ] } },
{ "type": "Feature", "properties": { "BUL_MAN_NO": 11547, "BULD_NM": null, "flo": 1.0, "h": 3.3 }, "geometry": { "type": "MultiPolygon", "coordinates": [ [ [ [ 126.926509, 35.152206 ], [ 126.926496, 35.15216 ], [ 126.926412, 35.152172 ], [ 126.926424, 35.15222 ], [ 126.926509, 35.152206 ] ] ] ] } },
{ "type": "Feature", "properties": { "BUL_MAN_NO": 11544, "BULD_NM": null, "flo": 1.0, "h": 3.3 }, "geometry": { "type": "MultiPolygon", "coordinates": [ [ [ [ 126.926486, 35.152129 ], [ 126.926466, 35.15206 ], [ 126.926378, 35.152079 ], [ 126.926398, 35.152148 ], [ 126.926486, 35.152129 ] ] ] ] } },
{ "type": "Feature", "properties": { "BUL_MAN_NO": 11546, "BULD_NM": null, "flo": 1.0, "h": 3.3 }, "geometry": { "type": "MultiPolygon", "coordinates": [ [ [ [ 126.926381, 35.152255 ], [ 126.926364, 35.15218 ], [ 126.926288, 35.152192 ], [ 126.926304, 35.152268 ], [ 126.926381, 35.152255 ] ] ] ] } },
{ "type": "Feature", "properties": { "BUL_MAN_NO": 31015, "BULD_NM": null, "flo": 3.0, "h": 9.9 }, "geometry": { "type": "MultiPolygon", "coordinates": [ [ [ [ 126.925615, 35.152145 ], [ 126.925713, 35.152128 ], [ 126.925725, 35.152176 ], [ 126.925651, 35.152218 ], [ 126.925623, 35.152175 ], [ 126.925615, 35.152145 ] ] ] ] } },
{ "type": "Feature", "properties": { "BUL_MAN_NO": 24854, "BULD_NM": null, "flo": 1.0, "h": 3.3 }, "geometry": { "type": "MultiPolygon", "coordinates": [ [ [ [ 126.922207, 35.153233 ], [ 126.922158, 35.153157 ], [ 126.922093, 35.153202 ], [ 126.922138, 35.153265 ], [ 126.922207, 35.153233 ] ] ] ] } },
{ "type": "Feature", "properties": { "BUL_MAN_NO": 37249, "BULD_NM": null, "flo": 1.0, "h": 3.3 }, "geometry": { "type": "MultiPolygon", "coordinates": [ [ [ [ 126.92209, 35.153203 ], [ 126.922076, 35.153211 ], [ 126.922093, 35.15323 ], [ 126.922106, 35.153223 ], [ 126.92209, 35.153203 ] ] ] ] } },
{ "type": "Feature", "properties": { "BUL_MAN_NO": 16865, "BULD_NM": null, "flo": 1.0, "h": 3.3 }, "geometry": { "type": "MultiPolygon", "coordinates": [ [ [ [ 126.922202, 35.153318 ], [ 126.922156, 35.153286 ], [ 126.922091, 35.153318 ], [ 126.92208, 35.153323 ], [ 126.922084, 35.153328 ], [ 126.92208, 35.153342 ], [ 126.922093, 35.153353 ], [ 126.92217, 35.153353 ], [ 126.922208, 35.153322 ], [ 126.922202, 35.153318 ] ] ] ] } },
{ "type": "Feature", "properties": { "BUL_MAN_NO": 37160, "BULD_NM": null, "flo": 1.0, "h": 3.3 }, "geometry": { "type": "MultiPolygon", "coordinates": [ [ [ [ 126.922177, 35.153353 ], [ 126.92221, 35.153326 ], [ 126.922218, 35.15333 ], [ 126.922193, 35.153352 ], [ 126.922177, 35.153353 ] ] ] ] } },
{ "type": "Feature", "properties": { "BUL_MAN_NO": 24843, "BULD_NM": null, "flo": 1.0, "h": 3.3 }, "geometry": { "type": "MultiPolygon", "coordinates": [ [ [ [ 126.921431, 35.152591 ], [ 126.921369, 35.152556 ], [ 126.921285, 35.152635 ], [ 126.921341, 35.152674 ], [ 126.921431, 35.152591 ] ] ] ] } },
{ "type": "Feature", "properties": { "BUL_MAN_NO": 37356, "BULD_NM": null, "flo": 1.0, "h": 3.3 }, "geometry": { "type": "MultiPolygon", "coordinates": [ [ [ [ 126.921401, 35.152621 ], [ 126.921426, 35.152597 ], [ 126.921432, 35.152602 ], [ 126.921407, 35.152625 ], [ 126.921401, 35.152621 ] ] ] ] } },
{ "type": "Feature", "properties": { "BUL_MAN_NO": 38736, "BULD_NM": "동명동 오피스텔,다가구주택", "flo": 5.0, "h": 16.5 }, "geometry": { "type": "MultiPolygon", "coordinates": [ [ [ [ 126.92907, 35.147419 ], [ 126.928961, 35.147239 ], [ 126.928922, 35.147255 ], [ 126.928924, 35.14726 ], [ 126.928892, 35.147273 ], [ 126.928889, 35.147268 ], [ 126.928862, 35.147279 ], [ 126.928944, 35.147414 ], [ 126.928966, 35.147451 ], [ 126.928995, 35.147458 ], [ 126.929015, 35.14745 ], [ 126.929018, 35.147456 ], [ 126.929072, 35.147435 ], [ 126.929078, 35.147433 ], [ 126.929078, 35.147432 ], [ 126.929072, 35.147423 ], [ 126.92907, 35.147419 ] ] ] ] } },
{ "type": "Feature", "properties": { "BUL_MAN_NO": 34669, "BULD_NM": null, "flo": 1.0, "h": 3.3 }, "geometry": { "type": "MultiPolygon", "coordinates": [ [ [ [ 126.92882, 35.147076 ], [ 126.928785, 35.147121 ], [ 126.928789, 35.147124 ], [ 126.928778, 35.147139 ], [ 126.928795, 35.147148 ], [ 126.928788, 35.147156 ], [ 126.928805, 35.147184 ], [ 126.928826, 35.147189 ], [ 126.92884, 35.147171 ], [ 126.928923, 35.147213 ], [ 126.92898, 35.147158 ], [ 126.92882, 35.147076 ] ] ] ] } },
{ "type": "Feature", "properties": { "BUL_MAN_NO": 34670, "BULD_NM": null, "flo": 4.0, "h": 13.2 }, "geometry": { "type": "MultiPolygon", "coordinates": [ [ [ [ 126.928839, 35.147047 ], [ 126.928996, 35.147124 ], [ 126.929021, 35.14709 ], [ 126.929012, 35.147086 ], [ 126.929041, 35.147046 ], [ 126.928932, 35.146992 ], [ 126.928924, 35.147003 ], [ 126.928898, 35.14699 ], [ 126.928869, 35.14703 ], [ 126.928857, 35.147024 ], [ 126.928839, 35.147047 ] ] ] ] } },
{ "type": "Feature", "properties": { "BUL_MAN_NO": 35188, "BULD_NM": null, "flo": 2.0, "h": 6.6 }, "geometry": { "type": "MultiPolygon", "coordinates": [ [ [ [ 126.928501, 35.146699 ], [ 126.928529, 35.146656 ], [ 126.928472, 35.146655 ], [ 126.928501, 35.146699 ] ] ] ] } }
]
}
