{
"type": "FeatureCollection",
"name": "cctv_coverage",
"crs": { "type": "name", "properties": { "name": "urn:ogc:def:crs:OGC:1.3:CRS84" } },
"xy_coordinate_resolution": 1e-06,
"features": [
{ "type": "Feature", "properties": { "카메라대수": 3 }, "geometry": { "type": "Polygon", "coordinates": [ [ [ 126.912491, 35.155541 ], [ 126.91249, 35.155515 ], [ 126.912485, 35.155488 ], [ 126.912477, 35.155463 ], [ 126.912466, 35.155438 ], [ 126.912453, 35.155414 ], [ 126.912436, 35.155391 ], [ 126.912417, 35.15537 ], [ 126.912395, 35.15535 ], [ 126.912371, 35.155332 ], [ 126.912345, 35.155316 ], [ 126.912317, 35.155303 ], [ 126.912288, 35.155291 ], [ 126.912258, 35.155282 ], [ 126.912227, 35.155276 ], [ 126.912195, 35.155272 ], [ 126.912162, 35.155271 ], [ 126.91213, 35.155272 ], [ 126.912098, 35.155276 ], [ 126.912067, 35.155282 ], [ 126.912036, 35.155291 ], [ 126.912007, 35.155302 ], [ 126.911979, 35.155316 ], [ 126.911953, 35.155332 ], [ 126.911929, 35.15535 ], [ 126.911908, 35.155369 ], [ 126.911888, 35.155391 ], [ 126.911872, 35.155413 ], [ 126.911858, 35.155437 ], [ 126.911847, 35.155462 ], [ 126.911839, 35.155488 ], [ 126.911834, 35.155514 ], [ 126.911833, 35.155541 ], [ 126.911834, 35.155567 ], [ 126.911839, 35.155594 ], [ 126.911847, 35.155619 ], [ 126.911858, 35.155644 ], [ 126.911871, 35.155668 ], [ 126.911888, 35.155691 ], [ 126.911907, 35.155712 ], [ 126.911929, 35.155732 ], [ 126.911953, 35.15575 ], [ 126.911979, 35.155766 ], [ 126.912007, 35.155779 ], [ 126.912036, 35.155791 ], [ 126.912066, 35.1558 ], [ 126.912097, 35.155806 ], [ 126.912129, 35.15581 ], [ 126.912162, 35.155811 ], [ 126.912194, 35.15581 ], [ 126.912226, 35.155806 ], [ 126.912257, 35.1558 ], [ 126.912288, 35.155791 ], [ 126.912317, 35.15578 ], [ 126.912345, 35.155766 ], [ 126.912371, 35.15575 ], [ 126.912395, 35.155732 ], [ 126.912416, 35.155713 ], [ 126.912436, 35.155691 ], [ 126.912452, 35.155669 ], [ 126.912466, 35.155645 ], [ 126.912477, 35.15562 ], [ 126.912485, 35.155594 ], [ 126.91249, 35.155568 ], [ 126.912491, 35.155541 ] ] ] } },
{ "type": "Feature", "properties": { "카메라대수": 4 }, "geometry": { "type": "Polygon", "coordinates": [ [ [ 126.912781, 35.153922 ], [ 126.91278, 35.153896 ], [ 126.912775, 35.153869 ], [ 126.912767, 35.153844 ], [ 126.912756, 35.153819 ], [ 126.912743, 35.153795 ], [ 126.912726, 35.153772 ], [ 126.912707, 35.153751 ], [ 126.912685, 35.153731 ], [ 126.912661, 35.153713 ], [ 126.912635, 35.153697 ], [ 126.912607, 35.153684 ], [ 126.912578, 35.153672 ], [ 126.912548, 35.153663 ], [ 126.912517, 35.153657 ], [ 126.912485, 35.153653 ], [ 126.912452, 35.153652 ], [ 126.91242, 35.153653 ], [ 126.912388, 35.153657 ], [ 126.912357, 35.153663 ], [ 126.912326, 35.153672 ], [ 126.912297, 35.153683 ], [ 126.912269, 35.153697 ], [ 126.912243, 35.153713 ], [ 126.912219, 35.153731 ], [ 126.912198, 35.15375 ], [ 126.912178, 35.153772 ], [ 126.912162, 35.153794 ], [ 126.912148, 35.153818 ], [ 126.912137, 35.153843 ], [ 126.912129, 35.153869 ], [ 126.912124, 35.153895 ], [ 126.912123, 35.153922 ], [ 126.912124, 35.153948 ], [ 126.912129, 35.153975 ], [ 126.912137, 35.154 ], [ 126.912148, 35.154025 ], [ 126.912161, 35.154049 ], [ 126.912178, 35.154072 ], [ 126.912197, 35.154093 ], [ 126.912219, 35.154113 ], [ 126.912243, 35.154131 ], [ 126.912269, 35.154147 ], [ 126.912297, 35.15416 ], [ 126.912326, 35.154172 ], [ 126.912356, 35.154181 ], [ 126.912387, 35.154187 ], [ 126.912419, 35.154191 ], [ 126.912452, 35.154192 ], [ 126.912484, 35.154191 ], [ 126.912516, 35.154187 ], [ 126.912547, 35.154181 ], [ 126.912578, 35.154172 ], [ 126.912607, 35.154161 ], [ 126.912635, 35.154147 ], [ 126.912661, 35.154131 ], [ 126.912685, 35.154113 ], [ 126.912706, 35.154094 ], [ 126.912726, 35.154072 ], [ 126.912742, 35.15405 ], [ 126.912756, 35.154026 ], [ 126.912767, 35.154001 ], [ 126.912775, 35.153975 ], [ 126.91278, 35.153949 ], [ 126.912781, 35.153922 ] ] ] } },
{ "type": "Feature", "properties": { "카메라대수": 4 }, "geometry": { "type": "Polygon", "coordinates": [ [ [ 126.912824, 35.153933 ], [ 126.912823, 35.153907 ], [ 126.912818, 35.15388 ], [ 126.91281, 35.153855 ], [ 126.912799, 35.15383 ], [ 126.912786, 35.153806 ], [ 126.912769, 35.153783 ], [ 126.91275, 35.153762 ], [ 126.912728, 35.153742 ], [ 126.912704, 35.153724 ], [ 126.912678, 35.153708 ], [ 126.91265, 35.153695 ], [ 126.912621, 35.153683 ], [ 126.912591, 35.153674 ], [ 126.91256, 35.153668 ], [ 126.912528, 35.153664 ], [ 126.912495, 35.153663 ], [ 126.912463, 35.153664 ], [ 126.912431, 35.153668 ], [ 126.9124, 35.153674 ], [ 126.912369, 35.153683 ], [ 126.91234, 35.153694 ], [ 126.912312, 35.153708 ], [ 126.912286, 35.153724 ], [ 126.912262, 35.153742 ], [ 126.912241, 35.153761 ], [ 126.912221, 35.153783 ], [ 126.912205, 35.153805 ], [ 126.912191, 35.153829 ], [ 126.91218, 35.153854 ], [ 126.912172, 35.15388 ], [ 126.912167, 35.153906 ], [ 126.912166, 35.153933 ], [ 126.912167, 35.153959 ], [ 126.912172, 35.153986 ], [ 126.91218, 35.154011 ], [ 126.912191, 35.154036 ], [ 126.912204, 35.15406 ], [ 126.912221, 35.154083 ], [ 126.91224, 35.154104 ], [ 126.912262, 35.154124 ], [ 126.912286, 35.154142 ], [ 126.912312, 35.154158 ], [ 126.91234, 35.154171 ], [ 126.912369, 35.154183 ], [ 126.912399, 35.154192 ], [ 126.91243, 35.154198 ], [ 126.912462, 35.154202 ], [ 126.912495, 35.154203 ], [ 126.912527, 35.154202 ], [ 126.912559, 35.154198 ], [ 126.91259, 35.154192 ], [ 126.912621, 35.154183 ], [ 126.91265, 35.154172 ], [ 126.912678, 35.154158 ], [ 126.912704, 35.154142 ], [ 126.912728, 35.154124 ], [ 126.912749, 35.154105 ], [ 126.912769, 35.154083 ], [ 126.912785, 35.154061 ], [ 126.912799, 35.154037 ], [ 126.91281, 35.154012 ], [ 126.912818, 35.153986 ], [ 126.912823, 35.15396 ], [ 126.912824, 35.153933 ] ] ] } },
{ "type": "Feature", "properties": { "카메라대수": 4 }, "geometry": { "type": "Polygon", "coordinates": [ [ [ 126.912979, 35.152953 ], [ 126.912978, 35.152927 ], [ 126.912973, 35.1529 ], [ 126.912965, 35.152875 ], [ 126.912954, 35.15285 ], [ 126.912941, 35.152826 ], [ 126.912924, 35.152803 ], [ 126.912905, 35.152782 ], [ 126.912883, 35.152762 ], [ 126.912859, 35.152744 ], [ 126.912833, 35.152728 ], [ 126.912805, 35.152715 ], [ 126.912776, 35.152703 ], [ 126.912746, 35.152694 ], [ 126.912715, 35.152688 ], [ 126.912683, 35.152684 ], [ 126.91265, 35.152683 ], [ 126.912618, 35.152684 ], [ 126.912586, 35.152688 ], [ 126.912555, 35.152694 ], [ 126.912524, 35.152703 ], [ 126.912495, 35.152714 ], [ 126.912467, 35.152728 ], [ 126.912441, 35.152744 ], [ 126.912417, 35.152762 ], [ 126.912396, 35.152781 ], [ 126.912376, 35.152803 ], [ 126.91236, 35.152825 ], [ 126.912346, 35.152849 ], [ 126.912335, 35.152874 ], [ 126.912327, 35.1529 ], [ 126.912322, 35.152926 ], [ 126.912321, 35.152953 ], [ 126.912322, 35.152979 ], [ 126.912327, 35.153006 ], [ 126.912335, 35.153031 ], [ 126.912346, 35.153056 ], [ 126.912359, 35.15308 ], [ 126.912376, 35.153103 ], [ 126.912395, 35.153124 ], [ 126.912417, 35.153144 ], [ 126.912441, 35.153162 ], [ 126.912467, 35.153178 ], [ 126.912495, 35.153191 ], [ 126.912524, 35.153203 ], [ 126.912554, 35.153212 ], [ 126.912585, 35.153218 ], [ 126.912617, 35.153222 ], [ 126.91265, 35.153223 ], [ 126.912682, 35.153222 ], [ 126.912714, 35.153218 ], [ 126.912745, 35.153212 ], [ 126.912776, 35.153203 ], [ 126.912805, 35.153192 ], [ 126.912833, 35.153178 ], [ 126.912859, 35.153162 ], [ 126.912883, 35.153144 ], [ 126.912904, 35.153125 ], [ 126.912924, 35.153103 ], [ 126.91294, 35.153081 ], [ 126.912954, 35.153057 ], [ 126.912965, 35.153032 ], [ 126.912973, 35.153006 ], [ 126.912978, 35.15298 ], [ 126.912979, 35.152953 ] ] ] } },
{ "type": "Feature", "properties": { "카메라대수": 2 }, "geometry": { "type": "Polygon", "coordinates": [ [ [ 126.913396, 35.152338 ], [ 126.913395, 35.152312 ], [ 126.91339, 35.152285 ], [ 126.913382, 35.15226 ], [ 126.913371, 35.152235 ], [ 126.913357, 35.152211 ], [ 126.913341, 35.152188 ], [ 126.913322, 35.152167 ], [ 126.9133, 35.152147 ], [ 126.913276, 35.152129 ], [ 126.91325, 35.152113 ], [ 126.913222, 35.1521 ], [ 126.913193, 35.152088 ], [ 126.913163, 35.152079 ], [ 126.913132, 35.152073 ], [ 126.9131, 35.152069 ], [ 126.913067, 35.152068 ], [ 126.913035, 35.152069 ], [ 126.913003, 35.152073 ], [ 126.912972, 35.152079 ], [ 126.912941, 35.152088 ], [ 126.912912, 35.152099 ], [ 126.912884, 35.152113 ], [ 126.912858, 35.152129 ], [ 126.912834, 35.152147 ], [ 126.912813, 35.152166 ], [ 126.912793, 35.152188 ], [ 126.912777, 35.15221 ], [ 126.912763, 35.152234 ], [ 126.912752, 35.152259 ], [ 126.912744, 35.152285 ], [ 126.912739, 35.152311 ], [ 126.912738, 35.152338 ], [ 126.912739, 35.152364 ], [ 126.912744, 35.152391 ], [ 126.912752, 35.152416 ], [ 126.912763, 35.152441 ], [ 126.912776, 35.152465 ], [ 126.912793, 35.152488 ], [ 126.912812, 35.152509 ], [ 126.912834, 35.152529 ], [ 126.912858, 35.152547 ], [ 126.912884, 35.152563 ], [ 126.912912, 35.152576 ], [ 126.912941, 35.152588 ], [ 126.912971, 35.152597 ], [ 126.913002, 35.152603 ], [ 126.913034, 35.152607 ], [ 126.913067, 35.152608 ], [ 126.913099, 35.152607 ], [ 126.913131, 35.152603 ], [ 126.913162, 35.152597 ], [ 126.913193, 35.152588 ], [ 126.913222, 35.152577 ], [ 126.91325, 35.152563 ], [ 126.913276, 35.152547 ], [ 126.9133, 35.152529 ], [ 126.913321, 35.15251 ], [ 126.913341, 35.152488 ], [ 126.913357, 35.152466 ], [ 126.913371, 35.152442 ], [ 126.913382, 35.152417 ], [ 126.91339, 35.152391 ], [ 126.913395, 35.152365 ], [ 126.913396, 35.152338 ] ] ] } },
{ "type": "Feature", "properties": { "카메라대수": 3 }, "geometry": { "type": "Polygon", "coordinates": [ [ [ 126.913493, 35.153777 ], [ 126.913492, 35.153751 ], [ 126.913487, 35.153724 ], [ 126.913479, 35.153699 ], [ 126.913468, 35.153674 ], [ 126.913455, 35.15365 ], [ 126.913438, 35.153627 ], [ 126.913419, 35.153606 ], [ 126.913397, 35.153586 ], [ 126.913373, 35.153568 ], [ 126.913347, 35.153552 ], [ 126.913319, 35.153539 ], [ 126.91329, 35.153527 ], [ 126.91326, 35.153518 ], [ 126.913229, 35.153512 ], [ 126.913197, 35.153508 ], [ 126.913164, 35.153507 ], [ 126.913132, 35.153508 ], [ 126.9131, 35.153512 ], [ 126.913069, 35.153518 ], [ 126.913038, 35.153527 ], [ 126.913009, 35.153538 ], [ 126.912981, 35.153552 ], [ 126.912955, 35.153568 ], [ 126.912931, 35.153586 ], [ 126.91291, 35.153605 ], [ 126.91289, 35.153627 ], [ 126.912874, 35.153649 ], [ 126.91286, 35.153673 ], [ 126.912849, 35.153698 ], [ 126.912841, 35.153724 ], [ 126.912836, 35.15375 ], [ 126.912835, 35.153777 ], [ 126.912836, 35.153803 ], [ 126.912841, 35.15383 ], [ 126.912849, 35.153855 ], [ 126.91286, 35.15388 ], [ 126.912873, 35.153904 ], [ 126.91289, 35.153927 ], [ 126.912909, 35.153948 ], [ 126.912931, 35.153968 ], [ 126.912955, 35.153986 ], [ 126.912981, 35.154002 ], [ 126.913009, 35.154015 ], [ 126.913038, 35.154027 ], [ 126.913068, 35.154036 ], [ 126.913099, 35.154042 ], [ 126.913131, 35.154046 ], [ 126.913164, 35.154047 ], [ 126.913196, 35.154046 ], [ 126.913228, 35.154042 ], [ 126.913259, 35.154036 ], [ 126.91329, 35.154027 ], [ 126.913319, 35.154016 ], [ 126.913347, 35.154002 ], [ 126.913373, 35.153986 ], [ 126.913397, 35.153968 ], [ 126.913418, 35.153949 ], [ 126.913438, 35.153927 ], [ 126.913454, 35.153905 ], [ 126.913468, 35.153881 ], [ 126.913479, 35.153856 ], [ 126.913487, 35.15383 ], [ 126.913492, 35.153804 ], [ 126.913493, 35.153777 ] ] ] } },
{ "type": "Feature", "properties": { "카메라대수": 2 }, "geometry": { "type": "Polygon", "coordinates": [ [ [ 126.913561, 35.155899 ], [ 126.91356, 35.155873 ], [ 126.913555, 35.155846 ], [ 126.913547, 35.155821 ], [ 126.913536, 35.155796 ], [ 126.913523, 35.155772 ], [ 126.913506, 35.155749 ], [ 126.913487, 35.155728 ], [ 126.913465, 35.155708 ], [ 126.913441, 35.15569 ], [ 126.913415, 35.155674 ], [ 126.913387, 35.155661 ], [ 126.913358, 35.155649 ], [ 126.913328, 35.15564 ], [ 126.913297, 35.155634 ], [ 126.913265, 35.15563 ], [ 126.913232, 35.155629 ], [ 126.9132, 35.15563 ], [ 126.913168, 35.155634 ], [ 126.913137, 35.15564 ], [ 126.913106, 35.155649 ], [ 126.913077, 35.15566 ], [ 126.913049, 35.155674 ], [ 126.913023, 35.15569 ], [ 126.912999, 35.155708 ], [ 126.912978, 35.155727 ], [ 126.912958, 35.155749 ], [ 126.912942, 35.155771 ], [ 126.912928, 35.155795 ], [ 126.912917, 35.15582 ], [ 126.912909, 35.155846 ], [ 126.912904, 35.155872 ], [ 126.912903, 35.155899 ], [ 126.912904, 35.155925 ], [ 126.912909, 35.155952 ], [ 126.912917, 35.155977 ], [ 126.912928, 35.156002 ], [ 126.912941, 35.156026 ], [ 126.912958, 35.156049 ], [ 126.912977, 35.15607 ], [ 126.912999, 35.15609 ], [ 126.913023, 35.156108 ], [ 126.913049, 35.156124 ], [ 126.913077, 35.156137 ], [ 126.913106, 35.156149 ], [ 126.913136, 35.156158 ], [ 126.913167, 35.156164 ], [ 126.913199, 35.156168 ], [ 126.913232, 35.156169 ], [ 126.913264, 35.156168 ], [ 126.913296, 35.156164 ], [ 126.913327, 35.156158 ], [ 126.913358, 35.156149 ], [ 126.913387, 35.156138 ], [ 126.913415, 35.156124 ], [ 126.913441, 35.156108 ], [ 126.913465, 35.15609 ], [ 126.913486, 35.156071 ], [ 126.913506, 35.156049 ], [ 126.913522, 35.156027 ], [ 126.913536, 35.156003 ], [ 126.913547, 35.155978 ], [ 126.913555, 35.155952 ], [ 126.91356, 35.155926 ], [ 126.913561, 35.155899 ] ] ] } },
{ "type": "Feature", "properties": { "카메라대수": 4 }, "geometry": { "type": "Polygon", "coordinates": [ [ [ 126.913971, 35.155053 ], [ 126.91397, 35.155027 ], [ 126.913965, 35.155 ], [ 126.913957, 35.154975 ], [ 126.913946, 35.15495 ], [ 126.913933, 35.154926 ], [ 126.913916, 35.154903 ], [ 126.913897, 35.154882 ], [ 126.913875, 35.154862 ], [ 126.913851, 35.154844 ], [ 126.913825, 35.154828 ], [ 126.913797, 35.154815 ], [ 126.913768, 35.154803 ], [ 126.913738, 35.154794 ], [ 126.913707, 35.154788 ], [ 126.913675, 35.154784 ], [ 126.913642, 35.154783 ], [ 126.91361, 35.154784 ], [ 126.913578, 35.154788 ], [ 126.913547, 35.154794 ], [ 126.913516, 35.154803 ], [ 126.913487, 35.154814 ], [ 126.913459, 35.154828 ], [ 126.913433, 35.154844 ], [ 126.913409, 35.154862 ], [ 126.913388, 35.154881 ], [ 126.913368, 35.154903 ], [ 126.913352, 35.154925 ], [ 126.913338, 35.154949 ], [ 126.913327, 35.154974 ], [ 126.913319, 35.155 ], [ 126.913314, 35.155026 ], [ 126.913313, 35.155053 ], [ 126.913314, 35.155079 ], [ 126.913319, 35.155106 ], [ 126.913327, 35.155131 ], [ 126.913338, 35.155156 ], [ 126.913351, 35.15518 ], [ 126.913368, 35.155203 ], [ 126.913387, 35.155224 ], [ 126.913409, 35.155244 ], [ 126.913433, 35.155262 ], [ 126.913459, 35.155278 ], [ 126.913487, 35.155291 ], [ 126.913516, 35.155303 ], [ 126.913546, 35.155312 ], [ 126.913577, 35.155318 ], [ 126.913609, 35.155322 ], [ 126.913642, 35.155323 ], [ 126.913674, 35.155322 ], [ 126.913706, 35.155318 ], [ 126.913737, 35.155312 ], [ 126.913768, 35.155303 ], [ 126.913797, 35.155292 ], [ 126.913825, 35.155278 ], [ 126.913851, 35.155262 ], [ 126.913875, 35.155244 ], [ 126.913896, 35.155225 ], [ 126.913916, 35.155203 ], [ 126.913932, 35.155181 ], [ 126.913946, 35.155157 ], [ 126.913957, 35.155132 ], [ 126.913965, 35.155106 ], [ 126.91397, 35.15508 ], [ 126.913971, 35.155053 ] ] ] } },
{ "type": "Feature", "properties": { "카메라대수": 3 }, "geometry": { "type": "Polygon", "coordinates": [ [ [ 126.913988, 35.155684 ], [ 126.913987, 35.155658 ], [ 126.913982, 35.155631 ], [ 126.913974, 35.155606 ], [ 126.913963, 35.155581 ], [ 126.91395, 35.155557 ], [ 126.913933, 35.155534 ], [ 126.913914, 35.155513 ], [ 126.913892, 35.155493 ], [ 126.913868, 35.155475 ], [ 126.913842, 35.155459 ], [ 126.913814, 35.155446 ], [ 126.913785, 35.155434 ], [ 126.913755, 35.155425 ], [ 126.913724, 35.155419 ], [ 126.913692, 35.155415 ], [ 126.913659, 35.155414 ], [ 126.913627, 35.155415 ], [ 126.913595, 35.155419 ], [ 126.913564, 35.155425 ], [ 126.913533, 35.155434 ], [ 126.913504, 35.155445 ], [ 126.913476, 35.155459 ], [ 126.91345, 35.155475 ], [ 126.913426, 35.155493 ], [ 126.913405, 35.155512 ], [ 126.913385, 35.155534 ], [ 126.913369, 35.155556 ], [ 126.913355, 35.15558 ], [ 126.913344, 35.155605 ], [ 126.913336, 35.155631 ], [ 126.913331, 35.155657 ], [ 126.91333, 35.155684 ], [ 126.913331, 35.15571 ], [ 126.913336, 35.155737 ], [ 126.913344, 35.155762 ], [ 126.913355, 35.155787 ], [ 126.913368, 35.155811 ], [ 126.913385, 35.155834 ], [ 126.913404, 35.155855 ], [ 126.913426, 35.155875 ], [ 126.91345, 35.155893 ], [ 126.913476, 35.155909 ], [ 126.913504, 35.155922 ], [ 126.913533, 35.155934 ], [ 126.913563, 35.155943 ], [ 126.913594, 35.155949 ], [ 126.913626, 35.155953 ], [ 126.913659, 35.155954 ], [ 126.913691, 35.155953 ], [ 126.913723, 35.155949 ], [ 126.913754, 35.155943 ], [ 126.913785, 35.155934 ], [ 126.913814, 35.155923 ], [ 126.913842, 35.155909 ], [ 126.913868, 35.155893 ], [ 126.913892, 35.155875 ], [ 126.913913, 35.155856 ], [ 126.913933, 35.155834 ], [ 126.913949, 35.155812 ], [ 126.913963, 35.155788 ], [ 126.913974, 35.155763 ], [ 126.913982, 35.155737 ], [ 126.913987, 35.155711 ], [ 126.913988, 35.155684 ] ] ] } },
{ "type": "Feature", "properties": { "카메라대수": 2 }, "geometry": { "type": "Polygon", "coordinates": [ [ [ 126.914646, 35.155641 ], [ 126.914645, 35.155615 ], [ 126.91464, 35.155588 ], [ 126.914632, 35.155563 ], [ 126.914621, 35.155538 ], [ 126.914608, 35.155514 ], [ 126.914591, 35.155491 ], [ 126.914572, 35.15547 ], [ 126.91455, 35.15545 ], [ 126.914526, 35.155432 ], [ 126.9145, 35.155416 ], [ 126.914472, 35.155403 ], [ 126.914443, 35.155391 ], [ 126.914413, 35.155382 ], [ 126.914382, 35.155376 ], [ 126.91435, 35.155372 ], [ 126.914317, 35.155371 ], [ 126.914285, 35.155372 ], [ 126.914253, 35.155376 ], [ 126.914222, 35.155382 ], [ 126.914191, 35.155391 ], [ 126.914162, 35.155402 ], [ 126.914134, 35.155416 ], [ 126.914108, 35.155432 ], [ 126.914084, 35.15545 ], [ 126.914063, 35.155469 ], [ 126.914043, 35.155491 ], [ 126.914027, 35.155513 ], [ 126.914013, 35.155537 ], [ 126.914002, 35.155562 ], [ 126.913994, 35.155588 ], [ 126.913989, 35.155614 ], [ 126.913988, 35.155641 ], [ 126.913989, 35.155667 ], [ 126.913994, 35.155694 ], [ 126.914002, 35.155719 ], [ 126.914013, 35.155744 ], [ 126.914026, 35.155768 ], [ 126.914043, 35.155791 ], [ 126.914062, 35.155812 ], [ 126.914084, 35.155832 ], [ 126.914108, 35.15585 ], [ 126.914134, 35.155866 ], [ 126.914162, 35.155879 ], [ 126.914191, 35.155891 ], [ 126.914221, 35.1559 ], [ 126.914252, 35.155906 ], [ 126.914284, 35.15591 ], [ 126.914317, 35.155911 ], [ 126.914349, 35.15591 ], [ 126.914381, 35.155906 ], [ 126.914412, 35.1559 ], [ 126.914443, 35.155891 ], [ 126.914472, 35.15588 ], [ 126.9145, 35.155866 ], [ 126.914526, 35.15585 ], [ 126.91455, 35.155832 ], [ 126.914571, 35.155813 ], [ 126.914591, 35.155791 ], [ 126.914607, 35.155769 ], [ 126.914621, 35.155745 ], [ 126.914632, 35.15572 ], [ 126.91464, 35.155694 ], [ 126.914645, 35.155668 ], [ 126.914646, 35.155641 ] ] ] } },
{ "type": "Feature", "properties": { "카메라대수": 2 }, "geometry": { "type": "Polygon", "coordinates": [ [ [ 126.914989, 35.152898 ], [ 126.914988, 35.152872 ], [ 126.914983, 35.152845 ], [ 126.914975, 35.15282 ], [ 126.914964, 35.152795 ], [ 126.91495, 35.152771 ], [ 126.914934, 35.152748 ], [ 126.914915, 35.152727 ], [ 126.914893, 35.152707 ], [ 126.914869, 35.152689 ], [ 126.914843, 35.152673 ], [ 126.914815, 35.15266 ], [ 126.914786, 35.152648 ], [ 126.914756, 35.152639 ], [ 126.914725, 35.152633 ], [ 126.914693, 35.152629 ], [ 126.91466, 35.152628 ], [ 126.914628, 35.152629 ], [ 126.914596, 35.152633 ], [ 126.914565, 35.152639 ], [ 126.914534, 35.152648 ], [ 126.914505, 35.152659 ], [ 126.914477, 35.152673 ], [ 126.914451, 35.152689 ], [ 126.914427, 35.152707 ], [ 126.914406, 35.152726 ], [ 126.914386, 35.152748 ], [ 126.91437, 35.15277 ], [ 126.914356, 35.152794 ], [ 126.914345, 35.152819 ], [ 126.914337, 35.152845 ], [ 126.914332, 35.152871 ], [ 126.914331, 35.152898 ], [ 126.914332, 35.152924 ], [ 126.914337, 35.152951 ], [ 126.914345, 35.152976 ], [ 126.914356, 35.153001 ], [ 126.91437, 35.153025 ], [ 126.914386, 35.153048 ], [ 126.914405, 35.153069 ], [ 126.914427, 35.153089 ], [ 126.914451, 35.153107 ], [ 126.914477, 35.153123 ], [ 126.914505, 35.153136 ], [ 126.914534, 35.153148 ], [ 126.914564, 35.153157 ], [ 126.914595, 35.153163 ], [ 126.914627, 35.153167 ], [ 126.91466, 35.153168 ], [ 126.914692, 35.153167 ], [ 126.914724, 35.153163 ], [ 126.914755, 35.153157 ], [ 126.914786, 35.153148 ], [ 126.914815, 35.153137 ], [ 126.914843, 35.153123 ], [ 126.914869, 35.153107 ], [ 126.914893, 35.153089 ], [ 126.914914, 35.15307 ], [ 126.914934, 35.153048 ], [ 126.91495, 35.153026 ], [ 126.914964, 35.153002 ], [ 126.914975, 35.152977 ], [ 126.914983, 35.152951 ], [ 126.914988, 35.152925 ], [ 126.914989, 35.152898 ] ] ] } },
{ "type": "Feature", "properties": { "카메라대수": 1 }, "geometry": { "type": "Polygon", "coordinates": [ [ [ 126.915082, 35.155955 ], [ 126.915081, 35.155929 ], [ 126.915076, 35.155902 ], [ 126.915068, 35.155877 ], [ 126.915057, 35.155852 ], [ 126.915044, 35.155828 ], [ 126.915027, 35.155805 ], [ 126.915008, 35.155784 ], [ 126.914986, 35.155764 ], [ 126.914962, 35.155746 ], [ 126.914936, 35.15573 ], [ 126.914908, 35.155717 ], [ 126.914879, 35.155705 ], [ 126.914849, 35.155696 ], [ 126.914818, 35.15569 ], [ 126.914786, 35.155686 ], [ 126.914753, 35.155685 ], [ 126.914721, 35.155686 ], [ 126.914689, 35.15569 ], [ 126.914658, 35.155696 ], [ 126.914627, 35.155705 ], [ 126.914598, 35.155716 ], [ 126.91457, 35.15573 ], [ 126.914544, 35.155746 ], [ 126.91452, 35.155764 ], [ 126.914499, 35.155783 ], [ 126.914479, 35.155805 ], [ 126.914463, 35.155827 ], [ 126.914449, 35.155851 ], [ 126.914438, 35.155876 ], [ 126.91443, 35.155902 ], [ 126.914425, 35.155928 ], [ 126.914424, 35.155955 ], [ 126.914425, 35.155981 ], [ 126.91443, 35.156008 ], [ 126.914438, 35.156033 ], [ 126.914449, 35.156058 ], [ 126.914462, 35.156082 ], [ 126.914479, 35.156105 ], [ 126.914498, 35.156126 ], [ 126.91452, 35.156146 ], [ 126.914544, 35.156164 ], [ 126.91457, 35.15618 ], [ 126.914598, 35.156193 ], [ 126.914627, 35.156205 ], [ 126.914657, 35.156214 ], [ 126.914688, 35.15622 ], [ 126.91472, 35.156224 ], [ 126.914753, 35.156225 ], [ 126.914785, 35.156224 ], [ 126.914817, 35.15622 ], [ 126.914848, 35.156214 ], [ 126.914879, 35.156205 ], [ 126.914908, 35.156194 ], [ 126.914936, 35.15618 ], [ 126.914962, 35.156164 ], [ 126.914986, 35.156146 ], [ 126.915007, 35.156127 ], [ 126.915027, 35.156105 ], [ 126.915043, 35.156083 ], [ 126.915057, 35.156059 ], [ 126.915068, 35.156034 ], [ 126.915076, 35.156008 ], [ 126.915081, 35.155982 ], [ 126.915082, 35.155955 ] ] ] } },
{ "type": "Feature", "properties": { "카메라대수": 3 }, "geometry": { "type": "Polygon", "coordinates": [ [ [ 126.91538, 35.15459 ], [ 126.915379, 35.154564 ], [ 126.915374, 35.154537 ], [ 126.915366, 35.154512 ], [ 126.915355, 35.154487 ], [ 126.915342, 35.154463 ], [ 126.915325, 35.15444 ], [ 126.915306, 35.154419 ], [ 126.915284, 35.154399 ], [ 126.91526, 35.154381 ], [ 126.915234, 35.154365 ], [ 126.915206, 35.154352 ], [ 126.915177, 35.15434 ], [ 126.915147, 35.154331 ], [ 126.915116, 35.154325 ], [ 126.915084, 35.154321 ], [ 126.915051, 35.15432 ], [ 126.915019, 35.154321 ], [ 126.914987, 35.154325 ], [ 126.914956, 35.154331 ], [ 126.914925, 35.15434 ], [ 126.914896, 35.154351 ], [ 126.914868, 35.154365 ], [ 126.914842, 35.154381 ], [ 126.914818, 35.154399 ], [ 126.914797, 35.154418 ], [ 126.914777, 35.15444 ], [ 126.914761, 35.154462 ], [ 126.914747, 35.154486 ], [ 126.914736, 35.154511 ], [ 126.914728, 35.154537 ], [ 126.914723, 35.154563 ], [ 126.914722, 35.15459 ], [ 126.914723, 35.154616 ], [ 126.914728, 35.154643 ], [ 126.914736, 35.154668 ], [ 126.914747, 35.154693 ], [ 126.91476, 35.154717 ], [ 126.914777, 35.15474 ], [ 126.914796, 35.154761 ], [ 126.914818, 35.154781 ], [ 126.914842, 35.154799 ], [ 126.914868, 35.154815 ], [ 126.914896, 35.154828 ], [ 126.914925, 35.15484 ], [ 126.914955, 35.154849 ], [ 126.914986, 35.154855 ], [ 126.915018, 35.154859 ], [ 126.915051, 35.15486 ], [ 126.915083, 35.154859 ], [ 126.915115, 35.154855 ], [ 126.915146, 35.154849 ], [ 126.915177, 35.15484 ], [ 126.915206, 35.154829 ], [ 126.915234, 35.154815 ], [ 126.91526, 35.154799 ], [ 126.915284, 35.154781 ], [ 126.915305, 35.154762 ], [ 126.915325, 35.15474 ], [ 126.915341, 35.154718 ], [ 126.915355, 35.154694 ], [ 126.915366, 35.154669 ], [ 126.915374, 35.154643 ], [ 126.915379, 35.154617 ], [ 126.91538, 35.15459 ] ] ] } },
{ "type": "Feature", "properties": { "카메라대수": 4 }, "geometry": { "type": "Polygon", "coordinates": [ [ [ 126.915418, 35.154078 ], [ 126.915417, 35.154052 ], [ 126.915412, 35.154025 ], [ 126.915404, 35.154 ], [ 126.915393, 35.153975 ], [ 126.91538, 35.153951 ], [ 126.915363, 35.153928 ], [ 126.915344, 35.153907 ], [ 126.915322, 35.153887 ], [ 126.915298, 35.153869 ], [ 126.915272, 35.153853 ], [ 126.915244, 35.15384 ], [ 126.915215, 35.153828 ], [ 126.915185, 35.153819 ], [ 126.915154, 35.153813 ], [ 126.915122, 35.153809 ], [ 126.915089, 35.153808 ], [ 126.915057, 35.153809 ], [ 126.915025, 35.153813 ], [ 126.914994, 35.153819 ], [ 126.914963, 35.153828 ], [ 126.914934, 35.153839 ], [ 126.914906, 35.153853 ], [ 126.91488, 35.153869 ], [ 126.914856, 35.153887 ], [ 126.914835, 35.153906 ], [ 126.914815, 35.153928 ], [ 126.914799, 35.15395 ], [ 126.914785, 35.153974 ], [ 126.914774, 35.153999 ], [ 126.914766, 35.154025 ], [ 126.914761, 35.154051 ], [ 126.91476, 35.154078 ], [ 126.914761, 35.154104 ], [ 126.914766, 35.154131 ], [ 126.914774, 35.154156 ], [ 126.914785, 35.154181 ], [ 126.914798, 35.154205 ], [ 126.914815, 35.154228 ], [ 126.914834, 35.154249 ], [ 126.914856, 35.154269 ], [ 126.91488, 35.154287 ], [ 126.914906, 35.154303 ], [ 126.914934, 35.154316 ], [ 126.914963, 35.154328 ], [ 126.914993, 35.154337 ], [ 126.915024, 35.154343 ], [ 126.915056, 35.154347 ], [ 126.915089, 35.154348 ], [ 126.915121, 35.154347 ], [ 126.915153, 35.154343 ], [ 126.915184, 35.154337 ], [ 126.915215, 35.154328 ], [ 126.915244, 35.154317 ], [ 126.915272, 35.154303 ], [ 126.915298, 35.154287 ], [ 126.915322, 35.154269 ], [ 126.915343, 35.15425 ], [ 126.915363, 35.154228 ], [ 126.915379, 35.154206 ], [ 126.915393, 35.154182 ], [ 126.915404, 35.154157 ], [ 126.915412, 35.154131 ], [ 126.915417, 35.154105 ], [ 126.915418, 35.154078 ] ] ] } },
{ "type": "Feature", "properties": { "카메라대수": 2 }, "geometry": { "type": "Polygon", "coordinates": [ [ [ 126.915474, 35.155538 ], [ 126.915473, 35.155512 ], [ 126.915468, 35.155485 ], [ 126.91546, 35.15546 ], [ 126.915449, 35.155435 ], [ 126.915436, 35.155411 ], [ 126.915419, 35.155388 ], [ 126.9154, 35.155367 ], [ 126.915378, 35.155347 ], [ 126.915354, 35.155329 ], [ 126.915328, 35.155313 ], [ 126.9153, 35.1553 ], [ 126.915271, 35.155288 ], [ 126.915241, 35.155279 ], [ 126.91521, 35.155273 ], [ 126.915178, 35.155269 ], [ 126.915145, 35.155268 ], [ 126.915113, 35.155269 ], [ 126.915081, 35.155273 ], [ 126.91505, 35.155279 ], [ 126.915019, 35.155288 ], [ 126.91499, 35.155299 ], [ 126.914962, 35.155313 ], [ 126.914936, 35.155329 ], [ 126.914912, 35.155347 ], [ 126.914891, 35.155366 ], [ 126.914871, 35.155388 ], [ 126.914855, 35.15541 ], [ 126.914841, 35.155434 ], [ 126.91483, 35.155459 ], [ 126.914822, 35.155485 ], [ 126.914817, 35.155511 ], [ 126.914816, 35.155538 ], [ 126.914817, 35.155564 ], [ 126.914822, 35.155591 ], [ 126.91483, 35.155616 ], [ 126.914841, 35.155641 ], [ 126.914854, 35.155665 ], [ 126.914871, 35.155688 ], [ 126.91489, 35.155709 ], [ 126.914912, 35.155729 ], [ 126.914936, 35.155747 ], [ 126.914962, 35.155763 ], [ 126.91499, 35.155776 ], [ 126.915019, 35.155788 ], [ 126.915049, 35.155797 ], [ 126.91508, 35.155803 ], [ 126.915112, 35.155807 ], [ 126.915145, 35.155808 ], [ 126.915177, 35.155807 ], [ 126.915209, 35.155803 ], [ 126.91524, 35.155797 ], [ 126.915271, 35.155788 ], [ 126.9153, 35.155777 ], [ 126.915328, 35.155763 ], [ 126.915354, 35.155747 ], [ 126.915378, 35.155729 ], [ 126.915399, 35.15571 ], [ 126.915419, 35.155688 ], [ 126.915435, 35.155666 ], [ 126.915449, 35.155642 ], [ 126.91546, 35.155617 ], [ 126.915468, 35.155591 ], [ 126.915473, 35.155565 ], [ 126.915474, 35.155538 ] ] ] } },
{ "type": "Feature", "properties": { "카메라대수": 4 }, "geometry": { "type": "Polygon", "coordinates": [ [ [ 126.916191, 35.152549 ], [ 126.91619, 35.152523 ], [ 126.916185, 35.152496 ], [ 126.916177, 35.152471 ], [ 126.916166, 35.152446 ], [ 126.916152, 35.152422 ], [ 126.916136, 35.152399 ], [ 126.916117, 35.152378 ], [ 126.916095, 35.152358 ], [ 126.916071, 35.15234 ], [ 126.916045, 35.152324 ], [ 126.916017, 35.152311 ], [ 126.915988, 35.152299 ], [ 126.915958, 35.15229 ], [ 126.915927, 35.152284 ], [ 126.915895, 35.15228 ], [ 126.915862, 35.152279 ], [ 126.91583, 35.15228 ], [ 126.915798, 35.152284 ], [ 126.915767, 35.15229 ], [ 126.915736, 35.152299 ], [ 126.915707, 35.15231 ], [ 126.915679, 35.152324 ], [ 126.915653, 35.15234 ], [ 126.915629, 35.152358 ], [ 126.915608, 35.152377 ], [ 126.915588, 35.152399 ], [ 126.915572, 35.152421 ], [ 126.915558, 35.152445 ], [ 126.915547, 35.15247 ], [ 126.915539, 35.152496 ], [ 126.915534, 35.152522 ], [ 126.915533, 35.152549 ], [ 126.915534, 35.152575 ], [ 126.915539, 35.152602 ], [ 126.915547, 35.152627 ], [ 126.915558, 35.152652 ], [ 126.915572, 35.152676 ], [ 126.915588, 35.152699 ], [ 126.915607, 35.15272 ], [ 126.915629, 35.15274 ], [ 126.915653, 35.152758 ], [ 126.915679, 35.152774 ], [ 126.915707, 35.152787 ], [ 126.915736, 35.152799 ], [ 126.915766, 35.152808 ], [ 126.915797, 35.152814 ], [ 126.915829, 35.152818 ], [ 126.915862, 35.152819 ], [ 126.915894, 35.152818 ], [ 126.915926, 35.152814 ], [ 126.915957, 35.152808 ], [ 126.915988, 35.152799 ], [ 126.916017, 35.152788 ], [ 126.916045, 35.152774 ], [ 126.916071, 35.152758 ], [ 126.916095, 35.15274 ], [ 126.916116, 35.152721 ], [ 126.916136, 35.152699 ], [ 126.916152, 35.152677 ], [ 126.916166, 35.152653 ], [ 126.916177, 35.152628 ], [ 126.916185, 35.152602 ], [ 126.91619, 35.152576 ], [ 126.916191, 35.152549 ] ] ] } },
{ "type": "Feature", "properties": { "카메라대수": 2 }, "geometry": { "type": "Polygon", "coordinates": [ [ [ 126.916465, 35.154892 ], [ 126.916464, 35.154866 ], [ 126.916459, 35.154839 ], [ 126.916451, 35.154814 ], [ 126.91644, 35.154789 ], [ 126.916427, 35.154765 ], [ 126.91641, 35.154742 ], [ 126.916391, 35.154721 ], [ 126.916369, 35.154701 ], [ 126.916345, 35.154683 ], [ 126.916319, 35.154667 ], [ 126.916291, 35.154654 ], [ 126.916262, 35.154642 ], [ 126.916232, 35.154633 ], [ 126.916201, 35.154627 ], [ 126.916169, 35.154623 ], [ 126.916136, 35.154622 ], [ 126.916104, 35.154623 ], [ 126.916072, 35.154627 ], [ 126.916041, 35.154633 ], [ 126.91601, 35.154642 ], [ 126.915981, 35.154653 ], [ 126.915953, 35.154667 ], [ 126.915927, 35.154683 ], [ 126.915903, 35.154701 ], [ 126.915882, 35.15472 ], [ 126.915862, 35.154742 ], [ 126.915846, 35.154764 ], [ 126.915832, 35.154788 ], [ 126.915821, 35.154813 ], [ 126.915813, 35.154839 ], [ 126.915808, 35.154865 ], [ 126.915807, 35.154892 ], [ 126.915808, 35.154918 ], [ 126.915813, 35.154945 ], [ 126.915821, 35.15497 ], [ 126.915832, 35.154995 ], [ 126.915845, 35.155019 ], [ 126.915862, 35.155042 ], [ 126.915881, 35.155063 ], [ 126.915903, 35.155083 ], [ 126.915927, 35.155101 ], [ 126.915953, 35.155117 ], [ 126.915981, 35.15513 ], [ 126.91601, 35.155142 ], [ 126.91604, 35.155151 ], [ 126.916071, 35.155157 ], [ 126.916103, 35.155161 ], [ 126.916136, 35.155162 ], [ 126.916168, 35.155161 ], [ 126.9162, 35.155157 ], [ 126.916231, 35.155151 ], [ 126.916262, 35.155142 ], [ 126.916291, 35.155131 ], [ 126.916319, 35.155117 ], [ 126.916345, 35.155101 ], [ 126.916369, 35.155083 ], [ 126.91639, 35.155064 ], [ 126.91641, 35.155042 ], [ 126.916426, 35.15502 ], [ 126.91644, 35.154996 ], [ 126.916451, 35.154971 ], [ 126.916459, 35.154945 ], [ 126.916464, 35.154919 ], [ 126.916465, 35.154892 ] ] ] } },
{ "type": "Feature", "properties": { "카메라대수": 1 }, "geometry": { "type": "Polygon", "coordinates": [ [ [ 126.916525, 35.15317 ], [ 126.916524, 35.153144 ], [ 126.916519, 35.153117 ], [ 126.916511, 35.153092 ], [ 126.9165, 35.153067 ], [ 126.916486, 35.153043 ], [ 126.91647, 35.15302 ], [ 126.916451, 35.152999 ], [ 126.916429, 35.152979 ], [ 126.916405, 35.152961 ], [ 126.916379, 35.152945 ], [ 126.916351, 35.152932 ], [ 126.916322, 35.15292 ], [ 126.916292, 35.152911 ], [ 126.916261, 35.152905 ], [ 126.916229, 35.152901 ], [ 126.916196, 35.1529 ], [ 126.916164, 35.152901 ], [ 126.916132, 35.152905 ], [ 126.916101, 35.152911 ], [ 126.91607, 35.15292 ], [ 126.916041, 35.152931 ], [ 126.916013, 35.152945 ], [ 126.915987, 35.152961 ], [ 126.915963, 35.152979 ], [ 126.915942, 35.152998 ], [ 126.915922, 35.15302 ], [ 126.915906, 35.153042 ], [ 126.915892, 35.153066 ], [ 126.915881, 35.153091 ], [ 126.915873, 35.153117 ], [ 126.915868, 35.153143 ], [ 126.915867, 35.15317 ], [ 126.915868, 35.153196 ], [ 126.915873, 35.153223 ], [ 126.915881, 35.153248 ], [ 126.915892, 35.153273 ], [ 126.915906, 35.153297 ], [ 126.915922, 35.15332 ], [ 126.915941, 35.153341 ], [ 126.915963, 35.153361 ], [ 126.915987, 35.153379 ], [ 126.916013, 35.153395 ], [ 126.916041, 35.153408 ], [ 126.91607, 35.15342 ], [ 126.9161, 35.153429 ], [ 126.916131, 35.153435 ], [ 126.916163, 35.153439 ], [ 126.916196, 35.15344 ], [ 126.916228, 35.153439 ], [ 126.91626, 35.153435 ], [ 126.916291, 35.153429 ], [ 126.916322, 35.15342 ], [ 126.916351, 35.153409 ], [ 126.916379, 35.153395 ], [ 126.916405, 35.153379 ], [ 126.916429, 35.153361 ], [ 126.91645, 35.153342 ], [ 126.91647, 35.15332 ], [ 126.916486, 35.153298 ], [ 126.9165, 35.153274 ], [ 126.916511, 35.153249 ], [ 126.916519, 35.153223 ], [ 126.916524, 35.153197 ], [ 126.916525, 35.15317 ] ] ] } },
{ "type": "Feature", "properties": { "카메라대수": 2 }, "geometry": { "type": "Polygon", "coordinates": [ [ [ 126.918247, 35.15195 ], [ 126.918246, 35.151924 ], [ 126.918241, 35.151897 ], [ 126.918233, 35.151872 ], [ 126.918222, 35.151847 ], [ 126.918208, 35.151823 ], [ 126.918192, 35.1518 ], [ 126.918173, 35.151779 ], [ 126.918151, 35.151759 ], [ 126.918127, 35.151741 ], [ 126.918101, 35.151725 ], [ 126.918073, 35.151712 ], [ 126.918044, 35.1517 ], [ 126.918014, 35.151691 ], [ 126.917982, 35.151685 ], [ 126.917951, 35.151681 ], [ 126.917918, 35.15168 ], [ 126.917886, 35.151681 ], [ 126.917854, 35.151685 ], [ 126.917823, 35.151691 ], [ 126.917792, 35.1517 ], [ 126.917763, 35.151711 ], [ 126.917735, 35.151725 ], [ 126.917709, 35.151741 ], [ 126.917685, 35.151759 ], [ 126.917664, 35.151778 ], [ 126.917644, 35.1518 ], [ 126.917628, 35.151822 ], [ 126.917614, 35.151846 ], [ 126.917603, 35.151871 ], [ 126.917595, 35.151897 ], [ 126.91759, 35.151923 ], [ 126.917589, 35.15195 ], [ 126.91759, 35.151976 ], [ 126.917595, 35.152003 ], [ 126.917603, 35.152028 ], [ 126.917614, 35.152053 ], [ 126.917628, 35.152077 ], [ 126.917644, 35.1521 ], [ 126.917663, 35.152121 ], [ 126.917685, 35.152141 ], [ 126.917709, 35.152159 ], [ 126.917735, 35.152175 ], [ 126.917763, 35.152188 ], [ 126.917792, 35.1522 ], [ 126.917822, 35.152209 ], [ 126.917854, 35.152215 ], [ 126.917885, 35.152219 ], [ 126.917918, 35.15222 ], [ 126.91795, 35.152219 ], [ 126.917982, 35.152215 ], [ 126.918013, 35.152209 ], [ 126.918044, 35.1522 ], [ 126.918073, 35.152189 ], [ 126.918101, 35.152175 ], [ 126.918127, 35.152159 ], [ 126.918151, 35.152141 ], [ 126.918172, 35.152122 ], [ 126.918192, 35.1521 ], [ 126.918208, 35.152078 ], [ 126.918222, 35.152054 ], [ 126.918233, 35.152029 ], [ 126.918241, 35.152003 ], [ 126.918246, 35.151977 ], [ 126.918247, 35.15195 ] ] ] } },
{ "type": "Feature", "properties": { "카메라대수": 4 }, "geometry": { "type": "Polygon", "coordinates": [ [ [ 126.918739, 35.151344 ], [ 126.918738, 35.151318 ], [ 126.918733, 35.151291 ], [ 126.918725, 35.151266 ], [ 126.918714, 35.151241 ], [ 126.9187, 35.151217 ], [ 126.918684, 35.151194 ], [ 126.918665, 35.151173 ], [ 126.918643, 35.151153 ], [ 126.918619, 35.151135 ], [ 126.918593, 35.151119 ], [ 126.918565, 35.151106 ], [ 126.918536, 35.151094 ], [ 126.918506, 35.151085 ], [ 126.918474, 35.151079 ], [ 126.918443, 35.151075 ], [ 126.91841, 35.151074 ], [ 126.918378, 35.151075 ], [ 126.918346, 35.151079 ], [ 126.918315, 35.151085 ], [ 126.918284, 35.151094 ], [ 126.918255, 35.151105 ], [ 126.918227, 35.151119 ], [ 126.918201, 35.151135 ], [ 126.918177, 35.151153 ], [ 126.918156, 35.151172 ], [ 126.918136, 35.151194 ], [ 126.91812, 35.151216 ], [ 126.918106, 35.15124 ], [ 126.918095, 35.151265 ], [ 126.918087, 35.151291 ], [ 126.918082, 35.151317 ], [ 126.918081, 35.151344 ], [ 126.918082, 35.15137 ], [ 126.918087, 35.151397 ], [ 126.918095, 35.151422 ], [ 126.918106, 35.151447 ], [ 126.91812, 35.151471 ], [ 126.918136, 35.151494 ], [ 126.918155, 35.151515 ], [ 126.918177, 35.151535 ], [ 126.918201, 35.151553 ], [ 126.918227, 35.151569 ], [ 126.918255, 35.151582 ], [ 126.918284, 35.151594 ], [ 126.918314, 35.151603 ], [ 126.918346, 35.151609 ], [ 126.918377, 35.151613 ], [ 126.91841, 35.151614 ], [ 126.918442, 35.151613 ], [ 126.918474, 35.151609 ], [ 126.918505, 35.151603 ], [ 126.918536, 35.151594 ], [ 126.918565, 35.151583 ], [ 126.918593, 35.151569 ], [ 126.918619, 35.151553 ], [ 126.918643, 35.151535 ], [ 126.918664, 35.151516 ], [ 126.918684, 35.151494 ], [ 126.9187, 35.151472 ], [ 126.918714, 35.151448 ], [ 126.918725, 35.151423 ], [ 126.918733, 35.151397 ], [ 126.918738, 35.151371 ], [ 126.918739, 35.151344 ] ] ] } },
{ "type": "Feature", "properties": { "카메라대수": 4 }, "geometry": { "type": "Polygon", "coordinates": [ [ [ 126.919549, 35.154452 ], [ 126.919548, 35.154426 ], [ 126.919543, 35.154399 ], [ 126.919535, 35.154374 ], [ 126.919524, 35.154349 ], [ 126.91951, 35.154325 ], [ 126.919494, 35.154302 ], [ 126.919475, 35.154281 ], [ 126.919453, 35.154261 ], [ 126.919429, 35.154243 ], [ 126.919403, 35.154227 ], [ 126.919375, 35.154214 ], [ 126.919346, 35.154202 ], [ 126.919316, 35.154193 ], [ 126.919284, 35.154187 ], [ 126.919253, 35.154183 ], [ 126.91922, 35.154182 ], [ 126.919188, 35.154183 ], [ 126.919156, 35.154187 ], [ 126.919125, 35.154193 ], [ 126.919094, 35.154202 ], [ 126.919065, 35.154213 ], [ 126.919037, 35.154227 ], [ 126.919011, 35.154243 ], [ 126.918987, 35.154261 ], [ 126.918966, 35.15428 ], [ 126.918946, 35.154302 ], [ 126.91893, 35.154324 ], [ 126.918916, 35.154348 ], [ 126.918905, 35.154373 ], [ 126.918897, 35.154399 ], [ 126.918892, 35.154425 ], [ 126.918891, 35.154452 ], [ 126.918892, 35.154478 ], [ 126.918897, 35.154505 ], [ 126.918905, 35.15453 ], [ 126.918916, 35.154555 ], [ 126.91893, 35.154579 ], [ 126.918946, 35.154602 ], [ 126.918965, 35.154623 ], [ 126.918987, 35.154643 ], [ 126.919011, 35.154661 ], [ 126.919037, 35.154677 ], [ 126.919065, 35.15469 ], [ 126.919094, 35.154702 ], [ 126.919124, 35.154711 ], [ 126.919156, 35.154717 ], [ 126.919187, 35.154721 ], [ 126.91922, 35.154722 ], [ 126.919252, 35.154721 ], [ 126.919284, 35.154717 ], [ 126.919315, 35.154711 ], [ 126.919346, 35.154702 ], [ 126.919375, 35.154691 ], [ 126.919403, 35.154677 ], [ 126.919429, 35.154661 ], [ 126.919453, 35.154643 ], [ 126.919474, 35.154624 ], [ 126.919494, 35.154602 ], [ 126.91951, 35.15458 ], [ 126.919524, 35.154556 ], [ 126.919535, 35.154531 ], [ 126.919543, 35.154505 ], [ 126.919548, 35.154479 ], [ 126.919549, 35.154452 ] ] ] } },
{ "type": "Feature", "properties": { "카메라대수": 4 }, "geometry": { "type": "Polygon", "coordinates": [ [ [ 126.920674, 35.152207 ], [ 126.920673, 35.152181 ], [ 126.920668, 35.152154 ], [ 126.92066, 35.152129 ], [ 126.920649, 35.152104 ], [ 126.920635, 35.15208 ], [ 126.920619, 35.152057 ], [ 126.9206, 35.152036 ], [ 126.920578, 35.152016 ], [ 126.920554, 35.151998 ], [ 126.920528, 35.151982 ], [ 126.9205, 35.151969 ], [ 126.920471, 35.151957 ], [ 126.920441, 35.151948 ], [ 126.920409, 35.151942 ], [ 126.920378, 35.151938 ], [ 126.920345, 35.151937 ], [ 126.920313, 35.151938 ], [ 126.920281, 35.151942 ], [ 126.92025, 35.151948 ], [ 126.920219, 35.151957 ], [ 126.92019, 35.151968 ], [ 126.920162, 35.151982 ], [ 126.920136, 35.151998 ], [ 126.920112, 35.152016 ], [ 126.920091, 35.152035 ], [ 126.920071, 35.152057 ], [ 126.920055, 35.152079 ], [ 126.920041, 35.152103 ], [ 126.92003, 35.152128 ], [ 126.920022, 35.152154 ], [ 126.920017, 35.15218 ], [ 126.920016, 35.152207 ], [ 126.920017, 35.152233 ], [ 126.920022, 35.15226 ], [ 126.92003, 35.152285 ], [ 126.920041, 35.15231 ], [ 126.920055, 35.152334 ], [ 126.920071, 35.152357 ], [ 126.92009, 35.152378 ], [ 126.920112, 35.152398 ], [ 126.920136, 35.152416 ], [ 126.920162, 35.152432 ], [ 126.92019, 35.152445 ], [ 126.920219, 35.152457 ], [ 126.920249, 35.152466 ], [ 126.920281, 35.152472 ], [ 126.920312, 35.152476 ], [ 126.920345, 35.152477 ], [ 126.920377, 35.152476 ], [ 126.920409, 35.152472 ], [ 126.92044, 35.152466 ], [ 126.920471, 35.152457 ], [ 126.9205, 35.152446 ], [ 126.920528, 35.152432 ], [ 126.920554, 35.152416 ], [ 126.920578, 35.152398 ], [ 126.920599, 35.152379 ], [ 126.920619, 35.152357 ], [ 126.920635, 35.152335 ], [ 126.920649, 35.152311 ], [ 126.92066, 35.152286 ], [ 126.920668, 35.15226 ], [ 126.920673, 35.152234 ], [ 126.920674, 35.152207 ] ] ] } },
{ "type": "Feature", "properties": { "카메라대수": 4 }, "geometry": { "type": "Polygon", "coordinates": [ [ [ 126.920698, 35.153392 ], [ 126.920697, 35.153366 ], [ 126.920692, 35.153339 ], [ 126.920684, 35.153314 ], [ 126.920673, 35.153289 ], [ 126.920659, 35.153265 ], [ 126.920643, 35.153242 ], [ 126.920624, 35.153221 ], [ 126.920602, 35.153201 ], [ 126.920578, 35.153183 ], [ 126.920552, 35.153167 ], [ 126.920524, 35.153154 ], [ 126.920495, 35.153142 ], [ 126.920465, 35.153133 ], [ 126.920433, 35.153127 ], [ 126.920402, 35.153123 ], [ 126.920369, 35.153122 ], [ 126.920337, 35.153123 ], [ 126.920305, 35.153127 ], [ 126.920274, 35.153133 ], [ 126.920243, 35.153142 ], [ 126.920214, 35.153153 ], [ 126.920186, 35.153167 ], [ 126.92016, 35.153183 ], [ 126.920136, 35.153201 ], [ 126.920115, 35.15322 ], [ 126.920095, 35.153242 ], [ 126.920079, 35.153264 ], [ 126.920065, 35.153288 ], [ 126.920054, 35.153313 ], [ 126.920046, 35.153339 ], [ 126.920041, 35.153365 ], [ 126.92004, 35.153392 ], [ 126.920041, 35.153418 ], [ 126.920046, 35.153445 ], [ 126.920054, 35.15347 ], [ 126.920065, 35.153495 ], [ 126.920079, 35.153519 ], [ 126.920095, 35.153542 ], [ 126.920114, 35.153563 ], [ 126.920136, 35.153583 ], [ 126.92016, 35.153601 ], [ 126.920186, 35.153617 ], [ 126.920214, 35.15363 ], [ 126.920243, 35.153642 ], [ 126.920273, 35.153651 ], [ 126.920305, 35.153657 ], [ 126.920336, 35.153661 ], [ 126.920369, 35.153662 ], [ 126.920401, 35.153661 ], [ 126.920433, 35.153657 ], [ 126.920464, 35.153651 ], [ 126.920495, 35.153642 ], [ 126.920524, 35.153631 ], [ 126.920552, 35.153617 ], [ 126.920578, 35.153601 ], [ 126.920602, 35.153583 ], [ 126.920623, 35.153564 ], [ 126.920643, 35.153542 ], [ 126.920659, 35.15352 ], [ 126.920673, 35.153496 ], [ 126.920684, 35.153471 ], [ 126.920692, 35.153445 ], [ 126.920697, 35.153419 ], [ 126.920698, 35.153392 ] ] ] } },
{ "type": "Feature", "properties": { "카메라대수": 3 }, "geometry": { "type": "Polygon", "coordinates": [ [ [ 126.921448, 35.153688 ], [ 126.921447, 35.153662 ], [ 126.921442, 35.153635 ], [ 126.921434, 35.15361 ], [ 126.921423, 35.153585 ], [ 126.921409, 35.153561 ], [ 126.921393, 35.153538 ], [ 126.921374, 35.153517 ], [ 126.921352, 35.153497 ], [ 126.921328, 35.153479 ], [ 126.921302, 35.153463 ], [ 126.921274, 35.15345 ], [ 126.921245, 35.153438 ], [ 126.921215, 35.153429 ], [ 126.921183, 35.153423 ], [ 126.921152, 35.153419 ], [ 126.921119, 35.153418 ], [ 126.921087, 35.153419 ], [ 126.921055, 35.153423 ], [ 126.921024, 35.153429 ], [ 126.920993, 35.153438 ], [ 126.920964, 35.153449 ], [ 126.920936, 35.153463 ], [ 126.92091, 35.153479 ], [ 126.920886, 35.153497 ], [ 126.920865, 35.153516 ], [ 126.920845, 35.153538 ], [ 126.920829, 35.15356 ], [ 126.920815, 35.153584 ], [ 126.920804, 35.153609 ], [ 126.920796, 35.153635 ], [ 126.920791, 35.153661 ], [ 126.92079, 35.153688 ], [ 126.920791, 35.153714 ], [ 126.920796, 35.153741 ], [ 126.920804, 35.153766 ], [ 126.920815, 35.153791 ], [ 126.920829, 35.153815 ], [ 126.920845, 35.153838 ], [ 126.920864, 35.153859 ], [ 126.920886, 35.153879 ], [ 126.92091, 35.153897 ], [ 126.920936, 35.153913 ], [ 126.920964, 35.153926 ], [ 126.920993, 35.153938 ], [ 126.921023, 35.153947 ], [ 126.921055, 35.153953 ], [ 126.921086, 35.153957 ], [ 126.921119, 35.153958 ], [ 126.921151, 35.153957 ], [ 126.921183, 35.153953 ], [ 126.921214, 35.153947 ], [ 126.921245, 35.153938 ], [ 126.921274, 35.153927 ], [ 126.921302, 35.153913 ], [ 126.921328, 35.153897 ], [ 126.921352, 35.153879 ], [ 126.921373, 35.15386 ], [ 126.921393, 35.153838 ], [ 126.921409, 35.153816 ], [ 126.921423, 35.153792 ], [ 126.921434, 35.153767 ], [ 126.921442, 35.153741 ], [ 126.921447, 35.153715 ], [ 126.921448, 35.153688 ] ] ] } },
{ "type": "Feature", "properties": { "카메라대수": 3 }, "geometry": { "type": "Polygon", "coordinates": [ [ [ 126.921552, 35.15531 ], [ 126.921551, 35.155284 ], [ 126.921546, 35.155257 ], [ 126.921538, 35.155232 ], [ 126.921527, 35.155207 ], [ 126.921513, 35.155183 ], [ 126.921497, 35.15516 ], [ 126.921478, 35.155139 ], [ 126.921456, 35.155119 ], [ 126.921432, 35.155101 ], [ 126.921406, 35.155085 ], [ 126.921378, 35.155072 ], [ 126.921349, 35.15506 ], [ 126.921319, 35.155051 ], [ 126.921287, 35.155045 ], [ 126.921256, 35.155041 ], [ 126.921223, 35.15504 ], [ 126.921191, 35.155041 ], [ 126.921159, 35.155045 ], [ 126.921128, 35.155051 ], [ 126.921097, 35.15506 ], [ 126.921068, 35.155071 ], [ 126.92104, 35.155085 ], [ 126.921014, 35.155101 ], [ 126.92099, 35.155119 ], [ 126.920969, 35.155138 ], [ 126.920949, 35.15516 ], [ 126.920933, 35.155182 ], [ 126.920919, 35.155206 ], [ 126.920908, 35.155231 ], [ 126.9209, 35.155257 ], [ 126.920895, 35.155283 ], [ 126.920894, 35.15531 ], [ 126.920895, 35.155336 ], [ 126.9209, 35.155363 ], [ 126.920908, 35.155388 ], [ 126.920919, 35.155413 ], [ 126.920933, 35.155437 ], [ 126.920949, 35.15546 ], [ 126.920968, 35.155481 ], [ 126.92099, 35.155501 ], [ 126.921014, 35.155519 ], [ 126.92104, 35.155535 ], [ 126.921068, 35.155548 ], [ 126.921097, 35.15556 ], [ 126.921127, 35.155569 ], [ 126.921159, 35.155575 ], [ 126.92119, 35.155579 ], [ 126.921223, 35.15558 ], [ 126.921255, 35.155579 ], [ 126.921287, 35.155575 ], [ 126.921318, 35.155569 ], [ 126.921349, 35.15556 ], [ 126.921378, 35.155549 ], [ 126.921406, 35.155535 ], [ 126.921432, 35.155519 ], [ 126.921456, 35.155501 ], [ 126.921477, 35.155482 ], [ 126.921497, 35.15546 ], [ 126.921513, 35.155438 ], [ 126.921527, 35.155414 ], [ 126.921538, 35.155389 ], [ 126.921546, 35.155363 ], [ 126.921551, 35.155337 ], [ 126.921552, 35.15531 ] ] ] } },
{ "type": "Feature", "properties": { "카메라대수": 2 }, "geometry": { "type": "Polygon", "coordinates": [ [ [ 126.92158, 35.152281 ], [ 126.921579, 35.152255 ], [ 126.921574, 35.152228 ], [ 126.921566, 35.152203 ], [ 126.921555, 35.152178 ], [ 126.921541, 35.152154 ], [ 126.921525, 35.152131 ], [ 126.921506, 35.15211 ], [ 126.921484, 35.15209 ], [ 126.92146, 35.152072 ], [ 126.921434, 35.152056 ], [ 126.921406, 35.152043 ], [ 126.921377, 35.152031 ], [ 126.921347, 35.152022 ], [ 126.921315, 35.152016 ], [ 126.921284, 35.152012 ], [ 126.921251, 35.152011 ], [ 126.921219, 35.152012 ], [ 126.921187, 35.152016 ], [ 126.921156, 35.152022 ], [ 126.921125, 35.152031 ], [ 126.921096, 35.152042 ], [ 126.921068, 35.152056 ], [ 126.921042, 35.152072 ], [ 126.921018, 35.15209 ], [ 126.920997, 35.152109 ], [ 126.920977, 35.152131 ], [ 126.920961, 35.152153 ], [ 126.920947, 35.152177 ], [ 126.920936, 35.152202 ], [ 126.920928, 35.152228 ], [ 126.920923, 35.152254 ], [ 126.920922, 35.152281 ], [ 126.920923, 35.152307 ], [ 126.920928, 35.152334 ], [ 126.920936, 35.152359 ], [ 126.920947, 35.152384 ], [ 126.920961, 35.152408 ], [ 126.920977, 35.152431 ], [ 126.920996, 35.152452 ], [ 126.921018, 35.152472 ], [ 126.921042, 35.15249 ], [ 126.921068, 35.152506 ], [ 126.921096, 35.152519 ], [ 126.921125, 35.152531 ], [ 126.921155, 35.15254 ], [ 126.921187, 35.152546 ], [ 126.921218, 35.15255 ], [ 126.921251, 35.152551 ], [ 126.921283, 35.15255 ], [ 126.921315, 35.152546 ], [ 126.921346, 35.15254 ], [ 126.921377, 35.152531 ], [ 126.921406, 35.15252 ], [ 126.921434, 35.152506 ], [ 126.92146, 35.15249 ], [ 126.921484, 35.152472 ], [ 126.921505, 35.152453 ], [ 126.921525, 35.152431 ], [ 126.921541, 35.152409 ], [ 126.921555, 35.152385 ], [ 126.921566, 35.15236 ], [ 126.921574, 35.152334 ], [ 126.921579, 35.152308 ], [ 126.92158, 35.152281 ] ] ] } },
{ "type": "Feature", "properties": { "카메라대수": 4 }, "geometry": { "type": "Polygon", "coordinates": [ [ [ 126.921851, 35.153979 ], [ 126.92185, 35.153953 ], [ 126.921845, 35.153926 ], [ 126.921837, 35.153901 ], [ 126.921826, 35.153876 ], [ 126.921812, 35.153852 ], [ 126.921796, 35.153829 ], [ 126.921777, 35.153808 ], [ 126.921755, 35.153788 ], [ 126.921731, 35.15377 ], [ 126.921705, 35.153754 ], [ 126.921677, 35.153741 ], [ 126.921648, 35.153729 ], [ 126.921618, 35.15372 ], [ 126.921586, 35.153714 ], [ 126.921555, 35.15371 ], [ 126.921522, 35.153709 ], [ 126.92149, 35.15371 ], [ 126.921458, 35.153714 ], [ 126.921427, 35.15372 ], [ 126.921396, 35.153729 ], [ 126.921367, 35.15374 ], [ 126.921339, 35.153754 ], [ 126.921313, 35.15377 ], [ 126.921289, 35.153788 ], [ 126.921268, 35.153807 ], [ 126.921248, 35.153829 ], [ 126.921232, 35.153851 ], [ 126.921218, 35.153875 ], [ 126.921207, 35.1539 ], [ 126.921199, 35.153926 ], [ 126.921194, 35.153952 ], [ 126.921193, 35.153979 ], [ 126.921194, 35.154005 ], [ 126.921199, 35.154032 ], [ 126.921207, 35.154057 ], [ 126.921218, 35.154082 ], [ 126.921232, 35.154106 ], [ 126.921248, 35.154129 ], [ 126.921267, 35.15415 ], [ 126.921289, 35.15417 ], [ 126.921313, 35.154188 ], [ 126.921339, 35.154204 ], [ 126.921367, 35.154217 ], [ 126.921396, 35.154229 ], [ 126.921426, 35.154238 ], [ 126.921458, 35.154244 ], [ 126.921489, 35.154248 ], [ 126.921522, 35.154249 ], [ 126.921554, 35.154248 ], [ 126.921586, 35.154244 ], [ 126.921617, 35.154238 ], [ 126.921648, 35.154229 ], [ 126.921677, 35.154218 ], [ 126.921705, 35.154204 ], [ 126.921731, 35.154188 ], [ 126.921755, 35.15417 ], [ 126.921776, 35.154151 ], [ 126.921796, 35.154129 ], [ 126.921812, 35.154107 ], [ 126.921826, 35.154083 ], [ 126.921837, 35.154058 ], [ 126.921845, 35.154032 ], [ 126.92185, 35.154006 ], [ 126.921851, 35.153979 ] ] ] } },
{ "type": "Feature", "properties": { "카메라대수": 4 }, "geometry": { "type": "Polygon", "coordinates": [ [ [ 126.922212, 35.153287 ], [ 126.922211, 35.153261 ], [ 126.922206, 35.153234 ], [ 126.922198, 35.153209 ], [ 126.922187, 35.153184 ], [ 126.922173, 35.15316 ], [ 126.922157, 35.153137 ], [ 126.922138, 35.153116 ], [ 126.922116, 35.153096 ], [ 126.922092, 35.153078 ], [ 126.922066, 35.153062 ], [ 126.922038, 35.153049 ], [ 126.922009, 35.153037 ], [ 126.921979, 35.153028 ], [ 126.921947, 35.153022 ], [ 126.921916, 35.153018 ], [ 126.921883, 35.153017 ], [ 126.921851, 35.153018 ], [ 126.921819, 35.153022 ], [ 126.921788, 35.153028 ], [ 126.921757, 35.153037 ], [ 126.921728, 35.153048 ], [ 126.9217, 35.153062 ], [ 126.921674, 35.153078 ], [ 126.92165, 35.153096 ], [ 126.921629, 35.153115 ], [ 126.921609, 35.153137 ], [ 126.921593, 35.153159 ], [ 126.921579, 35.153183 ], [ 126.921568, 35.153208 ], [ 126.92156, 35.153234 ], [ 126.921555, 35.15326 ], [ 126.921554, 35.153287 ], [ 126.921555, 35.153313 ], [ 126.92156, 35.15334 ], [ 126.921568, 35.153365 ], [ 126.921579, 35.15339 ], [ 126.921593, 35.153414 ], [ 126.921609, 35.153437 ], [ 126.921628, 35.153458 ], [ 126.92165, 35.153478 ], [ 126.921674, 35.153496 ], [ 126.9217, 35.153512 ], [ 126.921728, 35.153525 ], [ 126.921757, 35.153537 ], [ 126.921787, 35.153546 ], [ 126.921819, 35.153552 ], [ 126.92185, 35.153556 ], [ 126.921883, 35.153557 ], [ 126.921915, 35.153556 ], [ 126.921947, 35.153552 ], [ 126.921978, 35.153546 ], [ 126.922009, 35.153537 ], [ 126.922038, 35.153526 ], [ 126.922066, 35.153512 ], [ 126.922092, 35.153496 ], [ 126.922116, 35.153478 ], [ 126.922137, 35.153459 ], [ 126.922157, 35.153437 ], [ 126.922173, 35.153415 ], [ 126.922187, 35.153391 ], [ 126.922198, 35.153366 ], [ 126.922206, 35.15334 ], [ 126.922211, 35.153314 ], [ 126.922212, 35.153287 ] ] ] } },
{ "type": "Feature", "properties": { "카메라대수": 3 }, "geometry": { "type": "Polygon", "coordinates": [ [ [ 126.922247, 35.150463 ], [ 126.922246, 35.150437 ], [ 126.922241, 35.15041 ], [ 126.922233, 35.150385 ], [ 126.922222, 35.15036 ], [ 126.922208, 35.150336 ], [ 126.922192, 35.150313 ], [ 126.922173, 35.150292 ], [ 126.922151, 35.150272 ], [ 126.922127, 35.150254 ], [ 126.922101, 35.150238 ], [ 126.922073, 35.150225 ], [ 126.922044, 35.150213 ], [ 126.922014, 35.150204 ], [ 126.921982, 35.150198 ], [ 126.921951, 35.150194 ], [ 126.921918, 35.150193 ], [ 126.921886, 35.150194 ], [ 126.921854, 35.150198 ], [ 126.921823, 35.150204 ], [ 126.921792, 35.150213 ], [ 126.921763, 35.150224 ], [ 126.921735, 35.150238 ], [ 126.921709, 35.150254 ], [ 126.921685, 35.150272 ], [ 126.921664, 35.150291 ], [ 126.921644, 35.150313 ], [ 126.921628, 35.150335 ], [ 126.921614, 35.150359 ], [ 126.921603, 35.150384 ], [ 126.921595, 35.15041 ], [ 126.92159, 35.150436 ], [ 126.921589, 35.150463 ], [ 126.92159, 35.150489 ], [ 126.921595, 35.150516 ], [ 126.921603, 35.150541 ], [ 126.921614, 35.150566 ], [ 126.921628, 35.15059 ], [ 126.921644, 35.150613 ], [ 126.921663, 35.150634 ], [ 126.921685, 35.150654 ], [ 126.921709, 35.150672 ], [ 126.921735, 35.150688 ], [ 126.921763, 35.150701 ], [ 126.921792, 35.150713 ], [ 126.921822, 35.150722 ], [ 126.921854, 35.150728 ], [ 126.921885, 35.150732 ], [ 126.921918, 35.150733 ], [ 126.92195, 35.150732 ], [ 126.921982, 35.150728 ], [ 126.922013, 35.150722 ], [ 126.922044, 35.150713 ], [ 126.922073, 35.150702 ], [ 126.922101, 35.150688 ], [ 126.922127, 35.150672 ], [ 126.922151, 35.150654 ], [ 126.922172, 35.150635 ], [ 126.922192, 35.150613 ], [ 126.922208, 35.150591 ], [ 126.922222, 35.150567 ], [ 126.922233, 35.150542 ], [ 126.922241, 35.150516 ], [ 126.922246, 35.15049 ], [ 126.922247, 35.150463 ] ] ] } },
{ "type": "Feature", "properties": { "카메라대수": 4 }, "geometry": { "type": "Polygon", "coordinates": [ [ [ 126.922448, 35.151203 ], [ 126.922447, 35.151177 ], [ 126.922442, 35.15115 ], [ 126.922434, 35.151125 ], [ 126.922423, 35.1511 ], [ 126.922409, 35.151076 ], [ 126.922393, 35.151053 ], [ 126.922374, 35.151032 ], [ 126.922352, 35.151012 ], [ 126.922328, 35.150994 ], [ 126.922302, 35.150978 ], [ 126.922274, 35.150965 ], [ 126.922245, 35.150953 ], [ 126.922215, 35.150944 ], [ 126.922183, 35.150938 ], [ 126.922152, 35.150934 ], [ 126.922119, 35.150933 ], [ 126.922087, 35.150934 ], [ 126.922055, 35.150938 ], [ 126.922024, 35.150944 ], [ 126.921993, 35.150953 ], [ 126.921964, 35.150964 ], [ 126.921936, 35.150978 ], [ 126.92191, 35.150994 ], [ 126.921886, 35.151012 ], [ 126.921865, 35.151031 ], [ 126.921845, 35.151053 ], [ 126.921829, 35.151075 ], [ 126.921815, 35.151099 ], [ 126.921804, 35.151124 ], [ 126.921796, 35.15115 ], [ 126.921791, 35.151176 ], [ 126.92179, 35.151203 ], [ 126.921791, 35.151229 ], [ 126.921796, 35.151256 ], [ 126.921804, 35.151281 ], [ 126.921815, 35.151306 ], [ 126.921829, 35.15133 ], [ 126.921845, 35.151353 ], [ 126.921864, 35.151374 ], [ 126.921886, 35.151394 ], [ 126.92191, 35.151412 ], [ 126.921936, 35.151428 ], [ 126.921964, 35.151441 ], [ 126.921993, 35.151453 ], [ 126.922023, 35.151462 ], [ 126.922055, 35.151468 ], [ 126.922086, 35.151472 ], [ 126.922119, 35.151473 ], [ 126.922151, 35.151472 ], [ 126.922183, 35.151468 ], [ 126.922214, 35.151462 ], [ 126.922245, 35.151453 ], [ 126.922274, 35.151442 ], [ 126.922302, 35.151428 ], [ 126.922328, 35.151412 ], [ 126.922352, 35.151394 ], [ 126.922373, 35.151375 ], [ 126.922393, 35.151353 ], [ 126.922409, 35.151331 ], [ 126.922423, 35.151307 ], [ 126.922434, 35.151282 ], [ 126.922442, 35.151256 ], [ 126.922447, 35.15123 ], [ 126.922448, 35.151203 ] ] ] } },
{ "type": "Feature", "properties": { "카메라대수": 2 }, "geometry": { "type": "Polygon", "coordinates": [ [ [ 126.922455, 35.153359 ], [ 126.922454, 35.153333 ], [ 126.922449, 35.153306 ], [ 126.922441, 35.153281 ], [ 126.92243, 35.153256 ], [ 126.922416, 35.153232 ], [ 126.9224, 35.153209 ], [ 126.922381, 35.153188 ], [ 126.922359, 35.153168 ], [ 126.922335, 35.15315 ], [ 126.922309, 35.153134 ], [ 126.922281, 35.153121 ], [ 126.922252, 35.153109 ], [ 126.922222, 35.1531 ], [ 126.92219, 35.153094 ], [ 126.922159, 35.15309 ], [ 126.922126, 35.153089 ], [ 126.922094, 35.15309 ], [ 126.922062, 35.153094 ], [ 126.922031, 35.1531 ], [ 126.922, 35.153109 ], [ 126.921971, 35.15312 ], [ 126.921943, 35.153134 ], [ 126.921917, 35.15315 ], [ 126.921893, 35.153168 ], [ 126.921872, 35.153187 ], [ 126.921852, 35.153209 ], [ 126.921836, 35.153231 ], [ 126.921822, 35.153255 ], [ 126.921811, 35.15328 ], [ 126.921803, 35.153306 ], [ 126.921798, 35.153332 ], [ 126.921797, 35.153359 ], [ 126.921798, 35.153385 ], [ 126.921803, 35.153412 ], [ 126.921811, 35.153437 ], [ 126.921822, 35.153462 ], [ 126.921836, 35.153486 ], [ 126.921852, 35.153509 ], [ 126.921871, 35.15353 ], [ 126.921893, 35.15355 ], [ 126.921917, 35.153568 ], [ 126.921943, 35.153584 ], [ 126.921971, 35.153597 ], [ 126.922, 35.153609 ], [ 126.92203, 35.153618 ], [ 126.922062, 35.153624 ], [ 126.922093, 35.153628 ], [ 126.922126, 35.153629 ], [ 126.922158, 35.153628 ], [ 126.92219, 35.153624 ], [ 126.922221, 35.153618 ], [ 126.922252, 35.153609 ], [ 126.922281, 35.153598 ], [ 126.922309, 35.153584 ], [ 126.922335, 35.153568 ], [ 126.922359, 35.15355 ], [ 126.92238, 35.153531 ], [ 126.9224, 35.153509 ], [ 126.922416, 35.153487 ], [ 126.92243, 35.153463 ], [ 126.922441, 35.153438 ], [ 126.922449, 35.153412 ], [ 126.922454, 35.153386 ], [ 126.922455, 35.153359 ] ] ] } },
{ "type": "Feature", "properties": { "카메라대수": 3 }, "geometry": { "type": "Polygon", "coordinates": [ [ [ 126.922465, 35.152214 ], [ 126.922464, 35.152188 ], [ 126.922459, 35.152161 ], [ 126.922451, 35.152136 ], [ 126.92244, 35.152111 ], [ 126.922426, 35.152087 ], [ 126.92241, 35.152064 ], [ 126.922391, 35.152043 ], [ 126.922369, 35.152023 ], [ 126.922345, 35.152005 ], [ 126.922319, 35.151989 ], [ 126.922291, 35.151976 ], [ 126.922262, 35.151964 ], [ 126.922232, 35.151955 ], [ 126.9222, 35.151949 ], [ 126.922169, 35.151945 ], [ 126.922136, 35.151944 ], [ 126.922104, 35.151945 ], [ 126.922072, 35.151949 ], [ 126.922041, 35.151955 ], [ 126.92201, 35.151964 ], [ 126.921981, 35.151975 ], [ 126.921953, 35.151989 ], [ 126.921927, 35.152005 ], [ 126.921903, 35.152023 ], [ 126.921882, 35.152042 ], [ 126.921862, 35.152064 ], [ 126.921846, 35.152086 ], [ 126.921832, 35.15211 ], [ 126.921821, 35.152135 ], [ 126.921813, 35.152161 ], [ 126.921808, 35.152187 ], [ 126.921807, 35.152214 ], [ 126.921808, 35.15224 ], [ 126.921813, 35.152267 ], [ 126.921821, 35.152292 ], [ 126.921832, 35.152317 ], [ 126.921846, 35.152341 ], [ 126.921862, 35.152364 ], [ 126.921881, 35.152385 ], [ 126.921903, 35.152405 ], [ 126.921927, 35.152423 ], [ 126.921953, 35.152439 ], [ 126.921981, 35.152452 ], [ 126.92201, 35.152464 ], [ 126.92204, 35.152473 ], [ 126.922072, 35.152479 ], [ 126.922103, 35.152483 ], [ 126.922136, 35.152484 ], [ 126.922168, 35.152483 ], [ 126.9222, 35.152479 ], [ 126.922231, 35.152473 ], [ 126.922262, 35.152464 ], [ 126.922291, 35.152453 ], [ 126.922319, 35.152439 ], [ 126.922345, 35.152423 ], [ 126.922369, 35.152405 ], [ 126.92239, 35.152386 ], [ 126.92241, 35.152364 ], [ 126.922426, 35.152342 ], [ 126.92244, 35.152318 ], [ 126.922451, 35.152293 ], [ 126.922459, 35.152267 ], [ 126.922464, 35.152241 ], [ 126.922465, 35.152214 ] ] ] } },
{ "type": "Feature", "properties": { "카메라대수": 2 }, "geometry": { "type": "Polygon", "coordinates": [ [ [ 126.92269, 35.148973 ], [ 126.922689, 35.148947 ], [ 126.922684, 35.14892 ], [ 126.922676, 35.148895 ], [ 126.922665, 35.14887 ], [ 126.922651, 35.148846 ], [ 126.922635, 35.148823 ], [ 126.922616, 35.148802 ], [ 126.922594, 35.148782 ], [ 126.92257, 35.148764 ], [ 126.922544, 35.148748 ], [ 126.922516, 35.148735 ], [ 126.922487, 35.148723 ], [ 126.922457, 35.148714 ], [ 126.922425, 35.148708 ], [ 126.922394, 35.148704 ], [ 126.922361, 35.148703 ], [ 126.922329, 35.148704 ], [ 126.922297, 35.148708 ], [ 126.922266, 35.148714 ], [ 126.922235, 35.148723 ], [ 126.922206, 35.148734 ], [ 126.922178, 35.148748 ], [ 126.922152, 35.148764 ], [ 126.922128, 35.148782 ], [ 126.922107, 35.148801 ], [ 126.922087, 35.148823 ], [ 126.922071, 35.148845 ], [ 126.922057, 35.148869 ], [ 126.922046, 35.148894 ], [ 126.922038, 35.14892 ], [ 126.922033, 35.148946 ], [ 126.922032, 35.148973 ], [ 126.922033, 35.148999 ], [ 126.922038, 35.149026 ], [ 126.922046, 35.149051 ], [ 126.922057, 35.149076 ], [ 126.922071, 35.1491 ], [ 126.922087, 35.149123 ], [ 126.922106, 35.149144 ], [ 126.922128, 35.149164 ], [ 126.922152, 35.149182 ], [ 126.922178, 35.149198 ], [ 126.922206, 35.149211 ], [ 126.922235, 35.149223 ], [ 126.922265, 35.149232 ], [ 126.922297, 35.149238 ], [ 126.922328, 35.149242 ], [ 126.922361, 35.149243 ], [ 126.922393, 35.149242 ], [ 126.922425, 35.149238 ], [ 126.922456, 35.149232 ], [ 126.922487, 35.149223 ], [ 126.922516, 35.149212 ], [ 126.922544, 35.149198 ], [ 126.92257, 35.149182 ], [ 126.922594, 35.149164 ], [ 126.922615, 35.149145 ], [ 126.922635, 35.149123 ], [ 126.922651, 35.149101 ], [ 126.922665, 35.149077 ], [ 126.922676, 35.149052 ], [ 126.922684, 35.149026 ], [ 126.922689, 35.149 ], [ 126.92269, 35.148973 ] ] ] } },
{ "type": "Feature", "properties": { "카메라대수": 4 }, "geometry": { "type": "Polygon", "coordinates": [ [ [ 126.92274, 35.152972 ], [ 126.922739, 35.152946 ], [ 126.922734, 35.152919 ], [ 126.922726, 35.152894 ], [ 126.922715, 35.152869 ], [ 126.922701, 35.152845 ], [ 126.922685, 35.152822 ], [ 126.922666, 35.152801 ], [ 126.922644, 35.152781 ], [ 126.92262, 35.152763 ], [ 126.922594, 35.152747 ], [ 126.922566, 35.152734 ], [ 126.922537, 35.152722 ], [ 126.922507, 35.152713 ], [ 126.922475, 35.152707 ], [ 126.922444, 35.152703 ], [ 126.922411, 35.152702 ], [ 126.922379, 35.152703 ], [ 126.922347, 35.152707 ], [ 126.922316, 35.152713 ], [ 126.922285, 35.152722 ], [ 126.922256, 35.152733 ], [ 126.922228, 35.152747 ], [ 126.922202, 35.152763 ], [ 126.922178, 35.152781 ], [ 126.922157, 35.1528 ], [ 126.922137, 35.152822 ], [ 126.922121, 35.152844 ], [ 126.922107, 35.152868 ], [ 126.922096, 35.152893 ], [ 126.922088, 35.152919 ], [ 126.922083, 35.152945 ], [ 126.922082, 35.152972 ], [ 126.922083, 35.152998 ], [ 126.922088, 35.153025 ], [ 126.922096, 35.15305 ], [ 126.922107, 35.153075 ], [ 126.922121, 35.153099 ], [ 126.922137, 35.153122 ], [ 126.922156, 35.153143 ], [ 126.922178, 35.153163 ], [ 126.922202, 35.153181 ], [ 126.922228, 35.153197 ], [ 126.922256, 35.15321 ], [ 126.922285, 35.153222 ], [ 126.922315, 35.153231 ], [ 126.922347, 35.153237 ], [ 126.922378, 35.153241 ], [ 126.922411, 35.153242 ], [ 126.922443, 35.153241 ], [ 126.922475, 35.153237 ], [ 126.922506, 35.153231 ], [ 126.922537, 35.153222 ], [ 126.922566, 35.153211 ], [ 126.922594, 35.153197 ], [ 126.92262, 35.153181 ], [ 126.922644, 35.153163 ], [ 126.922665, 35.153144 ], [ 126.922685, 35.153122 ], [ 126.922701, 35.1531 ], [ 126.922715, 35.153076 ], [ 126.922726, 35.153051 ], [ 126.922734, 35.153025 ], [ 126.922739, 35.152999 ], [ 126.92274, 35.152972 ] ] ] } },
{ "type": "Feature", "properties": { "카메라대수": 3 }, "geometry": { "type": "Polygon", "coordinates": [ [ [ 126.923058, 35.154942 ], [ 126.923057, 35.154916 ], [ 126.923052, 35.154889 ], [ 126.923044, 35.154864 ], [ 126.923033, 35.154839 ], [ 126.923019, 35.154815 ], [ 126.923003, 35.154792 ], [ 126.922984, 35.154771 ], [ 126.922962, 35.154751 ], [ 126.922938, 35.154733 ], [ 126.922912, 35.154717 ], [ 126.922884, 35.154704 ], [ 126.922855, 35.154692 ], [ 126.922825, 35.154683 ], [ 126.922793, 35.154677 ], [ 126.922762, 35.154673 ], [ 126.922729, 35.154672 ], [ 126.922697, 35.154673 ], [ 126.922665, 35.154677 ], [ 126.922634, 35.154683 ], [ 126.922603, 35.154692 ], [ 126.922574, 35.154703 ], [ 126.922546, 35.154717 ], [ 126.92252, 35.154733 ], [ 126.922496, 35.154751 ], [ 126.922475, 35.15477 ], [ 126.922455, 35.154792 ], [ 126.922439, 35.154814 ], [ 126.922425, 35.154838 ], [ 126.922414, 35.154863 ], [ 126.922406, 35.154889 ], [ 126.922401, 35.154915 ], [ 126.9224, 35.154942 ], [ 126.922401, 35.154968 ], [ 126.922406, 35.154995 ], [ 126.922414, 35.15502 ], [ 126.922425, 35.155045 ], [ 126.922439, 35.155069 ], [ 126.922455, 35.155092 ], [ 126.922474, 35.155113 ], [ 126.922496, 35.155133 ], [ 126.92252, 35.155151 ], [ 126.922546, 35.155167 ], [ 126.922574, 35.15518 ], [ 126.922603, 35.155192 ], [ 126.922633, 35.155201 ], [ 126.922665, 35.155207 ], [ 126.922696, 35.155211 ], [ 126.922729, 35.155212 ], [ 126.922761, 35.155211 ], [ 126.922793, 35.155207 ], [ 126.922824, 35.155201 ], [ 126.922855, 35.155192 ], [ 126.922884, 35.155181 ], [ 126.922912, 35.155167 ], [ 126.922938, 35.155151 ], [ 126.922962, 35.155133 ], [ 126.922983, 35.155114 ], [ 126.923003, 35.155092 ], [ 126.923019, 35.15507 ], [ 126.923033, 35.155046 ], [ 126.923044, 35.155021 ], [ 126.923052, 35.154995 ], [ 126.923057, 35.154969 ], [ 126.923058, 35.154942 ] ] ] } },
{ "type": "Feature", "properties": { "카메라대수": 4 }, "geometry": { "type": "Polygon", "coordinates": [ [ [ 126.923384, 35.152029 ], [ 126.923383, 35.152003 ], [ 126.923378, 35.151976 ], [ 126.92337, 35.151951 ], [ 126.923359, 35.151926 ], [ 126.923345, 35.151902 ], [ 126.923329, 35.151879 ], [ 126.92331, 35.151858 ], [ 126.923288, 35.151838 ], [ 126.923264, 35.15182 ], [ 126.923238, 35.151804 ], [ 126.92321, 35.151791 ], [ 126.923181, 35.151779 ], [ 126.923151, 35.15177 ], [ 126.923119, 35.151764 ], [ 126.923088, 35.15176 ], [ 126.923055, 35.151759 ], [ 126.923023, 35.15176 ], [ 126.922991, 35.151764 ], [ 126.92296, 35.15177 ], [ 126.922929, 35.151779 ], [ 126.9229, 35.15179 ], [ 126.922872, 35.151804 ], [ 126.922846, 35.15182 ], [ 126.922822, 35.151838 ], [ 126.922801, 35.151857 ], [ 126.922781, 35.151879 ], [ 126.922765, 35.151901 ], [ 126.922751, 35.151925 ], [ 126.92274, 35.15195 ], [ 126.922732, 35.151976 ], [ 126.922727, 35.152002 ], [ 126.922726, 35.152029 ], [ 126.922727, 35.152055 ], [ 126.922732, 35.152082 ], [ 126.92274, 35.152107 ], [ 126.922751, 35.152132 ], [ 126.922765, 35.152156 ], [ 126.922781, 35.152179 ], [ 126.9228, 35.1522 ], [ 126.922822, 35.15222 ], [ 126.922846, 35.152238 ], [ 126.922872, 35.152254 ], [ 126.9229, 35.152267 ], [ 126.922929, 35.152279 ], [ 126.922959, 35.152288 ], [ 126.922991, 35.152294 ], [ 126.923022, 35.152298 ], [ 126.923055, 35.152299 ], [ 126.923087, 35.152298 ], [ 126.923119, 35.152294 ], [ 126.92315, 35.152288 ], [ 126.923181, 35.152279 ], [ 126.92321, 35.152268 ], [ 126.923238, 35.152254 ], [ 126.923264, 35.152238 ], [ 126.923288, 35.15222 ], [ 126.923309, 35.152201 ], [ 126.923329, 35.152179 ], [ 126.923345, 35.152157 ], [ 126.923359, 35.152133 ], [ 126.92337, 35.152108 ], [ 126.923378, 35.152082 ], [ 126.923383, 35.152056 ], [ 126.923384, 35.152029 ] ] ] } },
{ "type": "Feature", "properties": { "카메라대수": 4 }, "geometry": { "type": "Polygon", "coordinates": [ [ [ 126.923429, 35.150238 ], [ 126.923428, 35.150212 ], [ 126.923423, 35.150185 ], [ 126.923415, 35.15016 ], [ 126.923404, 35.150135 ], [ 126.92339, 35.150111 ], [ 126.923374, 35.150088 ], [ 126.923355, 35.150067 ], [ 126.923333, 35.150047 ], [ 126.923309, 35.150029 ], [ 126.923283, 35.150013 ], [ 126.923255, 35.15 ], [ 126.923226, 35.149988 ], [ 126.923196, 35.149979 ], [ 126.923164, 35.149973 ], [ 126.923133, 35.149969 ], [ 126.9231, 35.149968 ], [ 126.923068, 35.149969 ], [ 126.923036, 35.149973 ], [ 126.923005, 35.149979 ], [ 126.922974, 35.149988 ], [ 126.922945, 35.149999 ], [ 126.922917, 35.150013 ], [ 126.922891, 35.150029 ], [ 126.922867, 35.150047 ], [ 126.922846, 35.150066 ], [ 126.922826, 35.150088 ], [ 126.92281, 35.15011 ], [ 126.922796, 35.150134 ], [ 126.922785, 35.150159 ], [ 126.922777, 35.150185 ], [ 126.922772, 35.150211 ], [ 126.922771, 35.150238 ], [ 126.922772, 35.150264 ], [ 126.922777, 35.150291 ], [ 126.922785, 35.150316 ], [ 126.922796, 35.150341 ], [ 126.92281, 35.150365 ], [ 126.922826, 35.150388 ], [ 126.922845, 35.150409 ], [ 126.922867, 35.150429 ], [ 126.922891, 35.150447 ], [ 126.922917, 35.150463 ], [ 126.922945, 35.150476 ], [ 126.922974, 35.150488 ], [ 126.923004, 35.150497 ], [ 126.923036, 35.150503 ], [ 126.923067, 35.150507 ], [ 126.9231, 35.150508 ], [ 126.923132, 35.150507 ], [ 126.923164, 35.150503 ], [ 126.923195, 35.150497 ], [ 126.923226, 35.150488 ], [ 126.923255, 35.150477 ], [ 126.923283, 35.150463 ], [ 126.923309, 35.150447 ], [ 126.923333, 35.150429 ], [ 126.923354, 35.15041 ], [ 126.923374, 35.150388 ], [ 126.92339, 35.150366 ], [ 126.923404, 35.150342 ], [ 126.923415, 35.150317 ], [ 126.923423, 35.150291 ], [ 126.923428, 35.150265 ], [ 126.923429, 35.150238 ] ] ] } },
{ "type": "Feature", "properties": { "카메라대수": 2 }, "geometry": { "type": "Polygon", "coordinates": [ [ [ 126.923496, 35.154907 ], [ 126.923495, 35.154881 ], [ 126.92349, 35.154854 ], [ 126.923482, 35.154829 ], [ 126.923471, 35.154804 ], [ 126.923457, 35.15478 ], [ 126.923441, 35.154757 ], [ 126.923422, 35.154736 ], [ 126.9234, 35.154716 ], [ 126.923376, 35.154698 ], [ 126.92335, 35.154682 ], [ 126.923322, 35.154669 ], [ 126.923293, 35.154657 ], [ 126.923263, 35.154648 ], [ 126.923231, 35.154642 ], [ 126.9232, 35.154638 ], [ 126.923167, 35.154637 ], [ 126.923135, 35.154638 ], [ 126.923103, 35.154642 ], [ 126.923072, 35.154648 ], [ 126.923041, 35.154657 ], [ 126.923012, 35.154668 ], [ 126.922984, 35.154682 ], [ 126.922958, 35.154698 ], [ 126.922934, 35.154716 ], [ 126.922913, 35.154735 ], [ 126.922893, 35.154757 ], [ 126.922877, 35.154779 ], [ 126.922863, 35.154803 ], [ 126.922852, 35.154828 ], [ 126.922844, 35.154854 ], [ 126.922839, 35.15488 ], [ 126.922838, 35.154907 ], [ 126.922839, 35.154933 ], [ 126.922844, 35.15496 ], [ 126.922852, 35.154985 ], [ 126.922863, 35.15501 ], [ 126.922877, 35.155034 ], [ 126.922893, 35.155057 ], [ 126.922912, 35.155078 ], [ 126.922934, 35.155098 ], [ 126.922958, 35.155116 ], [ 126.922984, 35.155132 ], [ 126.923012, 35.155145 ], [ 126.923041, 35.155157 ], [ 126.923071, 35.155166 ], [ 126.923103, 35.155172 ], [ 126.923134, 35.155176 ], [ 126.923167, 35.155177 ], [ 126.923199, 35.155176 ], [ 126.923231, 35.155172 ], [ 126.923262, 35.155166 ], [ 126.923293, 35.155157 ], [ 126.923322, 35.155146 ], [ 126.92335, 35.155132 ], [ 126.923376, 35.155116 ], [ 126.9234, 35.155098 ], [ 126.923421, 35.155079 ], [ 126.923441, 35.155057 ], [ 126.923457, 35.155035 ], [ 126.923471, 35.155011 ], [ 126.923482, 35.154986 ], [ 126.92349, 35.15496 ], [ 126.923495, 35.154934 ], [ 126.923496, 35.154907 ] ] ] } },
{ "type": "Feature", "properties": { "카메라대수": 3 }, "geometry": { "type": "Polygon", "coordinates": [ [ [ 126.923522, 35.15321 ], [ 126.923521, 35.153184 ], [ 126.923516, 35.153157 ], [ 126.923508, 35.153132 ], [ 126.923497, 35.153107 ], [ 126.923483, 35.153083 ], [ 126.923467, 35.15306 ], [ 126.923448, 35.153039 ], [ 126.923426, 35.153019 ], [ 126.923402, 35.153001 ], [ 126.923376, 35.152985 ], [ 126.923348, 35.152972 ], [ 126.923319, 35.15296 ], [ 126.923289, 35.152951 ], [ 126.923257, 35.152945 ], [ 126.923226, 35.152941 ], [ 126.923193, 35.15294 ], [ 126.923161, 35.152941 ], [ 126.923129, 35.152945 ], [ 126.923098, 35.152951 ], [ 126.923067, 35.15296 ], [ 126.923038, 35.152971 ], [ 126.92301, 35.152985 ], [ 126.922984, 35.153001 ], [ 126.92296, 35.153019 ], [ 126.922939, 35.153038 ], [ 126.922919, 35.15306 ], [ 126.922903, 35.153082 ], [ 126.922889, 35.153106 ], [ 126.922878, 35.153131 ], [ 126.92287, 35.153157 ], [ 126.922865, 35.153183 ], [ 126.922864, 35.15321 ], [ 126.922865, 35.153236 ], [ 126.92287, 35.153263 ], [ 126.922878, 35.153288 ], [ 126.922889, 35.153313 ], [ 126.922903, 35.153337 ], [ 126.922919, 35.15336 ], [ 126.922938, 35.153381 ], [ 126.92296, 35.153401 ], [ 126.922984, 35.153419 ], [ 126.92301, 35.153435 ], [ 126.923038, 35.153448 ], [ 126.923067, 35.15346 ], [ 126.923097, 35.153469 ], [ 126.923129, 35.153475 ], [ 126.92316, 35.153479 ], [ 126.923193, 35.15348 ], [ 126.923225, 35.153479 ], [ 126.923257, 35.153475 ], [ 126.923288, 35.153469 ], [ 126.923319, 35.15346 ], [ 126.923348, 35.153449 ], [ 126.923376, 35.153435 ], [ 126.923402, 35.153419 ], [ 126.923426, 35.153401 ], [ 126.923447, 35.153382 ], [ 126.923467, 35.15336 ], [ 126.923483, 35.153338 ], [ 126.923497, 35.153314 ], [ 126.923508, 35.153289 ], [ 126.923516, 35.153263 ], [ 126.923521, 35.153237 ], [ 126.923522, 35.15321 ] ] ] } },
{ "type": "Feature", "properties": { "카메라대수": 3 }, "geometry": { "type": "Polygon", "coordinates": [ [ [ 126.923613, 35.15393 ], [ 126.923612, 35.153904 ], [ 126.923607, 35.153877 ], [ 126.923599, 35.153852 ], [ 126.923588, 35.153827 ], [ 126.923574, 35.153803 ], [ 126.923558, 35.15378 ], [ 126.923539, 35.153759 ], [ 126.923517, 35.153739 ], [ 126.923493, 35.153721 ], [ 126.923467, 35.153705 ], [ 126.923439, 35.153692 ], [ 126.92341, 35.15368 ], [ 126.92338, 35.153671 ], [ 126.923348, 35.153665 ], [ 126.923317, 35.153661 ], [ 126.923284, 35.15366 ], [ 126.923252, 35.153661 ], [ 126.92322, 35.153665 ], [ 126.923189, 35.153671 ], [ 126.923158, 35.15368 ], [ 126.923129, 35.153691 ], [ 126.923101, 35.153705 ], [ 126.923075, 35.153721 ], [ 126.923051, 35.153739 ], [ 126.92303, 35.153758 ], [ 126.92301, 35.15378 ], [ 126.922994, 35.153802 ], [ 126.92298, 35.153826 ], [ 126.922969, 35.153851 ], [ 126.922961, 35.153877 ], [ 126.922956, 35.153903 ], [ 126.922955, 35.15393 ], [ 126.922956, 35.153956 ], [ 126.922961, 35.153983 ], [ 126.922969, 35.154008 ], [ 126.92298, 35.154033 ], [ 126.922994, 35.154057 ], [ 126.92301, 35.15408 ], [ 126.923029, 35.154101 ], [ 126.923051, 35.154121 ], [ 126.923075, 35.154139 ], [ 126.923101, 35.154155 ], [ 126.923129, 35.154168 ], [ 126.923158, 35.15418 ], [ 126.923188, 35.154189 ], [ 126.92322, 35.154195 ], [ 126.923251, 35.154199 ], [ 126.923284, 35.1542 ], [ 126.923316, 35.154199 ], [ 126.923348, 35.154195 ], [ 126.923379, 35.154189 ], [ 126.92341, 35.15418 ], [ 126.923439, 35.154169 ], [ 126.923467, 35.154155 ], [ 126.923493, 35.154139 ], [ 126.923517, 35.154121 ], [ 126.923538, 35.154102 ], [ 126.923558, 35.15408 ], [ 126.923574, 35.154058 ], [ 126.923588, 35.154034 ], [ 126.923599, 35.154009 ], [ 126.923607, 35.153983 ], [ 126.923612, 35.153957 ], [ 126.923613, 35.15393 ] ] ] } },
{ "type": "Feature", "properties": { "카메라대수": 4 }, "geometry": { "type": "Polygon", "coordinates": [ [ [ 126.923644, 35.148829 ], [ 126.923643, 35.148803 ], [ 126.923638, 35.148776 ], [ 126.92363, 35.148751 ], [ 126.923619, 35.148726 ], [ 126.923605, 35.148702 ], [ 126.923589, 35.148679 ], [ 126.92357, 35.148658 ], [ 126.923548, 35.148638 ], [ 126.923524, 35.14862 ], [ 126.923498, 35.148604 ], [ 126.92347, 35.148591 ], [ 126.923441, 35.148579 ], [ 126.923411, 35.14857 ], [ 126.923379, 35.148564 ], [ 126.923348, 35.14856 ], [ 126.923315, 35.148559 ], [ 126.923283, 35.14856 ], [ 126.923251, 35.148564 ], [ 126.92322, 35.14857 ], [ 126.923189, 35.148579 ], [ 126.92316, 35.14859 ], [ 126.923132, 35.148604 ], [ 126.923106, 35.14862 ], [ 126.923082, 35.148638 ], [ 126.923061, 35.148657 ], [ 126.923041, 35.148679 ], [ 126.923025, 35.148701 ], [ 126.923011, 35.148725 ], [ 126.923, 35.14875 ], [ 126.922992, 35.148776 ], [ 126.922987, 35.148802 ], [ 126.922986, 35.148829 ], [ 126.922987, 35.148855 ], [ 126.922992, 35.148882 ], [ 126.923, 35.148907 ], [ 126.923011, 35.148932 ], [ 126.923025, 35.148956 ], [ 126.923041, 35.148979 ], [ 126.92306, 35.149 ], [ 126.923082, 35.14902 ], [ 126.923106, 35.149038 ], [ 126.923132, 35.149054 ], [ 126.92316, 35.149067 ], [ 126.923189, 35.149079 ], [ 126.923219, 35.149088 ], [ 126.923251, 35.149094 ], [ 126.923282, 35.149098 ], [ 126.923315, 35.149099 ], [ 126.923347, 35.149098 ], [ 126.923379, 35.149094 ], [ 126.92341, 35.149088 ], [ 126.923441, 35.149079 ], [ 126.92347, 35.149068 ], [ 126.923498, 35.149054 ], [ 126.923524, 35.149038 ], [ 126.923548, 35.14902 ], [ 126.923569, 35.149001 ], [ 126.923589, 35.148979 ], [ 126.923605, 35.148957 ], [ 126.923619, 35.148933 ], [ 126.92363, 35.148908 ], [ 126.923638, 35.148882 ], [ 126.923643, 35.148856 ], [ 126.923644, 35.148829 ] ] ] } },
{ "type": "Feature", "properties": { "카메라대수": 3 }, "geometry": { "type": "Polygon", "coordinates": [ [ [ 126.923754, 35.150842 ], [ 126.923753, 35.150816 ], [ 126.923748, 35.150789 ], [ 126.92374, 35.150764 ], [ 126.923729, 35.150739 ], [ 126.923715, 35.150715 ], [ 126.923699, 35.150692 ], [ 126.92368, 35.150671 ], [ 126.923658, 35.150651 ], [ 126.923634, 35.150633 ], [ 126.923608, 35.150617 ], [ 126.92358, 35.150604 ], [ 126.923551, 35.150592 ], [ 126.923521, 35.150583 ], [ 126.923489, 35.150577 ], [ 126.923458, 35.150573 ], [ 126.923425, 35.150572 ], [ 126.923393, 35.150573 ], [ 126.923361, 35.150577 ], [ 126.92333, 35.150583 ], [ 126.923299, 35.150592 ], [ 126.92327, 35.150603 ], [ 126.923242, 35.150617 ], [ 126.923216, 35.150633 ], [ 126.923192, 35.150651 ], [ 126.923171, 35.15067 ], [ 126.923151, 35.150692 ], [ 126.923135, 35.150714 ], [ 126.923121, 35.150738 ], [ 126.92311, 35.150763 ], [ 126.923102, 35.150789 ], [ 126.923097, 35.150815 ], [ 126.923096, 35.150842 ], [ 126.923097, 35.150868 ], [ 126.923102, 35.150895 ], [ 126.92311, 35.15092 ], [ 126.923121, 35.150945 ], [ 126.923135, 35.150969 ], [ 126.923151, 35.150992 ], [ 126.92317, 35.151013 ], [ 126.923192, 35.151033 ], [ 126.923216, 35.151051 ], [ 126.923242, 35.151067 ], [ 126.92327, 35.15108 ], [ 126.923299, 35.151092 ], [ 126.923329, 35.151101 ], [ 126.923361, 35.151107 ], [ 126.923392, 35.151111 ], [ 126.923425, 35.151112 ], [ 126.923457, 35.151111 ], [ 126.923489, 35.151107 ], [ 126.92352, 35.151101 ], [ 126.923551, 35.151092 ], [ 126.92358, 35.151081 ], [ 126.923608, 35.151067 ], [ 126.923634, 35.151051 ], [ 126.923658, 35.151033 ], [ 126.923679, 35.151014 ], [ 126.923699, 35.150992 ], [ 126.923715, 35.15097 ], [ 126.923729, 35.150946 ], [ 126.92374, 35.150921 ], [ 126.923748, 35.150895 ], [ 126.923753, 35.150869 ], [ 126.923754, 35.150842 ] ] ] } },
{ "type": "Feature", "properties": { "카메라대수": 3 }, "geometry": { "type": "Polygon", "coordinates": [ [ [ 126.924176, 35.15465 ], [ 126.924175, 35.154624 ], [ 126.92417, 35.154597 ], [ 126.924162, 35.154572 ], [ 126.924151, 35.154547 ], [ 126.924137, 35.154523 ], [ 126.924121, 35.1545 ], [ 126.924102, 35.154479 ], [ 126.92408, 35.154459 ], [ 126.924056, 35.154441 ], [ 126.92403, 35.154425 ], [ 126.924002, 35.154412 ], [ 126.923973, 35.1544 ], [ 126.923943, 35.154391 ], [ 126.923911, 35.154385 ], [ 126.92388, 35.154381 ], [ 126.923847, 35.15438 ], [ 126.923815, 35.154381 ], [ 126.923783, 35.154385 ], [ 126.923752, 35.154391 ], [ 126.923721, 35.1544 ], [ 126.923692, 35.154411 ], [ 126.923664, 35.154425 ], [ 126.923638, 35.154441 ], [ 126.923614, 35.154459 ], [ 126.923593, 35.154478 ], [ 126.923573, 35.1545 ], [ 126.923557, 35.154522 ], [ 126.923543, 35.154546 ], [ 126.923532, 35.154571 ], [ 126.923524, 35.154597 ], [ 126.923519, 35.154623 ], [ 126.923518, 35.15465 ], [ 126.923519, 35.154676 ], [ 126.923524, 35.154703 ], [ 126.923532, 35.154728 ], [ 126.923543, 35.154753 ], [ 126.923557, 35.154777 ], [ 126.923573, 35.1548 ], [ 126.923592, 35.154821 ], [ 126.923614, 35.154841 ], [ 126.923638, 35.154859 ], [ 126.923664, 35.154875 ], [ 126.923692, 35.154888 ], [ 126.923721, 35.1549 ], [ 126.923751, 35.154909 ], [ 126.923783, 35.154915 ], [ 126.923814, 35.154919 ], [ 126.923847, 35.15492 ], [ 126.923879, 35.154919 ], [ 126.923911, 35.154915 ], [ 126.923942, 35.154909 ], [ 126.923973, 35.1549 ], [ 126.924002, 35.154889 ], [ 126.92403, 35.154875 ], [ 126.924056, 35.154859 ], [ 126.92408, 35.154841 ], [ 126.924101, 35.154822 ], [ 126.924121, 35.1548 ], [ 126.924137, 35.154778 ], [ 126.924151, 35.154754 ], [ 126.924162, 35.154729 ], [ 126.92417, 35.154703 ], [ 126.924175, 35.154677 ], [ 126.924176, 35.15465 ] ] ] } },
{ "type": "Feature", "properties": { "카메라대수": 4 }, "geometry": { "type": "Polygon", "coordinates": [ [ [ 126.924432, 35.152539 ], [ 126.924431, 35.152513 ], [ 126.924426, 35.152486 ], [ 126.924418, 35.152461 ], [ 126.924407, 35.152436 ], [ 126.924393, 35.152412 ], [ 126.924377, 35.152389 ], [ 126.924358, 35.152368 ], [ 126.924336, 35.152348 ], [ 126.924312, 35.15233 ], [ 126.924286, 35.152314 ], [ 126.924258, 35.152301 ], [ 126.924229, 35.152289 ], [ 126.924199, 35.15228 ], [ 126.924167, 35.152274 ], [ 126.924136, 35.15227 ], [ 126.924103, 35.152269 ], [ 126.924071, 35.15227 ], [ 126.924039, 35.152274 ], [ 126.924008, 35.15228 ], [ 126.923977, 35.152289 ], [ 126.923948, 35.1523 ], [ 126.92392, 35.152314 ], [ 126.923894, 35.15233 ], [ 126.92387, 35.152348 ], [ 126.923849, 35.152367 ], [ 126.923829, 35.152389 ], [ 126.923813, 35.152411 ], [ 126.923799, 35.152435 ], [ 126.923788, 35.15246 ], [ 126.92378, 35.152486 ], [ 126.923775, 35.152512 ], [ 126.923774, 35.152539 ], [ 126.923775, 35.152565 ], [ 126.92378, 35.152592 ], [ 126.923788, 35.152617 ], [ 126.923799, 35.152642 ], [ 126.923813, 35.152666 ], [ 126.923829, 35.152689 ], [ 126.923848, 35.15271 ], [ 126.92387, 35.15273 ], [ 126.923894, 35.152748 ], [ 126.92392, 35.152764 ], [ 126.923948, 35.152777 ], [ 126.923977, 35.152789 ], [ 126.924007, 35.152798 ], [ 126.924039, 35.152804 ], [ 126.92407, 35.152808 ], [ 126.924103, 35.152809 ], [ 126.924135, 35.152808 ], [ 126.924167, 35.152804 ], [ 126.924198, 35.152798 ], [ 126.924229, 35.152789 ], [ 126.924258, 35.152778 ], [ 126.924286, 35.152764 ], [ 126.924312, 35.152748 ], [ 126.924336, 35.15273 ], [ 126.924357, 35.152711 ], [ 126.924377, 35.152689 ], [ 126.924393, 35.152667 ], [ 126.924407, 35.152643 ], [ 126.924418, 35.152618 ], [ 126.924426, 35.152592 ], [ 126.924431, 35.152566 ], [ 126.924432, 35.152539 ] ] ] } },
{ "type": "Feature", "properties": { "카메라대수": 2 }, "geometry": { "type": "Polygon", "coordinates": [ [ [ 126.924623, 35.154535 ], [ 126.924622, 35.154509 ], [ 126.924617, 35.154482 ], [ 126.924609, 35.154457 ], [ 126.924598, 35.154432 ], [ 126.924584, 35.154408 ], [ 126.924568, 35.154385 ], [ 126.924549, 35.154364 ], [ 126.924527, 35.154344 ], [ 126.924503, 35.154326 ], [ 126.924477, 35.15431 ], [ 126.924449, 35.154297 ], [ 126.92442, 35.154285 ], [ 126.92439, 35.154276 ], [ 126.924358, 35.15427 ], [ 126.924327, 35.154266 ], [ 126.924294, 35.154265 ], [ 126.924262, 35.154266 ], [ 126.92423, 35.15427 ], [ 126.924199, 35.154276 ], [ 126.924168, 35.154285 ], [ 126.924139, 35.154296 ], [ 126.924111, 35.15431 ], [ 126.924085, 35.154326 ], [ 126.924061, 35.154344 ], [ 126.92404, 35.154363 ], [ 126.92402, 35.154385 ], [ 126.924004, 35.154407 ], [ 126.92399, 35.154431 ], [ 126.923979, 35.154456 ], [ 126.923971, 35.154482 ], [ 126.923966, 35.154508 ], [ 126.923965, 35.154535 ], [ 126.923966, 35.154561 ], [ 126.923971, 35.154588 ], [ 126.923979, 35.154613 ], [ 126.92399, 35.154638 ], [ 126.924004, 35.154662 ], [ 126.92402, 35.154685 ], [ 126.924039, 35.154706 ], [ 126.924061, 35.154726 ], [ 126.924085, 35.154744 ], [ 126.924111, 35.15476 ], [ 126.924139, 35.154773 ], [ 126.924168, 35.154785 ], [ 126.924198, 35.154794 ], [ 126.92423, 35.1548 ], [ 126.924261, 35.154804 ], [ 126.924294, 35.154805 ], [ 126.924326, 35.154804 ], [ 126.924358, 35.1548 ], [ 126.924389, 35.154794 ], [ 126.92442, 35.154785 ], [ 126.924449, 35.154774 ], [ 126.924477, 35.15476 ], [ 126.924503, 35.154744 ], [ 126.924527, 35.154726 ], [ 126.924548, 35.154707 ], [ 126.924568, 35.154685 ], [ 126.924584, 35.154663 ], [ 126.924598, 35.154639 ], [ 126.924609, 35.154614 ], [ 126.924617, 35.154588 ], [ 126.924622, 35.154562 ], [ 126.924623, 35.154535 ] ] ] } },
{ "type": "Feature", "properties": { "카메라대수": 4 }, "geometry": { "type": "Polygon", "coordinates": [ [ [ 126.924979, 35.15061 ], [ 126.924978, 35.150584 ], [ 126.924973, 35.150557 ], [ 126.924965, 35.150532 ], [ 126.924954, 35.150507 ], [ 126.92494, 35.150483 ], [ 126.924924, 35.15046 ], [ 126.924905, 35.150439 ], [ 126.924883, 35.150419 ], [ 126.924859, 35.150401 ], [ 126.924833, 35.150385 ], [ 126.924805, 35.150372 ], [ 126.924776, 35.15036 ], [ 126.924746, 35.150351 ], [ 126.924714, 35.150345 ], [ 126.924683, 35.150341 ], [ 126.92465, 35.15034 ], [ 126.924618, 35.150341 ], [ 126.924586, 35.150345 ], [ 126.924555, 35.150351 ], [ 126.924524, 35.15036 ], [ 126.924495, 35.150371 ], [ 126.924467, 35.150385 ], [ 126.924441, 35.150401 ], [ 126.924417, 35.150419 ], [ 126.924396, 35.150438 ], [ 126.924376, 35.15046 ], [ 126.92436, 35.150482 ], [ 126.924346, 35.150506 ], [ 126.924335, 35.150531 ], [ 126.924327, 35.150557 ], [ 126.924322, 35.150583 ], [ 126.924321, 35.15061 ], [ 126.924322, 35.150636 ], [ 126.924327, 35.150663 ], [ 126.924335, 35.150688 ], [ 126.924346, 35.150713 ], [ 126.92436, 35.150737 ], [ 126.924376, 35.15076 ], [ 126.924395, 35.150781 ], [ 126.924417, 35.150801 ], [ 126.924441, 35.150819 ], [ 126.924467, 35.150835 ], [ 126.924495, 35.150848 ], [ 126.924524, 35.15086 ], [ 126.924554, 35.150869 ], [ 126.924586, 35.150875 ], [ 126.924617, 35.150879 ], [ 126.92465, 35.15088 ], [ 126.924682, 35.150879 ], [ 126.924714, 35.150875 ], [ 126.924745, 35.150869 ], [ 126.924776, 35.15086 ], [ 126.924805, 35.150849 ], [ 126.924833, 35.150835 ], [ 126.924859, 35.150819 ], [ 126.924883, 35.150801 ], [ 126.924904, 35.150782 ], [ 126.924924, 35.15076 ], [ 126.92494, 35.150738 ], [ 126.924954, 35.150714 ], [ 126.924965, 35.150689 ], [ 126.924973, 35.150663 ], [ 126.924978, 35.150637 ], [ 126.924979, 35.15061 ] ] ] } },
{ "type": "Feature", "properties": { "카메라대수": 3 }, "geometry": { "type": "Polygon", "coordinates": [ [ [ 126.925386, 35.148828 ], [ 126.925385, 35.148802 ], [ 126.92538, 35.148775 ], [ 126.925372, 35.14875 ], [ 126.925361, 35.148725 ], [ 126.925347, 35.148701 ], [ 126.925331, 35.148678 ], [ 126.925312, 35.148657 ], [ 126.92529, 35.148637 ], [ 126.925266, 35.148619 ], [ 126.92524, 35.148603 ], [ 126.925212, 35.14859 ], [ 126.925183, 35.148578 ], [ 126.925153, 35.148569 ], [ 126.925121, 35.148563 ], [ 126.92509, 35.148559 ], [ 126.925057, 35.148558 ], [ 126.925025, 35.148559 ], [ 126.924993, 35.148563 ], [ 126.924962, 35.148569 ], [ 126.924931, 35.148578 ], [ 126.924902, 35.148589 ], [ 126.924874, 35.148603 ], [ 126.924848, 35.148619 ], [ 126.924824, 35.148637 ], [ 126.924803, 35.148656 ], [ 126.924783, 35.148678 ], [ 126.924767, 35.1487 ], [ 126.924753, 35.148724 ], [ 126.924742, 35.148749 ], [ 126.924734, 35.148775 ], [ 126.924729, 35.148801 ], [ 126.924728, 35.148828 ], [ 126.924729, 35.148854 ], [ 126.924734, 35.148881 ], [ 126.924742, 35.148906 ], [ 126.924753, 35.148931 ], [ 126.924767, 35.148955 ], [ 126.924783, 35.148978 ], [ 126.924802, 35.148999 ], [ 126.924824, 35.149019 ], [ 126.924848, 35.149037 ], [ 126.924874, 35.149053 ], [ 126.924902, 35.149066 ], [ 126.924931, 35.149078 ], [ 126.924961, 35.149087 ], [ 126.924993, 35.149093 ], [ 126.925024, 35.149097 ], [ 126.925057, 35.149098 ], [ 126.925089, 35.149097 ], [ 126.925121, 35.149093 ], [ 126.925152, 35.149087 ], [ 126.925183, 35.149078 ], [ 126.925212, 35.149067 ], [ 126.92524, 35.149053 ], [ 126.925266, 35.149037 ], [ 126.92529, 35.149019 ], [ 126.925311, 35.149 ], [ 126.925331, 35.148978 ], [ 126.925347, 35.148956 ], [ 126.925361, 35.148932 ], [ 126.925372, 35.148907 ], [ 126.92538, 35.148881 ], [ 126.925385, 35.148855 ], [ 126.925386, 35.148828 ] ] ] } },
{ "type": "Feature", "properties": { "카메라대수": 3 }, "geometry": { "type": "Polygon", "coordinates": [ [ [ 126.925873, 35.152983 ], [ 126.925872, 35.152957 ], [ 126.925867, 35.15293 ], [ 126.925859, 35.152905 ], [ 126.925848, 35.15288 ], [ 126.925834, 35.152856 ], [ 126.925818, 35.152833 ], [ 126.925799, 35.152812 ], [ 126.925777, 35.152792 ], [ 126.925753, 35.152774 ], [ 126.925727, 35.152758 ], [ 126.925699, 35.152745 ], [ 126.92567, 35.152733 ], [ 126.92564, 35.152724 ], [ 126.925608, 35.152718 ], [ 126.925577, 35.152714 ], [ 126.925544, 35.152713 ], [ 126.925512, 35.152714 ], [ 126.92548, 35.152718 ], [ 126.925449, 35.152724 ], [ 126.925418, 35.152733 ], [ 126.925389, 35.152744 ], [ 126.925361, 35.152758 ], [ 126.925335, 35.152774 ], [ 126.925311, 35.152792 ], [ 126.92529, 35.152811 ], [ 126.92527, 35.152833 ], [ 126.925254, 35.152855 ], [ 126.92524, 35.152879 ], [ 126.925229, 35.152904 ], [ 126.925221, 35.15293 ], [ 126.925216, 35.152956 ], [ 126.925215, 35.152983 ], [ 126.925216, 35.153009 ], [ 126.925221, 35.153036 ], [ 126.925229, 35.153061 ], [ 126.92524, 35.153086 ], [ 126.925254, 35.15311 ], [ 126.92527, 35.153133 ], [ 126.925289, 35.153154 ], [ 126.925311, 35.153174 ], [ 126.925335, 35.153192 ], [ 126.925361, 35.153208 ], [ 126.925389, 35.153221 ], [ 126.925418, 35.153233 ], [ 126.925448, 35.153242 ], [ 126.92548, 35.153248 ], [ 126.925511, 35.153252 ], [ 126.925544, 35.153253 ], [ 126.925576, 35.153252 ], [ 126.925608, 35.153248 ], [ 126.925639, 35.153242 ], [ 126.92567, 35.153233 ], [ 126.925699, 35.153222 ], [ 126.925727, 35.153208 ], [ 126.925753, 35.153192 ], [ 126.925777, 35.153174 ], [ 126.925798, 35.153155 ], [ 126.925818, 35.153133 ], [ 126.925834, 35.153111 ], [ 126.925848, 35.153087 ], [ 126.925859, 35.153062 ], [ 126.925867, 35.153036 ], [ 126.925872, 35.15301 ], [ 126.925873, 35.152983 ] ] ] } },
{ "type": "Feature", "properties": { "카메라대수": 3 }, "geometry": { "type": "Polygon", "coordinates": [ [ [ 126.926078, 35.152596 ], [ 126.926077, 35.15257 ], [ 126.926072, 35.152543 ], [ 126.926064, 35.152518 ], [ 126.926053, 35.152493 ], [ 126.926039, 35.152469 ], [ 126.926023, 35.152446 ], [ 126.926004, 35.152425 ], [ 126.925982, 35.152405 ], [ 126.925958, 35.152387 ], [ 126.925932, 35.152371 ], [ 126.925904, 35.152358 ], [ 126.925875, 35.152346 ], [ 126.925845, 35.152337 ], [ 126.925813, 35.152331 ], [ 126.925782, 35.152327 ], [ 126.925749, 35.152326 ], [ 126.925717, 35.152327 ], [ 126.925685, 35.152331 ], [ 126.925654, 35.152337 ], [ 126.925623, 35.152346 ], [ 126.925594, 35.152357 ], [ 126.925566, 35.152371 ], [ 126.92554, 35.152387 ], [ 126.925516, 35.152405 ], [ 126.925495, 35.152424 ], [ 126.925475, 35.152446 ], [ 126.925459, 35.152468 ], [ 126.925445, 35.152492 ], [ 126.925434, 35.152517 ], [ 126.925426, 35.152543 ], [ 126.925421, 35.152569 ], [ 126.92542, 35.152596 ], [ 126.925421, 35.152622 ], [ 126.925426, 35.152649 ], [ 126.925434, 35.152674 ], [ 126.925445, 35.152699 ], [ 126.925459, 35.152723 ], [ 126.925475, 35.152746 ], [ 126.925494, 35.152767 ], [ 126.925516, 35.152787 ], [ 126.92554, 35.152805 ], [ 126.925566, 35.152821 ], [ 126.925594, 35.152834 ], [ 126.925623, 35.152846 ], [ 126.925653, 35.152855 ], [ 126.925685, 35.152861 ], [ 126.925716, 35.152865 ], [ 126.925749, 35.152866 ], [ 126.925781, 35.152865 ], [ 126.925813, 35.152861 ], [ 126.925844, 35.152855 ], [ 126.925875, 35.152846 ], [ 126.925904, 35.152835 ], [ 126.925932, 35.152821 ], [ 126.925958, 35.152805 ], [ 126.925982, 35.152787 ], [ 126.926003, 35.152768 ], [ 126.926023, 35.152746 ], [ 126.926039, 35.152724 ], [ 126.926053, 35.1527 ], [ 126.926064, 35.152675 ], [ 126.926072, 35.152649 ], [ 126.926077, 35.152623 ], [ 126.926078, 35.152596 ] ] ] } },
{ "type": "Feature", "properties": { "카메라대수": 4 }, "geometry": { "type": "Polygon", "coordinates": [ [ [ 126.92668, 35.149821 ], [ 126.926679, 35.149795 ], [ 126.926674, 35.149768 ], [ 126.926666, 35.149743 ], [ 126.926655, 35.149718 ], [ 126.926641, 35.149694 ], [ 126.926625, 35.149671 ], [ 126.926606, 35.14965 ], [ 126.926584, 35.14963 ], [ 126.92656, 35.149612 ], [ 126.926534, 35.149596 ], [ 126.926506, 35.149583 ], [ 126.926477, 35.149571 ], [ 126.926447, 35.149562 ], [ 126.926415, 35.149556 ], [ 126.926384, 35.149552 ], [ 126.926351, 35.149551 ], [ 126.926319, 35.149552 ], [ 126.926287, 35.149556 ], [ 126.926256, 35.149562 ], [ 126.926225, 35.149571 ], [ 126.926196, 35.149582 ], [ 126.926168, 35.149596 ], [ 126.926142, 35.149612 ], [ 126.926118, 35.14963 ], [ 126.926097, 35.149649 ], [ 126.926077, 35.149671 ], [ 126.926061, 35.149693 ], [ 126.926047, 35.149717 ], [ 126.926036, 35.149742 ], [ 126.926028, 35.149768 ], [ 126.926023, 35.149794 ], [ 126.926022, 35.149821 ], [ 126.926023, 35.149847 ], [ 126.926028, 35.149874 ], [ 126.926036, 35.149899 ], [ 126.926047, 35.149924 ], [ 126.926061, 35.149948 ], [ 126.926077, 35.149971 ], [ 126.926096, 35.149992 ], [ 126.926118, 35.150012 ], [ 126.926142, 35.15003 ], [ 126.926168, 35.150046 ], [ 126.926196, 35.150059 ], [ 126.926225, 35.150071 ], [ 126.926255, 35.15008 ], [ 126.926287, 35.150086 ], [ 126.926318, 35.15009 ], [ 126.926351, 35.150091 ], [ 126.926383, 35.15009 ], [ 126.926415, 35.150086 ], [ 126.926446, 35.15008 ], [ 126.926477, 35.150071 ], [ 126.926506, 35.15006 ], [ 126.926534, 35.150046 ], [ 126.92656, 35.15003 ], [ 126.926584, 35.150012 ], [ 126.926605, 35.149993 ], [ 126.926625, 35.149971 ], [ 126.926641, 35.149949 ], [ 126.926655, 35.149925 ], [ 126.926666, 35.1499 ], [ 126.926674, 35.149874 ], [ 126.926679, 35.149848 ], [ 126.92668, 35.149821 ] ] ] } },
{ "type": "Feature", "properties": { "카메라대수": 3 }, "geometry": { "type": "Polygon", "coordinates": [ [ [ 126.92671, 35.153846 ], [ 126.926709, 35.15382 ], [ 126.926704, 35.153793 ], [ 126.926696, 35.153768 ], [ 126.926685, 35.153743 ], [ 126.926671, 35.153719 ], [ 126.926655, 35.153696 ], [ 126.926636, 35.153675 ], [ 126.926614, 35.153655 ], [ 126.92659, 35.153637 ], [ 126.926564, 35.153621 ], [ 126.926536, 35.153608 ], [ 126.926507, 35.153596 ], [ 126.926477, 35.153587 ], [ 126.926445, 35.153581 ], [ 126.926414, 35.153577 ], [ 126.926381, 35.153576 ], [ 126.926349, 35.153577 ], [ 126.926317, 35.153581 ], [ 126.926286, 35.153587 ], [ 126.926255, 35.153596 ], [ 126.926226, 35.153607 ], [ 126.926198, 35.153621 ], [ 126.926172, 35.153637 ], [ 126.926148, 35.153655 ], [ 126.926127, 35.153674 ], [ 126.926107, 35.153696 ], [ 126.926091, 35.153718 ], [ 126.926077, 35.153742 ], [ 126.926066, 35.153767 ], [ 126.926058, 35.153793 ], [ 126.926053, 35.153819 ], [ 126.926052, 35.153846 ], [ 126.926053, 35.153872 ], [ 126.926058, 35.153899 ], [ 126.926066, 35.153924 ], [ 126.926077, 35.153949 ], [ 126.926091, 35.153973 ], [ 126.926107, 35.153996 ], [ 126.926126, 35.154017 ], [ 126.926148, 35.154037 ], [ 126.926172, 35.154055 ], [ 126.926198, 35.154071 ], [ 126.926226, 35.154084 ], [ 126.926255, 35.154096 ], [ 126.926285, 35.154105 ], [ 126.926317, 35.154111 ], [ 126.926348, 35.154115 ], [ 126.926381, 35.154116 ], [ 126.926413, 35.154115 ], [ 126.926445, 35.154111 ], [ 126.926476, 35.154105 ], [ 126.926507, 35.154096 ], [ 126.926536, 35.154085 ], [ 126.926564, 35.154071 ], [ 126.92659, 35.154055 ], [ 126.926614, 35.154037 ], [ 126.926635, 35.154018 ], [ 126.926655, 35.153996 ], [ 126.926671, 35.153974 ], [ 126.926685, 35.15395 ], [ 126.926696, 35.153925 ], [ 126.926704, 35.153899 ], [ 126.926709, 35.153873 ], [ 126.92671, 35.153846 ] ] ] } },
{ "type": "Feature", "properties": { "카메라대수": 2 }, "geometry": { "type": "Polygon", "coordinates": [ [ [ 126.926757, 35.148349 ], [ 126.926756, 35.148323 ], [ 126.926751, 35.148296 ], [ 126.926743, 35.148271 ], [ 126.926732, 35.148246 ], [ 126.926718, 35.148222 ], [ 126.926702, 35.148199 ], [ 126.926683, 35.148178 ], [ 126.926661, 35.148158 ], [ 126.926637, 35.14814 ], [ 126.926611, 35.148124 ], [ 126.926583, 35.148111 ], [ 126.926554, 35.148099 ], [ 126.926524, 35.14809 ], [ 126.926492, 35.148084 ], [ 126.926461, 35.14808 ], [ 126.926428, 35.148079 ], [ 126.926396, 35.14808 ], [ 126.926364, 35.148084 ], [ 126.926333, 35.14809 ], [ 126.926302, 35.148099 ], [ 126.926273, 35.14811 ], [ 126.926245, 35.148124 ], [ 126.926219, 35.14814 ], [ 126.926195, 35.148158 ], [ 126.926174, 35.148177 ], [ 126.926154, 35.148199 ], [ 126.926138, 35.148221 ], [ 126.926124, 35.148245 ], [ 126.926113, 35.14827 ], [ 126.926105, 35.148296 ], [ 126.9261, 35.148322 ], [ 126.926099, 35.148349 ], [ 126.9261, 35.148375 ], [ 126.926105, 35.148402 ], [ 126.926113, 35.148427 ], [ 126.926124, 35.148452 ], [ 126.926138, 35.148476 ], [ 126.926154, 35.148499 ], [ 126.926173, 35.14852 ], [ 126.926195, 35.14854 ], [ 126.926219, 35.148558 ], [ 126.926245, 35.148574 ], [ 126.926273, 35.148587 ], [ 126.926302, 35.148599 ], [ 126.926332, 35.148608 ], [ 126.926364, 35.148614 ], [ 126.926395, 35.148618 ], [ 126.926428, 35.148619 ], [ 126.92646, 35.148618 ], [ 126.926492, 35.148614 ], [ 126.926523, 35.148608 ], [ 126.926554, 35.148599 ], [ 126.926583, 35.148588 ], [ 126.926611, 35.148574 ], [ 126.926637, 35.148558 ], [ 126.926661, 35.14854 ], [ 126.926682, 35.148521 ], [ 126.926702, 35.148499 ], [ 126.926718, 35.148477 ], [ 126.926732, 35.148453 ], [ 126.926743, 35.148428 ], [ 126.926751, 35.148402 ], [ 126.926756, 35.148376 ], [ 126.926757, 35.148349 ] ] ] } },
{ "type": "Feature", "properties": { "카메라대수": 3 }, "geometry": { "type": "Polygon", "coordinates": [ [ [ 126.926788, 35.14736 ], [ 126.926787, 35.147334 ], [ 126.926782, 35.147307 ], [ 126.926774, 35.147282 ], [ 126.926763, 35.147257 ], [ 126.926749, 35.147233 ], [ 126.926733, 35.14721 ], [ 126.926714, 35.147189 ], [ 126.926692, 35.147169 ], [ 126.926668, 35.147151 ], [ 126.926642, 35.147135 ], [ 126.926614, 35.147122 ], [ 126.926585, 35.14711 ], [ 126.926555, 35.147101 ], [ 126.926523, 35.147095 ], [ 126.926492, 35.147091 ], [ 126.926459, 35.14709 ], [ 126.926427, 35.147091 ], [ 126.926395, 35.147095 ], [ 126.926364, 35.147101 ], [ 126.926333, 35.14711 ], [ 126.926304, 35.147121 ], [ 126.926276, 35.147135 ], [ 126.92625, 35.147151 ], [ 126.926226, 35.147169 ], [ 126.926205, 35.147188 ], [ 126.926185, 35.14721 ], [ 126.926169, 35.147232 ], [ 126.926155, 35.147256 ], [ 126.926144, 35.147281 ], [ 126.926136, 35.147307 ], [ 126.926131, 35.147333 ], [ 126.92613, 35.14736 ], [ 126.926131, 35.147386 ], [ 126.926136, 35.147413 ], [ 126.926144, 35.147438 ], [ 126.926155, 35.147463 ], [ 126.926169, 35.147487 ], [ 126.926185, 35.14751 ], [ 126.926204, 35.147531 ], [ 126.926226, 35.147551 ], [ 126.92625, 35.147569 ], [ 126.926276, 35.147585 ], [ 126.926304, 35.147598 ], [ 126.926333, 35.14761 ], [ 126.926363, 35.147619 ], [ 126.926395, 35.147625 ], [ 126.926426, 35.147629 ], [ 126.926459, 35.14763 ], [ 126.926491, 35.147629 ], [ 126.926523, 35.147625 ], [ 126.926554, 35.147619 ], [ 126.926585, 35.14761 ], [ 126.926614, 35.147599 ], [ 126.926642, 35.147585 ], [ 126.926668, 35.147569 ], [ 126.926692, 35.147551 ], [ 126.926713, 35.147532 ], [ 126.926733, 35.14751 ], [ 126.926749, 35.147488 ], [ 126.926763, 35.147464 ], [ 126.926774, 35.147439 ], [ 126.926782, 35.147413 ], [ 126.926787, 35.147387 ], [ 126.926788, 35.14736 ] ] ] } },
{ "type": "Feature", "properties": { "카메라대수": 4 }, "geometry": { "type": "Polygon", "coordinates": [ [ [ 126.926949, 35.152746 ], [ 126.926948, 35.15272 ], [ 126.926943, 35.152693 ], [ 126.926935, 35.152668 ], [ 126.926924, 35.152643 ], [ 126.92691, 35.152619 ], [ 126.926894, 35.152596 ], [ 126.926875, 35.152575 ], [ 126.926853, 35.152555 ], [ 126.926829, 35.152537 ], [ 126.926803, 35.152521 ], [ 126.926775, 35.152508 ], [ 126.926746, 35.152496 ], [ 126.926716, 35.152487 ], [ 126.926684, 35.152481 ], [ 126.926653, 35.152477 ], [ 126.92662, 35.152476 ], [ 126.926588, 35.152477 ], [ 126.926556, 35.152481 ], [ 126.926525, 35.152487 ], [ 126.926494, 35.152496 ], [ 126.926465, 35.152507 ], [ 126.926437, 35.152521 ], [ 126.926411, 35.152537 ], [ 126.926387, 35.152555 ], [ 126.926366, 35.152574 ], [ 126.926346, 35.152596 ], [ 126.92633, 35.152618 ], [ 126.926316, 35.152642 ], [ 126.926305, 35.152667 ], [ 126.926297, 35.152693 ], [ 126.926292, 35.152719 ], [ 126.926291, 35.152746 ], [ 126.926292, 35.152772 ], [ 126.926297, 35.152799 ], [ 126.926305, 35.152824 ], [ 126.926316, 35.152849 ], [ 126.92633, 35.152873 ], [ 126.926346, 35.152896 ], [ 126.926365, 35.152917 ], [ 126.926387, 35.152937 ], [ 126.926411, 35.152955 ], [ 126.926437, 35.152971 ], [ 126.926465, 35.152984 ], [ 126.926494, 35.152996 ], [ 126.926524, 35.153005 ], [ 126.926556, 35.153011 ], [ 126.926587, 35.153015 ], [ 126.92662, 35.153016 ], [ 126.926652, 35.153015 ], [ 126.926684, 35.153011 ], [ 126.926715, 35.153005 ], [ 126.926746, 35.152996 ], [ 126.926775, 35.152985 ], [ 126.926803, 35.152971 ], [ 126.926829, 35.152955 ], [ 126.926853, 35.152937 ], [ 126.926874, 35.152918 ], [ 126.926894, 35.152896 ], [ 126.92691, 35.152874 ], [ 126.926924, 35.15285 ], [ 126.926935, 35.152825 ], [ 126.926943, 35.152799 ], [ 126.926948, 35.152773 ], [ 126.926949, 35.152746 ] ] ] } },
{ "type": "Feature", "properties": { "카메라대수": 3 }, "geometry": { "type": "Polygon", "coordinates": [ [ [ 126.927022, 35.147724 ], [ 126.927021, 35.147698 ], [ 126.927016, 35.147671 ], [ 126.927008, 35.147646 ], [ 126.926997, 35.147621 ], [ 126.926983, 35.147597 ], [ 126.926967, 35.147574 ], [ 126.926948, 35.147553 ], [ 126.926926, 35.147533 ], [ 126.926902, 35.147515 ], [ 126.926876, 35.147499 ], [ 126.926848, 35.147486 ], [ 126.926819, 35.147474 ], [ 126.926789, 35.147465 ], [ 126.926757, 35.147459 ], [ 126.926726, 35.147455 ], [ 126.926693, 35.147454 ], [ 126.926661, 35.147455 ], [ 126.926629, 35.147459 ], [ 126.926598, 35.147465 ], [ 126.926567, 35.147474 ], [ 126.926538, 35.147485 ], [ 126.92651, 35.147499 ], [ 126.926484, 35.147515 ], [ 126.92646, 35.147533 ], [ 126.926439, 35.147552 ], [ 126.926419, 35.147574 ], [ 126.926403, 35.147596 ], [ 126.926389, 35.14762 ], [ 126.926378, 35.147645 ], [ 126.92637, 35.147671 ], [ 126.926365, 35.147697 ], [ 126.926364, 35.147724 ], [ 126.926365, 35.14775 ], [ 126.92637, 35.147777 ], [ 126.926378, 35.147802 ], [ 126.926389, 35.147827 ], [ 126.926403, 35.147851 ], [ 126.926419, 35.147874 ], [ 126.926438, 35.147895 ], [ 126.92646, 35.147915 ], [ 126.926484, 35.147933 ], [ 126.92651, 35.147949 ], [ 126.926538, 35.147962 ], [ 126.926567, 35.147974 ], [ 126.926597, 35.147983 ], [ 126.926629, 35.147989 ], [ 126.92666, 35.147993 ], [ 126.926693, 35.147994 ], [ 126.926725, 35.147993 ], [ 126.926757, 35.147989 ], [ 126.926788, 35.147983 ], [ 126.926819, 35.147974 ], [ 126.926848, 35.147963 ], [ 126.926876, 35.147949 ], [ 126.926902, 35.147933 ], [ 126.926926, 35.147915 ], [ 126.926947, 35.147896 ], [ 126.926967, 35.147874 ], [ 126.926983, 35.147852 ], [ 126.926997, 35.147828 ], [ 126.927008, 35.147803 ], [ 126.927016, 35.147777 ], [ 126.927021, 35.147751 ], [ 126.927022, 35.147724 ] ] ] } },
{ "type": "Feature", "properties": { "카메라대수": 2 }, "geometry": { "type": "Polygon", "coordinates": [ [ [ 126.927042, 35.152081 ], [ 126.927041, 35.152055 ], [ 126.927036, 35.152028 ], [ 126.927028, 35.152003 ], [ 126.927017, 35.151978 ], [ 126.927003, 35.151954 ], [ 126.926987, 35.151931 ], [ 126.926968, 35.15191 ], [ 126.926946, 35.15189 ], [ 126.926922, 35.151872 ], [ 126.926896, 35.151856 ], [ 126.926868, 35.151843 ], [ 126.926839, 35.151831 ], [ 126.926809, 35.151822 ], [ 126.926777, 35.151816 ], [ 126.926746, 35.151812 ], [ 126.926713, 35.151811 ], [ 126.926681, 35.151812 ], [ 126.926649, 35.151816 ], [ 126.926618, 35.151822 ], [ 126.926587, 35.151831 ], [ 126.926558, 35.151842 ], [ 126.92653, 35.151856 ], [ 126.926504, 35.151872 ], [ 126.92648, 35.15189 ], [ 126.926459, 35.151909 ], [ 126.926439, 35.151931 ], [ 126.926423, 35.151953 ], [ 126.926409, 35.151977 ], [ 126.926398, 35.152002 ], [ 126.92639, 35.152028 ], [ 126.926385, 35.152054 ], [ 126.926384, 35.152081 ], [ 126.926385, 35.152107 ], [ 126.92639, 35.152134 ], [ 126.926398, 35.152159 ], [ 126.926409, 35.152184 ], [ 126.926423, 35.152208 ], [ 126.926439, 35.152231 ], [ 126.926458, 35.152252 ], [ 126.92648, 35.152272 ], [ 126.926504, 35.15229 ], [ 126.92653, 35.152306 ], [ 126.926558, 35.152319 ], [ 126.926587, 35.152331 ], [ 126.926617, 35.15234 ], [ 126.926649, 35.152346 ], [ 126.92668, 35.15235 ], [ 126.926713, 35.152351 ], [ 126.926745, 35.15235 ], [ 126.926777, 35.152346 ], [ 126.926808, 35.15234 ], [ 126.926839, 35.152331 ], [ 126.926868, 35.15232 ], [ 126.926896, 35.152306 ], [ 126.926922, 35.15229 ], [ 126.926946, 35.152272 ], [ 126.926967, 35.152253 ], [ 126.926987, 35.152231 ], [ 126.927003, 35.152209 ], [ 126.927017, 35.152185 ], [ 126.927028, 35.15216 ], [ 126.927036, 35.152134 ], [ 126.927041, 35.152108 ], [ 126.927042, 35.152081 ] ] ] } },
{ "type": "Feature", "properties": { "카메라대수": 4 }, "geometry": { "type": "Polygon", "coordinates": [ [ [ 126.927103, 35.149109 ], [ 126.927102, 35.149083 ], [ 126.927097, 35.149056 ], [ 126.927089, 35.149031 ], [ 126.927078, 35.149006 ], [ 126.927064, 35.148982 ], [ 126.927048, 35.148959 ], [ 126.927029, 35.148938 ], [ 126.927007, 35.148918 ], [ 126.926983, 35.1489 ], [ 126.926957, 35.148884 ], [ 126.926929, 35.148871 ], [ 126.9269, 35.148859 ], [ 126.92687, 35.14885 ], [ 126.926838, 35.148844 ], [ 126.926807, 35.14884 ], [ 126.926774, 35.148839 ], [ 126.926742, 35.14884 ], [ 126.92671, 35.148844 ], [ 126.926679, 35.14885 ], [ 126.926648, 35.148859 ], [ 126.926619, 35.14887 ], [ 126.926591, 35.148884 ], [ 126.926565, 35.1489 ], [ 126.926541, 35.148918 ], [ 126.92652, 35.148937 ], [ 126.9265, 35.148959 ], [ 126.926484, 35.148981 ], [ 126.92647, 35.149005 ], [ 126.926459, 35.14903 ], [ 126.926451, 35.149056 ], [ 126.926446, 35.149082 ], [ 126.926445, 35.149109 ], [ 126.926446, 35.149135 ], [ 126.926451, 35.149162 ], [ 126.926459, 35.149187 ], [ 126.92647, 35.149212 ], [ 126.926484, 35.149236 ], [ 126.9265, 35.149259 ], [ 126.926519, 35.14928 ], [ 126.926541, 35.1493 ], [ 126.926565, 35.149318 ], [ 126.926591, 35.149334 ], [ 126.926619, 35.149347 ], [ 126.926648, 35.149359 ], [ 126.926678, 35.149368 ], [ 126.92671, 35.149374 ], [ 126.926741, 35.149378 ], [ 126.926774, 35.149379 ], [ 126.926806, 35.149378 ], [ 126.926838, 35.149374 ], [ 126.926869, 35.149368 ], [ 126.9269, 35.149359 ], [ 126.926929, 35.149348 ], [ 126.926957, 35.149334 ], [ 126.926983, 35.149318 ], [ 126.927007, 35.1493 ], [ 126.927028, 35.149281 ], [ 126.927048, 35.149259 ], [ 126.927064, 35.149237 ], [ 126.927078, 35.149213 ], [ 126.927089, 35.149188 ], [ 126.927097, 35.149162 ], [ 126.927102, 35.149136 ], [ 126.927103, 35.149109 ] ] ] } },
{ "type": "Feature", "properties": { "카메라대수": 2 }, "geometry": { "type": "Polygon", "coordinates": [ [ [ 126.927243, 35.151955 ], [ 126.927242, 35.151929 ], [ 126.927237, 35.151902 ], [ 126.927229, 35.151877 ], [ 126.927218, 35.151852 ], [ 126.927204, 35.151828 ], [ 126.927188, 35.151805 ], [ 126.927169, 35.151784 ], [ 126.927147, 35.151764 ], [ 126.927123, 35.151746 ], [ 126.927097, 35.15173 ], [ 126.927069, 35.151717 ], [ 126.92704, 35.151705 ], [ 126.92701, 35.151696 ], [ 126.926978, 35.15169 ], [ 126.926947, 35.151686 ], [ 126.926914, 35.151685 ], [ 126.926882, 35.151686 ], [ 126.92685, 35.15169 ], [ 126.926819, 35.151696 ], [ 126.926788, 35.151705 ], [ 126.926759, 35.151716 ], [ 126.926731, 35.15173 ], [ 126.926705, 35.151746 ], [ 126.926681, 35.151764 ], [ 126.92666, 35.151783 ], [ 126.92664, 35.151805 ], [ 126.926624, 35.151827 ], [ 126.92661, 35.151851 ], [ 126.926599, 35.151876 ], [ 126.926591, 35.151902 ], [ 126.926586, 35.151928 ], [ 126.926585, 35.151955 ], [ 126.926586, 35.151981 ], [ 126.926591, 35.152008 ], [ 126.926599, 35.152033 ], [ 126.92661, 35.152058 ], [ 126.926624, 35.152082 ], [ 126.92664, 35.152105 ], [ 126.926659, 35.152126 ], [ 126.926681, 35.152146 ], [ 126.926705, 35.152164 ], [ 126.926731, 35.15218 ], [ 126.926759, 35.152193 ], [ 126.926788, 35.152205 ], [ 126.926818, 35.152214 ], [ 126.92685, 35.15222 ], [ 126.926881, 35.152224 ], [ 126.926914, 35.152225 ], [ 126.926946, 35.152224 ], [ 126.926978, 35.15222 ], [ 126.927009, 35.152214 ], [ 126.92704, 35.152205 ], [ 126.927069, 35.152194 ], [ 126.927097, 35.15218 ], [ 126.927123, 35.152164 ], [ 126.927147, 35.152146 ], [ 126.927168, 35.152127 ], [ 126.927188, 35.152105 ], [ 126.927204, 35.152083 ], [ 126.927218, 35.152059 ], [ 126.927229, 35.152034 ], [ 126.927237, 35.152008 ], [ 126.927242, 35.151982 ], [ 126.927243, 35.151955 ] ] ] } },
{ "type": "Feature", "properties": { "카메라대수": 3 }, "geometry": { "type": "Polygon", "coordinates": [ [ [ 126.927258, 35.150289 ], [ 126.927257, 35.150263 ], [ 126.927252, 35.150236 ], [ 126.927244, 35.150211 ], [ 126.927233, 35.150186 ], [ 126.927219, 35.150162 ], [ 126.927203, 35.150139 ], [ 126.927184, 35.150118 ], [ 126.927162, 35.150098 ], [ 126.927138, 35.15008 ], [ 126.927112, 35.150064 ], [ 126.927084, 35.150051 ], [ 126.927055, 35.150039 ], [ 126.927025, 35.15003 ], [ 126.926993, 35.150024 ], [ 126.926962, 35.15002 ], [ 126.926929, 35.150019 ], [ 126.926897, 35.15002 ], [ 126.926865, 35.150024 ], [ 126.926834, 35.15003 ], [ 126.926803, 35.150039 ], [ 126.926774, 35.15005 ], [ 126.926746, 35.150064 ], [ 126.92672, 35.15008 ], [ 126.926696, 35.150098 ], [ 126.926675, 35.150117 ], [ 126.926655, 35.150139 ], [ 126.926639, 35.150161 ], [ 126.926625, 35.150185 ], [ 126.926614, 35.15021 ], [ 126.926606, 35.150236 ], [ 126.926601, 35.150262 ], [ 126.9266, 35.150289 ], [ 126.926601, 35.150315 ], [ 126.926606, 35.150342 ], [ 126.926614, 35.150367 ], [ 126.926625, 35.150392 ], [ 126.926639, 35.150416 ], [ 126.926655, 35.150439 ], [ 126.926674, 35.15046 ], [ 126.926696, 35.15048 ], [ 126.92672, 35.150498 ], [ 126.926746, 35.150514 ], [ 126.926774, 35.150527 ], [ 126.926803, 35.150539 ], [ 126.926833, 35.150548 ], [ 126.926865, 35.150554 ], [ 126.926896, 35.150558 ], [ 126.926929, 35.150559 ], [ 126.926961, 35.150558 ], [ 126.926993, 35.150554 ], [ 126.927024, 35.150548 ], [ 126.927055, 35.150539 ], [ 126.927084, 35.150528 ], [ 126.927112, 35.150514 ], [ 126.927138, 35.150498 ], [ 126.927162, 35.15048 ], [ 126.927183, 35.150461 ], [ 126.927203, 35.150439 ], [ 126.927219, 35.150417 ], [ 126.927233, 35.150393 ], [ 126.927244, 35.150368 ], [ 126.927252, 35.150342 ], [ 126.927257, 35.150316 ], [ 126.927258, 35.150289 ] ] ] } },
{ "type": "Feature", "properties": { "카메라대수": 4 }, "geometry": { "type": "Polygon", "coordinates": [ [ [ 126.927305, 35.153705 ], [ 126.927304, 35.153679 ], [ 126.927299, 35.153652 ], [ 126.927291, 35.153627 ], [ 126.92728, 35.153602 ], [ 126.927266, 35.153578 ], [ 126.92725, 35.153555 ], [ 126.927231, 35.153534 ], [ 126.927209, 35.153514 ], [ 126.927185, 35.153496 ], [ 126.927159, 35.15348 ], [ 126.927131, 35.153467 ], [ 126.927102, 35.153455 ], [ 126.927072, 35.153446 ], [ 126.92704, 35.15344 ], [ 126.927009, 35.153436 ], [ 126.926976, 35.153435 ], [ 126.926944, 35.153436 ], [ 126.926912, 35.15344 ], [ 126.926881, 35.153446 ], [ 126.92685, 35.153455 ], [ 126.926821, 35.153466 ], [ 126.926793, 35.15348 ], [ 126.926767, 35.153496 ], [ 126.926743, 35.153514 ], [ 126.926722, 35.153533 ], [ 126.926702, 35.153555 ], [ 126.926686, 35.153577 ], [ 126.926672, 35.153601 ], [ 126.926661, 35.153626 ], [ 126.926653, 35.153652 ], [ 126.926648, 35.153678 ], [ 126.926647, 35.153705 ], [ 126.926648, 35.153731 ], [ 126.926653, 35.153758 ], [ 126.926661, 35.153783 ], [ 126.926672, 35.153808 ], [ 126.926686, 35.153832 ], [ 126.926702, 35.153855 ], [ 126.926721, 35.153876 ], [ 126.926743, 35.153896 ], [ 126.926767, 35.153914 ], [ 126.926793, 35.15393 ], [ 126.926821, 35.153943 ], [ 126.92685, 35.153955 ], [ 126.92688, 35.153964 ], [ 126.926912, 35.15397 ], [ 126.926943, 35.153974 ], [ 126.926976, 35.153975 ], [ 126.927008, 35.153974 ], [ 126.92704, 35.15397 ], [ 126.927071, 35.153964 ], [ 126.927102, 35.153955 ], [ 126.927131, 35.153944 ], [ 126.927159, 35.15393 ], [ 126.927185, 35.153914 ], [ 126.927209, 35.153896 ], [ 126.92723, 35.153877 ], [ 126.92725, 35.153855 ], [ 126.927266, 35.153833 ], [ 126.92728, 35.153809 ], [ 126.927291, 35.153784 ], [ 126.927299, 35.153758 ], [ 126.927304, 35.153732 ], [ 126.927305, 35.153705 ] ] ] } },
{ "type": "Feature", "properties": { "카메라대수": 3 }, "geometry": { "type": "Polygon", "coordinates": [ [ [ 126.92743, 35.153211 ], [ 126.927429, 35.153185 ], [ 126.927424, 35.153158 ], [ 126.927416, 35.153133 ], [ 126.927405, 35.153108 ], [ 126.927391, 35.153084 ], [ 126.927375, 35.153061 ], [ 126.927356, 35.15304 ], [ 126.927334, 35.15302 ], [ 126.92731, 35.153002 ], [ 126.927284, 35.152986 ], [ 126.927256, 35.152973 ], [ 126.927227, 35.152961 ], [ 126.927197, 35.152952 ], [ 126.927165, 35.152946 ], [ 126.927134, 35.152942 ], [ 126.927101, 35.152941 ], [ 126.927069, 35.152942 ], [ 126.927037, 35.152946 ], [ 126.927006, 35.152952 ], [ 126.926975, 35.152961 ], [ 126.926946, 35.152972 ], [ 126.926918, 35.152986 ], [ 126.926892, 35.153002 ], [ 126.926868, 35.15302 ], [ 126.926847, 35.153039 ], [ 126.926827, 35.153061 ], [ 126.926811, 35.153083 ], [ 126.926797, 35.153107 ], [ 126.926786, 35.153132 ], [ 126.926778, 35.153158 ], [ 126.926773, 35.153184 ], [ 126.926772, 35.153211 ], [ 126.926773, 35.153237 ], [ 126.926778, 35.153264 ], [ 126.926786, 35.153289 ], [ 126.926797, 35.153314 ], [ 126.926811, 35.153338 ], [ 126.926827, 35.153361 ], [ 126.926846, 35.153382 ], [ 126.926868, 35.153402 ], [ 126.926892, 35.15342 ], [ 126.926918, 35.153436 ], [ 126.926946, 35.153449 ], [ 126.926975, 35.153461 ], [ 126.927005, 35.15347 ], [ 126.927037, 35.153476 ], [ 126.927068, 35.15348 ], [ 126.927101, 35.153481 ], [ 126.927133, 35.15348 ], [ 126.927165, 35.153476 ], [ 126.927196, 35.15347 ], [ 126.927227, 35.153461 ], [ 126.927256, 35.15345 ], [ 126.927284, 35.153436 ], [ 126.92731, 35.15342 ], [ 126.927334, 35.153402 ], [ 126.927355, 35.153383 ], [ 126.927375, 35.153361 ], [ 126.927391, 35.153339 ], [ 126.927405, 35.153315 ], [ 126.927416, 35.15329 ], [ 126.927424, 35.153264 ], [ 126.927429, 35.153238 ], [ 126.92743, 35.153211 ] ] ] } },
{ "type": "Feature", "properties": { "카메라대수": 2 }, "geometry": { "type": "Polygon", "coordinates": [ [ [ 126.927841, 35.153167 ], [ 126.92784, 35.153141 ], [ 126.927835, 35.153114 ], [ 126.927827, 35.153089 ], [ 126.927816, 35.153064 ], [ 126.927802, 35.15304 ], [ 126.927786, 35.153017 ], [ 126.927767, 35.152996 ], [ 126.927745, 35.152976 ], [ 126.927721, 35.152958 ], [ 126.927695, 35.152942 ], [ 126.927667, 35.152929 ], [ 126.927638, 35.152917 ], [ 126.927608, 35.152908 ], [ 126.927576, 35.152902 ], [ 126.927545, 35.152898 ], [ 126.927512, 35.152897 ], [ 126.92748, 35.152898 ], [ 126.927448, 35.152902 ], [ 126.927417, 35.152908 ], [ 126.927386, 35.152917 ], [ 126.927357, 35.152928 ], [ 126.927329, 35.152942 ], [ 126.927303, 35.152958 ], [ 126.927279, 35.152976 ], [ 126.927258, 35.152995 ], [ 126.927238, 35.153017 ], [ 126.927222, 35.153039 ], [ 126.927208, 35.153063 ], [ 126.927197, 35.153088 ], [ 126.927189, 35.153114 ], [ 126.927184, 35.15314 ], [ 126.927183, 35.153167 ], [ 126.927184, 35.153193 ], [ 126.927189, 35.15322 ], [ 126.927197, 35.153245 ], [ 126.927208, 35.15327 ], [ 126.927222, 35.153294 ], [ 126.927238, 35.153317 ], [ 126.927257, 35.153338 ], [ 126.927279, 35.153358 ], [ 126.927303, 35.153376 ], [ 126.927329, 35.153392 ], [ 126.927357, 35.153405 ], [ 126.927386, 35.153417 ], [ 126.927416, 35.153426 ], [ 126.927448, 35.153432 ], [ 126.927479, 35.153436 ], [ 126.927512, 35.153437 ], [ 126.927544, 35.153436 ], [ 126.927576, 35.153432 ], [ 126.927607, 35.153426 ], [ 126.927638, 35.153417 ], [ 126.927667, 35.153406 ], [ 126.927695, 35.153392 ], [ 126.927721, 35.153376 ], [ 126.927745, 35.153358 ], [ 126.927766, 35.153339 ], [ 126.927786, 35.153317 ], [ 126.927802, 35.153295 ], [ 126.927816, 35.153271 ], [ 126.927827, 35.153246 ], [ 126.927835, 35.15322 ], [ 126.92784, 35.153194 ], [ 126.927841, 35.153167 ] ] ] } },
{ "type": "Feature", "properties": { "카메라대수": 3 }, "geometry": { "type": "Polygon", "coordinates": [ [ [ 126.928277, 35.150601 ], [ 126.928276, 35.150575 ], [ 126.928271, 35.150548 ], [ 126.928263, 35.150523 ], [ 126.928252, 35.150498 ], [ 126.928238, 35.150474 ], [ 126.928222, 35.150451 ], [ 126.928203, 35.15043 ], [ 126.928181, 35.15041 ], [ 126.928157, 35.150392 ], [ 126.928131, 35.150376 ], [ 126.928103, 35.150363 ], [ 126.928074, 35.150351 ], [ 126.928044, 35.150342 ], [ 126.928012, 35.150336 ], [ 126.927981, 35.150332 ], [ 126.927948, 35.150331 ], [ 126.927916, 35.150332 ], [ 126.927884, 35.150336 ], [ 126.927853, 35.150342 ], [ 126.927822, 35.150351 ], [ 126.927793, 35.150362 ], [ 126.927765, 35.150376 ], [ 126.927739, 35.150392 ], [ 126.927715, 35.15041 ], [ 126.927694, 35.150429 ], [ 126.927674, 35.150451 ], [ 126.927658, 35.150473 ], [ 126.927644, 35.150497 ], [ 126.927633, 35.150522 ], [ 126.927625, 35.150548 ], [ 126.92762, 35.150574 ], [ 126.927619, 35.150601 ], [ 126.92762, 35.150627 ], [ 126.927625, 35.150654 ], [ 126.927633, 35.150679 ], [ 126.927644, 35.150704 ], [ 126.927658, 35.150728 ], [ 126.927674, 35.150751 ], [ 126.927693, 35.150772 ], [ 126.927715, 35.150792 ], [ 126.927739, 35.15081 ], [ 126.927765, 35.150826 ], [ 126.927793, 35.150839 ], [ 126.927822, 35.150851 ], [ 126.927852, 35.15086 ], [ 126.927884, 35.150866 ], [ 126.927915, 35.15087 ], [ 126.927948, 35.150871 ], [ 126.92798, 35.15087 ], [ 126.928012, 35.150866 ], [ 126.928043, 35.15086 ], [ 126.928074, 35.150851 ], [ 126.928103, 35.15084 ], [ 126.928131, 35.150826 ], [ 126.928157, 35.15081 ], [ 126.928181, 35.150792 ], [ 126.928202, 35.150773 ], [ 126.928222, 35.150751 ], [ 126.928238, 35.150729 ], [ 126.928252, 35.150705 ], [ 126.928263, 35.15068 ], [ 126.928271, 35.150654 ], [ 126.928276, 35.150628 ], [ 126.928277, 35.150601 ] ] ] } },
{ "type": "Feature", "properties": { "카메라대수": 2 }, "geometry": { "type": "Polygon", "coordinates": [ [ [ 126.928373, 35.149033 ], [ 126.928372, 35.149007 ], [ 126.928367, 35.14898 ], [ 126.928359, 35.148955 ], [ 126.928348, 35.14893 ], [ 126.928334, 35.148906 ], [ 126.928318, 35.148883 ], [ 126.928299, 35.148862 ], [ 126.928277, 35.148842 ], [ 126.928253, 35.148824 ], [ 126.928227, 35.148808 ], [ 126.928199, 35.148795 ], [ 126.92817, 35.148783 ], [ 126.92814, 35.148774 ], [ 126.928108, 35.148768 ], [ 126.928077, 35.148764 ], [ 126.928044, 35.148763 ], [ 126.928012, 35.148764 ], [ 126.92798, 35.148768 ], [ 126.927949, 35.148774 ], [ 126.927918, 35.148783 ], [ 126.927889, 35.148794 ], [ 126.927861, 35.148808 ], [ 126.927835, 35.148824 ], [ 126.927811, 35.148842 ], [ 126.92779, 35.148861 ], [ 126.92777, 35.148883 ], [ 126.927754, 35.148905 ], [ 126.92774, 35.148929 ], [ 126.927729, 35.148954 ], [ 126.927721, 35.14898 ], [ 126.927716, 35.149006 ], [ 126.927715, 35.149033 ], [ 126.927716, 35.149059 ], [ 126.927721, 35.149086 ], [ 126.927729, 35.149111 ], [ 126.92774, 35.149136 ], [ 126.927754, 35.14916 ], [ 126.92777, 35.149183 ], [ 126.927789, 35.149204 ], [ 126.927811, 35.149224 ], [ 126.927835, 35.149242 ], [ 126.927861, 35.149258 ], [ 126.927889, 35.149271 ], [ 126.927918, 35.149283 ], [ 126.927948, 35.149292 ], [ 126.92798, 35.149298 ], [ 126.928011, 35.149302 ], [ 126.928044, 35.149303 ], [ 126.928076, 35.149302 ], [ 126.928108, 35.149298 ], [ 126.928139, 35.149292 ], [ 126.92817, 35.149283 ], [ 126.928199, 35.149272 ], [ 126.928227, 35.149258 ], [ 126.928253, 35.149242 ], [ 126.928277, 35.149224 ], [ 126.928298, 35.149205 ], [ 126.928318, 35.149183 ], [ 126.928334, 35.149161 ], [ 126.928348, 35.149137 ], [ 126.928359, 35.149112 ], [ 126.928367, 35.149086 ], [ 126.928372, 35.14906 ], [ 126.928373, 35.149033 ] ] ] } },
{ "type": "Feature", "properties": { "카메라대수": 2 }, "geometry": { "type": "Polygon", "coordinates": [ [ [ 126.928433, 35.154378 ], [ 126.928432, 35.154352 ], [ 126.928427, 35.154325 ], [ 126.928419, 35.1543 ], [ 126.928408, 35.154275 ], [ 126.928394, 35.154251 ], [ 126.928378, 35.154228 ], [ 126.928359, 35.154207 ], [ 126.928337, 35.154187 ], [ 126.928313, 35.154169 ], [ 126.928287, 35.154153 ], [ 126.928259, 35.15414 ], [ 126.92823, 35.154128 ], [ 126.9282, 35.154119 ], [ 126.928168, 35.154113 ], [ 126.928137, 35.154109 ], [ 126.928104, 35.154108 ], [ 126.928072, 35.154109 ], [ 126.92804, 35.154113 ], [ 126.928009, 35.154119 ], [ 126.927978, 35.154128 ], [ 126.927949, 35.154139 ], [ 126.927921, 35.154153 ], [ 126.927895, 35.154169 ], [ 126.927871, 35.154187 ], [ 126.92785, 35.154206 ], [ 126.92783, 35.154228 ], [ 126.927814, 35.15425 ], [ 126.9278, 35.154274 ], [ 126.927789, 35.154299 ], [ 126.927781, 35.154325 ], [ 126.927776, 35.154351 ], [ 126.927775, 35.154378 ], [ 126.927776, 35.154404 ], [ 126.927781, 35.154431 ], [ 126.927789, 35.154456 ], [ 126.9278, 35.154481 ], [ 126.927814, 35.154505 ], [ 126.92783, 35.154528 ], [ 126.927849, 35.154549 ], [ 126.927871, 35.154569 ], [ 126.927895, 35.154587 ], [ 126.927921, 35.154603 ], [ 126.927949, 35.154616 ], [ 126.927978, 35.154628 ], [ 126.928008, 35.154637 ], [ 126.92804, 35.154643 ], [ 126.928071, 35.154647 ], [ 126.928104, 35.154648 ], [ 126.928136, 35.154647 ], [ 126.928168, 35.154643 ], [ 126.928199, 35.154637 ], [ 126.92823, 35.154628 ], [ 126.928259, 35.154617 ], [ 126.928287, 35.154603 ], [ 126.928313, 35.154587 ], [ 126.928337, 35.154569 ], [ 126.928358, 35.15455 ], [ 126.928378, 35.154528 ], [ 126.928394, 35.154506 ], [ 126.928408, 35.154482 ], [ 126.928419, 35.154457 ], [ 126.928427, 35.154431 ], [ 126.928432, 35.154405 ], [ 126.928433, 35.154378 ] ] ] } },
{ "type": "Feature", "properties": { "카메라대수": 3 }, "geometry": { "type": "Polygon", "coordinates": [ [ [ 126.928622, 35.149421 ], [ 126.928621, 35.149395 ], [ 126.928616, 35.149368 ], [ 126.928608, 35.149343 ], [ 126.928597, 35.149318 ], [ 126.928583, 35.149294 ], [ 126.928567, 35.149271 ], [ 126.928548, 35.14925 ], [ 126.928526, 35.14923 ], [ 126.928502, 35.149212 ], [ 126.928476, 35.149196 ], [ 126.928448, 35.149183 ], [ 126.928419, 35.149171 ], [ 126.928389, 35.149162 ], [ 126.928357, 35.149156 ], [ 126.928326, 35.149152 ], [ 126.928293, 35.149151 ], [ 126.928261, 35.149152 ], [ 126.928229, 35.149156 ], [ 126.928198, 35.149162 ], [ 126.928167, 35.149171 ], [ 126.928138, 35.149182 ], [ 126.92811, 35.149196 ], [ 126.928084, 35.149212 ], [ 126.92806, 35.14923 ], [ 126.928039, 35.149249 ], [ 126.928019, 35.149271 ], [ 126.928003, 35.149293 ], [ 126.927989, 35.149317 ], [ 126.927978, 35.149342 ], [ 126.92797, 35.149368 ], [ 126.927965, 35.149394 ], [ 126.927964, 35.149421 ], [ 126.927965, 35.149447 ], [ 126.92797, 35.149474 ], [ 126.927978, 35.149499 ], [ 126.927989, 35.149524 ], [ 126.928003, 35.149548 ], [ 126.928019, 35.149571 ], [ 126.928038, 35.149592 ], [ 126.92806, 35.149612 ], [ 126.928084, 35.14963 ], [ 126.92811, 35.149646 ], [ 126.928138, 35.149659 ], [ 126.928167, 35.149671 ], [ 126.928197, 35.14968 ], [ 126.928229, 35.149686 ], [ 126.92826, 35.14969 ], [ 126.928293, 35.149691 ], [ 126.928325, 35.14969 ], [ 126.928357, 35.149686 ], [ 126.928388, 35.14968 ], [ 126.928419, 35.149671 ], [ 126.928448, 35.14966 ], [ 126.928476, 35.149646 ], [ 126.928502, 35.14963 ], [ 126.928526, 35.149612 ], [ 126.928547, 35.149593 ], [ 126.928567, 35.149571 ], [ 126.928583, 35.149549 ], [ 126.928597, 35.149525 ], [ 126.928608, 35.1495 ], [ 126.928616, 35.149474 ], [ 126.928621, 35.149448 ], [ 126.928622, 35.149421 ] ] ] } },
{ "type": "Feature", "properties": { "카메라대수": 5 }, "geometry": { "type": "Polygon", "coordinates": [ [ [ 126.928654, 35.14656 ], [ 126.928653, 35.146534 ], [ 126.928648, 35.146507 ], [ 126.92864, 35.146482 ], [ 126.928629, 35.146457 ], [ 126.928615, 35.146433 ], [ 126.928599, 35.14641 ], [ 126.92858, 35.146389 ], [ 126.928558, 35.146369 ], [ 126.928534, 35.146351 ], [ 126.928508, 35.146335 ], [ 126.92848, 35.146322 ], [ 126.928451, 35.14631 ], [ 126.928421, 35.146301 ], [ 126.928389, 35.146295 ], [ 126.928358, 35.146291 ], [ 126.928325, 35.14629 ], [ 126.928293, 35.146291 ], [ 126.928261, 35.146295 ], [ 126.92823, 35.146301 ], [ 126.928199, 35.14631 ], [ 126.92817, 35.146321 ], [ 126.928142, 35.146335 ], [ 126.928116, 35.146351 ], [ 126.928092, 35.146369 ], [ 126.928071, 35.146388 ], [ 126.928051, 35.14641 ], [ 126.928035, 35.146432 ], [ 126.928021, 35.146456 ], [ 126.92801, 35.146481 ], [ 126.928002, 35.146507 ], [ 126.927997, 35.146533 ], [ 126.927996, 35.14656 ], [ 126.927997, 35.146586 ], [ 126.928002, 35.146613 ], [ 126.92801, 35.146638 ], [ 126.928021, 35.146663 ], [ 126.928035, 35.146687 ], [ 126.928051, 35.14671 ], [ 126.92807, 35.146731 ], [ 126.928092, 35.146751 ], [ 126.928116, 35.146769 ], [ 126.928142, 35.146785 ], [ 126.92817, 35.146798 ], [ 126.928199, 35.14681 ], [ 126.928229, 35.146819 ], [ 126.928261, 35.146825 ], [ 126.928292, 35.146829 ], [ 126.928325, 35.14683 ], [ 126.928357, 35.146829 ], [ 126.928389, 35.146825 ], [ 126.92842, 35.146819 ], [ 126.928451, 35.14681 ], [ 126.92848, 35.146799 ], [ 126.928508, 35.146785 ], [ 126.928534, 35.146769 ], [ 126.928558, 35.146751 ], [ 126.928579, 35.146732 ], [ 126.928599, 35.14671 ], [ 126.928615, 35.146688 ], [ 126.928629, 35.146664 ], [ 126.92864, 35.146639 ], [ 126.928648, 35.146613 ], [ 126.928653, 35.146587 ], [ 126.928654, 35.14656 ] ] ] } },
{ "type": "Feature", "properties": { "카메라대수": 2 }, "geometry": { "type": "Polygon", "coordinates": [ [ [ 126.92873, 35.149656 ], [ 126.928729, 35.14963 ], [ 126.928724, 35.149603 ], [ 126.928716, 35.149578 ], [ 126.928705, 35.149553 ], [ 126.928691, 35.149529 ], [ 126.928675, 35.149506 ], [ 126.928656, 35.149485 ], [ 126.928634, 35.149465 ], [ 126.92861, 35.149447 ], [ 126.928584, 35.149431 ], [ 126.928556, 35.149418 ], [ 126.928527, 35.149406 ], [ 126.928497, 35.149397 ], [ 126.928465, 35.149391 ], [ 126.928434, 35.149387 ], [ 126.928401, 35.149386 ], [ 126.928369, 35.149387 ], [ 126.928337, 35.149391 ], [ 126.928306, 35.149397 ], [ 126.928275, 35.149406 ], [ 126.928246, 35.149417 ], [ 126.928218, 35.149431 ], [ 126.928192, 35.149447 ], [ 126.928168, 35.149465 ], [ 126.928147, 35.149484 ], [ 126.928127, 35.149506 ], [ 126.928111, 35.149528 ], [ 126.928097, 35.149552 ], [ 126.928086, 35.149577 ], [ 126.928078, 35.149603 ], [ 126.928073, 35.149629 ], [ 126.928072, 35.149656 ], [ 126.928073, 35.149682 ], [ 126.928078, 35.149709 ], [ 126.928086, 35.149734 ], [ 126.928097, 35.149759 ], [ 126.928111, 35.149783 ], [ 126.928127, 35.149806 ], [ 126.928146, 35.149827 ], [ 126.928168, 35.149847 ], [ 126.928192, 35.149865 ], [ 126.928218, 35.149881 ], [ 126.928246, 35.149894 ], [ 126.928275, 35.149906 ], [ 126.928305, 35.149915 ], [ 126.928337, 35.149921 ], [ 126.928368, 35.149925 ], [ 126.928401, 35.149926 ], [ 126.928433, 35.149925 ], [ 126.928465, 35.149921 ], [ 126.928496, 35.149915 ], [ 126.928527, 35.149906 ], [ 126.928556, 35.149895 ], [ 126.928584, 35.149881 ], [ 126.92861, 35.149865 ], [ 126.928634, 35.149847 ], [ 126.928655, 35.149828 ], [ 126.928675, 35.149806 ], [ 126.928691, 35.149784 ], [ 126.928705, 35.14976 ], [ 126.928716, 35.149735 ], [ 126.928724, 35.149709 ], [ 126.928729, 35.149683 ], [ 126.92873, 35.149656 ] ] ] } },
{ "type": "Feature", "properties": { "카메라대수": 2 }, "geometry": { "type": "Polygon", "coordinates": [ [ [ 126.928948, 35.150134 ], [ 126.928947, 35.150108 ], [ 126.928942, 35.150081 ], [ 126.928934, 35.150056 ], [ 126.928923, 35.150031 ], [ 126.928909, 35.150007 ], [ 126.928893, 35.149984 ], [ 126.928874, 35.149963 ], [ 126.928852, 35.149943 ], [ 126.928828, 35.149925 ], [ 126.928802, 35.149909 ], [ 126.928774, 35.149896 ], [ 126.928745, 35.149884 ], [ 126.928715, 35.149875 ], [ 126.928683, 35.149869 ], [ 126.928652, 35.149865 ], [ 126.928619, 35.149864 ], [ 126.928587, 35.149865 ], [ 126.928555, 35.149869 ], [ 126.928524, 35.149875 ], [ 126.928493, 35.149884 ], [ 126.928464, 35.149895 ], [ 126.928436, 35.149909 ], [ 126.92841, 35.149925 ], [ 126.928386, 35.149943 ], [ 126.928365, 35.149962 ], [ 126.928345, 35.149984 ], [ 126.928329, 35.150006 ], [ 126.928315, 35.15003 ], [ 126.928304, 35.150055 ], [ 126.928296, 35.150081 ], [ 126.928291, 35.150107 ], [ 126.92829, 35.150134 ], [ 126.928291, 35.15016 ], [ 126.928296, 35.150187 ], [ 126.928304, 35.150212 ], [ 126.928315, 35.150237 ], [ 126.928329, 35.150261 ], [ 126.928345, 35.150284 ], [ 126.928364, 35.150305 ], [ 126.928386, 35.150325 ], [ 126.92841, 35.150343 ], [ 126.928436, 35.150359 ], [ 126.928464, 35.150372 ], [ 126.928493, 35.150384 ], [ 126.928523, 35.150393 ], [ 126.928555, 35.150399 ], [ 126.928586, 35.150403 ], [ 126.928619, 35.150404 ], [ 126.928651, 35.150403 ], [ 126.928683, 35.150399 ], [ 126.928714, 35.150393 ], [ 126.928745, 35.150384 ], [ 126.928774, 35.150373 ], [ 126.928802, 35.150359 ], [ 126.928828, 35.150343 ], [ 126.928852, 35.150325 ], [ 126.928873, 35.150306 ], [ 126.928893, 35.150284 ], [ 126.928909, 35.150262 ], [ 126.928923, 35.150238 ], [ 126.928934, 35.150213 ], [ 126.928942, 35.150187 ], [ 126.928947, 35.150161 ], [ 126.928948, 35.150134 ] ] ] } },
{ "type": "Feature", "properties": { "카메라대수": 3 }, "geometry": { "type": "Polygon", "coordinates": [ [ [ 126.929461, 35.151529 ], [ 126.92946, 35.151503 ], [ 126.929455, 35.151476 ], [ 126.929447, 35.151451 ], [ 126.929436, 35.151426 ], [ 126.929422, 35.151402 ], [ 126.929406, 35.151379 ], [ 126.929387, 35.151358 ], [ 126.929365, 35.151338 ], [ 126.929341, 35.15132 ], [ 126.929315, 35.151304 ], [ 126.929287, 35.151291 ], [ 126.929258, 35.151279 ], [ 126.929228, 35.15127 ], [ 126.929196, 35.151264 ], [ 126.929165, 35.15126 ], [ 126.929132, 35.151259 ], [ 126.9291, 35.15126 ], [ 126.929068, 35.151264 ], [ 126.929037, 35.15127 ], [ 126.929006, 35.151279 ], [ 126.928977, 35.15129 ], [ 126.928949, 35.151304 ], [ 126.928923, 35.15132 ], [ 126.928899, 35.151338 ], [ 126.928878, 35.151357 ], [ 126.928858, 35.151379 ], [ 126.928842, 35.151401 ], [ 126.928828, 35.151425 ], [ 126.928817, 35.15145 ], [ 126.928809, 35.151476 ], [ 126.928804, 35.151502 ], [ 126.928803, 35.151529 ], [ 126.928804, 35.151555 ], [ 126.928809, 35.151582 ], [ 126.928817, 35.151607 ], [ 126.928828, 35.151632 ], [ 126.928842, 35.151656 ], [ 126.928858, 35.151679 ], [ 126.928877, 35.1517 ], [ 126.928899, 35.15172 ], [ 126.928923, 35.151738 ], [ 126.928949, 35.151754 ], [ 126.928977, 35.151767 ], [ 126.929006, 35.151779 ], [ 126.929036, 35.151788 ], [ 126.929068, 35.151794 ], [ 126.929099, 35.151798 ], [ 126.929132, 35.151799 ], [ 126.929164, 35.151798 ], [ 126.929196, 35.151794 ], [ 126.929227, 35.151788 ], [ 126.929258, 35.151779 ], [ 126.929287, 35.151768 ], [ 126.929315, 35.151754 ], [ 126.929341, 35.151738 ], [ 126.929365, 35.15172 ], [ 126.929386, 35.151701 ], [ 126.929406, 35.151679 ], [ 126.929422, 35.151657 ], [ 126.929436, 35.151633 ], [ 126.929447, 35.151608 ], [ 126.929455, 35.151582 ], [ 126.92946, 35.151556 ], [ 126.929461, 35.151529 ] ] ] } },
{ "type": "Feature", "properties": { "카메라대수": 3 }, "geometry": { "type": "Polygon", "coordinates": [ [ [ 126.929683, 35.154024 ], [ 126.929682, 35.153998 ], [ 126.929677, 35.153971 ], [ 126.929669, 35.153946 ], [ 126.929658, 35.153921 ], [ 126.929644, 35.153897 ], [ 126.929628, 35.153874 ], [ 126.929609, 35.153853 ], [ 126.929587, 35.153833 ], [ 126.929563, 35.153815 ], [ 126.929537, 35.153799 ], [ 126.929509, 35.153786 ], [ 126.92948, 35.153774 ], [ 126.92945, 35.153765 ], [ 126.929418, 35.153759 ], [ 126.929387, 35.153755 ], [ 126.929354, 35.153754 ], [ 126.929322, 35.153755 ], [ 126.92929, 35.153759 ], [ 126.929259, 35.153765 ], [ 126.929228, 35.153774 ], [ 126.929199, 35.153785 ], [ 126.929171, 35.153799 ], [ 126.929145, 35.153815 ], [ 126.929121, 35.153833 ], [ 126.9291, 35.153852 ], [ 126.92908, 35.153874 ], [ 126.929064, 35.153896 ], [ 126.92905, 35.15392 ], [ 126.929039, 35.153945 ], [ 126.929031, 35.153971 ], [ 126.929026, 35.153997 ], [ 126.929025, 35.154024 ], [ 126.929026, 35.15405 ], [ 126.929031, 35.154077 ], [ 126.929039, 35.154102 ], [ 126.92905, 35.154127 ], [ 126.929064, 35.154151 ], [ 126.92908, 35.154174 ], [ 126.929099, 35.154195 ], [ 126.929121, 35.154215 ], [ 126.929145, 35.154233 ], [ 126.929171, 35.154249 ], [ 126.929199, 35.154262 ], [ 126.929228, 35.154274 ], [ 126.929258, 35.154283 ], [ 126.92929, 35.154289 ], [ 126.929321, 35.154293 ], [ 126.929354, 35.154294 ], [ 126.929386, 35.154293 ], [ 126.929418, 35.154289 ], [ 126.929449, 35.154283 ], [ 126.92948, 35.154274 ], [ 126.929509, 35.154263 ], [ 126.929537, 35.154249 ], [ 126.929563, 35.154233 ], [ 126.929587, 35.154215 ], [ 126.929608, 35.154196 ], [ 126.929628, 35.154174 ], [ 126.929644, 35.154152 ], [ 126.929658, 35.154128 ], [ 126.929669, 35.154103 ], [ 126.929677, 35.154077 ], [ 126.929682, 35.154051 ], [ 126.929683, 35.154024 ] ] ] } },
{ "type": "Feature", "properties": { "카메라대수": 3 }, "geometry": { "type": "Polygon", "coordinates": [ [ [ 126.929777, 35.153474 ], [ 126.929776, 35.153448 ], [ 126.929771, 35.153421 ], [ 126.929763, 35.153396 ], [ 126.929752, 35.153371 ], [ 126.929738, 35.153347 ], [ 126.929722, 35.153324 ], [ 126.929703, 35.153303 ], [ 126.929681, 35.153283 ], [ 126.929657, 35.153265 ], [ 126.929631, 35.153249 ], [ 126.929603, 35.153236 ], [ 126.929574, 35.153224 ], [ 126.929544, 35.153215 ], [ 126.929512, 35.153209 ], [ 126.929481, 35.153205 ], [ 126.929448, 35.153204 ], [ 126.929416, 35.153205 ], [ 126.929384, 35.153209 ], [ 126.929353, 35.153215 ], [ 126.929322, 35.153224 ], [ 126.929293, 35.153235 ], [ 126.929265, 35.153249 ], [ 126.929239, 35.153265 ], [ 126.929215, 35.153283 ], [ 126.929194, 35.153302 ], [ 126.929174, 35.153324 ], [ 126.929158, 35.153346 ], [ 126.929144, 35.15337 ], [ 126.929133, 35.153395 ], [ 126.929125, 35.153421 ], [ 126.92912, 35.153447 ], [ 126.929119, 35.153474 ], [ 126.92912, 35.1535 ], [ 126.929125, 35.153527 ], [ 126.929133, 35.153552 ], [ 126.929144, 35.153577 ], [ 126.929158, 35.153601 ], [ 126.929174, 35.153624 ], [ 126.929193, 35.153645 ], [ 126.929215, 35.153665 ], [ 126.929239, 35.153683 ], [ 126.929265, 35.153699 ], [ 126.929293, 35.153712 ], [ 126.929322, 35.153724 ], [ 126.929352, 35.153733 ], [ 126.929384, 35.153739 ], [ 126.929415, 35.153743 ], [ 126.929448, 35.153744 ], [ 126.92948, 35.153743 ], [ 126.929512, 35.153739 ], [ 126.929543, 35.153733 ], [ 126.929574, 35.153724 ], [ 126.929603, 35.153713 ], [ 126.929631, 35.153699 ], [ 126.929657, 35.153683 ], [ 126.929681, 35.153665 ], [ 126.929702, 35.153646 ], [ 126.929722, 35.153624 ], [ 126.929738, 35.153602 ], [ 126.929752, 35.153578 ], [ 126.929763, 35.153553 ], [ 126.929771, 35.153527 ], [ 126.929776, 35.153501 ], [ 126.929777, 35.153474 ] ] ] } },
{ "type": "Feature", "properties": { "카메라대수": 3 }, "geometry": { "type": "Polygon", "coordinates": [ [ [ 126.930113, 35.147256 ], [ 126.930112, 35.14723 ], [ 126.930107, 35.147203 ], [ 126.930099, 35.147178 ], [ 126.930088, 35.147153 ], [ 126.930074, 35.147129 ], [ 126.930058, 35.147106 ], [ 126.930039, 35.147085 ], [ 126.930017, 35.147065 ], [ 126.929993, 35.147047 ], [ 126.929967, 35.147031 ], [ 126.929939, 35.147018 ], [ 126.92991, 35.147006 ], [ 126.92988, 35.146997 ], [ 126.929848, 35.146991 ], [ 126.929817, 35.146987 ], [ 126.929784, 35.146986 ], [ 126.929752, 35.146987 ], [ 126.92972, 35.146991 ], [ 126.929689, 35.146997 ], [ 126.929658, 35.147006 ], [ 126.929629, 35.147017 ], [ 126.929601, 35.147031 ], [ 126.929575, 35.147047 ], [ 126.929551, 35.147065 ], [ 126.92953, 35.147084 ], [ 126.92951, 35.147106 ], [ 126.929494, 35.147128 ], [ 126.92948, 35.147152 ], [ 126.929469, 35.147177 ], [ 126.929461, 35.147203 ], [ 126.929456, 35.147229 ], [ 126.929455, 35.147256 ], [ 126.929456, 35.147282 ], [ 126.929461, 35.147309 ], [ 126.929469, 35.147334 ], [ 126.92948, 35.147359 ], [ 126.929494, 35.147383 ], [ 126.92951, 35.147406 ], [ 126.929529, 35.147427 ], [ 126.929551, 35.147447 ], [ 126.929575, 35.147465 ], [ 126.929601, 35.147481 ], [ 126.929629, 35.147494 ], [ 126.929658, 35.147506 ], [ 126.929688, 35.147515 ], [ 126.92972, 35.147521 ], [ 126.929751, 35.147525 ], [ 126.929784, 35.147526 ], [ 126.929816, 35.147525 ], [ 126.929848, 35.147521 ], [ 126.929879, 35.147515 ], [ 126.92991, 35.147506 ], [ 126.929939, 35.147495 ], [ 126.929967, 35.147481 ], [ 126.929993, 35.147465 ], [ 126.930017, 35.147447 ], [ 126.930038, 35.147428 ], [ 126.930058, 35.147406 ], [ 126.930074, 35.147384 ], [ 126.930088, 35.14736 ], [ 126.930099, 35.147335 ], [ 126.930107, 35.147309 ], [ 126.930112, 35.147283 ], [ 126.930113, 35.147256 ] ] ] } },
{ "type": "Feature", "properties": { "카메라대수": 3 }, "geometry": { "type": "Polygon", "coordinates": [ [ [ 126.930262, 35.148201 ], [ 126.930261, 35.148175 ], [ 126.930256, 35.148148 ], [ 126.930248, 35.148123 ], [ 126.930237, 35.148098 ], [ 126.930223, 35.148074 ], [ 126.930207, 35.148051 ], [ 126.930188, 35.14803 ], [ 126.930166, 35.14801 ], [ 126.930142, 35.147992 ], [ 126.930116, 35.147976 ], [ 126.930088, 35.147963 ], [ 126.930059, 35.147951 ], [ 126.930029, 35.147942 ], [ 126.929997, 35.147936 ], [ 126.929966, 35.147932 ], [ 126.929933, 35.147931 ], [ 126.929901, 35.147932 ], [ 126.929869, 35.147936 ], [ 126.929838, 35.147942 ], [ 126.929807, 35.147951 ], [ 126.929778, 35.147962 ], [ 126.92975, 35.147976 ], [ 126.929724, 35.147992 ], [ 126.9297, 35.14801 ], [ 126.929679, 35.148029 ], [ 126.929659, 35.148051 ], [ 126.929643, 35.148073 ], [ 126.929629, 35.148097 ], [ 126.929618, 35.148122 ], [ 126.92961, 35.148148 ], [ 126.929605, 35.148174 ], [ 126.929604, 35.148201 ], [ 126.929605, 35.148227 ], [ 126.92961, 35.148254 ], [ 126.929618, 35.148279 ], [ 126.929629, 35.148304 ], [ 126.929643, 35.148328 ], [ 126.929659, 35.148351 ], [ 126.929678, 35.148372 ], [ 126.9297, 35.148392 ], [ 126.929724, 35.14841 ], [ 126.92975, 35.148426 ], [ 126.929778, 35.148439 ], [ 126.929807, 35.148451 ], [ 126.929837, 35.14846 ], [ 126.929869, 35.148466 ], [ 126.9299, 35.14847 ], [ 126.929933, 35.148471 ], [ 126.929965, 35.14847 ], [ 126.929997, 35.148466 ], [ 126.930028, 35.14846 ], [ 126.930059, 35.148451 ], [ 126.930088, 35.14844 ], [ 126.930116, 35.148426 ], [ 126.930142, 35.14841 ], [ 126.930166, 35.148392 ], [ 126.930187, 35.148373 ], [ 126.930207, 35.148351 ], [ 126.930223, 35.148329 ], [ 126.930237, 35.148305 ], [ 126.930248, 35.14828 ], [ 126.930256, 35.148254 ], [ 126.930261, 35.148228 ], [ 126.930262, 35.148201 ] ] ] } },
{ "type": "Feature", "properties": { "카메라대수": 4 }, "geometry": { "type": "Polygon", "coordinates": [ [ [ 126.930535, 35.152605 ], [ 126.930534, 35.152579 ], [ 126.930529, 35.152552 ], [ 126.930521, 35.152527 ], [ 126.93051, 35.152502 ], [ 126.930496, 35.152478 ], [ 126.93048, 35.152455 ], [ 126.930461, 35.152434 ], [ 126.930439, 35.152414 ], [ 126.930415, 35.152396 ], [ 126.930389, 35.15238 ], [ 126.930361, 35.152367 ], [ 126.930332, 35.152355 ], [ 126.930302, 35.152346 ], [ 126.93027, 35.15234 ], [ 126.930239, 35.152336 ], [ 126.930206, 35.152335 ], [ 126.930174, 35.152336 ], [ 126.930142, 35.15234 ], [ 126.930111, 35.152346 ], [ 126.93008, 35.152355 ], [ 126.930051, 35.152366 ], [ 126.930023, 35.15238 ], [ 126.929997, 35.152396 ], [ 126.929973, 35.152414 ], [ 126.929952, 35.152433 ], [ 126.929932, 35.152455 ], [ 126.929916, 35.152477 ], [ 126.929902, 35.152501 ], [ 126.929891, 35.152526 ], [ 126.929883, 35.152552 ], [ 126.929878, 35.152578 ], [ 126.929877, 35.152605 ], [ 126.929878, 35.152631 ], [ 126.929883, 35.152658 ], [ 126.929891, 35.152683 ], [ 126.929902, 35.152708 ], [ 126.929916, 35.152732 ], [ 126.929932, 35.152755 ], [ 126.929951, 35.152776 ], [ 126.929973, 35.152796 ], [ 126.929997, 35.152814 ], [ 126.930023, 35.15283 ], [ 126.930051, 35.152843 ], [ 126.93008, 35.152855 ], [ 126.93011, 35.152864 ], [ 126.930142, 35.15287 ], [ 126.930173, 35.152874 ], [ 126.930206, 35.152875 ], [ 126.930238, 35.152874 ], [ 126.93027, 35.15287 ], [ 126.930301, 35.152864 ], [ 126.930332, 35.152855 ], [ 126.930361, 35.152844 ], [ 126.930389, 35.15283 ], [ 126.930415, 35.152814 ], [ 126.930439, 35.152796 ], [ 126.93046, 35.152777 ], [ 126.93048, 35.152755 ], [ 126.930496, 35.152733 ], [ 126.93051, 35.152709 ], [ 126.930521, 35.152684 ], [ 126.930529, 35.152658 ], [ 126.930534, 35.152632 ], [ 126.930535, 35.152605 ] ] ] } },
{ "type": "Feature", "properties": { "카메라대수": 4 }, "geometry": { "type": "Polygon", "coordinates": [ [ [ 126.93094, 35.149228 ], [ 126.930939, 35.149202 ], [ 126.930934, 35.149175 ], [ 126.930926, 35.14915 ], [ 126.930915, 35.149125 ], [ 126.930901, 35.149101 ], [ 126.930885, 35.149078 ], [ 126.930866, 35.149057 ], [ 126.930844, 35.149037 ], [ 126.93082, 35.149019 ], [ 126.930794, 35.149003 ], [ 126.930766, 35.14899 ], [ 126.930737, 35.148978 ], [ 126.930707, 35.148969 ], [ 126.930675, 35.148963 ], [ 126.930643, 35.148959 ], [ 126.930611, 35.148958 ], [ 126.930579, 35.148959 ], [ 126.930547, 35.148963 ], [ 126.930516, 35.148969 ], [ 126.930485, 35.148978 ], [ 126.930456, 35.148989 ], [ 126.930428, 35.149003 ], [ 126.930402, 35.149019 ], [ 126.930378, 35.149037 ], [ 126.930357, 35.149056 ], [ 126.930337, 35.149078 ], [ 126.930321, 35.1491 ], [ 126.930307, 35.149124 ], [ 126.930296, 35.149149 ], [ 126.930288, 35.149175 ], [ 126.930283, 35.149201 ], [ 126.930282, 35.149228 ], [ 126.930283, 35.149254 ], [ 126.930288, 35.149281 ], [ 126.930296, 35.149306 ], [ 126.930307, 35.149331 ], [ 126.930321, 35.149355 ], [ 126.930337, 35.149378 ], [ 126.930356, 35.149399 ], [ 126.930378, 35.149419 ], [ 126.930402, 35.149437 ], [ 126.930428, 35.149453 ], [ 126.930456, 35.149466 ], [ 126.930485, 35.149478 ], [ 126.930515, 35.149487 ], [ 126.930547, 35.149493 ], [ 126.930579, 35.149497 ], [ 126.930611, 35.149498 ], [ 126.930643, 35.149497 ], [ 126.930675, 35.149493 ], [ 126.930706, 35.149487 ], [ 126.930737, 35.149478 ], [ 126.930766, 35.149467 ], [ 126.930794, 35.149453 ], [ 126.93082, 35.149437 ], [ 126.930844, 35.149419 ], [ 126.930865, 35.1494 ], [ 126.930885, 35.149378 ], [ 126.930901, 35.149356 ], [ 126.930915, 35.149332 ], [ 126.930926, 35.149307 ], [ 126.930934, 35.149281 ], [ 126.930939, 35.149255 ], [ 126.93094, 35.149228 ] ] ] } },
{ "type": "Feature", "properties": { "카메라대수": 3 }, "geometry": { "type": "Polygon", "coordinates": [ [ [ 126.931295, 35.150134 ], [ 126.931294, 35.150108 ], [ 126.931289, 35.150081 ], [ 126.931281, 35.150056 ], [ 126.93127, 35.150031 ], [ 126.931256, 35.150007 ], [ 126.93124, 35.149984 ], [ 126.931221, 35.149963 ], [ 126.931199, 35.149943 ], [ 126.931175, 35.149925 ], [ 126.931149, 35.149909 ], [ 126.931121, 35.149896 ], [ 126.931092, 35.149884 ], [ 126.931062, 35.149875 ], [ 126.93103, 35.149869 ], [ 126.930998, 35.149865 ], [ 126.930966, 35.149864 ], [ 126.930934, 35.149865 ], [ 126.930902, 35.149869 ], [ 126.930871, 35.149875 ], [ 126.93084, 35.149884 ], [ 126.930811, 35.149895 ], [ 126.930783, 35.149909 ], [ 126.930757, 35.149925 ], [ 126.930733, 35.149943 ], [ 126.930712, 35.149962 ], [ 126.930692, 35.149984 ], [ 126.930676, 35.150006 ], [ 126.930662, 35.15003 ], [ 126.930651, 35.150055 ], [ 126.930643, 35.150081 ], [ 126.930638, 35.150107 ], [ 126.930637, 35.150134 ], [ 126.930638, 35.15016 ], [ 126.930643, 35.150187 ], [ 126.930651, 35.150212 ], [ 126.930662, 35.150237 ], [ 126.930676, 35.150261 ], [ 126.930692, 35.150284 ], [ 126.930711, 35.150305 ], [ 126.930733, 35.150325 ], [ 126.930757, 35.150343 ], [ 126.930783, 35.150359 ], [ 126.930811, 35.150372 ], [ 126.93084, 35.150384 ], [ 126.93087, 35.150393 ], [ 126.930902, 35.150399 ], [ 126.930934, 35.150403 ], [ 126.930966, 35.150404 ], [ 126.930998, 35.150403 ], [ 126.93103, 35.150399 ], [ 126.931061, 35.150393 ], [ 126.931092, 35.150384 ], [ 126.931121, 35.150373 ], [ 126.931149, 35.150359 ], [ 126.931175, 35.150343 ], [ 126.931199, 35.150325 ], [ 126.93122, 35.150306 ], [ 126.93124, 35.150284 ], [ 126.931256, 35.150262 ], [ 126.93127, 35.150238 ], [ 126.931281, 35.150213 ], [ 126.931289, 35.150187 ], [ 126.931294, 35.150161 ], [ 126.931295, 35.150134 ] ] ] } },
{ "type": "Feature", "properties": { "카메라대수": 3 }, "geometry": { "type": "Polygon", "coordinates": [ [ [ 126.931912, 35.15163 ], [ 126.931911, 35.151604 ], [ 126.931906, 35.151577 ], [ 126.931898, 35.151552 ], [ 126.931887, 35.151527 ], [ 126.931873, 35.151503 ], [ 126.931857, 35.15148 ], [ 126.931838, 35.151459 ], [ 126.931816, 35.151439 ], [ 126.931792, 35.151421 ], [ 126.931766, 35.151405 ], [ 126.931738, 35.151392 ], [ 126.931709, 35.15138 ], [ 126.931679, 35.151371 ], [ 126.931647, 35.151365 ], [ 126.931615, 35.151361 ], [ 126.931583, 35.15136 ], [ 126.931551, 35.151361 ], [ 126.931519, 35.151365 ], [ 126.931488, 35.151371 ], [ 126.931457, 35.15138 ], [ 126.931428, 35.151391 ], [ 126.9314, 35.151405 ], [ 126.931374, 35.151421 ], [ 126.93135, 35.151439 ], [ 126.931329, 35.151458 ], [ 126.931309, 35.15148 ], [ 126.931293, 35.151502 ], [ 126.931279, 35.151526 ], [ 126.931268, 35.151551 ], [ 126.93126, 35.151577 ], [ 126.931255, 35.151603 ], [ 126.931254, 35.15163 ], [ 126.931255, 35.151656 ], [ 126.93126, 35.151683 ], [ 126.931268, 35.151708 ], [ 126.931279, 35.151733 ], [ 126.931293, 35.151757 ], [ 126.931309, 35.15178 ], [ 126.931328, 35.151801 ], [ 126.93135, 35.151821 ], [ 126.931374, 35.151839 ], [ 126.9314, 35.151855 ], [ 126.931428, 35.151868 ], [ 126.931457, 35.15188 ], [ 126.931487, 35.151889 ], [ 126.931519, 35.151895 ], [ 126.931551, 35.151899 ], [ 126.931583, 35.1519 ], [ 126.931615, 35.151899 ], [ 126.931647, 35.151895 ], [ 126.931678, 35.151889 ], [ 126.931709, 35.15188 ], [ 126.931738, 35.151869 ], [ 126.931766, 35.151855 ], [ 126.931792, 35.151839 ], [ 126.931816, 35.151821 ], [ 126.931837, 35.151802 ], [ 126.931857, 35.15178 ], [ 126.931873, 35.151758 ], [ 126.931887, 35.151734 ], [ 126.931898, 35.151709 ], [ 126.931906, 35.151683 ], [ 126.931911, 35.151657 ], [ 126.931912, 35.15163 ] ] ] } },
{ "type": "Feature", "properties": { "카메라대수": 4 }, "geometry": { "type": "Polygon", "coordinates": [ [ [ 126.932067, 35.152195 ], [ 126.932066, 35.152169 ], [ 126.932061, 35.152142 ], [ 126.932053, 35.152117 ], [ 126.932042, 35.152092 ], [ 126.932028, 35.152068 ], [ 126.932012, 35.152045 ], [ 126.931993, 35.152024 ], [ 126.931971, 35.152004 ], [ 126.931947, 35.151986 ], [ 126.931921, 35.15197 ], [ 126.931893, 35.151957 ], [ 126.931864, 35.151945 ], [ 126.931834, 35.151936 ], [ 126.931802, 35.15193 ], [ 126.93177, 35.151926 ], [ 126.931738, 35.151925 ], [ 126.931706, 35.151926 ], [ 126.931674, 35.15193 ], [ 126.931643, 35.151936 ], [ 126.931612, 35.151945 ], [ 126.931583, 35.151956 ], [ 126.931555, 35.15197 ], [ 126.931529, 35.151986 ], [ 126.931505, 35.152004 ], [ 126.931484, 35.152023 ], [ 126.931464, 35.152045 ], [ 126.931448, 35.152067 ], [ 126.931434, 35.152091 ], [ 126.931423, 35.152116 ], [ 126.931415, 35.152142 ], [ 126.93141, 35.152168 ], [ 126.931409, 35.152195 ], [ 126.93141, 35.152221 ], [ 126.931415, 35.152248 ], [ 126.931423, 35.152273 ], [ 126.931434, 35.152298 ], [ 126.931448, 35.152322 ], [ 126.931464, 35.152345 ], [ 126.931483, 35.152366 ], [ 126.931505, 35.152386 ], [ 126.931529, 35.152404 ], [ 126.931555, 35.15242 ], [ 126.931583, 35.152433 ], [ 126.931612, 35.152445 ], [ 126.931642, 35.152454 ], [ 126.931674, 35.15246 ], [ 126.931706, 35.152464 ], [ 126.931738, 35.152465 ], [ 126.93177, 35.152464 ], [ 126.931802, 35.15246 ], [ 126.931833, 35.152454 ], [ 126.931864, 35.152445 ], [ 126.931893, 35.152434 ], [ 126.931921, 35.15242 ], [ 126.931947, 35.152404 ], [ 126.931971, 35.152386 ], [ 126.931992, 35.152367 ], [ 126.932012, 35.152345 ], [ 126.932028, 35.152323 ], [ 126.932042, 35.152299 ], [ 126.932053, 35.152274 ], [ 126.932061, 35.152248 ], [ 126.932066, 35.152222 ], [ 126.932067, 35.152195 ] ] ] } },
{ "type": "Feature", "properties": { "카메라대수": 3 }, "geometry": { "type": "Polygon", "coordinates": [ [ [ 126.932151, 35.149079 ], [ 126.93215, 35.149053 ], [ 126.932145, 35.149026 ], [ 126.932137, 35.149001 ], [ 126.932126, 35.148976 ], [ 126.932112, 35.148952 ], [ 126.932096, 35.148929 ], [ 126.932077, 35.148908 ], [ 126.932055, 35.148888 ], [ 126.932031, 35.14887 ], [ 126.932005, 35.148854 ], [ 126.931977, 35.148841 ], [ 126.931948, 35.148829 ], [ 126.931918, 35.14882 ], [ 126.931886, 35.148814 ], [ 126.931854, 35.14881 ], [ 126.931822, 35.148809 ], [ 126.93179, 35.14881 ], [ 126.931758, 35.148814 ], [ 126.931727, 35.14882 ], [ 126.931696, 35.148829 ], [ 126.931667, 35.14884 ], [ 126.931639, 35.148854 ], [ 126.931613, 35.14887 ], [ 126.931589, 35.148888 ], [ 126.931568, 35.148907 ], [ 126.931548, 35.148929 ], [ 126.931532, 35.148951 ], [ 126.931518, 35.148975 ], [ 126.931507, 35.149 ], [ 126.931499, 35.149026 ], [ 126.931494, 35.149052 ], [ 126.931493, 35.149079 ], [ 126.931494, 35.149105 ], [ 126.931499, 35.149132 ], [ 126.931507, 35.149157 ], [ 126.931518, 35.149182 ], [ 126.931532, 35.149206 ], [ 126.931548, 35.149229 ], [ 126.931567, 35.14925 ], [ 126.931589, 35.14927 ], [ 126.931613, 35.149288 ], [ 126.931639, 35.149304 ], [ 126.931667, 35.149317 ], [ 126.931696, 35.149329 ], [ 126.931726, 35.149338 ], [ 126.931758, 35.149344 ], [ 126.93179, 35.149348 ], [ 126.931822, 35.149349 ], [ 126.931854, 35.149348 ], [ 126.931886, 35.149344 ], [ 126.931917, 35.149338 ], [ 126.931948, 35.149329 ], [ 126.931977, 35.149318 ], [ 126.932005, 35.149304 ], [ 126.932031, 35.149288 ], [ 126.932055, 35.14927 ], [ 126.932076, 35.149251 ], [ 126.932096, 35.149229 ], [ 126.932112, 35.149207 ], [ 126.932126, 35.149183 ], [ 126.932137, 35.149158 ], [ 126.932145, 35.149132 ], [ 126.93215, 35.149106 ], [ 126.932151, 35.149079 ] ] ] } },
{ "type": "Feature", "properties": { "카메라대수": 4 }, "geometry": { "type": "Polygon", "coordinates": [ [ [ 126.932325, 35.147039 ], [ 126.932324, 35.147013 ], [ 126.932319, 35.146986 ], [ 126.932311, 35.146961 ], [ 126.9323, 35.146936 ], [ 126.932286, 35.146912 ], [ 126.93227, 35.146889 ], [ 126.932251, 35.146868 ], [ 126.932229, 35.146848 ], [ 126.932205, 35.14683 ], [ 126.932179, 35.146814 ], [ 126.932151, 35.146801 ], [ 126.932122, 35.146789 ], [ 126.932092, 35.14678 ], [ 126.93206, 35.146774 ], [ 126.932028, 35.14677 ], [ 126.931996, 35.146769 ], [ 126.931964, 35.14677 ], [ 126.931932, 35.146774 ], [ 126.931901, 35.14678 ], [ 126.93187, 35.146789 ], [ 126.931841, 35.1468 ], [ 126.931813, 35.146814 ], [ 126.931787, 35.14683 ], [ 126.931763, 35.146848 ], [ 126.931742, 35.146867 ], [ 126.931722, 35.146889 ], [ 126.931706, 35.146911 ], [ 126.931692, 35.146935 ], [ 126.931681, 35.14696 ], [ 126.931673, 35.146986 ], [ 126.931668, 35.147012 ], [ 126.931667, 35.147039 ], [ 126.931668, 35.147065 ], [ 126.931673, 35.147092 ], [ 126.931681, 35.147117 ], [ 126.931692, 35.147142 ], [ 126.931706, 35.147166 ], [ 126.931722, 35.147189 ], [ 126.931741, 35.14721 ], [ 126.931763, 35.14723 ], [ 126.931787, 35.147248 ], [ 126.931813, 35.147264 ], [ 126.931841, 35.147277 ], [ 126.93187, 35.147289 ], [ 126.9319, 35.147298 ], [ 126.931932, 35.147304 ], [ 126.931964, 35.147308 ], [ 126.931996, 35.147309 ], [ 126.932028, 35.147308 ], [ 126.93206, 35.147304 ], [ 126.932091, 35.147298 ], [ 126.932122, 35.147289 ], [ 126.932151, 35.147278 ], [ 126.932179, 35.147264 ], [ 126.932205, 35.147248 ], [ 126.932229, 35.14723 ], [ 126.93225, 35.147211 ], [ 126.93227, 35.147189 ], [ 126.932286, 35.147167 ], [ 126.9323, 35.147143 ], [ 126.932311, 35.147118 ], [ 126.932319, 35.147092 ], [ 126.932324, 35.147066 ], [ 126.932325, 35.147039 ] ] ] } },
{ "type": "Feature", "properties": { "카메라대수": 3 }, "geometry": { "type": "Polygon", "coordinates": [ [ [ 126.932771, 35.152134 ], [ 126.93277, 35.152108 ], [ 126.932765, 35.152081 ], [ 126.932757, 35.152056 ], [ 126.932746, 35.152031 ], [ 126.932732, 35.152007 ], [ 126.932716, 35.151984 ], [ 126.932697, 35.151963 ], [ 126.932675, 35.151943 ], [ 126.932651, 35.151925 ], [ 126.932625, 35.151909 ], [ 126.932597, 35.151896 ], [ 126.932568, 35.151884 ], [ 126.932538, 35.151875 ], [ 126.932506, 35.151869 ], [ 126.932474, 35.151865 ], [ 126.932442, 35.151864 ], [ 126.93241, 35.151865 ], [ 126.932378, 35.151869 ], [ 126.932347, 35.151875 ], [ 126.932316, 35.151884 ], [ 126.932287, 35.151895 ], [ 126.932259, 35.151909 ], [ 126.932233, 35.151925 ], [ 126.932209, 35.151943 ], [ 126.932188, 35.151962 ], [ 126.932168, 35.151984 ], [ 126.932152, 35.152006 ], [ 126.932138, 35.15203 ], [ 126.932127, 35.152055 ], [ 126.932119, 35.152081 ], [ 126.932114, 35.152107 ], [ 126.932113, 35.152134 ], [ 126.932114, 35.15216 ], [ 126.932119, 35.152187 ], [ 126.932127, 35.152212 ], [ 126.932138, 35.152237 ], [ 126.932152, 35.152261 ], [ 126.932168, 35.152284 ], [ 126.932187, 35.152305 ], [ 126.932209, 35.152325 ], [ 126.932233, 35.152343 ], [ 126.932259, 35.152359 ], [ 126.932287, 35.152372 ], [ 126.932316, 35.152384 ], [ 126.932346, 35.152393 ], [ 126.932378, 35.152399 ], [ 126.93241, 35.152403 ], [ 126.932442, 35.152404 ], [ 126.932474, 35.152403 ], [ 126.932506, 35.152399 ], [ 126.932537, 35.152393 ], [ 126.932568, 35.152384 ], [ 126.932597, 35.152373 ], [ 126.932625, 35.152359 ], [ 126.932651, 35.152343 ], [ 126.932675, 35.152325 ], [ 126.932696, 35.152306 ], [ 126.932716, 35.152284 ], [ 126.932732, 35.152262 ], [ 126.932746, 35.152238 ], [ 126.932757, 35.152213 ], [ 126.932765, 35.152187 ], [ 126.93277, 35.152161 ], [ 126.932771, 35.152134 ] ] ] } },
{ "type": "Feature", "properties": { "카메라대수": 2 }, "geometry": { "type": "Polygon", "coordinates": [ [ [ 126.933119, 35.148664 ], [ 126.933118, 35.148638 ], [ 126.933113, 35.148611 ], [ 126.933105, 35.148586 ], [ 126.933094, 35.148561 ], [ 126.93308, 35.148537 ], [ 126.933064, 35.148514 ], [ 126.933045, 35.148493 ], [ 126.933023, 35.148473 ], [ 126.932999, 35.148455 ], [ 126.932973, 35.148439 ], [ 126.932945, 35.148426 ], [ 126.932916, 35.148414 ], [ 126.932886, 35.148405 ], [ 126.932854, 35.148399 ], [ 126.932822, 35.148395 ], [ 126.93279, 35.148394 ], [ 126.932758, 35.148395 ], [ 126.932726, 35.148399 ], [ 126.932695, 35.148405 ], [ 126.932664, 35.148414 ], [ 126.932635, 35.148425 ], [ 126.932607, 35.148439 ], [ 126.932581, 35.148455 ], [ 126.932557, 35.148473 ], [ 126.932536, 35.148492 ], [ 126.932516, 35.148514 ], [ 126.9325, 35.148536 ], [ 126.932486, 35.14856 ], [ 126.932475, 35.148585 ], [ 126.932467, 35.148611 ], [ 126.932462, 35.148637 ], [ 126.932461, 35.148664 ], [ 126.932462, 35.14869 ], [ 126.932467, 35.148717 ], [ 126.932475, 35.148742 ], [ 126.932486, 35.148767 ], [ 126.9325, 35.148791 ], [ 126.932516, 35.148814 ], [ 126.932535, 35.148835 ], [ 126.932557, 35.148855 ], [ 126.932581, 35.148873 ], [ 126.932607, 35.148889 ], [ 126.932635, 35.148902 ], [ 126.932664, 35.148914 ], [ 126.932694, 35.148923 ], [ 126.932726, 35.148929 ], [ 126.932758, 35.148933 ], [ 126.93279, 35.148934 ], [ 126.932822, 35.148933 ], [ 126.932854, 35.148929 ], [ 126.932885, 35.148923 ], [ 126.932916, 35.148914 ], [ 126.932945, 35.148903 ], [ 126.932973, 35.148889 ], [ 126.932999, 35.148873 ], [ 126.933023, 35.148855 ], [ 126.933044, 35.148836 ], [ 126.933064, 35.148814 ], [ 126.93308, 35.148792 ], [ 126.933094, 35.148768 ], [ 126.933105, 35.148743 ], [ 126.933113, 35.148717 ], [ 126.933118, 35.148691 ], [ 126.933119, 35.148664 ] ] ] } },
{ "type": "Feature", "properties": { "카메라대수": 4 }, "geometry": { "type": "Polygon", "coordinates": [ [ [ 126.93343, 35.150675 ], [ 126.933429, 35.150649 ], [ 126.933424, 35.150622 ], [ 126.933416, 35.150597 ], [ 126.933405, 35.150572 ], [ 126.933391, 35.150548 ], [ 126.933375, 35.150525 ], [ 126.933356, 35.150504 ], [ 126.933334, 35.150484 ], [ 126.93331, 35.150466 ], [ 126.933284, 35.15045 ], [ 126.933256, 35.150437 ], [ 126.933227, 35.150425 ], [ 126.933197, 35.150416 ], [ 126.933165, 35.15041 ], [ 126.933133, 35.150406 ], [ 126.933101, 35.150405 ], [ 126.933069, 35.150406 ], [ 126.933037, 35.15041 ], [ 126.933006, 35.150416 ], [ 126.932975, 35.150425 ], [ 126.932946, 35.150436 ], [ 126.932918, 35.15045 ], [ 126.932892, 35.150466 ], [ 126.932868, 35.150484 ], [ 126.932847, 35.150503 ], [ 126.932827, 35.150525 ], [ 126.932811, 35.150547 ], [ 126.932797, 35.150571 ], [ 126.932786, 35.150596 ], [ 126.932778, 35.150622 ], [ 126.932773, 35.150648 ], [ 126.932772, 35.150675 ], [ 126.932773, 35.150701 ], [ 126.932778, 35.150728 ], [ 126.932786, 35.150753 ], [ 126.932797, 35.150778 ], [ 126.932811, 35.150802 ], [ 126.932827, 35.150825 ], [ 126.932846, 35.150846 ], [ 126.932868, 35.150866 ], [ 126.932892, 35.150884 ], [ 126.932918, 35.1509 ], [ 126.932946, 35.150913 ], [ 126.932975, 35.150925 ], [ 126.933005, 35.150934 ], [ 126.933037, 35.15094 ], [ 126.933069, 35.150944 ], [ 126.933101, 35.150945 ], [ 126.933133, 35.150944 ], [ 126.933165, 35.15094 ], [ 126.933196, 35.150934 ], [ 126.933227, 35.150925 ], [ 126.933256, 35.150914 ], [ 126.933284, 35.1509 ], [ 126.93331, 35.150884 ], [ 126.933334, 35.150866 ], [ 126.933355, 35.150847 ], [ 126.933375, 35.150825 ], [ 126.933391, 35.150803 ], [ 126.933405, 35.150779 ], [ 126.933416, 35.150754 ], [ 126.933424, 35.150728 ], [ 126.933429, 35.150702 ], [ 126.93343, 35.150675 ] ] ] } },
{ "type": "Feature", "properties": { "카메라대수": 3 }, "geometry": { "type": "Polygon", "coordinates": [ [ [ 126.933439, 35.152062 ], [ 126.933438, 35.152036 ], [ 126.933433, 35.152009 ], [ 126.933425, 35.151984 ], [ 126.933414, 35.151959 ], [ 126.9334, 35.151935 ], [ 126.933384, 35.151912 ], [ 126.933365, 35.151891 ], [ 126.933343, 35.151871 ], [ 126.933319, 35.151853 ], [ 126.933293, 35.151837 ], [ 126.933265, 35.151824 ], [ 126.933236, 35.151812 ], [ 126.933206, 35.151803 ], [ 126.933174, 35.151797 ], [ 126.933142, 35.151793 ], [ 126.93311, 35.151792 ], [ 126.933078, 35.151793 ], [ 126.933046, 35.151797 ], [ 126.933015, 35.151803 ], [ 126.932984, 35.151812 ], [ 126.932955, 35.151823 ], [ 126.932927, 35.151837 ], [ 126.932901, 35.151853 ], [ 126.932877, 35.151871 ], [ 126.932856, 35.15189 ], [ 126.932836, 35.151912 ], [ 126.93282, 35.151934 ], [ 126.932806, 35.151958 ], [ 126.932795, 35.151983 ], [ 126.932787, 35.152009 ], [ 126.932782, 35.152035 ], [ 126.932781, 35.152062 ], [ 126.932782, 35.152088 ], [ 126.932787, 35.152115 ], [ 126.932795, 35.15214 ], [ 126.932806, 35.152165 ], [ 126.93282, 35.152189 ], [ 126.932836, 35.152212 ], [ 126.932855, 35.152233 ], [ 126.932877, 35.152253 ], [ 126.932901, 35.152271 ], [ 126.932927, 35.152287 ], [ 126.932955, 35.1523 ], [ 126.932984, 35.152312 ], [ 126.933014, 35.152321 ], [ 126.933046, 35.152327 ], [ 126.933078, 35.152331 ], [ 126.93311, 35.152332 ], [ 126.933142, 35.152331 ], [ 126.933174, 35.152327 ], [ 126.933205, 35.152321 ], [ 126.933236, 35.152312 ], [ 126.933265, 35.152301 ], [ 126.933293, 35.152287 ], [ 126.933319, 35.152271 ], [ 126.933343, 35.152253 ], [ 126.933364, 35.152234 ], [ 126.933384, 35.152212 ], [ 126.9334, 35.15219 ], [ 126.933414, 35.152166 ], [ 126.933425, 35.152141 ], [ 126.933433, 35.152115 ], [ 126.933438, 35.152089 ], [ 126.933439, 35.152062 ] ] ] } },
{ "type": "Feature", "properties": { "카메라대수": 4 }, "geometry": { "type": "Polygon", "coordinates": [ [ [ 126.933708, 35.151224 ], [ 126.933707, 35.151198 ], [ 126.933702, 35.151171 ], [ 126.933694, 35.151146 ], [ 126.933683, 35.151121 ], [ 126.933669, 35.151097 ], [ 126.933653, 35.151074 ], [ 126.933634, 35.151053 ], [ 126.933612, 35.151033 ], [ 126.933588, 35.151015 ], [ 126.933562, 35.150999 ], [ 126.933534, 35.150986 ], [ 126.933505, 35.150974 ], [ 126.933475, 35.150965 ], [ 126.933443, 35.150959 ], [ 126.933411, 35.150955 ], [ 126.933379, 35.150954 ], [ 126.933347, 35.150955 ], [ 126.933315, 35.150959 ], [ 126.933284, 35.150965 ], [ 126.933253, 35.150974 ], [ 126.933224, 35.150985 ], [ 126.933196, 35.150999 ], [ 126.93317, 35.151015 ], [ 126.933146, 35.151033 ], [ 126.933125, 35.151052 ], [ 126.933105, 35.151074 ], [ 126.933089, 35.151096 ], [ 126.933075, 35.15112 ], [ 126.933064, 35.151145 ], [ 126.933056, 35.151171 ], [ 126.933051, 35.151197 ], [ 126.93305, 35.151224 ], [ 126.933051, 35.15125 ], [ 126.933056, 35.151277 ], [ 126.933064, 35.151302 ], [ 126.933075, 35.151327 ], [ 126.933089, 35.151351 ], [ 126.933105, 35.151374 ], [ 126.933124, 35.151395 ], [ 126.933146, 35.151415 ], [ 126.93317, 35.151433 ], [ 126.933196, 35.151449 ], [ 126.933224, 35.151462 ], [ 126.933253, 35.151474 ], [ 126.933283, 35.151483 ], [ 126.933315, 35.151489 ], [ 126.933347, 35.151493 ], [ 126.933379, 35.151494 ], [ 126.933411, 35.151493 ], [ 126.933443, 35.151489 ], [ 126.933474, 35.151483 ], [ 126.933505, 35.151474 ], [ 126.933534, 35.151463 ], [ 126.933562, 35.151449 ], [ 126.933588, 35.151433 ], [ 126.933612, 35.151415 ], [ 126.933633, 35.151396 ], [ 126.933653, 35.151374 ], [ 126.933669, 35.151352 ], [ 126.933683, 35.151328 ], [ 126.933694, 35.151303 ], [ 126.933702, 35.151277 ], [ 126.933707, 35.151251 ], [ 126.933708, 35.151224 ] ] ] } },
{ "type": "Feature", "properties": { "카메라대수": 3 }, "geometry": { "type": "Polygon", "coordinates": [ [ [ 126.934278, 35.151681 ], [ 126.934277, 35.151655 ], [ 126.934272, 35.151628 ], [ 126.934264, 35.151603 ], [ 126.934253, 35.151578 ], [ 126.934239, 35.151554 ], [ 126.934223, 35.151531 ], [ 126.934204, 35.15151 ], [ 126.934182, 35.15149 ], [ 126.934158, 35.151472 ], [ 126.934132, 35.151456 ], [ 126.934104, 35.151443 ], [ 126.934075, 35.151431 ], [ 126.934045, 35.151422 ], [ 126.934013, 35.151416 ], [ 126.933981, 35.151412 ], [ 126.933949, 35.151411 ], [ 126.933917, 35.151412 ], [ 126.933885, 35.151416 ], [ 126.933854, 35.151422 ], [ 126.933823, 35.151431 ], [ 126.933794, 35.151442 ], [ 126.933766, 35.151456 ], [ 126.93374, 35.151472 ], [ 126.933716, 35.15149 ], [ 126.933695, 35.151509 ], [ 126.933675, 35.151531 ], [ 126.933659, 35.151553 ], [ 126.933645, 35.151577 ], [ 126.933634, 35.151602 ], [ 126.933626, 35.151628 ], [ 126.933621, 35.151654 ], [ 126.93362, 35.151681 ], [ 126.933621, 35.151707 ], [ 126.933626, 35.151734 ], [ 126.933634, 35.151759 ], [ 126.933645, 35.151784 ], [ 126.933659, 35.151808 ], [ 126.933675, 35.151831 ], [ 126.933694, 35.151852 ], [ 126.933716, 35.151872 ], [ 126.93374, 35.15189 ], [ 126.933766, 35.151906 ], [ 126.933794, 35.151919 ], [ 126.933823, 35.151931 ], [ 126.933853, 35.15194 ], [ 126.933885, 35.151946 ], [ 126.933917, 35.15195 ], [ 126.933949, 35.151951 ], [ 126.933981, 35.15195 ], [ 126.934013, 35.151946 ], [ 126.934044, 35.15194 ], [ 126.934075, 35.151931 ], [ 126.934104, 35.15192 ], [ 126.934132, 35.151906 ], [ 126.934158, 35.15189 ], [ 126.934182, 35.151872 ], [ 126.934203, 35.151853 ], [ 126.934223, 35.151831 ], [ 126.934239, 35.151809 ], [ 126.934253, 35.151785 ], [ 126.934264, 35.15176 ], [ 126.934272, 35.151734 ], [ 126.934277, 35.151708 ], [ 126.934278, 35.151681 ] ] ] } },
{ "type": "Feature", "properties": { "카메라대수": 1 }, "geometry": { "type": "Polygon", "coordinates": [ [ [ 126.935502, 35.149374 ], [ 126.935501, 35.149348 ], [ 126.935496, 35.149321 ], [ 126.935488, 35.149296 ], [ 126.935477, 35.149271 ], [ 126.935463, 35.149247 ], [ 126.935447, 35.149224 ], [ 126.935428, 35.149203 ], [ 126.935406, 35.149183 ], [ 126.935382, 35.149165 ], [ 126.935356, 35.149149 ], [ 126.935328, 35.149136 ], [ 126.935299, 35.149124 ], [ 126.935269, 35.149115 ], [ 126.935237, 35.149109 ], [ 126.935205, 35.149105 ], [ 126.935173, 35.149104 ], [ 126.935141, 35.149105 ], [ 126.935109, 35.149109 ], [ 126.935078, 35.149115 ], [ 126.935047, 35.149124 ], [ 126.935018, 35.149135 ], [ 126.93499, 35.149149 ], [ 126.934964, 35.149165 ], [ 126.93494, 35.149183 ], [ 126.934919, 35.149202 ], [ 126.934899, 35.149224 ], [ 126.934883, 35.149246 ], [ 126.934869, 35.14927 ], [ 126.934858, 35.149295 ], [ 126.93485, 35.149321 ], [ 126.934845, 35.149347 ], [ 126.934844, 35.149374 ], [ 126.934845, 35.1494 ], [ 126.93485, 35.149427 ], [ 126.934858, 35.149452 ], [ 126.934869, 35.149477 ], [ 126.934883, 35.149501 ], [ 126.934899, 35.149524 ], [ 126.934918, 35.149545 ], [ 126.93494, 35.149565 ], [ 126.934964, 35.149583 ], [ 126.93499, 35.149599 ], [ 126.935018, 35.149612 ], [ 126.935047, 35.149624 ], [ 126.935077, 35.149633 ], [ 126.935109, 35.149639 ], [ 126.935141, 35.149643 ], [ 126.935173, 35.149644 ], [ 126.935205, 35.149643 ], [ 126.935237, 35.149639 ], [ 126.935268, 35.149633 ], [ 126.935299, 35.149624 ], [ 126.935328, 35.149613 ], [ 126.935356, 35.149599 ], [ 126.935382, 35.149583 ], [ 126.935406, 35.149565 ], [ 126.935427, 35.149546 ], [ 126.935447, 35.149524 ], [ 126.935463, 35.149502 ], [ 126.935477, 35.149478 ], [ 126.935488, 35.149453 ], [ 126.935496, 35.149427 ], [ 126.935501, 35.149401 ], [ 126.935502, 35.149374 ] ] ] } },
{ "type": "Feature", "properties": { "카메라대수": 3 }, "geometry": { "type": "Polygon", "coordinates": [ [ [ 126.936125, 35.151572 ], [ 126.936124, 35.151546 ], [ 126.936119, 35.151519 ], [ 126.936111, 35.151494 ], [ 126.9361, 35.151469 ], [ 126.936086, 35.151445 ], [ 126.93607, 35.151422 ], [ 126.936051, 35.151401 ], [ 126.936029, 35.151381 ], [ 126.936005, 35.151363 ], [ 126.935979, 35.151347 ], [ 126.935951, 35.151334 ], [ 126.935922, 35.151322 ], [ 126.935892, 35.151313 ], [ 126.93586, 35.151307 ], [ 126.935828, 35.151303 ], [ 126.935796, 35.151302 ], [ 126.935764, 35.151303 ], [ 126.935732, 35.151307 ], [ 126.935701, 35.151313 ], [ 126.93567, 35.151322 ], [ 126.935641, 35.151333 ], [ 126.935613, 35.151347 ], [ 126.935587, 35.151363 ], [ 126.935563, 35.151381 ], [ 126.935542, 35.1514 ], [ 126.935522, 35.151422 ], [ 126.935506, 35.151444 ], [ 126.935492, 35.151468 ], [ 126.935481, 35.151493 ], [ 126.935473, 35.151519 ], [ 126.935468, 35.151545 ], [ 126.935467, 35.151572 ], [ 126.935468, 35.151598 ], [ 126.935473, 35.151625 ], [ 126.935481, 35.15165 ], [ 126.935492, 35.151675 ], [ 126.935506, 35.151699 ], [ 126.935522, 35.151722 ], [ 126.935541, 35.151743 ], [ 126.935563, 35.151763 ], [ 126.935587, 35.151781 ], [ 126.935613, 35.151797 ], [ 126.935641, 35.15181 ], [ 126.93567, 35.151822 ], [ 126.9357, 35.151831 ], [ 126.935732, 35.151837 ], [ 126.935764, 35.151841 ], [ 126.935796, 35.151842 ], [ 126.935828, 35.151841 ], [ 126.93586, 35.151837 ], [ 126.935891, 35.151831 ], [ 126.935922, 35.151822 ], [ 126.935951, 35.151811 ], [ 126.935979, 35.151797 ], [ 126.936005, 35.151781 ], [ 126.936029, 35.151763 ], [ 126.93605, 35.151744 ], [ 126.93607, 35.151722 ], [ 126.936086, 35.1517 ], [ 126.9361, 35.151676 ], [ 126.936111, 35.151651 ], [ 126.936119, 35.151625 ], [ 126.936124, 35.151599 ], [ 126.936125, 35.151572 ] ] ] } },
{ "type": "Feature", "properties": { "카메라대수": 3 }, "geometry": { "type": "Polygon", "coordinates": [ [ [ 126.936705, 35.149866 ], [ 126.936704, 35.14984 ], [ 126.936699, 35.149813 ], [ 126.936691, 35.149788 ], [ 126.93668, 35.149763 ], [ 126.936666, 35.149739 ], [ 126.93665, 35.149716 ], [ 126.936631, 35.149695 ], [ 126.936609, 35.149675 ], [ 126.936585, 35.149657 ], [ 126.936559, 35.149641 ], [ 126.936531, 35.149628 ], [ 126.936502, 35.149616 ], [ 126.936472, 35.149607 ], [ 126.93644, 35.149601 ], [ 126.936408, 35.149597 ], [ 126.936376, 35.149596 ], [ 126.936344, 35.149597 ], [ 126.936312, 35.149601 ], [ 126.936281, 35.149607 ], [ 126.93625, 35.149616 ], [ 126.936221, 35.149627 ], [ 126.936193, 35.149641 ], [ 126.936167, 35.149657 ], [ 126.936143, 35.149675 ], [ 126.936122, 35.149694 ], [ 126.936102, 35.149716 ], [ 126.936086, 35.149738 ], [ 126.936072, 35.149762 ], [ 126.936061, 35.149787 ], [ 126.936053, 35.149813 ], [ 126.936048, 35.149839 ], [ 126.936047, 35.149866 ], [ 126.936048, 35.149892 ], [ 126.936053, 35.149919 ], [ 126.936061, 35.149944 ], [ 126.936072, 35.149969 ], [ 126.936086, 35.149993 ], [ 126.936102, 35.150016 ], [ 126.936121, 35.150037 ], [ 126.936143, 35.150057 ], [ 126.936167, 35.150075 ], [ 126.936193, 35.150091 ], [ 126.936221, 35.150104 ], [ 126.93625, 35.150116 ], [ 126.93628, 35.150125 ], [ 126.936312, 35.150131 ], [ 126.936344, 35.150135 ], [ 126.936376, 35.150136 ], [ 126.936408, 35.150135 ], [ 126.93644, 35.150131 ], [ 126.936471, 35.150125 ], [ 126.936502, 35.150116 ], [ 126.936531, 35.150105 ], [ 126.936559, 35.150091 ], [ 126.936585, 35.150075 ], [ 126.936609, 35.150057 ], [ 126.93663, 35.150038 ], [ 126.93665, 35.150016 ], [ 126.936666, 35.149994 ], [ 126.93668, 35.14997 ], [ 126.936691, 35.149945 ], [ 126.936699, 35.149919 ], [ 126.936704, 35.149893 ], [ 126.936705, 35.149866 ] ] ] } },
{ "type": "Feature", "properties": { "카메라대수": 3 }, "geometry": { "type": "Polygon", "coordinates": [ [ [ 126.936712, 35.151839 ], [ 126.936711, 35.151813 ], [ 126.936706, 35.151786 ], [ 126.936698, 35.151761 ], [ 126.936687, 35.151736 ], [ 126.936673, 35.151712 ], [ 126.936657, 35.151689 ], [ 126.936638, 35.151668 ], [ 126.936616, 35.151648 ], [ 126.936592, 35.15163 ], [ 126.936566, 35.151614 ], [ 126.936538, 35.151601 ], [ 126.936509, 35.151589 ], [ 126.936479, 35.15158 ], [ 126.936447, 35.151574 ], [ 126.936415, 35.15157 ], [ 126.936383, 35.151569 ], [ 126.936351, 35.15157 ], [ 126.936319, 35.151574 ], [ 126.936288, 35.15158 ], [ 126.936257, 35.151589 ], [ 126.936228, 35.1516 ], [ 126.9362, 35.151614 ], [ 126.936174, 35.15163 ], [ 126.93615, 35.151648 ], [ 126.936129, 35.151667 ], [ 126.936109, 35.151689 ], [ 126.936093, 35.151711 ], [ 126.936079, 35.151735 ], [ 126.936068, 35.15176 ], [ 126.93606, 35.151786 ], [ 126.936055, 35.151812 ], [ 126.936054, 35.151839 ], [ 126.936055, 35.151865 ], [ 126.93606, 35.151892 ], [ 126.936068, 35.151917 ], [ 126.936079, 35.151942 ], [ 126.936093, 35.151966 ], [ 126.936109, 35.151989 ], [ 126.936128, 35.15201 ], [ 126.93615, 35.15203 ], [ 126.936174, 35.152048 ], [ 126.9362, 35.152064 ], [ 126.936228, 35.152077 ], [ 126.936257, 35.152089 ], [ 126.936287, 35.152098 ], [ 126.936319, 35.152104 ], [ 126.936351, 35.152108 ], [ 126.936383, 35.152109 ], [ 126.936415, 35.152108 ], [ 126.936447, 35.152104 ], [ 126.936478, 35.152098 ], [ 126.936509, 35.152089 ], [ 126.936538, 35.152078 ], [ 126.936566, 35.152064 ], [ 126.936592, 35.152048 ], [ 126.936616, 35.15203 ], [ 126.936637, 35.152011 ], [ 126.936657, 35.151989 ], [ 126.936673, 35.151967 ], [ 126.936687, 35.151943 ], [ 126.936698, 35.151918 ], [ 126.936706, 35.151892 ], [ 126.936711, 35.151866 ], [ 126.936712, 35.151839 ] ] ] } },
{ "type": "Feature", "properties": { "카메라대수": 2 }, "geometry": { "type": "Polygon", "coordinates": [ [ [ 126.936877, 35.147877 ], [ 126.936876, 35.147851 ], [ 126.936871, 35.147824 ], [ 126.936863, 35.147799 ], [ 126.936852, 35.147774 ], [ 126.936838, 35.14775 ], [ 126.936822, 35.147727 ], [ 126.936803, 35.147706 ], [ 126.936781, 35.147686 ], [ 126.936757, 35.147668 ], [ 126.936731, 35.147652 ], [ 126.936703, 35.147639 ], [ 126.936674, 35.147627 ], [ 126.936644, 35.147618 ], [ 126.936612, 35.147612 ], [ 126.93658, 35.147608 ], [ 126.936548, 35.147607 ], [ 126.936516, 35.147608 ], [ 126.936484, 35.147612 ], [ 126.936453, 35.147618 ], [ 126.936422, 35.147627 ], [ 126.936393, 35.147638 ], [ 126.936365, 35.147652 ], [ 126.936339, 35.147668 ], [ 126.936315, 35.147686 ], [ 126.936294, 35.147705 ], [ 126.936274, 35.147727 ], [ 126.936258, 35.147749 ], [ 126.936244, 35.147773 ], [ 126.936233, 35.147798 ], [ 126.936225, 35.147824 ], [ 126.93622, 35.14785 ], [ 126.936219, 35.147877 ], [ 126.93622, 35.147903 ], [ 126.936225, 35.14793 ], [ 126.936233, 35.147955 ], [ 126.936244, 35.14798 ], [ 126.936258, 35.148004 ], [ 126.936274, 35.148027 ], [ 126.936293, 35.148048 ], [ 126.936315, 35.148068 ], [ 126.936339, 35.148086 ], [ 126.936365, 35.148102 ], [ 126.936393, 35.148115 ], [ 126.936422, 35.148127 ], [ 126.936452, 35.148136 ], [ 126.936484, 35.148142 ], [ 126.936516, 35.148146 ], [ 126.936548, 35.148147 ], [ 126.93658, 35.148146 ], [ 126.936612, 35.148142 ], [ 126.936643, 35.148136 ], [ 126.936674, 35.148127 ], [ 126.936703, 35.148116 ], [ 126.936731, 35.148102 ], [ 126.936757, 35.148086 ], [ 126.936781, 35.148068 ], [ 126.936802, 35.148049 ], [ 126.936822, 35.148027 ], [ 126.936838, 35.148005 ], [ 126.936852, 35.147981 ], [ 126.936863, 35.147956 ], [ 126.936871, 35.14793 ], [ 126.936876, 35.147904 ], [ 126.936877, 35.147877 ] ] ] } },
{ "type": "Feature", "properties": { "카메라대수": 3 }, "geometry": { "type": "Polygon", "coordinates": [ [ [ 126.937113, 35.151344 ], [ 126.937112, 35.151318 ], [ 126.937107, 35.151291 ], [ 126.937099, 35.151266 ], [ 126.937088, 35.151241 ], [ 126.937074, 35.151217 ], [ 126.937058, 35.151194 ], [ 126.937039, 35.151173 ], [ 126.937017, 35.151153 ], [ 126.936993, 35.151135 ], [ 126.936967, 35.151119 ], [ 126.936939, 35.151106 ], [ 126.93691, 35.151094 ], [ 126.93688, 35.151085 ], [ 126.936848, 35.151079 ], [ 126.936816, 35.151075 ], [ 126.936784, 35.151074 ], [ 126.936752, 35.151075 ], [ 126.93672, 35.151079 ], [ 126.936689, 35.151085 ], [ 126.936658, 35.151094 ], [ 126.936629, 35.151105 ], [ 126.936601, 35.151119 ], [ 126.936575, 35.151135 ], [ 126.936551, 35.151153 ], [ 126.93653, 35.151172 ], [ 126.93651, 35.151194 ], [ 126.936494, 35.151216 ], [ 126.93648, 35.15124 ], [ 126.936469, 35.151265 ], [ 126.936461, 35.151291 ], [ 126.936456, 35.151317 ], [ 126.936455, 35.151344 ], [ 126.936456, 35.15137 ], [ 126.936461, 35.151397 ], [ 126.936469, 35.151422 ], [ 126.93648, 35.151447 ], [ 126.936494, 35.151471 ], [ 126.93651, 35.151494 ], [ 126.936529, 35.151515 ], [ 126.936551, 35.151535 ], [ 126.936575, 35.151553 ], [ 126.936601, 35.151569 ], [ 126.936629, 35.151582 ], [ 126.936658, 35.151594 ], [ 126.936688, 35.151603 ], [ 126.93672, 35.151609 ], [ 126.936752, 35.151613 ], [ 126.936784, 35.151614 ], [ 126.936816, 35.151613 ], [ 126.936848, 35.151609 ], [ 126.936879, 35.151603 ], [ 126.93691, 35.151594 ], [ 126.936939, 35.151583 ], [ 126.936967, 35.151569 ], [ 126.936993, 35.151553 ], [ 126.937017, 35.151535 ], [ 126.937038, 35.151516 ], [ 126.937058, 35.151494 ], [ 126.937074, 35.151472 ], [ 126.937088, 35.151448 ], [ 126.937099, 35.151423 ], [ 126.937107, 35.151397 ], [ 126.937112, 35.151371 ], [ 126.937113, 35.151344 ] ] ] } },
{ "type": "Feature", "properties": { "카메라대수": 3 }, "geometry": { "type": "Polygon", "coordinates": [ [ [ 126.937342, 35.149298 ], [ 126.937341, 35.149272 ], [ 126.937336, 35.149245 ], [ 126.937328, 35.14922 ], [ 126.937317, 35.149195 ], [ 126.937303, 35.149171 ], [ 126.937287, 35.149148 ], [ 126.937268, 35.149127 ], [ 126.937246, 35.149107 ], [ 126.937222, 35.149089 ], [ 126.937196, 35.149073 ], [ 126.937168, 35.14906 ], [ 126.937139, 35.149048 ], [ 126.937109, 35.149039 ], [ 126.937077, 35.149033 ], [ 126.937045, 35.149029 ], [ 126.937013, 35.149028 ], [ 126.936981, 35.149029 ], [ 126.936949, 35.149033 ], [ 126.936918, 35.149039 ], [ 126.936887, 35.149048 ], [ 126.936858, 35.149059 ], [ 126.93683, 35.149073 ], [ 126.936804, 35.149089 ], [ 126.93678, 35.149107 ], [ 126.936759, 35.149126 ], [ 126.936739, 35.149148 ], [ 126.936723, 35.14917 ], [ 126.936709, 35.149194 ], [ 126.936698, 35.149219 ], [ 126.93669, 35.149245 ], [ 126.936685, 35.149271 ], [ 126.936684, 35.149298 ], [ 126.936685, 35.149324 ], [ 126.93669, 35.149351 ], [ 126.936698, 35.149376 ], [ 126.936709, 35.149401 ], [ 126.936723, 35.149425 ], [ 126.936739, 35.149448 ], [ 126.936758, 35.149469 ], [ 126.93678, 35.149489 ], [ 126.936804, 35.149507 ], [ 126.93683, 35.149523 ], [ 126.936858, 35.149536 ], [ 126.936887, 35.149548 ], [ 126.936917, 35.149557 ], [ 126.936949, 35.149563 ], [ 126.936981, 35.149567 ], [ 126.937013, 35.149568 ], [ 126.937045, 35.149567 ], [ 126.937077, 35.149563 ], [ 126.937108, 35.149557 ], [ 126.937139, 35.149548 ], [ 126.937168, 35.149537 ], [ 126.937196, 35.149523 ], [ 126.937222, 35.149507 ], [ 126.937246, 35.149489 ], [ 126.937267, 35.14947 ], [ 126.937287, 35.149448 ], [ 126.937303, 35.149426 ], [ 126.937317, 35.149402 ], [ 126.937328, 35.149377 ], [ 126.937336, 35.149351 ], [ 126.937341, 35.149325 ], [ 126.937342, 35.149298 ] ] ] } },
{ "type": "Feature", "properties": { "카메라대수": 2 }, "geometry": { "type": "Polygon", "coordinates": [ [ [ 126.93799, 35.151324 ], [ 126.937989, 35.151298 ], [ 126.937984, 35.151271 ], [ 126.937976, 35.151246 ], [ 126.937965, 35.151221 ], [ 126.937951, 35.151197 ], [ 126.937935, 35.151174 ], [ 126.937916, 35.151153 ], [ 126.937894, 35.151133 ], [ 126.93787, 35.151115 ], [ 126.937844, 35.151099 ], [ 126.937816, 35.151086 ], [ 126.937787, 35.151074 ], [ 126.937757, 35.151065 ], [ 126.937725, 35.151059 ], [ 126.937693, 35.151055 ], [ 126.937661, 35.151054 ], [ 126.937629, 35.151055 ], [ 126.937597, 35.151059 ], [ 126.937566, 35.151065 ], [ 126.937535, 35.151074 ], [ 126.937506, 35.151085 ], [ 126.937478, 35.151099 ], [ 126.937452, 35.151115 ], [ 126.937428, 35.151133 ], [ 126.937407, 35.151152 ], [ 126.937387, 35.151174 ], [ 126.937371, 35.151196 ], [ 126.937357, 35.15122 ], [ 126.937346, 35.151245 ], [ 126.937338, 35.151271 ], [ 126.937333, 35.151297 ], [ 126.937332, 35.151324 ], [ 126.937333, 35.15135 ], [ 126.937338, 35.151377 ], [ 126.937346, 35.151402 ], [ 126.937357, 35.151427 ], [ 126.937371, 35.151451 ], [ 126.937387, 35.151474 ], [ 126.937406, 35.151495 ], [ 126.937428, 35.151515 ], [ 126.937452, 35.151533 ], [ 126.937478, 35.151549 ], [ 126.937506, 35.151562 ], [ 126.937535, 35.151574 ], [ 126.937565, 35.151583 ], [ 126.937597, 35.151589 ], [ 126.937629, 35.151593 ], [ 126.937661, 35.151594 ], [ 126.937693, 35.151593 ], [ 126.937725, 35.151589 ], [ 126.937756, 35.151583 ], [ 126.937787, 35.151574 ], [ 126.937816, 35.151563 ], [ 126.937844, 35.151549 ], [ 126.93787, 35.151533 ], [ 126.937894, 35.151515 ], [ 126.937915, 35.151496 ], [ 126.937935, 35.151474 ], [ 126.937951, 35.151452 ], [ 126.937965, 35.151428 ], [ 126.937976, 35.151403 ], [ 126.937984, 35.151377 ], [ 126.937989, 35.151351 ], [ 126.93799, 35.151324 ] ] ] } },
{ "type": "Feature", "properties": { "카메라대수": 4 }, "geometry": { "type": "Polygon", "coordinates": [ [ [ 126.938025, 35.149346 ], [ 126.938024, 35.14932 ], [ 126.938019, 35.149293 ], [ 126.938011, 35.149268 ], [ 126.938, 35.149243 ], [ 126.937986, 35.149219 ], [ 126.93797, 35.149196 ], [ 126.937951, 35.149175 ], [ 126.937929, 35.149155 ], [ 126.937905, 35.149137 ], [ 126.937879, 35.149121 ], [ 126.937851, 35.149108 ], [ 126.937822, 35.149096 ], [ 126.937792, 35.149087 ], [ 126.93776, 35.149081 ], [ 126.937728, 35.149077 ], [ 126.937696, 35.149076 ], [ 126.937664, 35.149077 ], [ 126.937632, 35.149081 ], [ 126.937601, 35.149087 ], [ 126.93757, 35.149096 ], [ 126.937541, 35.149107 ], [ 126.937513, 35.149121 ], [ 126.937487, 35.149137 ], [ 126.937463, 35.149155 ], [ 126.937442, 35.149174 ], [ 126.937422, 35.149196 ], [ 126.937406, 35.149218 ], [ 126.937392, 35.149242 ], [ 126.937381, 35.149267 ], [ 126.937373, 35.149293 ], [ 126.937368, 35.149319 ], [ 126.937367, 35.149346 ], [ 126.937368, 35.149372 ], [ 126.937373, 35.149399 ], [ 126.937381, 35.149424 ], [ 126.937392, 35.149449 ], [ 126.937406, 35.149473 ], [ 126.937422, 35.149496 ], [ 126.937441, 35.149517 ], [ 126.937463, 35.149537 ], [ 126.937487, 35.149555 ], [ 126.937513, 35.149571 ], [ 126.937541, 35.149584 ], [ 126.93757, 35.149596 ], [ 126.9376, 35.149605 ], [ 126.937632, 35.149611 ], [ 126.937664, 35.149615 ], [ 126.937696, 35.149616 ], [ 126.937728, 35.149615 ], [ 126.93776, 35.149611 ], [ 126.937791, 35.149605 ], [ 126.937822, 35.149596 ], [ 126.937851, 35.149585 ], [ 126.937879, 35.149571 ], [ 126.937905, 35.149555 ], [ 126.937929, 35.149537 ], [ 126.93795, 35.149518 ], [ 126.93797, 35.149496 ], [ 126.937986, 35.149474 ], [ 126.938, 35.14945 ], [ 126.938011, 35.149425 ], [ 126.938019, 35.149399 ], [ 126.938024, 35.149373 ], [ 126.938025, 35.149346 ] ] ] } },
{ "type": "Feature", "properties": { "카메라대수": 3 }, "geometry": { "type": "Polygon", "coordinates": [ [ [ 126.938289, 35.150358 ], [ 126.938288, 35.150332 ], [ 126.938283, 35.150305 ], [ 126.938275, 35.15028 ], [ 126.938264, 35.150255 ], [ 126.93825, 35.150231 ], [ 126.938234, 35.150208 ], [ 126.938215, 35.150187 ], [ 126.938193, 35.150167 ], [ 126.938169, 35.150149 ], [ 126.938143, 35.150133 ], [ 126.938115, 35.15012 ], [ 126.938086, 35.150108 ], [ 126.938056, 35.150099 ], [ 126.938024, 35.150093 ], [ 126.937992, 35.150089 ], [ 126.93796, 35.150088 ], [ 126.937928, 35.150089 ], [ 126.937896, 35.150093 ], [ 126.937865, 35.150099 ], [ 126.937834, 35.150108 ], [ 126.937805, 35.150119 ], [ 126.937777, 35.150133 ], [ 126.937751, 35.150149 ], [ 126.937727, 35.150167 ], [ 126.937706, 35.150186 ], [ 126.937686, 35.150208 ], [ 126.93767, 35.15023 ], [ 126.937656, 35.150254 ], [ 126.937645, 35.150279 ], [ 126.937637, 35.150305 ], [ 126.937632, 35.150331 ], [ 126.937631, 35.150358 ], [ 126.937632, 35.150384 ], [ 126.937637, 35.150411 ], [ 126.937645, 35.150436 ], [ 126.937656, 35.150461 ], [ 126.93767, 35.150485 ], [ 126.937686, 35.150508 ], [ 126.937705, 35.150529 ], [ 126.937727, 35.150549 ], [ 126.937751, 35.150567 ], [ 126.937777, 35.150583 ], [ 126.937805, 35.150596 ], [ 126.937834, 35.150608 ], [ 126.937864, 35.150617 ], [ 126.937896, 35.150623 ], [ 126.937928, 35.150627 ], [ 126.93796, 35.150628 ], [ 126.937992, 35.150627 ], [ 126.938024, 35.150623 ], [ 126.938055, 35.150617 ], [ 126.938086, 35.150608 ], [ 126.938115, 35.150597 ], [ 126.938143, 35.150583 ], [ 126.938169, 35.150567 ], [ 126.938193, 35.150549 ], [ 126.938214, 35.15053 ], [ 126.938234, 35.150508 ], [ 126.93825, 35.150486 ], [ 126.938264, 35.150462 ], [ 126.938275, 35.150437 ], [ 126.938283, 35.150411 ], [ 126.938288, 35.150385 ], [ 126.938289, 35.150358 ] ] ] } },
{ "type": "Feature", "properties": { "카메라대수": 3 }, "geometry": { "type": "Polygon", "coordinates": [ [ [ 126.93835, 35.14839 ], [ 126.938349, 35.148364 ], [ 126.938344, 35.148337 ], [ 126.938336, 35.148312 ], [ 126.938325, 35.148287 ], [ 126.938311, 35.148263 ], [ 126.938295, 35.14824 ], [ 126.938276, 35.148219 ], [ 126.938254, 35.148199 ], [ 126.93823, 35.148181 ], [ 126.938204, 35.148165 ], [ 126.938176, 35.148152 ], [ 126.938147, 35.14814 ], [ 126.938117, 35.148131 ], [ 126.938085, 35.148125 ], [ 126.938053, 35.148121 ], [ 126.938021, 35.14812 ], [ 126.937989, 35.148121 ], [ 126.937957, 35.148125 ], [ 126.937926, 35.148131 ], [ 126.937895, 35.14814 ], [ 126.937866, 35.148151 ], [ 126.937838, 35.148165 ], [ 126.937812, 35.148181 ], [ 126.937788, 35.148199 ], [ 126.937767, 35.148218 ], [ 126.937747, 35.14824 ], [ 126.937731, 35.148262 ], [ 126.937717, 35.148286 ], [ 126.937706, 35.148311 ], [ 126.937698, 35.148337 ], [ 126.937693, 35.148363 ], [ 126.937692, 35.14839 ], [ 126.937693, 35.148416 ], [ 126.937698, 35.148443 ], [ 126.937706, 35.148468 ], [ 126.937717, 35.148493 ], [ 126.937731, 35.148517 ], [ 126.937747, 35.14854 ], [ 126.937766, 35.148561 ], [ 126.937788, 35.148581 ], [ 126.937812, 35.148599 ], [ 126.937838, 35.148615 ], [ 126.937866, 35.148628 ], [ 126.937895, 35.14864 ], [ 126.937925, 35.148649 ], [ 126.937957, 35.148655 ], [ 126.937989, 35.148659 ], [ 126.938021, 35.14866 ], [ 126.938053, 35.148659 ], [ 126.938085, 35.148655 ], [ 126.938116, 35.148649 ], [ 126.938147, 35.14864 ], [ 126.938176, 35.148629 ], [ 126.938204, 35.148615 ], [ 126.93823, 35.148599 ], [ 126.938254, 35.148581 ], [ 126.938275, 35.148562 ], [ 126.938295, 35.14854 ], [ 126.938311, 35.148518 ], [ 126.938325, 35.148494 ], [ 126.938336, 35.148469 ], [ 126.938344, 35.148443 ], [ 126.938349, 35.148417 ], [ 126.93835, 35.14839 ] ] ] } },
{ "type": "Feature", "properties": { "카메라대수": 2 }, "geometry": { "type": "Polygon", "coordinates": [ [ [ 126.938363, 35.14794 ], [ 126.938362, 35.147914 ], [ 126.938357, 35.147887 ], [ 126.938349, 35.147862 ], [ 126.938338, 35.147837 ], [ 126.938324, 35.147813 ], [ 126.938308, 35.14779 ], [ 126.938289, 35.147769 ], [ 126.938267, 35.147749 ], [ 126.938243, 35.147731 ], [ 126.938217, 35.147715 ], [ 126.938189, 35.147702 ], [ 126.93816, 35.14769 ], [ 126.93813, 35.147681 ], [ 126.938098, 35.147675 ], [ 126.938066, 35.147671 ], [ 126.938034, 35.14767 ], [ 126.938002, 35.147671 ], [ 126.93797, 35.147675 ], [ 126.937939, 35.147681 ], [ 126.937908, 35.14769 ], [ 126.937879, 35.147701 ], [ 126.937851, 35.147715 ], [ 126.937825, 35.147731 ], [ 126.937801, 35.147749 ], [ 126.93778, 35.147768 ], [ 126.93776, 35.14779 ], [ 126.937744, 35.147812 ], [ 126.93773, 35.147836 ], [ 126.937719, 35.147861 ], [ 126.937711, 35.147887 ], [ 126.937706, 35.147913 ], [ 126.937705, 35.14794 ], [ 126.937706, 35.147966 ], [ 126.937711, 35.147993 ], [ 126.937719, 35.148018 ], [ 126.93773, 35.148043 ], [ 126.937744, 35.148067 ], [ 126.93776, 35.14809 ], [ 126.937779, 35.148111 ], [ 126.937801, 35.148131 ], [ 126.937825, 35.148149 ], [ 126.937851, 35.148165 ], [ 126.937879, 35.148178 ], [ 126.937908, 35.14819 ], [ 126.937938, 35.148199 ], [ 126.93797, 35.148205 ], [ 126.938002, 35.148209 ], [ 126.938034, 35.14821 ], [ 126.938066, 35.148209 ], [ 126.938098, 35.148205 ], [ 126.938129, 35.148199 ], [ 126.93816, 35.14819 ], [ 126.938189, 35.148179 ], [ 126.938217, 35.148165 ], [ 126.938243, 35.148149 ], [ 126.938267, 35.148131 ], [ 126.938288, 35.148112 ], [ 126.938308, 35.14809 ], [ 126.938324, 35.148068 ], [ 126.938338, 35.148044 ], [ 126.938349, 35.148019 ], [ 126.938357, 35.147993 ], [ 126.938362, 35.147967 ], [ 126.938363, 35.14794 ] ] ] } },
{ "type": "Feature", "properties": { "카메라대수": 3 }, "geometry": { "type": "Polygon", "coordinates": [ [ [ 126.938394, 35.149692 ], [ 126.938393, 35.149666 ], [ 126.938388, 35.149639 ], [ 126.93838, 35.149614 ], [ 126.938369, 35.149589 ], [ 126.938355, 35.149565 ], [ 126.938339, 35.149542 ], [ 126.93832, 35.149521 ], [ 126.938298, 35.149501 ], [ 126.938274, 35.149483 ], [ 126.938248, 35.149467 ], [ 126.93822, 35.149454 ], [ 126.938191, 35.149442 ], [ 126.938161, 35.149433 ], [ 126.938129, 35.149427 ], [ 126.938097, 35.149423 ], [ 126.938065, 35.149422 ], [ 126.938033, 35.149423 ], [ 126.938001, 35.149427 ], [ 126.93797, 35.149433 ], [ 126.937939, 35.149442 ], [ 126.93791, 35.149453 ], [ 126.937882, 35.149467 ], [ 126.937856, 35.149483 ], [ 126.937832, 35.149501 ], [ 126.937811, 35.14952 ], [ 126.937791, 35.149542 ], [ 126.937775, 35.149564 ], [ 126.937761, 35.149588 ], [ 126.93775, 35.149613 ], [ 126.937742, 35.149639 ], [ 126.937737, 35.149665 ], [ 126.937736, 35.149692 ], [ 126.937737, 35.149718 ], [ 126.937742, 35.149745 ], [ 126.93775, 35.14977 ], [ 126.937761, 35.149795 ], [ 126.937775, 35.149819 ], [ 126.937791, 35.149842 ], [ 126.93781, 35.149863 ], [ 126.937832, 35.149883 ], [ 126.937856, 35.149901 ], [ 126.937882, 35.149917 ], [ 126.93791, 35.14993 ], [ 126.937939, 35.149942 ], [ 126.937969, 35.149951 ], [ 126.938001, 35.149957 ], [ 126.938033, 35.149961 ], [ 126.938065, 35.149962 ], [ 126.938097, 35.149961 ], [ 126.938129, 35.149957 ], [ 126.93816, 35.149951 ], [ 126.938191, 35.149942 ], [ 126.93822, 35.149931 ], [ 126.938248, 35.149917 ], [ 126.938274, 35.149901 ], [ 126.938298, 35.149883 ], [ 126.938319, 35.149864 ], [ 126.938339, 35.149842 ], [ 126.938355, 35.14982 ], [ 126.938369, 35.149796 ], [ 126.93838, 35.149771 ], [ 126.938388, 35.149745 ], [ 126.938393, 35.149719 ], [ 126.938394, 35.149692 ] ] ] } },
{ "type": "Feature", "properties": { "카메라대수": 3 }, "geometry": { "type": "Polygon", "coordinates": [ [ [ 126.938569, 35.147444 ], [ 126.938568, 35.147418 ], [ 126.938563, 35.147391 ], [ 126.938555, 35.147366 ], [ 126.938544, 35.147341 ], [ 126.93853, 35.147317 ], [ 126.938514, 35.147294 ], [ 126.938495, 35.147273 ], [ 126.938473, 35.147253 ], [ 126.938449, 35.147235 ], [ 126.938423, 35.147219 ], [ 126.938395, 35.147206 ], [ 126.938366, 35.147194 ], [ 126.938336, 35.147185 ], [ 126.938304, 35.147179 ], [ 126.938272, 35.147175 ], [ 126.93824, 35.147174 ], [ 126.938208, 35.147175 ], [ 126.938176, 35.147179 ], [ 126.938145, 35.147185 ], [ 126.938114, 35.147194 ], [ 126.938085, 35.147205 ], [ 126.938057, 35.147219 ], [ 126.938031, 35.147235 ], [ 126.938007, 35.147253 ], [ 126.937986, 35.147272 ], [ 126.937966, 35.147294 ], [ 126.93795, 35.147316 ], [ 126.937936, 35.14734 ], [ 126.937925, 35.147365 ], [ 126.937917, 35.147391 ], [ 126.937912, 35.147417 ], [ 126.937911, 35.147444 ], [ 126.937912, 35.14747 ], [ 126.937917, 35.147497 ], [ 126.937925, 35.147522 ], [ 126.937936, 35.147547 ], [ 126.93795, 35.147571 ], [ 126.937966, 35.147594 ], [ 126.937985, 35.147615 ], [ 126.938007, 35.147635 ], [ 126.938031, 35.147653 ], [ 126.938057, 35.147669 ], [ 126.938085, 35.147682 ], [ 126.938114, 35.147694 ], [ 126.938144, 35.147703 ], [ 126.938176, 35.147709 ], [ 126.938208, 35.147713 ], [ 126.93824, 35.147714 ], [ 126.938272, 35.147713 ], [ 126.938304, 35.147709 ], [ 126.938335, 35.147703 ], [ 126.938366, 35.147694 ], [ 126.938395, 35.147683 ], [ 126.938423, 35.147669 ], [ 126.938449, 35.147653 ], [ 126.938473, 35.147635 ], [ 126.938494, 35.147616 ], [ 126.938514, 35.147594 ], [ 126.93853, 35.147572 ], [ 126.938544, 35.147548 ], [ 126.938555, 35.147523 ], [ 126.938563, 35.147497 ], [ 126.938568, 35.147471 ], [ 126.938569, 35.147444 ] ] ] } },
{ "type": "Feature", "properties": { "카메라대수": 3 }, "geometry": { "type": "Polygon", "coordinates": [ [ [ 126.939147, 35.149261 ], [ 126.939146, 35.149235 ], [ 126.939141, 35.149208 ], [ 126.939133, 35.149183 ], [ 126.939122, 35.149158 ], [ 126.939108, 35.149134 ], [ 126.939092, 35.149111 ], [ 126.939073, 35.14909 ], [ 126.939051, 35.14907 ], [ 126.939027, 35.149052 ], [ 126.939001, 35.149036 ], [ 126.938973, 35.149023 ], [ 126.938944, 35.149011 ], [ 126.938914, 35.149002 ], [ 126.938882, 35.148996 ], [ 126.93885, 35.148992 ], [ 126.938818, 35.148991 ], [ 126.938786, 35.148992 ], [ 126.938754, 35.148996 ], [ 126.938723, 35.149002 ], [ 126.938692, 35.149011 ], [ 126.938663, 35.149022 ], [ 126.938635, 35.149036 ], [ 126.938609, 35.149052 ], [ 126.938585, 35.14907 ], [ 126.938564, 35.149089 ], [ 126.938544, 35.149111 ], [ 126.938528, 35.149133 ], [ 126.938514, 35.149157 ], [ 126.938503, 35.149182 ], [ 126.938495, 35.149208 ], [ 126.93849, 35.149234 ], [ 126.938489, 35.149261 ], [ 126.93849, 35.149287 ], [ 126.938495, 35.149314 ], [ 126.938503, 35.149339 ], [ 126.938514, 35.149364 ], [ 126.938528, 35.149388 ], [ 126.938544, 35.149411 ], [ 126.938563, 35.149432 ], [ 126.938585, 35.149452 ], [ 126.938609, 35.14947 ], [ 126.938635, 35.149486 ], [ 126.938663, 35.149499 ], [ 126.938692, 35.149511 ], [ 126.938722, 35.14952 ], [ 126.938754, 35.149526 ], [ 126.938786, 35.14953 ], [ 126.938818, 35.149531 ], [ 126.93885, 35.14953 ], [ 126.938882, 35.149526 ], [ 126.938913, 35.14952 ], [ 126.938944, 35.149511 ], [ 126.938973, 35.1495 ], [ 126.939001, 35.149486 ], [ 126.939027, 35.14947 ], [ 126.939051, 35.149452 ], [ 126.939072, 35.149433 ], [ 126.939092, 35.149411 ], [ 126.939108, 35.149389 ], [ 126.939122, 35.149365 ], [ 126.939133, 35.14934 ], [ 126.939141, 35.149314 ], [ 126.939146, 35.149288 ], [ 126.939147, 35.149261 ] ] ] } },
{ "type": "Feature", "properties": { "카메라대수": 2 }, "geometry": { "type": "Polygon", "coordinates": [ [ [ 126.939219, 35.148568 ], [ 126.939218, 35.148542 ], [ 126.939213, 35.148515 ], [ 126.939205, 35.14849 ], [ 126.939194, 35.148465 ], [ 126.93918, 35.148441 ], [ 126.939164, 35.148418 ], [ 126.939145, 35.148397 ], [ 126.939123, 35.148377 ], [ 126.939099, 35.148359 ], [ 126.939073, 35.148343 ], [ 126.939045, 35.14833 ], [ 126.939016, 35.148318 ], [ 126.938986, 35.148309 ], [ 126.938954, 35.148303 ], [ 126.938922, 35.148299 ], [ 126.93889, 35.148298 ], [ 126.938858, 35.148299 ], [ 126.938826, 35.148303 ], [ 126.938795, 35.148309 ], [ 126.938764, 35.148318 ], [ 126.938735, 35.148329 ], [ 126.938707, 35.148343 ], [ 126.938681, 35.148359 ], [ 126.938657, 35.148377 ], [ 126.938636, 35.148396 ], [ 126.938616, 35.148418 ], [ 126.9386, 35.14844 ], [ 126.938586, 35.148464 ], [ 126.938575, 35.148489 ], [ 126.938567, 35.148515 ], [ 126.938562, 35.148541 ], [ 126.938561, 35.148568 ], [ 126.938562, 35.148594 ], [ 126.938567, 35.148621 ], [ 126.938575, 35.148646 ], [ 126.938586, 35.148671 ], [ 126.9386, 35.148695 ], [ 126.938616, 35.148718 ], [ 126.938635, 35.148739 ], [ 126.938657, 35.148759 ], [ 126.938681, 35.148777 ], [ 126.938707, 35.148793 ], [ 126.938735, 35.148806 ], [ 126.938764, 35.148818 ], [ 126.938794, 35.148827 ], [ 126.938826, 35.148833 ], [ 126.938858, 35.148837 ], [ 126.93889, 35.148838 ], [ 126.938922, 35.148837 ], [ 126.938954, 35.148833 ], [ 126.938985, 35.148827 ], [ 126.939016, 35.148818 ], [ 126.939045, 35.148807 ], [ 126.939073, 35.148793 ], [ 126.939099, 35.148777 ], [ 126.939123, 35.148759 ], [ 126.939144, 35.14874 ], [ 126.939164, 35.148718 ], [ 126.93918, 35.148696 ], [ 126.939194, 35.148672 ], [ 126.939205, 35.148647 ], [ 126.939213, 35.148621 ], [ 126.939218, 35.148595 ], [ 126.939219, 35.148568 ] ] ] } },
{ "type": "Feature", "properties": { "카메라대수": 2 }, "geometry": { "type": "Polygon", "coordinates": [ [ [ 126.939948, 35.148521 ], [ 126.939947, 35.148495 ], [ 126.939942, 35.148468 ], [ 126.939934, 35.148443 ], [ 126.939923, 35.148418 ], [ 126.939909, 35.148394 ], [ 126.939893, 35.148371 ], [ 126.939874, 35.14835 ], [ 126.939852, 35.14833 ], [ 126.939828, 35.148312 ], [ 126.939802, 35.148296 ], [ 126.939774, 35.148283 ], [ 126.939745, 35.148271 ], [ 126.939715, 35.148262 ], [ 126.939683, 35.148256 ], [ 126.939651, 35.148252 ], [ 126.939619, 35.148251 ], [ 126.939587, 35.148252 ], [ 126.939555, 35.148256 ], [ 126.939524, 35.148262 ], [ 126.939493, 35.148271 ], [ 126.939464, 35.148282 ], [ 126.939436, 35.148296 ], [ 126.93941, 35.148312 ], [ 126.939386, 35.14833 ], [ 126.939365, 35.148349 ], [ 126.939345, 35.148371 ], [ 126.939329, 35.148393 ], [ 126.939315, 35.148417 ], [ 126.939304, 35.148442 ], [ 126.939296, 35.148468 ], [ 126.939291, 35.148494 ], [ 126.93929, 35.148521 ], [ 126.939291, 35.148547 ], [ 126.939296, 35.148574 ], [ 126.939304, 35.148599 ], [ 126.939315, 35.148624 ], [ 126.939329, 35.148648 ], [ 126.939345, 35.148671 ], [ 126.939364, 35.148692 ], [ 126.939386, 35.148712 ], [ 126.93941, 35.14873 ], [ 126.939436, 35.148746 ], [ 126.939464, 35.148759 ], [ 126.939493, 35.148771 ], [ 126.939523, 35.14878 ], [ 126.939555, 35.148786 ], [ 126.939587, 35.14879 ], [ 126.939619, 35.148791 ], [ 126.939651, 35.14879 ], [ 126.939683, 35.148786 ], [ 126.939714, 35.14878 ], [ 126.939745, 35.148771 ], [ 126.939774, 35.14876 ], [ 126.939802, 35.148746 ], [ 126.939828, 35.14873 ], [ 126.939852, 35.148712 ], [ 126.939873, 35.148693 ], [ 126.939893, 35.148671 ], [ 126.939909, 35.148649 ], [ 126.939923, 35.148625 ], [ 126.939934, 35.1486 ], [ 126.939942, 35.148574 ], [ 126.939947, 35.148548 ], [ 126.939948, 35.148521 ] ] ] } }
]
}
