{
"type": "FeatureCollection",
"name": "dest",
"crs": { "type": "name", "properties": { "name": "urn:ogc:def:crs:OGC:1.3:CRS84" } },
"xy_coordinate_resolution": 1e-06,
"features": [
{ "type": "Feature", "properties": { "name": "ALCC", "cat": "건물", "sub": "근린생활시설", "addr": "동구 동계천로 162 (동명동)", "alt": "동명동 78-1", "src": "build" }, "geometry": { "type": "Point", "coordinates": [ 126.926992, 35.149088 ] } },
{ "type": "Feature", "properties": { "name": "I-PLEX 광주", "cat": "건물", "sub": "공장/창고시설", "addr": "동구 동계천로 150 (동명동)", "alt": "동명동 143-78", "src": "build" }, "geometry": { "type": "Point", "coordinates": [ 126.925923, 35.148608 ] } },
{ "type": "Feature", "properties": { "name": "Villa Alps", "cat": "건물", "sub": "주택", "addr": "동구 동명로 66 (동명동)", "alt": "동명동 167-7", "src": "build" }, "geometry": { "type": "Point", "coordinates": [ 126.927545, 35.150934 ] } },
{ "type": "Feature", "properties": { "name": "광명오피스텔", "cat": "건물", "sub": "주택", "addr": "동구 필문대로253번길 11-5 (동명동)", "alt": "동명동 112-3", "src": "build" }, "geometry": { "type": "Point", "coordinates": [ 126.930134, 35.148363 ] } },
{ "type": "Feature", "properties": { "name": "광명하이빌", "cat": "건물", "sub": "주택", "addr": "동구 필문대로263번길 15-7 (동명동)", "alt": "동명동 114-13", "src": "build" }, "geometry": { "type": "Point", "coordinates": [ 126.929936, 35.147675 ] } },
{ "type": "Feature", "properties": { "name": "광주중앙도서관", "cat": "건물", "sub": "교육및복지시설", "addr": "동구 장동로 23-16 (동명동)", "alt": "동명동 143-14", "src": "build" }, "geometry": { "type": "Point", "coordinates": [ 126.92502, 35.148621 ] } },
{ "type": "Feature", "properties": { "name": "그레이스 원룸", "cat": "건물", "sub": "주택", "addr": "동구 필문대로263번길 6-5 (동명동)", "alt": "동명동 116-26", "src": "build" }, "geometry": { "type": "Point", "coordinates": [ 126.928864, 35.147055 ] } },
{ "type": "Feature", "properties": { "name": "그린빌", "cat": "건물", "sub": "주택", "addr": "동구 필문대로253번길 9-2 (동명동)", "alt": "동명동 113-40", "src": "build" }, "geometry": { "type": "Point", "coordinates": [ 126.929934, 35.148233 ] } },
{ "type": "Feature", "properties": { "name": "금산빌라", "cat": "건물", "sub": "주택", "addr": "동구 백서로 231 (동명동)", "alt": "동명동 143-26", "src": "build" }, "geometry": { "type": "Point", "coordinates": [ 126.926644, 35.148385 ] } },
{ "type": "Feature", "properties": { "name": "금석빌라", "cat": "건물", "sub": "연립·다세대", "addr": "동구 동명로14번길 9 (동명동)", "alt": "동명동 154-42 · 동명동 154-43", "src": "build" }, "geometry": { "type": "Point", "coordinates": [ 126.924239, 35.150197 ] } },
{ "type": "Feature", "properties": { "name": "늘해랑", "cat": "건물", "sub": "주택", "addr": "동구 동명로25번길 7-8 (동명동)", "alt": "동명동 200-186", "src": "build" }, "geometry": { "type": "Point", "coordinates": [ 126.922787, 35.151157 ] } },
{ "type": "Feature", "properties": { "name": "동구 경양로 288", "cat": "주소", "sub": "근린생활시설", "addr": "동구 경양로 288 (동명동)", "alt": "동명동 249-8", "src": "build" }, "geometry": { "type": "Point", "coordinates": [ 126.920751, 35.154261 ] } },
{ "type": "Feature", "properties": { "name": "동구 경양로 289", "cat": "주소", "sub": "근린생활시설", "addr": "동구 경양로 289 (동명동)", "alt": "동명동 267-5", "src": "build" }, "geometry": { "type": "Point", "coordinates": [ 126.921014, 35.154548 ] } },
{ "type": "Feature", "properties": { "name": "동구 경양로 290", "cat": "주소", "sub": "근린생활시설", "addr": "동구 경양로 290 (동명동)", "alt": "동명동 249-11", "src": "build" }, "geometry": { "type": "Point", "coordinates": [ 126.920891, 35.154294 ] } },
{ "type": "Feature", "properties": { "name": "동구 경양로 291", "cat": "주소", "sub": "근린생활시설", "addr": "동구 경양로 291 (동명동)", "alt": "동명동 269-5", "src": "build" }, "geometry": { "type": "Point", "coordinates": [ 126.921103, 35.154492 ] } },
{ "type": "Feature", "properties": { "name": "동구 경양로 291-1", "cat": "주소", "sub": "근린생활시설", "addr": "동구 경양로 291-1 (동명동)", "alt": "동명동 259-7", "src": "build" }, "geometry": { "type": "Point", "coordinates": [ 126.921197, 35.154516 ] } },
{ "type": "Feature", "properties": { "name": "동구 경양로 292", "cat": "주소", "sub": "근린생활시설", "addr": "동구 경양로 292 (동명동)", "alt": "동명동 252-2", "src": "build" }, "geometry": { "type": "Point", "coordinates": [ 126.92121, 35.154328 ] } },
{ "type": "Feature", "properties": { "name": "동구 경양로 293", "cat": "주소", "sub": "근린생활시설", "addr": "동구 경양로 293 (동명동)", "alt": "동명동 259-8", "src": "build" }, "geometry": { "type": "Point", "coordinates": [ 126.921389, 35.154563 ] } },
{ "type": "Feature", "properties": { "name": "동구 경양로 293-1", "cat": "주소", "sub": "근린생활시설", "addr": "동구 경양로 293-1 (동명동)", "alt": "동명동 259-9 · 동명동 257-25", "src": "build" }, "geometry": { "type": "Point", "coordinates": [ 126.921485, 35.154604 ] } },
{ "type": "Feature", "properties": { "name": "동구 경양로 294", "cat": "주소", "sub": "공장/창고시설", "addr": "동구 경양로 294 (동명동)", "alt": "동명동 252-1", "src": "build" }, "geometry": { "type": "Point", "coordinates": [ 126.9214, 35.154359 ] } },
{ "type": "Feature", "properties": { "name": "동구 경양로 295", "cat": "주소", "sub": "근린생활시설", "addr": "동구 경양로 295 (동명동)", "alt": "동명동 259-10 · 동명동 257-21", "src": "build" }, "geometry": { "type": "Point", "coordinates": [ 126.921613, 35.154599 ] } },
{ "type": "Feature", "properties": { "name": "동구 경양로 295-1", "cat": "주소", "sub": "주택", "addr": "동구 경양로 295-1 (동명동)", "alt": "동명동 257-8", "src": "build" }, "geometry": { "type": "Point", "coordinates": [ 126.921679, 35.154607 ] } },
{ "type": "Feature", "properties": { "name": "동구 경양로 296", "cat": "주소", "sub": "근린생활시설", "addr": "동구 경양로 296 (동명동)", "alt": "동명동 253-7", "src": "build" }, "geometry": { "type": "Point", "coordinates": [ 126.921751, 35.154402 ] } },
{ "type": "Feature", "properties": { "name": "동구 경양로 297", "cat": "주소", "sub": "근린생활시설", "addr": "동구 경양로 297 (동명동)", "alt": "동명동 257-7", "src": "build" }, "geometry": { "type": "Point", "coordinates": [ 126.921752, 35.154609 ] } },
{ "type": "Feature", "properties": { "name": "동구 경양로 297-1", "cat": "주소", "sub": "근린생활시설", "addr": "동구 경양로 297-1 (동명동)", "alt": "동명동 257-6", "src": "build" }, "geometry": { "type": "Point", "coordinates": [ 126.921898, 35.15462 ] } },
{ "type": "Feature", "properties": { "name": "동구 경양로 297-2", "cat": "주소", "sub": "근린생활시설", "addr": "동구 경양로 297-2 (동명동)", "alt": "동명동 257-3", "src": "build" }, "geometry": { "type": "Point", "coordinates": [ 126.921948, 35.154626 ] } },
{ "type": "Feature", "properties": { "name": "동구 경양로 297-4", "cat": "주소", "sub": "주택", "addr": "동구 경양로 297-4 (동명동)", "alt": "동명동 257-3", "src": "build" }, "geometry": { "type": "Point", "coordinates": [ 126.922043, 35.15476 ] } },
{ "type": "Feature", "properties": { "name": "동구 경양로 297-6", "cat": "주소", "sub": "주택", "addr": "동구 경양로 297-6 (동명동)", "alt": "동명동 257-4", "src": "build" }, "geometry": { "type": "Point", "coordinates": [ 126.92194, 35.15479 ] } },
{ "type": "Feature", "properties": { "name": "동구 경양로 297-8", "cat": "주소", "sub": "주택", "addr": "동구 경양로 297-8 (동명동)", "alt": "동명동 257-5", "src": "build" }, "geometry": { "type": "Point", "coordinates": [ 126.921834, 35.154769 ] } },
{ "type": "Feature", "properties": { "name": "동구 경양로 298", "cat": "주소", "sub": "근린생활시설", "addr": "동구 경양로 298 (동명동)", "alt": "동명동 253-6", "src": "build" }, "geometry": { "type": "Point", "coordinates": [ 126.921932, 35.154402 ] } },
{ "type": "Feature", "properties": { "name": "동구 경양로 299", "cat": "주소", "sub": "주택", "addr": "동구 경양로 299 (동명동)", "alt": "동명동 257-12", "src": "build" }, "geometry": { "type": "Point", "coordinates": [ 126.92208, 35.154618 ] } },
{ "type": "Feature", "properties": { "name": "동구 경양로 299-1", "cat": "주소", "sub": "근린생활시설", "addr": "동구 경양로 299-1 (동명동)", "alt": "동명동 257-10", "src": "build" }, "geometry": { "type": "Point", "coordinates": [ 126.922157, 35.154622 ] } },
{ "type": "Feature", "properties": { "name": "동구 경양로 300", "cat": "주소", "sub": "근린생활시설", "addr": "동구 경양로 300 (동명동)", "alt": "동명동 253-6", "src": "build" }, "geometry": { "type": "Point", "coordinates": [ 126.922007, 35.154404 ] } },
{ "type": "Feature", "properties": { "name": "동구 경양로 300-1", "cat": "주소", "sub": "유통시설", "addr": "동구 경양로 300-1 (동명동)", "alt": "동명동 253-1", "src": "build" }, "geometry": { "type": "Point", "coordinates": [ 126.922106, 35.154402 ] } },
{ "type": "Feature", "properties": { "name": "동구 경양로 301", "cat": "주소", "sub": "의료시설", "addr": "동구 경양로 301 (동명동)", "alt": "동명동 257", "src": "build" }, "geometry": { "type": "Point", "coordinates": [ 126.922229, 35.154588 ] } },
{ "type": "Feature", "properties": { "name": "동구 경양로 301-1", "cat": "주소", "sub": "근린생활시설", "addr": "동구 경양로 301-1 (동명동)", "alt": "동명동 256-4", "src": "build" }, "geometry": { "type": "Point", "coordinates": [ 126.92232, 35.154582 ] } },
{ "type": "Feature", "properties": { "name": "동구 경양로 301-2", "cat": "주소", "sub": "근린생활시설", "addr": "동구 경양로 301-2 (동명동)", "alt": "동명동 256-1", "src": "build" }, "geometry": { "type": "Point", "coordinates": [ 126.92241, 35.154568 ] } },
{ "type": "Feature", "properties": { "name": "동구 경양로 302", "cat": "주소", "sub": "주택", "addr": "동구 경양로 302 (동명동)", "alt": "동명동 253-11", "src": "build" }, "geometry": { "type": "Point", "coordinates": [ 126.922203, 35.154396 ] } },
{ "type": "Feature", "properties": { "name": "동구 경양로 303-11", "cat": "주소", "sub": "근린생활시설", "addr": "동구 경양로 303-11 (동명동)", "alt": "동명동 260-5", "src": "build" }, "geometry": { "type": "Point", "coordinates": [ 126.922038, 35.154886 ] } },
{ "type": "Feature", "properties": { "name": "동구 경양로 303-13", "cat": "주소", "sub": "근린생활시설", "addr": "동구 경양로 303-13 (동명동)", "alt": "동명동 260-3", "src": "build" }, "geometry": { "type": "Point", "coordinates": [ 126.921986, 35.154936 ] } },
{ "type": "Feature", "properties": { "name": "동구 경양로 303-15", "cat": "주소", "sub": "근린생활시설", "addr": "동구 경양로 303-15 (동명동)", "alt": "동명동 260-2", "src": "build" }, "geometry": { "type": "Point", "coordinates": [ 126.921929, 35.155014 ] } },
{ "type": "Feature", "properties": { "name": "동구 경양로 303-9", "cat": "주소", "sub": "근린생활시설", "addr": "동구 경양로 303-9 (동명동)", "alt": "동명동 260-4", "src": "build" }, "geometry": { "type": "Point", "coordinates": [ 126.922121, 35.154815 ] } },
{ "type": "Feature", "properties": { "name": "동구 경양로 304", "cat": "주소", "sub": "근린생활시설", "addr": "동구 경양로 304 (동명동)", "alt": "동명동 254-5", "src": "build" }, "geometry": { "type": "Point", "coordinates": [ 126.922381, 35.154405 ] } },
{ "type": "Feature", "properties": { "name": "동구 계림로 1", "cat": "주소", "sub": "업무시설", "addr": "동구 계림로 1 (동명동)", "alt": "동명동 265-1", "src": "build" }, "geometry": { "type": "Point", "coordinates": [ 126.920994, 35.154686 ] } },
{ "type": "Feature", "properties": { "name": "동구 계림로 10", "cat": "주소", "sub": "근린생활시설", "addr": "동구 계림로 10 (동명동)", "alt": "동명동 259-5", "src": "build" }, "geometry": { "type": "Point", "coordinates": [ 126.92178, 35.155038 ] } },
{ "type": "Feature", "properties": { "name": "동구 계림로 12", "cat": "주소", "sub": "근린생활시설", "addr": "동구 계림로 12 (동명동)", "alt": "동명동 260-1", "src": "build" }, "geometry": { "type": "Point", "coordinates": [ 126.921875, 35.155096 ] } },
{ "type": "Feature", "properties": { "name": "동구 계림로 3", "cat": "주소", "sub": "업무시설", "addr": "동구 계림로 3 (동명동)", "alt": "동명동 263-9", "src": "build" }, "geometry": { "type": "Point", "coordinates": [ 126.921112, 35.154746 ] } },
{ "type": "Feature", "properties": { "name": "동구 계림로 3-1", "cat": "주소", "sub": "유통시설", "addr": "동구 계림로 3-1 (동명동)", "alt": "동명동 263-10", "src": "build" }, "geometry": { "type": "Point", "coordinates": [ 126.921163, 35.154781 ] } },
{ "type": "Feature", "properties": { "name": "동구 계림로 3-2", "cat": "주소", "sub": "유통시설", "addr": "동구 계림로 3-2 (동명동)", "alt": "동명동 263-4", "src": "build" }, "geometry": { "type": "Point", "coordinates": [ 126.921207, 35.154804 ] } },
{ "type": "Feature", "properties": { "name": "동구 계림로 4", "cat": "주소", "sub": "근린생활시설", "addr": "동구 계림로 4 (동명동)", "alt": "동명동 267-5", "src": "build" }, "geometry": { "type": "Point", "coordinates": [ 126.921159, 35.154634 ] } },
{ "type": "Feature", "properties": { "name": "동구 계림로 5-1", "cat": "주소", "sub": "근린생활시설", "addr": "동구 계림로 5-1 (동명동)", "alt": "동명동 263-3", "src": "build" }, "geometry": { "type": "Point", "coordinates": [ 126.921415, 35.154918 ] } },
{ "type": "Feature", "properties": { "name": "동구 계림로 6", "cat": "주소", "sub": "근린생활시설", "addr": "동구 계림로 6 (동명동)", "alt": "동명동 259-6", "src": "build" }, "geometry": { "type": "Point", "coordinates": [ 126.921417, 35.154782 ] } },
{ "type": "Feature", "properties": { "name": "동구 계림로 7", "cat": "주소", "sub": "유통시설", "addr": "동구 계림로 7 (동명동)", "alt": "동명동 263-2", "src": "build" }, "geometry": { "type": "Point", "coordinates": [ 126.921457, 35.154956 ] } },
{ "type": "Feature", "properties": { "name": "동구 계림로 8-1", "cat": "주소", "sub": "유통시설", "addr": "동구 계림로 8-1 (동명동)", "alt": "동명동 259 · 동명동 264-3", "src": "build" }, "geometry": { "type": "Point", "coordinates": [ 126.921684, 35.15497 ] } },
{ "type": "Feature", "properties": { "name": "동구 계림로 8-2", "cat": "주소", "sub": "주택", "addr": "동구 계림로 8-2 (동명동)", "alt": "동명동 259-1", "src": "build" }, "geometry": { "type": "Point", "coordinates": [ 126.921703, 35.154875 ] } },
{ "type": "Feature", "properties": { "name": "동구 계림로 8-3", "cat": "주소", "sub": "주택", "addr": "동구 계림로 8-3 (동명동)", "alt": "동명동 259-3", "src": "build" }, "geometry": { "type": "Point", "coordinates": [ 126.921816, 35.154945 ] } },
{ "type": "Feature", "properties": { "name": "동구 계림로 8-4", "cat": "주소", "sub": "주택", "addr": "동구 계림로 8-4 (동명동)", "alt": "동명동 259-4", "src": "build" }, "geometry": { "type": "Point", "coordinates": [ 126.921768, 35.154904 ] } },
{ "type": "Feature", "properties": { "name": "동구 동계로 1", "cat": "주소", "sub": "근린생활시설", "addr": "동구 동계로 1 (동명동)", "alt": "동명동 200-88 · 동명동 200-216", "src": "build" }, "geometry": { "type": "Point", "coordinates": [ 126.924005, 35.151974 ] } },
{ "type": "Feature", "properties": { "name": "동구 동계로 11", "cat": "주소", "sub": "근린생활시설", "addr": "동구 동계로 11 (동명동)", "alt": "동명동 207-53", "src": "build" }, "geometry": { "type": "Point", "coordinates": [ 126.924262, 35.152921 ] } },
{ "type": "Feature", "properties": { "name": "동구 동계로 12", "cat": "주소", "sub": "근린생활시설", "addr": "동구 동계로 12 (동명동)", "alt": "동명동 207-85", "src": "build" }, "geometry": { "type": "Point", "coordinates": [ 126.924455, 35.152749 ] } },
{ "type": "Feature", "properties": { "name": "동구 동계로 12-1", "cat": "주소", "sub": "근린생활시설", "addr": "동구 동계로 12-1 (동명동)", "alt": "동명동 207-62", "src": "build" }, "geometry": { "type": "Point", "coordinates": [ 126.924574, 35.152813 ] } },
{ "type": "Feature", "properties": { "name": "동구 동계로 14", "cat": "주소", "sub": "근린생활시설", "addr": "동구 동계로 14 (동명동)", "alt": "동명동 207-56 · 동명동 207-81", "src": "build" }, "geometry": { "type": "Point", "coordinates": [ 126.924524, 35.152905 ] } },
{ "type": "Feature", "properties": { "name": "동구 동계로 15", "cat": "주소", "sub": "주택", "addr": "동구 동계로 15 (동명동)", "alt": "동명동 207-55", "src": "build" }, "geometry": { "type": "Point", "coordinates": [ 126.924317, 35.153133 ] } },
{ "type": "Feature", "properties": { "name": "동구 동계로 16", "cat": "주소", "sub": "근린생활시설", "addr": "동구 동계로 16 (동명동)", "alt": "동명동 207-5", "src": "build" }, "geometry": { "type": "Point", "coordinates": [ 126.924589, 35.153047 ] } },
{ "type": "Feature", "properties": { "name": "동구 동계로 16-10", "cat": "주소", "sub": "주택", "addr": "동구 동계로 16-10 (동명동)", "alt": "동명동 207-67", "src": "build" }, "geometry": { "type": "Point", "coordinates": [ 126.924911, 35.152946 ] } },
{ "type": "Feature", "properties": { "name": "동구 동계로 16-12", "cat": "주소", "sub": "주택", "addr": "동구 동계로 16-12 (동명동)", "alt": "동명동 207-87", "src": "build" }, "geometry": { "type": "Point", "coordinates": [ 126.925089, 35.153023 ] } },
{ "type": "Feature", "properties": { "name": "동구 동계로 16-14", "cat": "주소", "sub": "주택", "addr": "동구 동계로 16-14 (동명동)", "alt": "동명동 207-80", "src": "build" }, "geometry": { "type": "Point", "coordinates": [ 126.925155, 35.153001 ] } },
{ "type": "Feature", "properties": { "name": "동구 동계로 16-16", "cat": "주소", "sub": "주택", "addr": "동구 동계로 16-16 (동명동)", "alt": "동명동 291-56", "src": "build" }, "geometry": { "type": "Point", "coordinates": [ 126.925244, 35.152934 ] } },
{ "type": "Feature", "properties": { "name": "동구 동계로 16-2", "cat": "주소", "sub": "주택", "addr": "동구 동계로 16-2 (동명동)", "alt": "동명동 207-68", "src": "build" }, "geometry": { "type": "Point", "coordinates": [ 126.924678, 35.153115 ] } },
{ "type": "Feature", "properties": { "name": "동구 동계로 16-6", "cat": "주소", "sub": "주택", "addr": "동구 동계로 16-6 (동명동)", "alt": "동명동 207-66", "src": "build" }, "geometry": { "type": "Point", "coordinates": [ 126.924843, 35.153072 ] } },
{ "type": "Feature", "properties": { "name": "동구 동계로 16-8", "cat": "주소", "sub": "주택", "addr": "동구 동계로 16-8 (동명동)", "alt": "동명동 207-98", "src": "build" }, "geometry": { "type": "Point", "coordinates": [ 126.92493, 35.153053 ] } },
{ "type": "Feature", "properties": { "name": "동구 동계로 2", "cat": "주소", "sub": "근린생활시설", "addr": "동구 동계로 2 (동명동)", "alt": "동명동 184-5", "src": "build" }, "geometry": { "type": "Point", "coordinates": [ 126.924234, 35.151988 ] } },
{ "type": "Feature", "properties": { "name": "동구 동계로 3", "cat": "주소", "sub": "주택", "addr": "동구 동계로 3 (동명동)", "alt": "동명동 200-78", "src": "build" }, "geometry": { "type": "Point", "coordinates": [ 126.924019, 35.152245 ] } },
{ "type": "Feature", "properties": { "name": "동구 동계로 5", "cat": "주소", "sub": "근린생활시설", "addr": "동구 동계로 5 (동명동)", "alt": "동명동 200-77", "src": "build" }, "geometry": { "type": "Point", "coordinates": [ 126.924102, 35.152383 ] } },
{ "type": "Feature", "properties": { "name": "동구 동계로 6", "cat": "주소", "sub": "업무시설", "addr": "동구 동계로 6 (동명동)", "alt": "동명동 184-7", "src": "build" }, "geometry": { "type": "Point", "coordinates": [ 126.924331, 35.152287 ] } },
{ "type": "Feature", "properties": { "name": "동구 동계로 7", "cat": "주소", "sub": "근린생활시설", "addr": "동구 동계로 7 (동명동)", "alt": "동명동 200-22", "src": "build" }, "geometry": { "type": "Point", "coordinates": [ 126.924075, 35.152436 ] } },
{ "type": "Feature", "properties": { "name": "동구 동계로 8", "cat": "주소", "sub": "근린생활시설", "addr": "동구 동계로 8 (동명동)", "alt": "동명동 184-1", "src": "build" }, "geometry": { "type": "Point", "coordinates": [ 126.924352, 35.152352 ] } },
{ "type": "Feature", "properties": { "name": "동구 동계로 8-1", "cat": "주소", "sub": "근린생활시설", "addr": "동구 동계로 8-1 (동명동)", "alt": "동명동 182-9", "src": "build" }, "geometry": { "type": "Point", "coordinates": [ 126.924405, 35.152445 ] } },
{ "type": "Feature", "properties": { "name": "동구 동계로10번길 11-1", "cat": "주소", "sub": "주택", "addr": "동구 동계로10번길 11-1 (동명동)", "alt": "동명동 181-8", "src": "build" }, "geometry": { "type": "Point", "coordinates": [ 126.925409, 35.152564 ] } },
{ "type": "Feature", "properties": { "name": "동구 동계로10번길 14", "cat": "주소", "sub": "주택", "addr": "동구 동계로10번길 14 (동명동)", "alt": "동명동 180-18", "src": "build" }, "geometry": { "type": "Point", "coordinates": [ 126.925623, 35.152444 ] } },
{ "type": "Feature", "properties": { "name": "동구 동계로10번길 16", "cat": "주소", "sub": "업무시설", "addr": "동구 동계로10번길 16 (동명동)", "alt": "동명동 179-1", "src": "build" }, "geometry": { "type": "Point", "coordinates": [ 126.925703, 35.152272 ] } },
{ "type": "Feature", "properties": { "name": "동구 동계로10번길 4", "cat": "주소", "sub": "주택", "addr": "동구 동계로10번길 4 (동명동)", "alt": "동명동 182-3", "src": "build" }, "geometry": { "type": "Point", "coordinates": [ 126.924631, 35.152484 ] } },
{ "type": "Feature", "properties": { "name": "동구 동계로10번길 4-1", "cat": "주소", "sub": "주택", "addr": "동구 동계로10번길 4-1 (동명동)", "alt": "동명동 182-2", "src": "build" }, "geometry": { "type": "Point", "coordinates": [ 126.924699, 35.152504 ] } },
{ "type": "Feature", "properties": { "name": "동구 동계로10번길 6", "cat": "주소", "sub": "주택", "addr": "동구 동계로10번길 6 (동명동)", "alt": "동명동 182-6", "src": "build" }, "geometry": { "type": "Point", "coordinates": [ 126.924931, 35.152484 ] } },
{ "type": "Feature", "properties": { "name": "동구 동계로10번길 7", "cat": "주소", "sub": "주택", "addr": "동구 동계로10번길 7 (동명동)", "alt": "동명동 181-10", "src": "build" }, "geometry": { "type": "Point", "coordinates": [ 126.92513, 35.152593 ] } },
{ "type": "Feature", "properties": { "name": "동구 동계로10번길 8", "cat": "주소", "sub": "주택", "addr": "동구 동계로10번길 8 (동명동)", "alt": "동명동 180-7", "src": "build" }, "geometry": { "type": "Point", "coordinates": [ 126.925053, 35.152482 ] } },
{ "type": "Feature", "properties": { "name": "동구 동계로10번길 9", "cat": "주소", "sub": "주택", "addr": "동구 동계로10번길 9 (동명동)", "alt": "동명동 181-9", "src": "build" }, "geometry": { "type": "Point", "coordinates": [ 126.925266, 35.152605 ] } },
{ "type": "Feature", "properties": { "name": "동구 동계로12번길 10", "cat": "주소", "sub": "주택", "addr": "동구 동계로12번길 10 (동명동)", "alt": "동명동 283-43", "src": "build" }, "geometry": { "type": "Point", "coordinates": [ 126.925351, 35.152822 ] } },
{ "type": "Feature", "properties": { "name": "동구 동계로12번길 12-6", "cat": "주소", "sub": "주택", "addr": "동구 동계로12번길 12-6 (동명동)", "alt": "동명동 291-47", "src": "build" }, "geometry": { "type": "Point", "coordinates": [ 126.925305, 35.152779 ] } },
{ "type": "Feature", "properties": { "name": "동구 동계로12번길 3", "cat": "주소", "sub": "주택", "addr": "동구 동계로12번길 3 (동명동)", "alt": "동명동 207-64", "src": "build" }, "geometry": { "type": "Point", "coordinates": [ 126.924701, 35.152739 ] } },
{ "type": "Feature", "properties": { "name": "동구 동계로12번길 5", "cat": "주소", "sub": "근린생활시설", "addr": "동구 동계로12번길 5 (동명동)", "alt": "동명동 207-63", "src": "build" }, "geometry": { "type": "Point", "coordinates": [ 126.924792, 35.152782 ] } },
{ "type": "Feature", "properties": { "name": "동구 동계로12번길 8", "cat": "주소", "sub": "주택", "addr": "동구 동계로12번길 8 (동명동)", "alt": "동명동 207-15", "src": "build" }, "geometry": { "type": "Point", "coordinates": [ 126.925176, 35.152745 ] } },
{ "type": "Feature", "properties": { "name": "동구 동계로12번길 9", "cat": "주소", "sub": "주택", "addr": "동구 동계로12번길 9 (동명동)", "alt": "동명동 207-80", "src": "build" }, "geometry": { "type": "Point", "coordinates": [ 126.92515, 35.152862 ] } },
{ "type": "Feature", "properties": { "name": "동구 동계로13번길 1", "cat": "주소", "sub": "연립·다세대", "addr": "동구 동계로13번길 1 (동명동)", "alt": "동명동 207-58", "src": "build" }, "geometry": { "type": "Point", "coordinates": [ 126.924085, 35.152947 ] } },
{ "type": "Feature", "properties": { "name": "동구 동계로13번길 10", "cat": "주소", "sub": "주택", "addr": "동구 동계로13번길 10 (동명동)", "alt": "동명동 209-23", "src": "build" }, "geometry": { "type": "Point", "coordinates": [ 126.923421, 35.153229 ] } },
{ "type": "Feature", "properties": { "name": "동구 동계로13번길 10-1", "cat": "주소", "sub": "주택", "addr": "동구 동계로13번길 10-1 (동명동)", "alt": "동명동 209-113", "src": "build" }, "geometry": { "type": "Point", "coordinates": [ 126.923314, 35.153287 ] } },
{ "type": "Feature", "properties": { "name": "동구 동계로13번길 10-2", "cat": "주소", "sub": "주택", "addr": "동구 동계로13번길 10-2 (동명동)", "alt": "동명동 209-26", "src": "build" }, "geometry": { "type": "Point", "coordinates": [ 126.923354, 35.153347 ] } },
{ "type": "Feature", "properties": { "name": "동구 동계로13번길 11", "cat": "주소", "sub": "주택", "addr": "동구 동계로13번길 11 (동명동)", "alt": "동명동 207-78", "src": "build" }, "geometry": { "type": "Point", "coordinates": [ 126.923181, 35.153188 ] } },
{ "type": "Feature", "properties": { "name": "동구 동계로13번길 12", "cat": "주소", "sub": "주택", "addr": "동구 동계로13번길 12 (동명동)", "alt": "동명동 207-8", "src": "build" }, "geometry": { "type": "Point", "coordinates": [ 126.923083, 35.153325 ] } },
{ "type": "Feature", "properties": { "name": "동구 동계로13번길 12-10", "cat": "주소", "sub": "주택", "addr": "동구 동계로13번길 12-10 (동명동)", "alt": "동명동 209-12", "src": "build" }, "geometry": { "type": "Point", "coordinates": [ 126.923168, 35.153715 ] } },
{ "type": "Feature", "properties": { "name": "동구 동계로13번길 12-11", "cat": "주소", "sub": "주택", "addr": "동구 동계로13번길 12-11 (동명동)", "alt": "동명동 209-34", "src": "build" }, "geometry": { "type": "Point", "coordinates": [ 126.923103, 35.153732 ] } },
{ "type": "Feature", "properties": { "name": "동구 동계로13번길 12-13", "cat": "주소", "sub": "주택", "addr": "동구 동계로13번길 12-13 (동명동)", "alt": "동명동 209-30", "src": "build" }, "geometry": { "type": "Point", "coordinates": [ 126.923148, 35.153822 ] } },
{ "type": "Feature", "properties": { "name": "동구 동계로13번길 12-2", "cat": "주소", "sub": "주택", "addr": "동구 동계로13번길 12-2 (동명동)", "alt": "동명동 209-27", "src": "build" }, "geometry": { "type": "Point", "coordinates": [ 126.923189, 35.153365 ] } },
{ "type": "Feature", "properties": { "name": "동구 동계로13번길 12-3", "cat": "주소", "sub": "주택", "addr": "동구 동계로13번길 12-3 (동명동)", "alt": "동명동 209-38", "src": "build" }, "geometry": { "type": "Point", "coordinates": [ 126.923045, 35.153434 ] } },
{ "type": "Feature", "properties": { "name": "동구 동계로13번길 12-5", "cat": "주소", "sub": "주택", "addr": "동구 동계로13번길 12-5 (동명동)", "alt": "동명동 209-37", "src": "build" }, "geometry": { "type": "Point", "coordinates": [ 126.923107, 35.153483 ] } },
{ "type": "Feature", "properties": { "name": "동구 동계로13번길 12-6", "cat": "주소", "sub": "주택", "addr": "동구 동계로13번길 12-6 (동명동)", "alt": "동명동 209-28", "src": "build" }, "geometry": { "type": "Point", "coordinates": [ 126.923162, 35.153507 ] } },
{ "type": "Feature", "properties": { "name": "동구 동계로13번길 12-7", "cat": "주소", "sub": "주택", "addr": "동구 동계로13번길 12-7 (동명동)", "alt": "동명동 209-36", "src": "build" }, "geometry": { "type": "Point", "coordinates": [ 126.923105, 35.153619 ] } },
{ "type": "Feature", "properties": { "name": "동구 동계로13번길 12-8", "cat": "주소", "sub": "주택", "addr": "동구 동계로13번길 12-8 (동명동)", "alt": "동명동 209-14", "src": "build" }, "geometry": { "type": "Point", "coordinates": [ 126.923162, 35.153613 ] } },
{ "type": "Feature", "properties": { "name": "동구 동계로13번길 12-9", "cat": "주소", "sub": "주택", "addr": "동구 동계로13번길 12-9 (동명동)", "alt": "동명동 209-33", "src": "build" }, "geometry": { "type": "Point", "coordinates": [ 126.922988, 35.153666 ] } },
{ "type": "Feature", "properties": { "name": "동구 동계로13번길 16", "cat": "주소", "sub": "주택", "addr": "동구 동계로13번길 16 (동명동)", "alt": "동명동 209-49", "src": "build" }, "geometry": { "type": "Point", "coordinates": [ 126.922761, 35.153396 ] } },
{ "type": "Feature", "properties": { "name": "동구 동계로13번길 16-11", "cat": "주소", "sub": "주택", "addr": "동구 동계로13번길 16-11 (동명동)", "alt": "동명동 254-30", "src": "build" }, "geometry": { "type": "Point", "coordinates": [ 126.922616, 35.153923 ] } },
{ "type": "Feature", "properties": { "name": "동구 동계로13번길 16-14", "cat": "주소", "sub": "주택", "addr": "동구 동계로13번길 16-14 (동명동)", "alt": "동명동 209-48", "src": "build" }, "geometry": { "type": "Point", "coordinates": [ 126.922808, 35.153473 ] } },
{ "type": "Feature", "properties": { "name": "동구 동계로13번길 16-16", "cat": "주소", "sub": "주택", "addr": "동구 동계로13번길 16-16 (동명동)", "alt": "동명동 209-39", "src": "build" }, "geometry": { "type": "Point", "coordinates": [ 126.922858, 35.153482 ] } },
{ "type": "Feature", "properties": { "name": "동구 동계로13번길 16-18", "cat": "주소", "sub": "주택", "addr": "동구 동계로13번길 16-18 (동명동)", "alt": "동명동 209-40", "src": "build" }, "geometry": { "type": "Point", "coordinates": [ 126.922809, 35.153566 ] } },
{ "type": "Feature", "properties": { "name": "동구 동계로13번길 16-20", "cat": "주소", "sub": "주택", "addr": "동구 동계로13번길 16-20 (동명동)", "alt": "동명동 209-41", "src": "build" }, "geometry": { "type": "Point", "coordinates": [ 126.922769, 35.153608 ] } },
{ "type": "Feature", "properties": { "name": "동구 동계로13번길 16-24", "cat": "주소", "sub": "주택", "addr": "동구 동계로13번길 16-24 (동명동)", "alt": "동명동 254-34", "src": "build" }, "geometry": { "type": "Point", "coordinates": [ 126.92272, 35.153905 ] } },
{ "type": "Feature", "properties": { "name": "동구 동계로13번길 16-26", "cat": "주소", "sub": "주택", "addr": "동구 동계로13번길 16-26 (동명동)", "alt": "동명동 254-33", "src": "build" }, "geometry": { "type": "Point", "coordinates": [ 126.922727, 35.153956 ] } },
{ "type": "Feature", "properties": { "name": "동구 동계로13번길 16-6", "cat": "주소", "sub": "근린생활시설", "addr": "동구 동계로13번길 16-6 (동명동)", "alt": "동명동 209-47", "src": "build" }, "geometry": { "type": "Point", "coordinates": [ 126.922693, 35.153592 ] } },
{ "type": "Feature", "properties": { "name": "동구 동계로13번길 18", "cat": "주소", "sub": "주택", "addr": "동구 동계로13번길 18 (동명동)", "alt": "동명동 209-57", "src": "build" }, "geometry": { "type": "Point", "coordinates": [ 126.922445, 35.153413 ] } },
{ "type": "Feature", "properties": { "name": "동구 동계로13번길 18-10", "cat": "주소", "sub": "주택", "addr": "동구 동계로13번길 18-10 (동명동)", "alt": "동명동 250-16", "src": "build" }, "geometry": { "type": "Point", "coordinates": [ 126.922143, 35.153642 ] } },
{ "type": "Feature", "properties": { "name": "동구 동계로13번길 18-11", "cat": "주소", "sub": "주택", "addr": "동구 동계로13번길 18-11 (동명동)", "alt": "동명동 209-72", "src": "build" }, "geometry": { "type": "Point", "coordinates": [ 126.922042, 35.153602 ] } },
{ "type": "Feature", "properties": { "name": "동구 동계로13번길 18-12", "cat": "주소", "sub": "주택", "addr": "동구 동계로13번길 18-12 (동명동)", "alt": "동명동 250-17", "src": "build" }, "geometry": { "type": "Point", "coordinates": [ 126.922051, 35.153765 ] } },
{ "type": "Feature", "properties": { "name": "동구 동계로13번길 18-13", "cat": "주소", "sub": "주택", "addr": "동구 동계로13번길 18-13 (동명동)", "alt": "동명동 209-73", "src": "build" }, "geometry": { "type": "Point", "coordinates": [ 126.921964, 35.153559 ] } },
{ "type": "Feature", "properties": { "name": "동구 동계로13번길 18-14", "cat": "주소", "sub": "주택", "addr": "동구 동계로13번길 18-14 (동명동)", "alt": "동명동 250-18", "src": "build" }, "geometry": { "type": "Point", "coordinates": [ 126.921977, 35.15369 ] } },
{ "type": "Feature", "properties": { "name": "동구 동계로13번길 18-16", "cat": "주소", "sub": "주택", "addr": "동구 동계로13번길 18-16 (동명동)", "alt": "동명동 250-24", "src": "build" }, "geometry": { "type": "Point", "coordinates": [ 126.921867, 35.153707 ] } },
{ "type": "Feature", "properties": { "name": "동구 동계로13번길 18-2", "cat": "주소", "sub": "공장/창고시설", "addr": "동구 동계로13번길 18-2 (동명동)", "alt": "동명동 209-53", "src": "build" }, "geometry": { "type": "Point", "coordinates": [ 126.922512, 35.153458 ] } },
{ "type": "Feature", "properties": { "name": "동구 동계로13번길 18-26", "cat": "주소", "sub": "주택", "addr": "동구 동계로13번길 18-26 (동명동)", "alt": "동명동 250-46", "src": "build" }, "geometry": { "type": "Point", "coordinates": [ 126.92202, 35.153849 ] } },
{ "type": "Feature", "properties": { "name": "동구 동계로13번길 18-28", "cat": "주소", "sub": "주택", "addr": "동구 동계로13번길 18-28 (동명동)", "alt": "동명동 250-20", "src": "build" }, "geometry": { "type": "Point", "coordinates": [ 126.92194, 35.15382 ] } },
{ "type": "Feature", "properties": { "name": "동구 동계로13번길 18-4", "cat": "주소", "sub": "주택", "addr": "동구 동계로13번길 18-4 (동명동)", "alt": "동명동 209-54", "src": "build" }, "geometry": { "type": "Point", "coordinates": [ 126.922447, 35.153541 ] } },
{ "type": "Feature", "properties": { "name": "동구 동계로13번길 18-7", "cat": "주소", "sub": "근린생활시설", "addr": "동구 동계로13번길 18-7 (동명동)", "alt": "동명동 209-70", "src": "build" }, "geometry": { "type": "Point", "coordinates": [ 126.922191, 35.15358 ] } },
{ "type": "Feature", "properties": { "name": "동구 동계로13번길 18-8", "cat": "주소", "sub": "주택", "addr": "동구 동계로13번길 18-8 (동명동)", "alt": "동명동 250-14", "src": "build" }, "geometry": { "type": "Point", "coordinates": [ 126.922223, 35.153621 ] } },
{ "type": "Feature", "properties": { "name": "동구 동계로13번길 18-9", "cat": "주소", "sub": "주택", "addr": "동구 동계로13번길 18-9 (동명동)", "alt": "동명동 209-71", "src": "build" }, "geometry": { "type": "Point", "coordinates": [ 126.922127, 35.153597 ] } },
{ "type": "Feature", "properties": { "name": "동구 동계로13번길 19", "cat": "주소", "sub": "주택", "addr": "동구 동계로13번길 19 (동명동)", "alt": "동명동 209-6", "src": "build" }, "geometry": { "type": "Point", "coordinates": [ 126.922327, 35.153316 ] } },
{ "type": "Feature", "properties": { "name": "동구 동계로13번길 19-2", "cat": "주소", "sub": "주택", "addr": "동구 동계로13번길 19-2 (동명동)", "alt": "동명동 209-111", "src": "build" }, "geometry": { "type": "Point", "coordinates": [ 126.922407, 35.153269 ] } },
{ "type": "Feature", "properties": { "name": "동구 동계로13번길 19-4", "cat": "주소", "sub": "주택", "addr": "동구 동계로13번길 19-4 (동명동)", "alt": "동명동 209-64", "src": "build" }, "geometry": { "type": "Point", "coordinates": [ 126.922431, 35.153249 ] } },
{ "type": "Feature", "properties": { "name": "동구 동계로13번길 19-6", "cat": "주소", "sub": "주택", "addr": "동구 동계로13번길 19-6 (동명동)", "alt": "동명동 209-63", "src": "build" }, "geometry": { "type": "Point", "coordinates": [ 126.922474, 35.153189 ] } },
{ "type": "Feature", "properties": { "name": "동구 동계로13번길 19-8", "cat": "주소", "sub": "공장/창고시설", "addr": "동구 동계로13번길 19-8 (동명동)", "alt": "동명동 209-62 · 동명동 209-61", "src": "build" }, "geometry": { "type": "Point", "coordinates": [ 126.92248, 35.153138 ] } },
{ "type": "Feature", "properties": { "name": "동구 동계로13번길 2", "cat": "주소", "sub": "주택", "addr": "동구 동계로13번길 2 (동명동)", "alt": "동명동 208-4", "src": "build" }, "geometry": { "type": "Point", "coordinates": [ 126.924104, 35.153054 ] } },
{ "type": "Feature", "properties": { "name": "동구 동계로13번길 2-10", "cat": "주소", "sub": "주택", "addr": "동구 동계로13번길 2-10 (동명동)", "alt": "동명동 208-6", "src": "build" }, "geometry": { "type": "Point", "coordinates": [ 126.923835, 35.153297 ] } },
{ "type": "Feature", "properties": { "name": "동구 동계로13번길 2-12", "cat": "주소", "sub": "주택", "addr": "동구 동계로13번길 2-12 (동명동)", "alt": "동명동 208-1", "src": "build" }, "geometry": { "type": "Point", "coordinates": [ 126.923732, 35.153312 ] } },
{ "type": "Feature", "properties": { "name": "동구 동계로13번길 2-4", "cat": "주소", "sub": "주택", "addr": "동구 동계로13번길 2-4 (동명동)", "alt": "동명동 208-5 · 동명동 291-24", "src": "build" }, "geometry": { "type": "Point", "coordinates": [ 126.924166, 35.153127 ] } },
{ "type": "Feature", "properties": { "name": "동구 동계로13번길 20", "cat": "주소", "sub": "근린생활시설", "addr": "동구 동계로13번길 20 (동명동)", "alt": "동명동 209-5", "src": "build" }, "geometry": { "type": "Point", "coordinates": [ 126.922207, 35.153411 ] } },
{ "type": "Feature", "properties": { "name": "동구 동계로13번길 20-1", "cat": "주소", "sub": "주택", "addr": "동구 동계로13번길 20-1 (동명동)", "alt": "동명동 209-56", "src": "build" }, "geometry": { "type": "Point", "coordinates": [ 126.922314, 35.153435 ] } },
{ "type": "Feature", "properties": { "name": "동구 동계로13번길 22", "cat": "주소", "sub": "주택", "addr": "동구 동계로13번길 22 (동명동)", "alt": "동명동 209-68", "src": "build" }, "geometry": { "type": "Point", "coordinates": [ 126.922086, 35.153415 ] } },
{ "type": "Feature", "properties": { "name": "동구 동계로13번길 22-1", "cat": "주소", "sub": "주택", "addr": "동구 동계로13번길 22-1 (동명동)", "alt": "동명동 209-69", "src": "build" }, "geometry": { "type": "Point", "coordinates": [ 126.922106, 35.15342 ] } },
{ "type": "Feature", "properties": { "name": "동구 동계로13번길 22-11", "cat": "주소", "sub": "주택", "addr": "동구 동계로13번길 22-11 (동명동)", "alt": "동명동 250-15", "src": "build" }, "geometry": { "type": "Point", "coordinates": [ 126.922199, 35.15377 ] } },
{ "type": "Feature", "properties": { "name": "동구 동계로13번길 22-12", "cat": "주소", "sub": "주택", "addr": "동구 동계로13번길 22-12 (동명동)", "alt": "동명동 209-46", "src": "build" }, "geometry": { "type": "Point", "coordinates": [ 126.922503, 35.153681 ] } },
{ "type": "Feature", "properties": { "name": "동구 동계로13번길 22-13", "cat": "주소", "sub": "주택", "addr": "동구 동계로13번길 22-13 (동명동)", "alt": "동명동 250-6", "src": "build" }, "geometry": { "type": "Point", "coordinates": [ 126.922123, 35.153837 ] } },
{ "type": "Feature", "properties": { "name": "동구 동계로13번길 22-15", "cat": "주소", "sub": "주택", "addr": "동구 동계로13번길 22-15 (동명동)", "alt": "동명동 250-7", "src": "build" }, "geometry": { "type": "Point", "coordinates": [ 126.922212, 35.153818 ] } },
{ "type": "Feature", "properties": { "name": "동구 동계로13번길 22-17", "cat": "주소", "sub": "주택", "addr": "동구 동계로13번길 22-17 (동명동)", "alt": "동명동 250-4", "src": "build" }, "geometry": { "type": "Point", "coordinates": [ 126.922309, 35.153879 ] } },
{ "type": "Feature", "properties": { "name": "동구 동계로13번길 22-21", "cat": "주소", "sub": "주택", "addr": "동구 동계로13번길 22-21 (동명동)", "alt": "동명동 250-8", "src": "build" }, "geometry": { "type": "Point", "coordinates": [ 126.922301, 35.153746 ] } },
{ "type": "Feature", "properties": { "name": "동구 동계로13번길 22-25", "cat": "주소", "sub": "주택", "addr": "동구 동계로13번길 22-25 (동명동)", "alt": "동명동 250-49", "src": "build" }, "geometry": { "type": "Point", "coordinates": [ 126.922423, 35.15367 ] } },
{ "type": "Feature", "properties": { "name": "동구 동계로13번길 22-27", "cat": "주소", "sub": "주택", "addr": "동구 동계로13번길 22-27 (동명동)", "alt": "동명동 250-10", "src": "build" }, "geometry": { "type": "Point", "coordinates": [ 126.922473, 35.153703 ] } },
{ "type": "Feature", "properties": { "name": "동구 동계로13번길 22-29", "cat": "주소", "sub": "주택", "addr": "동구 동계로13번길 22-29 (동명동)", "alt": "동명동 250-49", "src": "build" }, "geometry": { "type": "Point", "coordinates": [ 126.922411, 35.15375 ] } },
{ "type": "Feature", "properties": { "name": "동구 동계로13번길 22-31", "cat": "주소", "sub": "주택", "addr": "동구 동계로13번길 22-31 (동명동)", "alt": "동명동 250-3", "src": "build" }, "geometry": { "type": "Point", "coordinates": [ 126.922406, 35.153829 ] } },
{ "type": "Feature", "properties": { "name": "동구 동계로13번길 22-33", "cat": "주소", "sub": "주택", "addr": "동구 동계로13번길 22-33 (동명동)", "alt": "동명동 250-1", "src": "build" }, "geometry": { "type": "Point", "coordinates": [ 126.922577, 35.153795 ] } },
{ "type": "Feature", "properties": { "name": "동구 동계로13번길 22-9", "cat": "주소", "sub": "주택", "addr": "동구 동계로13번길 22-9 (동명동)", "alt": "동명동 250-13", "src": "build" }, "geometry": { "type": "Point", "coordinates": [ 126.922353, 35.153655 ] } },
{ "type": "Feature", "properties": { "name": "동구 동계로13번길 23", "cat": "주소", "sub": "주택", "addr": "동구 동계로13번길 23 (동명동)", "alt": "동명동 209-67 · 동명동 209-87", "src": "build" }, "geometry": { "type": "Point", "coordinates": [ 126.921915, 35.153355 ] } },
{ "type": "Feature", "properties": { "name": "동구 동계로13번길 24", "cat": "주소", "sub": "주택", "addr": "동구 동계로13번길 24 (동명동)", "alt": "동명동 209-74", "src": "build" }, "geometry": { "type": "Point", "coordinates": [ 126.921939, 35.153439 ] } },
{ "type": "Feature", "properties": { "name": "동구 동계로13번길 24-1", "cat": "주소", "sub": "근린생활시설", "addr": "동구 동계로13번길 24-1 (동명동)", "alt": "동명동 209-75", "src": "build" }, "geometry": { "type": "Point", "coordinates": [ 126.921919, 35.153417 ] } },
{ "type": "Feature", "properties": { "name": "동구 동계로13번길 3", "cat": "주소", "sub": "주택", "addr": "동구 동계로13번길 3 (동명동)", "alt": "동명동 207-61", "src": "build" }, "geometry": { "type": "Point", "coordinates": [ 126.92389, 35.152998 ] } },
{ "type": "Feature", "properties": { "name": "동구 동계로13번길 4", "cat": "주소", "sub": "주택", "addr": "동구 동계로13번길 4 (동명동)", "alt": "동명동 208-15", "src": "build" }, "geometry": { "type": "Point", "coordinates": [ 126.924011, 35.153052 ] } },
{ "type": "Feature", "properties": { "name": "동구 동계로13번길 4-1", "cat": "주소", "sub": "주택", "addr": "동구 동계로13번길 4-1 (동명동)", "alt": "동명동 208-13", "src": "build" }, "geometry": { "type": "Point", "coordinates": [ 126.923924, 35.153077 ] } },
{ "type": "Feature", "properties": { "name": "동구 동계로13번길 5", "cat": "주소", "sub": "공장/창고시설", "addr": "동구 동계로13번길 5 (동명동)", "alt": "동명동 207-75", "src": "build" }, "geometry": { "type": "Point", "coordinates": [ 126.923829, 35.15302 ] } },
{ "type": "Feature", "properties": { "name": "동구 동계로13번길 5-1", "cat": "주소", "sub": "주택", "addr": "동구 동계로13번길 5-1 (동명동)", "alt": "동명동 207-74", "src": "build" }, "geometry": { "type": "Point", "coordinates": [ 126.923685, 35.153059 ] } },
{ "type": "Feature", "properties": { "name": "동구 동계로13번길 6", "cat": "주소", "sub": "주택", "addr": "동구 동계로13번길 6 (동명동)", "alt": "동명동 208-3", "src": "build" }, "geometry": { "type": "Point", "coordinates": [ 126.923821, 35.153098 ] } },
{ "type": "Feature", "properties": { "name": "동구 동계로13번길 7", "cat": "주소", "sub": "주택", "addr": "동구 동계로13번길 7 (동명동)", "alt": "동명동 207-73", "src": "build" }, "geometry": { "type": "Point", "coordinates": [ 126.923575, 35.153094 ] } },
{ "type": "Feature", "properties": { "name": "동구 동계로13번길 8", "cat": "주소", "sub": "주택", "addr": "동구 동계로13번길 8 (동명동)", "alt": "동명동 209-22", "src": "build" }, "geometry": { "type": "Point", "coordinates": [ 126.923523, 35.153207 ] } },
{ "type": "Feature", "properties": { "name": "동구 동계로13번길 8-10", "cat": "주소", "sub": "주택", "addr": "동구 동계로13번길 8-10 (동명동)", "alt": "동명동 209-17", "src": "build" }, "geometry": { "type": "Point", "coordinates": [ 126.92357, 35.153484 ] } },
{ "type": "Feature", "properties": { "name": "동구 동계로13번길 8-11", "cat": "주소", "sub": "주택", "addr": "동구 동계로13번길 8-11 (동명동)", "alt": "동명동 209-25", "src": "build" }, "geometry": { "type": "Point", "coordinates": [ 126.923389, 35.153492 ] } },
{ "type": "Feature", "properties": { "name": "동구 동계로13번길 8-12", "cat": "주소", "sub": "주택", "addr": "동구 동계로13번길 8-12 (동명동)", "alt": "동명동 209-16", "src": "build" }, "geometry": { "type": "Point", "coordinates": [ 126.923513, 35.153548 ] } },
{ "type": "Feature", "properties": { "name": "동구 동계로13번길 8-16", "cat": "주소", "sub": "주택", "addr": "동구 동계로13번길 8-16 (동명동)", "alt": "동명동 209-15", "src": "build" }, "geometry": { "type": "Point", "coordinates": [ 126.923328, 35.153574 ] } },
{ "type": "Feature", "properties": { "name": "동구 동계로13번길 8-2", "cat": "주소", "sub": "주택", "addr": "동구 동계로13번길 8-2 (동명동)", "alt": "동명동 208-2", "src": "build" }, "geometry": { "type": "Point", "coordinates": [ 126.923685, 35.153164 ] } },
{ "type": "Feature", "properties": { "name": "동구 동계로13번길 8-4", "cat": "주소", "sub": "주택", "addr": "동구 동계로13번길 8-4 (동명동)", "alt": "동명동 208-8", "src": "build" }, "geometry": { "type": "Point", "coordinates": [ 126.923695, 35.153242 ] } },
{ "type": "Feature", "properties": { "name": "동구 동계로13번길 8-5", "cat": "주소", "sub": "주택", "addr": "동구 동계로13번길 8-5 (동명동)", "alt": "동명동 209-20", "src": "build" }, "geometry": { "type": "Point", "coordinates": [ 126.923636, 35.153314 ] } },
{ "type": "Feature", "properties": { "name": "동구 동계로13번길 8-7", "cat": "주소", "sub": "주택", "addr": "동구 동계로13번길 8-7 (동명동)", "alt": "동명동 209-19", "src": "build" }, "geometry": { "type": "Point", "coordinates": [ 126.923684, 35.153399 ] } },
{ "type": "Feature", "properties": { "name": "동구 동계로13번길 8-8", "cat": "주소", "sub": "주택", "addr": "동구 동계로13번길 8-8 (동명동)", "alt": "동명동 209-18", "src": "build" }, "geometry": { "type": "Point", "coordinates": [ 126.923677, 35.153468 ] } },
{ "type": "Feature", "properties": { "name": "동구 동계로13번길 8-9", "cat": "주소", "sub": "주택", "addr": "동구 동계로13번길 8-9 (동명동)", "alt": "동명동 209-24", "src": "build" }, "geometry": { "type": "Point", "coordinates": [ 126.923559, 35.153445 ] } },
{ "type": "Feature", "properties": { "name": "동구 동계로13번길 9", "cat": "주소", "sub": "주택", "addr": "동구 동계로13번길 9 (동명동)", "alt": "동명동 207-92", "src": "build" }, "geometry": { "type": "Point", "coordinates": [ 126.923436, 35.153118 ] } },
{ "type": "Feature", "properties": { "name": "동구 동계로13번길 9-1", "cat": "주소", "sub": "주택", "addr": "동구 동계로13번길 9-1 (동명동)", "alt": "동명동 207-79", "src": "build" }, "geometry": { "type": "Point", "coordinates": [ 126.923326, 35.153153 ] } },
{ "type": "Feature", "properties": { "name": "동구 동계로15번길 1-11", "cat": "주소", "sub": "주택", "addr": "동구 동계로15번길 1-11 (동명동)", "alt": "동명동 291-21", "src": "build" }, "geometry": { "type": "Point", "coordinates": [ 126.924038, 35.153336 ] } },
{ "type": "Feature", "properties": { "name": "동구 동계로15번길 1-13", "cat": "주소", "sub": "주택", "addr": "동구 동계로15번길 1-13 (동명동)", "alt": "동명동 291-20", "src": "build" }, "geometry": { "type": "Point", "coordinates": [ 126.92394, 35.153413 ] } },
{ "type": "Feature", "properties": { "name": "동구 동계로15번길 1-17", "cat": "주소", "sub": "주택", "addr": "동구 동계로15번길 1-17 (동명동)", "alt": "동명동 208-9", "src": "build" }, "geometry": { "type": "Point", "coordinates": [ 126.923897, 35.153403 ] } },
{ "type": "Feature", "properties": { "name": "동구 동계로15번길 1-19", "cat": "주소", "sub": "주택", "addr": "동구 동계로15번길 1-19 (동명동)", "alt": "동명동 291-45", "src": "build" }, "geometry": { "type": "Point", "coordinates": [ 126.923883, 35.153454 ] } },
{ "type": "Feature", "properties": { "name": "동구 동계로15번길 1-21", "cat": "주소", "sub": "주택", "addr": "동구 동계로15번길 1-21 (동명동)", "alt": "동명동 208", "src": "build" }, "geometry": { "type": "Point", "coordinates": [ 126.923766, 35.153532 ] } },
{ "type": "Feature", "properties": { "name": "동구 동계로15번길 1-23", "cat": "주소", "sub": "주택", "addr": "동구 동계로15번길 1-23 (동명동)", "alt": "동명동 209-1", "src": "build" }, "geometry": { "type": "Point", "coordinates": [ 126.923685, 35.153576 ] } },
{ "type": "Feature", "properties": { "name": "동구 동계로15번길 1-3", "cat": "주소", "sub": "주택", "addr": "동구 동계로15번길 1-3 (동명동)", "alt": "동명동 283-30", "src": "build" }, "geometry": { "type": "Point", "coordinates": [ 126.924185, 35.153252 ] } },
{ "type": "Feature", "properties": { "name": "동구 동계로15번길 1-5", "cat": "주소", "sub": "주택", "addr": "동구 동계로15번길 1-5 (동명동)", "alt": "동명동 283-27 · 동명동 283-28", "src": "build" }, "geometry": { "type": "Point", "coordinates": [ 126.924129, 35.153263 ] } },
{ "type": "Feature", "properties": { "name": "동구 동계로15번길 1-7", "cat": "주소", "sub": "주택", "addr": "동구 동계로15번길 1-7 (동명동)", "alt": "동명동 208-7", "src": "build" }, "geometry": { "type": "Point", "coordinates": [ 126.924039, 35.153293 ] } },
{ "type": "Feature", "properties": { "name": "동구 동계로15번길 13-3", "cat": "주소", "sub": "주택", "addr": "동구 동계로15번길 13-3 (동명동)", "alt": "동명동 209-31", "src": "build" }, "geometry": { "type": "Point", "coordinates": [ 126.923052, 35.15383 ] } },
{ "type": "Feature", "properties": { "name": "동구 동계로15번길 13-5", "cat": "주소", "sub": "주택", "addr": "동구 동계로15번길 13-5 (동명동)", "alt": "동명동 209-32", "src": "build" }, "geometry": { "type": "Point", "coordinates": [ 126.922888, 35.153809 ] } },
{ "type": "Feature", "properties": { "name": "동구 동계로15번길 13-8", "cat": "주소", "sub": "자동차관련시설", "addr": "동구 동계로15번길 13-8 (동명동)", "alt": "동명동 254-2 · 동명동 283-25", "src": "build" }, "geometry": { "type": "Point", "coordinates": [ 126.922817, 35.153846 ] } },
{ "type": "Feature", "properties": { "name": "동구 동계로15번길 15", "cat": "주소", "sub": "근린생활시설", "addr": "동구 동계로15번길 15 (동명동)", "alt": "동명동 254-1", "src": "build" }, "geometry": { "type": "Point", "coordinates": [ 126.923112, 35.153921 ] } },
{ "type": "Feature", "properties": { "name": "동구 동계로15번길 17", "cat": "주소", "sub": "근린생활시설", "addr": "동구 동계로15번길 17 (동명동)", "alt": "동명동 254-28", "src": "build" }, "geometry": { "type": "Point", "coordinates": [ 126.922971, 35.153948 ] } },
{ "type": "Feature", "properties": { "name": "동구 동계로15번길 18", "cat": "주소", "sub": "근린생활시설", "addr": "동구 동계로15번길 18 (동명동)", "alt": "동명동 254-36", "src": "build" }, "geometry": { "type": "Point", "coordinates": [ 126.922976, 35.154012 ] } },
{ "type": "Feature", "properties": { "name": "동구 동계로15번길 20-2", "cat": "주소", "sub": "근린생활시설", "addr": "동구 동계로15번길 20-2 (동명동)", "alt": "동명동 254", "src": "build" }, "geometry": { "type": "Point", "coordinates": [ 126.92275, 35.154127 ] } },
{ "type": "Feature", "properties": { "name": "동구 동계로15번길 20-3", "cat": "주소", "sub": "근린생활시설", "addr": "동구 동계로15번길 20-3 (동명동)", "alt": "동명동 254-24", "src": "build" }, "geometry": { "type": "Point", "coordinates": [ 126.922628, 35.154234 ] } },
{ "type": "Feature", "properties": { "name": "동구 동계로15번길 21", "cat": "주소", "sub": "주택", "addr": "동구 동계로15번길 21 (동명동)", "alt": "동명동 254-3", "src": "build" }, "geometry": { "type": "Point", "coordinates": [ 126.922604, 35.15401 ] } },
{ "type": "Feature", "properties": { "name": "동구 동계로15번길 21-1", "cat": "주소", "sub": "근린생활시설", "addr": "동구 동계로15번길 21-1 (동명동)", "alt": "동명동 254-31", "src": "build" }, "geometry": { "type": "Point", "coordinates": [ 126.922521, 35.154024 ] } },
{ "type": "Feature", "properties": { "name": "동구 동계로15번길 22", "cat": "주소", "sub": "근린생활시설", "addr": "동구 동계로15번길 22 (동명동)", "alt": "동명동 254-26", "src": "build" }, "geometry": { "type": "Point", "coordinates": [ 126.92239, 35.1541 ] } },
{ "type": "Feature", "properties": { "name": "동구 동계로15번길 23", "cat": "주소", "sub": "주택", "addr": "동구 동계로15번길 23 (동명동)", "alt": "동명동 254-32", "src": "build" }, "geometry": { "type": "Point", "coordinates": [ 126.9224, 35.154025 ] } },
{ "type": "Feature", "properties": { "name": "동구 동계로15번길 23-1", "cat": "주소", "sub": "업무시설", "addr": "동구 동계로15번길 23-1 (동명동)", "alt": "동명동 250-5", "src": "build" }, "geometry": { "type": "Point", "coordinates": [ 126.922252, 35.154001 ] } },
{ "type": "Feature", "properties": { "name": "동구 동계로15번길 24", "cat": "주소", "sub": "주택", "addr": "동구 동계로15번길 24 (동명동)", "alt": "동명동 254-13", "src": "build" }, "geometry": { "type": "Point", "coordinates": [ 126.922273, 35.154097 ] } },
{ "type": "Feature", "properties": { "name": "동구 동계로15번길 24-1", "cat": "주소", "sub": "주택", "addr": "동구 동계로15번길 24-1 (동명동)", "alt": "동명동 254-37", "src": "build" }, "geometry": { "type": "Point", "coordinates": [ 126.922312, 35.154246 ] } },
{ "type": "Feature", "properties": { "name": "동구 동계로15번길 25", "cat": "주소", "sub": "주택", "addr": "동구 동계로15번길 25 (동명동)", "alt": "동명동 250-2", "src": "build" }, "geometry": { "type": "Point", "coordinates": [ 126.922172, 35.154017 ] } },
{ "type": "Feature", "properties": { "name": "동구 동계로15번길 26", "cat": "주소", "sub": "주택", "addr": "동구 동계로15번길 26 (동명동)", "alt": "동명동 254-15", "src": "build" }, "geometry": { "type": "Point", "coordinates": [ 126.922045, 35.154098 ] } },
{ "type": "Feature", "properties": { "name": "동구 동계로15번길 26-2", "cat": "주소", "sub": "주택", "addr": "동구 동계로15번길 26-2 (동명동)", "alt": "동명동 253-12", "src": "build" }, "geometry": { "type": "Point", "coordinates": [ 126.921966, 35.154141 ] } },
{ "type": "Feature", "properties": { "name": "동구 동계로15번길 26-3", "cat": "주소", "sub": "주택", "addr": "동구 동계로15번길 26-3 (동명동)", "alt": "동명동 253-8", "src": "build" }, "geometry": { "type": "Point", "coordinates": [ 126.921855, 35.154212 ] } },
{ "type": "Feature", "properties": { "name": "동구 동계로15번길 26-5", "cat": "주소", "sub": "주택", "addr": "동구 동계로15번길 26-5 (동명동)", "alt": "동명동 253-5", "src": "build" }, "geometry": { "type": "Point", "coordinates": [ 126.921905, 35.154263 ] } },
{ "type": "Feature", "properties": { "name": "동구 동계로15번길 26-6", "cat": "주소", "sub": "주택", "addr": "동구 동계로15번길 26-6 (동명동)", "alt": "동명동 253-3", "src": "build" }, "geometry": { "type": "Point", "coordinates": [ 126.921941, 35.154256 ] } },
{ "type": "Feature", "properties": { "name": "동구 동계로15번길 26-8", "cat": "주소", "sub": "주택", "addr": "동구 동계로15번길 26-8 (동명동)", "alt": "동명동 253-2", "src": "build" }, "geometry": { "type": "Point", "coordinates": [ 126.921993, 35.154323 ] } },
{ "type": "Feature", "properties": { "name": "동구 동계로15번길 27", "cat": "주소", "sub": "주택", "addr": "동구 동계로15번길 27 (동명동)", "alt": "동명동 251-13", "src": "build" }, "geometry": { "type": "Point", "coordinates": [ 126.921812, 35.154009 ] } },
{ "type": "Feature", "properties": { "name": "동구 동계로15번길 27-1", "cat": "주소", "sub": "주택", "addr": "동구 동계로15번길 27-1 (동명동)", "alt": "동명동 251-12", "src": "build" }, "geometry": { "type": "Point", "coordinates": [ 126.921938, 35.154013 ] } },
{ "type": "Feature", "properties": { "name": "동구 동계로15번길 28", "cat": "주소", "sub": "주택", "addr": "동구 동계로15번길 28 (동명동)", "alt": "동명동 251-11", "src": "build" }, "geometry": { "type": "Point", "coordinates": [ 126.921871, 35.154098 ] } },
{ "type": "Feature", "properties": { "name": "동구 동계로15번길 29", "cat": "주소", "sub": "근린생활시설", "addr": "동구 동계로15번길 29 (동명동)", "alt": "동명동 251-14", "src": "build" }, "geometry": { "type": "Point", "coordinates": [ 126.921722, 35.154009 ] } },
{ "type": "Feature", "properties": { "name": "동구 동계로1번길 1", "cat": "주소", "sub": "근린생활시설", "addr": "동구 동계로1번길 1 (동명동)", "alt": "동명동 200-196", "src": "build" }, "geometry": { "type": "Point", "coordinates": [ 126.923744, 35.151907 ] } },
{ "type": "Feature", "properties": { "name": "동구 동계로1번길 10", "cat": "주소", "sub": "주택", "addr": "동구 동계로1번길 10 (동명동)", "alt": "동명동 200-63", "src": "build" }, "geometry": { "type": "Point", "coordinates": [ 126.92302, 35.152186 ] } },
{ "type": "Feature", "properties": { "name": "동구 동계로1번길 10-10", "cat": "주소", "sub": "주택", "addr": "동구 동계로1번길 10-10 (동명동)", "alt": "동명동 200-73", "src": "build" }, "geometry": { "type": "Point", "coordinates": [ 126.923274, 35.152501 ] } },
{ "type": "Feature", "properties": { "name": "동구 동계로1번길 10-11", "cat": "주소", "sub": "주택", "addr": "동구 동계로1번길 10-11 (동명동)", "alt": "동명동 200-46", "src": "build" }, "geometry": { "type": "Point", "coordinates": [ 126.923182, 35.152631 ] } },
{ "type": "Feature", "properties": { "name": "동구 동계로1번길 10-15", "cat": "주소", "sub": "주택", "addr": "동구 동계로1번길 10-15 (동명동)", "alt": "동명동 200-21", "src": "build" }, "geometry": { "type": "Point", "coordinates": [ 126.923203, 35.152727 ] } },
{ "type": "Feature", "properties": { "name": "동구 동계로1번길 10-4", "cat": "주소", "sub": "주택", "addr": "동구 동계로1번길 10-4 (동명동)", "alt": "동명동 200-92", "src": "build" }, "geometry": { "type": "Point", "coordinates": [ 126.923165, 35.152232 ] } },
{ "type": "Feature", "properties": { "name": "동구 동계로1번길 10-5", "cat": "주소", "sub": "주택", "addr": "동구 동계로1번길 10-5 (동명동)", "alt": "동명동 200-55", "src": "build" }, "geometry": { "type": "Point", "coordinates": [ 126.923089, 35.152387 ] } },
{ "type": "Feature", "properties": { "name": "동구 동계로1번길 10-6", "cat": "주소", "sub": "주택", "addr": "동구 동계로1번길 10-6 (동명동)", "alt": "동명동 200-83", "src": "build" }, "geometry": { "type": "Point", "coordinates": [ 126.923208, 35.15233 ] } },
{ "type": "Feature", "properties": { "name": "동구 동계로1번길 10-7", "cat": "주소", "sub": "주택", "addr": "동구 동계로1번길 10-7 (동명동)", "alt": "동명동 200-54", "src": "build" }, "geometry": { "type": "Point", "coordinates": [ 126.923128, 35.152446 ] } },
{ "type": "Feature", "properties": { "name": "동구 동계로1번길 10-8", "cat": "주소", "sub": "주택", "addr": "동구 동계로1번길 10-8 (동명동)", "alt": "동명동 200-82", "src": "build" }, "geometry": { "type": "Point", "coordinates": [ 126.923236, 35.152416 ] } },
{ "type": "Feature", "properties": { "name": "동구 동계로1번길 10-9", "cat": "주소", "sub": "주택", "addr": "동구 동계로1번길 10-9 (동명동)", "alt": "동명동 200-47", "src": "build" }, "geometry": { "type": "Point", "coordinates": [ 126.923163, 35.152539 ] } },
{ "type": "Feature", "properties": { "name": "동구 동계로1번길 11", "cat": "주소", "sub": "주택", "addr": "동구 동계로1번길 11 (동명동)", "alt": "동명동 200-143", "src": "build" }, "geometry": { "type": "Point", "coordinates": [ 126.922802, 35.152089 ] } },
{ "type": "Feature", "properties": { "name": "동구 동계로1번길 12", "cat": "주소", "sub": "주택", "addr": "동구 동계로1번길 12 (동명동)", "alt": "동명동 200-144", "src": "build" }, "geometry": { "type": "Point", "coordinates": [ 126.922791, 35.152204 ] } },
{ "type": "Feature", "properties": { "name": "동구 동계로1번길 14", "cat": "주소", "sub": "공장/창고시설", "addr": "동구 동계로1번길 14 (동명동)", "alt": "동명동 200-60", "src": "build" }, "geometry": { "type": "Point", "coordinates": [ 126.922692, 35.152247 ] } },
{ "type": "Feature", "properties": { "name": "동구 동계로1번길 14-10", "cat": "주소", "sub": "주택", "addr": "동구 동계로1번길 14-10 (동명동)", "alt": "동명동 200-48", "src": "build" }, "geometry": { "type": "Point", "coordinates": [ 126.922898, 35.152598 ] } },
{ "type": "Feature", "properties": { "name": "동구 동계로1번길 14-11", "cat": "주소", "sub": "주택", "addr": "동구 동계로1번길 14-11 (동명동)", "alt": "동명동 200-44", "src": "build" }, "geometry": { "type": "Point", "coordinates": [ 126.922827, 35.152709 ] } },
{ "type": "Feature", "properties": { "name": "동구 동계로1번길 14-12", "cat": "주소", "sub": "주택", "addr": "동구 동계로1번길 14-12 (동명동)", "alt": "동명동 200-45", "src": "build" }, "geometry": { "type": "Point", "coordinates": [ 126.922899, 35.152696 ] } },
{ "type": "Feature", "properties": { "name": "동구 동계로1번길 14-13", "cat": "주소", "sub": "주택", "addr": "동구 동계로1번길 14-13 (동명동)", "alt": "동명동 200-42", "src": "build" }, "geometry": { "type": "Point", "coordinates": [ 126.922852, 35.152803 ] } },
{ "type": "Feature", "properties": { "name": "동구 동계로1번길 14-14", "cat": "주소", "sub": "근린생활시설", "addr": "동구 동계로1번길 14-14 (동명동)", "alt": "동명동 200-40", "src": "build" }, "geometry": { "type": "Point", "coordinates": [ 126.922953, 35.152793 ] } },
{ "type": "Feature", "properties": { "name": "동구 동계로1번길 14-5", "cat": "주소", "sub": "주택", "addr": "동구 동계로1번길 14-5 (동명동)", "alt": "동명동 200-57", "src": "build" }, "geometry": { "type": "Point", "coordinates": [ 126.922751, 35.152425 ] } },
{ "type": "Feature", "properties": { "name": "동구 동계로1번길 14-6", "cat": "주소", "sub": "주택", "addr": "동구 동계로1번길 14-6 (동명동)", "alt": "동명동 200-56", "src": "build" }, "geometry": { "type": "Point", "coordinates": [ 126.922807, 35.152415 ] } },
{ "type": "Feature", "properties": { "name": "동구 동계로1번길 14-7", "cat": "주소", "sub": "주택", "addr": "동구 동계로1번길 14-7 (동명동)", "alt": "동명동 200-52", "src": "build" }, "geometry": { "type": "Point", "coordinates": [ 126.922776, 35.15252 ] } },
{ "type": "Feature", "properties": { "name": "동구 동계로1번길 14-8", "cat": "주소", "sub": "주택", "addr": "동구 동계로1번길 14-8 (동명동)", "alt": "동명동 200-53", "src": "build" }, "geometry": { "type": "Point", "coordinates": [ 126.92284, 35.152518 ] } },
{ "type": "Feature", "properties": { "name": "동구 동계로1번길 14-9", "cat": "주소", "sub": "주택", "addr": "동구 동계로1번길 14-9 (동명동)", "alt": "동명동 200-49", "src": "build" }, "geometry": { "type": "Point", "coordinates": [ 126.922797, 35.15261 ] } },
{ "type": "Feature", "properties": { "name": "동구 동계로1번길 15", "cat": "주소", "sub": "업무시설", "addr": "동구 동계로1번길 15 (동명동)", "alt": "동명동 200-113", "src": "build" }, "geometry": { "type": "Point", "coordinates": [ 126.922345, 35.152177 ] } },
{ "type": "Feature", "properties": { "name": "동구 동계로1번길 16", "cat": "주소", "sub": "주택", "addr": "동구 동계로1번길 16 (동명동)", "alt": "동명동 200-66", "src": "build" }, "geometry": { "type": "Point", "coordinates": [ 126.92242, 35.152309 ] } },
{ "type": "Feature", "properties": { "name": "동구 동계로1번길 18-1", "cat": "주소", "sub": "주택", "addr": "동구 동계로1번길 18-1 (동명동)", "alt": "동명동 226-29", "src": "build" }, "geometry": { "type": "Point", "coordinates": [ 126.922248, 35.152406 ] } },
{ "type": "Feature", "properties": { "name": "동구 동계로1번길 18-10", "cat": "주소", "sub": "주택", "addr": "동구 동계로1번길 18-10 (동명동)", "alt": "동명동 200-51", "src": "build" }, "geometry": { "type": "Point", "coordinates": [ 126.922495, 35.152576 ] } },
{ "type": "Feature", "properties": { "name": "동구 동계로1번길 18-12", "cat": "주소", "sub": "주택", "addr": "동구 동계로1번길 18-12 (동명동)", "alt": "동명동 200-50", "src": "build" }, "geometry": { "type": "Point", "coordinates": [ 126.922532, 35.152661 ] } },
{ "type": "Feature", "properties": { "name": "동구 동계로1번길 18-13", "cat": "주소", "sub": "주택", "addr": "동구 동계로1번길 18-13 (동명동)", "alt": "동명동 226", "src": "build" }, "geometry": { "type": "Point", "coordinates": [ 126.922431, 35.152822 ] } },
{ "type": "Feature", "properties": { "name": "동구 동계로1번길 18-14", "cat": "주소", "sub": "주택", "addr": "동구 동계로1번길 18-14 (동명동)", "alt": "동명동 200-213", "src": "build" }, "geometry": { "type": "Point", "coordinates": [ 126.922544, 35.152753 ] } },
{ "type": "Feature", "properties": { "name": "동구 동계로1번길 18-6", "cat": "주소", "sub": "주택", "addr": "동구 동계로1번길 18-6 (동명동)", "alt": "동명동 200-59", "src": "build" }, "geometry": { "type": "Point", "coordinates": [ 126.922432, 35.15238 ] } },
{ "type": "Feature", "properties": { "name": "동구 동계로1번길 18-7", "cat": "주소", "sub": "주택", "addr": "동구 동계로1번길 18-7 (동명동)", "alt": "동명동 226-25", "src": "build" }, "geometry": { "type": "Point", "coordinates": [ 126.92233, 35.152622 ] } },
{ "type": "Feature", "properties": { "name": "동구 동계로1번길 18-8", "cat": "주소", "sub": "주택", "addr": "동구 동계로1번길 18-8 (동명동)", "alt": "동명동 200-58", "src": "build" }, "geometry": { "type": "Point", "coordinates": [ 126.922461, 35.152489 ] } },
{ "type": "Feature", "properties": { "name": "동구 동계로1번길 2", "cat": "주소", "sub": "주택", "addr": "동구 동계로1번길 2 (동명동)", "alt": "동명동 200-89", "src": "build" }, "geometry": { "type": "Point", "coordinates": [ 126.923812, 35.152069 ] } },
{ "type": "Feature", "properties": { "name": "동구 동계로1번길 2-5", "cat": "주소", "sub": "주택", "addr": "동구 동계로1번길 2-5 (동명동)", "alt": "동명동 200-86", "src": "build" }, "geometry": { "type": "Point", "coordinates": [ 126.923849, 35.152194 ] } },
{ "type": "Feature", "properties": { "name": "동구 동계로1번길 2-7", "cat": "주소", "sub": "주택", "addr": "동구 동계로1번길 2-7 (동명동)", "alt": "동명동 200-79", "src": "build" }, "geometry": { "type": "Point", "coordinates": [ 126.92388, 35.152294 ] } },
{ "type": "Feature", "properties": { "name": "동구 동계로1번길 2-9", "cat": "주소", "sub": "주택", "addr": "동구 동계로1번길 2-9 (동명동)", "alt": "동명동 200-76", "src": "build" }, "geometry": { "type": "Point", "coordinates": [ 126.923897, 35.152382 ] } },
{ "type": "Feature", "properties": { "name": "동구 동계로1번길 3", "cat": "주소", "sub": "주택", "addr": "동구 동계로1번길 3 (동명동)", "alt": "동명동 200-93", "src": "build" }, "geometry": { "type": "Point", "coordinates": [ 126.923588, 35.151935 ] } },
{ "type": "Feature", "properties": { "name": "동구 동계로1번길 5", "cat": "주소", "sub": "주택", "addr": "동구 동계로1번길 5 (동명동)", "alt": "동명동 200-95", "src": "build" }, "geometry": { "type": "Point", "coordinates": [ 126.923416, 35.151966 ] } },
{ "type": "Feature", "properties": { "name": "동구 동계로1번길 6", "cat": "주소", "sub": "주택", "addr": "동구 동계로1번길 6 (동명동)", "alt": "동명동 200-90", "src": "build" }, "geometry": { "type": "Point", "coordinates": [ 126.923542, 35.152092 ] } },
{ "type": "Feature", "properties": { "name": "동구 동계로1번길 6-1", "cat": "주소", "sub": "주택", "addr": "동구 동계로1번길 6-1 (동명동)", "alt": "동명동 200-91", "src": "build" }, "geometry": { "type": "Point", "coordinates": [ 126.923425, 35.152074 ] } },
{ "type": "Feature", "properties": { "name": "동구 동계로1번길 6-10", "cat": "주소", "sub": "주택", "addr": "동구 동계로1번길 6-10 (동명동)", "alt": "동명동 200-75", "src": "build" }, "geometry": { "type": "Point", "coordinates": [ 126.923647, 35.152432 ] } },
{ "type": "Feature", "properties": { "name": "동구 동계로1번길 6-12", "cat": "주소", "sub": "주택", "addr": "동구 동계로1번길 6-12 (동명동)", "alt": "동명동 200-217", "src": "build" }, "geometry": { "type": "Point", "coordinates": [ 126.923668, 35.152518 ] } },
{ "type": "Feature", "properties": { "name": "동구 동계로1번길 6-3", "cat": "주소", "sub": "주택", "addr": "동구 동계로1번길 6-3 (동명동)", "alt": "동명동 200-151", "src": "build" }, "geometry": { "type": "Point", "coordinates": [ 126.923476, 35.152161 ] } },
{ "type": "Feature", "properties": { "name": "동구 동계로1번길 6-5", "cat": "주소", "sub": "주택", "addr": "동구 동계로1번길 6-5 (동명동)", "alt": "동명동 200-84", "src": "build" }, "geometry": { "type": "Point", "coordinates": [ 126.923508, 35.15226 ] } },
{ "type": "Feature", "properties": { "name": "동구 동계로1번길 6-6", "cat": "주소", "sub": "주택", "addr": "동구 동계로1번길 6-6 (동명동)", "alt": "동명동 200-85", "src": "build" }, "geometry": { "type": "Point", "coordinates": [ 126.923618, 35.152221 ] } },
{ "type": "Feature", "properties": { "name": "동구 동계로1번길 6-7", "cat": "주소", "sub": "업무시설", "addr": "동구 동계로1번길 6-7 (동명동)", "alt": "동명동 200-81", "src": "build" }, "geometry": { "type": "Point", "coordinates": [ 126.923536, 35.152357 ] } },
{ "type": "Feature", "properties": { "name": "동구 동계로1번길 6-8", "cat": "주소", "sub": "주택", "addr": "동구 동계로1번길 6-8 (동명동)", "alt": "동명동 200-80", "src": "build" }, "geometry": { "type": "Point", "coordinates": [ 126.923612, 35.152346 ] } },
{ "type": "Feature", "properties": { "name": "동구 동계로1번길 6-9", "cat": "주소", "sub": "주택", "addr": "동구 동계로1번길 6-9 (동명동)", "alt": "동명동 200-74", "src": "build" }, "geometry": { "type": "Point", "coordinates": [ 126.923569, 35.152452 ] } },
{ "type": "Feature", "properties": { "name": "동구 동계로1번길 7", "cat": "주소", "sub": "주택", "addr": "동구 동계로1번길 7 (동명동)", "alt": "동명동 200-96", "src": "build" }, "geometry": { "type": "Point", "coordinates": [ 126.923286, 35.152001 ] } },
{ "type": "Feature", "properties": { "name": "동구 동계로1번길 8", "cat": "주소", "sub": "근린생활시설", "addr": "동구 동계로1번길 8 (동명동)", "alt": "동명동 200-194", "src": "build" }, "geometry": { "type": "Point", "coordinates": [ 126.923185, 35.152126 ] } },
{ "type": "Feature", "properties": { "name": "동구 동계로1번길 9-1", "cat": "주소", "sub": "주택", "addr": "동구 동계로1번길 9-1 (동명동)", "alt": "동명동 200-25", "src": "build" }, "geometry": { "type": "Point", "coordinates": [ 126.922916, 35.152055 ] } },
{ "type": "Feature", "properties": { "name": "동구 동계로9번길 13", "cat": "주소", "sub": "주택", "addr": "동구 동계로9번길 13 (동명동)", "alt": "동명동 200-31", "src": "build" }, "geometry": { "type": "Point", "coordinates": [ 126.922691, 35.152894 ] } },
{ "type": "Feature", "properties": { "name": "동구 동계로9번길 16-1", "cat": "주소", "sub": "주택", "addr": "동구 동계로9번길 16-1 (동명동)", "alt": "동명동 209-60", "src": "build" }, "geometry": { "type": "Point", "coordinates": [ 126.922665, 35.15312 ] } },
{ "type": "Feature", "properties": { "name": "동구 동계로9번길 16-5", "cat": "주소", "sub": "주택", "addr": "동구 동계로9번길 16-5 (동명동)", "alt": "동명동 207-12", "src": "build" }, "geometry": { "type": "Point", "coordinates": [ 126.922685, 35.15323 ] } },
{ "type": "Feature", "properties": { "name": "동구 동계로9번길 16-7", "cat": "주소", "sub": "주택", "addr": "동구 동계로9번길 16-7 (동명동)", "alt": "동명동 207-10", "src": "build" }, "geometry": { "type": "Point", "coordinates": [ 126.922917, 35.153236 ] } },
{ "type": "Feature", "properties": { "name": "동구 동계로9번길 2", "cat": "주소", "sub": "근린생활시설", "addr": "동구 동계로9번길 2 (동명동)", "alt": "동명동 207-20 · 동명동 207-59", "src": "build" }, "geometry": { "type": "Point", "coordinates": [ 126.924133, 35.152689 ] } },
{ "type": "Feature", "properties": { "name": "동구 동계로9번길 3", "cat": "주소", "sub": "주택", "addr": "동구 동계로9번길 3 (동명동)", "alt": "동명동 200-68", "src": "build" }, "geometry": { "type": "Point", "coordinates": [ 126.923928, 35.152603 ] } },
{ "type": "Feature", "properties": { "name": "동구 동계로9번길 4", "cat": "주소", "sub": "주택", "addr": "동구 동계로9번길 4 (동명동)", "alt": "동명동 207-94", "src": "build" }, "geometry": { "type": "Point", "coordinates": [ 126.924017, 35.152723 ] } },
{ "type": "Feature", "properties": { "name": "동구 동계로9번길 4-1", "cat": "주소", "sub": "주택", "addr": "동구 동계로9번길 4-1 (동명동)", "alt": "동명동 207-109", "src": "build" }, "geometry": { "type": "Point", "coordinates": [ 126.923871, 35.152758 ] } },
{ "type": "Feature", "properties": { "name": "동구 동계로9번길 4-2", "cat": "주소", "sub": "주택", "addr": "동구 동계로9번길 4-2 (동명동)", "alt": "동명동 207-4", "src": "build" }, "geometry": { "type": "Point", "coordinates": [ 126.923937, 35.152817 ] } },
{ "type": "Feature", "properties": { "name": "동구 동계로9번길 4-3", "cat": "주소", "sub": "주택", "addr": "동구 동계로9번길 4-3 (동명동)", "alt": "동명동 207-96", "src": "build" }, "geometry": { "type": "Point", "coordinates": [ 126.923897, 35.152829 ] } },
{ "type": "Feature", "properties": { "name": "동구 동계로9번길 5", "cat": "주소", "sub": "주택", "addr": "동구 동계로9번길 5 (동명동)", "alt": "동명동 200-69", "src": "build" }, "geometry": { "type": "Point", "coordinates": [ 126.923751, 35.152635 ] } },
{ "type": "Feature", "properties": { "name": "동구 동계로9번길 7", "cat": "주소", "sub": "주택", "addr": "동구 동계로9번길 7 (동명동)", "alt": "동명동 200-205", "src": "build" }, "geometry": { "type": "Point", "coordinates": [ 126.923543, 35.152687 ] } },
{ "type": "Feature", "properties": { "name": "동구 동계천로 101", "cat": "주소", "sub": "주택", "addr": "동구 동계천로 101 (동명동)", "alt": "동명동 200-163 · 동명동 200-230 · 동명동 200-17", "src": "build" }, "geometry": { "type": "Point", "coordinates": [ 126.921869, 35.151581 ] } },
{ "type": "Feature", "properties": { "name": "동구 동계천로 103-1", "cat": "주소", "sub": "근린생활시설", "addr": "동구 동계천로 103-1 (동명동)", "alt": "동명동 200-16", "src": "build" }, "geometry": { "type": "Point", "coordinates": [ 126.921993, 35.151398 ] } },
{ "type": "Feature", "properties": { "name": "동구 동계천로 103-2", "cat": "주소", "sub": "주택", "addr": "동구 동계천로 103-2 (동명동)", "alt": "동명동 200-223", "src": "build" }, "geometry": { "type": "Point", "coordinates": [ 126.922045, 35.151394 ] } },
{ "type": "Feature", "properties": { "name": "동구 동계천로 103-3", "cat": "주소", "sub": "주택", "addr": "동구 동계천로 103-3 (동명동)", "alt": "동명동 200-214", "src": "build" }, "geometry": { "type": "Point", "coordinates": [ 126.922001, 35.151467 ] } },
{ "type": "Feature", "properties": { "name": "동구 동계천로 103-4", "cat": "주소", "sub": "업무시설", "addr": "동구 동계천로 103-4 (동명동)", "alt": "동명동 200-15", "src": "build" }, "geometry": { "type": "Point", "coordinates": [ 126.922068, 35.151473 ] } },
{ "type": "Feature", "properties": { "name": "동구 동계천로 105", "cat": "주소", "sub": "업무시설", "addr": "동구 동계천로 105 (동명동)", "alt": "동명동 200-14", "src": "build" }, "geometry": { "type": "Point", "coordinates": [ 126.92223, 35.151303 ] } },
{ "type": "Feature", "properties": { "name": "동구 동계천로 107", "cat": "주소", "sub": "근린생활시설", "addr": "동구 동계천로 107 (동명동)", "alt": "동명동 200-188", "src": "build" }, "geometry": { "type": "Point", "coordinates": [ 126.922325, 35.151174 ] } },
{ "type": "Feature", "properties": { "name": "동구 동계천로 111", "cat": "주소", "sub": "업무시설", "addr": "동구 동계천로 111 (동명동)", "alt": "동명동 200-12", "src": "build" }, "geometry": { "type": "Point", "coordinates": [ 126.922753, 35.150827 ] } },
{ "type": "Feature", "properties": { "name": "동구 동계천로 113", "cat": "주소", "sub": "근린생활시설", "addr": "동구 동계천로 113 (동명동)", "alt": "동명동 200-11", "src": "build" }, "geometry": { "type": "Point", "coordinates": [ 126.922768, 35.15072 ] } },
{ "type": "Feature", "properties": { "name": "동구 동계천로 115", "cat": "주소", "sub": "근린생활시설", "addr": "동구 동계천로 115 (동명동)", "alt": "동명동 154-118", "src": "build" }, "geometry": { "type": "Point", "coordinates": [ 126.922902, 35.150614 ] } },
{ "type": "Feature", "properties": { "name": "동구 동계천로 121", "cat": "주소", "sub": "근린생활시설", "addr": "동구 동계천로 121 (동명동)", "alt": "동명동 197-26", "src": "build" }, "geometry": { "type": "Point", "coordinates": [ 126.923338, 35.150159 ] } },
{ "type": "Feature", "properties": { "name": "동구 동계천로 123", "cat": "주소", "sub": "근린생활시설", "addr": "동구 동계천로 123 (동명동)", "alt": "동명동 197-8", "src": "build" }, "geometry": { "type": "Point", "coordinates": [ 126.923388, 35.150107 ] } },
{ "type": "Feature", "properties": { "name": "동구 동계천로 125", "cat": "주소", "sub": "근린생활시설", "addr": "동구 동계천로 125 (동명동)", "alt": "동명동 197-11", "src": "build" }, "geometry": { "type": "Point", "coordinates": [ 126.923556, 35.150029 ] } },
{ "type": "Feature", "properties": { "name": "동구 동계천로 127", "cat": "주소", "sub": "주택", "addr": "동구 동계천로 127 (동명동)", "alt": "동명동 154-52", "src": "build" }, "geometry": { "type": "Point", "coordinates": [ 126.923786, 35.149897 ] } },
{ "type": "Feature", "properties": { "name": "동구 동계천로 129", "cat": "주소", "sub": "주택", "addr": "동구 동계천로 129 (동명동)", "alt": "동명동 154-188", "src": "build" }, "geometry": { "type": "Point", "coordinates": [ 126.923908, 35.149826 ] } },
{ "type": "Feature", "properties": { "name": "동구 동계천로 129-1", "cat": "주소", "sub": "주택", "addr": "동구 동계천로 129-1 (동명동)", "alt": "동명동 154-53", "src": "build" }, "geometry": { "type": "Point", "coordinates": [ 126.924025, 35.149877 ] } },
{ "type": "Feature", "properties": { "name": "동구 동계천로 129-3", "cat": "주소", "sub": "근린생활시설", "addr": "동구 동계천로 129-3 (동명동)", "alt": "동명동 154-54", "src": "build" }, "geometry": { "type": "Point", "coordinates": [ 126.92405, 35.149751 ] } },
{ "type": "Feature", "properties": { "name": "동구 동계천로 131", "cat": "주소", "sub": "업무시설", "addr": "동구 동계천로 131 (동명동)", "alt": "동명동 154-57", "src": "build" }, "geometry": { "type": "Point", "coordinates": [ 126.924148, 35.149688 ] } },
{ "type": "Feature", "properties": { "name": "동구 동계천로 135", "cat": "주소", "sub": "근린생활시설", "addr": "동구 동계천로 135 (동명동)", "alt": "동명동 154-116", "src": "build" }, "geometry": { "type": "Point", "coordinates": [ 126.924467, 35.149472 ] } },
{ "type": "Feature", "properties": { "name": "동구 동계천로 135-3", "cat": "주소", "sub": "근린생활시설", "addr": "동구 동계천로 135-3 (동명동)", "alt": "동명동 154-58", "src": "build" }, "geometry": { "type": "Point", "coordinates": [ 126.924392, 35.149578 ] } },
{ "type": "Feature", "properties": { "name": "동구 동계천로 135-4", "cat": "주소", "sub": "주택", "addr": "동구 동계천로 135-4 (동명동)", "alt": "동명동 154-115", "src": "build" }, "geometry": { "type": "Point", "coordinates": [ 126.92449, 35.149605 ] } },
{ "type": "Feature", "properties": { "name": "동구 동계천로 135-5", "cat": "주소", "sub": "주택", "addr": "동구 동계천로 135-5 (동명동)", "alt": "동명동 154-56", "src": "build" }, "geometry": { "type": "Point", "coordinates": [ 126.924402, 35.149706 ] } },
{ "type": "Feature", "properties": { "name": "동구 동계천로 135-6", "cat": "주소", "sub": "주택", "addr": "동구 동계천로 135-6 (동명동)", "alt": "동명동 154-20", "src": "build" }, "geometry": { "type": "Point", "coordinates": [ 126.924507, 35.149684 ] } },
{ "type": "Feature", "properties": { "name": "동구 동계천로 135-8", "cat": "주소", "sub": "주택", "addr": "동구 동계천로 135-8 (동명동)", "alt": "동명동 154-19", "src": "build" }, "geometry": { "type": "Point", "coordinates": [ 126.924538, 35.149741 ] } },
{ "type": "Feature", "properties": { "name": "동구 동계천로 135-9", "cat": "주소", "sub": "주택", "addr": "동구 동계천로 135-9 (동명동)", "alt": "동명동 154-55", "src": "build" }, "geometry": { "type": "Point", "coordinates": [ 126.924444, 35.149865 ] } },
{ "type": "Feature", "properties": { "name": "동구 동계천로 137", "cat": "주소", "sub": "근린생활시설", "addr": "동구 동계천로 137 (동명동)", "alt": "동명동 154-2", "src": "build" }, "geometry": { "type": "Point", "coordinates": [ 126.924677, 35.149245 ] } },
{ "type": "Feature", "properties": { "name": "동구 동계천로 137-10", "cat": "주소", "sub": "주택", "addr": "동구 동계천로 137-10 (동명동)", "alt": "동명동 154-68", "src": "build" }, "geometry": { "type": "Point", "coordinates": [ 126.924888, 35.149546 ] } },
{ "type": "Feature", "properties": { "name": "동구 동계천로 137-13", "cat": "주소", "sub": "업무시설", "addr": "동구 동계천로 137-13 (동명동)", "alt": "동명동 154-72", "src": "build" }, "geometry": { "type": "Point", "coordinates": [ 126.924993, 35.149721 ] } },
{ "type": "Feature", "properties": { "name": "동구 동계천로 137-17", "cat": "주소", "sub": "주택", "addr": "동구 동계천로 137-17 (동명동)", "alt": "동명동 154-67", "src": "build" }, "geometry": { "type": "Point", "coordinates": [ 126.925181, 35.149821 ] } },
{ "type": "Feature", "properties": { "name": "동구 동계천로 137-5", "cat": "주소", "sub": "근린생활시설", "addr": "동구 동계천로 137-5 (동명동)", "alt": "동명동 154-117", "src": "build" }, "geometry": { "type": "Point", "coordinates": [ 126.924641, 35.149535 ] } },
{ "type": "Feature", "properties": { "name": "동구 동계천로 137-7", "cat": "주소", "sub": "주택", "addr": "동구 동계천로 137-7 (동명동)", "alt": "동명동 154-18", "src": "build" }, "geometry": { "type": "Point", "coordinates": [ 126.924746, 35.149579 ] } },
{ "type": "Feature", "properties": { "name": "동구 동계천로 137-9", "cat": "주소", "sub": "주택", "addr": "동구 동계천로 137-9 (동명동)", "alt": "동명동 154-17", "src": "build" }, "geometry": { "type": "Point", "coordinates": [ 126.924877, 35.149693 ] } },
{ "type": "Feature", "properties": { "name": "동구 동계천로 139", "cat": "주소", "sub": "업무시설", "addr": "동구 동계천로 139 (동명동)", "alt": "동명동 154-74", "src": "build" }, "geometry": { "type": "Point", "coordinates": [ 126.924813, 35.149124 ] } },
{ "type": "Feature", "properties": { "name": "동구 동계천로 143", "cat": "주소", "sub": "근린생활시설", "addr": "동구 동계천로 143 (동명동)", "alt": "동명동 154-73", "src": "build" }, "geometry": { "type": "Point", "coordinates": [ 126.925042, 35.149024 ] } },
{ "type": "Feature", "properties": { "name": "동구 동계천로 143-11", "cat": "주소", "sub": "주택", "addr": "동구 동계천로 143-11 (동명동)", "alt": "동명동 75-31", "src": "build" }, "geometry": { "type": "Point", "coordinates": [ 126.925135, 35.149459 ] } },
{ "type": "Feature", "properties": { "name": "동구 동계천로 143-12", "cat": "주소", "sub": "주택", "addr": "동구 동계천로 143-12 (동명동)", "alt": "동명동 72-15", "src": "build" }, "geometry": { "type": "Point", "coordinates": [ 126.9254, 35.149144 ] } },
{ "type": "Feature", "properties": { "name": "동구 동계천로 143-17", "cat": "주소", "sub": "근린생활시설", "addr": "동구 동계천로 143-17 (동명동)", "alt": "동명동 75-30", "src": "build" }, "geometry": { "type": "Point", "coordinates": [ 126.92516, 35.149651 ] } },
{ "type": "Feature", "properties": { "name": "동구 동계천로 143-18", "cat": "주소", "sub": "주택", "addr": "동구 동계천로 143-18 (동명동)", "alt": "동명동 72-3", "src": "build" }, "geometry": { "type": "Point", "coordinates": [ 126.925554, 35.14929 ] } },
{ "type": "Feature", "properties": { "name": "동구 동계천로 143-20", "cat": "주소", "sub": "업무시설", "addr": "동구 동계천로 143-20 (동명동)", "alt": "동명동 72-20", "src": "build" }, "geometry": { "type": "Point", "coordinates": [ 126.925249, 35.149249 ] } },
{ "type": "Feature", "properties": { "name": "동구 동계천로 143-32", "cat": "주소", "sub": "주택", "addr": "동구 동계천로 143-32 (동명동)", "alt": "동명동 72-43", "src": "build" }, "geometry": { "type": "Point", "coordinates": [ 126.92547, 35.149544 ] } },
{ "type": "Feature", "properties": { "name": "동구 동계천로 143-34", "cat": "주소", "sub": "주택", "addr": "동구 동계천로 143-34 (동명동)", "alt": "동명동 72-35 · 동명동 72-44", "src": "build" }, "geometry": { "type": "Point", "coordinates": [ 126.925499, 35.149618 ] } },
{ "type": "Feature", "properties": { "name": "동구 동계천로 143-36", "cat": "주소", "sub": "주택", "addr": "동구 동계천로 143-36 (동명동)", "alt": "동명동 72-47", "src": "build" }, "geometry": { "type": "Point", "coordinates": [ 126.92536, 35.149655 ] } },
{ "type": "Feature", "properties": { "name": "동구 동계천로 143-5", "cat": "주소", "sub": "근린생활시설", "addr": "동구 동계천로 143-5 (동명동)", "alt": "동명동 154-131 · 동명동 154-130 · 동명동 154-105", "src": "build" }, "geometry": { "type": "Point", "coordinates": [ 126.925079, 35.149196 ] } },
{ "type": "Feature", "properties": { "name": "동구 동계천로 143-6", "cat": "주소", "sub": "근린생활시설", "addr": "동구 동계천로 143-6 (동명동)", "alt": "동명동 72-16", "src": "build" }, "geometry": { "type": "Point", "coordinates": [ 126.925202, 35.149132 ] } },
{ "type": "Feature", "properties": { "name": "동구 동계천로 145", "cat": "주소", "sub": "업무시설", "addr": "동구 동계천로 145 (동명동)", "alt": "동명동 72-17", "src": "build" }, "geometry": { "type": "Point", "coordinates": [ 126.925183, 35.148916 ] } },
{ "type": "Feature", "properties": { "name": "동구 동계천로 147", "cat": "주소", "sub": "근린생활시설", "addr": "동구 동계천로 147 (동명동)", "alt": "동명동 72-18", "src": "build" }, "geometry": { "type": "Point", "coordinates": [ 126.925427, 35.148878 ] } },
{ "type": "Feature", "properties": { "name": "동구 동계천로 149", "cat": "주소", "sub": "주택", "addr": "동구 동계천로 149 (동명동)", "alt": "동명동 72-13 · 동명동 72-14 · 동명동 72-19 · 동명동 72-21", "src": "build" }, "geometry": { "type": "Point", "coordinates": [ 126.925758, 35.148995 ] } },
{ "type": "Feature", "properties": { "name": "동구 동계천로 151", "cat": "주소", "sub": "근린생활시설", "addr": "동구 동계천로 151 (동명동)", "alt": "동명동 72-12", "src": "build" }, "geometry": { "type": "Point", "coordinates": [ 126.925899, 35.149007 ] } },
{ "type": "Feature", "properties": { "name": "동구 동계천로 151-10", "cat": "주소", "sub": "주택", "addr": "동구 동계천로 151-10 (동명동)", "alt": "동명동 72-50", "src": "build" }, "geometry": { "type": "Point", "coordinates": [ 126.925938, 35.149321 ] } },
{ "type": "Feature", "properties": { "name": "동구 동계천로 151-11", "cat": "주소", "sub": "주택", "addr": "동구 동계천로 151-11 (동명동)", "alt": "동명동 72-1", "src": "build" }, "geometry": { "type": "Point", "coordinates": [ 126.925911, 35.1495 ] } },
{ "type": "Feature", "properties": { "name": "동구 동계천로 151-16", "cat": "주소", "sub": "주택", "addr": "동구 동계천로 151-16 (동명동)", "alt": "동명동 72-7", "src": "build" }, "geometry": { "type": "Point", "coordinates": [ 126.926109, 35.149338 ] } },
{ "type": "Feature", "properties": { "name": "동구 동계천로 151-20", "cat": "주소", "sub": "주택", "addr": "동구 동계천로 151-20 (동명동)", "alt": "동명동 70", "src": "build" }, "geometry": { "type": "Point", "coordinates": [ 126.92634, 35.149313 ] } },
{ "type": "Feature", "properties": { "name": "동구 동계천로 151-21", "cat": "주소", "sub": "주택", "addr": "동구 동계천로 151-21 (동명동)", "alt": "동명동 68-51", "src": "build" }, "geometry": { "type": "Point", "coordinates": [ 126.925992, 35.149464 ] } },
{ "type": "Feature", "properties": { "name": "동구 동계천로 151-23", "cat": "주소", "sub": "주택", "addr": "동구 동계천로 151-23 (동명동)", "alt": "동명동 68-50", "src": "build" }, "geometry": { "type": "Point", "coordinates": [ 126.926106, 35.149529 ] } },
{ "type": "Feature", "properties": { "name": "동구 동계천로 151-25", "cat": "주소", "sub": "주택", "addr": "동구 동계천로 151-25 (동명동)", "alt": "동명동 68-49", "src": "build" }, "geometry": { "type": "Point", "coordinates": [ 126.926144, 35.149625 ] } },
{ "type": "Feature", "properties": { "name": "동구 동계천로 151-27", "cat": "주소", "sub": "주택", "addr": "동구 동계천로 151-27 (동명동)", "alt": "동명동 68-12", "src": "build" }, "geometry": { "type": "Point", "coordinates": [ 126.926182, 35.149606 ] } },
{ "type": "Feature", "properties": { "name": "동구 동계천로 151-29", "cat": "주소", "sub": "주택", "addr": "동구 동계천로 151-29 (동명동)", "alt": "동명동 68-47", "src": "build" }, "geometry": { "type": "Point", "coordinates": [ 126.926161, 35.14952 ] } },
{ "type": "Feature", "properties": { "name": "동구 동계천로 151-31", "cat": "주소", "sub": "주택", "addr": "동구 동계천로 151-31 (동명동)", "alt": "동명동 68-48", "src": "build" }, "geometry": { "type": "Point", "coordinates": [ 126.926143, 35.149437 ] } },
{ "type": "Feature", "properties": { "name": "동구 동계천로 151-5", "cat": "주소", "sub": "업무시설", "addr": "동구 동계천로 151-5 (동명동)", "alt": "동명동 72-39", "src": "build" }, "geometry": { "type": "Point", "coordinates": [ 126.925803, 35.149169 ] } },
{ "type": "Feature", "properties": { "name": "동구 동계천로 151-7", "cat": "주소", "sub": "주택", "addr": "동구 동계천로 151-7 (동명동)", "alt": "동명동 72-5", "src": "build" }, "geometry": { "type": "Point", "coordinates": [ 126.925833, 35.149251 ] } },
{ "type": "Feature", "properties": { "name": "동구 동계천로 151-8", "cat": "주소", "sub": "주택", "addr": "동구 동계천로 151-8 (동명동)", "alt": "동명동 72-11 · 동명동 72-29 · 동명동 72-28", "src": "build" }, "geometry": { "type": "Point", "coordinates": [ 126.92592, 35.149231 ] } },
{ "type": "Feature", "properties": { "name": "동구 동계천로 151-9", "cat": "주소", "sub": "업무시설", "addr": "동구 동계천로 151-9 (동명동)", "alt": "동명동 72-22", "src": "build" }, "geometry": { "type": "Point", "coordinates": [ 126.925826, 35.149374 ] } },
{ "type": "Feature", "properties": { "name": "동구 동계천로 154", "cat": "주소", "sub": "근린생활시설", "addr": "동구 동계천로 154 (동명동)", "alt": "동명동 143-31", "src": "build" }, "geometry": { "type": "Point", "coordinates": [ 126.926151, 35.148866 ] } },
{ "type": "Feature", "properties": { "name": "동구 동계천로 155", "cat": "주소", "sub": "업무시설", "addr": "동구 동계천로 155 (동명동)", "alt": "동명동 72-8", "src": "build" }, "geometry": { "type": "Point", "coordinates": [ 126.926291, 35.149107 ] } },
{ "type": "Feature", "properties": { "name": "동구 동계천로 157", "cat": "주소", "sub": "근린생활시설", "addr": "동구 동계천로 157 (동명동)", "alt": "동명동 72-51", "src": "build" }, "geometry": { "type": "Point", "coordinates": [ 126.926369, 35.149143 ] } },
{ "type": "Feature", "properties": { "name": "동구 동계천로 157-1", "cat": "주소", "sub": "근린생활시설", "addr": "동구 동계천로 157-1 (동명동)", "alt": "동명동 65", "src": "build" }, "geometry": { "type": "Point", "coordinates": [ 126.926484, 35.149186 ] } },
{ "type": "Feature", "properties": { "name": "동구 동계천로 159", "cat": "주소", "sub": "업무시설", "addr": "동구 동계천로 159 (동명동)", "alt": "동명동 64-2", "src": "build" }, "geometry": { "type": "Point", "coordinates": [ 126.926702, 35.14921 ] } },
{ "type": "Feature", "properties": { "name": "동구 동계천로 159-10", "cat": "주소", "sub": "주택", "addr": "동구 동계천로 159-10 (동명동)", "alt": "동명동 66-8", "src": "build" }, "geometry": { "type": "Point", "coordinates": [ 126.926653, 35.149538 ] } },
{ "type": "Feature", "properties": { "name": "동구 동계천로 159-11", "cat": "주소", "sub": "근린생활시설", "addr": "동구 동계천로 159-11 (동명동)", "alt": "동명동 68-8", "src": "build" }, "geometry": { "type": "Point", "coordinates": [ 126.926342, 35.149726 ] } },
{ "type": "Feature", "properties": { "name": "동구 동계천로 159-12", "cat": "주소", "sub": "주택", "addr": "동구 동계천로 159-12 (동명동)", "alt": "동명동 66-18", "src": "build" }, "geometry": { "type": "Point", "coordinates": [ 126.926591, 35.149501 ] } },
{ "type": "Feature", "properties": { "name": "동구 동계천로 159-14", "cat": "주소", "sub": "주택", "addr": "동구 동계천로 159-14 (동명동)", "alt": "동명동 66-6", "src": "build" }, "geometry": { "type": "Point", "coordinates": [ 126.9266, 35.14962 ] } },
{ "type": "Feature", "properties": { "name": "동구 동계천로 159-16", "cat": "주소", "sub": "근린생활시설", "addr": "동구 동계천로 159-16 (동명동)", "alt": "동명동 66-2 · 동명동 65-7", "src": "build" }, "geometry": { "type": "Point", "coordinates": [ 126.926499, 35.149726 ] } },
{ "type": "Feature", "properties": { "name": "동구 동계천로 159-4", "cat": "주소", "sub": "근린생활시설", "addr": "동구 동계천로 159-4 (동명동)", "alt": "동명동 60", "src": "build" }, "geometry": { "type": "Point", "coordinates": [ 126.926643, 35.149386 ] } },
{ "type": "Feature", "properties": { "name": "동구 동계천로 159-5", "cat": "주소", "sub": "주택", "addr": "동구 동계천로 159-5 (동명동)", "alt": "동명동 68-18", "src": "build" }, "geometry": { "type": "Point", "coordinates": [ 126.926451, 35.149435 ] } },
{ "type": "Feature", "properties": { "name": "동구 동계천로 159-7", "cat": "주소", "sub": "주택", "addr": "동구 동계천로 159-7 (동명동)", "alt": "동명동 68-17", "src": "build" }, "geometry": { "type": "Point", "coordinates": [ 126.926428, 35.149513 ] } },
{ "type": "Feature", "properties": { "name": "동구 동계천로 159-8", "cat": "주소", "sub": "주택", "addr": "동구 동계천로 159-8 (동명동)", "alt": "동명동 66-10", "src": "build" }, "geometry": { "type": "Point", "coordinates": [ 126.926833, 35.149552 ] } },
{ "type": "Feature", "properties": { "name": "동구 동계천로 159-9", "cat": "주소", "sub": "주택", "addr": "동구 동계천로 159-9 (동명동)", "alt": "동명동 68-11", "src": "build" }, "geometry": { "type": "Point", "coordinates": [ 126.926376, 35.149593 ] } },
{ "type": "Feature", "properties": { "name": "동구 동계천로 161", "cat": "주소", "sub": "근린생활시설", "addr": "동구 동계천로 161 (동명동)", "alt": "동명동 63", "src": "build" }, "geometry": { "type": "Point", "coordinates": [ 126.926876, 35.149284 ] } },
{ "type": "Feature", "properties": { "name": "동구 동계천로 161-2", "cat": "주소", "sub": "주택", "addr": "동구 동계천로 161-2 (동명동)", "alt": "동명동 59-1", "src": "build" }, "geometry": { "type": "Point", "coordinates": [ 126.92691, 35.149346 ] } },
{ "type": "Feature", "properties": { "name": "동구 동계천로 163", "cat": "주소", "sub": "업무시설", "addr": "동구 동계천로 163 (동명동)", "alt": "동명동 61", "src": "build" }, "geometry": { "type": "Point", "coordinates": [ 126.92702, 35.149234 ] } },
{ "type": "Feature", "properties": { "name": "동구 동계천로 163-2", "cat": "주소", "sub": "근린생활시설", "addr": "동구 동계천로 163-2 (동명동)", "alt": "동명동 54", "src": "build" }, "geometry": { "type": "Point", "coordinates": [ 126.927118, 35.149226 ] } },
{ "type": "Feature", "properties": { "name": "동구 동계천로 163-3", "cat": "주소", "sub": "근린생활시설", "addr": "동구 동계천로 163-3 (동명동)", "alt": "동명동 62", "src": "build" }, "geometry": { "type": "Point", "coordinates": [ 126.927073, 35.149344 ] } },
{ "type": "Feature", "properties": { "name": "동구 동계천로 163-4", "cat": "주소", "sub": "주택", "addr": "동구 동계천로 163-4 (동명동)", "alt": "동명동 55-1", "src": "build" }, "geometry": { "type": "Point", "coordinates": [ 126.927153, 35.149345 ] } },
{ "type": "Feature", "properties": { "name": "동구 동계천로 163-6", "cat": "주소", "sub": "근린생활시설", "addr": "동구 동계천로 163-6 (동명동)", "alt": "동명동 55", "src": "build" }, "geometry": { "type": "Point", "coordinates": [ 126.927115, 35.149496 ] } },
{ "type": "Feature", "properties": { "name": "동구 동계천로 163-7", "cat": "주소", "sub": "주택", "addr": "동구 동계천로 163-7 (동명동)", "alt": "동명동 59", "src": "build" }, "geometry": { "type": "Point", "coordinates": [ 126.927023, 35.149483 ] } },
{ "type": "Feature", "properties": { "name": "동구 동계천로 163-9", "cat": "주소", "sub": "주택", "addr": "동구 동계천로 163-9 (동명동)", "alt": "동명동 56-4", "src": "build" }, "geometry": { "type": "Point", "coordinates": [ 126.927224, 35.149598 ] } },
{ "type": "Feature", "properties": { "name": "동구 동계천로 165-1", "cat": "주소", "sub": "근린생활시설", "addr": "동구 동계천로 165-1 (동명동)", "alt": "동명동 53", "src": "build" }, "geometry": { "type": "Point", "coordinates": [ 126.92731, 35.149261 ] } },
{ "type": "Feature", "properties": { "name": "동구 동계천로 165-3", "cat": "주소", "sub": "주택", "addr": "동구 동계천로 165-3 (동명동)", "alt": "동명동 52-1", "src": "build" }, "geometry": { "type": "Point", "coordinates": [ 126.927337, 35.149334 ] } },
{ "type": "Feature", "properties": { "name": "동구 동계천로 165-5", "cat": "주소", "sub": "주택", "addr": "동구 동계천로 165-5 (동명동)", "alt": "동명동 52", "src": "build" }, "geometry": { "type": "Point", "coordinates": [ 126.927372, 35.149405 ] } },
{ "type": "Feature", "properties": { "name": "동구 동계천로 165-6", "cat": "주소", "sub": "근린생활시설", "addr": "동구 동계천로 165-6 (동명동)", "alt": "동명동 49-2", "src": "build" }, "geometry": { "type": "Point", "coordinates": [ 126.927461, 35.149438 ] } },
{ "type": "Feature", "properties": { "name": "동구 동계천로 165-8", "cat": "주소", "sub": "주택", "addr": "동구 동계천로 165-8 (동명동)", "alt": "동명동 49-1", "src": "build" }, "geometry": { "type": "Point", "coordinates": [ 126.92744, 35.149532 ] } },
{ "type": "Feature", "properties": { "name": "동구 동계천로 166", "cat": "주소", "sub": "근린생활시설", "addr": "동구 동계천로 166 (동명동)", "alt": "동명동 78-2", "src": "build" }, "geometry": { "type": "Point", "coordinates": [ 126.92723, 35.149041 ] } },
{ "type": "Feature", "properties": { "name": "동구 동계천로 167", "cat": "주소", "sub": "주택", "addr": "동구 동계천로 167 (동명동)", "alt": "동명동 47", "src": "build" }, "geometry": { "type": "Point", "coordinates": [ 126.927583, 35.149147 ] } },
{ "type": "Feature", "properties": { "name": "동구 동계천로 167-1", "cat": "주소", "sub": "업무시설", "addr": "동구 동계천로 167-1 (동명동)", "alt": "동명동 48-1", "src": "build" }, "geometry": { "type": "Point", "coordinates": [ 126.92749, 35.149249 ] } },
{ "type": "Feature", "properties": { "name": "동구 동계천로 167-11", "cat": "주소", "sub": "주택", "addr": "동구 동계천로 167-11 (동명동)", "alt": "동명동 50-3", "src": "build" }, "geometry": { "type": "Point", "coordinates": [ 126.927673, 35.149547 ] } },
{ "type": "Feature", "properties": { "name": "동구 동계천로 167-3", "cat": "주소", "sub": "주택", "addr": "동구 동계천로 167-3 (동명동)", "alt": "동명동 49-3", "src": "build" }, "geometry": { "type": "Point", "coordinates": [ 126.927567, 35.149329 ] } },
{ "type": "Feature", "properties": { "name": "동구 동계천로 167-4", "cat": "주소", "sub": "주택", "addr": "동구 동계천로 167-4 (동명동)", "alt": "동명동 46", "src": "build" }, "geometry": { "type": "Point", "coordinates": [ 126.927613, 35.149246 ] } },
{ "type": "Feature", "properties": { "name": "동구 동계천로 167-5", "cat": "주소", "sub": "근린생활시설", "addr": "동구 동계천로 167-5 (동명동)", "alt": "동명동 50-10", "src": "build" }, "geometry": { "type": "Point", "coordinates": [ 126.92762, 35.14935 ] } },
{ "type": "Feature", "properties": { "name": "동구 동계천로 167-6", "cat": "주소", "sub": "주택", "addr": "동구 동계천로 167-6 (동명동)", "alt": "동명동 50-6", "src": "build" }, "geometry": { "type": "Point", "coordinates": [ 126.927717, 35.149335 ] } },
{ "type": "Feature", "properties": { "name": "동구 동계천로 167-7", "cat": "주소", "sub": "주택", "addr": "동구 동계천로 167-7 (동명동)", "alt": "동명동 50-5", "src": "build" }, "geometry": { "type": "Point", "coordinates": [ 126.927648, 35.149443 ] } },
{ "type": "Feature", "properties": { "name": "동구 동계천로 168", "cat": "주소", "sub": "근린생활시설", "addr": "동구 동계천로 168 (동명동)", "alt": "동명동 79-1", "src": "build" }, "geometry": { "type": "Point", "coordinates": [ 126.927393, 35.14895 ] } },
{ "type": "Feature", "properties": { "name": "동구 동계천로 168-4", "cat": "주소", "sub": "주택", "addr": "동구 동계천로 168-4 (동명동)", "alt": "동명동 79-2", "src": "build" }, "geometry": { "type": "Point", "coordinates": [ 126.927458, 35.148837 ] } },
{ "type": "Feature", "properties": { "name": "동구 동계천로 168-5", "cat": "주소", "sub": "주택", "addr": "동구 동계천로 168-5 (동명동)", "alt": "동명동 83-3", "src": "build" }, "geometry": { "type": "Point", "coordinates": [ 126.92752, 35.148789 ] } },
{ "type": "Feature", "properties": { "name": "동구 동계천로 168-6", "cat": "주소", "sub": "주택", "addr": "동구 동계천로 168-6 (동명동)", "alt": "동명동 79-5", "src": "build" }, "geometry": { "type": "Point", "coordinates": [ 126.927319, 35.148782 ] } },
{ "type": "Feature", "properties": { "name": "동구 동계천로 168-8", "cat": "주소", "sub": "주택", "addr": "동구 동계천로 168-8 (동명동)", "alt": "동명동 79-7", "src": "build" }, "geometry": { "type": "Point", "coordinates": [ 126.927422, 35.148749 ] } },
{ "type": "Feature", "properties": { "name": "동구 동계천로 169", "cat": "주소", "sub": "근린생활시설", "addr": "동구 동계천로 169 (동명동)", "alt": "동명동 44", "src": "build" }, "geometry": { "type": "Point", "coordinates": [ 126.92777, 35.149113 ] } },
{ "type": "Feature", "properties": { "name": "동구 동계천로 169-3", "cat": "주소", "sub": "근린생활시설", "addr": "동구 동계천로 169-3 (동명동)", "alt": "동명동 45", "src": "build" }, "geometry": { "type": "Point", "coordinates": [ 126.927785, 35.149226 ] } },
{ "type": "Feature", "properties": { "name": "동구 동계천로 170", "cat": "주소", "sub": "업무시설", "addr": "동구 동계천로 170 (동명동)", "alt": "동명동 83-1", "src": "build" }, "geometry": { "type": "Point", "coordinates": [ 126.927639, 35.148943 ] } },
{ "type": "Feature", "properties": { "name": "동구 동계천로 171", "cat": "주소", "sub": "근린생활시설", "addr": "동구 동계천로 171 (동명동)", "alt": "동명동 43", "src": "build" }, "geometry": { "type": "Point", "coordinates": [ 126.92795, 35.149133 ] } },
{ "type": "Feature", "properties": { "name": "동구 동계천로 171-4", "cat": "주소", "sub": "주택", "addr": "동구 동계천로 171-4 (동명동)", "alt": "동명동 42-2", "src": "build" }, "geometry": { "type": "Point", "coordinates": [ 126.928068, 35.149316 ] } },
{ "type": "Feature", "properties": { "name": "동구 동계천로 172", "cat": "주소", "sub": "근린생활시설", "addr": "동구 동계천로 172 (동명동)", "alt": "동명동 80-15", "src": "build" }, "geometry": { "type": "Point", "coordinates": [ 126.928155, 35.14894 ] } },
{ "type": "Feature", "properties": { "name": "동구 동계천로 172-1", "cat": "주소", "sub": "문화/관광/레저시설", "addr": "동구 동계천로 172-1 (동명동)", "alt": "동명동 80-15", "src": "build" }, "geometry": { "type": "Point", "coordinates": [ 126.927953, 35.148653 ] } },
{ "type": "Feature", "properties": { "name": "동구 동계천로 177", "cat": "주소", "sub": "근린생활시설", "addr": "동구 동계천로 177 (동명동)", "alt": "동명동 10-1", "src": "build" }, "geometry": { "type": "Point", "coordinates": [ 126.928661, 35.149338 ] } },
{ "type": "Feature", "properties": { "name": "동구 동계천로 178", "cat": "주소", "sub": "근린생활시설", "addr": "동구 동계천로 178 (동명동)", "alt": "동명동 94-5", "src": "build" }, "geometry": { "type": "Point", "coordinates": [ 126.928581, 35.149188 ] } },
{ "type": "Feature", "properties": { "name": "동구 동계천로 178-1", "cat": "주소", "sub": "근린생활시설", "addr": "동구 동계천로 178-1 (동명동)", "alt": "동명동 94-3", "src": "build" }, "geometry": { "type": "Point", "coordinates": [ 126.928634, 35.149193 ] } },
{ "type": "Feature", "properties": { "name": "동구 동계천로 180", "cat": "주소", "sub": "유통시설", "addr": "동구 동계천로 180 (동명동)", "alt": "동명동 97-1", "src": "build" }, "geometry": { "type": "Point", "coordinates": [ 126.928769, 35.149233 ] } },
{ "type": "Feature", "properties": { "name": "동구 동계천로 181", "cat": "주소", "sub": "근린생활시설", "addr": "동구 동계천로 181 (동명동)", "alt": "동명동 11-16", "src": "build" }, "geometry": { "type": "Point", "coordinates": [ 126.928938, 35.149399 ] } },
{ "type": "Feature", "properties": { "name": "동구 동계천로 181-1", "cat": "주소", "sub": "주택", "addr": "동구 동계천로 181-1 (동명동)", "alt": "동명동 8", "src": "build" }, "geometry": { "type": "Point", "coordinates": [ 126.929021, 35.149419 ] } },
{ "type": "Feature", "properties": { "name": "동구 동계천로 71", "cat": "주소", "sub": "근린생활시설", "addr": "동구 동계천로 71 (동명동)", "alt": "동명동 240-17 · 동명동 240-12 · 동명동 240-15", "src": "build" }, "geometry": { "type": "Point", "coordinates": [ 126.919392, 35.153181 ] } },
{ "type": "Feature", "properties": { "name": "동구 동계천로 73", "cat": "주소", "sub": "근린생활시설", "addr": "동구 동계천로 73 (동명동)", "alt": "동명동 240-3", "src": "build" }, "geometry": { "type": "Point", "coordinates": [ 126.919446, 35.153079 ] } },
{ "type": "Feature", "properties": { "name": "동구 동계천로 75", "cat": "주소", "sub": "근린생활시설", "addr": "동구 동계천로 75 (동명동)", "alt": "동명동 240-7", "src": "build" }, "geometry": { "type": "Point", "coordinates": [ 126.91961, 35.152954 ] } },
{ "type": "Feature", "properties": { "name": "동구 동계천로 77", "cat": "주소", "sub": "업무시설", "addr": "동구 동계천로 77 (동명동)", "alt": "동명동 238-5 · 동명동 238-3", "src": "build" }, "geometry": { "type": "Point", "coordinates": [ 126.919813, 35.152876 ] } },
{ "type": "Feature", "properties": { "name": "동구 동계천로 77-3", "cat": "주소", "sub": "근린생활시설", "addr": "동구 동계천로 77-3 (동명동)", "alt": "동명동 239-3", "src": "build" }, "geometry": { "type": "Point", "coordinates": [ 126.919776, 35.152985 ] } },
{ "type": "Feature", "properties": { "name": "동구 동계천로 79", "cat": "주소", "sub": "근린생활시설", "addr": "동구 동계천로 79 (동명동)", "alt": "동명동 238-2", "src": "build" }, "geometry": { "type": "Point", "coordinates": [ 126.919973, 35.152771 ] } },
{ "type": "Feature", "properties": { "name": "동구 동계천로 79-5", "cat": "주소", "sub": "주택", "addr": "동구 동계천로 79-5 (동명동)", "alt": "동명동 237-4", "src": "build" }, "geometry": { "type": "Point", "coordinates": [ 126.9201, 35.152977 ] } },
{ "type": "Feature", "properties": { "name": "동구 동계천로 81", "cat": "주소", "sub": "근린생활시설", "addr": "동구 동계천로 81 (동명동)", "alt": "동명동 238-10", "src": "build" }, "geometry": { "type": "Point", "coordinates": [ 126.920192, 35.152646 ] } },
{ "type": "Feature", "properties": { "name": "동구 동계천로 81-1", "cat": "주소", "sub": "근린생활시설", "addr": "동구 동계천로 81-1 (동명동)", "alt": "동명동 238-8", "src": "build" }, "geometry": { "type": "Point", "coordinates": [ 126.920121, 35.15278 ] } },
{ "type": "Feature", "properties": { "name": "동구 동계천로 81-3", "cat": "주소", "sub": "주택", "addr": "동구 동계천로 81-3 (동명동)", "alt": "동명동 238-7", "src": "build" }, "geometry": { "type": "Point", "coordinates": [ 126.920181, 35.152826 ] } },
{ "type": "Feature", "properties": { "name": "동구 동계천로 81-4", "cat": "주소", "sub": "주택", "addr": "동구 동계천로 81-4 (동명동)", "alt": "동명동 237-7", "src": "build" }, "geometry": { "type": "Point", "coordinates": [ 126.920299, 35.152856 ] } },
{ "type": "Feature", "properties": { "name": "동구 동계천로 81-5", "cat": "주소", "sub": "주택", "addr": "동구 동계천로 81-5 (동명동)", "alt": "동명동 237-9", "src": "build" }, "geometry": { "type": "Point", "coordinates": [ 126.920255, 35.152875 ] } },
{ "type": "Feature", "properties": { "name": "동구 동계천로 81-6", "cat": "주소", "sub": "주택", "addr": "동구 동계천로 81-6 (동명동)", "alt": "동명동 237-2", "src": "build" }, "geometry": { "type": "Point", "coordinates": [ 126.920359, 35.15289 ] } },
{ "type": "Feature", "properties": { "name": "동구 동계천로 81-7", "cat": "주소", "sub": "주택", "addr": "동구 동계천로 81-7 (동명동)", "alt": "동명동 237-6", "src": "build" }, "geometry": { "type": "Point", "coordinates": [ 126.920319, 35.152912 ] } },
{ "type": "Feature", "properties": { "name": "동구 동계천로 83", "cat": "주소", "sub": "근린생활시설", "addr": "동구 동계천로 83 (동명동)", "alt": "동명동 235-7", "src": "build" }, "geometry": { "type": "Point", "coordinates": [ 126.920284, 35.152571 ] } },
{ "type": "Feature", "properties": { "name": "동구 동계천로 83-2", "cat": "주소", "sub": "업무시설", "addr": "동구 동계천로 83-2 (동명동)", "alt": "동명동 235-6", "src": "build" }, "geometry": { "type": "Point", "coordinates": [ 126.920383, 35.152472 ] } },
{ "type": "Feature", "properties": { "name": "동구 동계천로 83-3", "cat": "주소", "sub": "주택", "addr": "동구 동계천로 83-3 (동명동)", "alt": "동명동 235-8", "src": "build" }, "geometry": { "type": "Point", "coordinates": [ 126.920399, 35.152646 ] } },
{ "type": "Feature", "properties": { "name": "동구 동계천로 83-4", "cat": "주소", "sub": "주택", "addr": "동구 동계천로 83-4 (동명동)", "alt": "동명동 235-5", "src": "build" }, "geometry": { "type": "Point", "coordinates": [ 126.920413, 35.152607 ] } },
{ "type": "Feature", "properties": { "name": "동구 동계천로 83-5", "cat": "주소", "sub": "주택", "addr": "동구 동계천로 83-5 (동명동)", "alt": "동명동 235-9", "src": "build" }, "geometry": { "type": "Point", "coordinates": [ 126.920467, 35.152698 ] } },
{ "type": "Feature", "properties": { "name": "동구 동계천로 83-6", "cat": "주소", "sub": "주택", "addr": "동구 동계천로 83-6 (동명동)", "alt": "동명동 235-4", "src": "build" }, "geometry": { "type": "Point", "coordinates": [ 126.920498, 35.152667 ] } },
{ "type": "Feature", "properties": { "name": "동구 동계천로 83-7", "cat": "주소", "sub": "주택", "addr": "동구 동계천로 83-7 (동명동)", "alt": "동명동 235-10", "src": "build" }, "geometry": { "type": "Point", "coordinates": [ 126.920563, 35.152768 ] } },
{ "type": "Feature", "properties": { "name": "동구 동계천로 83-8", "cat": "주소", "sub": "주택", "addr": "동구 동계천로 83-8 (동명동)", "alt": "동명동 235-3", "src": "build" }, "geometry": { "type": "Point", "coordinates": [ 126.920598, 35.152736 ] } },
{ "type": "Feature", "properties": { "name": "동구 동계천로 85", "cat": "주소", "sub": "업무시설", "addr": "동구 동계천로 85 (동명동)", "alt": "동명동 231 · 동명동 231-3", "src": "build" }, "geometry": { "type": "Point", "coordinates": [ 126.920422, 35.152442 ] } },
{ "type": "Feature", "properties": { "name": "동구 동계천로 87", "cat": "주소", "sub": "업무시설", "addr": "동구 동계천로 87 (동명동)", "alt": "동명동 230-1", "src": "build" }, "geometry": { "type": "Point", "coordinates": [ 126.92074, 35.15222 ] } },
{ "type": "Feature", "properties": { "name": "동구 동계천로 89", "cat": "주소", "sub": "근린생활시설", "addr": "동구 동계천로 89 (동명동)", "alt": "동명동 230-10", "src": "build" }, "geometry": { "type": "Point", "coordinates": [ 126.920804, 35.152135 ] } },
{ "type": "Feature", "properties": { "name": "동구 동계천로 91", "cat": "주소", "sub": "근린생활시설", "addr": "동구 동계천로 91 (동명동)", "alt": "동명동 230-4", "src": "build" }, "geometry": { "type": "Point", "coordinates": [ 126.920987, 35.151998 ] } },
{ "type": "Feature", "properties": { "name": "동구 동계천로 91-10", "cat": "주소", "sub": "주택", "addr": "동구 동계천로 91-10 (동명동)", "alt": "동명동 228-79", "src": "build" }, "geometry": { "type": "Point", "coordinates": [ 126.921199, 35.152216 ] } },
{ "type": "Feature", "properties": { "name": "동구 동계천로 91-13", "cat": "주소", "sub": "주택", "addr": "동구 동계천로 91-13 (동명동)", "alt": "동명동 228-71", "src": "build" }, "geometry": { "type": "Point", "coordinates": [ 126.921249, 35.152321 ] } },
{ "type": "Feature", "properties": { "name": "동구 동계천로 91-3", "cat": "주소", "sub": "주택", "addr": "동구 동계천로 91-3 (동명동)", "alt": "동명동 228-70", "src": "build" }, "geometry": { "type": "Point", "coordinates": [ 126.921034, 35.15219 ] } },
{ "type": "Feature", "properties": { "name": "동구 동계천로 91-4", "cat": "주소", "sub": "주택", "addr": "동구 동계천로 91-4 (동명동)", "alt": "동명동 229-1", "src": "build" }, "geometry": { "type": "Point", "coordinates": [ 126.921037, 35.152106 ] } },
{ "type": "Feature", "properties": { "name": "동구 동계천로 91-5", "cat": "주소", "sub": "주택", "addr": "동구 동계천로 91-5 (동명동)", "alt": "동명동 228-72", "src": "build" }, "geometry": { "type": "Point", "coordinates": [ 126.921106, 35.152229 ] } },
{ "type": "Feature", "properties": { "name": "동구 동계천로 91-7", "cat": "주소", "sub": "주택", "addr": "동구 동계천로 91-7 (동명동)", "alt": "동명동 228-69", "src": "build" }, "geometry": { "type": "Point", "coordinates": [ 126.920954, 35.152263 ] } },
{ "type": "Feature", "properties": { "name": "동구 동계천로 91-8", "cat": "주소", "sub": "주택", "addr": "동구 동계천로 91-8 (동명동)", "alt": "동명동 228-64", "src": "build" }, "geometry": { "type": "Point", "coordinates": [ 126.921176, 35.152204 ] } },
{ "type": "Feature", "properties": { "name": "동구 동계천로 91-9", "cat": "주소", "sub": "주택", "addr": "동구 동계천로 91-9 (동명동)", "alt": "동명동 228-20", "src": "build" }, "geometry": { "type": "Point", "coordinates": [ 126.921032, 35.152297 ] } },
{ "type": "Feature", "properties": { "name": "동구 동계천로 93", "cat": "주소", "sub": "보안/위험시설", "addr": "동구 동계천로 93 (동명동)", "alt": "동명동 230-5", "src": "build" }, "geometry": { "type": "Point", "coordinates": [ 126.921108, 35.151902 ] } },
{ "type": "Feature", "properties": { "name": "동구 동계천로 93-1", "cat": "주소", "sub": "주택", "addr": "동구 동계천로 93-1 (동명동)", "alt": "동명동 228-61", "src": "build" }, "geometry": { "type": "Point", "coordinates": [ 126.921109, 35.152004 ] } },
{ "type": "Feature", "properties": { "name": "동구 동계천로 93-2", "cat": "주소", "sub": "주택", "addr": "동구 동계천로 93-2 (동명동)", "alt": "동명동 228-58", "src": "build" }, "geometry": { "type": "Point", "coordinates": [ 126.921189, 35.151944 ] } },
{ "type": "Feature", "properties": { "name": "동구 동계천로 95", "cat": "주소", "sub": "근린생활시설", "addr": "동구 동계천로 95 (동명동)", "alt": "동명동 230-15", "src": "build" }, "geometry": { "type": "Point", "coordinates": [ 126.921246, 35.151776 ] } },
{ "type": "Feature", "properties": { "name": "동구 동계천로 95-13", "cat": "주소", "sub": "주택", "addr": "동구 동계천로 95-13 (동명동)", "alt": "동명동 228-5", "src": "build" }, "geometry": { "type": "Point", "coordinates": [ 126.921695, 35.152163 ] } },
{ "type": "Feature", "properties": { "name": "동구 동계천로 95-14", "cat": "주소", "sub": "주택", "addr": "동구 동계천로 95-14 (동명동)", "alt": "동명동 228-8", "src": "build" }, "geometry": { "type": "Point", "coordinates": [ 126.921825, 35.152177 ] } },
{ "type": "Feature", "properties": { "name": "동구 동계천로 95-15", "cat": "주소", "sub": "주택", "addr": "동구 동계천로 95-15 (동명동)", "alt": "동명동 228-40", "src": "build" }, "geometry": { "type": "Point", "coordinates": [ 126.921732, 35.152211 ] } },
{ "type": "Feature", "properties": { "name": "동구 동계천로 95-17", "cat": "주소", "sub": "주택", "addr": "동구 동계천로 95-17 (동명동)", "alt": "동명동 228-89", "src": "build" }, "geometry": { "type": "Point", "coordinates": [ 126.921676, 35.152309 ] } },
{ "type": "Feature", "properties": { "name": "동구 동계천로 95-19", "cat": "주소", "sub": "주택", "addr": "동구 동계천로 95-19 (동명동)", "alt": "동명동 228-34", "src": "build" }, "geometry": { "type": "Point", "coordinates": [ 126.921777, 35.152334 ] } },
{ "type": "Feature", "properties": { "name": "동구 동계천로 95-23", "cat": "주소", "sub": "주택", "addr": "동구 동계천로 95-23 (동명동)", "alt": "동명동 228-35", "src": "build" }, "geometry": { "type": "Point", "coordinates": [ 126.921887, 35.152366 ] } },
{ "type": "Feature", "properties": { "name": "동구 동계천로 95-3", "cat": "주소", "sub": "주택", "addr": "동구 동계천로 95-3 (동명동)", "alt": "동명동 228-74", "src": "build" }, "geometry": { "type": "Point", "coordinates": [ 126.921364, 35.151902 ] } },
{ "type": "Feature", "properties": { "name": "동구 동계천로 95-5", "cat": "주소", "sub": "주택", "addr": "동구 동계천로 95-5 (동명동)", "alt": "동명동 228-28", "src": "build" }, "geometry": { "type": "Point", "coordinates": [ 126.921385, 35.151921 ] } },
{ "type": "Feature", "properties": { "name": "동구 동계천로 95-7", "cat": "주소", "sub": "주택", "addr": "동구 동계천로 95-7 (동명동)", "alt": "동명동 228-56", "src": "build" }, "geometry": { "type": "Point", "coordinates": [ 126.921467, 35.151967 ] } },
{ "type": "Feature", "properties": { "name": "동구 동계천로 97", "cat": "주소", "sub": "근린생활시설", "addr": "동구 동계천로 97 (동명동)", "alt": "동명동 230-18", "src": "build" }, "geometry": { "type": "Point", "coordinates": [ 126.92141, 35.151588 ] } },
{ "type": "Feature", "properties": { "name": "동구 동계천로 99-1", "cat": "주소", "sub": "주택", "addr": "동구 동계천로 99-1 (동명동)", "alt": "동명동 230-17", "src": "build" }, "geometry": { "type": "Point", "coordinates": [ 126.921488, 35.151573 ] } },
{ "type": "Feature", "properties": { "name": "동구 동계천로 99-2", "cat": "주소", "sub": "주택", "addr": "동구 동계천로 99-2 (동명동)", "alt": "동명동 228-52", "src": "build" }, "geometry": { "type": "Point", "coordinates": [ 126.921605, 35.151647 ] } },
{ "type": "Feature", "properties": { "name": "동구 동계천로85번길 1", "cat": "주소", "sub": "근린생활시설", "addr": "동구 동계천로85번길 1 (동명동)", "alt": "동명동 232", "src": "build" }, "geometry": { "type": "Point", "coordinates": [ 126.920634, 35.152431 ] } },
{ "type": "Feature", "properties": { "name": "동구 동계천로85번길 10", "cat": "주소", "sub": "근린생활시설", "addr": "동구 동계천로85번길 10 (동명동)", "alt": "동명동 226-22", "src": "build" }, "geometry": { "type": "Point", "coordinates": [ 126.921297, 35.152786 ] } },
{ "type": "Feature", "properties": { "name": "동구 동계천로85번길 10-1", "cat": "주소", "sub": "근린생활시설", "addr": "동구 동계천로85번길 10-1 (동명동)", "alt": "동명동 207-46", "src": "build" }, "geometry": { "type": "Point", "coordinates": [ 126.92141, 35.152823 ] } },
{ "type": "Feature", "properties": { "name": "동구 동계천로85번길 10-12", "cat": "주소", "sub": "주택", "addr": "동구 동계천로85번길 10-12 (동명동)", "alt": "동명동 226-18", "src": "build" }, "geometry": { "type": "Point", "coordinates": [ 126.921562, 35.152583 ] } },
{ "type": "Feature", "properties": { "name": "동구 동계천로85번길 10-14", "cat": "주소", "sub": "주택", "addr": "동구 동계천로85번길 10-14 (동명동)", "alt": "동명동 226-20", "src": "build" }, "geometry": { "type": "Point", "coordinates": [ 126.921631, 35.152486 ] } },
{ "type": "Feature", "properties": { "name": "동구 동계천로85번길 10-16", "cat": "주소", "sub": "주택", "addr": "동구 동계천로85번길 10-16 (동명동)", "alt": "동명동 228-33", "src": "build" }, "geometry": { "type": "Point", "coordinates": [ 126.921669, 35.152444 ] } },
{ "type": "Feature", "properties": { "name": "동구 동계천로85번길 10-18", "cat": "주소", "sub": "주택", "addr": "동구 동계천로85번길 10-18 (동명동)", "alt": "동명동 228-32", "src": "build" }, "geometry": { "type": "Point", "coordinates": [ 126.921741, 35.152472 ] } },
{ "type": "Feature", "properties": { "name": "동구 동계천로85번길 10-20", "cat": "주소", "sub": "교육및복지시설", "addr": "동구 동계천로85번길 10-20 (동명동)", "alt": "동명동 226-13", "src": "build" }, "geometry": { "type": "Point", "coordinates": [ 126.921715, 35.152516 ] } },
{ "type": "Feature", "properties": { "name": "동구 동계천로85번길 10-22", "cat": "주소", "sub": "주택", "addr": "동구 동계천로85번길 10-22 (동명동)", "alt": "동명동 226-36", "src": "build" }, "geometry": { "type": "Point", "coordinates": [ 126.921586, 35.152637 ] } },
{ "type": "Feature", "properties": { "name": "동구 동계천로85번길 10-28", "cat": "주소", "sub": "주택", "addr": "동구 동계천로85번길 10-28 (동명동)", "alt": "동명동 225-2", "src": "build" }, "geometry": { "type": "Point", "coordinates": [ 126.921494, 35.152759 ] } },
{ "type": "Feature", "properties": { "name": "동구 동계천로85번길 10-3", "cat": "주소", "sub": "주택", "addr": "동구 동계천로85번길 10-3 (동명동)", "alt": "동명동 207-45", "src": "build" }, "geometry": { "type": "Point", "coordinates": [ 126.921515, 35.152798 ] } },
{ "type": "Feature", "properties": { "name": "동구 동계천로85번길 10-30", "cat": "주소", "sub": "주택", "addr": "동구 동계천로85번길 10-30 (동명동)", "alt": "동명동 226-14", "src": "build" }, "geometry": { "type": "Point", "coordinates": [ 126.921631, 35.152773 ] } },
{ "type": "Feature", "properties": { "name": "동구 동계천로85번길 10-5", "cat": "주소", "sub": "주택", "addr": "동구 동계천로85번길 10-5 (동명동)", "alt": "동명동 207-44", "src": "build" }, "geometry": { "type": "Point", "coordinates": [ 126.921666, 35.15283 ] } },
{ "type": "Feature", "properties": { "name": "동구 동계천로85번길 10-6", "cat": "주소", "sub": "주택", "addr": "동구 동계천로85번길 10-6 (동명동)", "alt": "동명동 226-24", "src": "build" }, "geometry": { "type": "Point", "coordinates": [ 126.9215, 35.152668 ] } },
{ "type": "Feature", "properties": { "name": "동구 동계천로85번길 10-7", "cat": "주소", "sub": "주택", "addr": "동구 동계천로85번길 10-7 (동명동)", "alt": "동명동 207-40", "src": "build" }, "geometry": { "type": "Point", "coordinates": [ 126.921758, 35.152911 ] } },
{ "type": "Feature", "properties": { "name": "동구 동계천로85번길 10-8", "cat": "주소", "sub": "주택", "addr": "동구 동계천로85번길 10-8 (동명동)", "alt": "동명동 226-30", "src": "build" }, "geometry": { "type": "Point", "coordinates": [ 126.921424, 35.152594 ] } },
{ "type": "Feature", "properties": { "name": "동구 동계천로85번길 12", "cat": "주소", "sub": "근린생활시설", "addr": "동구 동계천로85번길 12 (동명동)", "alt": "동명동 207-43", "src": "build" }, "geometry": { "type": "Point", "coordinates": [ 126.921516, 35.152957 ] } },
{ "type": "Feature", "properties": { "name": "동구 동계천로85번길 13", "cat": "주소", "sub": "근린생활시설", "addr": "동구 동계천로85번길 13 (동명동)", "alt": "동명동 209-96", "src": "build" }, "geometry": { "type": "Point", "coordinates": [ 126.921536, 35.153064 ] } },
{ "type": "Feature", "properties": { "name": "동구 동계천로85번길 13-1", "cat": "주소", "sub": "주택", "addr": "동구 동계천로85번길 13-1 (동명동)", "alt": "동명동 209-97", "src": "build" }, "geometry": { "type": "Point", "coordinates": [ 126.921552, 35.153182 ] } },
{ "type": "Feature", "properties": { "name": "동구 동계천로85번길 13-11", "cat": "주소", "sub": "주택", "addr": "동구 동계천로85번길 13-11 (동명동)", "alt": "동명동 209-3", "src": "build" }, "geometry": { "type": "Point", "coordinates": [ 126.921427, 35.153451 ] } },
{ "type": "Feature", "properties": { "name": "동구 동계천로85번길 13-13", "cat": "주소", "sub": "주택", "addr": "동구 동계천로85번길 13-13 (동명동)", "alt": "동명동 209-107", "src": "build" }, "geometry": { "type": "Point", "coordinates": [ 126.921365, 35.153499 ] } },
{ "type": "Feature", "properties": { "name": "동구 동계천로85번길 13-15", "cat": "주소", "sub": "주택", "addr": "동구 동계천로85번길 13-15 (동명동)", "alt": "동명동 209-104", "src": "build" }, "geometry": { "type": "Point", "coordinates": [ 126.921497, 35.153532 ] } },
{ "type": "Feature", "properties": { "name": "동구 동계천로85번길 13-19", "cat": "주소", "sub": "주택", "addr": "동구 동계천로85번길 13-19 (동명동)", "alt": "동명동 209-103", "src": "build" }, "geometry": { "type": "Point", "coordinates": [ 126.92155, 35.15362 ] } },
{ "type": "Feature", "properties": { "name": "동구 동계천로85번길 13-5", "cat": "주소", "sub": "주택", "addr": "동구 동계천로85번길 13-5 (동명동)", "alt": "동명동 209-98", "src": "build" }, "geometry": { "type": "Point", "coordinates": [ 126.921547, 35.153295 ] } },
{ "type": "Feature", "properties": { "name": "동구 동계천로85번길 13-6", "cat": "주소", "sub": "주택", "addr": "동구 동계천로85번길 13-6 (동명동)", "alt": "동명동 209-4", "src": "build" }, "geometry": { "type": "Point", "coordinates": [ 126.921625, 35.153338 ] } },
{ "type": "Feature", "properties": { "name": "동구 동계천로85번길 13-8", "cat": "주소", "sub": "주택", "addr": "동구 동계천로85번길 13-8 (동명동)", "alt": "동명동 209-84", "src": "build" }, "geometry": { "type": "Point", "coordinates": [ 126.92164, 35.15344 ] } },
{ "type": "Feature", "properties": { "name": "동구 동계천로85번길 13-9", "cat": "주소", "sub": "주택", "addr": "동구 동계천로85번길 13-9 (동명동)", "alt": "동명동 209-99", "src": "build" }, "geometry": { "type": "Point", "coordinates": [ 126.921439, 35.153391 ] } },
{ "type": "Feature", "properties": { "name": "동구 동계천로85번길 14", "cat": "주소", "sub": "주택", "addr": "동구 동계천로85번길 14 (동명동)", "alt": "동명동 207-42", "src": "build" }, "geometry": { "type": "Point", "coordinates": [ 126.921567, 35.152999 ] } },
{ "type": "Feature", "properties": { "name": "동구 동계천로85번길 14-1", "cat": "주소", "sub": "주택", "addr": "동구 동계천로85번길 14-1 (동명동)", "alt": "동명동 207-41", "src": "build" }, "geometry": { "type": "Point", "coordinates": [ 126.921667, 35.153062 ] } },
{ "type": "Feature", "properties": { "name": "동구 동계천로85번길 15", "cat": "주소", "sub": "근린생활시설", "addr": "동구 동계천로85번길 15 (동명동)", "alt": "동명동 209-8", "src": "build" }, "geometry": { "type": "Point", "coordinates": [ 126.921667, 35.153158 ] } },
{ "type": "Feature", "properties": { "name": "동구 동계천로85번길 3", "cat": "주소", "sub": "주택", "addr": "동구 동계천로85번길 3 (동명동)", "alt": "동명동 233", "src": "build" }, "geometry": { "type": "Point", "coordinates": [ 126.920782, 35.152517 ] } },
{ "type": "Feature", "properties": { "name": "동구 동계천로85번길 6", "cat": "주소", "sub": "주택", "addr": "동구 동계천로85번길 6 (동명동)", "alt": "동명동 228-87", "src": "build" }, "geometry": { "type": "Point", "coordinates": [ 126.920916, 35.152515 ] } },
{ "type": "Feature", "properties": { "name": "동구 동계천로85번길 6-1", "cat": "주소", "sub": "주택", "addr": "동구 동계천로85번길 6-1 (동명동)", "alt": "동명동 227-11", "src": "build" }, "geometry": { "type": "Point", "coordinates": [ 126.921134, 35.152565 ] } },
{ "type": "Feature", "properties": { "name": "동구 동계천로85번길 6-11", "cat": "주소", "sub": "주택", "addr": "동구 동계천로85번길 6-11 (동명동)", "alt": "동명동 228-36", "src": "build" }, "geometry": { "type": "Point", "coordinates": [ 126.921537, 35.152412 ] } },
{ "type": "Feature", "properties": { "name": "동구 동계천로85번길 6-12", "cat": "주소", "sub": "교육및복지시설", "addr": "동구 동계천로85번길 6-12 (동명동)", "alt": "동명동 228-65", "src": "build" }, "geometry": { "type": "Point", "coordinates": [ 126.921443, 35.152122 ] } },
{ "type": "Feature", "properties": { "name": "동구 동계천로85번길 6-13", "cat": "주소", "sub": "주택", "addr": "동구 동계천로85번길 6-13 (동명동)", "alt": "동명동 227-16", "src": "build" }, "geometry": { "type": "Point", "coordinates": [ 126.921313, 35.152362 ] } },
{ "type": "Feature", "properties": { "name": "동구 동계천로85번길 6-14", "cat": "주소", "sub": "주택", "addr": "동구 동계천로85번길 6-14 (동명동)", "alt": "동명동 228-16 · 동명동 228-55 · 동명동 228-54", "src": "build" }, "geometry": { "type": "Point", "coordinates": [ 126.92135, 35.152025 ] } },
{ "type": "Feature", "properties": { "name": "동구 동계천로85번길 6-17", "cat": "주소", "sub": "주택", "addr": "동구 동계천로85번길 6-17 (동명동)", "alt": "동명동 228-4", "src": "build" }, "geometry": { "type": "Point", "coordinates": [ 126.921531, 35.152168 ] } },
{ "type": "Feature", "properties": { "name": "동구 동계천로85번길 6-2", "cat": "주소", "sub": "주택", "addr": "동구 동계천로85번길 6-2 (동명동)", "alt": "동명동 228-86", "src": "build" }, "geometry": { "type": "Point", "coordinates": [ 126.921029, 35.152542 ] } },
{ "type": "Feature", "properties": { "name": "동구 동계천로85번길 6-23", "cat": "주소", "sub": "업무시설", "addr": "동구 동계천로85번길 6-23 (동명동)", "alt": "동명동 228-9", "src": "build" }, "geometry": { "type": "Point", "coordinates": [ 126.921718, 35.152035 ] } },
{ "type": "Feature", "properties": { "name": "동구 동계천로85번길 6-4", "cat": "주소", "sub": "주택", "addr": "동구 동계천로85번길 6-4 (동명동)", "alt": "동명동 228-22", "src": "build" }, "geometry": { "type": "Point", "coordinates": [ 126.921095, 35.152466 ] } },
{ "type": "Feature", "properties": { "name": "동구 동계천로85번길 6-5", "cat": "주소", "sub": "주택", "addr": "동구 동계천로85번길 6-5 (동명동)", "alt": "동명동 227-13", "src": "build" }, "geometry": { "type": "Point", "coordinates": [ 126.921248, 35.152446 ] } },
{ "type": "Feature", "properties": { "name": "동구 동계천로85번길 6-9", "cat": "주소", "sub": "주택", "addr": "동구 동계천로85번길 6-9 (동명동)", "alt": "동명동 226-19", "src": "build" }, "geometry": { "type": "Point", "coordinates": [ 126.921473, 35.152464 ] } },
{ "type": "Feature", "properties": { "name": "동구 동계천로85번길 8", "cat": "주소", "sub": "주택", "addr": "동구 동계천로85번길 8 (동명동)", "alt": "동명동 227-1", "src": "build" }, "geometry": { "type": "Point", "coordinates": [ 126.921119, 35.152672 ] } },
{ "type": "Feature", "properties": { "name": "동구 동계천로85번길 8-1", "cat": "주소", "sub": "근린생활시설", "addr": "동구 동계천로85번길 8-1 (동명동)", "alt": "동명동 226-23", "src": "build" }, "geometry": { "type": "Point", "coordinates": [ 126.92119, 35.152717 ] } },
{ "type": "Feature", "properties": { "name": "동구 동계천로85번길 9", "cat": "주소", "sub": "주택", "addr": "동구 동계천로85번길 9 (동명동)", "alt": "동명동 224-2", "src": "build" }, "geometry": { "type": "Point", "coordinates": [ 126.921191, 35.152854 ] } },
{ "type": "Feature", "properties": { "name": "동구 동계천로85번길 9-1", "cat": "주소", "sub": "주택", "addr": "동구 동계천로85번길 9-1 (동명동)", "alt": "동명동 222-5", "src": "build" }, "geometry": { "type": "Point", "coordinates": [ 126.921185, 35.152931 ] } },
{ "type": "Feature", "properties": { "name": "동구 동계천로85번길 9-2", "cat": "주소", "sub": "근린생활시설", "addr": "동구 동계천로85번길 9-2 (동명동)", "alt": "동명동 218-5", "src": "build" }, "geometry": { "type": "Point", "coordinates": [ 126.921273, 35.152867 ] } },
{ "type": "Feature", "properties": { "name": "동구 동계천로95번길 1", "cat": "주소", "sub": "근린생활시설", "addr": "동구 동계천로95번길 1 (동명동)", "alt": "동명동 228-85", "src": "build" }, "geometry": { "type": "Point", "coordinates": [ 126.92132, 35.15172 ] } },
{ "type": "Feature", "properties": { "name": "동구 동계천로95번길 10", "cat": "주소", "sub": "주택", "addr": "동구 동계천로95번길 10 (동명동)", "alt": "동명동 200-114", "src": "build" }, "geometry": { "type": "Point", "coordinates": [ 126.922169, 35.152079 ] } },
{ "type": "Feature", "properties": { "name": "동구 동계천로95번길 12", "cat": "주소", "sub": "근린생활시설", "addr": "동구 동계천로95번길 12 (동명동)", "alt": "동명동 228-44", "src": "build" }, "geometry": { "type": "Point", "coordinates": [ 126.922202, 35.152337 ] } },
{ "type": "Feature", "properties": { "name": "동구 동계천로95번길 13", "cat": "주소", "sub": "주택", "addr": "동구 동계천로95번길 13 (동명동)", "alt": "동명동 228-30", "src": "build" }, "geometry": { "type": "Point", "coordinates": [ 126.922016, 35.152462 ] } },
{ "type": "Feature", "properties": { "name": "동구 동계천로95번길 14", "cat": "주소", "sub": "주택", "addr": "동구 동계천로95번길 14 (동명동)", "alt": "동명동 226-31", "src": "build" }, "geometry": { "type": "Point", "coordinates": [ 126.922125, 35.152518 ] } },
{ "type": "Feature", "properties": { "name": "동구 동계천로95번길 14-2", "cat": "주소", "sub": "주택", "addr": "동구 동계천로95번길 14-2 (동명동)", "alt": "동명동 226-27", "src": "build" }, "geometry": { "type": "Point", "coordinates": [ 126.922205, 35.152518 ] } },
{ "type": "Feature", "properties": { "name": "동구 동계천로95번길 14-3", "cat": "주소", "sub": "주택", "addr": "동구 동계천로95번길 14-3 (동명동)", "alt": "동명동 226-5", "src": "build" }, "geometry": { "type": "Point", "coordinates": [ 126.922253, 35.152689 ] } },
{ "type": "Feature", "properties": { "name": "동구 동계천로95번길 14-4", "cat": "주소", "sub": "주택", "addr": "동구 동계천로95번길 14-4 (동명동)", "alt": "동명동 226-5", "src": "build" }, "geometry": { "type": "Point", "coordinates": [ 126.922288, 35.152687 ] } },
{ "type": "Feature", "properties": { "name": "동구 동계천로95번길 15", "cat": "주소", "sub": "주택", "addr": "동구 동계천로95번길 15 (동명동)", "alt": "동명동 228-29", "src": "build" }, "geometry": { "type": "Point", "coordinates": [ 126.921977, 35.152495 ] } },
{ "type": "Feature", "properties": { "name": "동구 동계천로95번길 15-1", "cat": "주소", "sub": "주택", "addr": "동구 동계천로95번길 15-1 (동명동)", "alt": "동명동 226-12", "src": "build" }, "geometry": { "type": "Point", "coordinates": [ 126.921979, 35.152584 ] } },
{ "type": "Feature", "properties": { "name": "동구 동계천로95번길 16", "cat": "주소", "sub": "주택", "addr": "동구 동계천로95번길 16 (동명동)", "alt": "동명동 226-8", "src": "build" }, "geometry": { "type": "Point", "coordinates": [ 126.922083, 35.152608 ] } },
{ "type": "Feature", "properties": { "name": "동구 동계천로95번길 17", "cat": "주소", "sub": "주택", "addr": "동구 동계천로95번길 17 (동명동)", "alt": "동명동 226-11", "src": "build" }, "geometry": { "type": "Point", "coordinates": [ 126.921947, 35.152668 ] } },
{ "type": "Feature", "properties": { "name": "동구 동계천로95번길 17-1", "cat": "주소", "sub": "주택", "addr": "동구 동계천로95번길 17-1 (동명동)", "alt": "동명동 226-10", "src": "build" }, "geometry": { "type": "Point", "coordinates": [ 126.921919, 35.152756 ] } },
{ "type": "Feature", "properties": { "name": "동구 동계천로95번길 18", "cat": "주소", "sub": "주택", "addr": "동구 동계천로95번길 18 (동명동)", "alt": "동명동 226-33", "src": "build" }, "geometry": { "type": "Point", "coordinates": [ 126.922038, 35.152754 ] } },
{ "type": "Feature", "properties": { "name": "동구 동계천로95번길 18-1", "cat": "주소", "sub": "주택", "addr": "동구 동계천로95번길 18-1 (동명동)", "alt": "동명동 226-7", "src": "build" }, "geometry": { "type": "Point", "coordinates": [ 126.922029, 35.152806 ] } },
{ "type": "Feature", "properties": { "name": "동구 동계천로95번길 18-11", "cat": "주소", "sub": "주택", "addr": "동구 동계천로95번길 18-11 (동명동)", "alt": "동명동 207-26", "src": "build" }, "geometry": { "type": "Point", "coordinates": [ 126.92223, 35.153064 ] } },
{ "type": "Feature", "properties": { "name": "동구 동계천로95번길 18-13", "cat": "주소", "sub": "주택", "addr": "동구 동계천로95번길 18-13 (동명동)", "alt": "동명동 207-25", "src": "build" }, "geometry": { "type": "Point", "coordinates": [ 126.922351, 35.152956 ] } },
{ "type": "Feature", "properties": { "name": "동구 동계천로95번길 18-15", "cat": "주소", "sub": "근린생활시설", "addr": "동구 동계천로95번길 18-15 (동명동)", "alt": "동명동 207-23", "src": "build" }, "geometry": { "type": "Point", "coordinates": [ 126.922346, 35.153032 ] } },
{ "type": "Feature", "properties": { "name": "동구 동계천로95번길 18-3", "cat": "주소", "sub": "주택", "addr": "동구 동계천로95번길 18-3 (동명동)", "alt": "동명동 207-28", "src": "build" }, "geometry": { "type": "Point", "coordinates": [ 126.922156, 35.1529 ] } },
{ "type": "Feature", "properties": { "name": "동구 동계천로95번길 18-4", "cat": "주소", "sub": "주택", "addr": "동구 동계천로95번길 18-4 (동명동)", "alt": "동명동 226-6", "src": "build" }, "geometry": { "type": "Point", "coordinates": [ 126.922193, 35.152869 ] } },
{ "type": "Feature", "properties": { "name": "동구 동계천로95번길 18-7", "cat": "주소", "sub": "주택", "addr": "동구 동계천로95번길 18-7 (동명동)", "alt": "동명동 207-29", "src": "build" }, "geometry": { "type": "Point", "coordinates": [ 126.922153, 35.152973 ] } },
{ "type": "Feature", "properties": { "name": "동구 동계천로95번길 18-9", "cat": "주소", "sub": "주택", "addr": "동구 동계천로95번길 18-9 (동명동)", "alt": "동명동 207-30", "src": "build" }, "geometry": { "type": "Point", "coordinates": [ 126.922167, 35.153071 ] } },
{ "type": "Feature", "properties": { "name": "동구 동계천로95번길 19", "cat": "주소", "sub": "근린생활시설", "addr": "동구 동계천로95번길 19 (동명동)", "alt": "동명동 207-47", "src": "build" }, "geometry": { "type": "Point", "coordinates": [ 126.921893, 35.152866 ] } },
{ "type": "Feature", "properties": { "name": "동구 동계천로95번길 19-1", "cat": "주소", "sub": "근린생활시설", "addr": "동구 동계천로95번길 19-1 (동명동)", "alt": "동명동 207-38", "src": "build" }, "geometry": { "type": "Point", "coordinates": [ 126.921875, 35.152938 ] } },
{ "type": "Feature", "properties": { "name": "동구 동계천로95번길 20", "cat": "주소", "sub": "주택", "addr": "동구 동계천로95번길 20 (동명동)", "alt": "동명동 207-35", "src": "build" }, "geometry": { "type": "Point", "coordinates": [ 126.922004, 35.152896 ] } },
{ "type": "Feature", "properties": { "name": "동구 동계천로95번길 20-1", "cat": "주소", "sub": "주택", "addr": "동구 동계천로95번길 20-1 (동명동)", "alt": "동명동 207-34", "src": "build" }, "geometry": { "type": "Point", "coordinates": [ 126.92196, 35.153053 ] } },
{ "type": "Feature", "properties": { "name": "동구 동계천로95번길 21", "cat": "주소", "sub": "근린생활시설", "addr": "동구 동계천로95번길 21 (동명동)", "alt": "동명동 207-37", "src": "build" }, "geometry": { "type": "Point", "coordinates": [ 126.921857, 35.153084 ] } },
{ "type": "Feature", "properties": { "name": "동구 동계천로95번길 22", "cat": "주소", "sub": "주택", "addr": "동구 동계천로95번길 22 (동명동)", "alt": "동명동 207-31", "src": "build" }, "geometry": { "type": "Point", "coordinates": [ 126.921977, 35.153115 ] } },
{ "type": "Feature", "properties": { "name": "동구 동계천로95번길 22-1", "cat": "주소", "sub": "주택", "addr": "동구 동계천로95번길 22-1 (동명동)", "alt": "동명동 207-33", "src": "build" }, "geometry": { "type": "Point", "coordinates": [ 126.921913, 35.153211 ] } },
{ "type": "Feature", "properties": { "name": "동구 동계천로95번길 22-2", "cat": "주소", "sub": "주택", "addr": "동구 동계천로95번길 22-2 (동명동)", "alt": "동명동 207-32", "src": "build" }, "geometry": { "type": "Point", "coordinates": [ 126.921928, 35.153251 ] } },
{ "type": "Feature", "properties": { "name": "동구 동계천로95번길 22-4", "cat": "주소", "sub": "주택", "addr": "동구 동계천로95번길 22-4 (동명동)", "alt": "동명동 209-65", "src": "build" }, "geometry": { "type": "Point", "coordinates": [ 126.922006, 35.153289 ] } },
{ "type": "Feature", "properties": { "name": "동구 동계천로95번길 22-6", "cat": "주소", "sub": "주택", "addr": "동구 동계천로95번길 22-6 (동명동)", "alt": "동명동 209-65", "src": "build" }, "geometry": { "type": "Point", "coordinates": [ 126.922134, 35.153249 ] } },
{ "type": "Feature", "properties": { "name": "동구 동계천로95번길 22-8", "cat": "주소", "sub": "주택", "addr": "동구 동계천로95번길 22-8 (동명동)", "alt": "동명동 209-7", "src": "build" }, "geometry": { "type": "Point", "coordinates": [ 126.92214, 35.153296 ] } },
{ "type": "Feature", "properties": { "name": "동구 동계천로95번길 23", "cat": "주소", "sub": "주택", "addr": "동구 동계천로95번길 23 (동명동)", "alt": "동명동 209-4", "src": "build" }, "geometry": { "type": "Point", "coordinates": [ 126.921766, 35.153244 ] } },
{ "type": "Feature", "properties": { "name": "동구 동계천로95번길 25", "cat": "주소", "sub": "근린생활시설", "addr": "동구 동계천로95번길 25 (동명동)", "alt": "동명동 209-86", "src": "build" }, "geometry": { "type": "Point", "coordinates": [ 126.921753, 35.153369 ] } },
{ "type": "Feature", "properties": { "name": "동구 동계천로95번길 27", "cat": "주소", "sub": "주택", "addr": "동구 동계천로95번길 27 (동명동)", "alt": "동명동 209-83", "src": "build" }, "geometry": { "type": "Point", "coordinates": [ 126.9217, 35.153558 ] } },
{ "type": "Feature", "properties": { "name": "동구 동계천로95번길 27-11", "cat": "주소", "sub": "주택", "addr": "동구 동계천로95번길 27-11 (동명동)", "alt": "동명동 209-108", "src": "build" }, "geometry": { "type": "Point", "coordinates": [ 126.921199, 35.153542 ] } },
{ "type": "Feature", "properties": { "name": "동구 동계천로95번길 27-13", "cat": "주소", "sub": "주택", "addr": "동구 동계천로95번길 27-13 (동명동)", "alt": "동명동 210", "src": "build" }, "geometry": { "type": "Point", "coordinates": [ 126.921169, 35.153632 ] } },
{ "type": "Feature", "properties": { "name": "동구 동계천로95번길 27-15", "cat": "주소", "sub": "주택", "addr": "동구 동계천로95번길 27-15 (동명동)", "alt": "동명동 211", "src": "build" }, "geometry": { "type": "Point", "coordinates": [ 126.921057, 35.153679 ] } },
{ "type": "Feature", "properties": { "name": "동구 동계천로95번길 27-17", "cat": "주소", "sub": "주택", "addr": "동구 동계천로95번길 27-17 (동명동)", "alt": "동명동 249-7", "src": "build" }, "geometry": { "type": "Point", "coordinates": [ 126.920883, 35.153868 ] } },
{ "type": "Feature", "properties": { "name": "동구 동계천로95번길 27-2", "cat": "주소", "sub": "주택", "addr": "동구 동계천로95번길 27-2 (동명동)", "alt": "동명동 250-29", "src": "build" }, "geometry": { "type": "Point", "coordinates": [ 126.92155, 35.153701 ] } },
{ "type": "Feature", "properties": { "name": "동구 동계천로95번길 27-23", "cat": "주소", "sub": "근린생활시설", "addr": "동구 동계천로95번길 27-23 (동명동)", "alt": "동명동 249-9", "src": "build" }, "geometry": { "type": "Point", "coordinates": [ 126.920937, 35.153931 ] } },
{ "type": "Feature", "properties": { "name": "동구 동계천로95번길 27-24", "cat": "주소", "sub": "주택", "addr": "동구 동계천로95번길 27-24 (동명동)", "alt": "동명동 250-40", "src": "build" }, "geometry": { "type": "Point", "coordinates": [ 126.921137, 35.154082 ] } },
{ "type": "Feature", "properties": { "name": "동구 동계천로95번길 27-25", "cat": "주소", "sub": "주택", "addr": "동구 동계천로95번길 27-25 (동명동)", "alt": "동명동 249-5", "src": "build" }, "geometry": { "type": "Point", "coordinates": [ 126.92089, 35.15407 ] } },
{ "type": "Feature", "properties": { "name": "동구 동계천로95번길 27-6", "cat": "주소", "sub": "주택", "addr": "동구 동계천로95번길 27-6 (동명동)", "alt": "동명동 250-33", "src": "build" }, "geometry": { "type": "Point", "coordinates": [ 126.921401, 35.153655 ] } },
{ "type": "Feature", "properties": { "name": "동구 동계천로95번길 27-7", "cat": "주소", "sub": "주택", "addr": "동구 동계천로95번길 27-7 (동명동)", "alt": "동명동 209-106", "src": "build" }, "geometry": { "type": "Point", "coordinates": [ 126.921335, 35.153578 ] } },
{ "type": "Feature", "properties": { "name": "동구 동계천로95번길 27-8", "cat": "주소", "sub": "주택", "addr": "동구 동계천로95번길 27-8 (동명동)", "alt": "동명동 250-34", "src": "build" }, "geometry": { "type": "Point", "coordinates": [ 126.92129, 35.153632 ] } },
{ "type": "Feature", "properties": { "name": "동구 동계천로95번길 27-9", "cat": "주소", "sub": "주택", "addr": "동구 동계천로95번길 27-9 (동명동)", "alt": "동명동 209-109", "src": "build" }, "geometry": { "type": "Point", "coordinates": [ 126.921167, 35.153542 ] } },
{ "type": "Feature", "properties": { "name": "동구 동계천로95번길 28", "cat": "주소", "sub": "근린생활시설", "addr": "동구 동계천로95번길 28 (동명동)", "alt": "동명동 209-76 · 동명동 209-79", "src": "build" }, "geometry": { "type": "Point", "coordinates": [ 126.92181, 35.153585 ] } },
{ "type": "Feature", "properties": { "name": "동구 동계천로95번길 29", "cat": "주소", "sub": "근린생활시설", "addr": "동구 동계천로95번길 29 (동명동)", "alt": "동명동 250-27", "src": "build" }, "geometry": { "type": "Point", "coordinates": [ 126.921624, 35.153768 ] } },
{ "type": "Feature", "properties": { "name": "동구 동계천로95번길 29-1", "cat": "주소", "sub": "주택", "addr": "동구 동계천로95번길 29-1 (동명동)", "alt": "동명동 251-8", "src": "build" }, "geometry": { "type": "Point", "coordinates": [ 126.921605, 35.153831 ] } },
{ "type": "Feature", "properties": { "name": "동구 동계천로95번길 3", "cat": "주소", "sub": "주택", "addr": "동구 동계천로95번길 3 (동명동)", "alt": "동명동 228-12", "src": "build" }, "geometry": { "type": "Point", "coordinates": [ 126.921487, 35.151765 ] } },
{ "type": "Feature", "properties": { "name": "동구 동계천로95번길 3-1", "cat": "주소", "sub": "주택", "addr": "동구 동계천로95번길 3-1 (동명동)", "alt": "동명동 228-81", "src": "build" }, "geometry": { "type": "Point", "coordinates": [ 126.921625, 35.1518 ] } },
{ "type": "Feature", "properties": { "name": "동구 동계천로95번길 30", "cat": "주소", "sub": "주택", "addr": "동구 동계천로95번길 30 (동명동)", "alt": "동명동 250-25", "src": "build" }, "geometry": { "type": "Point", "coordinates": [ 126.921767, 35.153782 ] } },
{ "type": "Feature", "properties": { "name": "동구 동계천로95번길 31", "cat": "주소", "sub": "주택", "addr": "동구 동계천로95번길 31 (동명동)", "alt": "동명동 251-7", "src": "build" }, "geometry": { "type": "Point", "coordinates": [ 126.92156, 35.153961 ] } },
{ "type": "Feature", "properties": { "name": "동구 동계천로95번길 31-10", "cat": "주소", "sub": "주택", "addr": "동구 동계천로95번길 31-10 (동명동)", "alt": "동명동 249-2", "src": "build" }, "geometry": { "type": "Point", "coordinates": [ 126.921184, 35.153834 ] } },
{ "type": "Feature", "properties": { "name": "동구 동계천로95번길 31-13", "cat": "주소", "sub": "주택", "addr": "동구 동계천로95번길 31-13 (동명동)", "alt": "동명동 250-36", "src": "build" }, "geometry": { "type": "Point", "coordinates": [ 126.921244, 35.153717 ] } },
{ "type": "Feature", "properties": { "name": "동구 동계천로95번길 31-14", "cat": "주소", "sub": "주택", "addr": "동구 동계천로95번길 31-14 (동명동)", "alt": "동명동 249-10", "src": "build" }, "geometry": { "type": "Point", "coordinates": [ 126.921149, 35.153715 ] } },
{ "type": "Feature", "properties": { "name": "동구 동계천로95번길 31-15", "cat": "주소", "sub": "주택", "addr": "동구 동계천로95번길 31-15 (동명동)", "alt": "동명동 250-32", "src": "build" }, "geometry": { "type": "Point", "coordinates": [ 126.921327, 35.153745 ] } },
{ "type": "Feature", "properties": { "name": "동구 동계천로95번길 31-16", "cat": "주소", "sub": "주택", "addr": "동구 동계천로95번길 31-16 (동명동)", "alt": "동명동 250-30", "src": "build" }, "geometry": { "type": "Point", "coordinates": [ 126.921431, 35.153763 ] } },
{ "type": "Feature", "properties": { "name": "동구 동계천로95번길 31-3", "cat": "주소", "sub": "주택", "addr": "동구 동계천로95번길 31-3 (동명동)", "alt": "동명동 250-31", "src": "build" }, "geometry": { "type": "Point", "coordinates": [ 126.921391, 35.153937 ] } },
{ "type": "Feature", "properties": { "name": "동구 동계천로95번길 31-4", "cat": "주소", "sub": "주택", "addr": "동구 동계천로95번길 31-4 (동명동)", "alt": "동명동 250-39", "src": "build" }, "geometry": { "type": "Point", "coordinates": [ 126.921254, 35.154011 ] } },
{ "type": "Feature", "properties": { "name": "동구 동계천로95번길 31-7", "cat": "주소", "sub": "주택", "addr": "동구 동계천로95번길 31-7 (동명동)", "alt": "동명동 250-37", "src": "build" }, "geometry": { "type": "Point", "coordinates": [ 126.921294, 35.153876 ] } },
{ "type": "Feature", "properties": { "name": "동구 동계천로95번길 33", "cat": "주소", "sub": "근린생활시설", "addr": "동구 동계천로95번길 33 (동명동)", "alt": "동명동 251-2 · 동명동 251-3 · 동명동 251 · 동명동 251-4 · 동명동 251-5", "src": "build" }, "geometry": { "type": "Point", "coordinates": [ 126.921535, 35.154199 ] } },
{ "type": "Feature", "properties": { "name": "동구 동계천로95번길 34", "cat": "주소", "sub": "근린생활시설", "addr": "동구 동계천로95번길 34 (동명동)", "alt": "동명동 251-10", "src": "build" }, "geometry": { "type": "Point", "coordinates": [ 126.921657, 35.154163 ] } },
{ "type": "Feature", "properties": { "name": "동구 동계천로95번길 36", "cat": "주소", "sub": "공장/창고시설", "addr": "동구 동계천로95번길 36 (동명동)", "alt": "동명동 253-8", "src": "build" }, "geometry": { "type": "Point", "coordinates": [ 126.921646, 35.154314 ] } },
{ "type": "Feature", "properties": { "name": "동구 동계천로95번길 8", "cat": "주소", "sub": "주택", "addr": "동구 동계천로95번길 8 (동명동)", "alt": "동명동 200-135", "src": "build" }, "geometry": { "type": "Point", "coordinates": [ 126.922005, 35.151938 ] } },
{ "type": "Feature", "properties": { "name": "동구 동계천로95번길 8-1", "cat": "주소", "sub": "주택", "addr": "동구 동계천로95번길 8-1 (동명동)", "alt": "동명동 200-132", "src": "build" }, "geometry": { "type": "Point", "coordinates": [ 126.922072, 35.152008 ] } },
{ "type": "Feature", "properties": { "name": "동구 동계천로95번길 9", "cat": "주소", "sub": "주택", "addr": "동구 동계천로95번길 9 (동명동)", "alt": "동명동 228-46", "src": "build" }, "geometry": { "type": "Point", "coordinates": [ 126.922069, 35.152221 ] } },
{ "type": "Feature", "properties": { "name": "동구 동명로 15", "cat": "주소", "sub": "근린생활시설", "addr": "동구 동명로 15 (동명동)", "alt": "동명동 197-30", "src": "build" }, "geometry": { "type": "Point", "coordinates": [ 126.923118, 35.150583 ] } },
{ "type": "Feature", "properties": { "name": "동구 동명로 15-1", "cat": "주소", "sub": "업무시설", "addr": "동구 동명로 15-1 (동명동)", "alt": "동명동 154-145", "src": "build" }, "geometry": { "type": "Point", "coordinates": [ 126.923112, 35.150692 ] } },
{ "type": "Feature", "properties": { "name": "동구 동명로 16", "cat": "주소", "sub": "근린생활시설", "addr": "동구 동명로 16 (동명동)", "alt": "동명동 197-7", "src": "build" }, "geometry": { "type": "Point", "coordinates": [ 126.923395, 35.150471 ] } },
{ "type": "Feature", "properties": { "name": "동구 동명로 17", "cat": "주소", "sub": "업무시설", "addr": "동구 동명로 17 (동명동)", "alt": "동명동 154-145", "src": "build" }, "geometry": { "type": "Point", "coordinates": [ 126.923196, 35.150708 ] } },
{ "type": "Feature", "properties": { "name": "동구 동명로 18", "cat": "주소", "sub": "주택", "addr": "동구 동명로 18 (동명동)", "alt": "동명동 154-230", "src": "build" }, "geometry": { "type": "Point", "coordinates": [ 126.923423, 35.150637 ] } },
{ "type": "Feature", "properties": { "name": "동구 동명로 19", "cat": "주소", "sub": "주택", "addr": "동구 동명로 19 (동명동)", "alt": "동명동 200-169", "src": "build" }, "geometry": { "type": "Point", "coordinates": [ 126.923262, 35.150912 ] } },
{ "type": "Feature", "properties": { "name": "동구 동명로 19-10", "cat": "주소", "sub": "업무시설", "addr": "동구 동명로 19-10 (동명동)", "alt": "동명동 200-176", "src": "build" }, "geometry": { "type": "Point", "coordinates": [ 126.922839, 35.151 ] } },
{ "type": "Feature", "properties": { "name": "동구 동명로 19-16", "cat": "주소", "sub": "업무시설", "addr": "동구 동명로 19-16 (동명동)", "alt": "동명동 200-187", "src": "build" }, "geometry": { "type": "Point", "coordinates": [ 126.922554, 35.151069 ] } },
{ "type": "Feature", "properties": { "name": "동구 동명로 19-6", "cat": "주소", "sub": "근린생활시설", "addr": "동구 동명로 19-6 (동명동)", "alt": "동명동 200-175", "src": "build" }, "geometry": { "type": "Point", "coordinates": [ 126.923083, 35.150953 ] } },
{ "type": "Feature", "properties": { "name": "동구 동명로 19-7", "cat": "주소", "sub": "업무시설", "addr": "동구 동명로 19-7 (동명동)", "alt": "동명동 200-224", "src": "build" }, "geometry": { "type": "Point", "coordinates": [ 126.922919, 35.150894 ] } },
{ "type": "Feature", "properties": { "name": "동구 동명로 20", "cat": "주소", "sub": "근린생활시설", "addr": "동구 동명로 20 (동명동)", "alt": "동명동 200-197", "src": "build" }, "geometry": { "type": "Point", "coordinates": [ 126.923611, 35.150916 ] } },
{ "type": "Feature", "properties": { "name": "동구 동명로 21", "cat": "주소", "sub": "주택", "addr": "동구 동명로 21 (동명동)", "alt": "동명동 200-168", "src": "build" }, "geometry": { "type": "Point", "coordinates": [ 126.923354, 35.151 ] } },
{ "type": "Feature", "properties": { "name": "동구 동명로 22", "cat": "주소", "sub": "연립·다세대", "addr": "동구 동명로 22 (동명동)", "alt": "동명동 200-208 · 동명동 200-211", "src": "build" }, "geometry": { "type": "Point", "coordinates": [ 126.923775, 35.151047 ] } },
{ "type": "Feature", "properties": { "name": "동구 동명로 23", "cat": "주소", "sub": "근린생활시설", "addr": "동구 동명로 23 (동명동)", "alt": "동명동 200-202", "src": "build" }, "geometry": { "type": "Point", "coordinates": [ 126.923507, 35.151217 ] } },
{ "type": "Feature", "properties": { "name": "동구 동명로 23-1", "cat": "주소", "sub": "숙박시설", "addr": "동구 동명로 23-1 (동명동)", "alt": "동명동 200-26", "src": "build" }, "geometry": { "type": "Point", "coordinates": [ 126.923449, 35.151357 ] } },
{ "type": "Feature", "properties": { "name": "동구 동명로 24", "cat": "주소", "sub": "근린생활시설", "addr": "동구 동명로 24 (동명동)", "alt": "동명동 200-9", "src": "build" }, "geometry": { "type": "Point", "coordinates": [ 126.923766, 35.151159 ] } },
{ "type": "Feature", "properties": { "name": "동구 동명로 25", "cat": "주소", "sub": "업무시설", "addr": "동구 동명로 25 (동명동)", "alt": "동명동 200-109", "src": "build" }, "geometry": { "type": "Point", "coordinates": [ 126.923565, 35.151492 ] } },
{ "type": "Feature", "properties": { "name": "동구 동명로 26", "cat": "주소", "sub": "근린생활시설", "addr": "동구 동명로 26 (동명동)", "alt": "동명동 200-28", "src": "build" }, "geometry": { "type": "Point", "coordinates": [ 126.923891, 35.151313 ] } },
{ "type": "Feature", "properties": { "name": "동구 동명로 27", "cat": "주소", "sub": "근린생활시설", "addr": "동구 동명로 27 (동명동)", "alt": "동명동 200-226 · 동명동 200-101 · 동명동 200-227", "src": "build" }, "geometry": { "type": "Point", "coordinates": [ 126.923776, 35.151615 ] } },
{ "type": "Feature", "properties": { "name": "동구 동명로 28", "cat": "주소", "sub": "주택", "addr": "동구 동명로 28 (동명동)", "alt": "동명동 155-3", "src": "build" }, "geometry": { "type": "Point", "coordinates": [ 126.924072, 35.151435 ] } },
{ "type": "Feature", "properties": { "name": "동구 동명로 29", "cat": "주소", "sub": "근린생활시설", "addr": "동구 동명로 29 (동명동)", "alt": "동명동 200-100", "src": "build" }, "geometry": { "type": "Point", "coordinates": [ 126.923843, 35.151702 ] } },
{ "type": "Feature", "properties": { "name": "동구 동명로 31", "cat": "주소", "sub": "주택", "addr": "동구 동명로 31 (동명동)", "alt": "동명동 200-24", "src": "build" }, "geometry": { "type": "Point", "coordinates": [ 126.923894, 35.151761 ] } },
{ "type": "Feature", "properties": { "name": "동구 동명로 33", "cat": "주소", "sub": "근린생활시설", "addr": "동구 동명로 33 (동명동)", "alt": "동명동 184-6", "src": "build" }, "geometry": { "type": "Point", "coordinates": [ 126.924248, 35.151898 ] } },
{ "type": "Feature", "properties": { "name": "동구 동명로 33-10", "cat": "주소", "sub": "주택", "addr": "동구 동명로 33-10 (동명동)", "alt": "동명동 183-14", "src": "build" }, "geometry": { "type": "Point", "coordinates": [ 126.924482, 35.152145 ] } },
{ "type": "Feature", "properties": { "name": "동구 동명로 33-12", "cat": "주소", "sub": "주택", "addr": "동구 동명로 33-12 (동명동)", "alt": "동명동 183-20", "src": "build" }, "geometry": { "type": "Point", "coordinates": [ 126.924648, 35.152212 ] } },
{ "type": "Feature", "properties": { "name": "동구 동명로 33-13", "cat": "주소", "sub": "주택", "addr": "동구 동명로 33-13 (동명동)", "alt": "동명동 183-19", "src": "build" }, "geometry": { "type": "Point", "coordinates": [ 126.924692, 35.152296 ] } },
{ "type": "Feature", "properties": { "name": "동구 동명로 33-3", "cat": "주소", "sub": "주택", "addr": "동구 동명로 33-3 (동명동)", "alt": "동명동 184-8", "src": "build" }, "geometry": { "type": "Point", "coordinates": [ 126.924357, 35.152032 ] } },
{ "type": "Feature", "properties": { "name": "동구 동명로 33-5", "cat": "주소", "sub": "주택", "addr": "동구 동명로 33-5 (동명동)", "alt": "동명동 184-4", "src": "build" }, "geometry": { "type": "Point", "coordinates": [ 126.924394, 35.152108 ] } },
{ "type": "Feature", "properties": { "name": "동구 동명로 33-6", "cat": "주소", "sub": "주택", "addr": "동구 동명로 33-6 (동명동)", "alt": "동명동 183-15", "src": "build" }, "geometry": { "type": "Point", "coordinates": [ 126.924475, 35.152015 ] } },
{ "type": "Feature", "properties": { "name": "동구 동명로 33-8", "cat": "주소", "sub": "주택", "addr": "동구 동명로 33-8 (동명동)", "alt": "동명동 183-21", "src": "build" }, "geometry": { "type": "Point", "coordinates": [ 126.924582, 35.152125 ] } },
{ "type": "Feature", "properties": { "name": "동구 동명로 33-9", "cat": "주소", "sub": "주택", "addr": "동구 동명로 33-9 (동명동)", "alt": "동명동 183-4 · 동명동 183-28", "src": "build" }, "geometry": { "type": "Point", "coordinates": [ 126.924553, 35.152256 ] } },
{ "type": "Feature", "properties": { "name": "동구 동명로 35", "cat": "주소", "sub": "업무시설", "addr": "동구 동명로 35 (동명동)", "alt": "동명동 183-16", "src": "build" }, "geometry": { "type": "Point", "coordinates": [ 126.9245, 35.151855 ] } },
{ "type": "Feature", "properties": { "name": "동구 동명로 37-1", "cat": "주소", "sub": "근린생활시설", "addr": "동구 동명로 37-1 (동명동)", "alt": "동명동 183-12", "src": "build" }, "geometry": { "type": "Point", "coordinates": [ 126.924746, 35.151805 ] } },
{ "type": "Feature", "properties": { "name": "동구 동명로 37-3", "cat": "주소", "sub": "업무시설", "addr": "동구 동명로 37-3 (동명동)", "alt": "동명동 183-10", "src": "build" }, "geometry": { "type": "Point", "coordinates": [ 126.924748, 35.151968 ] } },
{ "type": "Feature", "properties": { "name": "동구 동명로 37-5", "cat": "주소", "sub": "공장/창고시설", "addr": "동구 동명로 37-5 (동명동)", "alt": "동명동 183-18", "src": "build" }, "geometry": { "type": "Point", "coordinates": [ 126.924844, 35.152024 ] } },
{ "type": "Feature", "properties": { "name": "동구 동명로 37-7", "cat": "주소", "sub": "주택", "addr": "동구 동명로 37-7 (동명동)", "alt": "동명동 183-9", "src": "build" }, "geometry": { "type": "Point", "coordinates": [ 126.924903, 35.152076 ] } },
{ "type": "Feature", "properties": { "name": "동구 동명로 39", "cat": "주소", "sub": "주택", "addr": "동구 동명로 39 (동명동)", "alt": "동명동 183-5", "src": "build" }, "geometry": { "type": "Point", "coordinates": [ 126.924909, 35.151791 ] } },
{ "type": "Feature", "properties": { "name": "동구 동명로 39-11", "cat": "주소", "sub": "공장/창고시설", "addr": "동구 동명로 39-11 (동명동)", "alt": "동명동 183-6", "src": "build" }, "geometry": { "type": "Point", "coordinates": [ 126.925006, 35.152147 ] } },
{ "type": "Feature", "properties": { "name": "동구 동명로 39-12", "cat": "주소", "sub": "주택", "addr": "동구 동명로 39-12 (동명동)", "alt": "동명동 183-23", "src": "build" }, "geometry": { "type": "Point", "coordinates": [ 126.925142, 35.152155 ] } },
{ "type": "Feature", "properties": { "name": "동구 동명로 39-2", "cat": "주소", "sub": "근린생활시설", "addr": "동구 동명로 39-2 (동명동)", "alt": "동명동 178-12", "src": "build" }, "geometry": { "type": "Point", "coordinates": [ 126.924984, 35.15179 ] } },
{ "type": "Feature", "properties": { "name": "동구 동명로 39-4", "cat": "주소", "sub": "주택", "addr": "동구 동명로 39-4 (동명동)", "alt": "동명동 178-11", "src": "build" }, "geometry": { "type": "Point", "coordinates": [ 126.925006, 35.151836 ] } },
{ "type": "Feature", "properties": { "name": "동구 동명로 39-6", "cat": "주소", "sub": "주택", "addr": "동구 동명로 39-6 (동명동)", "alt": "동명동 178-9", "src": "build" }, "geometry": { "type": "Point", "coordinates": [ 126.925043, 35.151923 ] } },
{ "type": "Feature", "properties": { "name": "동구 동명로 39-7", "cat": "주소", "sub": "주택", "addr": "동구 동명로 39-7 (동명동)", "alt": "동명동 183-8", "src": "build" }, "geometry": { "type": "Point", "coordinates": [ 126.925045, 35.152047 ] } },
{ "type": "Feature", "properties": { "name": "동구 동명로 39-8", "cat": "주소", "sub": "주택", "addr": "동구 동명로 39-8 (동명동)", "alt": "동명동 178-7", "src": "build" }, "geometry": { "type": "Point", "coordinates": [ 126.925105, 35.152021 ] } },
{ "type": "Feature", "properties": { "name": "동구 동명로 40", "cat": "주소", "sub": "업무시설", "addr": "동구 동명로 40 (동명동)", "alt": "동명동 189-1", "src": "build" }, "geometry": { "type": "Point", "coordinates": [ 126.924988, 35.151555 ] } },
{ "type": "Feature", "properties": { "name": "동구 동명로 41", "cat": "주소", "sub": "근린생활시설", "addr": "동구 동명로 41 (동명동)", "alt": "동명동 178-13", "src": "build" }, "geometry": { "type": "Point", "coordinates": [ 126.925192, 35.151721 ] } },
{ "type": "Feature", "properties": { "name": "동구 동명로 41-1", "cat": "주소", "sub": "주택", "addr": "동구 동명로 41-1 (동명동)", "alt": "동명동 178-4", "src": "build" }, "geometry": { "type": "Point", "coordinates": [ 126.92522, 35.151792 ] } },
{ "type": "Feature", "properties": { "name": "동구 동명로 41-2", "cat": "주소", "sub": "근린생활시설", "addr": "동구 동명로 41-2 (동명동)", "alt": "동명동 177-15", "src": "build" }, "geometry": { "type": "Point", "coordinates": [ 126.925244, 35.151709 ] } },
{ "type": "Feature", "properties": { "name": "동구 동명로 42", "cat": "주소", "sub": "주택", "addr": "동구 동명로 42 (동명동)", "alt": "동명동 156-10", "src": "build" }, "geometry": { "type": "Point", "coordinates": [ 126.925057, 35.151483 ] } },
{ "type": "Feature", "properties": { "name": "동구 동명로 43", "cat": "주소", "sub": "주택", "addr": "동구 동명로 43 (동명동)", "alt": "동명동 177-8", "src": "build" }, "geometry": { "type": "Point", "coordinates": [ 126.925407, 35.151723 ] } },
{ "type": "Feature", "properties": { "name": "동구 동명로 44-1", "cat": "주소", "sub": "주택", "addr": "동구 동명로 44-1 (동명동)", "alt": "동명동 157-10", "src": "build" }, "geometry": { "type": "Point", "coordinates": [ 126.925243, 35.151459 ] } },
{ "type": "Feature", "properties": { "name": "동구 동명로 44-2", "cat": "주소", "sub": "주택", "addr": "동구 동명로 44-2 (동명동)", "alt": "동명동 156-12", "src": "build" }, "geometry": { "type": "Point", "coordinates": [ 126.925166, 35.151434 ] } },
{ "type": "Feature", "properties": { "name": "동구 동명로 44-3", "cat": "주소", "sub": "주택", "addr": "동구 동명로 44-3 (동명동)", "alt": "동명동 157-11", "src": "build" }, "geometry": { "type": "Point", "coordinates": [ 126.925221, 35.151384 ] } },
{ "type": "Feature", "properties": { "name": "동구 동명로 44-5", "cat": "주소", "sub": "주택", "addr": "동구 동명로 44-5 (동명동)", "alt": "동명동 157-7", "src": "build" }, "geometry": { "type": "Point", "coordinates": [ 126.925198, 35.151291 ] } },
{ "type": "Feature", "properties": { "name": "동구 동명로 45-1", "cat": "주소", "sub": "주택", "addr": "동구 동명로 45-1 (동명동)", "alt": "동명동 177-14", "src": "build" }, "geometry": { "type": "Point", "coordinates": [ 126.925553, 35.151708 ] } },
{ "type": "Feature", "properties": { "name": "동구 동명로 45-10", "cat": "주소", "sub": "주택", "addr": "동구 동명로 45-10 (동명동)", "alt": "동명동 177-4", "src": "build" }, "geometry": { "type": "Point", "coordinates": [ 126.925526, 35.15196 ] } },
{ "type": "Feature", "properties": { "name": "동구 동명로 45-11", "cat": "주소", "sub": "업무시설", "addr": "동구 동명로 45-11 (동명동)", "alt": "동명동 178-6", "src": "build" }, "geometry": { "type": "Point", "coordinates": [ 126.92536, 35.152011 ] } },
{ "type": "Feature", "properties": { "name": "동구 동명로 45-12", "cat": "주소", "sub": "업무시설", "addr": "동구 동명로 45-12 (동명동)", "alt": "동명동 177-5", "src": "build" }, "geometry": { "type": "Point", "coordinates": [ 126.925438, 35.151995 ] } },
{ "type": "Feature", "properties": { "name": "동구 동명로 45-13", "cat": "주소", "sub": "주택", "addr": "동구 동명로 45-13 (동명동)", "alt": "동명동 178-16", "src": "build" }, "geometry": { "type": "Point", "coordinates": [ 126.925377, 35.152052 ] } },
{ "type": "Feature", "properties": { "name": "동구 동명로 45-14", "cat": "주소", "sub": "주택", "addr": "동구 동명로 45-14 (동명동)", "alt": "동명동 174-5", "src": "build" }, "geometry": { "type": "Point", "coordinates": [ 126.925423, 35.152113 ] } },
{ "type": "Feature", "properties": { "name": "동구 동명로 45-15", "cat": "주소", "sub": "주택", "addr": "동구 동명로 45-15 (동명동)", "alt": "동명동 178-1", "src": "build" }, "geometry": { "type": "Point", "coordinates": [ 126.925401, 35.152152 ] } },
{ "type": "Feature", "properties": { "name": "동구 동명로 45-16", "cat": "주소", "sub": "주택", "addr": "동구 동명로 45-16 (동명동)", "alt": "동명동 179-6", "src": "build" }, "geometry": { "type": "Point", "coordinates": [ 126.925485, 35.152213 ] } },
{ "type": "Feature", "properties": { "name": "동구 동명로 45-20", "cat": "주소", "sub": "주택", "addr": "동구 동명로 45-20 (동명동)", "alt": "동명동 179-9", "src": "build" }, "geometry": { "type": "Point", "coordinates": [ 126.925308, 35.15226 ] } },
{ "type": "Feature", "properties": { "name": "동구 동명로 45-21", "cat": "주소", "sub": "주택", "addr": "동구 동명로 45-21 (동명동)", "alt": "동명동 183-1", "src": "build" }, "geometry": { "type": "Point", "coordinates": [ 126.925106, 35.152259 ] } },
{ "type": "Feature", "properties": { "name": "동구 동명로 45-23", "cat": "주소", "sub": "공장/창고시설", "addr": "동구 동명로 45-23 (동명동)", "alt": "동명동 182-1", "src": "build" }, "geometry": { "type": "Point", "coordinates": [ 126.92505, 35.152348 ] } },
{ "type": "Feature", "properties": { "name": "동구 동명로 45-24", "cat": "주소", "sub": "주택", "addr": "동구 동명로 45-24 (동명동)", "alt": "동명동 179-4", "src": "build" }, "geometry": { "type": "Point", "coordinates": [ 126.925128, 35.152359 ] } },
{ "type": "Feature", "properties": { "name": "동구 동명로 45-3", "cat": "주소", "sub": "주택", "addr": "동구 동명로 45-3 (동명동)", "alt": "동명동 177-16", "src": "build" }, "geometry": { "type": "Point", "coordinates": [ 126.925564, 35.151755 ] } },
{ "type": "Feature", "properties": { "name": "동구 동명로 45-5", "cat": "주소", "sub": "주택", "addr": "동구 동명로 45-5 (동명동)", "alt": "동명동 177-10", "src": "build" }, "geometry": { "type": "Point", "coordinates": [ 126.925595, 35.151873 ] } },
{ "type": "Feature", "properties": { "name": "동구 동명로 45-6", "cat": "주소", "sub": "근린생활시설", "addr": "동구 동명로 45-6 (동명동)", "alt": "동명동 176-4", "src": "build" }, "geometry": { "type": "Point", "coordinates": [ 126.925652, 35.15196 ] } },
{ "type": "Feature", "properties": { "name": "동구 동명로 45-7", "cat": "주소", "sub": "업무시설", "addr": "동구 동명로 45-7 (동명동)", "alt": "동명동 177-7", "src": "build" }, "geometry": { "type": "Point", "coordinates": [ 126.925474, 35.151937 ] } },
{ "type": "Feature", "properties": { "name": "동구 동명로 45-8", "cat": "주소", "sub": "주택", "addr": "동구 동명로 45-8 (동명동)", "alt": "동명동 174-1", "src": "build" }, "geometry": { "type": "Point", "coordinates": [ 126.925672, 35.152071 ] } },
{ "type": "Feature", "properties": { "name": "동구 동명로 45-9", "cat": "주소", "sub": "주택", "addr": "동구 동명로 45-9 (동명동)", "alt": "동명동 178-10", "src": "build" }, "geometry": { "type": "Point", "coordinates": [ 126.9253, 35.151902 ] } },
{ "type": "Feature", "properties": { "name": "동구 동명로 46", "cat": "주소", "sub": "근린생활시설", "addr": "동구 동명로 46 (동명동)", "alt": "동명동 157-17", "src": "build" }, "geometry": { "type": "Point", "coordinates": [ 126.925408, 35.151474 ] } },
{ "type": "Feature", "properties": { "name": "동구 동명로 47", "cat": "주소", "sub": "업무시설", "addr": "동구 동명로 47 (동명동)", "alt": "동명동 176-11", "src": "build" }, "geometry": { "type": "Point", "coordinates": [ 126.925731, 35.151631 ] } },
{ "type": "Feature", "properties": { "name": "동구 동명로 47-10", "cat": "주소", "sub": "공장/창고시설", "addr": "동구 동명로 47-10 (동명동)", "alt": "동명동 174-2", "src": "build" }, "geometry": { "type": "Point", "coordinates": [ 126.926049, 35.152045 ] } },
{ "type": "Feature", "properties": { "name": "동구 동명로 47-12", "cat": "주소", "sub": "주택", "addr": "동구 동명로 47-12 (동명동)", "alt": "동명동 173-19", "src": "build" }, "geometry": { "type": "Point", "coordinates": [ 126.926069, 35.15218 ] } },
{ "type": "Feature", "properties": { "name": "동구 동명로 47-13", "cat": "주소", "sub": "주택", "addr": "동구 동명로 47-13 (동명동)", "alt": "동명동 179-7", "src": "build" }, "geometry": { "type": "Point", "coordinates": [ 126.92571, 35.152176 ] } },
{ "type": "Feature", "properties": { "name": "동구 동명로 47-14", "cat": "주소", "sub": "주택", "addr": "동구 동명로 47-14 (동명동)", "alt": "동명동 173-20", "src": "build" }, "geometry": { "type": "Point", "coordinates": [ 126.926181, 35.152167 ] } },
{ "type": "Feature", "properties": { "name": "동구 동명로 47-16", "cat": "주소", "sub": "주택", "addr": "동구 동명로 47-16 (동명동)", "alt": "동명동 173-11", "src": "build" }, "geometry": { "type": "Point", "coordinates": [ 126.926285, 35.152164 ] } },
{ "type": "Feature", "properties": { "name": "동구 동명로 47-18", "cat": "주소", "sub": "주택", "addr": "동구 동명로 47-18 (동명동)", "alt": "동명동 173-13", "src": "build" }, "geometry": { "type": "Point", "coordinates": [ 126.926188, 35.152224 ] } },
{ "type": "Feature", "properties": { "name": "동구 동명로 47-20", "cat": "주소", "sub": "주택", "addr": "동구 동명로 47-20 (동명동)", "alt": "동명동 173-14", "src": "build" }, "geometry": { "type": "Point", "coordinates": [ 126.926023, 35.152247 ] } },
{ "type": "Feature", "properties": { "name": "동구 동명로 47-21", "cat": "주소", "sub": "근린생활시설", "addr": "동구 동명로 47-21 (동명동)", "alt": "동명동 181-14", "src": "build" }, "geometry": { "type": "Point", "coordinates": [ 126.925989, 35.152432 ] } },
{ "type": "Feature", "properties": { "name": "동구 동명로 47-24", "cat": "주소", "sub": "주택", "addr": "동구 동명로 47-24 (동명동)", "alt": "동명동 180-16", "src": "build" }, "geometry": { "type": "Point", "coordinates": [ 126.925974, 35.152353 ] } },
{ "type": "Feature", "properties": { "name": "동구 동명로 47-26", "cat": "주소", "sub": "주택", "addr": "동구 동명로 47-26 (동명동)", "alt": "동명동 180-15", "src": "build" }, "geometry": { "type": "Point", "coordinates": [ 126.926138, 35.152346 ] } },
{ "type": "Feature", "properties": { "name": "동구 동명로 47-3", "cat": "주소", "sub": "주택", "addr": "동구 동명로 47-3 (동명동)", "alt": "동명동 176-5", "src": "build" }, "geometry": { "type": "Point", "coordinates": [ 126.925896, 35.151755 ] } },
{ "type": "Feature", "properties": { "name": "동구 동명로 47-5", "cat": "주소", "sub": "주택", "addr": "동구 동명로 47-5 (동명동)", "alt": "동명동 176-1", "src": "build" }, "geometry": { "type": "Point", "coordinates": [ 126.925931, 35.151884 ] } },
{ "type": "Feature", "properties": { "name": "동구 동명로 47-6", "cat": "주소", "sub": "주택", "addr": "동구 동명로 47-6 (동명동)", "alt": "동명동 175-1", "src": "build" }, "geometry": { "type": "Point", "coordinates": [ 126.925993, 35.151864 ] } },
{ "type": "Feature", "properties": { "name": "동구 동명로 47-8", "cat": "주소", "sub": "공장/창고시설", "addr": "동구 동명로 47-8 (동명동)", "alt": "동명동 174-7", "src": "build" }, "geometry": { "type": "Point", "coordinates": [ 126.926027, 35.151991 ] } },
{ "type": "Feature", "properties": { "name": "동구 동명로 47-9", "cat": "주소", "sub": "주택", "addr": "동구 동명로 47-9 (동명동)", "alt": "동명동 174-3", "src": "build" }, "geometry": { "type": "Point", "coordinates": [ 126.925977, 35.152023 ] } },
{ "type": "Feature", "properties": { "name": "동구 동명로 48", "cat": "주소", "sub": "근린생활시설", "addr": "동구 동명로 48 (동명동)", "alt": "동명동 159-12", "src": "build" }, "geometry": { "type": "Point", "coordinates": [ 126.925711, 35.151289 ] } },
{ "type": "Feature", "properties": { "name": "동구 동명로 48-1", "cat": "주소", "sub": "연립·다세대", "addr": "동구 동명로 48-1 (동명동)", "alt": "동명동 159-10", "src": "build" }, "geometry": { "type": "Point", "coordinates": [ 126.925794, 35.151269 ] } },
{ "type": "Feature", "properties": { "name": "동구 동명로 49", "cat": "주소", "sub": "근린생활시설", "addr": "동구 동명로 49 (동명동)", "alt": "동명동 175-5 · 동명동 175-8", "src": "build" }, "geometry": { "type": "Point", "coordinates": [ 126.926143, 35.151546 ] } },
{ "type": "Feature", "properties": { "name": "동구 동명로 50", "cat": "주소", "sub": "근린생활시설", "addr": "동구 동명로 50 (동명동)", "alt": "동명동 159-15", "src": "build" }, "geometry": { "type": "Point", "coordinates": [ 126.925862, 35.151333 ] } },
{ "type": "Feature", "properties": { "name": "동구 동명로 51", "cat": "주소", "sub": "업무시설", "addr": "동구 동명로 51 (동명동)", "alt": "동명동 174 · 동명동 168-20 · 동명동 171-9 · 동명동 171-10 · 동명동 172-9 · 동명동 172-10 · 동명동 172-11 · 동명동 175-6 · 동명동 175-14", "src": "build" }, "geometry": { "type": "Point", "coordinates": [ 126.926326, 35.151828 ] } },
{ "type": "Feature", "properties": { "name": "동구 동명로 52", "cat": "주소", "sub": "근린생활시설", "addr": "동구 동명로 52 (동명동)", "alt": "동명동 161-5", "src": "build" }, "geometry": { "type": "Point", "coordinates": [ 126.926089, 35.151334 ] } },
{ "type": "Feature", "properties": { "name": "동구 동명로 55", "cat": "주소", "sub": "의료시설", "addr": "동구 동명로 55 (동명동)", "alt": "동명동 168-18", "src": "build" }, "geometry": { "type": "Point", "coordinates": [ 126.926584, 35.151448 ] } },
{ "type": "Feature", "properties": { "name": "동구 동명로 56", "cat": "주소", "sub": "근린생활시설", "addr": "동구 동명로 56 (동명동)", "alt": "동명동 162-3", "src": "build" }, "geometry": { "type": "Point", "coordinates": [ 126.926592, 35.151221 ] } },
{ "type": "Feature", "properties": { "name": "동구 동명로 57", "cat": "주소", "sub": "업무시설", "addr": "동구 동명로 57 (동명동)", "alt": "동명동 168-5 · 동명동 171-15", "src": "build" }, "geometry": { "type": "Point", "coordinates": [ 126.926865, 35.15141 ] } },
{ "type": "Feature", "properties": { "name": "동구 동명로 57-2", "cat": "주소", "sub": "주택", "addr": "동구 동명로 57-2 (동명동)", "alt": "동명동 168-13", "src": "build" }, "geometry": { "type": "Point", "coordinates": [ 126.926947, 35.151347 ] } },
{ "type": "Feature", "properties": { "name": "동구 동명로 57-3", "cat": "주소", "sub": "주택", "addr": "동구 동명로 57-3 (동명동)", "alt": "동명동 168-13", "src": "build" }, "geometry": { "type": "Point", "coordinates": [ 126.927004, 35.151437 ] } },
{ "type": "Feature", "properties": { "name": "동구 동명로 58-1", "cat": "주소", "sub": "주택", "addr": "동구 동명로 58-1 (동명동)", "alt": "동명동 163-39", "src": "build" }, "geometry": { "type": "Point", "coordinates": [ 126.926832, 35.151158 ] } },
{ "type": "Feature", "properties": { "name": "동구 동명로 59", "cat": "주소", "sub": "교육및복지시설", "addr": "동구 동명로 59 (동명동)", "alt": "동명동 168-4 · 동명동 168-10", "src": "build" }, "geometry": { "type": "Point", "coordinates": [ 126.927136, 35.151312 ] } },
{ "type": "Feature", "properties": { "name": "동구 동명로 60", "cat": "주소", "sub": "주택", "addr": "동구 동명로 60 (동명동)", "alt": "동명동 163-40", "src": "build" }, "geometry": { "type": "Point", "coordinates": [ 126.926936, 35.151142 ] } },
{ "type": "Feature", "properties": { "name": "동구 동명로 62", "cat": "주소", "sub": "근린생활시설", "addr": "동구 동명로 62 (동명동)", "alt": "동명동 167-3", "src": "build" }, "geometry": { "type": "Point", "coordinates": [ 126.927277, 35.151052 ] } },
{ "type": "Feature", "properties": { "name": "동구 동명로 63", "cat": "주소", "sub": "근린생활시설", "addr": "동구 동명로 63 (동명동)", "alt": "동명동 169-6", "src": "build" }, "geometry": { "type": "Point", "coordinates": [ 126.927429, 35.151339 ] } },
{ "type": "Feature", "properties": { "name": "동구 동명로 63-1", "cat": "주소", "sub": "주택", "addr": "동구 동명로 63-1 (동명동)", "alt": "동명동 168-36", "src": "build" }, "geometry": { "type": "Point", "coordinates": [ 126.92727, 35.151266 ] } },
{ "type": "Feature", "properties": { "name": "동구 동명로 63-10", "cat": "주소", "sub": "주택", "addr": "동구 동명로 63-10 (동명동)", "alt": "동명동 169-1", "src": "build" }, "geometry": { "type": "Point", "coordinates": [ 126.927278, 35.151703 ] } },
{ "type": "Feature", "properties": { "name": "동구 동명로 63-15", "cat": "주소", "sub": "주택", "addr": "동구 동명로 63-15 (동명동)", "alt": "동명동 172-5", "src": "build" }, "geometry": { "type": "Point", "coordinates": [ 126.926899, 35.151725 ] } },
{ "type": "Feature", "properties": { "name": "동구 동명로 63-17", "cat": "주소", "sub": "주택", "addr": "동구 동명로 63-17 (동명동)", "alt": "동명동 172-3", "src": "build" }, "geometry": { "type": "Point", "coordinates": [ 126.926986, 35.151719 ] } },
{ "type": "Feature", "properties": { "name": "동구 동명로 63-19", "cat": "주소", "sub": "주택", "addr": "동구 동명로 63-19 (동명동)", "alt": "동명동 172-12", "src": "build" }, "geometry": { "type": "Point", "coordinates": [ 126.927084, 35.151705 ] } },
{ "type": "Feature", "properties": { "name": "동구 동명로 63-21", "cat": "주소", "sub": "주택", "addr": "동구 동명로 63-21 (동명동)", "alt": "동명동 172-1", "src": "build" }, "geometry": { "type": "Point", "coordinates": [ 126.927177, 35.151674 ] } },
{ "type": "Feature", "properties": { "name": "동구 동명로 63-23", "cat": "주소", "sub": "주택", "addr": "동구 동명로 63-23 (동명동)", "alt": "동명동 172-5", "src": "build" }, "geometry": { "type": "Point", "coordinates": [ 126.926765, 35.151909 ] } },
{ "type": "Feature", "properties": { "name": "동구 동명로 63-25", "cat": "주소", "sub": "주택", "addr": "동구 동명로 63-25 (동명동)", "alt": "동명동 172-7", "src": "build" }, "geometry": { "type": "Point", "coordinates": [ 126.926665, 35.151851 ] } },
{ "type": "Feature", "properties": { "name": "동구 동명로 63-3", "cat": "주소", "sub": "주택", "addr": "동구 동명로 63-3 (동명동)", "alt": "동명동 168-36", "src": "build" }, "geometry": { "type": "Point", "coordinates": [ 126.927276, 35.151401 ] } },
{ "type": "Feature", "properties": { "name": "동구 동명로 63-33", "cat": "주소", "sub": "주택", "addr": "동구 동명로 63-33 (동명동)", "alt": "동명동 173-1", "src": "build" }, "geometry": { "type": "Point", "coordinates": [ 126.926849, 35.151946 ] } },
{ "type": "Feature", "properties": { "name": "동구 동명로 63-35", "cat": "주소", "sub": "주택", "addr": "동구 동명로 63-35 (동명동)", "alt": "동명동 173-1", "src": "build" }, "geometry": { "type": "Point", "coordinates": [ 126.92676, 35.151995 ] } },
{ "type": "Feature", "properties": { "name": "동구 동명로 63-37", "cat": "주소", "sub": "주택", "addr": "동구 동명로 63-37 (동명동)", "alt": "동명동 173-6", "src": "build" }, "geometry": { "type": "Point", "coordinates": [ 126.92665, 35.152082 ] } },
{ "type": "Feature", "properties": { "name": "동구 동명로 63-39", "cat": "주소", "sub": "주택", "addr": "동구 동명로 63-39 (동명동)", "alt": "동명동 173-8", "src": "build" }, "geometry": { "type": "Point", "coordinates": [ 126.926586, 35.152088 ] } },
{ "type": "Feature", "properties": { "name": "동구 동명로 63-4", "cat": "주소", "sub": "주택", "addr": "동구 동명로 63-4 (동명동)", "alt": "동명동 169-5", "src": "build" }, "geometry": { "type": "Point", "coordinates": [ 126.927341, 35.15141 ] } },
{ "type": "Feature", "properties": { "name": "동구 동명로 63-41", "cat": "주소", "sub": "주택", "addr": "동구 동명로 63-41 (동명동)", "alt": "동명동 173-9", "src": "build" }, "geometry": { "type": "Point", "coordinates": [ 126.9266, 35.15214 ] } },
{ "type": "Feature", "properties": { "name": "동구 동명로 63-43", "cat": "주소", "sub": "주택", "addr": "동구 동명로 63-43 (동명동)", "alt": "동명동 173-10", "src": "build" }, "geometry": { "type": "Point", "coordinates": [ 126.926588, 35.152218 ] } },
{ "type": "Feature", "properties": { "name": "동구 동명로 63-45", "cat": "주소", "sub": "주택", "addr": "동구 동명로 63-45 (동명동)", "alt": "동명동 180-6", "src": "build" }, "geometry": { "type": "Point", "coordinates": [ 126.926463, 35.152268 ] } },
{ "type": "Feature", "properties": { "name": "동구 동명로 63-47", "cat": "주소", "sub": "주택", "addr": "동구 동명로 63-47 (동명동)", "alt": "동명동 173-5", "src": "build" }, "geometry": { "type": "Point", "coordinates": [ 126.926429, 35.152211 ] } },
{ "type": "Feature", "properties": { "name": "동구 동명로 63-49", "cat": "주소", "sub": "주택", "addr": "동구 동명로 63-49 (동명동)", "alt": "동명동 173-3", "src": "build" }, "geometry": { "type": "Point", "coordinates": [ 126.92641, 35.152134 ] } },
{ "type": "Feature", "properties": { "name": "동구 동명로 63-5", "cat": "주소", "sub": "주택", "addr": "동구 동명로 63-5 (동명동)", "alt": "동명동 171-3", "src": "build" }, "geometry": { "type": "Point", "coordinates": [ 126.927183, 35.151521 ] } },
{ "type": "Feature", "properties": { "name": "동구 동명로 63-51", "cat": "주소", "sub": "주택", "addr": "동구 동명로 63-51 (동명동)", "alt": "동명동 173-4", "src": "build" }, "geometry": { "type": "Point", "coordinates": [ 126.926367, 35.152243 ] } },
{ "type": "Feature", "properties": { "name": "동구 동명로 63-53", "cat": "주소", "sub": "주택", "addr": "동구 동명로 63-53 (동명동)", "alt": "동명동 180-12", "src": "build" }, "geometry": { "type": "Point", "coordinates": [ 126.926405, 35.152281 ] } },
{ "type": "Feature", "properties": { "name": "동구 동명로 63-55", "cat": "주소", "sub": "주택", "addr": "동구 동명로 63-55 (동명동)", "alt": "동명동 180-13", "src": "build" }, "geometry": { "type": "Point", "coordinates": [ 126.926306, 35.152343 ] } },
{ "type": "Feature", "properties": { "name": "동구 동명로 63-57", "cat": "주소", "sub": "주택", "addr": "동구 동명로 63-57 (동명동)", "alt": "동명동 180-14", "src": "build" }, "geometry": { "type": "Point", "coordinates": [ 126.926222, 35.152326 ] } },
{ "type": "Feature", "properties": { "name": "동구 동명로 63-6", "cat": "주소", "sub": "주택", "addr": "동구 동명로 63-6 (동명동)", "alt": "동명동 169-3", "src": "build" }, "geometry": { "type": "Point", "coordinates": [ 126.927305, 35.15151 ] } },
{ "type": "Feature", "properties": { "name": "동구 동명로 63-7", "cat": "주소", "sub": "주택", "addr": "동구 동명로 63-7 (동명동)", "alt": "동명동 171", "src": "build" }, "geometry": { "type": "Point", "coordinates": [ 126.927267, 35.151529 ] } },
{ "type": "Feature", "properties": { "name": "동구 동명로 63-9", "cat": "주소", "sub": "주택", "addr": "동구 동명로 63-9 (동명동)", "alt": "동명동 171-14", "src": "build" }, "geometry": { "type": "Point", "coordinates": [ 126.927107, 35.151638 ] } },
{ "type": "Feature", "properties": { "name": "동구 동명로 64", "cat": "주소", "sub": "주택", "addr": "동구 동명로 64 (동명동)", "alt": "동명동 167-4", "src": "build" }, "geometry": { "type": "Point", "coordinates": [ 126.927453, 35.151006 ] } },
{ "type": "Feature", "properties": { "name": "동구 동명로 68", "cat": "주소", "sub": "숙박시설", "addr": "동구 동명로 68 (동명동)", "alt": "동명동 167-8", "src": "build" }, "geometry": { "type": "Point", "coordinates": [ 126.927791, 35.15092 ] } },
{ "type": "Feature", "properties": { "name": "동구 동명로 76-3", "cat": "주소", "sub": "주택", "addr": "동구 동명로 76-3 (동명동)", "alt": "동명동 24-4", "src": "build" }, "geometry": { "type": "Point", "coordinates": [ 126.928804, 35.150775 ] } },
{ "type": "Feature", "properties": { "name": "동구 동명로 76-5", "cat": "주소", "sub": "주택", "addr": "동구 동명로 76-5 (동명동)", "alt": "동명동 20-2", "src": "build" }, "geometry": { "type": "Point", "coordinates": [ 126.928826, 35.150703 ] } },
{ "type": "Feature", "properties": { "name": "동구 동명로 76-6", "cat": "주소", "sub": "주택", "addr": "동구 동명로 76-6 (동명동)", "alt": "동명동 20-9", "src": "build" }, "geometry": { "type": "Point", "coordinates": [ 126.928731, 35.150712 ] } },
{ "type": "Feature", "properties": { "name": "동구 동명로 80-2", "cat": "주소", "sub": "주택", "addr": "동구 동명로 80-2 (동명동)", "alt": "동명동 24-8", "src": "build" }, "geometry": { "type": "Point", "coordinates": [ 126.929309, 35.150841 ] } },
{ "type": "Feature", "properties": { "name": "동구 동명로 82", "cat": "주소", "sub": "근린생활시설", "addr": "동구 동명로 82 (동명동)", "alt": "동명동 24-7", "src": "build" }, "geometry": { "type": "Point", "coordinates": [ 126.929391, 35.150847 ] } },
{ "type": "Feature", "properties": { "name": "동구 동명로14번길 1", "cat": "주소", "sub": "근린생활시설", "addr": "동구 동명로14번길 1 (동명동)", "alt": "동명동 197-24", "src": "build" }, "geometry": { "type": "Point", "coordinates": [ 126.923333, 35.150298 ] } },
{ "type": "Feature", "properties": { "name": "동구 동명로14번길 1-1", "cat": "주소", "sub": "근린생활시설", "addr": "동구 동명로14번길 1-1 (동명동)", "alt": "동명동 197-21", "src": "build" }, "geometry": { "type": "Point", "coordinates": [ 126.923382, 35.150302 ] } },
{ "type": "Feature", "properties": { "name": "동구 동명로14번길 11", "cat": "주소", "sub": "주택", "addr": "동구 동명로14번길 11 (동명동)", "alt": "동명동 154-100", "src": "build" }, "geometry": { "type": "Point", "coordinates": [ 126.924508, 35.150141 ] } },
{ "type": "Feature", "properties": { "name": "동구 동명로14번길 11-10", "cat": "주소", "sub": "주택", "addr": "동구 동명로14번길 11-10 (동명동)", "alt": "동명동 154-213", "src": "build" }, "geometry": { "type": "Point", "coordinates": [ 126.924693, 35.15047 ] } },
{ "type": "Feature", "properties": { "name": "동구 동명로14번길 11-3", "cat": "주소", "sub": "주택", "addr": "동구 동명로14번길 11-3 (동명동)", "alt": "동명동 154-45", "src": "build" }, "geometry": { "type": "Point", "coordinates": [ 126.924413, 35.150234 ] } },
{ "type": "Feature", "properties": { "name": "동구 동명로14번길 11-5", "cat": "주소", "sub": "업무시설", "addr": "동구 동명로14번길 11-5 (동명동)", "alt": "동명동 154-147", "src": "build" }, "geometry": { "type": "Point", "coordinates": [ 126.924554, 35.150311 ] } },
{ "type": "Feature", "properties": { "name": "동구 동명로14번길 11-6", "cat": "주소", "sub": "주택", "addr": "동구 동명로14번길 11-6 (동명동)", "alt": "동명동 154-10", "src": "build" }, "geometry": { "type": "Point", "coordinates": [ 126.924631, 35.150292 ] } },
{ "type": "Feature", "properties": { "name": "동구 동명로14번길 12", "cat": "주소", "sub": "업무시설", "addr": "동구 동명로14번길 12 (동명동)", "alt": "동명동 154-47", "src": "build" }, "geometry": { "type": "Point", "coordinates": [ 126.92437, 35.150064 ] } },
{ "type": "Feature", "properties": { "name": "동구 동명로14번길 12-1", "cat": "주소", "sub": "주택", "addr": "동구 동명로14번길 12-1 (동명동)", "alt": "동명동 154-207", "src": "build" }, "geometry": { "type": "Point", "coordinates": [ 126.924477, 35.150046 ] } },
{ "type": "Feature", "properties": { "name": "동구 동명로14번길 13", "cat": "주소", "sub": "근린생활시설", "addr": "동구 동명로14번길 13 (동명동)", "alt": "동명동 154-11", "src": "build" }, "geometry": { "type": "Point", "coordinates": [ 126.924624, 35.150126 ] } },
{ "type": "Feature", "properties": { "name": "동구 동명로14번길 14", "cat": "주소", "sub": "근린생활시설", "addr": "동구 동명로14번길 14 (동명동)", "alt": "동명동 154-15", "src": "build" }, "geometry": { "type": "Point", "coordinates": [ 126.924753, 35.150013 ] } },
{ "type": "Feature", "properties": { "name": "동구 동명로14번길 15", "cat": "주소", "sub": "연립·다세대", "addr": "동구 동명로14번길 15 (동명동)", "alt": "동명동 154-12", "src": "build" }, "geometry": { "type": "Point", "coordinates": [ 126.924997, 35.150087 ] } },
{ "type": "Feature", "properties": { "name": "동구 동명로14번길 17", "cat": "주소", "sub": "주택", "addr": "동구 동명로14번길 17 (동명동)", "alt": "동명동 154-70", "src": "build" }, "geometry": { "type": "Point", "coordinates": [ 126.925185, 35.150047 ] } },
{ "type": "Feature", "properties": { "name": "동구 동명로14번길 18", "cat": "주소", "sub": "주택", "addr": "동구 동명로14번길 18 (동명동)", "alt": "동명동 154-71", "src": "build" }, "geometry": { "type": "Point", "coordinates": [ 126.924983, 35.149972 ] } },
{ "type": "Feature", "properties": { "name": "동구 동명로14번길 19", "cat": "주소", "sub": "유통시설", "addr": "동구 동명로14번길 19 (동명동)", "alt": "동명동 73-19", "src": "build" }, "geometry": { "type": "Point", "coordinates": [ 126.925369, 35.150072 ] } },
{ "type": "Feature", "properties": { "name": "동구 동명로14번길 19-11", "cat": "주소", "sub": "주택", "addr": "동구 동명로14번길 19-11 (동명동)", "alt": "동명동 154-208", "src": "build" }, "geometry": { "type": "Point", "coordinates": [ 126.92533, 35.150414 ] } },
{ "type": "Feature", "properties": { "name": "동구 동명로14번길 19-4", "cat": "주소", "sub": "주택", "addr": "동구 동명로14번길 19-4 (동명동)", "alt": "동명동 74", "src": "build" }, "geometry": { "type": "Point", "coordinates": [ 126.925429, 35.150137 ] } },
{ "type": "Feature", "properties": { "name": "동구 동명로14번길 19-7", "cat": "주소", "sub": "주택", "addr": "동구 동명로14번길 19-7 (동명동)", "alt": "동명동 154-210", "src": "build" }, "geometry": { "type": "Point", "coordinates": [ 126.925189, 35.150352 ] } },
{ "type": "Feature", "properties": { "name": "동구 동명로14번길 19-8", "cat": "주소", "sub": "근린생활시설", "addr": "동구 동명로14번길 19-8 (동명동)", "alt": "동명동 75-20", "src": "build" }, "geometry": { "type": "Point", "coordinates": [ 126.925434, 35.150303 ] } },
{ "type": "Feature", "properties": { "name": "동구 동명로14번길 19-9", "cat": "주소", "sub": "주택", "addr": "동구 동명로14번길 19-9 (동명동)", "alt": "동명동 154-66", "src": "build" }, "geometry": { "type": "Point", "coordinates": [ 126.925317, 35.15035 ] } },
{ "type": "Feature", "properties": { "name": "동구 동명로14번길 21", "cat": "주소", "sub": "주택", "addr": "동구 동명로14번길 21 (동명동)", "alt": "동명동 73-8", "src": "build" }, "geometry": { "type": "Point", "coordinates": [ 126.925489, 35.150011 ] } },
{ "type": "Feature", "properties": { "name": "동구 동명로14번길 22", "cat": "주소", "sub": "주택", "addr": "동구 동명로14번길 22 (동명동)", "alt": "동명동 73-32", "src": "build" }, "geometry": { "type": "Point", "coordinates": [ 126.925702, 35.14988 ] } },
{ "type": "Feature", "properties": { "name": "동구 동명로14번길 22-1", "cat": "주소", "sub": "주택", "addr": "동구 동명로14번길 22-1 (동명동)", "alt": "동명동 73-22", "src": "build" }, "geometry": { "type": "Point", "coordinates": [ 126.925811, 35.149853 ] } },
{ "type": "Feature", "properties": { "name": "동구 동명로14번길 23", "cat": "주소", "sub": "주택", "addr": "동구 동명로14번길 23 (동명동)", "alt": "동명동 73-30", "src": "build" }, "geometry": { "type": "Point", "coordinates": [ 126.925666, 35.149959 ] } },
{ "type": "Feature", "properties": { "name": "동구 동명로14번길 23-1", "cat": "주소", "sub": "주택", "addr": "동구 동명로14번길 23-1 (동명동)", "alt": "동명동 73-17", "src": "build" }, "geometry": { "type": "Point", "coordinates": [ 126.925811, 35.149936 ] } },
{ "type": "Feature", "properties": { "name": "동구 동명로14번길 25", "cat": "주소", "sub": "주택", "addr": "동구 동명로14번길 25 (동명동)", "alt": "동명동 73-14", "src": "build" }, "geometry": { "type": "Point", "coordinates": [ 126.925983, 35.14994 ] } },
{ "type": "Feature", "properties": { "name": "동구 동명로14번길 25-1", "cat": "주소", "sub": "주택", "addr": "동구 동명로14번길 25-1 (동명동)", "alt": "동명동 73-26", "src": "build" }, "geometry": { "type": "Point", "coordinates": [ 126.925927, 35.150099 ] } },
{ "type": "Feature", "properties": { "name": "동구 동명로14번길 26", "cat": "주소", "sub": "주택", "addr": "동구 동명로14번길 26 (동명동)", "alt": "동명동 73-16", "src": "build" }, "geometry": { "type": "Point", "coordinates": [ 126.925978, 35.149777 ] } },
{ "type": "Feature", "properties": { "name": "동구 동명로14번길 26-1", "cat": "주소", "sub": "주택", "addr": "동구 동명로14번길 26-1 (동명동)", "alt": "동명동 72", "src": "build" }, "geometry": { "type": "Point", "coordinates": [ 126.925996, 35.149685 ] } },
{ "type": "Feature", "properties": { "name": "동구 동명로14번길 28", "cat": "주소", "sub": "주택", "addr": "동구 동명로14번길 28 (동명동)", "alt": "동명동 68-9", "src": "build" }, "geometry": { "type": "Point", "coordinates": [ 126.926057, 35.149729 ] } },
{ "type": "Feature", "properties": { "name": "동구 동명로14번길 29", "cat": "주소", "sub": "근린생활시설", "addr": "동구 동명로14번길 29 (동명동)", "alt": "동명동 68-35", "src": "build" }, "geometry": { "type": "Point", "coordinates": [ 126.926495, 35.149837 ] } },
{ "type": "Feature", "properties": { "name": "동구 동명로14번길 29-10", "cat": "주소", "sub": "주택", "addr": "동구 동명로14번길 29-10 (동명동)", "alt": "동명동 68-57 · 동명동 68-60", "src": "build" }, "geometry": { "type": "Point", "coordinates": [ 126.92627, 35.150259 ] } },
{ "type": "Feature", "properties": { "name": "동구 동명로14번길 29-2", "cat": "주소", "sub": "근린생활시설", "addr": "동구 동명로14번길 29-2 (동명동)", "alt": "동명동 68-53 · 동명동 68-75", "src": "build" }, "geometry": { "type": "Point", "coordinates": [ 126.926421, 35.149872 ] } },
{ "type": "Feature", "properties": { "name": "동구 동명로14번길 29-3", "cat": "주소", "sub": "근린생활시설", "addr": "동구 동명로14번길 29-3 (동명동)", "alt": "동명동 73-7", "src": "build" }, "geometry": { "type": "Point", "coordinates": [ 126.926154, 35.149967 ] } },
{ "type": "Feature", "properties": { "name": "동구 동명로14번길 29-4", "cat": "주소", "sub": "근린생활시설", "addr": "동구 동명로14번길 29-4 (동명동)", "alt": "동명동 68-35 · 동명동 68-52 · 동명동 68-71", "src": "build" }, "geometry": { "type": "Point", "coordinates": [ 126.926378, 35.14997 ] } },
{ "type": "Feature", "properties": { "name": "동구 동명로14번길 31", "cat": "주소", "sub": "주택", "addr": "동구 동명로14번길 31 (동명동)", "alt": "동명동 68-56", "src": "build" }, "geometry": { "type": "Point", "coordinates": [ 126.926655, 35.149825 ] } },
{ "type": "Feature", "properties": { "name": "동구 동명로14번길 31-1", "cat": "주소", "sub": "주택", "addr": "동구 동명로14번길 31-1 (동명동)", "alt": "동명동 57-2", "src": "build" }, "geometry": { "type": "Point", "coordinates": [ 126.926708, 35.149953 ] } },
{ "type": "Feature", "properties": { "name": "동구 동명로14번길 34", "cat": "주소", "sub": "주택", "addr": "동구 동명로14번길 34 (동명동)", "alt": "동명동 66-7", "src": "build" }, "geometry": { "type": "Point", "coordinates": [ 126.926875, 35.149709 ] } },
{ "type": "Feature", "properties": { "name": "동구 동명로14번길 35", "cat": "주소", "sub": "주택", "addr": "동구 동명로14번길 35 (동명동)", "alt": "동명동 58", "src": "build" }, "geometry": { "type": "Point", "coordinates": [ 126.926981, 35.149833 ] } },
{ "type": "Feature", "properties": { "name": "동구 동명로14번길 35-4", "cat": "주소", "sub": "주택", "addr": "동구 동명로14번길 35-4 (동명동)", "alt": "동명동 57-9", "src": "build" }, "geometry": { "type": "Point", "coordinates": [ 126.927147, 35.149934 ] } },
{ "type": "Feature", "properties": { "name": "동구 동명로14번길 36", "cat": "주소", "sub": "주택", "addr": "동구 동명로14번길 36 (동명동)", "alt": "동명동 56", "src": "build" }, "geometry": { "type": "Point", "coordinates": [ 126.927031, 35.149677 ] } },
{ "type": "Feature", "properties": { "name": "동구 동명로14번길 37-1", "cat": "주소", "sub": "주택", "addr": "동구 동명로14번길 37-1 (동명동)", "alt": "동명동 51", "src": "build" }, "geometry": { "type": "Point", "coordinates": [ 126.927336, 35.149735 ] } },
{ "type": "Feature", "properties": { "name": "동구 동명로14번길 39", "cat": "주소", "sub": "주택", "addr": "동구 동명로14번길 39 (동명동)", "alt": "동명동 50-2", "src": "build" }, "geometry": { "type": "Point", "coordinates": [ 126.92757, 35.149722 ] } },
{ "type": "Feature", "properties": { "name": "동구 동명로14번길 41", "cat": "주소", "sub": "주택", "addr": "동구 동명로14번길 41 (동명동)", "alt": "동명동 50", "src": "build" }, "geometry": { "type": "Point", "coordinates": [ 126.927721, 35.149757 ] } },
{ "type": "Feature", "properties": { "name": "동구 동명로14번길 43", "cat": "주소", "sub": "주택", "addr": "동구 동명로14번길 43 (동명동)", "alt": "동명동 39-2", "src": "build" }, "geometry": { "type": "Point", "coordinates": [ 126.927958, 35.149667 ] } },
{ "type": "Feature", "properties": { "name": "동구 동명로14번길 44", "cat": "주소", "sub": "주택", "addr": "동구 동명로14번길 44 (동명동)", "alt": "동명동 41", "src": "build" }, "geometry": { "type": "Point", "coordinates": [ 126.927877, 35.14958 ] } },
{ "type": "Feature", "properties": { "name": "동구 동명로14번길 45-21", "cat": "주소", "sub": "주택", "addr": "동구 동명로14번길 45-21 (동명동)", "alt": "동명동 38-4", "src": "build" }, "geometry": { "type": "Point", "coordinates": [ 126.92814, 35.149871 ] } },
{ "type": "Feature", "properties": { "name": "동구 동명로14번길 45-3", "cat": "주소", "sub": "주택", "addr": "동구 동명로14번길 45-3 (동명동)", "alt": "동명동 39-1", "src": "build" }, "geometry": { "type": "Point", "coordinates": [ 126.928143, 35.149764 ] } },
{ "type": "Feature", "properties": { "name": "동구 동명로14번길 45-7", "cat": "주소", "sub": "주택", "addr": "동구 동명로14번길 45-7 (동명동)", "alt": "동명동 39-4", "src": "build" }, "geometry": { "type": "Point", "coordinates": [ 126.927992, 35.149815 ] } },
{ "type": "Feature", "properties": { "name": "동구 동명로14번길 5", "cat": "주소", "sub": "주택", "addr": "동구 동명로14번길 5 (동명동)", "alt": "동명동 154-177", "src": "build" }, "geometry": { "type": "Point", "coordinates": [ 126.92379, 35.150239 ] } },
{ "type": "Feature", "properties": { "name": "동구 동명로14번길 5-1", "cat": "주소", "sub": "주택", "addr": "동구 동명로14번길 5-1 (동명동)", "alt": "동명동 154-176", "src": "build" }, "geometry": { "type": "Point", "coordinates": [ 126.923814, 35.150319 ] } },
{ "type": "Feature", "properties": { "name": "동구 동명로14번길 5-2", "cat": "주소", "sub": "주택", "addr": "동구 동명로14번길 5-2 (동명동)", "alt": "동명동 154-39", "src": "build" }, "geometry": { "type": "Point", "coordinates": [ 126.923891, 35.150219 ] } },
{ "type": "Feature", "properties": { "name": "동구 동명로14번길 5-3", "cat": "주소", "sub": "주택", "addr": "동구 동명로14번길 5-3 (동명동)", "alt": "동명동 154-38", "src": "build" }, "geometry": { "type": "Point", "coordinates": [ 126.923843, 35.150414 ] } },
{ "type": "Feature", "properties": { "name": "동구 동명로14번길 6", "cat": "주소", "sub": "주택", "addr": "동구 동명로14번길 6 (동명동)", "alt": "동명동 154-51", "src": "build" }, "geometry": { "type": "Point", "coordinates": [ 126.923697, 35.150161 ] } },
{ "type": "Feature", "properties": { "name": "동구 동명로14번길 6-1", "cat": "주소", "sub": "주택", "addr": "동구 동명로14번길 6-1 (동명동)", "alt": "동명동 154-50", "src": "build" }, "geometry": { "type": "Point", "coordinates": [ 126.923857, 35.150143 ] } },
{ "type": "Feature", "properties": { "name": "동구 동명로14번길 8", "cat": "주소", "sub": "연립·다세대", "addr": "동구 동명로14번길 8 (동명동)", "alt": "동명동 154-49", "src": "build" }, "geometry": { "type": "Point", "coordinates": [ 126.92402, 35.1501 ] } },
{ "type": "Feature", "properties": { "name": "동구 동명로20번길 1", "cat": "주소", "sub": "근린생활시설", "addr": "동구 동명로20번길 1 (동명동)", "alt": "동명동 154-193", "src": "build" }, "geometry": { "type": "Point", "coordinates": [ 126.923775, 35.150775 ] } },
{ "type": "Feature", "properties": { "name": "동구 동명로20번길 1-10", "cat": "주소", "sub": "주택", "addr": "동구 동명로20번길 1-10 (동명동)", "alt": "동명동 154-103", "src": "build" }, "geometry": { "type": "Point", "coordinates": [ 126.923948, 35.151058 ] } },
{ "type": "Feature", "properties": { "name": "동구 동명로20번길 1-8", "cat": "주소", "sub": "주택", "addr": "동구 동명로20번길 1-8 (동명동)", "alt": "동명동 154-31", "src": "build" }, "geometry": { "type": "Point", "coordinates": [ 126.924012, 35.150998 ] } },
{ "type": "Feature", "properties": { "name": "동구 동명로20번길 11", "cat": "주소", "sub": "주택", "addr": "동구 동명로20번길 11 (동명동)", "alt": "동명동 154-3", "src": "build" }, "geometry": { "type": "Point", "coordinates": [ 126.924769, 35.150749 ] } },
{ "type": "Feature", "properties": { "name": "동구 동명로20번길 14", "cat": "주소", "sub": "주택", "addr": "동구 동명로20번길 14 (동명동)", "alt": "동명동 154-8", "src": "build" }, "geometry": { "type": "Point", "coordinates": [ 126.924938, 35.150459 ] } },
{ "type": "Feature", "properties": { "name": "동구 동명로20번길 16", "cat": "주소", "sub": "주택", "addr": "동구 동명로20번길 16 (동명동)", "alt": "동명동 154-209", "src": "build" }, "geometry": { "type": "Point", "coordinates": [ 126.925217, 35.150479 ] } },
{ "type": "Feature", "properties": { "name": "동구 동명로20번길 17", "cat": "주소", "sub": "업무시설", "addr": "동구 동명로20번길 17 (동명동)", "alt": "동명동 154-64", "src": "build" }, "geometry": { "type": "Point", "coordinates": [ 126.925314, 35.150681 ] } },
{ "type": "Feature", "properties": { "name": "동구 동명로20번길 17-6", "cat": "주소", "sub": "근린생활시설", "addr": "동구 동명로20번길 17-6 (동명동)", "alt": "동명동 154-112", "src": "build" }, "geometry": { "type": "Point", "coordinates": [ 126.92552, 35.150724 ] } },
{ "type": "Feature", "properties": { "name": "동구 동명로20번길 19", "cat": "주소", "sub": "주택", "addr": "동구 동명로20번길 19 (동명동)", "alt": "동명동 75-25", "src": "build" }, "geometry": { "type": "Point", "coordinates": [ 126.925554, 35.150597 ] } },
{ "type": "Feature", "properties": { "name": "동구 동명로20번길 20", "cat": "주소", "sub": "숙박시설", "addr": "동구 동명로20번길 20 (동명동)", "alt": "동명동 75-20", "src": "build" }, "geometry": { "type": "Point", "coordinates": [ 126.925486, 35.150423 ] } },
{ "type": "Feature", "properties": { "name": "동구 동명로20번길 22", "cat": "주소", "sub": "주택", "addr": "동구 동명로20번길 22 (동명동)", "alt": "동명동 73-13", "src": "build" }, "geometry": { "type": "Point", "coordinates": [ 126.925762, 35.150373 ] } },
{ "type": "Feature", "properties": { "name": "동구 동명로20번길 22-4", "cat": "주소", "sub": "주택", "addr": "동구 동명로20번길 22-4 (동명동)", "alt": "동명동 73-36", "src": "build" }, "geometry": { "type": "Point", "coordinates": [ 126.92576, 35.150272 ] } },
{ "type": "Feature", "properties": { "name": "동구 동명로20번길 22-5", "cat": "주소", "sub": "주택", "addr": "동구 동명로20번길 22-5 (동명동)", "alt": "동명동 73-9", "src": "build" }, "geometry": { "type": "Point", "coordinates": [ 126.925795, 35.150173 ] } },
{ "type": "Feature", "properties": { "name": "동구 동명로20번길 22-6", "cat": "주소", "sub": "주택", "addr": "동구 동명로20번길 22-6 (동명동)", "alt": "동명동 73-38 · 동명동 73-35", "src": "build" }, "geometry": { "type": "Point", "coordinates": [ 126.925712, 35.150187 ] } },
{ "type": "Feature", "properties": { "name": "동구 동명로20번길 3", "cat": "주소", "sub": "주택", "addr": "동구 동명로20번길 3 (동명동)", "alt": "동명동 154-192", "src": "build" }, "geometry": { "type": "Point", "coordinates": [ 126.923885, 35.150766 ] } },
{ "type": "Feature", "properties": { "name": "동구 동명로20번길 3-1", "cat": "주소", "sub": "주택", "addr": "동구 동명로20번길 3-1 (동명동)", "alt": "동명동 154-190", "src": "build" }, "geometry": { "type": "Point", "coordinates": [ 126.923908, 35.15085 ] } },
{ "type": "Feature", "properties": { "name": "동구 동명로20번길 3-2", "cat": "주소", "sub": "주택", "addr": "동구 동명로20번길 3-2 (동명동)", "alt": "동명동 154-187", "src": "build" }, "geometry": { "type": "Point", "coordinates": [ 126.923948, 35.150746 ] } },
{ "type": "Feature", "properties": { "name": "동구 동명로20번길 3-4", "cat": "주소", "sub": "주택", "addr": "동구 동명로20번길 3-4 (동명동)", "alt": "동명동 154-32", "src": "build" }, "geometry": { "type": "Point", "coordinates": [ 126.92396, 35.150831 ] } },
{ "type": "Feature", "properties": { "name": "동구 동명로20번길 34", "cat": "주소", "sub": "주택", "addr": "동구 동명로20번길 34 (동명동)", "alt": "동명동 154-222", "src": "build" }, "geometry": { "type": "Point", "coordinates": [ 126.927099, 35.150168 ] } },
{ "type": "Feature", "properties": { "name": "동구 동명로20번길 36", "cat": "주소", "sub": "주택", "addr": "동구 동명로20번길 36 (동명동)", "alt": "동명동 154-132", "src": "build" }, "geometry": { "type": "Point", "coordinates": [ 126.927307, 35.150179 ] } },
{ "type": "Feature", "properties": { "name": "동구 동명로20번길 36-10", "cat": "주소", "sub": "주택", "addr": "동구 동명로20번길 36-10 (동명동)", "alt": "동명동 57-8", "src": "build" }, "geometry": { "type": "Point", "coordinates": [ 126.927357, 35.149864 ] } },
{ "type": "Feature", "properties": { "name": "동구 동명로20번길 36-2", "cat": "주소", "sub": "주택", "addr": "동구 동명로20번길 36-2 (동명동)", "alt": "동명동 154-214", "src": "build" }, "geometry": { "type": "Point", "coordinates": [ 126.92726, 35.150111 ] } },
{ "type": "Feature", "properties": { "name": "동구 동명로20번길 36-3", "cat": "주소", "sub": "주택", "addr": "동구 동명로20번길 36-3 (동명동)", "alt": "동명동 154-120", "src": "build" }, "geometry": { "type": "Point", "coordinates": [ 126.927355, 35.150107 ] } },
{ "type": "Feature", "properties": { "name": "동구 동명로20번길 36-4", "cat": "주소", "sub": "주택", "addr": "동구 동명로20번길 36-4 (동명동)", "alt": "동명동 57-1", "src": "build" }, "geometry": { "type": "Point", "coordinates": [ 126.927328, 35.150032 ] } },
{ "type": "Feature", "properties": { "name": "동구 동명로20번길 36-6", "cat": "주소", "sub": "주택", "addr": "동구 동명로20번길 36-6 (동명동)", "alt": "동명동 57", "src": "build" }, "geometry": { "type": "Point", "coordinates": [ 126.927364, 35.150026 ] } },
{ "type": "Feature", "properties": { "name": "동구 동명로20번길 37", "cat": "주소", "sub": "주택", "addr": "동구 동명로20번길 37 (동명동)", "alt": "동명동 154-136", "src": "build" }, "geometry": { "type": "Point", "coordinates": [ 126.927586, 35.150218 ] } },
{ "type": "Feature", "properties": { "name": "동구 동명로20번길 38", "cat": "주소", "sub": "주택", "addr": "동구 동명로20번길 38 (동명동)", "alt": "동명동 154-138", "src": "build" }, "geometry": { "type": "Point", "coordinates": [ 126.927485, 35.150166 ] } },
{ "type": "Feature", "properties": { "name": "동구 동명로20번길 39", "cat": "주소", "sub": "주택", "addr": "동구 동명로20번길 39 (동명동)", "alt": "동명동 154-203", "src": "build" }, "geometry": { "type": "Point", "coordinates": [ 126.927663, 35.150214 ] } },
{ "type": "Feature", "properties": { "name": "동구 동명로20번길 39-3", "cat": "주소", "sub": "주택", "addr": "동구 동명로20번길 39-3 (동명동)", "alt": "동명동 154-108", "src": "build" }, "geometry": { "type": "Point", "coordinates": [ 126.927721, 35.150324 ] } },
{ "type": "Feature", "properties": { "name": "동구 동명로20번길 4", "cat": "주소", "sub": "근린생활시설", "addr": "동구 동명로20번길 4 (동명동)", "alt": "동명동 154-174", "src": "build" }, "geometry": { "type": "Point", "coordinates": [ 126.923806, 35.150684 ] } },
{ "type": "Feature", "properties": { "name": "동구 동명로20번길 40", "cat": "주소", "sub": "공장/창고시설", "addr": "동구 동명로20번길 40 (동명동)", "alt": "동명동 154-142", "src": "build" }, "geometry": { "type": "Point", "coordinates": [ 126.927618, 35.150138 ] } },
{ "type": "Feature", "properties": { "name": "동구 동명로20번길 41", "cat": "주소", "sub": "주택", "addr": "동구 동명로20번길 41 (동명동)", "alt": "동명동 154-139", "src": "build" }, "geometry": { "type": "Point", "coordinates": [ 126.927936, 35.150195 ] } },
{ "type": "Feature", "properties": { "name": "동구 동명로20번길 43", "cat": "주소", "sub": "주택", "addr": "동구 동명로20번길 43 (동명동)", "alt": "동명동 154-83", "src": "build" }, "geometry": { "type": "Point", "coordinates": [ 126.928077, 35.150193 ] } },
{ "type": "Feature", "properties": { "name": "동구 동명로20번길 43-5", "cat": "주소", "sub": "근린생활시설", "addr": "동구 동명로20번길 43-5 (동명동)", "alt": "동명동 154-82", "src": "build" }, "geometry": { "type": "Point", "coordinates": [ 126.92803, 35.150353 ] } },
{ "type": "Feature", "properties": { "name": "동구 동명로20번길 5", "cat": "주소", "sub": "근린생활시설", "addr": "동구 동명로20번길 5 (동명동)", "alt": "동명동 154-33", "src": "build" }, "geometry": { "type": "Point", "coordinates": [ 126.924182, 35.150802 ] } },
{ "type": "Feature", "properties": { "name": "동구 동명로20번길 6", "cat": "주소", "sub": "근린생활시설", "addr": "동구 동명로20번길 6 (동명동)", "alt": "동명동 154-40", "src": "build" }, "geometry": { "type": "Point", "coordinates": [ 126.923951, 35.150656 ] } },
{ "type": "Feature", "properties": { "name": "동구 동명로20번길 6-1", "cat": "주소", "sub": "주택", "addr": "동구 동명로20번길 6-1 (동명동)", "alt": "동명동 154-173", "src": "build" }, "geometry": { "type": "Point", "coordinates": [ 126.923927, 35.150579 ] } },
{ "type": "Feature", "properties": { "name": "동구 동명로25번길 10", "cat": "주소", "sub": "주택", "addr": "동구 동명로25번길 10 (동명동)", "alt": "동명동 200-126", "src": "build" }, "geometry": { "type": "Point", "coordinates": [ 126.922639, 35.151704 ] } },
{ "type": "Feature", "properties": { "name": "동구 동명로25번길 10-10", "cat": "주소", "sub": "주택", "addr": "동구 동명로25번길 10-10 (동명동)", "alt": "동명동 200-198", "src": "build" }, "geometry": { "type": "Point", "coordinates": [ 126.923149, 35.151848 ] } },
{ "type": "Feature", "properties": { "name": "동구 동명로25번길 10-4", "cat": "주소", "sub": "주택", "addr": "동구 동명로25번길 10-4 (동명동)", "alt": "동명동 200-199", "src": "build" }, "geometry": { "type": "Point", "coordinates": [ 126.92286, 35.15172 ] } },
{ "type": "Feature", "properties": { "name": "동구 동명로25번길 10-5", "cat": "주소", "sub": "주택", "addr": "동구 동명로25번길 10-5 (동명동)", "alt": "동명동 200-118", "src": "build" }, "geometry": { "type": "Point", "coordinates": [ 126.92275, 35.151824 ] } },
{ "type": "Feature", "properties": { "name": "동구 동명로25번길 10-6", "cat": "주소", "sub": "주택", "addr": "동구 동명로25번길 10-6 (동명동)", "alt": "동명동 200-105", "src": "build" }, "geometry": { "type": "Point", "coordinates": [ 126.922941, 35.151818 ] } },
{ "type": "Feature", "properties": { "name": "동구 동명로25번길 10-8", "cat": "주소", "sub": "주택", "addr": "동구 동명로25번길 10-8 (동명동)", "alt": "동명동 200-97", "src": "build" }, "geometry": { "type": "Point", "coordinates": [ 126.923021, 35.151887 ] } },
{ "type": "Feature", "properties": { "name": "동구 동명로25번길 11", "cat": "주소", "sub": "주택", "addr": "동구 동명로25번길 11 (동명동)", "alt": "동명동 200-156 · 동명동 200-13", "src": "build" }, "geometry": { "type": "Point", "coordinates": [ 126.922437, 35.151629 ] } },
{ "type": "Feature", "properties": { "name": "동구 동명로25번길 12", "cat": "주소", "sub": "주택", "addr": "동구 동명로25번길 12 (동명동)", "alt": "동명동 200-148", "src": "build" }, "geometry": { "type": "Point", "coordinates": [ 126.922517, 35.151722 ] } },
{ "type": "Feature", "properties": { "name": "동구 동명로25번길 13-1", "cat": "주소", "sub": "주택", "addr": "동구 동명로25번길 13-1 (동명동)", "alt": "동명동 200-160", "src": "build" }, "geometry": { "type": "Point", "coordinates": [ 126.922226, 35.151638 ] } },
{ "type": "Feature", "properties": { "name": "동구 동명로25번길 13-2", "cat": "주소", "sub": "주택", "addr": "동구 동명로25번길 13-2 (동명동)", "alt": "동명동 200-161", "src": "build" }, "geometry": { "type": "Point", "coordinates": [ 126.922182, 35.15165 ] } },
{ "type": "Feature", "properties": { "name": "동구 동명로25번길 13-3", "cat": "주소", "sub": "주택", "addr": "동구 동명로25번길 13-3 (동명동)", "alt": "동명동 200-159", "src": "build" }, "geometry": { "type": "Point", "coordinates": [ 126.922191, 35.151554 ] } },
{ "type": "Feature", "properties": { "name": "동구 동명로25번길 13-4", "cat": "주소", "sub": "주택", "addr": "동구 동명로25번길 13-4 (동명동)", "alt": "동명동 200-162", "src": "build" }, "geometry": { "type": "Point", "coordinates": [ 126.922147, 35.151566 ] } },
{ "type": "Feature", "properties": { "name": "동구 동명로25번길 14", "cat": "주소", "sub": "주택", "addr": "동구 동명로25번길 14 (동명동)", "alt": "동명동 200-124", "src": "build" }, "geometry": { "type": "Point", "coordinates": [ 126.922324, 35.151815 ] } },
{ "type": "Feature", "properties": { "name": "동구 동명로25번길 14-10", "cat": "주소", "sub": "주택", "addr": "동구 동명로25번길 14-10 (동명동)", "alt": "동명동 200-145", "src": "build" }, "geometry": { "type": "Point", "coordinates": [ 126.922558, 35.152095 ] } },
{ "type": "Feature", "properties": { "name": "동구 동명로25번길 14-3", "cat": "주소", "sub": "주택", "addr": "동구 동명로25번길 14-3 (동명동)", "alt": "동명동 200-120", "src": "build" }, "geometry": { "type": "Point", "coordinates": [ 126.922423, 35.151905 ] } },
{ "type": "Feature", "properties": { "name": "동구 동명로25번길 14-4", "cat": "주소", "sub": "주택", "addr": "동구 동명로25번길 14-4 (동명동)", "alt": "동명동 200-125", "src": "build" }, "geometry": { "type": "Point", "coordinates": [ 126.922455, 35.151831 ] } },
{ "type": "Feature", "properties": { "name": "동구 동명로25번길 14-6", "cat": "주소", "sub": "주택", "addr": "동구 동명로25번길 14-6 (동명동)", "alt": "동명동 200-147", "src": "build" }, "geometry": { "type": "Point", "coordinates": [ 126.922496, 35.151907 ] } },
{ "type": "Feature", "properties": { "name": "동구 동명로25번길 14-7", "cat": "주소", "sub": "주택", "addr": "동구 동명로25번길 14-7 (동명동)", "alt": "동명동 200-115", "src": "build" }, "geometry": { "type": "Point", "coordinates": [ 126.922445, 35.151984 ] } },
{ "type": "Feature", "properties": { "name": "동구 동명로25번길 14-8", "cat": "주소", "sub": "주택", "addr": "동구 동명로25번길 14-8 (동명동)", "alt": "동명동 200-146", "src": "build" }, "geometry": { "type": "Point", "coordinates": [ 126.922531, 35.152007 ] } },
{ "type": "Feature", "properties": { "name": "동구 동명로25번길 16", "cat": "주소", "sub": "주택", "addr": "동구 동명로25번길 16 (동명동)", "alt": "동명동 200-136", "src": "build" }, "geometry": { "type": "Point", "coordinates": [ 126.922167, 35.151804 ] } },
{ "type": "Feature", "properties": { "name": "동구 동명로25번길 16-1", "cat": "주소", "sub": "주택", "addr": "동구 동명로25번길 16-1 (동명동)", "alt": "동명동 200-122", "src": "build" }, "geometry": { "type": "Point", "coordinates": [ 126.922204, 35.151876 ] } },
{ "type": "Feature", "properties": { "name": "동구 동명로25번길 16-2", "cat": "주소", "sub": "주택", "addr": "동구 동명로25번길 16-2 (동명동)", "alt": "동명동 200-121 · 동명동 200-131", "src": "build" }, "geometry": { "type": "Point", "coordinates": [ 126.922263, 35.15195 ] } },
{ "type": "Feature", "properties": { "name": "동구 동명로25번길 18", "cat": "주소", "sub": "주택", "addr": "동구 동명로25번길 18 (동명동)", "alt": "동명동 200-137", "src": "build" }, "geometry": { "type": "Point", "coordinates": [ 126.921973, 35.151842 ] } },
{ "type": "Feature", "properties": { "name": "동구 동명로25번길 3-2", "cat": "주소", "sub": "근린생활시설", "addr": "동구 동명로25번길 3-2 (동명동)", "alt": "동명동 200-171", "src": "build" }, "geometry": { "type": "Point", "coordinates": [ 126.923246, 35.151346 ] } },
{ "type": "Feature", "properties": { "name": "동구 동명로25번길 3-4", "cat": "주소", "sub": "주택", "addr": "동구 동명로25번길 3-4 (동명동)", "alt": "동명동 200-172", "src": "build" }, "geometry": { "type": "Point", "coordinates": [ 126.923214, 35.151265 ] } },
{ "type": "Feature", "properties": { "name": "동구 동명로25번길 3-8", "cat": "주소", "sub": "주택", "addr": "동구 동명로25번길 3-8 (동명동)", "alt": "동명동 200-174", "src": "build" }, "geometry": { "type": "Point", "coordinates": [ 126.923134, 35.151079 ] } },
{ "type": "Feature", "properties": { "name": "동구 동명로25번길 4", "cat": "주소", "sub": "근린생활시설", "addr": "동구 동명로25번길 4 (동명동)", "alt": "동명동 200-195", "src": "build" }, "geometry": { "type": "Point", "coordinates": [ 126.92339, 35.151475 ] } },
{ "type": "Feature", "properties": { "name": "동구 동명로25번길 4-1", "cat": "주소", "sub": "주택", "addr": "동구 동명로25번길 4-1 (동명동)", "alt": "동명동 200-107", "src": "build" }, "geometry": { "type": "Point", "coordinates": [ 126.923299, 35.151516 ] } },
{ "type": "Feature", "properties": { "name": "동구 동명로25번길 4-3", "cat": "주소", "sub": "주택", "addr": "동구 동명로25번길 4-3 (동명동)", "alt": "동명동 200-203", "src": "build" }, "geometry": { "type": "Point", "coordinates": [ 126.923337, 35.151593 ] } },
{ "type": "Feature", "properties": { "name": "동구 동명로25번길 4-4", "cat": "주소", "sub": "주택", "addr": "동구 동명로25번길 4-4 (동명동)", "alt": "동명동 200-108", "src": "build" }, "geometry": { "type": "Point", "coordinates": [ 126.923388, 35.151565 ] } },
{ "type": "Feature", "properties": { "name": "동구 동명로25번길 4-5", "cat": "주소", "sub": "주택", "addr": "동구 동명로25번길 4-5 (동명동)", "alt": "동명동 200-103", "src": "build" }, "geometry": { "type": "Point", "coordinates": [ 126.923343, 35.151679 ] } },
{ "type": "Feature", "properties": { "name": "동구 동명로25번길 4-6", "cat": "주소", "sub": "주택", "addr": "동구 동명로25번길 4-6 (동명동)", "alt": "동명동 200-102", "src": "build" }, "geometry": { "type": "Point", "coordinates": [ 126.923439, 35.151684 ] } },
{ "type": "Feature", "properties": { "name": "동구 동명로25번길 4-7", "cat": "주소", "sub": "주택", "addr": "동구 동명로25번길 4-7 (동명동)", "alt": "동명동 200-98", "src": "build" }, "geometry": { "type": "Point", "coordinates": [ 126.923405, 35.151789 ] } },
{ "type": "Feature", "properties": { "name": "동구 동명로25번길 4-8", "cat": "주소", "sub": "주택", "addr": "동구 동명로25번길 4-8 (동명동)", "alt": "동명동 200-99", "src": "build" }, "geometry": { "type": "Point", "coordinates": [ 126.923475, 35.151744 ] } },
{ "type": "Feature", "properties": { "name": "동구 동명로25번길 6", "cat": "주소", "sub": "주택", "addr": "동구 동명로25번길 6 (동명동)", "alt": "동명동 200-155", "src": "build" }, "geometry": { "type": "Point", "coordinates": [ 126.923094, 35.151568 ] } },
{ "type": "Feature", "properties": { "name": "동구 동명로25번길 6-1", "cat": "주소", "sub": "주택", "addr": "동구 동명로25번길 6-1 (동명동)", "alt": "동명동 200-154", "src": "build" }, "geometry": { "type": "Point", "coordinates": [ 126.923162, 35.151641 ] } },
{ "type": "Feature", "properties": { "name": "동구 동명로25번길 6-2", "cat": "주소", "sub": "근린생활시설", "addr": "동구 동명로25번길 6-2 (동명동)", "alt": "동명동 200-104", "src": "build" }, "geometry": { "type": "Point", "coordinates": [ 126.92321, 35.151724 ] } },
{ "type": "Feature", "properties": { "name": "동구 동명로25번길 7-1", "cat": "주소", "sub": "주택", "addr": "동구 동명로25번길 7-1 (동명동)", "alt": "동명동 200-180", "src": "build" }, "geometry": { "type": "Point", "coordinates": [ 126.922953, 35.151413 ] } },
{ "type": "Feature", "properties": { "name": "동구 동명로25번길 7-2", "cat": "주소", "sub": "주택", "addr": "동구 동명로25번길 7-2 (동명동)", "alt": "동명동 200-182", "src": "build" }, "geometry": { "type": "Point", "coordinates": [ 126.922905, 35.151468 ] } },
{ "type": "Feature", "properties": { "name": "동구 동명로25번길 7-3", "cat": "주소", "sub": "근린생활시설", "addr": "동구 동명로25번길 7-3 (동명동)", "alt": "동명동 200-179", "src": "build" }, "geometry": { "type": "Point", "coordinates": [ 126.923008, 35.151313 ] } },
{ "type": "Feature", "properties": { "name": "동구 동명로25번길 7-4", "cat": "주소", "sub": "주택", "addr": "동구 동명로25번길 7-4 (동명동)", "alt": "동명동 200-183", "src": "build" }, "geometry": { "type": "Point", "coordinates": [ 126.922872, 35.151342 ] } },
{ "type": "Feature", "properties": { "name": "동구 동명로25번길 7-5", "cat": "주소", "sub": "주택", "addr": "동구 동명로25번길 7-5 (동명동)", "alt": "동명동 200-178", "src": "build" }, "geometry": { "type": "Point", "coordinates": [ 126.922884, 35.151234 ] } },
{ "type": "Feature", "properties": { "name": "동구 동명로25번길 7-6", "cat": "주소", "sub": "주택", "addr": "동구 동명로25번길 7-6 (동명동)", "alt": "동명동 200-184", "src": "build" }, "geometry": { "type": "Point", "coordinates": [ 126.922836, 35.151253 ] } },
{ "type": "Feature", "properties": { "name": "동구 동명로25번길 8", "cat": "주소", "sub": "근린생활시설", "addr": "동구 동명로25번길 8 (동명동)", "alt": "동명동 200-200", "src": "build" }, "geometry": { "type": "Point", "coordinates": [ 126.922833, 35.151612 ] } },
{ "type": "Feature", "properties": { "name": "동구 동명로25번길 9-1", "cat": "주소", "sub": "근린생활시설", "addr": "동구 동명로25번길 9-1 (동명동)", "alt": "동명동 200-193", "src": "build" }, "geometry": { "type": "Point", "coordinates": [ 126.922638, 35.151478 ] } },
{ "type": "Feature", "properties": { "name": "동구 동명로25번길 9-10", "cat": "주소", "sub": "주택", "addr": "동구 동명로25번길 9-10 (동명동)", "alt": "동명동 200-215", "src": "build" }, "geometry": { "type": "Point", "coordinates": [ 126.922258, 35.151439 ] } },
{ "type": "Feature", "properties": { "name": "동구 동명로25번길 9-3", "cat": "주소", "sub": "근린생활시설", "addr": "동구 동명로25번길 9-3 (동명동)", "alt": "동명동 200-192", "src": "build" }, "geometry": { "type": "Point", "coordinates": [ 126.922553, 35.151424 ] } },
{ "type": "Feature", "properties": { "name": "동구 동명로25번길 9-4", "cat": "주소", "sub": "근린생활시설", "addr": "동구 동명로25번길 9-4 (동명동)", "alt": "동명동 200-13 · 동명동 200-156", "src": "build" }, "geometry": { "type": "Point", "coordinates": [ 126.922515, 35.151517 ] } },
{ "type": "Feature", "properties": { "name": "동구 동명로25번길 9-6", "cat": "주소", "sub": "주택", "addr": "동구 동명로25번길 9-6 (동명동)", "alt": "동명동 200-157", "src": "build" }, "geometry": { "type": "Point", "coordinates": [ 126.922464, 35.151471 ] } },
{ "type": "Feature", "properties": { "name": "동구 동명로25번길 9-8", "cat": "주소", "sub": "근린생활시설", "addr": "동구 동명로25번길 9-8 (동명동)", "alt": "동명동 200-158", "src": "build" }, "geometry": { "type": "Point", "coordinates": [ 126.922396, 35.151416 ] } },
{ "type": "Feature", "properties": { "name": "동구 동명로25번길 9-9", "cat": "주소", "sub": "근린생활시설", "addr": "동구 동명로25번길 9-9 (동명동)", "alt": "동명동 200-189", "src": "build" }, "geometry": { "type": "Point", "coordinates": [ 126.922323, 35.151258 ] } },
{ "type": "Feature", "properties": { "name": "동구 동명로26번길 10", "cat": "주소", "sub": "주택", "addr": "동구 동명로26번길 10 (동명동)", "alt": "동명동 154-5 · 동명동 154-227", "src": "build" }, "geometry": { "type": "Point", "coordinates": [ 126.924776, 35.151026 ] } },
{ "type": "Feature", "properties": { "name": "동구 동명로26번길 11", "cat": "주소", "sub": "주택", "addr": "동구 동명로26번길 11 (동명동)", "alt": "동명동 155-19", "src": "build" }, "geometry": { "type": "Point", "coordinates": [ 126.925003, 35.151152 ] } },
{ "type": "Feature", "properties": { "name": "동구 동명로26번길 15-1", "cat": "주소", "sub": "업무시설", "addr": "동구 동명로26번길 15-1 (동명동)", "alt": "동명동 158-4", "src": "build" }, "geometry": { "type": "Point", "coordinates": [ 126.925493, 35.151144 ] } },
{ "type": "Feature", "properties": { "name": "동구 동명로26번길 15-3", "cat": "주소", "sub": "주택", "addr": "동구 동명로26번길 15-3 (동명동)", "alt": "동명동 157-8", "src": "build" }, "geometry": { "type": "Point", "coordinates": [ 126.925481, 35.151237 ] } },
{ "type": "Feature", "properties": { "name": "동구 동명로26번길 15-5", "cat": "주소", "sub": "주택", "addr": "동구 동명로26번길 15-5 (동명동)", "alt": "동명동 157-6", "src": "build" }, "geometry": { "type": "Point", "coordinates": [ 126.925532, 35.151319 ] } },
{ "type": "Feature", "properties": { "name": "동구 동명로26번길 17", "cat": "주소", "sub": "주택", "addr": "동구 동명로26번길 17 (동명동)", "alt": "동명동 158-1", "src": "build" }, "geometry": { "type": "Point", "coordinates": [ 126.925641, 35.151065 ] } },
{ "type": "Feature", "properties": { "name": "동구 동명로26번길 18", "cat": "주소", "sub": "주택", "addr": "동구 동명로26번길 18 (동명동)", "alt": "동명동 158-6", "src": "build" }, "geometry": { "type": "Point", "coordinates": [ 126.925666, 35.150967 ] } },
{ "type": "Feature", "properties": { "name": "동구 동명로26번길 19", "cat": "주소", "sub": "주택", "addr": "동구 동명로26번길 19 (동명동)", "alt": "동명동 163-33", "src": "build" }, "geometry": { "type": "Point", "coordinates": [ 126.925954, 35.151027 ] } },
{ "type": "Feature", "properties": { "name": "동구 동명로26번길 29-10", "cat": "주소", "sub": "근린생활시설", "addr": "동구 동명로26번길 29-10 (동명동)", "alt": "동명동 167-15", "src": "build" }, "geometry": { "type": "Point", "coordinates": [ 126.927164, 35.150921 ] } },
{ "type": "Feature", "properties": { "name": "동구 동명로26번길 29-3", "cat": "주소", "sub": "주택", "addr": "동구 동명로26번길 29-3 (동명동)", "alt": "동명동 163-8", "src": "build" }, "geometry": { "type": "Point", "coordinates": [ 126.927012, 35.151003 ] } },
{ "type": "Feature", "properties": { "name": "동구 동명로26번길 29-6", "cat": "주소", "sub": "주택", "addr": "동구 동명로26번길 29-6 (동명동)", "alt": "동명동 167-6", "src": "build" }, "geometry": { "type": "Point", "coordinates": [ 126.927296, 35.150889 ] } },
{ "type": "Feature", "properties": { "name": "동구 동명로26번길 29-8", "cat": "주소", "sub": "주택", "addr": "동구 동명로26번길 29-8 (동명동)", "alt": "동명동 167-14", "src": "build" }, "geometry": { "type": "Point", "coordinates": [ 126.927251, 35.1509 ] } },
{ "type": "Feature", "properties": { "name": "동구 동명로26번길 3", "cat": "주소", "sub": "근린생활시설", "addr": "동구 동명로26번길 3 (동명동)", "alt": "동명동 155-10", "src": "build" }, "geometry": { "type": "Point", "coordinates": [ 126.924137, 35.151257 ] } },
{ "type": "Feature", "properties": { "name": "동구 동명로26번길 3-1", "cat": "주소", "sub": "주택", "addr": "동구 동명로26번길 3-1 (동명동)", "alt": "동명동 155-12", "src": "build" }, "geometry": { "type": "Point", "coordinates": [ 126.924225, 35.151245 ] } },
{ "type": "Feature", "properties": { "name": "동구 동명로26번길 31", "cat": "주소", "sub": "주택", "addr": "동구 동명로26번길 31 (동명동)", "alt": "동명동 154-152", "src": "build" }, "geometry": { "type": "Point", "coordinates": [ 126.927153, 35.150843 ] } },
{ "type": "Feature", "properties": { "name": "동구 동명로26번길 33", "cat": "주소", "sub": "주택", "addr": "동구 동명로26번길 33 (동명동)", "alt": "동명동 154-151", "src": "build" }, "geometry": { "type": "Point", "coordinates": [ 126.927458, 35.150801 ] } },
{ "type": "Feature", "properties": { "name": "동구 동명로26번길 34", "cat": "주소", "sub": "근린생활시설", "addr": "동구 동명로26번길 34 (동명동)", "alt": "동명동 154-157", "src": "build" }, "geometry": { "type": "Point", "coordinates": [ 126.927314, 35.150697 ] } },
{ "type": "Feature", "properties": { "name": "동구 동명로26번길 35", "cat": "주소", "sub": "주택", "addr": "동구 동명로26번길 35 (동명동)", "alt": "동명동 154-92", "src": "build" }, "geometry": { "type": "Point", "coordinates": [ 126.927598, 35.150736 ] } },
{ "type": "Feature", "properties": { "name": "동구 동명로26번길 36", "cat": "주소", "sub": "주택", "addr": "동구 동명로26번길 36 (동명동)", "alt": "동명동 154-156", "src": "build" }, "geometry": { "type": "Point", "coordinates": [ 126.927596, 35.150627 ] } },
{ "type": "Feature", "properties": { "name": "동구 동명로26번길 37", "cat": "주소", "sub": "주택", "addr": "동구 동명로26번길 37 (동명동)", "alt": "동명동 154-122", "src": "build" }, "geometry": { "type": "Point", "coordinates": [ 126.927694, 35.150668 ] } },
{ "type": "Feature", "properties": { "name": "동구 동명로26번길 38", "cat": "주소", "sub": "주택", "addr": "동구 동명로26번길 38 (동명동)", "alt": "동명동 154-155 · 동명동 154-259", "src": "build" }, "geometry": { "type": "Point", "coordinates": [ 126.927726, 35.15059 ] } },
{ "type": "Feature", "properties": { "name": "동구 동명로26번길 38-1", "cat": "주소", "sub": "주택", "addr": "동구 동명로26번길 38-1 (동명동)", "alt": "동명동 154-211", "src": "build" }, "geometry": { "type": "Point", "coordinates": [ 126.927855, 35.15054 ] } },
{ "type": "Feature", "properties": { "name": "동구 동명로26번길 38-2", "cat": "주소", "sub": "주택", "addr": "동구 동명로26번길 38-2 (동명동)", "alt": "동명동 154-94", "src": "build" }, "geometry": { "type": "Point", "coordinates": [ 126.927753, 35.150543 ] } },
{ "type": "Feature", "properties": { "name": "동구 동명로26번길 38-3", "cat": "주소", "sub": "주택", "addr": "동구 동명로26번길 38-3 (동명동)", "alt": "동명동 154-195", "src": "build" }, "geometry": { "type": "Point", "coordinates": [ 126.927639, 35.15056 ] } },
{ "type": "Feature", "properties": { "name": "동구 동명로26번길 4", "cat": "주소", "sub": "주택", "addr": "동구 동명로26번길 4 (동명동)", "alt": "동명동 154-30", "src": "build" }, "geometry": { "type": "Point", "coordinates": [ 126.924089, 35.151197 ] } },
{ "type": "Feature", "properties": { "name": "동구 동명로26번길 40", "cat": "주소", "sub": "주택", "addr": "동구 동명로26번길 40 (동명동)", "alt": "동명동 154-206", "src": "build" }, "geometry": { "type": "Point", "coordinates": [ 126.927941, 35.150531 ] } },
{ "type": "Feature", "properties": { "name": "동구 동명로26번길 5", "cat": "주소", "sub": "주택", "addr": "동구 동명로26번길 5 (동명동)", "alt": "동명동 155-9", "src": "build" }, "geometry": { "type": "Point", "coordinates": [ 126.924391, 35.15121 ] } },
{ "type": "Feature", "properties": { "name": "동구 동명로26번길 5-1", "cat": "주소", "sub": "주택", "addr": "동구 동명로26번길 5-1 (동명동)", "alt": "동명동 155-6", "src": "build" }, "geometry": { "type": "Point", "coordinates": [ 126.924449, 35.151339 ] } },
{ "type": "Feature", "properties": { "name": "동구 동명로26번길 7", "cat": "주소", "sub": "주택", "addr": "동구 동명로26번길 7 (동명동)", "alt": "동명동 155-16", "src": "build" }, "geometry": { "type": "Point", "coordinates": [ 126.924537, 35.151232 ] } },
{ "type": "Feature", "properties": { "name": "동구 동명로26번길 8", "cat": "주소", "sub": "주택", "addr": "동구 동명로26번길 8 (동명동)", "alt": "동명동 154-28", "src": "build" }, "geometry": { "type": "Point", "coordinates": [ 126.924489, 35.151123 ] } },
{ "type": "Feature", "properties": { "name": "동구 동명로26번길 8-1", "cat": "주소", "sub": "근린생활시설", "addr": "동구 동명로26번길 8-1 (동명동)", "alt": "동명동 154-24", "src": "build" }, "geometry": { "type": "Point", "coordinates": [ 126.924543, 35.151026 ] } },
{ "type": "Feature", "properties": { "name": "동구 동명로26번길 9", "cat": "주소", "sub": "주택", "addr": "동구 동명로26번길 9 (동명동)", "alt": "동명동 155-1", "src": "build" }, "geometry": { "type": "Point", "coordinates": [ 126.924903, 35.151156 ] } },
{ "type": "Feature", "properties": { "name": "동구 동명로26번길 9-1", "cat": "주소", "sub": "주택", "addr": "동구 동명로26번길 9-1 (동명동)", "alt": "동명동 155-8", "src": "build" }, "geometry": { "type": "Point", "coordinates": [ 126.924725, 35.151225 ] } },
{ "type": "Feature", "properties": { "name": "동구 동명로26번길 9-3", "cat": "주소", "sub": "주택", "addr": "동구 동명로26번길 9-3 (동명동)", "alt": "동명동 155-24", "src": "build" }, "geometry": { "type": "Point", "coordinates": [ 126.92474, 35.151337 ] } },
{ "type": "Feature", "properties": { "name": "동구 동명로26번길 9-5", "cat": "주소", "sub": "주택", "addr": "동구 동명로26번길 9-5 (동명동)", "alt": "동명동 155-5", "src": "build" }, "geometry": { "type": "Point", "coordinates": [ 126.924621, 35.151401 ] } },
{ "type": "Feature", "properties": { "name": "동구 동명로67번길 7", "cat": "주소", "sub": "업무시설", "addr": "동구 동명로67번길 7 (동명동)", "alt": "동명동 169-9", "src": "build" }, "geometry": { "type": "Point", "coordinates": [ 126.927429, 35.151626 ] } },
{ "type": "Feature", "properties": { "name": "동구 동명로70번길 1-3", "cat": "주소", "sub": "주택", "addr": "동구 동명로70번길 1-3 (동명동)", "alt": "동명동 24-11", "src": "build" }, "geometry": { "type": "Point", "coordinates": [ 126.928428, 35.150786 ] } },
{ "type": "Feature", "properties": { "name": "동구 동명로70번길 5", "cat": "주소", "sub": "의료시설", "addr": "동구 동명로70번길 5 (동명동)", "alt": "동명동 20-4 · 동명동 19-5 · 동명동 20-3 · 동명동 19-9 · 동명동 20-5 · 동명동 24-5", "src": "build" }, "geometry": { "type": "Point", "coordinates": [ 126.928468, 35.150558 ] } },
{ "type": "Feature", "properties": { "name": "동구 동명로82번길 10", "cat": "주소", "sub": "주택", "addr": "동구 동명로82번길 10 (동명동)", "alt": "동명동 19-12", "src": "build" }, "geometry": { "type": "Point", "coordinates": [ 126.929026, 35.150298 ] } },
{ "type": "Feature", "properties": { "name": "동구 동명로82번길 10-1", "cat": "주소", "sub": "주택", "addr": "동구 동명로82번길 10-1 (동명동)", "alt": "동명동 19-13", "src": "build" }, "geometry": { "type": "Point", "coordinates": [ 126.928957, 35.150277 ] } },
{ "type": "Feature", "properties": { "name": "동구 동명로82번길 11", "cat": "주소", "sub": "주택", "addr": "동구 동명로82번길 11 (동명동)", "alt": "동명동 18-10", "src": "build" }, "geometry": { "type": "Point", "coordinates": [ 126.928787, 35.150195 ] } },
{ "type": "Feature", "properties": { "name": "동구 동명로82번길 12", "cat": "주소", "sub": "주택", "addr": "동구 동명로82번길 12 (동명동)", "alt": "동명동 20-6", "src": "build" }, "geometry": { "type": "Point", "coordinates": [ 126.92883, 35.150248 ] } },
{ "type": "Feature", "properties": { "name": "동구 동명로82번길 13", "cat": "주소", "sub": "주택", "addr": "동구 동명로82번길 13 (동명동)", "alt": "동명동 21-1", "src": "build" }, "geometry": { "type": "Point", "coordinates": [ 126.928622, 35.150178 ] } },
{ "type": "Feature", "properties": { "name": "동구 동명로82번길 2", "cat": "주소", "sub": "주택", "addr": "동구 동명로82번길 2 (동명동)", "alt": "동명동 24-3", "src": "build" }, "geometry": { "type": "Point", "coordinates": [ 126.929473, 35.150816 ] } },
{ "type": "Feature", "properties": { "name": "동구 동명로82번길 3", "cat": "주소", "sub": "주택", "addr": "동구 동명로82번길 3 (동명동)", "alt": "동명동 18", "src": "build" }, "geometry": { "type": "Point", "coordinates": [ 126.929403, 35.150666 ] } },
{ "type": "Feature", "properties": { "name": "동구 동명로82번길 3-1", "cat": "주소", "sub": "주택", "addr": "동구 동명로82번길 3-1 (동명동)", "alt": "동명동 18-13", "src": "build" }, "geometry": { "type": "Point", "coordinates": [ 126.929368, 35.150582 ] } },
{ "type": "Feature", "properties": { "name": "동구 동명로82번길 4", "cat": "주소", "sub": "주택", "addr": "동구 동명로82번길 4 (동명동)", "alt": "동명동 19-1", "src": "build" }, "geometry": { "type": "Point", "coordinates": [ 126.929316, 35.15065 ] } },
{ "type": "Feature", "properties": { "name": "동구 동명로82번길 4-1", "cat": "주소", "sub": "주택", "addr": "동구 동명로82번길 4-1 (동명동)", "alt": "동명동 19-2", "src": "build" }, "geometry": { "type": "Point", "coordinates": [ 126.929141, 35.150669 ] } },
{ "type": "Feature", "properties": { "name": "동구 동명로82번길 5", "cat": "주소", "sub": "공장/창고시설", "addr": "동구 동명로82번길 5 (동명동)", "alt": "동명동 18-15", "src": "build" }, "geometry": { "type": "Point", "coordinates": [ 126.929425, 35.150414 ] } },
{ "type": "Feature", "properties": { "name": "동구 동명로82번길 6", "cat": "주소", "sub": "주택", "addr": "동구 동명로82번길 6 (동명동)", "alt": "동명동 19-3", "src": "build" }, "geometry": { "type": "Point", "coordinates": [ 126.929294, 35.150543 ] } },
{ "type": "Feature", "properties": { "name": "동구 동명로82번길 6-1", "cat": "주소", "sub": "주택", "addr": "동구 동명로82번길 6-1 (동명동)", "alt": "동명동 19-6", "src": "build" }, "geometry": { "type": "Point", "coordinates": [ 126.929267, 35.150488 ] } },
{ "type": "Feature", "properties": { "name": "동구 동명로82번길 7", "cat": "주소", "sub": "연립·다세대", "addr": "동구 동명로82번길 7 (동명동)", "alt": "동명동 18-2", "src": "build" }, "geometry": { "type": "Point", "coordinates": [ 126.929269, 35.150279 ] } },
{ "type": "Feature", "properties": { "name": "동구 동명로82번길 7-1", "cat": "주소", "sub": "공장/창고시설", "addr": "동구 동명로82번길 7-1 (동명동)", "alt": "동명동 18-5", "src": "build" }, "geometry": { "type": "Point", "coordinates": [ 126.929194, 35.150249 ] } },
{ "type": "Feature", "properties": { "name": "동구 동명로82번길 8", "cat": "주소", "sub": "주택", "addr": "동구 동명로82번길 8 (동명동)", "alt": "동명동 19-11", "src": "build" }, "geometry": { "type": "Point", "coordinates": [ 126.929179, 35.150324 ] } },
{ "type": "Feature", "properties": { "name": "동구 동명로82번길 8-2", "cat": "주소", "sub": "주택", "addr": "동구 동명로82번길 8-2 (동명동)", "alt": "동명동 19-14", "src": "build" }, "geometry": { "type": "Point", "coordinates": [ 126.929189, 35.150407 ] } },
{ "type": "Feature", "properties": { "name": "동구 동명로82번길 8-3", "cat": "주소", "sub": "주택", "addr": "동구 동명로82번길 8-3 (동명동)", "alt": "동명동 19-10", "src": "build" }, "geometry": { "type": "Point", "coordinates": [ 126.929074, 35.150383 ] } },
{ "type": "Feature", "properties": { "name": "동구 동명로82번길 9-1", "cat": "주소", "sub": "주택", "addr": "동구 동명로82번길 9-1 (동명동)", "alt": "동명동 18-6", "src": "build" }, "geometry": { "type": "Point", "coordinates": [ 126.929008, 35.150209 ] } },
{ "type": "Feature", "properties": { "name": "동구 동명로82번길 9-2", "cat": "주소", "sub": "주택", "addr": "동구 동명로82번길 9-2 (동명동)", "alt": "동명동 18-8", "src": "build" }, "geometry": { "type": "Point", "coordinates": [ 126.928938, 35.15023 ] } },
{ "type": "Feature", "properties": { "name": "동구 동명로82번길 9-3", "cat": "주소", "sub": "주택", "addr": "동구 동명로82번길 9-3 (동명동)", "alt": "동명동 18-7", "src": "build" }, "geometry": { "type": "Point", "coordinates": [ 126.929058, 35.150129 ] } },
{ "type": "Feature", "properties": { "name": "동구 동명로82번길 9-4", "cat": "주소", "sub": "주택", "addr": "동구 동명로82번길 9-4 (동명동)", "alt": "동명동 18-9", "src": "build" }, "geometry": { "type": "Point", "coordinates": [ 126.928976, 35.150143 ] } },
{ "type": "Feature", "properties": { "name": "동구 동명로98번길 10-2", "cat": "주소", "sub": "주택", "addr": "동구 동명로98번길 10-2 (동명동)", "alt": "동명동 2-1 · 동명동 2-16 · 동명동 2-19", "src": "build" }, "geometry": { "type": "Point", "coordinates": [ 126.930893, 35.149987 ] } },
{ "type": "Feature", "properties": { "name": "동구 동명로98번길 10-3", "cat": "주소", "sub": "주택", "addr": "동구 동명로98번길 10-3 (동명동)", "alt": "동명동 2-40", "src": "build" }, "geometry": { "type": "Point", "coordinates": [ 126.930757, 35.149959 ] } },
{ "type": "Feature", "properties": { "name": "동구 동명로98번길 12", "cat": "주소", "sub": "주택", "addr": "동구 동명로98번길 12 (동명동)", "alt": "동명동 2-20", "src": "build" }, "geometry": { "type": "Point", "coordinates": [ 126.930868, 35.149883 ] } },
{ "type": "Feature", "properties": { "name": "동구 동명로98번길 14", "cat": "주소", "sub": "주택", "addr": "동구 동명로98번길 14 (동명동)", "alt": "동명동 2-23", "src": "build" }, "geometry": { "type": "Point", "coordinates": [ 126.930869, 35.149778 ] } },
{ "type": "Feature", "properties": { "name": "동구 동명로98번길 18", "cat": "주소", "sub": "주택", "addr": "동구 동명로98번길 18 (동명동)", "alt": "동명동 287-24", "src": "build" }, "geometry": { "type": "Point", "coordinates": [ 126.930637, 35.149376 ] } },
{ "type": "Feature", "properties": { "name": "동구 동명로98번길 20-10", "cat": "주소", "sub": "주택", "addr": "동구 동명로98번길 20-10 (동명동)", "alt": "동명동 3-3 · 동명동 287-19", "src": "build" }, "geometry": { "type": "Point", "coordinates": [ 126.930039, 35.149308 ] } },
{ "type": "Feature", "properties": { "name": "동구 동명로98번길 20-12", "cat": "주소", "sub": "주택", "addr": "동구 동명로98번길 20-12 (동명동)", "alt": "동명동 287-19", "src": "build" }, "geometry": { "type": "Point", "coordinates": [ 126.929945, 35.149334 ] } },
{ "type": "Feature", "properties": { "name": "동구 동명로98번길 20-13", "cat": "주소", "sub": "주택", "addr": "동구 동명로98번길 20-13 (동명동)", "alt": "동명동 287-26", "src": "build" }, "geometry": { "type": "Point", "coordinates": [ 126.930153, 35.149269 ] } },
{ "type": "Feature", "properties": { "name": "동구 동명로98번길 20-15", "cat": "주소", "sub": "주택", "addr": "동구 동명로98번길 20-15 (동명동)", "alt": "동명동 287-25", "src": "build" }, "geometry": { "type": "Point", "coordinates": [ 126.929711, 35.149201 ] } },
{ "type": "Feature", "properties": { "name": "동구 동명로98번길 20-2", "cat": "주소", "sub": "주택", "addr": "동구 동명로98번길 20-2 (동명동)", "alt": "동명동 287-23 · 동명동 2-44", "src": "build" }, "geometry": { "type": "Point", "coordinates": [ 126.930514, 35.149338 ] } },
{ "type": "Feature", "properties": { "name": "동구 동명로98번길 20-3", "cat": "주소", "sub": "주택", "addr": "동구 동명로98번길 20-3 (동명동)", "alt": "동명동 111", "src": "build" }, "geometry": { "type": "Point", "coordinates": [ 126.930337, 35.149225 ] } },
{ "type": "Feature", "properties": { "name": "동구 동명로98번길 20-4", "cat": "주소", "sub": "주택", "addr": "동구 동명로98번길 20-4 (동명동)", "alt": "동명동 287-22 · 동명동 2-43", "src": "build" }, "geometry": { "type": "Point", "coordinates": [ 126.930379, 35.149339 ] } },
{ "type": "Feature", "properties": { "name": "동구 동명로98번길 20-5", "cat": "주소", "sub": "주택", "addr": "동구 동명로98번길 20-5 (동명동)", "alt": "동명동 110", "src": "build" }, "geometry": { "type": "Point", "coordinates": [ 126.930215, 35.149163 ] } },
{ "type": "Feature", "properties": { "name": "동구 동명로98번길 20-6", "cat": "주소", "sub": "주택", "addr": "동구 동명로98번길 20-6 (동명동)", "alt": "동명동 3-1 · 동명동 287-21", "src": "build" }, "geometry": { "type": "Point", "coordinates": [ 126.930246, 35.149343 ] } },
{ "type": "Feature", "properties": { "name": "동구 동명로98번길 20-7", "cat": "주소", "sub": "주택", "addr": "동구 동명로98번길 20-7 (동명동)", "alt": "동명동 109", "src": "build" }, "geometry": { "type": "Point", "coordinates": [ 126.930121, 35.149165 ] } },
{ "type": "Feature", "properties": { "name": "동구 동명로98번길 20-8", "cat": "주소", "sub": "주택", "addr": "동구 동명로98번길 20-8 (동명동)", "alt": "동명동 287-20", "src": "build" }, "geometry": { "type": "Point", "coordinates": [ 126.930164, 35.149321 ] } },
{ "type": "Feature", "properties": { "name": "동구 동명로98번길 22", "cat": "주소", "sub": "주택", "addr": "동구 동명로98번길 22 (동명동)", "alt": "동명동 111-11", "src": "build" }, "geometry": { "type": "Point", "coordinates": [ 126.930374, 35.149082 ] } },
{ "type": "Feature", "properties": { "name": "동구 동명로98번길 24", "cat": "주소", "sub": "근린생활시설", "addr": "동구 동명로98번길 24 (동명동)", "alt": "동명동 287-29", "src": "build" }, "geometry": { "type": "Point", "coordinates": [ 126.930452, 35.148993 ] } },
{ "type": "Feature", "properties": { "name": "동구 백서로 215-1", "cat": "주소", "sub": "유통시설", "addr": "동구 백서로 215-1 (동명동)", "alt": "동명동 139-2", "src": "build" }, "geometry": { "type": "Point", "coordinates": [ 126.926189, 35.14716 ] } },
{ "type": "Feature", "properties": { "name": "동구 백서로 216", "cat": "주소", "sub": "공장/창고시설", "addr": "동구 백서로 216 (동명동)", "alt": "동명동 138-6", "src": "build" }, "geometry": { "type": "Point", "coordinates": [ 126.92638, 35.146907 ] } },
{ "type": "Feature", "properties": { "name": "동구 백서로 216-13", "cat": "주소", "sub": "주택", "addr": "동구 백서로 216-13 (동명동)", "alt": "동명동 138-9", "src": "build" }, "geometry": { "type": "Point", "coordinates": [ 126.926766, 35.14661 ] } },
{ "type": "Feature", "properties": { "name": "동구 백서로 216-3", "cat": "주소", "sub": "주택", "addr": "동구 백서로 216-3 (동명동)", "alt": "동명동 138-7", "src": "build" }, "geometry": { "type": "Point", "coordinates": [ 126.926405, 35.146855 ] } },
{ "type": "Feature", "properties": { "name": "동구 백서로 216-5", "cat": "주소", "sub": "주택", "addr": "동구 백서로 216-5 (동명동)", "alt": "동명동 138-8", "src": "build" }, "geometry": { "type": "Point", "coordinates": [ 126.926611, 35.146819 ] } },
{ "type": "Feature", "properties": { "name": "동구 백서로 216-7", "cat": "주소", "sub": "주택", "addr": "동구 백서로 216-7 (동명동)", "alt": "동명동 138-15", "src": "build" }, "geometry": { "type": "Point", "coordinates": [ 126.926549, 35.146737 ] } },
{ "type": "Feature", "properties": { "name": "동구 백서로 217", "cat": "주소", "sub": "주택", "addr": "동구 백서로 217 (동명동)", "alt": "동명동 139-11", "src": "build" }, "geometry": { "type": "Point", "coordinates": [ 126.926246, 35.147251 ] } },
{ "type": "Feature", "properties": { "name": "동구 백서로 218", "cat": "주소", "sub": "근린생활시설", "addr": "동구 백서로 218 (동명동)", "alt": "동명동 138-5 · 동명동 137-4 · 동명동 137-5 · 동명동 135-26", "src": "build" }, "geometry": { "type": "Point", "coordinates": [ 126.926362, 35.147076 ] } },
{ "type": "Feature", "properties": { "name": "동구 백서로 218-1", "cat": "주소", "sub": "주택", "addr": "동구 백서로 218-1 (동명동)", "alt": "동명동 137-6", "src": "build" }, "geometry": { "type": "Point", "coordinates": [ 126.926437, 35.147179 ] } },
{ "type": "Feature", "properties": { "name": "동구 백서로 219", "cat": "주소", "sub": "업무시설", "addr": "동구 백서로 219 (동명동)", "alt": "동명동 140-13", "src": "build" }, "geometry": { "type": "Point", "coordinates": [ 126.926333, 35.147362 ] } },
{ "type": "Feature", "properties": { "name": "동구 백서로 220", "cat": "주소", "sub": "근린생활시설", "addr": "동구 백서로 220 (동명동)", "alt": "동명동 137-3", "src": "build" }, "geometry": { "type": "Point", "coordinates": [ 126.926488, 35.147255 ] } },
{ "type": "Feature", "properties": { "name": "동구 백서로 221", "cat": "주소", "sub": "주택", "addr": "동구 백서로 221 (동명동)", "alt": "동명동 141-9", "src": "build" }, "geometry": { "type": "Point", "coordinates": [ 126.926565, 35.147556 ] } },
{ "type": "Feature", "properties": { "name": "동구 백서로 222", "cat": "주소", "sub": "근린생활시설", "addr": "동구 백서로 222 (동명동)", "alt": "동명동 141-13", "src": "build" }, "geometry": { "type": "Point", "coordinates": [ 126.926677, 35.147524 ] } },
{ "type": "Feature", "properties": { "name": "동구 백서로 223", "cat": "주소", "sub": "주택", "addr": "동구 백서로 223 (동명동)", "alt": "동명동 141-7", "src": "build" }, "geometry": { "type": "Point", "coordinates": [ 126.926603, 35.147774 ] } },
{ "type": "Feature", "properties": { "name": "동구 백서로 225", "cat": "주소", "sub": "근린생활시설", "addr": "동구 백서로 225 (동명동)", "alt": "동명동 141-22", "src": "build" }, "geometry": { "type": "Point", "coordinates": [ 126.926652, 35.147863 ] } },
{ "type": "Feature", "properties": { "name": "동구 백서로 225-1", "cat": "주소", "sub": "근린생활시설", "addr": "동구 백서로 225-1 (동명동)", "alt": "동명동 141-19", "src": "build" }, "geometry": { "type": "Point", "coordinates": [ 126.926655, 35.147947 ] } },
{ "type": "Feature", "properties": { "name": "동구 백서로 226-1", "cat": "주소", "sub": "주택", "addr": "동구 백서로 226-1 (동명동)", "alt": "동명동 142-36", "src": "build" }, "geometry": { "type": "Point", "coordinates": [ 126.926859, 35.147894 ] } },
{ "type": "Feature", "properties": { "name": "동구 백서로 227", "cat": "주소", "sub": "근린생활시설", "addr": "동구 백서로 227 (동명동)", "alt": "동명동 143-42", "src": "build" }, "geometry": { "type": "Point", "coordinates": [ 126.926662, 35.148034 ] } },
{ "type": "Feature", "properties": { "name": "동구 백서로 227-1", "cat": "주소", "sub": "근린생활시설", "addr": "동구 백서로 227-1 (동명동)", "alt": "동명동 143-28", "src": "build" }, "geometry": { "type": "Point", "coordinates": [ 126.926654, 35.148112 ] } },
{ "type": "Feature", "properties": { "name": "동구 백서로 229", "cat": "주소", "sub": "근린생활시설", "addr": "동구 백서로 229 (동명동)", "alt": "동명동 143-27", "src": "build" }, "geometry": { "type": "Point", "coordinates": [ 126.926648, 35.14821 ] } },
{ "type": "Feature", "properties": { "name": "동구 백서로 231-1", "cat": "주소", "sub": "주택", "addr": "동구 백서로 231-1 (동명동)", "alt": "동명동 143-18", "src": "build" }, "geometry": { "type": "Point", "coordinates": [ 126.926644, 35.14845 ] } },
{ "type": "Feature", "properties": { "name": "동구 백서로 232", "cat": "주소", "sub": "종교시설", "addr": "동구 백서로 232 (동명동)", "alt": "동명동 80-1", "src": "build" }, "geometry": { "type": "Point", "coordinates": [ 126.926998, 35.148372 ] } },
{ "type": "Feature", "properties": { "name": "동구 백서로 233", "cat": "주소", "sub": "근린생활시설", "addr": "동구 백서로 233 (동명동)", "alt": "동명동 143-49", "src": "build" }, "geometry": { "type": "Point", "coordinates": [ 126.926653, 35.148619 ] } },
{ "type": "Feature", "properties": { "name": "동구 백서로 235", "cat": "주소", "sub": "근린생활시설", "addr": "동구 백서로 235 (동명동)", "alt": "동명동 143-47", "src": "build" }, "geometry": { "type": "Point", "coordinates": [ 126.926663, 35.14873 ] } },
{ "type": "Feature", "properties": { "name": "동구 백서로 238", "cat": "주소", "sub": "업무시설", "addr": "동구 백서로 238 (동명동)", "alt": "동명동 80-6", "src": "build" }, "geometry": { "type": "Point", "coordinates": [ 126.926882, 35.148921 ] } },
{ "type": "Feature", "properties": { "name": "동구 백서로 238-3", "cat": "주소", "sub": "주택", "addr": "동구 백서로 238-3 (동명동)", "alt": "동명동 80-10", "src": "build" }, "geometry": { "type": "Point", "coordinates": [ 126.927124, 35.148914 ] } },
{ "type": "Feature", "properties": { "name": "동구 백서로224번길 12", "cat": "주소", "sub": "주택", "addr": "동구 백서로224번길 12 (동명동)", "alt": "동명동 142-42", "src": "build" }, "geometry": { "type": "Point", "coordinates": [ 126.927777, 35.147889 ] } },
{ "type": "Feature", "properties": { "name": "동구 백서로224번길 2", "cat": "주소", "sub": "주택", "addr": "동구 백서로224번길 2 (동명동)", "alt": "동명동 142-60", "src": "build" }, "geometry": { "type": "Point", "coordinates": [ 126.926785, 35.1477 ] } },
{ "type": "Feature", "properties": { "name": "동구 백서로224번길 2-1", "cat": "주소", "sub": "주택", "addr": "동구 백서로224번길 2-1 (동명동)", "alt": "동명동 142-59", "src": "build" }, "geometry": { "type": "Point", "coordinates": [ 126.92691, 35.14769 ] } },
{ "type": "Feature", "properties": { "name": "동구 백서로224번길 2-12", "cat": "주소", "sub": "주택", "addr": "동구 백서로224번길 2-12 (동명동)", "alt": "동명동 136-8", "src": "build" }, "geometry": { "type": "Point", "coordinates": [ 126.927138, 35.147394 ] } },
{ "type": "Feature", "properties": { "name": "동구 백서로224번길 2-3", "cat": "주소", "sub": "주택", "addr": "동구 백서로224번길 2-3 (동명동)", "alt": "동명동 142-58", "src": "build" }, "geometry": { "type": "Point", "coordinates": [ 126.926936, 35.147601 ] } },
{ "type": "Feature", "properties": { "name": "동구 백서로224번길 2-4", "cat": "주소", "sub": "주택", "addr": "동구 백서로224번길 2-4 (동명동)", "alt": "동명동 142-61", "src": "build" }, "geometry": { "type": "Point", "coordinates": [ 126.926876, 35.147587 ] } },
{ "type": "Feature", "properties": { "name": "동구 백서로224번길 2-5", "cat": "주소", "sub": "주택", "addr": "동구 백서로224번길 2-5 (동명동)", "alt": "동명동 142-57", "src": "build" }, "geometry": { "type": "Point", "coordinates": [ 126.926965, 35.147515 ] } },
{ "type": "Feature", "properties": { "name": "동구 백서로224번길 2-6", "cat": "주소", "sub": "주택", "addr": "동구 백서로224번길 2-6 (동명동)", "alt": "동명동 142-62", "src": "build" }, "geometry": { "type": "Point", "coordinates": [ 126.926927, 35.147514 ] } },
{ "type": "Feature", "properties": { "name": "동구 백서로224번길 2-8", "cat": "주소", "sub": "주택", "addr": "동구 백서로224번길 2-8 (동명동)", "alt": "동명동 142-63", "src": "build" }, "geometry": { "type": "Point", "coordinates": [ 126.926934, 35.147427 ] } },
{ "type": "Feature", "properties": { "name": "동구 백서로224번길 2-9", "cat": "주소", "sub": "주택", "addr": "동구 백서로224번길 2-9 (동명동)", "alt": "동명동 142-56", "src": "build" }, "geometry": { "type": "Point", "coordinates": [ 126.926991, 35.147434 ] } },
{ "type": "Feature", "properties": { "name": "동구 백서로224번길 5-1", "cat": "주소", "sub": "주택", "addr": "동구 백서로224번길 5-1 (동명동)", "alt": "동명동 142-37", "src": "build" }, "geometry": { "type": "Point", "coordinates": [ 126.927105, 35.147951 ] } },
{ "type": "Feature", "properties": { "name": "동구 백서로224번길 6", "cat": "주소", "sub": "주택", "addr": "동구 백서로224번길 6 (동명동)", "alt": "동명동 142-52", "src": "build" }, "geometry": { "type": "Point", "coordinates": [ 126.927201, 35.147754 ] } },
{ "type": "Feature", "properties": { "name": "동구 백서로224번길 6-1", "cat": "주소", "sub": "주택", "addr": "동구 백서로224번길 6-1 (동명동)", "alt": "동명동 142-48", "src": "build" }, "geometry": { "type": "Point", "coordinates": [ 126.927251, 35.14777 ] } },
{ "type": "Feature", "properties": { "name": "동구 백서로224번길 6-3", "cat": "주소", "sub": "주택", "addr": "동구 백서로224번길 6-3 (동명동)", "alt": "동명동 142-49", "src": "build" }, "geometry": { "type": "Point", "coordinates": [ 126.927282, 35.147675 ] } },
{ "type": "Feature", "properties": { "name": "동구 백서로224번길 6-4", "cat": "주소", "sub": "주택", "addr": "동구 백서로224번길 6-4 (동명동)", "alt": "동명동 142-53", "src": "build" }, "geometry": { "type": "Point", "coordinates": [ 126.92723, 35.147664 ] } },
{ "type": "Feature", "properties": { "name": "동구 백서로224번길 6-5", "cat": "주소", "sub": "주택", "addr": "동구 백서로224번길 6-5 (동명동)", "alt": "동명동 142-50", "src": "build" }, "geometry": { "type": "Point", "coordinates": [ 126.927316, 35.147593 ] } },
{ "type": "Feature", "properties": { "name": "동구 백서로224번길 6-6", "cat": "주소", "sub": "주택", "addr": "동구 백서로224번길 6-6 (동명동)", "alt": "동명동 142-54", "src": "build" }, "geometry": { "type": "Point", "coordinates": [ 126.927259, 35.147586 ] } },
{ "type": "Feature", "properties": { "name": "동구 백서로224번길 6-7", "cat": "주소", "sub": "주택", "addr": "동구 백서로224번길 6-7 (동명동)", "alt": "동명동 142-51", "src": "build" }, "geometry": { "type": "Point", "coordinates": [ 126.927346, 35.147508 ] } },
{ "type": "Feature", "properties": { "name": "동구 백서로224번길 6-8", "cat": "주소", "sub": "주택", "addr": "동구 백서로224번길 6-8 (동명동)", "alt": "동명동 142-55", "src": "build" }, "geometry": { "type": "Point", "coordinates": [ 126.927283, 35.1475 ] } },
{ "type": "Feature", "properties": { "name": "동구 백서로224번길 7-1", "cat": "주소", "sub": "주택", "addr": "동구 백서로224번길 7-1 (동명동)", "alt": "동명동 142-70", "src": "build" }, "geometry": { "type": "Point", "coordinates": [ 126.927395, 35.148003 ] } },
{ "type": "Feature", "properties": { "name": "동구 백서로224번길 8", "cat": "주소", "sub": "주택", "addr": "동구 백서로224번길 8 (동명동)", "alt": "동명동 142-44", "src": "build" }, "geometry": { "type": "Point", "coordinates": [ 126.927513, 35.14783 ] } },
{ "type": "Feature", "properties": { "name": "동구 백서로224번길 8-1", "cat": "주소", "sub": "주택", "addr": "동구 백서로224번길 8-1 (동명동)", "alt": "동명동 142-65", "src": "build" }, "geometry": { "type": "Point", "coordinates": [ 126.927559, 35.147844 ] } },
{ "type": "Feature", "properties": { "name": "동구 백서로224번길 8-3", "cat": "주소", "sub": "주택", "addr": "동구 백서로224번길 8-3 (동명동)", "alt": "동명동 142-66", "src": "build" }, "geometry": { "type": "Point", "coordinates": [ 126.927583, 35.147762 ] } },
{ "type": "Feature", "properties": { "name": "동구 백서로224번길 8-4", "cat": "주소", "sub": "주택", "addr": "동구 백서로224번길 8-4 (동명동)", "alt": "동명동 142-45", "src": "build" }, "geometry": { "type": "Point", "coordinates": [ 126.927542, 35.147738 ] } },
{ "type": "Feature", "properties": { "name": "동구 백서로224번길 8-5", "cat": "주소", "sub": "주택", "addr": "동구 백서로224번길 8-5 (동명동)", "alt": "동명동 142-69", "src": "build" }, "geometry": { "type": "Point", "coordinates": [ 126.927617, 35.147657 ] } },
{ "type": "Feature", "properties": { "name": "동구 백서로224번길 8-6", "cat": "주소", "sub": "주택", "addr": "동구 백서로224번길 8-6 (동명동)", "alt": "동명동 142-46", "src": "build" }, "geometry": { "type": "Point", "coordinates": [ 126.927568, 35.147652 ] } },
{ "type": "Feature", "properties": { "name": "동구 백서로224번길 8-8", "cat": "주소", "sub": "근린생활시설", "addr": "동구 백서로224번길 8-8 (동명동)", "alt": "동명동 142-47", "src": "build" }, "geometry": { "type": "Point", "coordinates": [ 126.927571, 35.147565 ] } },
{ "type": "Feature", "properties": { "name": "동구 아가페실버센터", "cat": "건물", "sub": "교육및복지시설", "addr": "동구 동명로20번길 7 (동명동)", "alt": "동명동 154-27", "src": "build" }, "geometry": { "type": "Point", "coordinates": [ 126.924348, 35.150762 ] } },
{ "type": "Feature", "properties": { "name": "동구 장동로 23-10", "cat": "주소", "sub": "근린생활시설", "addr": "동구 장동로 23-10 (동명동)", "alt": "동명동 151-1 · 동명동 143-8 · 동명동 143-70", "src": "build" }, "geometry": { "type": "Point", "coordinates": [ 126.924747, 35.148408 ] } },
{ "type": "Feature", "properties": { "name": "동구 장동로 23-12", "cat": "주소", "sub": "근린생활시설", "addr": "동구 장동로 23-12 (동명동)", "alt": "동명동 151-3", "src": "build" }, "geometry": { "type": "Point", "coordinates": [ 126.924861, 35.1485 ] } },
{ "type": "Feature", "properties": { "name": "동구 장동로 23-16", "cat": "주소", "sub": "교육및복지시설", "addr": "동구 장동로 23-16 (동명동)", "alt": "", "src": "build" }, "geometry": { "type": "Point", "coordinates": [ 126.92502, 35.148621 ] } },
{ "type": "Feature", "properties": { "name": "동구 장동로 23-18", "cat": "주소", "sub": "유통시설", "addr": "동구 장동로 23-18 (동명동)", "alt": "동명동 287-1", "src": "build" }, "geometry": { "type": "Point", "coordinates": [ 126.924905, 35.148794 ] } },
{ "type": "Feature", "properties": { "name": "동구 장동로 23-6", "cat": "주소", "sub": "근린생활시설", "addr": "동구 장동로 23-6 (동명동)", "alt": "동명동 146-1", "src": "build" }, "geometry": { "type": "Point", "coordinates": [ 126.924649, 35.148305 ] } },
{ "type": "Feature", "properties": { "name": "동구 장동로 25", "cat": "주소", "sub": "근린생활시설", "addr": "동구 장동로 25 (동명동)", "alt": "동명동 146-8", "src": "build" }, "geometry": { "type": "Point", "coordinates": [ 126.9247, 35.148178 ] } },
{ "type": "Feature", "properties": { "name": "동구 장동로 27", "cat": "주소", "sub": "업무시설", "addr": "동구 장동로 27 (동명동)", "alt": "동명동 143-9", "src": "build" }, "geometry": { "type": "Point", "coordinates": [ 126.924906, 35.148138 ] } },
{ "type": "Feature", "properties": { "name": "동구 장동로 32", "cat": "주소", "sub": "주택", "addr": "동구 장동로 32 (동명동)", "alt": "동명동 143-82", "src": "build" }, "geometry": { "type": "Point", "coordinates": [ 126.925251, 35.147888 ] } },
{ "type": "Feature", "properties": { "name": "동구 장동로 34", "cat": "주소", "sub": "주택", "addr": "동구 장동로 34 (동명동)", "alt": "동명동 139-20", "src": "build" }, "geometry": { "type": "Point", "coordinates": [ 126.925393, 35.147826 ] } },
{ "type": "Feature", "properties": { "name": "동구 장동로 36", "cat": "주소", "sub": "업무시설", "addr": "동구 장동로 36 (동명동)", "alt": "동명동 143-60", "src": "build" }, "geometry": { "type": "Point", "coordinates": [ 126.925582, 35.147732 ] } },
{ "type": "Feature", "properties": { "name": "동구 장동로 37", "cat": "주소", "sub": "근린생활시설", "addr": "동구 장동로 37 (동명동)", "alt": "동명동 140-4 · 동명동 139-1 · 동명동 143-72", "src": "build" }, "geometry": { "type": "Point", "coordinates": [ 126.925905, 35.14771 ] } },
{ "type": "Feature", "properties": { "name": "동구 장동로 38", "cat": "주소", "sub": "주택", "addr": "동구 장동로 38 (동명동)", "alt": "동명동 139-14", "src": "build" }, "geometry": { "type": "Point", "coordinates": [ 126.925728, 35.147667 ] } },
{ "type": "Feature", "properties": { "name": "동구 장동로 38-1", "cat": "주소", "sub": "주택", "addr": "동구 장동로 38-1 (동명동)", "alt": "동명동 139-19", "src": "build" }, "geometry": { "type": "Point", "coordinates": [ 126.925828, 35.147601 ] } },
{ "type": "Feature", "properties": { "name": "동구 장동로 39", "cat": "주소", "sub": "주택", "addr": "동구 장동로 39 (동명동)", "alt": "동명동 140-6", "src": "build" }, "geometry": { "type": "Point", "coordinates": [ 126.926123, 35.147732 ] } },
{ "type": "Feature", "properties": { "name": "동구 장동로 40-1", "cat": "주소", "sub": "주택", "addr": "동구 장동로 40-1 (동명동)", "alt": "동명동 140-9", "src": "build" }, "geometry": { "type": "Point", "coordinates": [ 126.92605, 35.147543 ] } },
{ "type": "Feature", "properties": { "name": "동구 장동로 40-2", "cat": "주소", "sub": "주택", "addr": "동구 장동로 40-2 (동명동)", "alt": "동명동 139-15", "src": "build" }, "geometry": { "type": "Point", "coordinates": [ 126.925926, 35.147474 ] } },
{ "type": "Feature", "properties": { "name": "동구 장동로 41", "cat": "주소", "sub": "근린생활시설", "addr": "동구 장동로 41 (동명동)", "alt": "동명동 140-1", "src": "build" }, "geometry": { "type": "Point", "coordinates": [ 126.926189, 35.147596 ] } },
{ "type": "Feature", "properties": { "name": "동구 장동로 43", "cat": "주소", "sub": "근린생활시설", "addr": "동구 장동로 43 (동명동)", "alt": "동명동 141-14 · 동명동 141-6", "src": "build" }, "geometry": { "type": "Point", "coordinates": [ 126.926396, 35.147509 ] } },
{ "type": "Feature", "properties": { "name": "동구 장동로 43-1", "cat": "주소", "sub": "주택", "addr": "동구 장동로 43-1 (동명동)", "alt": "동명동 141-5 · 동명동 141-11", "src": "build" }, "geometry": { "type": "Point", "coordinates": [ 126.926476, 35.147469 ] } },
{ "type": "Feature", "properties": { "name": "동구 장동로 45", "cat": "주소", "sub": "근린생활시설", "addr": "동구 장동로 45 (동명동)", "alt": "동명동 141-1", "src": "build" }, "geometry": { "type": "Point", "coordinates": [ 126.92662, 35.147409 ] } },
{ "type": "Feature", "properties": { "name": "동구 장동로 47", "cat": "주소", "sub": "업무시설", "addr": "동구 장동로 47 (동명동)", "alt": "동명동 142-6", "src": "build" }, "geometry": { "type": "Point", "coordinates": [ 126.926802, 35.14734 ] } },
{ "type": "Feature", "properties": { "name": "동구 장동로 48", "cat": "주소", "sub": "근린생활시설", "addr": "동구 장동로 48 (동명동)", "alt": "동명동 137-2", "src": "build" }, "geometry": { "type": "Point", "coordinates": [ 126.926708, 35.147235 ] } },
{ "type": "Feature", "properties": { "name": "동구 장동로 48-1", "cat": "주소", "sub": "근린생활시설", "addr": "동구 장동로 48-1 (동명동)", "alt": "동명동 137-9", "src": "build" }, "geometry": { "type": "Point", "coordinates": [ 126.926803, 35.147191 ] } },
{ "type": "Feature", "properties": { "name": "동구 장동로 49", "cat": "주소", "sub": "주택", "addr": "동구 장동로 49 (동명동)", "alt": "동명동 137", "src": "build" }, "geometry": { "type": "Point", "coordinates": [ 126.927067, 35.14723 ] } },
{ "type": "Feature", "properties": { "name": "동구 장동로 51", "cat": "주소", "sub": "근린생활시설", "addr": "동구 장동로 51 (동명동)", "alt": "동명동 135-4", "src": "build" }, "geometry": { "type": "Point", "coordinates": [ 126.927133, 35.147199 ] } },
{ "type": "Feature", "properties": { "name": "동구 장동로 51-1", "cat": "주소", "sub": "근린생활시설", "addr": "동구 장동로 51-1 (동명동)", "alt": "동명동 135-18", "src": "build" }, "geometry": { "type": "Point", "coordinates": [ 126.927247, 35.147157 ] } },
{ "type": "Feature", "properties": { "name": "동구 장동로 52", "cat": "주소", "sub": "근린생활시설", "addr": "동구 장동로 52 (동명동)", "alt": "동명동 135-5", "src": "build" }, "geometry": { "type": "Point", "coordinates": [ 126.927186, 35.147049 ] } },
{ "type": "Feature", "properties": { "name": "동구 장동로 52-2", "cat": "주소", "sub": "주택", "addr": "동구 장동로 52-2 (동명동)", "alt": "동명동 135-12", "src": "build" }, "geometry": { "type": "Point", "coordinates": [ 126.927088, 35.147066 ] } },
{ "type": "Feature", "properties": { "name": "동구 장동로 52-5", "cat": "주소", "sub": "주택", "addr": "동구 장동로 52-5 (동명동)", "alt": "동명동 135-11", "src": "build" }, "geometry": { "type": "Point", "coordinates": [ 126.926984, 35.146837 ] } },
{ "type": "Feature", "properties": { "name": "동구 장동로 52-6", "cat": "주소", "sub": "주택", "addr": "동구 장동로 52-6 (동명동)", "alt": "동명동 135-13 · 동명동 135-15", "src": "build" }, "geometry": { "type": "Point", "coordinates": [ 126.926983, 35.146914 ] } },
{ "type": "Feature", "properties": { "name": "동구 장동로 52-7", "cat": "주소", "sub": "주택", "addr": "동구 장동로 52-7 (동명동)", "alt": "동명동 135-16", "src": "build" }, "geometry": { "type": "Point", "coordinates": [ 126.926915, 35.146832 ] } },
{ "type": "Feature", "properties": { "name": "동구 장동로 53", "cat": "주소", "sub": "근린생활시설", "addr": "동구 장동로 53 (동명동)", "alt": "동명동 135-22 · 동명동 135", "src": "build" }, "geometry": { "type": "Point", "coordinates": [ 126.927353, 35.147113 ] } },
{ "type": "Feature", "properties": { "name": "동구 장동로 53-3", "cat": "주소", "sub": "근린생활시설", "addr": "동구 장동로 53-3 (동명동)", "alt": "동명동 135-21 · 동명동 135", "src": "build" }, "geometry": { "type": "Point", "coordinates": [ 126.927407, 35.14718 ] } },
{ "type": "Feature", "properties": { "name": "동구 장동로 53-5", "cat": "주소", "sub": "근린생활시설", "addr": "동구 장동로 53-5 (동명동)", "alt": "동명동 135-20 · 동명동 135", "src": "build" }, "geometry": { "type": "Point", "coordinates": [ 126.927436, 35.147229 ] } },
{ "type": "Feature", "properties": { "name": "동구 장동로 53-9", "cat": "주소", "sub": "업무시설", "addr": "동구 장동로 53-9 (동명동)", "alt": "동명동 136-1", "src": "build" }, "geometry": { "type": "Point", "coordinates": [ 126.927526, 35.147491 ] } },
{ "type": "Feature", "properties": { "name": "동구 장동로 54", "cat": "주소", "sub": "근린생활시설", "addr": "동구 장동로 54 (동명동)", "alt": "동명동 135-2", "src": "build" }, "geometry": { "type": "Point", "coordinates": [ 126.927291, 35.147015 ] } },
{ "type": "Feature", "properties": { "name": "동구 장동로43번길 10", "cat": "주소", "sub": "주택", "addr": "동구 장동로43번길 10 (동명동)", "alt": "동명동 143-38", "src": "build" }, "geometry": { "type": "Point", "coordinates": [ 126.926426, 35.148322 ] } },
{ "type": "Feature", "properties": { "name": "동구 장동로43번길 11", "cat": "주소", "sub": "주택", "addr": "동구 장동로43번길 11 (동명동)", "alt": "동명동 143-33 · 동명동 143-55", "src": "build" }, "geometry": { "type": "Point", "coordinates": [ 126.926304, 35.148515 ] } },
{ "type": "Feature", "properties": { "name": "동구 장동로43번길 14", "cat": "주소", "sub": "주택", "addr": "동구 장동로43번길 14 (동명동)", "alt": "동명동 143-50", "src": "build" }, "geometry": { "type": "Point", "coordinates": [ 126.926436, 35.148581 ] } },
{ "type": "Feature", "properties": { "name": "동구 장동로43번길 14-1", "cat": "주소", "sub": "주택", "addr": "동구 장동로43번길 14-1 (동명동)", "alt": "동명동 143-48", "src": "build" }, "geometry": { "type": "Point", "coordinates": [ 126.926439, 35.14867 ] } },
{ "type": "Feature", "properties": { "name": "동구 장동로43번길 16", "cat": "주소", "sub": "주택", "addr": "동구 장동로43번길 16 (동명동)", "alt": "동명동 143-25", "src": "build" }, "geometry": { "type": "Point", "coordinates": [ 126.926442, 35.148754 ] } },
{ "type": "Feature", "properties": { "name": "동구 장동로43번길 2", "cat": "주소", "sub": "주택", "addr": "동구 장동로43번길 2 (동명동)", "alt": "동명동 141-10", "src": "build" }, "geometry": { "type": "Point", "coordinates": [ 126.926399, 35.147614 ] } },
{ "type": "Feature", "properties": { "name": "동구 장동로43번길 3", "cat": "주소", "sub": "주택", "addr": "동구 장동로43번길 3 (동명동)", "alt": "동명동 140-22", "src": "build" }, "geometry": { "type": "Point", "coordinates": [ 126.926301, 35.147781 ] } },
{ "type": "Feature", "properties": { "name": "동구 장동로43번길 4", "cat": "주소", "sub": "주택", "addr": "동구 장동로43번길 4 (동명동)", "alt": "동명동 141-16", "src": "build" }, "geometry": { "type": "Point", "coordinates": [ 126.926396, 35.147745 ] } },
{ "type": "Feature", "properties": { "name": "동구 장동로43번길 4-1", "cat": "주소", "sub": "근린생활시설", "addr": "동구 장동로43번길 4-1 (동명동)", "alt": "동명동 141-23", "src": "build" }, "geometry": { "type": "Point", "coordinates": [ 126.926404, 35.147844 ] } },
{ "type": "Feature", "properties": { "name": "동구 장동로43번길 5", "cat": "주소", "sub": "주택", "addr": "동구 장동로43번길 5 (동명동)", "alt": "동명동 143-61", "src": "build" }, "geometry": { "type": "Point", "coordinates": [ 126.926322, 35.147907 ] } },
{ "type": "Feature", "properties": { "name": "동구 장동로43번길 6", "cat": "주소", "sub": "주택", "addr": "동구 장동로43번길 6 (동명동)", "alt": "동명동 141-24", "src": "build" }, "geometry": { "type": "Point", "coordinates": [ 126.9264, 35.147921 ] } },
{ "type": "Feature", "properties": { "name": "동구 장동로43번길 7", "cat": "주소", "sub": "주택", "addr": "동구 장동로43번길 7 (동명동)", "alt": "동명동 143-46", "src": "build" }, "geometry": { "type": "Point", "coordinates": [ 126.92614, 35.14806 ] } },
{ "type": "Feature", "properties": { "name": "동구 장동로43번길 7-1", "cat": "주소", "sub": "주택", "addr": "동구 장동로43번길 7-1 (동명동)", "alt": "동명동 143-36", "src": "build" }, "geometry": { "type": "Point", "coordinates": [ 126.926333, 35.148048 ] } },
{ "type": "Feature", "properties": { "name": "동구 장동로43번길 7-2", "cat": "주소", "sub": "주택", "addr": "동구 장동로43번길 7-2 (동명동)", "alt": "동명동 143-52", "src": "build" }, "geometry": { "type": "Point", "coordinates": [ 126.9263, 35.148176 ] } },
{ "type": "Feature", "properties": { "name": "동구 장동로43번길 8-1", "cat": "주소", "sub": "주택", "addr": "동구 장동로43번길 8-1 (동명동)", "alt": "동명동 143-53", "src": "build" }, "geometry": { "type": "Point", "coordinates": [ 126.926432, 35.148186 ] } },
{ "type": "Feature", "properties": { "name": "동구 장동로43번길 9", "cat": "주소", "sub": "주택", "addr": "동구 장동로43번길 9 (동명동)", "alt": "동명동 143-34", "src": "build" }, "geometry": { "type": "Point", "coordinates": [ 126.926315, 35.148367 ] } },
{ "type": "Feature", "properties": { "name": "동구 장동로43번길 9-1", "cat": "주소", "sub": "주택", "addr": "동구 장동로43번길 9-1 (동명동)", "alt": "동명동 143-35", "src": "build" }, "geometry": { "type": "Point", "coordinates": [ 126.926179, 35.14829 ] } },
{ "type": "Feature", "properties": { "name": "동구 장동로54번길 2", "cat": "주소", "sub": "주택", "addr": "동구 장동로54번길 2 (동명동)", "alt": "동명동 135-6", "src": "build" }, "geometry": { "type": "Point", "coordinates": [ 126.927263, 35.146955 ] } },
{ "type": "Feature", "properties": { "name": "동구 장동로54번길 4", "cat": "주소", "sub": "주택", "addr": "동구 장동로54번길 4 (동명동)", "alt": "동명동 135-7", "src": "build" }, "geometry": { "type": "Point", "coordinates": [ 126.927209, 35.146865 ] } },
{ "type": "Feature", "properties": { "name": "동구 장동로54번길 6", "cat": "주소", "sub": "주택", "addr": "동구 장동로54번길 6 (동명동)", "alt": "동명동 133", "src": "build" }, "geometry": { "type": "Point", "coordinates": [ 126.92708, 35.146672 ] } },
{ "type": "Feature", "properties": { "name": "동구 장동로54번길 6-1", "cat": "주소", "sub": "주택", "addr": "동구 장동로54번길 6-1 (동명동)", "alt": "동명동 138-11", "src": "build" }, "geometry": { "type": "Point", "coordinates": [ 126.927022, 35.14658 ] } },
{ "type": "Feature", "properties": { "name": "동구 장동로54번길 8", "cat": "주소", "sub": "주택", "addr": "동구 장동로54번길 8 (동명동)", "alt": "동명동 138-12", "src": "build" }, "geometry": { "type": "Point", "coordinates": [ 126.926962, 35.146489 ] } },
{ "type": "Feature", "properties": { "name": "동구 중앙로 238", "cat": "주소", "sub": "주택", "addr": "동구 중앙로 238 (동명동)", "alt": "동명동 240-16 · 동명동 240-12 · 동명동 240-15", "src": "build" }, "geometry": { "type": "Point", "coordinates": [ 126.919407, 35.153256 ] } },
{ "type": "Feature", "properties": { "name": "동구 중앙로 238-1", "cat": "주소", "sub": "주택", "addr": "동구 중앙로 238-1 (동명동)", "alt": "동명동 240-1", "src": "build" }, "geometry": { "type": "Point", "coordinates": [ 126.919434, 35.15328 ] } },
{ "type": "Feature", "properties": { "name": "동구 중앙로 240", "cat": "주소", "sub": "업무시설", "addr": "동구 중앙로 240 (동명동)", "alt": "동명동 241", "src": "build" }, "geometry": { "type": "Point", "coordinates": [ 126.919608, 35.153251 ] } },
{ "type": "Feature", "properties": { "name": "동구 중앙로 240-1", "cat": "주소", "sub": "근린생활시설", "addr": "동구 중앙로 240-1 (동명동)", "alt": "동명동 242-4", "src": "build" }, "geometry": { "type": "Point", "coordinates": [ 126.919579, 35.153399 ] } },
{ "type": "Feature", "properties": { "name": "동구 중앙로 242", "cat": "주소", "sub": "근린생활시설", "addr": "동구 중앙로 242 (동명동)", "alt": "동명동 242-1", "src": "build" }, "geometry": { "type": "Point", "coordinates": [ 126.919651, 35.153458 ] } },
{ "type": "Feature", "properties": { "name": "동구 중앙로 242-1", "cat": "주소", "sub": "업무시설", "addr": "동구 중앙로 242-1 (동명동)", "alt": "동명동 242-5 · 동명동 243-18 · 동명동 237-3 · 동명동 242-13 · 동명동 242-3", "src": "build" }, "geometry": { "type": "Point", "coordinates": [ 126.919682, 35.153483 ] } },
{ "type": "Feature", "properties": { "name": "동구 중앙로 242-2", "cat": "주소", "sub": "근린생활시설", "addr": "동구 중앙로 242-2 (동명동)", "alt": "동명동 242-11", "src": "build" }, "geometry": { "type": "Point", "coordinates": [ 126.919715, 35.153512 ] } },
{ "type": "Feature", "properties": { "name": "동구 중앙로 244", "cat": "주소", "sub": "근린생활시설", "addr": "동구 중앙로 244 (동명동)", "alt": "동명동 242-12", "src": "build" }, "geometry": { "type": "Point", "coordinates": [ 126.91978, 35.153567 ] } },
{ "type": "Feature", "properties": { "name": "동구 중앙로 244-1", "cat": "주소", "sub": "주택", "addr": "동구 중앙로 244-1 (동명동)", "alt": "동명동 243-28", "src": "build" }, "geometry": { "type": "Point", "coordinates": [ 126.919876, 35.153644 ] } },
{ "type": "Feature", "properties": { "name": "동구 중앙로 246", "cat": "주소", "sub": "주택", "addr": "동구 중앙로 246 (동명동)", "alt": "동명동 243-27", "src": "build" }, "geometry": { "type": "Point", "coordinates": [ 126.919953, 35.153711 ] } },
{ "type": "Feature", "properties": { "name": "동구 중앙로 252", "cat": "주소", "sub": "유통시설", "addr": "동구 중앙로 252 (동명동)", "alt": "동명동 246-16 · 동명동 246-15 · 동명동 247-2", "src": "build" }, "geometry": { "type": "Point", "coordinates": [ 126.920428, 35.15409 ] } },
{ "type": "Feature", "properties": { "name": "동구 중앙로 252-1", "cat": "주소", "sub": "유통시설", "addr": "동구 중앙로 252-1 (동명동)", "alt": "동명동 247-4", "src": "build" }, "geometry": { "type": "Point", "coordinates": [ 126.920452, 35.154095 ] } },
{ "type": "Feature", "properties": { "name": "동구 중앙로 252-3", "cat": "주소", "sub": "근린생활시설", "addr": "동구 중앙로 252-3 (동명동)", "alt": "동명동 246-16", "src": "build" }, "geometry": { "type": "Point", "coordinates": [ 126.920439, 35.153991 ] } },
{ "type": "Feature", "properties": { "name": "동구 중앙로 252-5", "cat": "주소", "sub": "주택", "addr": "동구 중앙로 252-5 (동명동)", "alt": "동명동 246-2", "src": "build" }, "geometry": { "type": "Point", "coordinates": [ 126.920484, 35.153933 ] } },
{ "type": "Feature", "properties": { "name": "동구 중앙로 252-7", "cat": "주소", "sub": "주택", "addr": "동구 중앙로 252-7 (동명동)", "alt": "동명동 246-5", "src": "build" }, "geometry": { "type": "Point", "coordinates": [ 126.920552, 35.153848 ] } },
{ "type": "Feature", "properties": { "name": "동구 중앙로 254", "cat": "주소", "sub": "업무시설", "addr": "동구 중앙로 254 (동명동)", "alt": "동명동 248-2 · 동명동 248-14 · 동명동 248-15 · 동명동 248-6", "src": "build" }, "geometry": { "type": "Point", "coordinates": [ 126.920645, 35.154231 ] } },
{ "type": "Feature", "properties": { "name": "동구 중앙로 258", "cat": "주소", "sub": "업무시설", "addr": "동구 중앙로 258 (동명동)", "alt": "동명동 265-5", "src": "build" }, "geometry": { "type": "Point", "coordinates": [ 126.920836, 35.154675 ] } },
{ "type": "Feature", "properties": { "name": "동구 중앙로246번길 10", "cat": "주소", "sub": "주택", "addr": "동구 중앙로246번길 10 (동명동)", "alt": "동명동 236-2", "src": "build" }, "geometry": { "type": "Point", "coordinates": [ 126.920468, 35.153094 ] } },
{ "type": "Feature", "properties": { "name": "동구 중앙로246번길 11", "cat": "주소", "sub": "공장/창고시설", "addr": "동구 중앙로246번길 11 (동명동)", "alt": "동명동 236-7", "src": "build" }, "geometry": { "type": "Point", "coordinates": [ 126.920676, 35.152995 ] } },
{ "type": "Feature", "properties": { "name": "동구 중앙로246번길 11-1", "cat": "주소", "sub": "주택", "addr": "동구 중앙로246번길 11-1 (동명동)", "alt": "동명동 223-5", "src": "build" }, "geometry": { "type": "Point", "coordinates": [ 126.920846, 35.153031 ] } },
{ "type": "Feature", "properties": { "name": "동구 중앙로246번길 12", "cat": "주소", "sub": "주택", "addr": "동구 중앙로246번길 12 (동명동)", "alt": "동명동 236-8 · 동명동 236-14", "src": "build" }, "geometry": { "type": "Point", "coordinates": [ 126.920539, 35.152939 ] } },
{ "type": "Feature", "properties": { "name": "동구 중앙로246번길 12-1", "cat": "주소", "sub": "주택", "addr": "동구 중앙로246번길 12-1 (동명동)", "alt": "동명동 235-11", "src": "build" }, "geometry": { "type": "Point", "coordinates": [ 126.920701, 35.152892 ] } },
{ "type": "Feature", "properties": { "name": "동구 중앙로246번길 13", "cat": "주소", "sub": "주택", "addr": "동구 중앙로246번길 13 (동명동)", "alt": "동명동 236-9", "src": "build" }, "geometry": { "type": "Point", "coordinates": [ 126.920817, 35.152868 ] } },
{ "type": "Feature", "properties": { "name": "동구 중앙로246번길 13-1", "cat": "주소", "sub": "주택", "addr": "동구 중앙로246번길 13-1 (동명동)", "alt": "동명동 223-6 · 동명동 236-10", "src": "build" }, "geometry": { "type": "Point", "coordinates": [ 126.920903, 35.152786 ] } },
{ "type": "Feature", "properties": { "name": "동구 중앙로246번길 14", "cat": "주소", "sub": "주택", "addr": "동구 중앙로246번길 14 (동명동)", "alt": "동명동 235-2", "src": "build" }, "geometry": { "type": "Point", "coordinates": [ 126.920721, 35.152761 ] } },
{ "type": "Feature", "properties": { "name": "동구 중앙로246번길 15", "cat": "주소", "sub": "근린생활시설", "addr": "동구 중앙로246번길 15 (동명동)", "alt": "동명동 236-11", "src": "build" }, "geometry": { "type": "Point", "coordinates": [ 126.920952, 35.152739 ] } },
{ "type": "Feature", "properties": { "name": "동구 중앙로246번길 16", "cat": "주소", "sub": "유통시설", "addr": "동구 중앙로246번길 16 (동명동)", "alt": "동명동 234", "src": "build" }, "geometry": { "type": "Point", "coordinates": [ 126.92088, 35.152672 ] } },
{ "type": "Feature", "properties": { "name": "동구 중앙로246번길 2", "cat": "주소", "sub": "근린생활시설", "addr": "동구 중앙로246번길 2 (동명동)", "alt": "동명동 243-5", "src": "build" }, "geometry": { "type": "Point", "coordinates": [ 126.919989, 35.153681 ] } },
{ "type": "Feature", "properties": { "name": "동구 중앙로246번길 2-1", "cat": "주소", "sub": "근린생활시설", "addr": "동구 중앙로246번길 2-1 (동명동)", "alt": "동명동 243-7 · 동명동 243-6 · 동명동 243-8", "src": "build" }, "geometry": { "type": "Point", "coordinates": [ 126.920041, 35.153626 ] } },
{ "type": "Feature", "properties": { "name": "동구 중앙로246번길 4", "cat": "주소", "sub": "유흥/위락시설", "addr": "동구 중앙로246번길 4 (동명동)", "alt": "동명동 243-12", "src": "build" }, "geometry": { "type": "Point", "coordinates": [ 126.920159, 35.153481 ] } },
{ "type": "Feature", "properties": { "name": "동구 중앙로246번길 4-1", "cat": "주소", "sub": "주택", "addr": "동구 중앙로246번길 4-1 (동명동)", "alt": "동명동 243-14", "src": "build" }, "geometry": { "type": "Point", "coordinates": [ 126.920198, 35.153437 ] } },
{ "type": "Feature", "properties": { "name": "동구 중앙로246번길 5", "cat": "주소", "sub": "근린생활시설", "addr": "동구 중앙로246번길 5 (동명동)", "alt": "동명동 236 · 동명동 236-4 · 동명동 236-16 · 동명동 245-24", "src": "build" }, "geometry": { "type": "Point", "coordinates": [ 126.920373, 35.153343 ] } },
{ "type": "Feature", "properties": { "name": "동구 중앙로246번길 6", "cat": "주소", "sub": "근린생활시설", "addr": "동구 중앙로246번길 6 (동명동)", "alt": "동명동 243-15", "src": "build" }, "geometry": { "type": "Point", "coordinates": [ 126.920225, 35.153409 ] } },
{ "type": "Feature", "properties": { "name": "동구 중앙로246번길 7-11", "cat": "주소", "sub": "공장/창고시설", "addr": "동구 중앙로246번길 7-11 (동명동)", "alt": "동명동 222-16 · 동명동 222-13", "src": "build" }, "geometry": { "type": "Point", "coordinates": [ 126.920911, 35.153168 ] } },
{ "type": "Feature", "properties": { "name": "동구 중앙로246번길 7-3", "cat": "주소", "sub": "주택", "addr": "동구 중앙로246번길 7-3 (동명동)", "alt": "동명동 236-15", "src": "build" }, "geometry": { "type": "Point", "coordinates": [ 126.920562, 35.153245 ] } },
{ "type": "Feature", "properties": { "name": "동구 중앙로246번길 7-5", "cat": "주소", "sub": "주택", "addr": "동구 중앙로246번길 7-5 (동명동)", "alt": "동명동 222-14", "src": "build" }, "geometry": { "type": "Point", "coordinates": [ 126.920628, 35.153294 ] } },
{ "type": "Feature", "properties": { "name": "동구 중앙로246번길 7-6", "cat": "주소", "sub": "주택", "addr": "동구 중앙로246번길 7-6 (동명동)", "alt": "동명동 236-6", "src": "build" }, "geometry": { "type": "Point", "coordinates": [ 126.920667, 35.153172 ] } },
{ "type": "Feature", "properties": { "name": "동구 중앙로246번길 7-7", "cat": "주소", "sub": "주택", "addr": "동구 중앙로246번길 7-7 (동명동)", "alt": "동명동 222-1", "src": "build" }, "geometry": { "type": "Point", "coordinates": [ 126.920677, 35.153233 ] } },
{ "type": "Feature", "properties": { "name": "동구 중앙로246번길 7-9", "cat": "주소", "sub": "주택", "addr": "동구 중앙로246번길 7-9 (동명동)", "alt": "동명동 222-2", "src": "build" }, "geometry": { "type": "Point", "coordinates": [ 126.920858, 35.153186 ] } },
{ "type": "Feature", "properties": { "name": "동구 중앙로246번길 9", "cat": "주소", "sub": "주택", "addr": "동구 중앙로246번길 9 (동명동)", "alt": "동명동 236-13", "src": "build" }, "geometry": { "type": "Point", "coordinates": [ 126.92057, 35.153118 ] } },
{ "type": "Feature", "properties": { "name": "동구 중앙로252번길 10", "cat": "주소", "sub": "주택", "addr": "동구 중앙로252번길 10 (동명동)", "alt": "동명동 212-8", "src": "build" }, "geometry": { "type": "Point", "coordinates": [ 126.920858, 35.153503 ] } },
{ "type": "Feature", "properties": { "name": "동구 중앙로252번길 10-1", "cat": "주소", "sub": "주택", "addr": "동구 중앙로252번길 10-1 (동명동)", "alt": "동명동 246-13", "src": "build" }, "geometry": { "type": "Point", "coordinates": [ 126.920719, 35.153546 ] } },
{ "type": "Feature", "properties": { "name": "동구 중앙로252번길 10-2", "cat": "주소", "sub": "주택", "addr": "동구 중앙로252번길 10-2 (동명동)", "alt": "동명동 212-9", "src": "build" }, "geometry": { "type": "Point", "coordinates": [ 126.920714, 35.153499 ] } },
{ "type": "Feature", "properties": { "name": "동구 중앙로252번길 10-3", "cat": "주소", "sub": "주택", "addr": "동구 중앙로252번길 10-3 (동명동)", "alt": "동명동 212-7", "src": "build" }, "geometry": { "type": "Point", "coordinates": [ 126.920893, 35.153405 ] } },
{ "type": "Feature", "properties": { "name": "동구 중앙로252번길 11", "cat": "주소", "sub": "근린생활시설", "addr": "동구 중앙로252번길 11 (동명동)", "alt": "동명동 212-5", "src": "build" }, "geometry": { "type": "Point", "coordinates": [ 126.921063, 35.153408 ] } },
{ "type": "Feature", "properties": { "name": "동구 중앙로252번길 11-1", "cat": "주소", "sub": "주택", "addr": "동구 중앙로252번길 11-1 (동명동)", "alt": "동명동 214", "src": "build" }, "geometry": { "type": "Point", "coordinates": [ 126.921135, 35.15329 ] } },
{ "type": "Feature", "properties": { "name": "동구 중앙로252번길 12", "cat": "주소", "sub": "주택", "addr": "동구 중앙로252번길 12 (동명동)", "alt": "동명동 220", "src": "build" }, "geometry": { "type": "Point", "coordinates": [ 126.921006, 35.153329 ] } },
{ "type": "Feature", "properties": { "name": "동구 중앙로252번길 12-1", "cat": "주소", "sub": "주택", "addr": "동구 중앙로252번길 12-1 (동명동)", "alt": "동명동 219", "src": "build" }, "geometry": { "type": "Point", "coordinates": [ 126.921019, 35.153234 ] } },
{ "type": "Feature", "properties": { "name": "동구 중앙로252번길 13", "cat": "주소", "sub": "주택", "addr": "동구 중앙로252번길 13 (동명동)", "alt": "동명동 216", "src": "build" }, "geometry": { "type": "Point", "coordinates": [ 126.92124, 35.153196 ] } },
{ "type": "Feature", "properties": { "name": "동구 중앙로252번길 14", "cat": "주소", "sub": "주택", "addr": "동구 중앙로252번길 14 (동명동)", "alt": "동명동 218-8", "src": "build" }, "geometry": { "type": "Point", "coordinates": [ 126.921141, 35.153114 ] } },
{ "type": "Feature", "properties": { "name": "동구 중앙로252번길 15", "cat": "주소", "sub": "주택", "addr": "동구 중앙로252번길 15 (동명동)", "alt": "동명동 218-3", "src": "build" }, "geometry": { "type": "Point", "coordinates": [ 126.921363, 35.15301 ] } },
{ "type": "Feature", "properties": { "name": "동구 중앙로252번길 15-1", "cat": "주소", "sub": "주택", "addr": "동구 중앙로252번길 15-1 (동명동)", "alt": "동명동 209-95", "src": "build" }, "geometry": { "type": "Point", "coordinates": [ 126.921332, 35.15315 ] } },
{ "type": "Feature", "properties": { "name": "동구 중앙로252번길 15-2", "cat": "주소", "sub": "주택", "addr": "동구 중앙로252번길 15-2 (동명동)", "alt": "동명동 209-93", "src": "build" }, "geometry": { "type": "Point", "coordinates": [ 126.921365, 35.153134 ] } },
{ "type": "Feature", "properties": { "name": "동구 중앙로252번길 15-3", "cat": "주소", "sub": "주택", "addr": "동구 중앙로252번길 15-3 (동명동)", "alt": "동명동 215", "src": "build" }, "geometry": { "type": "Point", "coordinates": [ 126.921322, 35.153233 ] } },
{ "type": "Feature", "properties": { "name": "동구 중앙로252번길 16", "cat": "주소", "sub": "주택", "addr": "동구 중앙로252번길 16 (동명동)", "alt": "동명동 219-2", "src": "build" }, "geometry": { "type": "Point", "coordinates": [ 126.921231, 35.153042 ] } },
{ "type": "Feature", "properties": { "name": "동구 중앙로252번길 2", "cat": "주소", "sub": "근린생활시설", "addr": "동구 중앙로252번길 2 (동명동)", "alt": "동명동 247-3", "src": "build" }, "geometry": { "type": "Point", "coordinates": [ 126.92049, 35.154064 ] } },
{ "type": "Feature", "properties": { "name": "동구 중앙로252번길 2-1", "cat": "주소", "sub": "주택", "addr": "동구 중앙로252번길 2-1 (동명동)", "alt": "동명동 247-1", "src": "build" }, "geometry": { "type": "Point", "coordinates": [ 126.920546, 35.154021 ] } },
{ "type": "Feature", "properties": { "name": "동구 중앙로252번길 4", "cat": "주소", "sub": "주택", "addr": "동구 중앙로252번길 4 (동명동)", "alt": "동명동 247-1", "src": "build" }, "geometry": { "type": "Point", "coordinates": [ 126.920614, 35.15396 ] } },
{ "type": "Feature", "properties": { "name": "동구 중앙로252번길 4-1", "cat": "주소", "sub": "주택", "addr": "동구 중앙로252번길 4-1 (동명동)", "alt": "동명동 247-1", "src": "build" }, "geometry": { "type": "Point", "coordinates": [ 126.920646, 35.153935 ] } },
{ "type": "Feature", "properties": { "name": "동구 중앙로252번길 7", "cat": "주소", "sub": "근린생활시설", "addr": "동구 중앙로252번길 7 (동명동)", "alt": "동명동 212", "src": "build" }, "geometry": { "type": "Point", "coordinates": [ 126.920867, 35.153725 ] } },
{ "type": "Feature", "properties": { "name": "동구 중앙로252번길 9", "cat": "주소", "sub": "주택", "addr": "동구 중앙로252번길 9 (동명동)", "alt": "동명동 213", "src": "build" }, "geometry": { "type": "Point", "coordinates": [ 126.920995, 35.153528 ] } },
{ "type": "Feature", "properties": { "name": "동구 지호로 2", "cat": "주소", "sub": "근린생활시설", "addr": "동구 지호로 2 (동명동)", "alt": "동명동 287-13 · 동명동 111-10", "src": "build" }, "geometry": { "type": "Point", "coordinates": [ 126.929363, 35.149132 ] } },
{ "type": "Feature", "properties": { "name": "동구 지호로 2-1", "cat": "주소", "sub": "주택", "addr": "동구 지호로 2-1 (동명동)", "alt": "동명동 111-8", "src": "build" }, "geometry": { "type": "Point", "coordinates": [ 126.929434, 35.14903 ] } },
{ "type": "Feature", "properties": { "name": "동구 지호로 2-5", "cat": "주소", "sub": "주택", "addr": "동구 지호로 2-5 (동명동)", "alt": "동명동 103-1 · 동명동 111-19", "src": "build" }, "geometry": { "type": "Point", "coordinates": [ 126.929489, 35.14899 ] } },
{ "type": "Feature", "properties": { "name": "동구 지호로 4", "cat": "주소", "sub": "주택", "addr": "동구 지호로 4 (동명동)", "alt": "동명동 105-3", "src": "build" }, "geometry": { "type": "Point", "coordinates": [ 126.929627, 35.149007 ] } },
{ "type": "Feature", "properties": { "name": "동구 지호로 5", "cat": "주소", "sub": "근린생활시설", "addr": "동구 지호로 5 (동명동)", "alt": "동명동 108", "src": "build" }, "geometry": { "type": "Point", "coordinates": [ 126.929886, 35.149074 ] } },
{ "type": "Feature", "properties": { "name": "동구 지호로 5-1", "cat": "주소", "sub": "주택", "addr": "동구 지호로 5-1 (동명동)", "alt": "동명동 109-1", "src": "build" }, "geometry": { "type": "Point", "coordinates": [ 126.929954, 35.149073 ] } },
{ "type": "Feature", "properties": { "name": "동구 지호로 6", "cat": "주소", "sub": "근린생활시설", "addr": "동구 지호로 6 (동명동)", "alt": "동명동 113-57", "src": "build" }, "geometry": { "type": "Point", "coordinates": [ 126.929809, 35.148941 ] } },
{ "type": "Feature", "properties": { "name": "동구 지호로 7", "cat": "주소", "sub": "근린생활시설", "addr": "동구 지호로 7 (동명동)", "alt": "동명동 113", "src": "build" }, "geometry": { "type": "Point", "coordinates": [ 126.930061, 35.149012 ] } },
{ "type": "Feature", "properties": { "name": "동구 지호로 9", "cat": "주소", "sub": "업무시설", "addr": "동구 지호로 9 (동명동)", "alt": "동명동 112-1", "src": "build" }, "geometry": { "type": "Point", "coordinates": [ 126.930271, 35.148941 ] } },
{ "type": "Feature", "properties": { "name": "동구 필문대로 230", "cat": "주소", "sub": "근린생활시설", "addr": "동구 필문대로 230 (동명동)", "alt": "동명동 18-12 · 동명동 18-11 · 동명동 18-21", "src": "build" }, "geometry": { "type": "Point", "coordinates": [ 126.929624, 35.150579 ] } },
{ "type": "Feature", "properties": { "name": "동구 필문대로 232", "cat": "주소", "sub": "연립·다세대", "addr": "동구 필문대로 232 (동명동)", "alt": "동명동 18-16 · 동명동 18-17", "src": "build" }, "geometry": { "type": "Point", "coordinates": [ 126.929684, 35.150353 ] } },
{ "type": "Feature", "properties": { "name": "동구 필문대로 232-1", "cat": "주소", "sub": "업무시설", "addr": "동구 필문대로 232-1 (동명동)", "alt": "동명동 18-14", "src": "build" }, "geometry": { "type": "Point", "coordinates": [ 126.929609, 35.150247 ] } },
{ "type": "Feature", "properties": { "name": "동구 필문대로 233", "cat": "주소", "sub": "유통시설", "addr": "동구 필문대로 233 (동명동)", "alt": "동명동 2", "src": "build" }, "geometry": { "type": "Point", "coordinates": [ 126.930076, 35.150131 ] } },
{ "type": "Feature", "properties": { "name": "동구 필문대로 234", "cat": "주소", "sub": "공장/창고시설", "addr": "동구 필문대로 234 (동명동)", "alt": "동명동 17-2", "src": "build" }, "geometry": { "type": "Point", "coordinates": [ 126.929576, 35.150209 ] } },
{ "type": "Feature", "properties": { "name": "동구 필문대로 234-1", "cat": "주소", "sub": "주택", "addr": "동구 필문대로 234-1 (동명동)", "alt": "동명동 13-2", "src": "build" }, "geometry": { "type": "Point", "coordinates": [ 126.92944, 35.150095 ] } },
{ "type": "Feature", "properties": { "name": "동구 필문대로 235", "cat": "주소", "sub": "근린생활시설", "addr": "동구 필문대로 235 (동명동)", "alt": "동명동 15-3 · 동명동 15-6", "src": "build" }, "geometry": { "type": "Point", "coordinates": [ 126.929963, 35.149969 ] } },
{ "type": "Feature", "properties": { "name": "동구 필문대로 237", "cat": "주소", "sub": "보안/위험시설", "addr": "동구 필문대로 237 (동명동)", "alt": "동명동 15-5 · 동명동 11-1 · 동명동 11-4 · 동명동 11-18 · 동명동 11-21 · 동명동 11-51 · 동명동 15-4 · 동명동 15-7", "src": "build" }, "geometry": { "type": "Point", "coordinates": [ 126.929765, 35.149685 ] } },
{ "type": "Feature", "properties": { "name": "동구 필문대로 238-6", "cat": "주소", "sub": "주택", "addr": "동구 필문대로 238-6 (동명동)", "alt": "동명동 12", "src": "build" }, "geometry": { "type": "Point", "coordinates": [ 126.929172, 35.150024 ] } },
{ "type": "Feature", "properties": { "name": "동구 필문대로 238-9", "cat": "주소", "sub": "주택", "addr": "동구 필문대로 238-9 (동명동)", "alt": "동명동 12-5", "src": "build" }, "geometry": { "type": "Point", "coordinates": [ 126.928886, 35.149959 ] } },
{ "type": "Feature", "properties": { "name": "동구 필문대로 239", "cat": "주소", "sub": "근린생활시설", "addr": "동구 필문대로 239 (동명동)", "alt": "동명동 11-22", "src": "build" }, "geometry": { "type": "Point", "coordinates": [ 126.929705, 35.149594 ] } },
{ "type": "Feature", "properties": { "name": "동구 필문대로 240", "cat": "주소", "sub": "업무시설", "addr": "동구 필문대로 240 (동명동)", "alt": "동명동 12-3", "src": "build" }, "geometry": { "type": "Point", "coordinates": [ 126.929112, 35.149831 ] } },
{ "type": "Feature", "properties": { "name": "동구 필문대로 241", "cat": "주소", "sub": "업무시설", "addr": "동구 필문대로 241 (동명동)", "alt": "동명동 7-2", "src": "build" }, "geometry": { "type": "Point", "coordinates": [ 126.929523, 35.14935 ] } },
{ "type": "Feature", "properties": { "name": "동구 필문대로 242-13", "cat": "주소", "sub": "주택", "addr": "동구 필문대로 242-13 (동명동)", "alt": "동명동 11-34", "src": "build" }, "geometry": { "type": "Point", "coordinates": [ 126.928661, 35.149653 ] } },
{ "type": "Feature", "properties": { "name": "동구 필문대로 242-17", "cat": "주소", "sub": "주택", "addr": "동구 필문대로 242-17 (동명동)", "alt": "동명동 11-11", "src": "build" }, "geometry": { "type": "Point", "coordinates": [ 126.928807, 35.14978 ] } },
{ "type": "Feature", "properties": { "name": "동구 필문대로 242-21", "cat": "주소", "sub": "주택", "addr": "동구 필문대로 242-21 (동명동)", "alt": "동명동 11-10", "src": "build" }, "geometry": { "type": "Point", "coordinates": [ 126.928776, 35.149902 ] } },
{ "type": "Feature", "properties": { "name": "동구 필문대로 242-7", "cat": "주소", "sub": "업무시설", "addr": "동구 필문대로 242-7 (동명동)", "alt": "동명동 11-15", "src": "build" }, "geometry": { "type": "Point", "coordinates": [ 126.928748, 35.149602 ] } },
{ "type": "Feature", "properties": { "name": "동구 필문대로 247", "cat": "주소", "sub": "주택", "addr": "동구 필문대로 247 (동명동)", "alt": "동명동 103-2", "src": "build" }, "geometry": { "type": "Point", "coordinates": [ 126.929294, 35.149005 ] } },
{ "type": "Feature", "properties": { "name": "동구 필문대로 249", "cat": "주소", "sub": "근린생활시설", "addr": "동구 필문대로 249 (동명동)", "alt": "동명동 100-3", "src": "build" }, "geometry": { "type": "Point", "coordinates": [ 126.9291, 35.148763 ] } },
{ "type": "Feature", "properties": { "name": "동구 필문대로 249-1", "cat": "주소", "sub": "주택", "addr": "동구 필문대로 249-1 (동명동)", "alt": "동명동 102-1", "src": "build" }, "geometry": { "type": "Point", "coordinates": [ 126.929195, 35.148769 ] } },
{ "type": "Feature", "properties": { "name": "동구 필문대로 251", "cat": "주소", "sub": "업무시설", "addr": "동구 필문대로 251 (동명동)", "alt": "동명동 100-8 · 동명동 102-2", "src": "build" }, "geometry": { "type": "Point", "coordinates": [ 126.929142, 35.148641 ] } },
{ "type": "Feature", "properties": { "name": "동구 필문대로 252", "cat": "주소", "sub": "유통시설", "addr": "동구 필문대로 252 (동명동)", "alt": "동명동 92-7", "src": "build" }, "geometry": { "type": "Point", "coordinates": [ 126.928645, 35.148875 ] } },
{ "type": "Feature", "properties": { "name": "동구 필문대로 253", "cat": "주소", "sub": "근린생활시설", "addr": "동구 필문대로 253 (동명동)", "alt": "동명동 100-9", "src": "build" }, "geometry": { "type": "Point", "coordinates": [ 126.928999, 35.148589 ] } },
{ "type": "Feature", "properties": { "name": "동구 필문대로 254-1", "cat": "주소", "sub": "주택", "addr": "동구 필문대로 254-1 (동명동)", "alt": "동명동 92-6", "src": "build" }, "geometry": { "type": "Point", "coordinates": [ 126.928419, 35.148551 ] } },
{ "type": "Feature", "properties": { "name": "동구 필문대로 255", "cat": "주소", "sub": "근린생활시설", "addr": "동구 필문대로 255 (동명동)", "alt": "동명동 101-1", "src": "build" }, "geometry": { "type": "Point", "coordinates": [ 126.928812, 35.148329 ] } },
{ "type": "Feature", "properties": { "name": "동구 필문대로 256", "cat": "주소", "sub": "공장/창고시설", "addr": "동구 필문대로 256 (동명동)", "alt": "동명동 92-3", "src": "build" }, "geometry": { "type": "Point", "coordinates": [ 126.928371, 35.148474 ] } },
{ "type": "Feature", "properties": { "name": "동구 필문대로 257", "cat": "주소", "sub": "공장/창고시설", "addr": "동구 필문대로 257 (동명동)", "alt": "동명동 101-40", "src": "build" }, "geometry": { "type": "Point", "coordinates": [ 126.928696, 35.148061 ] } },
{ "type": "Feature", "properties": { "name": "동구 필문대로 258", "cat": "주소", "sub": "업무시설", "addr": "동구 필문대로 258 (동명동)", "alt": "동명동 91-4", "src": "build" }, "geometry": { "type": "Point", "coordinates": [ 126.928295, 35.148356 ] } },
{ "type": "Feature", "properties": { "name": "동구 필문대로 259", "cat": "주소", "sub": "근린생활시설", "addr": "동구 필문대로 259 (동명동)", "alt": "동명동 90-1", "src": "build" }, "geometry": { "type": "Point", "coordinates": [ 126.928578, 35.148009 ] } },
{ "type": "Feature", "properties": { "name": "동구 필문대로 260", "cat": "주소", "sub": "주택", "addr": "동구 필문대로 260 (동명동)", "alt": "동명동 91-5", "src": "build" }, "geometry": { "type": "Point", "coordinates": [ 126.92823, 35.148256 ] } },
{ "type": "Feature", "properties": { "name": "동구 필문대로 261", "cat": "주소", "sub": "업무시설", "addr": "동구 필문대로 261 (동명동)", "alt": "동명동 126", "src": "build" }, "geometry": { "type": "Point", "coordinates": [ 126.928513, 35.147904 ] } },
{ "type": "Feature", "properties": { "name": "동구 필문대로 265", "cat": "주소", "sub": "근린생활시설", "addr": "동구 필문대로 265 (동명동)", "alt": "동명동 123", "src": "build" }, "geometry": { "type": "Point", "coordinates": [ 126.928215, 35.147475 ] } },
{ "type": "Feature", "properties": { "name": "동구 필문대로 267", "cat": "주소", "sub": "근린생활시설", "addr": "동구 필문대로 267 (동명동)", "alt": "동명동 123-2", "src": "build" }, "geometry": { "type": "Point", "coordinates": [ 126.928103, 35.147309 ] } },
{ "type": "Feature", "properties": { "name": "동구 필문대로 269", "cat": "주소", "sub": "근린생활시설", "addr": "동구 필문대로 269 (동명동)", "alt": "동명동 123-6", "src": "build" }, "geometry": { "type": "Point", "coordinates": [ 126.928114, 35.147158 ] } },
{ "type": "Feature", "properties": { "name": "동구 필문대로 271", "cat": "주소", "sub": "업무시설", "addr": "동구 필문대로 271 (동명동)", "alt": "동명동 118-19 · 동명동 118-1 · 동명동 118-28 · 동명동 123-7", "src": "build" }, "geometry": { "type": "Point", "coordinates": [ 126.927954, 35.147071 ] } },
{ "type": "Feature", "properties": { "name": "동구 필문대로 277", "cat": "주소", "sub": "업무시설", "addr": "동구 필문대로 277 (동명동)", "alt": "동명동 118-9 · 동명동 118-31", "src": "build" }, "geometry": { "type": "Point", "coordinates": [ 126.927704, 35.146697 ] } },
{ "type": "Feature", "properties": { "name": "동구 필문대로 279", "cat": "주소", "sub": "근린생활시설", "addr": "동구 필문대로 279 (동명동)", "alt": "동명동 120-22", "src": "build" }, "geometry": { "type": "Point", "coordinates": [ 126.927576, 35.146494 ] } },
{ "type": "Feature", "properties": { "name": "동구 필문대로 281", "cat": "주소", "sub": "업무시설", "addr": "동구 필문대로 281 (동명동)", "alt": "동명동 120-7 · 동명동 120-9", "src": "build" }, "geometry": { "type": "Point", "coordinates": [ 126.927395, 35.146057 ] } },
{ "type": "Feature", "properties": { "name": "동구 필문대로241번길 10", "cat": "주소", "sub": "주택", "addr": "동구 필문대로241번길 10 (동명동)", "alt": "동명동 2-4", "src": "build" }, "geometry": { "type": "Point", "coordinates": [ 126.930204, 35.149761 ] } },
{ "type": "Feature", "properties": { "name": "동구 필문대로241번길 10-1", "cat": "주소", "sub": "주택", "addr": "동구 필문대로241번길 10-1 (동명동)", "alt": "동명동 2-32", "src": "build" }, "geometry": { "type": "Point", "coordinates": [ 126.930291, 35.14982 ] } },
{ "type": "Feature", "properties": { "name": "동구 필문대로241번길 10-11", "cat": "주소", "sub": "주택", "addr": "동구 필문대로241번길 10-11 (동명동)", "alt": "동명동 2-36", "src": "build" }, "geometry": { "type": "Point", "coordinates": [ 126.930728, 35.149787 ] } },
{ "type": "Feature", "properties": { "name": "동구 필문대로241번길 10-12", "cat": "주소", "sub": "주택", "addr": "동구 필문대로241번길 10-12 (동명동)", "alt": "동명동 2-25", "src": "build" }, "geometry": { "type": "Point", "coordinates": [ 126.930713, 35.149704 ] } },
{ "type": "Feature", "properties": { "name": "동구 필문대로241번길 10-13", "cat": "주소", "sub": "주택", "addr": "동구 필문대로241번길 10-13 (동명동)", "alt": "동명동 2-27", "src": "build" }, "geometry": { "type": "Point", "coordinates": [ 126.930756, 35.149629 ] } },
{ "type": "Feature", "properties": { "name": "동구 필문대로241번길 10-14", "cat": "주소", "sub": "주택", "addr": "동구 필문대로241번길 10-14 (동명동)", "alt": "동명동 2-5 · 동명동 2-28", "src": "build" }, "geometry": { "type": "Point", "coordinates": [ 126.930705, 35.14959 ] } },
{ "type": "Feature", "properties": { "name": "동구 필문대로241번길 10-16", "cat": "주소", "sub": "주택", "addr": "동구 필문대로241번길 10-16 (동명동)", "alt": "동명동 2-8", "src": "build" }, "geometry": { "type": "Point", "coordinates": [ 126.930673, 35.149506 ] } },
{ "type": "Feature", "properties": { "name": "동구 필문대로241번길 10-3", "cat": "주소", "sub": "공장/창고시설", "addr": "동구 필문대로241번길 10-3 (동명동)", "alt": "동명동 2-33", "src": "build" }, "geometry": { "type": "Point", "coordinates": [ 126.930461, 35.149813 ] } },
{ "type": "Feature", "properties": { "name": "동구 필문대로241번길 10-5", "cat": "주소", "sub": "주택", "addr": "동구 필문대로241번길 10-5 (동명동)", "alt": "동명동 2-34 · 동명동 2-47", "src": "build" }, "geometry": { "type": "Point", "coordinates": [ 126.930491, 35.149946 ] } },
{ "type": "Feature", "properties": { "name": "동구 필문대로241번길 10-7", "cat": "주소", "sub": "주택", "addr": "동구 필문대로241번길 10-7 (동명동)", "alt": "동명동 2-35", "src": "build" }, "geometry": { "type": "Point", "coordinates": [ 126.930533, 35.149805 ] } },
{ "type": "Feature", "properties": { "name": "동구 필문대로241번길 10-9", "cat": "주소", "sub": "주택", "addr": "동구 필문대로241번길 10-9 (동명동)", "alt": "동명동 2-21", "src": "build" }, "geometry": { "type": "Point", "coordinates": [ 126.930663, 35.149928 ] } },
{ "type": "Feature", "properties": { "name": "동구 필문대로241번길 12", "cat": "주소", "sub": "주택", "addr": "동구 필문대로241번길 12 (동명동)", "alt": "동명동 2-3", "src": "build" }, "geometry": { "type": "Point", "coordinates": [ 126.930224, 35.149942 ] } },
{ "type": "Feature", "properties": { "name": "동구 필문대로241번길 13", "cat": "주소", "sub": "주택", "addr": "동구 필문대로241번길 13 (동명동)", "alt": "동명동 2-13", "src": "build" }, "geometry": { "type": "Point", "coordinates": [ 126.930337, 35.150071 ] } },
{ "type": "Feature", "properties": { "name": "동구 필문대로241번길 14-1", "cat": "주소", "sub": "주택", "addr": "동구 필문대로241번길 14-1 (동명동)", "alt": "동명동 1-3", "src": "build" }, "geometry": { "type": "Point", "coordinates": [ 126.930455, 35.150066 ] } },
{ "type": "Feature", "properties": { "name": "동구 필문대로241번길 14-2", "cat": "주소", "sub": "주택", "addr": "동구 필문대로241번길 14-2 (동명동)", "alt": "동명동 2-52", "src": "build" }, "geometry": { "type": "Point", "coordinates": [ 126.93052, 35.149991 ] } },
{ "type": "Feature", "properties": { "name": "동구 필문대로241번길 14-3", "cat": "주소", "sub": "주택", "addr": "동구 필문대로241번길 14-3 (동명동)", "alt": "동명동 1-2", "src": "build" }, "geometry": { "type": "Point", "coordinates": [ 126.930601, 35.150038 ] } },
{ "type": "Feature", "properties": { "name": "동구 필문대로241번길 14-4", "cat": "주소", "sub": "주택", "addr": "동구 필문대로241번길 14-4 (동명동)", "alt": "동명동 2-37", "src": "build" }, "geometry": { "type": "Point", "coordinates": [ 126.930576, 35.149998 ] } },
{ "type": "Feature", "properties": { "name": "동구 필문대로241번길 16", "cat": "주소", "sub": "주택", "addr": "동구 필문대로241번길 16 (동명동)", "alt": "동명동 1-1", "src": "build" }, "geometry": { "type": "Point", "coordinates": [ 126.930471, 35.150152 ] } },
{ "type": "Feature", "properties": { "name": "동구 필문대로241번길 5", "cat": "주소", "sub": "업무시설", "addr": "동구 필문대로241번길 5 (동명동)", "alt": "동명동 11-30", "src": "build" }, "geometry": { "type": "Point", "coordinates": [ 126.930033, 35.149497 ] } },
{ "type": "Feature", "properties": { "name": "동구 필문대로241번길 6", "cat": "주소", "sub": "주택", "addr": "동구 필문대로241번길 6 (동명동)", "alt": "동명동 3-4", "src": "build" }, "geometry": { "type": "Point", "coordinates": [ 126.929972, 35.149419 ] } },
{ "type": "Feature", "properties": { "name": "동구 필문대로241번길 6-2", "cat": "주소", "sub": "주택", "addr": "동구 필문대로241번길 6-2 (동명동)", "alt": "동명동 3-2", "src": "build" }, "geometry": { "type": "Point", "coordinates": [ 126.930172, 35.149419 ] } },
{ "type": "Feature", "properties": { "name": "동구 필문대로241번길 6-3", "cat": "주소", "sub": "주택", "addr": "동구 필문대로241번길 6-3 (동명동)", "alt": "동명동 2-29", "src": "build" }, "geometry": { "type": "Point", "coordinates": [ 126.930241, 35.149487 ] } },
{ "type": "Feature", "properties": { "name": "동구 필문대로241번길 6-5", "cat": "주소", "sub": "주택", "addr": "동구 필문대로241번길 6-5 (동명동)", "alt": "동명동 2-10", "src": "build" }, "geometry": { "type": "Point", "coordinates": [ 126.930443, 35.149507 ] } },
{ "type": "Feature", "properties": { "name": "동구 필문대로241번길 6-7", "cat": "주소", "sub": "주택", "addr": "동구 필문대로241번길 6-7 (동명동)", "alt": "동명동 2-9", "src": "build" }, "geometry": { "type": "Point", "coordinates": [ 126.930545, 35.149504 ] } },
{ "type": "Feature", "properties": { "name": "동구 필문대로241번길 8", "cat": "주소", "sub": "주택", "addr": "동구 필문대로241번길 8 (동명동)", "alt": "동명동 2-11", "src": "build" }, "geometry": { "type": "Point", "coordinates": [ 126.930136, 35.14954 ] } },
{ "type": "Feature", "properties": { "name": "동구 필문대로241번길 8-1", "cat": "주소", "sub": "주택", "addr": "동구 필문대로241번길 8-1 (동명동)", "alt": "동명동 2-30", "src": "build" }, "geometry": { "type": "Point", "coordinates": [ 126.930365, 35.149729 ] } },
{ "type": "Feature", "properties": { "name": "동구 필문대로241번길 9", "cat": "주소", "sub": "주택", "addr": "동구 필문대로241번길 9 (동명동)", "alt": "동명동 15-2", "src": "build" }, "geometry": { "type": "Point", "coordinates": [ 126.930161, 35.149972 ] } },
{ "type": "Feature", "properties": { "name": "동구 필문대로253번길 10-1", "cat": "주소", "sub": "주택", "addr": "동구 필문대로253번길 10-1 (동명동)", "alt": "동명동 113-100", "src": "build" }, "geometry": { "type": "Point", "coordinates": [ 126.929831, 35.148138 ] } },
{ "type": "Feature", "properties": { "name": "동구 필문대로253번길 10-3", "cat": "주소", "sub": "주택", "addr": "동구 필문대로253번길 10-3 (동명동)", "alt": "동명동 113-99", "src": "build" }, "geometry": { "type": "Point", "coordinates": [ 126.929835, 35.148017 ] } },
{ "type": "Feature", "properties": { "name": "동구 필문대로253번길 10-5", "cat": "주소", "sub": "주택", "addr": "동구 필문대로253번길 10-5 (동명동)", "alt": "동명동 113-98", "src": "build" }, "geometry": { "type": "Point", "coordinates": [ 126.929829, 35.147884 ] } },
{ "type": "Feature", "properties": { "name": "동구 필문대로253번길 11", "cat": "주소", "sub": "주택", "addr": "동구 필문대로253번길 11 (동명동)", "alt": "동명동 112-4", "src": "build" }, "geometry": { "type": "Point", "coordinates": [ 126.930097, 35.148162 ] } },
{ "type": "Feature", "properties": { "name": "동구 필문대로253번길 11-11", "cat": "주소", "sub": "주택", "addr": "동구 필문대로253번길 11-11 (동명동)", "alt": "동명동 112-2", "src": "build" }, "geometry": { "type": "Point", "coordinates": [ 126.930204, 35.148633 ] } },
{ "type": "Feature", "properties": { "name": "동구 필문대로253번길 11-13", "cat": "주소", "sub": "주택", "addr": "동구 필문대로253번길 11-13 (동명동)", "alt": "동명동 113-29", "src": "build" }, "geometry": { "type": "Point", "coordinates": [ 126.930099, 35.148755 ] } },
{ "type": "Feature", "properties": { "name": "동구 필문대로253번길 11-15", "cat": "주소", "sub": "주택", "addr": "동구 필문대로253번길 11-15 (동명동)", "alt": "동명동 112-8", "src": "build" }, "geometry": { "type": "Point", "coordinates": [ 126.930172, 35.148706 ] } },
{ "type": "Feature", "properties": { "name": "동구 필문대로253번길 11-17", "cat": "주소", "sub": "주택", "addr": "동구 필문대로253번길 11-17 (동명동)", "alt": "동명동 112-15", "src": "build" }, "geometry": { "type": "Point", "coordinates": [ 126.930258, 35.148736 ] } },
{ "type": "Feature", "properties": { "name": "동구 필문대로253번길 11-9", "cat": "주소", "sub": "주택", "addr": "동구 필문대로253번길 11-9 (동명동)", "alt": "동명동 112-7", "src": "build" }, "geometry": { "type": "Point", "coordinates": [ 126.930178, 35.148526 ] } },
{ "type": "Feature", "properties": { "name": "동구 필문대로253번길 12", "cat": "주소", "sub": "주택", "addr": "동구 필문대로253번길 12 (동명동)", "alt": "동명동 112-5 · 동명동 112-18", "src": "build" }, "geometry": { "type": "Point", "coordinates": [ 126.930019, 35.148084 ] } },
{ "type": "Feature", "properties": { "name": "동구 필문대로253번길 2-10", "cat": "주소", "sub": "주택", "addr": "동구 필문대로253번길 2-10 (동명동)", "alt": "동명동 101-23", "src": "build" }, "geometry": { "type": "Point", "coordinates": [ 126.928928, 35.148024 ] } },
{ "type": "Feature", "properties": { "name": "동구 필문대로253번길 2-12", "cat": "주소", "sub": "근린생활시설", "addr": "동구 필문대로253번길 2-12 (동명동)", "alt": "동명동 101-55", "src": "build" }, "geometry": { "type": "Point", "coordinates": [ 126.928857, 35.147938 ] } },
{ "type": "Feature", "properties": { "name": "동구 필문대로253번길 2-14", "cat": "주소", "sub": "연립·다세대", "addr": "동구 필문대로253번길 2-14 (동명동)", "alt": "동명동 101-57", "src": "build" }, "geometry": { "type": "Point", "coordinates": [ 126.928898, 35.147863 ] } },
{ "type": "Feature", "properties": { "name": "동구 필문대로253번길 2-16", "cat": "주소", "sub": "주택", "addr": "동구 필문대로253번길 2-16 (동명동)", "alt": "동명동 101-38", "src": "build" }, "geometry": { "type": "Point", "coordinates": [ 126.928933, 35.147763 ] } },
{ "type": "Feature", "properties": { "name": "동구 필문대로253번길 2-4", "cat": "주소", "sub": "주택", "addr": "동구 필문대로253번길 2-4 (동명동)", "alt": "동명동 101-47", "src": "build" }, "geometry": { "type": "Point", "coordinates": [ 126.929037, 35.148244 ] } },
{ "type": "Feature", "properties": { "name": "동구 필문대로253번길 2-7", "cat": "주소", "sub": "근린생활시설", "addr": "동구 필문대로253번길 2-7 (동명동)", "alt": "동명동 101-53", "src": "build" }, "geometry": { "type": "Point", "coordinates": [ 126.929075, 35.148114 ] } },
{ "type": "Feature", "properties": { "name": "동구 필문대로253번길 2-8", "cat": "주소", "sub": "주택", "addr": "동구 필문대로253번길 2-8 (동명동)", "alt": "동명동 101-11", "src": "build" }, "geometry": { "type": "Point", "coordinates": [ 126.928876, 35.148062 ] } },
{ "type": "Feature", "properties": { "name": "동구 필문대로253번길 3", "cat": "주소", "sub": "주택", "addr": "동구 필문대로253번길 3 (동명동)", "alt": "동명동 101-7", "src": "build" }, "geometry": { "type": "Point", "coordinates": [ 126.929306, 35.148447 ] } },
{ "type": "Feature", "properties": { "name": "동구 필문대로253번길 5", "cat": "주소", "sub": "주택", "addr": "동구 필문대로253번길 5 (동명동)", "alt": "동명동 113-18", "src": "build" }, "geometry": { "type": "Point", "coordinates": [ 126.929485, 35.148403 ] } },
{ "type": "Feature", "properties": { "name": "동구 필문대로253번길 5-10", "cat": "주소", "sub": "주택", "addr": "동구 필문대로253번길 5-10 (동명동)", "alt": "동명동 113-44", "src": "build" }, "geometry": { "type": "Point", "coordinates": [ 126.929699, 35.148527 ] } },
{ "type": "Feature", "properties": { "name": "동구 필문대로253번길 5-12", "cat": "주소", "sub": "주택", "addr": "동구 필문대로253번길 5-12 (동명동)", "alt": "동명동 113-43", "src": "build" }, "geometry": { "type": "Point", "coordinates": [ 126.929758, 35.148518 ] } },
{ "type": "Feature", "properties": { "name": "동구 필문대로253번길 5-15", "cat": "주소", "sub": "주택", "addr": "동구 필문대로253번길 5-15 (동명동)", "alt": "동명동 113-36", "src": "build" }, "geometry": { "type": "Point", "coordinates": [ 126.92946, 35.148634 ] } },
{ "type": "Feature", "properties": { "name": "동구 필문대로253번길 5-21", "cat": "주소", "sub": "주택", "addr": "동구 필문대로253번길 5-21 (동명동)", "alt": "동명동 113-47", "src": "build" }, "geometry": { "type": "Point", "coordinates": [ 126.929671, 35.148593 ] } },
{ "type": "Feature", "properties": { "name": "동구 필문대로253번길 5-3", "cat": "주소", "sub": "주택", "addr": "동구 필문대로253번길 5-3 (동명동)", "alt": "동명동 102-4", "src": "build" }, "geometry": { "type": "Point", "coordinates": [ 126.92931, 35.148601 ] } },
{ "type": "Feature", "properties": { "name": "동구 필문대로253번길 5-4", "cat": "주소", "sub": "주택", "addr": "동구 필문대로253번길 5-4 (동명동)", "alt": "동명동 113-16", "src": "build" }, "geometry": { "type": "Point", "coordinates": [ 126.92946, 35.148534 ] } },
{ "type": "Feature", "properties": { "name": "동구 필문대로253번길 5-5", "cat": "주소", "sub": "주택", "addr": "동구 필문대로253번길 5-5 (동명동)", "alt": "동명동 102-5", "src": "build" }, "geometry": { "type": "Point", "coordinates": [ 126.929416, 35.148666 ] } },
{ "type": "Feature", "properties": { "name": "동구 필문대로253번길 5-7", "cat": "주소", "sub": "주택", "addr": "동구 필문대로253번길 5-7 (동명동)", "alt": "동명동 102-3", "src": "build" }, "geometry": { "type": "Point", "coordinates": [ 126.929418, 35.148708 ] } },
{ "type": "Feature", "properties": { "name": "동구 필문대로253번길 5-8", "cat": "주소", "sub": "주택", "addr": "동구 필문대로253번길 5-8 (동명동)", "alt": "동명동 113-45", "src": "build" }, "geometry": { "type": "Point", "coordinates": [ 126.929634, 35.148426 ] } },
{ "type": "Feature", "properties": { "name": "동구 필문대로253번길 5-9", "cat": "주소", "sub": "주택", "addr": "동구 필문대로253번길 5-9 (동명동)", "alt": "동명동 113-8", "src": "build" }, "geometry": { "type": "Point", "coordinates": [ 126.929561, 35.148769 ] } },
{ "type": "Feature", "properties": { "name": "동구 필문대로253번길 6", "cat": "주소", "sub": "주택", "addr": "동구 필문대로253번길 6 (동명동)", "alt": "동명동 101-13", "src": "build" }, "geometry": { "type": "Point", "coordinates": [ 126.929329, 35.148347 ] } },
{ "type": "Feature", "properties": { "name": "동구 필문대로253번길 6-10", "cat": "주소", "sub": "근린생활시설", "addr": "동구 필문대로253번길 6-10 (동명동)", "alt": "동명동 101-8", "src": "build" }, "geometry": { "type": "Point", "coordinates": [ 126.929149, 35.147975 ] } },
{ "type": "Feature", "properties": { "name": "동구 필문대로253번길 6-11", "cat": "주소", "sub": "주택", "addr": "동구 필문대로253번길 6-11 (동명동)", "alt": "동명동 114-3", "src": "build" }, "geometry": { "type": "Point", "coordinates": [ 126.929315, 35.147827 ] } },
{ "type": "Feature", "properties": { "name": "동구 필문대로253번길 6-12", "cat": "주소", "sub": "주택", "addr": "동구 필문대로253번길 6-12 (동명동)", "alt": "동명동 101-9", "src": "build" }, "geometry": { "type": "Point", "coordinates": [ 126.929107, 35.147844 ] } },
{ "type": "Feature", "properties": { "name": "동구 필문대로253번길 6-13", "cat": "주소", "sub": "주택", "addr": "동구 필문대로253번길 6-13 (동명동)", "alt": "동명동 114-4", "src": "build" }, "geometry": { "type": "Point", "coordinates": [ 126.929306, 35.147762 ] } },
{ "type": "Feature", "properties": { "name": "동구 필문대로253번길 6-15", "cat": "주소", "sub": "주택", "addr": "동구 필문대로253번길 6-15 (동명동)", "alt": "동명동 101-17", "src": "build" }, "geometry": { "type": "Point", "coordinates": [ 126.929203, 35.147769 ] } },
{ "type": "Feature", "properties": { "name": "동구 필문대로253번길 6-17", "cat": "주소", "sub": "주택", "addr": "동구 필문대로253번길 6-17 (동명동)", "alt": "동명동 101-51", "src": "build" }, "geometry": { "type": "Point", "coordinates": [ 126.929099, 35.147687 ] } },
{ "type": "Feature", "properties": { "name": "동구 필문대로253번길 6-3", "cat": "주소", "sub": "근린생활시설", "addr": "동구 필문대로253번길 6-3 (동명동)", "alt": "동명동 113-22", "src": "build" }, "geometry": { "type": "Point", "coordinates": [ 126.929387, 35.148142 ] } },
{ "type": "Feature", "properties": { "name": "동구 필문대로253번길 6-6", "cat": "주소", "sub": "주택", "addr": "동구 필문대로253번길 6-6 (동명동)", "alt": "동명동 101-35", "src": "build" }, "geometry": { "type": "Point", "coordinates": [ 126.929267, 35.148174 ] } },
{ "type": "Feature", "properties": { "name": "동구 필문대로253번길 6-7", "cat": "주소", "sub": "주택", "addr": "동구 필문대로253번길 6-7 (동명동)", "alt": "동명동 113-26", "src": "build" }, "geometry": { "type": "Point", "coordinates": [ 126.929318, 35.14804 ] } },
{ "type": "Feature", "properties": { "name": "동구 필문대로253번길 6-9", "cat": "주소", "sub": "주택", "addr": "동구 필문대로253번길 6-9 (동명동)", "alt": "동명동 113-27", "src": "build" }, "geometry": { "type": "Point", "coordinates": [ 126.929361, 35.147951 ] } },
{ "type": "Feature", "properties": { "name": "동구 필문대로253번길 8", "cat": "주소", "sub": "주택", "addr": "동구 필문대로253번길 8 (동명동)", "alt": "동명동 113-20", "src": "build" }, "geometry": { "type": "Point", "coordinates": [ 126.92954, 35.148299 ] } },
{ "type": "Feature", "properties": { "name": "동구 필문대로253번길 9-10", "cat": "주소", "sub": "주택", "addr": "동구 필문대로253번길 9-10 (동명동)", "alt": "동명동 113-30", "src": "build" }, "geometry": { "type": "Point", "coordinates": [ 126.930027, 35.148668 ] } },
{ "type": "Feature", "properties": { "name": "동구 필문대로253번길 9-11", "cat": "주소", "sub": "근린생활시설", "addr": "동구 필문대로253번길 9-11 (동명동)", "alt": "동명동 113-28", "src": "build" }, "geometry": { "type": "Point", "coordinates": [ 126.92974, 35.148724 ] } },
{ "type": "Feature", "properties": { "name": "동구 필문대로253번길 9-13", "cat": "주소", "sub": "근린생활시설", "addr": "동구 필문대로253번길 9-13 (동명동)", "alt": "동명동 113-93", "src": "build" }, "geometry": { "type": "Point", "coordinates": [ 126.929943, 35.148778 ] } },
{ "type": "Feature", "properties": { "name": "동구 필문대로253번길 9-5", "cat": "주소", "sub": "주택", "addr": "동구 필문대로253번길 9-5 (동명동)", "alt": "동명동 113-3", "src": "build" }, "geometry": { "type": "Point", "coordinates": [ 126.929876, 35.148426 ] } },
{ "type": "Feature", "properties": { "name": "동구 필문대로253번길 9-6", "cat": "주소", "sub": "주택", "addr": "동구 필문대로253번길 9-6 (동명동)", "alt": "동명동 113-55", "src": "build" }, "geometry": { "type": "Point", "coordinates": [ 126.929963, 35.14842 ] } },
{ "type": "Feature", "properties": { "name": "동구 필문대로253번길 9-8", "cat": "주소", "sub": "주택", "addr": "동구 필문대로253번길 9-8 (동명동)", "alt": "동명동 113-13", "src": "build" }, "geometry": { "type": "Point", "coordinates": [ 126.929988, 35.148554 ] } },
{ "type": "Feature", "properties": { "name": "동구 필문대로253번길 9-9", "cat": "주소", "sub": "주택", "addr": "동구 필문대로253번길 9-9 (동명동)", "alt": "동명동 113-32", "src": "build" }, "geometry": { "type": "Point", "coordinates": [ 126.929922, 35.14863 ] } },
{ "type": "Feature", "properties": { "name": "동구 필문대로263번길 10", "cat": "주소", "sub": "주택", "addr": "동구 필문대로263번길 10 (동명동)", "alt": "동명동 115-9", "src": "build" }, "geometry": { "type": "Point", "coordinates": [ 126.929137, 35.147393 ] } },
{ "type": "Feature", "properties": { "name": "동구 필문대로263번길 11-10", "cat": "주소", "sub": "주택", "addr": "동구 필문대로263번길 11-10 (동명동)", "alt": "동명동 114", "src": "build" }, "geometry": { "type": "Point", "coordinates": [ 126.929714, 35.147713 ] } },
{ "type": "Feature", "properties": { "name": "동구 필문대로263번길 11-23", "cat": "주소", "sub": "주택", "addr": "동구 필문대로263번길 11-23 (동명동)", "alt": "동명동 114-6", "src": "build" }, "geometry": { "type": "Point", "coordinates": [ 126.929492, 35.147489 ] } },
{ "type": "Feature", "properties": { "name": "동구 필문대로263번길 11-25", "cat": "주소", "sub": "주택", "addr": "동구 필문대로263번길 11-25 (동명동)", "alt": "동명동 114-8", "src": "build" }, "geometry": { "type": "Point", "coordinates": [ 126.929557, 35.147649 ] } },
{ "type": "Feature", "properties": { "name": "동구 필문대로263번길 11-29", "cat": "주소", "sub": "주택", "addr": "동구 필문대로263번길 11-29 (동명동)", "alt": "동명동 114-2", "src": "build" }, "geometry": { "type": "Point", "coordinates": [ 126.92962, 35.147776 ] } },
{ "type": "Feature", "properties": { "name": "동구 필문대로263번길 11-4", "cat": "주소", "sub": "주택", "addr": "동구 필문대로263번길 11-4 (동명동)", "alt": "동명동 114-1", "src": "build" }, "geometry": { "type": "Point", "coordinates": [ 126.92956, 35.147474 ] } },
{ "type": "Feature", "properties": { "name": "동구 필문대로263번길 11-6", "cat": "주소", "sub": "주택", "addr": "동구 필문대로263번길 11-6 (동명동)", "alt": "동명동 114-14", "src": "build" }, "geometry": { "type": "Point", "coordinates": [ 126.929776, 35.147566 ] } },
{ "type": "Feature", "properties": { "name": "동구 필문대로263번길 11-8", "cat": "주소", "sub": "주택", "addr": "동구 필문대로263번길 11-8 (동명동)", "alt": "동명동 114-15", "src": "build" }, "geometry": { "type": "Point", "coordinates": [ 126.929647, 35.147628 ] } },
{ "type": "Feature", "properties": { "name": "동구 필문대로263번길 12", "cat": "주소", "sub": "근린생활시설", "addr": "동구 필문대로263번길 12 (동명동)", "alt": "동명동 115-13", "src": "build" }, "geometry": { "type": "Point", "coordinates": [ 126.929379, 35.147306 ] } },
{ "type": "Feature", "properties": { "name": "동구 필문대로263번길 13-1", "cat": "주소", "sub": "근린생활시설", "addr": "동구 필문대로263번길 13-1 (동명동)", "alt": "동명동 116-1", "src": "build" }, "geometry": { "type": "Point", "coordinates": [ 126.929757, 35.147345 ] } },
{ "type": "Feature", "properties": { "name": "동구 필문대로263번길 15-1", "cat": "주소", "sub": "근린생활시설", "addr": "동구 필문대로263번길 15-1 (동명동)", "alt": "동명동 114-10", "src": "build" }, "geometry": { "type": "Point", "coordinates": [ 126.929824, 35.14743 ] } },
{ "type": "Feature", "properties": { "name": "동구 필문대로263번길 15-13", "cat": "주소", "sub": "주택", "addr": "동구 필문대로263번길 15-13 (동명동)", "alt": "동명동 112-6", "src": "build" }, "geometry": { "type": "Point", "coordinates": [ 126.930025, 35.147865 ] } },
{ "type": "Feature", "properties": { "name": "동구 필문대로263번길 2", "cat": "주소", "sub": "연립·다세대", "addr": "동구 필문대로263번길 2 (동명동)", "alt": "동명동 124-1", "src": "build" }, "geometry": { "type": "Point", "coordinates": [ 126.928544, 35.147609 ] } },
{ "type": "Feature", "properties": { "name": "동구 필문대로263번길 2-10", "cat": "주소", "sub": "근린생활시설", "addr": "동구 필문대로263번길 2-10 (동명동)", "alt": "동명동 124-15", "src": "build" }, "geometry": { "type": "Point", "coordinates": [ 126.928323, 35.147289 ] } },
{ "type": "Feature", "properties": { "name": "동구 필문대로263번길 2-12", "cat": "주소", "sub": "근린생활시설", "addr": "동구 필문대로263번길 2-12 (동명동)", "alt": "동명동 124-14", "src": "build" }, "geometry": { "type": "Point", "coordinates": [ 126.928391, 35.147175 ] } },
{ "type": "Feature", "properties": { "name": "동구 필문대로263번길 2-5", "cat": "주소", "sub": "연립·다세대", "addr": "동구 필문대로263번길 2-5 (동명동)", "alt": "동명동 124-2 · 동명동 124-11", "src": "build" }, "geometry": { "type": "Point", "coordinates": [ 126.928529, 35.147415 ] } },
{ "type": "Feature", "properties": { "name": "동구 필문대로263번길 2-8", "cat": "주소", "sub": "근린생활시설", "addr": "동구 필문대로263번길 2-8 (동명동)", "alt": "동명동 124-16", "src": "build" }, "geometry": { "type": "Point", "coordinates": [ 126.928361, 35.14737 ] } },
{ "type": "Feature", "properties": { "name": "동구 필문대로263번길 2-9", "cat": "주소", "sub": "연립·다세대", "addr": "동구 필문대로263번길 2-9 (동명동)", "alt": "동명동 124-3", "src": "build" }, "geometry": { "type": "Point", "coordinates": [ 126.928535, 35.147281 ] } },
{ "type": "Feature", "properties": { "name": "동구 필문대로263번길 4", "cat": "주소", "sub": "업무시설", "addr": "동구 필문대로263번길 4 (동명동)", "alt": "동명동 115-19", "src": "build" }, "geometry": { "type": "Point", "coordinates": [ 126.92875, 35.147545 ] } },
{ "type": "Feature", "properties": { "name": "동구 필문대로263번길 5", "cat": "주소", "sub": "주택", "addr": "동구 필문대로263번길 5 (동명동)", "alt": "동명동 115-5", "src": "build" }, "geometry": { "type": "Point", "coordinates": [ 126.928849, 35.147602 ] } },
{ "type": "Feature", "properties": { "name": "동구 필문대로263번길 6", "cat": "주소", "sub": "주택", "addr": "동구 필문대로263번길 6 (동명동)", "alt": "동명동 115-1", "src": "build" }, "geometry": { "type": "Point", "coordinates": [ 126.928847, 35.147477 ] } },
{ "type": "Feature", "properties": { "name": "동구 필문대로263번길 9", "cat": "주소", "sub": "주택", "addr": "동구 필문대로263번길 9 (동명동)", "alt": "동명동 115-2", "src": "build" }, "geometry": { "type": "Point", "coordinates": [ 126.929223, 35.147454 ] } },
{ "type": "Feature", "properties": { "name": "동구 필문대로273번길 1", "cat": "주소", "sub": "근린생활시설", "addr": "동구 필문대로273번길 1 (동명동)", "alt": "동명동 118-20 · 동명동 118-21", "src": "build" }, "geometry": { "type": "Point", "coordinates": [ 126.928006, 35.14681 ] } },
{ "type": "Feature", "properties": { "name": "동구 필문대로273번길 2", "cat": "주소", "sub": "근린생활시설", "addr": "동구 필문대로273번길 2 (동명동)", "alt": "동명동 118-7", "src": "build" }, "geometry": { "type": "Point", "coordinates": [ 126.927761, 35.146803 ] } },
{ "type": "Feature", "properties": { "name": "동구 필문대로273번길 2-1", "cat": "주소", "sub": "근린생활시설", "addr": "동구 필문대로273번길 2-1 (동명동)", "alt": "동명동 118-10", "src": "build" }, "geometry": { "type": "Point", "coordinates": [ 126.927897, 35.146762 ] } },
{ "type": "Feature", "properties": { "name": "동구 필문대로273번길 3", "cat": "주소", "sub": "근린생활시설", "addr": "동구 필문대로273번길 3 (동명동)", "alt": "동명동 118-26", "src": "build" }, "geometry": { "type": "Point", "coordinates": [ 126.928072, 35.146786 ] } },
{ "type": "Feature", "properties": { "name": "동구 필문대로273번길 3-3", "cat": "주소", "sub": "근린생활시설", "addr": "동구 필문대로273번길 3-3 (동명동)", "alt": "동명동 117-2", "src": "build" }, "geometry": { "type": "Point", "coordinates": [ 126.928305, 35.146959 ] } },
{ "type": "Feature", "properties": { "name": "동구 필문대로273번길 3-5", "cat": "주소", "sub": "근린생활시설", "addr": "동구 필문대로273번길 3-5 (동명동)", "alt": "동명동 117-15", "src": "build" }, "geometry": { "type": "Point", "coordinates": [ 126.928427, 35.146973 ] } },
{ "type": "Feature", "properties": { "name": "동구 필문대로273번길 3-7", "cat": "주소", "sub": "근린생활시설", "addr": "동구 필문대로273번길 3-7 (동명동)", "alt": "동명동 117-16", "src": "build" }, "geometry": { "type": "Point", "coordinates": [ 126.928312, 35.146868 ] } },
{ "type": "Feature", "properties": { "name": "동구 필문대로273번길 4", "cat": "주소", "sub": "근린생활시설", "addr": "동구 필문대로273번길 4 (동명동)", "alt": "동명동 118-15", "src": "build" }, "geometry": { "type": "Point", "coordinates": [ 126.928122, 35.146635 ] } },
{ "type": "Feature", "properties": { "name": "동구 필문대로273번길 5", "cat": "주소", "sub": "업무시설", "addr": "동구 필문대로273번길 5 (동명동)", "alt": "동명동 118-24", "src": "build" }, "geometry": { "type": "Point", "coordinates": [ 126.928224, 35.146712 ] } },
{ "type": "Feature", "properties": { "name": "동구 필문대로273번길 6", "cat": "주소", "sub": "근린생활시설", "addr": "동구 필문대로273번길 6 (동명동)", "alt": "동명동 118-18", "src": "build" }, "geometry": { "type": "Point", "coordinates": [ 126.928162, 35.146629 ] } },
{ "type": "Feature", "properties": { "name": "동구 필문대로289번길 11", "cat": "주소", "sub": "근린생활시설", "addr": "동구 필문대로289번길 11 (동명동)", "alt": "동명동 118-17", "src": "build" }, "geometry": { "type": "Point", "coordinates": [ 126.927861, 35.146392 ] } },
{ "type": "Feature", "properties": { "name": "동구 필문대로289번길 13", "cat": "주소", "sub": "근린생활시설", "addr": "동구 필문대로289번길 13 (동명동)", "alt": "동명동 118-30", "src": "build" }, "geometry": { "type": "Point", "coordinates": [ 126.927995, 35.146484 ] } },
{ "type": "Feature", "properties": { "name": "동구 필문대로289번길 17", "cat": "주소", "sub": "근린생활시설", "addr": "동구 필문대로289번길 17 (동명동)", "alt": "동명동 118-23", "src": "build" }, "geometry": { "type": "Point", "coordinates": [ 126.928394, 35.146731 ] } },
{ "type": "Feature", "properties": { "name": "동구 필문대로289번길 19-2", "cat": "주소", "sub": "주택", "addr": "동구 필문대로289번길 19-2 (동명동)", "alt": "동명동 117-13", "src": "build" }, "geometry": { "type": "Point", "coordinates": [ 126.928689, 35.146829 ] } },
{ "type": "Feature", "properties": { "name": "동구 필문대로289번길 19-6", "cat": "주소", "sub": "연립·다세대", "addr": "동구 필문대로289번길 19-6 (동명동)", "alt": "동명동 117-1", "src": "build" }, "geometry": { "type": "Point", "coordinates": [ 126.928554, 35.147008 ] } },
{ "type": "Feature", "properties": { "name": "동구 필문대로289번길 21", "cat": "주소", "sub": "주택", "addr": "동구 필문대로289번길 21 (동명동)", "alt": "동명동 117-11", "src": "build" }, "geometry": { "type": "Point", "coordinates": [ 126.928852, 35.146946 ] } },
{ "type": "Feature", "properties": { "name": "동구 필문대로289번길 25", "cat": "주소", "sub": "주택", "addr": "동구 필문대로289번길 25 (동명동)", "alt": "동명동 116-7 · 동명동 116-9", "src": "build" }, "geometry": { "type": "Point", "coordinates": [ 126.929173, 35.147114 ] } },
{ "type": "Feature", "properties": { "name": "동구 필문대로289번길 29", "cat": "주소", "sub": "근린생활시설", "addr": "동구 필문대로289번길 29 (동명동)", "alt": "동명동 116-3", "src": "build" }, "geometry": { "type": "Point", "coordinates": [ 126.929401, 35.147194 ] } },
{ "type": "Feature", "properties": { "name": "동구 필문대로289번길 7", "cat": "주소", "sub": "주택", "addr": "동구 필문대로289번길 7 (동명동)", "alt": "동명동 120-6", "src": "build" }, "geometry": { "type": "Point", "coordinates": [ 126.927686, 35.146253 ] } },
{ "type": "Feature", "properties": { "name": "동구 필문대로289번길 9", "cat": "주소", "sub": "주택", "addr": "동구 필문대로289번길 9 (동명동)", "alt": "동명동 120-26", "src": "build" }, "geometry": { "type": "Point", "coordinates": [ 126.927804, 35.146345 ] } },
{ "type": "Feature", "properties": { "name": "동구노인종합복지관 별관", "cat": "건물", "sub": "교육및복지시설", "addr": "동구 동명로20번길 8 (동명동)", "alt": "동명동 154-170", "src": "build" }, "geometry": { "type": "Point", "coordinates": [ 126.924144, 35.150575 ] } },
{ "type": "Feature", "properties": { "name": "동구노인종합복지관 실버피아", "cat": "건물", "sub": "교육및복지시설", "addr": "동구 동명로20번길 9 (동명동)", "alt": "동명동 154-26", "src": "build" }, "geometry": { "type": "Point", "coordinates": [ 126.924547, 35.150699 ] } },
{ "type": "Feature", "properties": { "name": "동구노인종합복지회관 동구노인종합복지관 본관", "cat": "건물", "sub": "교육및복지시설", "addr": "동구 동명로20번길 10 (동명동)", "alt": "동명동 154-44", "src": "build" }, "geometry": { "type": "Point", "coordinates": [ 126.924383, 35.150568 ] } },
{ "type": "Feature", "properties": { "name": "동명", "cat": "건물", "sub": "주택", "addr": "동구 동명로14번길 19-5 (동명동)", "alt": "동명동 154-69", "src": "build" }, "geometry": { "type": "Point", "coordinates": [ 126.925286, 35.150208 ] } },
{ "type": "Feature", "properties": { "name": "동명", "cat": "건물", "sub": "주택", "addr": "동구 필문대로 234-2 (동명동)", "alt": "동명동 13-1 · 동명동 18-4", "src": "build" }, "geometry": { "type": "Point", "coordinates": [ 126.929312, 35.150145 ] } },
{ "type": "Feature", "properties": { "name": "동명교회", "cat": "건물", "sub": "종교시설", "addr": "동구 동명로20번길 31 (동명동)", "alt": "동명동 68-30", "src": "build" }, "geometry": { "type": "Point", "coordinates": [ 126.926636, 35.150439 ] } },
{ "type": "Feature", "properties": { "name": "동명교회다목적관", "cat": "건물", "sub": "종교시설", "addr": "동구 동명로20번길 30 (동명동)", "alt": "동명동 57-2", "src": "build" }, "geometry": { "type": "Point", "coordinates": [ 126.926614, 35.150292 ] } },
{ "type": "Feature", "properties": { "name": "동명교회사택", "cat": "건물", "sub": "주택", "addr": "동구 동명로14번길 29-9 (동명동)", "alt": "동명동 75-21", "src": "build" }, "geometry": { "type": "Point", "coordinates": [ 126.926143, 35.150202 ] } },
{ "type": "Feature", "properties": { "name": "동명동 154-29 단독주택", "cat": "건물", "sub": "주택", "addr": "동구 동명로26번길 6 (동명동)", "alt": "동명동 154-29", "src": "build" }, "geometry": { "type": "Point", "coordinates": [ 126.924263, 35.151169 ] } },
{ "type": "Feature", "properties": { "name": "동명동 센트럴파크", "cat": "건물", "sub": "업무시설", "addr": "동구 중앙로 248 (동명동)", "alt": "동명동 245-16", "src": "build" }, "geometry": { "type": "Point", "coordinates": [ 126.920273, 35.153715 ] } },
{ "type": "Feature", "properties": { "name": "동명동 스튜던트빌리지", "cat": "건물", "sub": "연립·다세대", "addr": "동구 동명로 19-3 (동명동)", "alt": "동명동 200-141", "src": "build" }, "geometry": { "type": "Point", "coordinates": [ 126.923083, 35.150822 ] } },
{ "type": "Feature", "properties": { "name": "동명동 오피스텔,다가구주택 주건축물제1동", "cat": "건물", "sub": "주택", "addr": "동구 필문대로263번길 6-1 (동명동)", "alt": "동명동 115-8", "src": "build" }, "geometry": { "type": "Point", "coordinates": [ 126.928944, 35.147414 ] } },
{ "type": "Feature", "properties": { "name": "동명동 자율방범초소", "cat": "건물", "sub": "근린생활시설", "addr": "동구 중앙로252번길 8 (동명동)", "alt": "동명동 246-11", "src": "build" }, "geometry": { "type": "Point", "coordinates": [ 126.920723, 35.153674 ] } },
{ "type": "Feature", "properties": { "name": "동명동주민센터", "cat": "건물", "sub": "근린생활시설", "addr": "동구 동명로26번길 13 (동명동)", "alt": "동명동 156-4", "src": "build" }, "geometry": { "type": "Point", "coordinates": [ 126.925166, 35.151119 ] } },
{ "type": "Feature", "properties": { "name": "동명동파르테논빌라", "cat": "건물", "sub": "연립·다세대", "addr": "동구 동계천로85번길 4 (동명동)", "alt": "동명동 228-21", "src": "build" }, "geometry": { "type": "Point", "coordinates": [ 126.920787, 35.152423 ] } },
{ "type": "Feature", "properties": { "name": "동명맨션 가동", "cat": "건물", "sub": "아파트", "addr": "동구 동명로20번길 33 (동명동)", "alt": "", "src": "build" }, "geometry": { "type": "Point", "coordinates": [ 126.926986, 35.150311 ] } },
{ "type": "Feature", "properties": { "name": "동명맨션 나동", "cat": "건물", "sub": "아파트", "addr": "동구 동명로20번길 33 (동명동)", "alt": "동명동 154-93 · 동명동 166-1", "src": "build" }, "geometry": { "type": "Point", "coordinates": [ 126.926986, 35.150311 ] } },
{ "type": "Feature", "properties": { "name": "동명빌라", "cat": "건물", "sub": "연립·다세대", "addr": "동구 동계로9번길 8 (동명동)", "alt": "동명동 207-107 · 동명동 207-108", "src": "build" }, "geometry": { "type": "Point", "coordinates": [ 126.923334, 35.152885 ] } },
{ "type": "Feature", "properties": { "name": "동명빌라 관리사무소", "cat": "건물", "sub": "연립·다세대", "addr": "동구 동계로9번길 8 (동명동)", "alt": "", "src": "build" }, "geometry": { "type": "Point", "coordinates": [ 126.923334, 35.152885 ] } },
{ "type": "Feature", "properties": { "name": "동명오피스텔", "cat": "건물", "sub": "업무시설", "addr": "동구 동명로 54 (동명동)", "alt": "동명동 161-7 · 동명동 161-11", "src": "build" }, "geometry": { "type": "Point", "coordinates": [ 126.926403, 35.151277 ] } },
{ "type": "Feature", "properties": { "name": "동명파크맨션", "cat": "건물", "sub": "아파트", "addr": "동구 동계로9번길 12 (동명동)", "alt": "동명동 207-88", "src": "build" }, "geometry": { "type": "Point", "coordinates": [ 126.923188, 35.15291 ] } },
{ "type": "Feature", "properties": { "name": "동문약국", "cat": "건물", "sub": "주택", "addr": "동구 동계천로 73-1 (동명동)", "alt": "동명동 240-6", "src": "build" }, "geometry": { "type": "Point", "coordinates": [ 126.919508, 35.15302 ] } },
{ "type": "Feature", "properties": { "name": "동성하이빌", "cat": "건물", "sub": "연립·다세대", "addr": "동구 동명로26번길 14 (동명동)", "alt": "동명동 154-226", "src": "build" }, "geometry": { "type": "Point", "coordinates": [ 126.925125, 35.151053 ] } },
{ "type": "Feature", "properties": { "name": "동천빌딩", "cat": "건물", "sub": "문화/관광/레저시설", "addr": "동구 필문대로 263 (동명동)", "alt": "동명동 125-4 · 동명동 125-3", "src": "build" }, "geometry": { "type": "Point", "coordinates": [ 126.928314, 35.147613 ] } },
{ "type": "Feature", "properties": { "name": "드림빌라", "cat": "건물", "sub": "주택", "addr": "동구 동계로10번길 11-3 (동명동)", "alt": "동명동 181-7", "src": "build" }, "geometry": { "type": "Point", "coordinates": [ 126.925438, 35.152662 ] } },
{ "type": "Feature", "properties": { "name": "라인빌라", "cat": "건물", "sub": "연립·다세대", "addr": "동구 동명로14번길 10 (동명동)", "alt": "동명동 154-48", "src": "build" }, "geometry": { "type": "Point", "coordinates": [ 126.924283, 35.150068 ] } },
{ "type": "Feature", "properties": { "name": "무등빌라", "cat": "건물", "sub": "연립·다세대", "addr": "동구 동계로10번길 12 (동명동)", "alt": "동명동 179-10", "src": "build" }, "geometry": { "type": "Point", "coordinates": [ 126.925431, 35.152428 ] } },
{ "type": "Feature", "properties": { "name": "문화원룸", "cat": "건물", "sub": "주택", "addr": "동구 장동로 42 (동명동)", "alt": "동명동 140-2", "src": "build" }, "geometry": { "type": "Point", "coordinates": [ 126.926129, 35.147489 ] } },
{ "type": "Feature", "properties": { "name": "산하우스", "cat": "건물", "sub": "연립·다세대", "addr": "동구 필문대로253번길 4 (동명동)", "alt": "동명동 101-33", "src": "build" }, "geometry": { "type": "Point", "coordinates": [ 126.929213, 35.148354 ] } },
{ "type": "Feature", "properties": { "name": "센텀빌", "cat": "건물", "sub": "주택", "addr": "동구 동명로25번길 9-7 (동명동)", "alt": "동명동 200-191", "src": "build" }, "geometry": { "type": "Point", "coordinates": [ 126.922505, 35.151364 ] } },
{ "type": "Feature", "properties": { "name": "수도하이빌", "cat": "건물", "sub": "주택", "addr": "동구 동계로1번길 10-14 (동명동)", "alt": "동명동 200-206", "src": "build" }, "geometry": { "type": "Point", "coordinates": [ 126.923345, 35.152673 ] } },
{ "type": "Feature", "properties": { "name": "시티빌", "cat": "건물", "sub": "주택", "addr": "동구 필문대로263번길 3 (동명동)", "alt": "동명동 115-6", "src": "build" }, "geometry": { "type": "Point", "coordinates": [ 126.928773, 35.147644 ] } },
{ "type": "Feature", "properties": { "name": "신세계빌라", "cat": "건물", "sub": "주택", "addr": "동구 동명로20번길 2 (동명동)", "alt": "동명동 154-36", "src": "build" }, "geometry": { "type": "Point", "coordinates": [ 126.923681, 35.150693 ] } },
{ "type": "Feature", "properties": { "name": "싱그러운빌", "cat": "건물", "sub": "주택", "addr": "동구 필문대로 238-12 (동명동)", "alt": "동명동 18-3", "src": "build" }, "geometry": { "type": "Point", "coordinates": [ 126.928797, 35.150097 ] } },
{ "type": "Feature", "properties": { "name": "아름이", "cat": "건물", "sub": "주택", "addr": "동구 필문대로263번길 15-9 (동명동)", "alt": "동명동 112-23", "src": "build" }, "geometry": { "type": "Point", "coordinates": [ 126.929986, 35.147778 ] } },
{ "type": "Feature", "properties": { "name": "아진아트빌", "cat": "건물", "sub": "연립·다세대", "addr": "동구 필문대로253번길 2 (동명동)", "alt": "동명동 101-24", "src": "build" }, "geometry": { "type": "Point", "coordinates": [ 126.928949, 35.148391 ] } },
{ "type": "Feature", "properties": { "name": "에이몬", "cat": "건물", "sub": "주택", "addr": "동구 동계천로 135-10 (동명동)", "alt": "동명동 154-16", "src": "build" }, "geometry": { "type": "Point", "coordinates": [ 126.924554, 35.149827 ] } },
{ "type": "Feature", "properties": { "name": "엘림 엘림1", "cat": "건물", "sub": "근린생활시설", "addr": "동구 동계천로 151-17 (동명동)", "alt": "동명동 72-36", "src": "build" }, "geometry": { "type": "Point", "coordinates": [ 126.925748, 35.149481 ] } },
{ "type": "Feature", "properties": { "name": "엘림 엘림2", "cat": "건물", "sub": "업무시설", "addr": "동구 동계천로 151-17 (동명동)", "alt": "", "src": "build" }, "geometry": { "type": "Point", "coordinates": [ 126.925748, 35.149481 ] } },
{ "type": "Feature", "properties": { "name": "엽신빌라", "cat": "건물", "sub": "주택", "addr": "동구 동명로14번길 4 (동명동)", "alt": "동명동 197-12", "src": "build" }, "geometry": { "type": "Point", "coordinates": [ 126.923563, 35.150188 ] } },
{ "type": "Feature", "properties": { "name": "영은하우스", "cat": "건물", "sub": "근린생활시설", "addr": "동구 장동로43번길 5-1 (동명동)", "alt": "동명동 143-54 · 동명동 143-75 · 동명동 143-37", "src": "build" }, "geometry": { "type": "Point", "coordinates": [ 126.926156, 35.14789 ] } },
{ "type": "Feature", "properties": { "name": "은하빌라", "cat": "건물", "sub": "주택", "addr": "동구 동계로1번길 13 (동명동)", "alt": "동명동 200-112", "src": "build" }, "geometry": { "type": "Point", "coordinates": [ 126.922492, 35.152152 ] } },
{ "type": "Feature", "properties": { "name": "이서빌딩", "cat": "건물", "sub": "근린생활시설", "addr": "동구 동명로14번길 20 (동명동)", "alt": "동명동 73-18", "src": "build" }, "geometry": { "type": "Point", "coordinates": [ 126.925524, 35.14981 ] } },
{ "type": "Feature", "properties": { "name": "일등원룸", "cat": "건물", "sub": "주택", "addr": "동구 동계로1번길 9 (동명동)", "alt": "동명동 200-153", "src": "build" }, "geometry": { "type": "Point", "coordinates": [ 126.923087, 35.152003 ] } },
{ "type": "Feature", "properties": { "name": "정명빌", "cat": "건물", "sub": "주택", "addr": "동구 필문대로263번길 13 (동명동)", "alt": "동명동 116-15", "src": "build" }, "geometry": { "type": "Point", "coordinates": [ 126.929624, 35.14731 ] } },
{ "type": "Feature", "properties": { "name": "정은빌 주건축물제1동", "cat": "건물", "sub": "주택", "addr": "동구 필문대로263번길 11 (동명동)", "alt": "동명동 115", "src": "build" }, "geometry": { "type": "Point", "coordinates": [ 126.929473, 35.147396 ] } },
{ "type": "Feature", "properties": { "name": "제임스딘", "cat": "건물", "sub": "주택", "addr": "동구 필문대로263번길 6-3 (동명동)", "alt": "동명동 116-11", "src": "build" }, "geometry": { "type": "Point", "coordinates": [ 126.928825, 35.147135 ] } },
{ "type": "Feature", "properties": { "name": "조대명품타운 104동", "cat": "건물", "sub": "주택", "addr": "동구 필문대로253번길 10-6 (동명동)", "alt": "동명동 113-97", "src": "build" }, "geometry": { "type": "Point", "coordinates": [ 126.929621, 35.147924 ] } },
{ "type": "Feature", "properties": { "name": "조대명품타운 105동", "cat": "건물", "sub": "주택", "addr": "동구 필문대로253번길 10-2 (동명동)", "alt": "동명동 113-96", "src": "build" }, "geometry": { "type": "Point", "coordinates": [ 126.929657, 35.148066 ] } },
{ "type": "Feature", "properties": { "name": "주건축물제1동", "cat": "건물", "sub": "주택", "addr": "동구 동계로13번길 8-1 (동명동)", "alt": "동명동 209-21", "src": "build" }, "geometry": { "type": "Point", "coordinates": [ 126.923624, 35.153173 ] } },
{ "type": "Feature", "properties": { "name": "주건축물제1동", "cat": "건물", "sub": "주택", "addr": "동구 필문대로253번길 10 (동명동)", "alt": "동명동 113-2", "src": "build" }, "geometry": { "type": "Point", "coordinates": [ 126.929691, 35.148182 ] } },
{ "type": "Feature", "properties": { "name": "중앙빌라", "cat": "건물", "sub": "연립·다세대", "addr": "동구 동계천로 143-26 (동명동)", "alt": "동명동 72-26", "src": "build" }, "geometry": { "type": "Point", "coordinates": [ 126.925268, 35.149533 ] } },
{ "type": "Feature", "properties": { "name": "중앙원룸", "cat": "건물", "sub": "주택", "addr": "동구 동계로1번길 10-3 (동명동)", "alt": "동명동 200-62", "src": "build" }, "geometry": { "type": "Point", "coordinates": [ 126.923039, 35.152247 ] } },
{ "type": "Feature", "properties": { "name": "천사원룸", "cat": "건물", "sub": "주택", "addr": "동구 장동로 40 (동명동)", "alt": "동명동 139-13", "src": "build" }, "geometry": { "type": "Point", "coordinates": [ 126.925868, 35.147567 ] } },
{ "type": "Feature", "properties": { "name": "청운빌라", "cat": "건물", "sub": "주택", "addr": "동구 장동로43번길 9-2 (동명동)", "alt": "동명동 143-45", "src": "build" }, "geometry": { "type": "Point", "coordinates": [ 126.926184, 35.148333 ] } },
{ "type": "Feature", "properties": { "name": "태영오피스텔", "cat": "건물", "sub": "업무시설", "addr": "동구 동명로98번길 20-16 (동명동)", "alt": "동명동 4-1 · 동명동 4-2 · 동명동 5-2 · 동명동 287-18 · 동명동 287-17", "src": "build" }, "geometry": { "type": "Point", "coordinates": [ 126.929671, 35.149291 ] } },
{ "type": "Feature", "properties": { "name": "투인빌라", "cat": "건물", "sub": "주택", "addr": "동구 동명로25번길 10-7 (동명동)", "alt": "동명동 200-204", "src": "build" }, "geometry": { "type": "Point", "coordinates": [ 126.922872, 35.151913 ] } },
{ "type": "Feature", "properties": { "name": "행복원룸", "cat": "건물", "sub": "주택", "addr": "동구 장동로43번길 8 (동명동)", "alt": "동명동 143-43", "src": "build" }, "geometry": { "type": "Point", "coordinates": [ 126.926429, 35.148087 ] } },
{ "type": "Feature", "properties": { "name": "계림1동행정복지센터", "cat": "관공서", "sub": "읍면동", "addr": "광주광역시 동구 경양로247번길 26", "alt": "", "src": "civil" }, "geometry": { "type": "Point", "coordinates": [ 126.919635, 35.158531 ] } },
{ "type": "Feature", "properties": { "name": "계림2동행정복지센터", "cat": "관공서", "sub": "읍면동", "addr": "광주광역시 동구 계림로30번길 15", "alt": "", "src": "civil" }, "geometry": { "type": "Point", "coordinates": [ 126.925372, 35.157063 ] } },
{ "type": "Feature", "properties": { "name": "광주동부금남지구대", "cat": "관공서", "sub": "지구대", "addr": "광주광역시 동구 예술길 31-5", "alt": "", "src": "civil" }, "geometry": { "type": "Point", "coordinates": [ 126.919549, 35.149531 ] } },
{ "type": "Feature", "properties": { "name": "광주동부산수파출소", "cat": "관공서", "sub": "파출소", "addr": "광주광역시 동구 필문대로 157", "alt": "", "src": "civil" }, "geometry": { "type": "Point", "coordinates": [ 126.932008, 35.156617 ] } },
{ "type": "Feature", "properties": { "name": "광주동부지산파출소", "cat": "관공서", "sub": "파출소", "addr": "광주광역시 동구 지호로 131", "alt": "", "src": "civil" }, "geometry": { "type": "Point", "coordinates": [ 126.942787, 35.149441 ] } },
{ "type": "Feature", "properties": { "name": "광주동산초등학교", "cat": "학교", "sub": "초등학교", "addr": "광주광역시 동구 준법로 16", "alt": "", "src": "civil" }, "geometry": { "type": "Point", "coordinates": [ 126.935555, 35.148556 ] } },
{ "type": "Feature", "properties": { "name": "광주법원우체국", "cat": "관공서", "sub": "우체국", "addr": "광주광역시 동구 준법로 7-12", "alt": "", "src": "civil" }, "geometry": { "type": "Point", "coordinates": [ 126.934043, 35.150569 ] } },
{ "type": "Feature", "properties": { "name": "광주산수동우체국", "cat": "관공서", "sub": "우체국", "addr": "광주광역시 동구 무등로 467", "alt": "", "src": "civil" }, "geometry": { "type": "Point", "coordinates": [ 126.931268, 35.155454 ] } },
{ "type": "Feature", "properties": { "name": "광주산수초등학교", "cat": "학교", "sub": "초등학교", "addr": "광주광역시 동구 산수길 28", "alt": "", "src": "civil" }, "geometry": { "type": "Point", "coordinates": [ 126.928337, 35.155848 ] } },
{ "type": "Feature", "properties": { "name": "광주서석초등학교", "cat": "학교", "sub": "초등학교", "addr": "광주광역시 동구 제봉로82번길 26", "alt": "", "src": "civil" }, "geometry": { "type": "Point", "coordinates": [ 126.92556, 35.147553 ] } },
{ "type": "Feature", "properties": { "name": "광주세무서", "cat": "관공서", "sub": "세무서", "addr": "광주광역시 동구 중앙로 154", "alt": "", "src": "civil" }, "geometry": { "type": "Point", "coordinates": [ 126.912897, 35.147481 ] } },
{ "type": "Feature", "properties": { "name": "광주우체국", "cat": "관공서", "sub": "우체국", "addr": "광주광역시 동구 제봉로 211", "alt": "", "src": "civil" }, "geometry": { "type": "Point", "coordinates": [ 126.914232, 35.154115 ] } },
{ "type": "Feature", "properties": { "name": "광주장원초등학교", "cat": "학교", "sub": "초등학교", "addr": "광주광역시 동구 무등로 533", "alt": "", "src": "civil" }, "geometry": { "type": "Point", "coordinates": [ 126.937769, 35.157789 ] } },
{ "type": "Feature", "properties": { "name": "광주중앙초등학교", "cat": "학교", "sub": "초등학교", "addr": "광주광역시 동구 제봉로 167", "alt": "", "src": "civil" }, "geometry": { "type": "Point", "coordinates": [ 126.918641, 35.150929 ] } },
{ "type": "Feature", "properties": { "name": "광주충장로우체국", "cat": "관공서", "sub": "우체국", "addr": "광주광역시 동구 충장로 94", "alt": "", "src": "civil" }, "geometry": { "type": "Point", "coordinates": [ 126.916948, 35.147424 ] } },
{ "type": "Feature", "properties": { "name": "광주충장중학교", "cat": "학교", "sub": "중학교", "addr": "광주광역시 동구 경양로379번길 19", "alt": "", "src": "civil" }, "geometry": { "type": "Point", "coordinates": [ 126.928593, 35.156736 ] } },
{ "type": "Feature", "properties": { "name": "대인119안전센터", "cat": "관공서", "sub": "119안전센터", "addr": "광주광역시 동구 제봉로 210", "alt": "", "src": "civil" }, "geometry": { "type": "Point", "coordinates": [ 126.914805, 35.154494 ] } },
{ "type": "Feature", "properties": { "name": "동구청", "cat": "관공서", "sub": "시군구", "addr": "광주광역시 동구 서남로 1", "alt": "", "src": "civil" }, "geometry": { "type": "Point", "coordinates": [ 126.923093, 35.146142 ] } },
{ "type": "Feature", "properties": { "name": "동명동행정복지센터", "cat": "관공서", "sub": "읍면동", "addr": "광주광역시 동구 동명로26번길 13", "alt": "", "src": "civil" }, "geometry": { "type": "Point", "coordinates": [ 126.925162, 35.151181 ] } },
{ "type": "Feature", "properties": { "name": "동부소방서", "cat": "관공서", "sub": "소방서", "addr": "광주광역시 동구 제봉로 210", "alt": "", "src": "civil" }, "geometry": { "type": "Point", "coordinates": [ 126.914805, 35.154494 ] } },
{ "type": "Feature", "properties": { "name": "보건소", "cat": "관공서", "sub": "보건소", "addr": "광주광역시 동구 서남로 1", "alt": "", "src": "civil" }, "geometry": { "type": "Point", "coordinates": [ 126.923093, 35.146142 ] } },
{ "type": "Feature", "properties": { "name": "산수1동행정복지센터", "cat": "관공서", "sub": "읍면동", "addr": "광주광역시 동구 무등로449번길 12", "alt": "", "src": "civil" }, "geometry": { "type": "Point", "coordinates": [ 126.930735, 35.157291 ] } },
{ "type": "Feature", "properties": { "name": "산수2동행정복지센터", "cat": "관공서", "sub": "읍면동", "addr": "광주광역시 동구 필문대로191번길 43-24", "alt": "", "src": "civil" }, "geometry": { "type": "Point", "coordinates": [ 126.936138, 35.154574 ] } },
{ "type": "Feature", "properties": { "name": "살레시오여자고등학교", "cat": "학교", "sub": "고등학교", "addr": "광주광역시 동구 필문대로273번길 21", "alt": "", "src": "civil" }, "geometry": { "type": "Point", "coordinates": [ 126.929643, 35.146987 ] } },
{ "type": "Feature", "properties": { "name": "살레시오여자중학교", "cat": "학교", "sub": "중학교", "addr": "광주광역시 동구 필문대로273번길 21", "alt": "", "src": "civil" }, "geometry": { "type": "Point", "coordinates": [ 126.929643, 35.146987 ] } },
{ "type": "Feature", "properties": { "name": "서남동행정복지센터", "cat": "관공서", "sub": "읍면동", "addr": "광주광역시 동구 서남로 14", "alt": "", "src": "civil" }, "geometry": { "type": "Point", "coordinates": [ 126.923163, 35.144951 ] } },
{ "type": "Feature", "properties": { "name": "조선대학교 교육대학원", "cat": "학교", "sub": "대학", "addr": "광주광역시 동구 조선대길 184", "alt": "", "src": "civil" }, "geometry": { "type": "Point", "coordinates": [ 126.934364, 35.146006 ] } },
{ "type": "Feature", "properties": { "name": "조선대학교 대학원", "cat": "학교", "sub": "대학", "addr": "광주광역시 동구 필문대로 309", "alt": "", "src": "civil" }, "geometry": { "type": "Point", "coordinates": [ 126.92593, 35.143643 ] } },
{ "type": "Feature", "properties": { "name": "조선대학교 디자인대학원", "cat": "학교", "sub": "대학", "addr": "광주광역시 동구 조선대길 73", "alt": "", "src": "civil" }, "geometry": { "type": "Point", "coordinates": [ 126.930934, 35.144659 ] } },
{ "type": "Feature", "properties": { "name": "조선대학교 치의학전문대학원", "cat": "학교", "sub": "대학", "addr": "광주광역시 동구 조선대길 7", "alt": "", "src": "civil" }, "geometry": { "type": "Point", "coordinates": [ 126.927434, 35.144375 ] } },
{ "type": "Feature", "properties": { "name": "조선대학교부속중학교", "cat": "학교", "sub": "중학교", "addr": "광주광역시 동구 필문대로 309-3", "alt": "", "src": "civil" }, "geometry": { "type": "Point", "coordinates": [ 126.928325, 35.144094 ] } },
{ "type": "Feature", "properties": { "name": "조선대학교여자고등학교", "cat": "학교", "sub": "고등학교", "addr": "광주광역시 동구 지산로 36", "alt": "", "src": "civil" }, "geometry": { "type": "Point", "coordinates": [ 126.93272, 35.146446 ] } },
{ "type": "Feature", "properties": { "name": "조선대학교여자중학교", "cat": "학교", "sub": "중학교", "addr": "광주광역시 동구 지산로 16", "alt": "", "src": "civil" }, "geometry": { "type": "Point", "coordinates": [ 126.931576, 35.145822 ] } },
{ "type": "Feature", "properties": { "name": "조선대학교우편취급국", "cat": "관공서", "sub": "집중국", "addr": "광주광역시 동구 필문대로 309", "alt": "", "src": "civil" }, "geometry": { "type": "Point", "coordinates": [ 126.92593, 35.143643 ] } },
{ "type": "Feature", "properties": { "name": "지산119안전센터", "cat": "관공서", "sub": "119안전센터", "addr": "광주광역시 동구 밤실로30번길 16", "alt": "", "src": "civil" }, "geometry": { "type": "Point", "coordinates": [ 126.938544, 35.149959 ] } },
{ "type": "Feature", "properties": { "name": "지산1동행정복지센터", "cat": "관공서", "sub": "읍면동", "addr": "광주광역시 동구 지산로 57", "alt": "", "src": "civil" }, "geometry": { "type": "Point", "coordinates": [ 126.932718, 35.149006 ] } },
{ "type": "Feature", "properties": { "name": "지산2동행정복지센터", "cat": "관공서", "sub": "읍면동", "addr": "광주광역시 동구 지호로 51", "alt": "", "src": "civil" }, "geometry": { "type": "Point", "coordinates": [ 126.934493, 35.147976 ] } },
{ "type": "Feature", "properties": { "name": "충장동행정복지센터", "cat": "관공서", "sub": "읍면동", "addr": "광주광역시 동구 충장로58번길 16", "alt": "", "src": "civil" }, "geometry": { "type": "Point", "coordinates": [ 126.912804, 35.149184 ] } },
{ "type": "Feature", "properties": { "name": "1등로또방", "cat": "예술·스포츠", "sub": "유원지·오락", "addr": "전남광주통합특별시 동구 중앙로 249-2", "alt": "", "src": "store" }, "geometry": { "type": "Point", "coordinates": [ 126.920135, 35.15429 ] } },
{ "type": "Feature", "properties": { "name": "21세기법원경매", "cat": "부동산", "sub": "부동산 서비스", "addr": "전남광주통합특별시 동구 준법로 3-10", "alt": "", "src": "store" }, "geometry": { "type": "Point", "coordinates": [ 126.933528, 35.149881 ] } },
{ "type": "Feature", "properties": { "name": "21세기이엔지", "cat": "과학·기술", "sub": "기술 서비스", "addr": "전남광주통합특별시 동구 동명로67번길 22-31", "alt": "", "src": "store" }, "geometry": { "type": "Point", "coordinates": [ 126.926721, 35.153347 ] } },
{ "type": "Feature", "properties": { "name": "24시노아동물메디컬센터", "cat": "과학·기술", "sub": "수의", "addr": "전남광주통합특별시 동구 독립로 292", "alt": "", "src": "store" }, "geometry": { "type": "Point", "coordinates": [ 126.913131, 35.1568 ] } },
{ "type": "Feature", "properties": { "name": "365착한청소", "cat": "시설관리·임대", "sub": "청소·방제", "addr": "전남광주통합특별시 동구 중앙로 253-4", "alt": "", "src": "store" }, "geometry": { "type": "Point", "coordinates": [ 126.920047, 35.154407 ] } },
{ "type": "Feature", "properties": { "name": "50페이지(광", "cat": "과학·기술", "sub": "사진 촬영", "addr": "전남광주통합특별시 동구 동계천로 143", "alt": "", "src": "store" }, "geometry": { "type": "Point", "coordinates": [ 126.924969, 35.149029 ] } },
{ "type": "Feature", "properties": { "name": "7080중년클럽", "cat": "음식", "sub": "주점", "addr": "전남광주통합특별시 동구 제봉로200번길 1-7", "alt": "", "src": "store" }, "geometry": { "type": "Point", "coordinates": [ 126.915603, 35.154223 ] } },
{ "type": "Feature", "properties": { "name": "900달러", "cat": "음식", "sub": "기타 간이", "addr": "전남광주통합특별시 동구 동계천로 103-2", "alt": "", "src": "store" }, "geometry": { "type": "Point", "coordinates": [ 126.922048, 35.151352 ] } },
{ "type": "Feature", "properties": { "name": "95에스티", "cat": "음식", "sub": "비알코올 ", "addr": "전남광주통합특별시 동구 백서로 220", "alt": "", "src": "store" }, "geometry": { "type": "Point", "coordinates": [ 126.926573, 35.147263 ] } },
{ "type": "Feature", "properties": { "name": "CCC아가페의원재", "cat": "보건의료", "sub": "의원", "addr": "전남광주통합특별시 동구 동명로20번길 10", "alt": "", "src": "store" }, "geometry": { "type": "Point", "coordinates": [ 126.924375, 35.15048 ] } },
{ "type": "Feature", "properties": { "name": "CDK스튜디오", "cat": "과학·기술", "sub": "사진 촬영", "addr": "전남광주통합특별시 동구 독립로264번길 12", "alt": "", "src": "store" }, "geometry": { "type": "Point", "coordinates": [ 126.91208, 35.153824 ] } },
{ "type": "Feature", "properties": { "name": "DIGITAL컴퓨터", "cat": "수리·개인", "sub": "컴퓨터 수리", "addr": "전남광주통합특별시 동구 필문대로205번길 37-2", "alt": "", "src": "store" }, "geometry": { "type": "Point", "coordinates": [ 126.935162, 35.152009 ] } },
{ "type": "Feature", "properties": { "name": "HR기획", "cat": "과학·기술", "sub": "광고", "addr": "전남광주통합특별시 동구 동명로14번길 5", "alt": "", "src": "store" }, "geometry": { "type": "Point", "coordinates": [ 126.923739, 35.150272 ] } },
{ "type": "Feature", "properties": { "name": "HS인테리어", "cat": "과학·기술", "sub": "전문 디자인", "addr": "전남광주통합특별시 동구 필문대로263번길 15-14", "alt": "", "src": "store" }, "geometry": { "type": "Point", "coordinates": [ 126.930205, 35.147869 ] } },
{ "type": "Feature", "properties": { "name": "P.R머신F/B", "cat": "소매", "sub": "가전·통신 소매", "addr": "전남광주통합특별시 동구 지호로 27-4", "alt": "", "src": "store" }, "geometry": { "type": "Point", "coordinates": [ 126.932278, 35.148339 ] } },
{ "type": "Feature", "properties": { "name": "S2네일", "cat": "수리·개인", "sub": "이용·미용", "addr": "전남광주통합특별시 동구 지호로 16", "alt": "", "src": "store" }, "geometry": { "type": "Point", "coordinates": [ 126.930775, 35.148564 ] } },
{ "type": "Feature", "properties": { "name": "SJSJ", "cat": "소매", "sub": "섬유·의복·신발 소매", "addr": "전남광주통합특별시 동구 독립로 268", "alt": "", "src": "store" }, "geometry": { "type": "Point", "coordinates": [ 126.912178, 35.154555 ] } },
{ "type": "Feature", "properties": { "name": "SK정수기", "cat": "소매", "sub": "가전·통신 소매", "addr": "전남광주통합특별시 동구 밤실로 49", "alt": "", "src": "store" }, "geometry": { "type": "Point", "coordinates": [ 126.936303, 35.151965 ] } },
{ "type": "Feature", "properties": { "name": "it슈", "cat": "음식", "sub": "기타 간이", "addr": "전남광주통합특별시 동구 계림로20번길 2", "alt": "", "src": "store" }, "geometry": { "type": "Point", "coordinates": [ 126.922494, 35.155544 ] } },
{ "type": "Feature", "properties": { "name": "가가", "cat": "음식", "sub": "비알코올 ", "addr": "전남광주통합특별시 동구 준법로 14", "alt": "", "src": "store" }, "geometry": { "type": "Point", "coordinates": [ 126.934407, 35.149287 ] } },
{ "type": "Feature", "properties": { "name": "가든토탈패션", "cat": "소매", "sub": "섬유·의복·신발 소매", "addr": "전남광주통합특별시 동구 지산로 71-7", "alt": "", "src": "store" }, "geometry": { "type": "Point", "coordinates": [ 126.933023, 35.149971 ] } },
{ "type": "Feature", "properties": { "name": "가보리", "cat": "음식", "sub": "한식", "addr": "전남광주통합특별시 동구 구성로 200", "alt": "", "src": "store" }, "geometry": { "type": "Point", "coordinates": [ 126.914539, 35.153258 ] } },
{ "type": "Feature", "properties": { "name": "가야방", "cat": "숙박", "sub": "일반 숙박", "addr": "전남광주통합특별시 동구 동계천로 39", "alt": "", "src": "store" }, "geometry": { "type": "Point", "coordinates": [ 126.916732, 35.154954 ] } },
{ "type": "Feature", "properties": { "name": "가야장", "cat": "숙박", "sub": "일반 숙박", "addr": "전남광주통합특별시 동구 동계천로 39", "alt": "", "src": "store" }, "geometry": { "type": "Point", "coordinates": [ 126.916732, 35.154954 ] } },
{ "type": "Feature", "properties": { "name": "가온비스포크", "cat": "소매", "sub": "섬유·의복·신발 소매", "addr": "전남광주통합특별시 동구 동명로20번길 4", "alt": "", "src": "store" }, "geometry": { "type": "Point", "coordinates": [ 126.923804, 35.150596 ] } },
{ "type": "Feature", "properties": { "name": "가요무대", "cat": "음식", "sub": "주점", "addr": "전남광주통합특별시 동구 구성로 220", "alt": "", "src": "store" }, "geometry": { "type": "Point", "coordinates": [ 126.916008, 35.15453 ] } },
{ "type": "Feature", "properties": { "name": "가인레이디텔2", "cat": "숙박", "sub": "기타 숙박", "addr": "전남광주통합특별시 동구 필문대로263번길 2-9", "alt": "", "src": "store" }, "geometry": { "type": "Point", "coordinates": [ 126.928581, 35.147219 ] } },
{ "type": "Feature", "properties": { "name": "가정식추어탕뷔페", "cat": "음식", "sub": "한식", "addr": "전남광주통합특별시 동구 제봉로222번길 6", "alt": "", "src": "store" }, "geometry": { "type": "Point", "coordinates": [ 126.914186, 35.155358 ] } },
{ "type": "Feature", "properties": { "name": "가족", "cat": "음식", "sub": "한식", "addr": "전남광주통합특별시 동구 동명로 50", "alt": "", "src": "store" }, "geometry": { "type": "Point", "coordinates": [ 126.925955, 35.151319 ] } },
{ "type": "Feature", "properties": { "name": "가치실천창작소모담", "cat": "교육", "sub": "교육 지원", "addr": "전남광주통합특별시 동구 구성로 220", "alt": "", "src": "store" }, "geometry": { "type": "Point", "coordinates": [ 126.916008, 35.15453 ] } },
{ "type": "Feature", "properties": { "name": "가향", "cat": "과학·기술", "sub": "본사·경영 컨설팅", "addr": "전남광주통합특별시 동구 동계천로95번길 8-1", "alt": "", "src": "store" }, "geometry": { "type": "Point", "coordinates": [ 126.922135, 35.152001 ] } },
{ "type": "Feature", "properties": { "name": "가호", "cat": "음식", "sub": "한식", "addr": "전남광주통합특별시 동구 동명로25번길 7-4", "alt": "", "src": "store" }, "geometry": { "type": "Point", "coordinates": [ 126.922827, 35.151389 ] } },
{ "type": "Feature", "properties": { "name": "간코롯데광주점", "cat": "음식", "sub": "일식", "addr": "전남광주통합특별시 동구 독립로 268", "alt": "", "src": "store" }, "geometry": { "type": "Point", "coordinates": [ 126.912178, 35.154555 ] } },
{ "type": "Feature", "properties": { "name": "갈매나무", "cat": "음식", "sub": "비알코올 ", "addr": "전남광주통합특별시 동구 동명로 63", "alt": "", "src": "store" }, "geometry": { "type": "Point", "coordinates": [ 126.927392, 35.151329 ] } },
{ "type": "Feature", "properties": { "name": "감사폐백", "cat": "음식", "sub": "기타 간이", "addr": "전남광주통합특별시 동구 구성로238번길 30-16", "alt": "", "src": "store" }, "geometry": { "type": "Point", "coordinates": [ 126.919148, 35.154118 ] } },
{ "type": "Feature", "properties": { "name": "감자뭉케이스광주동", "cat": "소매", "sub": "섬유·의복·신발 소매", "addr": "전남광주통합특별시 동구 동계천로 129-3", "alt": "", "src": "store" }, "geometry": { "type": "Point", "coordinates": [ 126.924101, 35.149812 ] } },
{ "type": "Feature", "properties": { "name": "갑부지업사", "cat": "소매", "sub": "철물·건설자재 소매", "addr": "전남광주통합특별시 동구 경양로 302", "alt": "", "src": "store" }, "geometry": { "type": "Point", "coordinates": [ 126.922286, 35.154345 ] } },
{ "type": "Feature", "properties": { "name": "갑을여관", "cat": "숙박", "sub": "일반 숙박", "addr": "전남광주통합특별시 동구 제봉로222번길 8", "alt": "", "src": "store" }, "geometry": { "type": "Point", "coordinates": [ 126.91435, 35.155503 ] } },
{ "type": "Feature", "properties": { "name": "강경중법무사", "cat": "과학·기술", "sub": "법무관련 ", "addr": "전남광주통합특별시 동구 준법로 31-2", "alt": "", "src": "store" }, "geometry": { "type": "Point", "coordinates": [ 126.936634, 35.149396 ] } },
{ "type": "Feature", "properties": { "name": "강남비뇨기과의원", "cat": "보건의료", "sub": "의원", "addr": "전남광주통합특별시 동구 제봉로 207", "alt": "", "src": "store" }, "geometry": { "type": "Point", "coordinates": [ 126.914813, 35.153916 ] } },
{ "type": "Feature", "properties": { "name": "강복희헤어스케치", "cat": "수리·개인", "sub": "이용·미용", "addr": "전남광주통합특별시 동구 동명로 27", "alt": "", "src": "store" }, "geometry": { "type": "Point", "coordinates": [ 126.923727, 35.151615 ] } },
{ "type": "Feature", "properties": { "name": "강씨부엌제주흑돼지", "cat": "음식", "sub": "한식", "addr": "전남광주통합특별시 동구 제봉로184번길 7-3", "alt": "", "src": "store" }, "geometry": { "type": "Point", "coordinates": [ 126.917425, 35.153368 ] } },
{ "type": "Feature", "properties": { "name": "강운스튜디오", "cat": "소매", "sub": "장식품 소매", "addr": "전남광주통합특별시 동구 서석로85번길 12", "alt": "", "src": "store" }, "geometry": { "type": "Point", "coordinates": [ 126.919887, 35.150296 ] } },
{ "type": "Feature", "properties": { "name": "강창원법률사무소", "cat": "과학·기술", "sub": "법무관련 ", "addr": "전남광주통합특별시 동구 지산로 74-4", "alt": "", "src": "store" }, "geometry": { "type": "Point", "coordinates": [ 126.933363, 35.150187 ] } },
{ "type": "Feature", "properties": { "name": "강행옥법률사무소", "cat": "과학·기술", "sub": "법무관련 ", "addr": "전남광주통합특별시 동구 지산로78번길 3", "alt": "", "src": "store" }, "geometry": { "type": "Point", "coordinates": [ 126.933374, 35.150827 ] } },
{ "type": "Feature", "properties": { "name": "개인의취향", "cat": "소매", "sub": "섬유·의복·신발 소매", "addr": "전남광주통합특별시 동구 동계천로 143-17", "alt": "", "src": "store" }, "geometry": { "type": "Point", "coordinates": [ 126.9251, 35.149615 ] } },
{ "type": "Feature", "properties": { "name": "갤러리'화'문화예술공간", "cat": "소매", "sub": "장식품 소매", "addr": "전남광주통합특별시 동구 동명로25번길 8", "alt": "", "src": "store" }, "geometry": { "type": "Point", "coordinates": [ 126.922903, 35.151623 ] } },
{ "type": "Feature", "properties": { "name": "갤러리.피", "cat": "소매", "sub": "장식품 소매", "addr": "전남광주통합특별시 동구 밤실로4번안길 12", "alt": "", "src": "store" }, "geometry": { "type": "Point", "coordinates": [ 126.937732, 35.149487 ] } },
{ "type": "Feature", "properties": { "name": "갤러리아가든", "cat": "소매", "sub": "식물 소매", "addr": "전남광주통합특별시 동구 동명로 25", "alt": "", "src": "store" }, "geometry": { "type": "Point", "coordinates": [ 126.923617, 35.151516 ] } },
{ "type": "Feature", "properties": { "name": "갤럭시", "cat": "음식", "sub": "주점", "addr": "전남광주통합특별시 동구 동계천로6번길 10", "alt": "", "src": "store" }, "geometry": { "type": "Point", "coordinates": [ 126.913494, 35.155772 ] } },
{ "type": "Feature", "properties": { "name": "거손갤러리", "cat": "소매", "sub": "장식품 소매", "addr": "전남광주통합특별시 동구 중앙로 261", "alt": "", "src": "store" }, "geometry": { "type": "Point", "coordinates": [ 126.920431, 35.155065 ] } },
{ "type": "Feature", "properties": { "name": "건강", "cat": "음식", "sub": "한식", "addr": "전남광주통합특별시 동구 필문대로192번길 13-2", "alt": "", "src": "store" }, "geometry": { "type": "Point", "coordinates": [ 126.929849, 35.15352 ] } },
{ "type": "Feature", "properties": { "name": "건강샘약국", "cat": "소매", "sub": "의약·화장품 소매", "addr": "전남광주통합특별시 동구 제봉로 207", "alt": "", "src": "store" }, "geometry": { "type": "Point", "coordinates": [ 126.914813, 35.153916 ] } },
{ "type": "Feature", "properties": { "name": "건강의숲", "cat": "소매", "sub": "의약·화장품 소매", "addr": "전남광주통합특별시 동구 밤실로30번길 11", "alt": "", "src": "store" }, "geometry": { "type": "Point", "coordinates": [ 126.93851, 35.150533 ] } },
{ "type": "Feature", "properties": { "name": "겟인더웨이브", "cat": "음식", "sub": "비알코올 ", "addr": "전남광주통합특별시 동구 제봉로158번길 9", "alt": "", "src": "store" }, "geometry": { "type": "Point", "coordinates": [ 126.920061, 35.152117 ] } },
{ "type": "Feature", "properties": { "name": "견생냥품24시무인펫샵광주동", "cat": "소매", "sub": "애완동물·용품 소매", "addr": "전남광주통합특별시 동구 장동로 23-41", "alt": "", "src": "store" }, "geometry": { "type": "Point", "coordinates": [ 126.924761, 35.14865 ] } },
{ "type": "Feature", "properties": { "name": "결", "cat": "음식", "sub": "비알코올 ", "addr": "전남광주통합특별시 동구 장동로 23-10", "alt": "", "src": "store" }, "geometry": { "type": "Point", "coordinates": [ 126.924794, 35.148362 ] } },
{ "type": "Feature", "properties": { "name": "경범수산", "cat": "소매", "sub": "식료품 소매", "addr": "전남광주통합특별시 동구 동명로 46", "alt": "", "src": "store" }, "geometry": { "type": "Point", "coordinates": [ 126.925461, 35.151436 ] } },
{ "type": "Feature", "properties": { "name": "경진보석", "cat": "소매", "sub": "시계·귀금속 소매", "addr": "전남광주통합특별시 동구 독립로 268", "alt": "", "src": "store" }, "geometry": { "type": "Point", "coordinates": [ 126.912178, 35.154555 ] } },
{ "type": "Feature", "properties": { "name": "경향신문충장지국", "cat": "소매", "sub": "오락용품 소매", "addr": "전남광주통합특별시 동구 계림로 3-1", "alt": "", "src": "store" }, "geometry": { "type": "Point", "coordinates": [ 126.921122, 35.154795 ] } },
{ "type": "Feature", "properties": { "name": "계동치킨", "cat": "음식", "sub": "기타 간이", "addr": "전남광주통합특별시 동구 제봉로222번길 11", "alt": "", "src": "store" }, "geometry": { "type": "Point", "coordinates": [ 126.914328, 35.155782 ] } },
{ "type": "Feature", "properties": { "name": "계루계루", "cat": "음식", "sub": "한식", "addr": "전남광주통합특별시 동구 장동로 43", "alt": "", "src": "store" }, "geometry": { "type": "Point", "coordinates": [ 126.926419, 35.147524 ] } },
{ "type": "Feature", "properties": { "name": "계림3구역공인중개사사무소", "cat": "부동산", "sub": "부동산 서비스", "addr": "전남광주통합특별시 동구 동계천로 59-12", "alt": "", "src": "store" }, "geometry": { "type": "Point", "coordinates": [ 126.918291, 35.154216 ] } },
{ "type": "Feature", "properties": { "name": "계림골동품", "cat": "소매", "sub": "중고 상품 소매", "addr": "전남광주통합특별시 동구 동계천로 59-2", "alt": "", "src": "store" }, "geometry": { "type": "Point", "coordinates": [ 126.918434, 35.153883 ] } },
{ "type": "Feature", "properties": { "name": "계림스카이", "cat": "소매", "sub": "식료품 소매", "addr": "전남광주통합특별시 동구 동계천로 42", "alt": "", "src": "store" }, "geometry": { "type": "Point", "coordinates": [ 126.916634, 35.154846 ] } },
{ "type": "Feature", "properties": { "name": "계림씽크타일벽지", "cat": "소매", "sub": "가구 소매", "addr": "전남광주통합특별시 동구 경양로 295", "alt": "", "src": "store" }, "geometry": { "type": "Point", "coordinates": [ 126.921594, 35.154705 ] } },
{ "type": "Feature", "properties": { "name": "계림아이파크플러스공인중개사사무소", "cat": "부동산", "sub": "부동산 서비스", "addr": "전남광주통합특별시 동구 경양로 338", "alt": "", "src": "store" }, "geometry": { "type": "Point", "coordinates": [ 126.926205, 35.153699 ] } },
{ "type": "Feature", "properties": { "name": "계림약국", "cat": "소매", "sub": "의약·화장품 소매", "addr": "전남광주통합특별시 동구 경양로 282-1", "alt": "", "src": "store" }, "geometry": { "type": "Point", "coordinates": [ 126.920288, 35.154695 ] } },
{ "type": "Feature", "properties": { "name": "계림장여관", "cat": "숙박", "sub": "일반 숙박", "addr": "전남광주통합특별시 동구 중앙로 261-5", "alt": "", "src": "store" }, "geometry": { "type": "Point", "coordinates": [ 126.920233, 35.155263 ] } },
{ "type": "Feature", "properties": { "name": "계주", "cat": "음식", "sub": "한식", "addr": "전남광주통합특별시 동구 동명로14번길 18", "alt": "", "src": "store" }, "geometry": { "type": "Point", "coordinates": [ 126.924946, 35.149921 ] } },
{ "type": "Feature", "properties": { "name": "고강도", "cat": "음식", "sub": "한식", "addr": "전남광주통합특별시 동구 동계천로 177", "alt": "", "src": "store" }, "geometry": { "type": "Point", "coordinates": [ 126.928689, 35.149365 ] } },
{ "type": "Feature", "properties": { "name": "고궁", "cat": "소매", "sub": "장식품 소매", "addr": "전남광주통합특별시 동구 동명로 81-2", "alt": "", "src": "store" }, "geometry": { "type": "Point", "coordinates": [ 126.929653, 35.151078 ] } },
{ "type": "Feature", "properties": { "name": "고당경매장", "cat": "소매", "sub": "장식품 소매", "addr": "전남광주통합특별시 동구 중앙로 261-4", "alt": "", "src": "store" }, "geometry": { "type": "Point", "coordinates": [ 126.920431, 35.155281 ] } },
{ "type": "Feature", "properties": { "name": "고도갤러리", "cat": "소매", "sub": "장식품 소매", "addr": "전남광주통합특별시 동구 경양로 358", "alt": "", "src": "store" }, "geometry": { "type": "Point", "coordinates": [ 126.928257, 35.153781 ] } },
{ "type": "Feature", "properties": { "name": "고려상회", "cat": "소매", "sub": "식료품 소매", "addr": "전남광주통합특별시 동구 필문대로192번길 11-1", "alt": "", "src": "store" }, "geometry": { "type": "Point", "coordinates": [ 126.930156, 35.153593 ] } },
{ "type": "Feature", "properties": { "name": "고려신용정보광주지사", "cat": "과학·기술", "sub": "기타 전문 과학", "addr": "전남광주통합특별시 동구 지산로 73", "alt": "", "src": "store" }, "geometry": { "type": "Point", "coordinates": [ 126.932848, 35.150178 ] } },
{ "type": "Feature", "properties": { "name": "고려제화", "cat": "소매", "sub": "섬유·의복·신발 소매", "addr": "전남광주통합특별시 동구 독립로264번길 15-1", "alt": "", "src": "store" }, "geometry": { "type": "Point", "coordinates": [ 126.912772, 35.153816 ] } },
{ "type": "Feature", "properties": { "name": "고망고광주", "cat": "음식", "sub": "비알코올 ", "addr": "전남광주통합특별시 동구 장동로 23-41", "alt": "", "src": "store" }, "geometry": { "type": "Point", "coordinates": [ 126.924761, 35.14865 ] } },
{ "type": "Feature", "properties": { "name": "고명자공인중개사사무소", "cat": "부동산", "sub": "부동산 서비스", "addr": "전남광주통합특별시 동구 필문대로289번길 5", "alt": "", "src": "store" }, "geometry": { "type": "Point", "coordinates": [ 126.927364, 35.145966 ] } },
{ "type": "Feature", "properties": { "name": "고서당", "cat": "소매", "sub": "장식품 소매", "addr": "전남광주통합특별시 동구 중앙로 268", "alt": "", "src": "store" }, "geometry": { "type": "Point", "coordinates": [ 126.920859, 35.155354 ] } },
{ "type": "Feature", "properties": { "name": "고시텔", "cat": "숙박", "sub": "기타 숙박", "addr": "전남광주통합특별시 동구 필문대로253번길 6-10", "alt": "", "src": "store" }, "geometry": { "type": "Point", "coordinates": [ 126.929118, 35.147977 ] } },
{ "type": "Feature", "properties": { "name": "고싸미", "cat": "음식", "sub": "한식", "addr": "전남광주통합특별시 동구 동명로67번길 37", "alt": "", "src": "store" }, "geometry": { "type": "Point", "coordinates": [ 126.925141, 35.1534 ] } },
{ "type": "Feature", "properties": { "name": "고우고", "cat": "음식", "sub": "한식", "addr": "전남광주통합특별시 동구 계림로 16-1", "alt": "", "src": "store" }, "geometry": { "type": "Point", "coordinates": [ 126.922296, 35.155391 ] } },
{ "type": "Feature", "properties": { "name": "고운", "cat": "소매", "sub": "의약·화장품 소매", "addr": "전남광주통합특별시 동구 구성로 192", "alt": "", "src": "store" }, "geometry": { "type": "Point", "coordinates": [ 126.913892, 35.15278 ] } },
{ "type": "Feature", "properties": { "name": "고은종합상사", "cat": "소매", "sub": "가전·통신 소매", "addr": "전남광주통합특별시 동구 독립로264번길 30", "alt": "", "src": "store" }, "geometry": { "type": "Point", "coordinates": [ 126.913727, 35.152996 ] } },
{ "type": "Feature", "properties": { "name": "고이비토광주", "cat": "소매", "sub": "섬유·의복·신발 소매", "addr": "전남광주통합특별시 동구 독립로264번길 4-1", "alt": "", "src": "store" }, "geometry": { "type": "Point", "coordinates": [ 126.911619, 35.154374 ] } },
{ "type": "Feature", "properties": { "name": "고집", "cat": "음식", "sub": "한식", "addr": "전남광주통합특별시 동구 동계로 14", "alt": "", "src": "store" }, "geometry": { "type": "Point", "coordinates": [ 126.924548, 35.152958 ] } },
{ "type": "Feature", "properties": { "name": "고향청국장", "cat": "음식", "sub": "한식", "addr": "전남광주통합특별시 동구 중앙로 224-1", "alt": "", "src": "store" }, "geometry": { "type": "Point", "coordinates": [ 126.918414, 35.152215 ] } },
{ "type": "Feature", "properties": { "name": "고호당", "cat": "소매", "sub": "장식품 소매", "addr": "전남광주통합특별시 동구 계림로 1", "alt": "", "src": "store" }, "geometry": { "type": "Point", "coordinates": [ 126.920991, 35.154723 ] } },
{ "type": "Feature", "properties": { "name": "고흥나루터", "cat": "음식", "sub": "한식", "addr": "전남광주통합특별시 동구 필문대로205번길 48-1", "alt": "", "src": "store" }, "geometry": { "type": "Point", "coordinates": [ 126.936281, 35.151784 ] } },
{ "type": "Feature", "properties": { "name": "고흥수산상회", "cat": "소매", "sub": "식료품 소매", "addr": "전남광주통합특별시 동구 제봉로184번길 13-3", "alt": "", "src": "store" }, "geometry": { "type": "Point", "coordinates": [ 126.918062, 35.153729 ] } },
{ "type": "Feature", "properties": { "name": "곤트란쉐리에롯데광주점", "cat": "음식", "sub": "기타 간이", "addr": "전남광주통합특별시 동구 독립로 268", "alt": "", "src": "store" }, "geometry": { "type": "Point", "coordinates": [ 126.912178, 35.154555 ] } },
{ "type": "Feature", "properties": { "name": "골드공인중개사사무소", "cat": "부동산", "sub": "부동산 서비스", "addr": "전남광주통합특별시 동구 지산로78번길 3-1", "alt": "", "src": "store" }, "geometry": { "type": "Point", "coordinates": [ 126.933473, 35.150827 ] } },
{ "type": "Feature", "properties": { "name": "골드쉘광주", "cat": "소매", "sub": "시계·귀금속 소매", "addr": "전남광주통합특별시 동구 독립로264번길 15", "alt": "", "src": "store" }, "geometry": { "type": "Point", "coordinates": [ 126.912684, 35.153906 ] } },
{ "type": "Feature", "properties": { "name": "골든래빗스", "cat": "음식", "sub": "비알코올 ", "addr": "전남광주통합특별시 동구 동명로 110", "alt": "", "src": "store" }, "geometry": { "type": "Point", "coordinates": [ 126.932595, 35.150394 ] } },
{ "type": "Feature", "properties": { "name": "골든벨고시원", "cat": "숙박", "sub": "기타 숙박", "addr": "전남광주통합특별시 동구 필문대로263번길 17", "alt": "", "src": "store" }, "geometry": { "type": "Point", "coordinates": [ 126.930128, 35.147436 ] } },
{ "type": "Feature", "properties": { "name": "골든씽크", "cat": "소매", "sub": "기타 생활용품 소매", "addr": "전남광주통합특별시 동구 경양로 297-2", "alt": "", "src": "store" }, "geometry": { "type": "Point", "coordinates": [ 126.922012, 35.154669 ] } },
{ "type": "Feature", "properties": { "name": "골든존수선실", "cat": "수리·개인", "sub": "기타 가정용품 수리", "addr": "전남광주통합특별시 동구 독립로 268", "alt": "", "src": "store" }, "geometry": { "type": "Point", "coordinates": [ 126.912178, 35.154555 ] } },
{ "type": "Feature", "properties": { "name": "골목길", "cat": "음식", "sub": "한식", "addr": "전남광주통합특별시 동구 금남로 161-18", "alt": "", "src": "store" }, "geometry": { "type": "Point", "coordinates": [ 126.91207, 35.153211 ] } },
{ "type": "Feature", "properties": { "name": "골목길1", "cat": "음식", "sub": "한식", "addr": "전남광주통합특별시 동구 동계천로 143-34", "alt": "", "src": "store" }, "geometry": { "type": "Point", "coordinates": [ 126.925583, 35.149705 ] } },
{ "type": "Feature", "properties": { "name": "골프팩토리", "cat": "소매", "sub": "오락용품 소매", "addr": "전남광주통합특별시 동구 동명로 80-1", "alt": "", "src": "store" }, "geometry": { "type": "Point", "coordinates": [ 126.929193, 35.150825 ] } },
{ "type": "Feature", "properties": { "name": "곱돌식당1997", "cat": "음식", "sub": "한식", "addr": "전남광주통합특별시 동구 제봉로110번길 18", "alt": "", "src": "store" }, "geometry": { "type": "Point", "coordinates": [ 126.923784, 35.148974 ] } },
{ "type": "Feature", "properties": { "name": "곱슬머리", "cat": "수리·개인", "sub": "이용·미용", "addr": "전남광주통합특별시 동구 필문대로206번길 12-32", "alt": "", "src": "store" }, "geometry": { "type": "Point", "coordinates": [ 126.929553, 35.153313 ] } },
{ "type": "Feature", "properties": { "name": "공동법률사무소내곁애", "cat": "과학·기술", "sub": "법무관련 ", "addr": "전남광주통합특별시 동구 지산로 73", "alt": "", "src": "store" }, "geometry": { "type": "Point", "coordinates": [ 126.932848, 35.150178 ] } },
{ "type": "Feature", "properties": { "name": "공방503", "cat": "교육", "sub": "기타 교육", "addr": "전남광주통합특별시 동구 동계천로 167-11", "alt": "", "src": "store" }, "geometry": { "type": "Point", "coordinates": [ 126.927558, 35.149598 ] } },
{ "type": "Feature", "properties": { "name": "공방67", "cat": "교육", "sub": "기타 교육", "addr": "전남광주통합특별시 동구 동명로67번길 16-15", "alt": "", "src": "store" }, "geometry": { "type": "Point", "coordinates": [ 126.927556, 35.151978 ] } },
{ "type": "Feature", "properties": { "name": "공방더홈", "cat": "소매", "sub": "섬유·의복·신발 소매", "addr": "전남광주통합특별시 동구 필문대로206번길 12-26", "alt": "", "src": "store" }, "geometry": { "type": "Point", "coordinates": [ 126.929608, 35.153133 ] } },
{ "type": "Feature", "properties": { "name": "공임나라", "cat": "수리·개인", "sub": "자동차 수리·세차", "addr": "전남광주통합특별시 동구 경양로 294", "alt": "", "src": "store" }, "geometry": { "type": "Point", "coordinates": [ 126.921463, 35.154336 ] } },
{ "type": "Feature", "properties": { "name": "공차광주", "cat": "음식", "sub": "비알코올 ", "addr": "전남광주통합특별시 동구 동계천로 145", "alt": "", "src": "store" }, "geometry": { "type": "Point", "coordinates": [ 126.925232, 35.148984 ] } },
{ "type": "Feature", "properties": { "name": "과일나라", "cat": "소매", "sub": "식료품 소매", "addr": "전남광주통합특별시 동구 제봉로 196-1", "alt": "", "src": "store" }, "geometry": { "type": "Point", "coordinates": [ 126.916218, 35.153665 ] } },
{ "type": "Feature", "properties": { "name": "과자배움", "cat": "교육", "sub": "기타 교육", "addr": "전남광주통합특별시 동구 필문대로273번길 7", "alt": "", "src": "store" }, "geometry": { "type": "Point", "coordinates": [ 126.928516, 35.146597 ] } },
{ "type": "Feature", "properties": { "name": "관동이용", "cat": "수리·개인", "sub": "이용·미용", "addr": "전남광주통합특별시 동구 지호로 5", "alt": "", "src": "store" }, "geometry": { "type": "Point", "coordinates": [ 126.929842, 35.149113 ] } },
{ "type": "Feature", "properties": { "name": "광남미용실", "cat": "수리·개인", "sub": "이용·미용", "addr": "전남광주통합특별시 동구 제봉로213번길 14-6", "alt": "", "src": "store" }, "geometry": { "type": "Point", "coordinates": [ 126.913057, 35.154104 ] } },
{ "type": "Feature", "properties": { "name": "광남밧데리", "cat": "수리·개인", "sub": "자동차 수리·세차", "addr": "전남광주통합특별시 동구 밤실로 20", "alt": "", "src": "store" }, "geometry": { "type": "Point", "coordinates": [ 126.937161, 35.149306 ] } },
{ "type": "Feature", "properties": { "name": "광명당인업사", "cat": "소매", "sub": "오락용품 소매", "addr": "전남광주통합특별시 동구 지산로 70", "alt": "", "src": "store" }, "geometry": { "type": "Point", "coordinates": [ 126.933254, 35.149971 ] } },
{ "type": "Feature", "properties": { "name": "광명문집", "cat": "소매", "sub": "가구 소매", "addr": "전남광주통합특별시 동구 경양로 300-1", "alt": "", "src": "store" }, "geometry": { "type": "Point", "coordinates": [ 126.9221, 35.154399 ] } },
{ "type": "Feature", "properties": { "name": "광명세탁소", "cat": "수리·개인", "sub": "세탁", "addr": "전남광주통합특별시 동구 준법로 32-1", "alt": "", "src": "store" }, "geometry": { "type": "Point", "coordinates": [ 126.936514, 35.149153 ] } },
{ "type": "Feature", "properties": { "name": "광양숯불구이지산점", "cat": "음식", "sub": "한식", "addr": "전남광주통합특별시 동구 필문대로 229", "alt": "", "src": "store" }, "geometry": { "type": "Point", "coordinates": [ 126.930565, 35.150366 ] } },
{ "type": "Feature", "properties": { "name": "광은에프앤비", "cat": "음식", "sub": "한식", "addr": "전남광주통합특별시 동구 제봉로 225", "alt": "", "src": "store" }, "geometry": { "type": "Point", "coordinates": [ 126.91288, 35.154825 ] } },
{ "type": "Feature", "properties": { "name": "광주", "cat": "음식", "sub": "주점", "addr": "전남광주통합특별시 동구 제봉로222번길 6-12", "alt": "", "src": "store" }, "geometry": { "type": "Point", "coordinates": [ 126.914515, 35.154863 ] } },
{ "type": "Feature", "properties": { "name": "광주건재상", "cat": "소매", "sub": "기타 상품 소매", "addr": "전남광주통합특별시 동구 동계천로 57", "alt": "", "src": "store" }, "geometry": { "type": "Point", "coordinates": [ 126.918182, 35.154108 ] } },
{ "type": "Feature", "properties": { "name": "광주고등법원국선전담변호사", "cat": "과학·기술", "sub": "법무관련 ", "addr": "전남광주통합특별시 동구 지산로 74-8", "alt": "", "src": "store" }, "geometry": { "type": "Point", "coordinates": [ 126.933638, 35.150133 ] } },
{ "type": "Feature", "properties": { "name": "광주공인중개사사무소", "cat": "부동산", "sub": "부동산 서비스", "addr": "전남광주통합특별시 동구 지산로 69", "alt": "", "src": "store" }, "geometry": { "type": "Point", "coordinates": [ 126.933012, 35.149881 ] } },
{ "type": "Feature", "properties": { "name": "광주그린섬지점디자인은그린섬미술학원", "cat": "교육", "sub": "기타 교육", "addr": "전남광주통합특별시 동구 제봉로 130", "alt": "", "src": "store" }, "geometry": { "type": "Point", "coordinates": [ 126.92184, 35.149946 ] } },
{ "type": "Feature", "properties": { "name": "광주동구88생고기", "cat": "음식", "sub": "한식", "addr": "전남광주통합특별시 동구 필문대로205번길 19-8", "alt": "", "src": "store" }, "geometry": { "type": "Point", "coordinates": [ 126.933219, 35.152351 ] } },
{ "type": "Feature", "properties": { "name": "광주동구Etoos24/7학원이투스", "cat": "교육", "sub": "교육 지원", "addr": "전남광주통합특별시 동구 제봉로 130", "alt": "", "src": "store" }, "geometry": { "type": "Point", "coordinates": [ 126.921862, 35.149964 ] } },
{ "type": "Feature", "properties": { "name": "광주발효제판매상사", "cat": "소매", "sub": "종합 소매", "addr": "전남광주통합특별시 동구 동계로1번길 8", "alt": "", "src": "store" }, "geometry": { "type": "Point", "coordinates": [ 126.923232, 35.152137 ] } },
{ "type": "Feature", "properties": { "name": "광주백제약국", "cat": "소매", "sub": "의약·화장품 소매", "addr": "전남광주통합특별시 동구 제봉로 200", "alt": "", "src": "store" }, "geometry": { "type": "Point", "coordinates": [ 126.915746, 35.153935 ] } },
{ "type": "Feature", "properties": { "name": "광주보청기난청센터", "cat": "소매", "sub": "의약·화장품 소매", "addr": "전남광주통합특별시 동구 제봉로 173", "alt": "", "src": "store" }, "geometry": { "type": "Point", "coordinates": [ 126.91758, 35.152197 ] } },
{ "type": "Feature", "properties": { "name": "광주숲과아이들", "cat": "교육", "sub": "교육 지원", "addr": "전남광주통합특별시 동구 지호로100번길 4", "alt": "", "src": "store" }, "geometry": { "type": "Point", "coordinates": [ 126.939577, 35.147892 ] } },
{ "type": "Feature", "properties": { "name": "광주시각문화콘텐츠협동조합", "cat": "과학·기술", "sub": "사진 촬영", "addr": "전남광주통합특별시 동구 장동로 1-7", "alt": "", "src": "store" }, "geometry": { "type": "Point", "coordinates": [ 126.92284, 35.149523 ] } },
{ "type": "Feature", "properties": { "name": "광주아이폰수리폰바이", "cat": "수리·개인", "sub": "통신장비 수리", "addr": "전남광주통합특별시 동구 필문대로 279", "alt": "", "src": "store" }, "geometry": { "type": "Point", "coordinates": [ 126.927561, 35.146443 ] } },
{ "type": "Feature", "properties": { "name": "광주조명", "cat": "소매", "sub": "기타 생활용품 소매", "addr": "전남광주통합특별시 동구 구성로194번길 15-5", "alt": "", "src": "store" }, "geometry": { "type": "Point", "coordinates": [ 126.915374, 35.15224 ] } },
{ "type": "Feature", "properties": { "name": "광주통상", "cat": "소매", "sub": "섬유·의복·신발 소매", "addr": "전남광주통합특별시 동구 제봉로184번길 7-10", "alt": "", "src": "store" }, "geometry": { "type": "Point", "coordinates": [ 126.917337, 35.153657 ] } },
{ "type": "Feature", "properties": { "name": "광주한겨레두레협동조합", "cat": "수리·개인", "sub": "장례식장 ", "addr": "전남광주통합특별시 동구 필문대로205번길 10-1", "alt": "", "src": "store" }, "geometry": { "type": "Point", "coordinates": [ 126.932122, 35.152026 ] } },
{ "type": "Feature", "properties": { "name": "광주합동법무사사무소", "cat": "과학·기술", "sub": "법무관련 ", "addr": "전남광주통합특별시 동구 동명로 105", "alt": "", "src": "store" }, "geometry": { "type": "Point", "coordinates": [ 126.932024, 35.150899 ] } },
{ "type": "Feature", "properties": { "name": "광주혼술바평균속도", "cat": "음식", "sub": "한식", "addr": "전남광주통합특별시 동구 동명로14번길 20", "alt": "", "src": "store" }, "geometry": { "type": "Point", "coordinates": [ 126.925429, 35.149831 ] } },
{ "type": "Feature", "properties": { "name": "광주흑염소탕", "cat": "음식", "sub": "한식", "addr": "전남광주통합특별시 동구 동계천로6번길 16", "alt": "", "src": "store" }, "geometry": { "type": "Point", "coordinates": [ 126.913758, 35.155322 ] } },
{ "type": "Feature", "properties": { "name": "교촌치킨", "cat": "음식", "sub": "기타 간이", "addr": "전남광주통합특별시 동구 동계천로 12-1", "alt": "", "src": "store" }, "geometry": { "type": "Point", "coordinates": [ 126.914009, 35.156223 ] } },
{ "type": "Feature", "properties": { "name": "구T미장", "cat": "수리·개인", "sub": "이용·미용", "addr": "전남광주통합특별시 동구 동명로 47-21", "alt": "", "src": "store" }, "geometry": { "type": "Point", "coordinates": [ 126.925976, 35.152455 ] } },
{ "type": "Feature", "properties": { "name": "구례", "cat": "음식", "sub": "한식", "addr": "전남광주통합특별시 동구 동계천로53번길 4", "alt": "", "src": "store" }, "geometry": { "type": "Point", "coordinates": [ 126.918214, 35.154469 ] } },
{ "type": "Feature", "properties": { "name": "구르미茶", "cat": "음식", "sub": "비알코올 ", "addr": "전남광주통합특별시 동구 지산로 58", "alt": "", "src": "store" }, "geometry": { "type": "Point", "coordinates": [ 126.932937, 35.148772 ] } },
{ "type": "Feature", "properties": { "name": "구미구미", "cat": "음식", "sub": "일식", "addr": "전남광주통합특별시 동구 동계천로 143-11", "alt": "", "src": "store" }, "geometry": { "type": "Point", "coordinates": [ 126.925111, 35.149498 ] } },
{ "type": "Feature", "properties": { "name": "구찌니", "cat": "소매", "sub": "섬유·의복·신발 소매", "addr": "전남광주통합특별시 동구 중앙로 231", "alt": "", "src": "store" }, "geometry": { "type": "Point", "coordinates": [ 126.918633, 35.153054 ] } },
{ "type": "Feature", "properties": { "name": "국가대표안마지압원", "cat": "보건의료", "sub": "기타 보건", "addr": "전남광주통합특별시 동구 필문대로 212", "alt": "", "src": "store" }, "geometry": { "type": "Point", "coordinates": [ 126.930519, 35.15207 ] } },
{ "type": "Feature", "properties": { "name": "국수나무", "cat": "음식", "sub": "한식", "addr": "전남광주통합특별시 동구 경양로 234", "alt": "", "src": "store" }, "geometry": { "type": "Point", "coordinates": [ 126.915864, 35.155702 ] } },
{ "type": "Feature", "properties": { "name": "국제상록고시원", "cat": "숙박", "sub": "기타 숙박", "addr": "전남광주통합특별시 동구 필문대로263번길 2-5", "alt": "", "src": "store" }, "geometry": { "type": "Point", "coordinates": [ 126.928526, 35.147372 ] } },
{ "type": "Feature", "properties": { "name": "국제인재고시원", "cat": "숙박", "sub": "기타 숙박", "addr": "전남광주통합특별시 동구 필문대로253번길 2-7", "alt": "", "src": "store" }, "geometry": { "type": "Point", "coordinates": [ 126.929129, 35.148148 ] } },
{ "type": "Feature", "properties": { "name": "국제전자", "cat": "소매", "sub": "가전·통신 소매", "addr": "전남광주통합특별시 동구 독립로264번길 25", "alt": "", "src": "store" }, "geometry": { "type": "Point", "coordinates": [ 126.913661, 35.153456 ] } },
{ "type": "Feature", "properties": { "name": "국제커리어센터조선대", "cat": "시설관리·임대", "sub": "고용 알선", "addr": "전남광주통합특별시 동구 필문대로273번길 3", "alt": "", "src": "store" }, "geometry": { "type": "Point", "coordinates": [ 126.928154, 35.146795 ] } },
{ "type": "Feature", "properties": { "name": "군함맥주", "cat": "음식", "sub": "주점", "addr": "전남광주통합특별시 동구 동명로 12", "alt": "", "src": "store" }, "geometry": { "type": "Point", "coordinates": [ 126.923059, 35.150055 ] } },
{ "type": "Feature", "properties": { "name": "굴다리청과", "cat": "소매", "sub": "식료품 소매", "addr": "전남광주통합특별시 동구 경양로 342-1", "alt": "", "src": "store" }, "geometry": { "type": "Point", "coordinates": [ 126.926633, 35.153672 ] } },
{ "type": "Feature", "properties": { "name": "굽네치킨계림금남로점", "cat": "음식", "sub": "기타 간이", "addr": "전남광주통합특별시 동구 제봉로212번길 7", "alt": "", "src": "store" }, "geometry": { "type": "Point", "coordinates": [ 126.915492, 35.155152 ] } },
{ "type": "Feature", "properties": { "name": "굿트", "cat": "음식", "sub": "비알코올 ", "addr": "전남광주통합특별시 동구 동계천로 137-5", "alt": "", "src": "store" }, "geometry": { "type": "Point", "coordinates": [ 126.924628, 35.149551 ] } },
{ "type": "Feature", "properties": { "name": "궁동시골밥상", "cat": "음식", "sub": "한식", "addr": "전남광주통합특별시 동구 중앙로 216", "alt": "", "src": "store" }, "geometry": { "type": "Point", "coordinates": [ 126.917646, 35.151728 ] } },
{ "type": "Feature", "properties": { "name": "권숙원법무사", "cat": "과학·기술", "sub": "법무관련 ", "addr": "전남광주통합특별시 동구 준법로 8-1", "alt": "", "src": "store" }, "geometry": { "type": "Point", "coordinates": [ 126.93388, 35.149286 ] } },
{ "type": "Feature", "properties": { "name": "귀감", "cat": "음식", "sub": "한식", "addr": "전남광주통합특별시 동구 장동로 9-1", "alt": "", "src": "store" }, "geometry": { "type": "Point", "coordinates": [ 126.92329, 35.149064 ] } },
{ "type": "Feature", "properties": { "name": "귀빈세탁", "cat": "수리·개인", "sub": "세탁", "addr": "전남광주통합특별시 동구 제봉로222번길 5", "alt": "", "src": "store" }, "geometry": { "type": "Point", "coordinates": [ 126.914054, 35.155511 ] } },
{ "type": "Feature", "properties": { "name": "귀빈장여관", "cat": "숙박", "sub": "일반 숙박", "addr": "전남광주통합특별시 동구 제봉로222번길 10-6", "alt": "", "src": "store" }, "geometry": { "type": "Point", "coordinates": [ 126.914559, 35.155349 ] } },
{ "type": "Feature", "properties": { "name": "귄", "cat": "소매", "sub": "섬유·의복·신발 소매", "addr": "전남광주통합특별시 동구 제봉로 140", "alt": "", "src": "store" }, "geometry": { "type": "Point", "coordinates": [ 126.921072, 35.15045 ] } },
{ "type": "Feature", "properties": { "name": "규슈", "cat": "음식", "sub": "한식", "addr": "전남광주통합특별시 동구 동명로 47-3", "alt": "", "src": "store" }, "geometry": { "type": "Point", "coordinates": [ 126.925866, 35.151842 ] } },
{ "type": "Feature", "properties": { "name": "그냥집밥", "cat": "음식", "sub": "한식", "addr": "전남광주통합특별시 동구 서석로85번길 8-3", "alt": "", "src": "store" }, "geometry": { "type": "Point", "coordinates": [ 126.920161, 35.150026 ] } },
{ "type": "Feature", "properties": { "name": "그늘집", "cat": "음식", "sub": "한식", "addr": "전남광주통합특별시 동구 제봉로 221-11", "alt": "", "src": "store" }, "geometry": { "type": "Point", "coordinates": [ 126.913605, 35.154465 ] } },
{ "type": "Feature", "properties": { "name": "그랑프리패션", "cat": "수리·개인", "sub": "기타 가정용품 수리", "addr": "전남광주통합특별시 동구 동계천로 49-2", "alt": "", "src": "store" }, "geometry": { "type": "Point", "coordinates": [ 126.917545, 35.154576 ] } },
{ "type": "Feature", "properties": { "name": "그랩앤고", "cat": "음식", "sub": "기타 간이", "addr": "전남광주통합특별시 동구 장동로 23-12", "alt": "", "src": "store" }, "geometry": { "type": "Point", "coordinates": [ 126.924871, 35.14847 ] } },
{ "type": "Feature", "properties": { "name": "그린백공인중개사사무소", "cat": "부동산", "sub": "부동산 서비스", "addr": "전남광주통합특별시 동구 지산로 71-7", "alt": "", "src": "store" }, "geometry": { "type": "Point", "coordinates": [ 126.933023, 35.149971 ] } },
{ "type": "Feature", "properties": { "name": "그린웰공인중개사사무소", "cat": "부동산", "sub": "부동산 서비스", "addr": "전남광주통합특별시 동구 경양로 324-1", "alt": "", "src": "store" }, "geometry": { "type": "Point", "coordinates": [ 126.924471, 35.153707 ] } },
{ "type": "Feature", "properties": { "name": "그린플리워청과야채", "cat": "소매", "sub": "식료품 소매", "addr": "전남광주통합특별시 동구 중앙로 243-1", "alt": "", "src": "store" }, "geometry": { "type": "Point", "coordinates": [ 126.91962, 35.153803 ] } },
{ "type": "Feature", "properties": { "name": "금강KK롯데", "cat": "소매", "sub": "섬유·의복·신발 소매", "addr": "전남광주통합특별시 동구 독립로 268", "alt": "", "src": "store" }, "geometry": { "type": "Point", "coordinates": [ 126.912178, 35.154555 ] } },
{ "type": "Feature", "properties": { "name": "금강오디오", "cat": "소매", "sub": "중고 상품 소매", "addr": "전남광주통합특별시 동구 독립로264번길 25", "alt": "", "src": "store" }, "geometry": { "type": "Point", "coordinates": [ 126.913661, 35.153456 ] } },
{ "type": "Feature", "properties": { "name": "금강컴퍼니", "cat": "과학·기술", "sub": "기술 서비스", "addr": "전남광주통합특별시 동구 제봉로 201", "alt": "", "src": "store" }, "geometry": { "type": "Point", "coordinates": [ 126.915329, 35.153628 ] } },
{ "type": "Feature", "properties": { "name": "금관꽃돼지", "cat": "음식", "sub": "한식", "addr": "전남광주통합특별시 동구 제봉로110번길 5", "alt": "", "src": "store" }, "geometry": { "type": "Point", "coordinates": [ 126.922456, 35.148567 ] } },
{ "type": "Feature", "properties": { "name": "금남공인중개사사무소", "cat": "부동산", "sub": "부동산 서비스", "addr": "전남광주통합특별시 동구 구성로 183-1", "alt": "", "src": "store" }, "geometry": { "type": "Point", "coordinates": [ 126.913124, 35.15241 ] } },
{ "type": "Feature", "properties": { "name": "금남분식", "cat": "음식", "sub": "기타 간이", "addr": "전남광주통합특별시 동구 구성로 181", "alt": "", "src": "store" }, "geometry": { "type": "Point", "coordinates": [ 126.913004, 35.152329 ] } },
{ "type": "Feature", "properties": { "name": "금도깨비", "cat": "부동산", "sub": "부동산 서비스", "addr": "전남광주통합특별시 동구 필문대로192번길 24", "alt": "", "src": "store" }, "geometry": { "type": "Point", "coordinates": [ 126.928784, 35.153601 ] } },
{ "type": "Feature", "properties": { "name": "금별맥주광주", "cat": "음식", "sub": "주점", "addr": "전남광주통합특별시 동구 동계천로 143-36", "alt": "", "src": "store" }, "geometry": { "type": "Point", "coordinates": [ 126.925385, 35.149696 ] } },
{ "type": "Feature", "properties": { "name": "금산수삼", "cat": "소매", "sub": "기타 상품 소매", "addr": "전남광주통합특별시 동구 구성로 219", "alt": "", "src": "store" }, "geometry": { "type": "Point", "coordinates": [ 126.915789, 35.154827 ] } },
{ "type": "Feature", "properties": { "name": "금산인삼", "cat": "소매", "sub": "기타 상품 소매", "addr": "전남광주통합특별시 동구 동계천로 45-1", "alt": "", "src": "store" }, "geometry": { "type": "Point", "coordinates": [ 126.917259, 35.154729 ] } },
{ "type": "Feature", "properties": { "name": "금성식당", "cat": "음식", "sub": "한식", "addr": "전남광주통합특별시 동구 제봉로222번길 2", "alt": "", "src": "store" }, "geometry": { "type": "Point", "coordinates": [ 126.913879, 35.155033 ] } },
{ "type": "Feature", "properties": { "name": "금손공인중개사사무소", "cat": "부동산", "sub": "부동산 서비스", "addr": "전남광주통합특별시 동구 경양로 338", "alt": "", "src": "store" }, "geometry": { "type": "Point", "coordinates": [ 126.926205, 35.153699 ] } },
{ "type": "Feature", "properties": { "name": "금양인터내셔날롯데광주점", "cat": "소매", "sub": "음료 소매", "addr": "전남광주통합특별시 동구 독립로 268", "alt": "", "src": "store" }, "geometry": { "type": "Point", "coordinates": [ 126.912178, 35.154555 ] } },
{ "type": "Feature", "properties": { "name": "금영", "cat": "소매", "sub": "가전·통신 소매", "addr": "전남광주통합특별시 동구 구성로 192-1", "alt": "", "src": "store" }, "geometry": { "type": "Point", "coordinates": [ 126.913947, 35.152825 ] } },
{ "type": "Feature", "properties": { "name": "금오문집", "cat": "소매", "sub": "철물·건설자재 소매", "addr": "전남광주통합특별시 동구 경양로 307", "alt": "", "src": "store" }, "geometry": { "type": "Point", "coordinates": [ 126.922999, 35.154499 ] } },
{ "type": "Feature", "properties": { "name": "금탑소머리국밥", "cat": "음식", "sub": "한식", "addr": "전남광주통합특별시 동구 독립로264번길 6", "alt": "", "src": "store" }, "geometry": { "type": "Point", "coordinates": [ 126.911761, 35.154266 ] } },
{ "type": "Feature", "properties": { "name": "기억드림정신건강의학과", "cat": "보건의료", "sub": "병원", "addr": "전남광주통합특별시 동구 제봉로 187", "alt": "", "src": "store" }, "geometry": { "type": "Point", "coordinates": [ 126.916504, 35.152683 ] } },
{ "type": "Feature", "properties": { "name": "기현당", "cat": "소매", "sub": "기타 생활용품 소매", "addr": "전남광주통합특별시 동구 제봉로213번길 4-1", "alt": "", "src": "store" }, "geometry": { "type": "Point", "coordinates": [ 126.914033, 35.154276 ] } },
{ "type": "Feature", "properties": { "name": "길가산", "cat": "과학·기술", "sub": "사진 촬영", "addr": "전남광주통합특별시 동구 동명로26번길 34", "alt": "", "src": "store" }, "geometry": { "type": "Point", "coordinates": [ 126.927382, 35.150653 ] } },
{ "type": "Feature", "properties": { "name": "길목", "cat": "음식", "sub": "한식", "addr": "전남광주통합특별시 동구 동명로 8-6", "alt": "", "src": "store" }, "geometry": { "type": "Point", "coordinates": [ 126.922796, 35.149676 ] } },
{ "type": "Feature", "properties": { "name": "길식당", "cat": "음식", "sub": "한식", "addr": "전남광주통합특별시 동구 동계천로 51-3", "alt": "", "src": "store" }, "geometry": { "type": "Point", "coordinates": [ 126.917666, 35.154468 ] } },
{ "type": "Feature", "properties": { "name": "김가네", "cat": "음식", "sub": "기타 간이", "addr": "전남광주통합특별시 동구 경양로 234", "alt": "", "src": "store" }, "geometry": { "type": "Point", "coordinates": [ 126.916841, 35.15591 ] } },
{ "type": "Feature", "properties": { "name": "김냇과", "cat": "음식", "sub": "비알코올 ", "addr": "전남광주통합특별시 동구 구성로204번길 13", "alt": "", "src": "store" }, "geometry": { "type": "Point", "coordinates": [ 126.915802, 35.152781 ] } },
{ "type": "Feature", "properties": { "name": "김냇과", "cat": "과학·기술", "sub": "광고", "addr": "전남광주통합특별시 동구 구성로204번길 13", "alt": "", "src": "store" }, "geometry": { "type": "Point", "coordinates": [ 126.915802, 35.152781 ] } },
{ "type": "Feature", "properties": { "name": "김냇과", "cat": "음식", "sub": "비알코올 ", "addr": "전남광주통합특별시 동구 구성로204번길 13", "alt": "", "src": "store" }, "geometry": { "type": "Point", "coordinates": [ 126.915802, 35.152781 ] } },
{ "type": "Feature", "properties": { "name": "김도승법무사사무실", "cat": "과학·기술", "sub": "법무관련 ", "addr": "전남광주통합특별시 동구 동명로 108", "alt": "", "src": "store" }, "geometry": { "type": "Point", "coordinates": [ 126.932266, 35.150637 ] } },
{ "type": "Feature", "properties": { "name": "김만성법무사사무소", "cat": "과학·기술", "sub": "법무관련 ", "addr": "전남광주통합특별시 동구 동명로 110", "alt": "", "src": "store" }, "geometry": { "type": "Point", "coordinates": [ 126.932595, 35.150394 ] } },
{ "type": "Feature", "properties": { "name": "김밥OK", "cat": "음식", "sub": "기타 간이", "addr": "전남광주통합특별시 동구 독립로264번길 4-1", "alt": "", "src": "store" }, "geometry": { "type": "Point", "coordinates": [ 126.911619, 35.154374 ] } },
{ "type": "Feature", "properties": { "name": "김밥천국대인점", "cat": "음식", "sub": "기타 간이", "addr": "전남광주통합특별시 동구 제봉로222번길 2", "alt": "", "src": "store" }, "geometry": { "type": "Point", "coordinates": [ 126.913879, 35.155033 ] } },
{ "type": "Feature", "properties": { "name": "김범석법무사사무소", "cat": "과학·기술", "sub": "법무관련 ", "addr": "전남광주통합특별시 동구 동명로 102", "alt": "", "src": "store" }, "geometry": { "type": "Point", "coordinates": [ 126.931453, 35.150646 ] } },
{ "type": "Feature", "properties": { "name": "김상우", "cat": "소매", "sub": "섬유·의복·신발 소매", "addr": "전남광주통합특별시 동구 독립로 268", "alt": "", "src": "store" }, "geometry": { "type": "Point", "coordinates": [ 126.912178, 35.154555 ] } },
{ "type": "Feature", "properties": { "name": "김수인법무사", "cat": "과학·기술", "sub": "법무관련 ", "addr": "전남광주통합특별시 동구 동명로 110", "alt": "", "src": "store" }, "geometry": { "type": "Point", "coordinates": [ 126.932595, 35.150394 ] } },
{ "type": "Feature", "properties": { "name": "김승선법률사무소", "cat": "과학·기술", "sub": "법무관련 ", "addr": "전남광주통합특별시 동구 지산로63번길 2", "alt": "", "src": "store" }, "geometry": { "type": "Point", "coordinates": [ 126.93287, 35.149673 ] } },
{ "type": "Feature", "properties": { "name": "김종주법무사사무소", "cat": "과학·기술", "sub": "법무관련 ", "addr": "전남광주통합특별시 동구 동명로 110", "alt": "", "src": "store" }, "geometry": { "type": "Point", "coordinates": [ 126.932595, 35.150394 ] } },
{ "type": "Feature", "properties": { "name": "깁미타코", "cat": "음식", "sub": "서양식", "addr": "전남광주통합특별시 동구 장동로 19-1", "alt": "", "src": "store" }, "geometry": { "type": "Point", "coordinates": [ 126.924135, 35.14856 ] } },
{ "type": "Feature", "properties": { "name": "까까볼래", "cat": "수리·개인", "sub": "이용·미용", "addr": "전남광주통합특별시 동구 구성로 212", "alt": "", "src": "store" }, "geometry": { "type": "Point", "coordinates": [ 126.915416, 35.154034 ] } },
{ "type": "Feature", "properties": { "name": "까멜리아스", "cat": "음식", "sub": "비알코올 ", "addr": "전남광주통합특별시 동구 동계로15번길 4", "alt": "", "src": "store" }, "geometry": { "type": "Point", "coordinates": [ 126.924284, 35.153598 ] } },
{ "type": "Feature", "properties": { "name": "깐깐한족발", "cat": "음식", "sub": "한식", "addr": "전남광주통합특별시 동구 동계천로 10", "alt": "", "src": "store" }, "geometry": { "type": "Point", "coordinates": [ 126.913888, 35.15634 ] } },
{ "type": "Feature", "properties": { "name": "깐풍기튀기는남자들", "cat": "음식", "sub": "기타 간이", "addr": "전남광주통합특별시 동구 필문대로192번길 32-4", "alt": "", "src": "store" }, "geometry": { "type": "Point", "coordinates": [ 126.928115, 35.153429 ] } },
{ "type": "Feature", "properties": { "name": "깨순이김밥", "cat": "음식", "sub": "기타 간이", "addr": "전남광주통합특별시 동구 필문대로273번길 6", "alt": "", "src": "store" }, "geometry": { "type": "Point", "coordinates": [ 126.928121, 35.14657 ] } },
{ "type": "Feature", "properties": { "name": "꼬리치는강아지", "cat": "소매", "sub": "애완동물·용품 소매", "addr": "전남광주통합특별시 동구 동명로69번길 20", "alt": "", "src": "store" }, "geometry": { "type": "Point", "coordinates": [ 126.928532, 35.153006 ] } },
{ "type": "Feature", "properties": { "name": "꼬미", "cat": "음식", "sub": "주점", "addr": "전남광주통합특별시 동구 독립로 282-1", "alt": "", "src": "store" }, "geometry": { "type": "Point", "coordinates": [ 126.913065, 35.156033 ] } },
{ "type": "Feature", "properties": { "name": "꼬알라파이", "cat": "음식", "sub": "기타 간이", "addr": "전남광주통합특별시 동구 장동로 4", "alt": "", "src": "store" }, "geometry": { "type": "Point", "coordinates": [ 126.922588, 35.149126 ] } },
{ "type": "Feature", "properties": { "name": "꼬쟁이", "cat": "음식", "sub": "주점", "addr": "전남광주통합특별시 동구 동계천로 135-3", "alt": "", "src": "store" }, "geometry": { "type": "Point", "coordinates": [ 126.924332, 35.149578 ] } },
{ "type": "Feature", "properties": { "name": "꼬치와닭갈비", "cat": "음식", "sub": "한식", "addr": "전남광주통합특별시 동구 백서로 220", "alt": "", "src": "store" }, "geometry": { "type": "Point", "coordinates": [ 126.926573, 35.147263 ] } },
{ "type": "Feature", "properties": { "name": "꼭지네", "cat": "음식", "sub": "주점", "addr": "전남광주통합특별시 동구 필문대로289번길 7", "alt": "", "src": "store" }, "geometry": { "type": "Point", "coordinates": [ 126.927671, 35.146254 ] } },
{ "type": "Feature", "properties": { "name": "꼰뚜아", "cat": "음식", "sub": "서양식", "addr": "전남광주통합특별시 동구 동명로 98", "alt": "", "src": "store" }, "geometry": { "type": "Point", "coordinates": [ 126.930992, 35.150709 ] } },
{ "type": "Feature", "properties": { "name": "꽃걸음", "cat": "소매", "sub": "식물 소매", "addr": "전남광주통합특별시 동구 구성로194번길 15", "alt": "", "src": "store" }, "geometry": { "type": "Point", "coordinates": [ 126.915221, 35.152222 ] } },
{ "type": "Feature", "properties": { "name": "꽃끼오", "cat": "음식", "sub": "기타 간이", "addr": "전남광주통합특별시 동구 지산로 49", "alt": "", "src": "store" }, "geometry": { "type": "Point", "coordinates": [ 126.932432, 35.148213 ] } },
{ "type": "Feature", "properties": { "name": "꽃네방", "cat": "소매", "sub": "섬유·의복·신발 소매", "addr": "전남광주통합특별시 동구 제봉로184번길 5-5", "alt": "", "src": "store" }, "geometry": { "type": "Point", "coordinates": [ 126.917107, 35.153224 ] } },
{ "type": "Feature", "properties": { "name": "꽃분이", "cat": "소매", "sub": "식물 소매", "addr": "전남광주통합특별시 동구 제봉로140번길 4", "alt": "", "src": "store" }, "geometry": { "type": "Point", "coordinates": [ 126.921225, 35.15055 ] } },
{ "type": "Feature", "properties": { "name": "꽃신", "cat": "과학·기술", "sub": "본사·경영 컨설팅", "addr": "전남광주통합특별시 동구 구성로 230-1", "alt": "", "src": "store" }, "geometry": { "type": "Point", "coordinates": [ 126.916798, 35.155342 ] } },
{ "type": "Feature", "properties": { "name": "꽃집", "cat": "소매", "sub": "식물 소매", "addr": "전남광주통합특별시 동구 장동로 53-3", "alt": "", "src": "store" }, "geometry": { "type": "Point", "coordinates": [ 126.927396, 35.147164 ] } },
{ "type": "Feature", "properties": { "name": "꿈브루어리", "cat": "음식", "sub": "주점", "addr": "전남광주통합특별시 동구 동계천로95번길 18-15", "alt": "", "src": "store" }, "geometry": { "type": "Point", "coordinates": [ 126.922375, 35.153065 ] } },
{ "type": "Feature", "properties": { "name": "끝집", "cat": "음식", "sub": "주점", "addr": "전남광주통합특별시 동구 동계천로 181", "alt": "", "src": "store" }, "geometry": { "type": "Point", "coordinates": [ 126.928886, 35.149455 ] } },
{ "type": "Feature", "properties": { "name": "나나방콕광주", "cat": "음식", "sub": "동남아시아", "addr": "전남광주통합특별시 동구 동계천로 161", "alt": "", "src": "store" }, "geometry": { "type": "Point", "coordinates": [ 126.926834, 35.149255 ] } },
{ "type": "Feature", "properties": { "name": "나노회포차", "cat": "음식", "sub": "일식", "addr": "전남광주통합특별시 동구 동명로 15-1", "alt": "", "src": "store" }, "geometry": { "type": "Point", "coordinates": [ 126.923102, 35.150704 ] } },
{ "type": "Feature", "properties": { "name": "나눔", "cat": "예술·스포츠", "sub": "유원지·오락", "addr": "전남광주통합특별시 동구 예술길15번길 14", "alt": "", "src": "store" }, "geometry": { "type": "Point", "coordinates": [ 126.919173, 35.151125 ] } },
{ "type": "Feature", "properties": { "name": "나눔기획", "cat": "과학·기술", "sub": "광고", "addr": "전남광주통합특별시 동구 지산로 61", "alt": "", "src": "store" }, "geometry": { "type": "Point", "coordinates": [ 126.932826, 35.149232 ] } },
{ "type": "Feature", "properties": { "name": "나도닭", "cat": "음식", "sub": "기타 간이", "addr": "전남광주통합특별시 동구 구성로 230-1", "alt": "", "src": "store" }, "geometry": { "type": "Point", "coordinates": [ 126.916798, 35.155342 ] } },
{ "type": "Feature", "properties": { "name": "나드리", "cat": "소매", "sub": "섬유·의복·신발 소매", "addr": "전남광주통합특별시 동구 제봉로190번길 1-5", "alt": "", "src": "store" }, "geometry": { "type": "Point", "coordinates": [ 126.916734, 35.153521 ] } },
{ "type": "Feature", "properties": { "name": "나라셀라롯데광주점", "cat": "소매", "sub": "종합 소매", "addr": "전남광주통합특별시 동구 독립로 268", "alt": "", "src": "store" }, "geometry": { "type": "Point", "coordinates": [ 126.912178, 35.154555 ] } },
{ "type": "Feature", "properties": { "name": "나른한오후도시락", "cat": "음식", "sub": "한식", "addr": "전남광주통합특별시 동구 동명로67번길 38", "alt": "", "src": "store" }, "geometry": { "type": "Point", "coordinates": [ 126.925272, 35.153635 ] } },
{ "type": "Feature", "properties": { "name": "나봉수법률사무소", "cat": "과학·기술", "sub": "법무관련 ", "addr": "전남광주통합특별시 동구 지산로78번길 5-1", "alt": "", "src": "store" }, "geometry": { "type": "Point", "coordinates": [ 126.93367, 35.150801 ] } },
{ "type": "Feature", "properties": { "name": "나비", "cat": "수리·개인", "sub": "이용·미용", "addr": "전남광주통합특별시 동구 동계천로85번길 6", "alt": "", "src": "store" }, "geometry": { "type": "Point", "coordinates": [ 126.920916, 35.152478 ] } },
{ "type": "Feature", "properties": { "name": "나산식당", "cat": "음식", "sub": "한식", "addr": "전남광주통합특별시 동구 제봉로213번길 6", "alt": "", "src": "store" }, "geometry": { "type": "Point", "coordinates": [ 126.913869, 35.154231 ] } },
{ "type": "Feature", "properties": { "name": "나영전자", "cat": "소매", "sub": "가전·통신 소매", "addr": "전남광주통합특별시 동구 독립로264번길 12", "alt": "", "src": "store" }, "geometry": { "type": "Point", "coordinates": [ 126.91208, 35.153824 ] } },
{ "type": "Feature", "properties": { "name": "나재호법률사무소", "cat": "과학·기술", "sub": "법무관련 ", "addr": "전남광주통합특별시 동구 동명로 105", "alt": "", "src": "store" }, "geometry": { "type": "Point", "coordinates": [ 126.932024, 35.150899 ] } },
{ "type": "Feature", "properties": { "name": "나주곰탕", "cat": "음식", "sub": "한식", "addr": "전남광주통합특별시 동구 지산로78번길 3", "alt": "", "src": "store" }, "geometry": { "type": "Point", "coordinates": [ 126.933374, 35.150827 ] } },
{ "type": "Feature", "properties": { "name": "나주식당", "cat": "음식", "sub": "한식", "addr": "전남광주통합특별시 동구 동계천로53번길 2", "alt": "", "src": "store" }, "geometry": { "type": "Point", "coordinates": [ 126.917995, 35.154279 ] } },
{ "type": "Feature", "properties": { "name": "나주식당", "cat": "음식", "sub": "한식", "addr": "전남광주통합특별시 동구 동계천로53번길 2-1", "alt": "", "src": "store" }, "geometry": { "type": "Point", "coordinates": [ 126.918083, 35.154351 ] } },
{ "type": "Feature", "properties": { "name": "나주식당", "cat": "음식", "sub": "한식", "addr": "전남광주통합특별시 동구 동계천로53번길 3-1", "alt": "", "src": "store" }, "geometry": { "type": "Point", "coordinates": [ 126.918006, 35.154523 ] } },
{ "type": "Feature", "properties": { "name": "나포리양장점", "cat": "소매", "sub": "섬유·의복·신발 소매", "addr": "전남광주통합특별시 동구 중앙로 232", "alt": "", "src": "store" }, "geometry": { "type": "Point", "coordinates": [ 126.919006, 35.152829 ] } },
{ "type": "Feature", "properties": { "name": "나헤어샵", "cat": "수리·개인", "sub": "이용·미용", "addr": "전남광주통합특별시 동구 지산로 71-1", "alt": "", "src": "store" }, "geometry": { "type": "Point", "coordinates": [ 126.93299, 35.150061 ] } },
{ "type": "Feature", "properties": { "name": "나흐영", "cat": "음식", "sub": "서양식", "addr": "전남광주통합특별시 동구 동계천로 103-1", "alt": "", "src": "store" }, "geometry": { "type": "Point", "coordinates": [ 126.921938, 35.151397 ] } },
{ "type": "Feature", "properties": { "name": "낙원떡방앗간", "cat": "음식", "sub": "기타 간이", "addr": "전남광주통합특별시 동구 제봉로184번길 7", "alt": "", "src": "store" }, "geometry": { "type": "Point", "coordinates": [ 126.917667, 35.153414 ] } },
{ "type": "Feature", "properties": { "name": "낙지마을", "cat": "음식", "sub": "한식", "addr": "전남광주통합특별시 동구 지산로78번길 9", "alt": "", "src": "store" }, "geometry": { "type": "Point", "coordinates": [ 126.933736, 35.150954 ] } },
{ "type": "Feature", "properties": { "name": "난타5000", "cat": "음식", "sub": "기타 간이", "addr": "전남광주통합특별시 동구 동계천로6번길 8", "alt": "", "src": "store" }, "geometry": { "type": "Point", "coordinates": [ 126.913494, 35.155998 ] } },
{ "type": "Feature", "properties": { "name": "난타5000조대점", "cat": "음식", "sub": "기타 간이", "addr": "전남광주통합특별시 동구 필문대로273번길 4", "alt": "", "src": "store" }, "geometry": { "type": "Point", "coordinates": [ 126.928033, 35.146624 ] } },
{ "type": "Feature", "properties": { "name": "날개패션", "cat": "소매", "sub": "섬유·의복·신발 소매", "addr": "전남광주통합특별시 동구 제봉로 192-1", "alt": "", "src": "store" }, "geometry": { "type": "Point", "coordinates": [ 126.916427, 35.153359 ] } },
{ "type": "Feature", "properties": { "name": "날으는달팽이하우스", "cat": "숙박", "sub": "기타 숙박", "addr": "전남광주통합특별시 동구 필문대로253번길 6-3", "alt": "", "src": "store" }, "geometry": { "type": "Point", "coordinates": [ 126.929447, 35.148157 ] } },
{ "type": "Feature", "properties": { "name": "남도명당공인중개사사무소", "cat": "부동산", "sub": "부동산 서비스", "addr": "전남광주통합특별시 동구 동명로 110", "alt": "", "src": "store" }, "geometry": { "type": "Point", "coordinates": [ 126.932595, 35.150394 ] } },
{ "type": "Feature", "properties": { "name": "남도안경원", "cat": "소매", "sub": "안경·정밀기기 소매", "addr": "전남광주통합특별시 동구 중앙로 247", "alt": "", "src": "store" }, "geometry": { "type": "Point", "coordinates": [ 126.919839, 35.154001 ] } },
{ "type": "Feature", "properties": { "name": "남도유통", "cat": "소매", "sub": "섬유·의복·신발 소매", "addr": "전남광주통합특별시 동구 동계천로43번길 2", "alt": "", "src": "store" }, "geometry": { "type": "Point", "coordinates": [ 126.91704, 35.154828 ] } },
{ "type": "Feature", "properties": { "name": "남리", "cat": "음식", "sub": "비알코올 ", "addr": "전남광주통합특별시 동구 동계천로85번길 15", "alt": "", "src": "store" }, "geometry": { "type": "Point", "coordinates": [ 126.921651, 35.153308 ] } },
{ "type": "Feature", "properties": { "name": "남선카써비스", "cat": "수리·개인", "sub": "자동차 수리·세차", "addr": "전남광주통합특별시 동구 동계천로 4", "alt": "", "src": "store" }, "geometry": { "type": "Point", "coordinates": [ 126.913295, 35.15671 ] } },
{ "type": "Feature", "properties": { "name": "남양제화", "cat": "소매", "sub": "섬유·의복·신발 소매", "addr": "전남광주통합특별시 동구 구성로194번길 15-2", "alt": "", "src": "store" }, "geometry": { "type": "Point", "coordinates": [ 126.915418, 35.152069 ] } },
{ "type": "Feature", "properties": { "name": "남일부동산중개사무소", "cat": "부동산", "sub": "부동산 서비스", "addr": "전남광주통합특별시 동구 동명로 33", "alt": "", "src": "store" }, "geometry": { "type": "Point", "coordinates": [ 126.924242, 35.151922 ] } },
{ "type": "Feature", "properties": { "name": "남일종합카센타", "cat": "수리·개인", "sub": "자동차 수리·세차", "addr": "전남광주통합특별시 동구 경양로 342", "alt": "", "src": "store" }, "geometry": { "type": "Point", "coordinates": [ 126.926424, 35.153708 ] } },
{ "type": "Feature", "properties": { "name": "내가본미용실", "cat": "수리·개인", "sub": "이용·미용", "addr": "전남광주통합특별시 동구 계림로 5-1", "alt": "", "src": "store" }, "geometry": { "type": "Point", "coordinates": [ 126.921364, 35.154948 ] } },
{ "type": "Feature", "properties": { "name": "내일아이에스", "cat": "소매", "sub": "가전·통신 소매", "addr": "전남광주통합특별시 동구 준법로 5", "alt": "", "src": "store" }, "geometry": { "type": "Point", "coordinates": [ 126.933682, 35.149593 ] } },
{ "type": "Feature", "properties": { "name": "냥냥스테이션", "cat": "예술·스포츠", "sub": "유원지·오락", "addr": "전남광주통합특별시 동구 제봉로110번길 19", "alt": "", "src": "store" }, "geometry": { "type": "Point", "coordinates": [ 126.923806, 35.149253 ] } },
{ "type": "Feature", "properties": { "name": "네이비소셜클럽", "cat": "음식", "sub": "서양식", "addr": "전남광주통합특별시 동구 동계로10번길 6", "alt": "", "src": "store" }, "geometry": { "type": "Point", "coordinates": [ 126.924889, 35.152418 ] } },
{ "type": "Feature", "properties": { "name": "네일더예쁨", "cat": "수리·개인", "sub": "이용·미용", "addr": "전남광주통합특별시 동구 동명로69번길 20", "alt": "", "src": "store" }, "geometry": { "type": "Point", "coordinates": [ 126.928532, 35.153006 ] } },
{ "type": "Feature", "properties": { "name": "노다지슈퍼", "cat": "소매", "sub": "종합 소매", "addr": "전남광주통합특별시 동구 금남로 161-14", "alt": "", "src": "store" }, "geometry": { "type": "Point", "coordinates": [ 126.911971, 35.153301 ] } },
{ "type": "Feature", "properties": { "name": "노때가요주점", "cat": "음식", "sub": "주점", "addr": "전남광주통합특별시 동구 구성로 203", "alt": "", "src": "store" }, "geometry": { "type": "Point", "coordinates": [ 126.91444, 35.153763 ] } },
{ "type": "Feature", "properties": { "name": "노랑통닭", "cat": "음식", "sub": "기타 간이", "addr": "전남광주통합특별시 동구 장동로 45", "alt": "", "src": "store" }, "geometry": { "type": "Point", "coordinates": [ 126.926682, 35.147434 ] } },
{ "type": "Feature", "properties": { "name": "노리터까페", "cat": "음식", "sub": "비알코올 ", "addr": "전남광주통합특별시 동구 필문대로205번길 17", "alt": "", "src": "store" }, "geometry": { "type": "Point", "coordinates": [ 126.932747, 35.152314 ] } },
{ "type": "Feature", "properties": { "name": "노지", "cat": "음식", "sub": "주점", "addr": "전남광주통합특별시 동구 동계로12번길 3", "alt": "", "src": "store" }, "geometry": { "type": "Point", "coordinates": [ 126.924636, 35.152769 ] } },
{ "type": "Feature", "properties": { "name": "녹다", "cat": "수리·개인", "sub": "이용·미용", "addr": "전남광주통합특별시 동구 동명로 47-13", "alt": "", "src": "store" }, "geometry": { "type": "Point", "coordinates": [ 126.925669, 35.152175 ] } },
{ "type": "Feature", "properties": { "name": "녹명", "cat": "소매", "sub": "장식품 소매", "addr": "전남광주통합특별시 동구 동계천로 45-1", "alt": "", "src": "store" }, "geometry": { "type": "Point", "coordinates": [ 126.917259, 35.154729 ] } },
{ "type": "Feature", "properties": { "name": "녹지", "cat": "음식", "sub": "한식", "addr": "전남광주통합특별시 동구 동명로20번길 22", "alt": "", "src": "store" }, "geometry": { "type": "Point", "coordinates": [ 126.925736, 35.150381 ] } },
{ "type": "Feature", "properties": { "name": "농장다리", "cat": "음식", "sub": "한식", "addr": "전남광주통합특별시 동구 동명로 77-10", "alt": "", "src": "store" }, "geometry": { "type": "Point", "coordinates": [ 126.929214, 35.151501 ] } },
{ "type": "Feature", "properties": { "name": "누가의료기누가페", "cat": "소매", "sub": "의약·화장품 소매", "addr": "전남광주통합특별시 동구 제봉로 170", "alt": "", "src": "store" }, "geometry": { "type": "Point", "coordinates": [ 126.918326, 35.15217 ] } },
{ "type": "Feature", "properties": { "name": "누리커뮤니케이션", "cat": "시설관리·임대", "sub": "기타 사업 서비스", "addr": "전남광주통합특별시 동구 동명로 6", "alt": "", "src": "store" }, "geometry": { "type": "Point", "coordinates": [ 126.922697, 35.149748 ] } },
{ "type": "Feature", "properties": { "name": "눈썹달주단", "cat": "소매", "sub": "섬유·의복·신발 소매", "addr": "전남광주통합특별시 동구 밤실로 46", "alt": "", "src": "store" }, "geometry": { "type": "Point", "coordinates": [ 126.936764, 35.151722 ] } },
{ "type": "Feature", "properties": { "name": "뉴멕시칸", "cat": "음식", "sub": "기타 간이", "addr": "전남광주통합특별시 동구 동명로 71", "alt": "", "src": "store" }, "geometry": { "type": "Point", "coordinates": [ 126.928358, 35.151131 ] } },
{ "type": "Feature", "properties": { "name": "뉴세진광고", "cat": "과학·기술", "sub": "인쇄·제품제작", "addr": "전남광주통합특별시 동구 경양로 303-30", "alt": "", "src": "store" }, "geometry": { "type": "Point", "coordinates": [ 126.922033, 35.155156 ] } },
{ "type": "Feature", "properties": { "name": "뉴추억속으로", "cat": "음식", "sub": "주점", "addr": "전남광주통합특별시 동구 금남로169번길 8-7", "alt": "", "src": "store" }, "geometry": { "type": "Point", "coordinates": [ 126.913003, 35.152852 ] } },
{ "type": "Feature", "properties": { "name": "늘봄협동조합", "cat": "소매", "sub": "장식품 소매", "addr": "전남광주통합특별시 동구 지호로 11", "alt": "", "src": "store" }, "geometry": { "type": "Point", "coordinates": [ 126.930577, 35.148852 ] } },
{ "type": "Feature", "properties": { "name": "늘새롬반찬", "cat": "소매", "sub": "식료품 소매", "addr": "전남광주통합특별시 동구 필문대로205번길 46", "alt": "", "src": "store" }, "geometry": { "type": "Point", "coordinates": [ 126.935941, 35.151793 ] } },
{ "type": "Feature", "properties": { "name": "늘솜민화공방", "cat": "교육", "sub": "기타 교육", "addr": "전남광주통합특별시 동구 중앙로252번길 15", "alt": "", "src": "store" }, "geometry": { "type": "Point", "coordinates": [ 126.921431, 35.153029 ] } },
{ "type": "Feature", "properties": { "name": "늘푸른반찬", "cat": "소매", "sub": "식료품 소매", "addr": "전남광주통합특별시 동구 제봉로184번길 1", "alt": "", "src": "store" }, "geometry": { "type": "Point", "coordinates": [ 126.917064, 35.152963 ] } },
{ "type": "Feature", "properties": { "name": "니들웍스&#K", "cat": "교육", "sub": "기타 교육", "addr": "전남광주통합특별시 동구 예술길15번길 12", "alt": "", "src": "store" }, "geometry": { "type": "Point", "coordinates": [ 126.919085, 35.151053 ] } },
{ "type": "Feature", "properties": { "name": "다담찻집", "cat": "음식", "sub": "한식", "addr": "전남광주통합특별시 동구 제봉로 196", "alt": "", "src": "store" }, "geometry": { "type": "Point", "coordinates": [ 126.916152, 35.153548 ] } },
{ "type": "Feature", "properties": { "name": "다락방", "cat": "부동산", "sub": "부동산 서비스", "addr": "전남광주통합특별시 동구 준법로 10", "alt": "", "src": "store" }, "geometry": { "type": "Point", "coordinates": [ 126.934023, 35.149277 ] } },
{ "type": "Feature", "properties": { "name": "다미식당", "cat": "음식", "sub": "한식", "addr": "전남광주통합특별시 동구 구성로 215", "alt": "", "src": "store" }, "geometry": { "type": "Point", "coordinates": [ 126.915449, 35.154548 ] } },
{ "type": "Feature", "properties": { "name": "다빈치미용실", "cat": "수리·개인", "sub": "이용·미용", "addr": "전남광주통합특별시 동구 지산로 64", "alt": "", "src": "store" }, "geometry": { "type": "Point", "coordinates": [ 126.93309, 35.149322 ] } },
{ "type": "Feature", "properties": { "name": "다시식당", "cat": "음식", "sub": "한식", "addr": "전남광주통합특별시 동구 동계천로 57", "alt": "", "src": "store" }, "geometry": { "type": "Point", "coordinates": [ 126.918182, 35.154108 ] } },
{ "type": "Feature", "properties": { "name": "다온ms공인중개사사무소", "cat": "부동산", "sub": "부동산 서비스", "addr": "전남광주통합특별시 동구 밤실로 9-1", "alt": "", "src": "store" }, "geometry": { "type": "Point", "coordinates": [ 126.936778, 35.148558 ] } },
{ "type": "Feature", "properties": { "name": "다온인테리어", "cat": "과학·기술", "sub": "전문 디자인", "addr": "전남광주통합특별시 동구 필문대로205번길 38", "alt": "", "src": "store" }, "geometry": { "type": "Point", "coordinates": [ 126.93503, 35.15182 ] } },
{ "type": "Feature", "properties": { "name": "다옴사우나", "cat": "수리·개인", "sub": "욕탕·신체관리", "addr": "전남광주통합특별시 동구 밤실로 31", "alt": "", "src": "store" }, "geometry": { "type": "Point", "coordinates": [ 126.93682, 35.150568 ] } },
{ "type": "Feature", "properties": { "name": "다원예술", "cat": "소매", "sub": "장식품 소매", "addr": "전남광주통합특별시 동구 계림로 16-1", "alt": "", "src": "store" }, "geometry": { "type": "Point", "coordinates": [ 126.922296, 35.155391 ] } },
{ "type": "Feature", "properties": { "name": "다이", "cat": "음식", "sub": "서양식", "addr": "전남광주통합특별시 동구 동명로67번길 37", "alt": "", "src": "store" }, "geometry": { "type": "Point", "coordinates": [ 126.925141, 35.1534 ] } },
{ "type": "Feature", "properties": { "name": "다함께하는왕갈비", "cat": "음식", "sub": "한식", "addr": "전남광주통합특별시 동구 제봉로194번길 15", "alt": "", "src": "store" }, "geometry": { "type": "Point", "coordinates": [ 126.917117, 35.154414 ] } },
{ "type": "Feature", "properties": { "name": "다향어울림협동조합", "cat": "소매", "sub": "의약·화장품 소매", "addr": "전남광주통합특별시 동구 동계천로 126", "alt": "", "src": "store" }, "geometry": { "type": "Point", "coordinates": [ 126.923443, 35.149839 ] } },
{ "type": "Feature", "properties": { "name": "다홍", "cat": "음식", "sub": "서양식", "addr": "전남광주통합특별시 동구 동명로14번길 20", "alt": "", "src": "store" }, "geometry": { "type": "Point", "coordinates": [ 126.925451, 35.149849 ] } },
{ "type": "Feature", "properties": { "name": "닥스셔츠최미숙", "cat": "소매", "sub": "섬유·의복·신발 소매", "addr": "전남광주통합특별시 동구 독립로 268", "alt": "", "src": "store" }, "geometry": { "type": "Point", "coordinates": [ 126.912178, 35.154555 ] } },
{ "type": "Feature", "properties": { "name": "단골", "cat": "음식", "sub": "비알코올 ", "addr": "전남광주통합특별시 동구 지산로 90-2", "alt": "", "src": "store" }, "geometry": { "type": "Point", "coordinates": [ 126.933263, 35.151801 ] } },
{ "type": "Feature", "properties": { "name": "단술", "cat": "음식", "sub": "한식", "addr": "전남광주통합특별시 동구 동명로67번길 22-23", "alt": "", "src": "store" }, "geometry": { "type": "Point", "coordinates": [ 126.926842, 35.153176 ] } },
{ "type": "Feature", "properties": { "name": "달갤러리카페", "cat": "음식", "sub": "비알코올 ", "addr": "전남광주통합특별시 동구 서석로85번길 8-3", "alt": "", "src": "store" }, "geometry": { "type": "Point", "coordinates": [ 126.920161, 35.150026 ] } },
{ "type": "Feature", "properties": { "name": "달곰식당", "cat": "음식", "sub": "일식", "addr": "전남광주통합특별시 동구 장동로43번길 9", "alt": "", "src": "store" }, "geometry": { "type": "Point", "coordinates": [ 126.926286, 35.148399 ] } },
{ "type": "Feature", "properties": { "name": "달보드레", "cat": "음식", "sub": "기타 간이", "addr": "전남광주통합특별시 동구 장동로 23-11", "alt": "", "src": "store" }, "geometry": { "type": "Point", "coordinates": [ 126.924399, 35.14847 ] } },
{ "type": "Feature", "properties": { "name": "달빛상점", "cat": "소매", "sub": "종합 소매", "addr": "전남광주통합특별시 동구 필문대로205번길 46", "alt": "", "src": "store" }, "geometry": { "type": "Point", "coordinates": [ 126.935941, 35.151793 ] } },
{ "type": "Feature", "properties": { "name": "달빛이야기", "cat": "음식", "sub": "한식", "addr": "전남광주통합특별시 동구 필문대로287번길 1", "alt": "", "src": "store" }, "geometry": { "type": "Point", "coordinates": [ 126.927265, 35.145884 ] } },
{ "type": "Feature", "properties": { "name": "달콤커피광주대인점", "cat": "음식", "sub": "비알코올 ", "addr": "전남광주통합특별시 동구 제봉로 197", "alt": "", "src": "store" }, "geometry": { "type": "Point", "coordinates": [ 126.915658, 35.153367 ] } },
{ "type": "Feature", "properties": { "name": "달팽이", "cat": "음식", "sub": "한식", "addr": "전남광주통합특별시 동구 필문대로287번길 10", "alt": "", "src": "store" }, "geometry": { "type": "Point", "coordinates": [ 126.927968, 35.145461 ] } },
{ "type": "Feature", "properties": { "name": "담소정", "cat": "음식", "sub": "한식", "addr": "전남광주통합특별시 동구 지호로 108", "alt": "", "src": "store" }, "geometry": { "type": "Point", "coordinates": [ 126.94052, 35.148361 ] } },
{ "type": "Feature", "properties": { "name": "담양머리고기", "cat": "소매", "sub": "식료품 소매", "addr": "전남광주통합특별시 동구 제봉로184번길 10", "alt": "", "src": "store" }, "geometry": { "type": "Point", "coordinates": [ 126.918007, 35.153216 ] } },
{ "type": "Feature", "properties": { "name": "대광건기", "cat": "시설관리·임대", "sub": "산업용품 대여", "addr": "전남광주통합특별시 동구 제봉로222번길 6-12", "alt": "", "src": "store" }, "geometry": { "type": "Point", "coordinates": [ 126.914515, 35.154863 ] } },
{ "type": "Feature", "properties": { "name": "대광사장", "cat": "과학·기술", "sub": "사진 촬영", "addr": "전남광주통합특별시 동구 구성로 232", "alt": "", "src": "store" }, "geometry": { "type": "Point", "coordinates": [ 126.91694, 35.15545 ] } },
{ "type": "Feature", "properties": { "name": "대광추어탕", "cat": "음식", "sub": "한식", "addr": "전남광주통합특별시 동구 동계천로 42-1", "alt": "", "src": "store" }, "geometry": { "type": "Point", "coordinates": [ 126.916732, 35.154792 ] } },
{ "type": "Feature", "properties": { "name": "대광컴", "cat": "시설관리·임대", "sub": "고용 알선", "addr": "전남광주통합특별시 동구 제봉로 228-2", "alt": "", "src": "store" }, "geometry": { "type": "Point", "coordinates": [ 126.913253, 35.155394 ] } },
{ "type": "Feature", "properties": { "name": "대금당", "cat": "소매", "sub": "시계·귀금속 소매", "addr": "전남광주통합특별시 동구 금남로 161-21", "alt": "", "src": "store" }, "geometry": { "type": "Point", "coordinates": [ 126.912157, 35.153671 ] } },
{ "type": "Feature", "properties": { "name": "대도가방내스타일이야", "cat": "소매", "sub": "섬유·의복·신발 소매", "addr": "전남광주통합특별시 동구 제봉로184번길 7", "alt": "", "src": "store" }, "geometry": { "type": "Point", "coordinates": [ 126.917667, 35.153414 ] } },
{ "type": "Feature", "properties": { "name": "대도장", "cat": "숙박", "sub": "일반 숙박", "addr": "전남광주통합특별시 동구 동계천로6번길 11-7", "alt": "", "src": "store" }, "geometry": { "type": "Point", "coordinates": [ 126.913911, 35.155935 ] } },
{ "type": "Feature", "properties": { "name": "대도전자", "cat": "수리·개인", "sub": "가전제품 수리", "addr": "전남광주통합특별시 동구 독립로264번길 15-1", "alt": "", "src": "store" }, "geometry": { "type": "Point", "coordinates": [ 126.912772, 35.153816 ] } },
{ "type": "Feature", "properties": { "name": "대동당", "cat": "예술·스포츠", "sub": "유원지·오락", "addr": "전남광주통합특별시 동구 중앙로 249-4", "alt": "", "src": "store" }, "geometry": { "type": "Point", "coordinates": [ 126.920091, 35.15429 ] } },
{ "type": "Feature", "properties": { "name": "대동여인숙", "cat": "숙박", "sub": "일반 숙박", "addr": "전남광주통합특별시 동구 구성로 234-2", "alt": "", "src": "store" }, "geometry": { "type": "Point", "coordinates": [ 126.917215, 35.155486 ] } },
{ "type": "Feature", "properties": { "name": "대륙철물", "cat": "소매", "sub": "철물·건설자재 소매", "addr": "전남광주통합특별시 동구 경양로 291-1", "alt": "", "src": "store" }, "geometry": { "type": "Point", "coordinates": [ 126.9212, 35.154543 ] } },
{ "type": "Feature", "properties": { "name": "대림공인중개사사무소", "cat": "부동산", "sub": "부동산 서비스", "addr": "전남광주통합특별시 동구 지산로 83-2", "alt": "", "src": "store" }, "geometry": { "type": "Point", "coordinates": [ 126.932989, 35.151305 ] } },
{ "type": "Feature", "properties": { "name": "대박촌", "cat": "음식", "sub": "주점", "addr": "전남광주통합특별시 동구 필문대로 293-7", "alt": "", "src": "store" }, "geometry": { "type": "Point", "coordinates": [ 126.927013, 35.145434 ] } },
{ "type": "Feature", "properties": { "name": "대성다방", "cat": "음식", "sub": "비알코올 ", "addr": "전남광주통합특별시 동구 구성로 187-2", "alt": "", "src": "store" }, "geometry": { "type": "Point", "coordinates": [ 126.913431, 35.152753 ] } },
{ "type": "Feature", "properties": { "name": "대성수퍼", "cat": "소매", "sub": "종합 소매", "addr": "전남광주통합특별시 동구 동명로98번길 1", "alt": "", "src": "store" }, "geometry": { "type": "Point", "coordinates": [ 126.931278, 35.150682 ] } },
{ "type": "Feature", "properties": { "name": "대성약국", "cat": "소매", "sub": "의약·화장품 소매", "addr": "전남광주통합특별시 동구 구성로 187-2", "alt": "", "src": "store" }, "geometry": { "type": "Point", "coordinates": [ 126.913431, 35.152753 ] } },
{ "type": "Feature", "properties": { "name": "대성풍력", "cat": "소매", "sub": "가전·통신 소매", "addr": "전남광주통합특별시 동구 경양로 304", "alt": "", "src": "store" }, "geometry": { "type": "Point", "coordinates": [ 126.922451, 35.154336 ] } },
{ "type": "Feature", "properties": { "name": "대송목재건재사", "cat": "소매", "sub": "철물·건설자재 소매", "addr": "전남광주통합특별시 동구 동계로15번길 26-3", "alt": "", "src": "store" }, "geometry": { "type": "Point", "coordinates": [ 126.921814, 35.154228 ] } },
{ "type": "Feature", "properties": { "name": "대양시스템", "cat": "소매", "sub": "중고 상품 소매", "addr": "전남광주통합특별시 동구 동명로 62", "alt": "", "src": "store" }, "geometry": { "type": "Point", "coordinates": [ 126.927206, 35.151049 ] } },
{ "type": "Feature", "properties": { "name": "대연노래홀", "cat": "음식", "sub": "주점", "addr": "전남광주통합특별시 동구 제봉로222번길 6-21", "alt": "", "src": "store" }, "geometry": { "type": "Point", "coordinates": [ 126.91502, 35.154836 ] } },
{ "type": "Feature", "properties": { "name": "대왕김밥", "cat": "음식", "sub": "기타 간이", "addr": "전남광주통합특별시 동구 구성로204번길 15-6", "alt": "", "src": "store" }, "geometry": { "type": "Point", "coordinates": [ 126.916131, 35.152592 ] } },
{ "type": "Feature", "properties": { "name": "대우포차", "cat": "음식", "sub": "한식", "addr": "전남광주통합특별시 동구 동계천로 151-17", "alt": "", "src": "store" }, "geometry": { "type": "Point", "coordinates": [ 126.925715, 35.149588 ] } },
{ "type": "Feature", "properties": { "name": "대운정", "cat": "음식", "sub": "한식", "addr": "전남광주통합특별시 동구 중앙로 264", "alt": "", "src": "store" }, "geometry": { "type": "Point", "coordinates": [ 126.920848, 35.155246 ] } },
{ "type": "Feature", "properties": { "name": "대원세탁", "cat": "수리·개인", "sub": "세탁", "addr": "전남광주통합특별시 동구 밤실로 55", "alt": "", "src": "store" }, "geometry": { "type": "Point", "coordinates": [ 126.936072, 35.152487 ] } },
{ "type": "Feature", "properties": { "name": "대인", "cat": "음식", "sub": "한식", "addr": "전남광주통합특별시 동구 동계천로53번길 1-2", "alt": "", "src": "store" }, "geometry": { "type": "Point", "coordinates": [ 126.917852, 35.154459 ] } },
{ "type": "Feature", "properties": { "name": "대인동썸", "cat": "숙박", "sub": "일반 숙박", "addr": "전남광주통합특별시 동구 제봉로222번길 12", "alt": "", "src": "store" }, "geometry": { "type": "Point", "coordinates": [ 126.91457, 35.15562 ] } },
{ "type": "Feature", "properties": { "name": "대인동왕족발", "cat": "음식", "sub": "한식", "addr": "전남광주통합특별시 동구 제봉로 192-1", "alt": "", "src": "store" }, "geometry": { "type": "Point", "coordinates": [ 126.916427, 35.153359 ] } },
{ "type": "Feature", "properties": { "name": "대인두부", "cat": "소매", "sub": "식료품 소매", "addr": "전남광주통합특별시 동구 제봉로 182", "alt": "", "src": "store" }, "geometry": { "type": "Point", "coordinates": [ 126.917305, 35.152891 ] } },
{ "type": "Feature", "properties": { "name": "대인부동산중개인사무소", "cat": "부동산", "sub": "부동산 서비스", "addr": "전남광주통합특별시 동구 동계천로 28", "alt": "", "src": "store" }, "geometry": { "type": "Point", "coordinates": [ 126.915294, 35.155359 ] } },
{ "type": "Feature", "properties": { "name": "대인사랑", "cat": "소매", "sub": "종합 소매", "addr": "전남광주통합특별시 동구 제봉로190번길 7-2", "alt": "", "src": "store" }, "geometry": { "type": "Point", "coordinates": [ 126.91749, 35.154063 ] } },
{ "type": "Feature", "properties": { "name": "대인사진관", "cat": "과학·기술", "sub": "사진 촬영", "addr": "전남광주통합특별시 동구 제봉로184번길 13-11", "alt": "", "src": "store" }, "geometry": { "type": "Point", "coordinates": [ 126.917721, 35.153819 ] } },
{ "type": "Feature", "properties": { "name": "대인상회", "cat": "소매", "sub": "장식품 소매", "addr": "전남광주통합특별시 동구 제봉로194번길 16", "alt": "", "src": "store" }, "geometry": { "type": "Point", "coordinates": [ 126.917359, 35.15427 ] } },
{ "type": "Feature", "properties": { "name": "대인세계맥주", "cat": "음식", "sub": "주점", "addr": "전남광주통합특별시 동구 제봉로194번길 11-1", "alt": "", "src": "store" }, "geometry": { "type": "Point", "coordinates": [ 126.91693, 35.154342 ] } },
{ "type": "Feature", "properties": { "name": "대인소주방", "cat": "음식", "sub": "주점", "addr": "전남광주통합특별시 동구 동계천로6번길 12", "alt": "", "src": "store" }, "geometry": { "type": "Point", "coordinates": [ 126.913483, 35.155664 ] } },
{ "type": "Feature", "properties": { "name": "대인수입상가", "cat": "소매", "sub": "중고 상품 소매", "addr": "전남광주통합특별시 동구 제봉로184번길 5", "alt": "", "src": "store" }, "geometry": { "type": "Point", "coordinates": [ 126.917524, 35.153287 ] } },
{ "type": "Feature", "properties": { "name": "대인의류", "cat": "소매", "sub": "섬유·의복·신발 소매", "addr": "전남광주통합특별시 동구 제봉로 219-2", "alt": "", "src": "store" }, "geometry": { "type": "Point", "coordinates": [ 126.913736, 35.154664 ] } },
{ "type": "Feature", "properties": { "name": "대인전집", "cat": "음식", "sub": "한식", "addr": "전남광주통합특별시 동구 제봉로184번길 15-1", "alt": "", "src": "store" }, "geometry": { "type": "Point", "coordinates": [ 126.918237, 35.153793 ] } },
{ "type": "Feature", "properties": { "name": "대인청과", "cat": "소매", "sub": "식료품 소매", "addr": "전남광주통합특별시 동구 동계천로 67", "alt": "", "src": "store" }, "geometry": { "type": "Point", "coordinates": [ 126.919071, 35.153451 ] } },
{ "type": "Feature", "properties": { "name": "대인화장품", "cat": "소매", "sub": "의약·화장품 소매", "addr": "전남광주통합특별시 동구 제봉로 192-1", "alt": "", "src": "store" }, "geometry": { "type": "Point", "coordinates": [ 126.916427, 35.153359 ] } },
{ "type": "Feature", "properties": { "name": "대전사", "cat": "소매", "sub": "기타 생활용품 소매", "addr": "전남광주통합특별시 동구 독립로264번길 25", "alt": "", "src": "store" }, "geometry": { "type": "Point", "coordinates": [ 126.913661, 35.153456 ] } },
{ "type": "Feature", "properties": { "name": "대접", "cat": "음식", "sub": "기타 간이", "addr": "전남광주통합특별시 동구 서석로85번길 8-7", "alt": "", "src": "store" }, "geometry": { "type": "Point", "coordinates": [ 126.920293, 35.150089 ] } },
{ "type": "Feature", "properties": { "name": "대창여인숙", "cat": "숙박", "sub": "일반 숙박", "addr": "전남광주통합특별시 동구 동계천로43번길 3", "alt": "", "src": "store" }, "geometry": { "type": "Point", "coordinates": [ 126.917116, 35.155117 ] } },
{ "type": "Feature", "properties": { "name": "대풍", "cat": "음식", "sub": "한식", "addr": "전남광주통합특별시 동구 동계천로 58", "alt": "", "src": "store" }, "geometry": { "type": "Point", "coordinates": [ 126.917984, 35.153982 ] } },
{ "type": "Feature", "properties": { "name": "대풍쪽갈비", "cat": "음식", "sub": "한식", "addr": "전남광주통합특별시 동구 장동로43번길 7", "alt": "", "src": "store" }, "geometry": { "type": "Point", "coordinates": [ 126.926133, 35.148092 ] } },
{ "type": "Feature", "properties": { "name": "대한민국식품명인76호김치", "cat": "교육", "sub": "기타 교육", "addr": "전남광주통합특별시 동구 산수길 3", "alt": "", "src": "store" }, "geometry": { "type": "Point", "coordinates": [ 126.927752, 35.154177 ] } },
{ "type": "Feature", "properties": { "name": "대한컨설팅", "cat": "부동산", "sub": "부동산 서비스", "addr": "전남광주통합특별시 동구 동계천로43번길 5", "alt": "", "src": "store" }, "geometry": { "type": "Point", "coordinates": [ 126.91727, 35.155225 ] } },
{ "type": "Feature", "properties": { "name": "대형당구장", "cat": "예술·스포츠", "sub": "스포츠 서비스", "addr": "전남광주통합특별시 동구 제봉로222번길 1", "alt": "", "src": "store" }, "geometry": { "type": "Point", "coordinates": [ 126.91367, 35.15515 ] } },
{ "type": "Feature", "properties": { "name": "대화세무회계", "cat": "과학·기술", "sub": "회계·세무", "addr": "전남광주통합특별시 동구 동명로 110", "alt": "", "src": "store" }, "geometry": { "type": "Point", "coordinates": [ 126.932595, 35.150394 ] } },
{ "type": "Feature", "properties": { "name": "댕기머리", "cat": "수리·개인", "sub": "이용·미용", "addr": "전남광주통합특별시 동구 제봉로194번길 15", "alt": "", "src": "store" }, "geometry": { "type": "Point", "coordinates": [ 126.917117, 35.154414 ] } },
{ "type": "Feature", "properties": { "name": "더고운", "cat": "수리·개인", "sub": "이용·미용", "addr": "전남광주통합특별시 동구 독립로264번길 27-2", "alt": "", "src": "store" }, "geometry": { "type": "Point", "coordinates": [ 126.913782, 35.153168 ] } },
{ "type": "Feature", "properties": { "name": "더글라스대인점", "cat": "소매", "sub": "안경·정밀기기 소매", "addr": "전남광주통합특별시 동구 동계천로 74", "alt": "", "src": "store" }, "geometry": { "type": "Point", "coordinates": [ 126.91927, 35.152946 ] } },
{ "type": "Feature", "properties": { "name": "더글라스롯데", "cat": "소매", "sub": "안경·정밀기기 소매", "addr": "전남광주통합특별시 동구 독립로 268", "alt": "", "src": "store" }, "geometry": { "type": "Point", "coordinates": [ 126.912178, 35.154555 ] } },
{ "type": "Feature", "properties": { "name": "더금손공인중개사사무소", "cat": "부동산", "sub": "부동산 서비스", "addr": "전남광주통합특별시 동구 경양로 338", "alt": "", "src": "store" }, "geometry": { "type": "Point", "coordinates": [ 126.926205, 35.153699 ] } },
{ "type": "Feature", "properties": { "name": "더드림", "cat": "음식", "sub": "비알코올 ", "addr": "전남광주통합특별시 동구 밤실로 24", "alt": "", "src": "store" }, "geometry": { "type": "Point", "coordinates": [ 126.937194, 35.149721 ] } },
{ "type": "Feature", "properties": { "name": "더리터계림", "cat": "음식", "sub": "비알코올 ", "addr": "전남광주통합특별시 동구 구성로 240", "alt": "", "src": "store" }, "geometry": { "type": "Point", "coordinates": [ 126.9175, 35.155883 ] } },
{ "type": "Feature", "properties": { "name": "더모어", "cat": "소매", "sub": "섬유·의복·신발 소매", "addr": "전남광주통합특별시 동구 동명로 57", "alt": "", "src": "store" }, "geometry": { "type": "Point", "coordinates": [ 126.926832, 35.151464 ] } },
{ "type": "Feature", "properties": { "name": "더바늘의상실", "cat": "소매", "sub": "섬유·의복·신발 소매", "addr": "전남광주통합특별시 동구 독립로264번길 16", "alt": "", "src": "store" }, "geometry": { "type": "Point", "coordinates": [ 126.91264, 35.15369 ] } },
{ "type": "Feature", "properties": { "name": "더바름", "cat": "부동산", "sub": "부동산 서비스", "addr": "전남광주통합특별시 동구 경양로 234", "alt": "", "src": "store" }, "geometry": { "type": "Point", "coordinates": [ 126.916841, 35.15591 ] } },
{ "type": "Feature", "properties": { "name": "더벤티", "cat": "음식", "sub": "비알코올 ", "addr": "전남광주통합특별시 동구 제봉로 221-31", "alt": "", "src": "store" }, "geometry": { "type": "Point", "coordinates": [ 126.912881, 35.153978 ] } },
{ "type": "Feature", "properties": { "name": "더브로오토썬팅", "cat": "수리·개인", "sub": "자동차 수리·세차", "addr": "전남광주통합특별시 동구 필문대로 234", "alt": "", "src": "store" }, "geometry": { "type": "Point", "coordinates": [ 126.9295, 35.150095 ] } },
{ "type": "Feature", "properties": { "name": "더블유셀렉트샵", "cat": "소매", "sub": "섬유·의복·신발 소매", "addr": "전남광주통합특별시 동구 장동로 23-30", "alt": "", "src": "store" }, "geometry": { "type": "Point", "coordinates": [ 126.924431, 35.149191 ] } },
{ "type": "Feature", "properties": { "name": "더블유유통", "cat": "소매", "sub": "종합 소매", "addr": "전남광주통합특별시 동구 경양로 349", "alt": "", "src": "store" }, "geometry": { "type": "Point", "coordinates": [ 126.92739, 35.153952 ] } },
{ "type": "Feature", "properties": { "name": "더블유유통산수점", "cat": "소매", "sub": "종합 소매", "addr": "전남광주통합특별시 동구 경양로 349", "alt": "", "src": "store" }, "geometry": { "type": "Point", "coordinates": [ 126.92739, 35.153952 ] } },
{ "type": "Feature", "properties": { "name": "더블플롯", "cat": "음식", "sub": "비알코올 ", "addr": "전남광주통합특별시 동구 동계로15번길 15", "alt": "", "src": "store" }, "geometry": { "type": "Point", "coordinates": [ 126.923121, 35.153895 ] } },
{ "type": "Feature", "properties": { "name": "더세로", "cat": "예술·스포츠", "sub": "유원지·오락", "addr": "전남광주통합특별시 동구 동계천로 87", "alt": "", "src": "store" }, "geometry": { "type": "Point", "coordinates": [ 126.920719, 35.15228 ] } },
{ "type": "Feature", "properties": { "name": "더스타일", "cat": "소매", "sub": "섬유·의복·신발 소매", "addr": "전남광주통합특별시 동구 구성로 212", "alt": "", "src": "store" }, "geometry": { "type": "Point", "coordinates": [ 126.915416, 35.154034 ] } },
{ "type": "Feature", "properties": { "name": "더스타일", "cat": "수리·개인", "sub": "기타 가정용품 수리", "addr": "전남광주통합특별시 동구 밤실로20번길 17-12", "alt": "", "src": "store" }, "geometry": { "type": "Point", "coordinates": [ 126.93895, 35.149713 ] } },
{ "type": "Feature", "properties": { "name": "더앨리웨이", "cat": "음식", "sub": "기타 간이", "addr": "전남광주통합특별시 동구 동계로1번길 10-15", "alt": "", "src": "store" }, "geometry": { "type": "Point", "coordinates": [ 126.923144, 35.15275 ] } },
{ "type": "Feature", "properties": { "name": "더야드", "cat": "음식", "sub": "서양식", "addr": "전남광주통합특별시 동구 동명로 8", "alt": "", "src": "store" }, "geometry": { "type": "Point", "coordinates": [ 126.922905, 35.149947 ] } },
{ "type": "Feature", "properties": { "name": "더온반", "cat": "음식", "sub": "한식", "addr": "전남광주통합특별시 동구 독립로 268", "alt": "", "src": "store" }, "geometry": { "type": "Point", "coordinates": [ 126.912178, 35.154555 ] } },
{ "type": "Feature", "properties": { "name": "더조은날", "cat": "음식", "sub": "비알코올 ", "addr": "전남광주통합특별시 동구 지호로100번길 4", "alt": "", "src": "store" }, "geometry": { "type": "Point", "coordinates": [ 126.939577, 35.147892 ] } },
{ "type": "Feature", "properties": { "name": "더조은한방병원", "cat": "보건의료", "sub": "병원", "addr": "전남광주통합특별시 동구 동명로 55", "alt": "", "src": "store" }, "geometry": { "type": "Point", "coordinates": [ 126.926668, 35.151527 ] } },
{ "type": "Feature", "properties": { "name": "더짠", "cat": "음식", "sub": "주점", "addr": "전남광주통합특별시 동구 제봉로222번길 6-16", "alt": "", "src": "store" }, "geometry": { "type": "Point", "coordinates": [ 126.914614, 35.154809 ] } },
{ "type": "Feature", "properties": { "name": "더클래시스", "cat": "수리·개인", "sub": "이용·미용", "addr": "전남광주통합특별시 동구 필문대로273번길 7", "alt": "", "src": "store" }, "geometry": { "type": "Point", "coordinates": [ 126.928516, 35.146597 ] } },
{ "type": "Feature", "properties": { "name": "더클로이", "cat": "음식", "sub": "한식", "addr": "전남광주통합특별시 동구 독립로 268", "alt": "", "src": "store" }, "geometry": { "type": "Point", "coordinates": [ 126.912178, 35.154555 ] } },
{ "type": "Feature", "properties": { "name": "덕성목재사", "cat": "소매", "sub": "가구 소매", "addr": "전남광주통합특별시 동구 독립로 290", "alt": "", "src": "store" }, "geometry": { "type": "Point", "coordinates": [ 126.913054, 35.156664 ] } },
{ "type": "Feature", "properties": { "name": "던라이트", "cat": "음식", "sub": "주점", "addr": "전남광주통합특별시 동구 장동로 6", "alt": "", "src": "store" }, "geometry": { "type": "Point", "coordinates": [ 126.922708, 35.149063 ] } },
{ "type": "Feature", "properties": { "name": "덩킨앤떵집", "cat": "음식", "sub": "기타 간이", "addr": "전남광주통합특별시 동구 동계천로 52", "alt": "", "src": "store" }, "geometry": { "type": "Point", "coordinates": [ 126.917567, 35.154297 ] } },
{ "type": "Feature", "properties": { "name": "데이오프나이트", "cat": "음식", "sub": "비알코올 ", "addr": "전남광주통합특별시 동구 동명로26번길 5", "alt": "", "src": "store" }, "geometry": { "type": "Point", "coordinates": [ 126.924341, 35.151282 ] } },
{ "type": "Feature", "properties": { "name": "데키루", "cat": "음식", "sub": "주점", "addr": "전남광주통합특별시 동구 제봉로 124", "alt": "", "src": "store" }, "geometry": { "type": "Point", "coordinates": [ 126.922445, 35.149415 ] } },
{ "type": "Feature", "properties": { "name": "도담", "cat": "예술·스포츠", "sub": "유원지·오락", "addr": "전남광주통합특별시 동구 동계로9번길 13", "alt": "", "src": "store" }, "geometry": { "type": "Point", "coordinates": [ 126.92265, 35.152867 ] } },
{ "type": "Feature", "properties": { "name": "도로시", "cat": "소매", "sub": "장식품 소매", "addr": "전남광주통합특별시 동구 제봉로190번길 1-5", "alt": "", "src": "store" }, "geometry": { "type": "Point", "coordinates": [ 126.916734, 35.153521 ] } },
{ "type": "Feature", "properties": { "name": "도리원", "cat": "음식", "sub": "한식", "addr": "전남광주통합특별시 동구 동계천로95번길 27-23", "alt": "", "src": "store" }, "geometry": { "type": "Point", "coordinates": [ 126.920926, 35.153975 ] } },
{ "type": "Feature", "properties": { "name": "도모다찌", "cat": "소매", "sub": "섬유·의복·신발 소매", "addr": "전남광주통합특별시 동구 밤실로 18", "alt": "", "src": "store" }, "geometry": { "type": "Point", "coordinates": [ 126.937128, 35.149207 ] } },
{ "type": "Feature", "properties": { "name": "도미전파사", "cat": "소매", "sub": "기타 생활용품 소매", "addr": "전남광주통합특별시 동구 동명로69번길 26", "alt": "", "src": "store" }, "geometry": { "type": "Point", "coordinates": [ 126.927511, 35.153384 ] } },
{ "type": "Feature", "properties": { "name": "도시관광청", "cat": "교육", "sub": "기타 교육", "addr": "전남광주통합특별시 동구 예술길15번길 10", "alt": "", "src": "store" }, "geometry": { "type": "Point", "coordinates": [ 126.91892, 35.150882 ] } },
{ "type": "Feature", "properties": { "name": "도시락형제", "cat": "음식", "sub": "한식", "addr": "전남광주통합특별시 동구 제봉로178번길 11", "alt": "", "src": "store" }, "geometry": { "type": "Point", "coordinates": [ 126.918325, 35.153423 ] } },
{ "type": "Feature", "properties": { "name": "도시야영", "cat": "음식", "sub": "한식", "addr": "전남광주통합특별시 동구 장동로 53-5", "alt": "", "src": "store" }, "geometry": { "type": "Point", "coordinates": [ 126.927352, 35.147273 ] } },
{ "type": "Feature", "properties": { "name": "도요", "cat": "음식", "sub": "서양식", "addr": "전남광주통합특별시 동구 동계천로 143-5", "alt": "", "src": "store" }, "geometry": { "type": "Point", "coordinates": [ 126.925013, 35.149263 ] } },
{ "type": "Feature", "properties": { "name": "도우미노래연습장", "cat": "예술·스포츠", "sub": "유원지·오락", "addr": "전남광주통합특별시 동구 밤실로 47", "alt": "", "src": "store" }, "geometry": { "type": "Point", "coordinates": [ 126.936413, 35.151775 ] } },
{ "type": "Feature", "properties": { "name": "도움공인중개사사무소", "cat": "부동산", "sub": "부동산 서비스", "addr": "전남광주통합특별시 동구 지산로 35", "alt": "", "src": "store" }, "geometry": { "type": "Point", "coordinates": [ 126.931753, 35.14705 ] } },
{ "type": "Feature", "properties": { "name": "도이", "cat": "음식", "sub": "비알코올 ", "addr": "전남광주통합특별시 동구 지산로 37", "alt": "", "src": "store" }, "geometry": { "type": "Point", "coordinates": [ 126.931829, 35.147257 ] } },
{ "type": "Feature", "properties": { "name": "도쿠리", "cat": "음식", "sub": "한식", "addr": "전남광주통합특별시 동구 백서로 218-1", "alt": "", "src": "store" }, "geometry": { "type": "Point", "coordinates": [ 126.926507, 35.147164 ] } },
{ "type": "Feature", "properties": { "name": "도화", "cat": "음식", "sub": "주점", "addr": "전남광주통합특별시 동구 동명로20번길 3-2", "alt": "", "src": "store" }, "geometry": { "type": "Point", "coordinates": [ 126.924013, 35.150759 ] } },
{ "type": "Feature", "properties": { "name": "독도식당", "cat": "음식", "sub": "한식", "addr": "전남광주통합특별시 동구 동계천로 67", "alt": "", "src": "store" }, "geometry": { "type": "Point", "coordinates": [ 126.919071, 35.153451 ] } },
{ "type": "Feature", "properties": { "name": "돈벌집", "cat": "음식", "sub": "한식", "addr": "전남광주통합특별시 동구 동명로 27", "alt": "", "src": "store" }, "geometry": { "type": "Point", "coordinates": [ 126.923694, 35.151615 ] } },
{ "type": "Feature", "properties": { "name": "돈부리바쇼유메노덴", "cat": "음식", "sub": "일식", "addr": "전남광주통합특별시 동구 동명로20번길 16", "alt": "", "src": "store" }, "geometry": { "type": "Point", "coordinates": [ 126.925165, 35.150462 ] } },
{ "type": "Feature", "properties": { "name": "돌애", "cat": "음식", "sub": "한식", "addr": "전남광주통합특별시 동구 동계천로 157", "alt": "", "src": "store" }, "geometry": { "type": "Point", "coordinates": [ 126.926363, 35.149174 ] } },
{ "type": "Feature", "properties": { "name": "동경", "cat": "음식", "sub": "주점", "addr": "전남광주통합특별시 동구 동계천로6번길 12", "alt": "", "src": "store" }, "geometry": { "type": "Point", "coordinates": [ 126.913483, 35.155664 ] } },
{ "type": "Feature", "properties": { "name": "동계천푸른길", "cat": "소매", "sub": "종합 소매", "addr": "전남광주통합특별시 동구 동계천로 178", "alt": "", "src": "store" }, "geometry": { "type": "Point", "coordinates": [ 126.928536, 35.149157 ] } },
{ "type": "Feature", "properties": { "name": "동구국민체육센터", "cat": "예술·스포츠", "sub": "스포츠 서비스", "addr": "전남광주통합특별시 동구 필문대로205번길 17", "alt": "", "src": "store" }, "geometry": { "type": "Point", "coordinates": [ 126.932747, 35.152314 ] } },
{ "type": "Feature", "properties": { "name": "동국", "cat": "음식", "sub": "한식", "addr": "전남광주통합특별시 동구 백서로 210", "alt": "", "src": "store" }, "geometry": { "type": "Point", "coordinates": [ 126.925992, 35.146452 ] } },
{ "type": "Feature", "properties": { "name": "동녘", "cat": "음식", "sub": "한식", "addr": "전남광주통합특별시 동구 동명로25번길 9-1", "alt": "", "src": "store" }, "geometry": { "type": "Point", "coordinates": [ 126.922706, 35.151488 ] } },
{ "type": "Feature", "properties": { "name": "동동스테이", "cat": "숙박", "sub": "일반 숙박", "addr": "전남광주통합특별시 동구 제봉로 120-6", "alt": "", "src": "store" }, "geometry": { "type": "Point", "coordinates": [ 126.922434, 35.148793 ] } },
{ "type": "Feature", "properties": { "name": "동띵동COIN노래연습장", "cat": "예술·스포츠", "sub": "유원지·오락", "addr": "전남광주통합특별시 동구 장동로 40-1", "alt": "", "src": "store" }, "geometry": { "type": "Point", "coordinates": [ 126.925947, 35.147569 ] } },
{ "type": "Feature", "properties": { "name": "동림전자", "cat": "소매", "sub": "가전·통신 소매", "addr": "전남광주통합특별시 동구 독립로264번길 12", "alt": "", "src": "store" }, "geometry": { "type": "Point", "coordinates": [ 126.91208, 35.153824 ] } },
{ "type": "Feature", "properties": { "name": "동마네", "cat": "소매", "sub": "종합 소매", "addr": "전남광주통합특별시 동구 구성로 230-1", "alt": "", "src": "store" }, "geometry": { "type": "Point", "coordinates": [ 126.916798, 35.155342 ] } },
{ "type": "Feature", "properties": { "name": "동명1974", "cat": "소매", "sub": "오락용품 소매", "addr": "전남광주통합특별시 동구 동계로1번길 10-6", "alt": "", "src": "store" }, "geometry": { "type": "Point", "coordinates": [ 126.923298, 35.152327 ] } },
{ "type": "Feature", "properties": { "name": "동명가원", "cat": "음식", "sub": "한식", "addr": "전남광주통합특별시 동구 필문대로 230", "alt": "", "src": "store" }, "geometry": { "type": "Point", "coordinates": [ 126.929566, 35.150564 ] } },
{ "type": "Feature", "properties": { "name": "동명굼터", "cat": "음식", "sub": "한식", "addr": "전남광주통합특별시 동구 동계천로 181", "alt": "", "src": "store" }, "geometry": { "type": "Point", "coordinates": [ 126.928886, 35.149455 ] } },
{ "type": "Feature", "properties": { "name": "동명금방", "cat": "소매", "sub": "시계·귀금속 소매", "addr": "전남광주통합특별시 동구 장동로 3", "alt": "", "src": "store" }, "geometry": { "type": "Point", "coordinates": [ 126.922697, 35.149244 ] } },
{ "type": "Feature", "properties": { "name": "동명꼬마김밥", "cat": "음식", "sub": "기타 간이", "addr": "전남광주통합특별시 동구 동명로 71", "alt": "", "src": "store" }, "geometry": { "type": "Point", "coordinates": [ 126.928358, 35.151131 ] } },
{ "type": "Feature", "properties": { "name": "동명다방", "cat": "음식", "sub": "비알코올 ", "addr": "전남광주통합특별시 동구 동계천로 75", "alt": "", "src": "store" }, "geometry": { "type": "Point", "coordinates": [ 126.919599, 35.152991 ] } },
{ "type": "Feature", "properties": { "name": "동명당구장24", "cat": "예술·스포츠", "sub": "스포츠 서비스", "addr": "전남광주통합특별시 동구 동명로 6", "alt": "", "src": "store" }, "geometry": { "type": "Point", "coordinates": [ 126.922697, 35.149748 ] } },
{ "type": "Feature", "properties": { "name": "동명돈", "cat": "음식", "sub": "한식", "addr": "전남광주통합특별시 동구 장동로 38", "alt": "", "src": "store" }, "geometry": { "type": "Point", "coordinates": [ 126.925684, 35.147632 ] } },
{ "type": "Feature", "properties": { "name": "동명동한옥체험시설여로", "cat": "숙박", "sub": "일반 숙박", "addr": "전남광주통합특별시 동구 동명로 37-5", "alt": "", "src": "store" }, "geometry": { "type": "Point", "coordinates": [ 126.924846, 35.152057 ] } },
{ "type": "Feature", "properties": { "name": "동명떡방앗간", "cat": "음식", "sub": "기타 간이", "addr": "전남광주통합특별시 동구 동계천로95번길 1", "alt": "", "src": "store" }, "geometry": { "type": "Point", "coordinates": [ 126.921323, 35.15174 ] } },
{ "type": "Feature", "properties": { "name": "동명로15", "cat": "음식", "sub": "주점", "addr": "전남광주통합특별시 동구 동명로 15", "alt": "", "src": "store" }, "geometry": { "type": "Point", "coordinates": [ 126.923058, 35.15056 ] } },
{ "type": "Feature", "properties": { "name": "동명로또방", "cat": "예술·스포츠", "sub": "유원지·오락", "addr": "전남광주통합특별시 동구 동명로 71", "alt": "", "src": "store" }, "geometry": { "type": "Point", "coordinates": [ 126.928358, 35.151131 ] } },
{ "type": "Feature", "properties": { "name": "동명로맨스", "cat": "음식", "sub": "중식", "addr": "전남광주통합특별시 동구 동계천로 143-26", "alt": "", "src": "store" }, "geometry": { "type": "Point", "coordinates": [ 126.925331, 35.149498 ] } },
{ "type": "Feature", "properties": { "name": "동명로십오", "cat": "음식", "sub": "주점", "addr": "전남광주통합특별시 동구 동명로 15", "alt": "", "src": "store" }, "geometry": { "type": "Point", "coordinates": [ 126.923058, 35.15056 ] } },
{ "type": "Feature", "properties": { "name": "동명맨션", "cat": "음식", "sub": "비알코올 ", "addr": "전남광주통합특별시 동구 동명로67번길 20-1", "alt": "", "src": "store" }, "geometry": { "type": "Point", "coordinates": [ 126.92682, 35.152707 ] } },
{ "type": "Feature", "properties": { "name": "동명문화원", "cat": "예술·스포츠", "sub": "유원지·오락", "addr": "전남광주통합특별시 동구 동명로 16", "alt": "", "src": "store" }, "geometry": { "type": "Point", "coordinates": [ 126.923541, 35.150488 ] } },
{ "type": "Feature", "properties": { "name": "동명병원", "cat": "보건의료", "sub": "병원", "addr": "전남광주통합특별시 동구 동명로70번길 5", "alt": "", "src": "store" }, "geometry": { "type": "Point", "coordinates": [ 126.928699, 35.150536 ] } },
{ "type": "Feature", "properties": { "name": "동명사랑채", "cat": "음식", "sub": "한식", "addr": "전남광주통합특별시 동구 동계로9번길 2", "alt": "", "src": "store" }, "geometry": { "type": "Point", "coordinates": [ 126.924132, 35.152751 ] } },
{ "type": "Feature", "properties": { "name": "동명서월", "cat": "음식", "sub": "중식", "addr": "전남광주통합특별시 동구 장동로 11", "alt": "", "src": "store" }, "geometry": { "type": "Point", "coordinates": [ 126.923521, 35.148884 ] } },
{ "type": "Feature", "properties": { "name": "동명세탁소", "cat": "수리·개인", "sub": "세탁", "addr": "전남광주통합특별시 동구 필문대로263번길 13-1", "alt": "", "src": "store" }, "geometry": { "type": "Point", "coordinates": [ 126.929722, 35.147355 ] } },
{ "type": "Feature", "properties": { "name": "동명양과자점", "cat": "음식", "sub": "기타 간이", "addr": "전남광주통합특별시 동구 장동로 13-3", "alt": "", "src": "store" }, "geometry": { "type": "Point", "coordinates": [ 126.923806, 35.148857 ] } },
{ "type": "Feature", "properties": { "name": "동명여인숙", "cat": "숙박", "sub": "일반 숙박", "addr": "전남광주통합특별시 동구 동계천로43번길 1-17", "alt": "", "src": "store" }, "geometry": { "type": "Point", "coordinates": [ 126.916995, 35.155171 ] } },
{ "type": "Feature", "properties": { "name": "동명온누리약국", "cat": "소매", "sub": "의약·화장품 소매", "addr": "전남광주통합특별시 동구 동명로70번길 5", "alt": "", "src": "store" }, "geometry": { "type": "Point", "coordinates": [ 126.928699, 35.150536 ] } },
{ "type": "Feature", "properties": { "name": "동명옷장", "cat": "소매", "sub": "섬유·의복·신발 소매", "addr": "전남광주통합특별시 동구 동계천로 165-1", "alt": "", "src": "store" }, "geometry": { "type": "Point", "coordinates": [ 126.927262, 35.149246 ] } },
{ "type": "Feature", "properties": { "name": "동명유과", "cat": "소매", "sub": "식료품 소매", "addr": "전남광주통합특별시 동구 동계천로 168-8", "alt": "", "src": "store" }, "geometry": { "type": "Point", "coordinates": [ 126.927406, 35.148724 ] } },
{ "type": "Feature", "properties": { "name": "동명이인", "cat": "시설관리·임대", "sub": "기타 사업 서비스", "addr": "전남광주통합특별시 동구 동계천로85번길 10-1", "alt": "", "src": "store" }, "geometry": { "type": "Point", "coordinates": [ 126.921432, 35.152857 ] } },
{ "type": "Feature", "properties": { "name": "동명전자", "cat": "소매", "sub": "중고 상품 소매", "addr": "전남광주통합특별시 동구 백서로 215", "alt": "", "src": "store" }, "geometry": { "type": "Point", "coordinates": [ 126.92609, 35.14701 ] } },
{ "type": "Feature", "properties": { "name": "동명제과", "cat": "음식", "sub": "기타 간이", "addr": "전남광주통합특별시 동구 동계천로 157-1", "alt": "", "src": "store" }, "geometry": { "type": "Point", "coordinates": [ 126.926505, 35.14921 ] } },
{ "type": "Feature", "properties": { "name": "동명주막", "cat": "음식", "sub": "한식", "addr": "전남광주통합특별시 동구 동계천로 115", "alt": "", "src": "store" }, "geometry": { "type": "Point", "coordinates": [ 126.922948, 35.15065 ] } },
{ "type": "Feature", "properties": { "name": "동명책방", "cat": "소매", "sub": "오락용품 소매", "addr": "전남광주통합특별시 동구 장동로43번길 16", "alt": "", "src": "store" }, "geometry": { "type": "Point", "coordinates": [ 126.926495, 35.148768 ] } },
{ "type": "Feature", "properties": { "name": "동명펍", "cat": "음식", "sub": "한식", "addr": "전남광주통합특별시 동구 동명로 16", "alt": "", "src": "store" }, "geometry": { "type": "Point", "coordinates": [ 126.923541, 35.150488 ] } },
{ "type": "Feature", "properties": { "name": "동명할인마트", "cat": "소매", "sub": "종합 소매", "addr": "전남광주통합특별시 동구 동계천로 111", "alt": "", "src": "store" }, "geometry": { "type": "Point", "coordinates": [ 126.922739, 35.150875 ] } },
{ "type": "Feature", "properties": { "name": "동명현호텔", "cat": "숙박", "sub": "일반 숙박", "addr": "전남광주통합특별시 동구 동명로 68", "alt": "", "src": "store" }, "geometry": { "type": "Point", "coordinates": [ 126.927722, 35.150878 ] } },
{ "type": "Feature", "properties": { "name": "동문전자", "cat": "수리·개인", "sub": "가전제품 수리", "addr": "전남광주통합특별시 동구 중앙로 245-1", "alt": "", "src": "store" }, "geometry": { "type": "Point", "coordinates": [ 126.919751, 35.153911 ] } },
{ "type": "Feature", "properties": { "name": "동백", "cat": "음식", "sub": "주점", "addr": "전남광주통합특별시 동구 동명로 9", "alt": "", "src": "store" }, "geometry": { "type": "Point", "coordinates": [ 126.922729, 35.15019 ] } },
{ "type": "Feature", "properties": { "name": "동백카츠", "cat": "음식", "sub": "일식", "addr": "전남광주통합특별시 동구 동계천로 147", "alt": "", "src": "store" }, "geometry": { "type": "Point", "coordinates": [ 126.925375, 35.148912 ] } },
{ "type": "Feature", "properties": { "name": "동산", "cat": "수리·개인", "sub": "이용·미용", "addr": "전남광주통합특별시 동구 밤실로 14", "alt": "", "src": "store" }, "geometry": { "type": "Point", "coordinates": [ 126.937085, 35.148792 ] } },
{ "type": "Feature", "properties": { "name": "동산헤어", "cat": "수리·개인", "sub": "이용·미용", "addr": "전남광주통합특별시 동구 경양로 320", "alt": "", "src": "store" }, "geometry": { "type": "Point", "coordinates": [ 126.924065, 35.153932 ] } },
{ "type": "Feature", "properties": { "name": "동성보일러", "cat": "소매", "sub": "철물·건설자재 소매", "addr": "전남광주통합특별시 동구 경양로 313", "alt": "", "src": "store" }, "geometry": { "type": "Point", "coordinates": [ 126.923581, 35.154391 ] } },
{ "type": "Feature", "properties": { "name": "동성시스템", "cat": "소매", "sub": "안경·정밀기기 소매", "addr": "전남광주통합특별시 동구 동명로98번길 17-4", "alt": "", "src": "store" }, "geometry": { "type": "Point", "coordinates": [ 126.931224, 35.149393 ] } },
{ "type": "Feature", "properties": { "name": "동신화랑", "cat": "소매", "sub": "장식품 소매", "addr": "전남광주통합특별시 동구 동명로67번길 7", "alt": "", "src": "store" }, "geometry": { "type": "Point", "coordinates": [ 126.927414, 35.151626 ] } },
{ "type": "Feature", "properties": { "name": "동아세탁소", "cat": "수리·개인", "sub": "세탁", "addr": "전남광주통합특별시 동구 필문대로206번길 6", "alt": "", "src": "store" }, "geometry": { "type": "Point", "coordinates": [ 126.930321, 35.152655 ] } },
{ "type": "Feature", "properties": { "name": "동아장식", "cat": "소매", "sub": "철물·건설자재 소매", "addr": "전남광주통합특별시 동구 동계천로 37", "alt": "", "src": "store" }, "geometry": { "type": "Point", "coordinates": [ 126.916535, 35.155071 ] } },
{ "type": "Feature", "properties": { "name": "동천장어", "cat": "음식", "sub": "한식", "addr": "전남광주통합특별시 동구 독립로264번길 27", "alt": "", "src": "store" }, "geometry": { "type": "Point", "coordinates": [ 126.913694, 35.153222 ] } },
{ "type": "Feature", "properties": { "name": "동해식품", "cat": "소매", "sub": "식료품 소매", "addr": "전남광주통합특별시 동구 제봉로184번길 4", "alt": "", "src": "store" }, "geometry": { "type": "Point", "coordinates": [ 126.917481, 35.153044 ] } },
{ "type": "Feature", "properties": { "name": "동화주점", "cat": "음식", "sub": "주점", "addr": "전남광주통합특별시 동구 동명로 6", "alt": "", "src": "store" }, "geometry": { "type": "Point", "coordinates": [ 126.922697, 35.149748 ] } },
{ "type": "Feature", "properties": { "name": "돼지은행", "cat": "음식", "sub": "한식", "addr": "전남광주통합특별시 동구 필문대로205번길 16", "alt": "", "src": "store" }, "geometry": { "type": "Point", "coordinates": [ 126.932769, 35.151945 ] } },
{ "type": "Feature", "properties": { "name": "두레마을", "cat": "음식", "sub": "한식", "addr": "전남광주통합특별시 동구 구성로194번길 15-10", "alt": "", "src": "store" }, "geometry": { "type": "Point", "coordinates": [ 126.915802, 35.152241 ] } },
{ "type": "Feature", "properties": { "name": "두영상사", "cat": "소매", "sub": "철물·건설자재 소매", "addr": "전남광주통합특별시 동구 경양로 313", "alt": "", "src": "store" }, "geometry": { "type": "Point", "coordinates": [ 126.923581, 35.154391 ] } },
{ "type": "Feature", "properties": { "name": "두찜", "cat": "음식", "sub": "한식", "addr": "전남광주통합특별시 동구 경양로 234", "alt": "", "src": "store" }, "geometry": { "type": "Point", "coordinates": [ 126.915864, 35.155702 ] } },
{ "type": "Feature", "properties": { "name": "듀오웨딩", "cat": "시설관리·임대", "sub": "가정용품 대여", "addr": "전남광주통합특별시 동구 제봉로 120", "alt": "", "src": "store" }, "geometry": { "type": "Point", "coordinates": [ 126.922258, 35.149072 ] } },
{ "type": "Feature", "properties": { "name": "드라이하우스조대", "cat": "수리·개인", "sub": "세탁", "addr": "전남광주통합특별시 동구 지산로 33", "alt": "", "src": "store" }, "geometry": { "type": "Point", "coordinates": [ 126.931577, 35.146951 ] } },
{ "type": "Feature", "properties": { "name": "드렁큰베어", "cat": "음식", "sub": "한식", "addr": "전남광주통합특별시 동구 동명로26번길 9-1", "alt": "", "src": "store" }, "geometry": { "type": "Point", "coordinates": [ 126.924715, 35.151264 ] } },
{ "type": "Feature", "properties": { "name": "드림베이커리", "cat": "음식", "sub": "기타 간이", "addr": "전남광주통합특별시 동구 지산로 83", "alt": "", "src": "store" }, "geometry": { "type": "Point", "coordinates": [ 126.933, 35.151116 ] } },
{ "type": "Feature", "properties": { "name": "듬뿍", "cat": "음식", "sub": "한식", "addr": "전남광주통합특별시 동구 동명로67번길 22-19", "alt": "", "src": "store" }, "geometry": { "type": "Point", "coordinates": [ 126.926688, 35.15314 ] } },
{ "type": "Feature", "properties": { "name": "디네일", "cat": "수리·개인", "sub": "이용·미용", "addr": "전남광주통합특별시 동구 동계천로 131", "alt": "", "src": "store" }, "geometry": { "type": "Point", "coordinates": [ 126.924211, 35.149713 ] } },
{ "type": "Feature", "properties": { "name": "디디아이", "cat": "과학·기술", "sub": "사진 촬영", "addr": "전남광주통합특별시 동구 동계천로 124", "alt": "", "src": "store" }, "geometry": { "type": "Point", "coordinates": [ 126.923223, 35.149821 ] } },
{ "type": "Feature", "properties": { "name": "디셈버나인", "cat": "소매", "sub": "섬유·의복·신발 소매", "addr": "전남광주통합특별시 동구 동명로 39-2", "alt": "", "src": "store" }, "geometry": { "type": "Point", "coordinates": [ 126.92501, 35.151778 ] } },
{ "type": "Feature", "properties": { "name": "디스트", "cat": "예술·스포츠", "sub": "유원지·오락", "addr": "전남광주통합특별시 동구 동계천로 51-2", "alt": "", "src": "store" }, "geometry": { "type": "Point", "coordinates": [ 126.917622, 35.154495 ] } },
{ "type": "Feature", "properties": { "name": "디에스도수센터", "cat": "교육", "sub": "교육 지원", "addr": "전남광주통합특별시 동구 계림로 3-1", "alt": "", "src": "store" }, "geometry": { "type": "Point", "coordinates": [ 126.921122, 35.154795 ] } },
{ "type": "Feature", "properties": { "name": "디에이치썬", "cat": "과학·기술", "sub": "본사·경영 컨설팅", "addr": "전남광주통합특별시 동구 동명로 111", "alt": "", "src": "store" }, "geometry": { "type": "Point", "coordinates": [ 126.932649, 35.150863 ] } },
{ "type": "Feature", "properties": { "name": "디엑스커피", "cat": "음식", "sub": "비알코올 ", "addr": "전남광주통합특별시 동구 동계천로95번길 3", "alt": "", "src": "store" }, "geometry": { "type": "Point", "coordinates": [ 126.921466, 35.151821 ] } },
{ "type": "Feature", "properties": { "name": "디엘", "cat": "소매", "sub": "애완동물·용품 소매", "addr": "전남광주통합특별시 동구 필문대로273번길 9", "alt": "", "src": "store" }, "geometry": { "type": "Point", "coordinates": [ 126.92868, 35.146552 ] } },
{ "type": "Feature", "properties": { "name": "디오안경원", "cat": "소매", "sub": "안경·정밀기기 소매", "addr": "전남광주통합특별시 동구 준법로 1", "alt": "", "src": "store" }, "geometry": { "type": "Point", "coordinates": [ 126.933265, 35.149647 ] } },
{ "type": "Feature", "properties": { "name": "디자이너", "cat": "소매", "sub": "섬유·의복·신발 소매", "addr": "전남광주통합특별시 동구 제봉로184번길 5-9", "alt": "", "src": "store" }, "geometry": { "type": "Point", "coordinates": [ 126.91703, 35.153278 ] } },
{ "type": "Feature", "properties": { "name": "디자인머릿돌", "cat": "과학·기술", "sub": "전문 디자인", "addr": "전남광주통합특별시 동구 밤실로20번길 3-6", "alt": "", "src": "store" }, "geometry": { "type": "Point", "coordinates": [ 126.937457, 35.149568 ] } },
{ "type": "Feature", "properties": { "name": "디자인위드", "cat": "과학·기술", "sub": "광고", "addr": "전남광주통합특별시 동구 구성로204번길 19-1", "alt": "", "src": "store" }, "geometry": { "type": "Point", "coordinates": [ 126.916274, 35.152313 ] } },
{ "type": "Feature", "properties": { "name": "디자인포유", "cat": "소매", "sub": "장식품 소매", "addr": "전남광주통합특별시 동구 장동로 2", "alt": "", "src": "store" }, "geometry": { "type": "Point", "coordinates": [ 126.922324, 35.149261 ] } },
{ "type": "Feature", "properties": { "name": "디지털114", "cat": "소매", "sub": "가전·통신 소매", "addr": "전남광주통합특별시 동구 독립로264번길 25", "alt": "", "src": "store" }, "geometry": { "type": "Point", "coordinates": [ 126.913661, 35.153456 ] } },
{ "type": "Feature", "properties": { "name": "디테일프로헤어", "cat": "수리·개인", "sub": "이용·미용", "addr": "전남광주통합특별시 동구 필문대로273번길 10", "alt": "", "src": "store" }, "geometry": { "type": "Point", "coordinates": [ 126.928593, 35.146345 ] } },
{ "type": "Feature", "properties": { "name": "디펜스", "cat": "소매", "sub": "철물·건설자재 소매", "addr": "전남광주통합특별시 동구 밤실로 55", "alt": "", "src": "store" }, "geometry": { "type": "Point", "coordinates": [ 126.936072, 35.152487 ] } },
{ "type": "Feature", "properties": { "name": "디플랜트", "cat": "과학·기술", "sub": "사진 촬영", "addr": "전남광주통합특별시 동구 동명로20번길 5", "alt": "", "src": "store" }, "geometry": { "type": "Point", "coordinates": [ 126.924188, 35.150849 ] } },
{ "type": "Feature", "properties": { "name": "디휴게점", "cat": "소매", "sub": "종합 소매", "addr": "전남광주통합특별시 동구 동계로 20", "alt": "", "src": "store" }, "geometry": { "type": "Point", "coordinates": [ 126.924735, 35.153346 ] } },
{ "type": "Feature", "properties": { "name": "딕스어스광주", "cat": "시설관리·임대", "sub": "기타 사업 서비스", "addr": "전남광주통합특별시 동구 구성로194번길 7", "alt": "", "src": "store" }, "geometry": { "type": "Point", "coordinates": [ 126.91488, 35.152573 ] } },
{ "type": "Feature", "properties": { "name": "딜라이트베이크샵", "cat": "음식", "sub": "비알코올 ", "addr": "전남광주통합특별시 동구 지산로85번길 16-14", "alt": "", "src": "store" }, "geometry": { "type": "Point", "coordinates": [ 126.931803, 35.152079 ] } },
{ "type": "Feature", "properties": { "name": "딜라이트베이크샵", "cat": "음식", "sub": "비알코올 ", "addr": "전남광주통합특별시 동구 필문대로 261", "alt": "", "src": "store" }, "geometry": { "type": "Point", "coordinates": [ 126.928504, 35.147841 ] } },
{ "type": "Feature", "properties": { "name": "따담", "cat": "음식", "sub": "비알코올 ", "addr": "전남광주통합특별시 동구 동계천로85번길 6-2", "alt": "", "src": "store" }, "geometry": { "type": "Point", "coordinates": [ 126.920993, 35.152524 ] } },
{ "type": "Feature", "properties": { "name": "딴짓공작소", "cat": "교육", "sub": "교육 지원", "addr": "전남광주통합특별시 동구 동계천로 147", "alt": "", "src": "store" }, "geometry": { "type": "Point", "coordinates": [ 126.925375, 35.148912 ] } },
{ "type": "Feature", "properties": { "name": "땅콩공인중개사사무소", "cat": "부동산", "sub": "부동산 서비스", "addr": "전남광주통합특별시 동구 동계로 16-1", "alt": "", "src": "store" }, "geometry": { "type": "Point", "coordinates": [ 126.924625, 35.15322 ] } },
{ "type": "Feature", "properties": { "name": "뚱이네패션", "cat": "소매", "sub": "섬유·의복·신발 소매", "addr": "전남광주통합특별시 동구 동명로69번길 30", "alt": "", "src": "store" }, "geometry": { "type": "Point", "coordinates": [ 126.927489, 35.153573 ] } },
{ "type": "Feature", "properties": { "name": "라라필라테스", "cat": "교육", "sub": "기타 교육", "addr": "전남광주통합특별시 동구 필문대로 241", "alt": "", "src": "store" }, "geometry": { "type": "Point", "coordinates": [ 126.929512, 35.149284 ] } },
{ "type": "Feature", "properties": { "name": "라스텔라", "cat": "소매", "sub": "식료품 소매", "addr": "전남광주통합특별시 동구 지산로 63", "alt": "", "src": "store" }, "geometry": { "type": "Point", "coordinates": [ 126.932848, 35.149331 ] } },
{ "type": "Feature", "properties": { "name": "라엔느", "cat": "수리·개인", "sub": "이용·미용", "addr": "전남광주통합특별시 동구 지산로57번길 9-1", "alt": "", "src": "store" }, "geometry": { "type": "Point", "coordinates": [ 126.931927, 35.148934 ] } },
{ "type": "Feature", "properties": { "name": "라이드올스테이카페클럽", "cat": "음식", "sub": "서양식", "addr": "전남광주통합특별시 동구 중앙로252번길 15", "alt": "", "src": "store" }, "geometry": { "type": "Point", "coordinates": [ 126.921431, 35.153029 ] } },
{ "type": "Feature", "properties": { "name": "라이브마케팅", "cat": "과학·기술", "sub": "광고", "addr": "전남광주통합특별시 동구 밤실로43번길 21-1", "alt": "", "src": "store" }, "geometry": { "type": "Point", "coordinates": [ 126.934383, 35.151567 ] } },
{ "type": "Feature", "properties": { "name": "라인옴므샵", "cat": "소매", "sub": "섬유·의복·신발 소매", "addr": "전남광주통합특별시 동구 경양로 316-1", "alt": "", "src": "store" }, "geometry": { "type": "Point", "coordinates": [ 126.923768, 35.154022 ] } },
{ "type": "Feature", "properties": { "name": "라쿵푸마라탕", "cat": "음식", "sub": "중식", "addr": "전남광주통합특별시 동구 필문대로273번길 3", "alt": "", "src": "store" }, "geometry": { "type": "Point", "coordinates": [ 126.928154, 35.146795 ] } },
{ "type": "Feature", "properties": { "name": "라파", "cat": "음식", "sub": "비알코올 ", "addr": "전남광주통합특별시 동구 제봉로 187", "alt": "", "src": "store" }, "geometry": { "type": "Point", "coordinates": [ 126.916504, 35.152683 ] } },
{ "type": "Feature", "properties": { "name": "라프레스코ACC", "cat": "음식", "sub": "기타 간이", "addr": "전남광주통합특별시 동구 제봉로 130", "alt": "", "src": "store" }, "geometry": { "type": "Point", "coordinates": [ 126.92184, 35.149946 ] } },
{ "type": "Feature", "properties": { "name": "랍스터바광주롯데지점", "cat": "음식", "sub": "한식", "addr": "전남광주통합특별시 동구 독립로 268", "alt": "", "src": "store" }, "geometry": { "type": "Point", "coordinates": [ 126.912178, 35.154555 ] } },
{ "type": "Feature", "properties": { "name": "랑쁘", "cat": "소매", "sub": "섬유·의복·신발 소매", "addr": "전남광주통합특별시 동구 동계천로 181-1", "alt": "", "src": "store" }, "geometry": { "type": "Point", "coordinates": [ 126.92904, 35.149482 ] } },
{ "type": "Feature", "properties": { "name": "래터레인", "cat": "음식", "sub": "비알코올 ", "addr": "전남광주통합특별시 동구 동계천로 165-1", "alt": "", "src": "store" }, "geometry": { "type": "Point", "coordinates": [ 126.927262, 35.149246 ] } },
{ "type": "Feature", "properties": { "name": "러브", "cat": "음식", "sub": "한식", "addr": "전남광주통합특별시 동구 구성로 203-1", "alt": "", "src": "store" }, "geometry": { "type": "Point", "coordinates": [ 126.914626, 35.153772 ] } },
{ "type": "Feature", "properties": { "name": "러블리카페", "cat": "음식", "sub": "비알코올 ", "addr": "전남광주통합특별시 동구 동명로 56", "alt": "", "src": "store" }, "geometry": { "type": "Point", "coordinates": [ 126.926514, 35.151202 ] } },
{ "type": "Feature", "properties": { "name": "러블링", "cat": "소매", "sub": "시계·귀금속 소매", "addr": "전남광주통합특별시 동구 장동로 23-12", "alt": "", "src": "store" }, "geometry": { "type": "Point", "coordinates": [ 126.924871, 35.14847 ] } },
{ "type": "Feature", "properties": { "name": "러플", "cat": "음식", "sub": "비알코올 ", "addr": "전남광주통합특별시 동구 지산로 53", "alt": "", "src": "store" }, "geometry": { "type": "Point", "coordinates": [ 126.932564, 35.148556 ] } },
{ "type": "Feature", "properties": { "name": "럭키핑", "cat": "소매", "sub": "오락용품 소매", "addr": "전남광주통합특별시 동구 동명로 6", "alt": "", "src": "store" }, "geometry": { "type": "Point", "coordinates": [ 126.922697, 35.149748 ] } },
{ "type": "Feature", "properties": { "name": "레거시커피", "cat": "음식", "sub": "비알코올 ", "addr": "전남광주통합특별시 동구 필문대로 206-1", "alt": "", "src": "store" }, "geometry": { "type": "Point", "coordinates": [ 126.930706, 35.152557 ] } },
{ "type": "Feature", "properties": { "name": "레브", "cat": "음식", "sub": "서양식", "addr": "전남광주통합특별시 동구 동명로14번길 29", "alt": "", "src": "store" }, "geometry": { "type": "Point", "coordinates": [ 126.926516, 35.149841 ] } },
{ "type": "Feature", "properties": { "name": "렛츠타스", "cat": "과학·기술", "sub": "사진 촬영", "addr": "전남광주통합특별시 동구 동명로 20", "alt": "", "src": "store" }, "geometry": { "type": "Point", "coordinates": [ 126.923596, 35.150867 ] } },
{ "type": "Feature", "properties": { "name": "로니스룸", "cat": "음식", "sub": "주점", "addr": "전남광주통합특별시 동구 동명로 48", "alt": "", "src": "store" }, "geometry": { "type": "Point", "coordinates": [ 126.925669, 35.151265 ] } },
{ "type": "Feature", "properties": { "name": "로데오", "cat": "음식", "sub": "서양식", "addr": "전남광주통합특별시 동구 동명로 6", "alt": "", "src": "store" }, "geometry": { "type": "Point", "coordinates": [ 126.922697, 35.149748 ] } },
{ "type": "Feature", "properties": { "name": "로스터리초록물고기", "cat": "음식", "sub": "비알코올 ", "addr": "전남광주통합특별시 동구 장동로 34", "alt": "", "src": "store" }, "geometry": { "type": "Point", "coordinates": [ 126.925431, 35.147767 ] } },
{ "type": "Feature", "properties": { "name": "로얄브로", "cat": "수리·개인", "sub": "이용·미용", "addr": "전남광주통합특별시 동구 동계로 1", "alt": "", "src": "store" }, "geometry": { "type": "Point", "coordinates": [ 126.923957, 35.152021 ] } },
{ "type": "Feature", "properties": { "name": "로우다", "cat": "소매", "sub": "의약·화장품 소매", "addr": "전남광주통합특별시 동구 준법로 12", "alt": "", "src": "store" }, "geometry": { "type": "Point", "coordinates": [ 126.934242, 35.149169 ] } },
{ "type": "Feature", "properties": { "name": "로쟈니에기능성속옷", "cat": "소매", "sub": "섬유·의복·신발 소매", "addr": "전남광주통합특별시 동구 금남로 161-40", "alt": "", "src": "store" }, "geometry": { "type": "Point", "coordinates": [ 126.912344, 35.153635 ] } },
{ "type": "Feature", "properties": { "name": "로타리커피", "cat": "음식", "sub": "비알코올 ", "addr": "전남광주통합특별시 동구 지산로89번길 1", "alt": "", "src": "store" }, "geometry": { "type": "Point", "coordinates": [ 126.933, 35.151665 ] } },
{ "type": "Feature", "properties": { "name": "롯데공인중개사사무소", "cat": "부동산", "sub": "부동산 서비스", "addr": "전남광주통합특별시 동구 금남로 161-42", "alt": "", "src": "store" }, "geometry": { "type": "Point", "coordinates": [ 126.912497, 35.153726 ] } },
{ "type": "Feature", "properties": { "name": "롯데광주닥스ACC", "cat": "소매", "sub": "섬유·의복·신발 소매", "addr": "전남광주통합특별시 동구 독립로 268", "alt": "", "src": "store" }, "geometry": { "type": "Point", "coordinates": [ 126.912178, 35.154555 ] } },
{ "type": "Feature", "properties": { "name": "롯데광주닥스숙녀혜원", "cat": "소매", "sub": "섬유·의복·신발 소매", "addr": "전남광주통합특별시 동구 독립로 268", "alt": "", "src": "store" }, "geometry": { "type": "Point", "coordinates": [ 126.912178, 35.154555 ] } },
{ "type": "Feature", "properties": { "name": "롯데광주바오바오", "cat": "소매", "sub": "섬유·의복·신발 소매", "addr": "전남광주통합특별시 동구 독립로 268", "alt": "", "src": "store" }, "geometry": { "type": "Point", "coordinates": [ 126.912178, 35.154555 ] } },
{ "type": "Feature", "properties": { "name": "롯데광주점로가디스", "cat": "소매", "sub": "섬유·의복·신발 소매", "addr": "전남광주통합특별시 동구 독립로 268", "alt": "", "src": "store" }, "geometry": { "type": "Point", "coordinates": [ 126.912178, 35.154555 ] } },
{ "type": "Feature", "properties": { "name": "롯데광주점무냐무냐", "cat": "소매", "sub": "섬유·의복·신발 소매", "addr": "전남광주통합특별시 동구 독립로 268", "alt": "", "src": "store" }, "geometry": { "type": "Point", "coordinates": [ 126.912178, 35.154555 ] } },
{ "type": "Feature", "properties": { "name": "롯데광주점어그", "cat": "소매", "sub": "섬유·의복·신발 소매", "addr": "전남광주통합특별시 동구 독립로 268", "alt": "", "src": "store" }, "geometry": { "type": "Point", "coordinates": [ 126.912178, 35.154555 ] } },
{ "type": "Feature", "properties": { "name": "롯데광주질스튜어트", "cat": "소매", "sub": "섬유·의복·신발 소매", "addr": "전남광주통합특별시 동구 독립로 268", "alt": "", "src": "store" }, "geometry": { "type": "Point", "coordinates": [ 126.912178, 35.154555 ] } },
{ "type": "Feature", "properties": { "name": "롯데세탁소", "cat": "수리·개인", "sub": "세탁", "addr": "전남광주통합특별시 동구 제봉로213번길 10-5", "alt": "", "src": "store" }, "geometry": { "type": "Point", "coordinates": [ 126.91321, 35.154105 ] } },
{ "type": "Feature", "properties": { "name": "롯데와인롯데광주점", "cat": "소매", "sub": "음료 소매", "addr": "전남광주통합특별시 동구 독립로 268", "alt": "", "src": "store" }, "geometry": { "type": "Point", "coordinates": [ 126.912178, 35.154555 ] } },
{ "type": "Feature", "properties": { "name": "루디아#", "cat": "소매", "sub": "섬유·의복·신발 소매", "addr": "전남광주통합특별시 동구 경양로 301-2", "alt": "", "src": "store" }, "geometry": { "type": "Point", "coordinates": [ 126.922429, 35.154598 ] } },
{ "type": "Feature", "properties": { "name": "루디아공방", "cat": "소매", "sub": "장식품 소매", "addr": "전남광주통합특별시 동구 동명로 19-7", "alt": "", "src": "store" }, "geometry": { "type": "Point", "coordinates": [ 126.92286, 35.150848 ] } },
{ "type": "Feature", "properties": { "name": "루디아헤어샵", "cat": "수리·개인", "sub": "이용·미용", "addr": "전남광주통합특별시 동구 경양로 301-2", "alt": "", "src": "store" }, "geometry": { "type": "Point", "coordinates": [ 126.922429, 35.154598 ] } },
{ "type": "Feature", "properties": { "name": "루비리빙텔", "cat": "숙박", "sub": "기타 숙박", "addr": "전남광주통합특별시 동구 지산로 31-3", "alt": "", "src": "store" }, "geometry": { "type": "Point", "coordinates": [ 126.931402, 35.146905 ] } },
{ "type": "Feature", "properties": { "name": "루씨스튜디오", "cat": "소매", "sub": "장식품 소매", "addr": "전남광주통합특별시 동구 동계천로 159-8", "alt": "", "src": "store" }, "geometry": { "type": "Point", "coordinates": [ 126.926867, 35.149589 ] } },
{ "type": "Feature", "properties": { "name": "류씨네유통", "cat": "소매", "sub": "식료품 소매", "addr": "전남광주통합특별시 동구 동계천로 59-2", "alt": "", "src": "store" }, "geometry": { "type": "Point", "coordinates": [ 126.918434, 35.153883 ] } },
{ "type": "Feature", "properties": { "name": "르뱅", "cat": "음식", "sub": "주점", "addr": "전남광주통합특별시 동구 장동로 7", "alt": "", "src": "store" }, "geometry": { "type": "Point", "coordinates": [ 126.923114, 35.149118 ] } },
{ "type": "Feature", "properties": { "name": "리리커피로스터리", "cat": "음식", "sub": "비알코올 ", "addr": "전남광주통합특별시 동구 동계천로 169-3", "alt": "", "src": "store" }, "geometry": { "type": "Point", "coordinates": [ 126.927756, 35.149256 ] } },
{ "type": "Feature", "properties": { "name": "리밋커피", "cat": "음식", "sub": "비알코올 ", "addr": "전남광주통합특별시 동구 동명로25번길 9-8", "alt": "", "src": "store" }, "geometry": { "type": "Point", "coordinates": [ 126.922333, 35.151398 ] } },
{ "type": "Feature", "properties": { "name": "리얼버거", "cat": "음식", "sub": "기타 간이", "addr": "전남광주통합특별시 동구 장동로 52", "alt": "", "src": "store" }, "geometry": { "type": "Point", "coordinates": [ 126.927144, 35.146984 ] } },
{ "type": "Feature", "properties": { "name": "리얼펍산수점", "cat": "음식", "sub": "주점", "addr": "전남광주통합특별시 동구 동계로 17-1", "alt": "", "src": "store" }, "geometry": { "type": "Point", "coordinates": [ 126.924383, 35.153454 ] } },
{ "type": "Feature", "properties": { "name": "리폼수선실", "cat": "수리·개인", "sub": "기타 가정용품 수리", "addr": "전남광주통합특별시 동구 독립로264번길 15-1", "alt": "", "src": "store" }, "geometry": { "type": "Point", "coordinates": [ 126.912772, 35.153816 ] } },
{ "type": "Feature", "properties": { "name": "리폼하우스", "cat": "수리·개인", "sub": "기타 가정용품 수리", "addr": "전남광주통합특별시 동구 동명로 106-10", "alt": "", "src": "store" }, "geometry": { "type": "Point", "coordinates": [ 126.931893, 35.150322 ] } },
{ "type": "Feature", "properties": { "name": "리프", "cat": "음식", "sub": "비알코올 ", "addr": "전남광주통합특별시 동구 필문대로289번길 17", "alt": "", "src": "store" }, "geometry": { "type": "Point", "coordinates": [ 126.928384, 35.146759 ] } },
{ "type": "Feature", "properties": { "name": "마네키동명", "cat": "음식", "sub": "서양식", "addr": "전남광주통합특별시 동구 동계천로 132", "alt": "", "src": "store" }, "geometry": { "type": "Point", "coordinates": [ 126.923783, 35.149488 ] } },
{ "type": "Feature", "properties": { "name": "마녀", "cat": "음식", "sub": "한식", "addr": "전남광주통합특별시 동구 필문대로205번길 44", "alt": "", "src": "store" }, "geometry": { "type": "Point", "coordinates": [ 126.935831, 35.151811 ] } },
{ "type": "Feature", "properties": { "name": "마노사진관", "cat": "과학·기술", "sub": "사진 촬영", "addr": "전남광주통합특별시 동구 지호로 92", "alt": "", "src": "store" }, "geometry": { "type": "Point", "coordinates": [ 126.938797, 35.147892 ] } },
{ "type": "Feature", "properties": { "name": "마더구스", "cat": "교육", "sub": "기타 교육", "addr": "전남광주통합특별시 동구 백서로224번길 2-9", "alt": "", "src": "store" }, "geometry": { "type": "Point", "coordinates": [ 126.927056, 35.147471 ] } },
{ "type": "Feature", "properties": { "name": "마라클럽", "cat": "음식", "sub": "중식", "addr": "전남광주통합특별시 동구 필문대로273번길 11", "alt": "", "src": "store" }, "geometry": { "type": "Point", "coordinates": [ 126.928834, 35.146498 ] } },
{ "type": "Feature", "properties": { "name": "마리앤아르떼", "cat": "소매", "sub": "시계·귀금속 소매", "addr": "전남광주통합특별시 동구 동계천로 143-17", "alt": "", "src": "store" }, "geometry": { "type": "Point", "coordinates": [ 126.9251, 35.149615 ] } },
{ "type": "Feature", "properties": { "name": "마메종", "cat": "소매", "sub": "중고 상품 소매", "addr": "전남광주통합특별시 동구 동계천로 89", "alt": "", "src": "store" }, "geometry": { "type": "Point", "coordinates": [ 126.920851, 35.152136 ] } },
{ "type": "Feature", "properties": { "name": "마시오커피", "cat": "음식", "sub": "비알코올 ", "addr": "전남광주통합특별시 동구 구성로204번길 15-1", "alt": "", "src": "store" }, "geometry": { "type": "Point", "coordinates": [ 126.915901, 35.152664 ] } },
{ "type": "Feature", "properties": { "name": "마실", "cat": "음식", "sub": "한식", "addr": "전남광주통합특별시 동구 동명로 17", "alt": "", "src": "store" }, "geometry": { "type": "Point", "coordinates": [ 126.923102, 35.150704 ] } },
{ "type": "Feature", "properties": { "name": "마쏘라까망베르", "cat": "음식", "sub": "기타 간이", "addr": "전남광주통합특별시 동구 필문대로205번길 19", "alt": "", "src": "store" }, "geometry": { "type": "Point", "coordinates": [ 126.93323, 35.152071 ] } },
{ "type": "Feature", "properties": { "name": "마을회관", "cat": "음식", "sub": "한식", "addr": "전남광주통합특별시 동구 동명로 8-5", "alt": "", "src": "store" }, "geometry": { "type": "Point", "coordinates": [ 126.922916, 35.149758 ] } },
{ "type": "Feature", "properties": { "name": "마이금융책방30", "cat": "소매", "sub": "오락용품 소매", "addr": "전남광주통합특별시 동구 동명로 63-49", "alt": "", "src": "store" }, "geometry": { "type": "Point", "coordinates": [ 126.926437, 35.152103 ] } },
{ "type": "Feature", "properties": { "name": "마이시스템", "cat": "소매", "sub": "가전·통신 소매", "addr": "전남광주통합특별시 동구 독립로264번길 25", "alt": "", "src": "store" }, "geometry": { "type": "Point", "coordinates": [ 126.913661, 35.153456 ] } },
{ "type": "Feature", "properties": { "name": "마이홈모텔", "cat": "숙박", "sub": "일반 숙박", "addr": "전남광주통합특별시 동구 제봉로222번길 6-6", "alt": "", "src": "store" }, "geometry": { "type": "Point", "coordinates": [ 126.914164, 35.15507 ] } },
{ "type": "Feature", "properties": { "name": "마인리즈", "cat": "소매", "sub": "섬유·의복·신발 소매", "addr": "전남광주통합특별시 동구 필문대로273번길 13", "alt": "", "src": "store" }, "geometry": { "type": "Point", "coordinates": [ 126.928933, 35.146525 ] } },
{ "type": "Feature", "properties": { "name": "마인엔터프라이즈", "cat": "과학·기술", "sub": "본사·경영 컨설팅", "addr": "전남광주통합특별시 동구 동명로 110", "alt": "", "src": "store" }, "geometry": { "type": "Point", "coordinates": [ 126.932595, 35.150394 ] } },
{ "type": "Feature", "properties": { "name": "마쥬롯데광주점", "cat": "소매", "sub": "섬유·의복·신발 소매", "addr": "전남광주통합특별시 동구 독립로 268", "alt": "", "src": "store" }, "geometry": { "type": "Point", "coordinates": [ 126.912178, 35.154555 ] } },
{ "type": "Feature", "properties": { "name": "막장집광주", "cat": "음식", "sub": "한식", "addr": "전남광주통합특별시 동구 동계천로 162", "alt": "", "src": "store" }, "geometry": { "type": "Point", "coordinates": [ 126.926955, 35.149039 ] } },
{ "type": "Feature", "properties": { "name": "만개", "cat": "음식", "sub": "한식", "addr": "전남광주통합특별시 동구 동계천로85번길 6-13", "alt": "", "src": "store" }, "geometry": { "type": "Point", "coordinates": [ 126.921355, 35.152416 ] } },
{ "type": "Feature", "properties": { "name": "만계", "cat": "소매", "sub": "종합 소매", "addr": "전남광주통합특별시 동구 필문대로287번길 9-1", "alt": "", "src": "store" }, "geometry": { "type": "Point", "coordinates": [ 126.928111, 35.145569 ] } },
{ "type": "Feature", "properties": { "name": "만년식당", "cat": "음식", "sub": "한식", "addr": "전남광주통합특별시 동구 중앙로 232", "alt": "", "src": "store" }, "geometry": { "type": "Point", "coordinates": [ 126.919006, 35.152829 ] } },
{ "type": "Feature", "properties": { "name": "만물유통", "cat": "소매", "sub": "식료품 소매", "addr": "전남광주통합특별시 동구 동계천로 44", "alt": "", "src": "store" }, "geometry": { "type": "Point", "coordinates": [ 126.916897, 35.154702 ] } },
{ "type": "Feature", "properties": { "name": "만복식당", "cat": "음식", "sub": "한식", "addr": "전남광주통합특별시 동구 동계천로43번길 1", "alt": "", "src": "store" }, "geometry": { "type": "Point", "coordinates": [ 126.916864, 35.154891 ] } },
{ "type": "Feature", "properties": { "name": "만수목욕탕", "cat": "숙박", "sub": "일반 숙박", "addr": "전남광주통합특별시 동구 제봉로200번길 7", "alt": "", "src": "store" }, "geometry": { "type": "Point", "coordinates": [ 126.916381, 35.154557 ] } },
{ "type": "Feature", "properties": { "name": "만수식당", "cat": "음식", "sub": "한식", "addr": "전남광주통합특별시 동구 제봉로212번길 2", "alt": "", "src": "store" }, "geometry": { "type": "Point", "coordinates": [ 126.915262, 35.154656 ] } },
{ "type": "Feature", "properties": { "name": "만수인테리어", "cat": "과학·기술", "sub": "전문 디자인", "addr": "전남광주통합특별시 동구 계림로 3-2", "alt": "", "src": "store" }, "geometry": { "type": "Point", "coordinates": [ 126.921177, 35.154831 ] } },
{ "type": "Feature", "properties": { "name": "만수종합화장품", "cat": "소매", "sub": "의약·화장품 소매", "addr": "전남광주통합특별시 동구 제봉로200번길 7", "alt": "", "src": "store" }, "geometry": { "type": "Point", "coordinates": [ 126.916381, 35.154557 ] } },
{ "type": "Feature", "properties": { "name": "만옥", "cat": "음식", "sub": "한식", "addr": "전남광주통합특별시 동구 동명로 114-2", "alt": "", "src": "store" }, "geometry": { "type": "Point", "coordinates": [ 126.932847, 35.150575 ] } },
{ "type": "Feature", "properties": { "name": "만푸쿠", "cat": "음식", "sub": "일식", "addr": "전남광주통합특별시 동구 동명로 15", "alt": "", "src": "store" }, "geometry": { "type": "Point", "coordinates": [ 126.923058, 35.15056 ] } },
{ "type": "Feature", "properties": { "name": "맛나분식", "cat": "음식", "sub": "기타 간이", "addr": "전남광주통합특별시 동구 경양로 360-1", "alt": "", "src": "store" }, "geometry": { "type": "Point", "coordinates": [ 126.928608, 35.153871 ] } },
{ "type": "Feature", "properties": { "name": "맛나수산", "cat": "음식", "sub": "한식", "addr": "전남광주통합특별시 동구 제봉로194번길 5-7", "alt": "", "src": "store" }, "geometry": { "type": "Point", "coordinates": [ 126.91613, 35.153854 ] } },
{ "type": "Feature", "properties": { "name": "맛나장어", "cat": "음식", "sub": "한식", "addr": "전남광주통합특별시 동구 제봉로194번길 5-7", "alt": "", "src": "store" }, "geometry": { "type": "Point", "coordinates": [ 126.91613, 35.153854 ] } },
{ "type": "Feature", "properties": { "name": "맛동산", "cat": "음식", "sub": "주점", "addr": "전남광주통합특별시 동구 제봉로110번길 16", "alt": "", "src": "store" }, "geometry": { "type": "Point", "coordinates": [ 126.923663, 35.148929 ] } },
{ "type": "Feature", "properties": { "name": "맛있는낙지비빔백반회무침", "cat": "음식", "sub": "한식", "addr": "전남광주통합특별시 동구 지산로 69", "alt": "", "src": "store" }, "geometry": { "type": "Point", "coordinates": [ 126.933012, 35.149881 ] } },
{ "type": "Feature", "properties": { "name": "맛있는집", "cat": "음식", "sub": "한식", "addr": "전남광주통합특별시 동구 지산로 52", "alt": "", "src": "store" }, "geometry": { "type": "Point", "coordinates": [ 126.932685, 35.148258 ] } },
{ "type": "Feature", "properties": { "name": "맛짱김밥", "cat": "음식", "sub": "기타 간이", "addr": "전남광주통합특별시 동구 지산로 83", "alt": "", "src": "store" }, "geometry": { "type": "Point", "coordinates": [ 126.933, 35.151116 ] } },
{ "type": "Feature", "properties": { "name": "매머드익스프레스광주금남로", "cat": "음식", "sub": "비알코올 ", "addr": "전남광주통합특별시 동구 제봉로 171", "alt": "", "src": "store" }, "geometry": { "type": "Point", "coordinates": [ 126.917997, 35.151954 ] } },
{ "type": "Feature", "properties": { "name": "매일넷", "cat": "소매", "sub": "종합 소매", "addr": "전남광주통합특별시 동구 밤실로 9-1", "alt": "", "src": "store" }, "geometry": { "type": "Point", "coordinates": [ 126.936778, 35.148558 ] } },
{ "type": "Feature", "properties": { "name": "매트리스소파청소깨끄태유광주", "cat": "시설관리·임대", "sub": "청소·방제", "addr": "전남광주통합특별시 동구 동계로 20-1", "alt": "", "src": "store" }, "geometry": { "type": "Point", "coordinates": [ 126.92491, 35.153427 ] } },
{ "type": "Feature", "properties": { "name": "맥거핀", "cat": "과학·기술", "sub": "전문 디자인", "addr": "전남광주통합특별시 동구 제봉로158번길 3", "alt": "", "src": "store" }, "geometry": { "type": "Point", "coordinates": [ 126.919633, 35.151765 ] } },
{ "type": "Feature", "properties": { "name": "맥공인중개사사무소", "cat": "부동산", "sub": "부동산 서비스", "addr": "전남광주통합특별시 동구 지산로 74-4", "alt": "", "src": "store" }, "geometry": { "type": "Point", "coordinates": [ 126.933363, 35.150187 ] } },
{ "type": "Feature", "properties": { "name": "맥주당", "cat": "음식", "sub": "주점", "addr": "전남광주통합특별시 동구 구성로 236", "alt": "", "src": "store" }, "geometry": { "type": "Point", "coordinates": [ 126.917149, 35.15564 ] } },
{ "type": "Feature", "properties": { "name": "맥주싸롱", "cat": "음식", "sub": "주점", "addr": "전남광주통합특별시 동구 지호로 35", "alt": "", "src": "store" }, "geometry": { "type": "Point", "coordinates": [ 126.932904, 35.148078 ] } },
{ "type": "Feature", "properties": { "name": "맥주천국", "cat": "음식", "sub": "주점", "addr": "전남광주통합특별시 동구 구성로 184-3", "alt": "", "src": "store" }, "geometry": { "type": "Point", "coordinates": [ 126.913366, 35.152275 ] } },
{ "type": "Feature", "properties": { "name": "머리하는날", "cat": "수리·개인", "sub": "이용·미용", "addr": "전남광주통합특별시 동구 계림로20번길 2", "alt": "", "src": "store" }, "geometry": { "type": "Point", "coordinates": [ 126.922494, 35.155544 ] } },
{ "type": "Feature", "properties": { "name": "머스타취", "cat": "수리·개인", "sub": "이용·미용", "addr": "전남광주통합특별시 동구 지산로 50", "alt": "", "src": "store" }, "geometry": { "type": "Point", "coordinates": [ 126.932674, 35.148132 ] } },
{ "type": "Feature", "properties": { "name": "머스트홈케어호남본부", "cat": "시설관리·임대", "sub": "청소·방제", "addr": "전남광주통합특별시 동구 제봉로184번길 13-3", "alt": "", "src": "store" }, "geometry": { "type": "Point", "coordinates": [ 126.918062, 35.153729 ] } },
{ "type": "Feature", "properties": { "name": "머핀", "cat": "음식", "sub": "주점", "addr": "전남광주통합특별시 동구 동명로 35", "alt": "", "src": "store" }, "geometry": { "type": "Point", "coordinates": [ 126.924451, 35.151904 ] } },
{ "type": "Feature", "properties": { "name": "먹거리포차", "cat": "음식", "sub": "주점", "addr": "전남광주통합특별시 동구 구성로 228-1", "alt": "", "src": "store" }, "geometry": { "type": "Point", "coordinates": [ 126.916677, 35.155216 ] } },
{ "type": "Feature", "properties": { "name": "먹고또와", "cat": "음식", "sub": "기타 간이", "addr": "전남광주통합특별시 동구 동계천로 67", "alt": "", "src": "store" }, "geometry": { "type": "Point", "coordinates": [ 126.919071, 35.153451 ] } },
{ "type": "Feature", "properties": { "name": "메가당구장", "cat": "예술·스포츠", "sub": "스포츠 서비스", "addr": "전남광주통합특별시 동구 서석로85번길 8-14", "alt": "", "src": "store" }, "geometry": { "type": "Point", "coordinates": [ 126.920798, 35.15018 ] } },
{ "type": "Feature", "properties": { "name": "메가엠지씨커피", "cat": "음식", "sub": "비알코올 ", "addr": "전남광주통합특별시 동구 필문대로273번길 5", "alt": "", "src": "store" }, "geometry": { "type": "Point", "coordinates": [ 126.928285, 35.146714 ] } },
{ "type": "Feature", "properties": { "name": "메가엠지씨커피광주", "cat": "음식", "sub": "비알코올 ", "addr": "전남광주통합특별시 동구 동명로 114", "alt": "", "src": "store" }, "geometry": { "type": "Point", "coordinates": [ 126.933001, 35.150584 ] } },
{ "type": "Feature", "properties": { "name": "메가엠지씨커피광주", "cat": "음식", "sub": "비알코올 ", "addr": "전남광주통합특별시 동구 장동로 23-20", "alt": "", "src": "store" }, "geometry": { "type": "Point", "coordinates": [ 126.924837, 35.148875 ] } },
{ "type": "Feature", "properties": { "name": "메가엠지씨커피광주대인점", "cat": "음식", "sub": "비알코올 ", "addr": "전남광주통합특별시 동구 제봉로 221", "alt": "", "src": "store" }, "geometry": { "type": "Point", "coordinates": [ 126.91366, 35.154709 ] } },
{ "type": "Feature", "properties": { "name": "메이소나", "cat": "수리·개인", "sub": "이용·미용", "addr": "전남광주통합특별시 동구 제봉로 228", "alt": "", "src": "store" }, "geometry": { "type": "Point", "coordinates": [ 126.913395, 35.155313 ] } },
{ "type": "Feature", "properties": { "name": "메이엘BP원", "cat": "보건의료", "sub": "기타 보건", "addr": "전남광주통합특별시 동구 제봉로 149", "alt": "", "src": "store" }, "geometry": { "type": "Point", "coordinates": [ 126.919733, 35.150603 ] } },
{ "type": "Feature", "properties": { "name": "메종조이초이", "cat": "음식", "sub": "서양식", "addr": "전남광주통합특별시 동구 구성로194번길 15-4", "alt": "", "src": "store" }, "geometry": { "type": "Point", "coordinates": [ 126.915528, 35.152114 ] } },
{ "type": "Feature", "properties": { "name": "메틀기획", "cat": "과학·기술", "sub": "광고", "addr": "전남광주통합특별시 동구 동명로 47-24", "alt": "", "src": "store" }, "geometry": { "type": "Point", "coordinates": [ 126.92602, 35.152364 ] } },
{ "type": "Feature", "properties": { "name": "멘지광주", "cat": "음식", "sub": "일식", "addr": "전남광주통합특별시 동구 동계천로 162", "alt": "", "src": "store" }, "geometry": { "type": "Point", "coordinates": [ 126.926955, 35.149039 ] } },
{ "type": "Feature", "properties": { "name": "멜크", "cat": "음식", "sub": "비알코올 ", "addr": "전남광주통합특별시 동구 동명로14번길 19-8", "alt": "", "src": "store" }, "geometry": { "type": "Point", "coordinates": [ 126.925495, 35.150309 ] } },
{ "type": "Feature", "properties": { "name": "멜턴", "cat": "소매", "sub": "섬유·의복·신발 소매", "addr": "전남광주통합특별시 동구 동명로 19", "alt": "", "src": "store" }, "geometry": { "type": "Point", "coordinates": [ 126.923211, 35.150966 ] } },
{ "type": "Feature", "properties": { "name": "명가결혼정보", "cat": "수리·개인", "sub": "기타 개인", "addr": "전남광주통합특별시 동구 독립로 276", "alt": "", "src": "store" }, "geometry": { "type": "Point", "coordinates": [ 126.912276, 35.155312 ] } },
{ "type": "Feature", "properties": { "name": "명가노래홀", "cat": "음식", "sub": "주점", "addr": "전남광주통합특별시 동구 제봉로222번길 9", "alt": "", "src": "store" }, "geometry": { "type": "Point", "coordinates": [ 126.914163, 35.155647 ] } },
{ "type": "Feature", "properties": { "name": "명가녹두빈대떡", "cat": "음식", "sub": "한식", "addr": "전남광주통합특별시 동구 구성로 186-1", "alt": "", "src": "store" }, "geometry": { "type": "Point", "coordinates": [ 126.913519, 35.152275 ] } },
{ "type": "Feature", "properties": { "name": "명가탕수육", "cat": "음식", "sub": "중식", "addr": "전남광주통합특별시 동구 동계천로85번길 9-2", "alt": "", "src": "store" }, "geometry": { "type": "Point", "coordinates": [ 126.921212, 35.153001 ] } },
{ "type": "Feature", "properties": { "name": "명광사무기", "cat": "소매", "sub": "안경·정밀기기 소매", "addr": "전남광주통합특별시 동구 필문대로 232-1", "alt": "", "src": "store" }, "geometry": { "type": "Point", "coordinates": [ 126.92961, 35.150284 ] } },
{ "type": "Feature", "properties": { "name": "명루관", "cat": "음식", "sub": "중식", "addr": "전남광주통합특별시 동구 필문대로192번길 21", "alt": "", "src": "store" }, "geometry": { "type": "Point", "coordinates": [ 126.929289, 35.153106 ] } },
{ "type": "Feature", "properties": { "name": "명미화방", "cat": "소매", "sub": "장식품 소매", "addr": "전남광주통합특별시 동구 예술길15번길 12", "alt": "", "src": "store" }, "geometry": { "type": "Point", "coordinates": [ 126.919085, 35.151053 ] } },
{ "type": "Feature", "properties": { "name": "명보다방", "cat": "음식", "sub": "비알코올 ", "addr": "전남광주통합특별시 동구 구성로 228", "alt": "", "src": "store" }, "geometry": { "type": "Point", "coordinates": [ 126.9166, 35.155144 ] } },
{ "type": "Feature", "properties": { "name": "명보아이엔씨롯데광주점주", "cat": "소매", "sub": "시계·귀금속 소매", "addr": "전남광주통합특별시 동구 독립로 268", "alt": "", "src": "store" }, "geometry": { "type": "Point", "coordinates": [ 126.912178, 35.154555 ] } },
{ "type": "Feature", "properties": { "name": "명성고시원", "cat": "숙박", "sub": "기타 숙박", "addr": "전남광주통합특별시 동구 필문대로263번길 15", "alt": "", "src": "store" }, "geometry": { "type": "Point", "coordinates": [ 126.930018, 35.147517 ] } },
{ "type": "Feature", "properties": { "name": "명성식당", "cat": "음식", "sub": "한식", "addr": "전남광주통합특별시 동구 밤실로20번길 21-1", "alt": "", "src": "store" }, "geometry": { "type": "Point", "coordinates": [ 126.939301, 35.149298 ] } },
{ "type": "Feature", "properties": { "name": "명성전파사", "cat": "소매", "sub": "기타 생활용품 소매", "addr": "전남광주통합특별시 동구 독립로264번길 25", "alt": "", "src": "store" }, "geometry": { "type": "Point", "coordinates": [ 126.913661, 35.153456 ] } },
{ "type": "Feature", "properties": { "name": "명신에이브이", "cat": "소매", "sub": "중고 상품 소매", "addr": "전남광주통합특별시 동구 독립로264번길 21", "alt": "", "src": "store" }, "geometry": { "type": "Point", "coordinates": [ 126.913178, 35.153555 ] } },
{ "type": "Feature", "properties": { "name": "명음사", "cat": "소매", "sub": "오락용품 소매", "addr": "전남광주통합특별시 동구 중앙로 265", "alt": "", "src": "store" }, "geometry": { "type": "Point", "coordinates": [ 126.920376, 35.15538 ] } },
{ "type": "Feature", "properties": { "name": "명인방", "cat": "숙박", "sub": "일반 숙박", "addr": "전남광주통합특별시 동구 동계천로 39", "alt": "", "src": "store" }, "geometry": { "type": "Point", "coordinates": [ 126.916732, 35.154954 ] } },
{ "type": "Feature", "properties": { "name": "명품", "cat": "소매", "sub": "중고 상품 소매", "addr": "전남광주통합특별시 동구 구성로238번길 30-15", "alt": "", "src": "store" }, "geometry": { "type": "Point", "coordinates": [ 126.919247, 35.153965 ] } },
{ "type": "Feature", "properties": { "name": "명품옷수선", "cat": "수리·개인", "sub": "기타 가정용품 수리", "addr": "전남광주통합특별시 동구 중앙로 248", "alt": "", "src": "store" }, "geometry": { "type": "Point", "coordinates": [ 126.920311, 35.153704 ] } },
{ "type": "Feature", "properties": { "name": "모노맨션광주", "cat": "과학·기술", "sub": "사진 촬영", "addr": "전남광주통합특별시 동구 제봉로110번길 9", "alt": "", "src": "store" }, "geometry": { "type": "Point", "coordinates": [ 126.922763, 35.14873 ] } },
{ "type": "Feature", "properties": { "name": "모던타임즈", "cat": "음식", "sub": "비알코올 ", "addr": "전남광주통합특별시 동구 제봉로200번길 1-7", "alt": "", "src": "store" }, "geometry": { "type": "Point", "coordinates": [ 126.915603, 35.154223 ] } },
{ "type": "Feature", "properties": { "name": "모두가", "cat": "음식", "sub": "한식", "addr": "전남광주통합특별시 동구 필문대로273번길 13", "alt": "", "src": "store" }, "geometry": { "type": "Point", "coordinates": [ 126.928933, 35.146525 ] } },
{ "type": "Feature", "properties": { "name": "모두여행사주", "cat": "시설관리·임대", "sub": "여행사·보조", "addr": "전남광주통합특별시 동구 구성로194번길 5", "alt": "", "src": "store" }, "geometry": { "type": "Point", "coordinates": [ 126.914551, 35.152681 ] } },
{ "type": "Feature", "properties": { "name": "모두의밥상지산동백반", "cat": "음식", "sub": "한식", "addr": "전남광주통합특별시 동구 필문대로205번길 29-2", "alt": "", "src": "store" }, "geometry": { "type": "Point", "coordinates": [ 126.934481, 35.152027 ] } },
{ "type": "Feature", "properties": { "name": "모드니modeny", "cat": "음식", "sub": "비알코올 ", "addr": "전남광주통합특별시 동구 동명로14번길 19", "alt": "", "src": "store" }, "geometry": { "type": "Point", "coordinates": [ 126.925407, 35.150039 ] } },
{ "type": "Feature", "properties": { "name": "모아카서비스", "cat": "수리·개인", "sub": "자동차 수리·세차", "addr": "전남광주통합특별시 동구 동명로67번길 14", "alt": "", "src": "store" }, "geometry": { "type": "Point", "coordinates": [ 126.927304, 35.15214 ] } },
{ "type": "Feature", "properties": { "name": "모앗인커뉴", "cat": "음식", "sub": "비알코올 ", "addr": "전남광주통합특별시 동구 백서로 211", "alt": "", "src": "store" }, "geometry": { "type": "Point", "coordinates": [ 126.925871, 35.146713 ] } },
{ "type": "Feature", "properties": { "name": "모후모후", "cat": "소매", "sub": "오락용품 소매", "addr": "전남광주통합특별시 동구 동명로 41-2", "alt": "", "src": "store" }, "geometry": { "type": "Point", "coordinates": [ 126.925296, 35.151724 ] } },
{ "type": "Feature", "properties": { "name": "목마찻집", "cat": "음식", "sub": "비알코올 ", "addr": "전남광주통합특별시 동구 구성로 221-1", "alt": "", "src": "store" }, "geometry": { "type": "Point", "coordinates": [ 126.915986, 35.154981 ] } },
{ "type": "Feature", "properties": { "name": "목우정육점", "cat": "소매", "sub": "식료품 소매", "addr": "전남광주통합특별시 동구 구성로 200", "alt": "", "src": "store" }, "geometry": { "type": "Point", "coordinates": [ 126.914539, 35.153258 ] } },
{ "type": "Feature", "properties": { "name": "목하식당", "cat": "음식", "sub": "한식", "addr": "전남광주통합특별시 동구 동명로25번길 6", "alt": "", "src": "store" }, "geometry": { "type": "Point", "coordinates": [ 126.923079, 35.151578 ] } },
{ "type": "Feature", "properties": { "name": "목화밭", "cat": "음식", "sub": "중식", "addr": "전남광주통합특별시 동구 필문대로205번길 19-13", "alt": "", "src": "store" }, "geometry": { "type": "Point", "coordinates": [ 126.932977, 35.152621 ] } },
{ "type": "Feature", "properties": { "name": "몰디브", "cat": "숙박", "sub": "일반 숙박", "addr": "전남광주통합특별시 동구 제봉로222번길 6-5", "alt": "", "src": "store" }, "geometry": { "type": "Point", "coordinates": [ 126.914383, 35.155241 ] } },
{ "type": "Feature", "properties": { "name": "몽우", "cat": "교육", "sub": "기타 교육", "addr": "전남광주통합특별시 동구 동계천로 68", "alt": "", "src": "store" }, "geometry": { "type": "Point", "coordinates": [ 126.918764, 35.153315 ] } },
{ "type": "Feature", "properties": { "name": "무공해", "cat": "음식", "sub": "서양식", "addr": "전남광주통합특별시 동구 필문대로 279", "alt": "", "src": "store" }, "geometry": { "type": "Point", "coordinates": [ 126.927561, 35.146443 ] } },
{ "type": "Feature", "properties": { "name": "무궁화떡집", "cat": "음식", "sub": "기타 간이", "addr": "전남광주통합특별시 동구 제봉로184번길 10", "alt": "", "src": "store" }, "geometry": { "type": "Point", "coordinates": [ 126.918007, 35.153216 ] } },
{ "type": "Feature", "properties": { "name": "무등돈", "cat": "음식", "sub": "한식", "addr": "전남광주통합특별시 동구 제봉로 116", "alt": "", "src": "store" }, "geometry": { "type": "Point", "coordinates": [ 126.922237, 35.148712 ] } },
{ "type": "Feature", "properties": { "name": "무등레져", "cat": "소매", "sub": "오락용품 소매", "addr": "전남광주통합특별시 동구 제봉로 191-1", "alt": "", "src": "store" }, "geometry": { "type": "Point", "coordinates": [ 126.916141, 35.153151 ] } },
{ "type": "Feature", "properties": { "name": "무등레지던스", "cat": "숙박", "sub": "일반 숙박", "addr": "전남광주통합특별시 동구 동계천로6번길 14-1", "alt": "", "src": "store" }, "geometry": { "type": "Point", "coordinates": [ 126.91367, 35.155385 ] } },
{ "type": "Feature", "properties": { "name": "무등산갤러리", "cat": "소매", "sub": "장식품 소매", "addr": "전남광주통합특별시 동구 경양로 279", "alt": "", "src": "store" }, "geometry": { "type": "Point", "coordinates": [ 126.9202, 35.155083 ] } },
{ "type": "Feature", "properties": { "name": "무등실사그래픽", "cat": "과학·기술", "sub": "인쇄·제품제작", "addr": "전남광주통합특별시 동구 구성로204번길 15-5", "alt": "", "src": "store" }, "geometry": { "type": "Point", "coordinates": [ 126.915867, 35.153043 ] } },
{ "type": "Feature", "properties": { "name": "무등전자", "cat": "소매", "sub": "가전·통신 소매", "addr": "전남광주통합특별시 동구 독립로264번길 25", "alt": "", "src": "store" }, "geometry": { "type": "Point", "coordinates": [ 126.913661, 35.153456 ] } },
{ "type": "Feature", "properties": { "name": "무등콩물국수", "cat": "음식", "sub": "한식", "addr": "전남광주통합특별시 동구 지호로 21", "alt": "", "src": "store" }, "geometry": { "type": "Point", "coordinates": [ 126.931488, 35.14851 ] } },
{ "type": "Feature", "properties": { "name": "무성당", "cat": "소매", "sub": "안경·정밀기기 소매", "addr": "전남광주통합특별시 동구 제봉로 213", "alt": "", "src": "store" }, "geometry": { "type": "Point", "coordinates": [ 126.914165, 35.154367 ] } },
{ "type": "Feature", "properties": { "name": "무진AV상사", "cat": "소매", "sub": "가전·통신 소매", "addr": "전남광주통합특별시 동구 제봉로 216", "alt": "", "src": "store" }, "geometry": { "type": "Point", "coordinates": [ 126.914505, 35.154646 ] } },
{ "type": "Feature", "properties": { "name": "무진기획", "cat": "시설관리·임대", "sub": "기타 사업 서비스", "addr": "전남광주통합특별시 동구 동계천로 105", "alt": "", "src": "store" }, "geometry": { "type": "Point", "coordinates": [ 126.922168, 35.151353 ] } },
{ "type": "Feature", "properties": { "name": "무진아트페이스A", "cat": "소매", "sub": "장식품 소매", "addr": "전남광주통합특별시 동구 동계천로53번길 8-9", "alt": "", "src": "store" }, "geometry": { "type": "Point", "coordinates": [ 126.918829, 35.154478 ] } },
{ "type": "Feature", "properties": { "name": "문광", "cat": "음식", "sub": "한식", "addr": "전남광주통합특별시 동구 장동로 23-43", "alt": "", "src": "store" }, "geometry": { "type": "Point", "coordinates": [ 126.924673, 35.14874 ] } },
{ "type": "Feature", "properties": { "name": "문어의꿈", "cat": "소매", "sub": "종합 소매", "addr": "전남광주통합특별시 동구 경양로 234", "alt": "", "src": "store" }, "geometry": { "type": "Point", "coordinates": [ 126.916841, 35.15591 ] } },
{ "type": "Feature", "properties": { "name": "문하우스", "cat": "숙박", "sub": "일반 숙박", "addr": "전남광주통합특별시 동구 동계로1번길 14-10", "alt": "", "src": "store" }, "geometry": { "type": "Point", "coordinates": [ 126.922946, 35.152606 ] } },
{ "type": "Feature", "properties": { "name": "문화관광여행사주", "cat": "시설관리·임대", "sub": "여행사·보조", "addr": "전남광주통합특별시 동구 구성로194번길 5", "alt": "", "src": "store" }, "geometry": { "type": "Point", "coordinates": [ 126.914551, 35.152681 ] } },
{ "type": "Feature", "properties": { "name": "물개성인용품", "cat": "소매", "sub": "기타 상품 소매", "addr": "전남광주통합특별시 동구 구성로 184-3", "alt": "", "src": "store" }, "geometry": { "type": "Point", "coordinates": [ 126.913366, 35.152275 ] } },
{ "type": "Feature", "properties": { "name": "미가", "cat": "음식", "sub": "한식", "addr": "전남광주통합특별시 동구 제봉로190번길 1-5", "alt": "", "src": "store" }, "geometry": { "type": "Point", "coordinates": [ 126.916734, 35.153521 ] } },
{ "type": "Feature", "properties": { "name": "미남스", "cat": "수리·개인", "sub": "이용·미용", "addr": "전남광주통합특별시 동구 지산로 82", "alt": "", "src": "store" }, "geometry": { "type": "Point", "coordinates": [ 126.933253, 35.151089 ] } },
{ "type": "Feature", "properties": { "name": "미네byoboeru", "cat": "음식", "sub": "한식", "addr": "전남광주통합특별시 동구 동명로26번길 3", "alt": "", "src": "store" }, "geometry": { "type": "Point", "coordinates": [ 126.924023, 35.151282 ] } },
{ "type": "Feature", "properties": { "name": "미노", "cat": "소매", "sub": "장식품 소매", "addr": "전남광주통합특별시 동구 동계로15번길 20-4", "alt": "", "src": "store" }, "geometry": { "type": "Point", "coordinates": [ 126.922868, 35.154309 ] } },
{ "type": "Feature", "properties": { "name": "미노라멘", "cat": "음식", "sub": "일식", "addr": "전남광주통합특별시 동구 동계로10번길 14", "alt": "", "src": "store" }, "geometry": { "type": "Point", "coordinates": [ 126.925679, 35.152427 ] } },
{ "type": "Feature", "properties": { "name": "미노루", "cat": "음식", "sub": "주점", "addr": "전남광주통합특별시 동구 동명로25번길 7-2", "alt": "", "src": "store" }, "geometry": { "type": "Point", "coordinates": [ 126.922849, 35.151479 ] } },
{ "type": "Feature", "properties": { "name": "미니스톱", "cat": "소매", "sub": "종합 소매", "addr": "전남광주통합특별시 동구 동계천로 85", "alt": "", "src": "store" }, "geometry": { "type": "Point", "coordinates": [ 126.920499, 35.152424 ] } },
{ "type": "Feature", "properties": { "name": "미니스톱지산한아름점", "cat": "소매", "sub": "종합 소매", "addr": "전남광주통합특별시 동구 필문대로205번길 18", "alt": "", "src": "store" }, "geometry": { "type": "Point", "coordinates": [ 126.932945, 35.151927 ] } },
{ "type": "Feature", "properties": { "name": "미도사", "cat": "수리·개인", "sub": "기타 가정용품 수리", "addr": "전남광주통합특별시 동구 밤실로20번길 8", "alt": "", "src": "store" }, "geometry": { "type": "Point", "coordinates": [ 126.937765, 35.149252 ] } },
{ "type": "Feature", "properties": { "name": "미딩샤브", "cat": "음식", "sub": "일식", "addr": "전남광주통합특별시 동구 동계천로 151-17", "alt": "", "src": "store" }, "geometry": { "type": "Point", "coordinates": [ 126.925715, 35.149588 ] } },
{ "type": "Feature", "properties": { "name": "미래공인중개사사무소", "cat": "부동산", "sub": "부동산 서비스", "addr": "전남광주통합특별시 동구 준법로 32-2", "alt": "", "src": "store" }, "geometry": { "type": "Point", "coordinates": [ 126.936349, 35.149134 ] } },
{ "type": "Feature", "properties": { "name": "미래는디자인스튜디오", "cat": "과학·기술", "sub": "전문 디자인", "addr": "전남광주통합특별시 동구 지산로 86-1", "alt": "", "src": "store" }, "geometry": { "type": "Point", "coordinates": [ 126.933275, 35.151413 ] } },
{ "type": "Feature", "properties": { "name": "미래로공인중개사사무소", "cat": "부동산", "sub": "부동산 서비스", "addr": "전남광주통합특별시 동구 밤실로30번길 11", "alt": "", "src": "store" }, "geometry": { "type": "Point", "coordinates": [ 126.93851, 35.150533 ] } },
{ "type": "Feature", "properties": { "name": "미리아드", "cat": "음식", "sub": "비알코올 ", "addr": "전남광주통합특별시 동구 동계천로 135", "alt": "", "src": "store" }, "geometry": { "type": "Point", "coordinates": [ 126.924508, 35.149497 ] } },
{ "type": "Feature", "properties": { "name": "미림장여관", "cat": "숙박", "sub": "일반 숙박", "addr": "전남광주통합특별시 동구 동계천로6번길 12-1", "alt": "", "src": "store" }, "geometry": { "type": "Point", "coordinates": [ 126.913527, 35.155529 ] } },
{ "type": "Feature", "properties": { "name": "미림푸드", "cat": "음식", "sub": "비알코올 ", "addr": "전남광주통합특별시 동구 동계천로6번길 12-1", "alt": "", "src": "store" }, "geometry": { "type": "Point", "coordinates": [ 126.913527, 35.155529 ] } },
{ "type": "Feature", "properties": { "name": "미미붕", "cat": "음식", "sub": "기타 간이", "addr": "전남광주통합특별시 동구 동명로67번길 17-1", "alt": "", "src": "store" }, "geometry": { "type": "Point", "coordinates": [ 126.9267, 35.152446 ] } },
{ "type": "Feature", "properties": { "name": "미미원", "cat": "음식", "sub": "한식", "addr": "전남광주통합특별시 동구 백서로 218", "alt": "", "src": "store" }, "geometry": { "type": "Point", "coordinates": [ 126.926562, 35.147038 ] } },
{ "type": "Feature", "properties": { "name": "미샤", "cat": "소매", "sub": "섬유·의복·신발 소매", "addr": "전남광주통합특별시 동구 독립로 268", "alt": "", "src": "store" }, "geometry": { "type": "Point", "coordinates": [ 126.912178, 35.154555 ] } },
{ "type": "Feature", "properties": { "name": "미성사", "cat": "소매", "sub": "철물·건설자재 소매", "addr": "전남광주통합특별시 동구 중앙로 260", "alt": "", "src": "store" }, "geometry": { "type": "Point", "coordinates": [ 126.920892, 35.154894 ] } },
{ "type": "Feature", "properties": { "name": "미소리", "cat": "숙박", "sub": "일반 숙박", "addr": "전남광주통합특별시 동구 동명로67번길 14-1", "alt": "", "src": "store" }, "geometry": { "type": "Point", "coordinates": [ 126.927271, 35.152302 ] } },
{ "type": "Feature", "properties": { "name": "미술", "cat": "음식", "sub": "한식", "addr": "전남광주통합특별시 동구 제봉로 120-3", "alt": "", "src": "store" }, "geometry": { "type": "Point", "coordinates": [ 126.922357, 35.148991 ] } },
{ "type": "Feature", "properties": { "name": "미스터홈즈부동산공인중개사사무소광주북동센터", "cat": "부동산", "sub": "부동산 서비스", "addr": "전남광주통합특별시 북구 독립로 275", "alt": "", "src": "store" }, "geometry": { "type": "Point", "coordinates": [ 126.911914, 35.155537 ] } },
{ "type": "Feature", "properties": { "name": "미스티컬케이크하우스", "cat": "음식", "sub": "기타 간이", "addr": "전남광주통합특별시 동구 동명로 41", "alt": "", "src": "store" }, "geometry": { "type": "Point", "coordinates": [ 126.925142, 35.151751 ] } },
{ "type": "Feature", "properties": { "name": "미용실님", "cat": "수리·개인", "sub": "이용·미용", "addr": "전남광주통합특별시 동구 필문대로273번길 2-1", "alt": "", "src": "store" }, "geometry": { "type": "Point", "coordinates": [ 126.927835, 35.146678 ] } },
{ "type": "Feature", "properties": { "name": "미용중고가구광주사", "cat": "소매", "sub": "중고 상품 소매", "addr": "전남광주통합특별시 동구 필문대로 222-2", "alt": "", "src": "store" }, "geometry": { "type": "Point", "coordinates": [ 126.930191, 35.151276 ] } },
{ "type": "Feature", "properties": { "name": "미유제면소", "cat": "음식", "sub": "일식", "addr": "전남광주통합특별시 동구 제봉로 140", "alt": "", "src": "store" }, "geometry": { "type": "Point", "coordinates": [ 126.921072, 35.15045 ] } },
{ "type": "Feature", "properties": { "name": "민들레", "cat": "소매", "sub": "섬유·의복·신발 소매", "addr": "전남광주통합특별시 동구 동계로 15", "alt": "", "src": "store" }, "geometry": { "type": "Point", "coordinates": [ 126.924208, 35.153075 ] } },
{ "type": "Feature", "properties": { "name": "민원24 주식회사", "cat": "과학·기술", "sub": "법무관련 ", "addr": "전남광주통합특별시 동구 동명로98번길 7-23", "alt": "", "src": "store" }, "geometry": { "type": "Point", "coordinates": [ 126.932244, 35.150178 ] } },
{ "type": "Feature", "properties": { "name": "민제컴퓨터", "cat": "소매", "sub": "가전·통신 소매", "addr": "전남광주통합특별시 동구 독립로264번길 25", "alt": "", "src": "store" }, "geometry": { "type": "Point", "coordinates": [ 126.913661, 35.153456 ] } },
{ "type": "Feature", "properties": { "name": "민주네댕기머리", "cat": "수리·개인", "sub": "이용·미용", "addr": "전남광주통합특별시 동구 동계천로95번길 27", "alt": "", "src": "store" }, "geometry": { "type": "Point", "coordinates": [ 126.921661, 35.153606 ] } },
{ "type": "Feature", "properties": { "name": "민주라인", "cat": "소매", "sub": "오락용품 소매", "addr": "전남광주통합특별시 동구 동계천로 57", "alt": "", "src": "store" }, "geometry": { "type": "Point", "coordinates": [ 126.918182, 35.154108 ] } },
{ "type": "Feature", "properties": { "name": "믿을윤공인중개사사무소", "cat": "부동산", "sub": "부동산 서비스", "addr": "전남광주통합특별시 동구 구성로 219-1", "alt": "", "src": "store" }, "geometry": { "type": "Point", "coordinates": [ 126.915887, 35.154846 ] } },
{ "type": "Feature", "properties": { "name": "믿음가는부동산중개", "cat": "부동산", "sub": "부동산 서비스", "addr": "전남광주통합특별시 동구 지산로 75-1", "alt": "", "src": "store" }, "geometry": { "type": "Point", "coordinates": [ 126.933001, 35.150503 ] } },
{ "type": "Feature", "properties": { "name": "밀물", "cat": "음식", "sub": "일식", "addr": "전남광주통합특별시 동구 백서로 221", "alt": "", "src": "store" }, "geometry": { "type": "Point", "coordinates": [ 126.926562, 35.147597 ] } },
{ "type": "Feature", "properties": { "name": "밀키샵", "cat": "음식", "sub": "일식", "addr": "전남광주통합특별시 동구 동명로 45-1", "alt": "", "src": "store" }, "geometry": { "type": "Point", "coordinates": [ 126.925493, 35.151715 ] } },
{ "type": "Feature", "properties": { "name": "바나타이거광주", "cat": "음식", "sub": "비알코올 ", "addr": "전남광주통합특별시 동구 필문대로273번길 4", "alt": "", "src": "store" }, "geometry": { "type": "Point", "coordinates": [ 126.928033, 35.146624 ] } },
{ "type": "Feature", "properties": { "name": "바다양푼이동태탕", "cat": "음식", "sub": "한식", "addr": "전남광주통합특별시 동구 필문대로205번길 23", "alt": "", "src": "store" }, "geometry": { "type": "Point", "coordinates": [ 126.933658, 35.152053 ] } },
{ "type": "Feature", "properties": { "name": "바람난임금님쌍화탕", "cat": "음식", "sub": "기타 간이", "addr": "전남광주통합특별시 동구 계림로 16-1", "alt": "", "src": "store" }, "geometry": { "type": "Point", "coordinates": [ 126.922296, 35.155391 ] } },
{ "type": "Feature", "properties": { "name": "바로존광주점", "cat": "소매", "sub": "오락용품 소매", "addr": "전남광주통합특별시 동구 동계로 8", "alt": "", "src": "store" }, "geometry": { "type": "Point", "coordinates": [ 126.924428, 35.152336 ] } },
{ "type": "Feature", "properties": { "name": "바로티나헤어", "cat": "수리·개인", "sub": "이용·미용", "addr": "전남광주통합특별시 동구 필문대로218번길 4-26", "alt": "", "src": "store" }, "geometry": { "type": "Point", "coordinates": [ 126.929597, 35.152664 ] } },
{ "type": "Feature", "properties": { "name": "바른", "cat": "과학·기술", "sub": "본사·경영 컨설팅", "addr": "전남광주통합특별시 동구 필문대로 235", "alt": "", "src": "store" }, "geometry": { "type": "Point", "coordinates": [ 126.929983, 35.149933 ] } },
{ "type": "Feature", "properties": { "name": "바른여행", "cat": "시설관리·임대", "sub": "여행사·보조", "addr": "전남광주통합특별시 동구 동명로 57", "alt": "", "src": "store" }, "geometry": { "type": "Point", "coordinates": [ 126.926832, 35.151464 ] } },
{ "type": "Feature", "properties": { "name": "바버로", "cat": "수리·개인", "sub": "이용·미용", "addr": "전남광주통합특별시 동구 백서로224번길 8-8", "alt": "", "src": "store" }, "geometry": { "type": "Point", "coordinates": [ 126.927527, 35.14757 ] } },
{ "type": "Feature", "properties": { "name": "바베", "cat": "음식", "sub": "비알코올 ", "addr": "전남광주통합특별시 동구 동명로 98", "alt": "", "src": "store" }, "geometry": { "type": "Point", "coordinates": [ 126.930992, 35.150709 ] } },
{ "type": "Feature", "properties": { "name": "바별카튜닝", "cat": "수리·개인", "sub": "자동차 수리·세차", "addr": "전남광주통합특별시 동구 필문대로 251", "alt": "", "src": "store" }, "geometry": { "type": "Point", "coordinates": [ 126.929194, 35.148644 ] } },
{ "type": "Feature", "properties": { "name": "바이민s", "cat": "소매", "sub": "식물 소매", "addr": "전남광주통합특별시 동구 필문대로273번길 9", "alt": "", "src": "store" }, "geometry": { "type": "Point", "coordinates": [ 126.92868, 35.146552 ] } },
{ "type": "Feature", "properties": { "name": "바칼롯데광주점", "cat": "음식", "sub": "한식", "addr": "전남광주통합특별시 동구 독립로 268", "alt": "", "src": "store" }, "geometry": { "type": "Point", "coordinates": [ 126.912178, 35.154555 ] } },
{ "type": "Feature", "properties": { "name": "박남승법무사", "cat": "과학·기술", "sub": "법무관련 ", "addr": "전남광주통합특별시 동구 동명로 110", "alt": "", "src": "store" }, "geometry": { "type": "Point", "coordinates": [ 126.932595, 35.150394 ] } },
{ "type": "Feature", "properties": { "name": "박도하법률사무소", "cat": "과학·기술", "sub": "법무관련 ", "addr": "전남광주통합특별시 동구 밤실로 50", "alt": "", "src": "store" }, "geometry": { "type": "Point", "coordinates": [ 126.936577, 35.152082 ] } },
{ "type": "Feature", "properties": { "name": "박명숙미용실", "cat": "수리·개인", "sub": "이용·미용", "addr": "전남광주통합특별시 동구 구성로 212-1", "alt": "", "src": "store" }, "geometry": { "type": "Point", "coordinates": [ 126.915504, 35.154169 ] } },
{ "type": "Feature", "properties": { "name": "박미용실", "cat": "수리·개인", "sub": "이용·미용", "addr": "전남광주통합특별시 동구 금남로169번길 6-7", "alt": "", "src": "store" }, "geometry": { "type": "Point", "coordinates": [ 126.912278, 35.153112 ] } },
{ "type": "Feature", "properties": { "name": "박석순변호사", "cat": "과학·기술", "sub": "법무관련 ", "addr": "전남광주통합특별시 동구 동명로 115", "alt": "", "src": "store" }, "geometry": { "type": "Point", "coordinates": [ 126.932979, 35.150863 ] } },
{ "type": "Feature", "properties": { "name": "박선생교육문화원주", "cat": "교육", "sub": "일반 교육", "addr": "전남광주통합특별시 동구 동계천로 147", "alt": "", "src": "store" }, "geometry": { "type": "Point", "coordinates": [ 126.925375, 35.148912 ] } },
{ "type": "Feature", "properties": { "name": "박용연법무사사무소", "cat": "과학·기술", "sub": "법무관련 ", "addr": "전남광주통합특별시 동구 동명로 102", "alt": "", "src": "store" }, "geometry": { "type": "Point", "coordinates": [ 126.931453, 35.150646 ] } },
{ "type": "Feature", "properties": { "name": "박종효법무사무소", "cat": "과학·기술", "sub": "법무관련 ", "addr": "전남광주통합특별시 동구 동명로98번길 1", "alt": "", "src": "store" }, "geometry": { "type": "Point", "coordinates": [ 126.931278, 35.150682 ] } },
{ "type": "Feature", "properties": { "name": "박창식법률사무소", "cat": "과학·기술", "sub": "법무관련 ", "addr": "전남광주통합특별시 동구 준법로 7-7", "alt": "", "src": "store" }, "geometry": { "type": "Point", "coordinates": [ 126.933704, 35.150016 ] } },
{ "type": "Feature", "properties": { "name": "박춘자쪽갈비", "cat": "음식", "sub": "한식", "addr": "전남광주통합특별시 동구 동계천로 151-9", "alt": "", "src": "store" }, "geometry": { "type": "Point", "coordinates": [ 126.925759, 35.149381 ] } },
{ "type": "Feature", "properties": { "name": "박출수법무사", "cat": "과학·기술", "sub": "법무관련 ", "addr": "전남광주통합특별시 동구 동명로98번길 7-23", "alt": "", "src": "store" }, "geometry": { "type": "Point", "coordinates": [ 126.932244, 35.150178 ] } },
{ "type": "Feature", "properties": { "name": "박하헤어", "cat": "수리·개인", "sub": "이용·미용", "addr": "전남광주통합특별시 동구 구성로 228", "alt": "", "src": "store" }, "geometry": { "type": "Point", "coordinates": [ 126.9166, 35.155144 ] } },
{ "type": "Feature", "properties": { "name": "반도", "cat": "음식", "sub": "한식", "addr": "전남광주통합특별시 동구 독립로264번길 25", "alt": "", "src": "store" }, "geometry": { "type": "Point", "coordinates": [ 126.913661, 35.153456 ] } },
{ "type": "Feature", "properties": { "name": "반도식당", "cat": "음식", "sub": "한식", "addr": "전남광주통합특별시 동구 구성로 194-1", "alt": "", "src": "store" }, "geometry": { "type": "Point", "coordinates": [ 126.914155, 35.152943 ] } },
{ "type": "Feature", "properties": { "name": "반드시고시텔", "cat": "숙박", "sub": "기타 숙박", "addr": "전남광주통합특별시 동구 제봉로138번길 5", "alt": "", "src": "store" }, "geometry": { "type": "Point", "coordinates": [ 126.921544, 35.150487 ] } },
{ "type": "Feature", "properties": { "name": "반주", "cat": "음식", "sub": "한식", "addr": "전남광주통합특별시 동구 동명로 9", "alt": "", "src": "store" }, "geometry": { "type": "Point", "coordinates": [ 126.922729, 35.15019 ] } },
{ "type": "Feature", "properties": { "name": "발루토커피", "cat": "음식", "sub": "비알코올 ", "addr": "전남광주통합특별시 동구 동계로 6", "alt": "", "src": "store" }, "geometry": { "type": "Point", "coordinates": [ 126.924362, 35.152237 ] } },
{ "type": "Feature", "properties": { "name": "발리뮤직홀", "cat": "음식", "sub": "주점", "addr": "전남광주통합특별시 동구 구성로 219", "alt": "", "src": "store" }, "geometry": { "type": "Point", "coordinates": [ 126.915789, 35.154827 ] } },
{ "type": "Feature", "properties": { "name": "발사랑", "cat": "소매", "sub": "섬유·의복·신발 소매", "addr": "전남광주통합특별시 동구 동명로 71", "alt": "", "src": "store" }, "geometry": { "type": "Point", "coordinates": [ 126.928358, 35.151131 ] } },
{ "type": "Feature", "properties": { "name": "발해그래픽스", "cat": "과학·기술", "sub": "전문 디자인", "addr": "전남광주통합특별시 동구 동명로25번길 13-2", "alt": "", "src": "store" }, "geometry": { "type": "Point", "coordinates": [ 126.922146, 35.151677 ] } },
{ "type": "Feature", "properties": { "name": "밝은", "cat": "음식", "sub": "비알코올 ", "addr": "전남광주통합특별시 동구 동계로 15", "alt": "", "src": "store" }, "geometry": { "type": "Point", "coordinates": [ 126.924208, 35.153075 ] } },
{ "type": "Feature", "properties": { "name": "밤실골국밥", "cat": "음식", "sub": "한식", "addr": "전남광주통합특별시 동구 지호로 29", "alt": "", "src": "store" }, "geometry": { "type": "Point", "coordinates": [ 126.932289, 35.14824 ] } },
{ "type": "Feature", "properties": { "name": "밤실식당", "cat": "음식", "sub": "한식", "addr": "전남광주통합특별시 동구 밤실로30번길 1", "alt": "", "src": "store" }, "geometry": { "type": "Point", "coordinates": [ 126.937303, 35.150253 ] } },
{ "type": "Feature", "properties": { "name": "밥묵자술도한잔", "cat": "음식", "sub": "한식", "addr": "전남광주통합특별시 동구 필문대로205번길 25-2", "alt": "", "src": "store" }, "geometry": { "type": "Point", "coordinates": [ 126.933867, 35.152054 ] } },
{ "type": "Feature", "properties": { "name": "밥사랑술사랑", "cat": "음식", "sub": "한식", "addr": "전남광주통합특별시 동구 필문대로287번길 8", "alt": "", "src": "store" }, "geometry": { "type": "Point", "coordinates": [ 126.927782, 35.145488 ] } },
{ "type": "Feature", "properties": { "name": "밥상위에생선", "cat": "소매", "sub": "식료품 소매", "addr": "전남광주통합특별시 동구 동계천로 57", "alt": "", "src": "store" }, "geometry": { "type": "Point", "coordinates": [ 126.918182, 35.154108 ] } },
{ "type": "Feature", "properties": { "name": "밥카페", "cat": "음식", "sub": "한식", "addr": "전남광주통합특별시 동구 제봉로 145", "alt": "", "src": "store" }, "geometry": { "type": "Point", "coordinates": [ 126.920084, 35.150504 ] } },
{ "type": "Feature", "properties": { "name": "방축마을", "cat": "음식", "sub": "한식", "addr": "전남광주통합특별시 동구 장동로 23-49", "alt": "", "src": "store" }, "geometry": { "type": "Point", "coordinates": [ 126.924409, 35.14892 ] } },
{ "type": "Feature", "properties": { "name": "배꼽시계", "cat": "음식", "sub": "한식", "addr": "전남광주통합특별시 동구 구성로 187-1", "alt": "", "src": "store" }, "geometry": { "type": "Point", "coordinates": [ 126.913343, 35.152681 ] } },
{ "type": "Feature", "properties": { "name": "배떡조대점", "cat": "음식", "sub": "기타 간이", "addr": "전남광주통합특별시 동구 지산로 62", "alt": "", "src": "store" }, "geometry": { "type": "Point", "coordinates": [ 126.933046, 35.149115 ] } },
{ "type": "Feature", "properties": { "name": "배웅", "cat": "음식", "sub": "한식", "addr": "전남광주통합특별시 동구 동명로 33-5", "alt": "", "src": "store" }, "geometry": { "type": "Point", "coordinates": [ 126.924341, 35.152129 ] } },
{ "type": "Feature", "properties": { "name": "백경", "cat": "소매", "sub": "섬유·의복·신발 소매", "addr": "전남광주통합특별시 동구 중앙로 243-2", "alt": "", "src": "store" }, "geometry": { "type": "Point", "coordinates": [ 126.919686, 35.153866 ] } },
{ "type": "Feature", "properties": { "name": "백두대간", "cat": "음식", "sub": "주점", "addr": "전남광주통합특별시 동구 제봉로222번길 5", "alt": "", "src": "store" }, "geometry": { "type": "Point", "coordinates": [ 126.914054, 35.155511 ] } },
{ "type": "Feature", "properties": { "name": "백림제화", "cat": "소매", "sub": "섬유·의복·신발 소매", "addr": "전남광주통합특별시 동구 구성로194번길 15", "alt": "", "src": "store" }, "geometry": { "type": "Point", "coordinates": [ 126.915221, 35.152222 ] } },
{ "type": "Feature", "properties": { "name": "백상경영연구소", "cat": "과학·기술", "sub": "본사·경영 컨설팅", "addr": "전남광주통합특별시 동구 제봉로158번길 11-5", "alt": "", "src": "store" }, "geometry": { "type": "Point", "coordinates": [ 126.919918, 35.152297 ] } },
{ "type": "Feature", "properties": { "name": "백식", "cat": "음식", "sub": "일식", "addr": "전남광주통합특별시 동구 동명로20번길 17-6", "alt": "", "src": "store" }, "geometry": { "type": "Point", "coordinates": [ 126.925604, 35.150751 ] } },
{ "type": "Feature", "properties": { "name": "백탄돈구이", "cat": "음식", "sub": "한식", "addr": "전남광주통합특별시 동구 동계천로 10", "alt": "", "src": "store" }, "geometry": { "type": "Point", "coordinates": [ 126.913888, 35.15634 ] } },
{ "type": "Feature", "properties": { "name": "백팩커피", "cat": "음식", "sub": "비알코올 ", "addr": "전남광주통합특별시 동구 필문대로192번길 18-2", "alt": "", "src": "store" }, "geometry": { "type": "Point", "coordinates": [ 126.929541, 35.153592 ] } },
{ "type": "Feature", "properties": { "name": "버거리광주동", "cat": "음식", "sub": "기타 간이", "addr": "전남광주통합특별시 동구 동명로 8", "alt": "", "src": "store" }, "geometry": { "type": "Point", "coordinates": [ 126.922905, 35.149947 ] } },
{ "type": "Feature", "properties": { "name": "버팀목공동체사회적협동조합", "cat": "교육", "sub": "교육 지원", "addr": "전남광주통합특별시 동구 동명로 110", "alt": "", "src": "store" }, "geometry": { "type": "Point", "coordinates": [ 126.932595, 35.150394 ] } },
{ "type": "Feature", "properties": { "name": "번역/통역서비스업", "cat": "과학·기술", "sub": "기타 전문 과학", "addr": "전남광주통합특별시 동구 필문대로253번길 21-8", "alt": "", "src": "store" }, "geometry": { "type": "Point", "coordinates": [ 126.931181, 35.148059 ] } },
{ "type": "Feature", "properties": { "name": "벌크커피계림", "cat": "음식", "sub": "비알코올 ", "addr": "전남광주통합특별시 동구 경양로 234", "alt": "", "src": "store" }, "geometry": { "type": "Point", "coordinates": [ 126.915864, 35.155702 ] } },
{ "type": "Feature", "properties": { "name": "법률사무소광산", "cat": "과학·기술", "sub": "법무관련 ", "addr": "전남광주통합특별시 동구 지산로63번길 2", "alt": "", "src": "store" }, "geometry": { "type": "Point", "coordinates": [ 126.93287, 35.149673 ] } },
{ "type": "Feature", "properties": { "name": "법률사무소기원", "cat": "과학·기술", "sub": "법무관련 ", "addr": "전남광주통합특별시 동구 동명로 96", "alt": "", "src": "store" }, "geometry": { "type": "Point", "coordinates": [ 126.930839, 35.150691 ] } },
{ "type": "Feature", "properties": { "name": "법률사무소로담", "cat": "과학·기술", "sub": "법무관련 ", "addr": "전남광주통합특별시 동구 지산로63번길 2", "alt": "", "src": "store" }, "geometry": { "type": "Point", "coordinates": [ 126.93287, 35.149673 ] } },
{ "type": "Feature", "properties": { "name": "법률사무소명가변호사서명심", "cat": "과학·기술", "sub": "법무관련 ", "addr": "전남광주통합특별시 동구 지산로 70", "alt": "", "src": "store" }, "geometry": { "type": "Point", "coordinates": [ 126.933254, 35.149971 ] } },
{ "type": "Feature", "properties": { "name": "법률사무소영란", "cat": "과학·기술", "sub": "법무관련 ", "addr": "전남광주통합특별시 동구 지산로 73", "alt": "", "src": "store" }, "geometry": { "type": "Point", "coordinates": [ 126.932848, 35.150178 ] } },
{ "type": "Feature", "properties": { "name": "법률사무소좋은사람", "cat": "과학·기술", "sub": "법무관련 ", "addr": "전남광주통합특별시 동구 동명로 109", "alt": "", "src": "store" }, "geometry": { "type": "Point", "coordinates": [ 126.932529, 35.150926 ] } },
{ "type": "Feature", "properties": { "name": "법률사무소중평", "cat": "과학·기술", "sub": "법무관련 ", "addr": "전남광주통합특별시 동구 지산로63번길 2", "alt": "", "src": "store" }, "geometry": { "type": "Point", "coordinates": [ 126.93287, 35.149673 ] } },
{ "type": "Feature", "properties": { "name": "법률사무소홍해", "cat": "과학·기술", "sub": "법무관련 ", "addr": "전남광주통합특별시 동구 지산로 73", "alt": "", "src": "store" }, "geometry": { "type": "Point", "coordinates": [ 126.932848, 35.150178 ] } },
{ "type": "Feature", "properties": { "name": "법무법인21세기종합법률사무소", "cat": "과학·기술", "sub": "법무관련 ", "addr": "전남광주통합특별시 동구 동명로 101-1", "alt": "", "src": "store" }, "geometry": { "type": "Point", "coordinates": [ 126.931695, 35.151016 ] } },
{ "type": "Feature", "properties": { "name": "법무법인가현", "cat": "과학·기술", "sub": "법무관련 ", "addr": "전남광주통합특별시 동구 지산로85번길 11-9", "alt": "", "src": "store" }, "geometry": { "type": "Point", "coordinates": [ 126.9321, 35.151259 ] } },
{ "type": "Feature", "properties": { "name": "법무법인감동으로", "cat": "과학·기술", "sub": "법무관련 ", "addr": "전남광주통합특별시 동구 동명로 107", "alt": "", "src": "store" }, "geometry": { "type": "Point", "coordinates": [ 126.932276, 35.150926 ] } },
{ "type": "Feature", "properties": { "name": "법무법인감동으로분사무소", "cat": "과학·기술", "sub": "법무관련 ", "addr": "전남광주통합특별시 동구 지산로 73", "alt": "", "src": "store" }, "geometry": { "type": "Point", "coordinates": [ 126.932848, 35.150178 ] } },
{ "type": "Feature", "properties": { "name": "법무법인동명파트너스", "cat": "과학·기술", "sub": "법무관련 ", "addr": "전남광주통합특별시 동구 지산로 73", "alt": "", "src": "store" }, "geometry": { "type": "Point", "coordinates": [ 126.932848, 35.150178 ] } },
{ "type": "Feature", "properties": { "name": "법무법인라포", "cat": "과학·기술", "sub": "법무관련 ", "addr": "전남광주통합특별시 동구 지산로63번길 2", "alt": "", "src": "store" }, "geometry": { "type": "Point", "coordinates": [ 126.93287, 35.149673 ] } },
{ "type": "Feature", "properties": { "name": "법무법인로컴", "cat": "과학·기술", "sub": "법무관련 ", "addr": "전남광주통합특별시 동구 준법로 25", "alt": "", "src": "store" }, "geometry": { "type": "Point", "coordinates": [ 126.935899, 35.149459 ] } },
{ "type": "Feature", "properties": { "name": "법무법인로히어", "cat": "과학·기술", "sub": "법무관련 ", "addr": "전남광주통합특별시 동구 지산로 73", "alt": "", "src": "store" }, "geometry": { "type": "Point", "coordinates": [ 126.932848, 35.150178 ] } },
{ "type": "Feature", "properties": { "name": "법무법인맥", "cat": "과학·기술", "sub": "법무관련 ", "addr": "전남광주통합특별시 동구 동명로 106", "alt": "", "src": "store" }, "geometry": { "type": "Point", "coordinates": [ 126.932112, 35.150628 ] } },
{ "type": "Feature", "properties": { "name": "법무법인민", "cat": "과학·기술", "sub": "법무관련 ", "addr": "전남광주통합특별시 동구 지산로63번길 2", "alt": "", "src": "store" }, "geometry": { "type": "Point", "coordinates": [ 126.93287, 35.149673 ] } },
{ "type": "Feature", "properties": { "name": "법무법인민주로", "cat": "과학·기술", "sub": "법무관련 ", "addr": "전남광주통합특별시 동구 동명로 107", "alt": "", "src": "store" }, "geometry": { "type": "Point", "coordinates": [ 126.932276, 35.150926 ] } },
{ "type": "Feature", "properties": { "name": "법무법인바른길(지점)유한", "cat": "과학·기술", "sub": "법무관련 ", "addr": "전남광주통합특별시 동구 동명로 101-1", "alt": "", "src": "store" }, "geometry": { "type": "Point", "coordinates": [ 126.931695, 35.151016 ] } },
{ "type": "Feature", "properties": { "name": "법무법인법가", "cat": "과학·기술", "sub": "법무관련 ", "addr": "전남광주통합특별시 동구 지산로78번길 7", "alt": "", "src": "store" }, "geometry": { "type": "Point", "coordinates": [ 126.93378, 35.150801 ] } },
{ "type": "Feature", "properties": { "name": "법무법인빛고을종합법률사무소", "cat": "과학·기술", "sub": "법무관련 ", "addr": "전남광주통합특별시 동구 지산로78번길 3-1", "alt": "", "src": "store" }, "geometry": { "type": "Point", "coordinates": [ 126.933473, 35.150827 ] } },
{ "type": "Feature", "properties": { "name": "법무법인뿌리", "cat": "과학·기술", "sub": "법무관련 ", "addr": "전남광주통합특별시 동구 동명로 110", "alt": "", "src": "store" }, "geometry": { "type": "Point", "coordinates": [ 126.932595, 35.150394 ] } },
{ "type": "Feature", "properties": { "name": "법무법인서석", "cat": "과학·기술", "sub": "법무관련 ", "addr": "전남광주통합특별시 동구 동명로 110", "alt": "", "src": "store" }, "geometry": { "type": "Point", "coordinates": [ 126.932595, 35.150394 ] } },
{ "type": "Feature", "properties": { "name": "법무법인소리", "cat": "과학·기술", "sub": "법무관련 ", "addr": "전남광주통합특별시 동구 동명로 110", "alt": "", "src": "store" }, "geometry": { "type": "Point", "coordinates": [ 126.932595, 35.150394 ] } },
{ "type": "Feature", "properties": { "name": "법무법인송강광주분사무소", "cat": "과학·기술", "sub": "법무관련 ", "addr": "전남광주통합특별시 동구 동명로 110", "alt": "", "src": "store" }, "geometry": { "type": "Point", "coordinates": [ 126.932595, 35.150394 ] } },
{ "type": "Feature", "properties": { "name": "법무법인승지광주사무소", "cat": "과학·기술", "sub": "법무관련 ", "addr": "전남광주통합특별시 동구 지호로 26", "alt": "", "src": "store" }, "geometry": { "type": "Point", "coordinates": [ 126.931829, 35.14814 ] } },
{ "type": "Feature", "properties": { "name": "법무법인시율", "cat": "과학·기술", "sub": "법무관련 ", "addr": "전남광주통합특별시 동구 지산로 73", "alt": "", "src": "store" }, "geometry": { "type": "Point", "coordinates": [ 126.932848, 35.150178 ] } },
{ "type": "Feature", "properties": { "name": "법무법인아폴론(광주분사무소)", "cat": "과학·기술", "sub": "법무관련 ", "addr": "전남광주통합특별시 동구 지산로 70", "alt": "", "src": "store" }, "geometry": { "type": "Point", "coordinates": [ 126.933254, 35.149971 ] } },
{ "type": "Feature", "properties": { "name": "법무법인이우스", "cat": "과학·기술", "sub": "법무관련 ", "addr": "전남광주통합특별시 동구 동명로 99", "alt": "", "src": "store" }, "geometry": { "type": "Point", "coordinates": [ 126.931453, 35.150962 ] } },
{ "type": "Feature", "properties": { "name": "법무법인일이삼", "cat": "과학·기술", "sub": "법무관련 ", "addr": "전남광주통합특별시 동구 지산로 74-8", "alt": "", "src": "store" }, "geometry": { "type": "Point", "coordinates": [ 126.933638, 35.150133 ] } },
{ "type": "Feature", "properties": { "name": "법무법인제승광주사무소", "cat": "과학·기술", "sub": "법무관련 ", "addr": "전남광주통합특별시 동구 지산로63번길 2", "alt": "", "src": "store" }, "geometry": { "type": "Point", "coordinates": [ 126.93287, 35.149673 ] } },
{ "type": "Feature", "properties": { "name": "법무법인청명", "cat": "과학·기술", "sub": "법무관련 ", "addr": "전남광주통합특별시 동구 지산로 73", "alt": "", "src": "store" }, "geometry": { "type": "Point", "coordinates": [ 126.932848, 35.150178 ] } },
{ "type": "Feature", "properties": { "name": "법무법인태유광주분사무소", "cat": "과학·기술", "sub": "법무관련 ", "addr": "전남광주통합특별시 동구 지산로 74-8", "alt": "", "src": "store" }, "geometry": { "type": "Point", "coordinates": [ 126.933638, 35.150133 ] } },
{ "type": "Feature", "properties": { "name": "법무법인해태", "cat": "과학·기술", "sub": "법무관련 ", "addr": "전남광주통합특별시 동구 지산로63번길 2", "alt": "", "src": "store" }, "geometry": { "type": "Point", "coordinates": [ 126.93287, 35.149673 ] } },
{ "type": "Feature", "properties": { "name": "법무법인형제", "cat": "과학·기술", "sub": "법무관련 ", "addr": "전남광주통합특별시 동구 동명로 107", "alt": "", "src": "store" }, "geometry": { "type": "Point", "coordinates": [ 126.932276, 35.150926 ] } },
{ "type": "Feature", "properties": { "name": "법무사강은수사무소", "cat": "과학·기술", "sub": "법무관련 ", "addr": "전남광주통합특별시 동구 준법로 7-1", "alt": "", "src": "store" }, "geometry": { "type": "Point", "coordinates": [ 126.933693, 35.149719 ] } },
{ "type": "Feature", "properties": { "name": "법무사강익수사무소", "cat": "과학·기술", "sub": "법무관련 ", "addr": "전남광주통합특별시 동구 동명로 110", "alt": "", "src": "store" }, "geometry": { "type": "Point", "coordinates": [ 126.932595, 35.150394 ] } },
{ "type": "Feature", "properties": { "name": "법무사강판용사무소", "cat": "과학·기술", "sub": "법무관련 ", "addr": "전남광주통합특별시 동구 지산로 74-8", "alt": "", "src": "store" }, "geometry": { "type": "Point", "coordinates": [ 126.933638, 35.150133 ] } },
{ "type": "Feature", "properties": { "name": "법무사공정배.임준환합동사무소", "cat": "과학·기술", "sub": "법무관련 ", "addr": "전남광주통합특별시 동구 동명로 95", "alt": "", "src": "store" }, "geometry": { "type": "Point", "coordinates": [ 126.93108, 35.150988 ] } },
{ "type": "Feature", "properties": { "name": "법무사김경현사무소", "cat": "과학·기술", "sub": "법무관련 ", "addr": "전남광주통합특별시 동구 준법로 7-1", "alt": "", "src": "store" }, "geometry": { "type": "Point", "coordinates": [ 126.933693, 35.149719 ] } },
{ "type": "Feature", "properties": { "name": "법무사김미나사무소", "cat": "과학·기술", "sub": "법무관련 ", "addr": "전남광주통합특별시 동구 준법로 7-3", "alt": "", "src": "store" }, "geometry": { "type": "Point", "coordinates": [ 126.933704, 35.149818 ] } },
{ "type": "Feature", "properties": { "name": "법무사김성현사무소", "cat": "과학·기술", "sub": "법무관련 ", "addr": "전남광주통합특별시 동구 준법로 4", "alt": "", "src": "store" }, "geometry": { "type": "Point", "coordinates": [ 126.93343, 35.149331 ] } },
{ "type": "Feature", "properties": { "name": "법무사김순임사무소", "cat": "과학·기술", "sub": "법무관련 ", "addr": "전남광주통합특별시 동구 동명로 94", "alt": "", "src": "store" }, "geometry": { "type": "Point", "coordinates": [ 126.930707, 35.150709 ] } },
{ "type": "Feature", "properties": { "name": "법무사김영삼사무소", "cat": "과학·기술", "sub": "법무관련 ", "addr": "전남광주통합특별시 동구 지산로 74-8", "alt": "", "src": "store" }, "geometry": { "type": "Point", "coordinates": [ 126.933638, 35.150133 ] } },
{ "type": "Feature", "properties": { "name": "법무사김용선사무소", "cat": "과학·기술", "sub": "법무관련 ", "addr": "전남광주통합특별시 동구 동명로 115", "alt": "", "src": "store" }, "geometry": { "type": "Point", "coordinates": [ 126.932979, 35.150863 ] } },
{ "type": "Feature", "properties": { "name": "법무사김장수사무소", "cat": "과학·기술", "sub": "법무관련 ", "addr": "전남광주통합특별시 동구 지산로 74-8", "alt": "", "src": "store" }, "geometry": { "type": "Point", "coordinates": [ 126.933638, 35.150133 ] } },
{ "type": "Feature", "properties": { "name": "법무사김재길사무소", "cat": "과학·기술", "sub": "법무관련 ", "addr": "전남광주통합특별시 동구 지산로 83-2", "alt": "", "src": "store" }, "geometry": { "type": "Point", "coordinates": [ 126.932989, 35.151305 ] } },
{ "type": "Feature", "properties": { "name": "법무사김재정사무소", "cat": "과학·기술", "sub": "법무관련 ", "addr": "전남광주통합특별시 동구 동명로 110", "alt": "", "src": "store" }, "geometry": { "type": "Point", "coordinates": [ 126.932595, 35.150394 ] } },
{ "type": "Feature", "properties": { "name": "법무사김정학", "cat": "과학·기술", "sub": "법무관련 ", "addr": "전남광주통합특별시 동구 동명로 102-2", "alt": "", "src": "store" }, "geometry": { "type": "Point", "coordinates": [ 126.931596, 35.150664 ] } },
{ "type": "Feature", "properties": { "name": "법무사김주현사무소", "cat": "과학·기술", "sub": "법무관련 ", "addr": "전남광주통합특별시 동구 지산로 88", "alt": "", "src": "store" }, "geometry": { "type": "Point", "coordinates": [ 126.933253, 35.151485 ] } },
{ "type": "Feature", "properties": { "name": "법무사나광수사무소", "cat": "과학·기술", "sub": "법무관련 ", "addr": "전남광주통합특별시 동구 동명로 110", "alt": "", "src": "store" }, "geometry": { "type": "Point", "coordinates": [ 126.932595, 35.150394 ] } },
{ "type": "Feature", "properties": { "name": "법무사노덕생사무소", "cat": "과학·기술", "sub": "법무관련 ", "addr": "전남광주통합특별시 동구 준법로 4", "alt": "", "src": "store" }, "geometry": { "type": "Point", "coordinates": [ 126.93343, 35.149331 ] } },
{ "type": "Feature", "properties": { "name": "법무사노득주사무소", "cat": "과학·기술", "sub": "법무관련 ", "addr": "전남광주통합특별시 동구 동명로 115", "alt": "", "src": "store" }, "geometry": { "type": "Point", "coordinates": [ 126.932979, 35.150863 ] } },
{ "type": "Feature", "properties": { "name": "법무사문정길사무소", "cat": "과학·기술", "sub": "법무관련 ", "addr": "전남광주통합특별시 동구 동명로 107", "alt": "", "src": "store" }, "geometry": { "type": "Point", "coordinates": [ 126.932276, 35.150926 ] } },
{ "type": "Feature", "properties": { "name": "법무사박문서사무소", "cat": "과학·기술", "sub": "법무관련 ", "addr": "전남광주통합특별시 동구 지산로 73", "alt": "", "src": "store" }, "geometry": { "type": "Point", "coordinates": [ 126.932848, 35.150178 ] } },
{ "type": "Feature", "properties": { "name": "법무사박봉희사무소", "cat": "과학·기술", "sub": "법무관련 ", "addr": "전남광주통합특별시 동구 동명로 110", "alt": "", "src": "store" }, "geometry": { "type": "Point", "coordinates": [ 126.932595, 35.150394 ] } },
{ "type": "Feature", "properties": { "name": "법무사박상균사무소", "cat": "과학·기술", "sub": "법무관련 ", "addr": "전남광주통합특별시 동구 동명로 95", "alt": "", "src": "store" }, "geometry": { "type": "Point", "coordinates": [ 126.93108, 35.150988 ] } },
{ "type": "Feature", "properties": { "name": "법무사박순일사무소", "cat": "과학·기술", "sub": "법무관련 ", "addr": "전남광주통합특별시 동구 지산로 70", "alt": "", "src": "store" }, "geometry": { "type": "Point", "coordinates": [ 126.933254, 35.149971 ] } },
{ "type": "Feature", "properties": { "name": "법무사박용석사무소", "cat": "과학·기술", "sub": "법무관련 ", "addr": "전남광주통합특별시 동구 지산로 88-1", "alt": "", "src": "store" }, "geometry": { "type": "Point", "coordinates": [ 126.933252, 35.151602 ] } },
{ "type": "Feature", "properties": { "name": "법무사박우찬사무소", "cat": "과학·기술", "sub": "법무관련 ", "addr": "전남광주통합특별시 동구 동명로 110", "alt": "", "src": "store" }, "geometry": { "type": "Point", "coordinates": [ 126.932595, 35.150394 ] } },
{ "type": "Feature", "properties": { "name": "법무사박정수사무소", "cat": "과학·기술", "sub": "법무관련 ", "addr": "전남광주통합특별시 동구 동명로 110", "alt": "", "src": "store" }, "geometry": { "type": "Point", "coordinates": [ 126.932595, 35.150394 ] } },
{ "type": "Feature", "properties": { "name": "법무사박종덕사무소", "cat": "과학·기술", "sub": "법무관련 ", "addr": "전남광주통합특별시 동구 동명로 107", "alt": "", "src": "store" }, "geometry": { "type": "Point", "coordinates": [ 126.932276, 35.150926 ] } },
{ "type": "Feature", "properties": { "name": "법무사법인무등", "cat": "과학·기술", "sub": "법무관련 ", "addr": "전남광주통합특별시 동구 동명로 110", "alt": "", "src": "store" }, "geometry": { "type": "Point", "coordinates": [ 126.932595, 35.150394 ] } },
{ "type": "Feature", "properties": { "name": "법무사서동호사무소", "cat": "과학·기술", "sub": "법무관련 ", "addr": "전남광주통합특별시 동구 동명로 110", "alt": "", "src": "store" }, "geometry": { "type": "Point", "coordinates": [ 126.932595, 35.150394 ] } },
{ "type": "Feature", "properties": { "name": "법무사서장원사무소", "cat": "과학·기술", "sub": "법무관련 ", "addr": "전남광주통합특별시 동구 지산로78번길 3", "alt": "", "src": "store" }, "geometry": { "type": "Point", "coordinates": [ 126.933374, 35.150827 ] } },
{ "type": "Feature", "properties": { "name": "법무사서재문사무소", "cat": "과학·기술", "sub": "법무관련 ", "addr": "전남광주통합특별시 동구 준법로 4", "alt": "", "src": "store" }, "geometry": { "type": "Point", "coordinates": [ 126.93343, 35.149331 ] } },
{ "type": "Feature", "properties": { "name": "법무사선종근사무소", "cat": "과학·기술", "sub": "법무관련 ", "addr": "전남광주통합특별시 동구 지산로 74-4", "alt": "", "src": "store" }, "geometry": { "type": "Point", "coordinates": [ 126.933363, 35.150187 ] } },
{ "type": "Feature", "properties": { "name": "법무사신권채사무소", "cat": "과학·기술", "sub": "법무관련 ", "addr": "전남광주통합특별시 동구 지산로78번길 3-1", "alt": "", "src": "store" }, "geometry": { "type": "Point", "coordinates": [ 126.933473, 35.150827 ] } },
{ "type": "Feature", "properties": { "name": "법무사신인기사무소", "cat": "과학·기술", "sub": "법무관련 ", "addr": "전남광주통합특별시 동구 지산로78번길 16", "alt": "", "src": "store" }, "geometry": { "type": "Point", "coordinates": [ 126.93401, 35.151576 ] } },
{ "type": "Feature", "properties": { "name": "법무사심재경사무소", "cat": "과학·기술", "sub": "법무관련 ", "addr": "전남광주통합특별시 동구 지산로 74-8", "alt": "", "src": "store" }, "geometry": { "type": "Point", "coordinates": [ 126.933638, 35.150133 ] } },
{ "type": "Feature", "properties": { "name": "법무사심현섭사무소", "cat": "과학·기술", "sub": "법무관련 ", "addr": "전남광주통합특별시 동구 지산로 74-8", "alt": "", "src": "store" }, "geometry": { "type": "Point", "coordinates": [ 126.933638, 35.150133 ] } },
{ "type": "Feature", "properties": { "name": "법무사양일래", "cat": "과학·기술", "sub": "법무관련 ", "addr": "전남광주통합특별시 동구 지산로 74-8", "alt": "", "src": "store" }, "geometry": { "type": "Point", "coordinates": [ 126.933638, 35.150133 ] } },
{ "type": "Feature", "properties": { "name": "법무사양희상사무소", "cat": "과학·기술", "sub": "법무관련 ", "addr": "전남광주통합특별시 동구 동명로 110", "alt": "", "src": "store" }, "geometry": { "type": "Point", "coordinates": [ 126.932595, 35.150394 ] } },
{ "type": "Feature", "properties": { "name": "법무사여상준사무소", "cat": "과학·기술", "sub": "법무관련 ", "addr": "전남광주통합특별시 동구 밤실로30번길 6", "alt": "", "src": "store" }, "geometry": { "type": "Point", "coordinates": [ 126.937643, 35.150054 ] } },
{ "type": "Feature", "properties": { "name": "법무사오삼환;행정사오삼환사무소", "cat": "과학·기술", "sub": "법무관련 ", "addr": "전남광주통합특별시 동구 밤실로 20-1", "alt": "", "src": "store" }, "geometry": { "type": "Point", "coordinates": [ 126.937128, 35.149441 ] } },
{ "type": "Feature", "properties": { "name": "법무사오재필사무소", "cat": "과학·기술", "sub": "법무관련 ", "addr": "전남광주통합특별시 동구 밤실로 13", "alt": "", "src": "store" }, "geometry": { "type": "Point", "coordinates": [ 126.936766, 35.148864 ] } },
{ "type": "Feature", "properties": { "name": "법무사오창석사무소", "cat": "과학·기술", "sub": "법무관련 ", "addr": "전남광주통합특별시 동구 준법로25번길 10", "alt": "", "src": "store" }, "geometry": { "type": "Point", "coordinates": [ 126.935942, 35.150081 ] } },
{ "type": "Feature", "properties": { "name": "법무사위승환사무소", "cat": "과학·기술", "sub": "법무관련 ", "addr": "전남광주통합특별시 동구 준법로 28", "alt": "", "src": "store" }, "geometry": { "type": "Point", "coordinates": [ 126.935899, 35.149179 ] } },
{ "type": "Feature", "properties": { "name": "법무사유인재사무소", "cat": "과학·기술", "sub": "법무관련 ", "addr": "전남광주통합특별시 동구 지산로 65", "alt": "", "src": "store" }, "geometry": { "type": "Point", "coordinates": [ 126.932914, 35.14952 ] } },
{ "type": "Feature", "properties": { "name": "법무사유헌종사무소", "cat": "과학·기술", "sub": "법무관련 ", "addr": "전남광주통합특별시 동구 동명로 107", "alt": "", "src": "store" }, "geometry": { "type": "Point", "coordinates": [ 126.932276, 35.150926 ] } },
{ "type": "Feature", "properties": { "name": "법무사윤성진사무소", "cat": "과학·기술", "sub": "법무관련 ", "addr": "전남광주통합특별시 동구 동명로 110", "alt": "", "src": "store" }, "geometry": { "type": "Point", "coordinates": [ 126.932595, 35.150394 ] } },
{ "type": "Feature", "properties": { "name": "법무사이상민사무소", "cat": "과학·기술", "sub": "법무관련 ", "addr": "전남광주통합특별시 동구 지산로 85", "alt": "", "src": "store" }, "geometry": { "type": "Point", "coordinates": [ 126.932989, 35.151503 ] } },
{ "type": "Feature", "properties": { "name": "법무사이석사무소", "cat": "과학·기술", "sub": "법무관련 ", "addr": "전남광주통합특별시 동구 지산로78번길 11", "alt": "", "src": "store" }, "geometry": { "type": "Point", "coordinates": [ 126.933747, 35.151062 ] } },
{ "type": "Feature", "properties": { "name": "법무사이영석사무소", "cat": "과학·기술", "sub": "법무관련 ", "addr": "전남광주통합특별시 동구 밤실로 16-1", "alt": "", "src": "store" }, "geometry": { "type": "Point", "coordinates": [ 126.937118, 35.149018 ] } },
{ "type": "Feature", "properties": { "name": "법무사이영욱사무소&공인중개사사무소", "cat": "과학·기술", "sub": "법무관련 ", "addr": "전남광주통합특별시 동구 동명로 105", "alt": "", "src": "store" }, "geometry": { "type": "Point", "coordinates": [ 126.932024, 35.150899 ] } },
{ "type": "Feature", "properties": { "name": "법무사이용진사무소", "cat": "과학·기술", "sub": "법무관련 ", "addr": "전남광주통합특별시 동구 준법로 4", "alt": "", "src": "store" }, "geometry": { "type": "Point", "coordinates": [ 126.93343, 35.149331 ] } },
{ "type": "Feature", "properties": { "name": "법무사임성룡사무소", "cat": "과학·기술", "sub": "법무관련 ", "addr": "전남광주통합특별시 동구 준법로 32-1", "alt": "", "src": "store" }, "geometry": { "type": "Point", "coordinates": [ 126.936514, 35.149153 ] } },
{ "type": "Feature", "properties": { "name": "법무사임승택사무소", "cat": "과학·기술", "sub": "법무관련 ", "addr": "전남광주통합특별시 동구 동명로 106-2", "alt": "", "src": "store" }, "geometry": { "type": "Point", "coordinates": [ 126.931925, 35.150619 ] } },
{ "type": "Feature", "properties": { "name": "법무사임종남사무소", "cat": "과학·기술", "sub": "법무관련 ", "addr": "전남광주통합특별시 동구 준법로 31", "alt": "", "src": "store" }, "geometry": { "type": "Point", "coordinates": [ 126.936426, 35.149405 ] } },
{ "type": "Feature", "properties": { "name": "법무사정병용사무소", "cat": "과학·기술", "sub": "법무관련 ", "addr": "전남광주통합특별시 동구 준법로 4", "alt": "", "src": "store" }, "geometry": { "type": "Point", "coordinates": [ 126.93343, 35.149331 ] } },
{ "type": "Feature", "properties": { "name": "법무사정연길사무소", "cat": "과학·기술", "sub": "법무관련 ", "addr": "전남광주통합특별시 동구 준법로 7-7", "alt": "", "src": "store" }, "geometry": { "type": "Point", "coordinates": [ 126.933704, 35.150016 ] } },
{ "type": "Feature", "properties": { "name": "법무사정용만사무소", "cat": "과학·기술", "sub": "법무관련 ", "addr": "전남광주통합특별시 동구 지산로63번길 2", "alt": "", "src": "store" }, "geometry": { "type": "Point", "coordinates": [ 126.93287, 35.149673 ] } },
{ "type": "Feature", "properties": { "name": "법무사정자홍사무소", "cat": "과학·기술", "sub": "법무관련 ", "addr": "전남광주통합특별시 동구 지산로78번길 16", "alt": "", "src": "store" }, "geometry": { "type": "Point", "coordinates": [ 126.93401, 35.151576 ] } },
{ "type": "Feature", "properties": { "name": "법무사정찬권사무소", "cat": "과학·기술", "sub": "법무관련 ", "addr": "전남광주통합특별시 동구 지산로 82", "alt": "", "src": "store" }, "geometry": { "type": "Point", "coordinates": [ 126.933253, 35.151089 ] } },
{ "type": "Feature", "properties": { "name": "법무사정흔연사무소", "cat": "과학·기술", "sub": "법무관련 ", "addr": "전남광주통합특별시 동구 준법로 5", "alt": "", "src": "store" }, "geometry": { "type": "Point", "coordinates": [ 126.933682, 35.149593 ] } },
{ "type": "Feature", "properties": { "name": "법무사조상섭사무소", "cat": "과학·기술", "sub": "법무관련 ", "addr": "전남광주통합특별시 동구 준법로25번길 16", "alt": "", "src": "store" }, "geometry": { "type": "Point", "coordinates": [ 126.936008, 35.150612 ] } },
{ "type": "Feature", "properties": { "name": "법무사조성주사무소", "cat": "과학·기술", "sub": "법무관련 ", "addr": "전남광주통합특별시 동구 준법로 34", "alt": "", "src": "store" }, "geometry": { "type": "Point", "coordinates": [ 126.936657, 35.149153 ] } },
{ "type": "Feature", "properties": { "name": "법무사주기성사무소", "cat": "과학·기술", "sub": "법무관련 ", "addr": "전남광주통합특별시 동구 필문대로205번길 27", "alt": "", "src": "store" }, "geometry": { "type": "Point", "coordinates": [ 126.934141, 35.152036 ] } },
{ "type": "Feature", "properties": { "name": "법무사주명천사무소", "cat": "과학·기술", "sub": "법무관련 ", "addr": "전남광주통합특별시 동구 필문대로 212-1", "alt": "", "src": "store" }, "geometry": { "type": "Point", "coordinates": [ 126.930487, 35.151961 ] } },
{ "type": "Feature", "properties": { "name": "법무사최영섭사무소", "cat": "과학·기술", "sub": "법무관련 ", "addr": "전남광주통합특별시 동구 지산로78번길 15", "alt": "", "src": "store" }, "geometry": { "type": "Point", "coordinates": [ 126.933768, 35.151477 ] } },
{ "type": "Feature", "properties": { "name": "법무사최왕현사무소", "cat": "과학·기술", "sub": "법무관련 ", "addr": "전남광주통합특별시 동구 동명로 110", "alt": "", "src": "store" }, "geometry": { "type": "Point", "coordinates": [ 126.932595, 35.150394 ] } },
{ "type": "Feature", "properties": { "name": "법무사허영진사무소", "cat": "과학·기술", "sub": "법무관련 ", "addr": "전남광주통합특별시 동구 준법로 4", "alt": "", "src": "store" }, "geometry": { "type": "Point", "coordinates": [ 126.93343, 35.149331 ] } },
{ "type": "Feature", "properties": { "name": "법무사허형권사무소", "cat": "과학·기술", "sub": "법무관련 ", "addr": "전남광주통합특별시 동구 동명로 110", "alt": "", "src": "store" }, "geometry": { "type": "Point", "coordinates": [ 126.932595, 35.150394 ] } },
{ "type": "Feature", "properties": { "name": "법무사형남곤사무소", "cat": "과학·기술", "sub": "법무관련 ", "addr": "전남광주통합특별시 동구 동명로 106-2", "alt": "", "src": "store" }, "geometry": { "type": "Point", "coordinates": [ 126.931925, 35.150619 ] } },
{ "type": "Feature", "properties": { "name": "법인에이치비푸드", "cat": "음식", "sub": "구내식당·뷔페", "addr": "전남광주통합특별시 동구 준법로 7-12", "alt": "", "src": "store" }, "geometry": { "type": "Point", "coordinates": [ 126.934043, 35.150566 ] } },
{ "type": "Feature", "properties": { "name": "베드룸", "cat": "소매", "sub": "섬유·의복·신발 소매", "addr": "전남광주통합특별시 동구 필문대로273번길 8-8", "alt": "", "src": "store" }, "geometry": { "type": "Point", "coordinates": [ 126.928275, 35.146255 ] } },
{ "type": "Feature", "properties": { "name": "베르사", "cat": "소매", "sub": "섬유·의복·신발 소매", "addr": "전남광주통합특별시 동구 구성로 230-2", "alt": "", "src": "store" }, "geometry": { "type": "Point", "coordinates": [ 126.916864, 35.155396 ] } },
{ "type": "Feature", "properties": { "name": "베비에르대인점", "cat": "음식", "sub": "기타 간이", "addr": "전남광주통합특별시 동구 독립로 268", "alt": "", "src": "store" }, "geometry": { "type": "Point", "coordinates": [ 126.912178, 35.154555 ] } },
{ "type": "Feature", "properties": { "name": "베스룸", "cat": "소매", "sub": "섬유·의복·신발 소매", "addr": "전남광주통합특별시 동구 필문대로273번길 8-8", "alt": "", "src": "store" }, "geometry": { "type": "Point", "coordinates": [ 126.928275, 35.146255 ] } },
{ "type": "Feature", "properties": { "name": "베스킨라빈스조선대", "cat": "음식", "sub": "기타 간이", "addr": "전남광주통합특별시 동구 필문대로 271", "alt": "", "src": "store" }, "geometry": { "type": "Point", "coordinates": [ 126.928044, 35.147039 ] } },
{ "type": "Feature", "properties": { "name": "베스트디자인연구소주", "cat": "과학·기술", "sub": "전문 디자인", "addr": "전남광주통합특별시 동구 지산로63번길 17", "alt": "", "src": "store" }, "geometry": { "type": "Point", "coordinates": [ 126.931147, 35.149546 ] } },
{ "type": "Feature", "properties": { "name": "베어베이프", "cat": "소매", "sub": "담배 소매", "addr": "전남광주통합특별시 동구 필문대로273번길 7", "alt": "", "src": "store" }, "geometry": { "type": "Point", "coordinates": [ 126.928516, 35.146597 ] } },
{ "type": "Feature", "properties": { "name": "벧엘떡집", "cat": "음식", "sub": "기타 간이", "addr": "전남광주통합특별시 동구 동계천로 56-1", "alt": "", "src": "store" }, "geometry": { "type": "Point", "coordinates": [ 126.917886, 35.154072 ] } },
{ "type": "Feature", "properties": { "name": "벧엘상사", "cat": "소매", "sub": "섬유·의복·신발 소매", "addr": "전남광주통합특별시 동구 금남로 161-32", "alt": "", "src": "store" }, "geometry": { "type": "Point", "coordinates": [ 126.912168, 35.153374 ] } },
{ "type": "Feature", "properties": { "name": "변지유부틱", "cat": "소매", "sub": "섬유·의복·신발 소매", "addr": "전남광주통합특별시 동구 제봉로 118", "alt": "", "src": "store" }, "geometry": { "type": "Point", "coordinates": [ 126.922259, 35.148865 ] } },
{ "type": "Feature", "properties": { "name": "변호사고운오법률사무소", "cat": "과학·기술", "sub": "법무관련 ", "addr": "전남광주통합특별시 동구 준법로 4", "alt": "", "src": "store" }, "geometry": { "type": "Point", "coordinates": [ 126.93343, 35.149331 ] } },
{ "type": "Feature", "properties": { "name": "변호사국중돈·국현아법률사무소", "cat": "과학·기술", "sub": "법무관련 ", "addr": "전남광주통합특별시 동구 지산로78번길 1", "alt": "", "src": "store" }, "geometry": { "type": "Point", "coordinates": [ 126.933253, 35.150836 ] } },
{ "type": "Feature", "properties": { "name": "변호사김서연법률사무소", "cat": "과학·기술", "sub": "법무관련 ", "addr": "전남광주통합특별시 동구 동명로 110", "alt": "", "src": "store" }, "geometry": { "type": "Point", "coordinates": [ 126.932595, 35.150394 ] } },
{ "type": "Feature", "properties": { "name": "변호사김영길법률사무소", "cat": "과학·기술", "sub": "법무관련 ", "addr": "전남광주통합특별시 동구 준법로 10", "alt": "", "src": "store" }, "geometry": { "type": "Point", "coordinates": [ 126.934023, 35.149277 ] } },
{ "type": "Feature", "properties": { "name": "변호사김용출법률사무소", "cat": "과학·기술", "sub": "법무관련 ", "addr": "전남광주통합특별시 동구 동명로 107", "alt": "", "src": "store" }, "geometry": { "type": "Point", "coordinates": [ 126.932276, 35.150926 ] } },
{ "type": "Feature", "properties": { "name": "변호사김장생법률사무소", "cat": "과학·기술", "sub": "법무관련 ", "addr": "전남광주통합특별시 동구 지산로 75", "alt": "", "src": "store" }, "geometry": { "type": "Point", "coordinates": [ 126.933012, 35.15044 ] } },
{ "type": "Feature", "properties": { "name": "변호사류재규법률사무소", "cat": "과학·기술", "sub": "법무관련 ", "addr": "전남광주통합특별시 동구 동명로 107", "alt": "", "src": "store" }, "geometry": { "type": "Point", "coordinates": [ 126.932276, 35.150926 ] } },
{ "type": "Feature", "properties": { "name": "변호사문영곤법률사무소", "cat": "과학·기술", "sub": "법무관련 ", "addr": "전남광주통합특별시 동구 동명로 110", "alt": "", "src": "store" }, "geometry": { "type": "Point", "coordinates": [ 126.932595, 35.150394 ] } },
{ "type": "Feature", "properties": { "name": "변호사박연재법률사무소", "cat": "과학·기술", "sub": "법무관련 ", "addr": "전남광주통합특별시 동구 지산로78번길 3", "alt": "", "src": "store" }, "geometry": { "type": "Point", "coordinates": [ 126.933374, 35.150827 ] } },
{ "type": "Feature", "properties": { "name": "변호사박준영법률사무소", "cat": "과학·기술", "sub": "법무관련 ", "addr": "전남광주통합특별시 동구 동명로 105", "alt": "", "src": "store" }, "geometry": { "type": "Point", "coordinates": [ 126.932024, 35.150899 ] } },
{ "type": "Feature", "properties": { "name": "변호사박창수법률사무소", "cat": "과학·기술", "sub": "법무관련 ", "addr": "전남광주통합특별시 동구 지산로 74-8", "alt": "", "src": "store" }, "geometry": { "type": "Point", "coordinates": [ 126.933638, 35.150133 ] } },
{ "type": "Feature", "properties": { "name": "변호사박홍기법률사무소", "cat": "과학·기술", "sub": "법무관련 ", "addr": "전남광주통합특별시 동구 준법로 10", "alt": "", "src": "store" }, "geometry": { "type": "Point", "coordinates": [ 126.934023, 35.149277 ] } },
{ "type": "Feature", "properties": { "name": "변호사양기석법률사무소", "cat": "과학·기술", "sub": "법무관련 ", "addr": "전남광주통합특별시 동구 동명로 110", "alt": "", "src": "store" }, "geometry": { "type": "Point", "coordinates": [ 126.932595, 35.150394 ] } },
{ "type": "Feature", "properties": { "name": "변호사양시복법률사무소", "cat": "과학·기술", "sub": "법무관련 ", "addr": "전남광주통합특별시 동구 준법로 5", "alt": "", "src": "store" }, "geometry": { "type": "Point", "coordinates": [ 126.933682, 35.149593 ] } },
{ "type": "Feature", "properties": { "name": "변호사이재강법률사무소", "cat": "과학·기술", "sub": "법무관련 ", "addr": "전남광주통합특별시 동구 동명로 110", "alt": "", "src": "store" }, "geometry": { "type": "Point", "coordinates": [ 126.932595, 35.150394 ] } },
{ "type": "Feature", "properties": { "name": "변호사장기영법률사무소", "cat": "과학·기술", "sub": "법무관련 ", "addr": "전남광주통합특별시 동구 동명로 110", "alt": "", "src": "store" }, "geometry": { "type": "Point", "coordinates": [ 126.932595, 35.150394 ] } },
{ "type": "Feature", "properties": { "name": "변호사정미라법률사무소", "cat": "과학·기술", "sub": "법무관련 ", "addr": "전남광주통합특별시 동구 동명로 110", "alt": "", "src": "store" }, "geometry": { "type": "Point", "coordinates": [ 126.932595, 35.150394 ] } },
{ "type": "Feature", "properties": { "name": "변호사조기선법률사무소", "cat": "과학·기술", "sub": "법무관련 ", "addr": "전남광주통합특별시 동구 동명로 110", "alt": "", "src": "store" }, "geometry": { "type": "Point", "coordinates": [ 126.932595, 35.150394 ] } },
{ "type": "Feature", "properties": { "name": "변호사조인형법률사무소", "cat": "과학·기술", "sub": "법무관련 ", "addr": "전남광주통합특별시 동구 지산로 73", "alt": "", "src": "store" }, "geometry": { "type": "Point", "coordinates": [ 126.932848, 35.150178 ] } },
{ "type": "Feature", "properties": { "name": "변호사진용태법률사무소", "cat": "과학·기술", "sub": "법무관련 ", "addr": "전남광주통합특별시 동구 동명로 101-1", "alt": "", "src": "store" }, "geometry": { "type": "Point", "coordinates": [ 126.931695, 35.151016 ] } },
{ "type": "Feature", "properties": { "name": "변호사차현국법률사무소", "cat": "과학·기술", "sub": "법무관련 ", "addr": "전남광주통합특별시 동구 지산로63번길 3", "alt": "", "src": "store" }, "geometry": { "type": "Point", "coordinates": [ 126.932629, 35.149286 ] } },
{ "type": "Feature", "properties": { "name": "변호사최경욱법률사무소", "cat": "과학·기술", "sub": "법무관련 ", "addr": "전남광주통합특별시 동구 지산로78번길 5-1", "alt": "", "src": "store" }, "geometry": { "type": "Point", "coordinates": [ 126.93367, 35.150801 ] } },
{ "type": "Feature", "properties": { "name": "변호사최목법률사무소", "cat": "과학·기술", "sub": "법무관련 ", "addr": "전남광주통합특별시 동구 준법로 36", "alt": "", "src": "store" }, "geometry": { "type": "Point", "coordinates": [ 126.936788, 35.149126 ] } },
{ "type": "Feature", "properties": { "name": "변호사하승완법률사무소", "cat": "과학·기술", "sub": "법무관련 ", "addr": "전남광주통합특별시 동구 동명로 110", "alt": "", "src": "store" }, "geometry": { "type": "Point", "coordinates": [ 126.932595, 35.150394 ] } },
{ "type": "Feature", "properties": { "name": "별세계양화점", "cat": "소매", "sub": "섬유·의복·신발 소매", "addr": "전남광주통합특별시 동구 구성로 212", "alt": "", "src": "store" }, "geometry": { "type": "Point", "coordinates": [ 126.915416, 35.154034 ] } },
{ "type": "Feature", "properties": { "name": "별요가&필라테스", "cat": "교육", "sub": "기타 교육", "addr": "전남광주통합특별시 동구 동계천로 12-1", "alt": "", "src": "store" }, "geometry": { "type": "Point", "coordinates": [ 126.914009, 35.156223 ] } },
{ "type": "Feature", "properties": { "name": "별채", "cat": "음식", "sub": "한식", "addr": "전남광주통합특별시 동구 동명로 24", "alt": "", "src": "store" }, "geometry": { "type": "Point", "coordinates": [ 126.923837, 35.151191 ] } },
{ "type": "Feature", "properties": { "name": "별채", "cat": "음식", "sub": "한식", "addr": "전남광주통합특별시 동구 동명로26번길 9-5", "alt": "", "src": "store" }, "geometry": { "type": "Point", "coordinates": [ 126.924572, 35.151381 ] } },
{ "type": "Feature", "properties": { "name": "보광당", "cat": "소매", "sub": "시계·귀금속 소매", "addr": "전남광주통합특별시 동구 필문대로192번길 11-1", "alt": "", "src": "store" }, "geometry": { "type": "Point", "coordinates": [ 126.930156, 35.153593 ] } },
{ "type": "Feature", "properties": { "name": "보광당한약", "cat": "소매", "sub": "식료품 소매", "addr": "전남광주통합특별시 동구 구성로194번길 5-11", "alt": "", "src": "store" }, "geometry": { "type": "Point", "coordinates": [ 126.914638, 35.153078 ] } },
{ "type": "Feature", "properties": { "name": "보금당", "cat": "소매", "sub": "시계·귀금속 소매", "addr": "전남광주통합특별시 동구 지산로 49", "alt": "", "src": "store" }, "geometry": { "type": "Point", "coordinates": [ 126.932432, 35.148213 ] } },
{ "type": "Feature", "properties": { "name": "보리와이삭", "cat": "음식", "sub": "비알코올 ", "addr": "전남광주통합특별시 동구 동계로12번길 5", "alt": "", "src": "store" }, "geometry": { "type": "Point", "coordinates": [ 126.924779, 35.152823 ] } },
{ "type": "Feature", "properties": { "name": "보리카매니아", "cat": "수리·개인", "sub": "자동차 수리·세차", "addr": "전남광주통합특별시 동구 지호로 18", "alt": "", "src": "store" }, "geometry": { "type": "Point", "coordinates": [ 126.930939, 35.148464 ] } },
{ "type": "Feature", "properties": { "name": "보문", "cat": "숙박", "sub": "일반 숙박", "addr": "전남광주통합특별시 동구 제봉로222번길 6-3", "alt": "", "src": "store" }, "geometry": { "type": "Point", "coordinates": [ 126.914284, 35.155304 ] } },
{ "type": "Feature", "properties": { "name": "보물섬", "cat": "소매", "sub": "장식품 소매", "addr": "전남광주통합특별시 동구 중앙로 269-2", "alt": "", "src": "store" }, "geometry": { "type": "Point", "coordinates": [ 126.92043, 35.155759 ] } },
{ "type": "Feature", "properties": { "name": "보암커피", "cat": "음식", "sub": "비알코올 ", "addr": "전남광주통합특별시 동구 필문대로192번길 17-2", "alt": "", "src": "store" }, "geometry": { "type": "Point", "coordinates": [ 126.929574, 35.15343 ] } },
{ "type": "Feature", "properties": { "name": "보암커피로스터스", "cat": "음식", "sub": "비알코올 ", "addr": "전남광주통합특별시 동구 필문대로192번길 17-2", "alt": "", "src": "store" }, "geometry": { "type": "Point", "coordinates": [ 126.929574, 35.15343 ] } },
{ "type": "Feature", "properties": { "name": "보원전자", "cat": "소매", "sub": "가전·통신 소매", "addr": "전남광주통합특별시 동구 독립로264번길 25", "alt": "", "src": "store" }, "geometry": { "type": "Point", "coordinates": [ 126.913661, 35.153456 ] } },
{ "type": "Feature", "properties": { "name": "보조개1", "cat": "음식", "sub": "한식", "addr": "전남광주통합특별시 동구 동명로 8-3", "alt": "", "src": "store" }, "geometry": { "type": "Point", "coordinates": [ 126.923015, 35.149857 ] } },
{ "type": "Feature", "properties": { "name": "보쿠보쿠", "cat": "음식", "sub": "한식", "addr": "전남광주통합특별시 동구 장동로 51-1", "alt": "", "src": "store" }, "geometry": { "type": "Point", "coordinates": [ 126.927264, 35.147191 ] } },
{ "type": "Feature", "properties": { "name": "보테가디아네스", "cat": "교육", "sub": "기타 교육", "addr": "전남광주통합특별시 동구 동계로 7", "alt": "", "src": "store" }, "geometry": { "type": "Point", "coordinates": [ 126.924066, 35.152498 ] } },
{ "type": "Feature", "properties": { "name": "보통의날", "cat": "음식", "sub": "비알코올 ", "addr": "전남광주통합특별시 동구 제봉로 124", "alt": "", "src": "store" }, "geometry": { "type": "Point", "coordinates": [ 126.922445, 35.149415 ] } },
{ "type": "Feature", "properties": { "name": "보해", "cat": "음식", "sub": "한식", "addr": "전남광주통합특별시 동구 필문대로289번길 14", "alt": "", "src": "store" }, "geometry": { "type": "Point", "coordinates": [ 126.928143, 35.146453 ] } },
{ "type": "Feature", "properties": { "name": "복권방", "cat": "예술·스포츠", "sub": "유원지·오락", "addr": "전남광주통합특별시 동구 구성로 232", "alt": "", "src": "store" }, "geometry": { "type": "Point", "coordinates": [ 126.91694, 35.15545 ] } },
{ "type": "Feature", "properties": { "name": "복떡집", "cat": "음식", "sub": "기타 간이", "addr": "전남광주통합특별시 동구 필문대로192번길 16-2", "alt": "", "src": "store" }, "geometry": { "type": "Point", "coordinates": [ 126.929816, 35.153692 ] } },
{ "type": "Feature", "properties": { "name": "복어명가", "cat": "음식", "sub": "한식", "addr": "전남광주통합특별시 동구 필문대로205번길 19-10", "alt": "", "src": "store" }, "geometry": { "type": "Point", "coordinates": [ 126.933219, 35.152459 ] } },
{ "type": "Feature", "properties": { "name": "복있는약국", "cat": "소매", "sub": "의약·화장품 소매", "addr": "전남광주통합특별시 동구 제봉로 187", "alt": "", "src": "store" }, "geometry": { "type": "Point", "coordinates": [ 126.916504, 35.152683 ] } },
{ "type": "Feature", "properties": { "name": "본도시락광주", "cat": "음식", "sub": "한식", "addr": "전남광주통합특별시 동구 필문대로 265", "alt": "", "src": "store" }, "geometry": { "type": "Point", "coordinates": [ 126.928219, 35.147426 ] } },
{ "type": "Feature", "properties": { "name": "본앤우480동", "cat": "음식", "sub": "서양식", "addr": "전남광주통합특별시 동구 동명로 49", "alt": "", "src": "store" }, "geometry": { "type": "Point", "coordinates": [ 126.926042, 35.151625 ] } },
{ "type": "Feature", "properties": { "name": "본전", "cat": "음식", "sub": "한식", "addr": "전남광주통합특별시 동구 동계천로 52-1", "alt": "", "src": "store" }, "geometry": { "type": "Point", "coordinates": [ 126.917644, 35.154234 ] } },
{ "type": "Feature", "properties": { "name": "본투비버거", "cat": "음식", "sub": "기타 간이", "addr": "전남광주통합특별시 동구 동명로 37-1", "alt": "", "src": "store" }, "geometry": { "type": "Point", "coordinates": [ 126.924637, 35.151886 ] } },
{ "type": "Feature", "properties": { "name": "봄날공인중개사사무소", "cat": "부동산", "sub": "부동산 서비스", "addr": "전남광주통합특별시 동구 계림로 18", "alt": "", "src": "store" }, "geometry": { "type": "Point", "coordinates": [ 126.922362, 35.15549 ] } },
{ "type": "Feature", "properties": { "name": "봄바주니오피자", "cat": "음식", "sub": "기타 간이", "addr": "전남광주통합특별시 동구 동명로14번길 20", "alt": "", "src": "store" }, "geometry": { "type": "Point", "coordinates": [ 126.925429, 35.149831 ] } },
{ "type": "Feature", "properties": { "name": "봄상회", "cat": "소매", "sub": "섬유·의복·신발 소매", "addr": "전남광주통합특별시 동구 계림로 3-2", "alt": "", "src": "store" }, "geometry": { "type": "Point", "coordinates": [ 126.921177, 35.154831 ] } },
{ "type": "Feature", "properties": { "name": "봉동", "cat": "음식", "sub": "한식", "addr": "전남광주통합특별시 동구 장동로 23-22", "alt": "", "src": "store" }, "geometry": { "type": "Point", "coordinates": [ 126.924651, 35.14902 ] } },
{ "type": "Feature", "properties": { "name": "봉봉컴퍼니", "cat": "소매", "sub": "섬유·의복·신발 소매", "addr": "전남광주통합특별시 동구 제봉로222번길 10-16", "alt": "", "src": "store" }, "geometry": { "type": "Point", "coordinates": [ 126.914932, 35.155088 ] } },
{ "type": "Feature", "properties": { "name": "봉에프앤비봉봉24", "cat": "소매", "sub": "종합 소매", "addr": "전남광주통합특별시 동구 동명로70번길 5", "alt": "", "src": "store" }, "geometry": { "type": "Point", "coordinates": [ 126.928699, 35.150536 ] } },
{ "type": "Feature", "properties": { "name": "부광문집", "cat": "소매", "sub": "철물·건설자재 소매", "addr": "전남광주통합특별시 동구 경양로 292", "alt": "", "src": "store" }, "geometry": { "type": "Point", "coordinates": [ 126.921178, 35.154299 ] } },
{ "type": "Feature", "properties": { "name": "부광카메라", "cat": "소매", "sub": "안경·정밀기기 소매", "addr": "전남광주통합특별시 동구 금남로 161-32", "alt": "", "src": "store" }, "geometry": { "type": "Point", "coordinates": [ 126.912168, 35.153374 ] } },
{ "type": "Feature", "properties": { "name": "부동산1번가공인중개사사무소", "cat": "부동산", "sub": "부동산 서비스", "addr": "전남광주통합특별시 동구 동명로67번길 22-57", "alt": "", "src": "store" }, "geometry": { "type": "Point", "coordinates": [ 126.926688, 35.153672 ] } },
{ "type": "Feature", "properties": { "name": "부르나이", "cat": "숙박", "sub": "일반 숙박", "addr": "전남광주통합특별시 동구 독립로 282-5", "alt": "", "src": "store" }, "geometry": { "type": "Point", "coordinates": [ 126.913153, 35.156033 ] } },
{ "type": "Feature", "properties": { "name": "부리나", "cat": "음식", "sub": "기타 간이", "addr": "전남광주통합특별시 동구 동계로 2", "alt": "", "src": "store" }, "geometry": { "type": "Point", "coordinates": [ 126.924275, 35.151985 ] } },
{ "type": "Feature", "properties": { "name": "부부패션", "cat": "소매", "sub": "섬유·의복·신발 소매", "addr": "전남광주통합특별시 동구 동계천로 48-1", "alt": "", "src": "store" }, "geometry": { "type": "Point", "coordinates": [ 126.917271, 35.154522 ] } },
{ "type": "Feature", "properties": { "name": "부산표구", "cat": "소매", "sub": "장식품 소매", "addr": "전남광주통합특별시 동구 서석로85번길 8-3", "alt": "", "src": "store" }, "geometry": { "type": "Point", "coordinates": [ 126.920161, 35.150026 ] } },
{ "type": "Feature", "properties": { "name": "부성공인중개사사무소", "cat": "부동산", "sub": "부동산 서비스", "addr": "전남광주통합특별시 동구 동명로25번길 9-6", "alt": "", "src": "store" }, "geometry": { "type": "Point", "coordinates": [ 126.922476, 35.151488 ] } },
{ "type": "Feature", "properties": { "name": "부성바이크샵", "cat": "소매", "sub": "모터사이클 소매", "addr": "전남광주통합특별시 동구 필문대로 293", "alt": "", "src": "store" }, "geometry": { "type": "Point", "coordinates": [ 126.926893, 35.14528 ] } },
{ "type": "Feature", "properties": { "name": "부성사", "cat": "소매", "sub": "섬유·의복·신발 소매", "addr": "전남광주통합특별시 동구 제봉로184번길 5", "alt": "", "src": "store" }, "geometry": { "type": "Point", "coordinates": [ 126.917524, 35.153287 ] } },
{ "type": "Feature", "properties": { "name": "부성전자", "cat": "수리·개인", "sub": "가전제품 수리", "addr": "전남광주통합특별시 동구 독립로264번길 25", "alt": "", "src": "store" }, "geometry": { "type": "Point", "coordinates": [ 126.913661, 35.153456 ] } },
{ "type": "Feature", "properties": { "name": "부엉이살림", "cat": "숙박", "sub": "일반 숙박", "addr": "전남광주통합특별시 동구 동명로20번길 5", "alt": "", "src": "store" }, "geometry": { "type": "Point", "coordinates": [ 126.924188, 35.150849 ] } },
{ "type": "Feature", "properties": { "name": "부영상사", "cat": "소매", "sub": "섬유·의복·신발 소매", "addr": "전남광주통합특별시 동구 금남로 161-36", "alt": "", "src": "store" }, "geometry": { "type": "Point", "coordinates": [ 126.912278, 35.153527 ] } },
{ "type": "Feature", "properties": { "name": "부자돼부소", "cat": "소매", "sub": "식료품 소매", "addr": "전남광주통합특별시 동구 밤실로3번길 2", "alt": "", "src": "store" }, "geometry": { "type": "Point", "coordinates": [ 126.936646, 35.148071 ] } },
{ "type": "Feature", "properties": { "name": "불교서원", "cat": "소매", "sub": "오락용품 소매", "addr": "전남광주통합특별시 동구 동계천로95번길 34", "alt": "", "src": "store" }, "geometry": { "type": "Point", "coordinates": [ 126.921705, 35.154128 ] } },
{ "type": "Feature", "properties": { "name": "붐비네", "cat": "소매", "sub": "섬유·의복·신발 소매", "addr": "전남광주통합특별시 동구 필문대로205번길 46", "alt": "", "src": "store" }, "geometry": { "type": "Point", "coordinates": [ 126.935941, 35.151793 ] } },
{ "type": "Feature", "properties": { "name": "붕붕자동차공업사", "cat": "수리·개인", "sub": "자동차 수리·세차", "addr": "전남광주통합특별시 동구 필문대로 239", "alt": "", "src": "store" }, "geometry": { "type": "Point", "coordinates": [ 126.929775, 35.149545 ] } },
{ "type": "Feature", "properties": { "name": "뷰티라이프", "cat": "수리·개인", "sub": "이용·미용", "addr": "전남광주통합특별시 동구 필문대로206번길 12-1", "alt": "", "src": "store" }, "geometry": { "type": "Point", "coordinates": [ 126.92963, 35.152853 ] } },
{ "type": "Feature", "properties": { "name": "뷰포토부스광주점", "cat": "과학·기술", "sub": "사진 촬영", "addr": "전남광주통합특별시 동구 독립로264번길 8", "alt": "", "src": "store" }, "geometry": { "type": "Point", "coordinates": [ 126.912058, 35.15359 ] } },
{ "type": "Feature", "properties": { "name": "블래스", "cat": "음식", "sub": "비알코올 ", "addr": "전남광주통합특별시 동구 필문대로253번길 6", "alt": "", "src": "store" }, "geometry": { "type": "Point", "coordinates": [ 126.929293, 35.14831 ] } },
{ "type": "Feature", "properties": { "name": "블루버블다이브", "cat": "소매", "sub": "오락용품 소매", "addr": "전남광주통합특별시 동구 중앙로 239", "alt": "", "src": "store" }, "geometry": { "type": "Point", "coordinates": [ 126.919214, 35.153676 ] } },
{ "type": "Feature", "properties": { "name": "블리스헤어", "cat": "수리·개인", "sub": "이용·미용", "addr": "전남광주통합특별시 동구 밤실로 23", "alt": "", "src": "store" }, "geometry": { "type": "Point", "coordinates": [ 126.936832, 35.149757 ] } },
{ "type": "Feature", "properties": { "name": "비1코인노래연습장", "cat": "예술·스포츠", "sub": "유원지·오락", "addr": "전남광주통합특별시 동구 제봉로110번길 17", "alt": "", "src": "store" }, "geometry": { "type": "Point", "coordinates": [ 126.923597, 35.149172 ] } },
{ "type": "Feature", "properties": { "name": "비네이쳐", "cat": "과학·기술", "sub": "전문 디자인", "addr": "전남광주통합특별시 동구 장동로 40-1", "alt": "", "src": "store" }, "geometry": { "type": "Point", "coordinates": [ 126.925947, 35.147569 ] } },
{ "type": "Feature", "properties": { "name": "비비드", "cat": "음식", "sub": "주점", "addr": "전남광주통합특별시 동구 동계천로 124", "alt": "", "src": "store" }, "geometry": { "type": "Point", "coordinates": [ 126.923223, 35.149821 ] } },
{ "type": "Feature", "properties": { "name": "비비에스", "cat": "소매", "sub": "가전·통신 소매", "addr": "전남광주통합특별시 동구 경양로277번길 2", "alt": "", "src": "store" }, "geometry": { "type": "Point", "coordinates": [ 126.920123, 35.155209 ] } },
{ "type": "Feature", "properties": { "name": "비비큐광주", "cat": "음식", "sub": "기타 간이", "addr": "전남광주통합특별시 동구 동계천로 126", "alt": "", "src": "store" }, "geometry": { "type": "Point", "coordinates": [ 126.923443, 35.149839 ] } },
{ "type": "Feature", "properties": { "name": "비송경매", "cat": "부동산", "sub": "부동산 서비스", "addr": "전남광주통합특별시 동구 준법로 10-1", "alt": "", "src": "store" }, "geometry": { "type": "Point", "coordinates": [ 126.934176, 35.149259 ] } },
{ "type": "Feature", "properties": { "name": "비씨비지롯데광주점", "cat": "소매", "sub": "섬유·의복·신발 소매", "addr": "전남광주통합특별시 동구 독립로 268", "alt": "", "src": "store" }, "geometry": { "type": "Point", "coordinates": [ 126.912178, 35.154555 ] } },
{ "type": "Feature", "properties": { "name": "비어스탑", "cat": "음식", "sub": "주점", "addr": "전남광주통합특별시 동구 필문대로287번길 11", "alt": "", "src": "store" }, "geometry": { "type": "Point", "coordinates": [ 126.92822, 35.145506 ] } },
{ "type": "Feature", "properties": { "name": "비에이치씨계림", "cat": "음식", "sub": "기타 간이", "addr": "전남광주통합특별시 동구 동계천로 14-1", "alt": "", "src": "store" }, "geometry": { "type": "Point", "coordinates": [ 126.914174, 35.156133 ] } },
{ "type": "Feature", "properties": { "name": "비웰링턴하우스", "cat": "음식", "sub": "서양식", "addr": "전남광주통합특별시 동구 동계로10번길 6", "alt": "", "src": "store" }, "geometry": { "type": "Point", "coordinates": [ 126.924889, 35.152418 ] } },
{ "type": "Feature", "properties": { "name": "빅하우스", "cat": "예술·스포츠", "sub": "도서관·사적지", "addr": "전남광주통합특별시 동구 필문대로253번길 9-13", "alt": "", "src": "store" }, "geometry": { "type": "Point", "coordinates": [ 126.929875, 35.148779 ] } },
{ "type": "Feature", "properties": { "name": "빈레스토", "cat": "음식", "sub": "비알코올 ", "addr": "전남광주통합특별시 동구 제봉로 226", "alt": "", "src": "store" }, "geometry": { "type": "Point", "coordinates": [ 126.91356, 35.155223 ] } },
{ "type": "Feature", "properties": { "name": "빈티지무드", "cat": "소매", "sub": "섬유·의복·신발 소매", "addr": "전남광주통합특별시 동구 제봉로 126", "alt": "", "src": "store" }, "geometry": { "type": "Point", "coordinates": [ 126.922499, 35.149541 ] } },
{ "type": "Feature", "properties": { "name": "빌레조명", "cat": "소매", "sub": "기타 생활용품 소매", "addr": "전남광주통합특별시 동구 중앙로 239", "alt": "", "src": "store" }, "geometry": { "type": "Point", "coordinates": [ 126.919214, 35.153676 ] } },
{ "type": "Feature", "properties": { "name": "빌클린", "cat": "과학·기술", "sub": "광고", "addr": "전남광주통합특별시 동구 지호로 82-1", "alt": "", "src": "store" }, "geometry": { "type": "Point", "coordinates": [ 126.937843, 35.14772 ] } },
{ "type": "Feature", "properties": { "name": "빛고을한지필방", "cat": "소매", "sub": "오락용품 소매", "addr": "전남광주통합특별시 동구 중앙로 216-1", "alt": "", "src": "store" }, "geometry": { "type": "Point", "coordinates": [ 126.917701, 35.151791 ] } },
{ "type": "Feature", "properties": { "name": "빠리.콩", "cat": "음식", "sub": "비알코올 ", "addr": "전남광주통합특별시 동구 구성로204번길 2", "alt": "", "src": "store" }, "geometry": { "type": "Point", "coordinates": [ 126.914769, 35.153412 ] } },
{ "type": "Feature", "properties": { "name": "빵테", "cat": "음식", "sub": "비알코올 ", "addr": "전남광주통합특별시 동구 동계천로 159-10", "alt": "", "src": "store" }, "geometry": { "type": "Point", "coordinates": [ 126.926713, 35.149571 ] } },
{ "type": "Feature", "properties": { "name": "뼈고집", "cat": "음식", "sub": "한식", "addr": "전남광주통합특별시 동구 동계로 7", "alt": "", "src": "store" }, "geometry": { "type": "Point", "coordinates": [ 126.924066, 35.152498 ] } },
{ "type": "Feature", "properties": { "name": "뽀뽀", "cat": "음식", "sub": "주점", "addr": "전남광주통합특별시 동구 동계천로6번길 11", "alt": "", "src": "store" }, "geometry": { "type": "Point", "coordinates": [ 126.913823, 35.155601 ] } },
{ "type": "Feature", "properties": { "name": "뽀얌과자점", "cat": "음식", "sub": "기타 간이", "addr": "전남광주통합특별시 동구 동명로98번길 19", "alt": "", "src": "store" }, "geometry": { "type": "Point", "coordinates": [ 126.930687, 35.149131 ] } },
{ "type": "Feature", "properties": { "name": "뽀에따", "cat": "수리·개인", "sub": "이용·미용", "addr": "전남광주통합특별시 동구 동계로13번길 18", "alt": "", "src": "store" }, "geometry": { "type": "Point", "coordinates": [ 126.92243, 35.153444 ] } },
{ "type": "Feature", "properties": { "name": "뽁식당광주동명동", "cat": "음식", "sub": "서양식", "addr": "전남광주통합특별시 동구 동계천로 126-5", "alt": "", "src": "store" }, "geometry": { "type": "Point", "coordinates": [ 126.923498, 35.149686 ] } },
{ "type": "Feature", "properties": { "name": "뿌강수선", "cat": "수리·개인", "sub": "기타 가정용품 수리", "addr": "전남광주통합특별시 동구 계림로 14", "alt": "", "src": "store" }, "geometry": { "type": "Point", "coordinates": [ 126.922099, 35.155246 ] } },
{ "type": "Feature", "properties": { "name": "사계절옷수선세탁", "cat": "수리·개인", "sub": "세탁", "addr": "전남광주통합특별시 동구 필문대로289번길 11", "alt": "", "src": "store" }, "geometry": { "type": "Point", "coordinates": [ 126.927847, 35.146435 ] } },
{ "type": "Feature", "properties": { "name": "사과나무하우스", "cat": "숙박", "sub": "기타 숙박", "addr": "전남광주통합특별시 동구 필문대로263번길 6-1", "alt": "", "src": "store" }, "geometry": { "type": "Point", "coordinates": [ 126.928987, 35.147319 ] } },
{ "type": "Feature", "properties": { "name": "사남매유통", "cat": "소매", "sub": "기타 생활용품 소매", "addr": "전남광주통합특별시 동구 지산로 88", "alt": "", "src": "store" }, "geometry": { "type": "Point", "coordinates": [ 126.933253, 35.151485 ] } },
{ "type": "Feature", "properties": { "name": "사랑과평화", "cat": "음식", "sub": "비알코올 ", "addr": "전남광주통합특별시 동구 동계천로 181-1", "alt": "", "src": "store" }, "geometry": { "type": "Point", "coordinates": [ 126.92904, 35.149482 ] } },
{ "type": "Feature", "properties": { "name": "사랑방", "cat": "음식", "sub": "주점", "addr": "전남광주통합특별시 동구 경양로 303-30", "alt": "", "src": "store" }, "geometry": { "type": "Point", "coordinates": [ 126.922033, 35.155156 ] } },
{ "type": "Feature", "properties": { "name": "사랑방", "cat": "음식", "sub": "한식", "addr": "전남광주통합특별시 동구 제봉로222번길 8", "alt": "", "src": "store" }, "geometry": { "type": "Point", "coordinates": [ 126.91435, 35.155503 ] } },
{ "type": "Feature", "properties": { "name": "사랑빵집", "cat": "음식", "sub": "기타 간이", "addr": "전남광주통합특별시 동구 지호로100번길 2", "alt": "", "src": "store" }, "geometry": { "type": "Point", "coordinates": [ 126.939544, 35.148 ] } },
{ "type": "Feature", "properties": { "name": "사랑으로", "cat": "음식", "sub": "한식", "addr": "전남광주통합특별시 동구 동계천로 116", "alt": "", "src": "store" }, "geometry": { "type": "Point", "coordinates": [ 126.922795, 35.150506 ] } },
{ "type": "Feature", "properties": { "name": "사랑음악교습소", "cat": "교육", "sub": "기타 교육", "addr": "전남광주통합특별시 동구 밤실로30번길 8", "alt": "", "src": "store" }, "geometry": { "type": "Point", "coordinates": [ 126.937808, 35.150136 ] } },
{ "type": "Feature", "properties": { "name": "사랑해베이글광주대인점", "cat": "음식", "sub": "기타 간이", "addr": "전남광주통합특별시 동구 독립로 284", "alt": "", "src": "store" }, "geometry": { "type": "Point", "coordinates": [ 126.912989, 35.156033 ] } },
{ "type": "Feature", "properties": { "name": "사보타지", "cat": "음식", "sub": "비알코올 ", "addr": "전남광주통합특별시 동구 동계천로95번길 12", "alt": "", "src": "store" }, "geometry": { "type": "Point", "coordinates": [ 126.922178, 35.152362 ] } },
{ "type": "Feature", "properties": { "name": "사사애", "cat": "음식", "sub": "한식", "addr": "전남광주통합특별시 동구 동명로 19-10", "alt": "", "src": "store" }, "geometry": { "type": "Point", "coordinates": [ 126.922893, 35.151065 ] } },
{ "type": "Feature", "properties": { "name": "사우나떡볶이", "cat": "음식", "sub": "기타 간이", "addr": "전남광주통합특별시 동구 동계천로 14", "alt": "", "src": "store" }, "geometry": { "type": "Point", "coordinates": [ 126.914108, 35.156187 ] } },
{ "type": "Feature", "properties": { "name": "사운드오브뮤직", "cat": "음식", "sub": "주점", "addr": "전남광주통합특별시 동구 서석로85번길 22", "alt": "", "src": "store" }, "geometry": { "type": "Point", "coordinates": [ 126.918997, 35.150774 ] } },
{ "type": "Feature", "properties": { "name": "사이공장", "cat": "음식", "sub": "동남아시아", "addr": "전남광주통합특별시 동구 장동로 15-2", "alt": "", "src": "store" }, "geometry": { "type": "Point", "coordinates": [ 126.923971, 35.148595 ] } },
{ "type": "Feature", "properties": { "name": "사이공하우스", "cat": "숙박", "sub": "기타 숙박", "addr": "전남광주통합특별시 동구 지산로 33", "alt": "", "src": "store" }, "geometry": { "type": "Point", "coordinates": [ 126.931577, 35.146951 ] } },
{ "type": "Feature", "properties": { "name": "사이공하우스", "cat": "숙박", "sub": "기타 숙박", "addr": "전남광주통합특별시 동구 필문대로263번길 2-10", "alt": "", "src": "store" }, "geometry": { "type": "Point", "coordinates": [ 126.928296, 35.147264 ] } },
{ "type": "Feature", "properties": { "name": "사진공방끼끼크리에이션", "cat": "교육", "sub": "기타 교육", "addr": "전남광주통합특별시 동구 동계천로 163-3", "alt": "", "src": "store" }, "geometry": { "type": "Point", "coordinates": [ 126.927043, 35.149355 ] } },
{ "type": "Feature", "properties": { "name": "사진만들기", "cat": "과학·기술", "sub": "광고", "addr": "전남광주통합특별시 동구 필문대로205번길 42-1", "alt": "", "src": "store" }, "geometry": { "type": "Point", "coordinates": [ 126.935612, 35.151793 ] } },
{ "type": "Feature", "properties": { "name": "산과들과바다", "cat": "소매", "sub": "식료품 소매", "addr": "전남광주통합특별시 동구 구성로238번길 25-1", "alt": "", "src": "store" }, "geometry": { "type": "Point", "coordinates": [ 126.919444, 35.154325 ] } },
{ "type": "Feature", "properties": { "name": "산드로롯데광주점", "cat": "소매", "sub": "섬유·의복·신발 소매", "addr": "전남광주통합특별시 동구 독립로 268", "alt": "", "src": "store" }, "geometry": { "type": "Point", "coordinates": [ 126.912178, 35.154555 ] } },
{ "type": "Feature", "properties": { "name": "산들밭", "cat": "음식", "sub": "한식", "addr": "전남광주통합특별시 동구 지산로89번길 7", "alt": "", "src": "store" }, "geometry": { "type": "Point", "coordinates": [ 126.932363, 35.151692 ] } },
{ "type": "Feature", "properties": { "name": "산등무", "cat": "음식", "sub": "주점", "addr": "전남광주통합특별시 동구 동명로 24", "alt": "", "src": "store" }, "geometry": { "type": "Point", "coordinates": [ 126.923837, 35.151191 ] } },
{ "type": "Feature", "properties": { "name": "산수골", "cat": "음식", "sub": "주점", "addr": "전남광주통합특별시 동구 경양로 340", "alt": "", "src": "store" }, "geometry": { "type": "Point", "coordinates": [ 126.926293, 35.153699 ] } },
{ "type": "Feature", "properties": { "name": "산수냉동전자", "cat": "소매", "sub": "중고 상품 소매", "addr": "전남광주통합특별시 동구 필문대로 206-1", "alt": "", "src": "store" }, "geometry": { "type": "Point", "coordinates": [ 126.930706, 35.152557 ] } },
{ "type": "Feature", "properties": { "name": "산수동한옥체험시설여로", "cat": "숙박", "sub": "일반 숙박", "addr": "전남광주통합특별시 동구 동계로 16-17", "alt": "", "src": "store" }, "geometry": { "type": "Point", "coordinates": [ 126.925152, 35.153139 ] } },
{ "type": "Feature", "properties": { "name": "산수뷰티", "cat": "수리·개인", "sub": "이용·미용", "addr": "전남광주통합특별시 동구 필문대로192번길 18-2", "alt": "", "src": "store" }, "geometry": { "type": "Point", "coordinates": [ 126.929541, 35.153592 ] } },
{ "type": "Feature", "properties": { "name": "산수쌈밥", "cat": "음식", "sub": "한식", "addr": "전남광주통합특별시 동구 동계로 11", "alt": "", "src": "store" }, "geometry": { "type": "Point", "coordinates": [ 126.92423, 35.152886 ] } },
{ "type": "Feature", "properties": { "name": "산수쌈밥동명", "cat": "음식", "sub": "한식", "addr": "전남광주통합특별시 동구 동계로 11", "alt": "", "src": "store" }, "geometry": { "type": "Point", "coordinates": [ 126.92423, 35.152886 ] } },
{ "type": "Feature", "properties": { "name": "산수원", "cat": "음식", "sub": "한식", "addr": "전남광주통합특별시 동구 동명로67번길 32-9", "alt": "", "src": "store" }, "geometry": { "type": "Point", "coordinates": [ 126.925931, 35.153644 ] } },
{ "type": "Feature", "properties": { "name": "산수책방꽃이피다", "cat": "소매", "sub": "오락용품 소매", "addr": "전남광주통합특별시 동구 동명로69번길 28", "alt": "", "src": "store" }, "geometry": { "type": "Point", "coordinates": [ 126.927478, 35.153474 ] } },
{ "type": "Feature", "properties": { "name": "산수커피", "cat": "음식", "sub": "비알코올 ", "addr": "전남광주통합특별시 동구 동계로12번길 13", "alt": "", "src": "store" }, "geometry": { "type": "Point", "coordinates": [ 126.925558, 35.153094 ] } },
{ "type": "Feature", "properties": { "name": "산수팥죽", "cat": "음식", "sub": "한식", "addr": "전남광주통합특별시 동구 필문대로192번길 12-2", "alt": "", "src": "store" }, "geometry": { "type": "Point", "coordinates": [ 126.930101, 35.153773 ] } },
{ "type": "Feature", "properties": { "name": "산여울", "cat": "소매", "sub": "기타 상품 소매", "addr": "전남광주통합특별시 동구 독립로264번길 25", "alt": "", "src": "store" }, "geometry": { "type": "Point", "coordinates": [ 126.913661, 35.153456 ] } },
{ "type": "Feature", "properties": { "name": "산울림", "cat": "음식", "sub": "주점", "addr": "전남광주통합특별시 동구 동명로70번길 1-3", "alt": "", "src": "store" }, "geometry": { "type": "Point", "coordinates": [ 126.928446, 35.150798 ] } },
{ "type": "Feature", "properties": { "name": "산탕집", "cat": "음식", "sub": "한식", "addr": "전남광주통합특별시 동구 중앙로246번길 2-1", "alt": "", "src": "store" }, "geometry": { "type": "Point", "coordinates": [ 126.920037, 35.153623 ] } },
{ "type": "Feature", "properties": { "name": "삼미집", "cat": "음식", "sub": "한식", "addr": "전남광주통합특별시 동구 동명로 15", "alt": "", "src": "store" }, "geometry": { "type": "Point", "coordinates": [ 126.923058, 35.15056 ] } },
{ "type": "Feature", "properties": { "name": "삼성공인중개사사무소", "cat": "부동산", "sub": "부동산 서비스", "addr": "전남광주통합특별시 동구 밤실로30번길 11", "alt": "", "src": "store" }, "geometry": { "type": "Point", "coordinates": [ 126.93851, 35.150533 ] } },
{ "type": "Feature", "properties": { "name": "삼성물산롯데광주점주", "cat": "소매", "sub": "섬유·의복·신발 소매", "addr": "전남광주통합특별시 동구 독립로 268", "alt": "", "src": "store" }, "geometry": { "type": "Point", "coordinates": [ 126.912178, 35.154555 ] } },
{ "type": "Feature", "properties": { "name": "삼성여관", "cat": "숙박", "sub": "일반 숙박", "addr": "전남광주통합특별시 동구 제봉로222번길 9-1", "alt": "", "src": "store" }, "geometry": { "type": "Point", "coordinates": [ 126.914262, 35.155728 ] } },
{ "type": "Feature", "properties": { "name": "삼성전자지산", "cat": "소매", "sub": "가전·통신 소매", "addr": "전남광주통합특별시 동구 지호로 38", "alt": "", "src": "store" }, "geometry": { "type": "Point", "coordinates": [ 126.932839, 35.147817 ] } },
{ "type": "Feature", "properties": { "name": "삼성플러스투어", "cat": "시설관리·임대", "sub": "여행사·보조", "addr": "전남광주통합특별시 동구 동명로 81-3", "alt": "", "src": "store" }, "geometry": { "type": "Point", "coordinates": [ 126.929456, 35.151114 ] } },
{ "type": "Feature", "properties": { "name": "삼양전자", "cat": "소매", "sub": "중고 상품 소매", "addr": "전남광주통합특별시 동구 독립로264번길 25", "alt": "", "src": "store" }, "geometry": { "type": "Point", "coordinates": [ 126.913661, 35.153456 ] } },
{ "type": "Feature", "properties": { "name": "삼우상사", "cat": "소매", "sub": "철물·건설자재 소매", "addr": "전남광주통합특별시 동구 경양로 314-1", "alt": "", "src": "store" }, "geometry": { "type": "Point", "coordinates": [ 126.923516, 35.154175 ] } },
{ "type": "Feature", "properties": { "name": "삼일집", "cat": "음식", "sub": "한식", "addr": "전남광주통합특별시 동구 제봉로110번길 15-1", "alt": "", "src": "store" }, "geometry": { "type": "Point", "coordinates": [ 126.923476, 35.149064 ] } },
{ "type": "Feature", "properties": { "name": "삼주", "cat": "수리·개인", "sub": "욕탕·신체관리", "addr": "전남광주통합특별시 동구 동명로 52", "alt": "", "src": "store" }, "geometry": { "type": "Point", "coordinates": [ 126.926065, 35.151139 ] } },
{ "type": "Feature", "properties": { "name": "삼진식당", "cat": "음식", "sub": "한식", "addr": "전남광주통합특별시 동구 동계천로 68", "alt": "", "src": "store" }, "geometry": { "type": "Point", "coordinates": [ 126.918764, 35.153315 ] } },
{ "type": "Feature", "properties": { "name": "삼태기식당", "cat": "음식", "sub": "한식", "addr": "전남광주통합특별시 동구 구성로 198", "alt": "", "src": "store" }, "geometry": { "type": "Point", "coordinates": [ 126.91432, 35.153087 ] } },
{ "type": "Feature", "properties": { "name": "삼평식당", "cat": "음식", "sub": "기타 간이", "addr": "전남광주통합특별시 동구 장동로 23-33", "alt": "", "src": "store" }, "geometry": { "type": "Point", "coordinates": [ 126.924596, 35.148488 ] } },
{ "type": "Feature", "properties": { "name": "삼호식당", "cat": "음식", "sub": "한식", "addr": "전남광주통합특별시 동구 중앙로 249-6", "alt": "", "src": "store" }, "geometry": { "type": "Point", "coordinates": [ 126.919938, 35.154235 ] } },
{ "type": "Feature", "properties": { "name": "삼화장여관", "cat": "숙박", "sub": "일반 숙박", "addr": "전남광주통합특별시 동구 제봉로222번길 6-15", "alt": "", "src": "store" }, "geometry": { "type": "Point", "coordinates": [ 126.914768, 35.154998 ] } },
{ "type": "Feature", "properties": { "name": "상록수집", "cat": "음식", "sub": "한식", "addr": "전남광주통합특별시 동구 구성로 234", "alt": "", "src": "store" }, "geometry": { "type": "Point", "coordinates": [ 126.91705, 35.155513 ] } },
{ "type": "Feature", "properties": { "name": "상미food", "cat": "소매", "sub": "종합 소매", "addr": "전남광주통합특별시 동구 동계로 8-1", "alt": "", "src": "store" }, "geometry": { "type": "Point", "coordinates": [ 126.92445, 35.152472 ] } },
{ "type": "Feature", "properties": { "name": "상상미디어", "cat": "소매", "sub": "안경·정밀기기 소매", "addr": "전남광주통합특별시 동구 독립로264번길 12", "alt": "", "src": "store" }, "geometry": { "type": "Point", "coordinates": [ 126.91208, 35.153824 ] } },
{ "type": "Feature", "properties": { "name": "상설할인매장", "cat": "소매", "sub": "섬유·의복·신발 소매", "addr": "전남광주통합특별시 동구 구성로 194", "alt": "", "src": "store" }, "geometry": { "type": "Point", "coordinates": [ 126.9141, 35.152897 ] } },
{ "type": "Feature", "properties": { "name": "상일장묘", "cat": "수리·개인", "sub": "장례식장 ", "addr": "전남광주통합특별시 동구 동명로 65", "alt": "", "src": "store" }, "geometry": { "type": "Point", "coordinates": [ 126.927557, 35.15123 ] } },
{ "type": "Feature", "properties": { "name": "상일전자", "cat": "소매", "sub": "중고 상품 소매", "addr": "전남광주통합특별시 동구 독립로264번길 30", "alt": "", "src": "store" }, "geometry": { "type": "Point", "coordinates": [ 126.913727, 35.152996 ] } },
{ "type": "Feature", "properties": { "name": "새금호약국", "cat": "소매", "sub": "의약·화장품 소매", "addr": "전남광주통합특별시 동구 중앙로 229", "alt": "", "src": "store" }, "geometry": { "type": "Point", "coordinates": [ 126.91849, 35.152936 ] } },
{ "type": "Feature", "properties": { "name": "새날고시텔", "cat": "숙박", "sub": "기타 숙박", "addr": "전남광주통합특별시 동구 제봉로140번길 6", "alt": "", "src": "store" }, "geometry": { "type": "Point", "coordinates": [ 126.92139, 35.150577 ] } },
{ "type": "Feature", "properties": { "name": "새날방역", "cat": "시설관리·임대", "sub": "청소·방제", "addr": "전남광주통합특별시 동구 필문대로218번길 2-21", "alt": "", "src": "store" }, "geometry": { "type": "Point", "coordinates": [ 126.929927, 35.15234 ] } },
{ "type": "Feature", "properties": { "name": "새롬파크", "cat": "숙박", "sub": "일반 숙박", "addr": "전남광주통합특별시 동구 제봉로222번길 10-16", "alt": "", "src": "store" }, "geometry": { "type": "Point", "coordinates": [ 126.914932, 35.155088 ] } },
{ "type": "Feature", "properties": { "name": "새반도정", "cat": "음식", "sub": "한식", "addr": "전남광주통합특별시 동구 독립로264번길 26-1", "alt": "", "src": "store" }, "geometry": { "type": "Point", "coordinates": [ 126.913464, 35.153158 ] } },
{ "type": "Feature", "properties": { "name": "새승호장", "cat": "숙박", "sub": "일반 숙박", "addr": "전남광주통합특별시 동구 제봉로222번길 9", "alt": "", "src": "store" }, "geometry": { "type": "Point", "coordinates": [ 126.914163, 35.155647 ] } },
{ "type": "Feature", "properties": { "name": "새움", "cat": "부동산", "sub": "부동산 서비스", "addr": "전남광주통합특별시 동구 밤실로20번길 15", "alt": "", "src": "store" }, "geometry": { "type": "Point", "coordinates": [ 126.938621, 35.149343 ] } },
{ "type": "Feature", "properties": { "name": "샌드앤아트", "cat": "소매", "sub": "장식품 소매", "addr": "전남광주통합특별시 동구 동계천로 77", "alt": "", "src": "store" }, "geometry": { "type": "Point", "coordinates": [ 126.919884, 35.152874 ] } },
{ "type": "Feature", "properties": { "name": "생활용품할인점", "cat": "소매", "sub": "의약·화장품 소매", "addr": "전남광주통합특별시 동구 구성로 219-1", "alt": "", "src": "store" }, "geometry": { "type": "Point", "coordinates": [ 126.915887, 35.154846 ] } },
{ "type": "Feature", "properties": { "name": "샤론헤어클럽", "cat": "수리·개인", "sub": "이용·미용", "addr": "전남광주통합특별시 동구 제봉로 221-19", "alt": "", "src": "store" }, "geometry": { "type": "Point", "coordinates": [ 126.913254, 35.154384 ] } },
{ "type": "Feature", "properties": { "name": "샤르르손칼국수", "cat": "음식", "sub": "한식", "addr": "전남광주통합특별시 동구 동계천로 47-1", "alt": "", "src": "store" }, "geometry": { "type": "Point", "coordinates": [ 126.917534, 35.154721 ] } },
{ "type": "Feature", "properties": { "name": "샤르망", "cat": "소매", "sub": "섬유·의복·신발 소매", "addr": "전남광주통합특별시 동구 제봉로194번길 16", "alt": "", "src": "store" }, "geometry": { "type": "Point", "coordinates": [ 126.917359, 35.15427 ] } },
{ "type": "Feature", "properties": { "name": "샤브렐라", "cat": "음식", "sub": "한식", "addr": "전남광주통합특별시 동구 제봉로110번길 17", "alt": "", "src": "store" }, "geometry": { "type": "Point", "coordinates": [ 126.923597, 35.149172 ] } },
{ "type": "Feature", "properties": { "name": "서강갤러리", "cat": "소매", "sub": "장식품 소매", "addr": "전남광주통합특별시 동구 중앙로 266", "alt": "", "src": "store" }, "geometry": { "type": "Point", "coordinates": [ 126.920859, 35.155354 ] } },
{ "type": "Feature", "properties": { "name": "서광기획", "cat": "과학·기술", "sub": "광고", "addr": "전남광주통합특별시 동구 동계천로 143", "alt": "", "src": "store" }, "geometry": { "type": "Point", "coordinates": [ 126.924969, 35.149029 ] } },
{ "type": "Feature", "properties": { "name": "서광빌딩", "cat": "부동산", "sub": "부동산 서비스", "addr": "전남광주통합특별시 동구 동계천로 143", "alt": "", "src": "store" }, "geometry": { "type": "Point", "coordinates": [ 126.924969, 35.149029 ] } },
{ "type": "Feature", "properties": { "name": "서광사", "cat": "시설관리·임대", "sub": "사무 지원", "addr": "전남광주통합특별시 동구 지산로 72", "alt": "", "src": "store" }, "geometry": { "type": "Point", "coordinates": [ 126.933243, 35.150178 ] } },
{ "type": "Feature", "properties": { "name": "서달", "cat": "음식", "sub": "주점", "addr": "전남광주통합특별시 동구 동계천로 143-17", "alt": "", "src": "store" }, "geometry": { "type": "Point", "coordinates": [ 126.9251, 35.149615 ] } },
{ "type": "Feature", "properties": { "name": "서로", "cat": "음식", "sub": "주점", "addr": "전남광주통합특별시 동구 장동로 5-8", "alt": "", "src": "store" }, "geometry": { "type": "Point", "coordinates": [ 126.923246, 35.14928 ] } },
{ "type": "Feature", "properties": { "name": "서문어시장", "cat": "음식", "sub": "한식", "addr": "전남광주통합특별시 동구 동계천로 40", "alt": "", "src": "store" }, "geometry": { "type": "Point", "coordinates": [ 126.916469, 35.154927 ] } },
{ "type": "Feature", "properties": { "name": "서본", "cat": "소매", "sub": "섬유·의복·신발 소매", "addr": "전남광주통합특별시 동구 동명로98번길 6", "alt": "", "src": "store" }, "geometry": { "type": "Point", "coordinates": [ 126.930806, 35.150528 ] } },
{ "type": "Feature", "properties": { "name": "서연인테리어", "cat": "과학·기술", "sub": "전문 디자인", "addr": "전남광주통합특별시 동구 구성로 240", "alt": "", "src": "store" }, "geometry": { "type": "Point", "coordinates": [ 126.9175, 35.155883 ] } },
{ "type": "Feature", "properties": { "name": "서울A.V", "cat": "소매", "sub": "가전·통신 소매", "addr": "전남광주통합특별시 동구 독립로264번길 25", "alt": "", "src": "store" }, "geometry": { "type": "Point", "coordinates": [ 126.913661, 35.153456 ] } },
{ "type": "Feature", "properties": { "name": "서원", "cat": "음식", "sub": "한식", "addr": "전남광주통합특별시 동구 장동로 9-1", "alt": "", "src": "store" }, "geometry": { "type": "Point", "coordinates": [ 126.92329, 35.149064 ] } },
{ "type": "Feature", "properties": { "name": "서원메디칼", "cat": "소매", "sub": "의약·화장품 소매", "addr": "전남광주통합특별시 동구 필문대로253번길 11-17", "alt": "", "src": "store" }, "geometry": { "type": "Point", "coordinates": [ 126.930248, 35.148762 ] } },
{ "type": "Feature", "properties": { "name": "서전갤러리", "cat": "소매", "sub": "장식품 소매", "addr": "전남광주통합특별시 동구 구성로238번길 4", "alt": "", "src": "store" }, "geometry": { "type": "Point", "coordinates": [ 126.917533, 35.155631 ] } },
{ "type": "Feature", "properties": { "name": "선", "cat": "음식", "sub": "주점", "addr": "전남광주통합특별시 동구 동명로 19-6", "alt": "", "src": "store" }, "geometry": { "type": "Point", "coordinates": [ 126.923036, 35.150993 ] } },
{ "type": "Feature", "properties": { "name": "선공인중개사사무소", "cat": "부동산", "sub": "부동산 서비스", "addr": "전남광주통합특별시 동구 필문대로218번길 2-27", "alt": "", "src": "store" }, "geometry": { "type": "Point", "coordinates": [ 126.929992, 35.152592 ] } },
{ "type": "Feature", "properties": { "name": "선데이즈가든", "cat": "음식", "sub": "한식", "addr": "전남광주통합특별시 동구 동명로25번길 7-2", "alt": "", "src": "store" }, "geometry": { "type": "Point", "coordinates": [ 126.922849, 35.151479 ] } },
{ "type": "Feature", "properties": { "name": "선비식당", "cat": "음식", "sub": "한식", "addr": "전남광주통합특별시 동구 필문대로192번길 16-1", "alt": "", "src": "store" }, "geometry": { "type": "Point", "coordinates": [ 126.929673, 35.153638 ] } },
{ "type": "Feature", "properties": { "name": "선스튜디오", "cat": "과학·기술", "sub": "사진 촬영", "addr": "전남광주통합특별시 동구 독립로264번길 28-4", "alt": "", "src": "store" }, "geometry": { "type": "Point", "coordinates": [ 126.913464, 35.152996 ] } },
{ "type": "Feature", "properties": { "name": "선아리", "cat": "소매", "sub": "장식품 소매", "addr": "전남광주통합특별시 동구 필문대로 209", "alt": "", "src": "store" }, "geometry": { "type": "Point", "coordinates": [ 126.931222, 35.15198 ] } },
{ "type": "Feature", "properties": { "name": "선우식품", "cat": "소매", "sub": "식료품 소매", "addr": "전남광주통합특별시 동구 제봉로194번길 6", "alt": "", "src": "store" }, "geometry": { "type": "Point", "coordinates": [ 126.916613, 35.153782 ] } },
{ "type": "Feature", "properties": { "name": "선일", "cat": "음식", "sub": "한식", "addr": "전남광주통합특별시 동구 동계천로 59-6", "alt": "", "src": "store" }, "geometry": { "type": "Point", "coordinates": [ 126.918401, 35.154072 ] } },
{ "type": "Feature", "properties": { "name": "선채", "cat": "음식", "sub": "한식", "addr": "전남광주통합특별시 동구 동계천로 163-6", "alt": "", "src": "store" }, "geometry": { "type": "Point", "coordinates": [ 126.927152, 35.149517 ] } },
{ "type": "Feature", "properties": { "name": "섬마을", "cat": "음식", "sub": "한식", "addr": "전남광주통합특별시 동구 동계천로 68", "alt": "", "src": "store" }, "geometry": { "type": "Point", "coordinates": [ 126.918764, 35.153315 ] } },
{ "type": "Feature", "properties": { "name": "성동상", "cat": "소매", "sub": "식료품 소매", "addr": "전남광주통합특별시 동구 동명로 110", "alt": "", "src": "store" }, "geometry": { "type": "Point", "coordinates": [ 126.932595, 35.150394 ] } },
{ "type": "Feature", "properties": { "name": "성심공인중개사사무소", "cat": "부동산", "sub": "부동산 서비스", "addr": "전남광주통합특별시 동구 동명로67번길 32-9", "alt": "", "src": "store" }, "geometry": { "type": "Point", "coordinates": [ 126.925931, 35.153644 ] } },
{ "type": "Feature", "properties": { "name": "성원", "cat": "수리·개인", "sub": "기타 개인", "addr": "전남광주통합특별시 동구 동계천로 51-4", "alt": "", "src": "store" }, "geometry": { "type": "Point", "coordinates": [ 126.917699, 35.154441 ] } },
{ "type": "Feature", "properties": { "name": "성창귀뚜라미홈시스", "cat": "소매", "sub": "철물·건설자재 소매", "addr": "전남광주통합특별시 동구 필문대로 199-2", "alt": "", "src": "store" }, "geometry": { "type": "Point", "coordinates": [ 126.931386, 35.1528 ] } },
{ "type": "Feature", "properties": { "name": "성화당", "cat": "소매", "sub": "시계·귀금속 소매", "addr": "전남광주통합특별시 동구 중앙로 247", "alt": "", "src": "store" }, "geometry": { "type": "Point", "coordinates": [ 126.919839, 35.154001 ] } },
{ "type": "Feature", "properties": { "name": "세계로약국", "cat": "소매", "sub": "의약·화장품 소매", "addr": "전남광주통합특별시 동구 제봉로 182", "alt": "", "src": "store" }, "geometry": { "type": "Point", "coordinates": [ 126.917305, 35.152891 ] } },
{ "type": "Feature", "properties": { "name": "세광자전거", "cat": "소매", "sub": "오락용품 소매", "addr": "전남광주통합특별시 동구 제봉로 136", "alt": "", "src": "store" }, "geometry": { "type": "Point", "coordinates": [ 126.921313, 35.150234 ] } },
{ "type": "Feature", "properties": { "name": "세광전기", "cat": "수리·개인", "sub": "가전제품 수리", "addr": "전남광주통합특별시 동구 경양로277번길 2", "alt": "", "src": "store" }, "geometry": { "type": "Point", "coordinates": [ 126.920123, 35.155209 ] } },
{ "type": "Feature", "properties": { "name": "세라네일", "cat": "수리·개인", "sub": "이용·미용", "addr": "전남광주통합특별시 동구 준법로 1", "alt": "", "src": "store" }, "geometry": { "type": "Point", "coordinates": [ 126.933265, 35.149647 ] } },
{ "type": "Feature", "properties": { "name": "세란약국", "cat": "소매", "sub": "의약·화장품 소매", "addr": "전남광주통합특별시 동구 필문대로273번길 2", "alt": "", "src": "store" }, "geometry": { "type": "Point", "coordinates": [ 126.92778, 35.146786 ] } },
{ "type": "Feature", "properties": { "name": "세무사이영규사무소", "cat": "과학·기술", "sub": "회계·세무", "addr": "전남광주통합특별시 동구 동명로 110", "alt": "", "src": "store" }, "geometry": { "type": "Point", "coordinates": [ 126.932595, 35.150394 ] } },
{ "type": "Feature", "properties": { "name": "세미투어", "cat": "시설관리·임대", "sub": "여행사·보조", "addr": "전남광주통합특별시 동구 구성로194번길 7", "alt": "", "src": "store" }, "geometry": { "type": "Point", "coordinates": [ 126.91488, 35.152573 ] } },
{ "type": "Feature", "properties": { "name": "세븐", "cat": "음식", "sub": "주점", "addr": "전남광주통합특별시 동구 동계천로6번길 11-11", "alt": "", "src": "store" }, "geometry": { "type": "Point", "coordinates": [ 126.914053, 35.156043 ] } },
{ "type": "Feature", "properties": { "name": "세븐광주대인송파점주", "cat": "소매", "sub": "종합 소매", "addr": "전남광주통합특별시 동구 제봉로222번길 1", "alt": "", "src": "store" }, "geometry": { "type": "Point", "coordinates": [ 126.91367, 35.15515 ] } },
{ "type": "Feature", "properties": { "name": "세븐광주동리단길점", "cat": "소매", "sub": "종합 소매", "addr": "전남광주통합특별시 동구 동계천로 157-1", "alt": "", "src": "store" }, "geometry": { "type": "Point", "coordinates": [ 126.926505, 35.14921 ] } },
{ "type": "Feature", "properties": { "name": "세븐광주동명낭만점", "cat": "소매", "sub": "종합 소매", "addr": "전남광주통합특별시 동구 장동로 13", "alt": "", "src": "store" }, "geometry": { "type": "Point", "coordinates": [ 126.923619, 35.148785 ] } },
{ "type": "Feature", "properties": { "name": "세븐대인점주", "cat": "소매", "sub": "종합 소매", "addr": "전남광주통합특별시 동구 구성로 221-1", "alt": "", "src": "store" }, "geometry": { "type": "Point", "coordinates": [ 126.915986, 35.154981 ] } },
{ "type": "Feature", "properties": { "name": "세븐웍스", "cat": "과학·기술", "sub": "본사·경영 컨설팅", "addr": "전남광주통합특별시 동구 제봉로212번길 7", "alt": "", "src": "store" }, "geometry": { "type": "Point", "coordinates": [ 126.915492, 35.155152 ] } },
{ "type": "Feature", "properties": { "name": "세븐일레븐광주", "cat": "소매", "sub": "종합 소매", "addr": "전남광주통합특별시 동구 금남로 161-42", "alt": "", "src": "store" }, "geometry": { "type": "Point", "coordinates": [ 126.912497, 35.153726 ] } },
{ "type": "Feature", "properties": { "name": "세븐일레븐광주", "cat": "소매", "sub": "종합 소매", "addr": "전남광주통합특별시 동구 동명로 115", "alt": "", "src": "store" }, "geometry": { "type": "Point", "coordinates": [ 126.932979, 35.150863 ] } },
{ "type": "Feature", "properties": { "name": "세븐일레븐광주뉴대인", "cat": "소매", "sub": "종합 소매", "addr": "전남광주통합특별시 동구 구성로194번길 15-10", "alt": "", "src": "store" }, "geometry": { "type": "Point", "coordinates": [ 126.915802, 35.152241 ] } },
{ "type": "Feature", "properties": { "name": "세븐일레븐광주대인", "cat": "소매", "sub": "종합 소매", "addr": "전남광주통합특별시 동구 제봉로222번길 1", "alt": "", "src": "store" }, "geometry": { "type": "Point", "coordinates": [ 126.91367, 35.15515 ] } },
{ "type": "Feature", "properties": { "name": "세븐일레븐광주대인점", "cat": "소매", "sub": "종합 소매", "addr": "전남광주통합특별시 동구 구성로 221-1", "alt": "", "src": "store" }, "geometry": { "type": "Point", "coordinates": [ 126.915986, 35.154981 ] } },
{ "type": "Feature", "properties": { "name": "세븐일레븐광주동명로점", "cat": "소매", "sub": "종합 소매", "addr": "전남광주통합특별시 동구 동명로14번길 1", "alt": "", "src": "store" }, "geometry": { "type": "Point", "coordinates": [ 126.923311, 35.150344 ] } },
{ "type": "Feature", "properties": { "name": "세븐일레븐광주조대", "cat": "소매", "sub": "종합 소매", "addr": "전남광주통합특별시 동구 필문대로273번길 1", "alt": "", "src": "store" }, "geometry": { "type": "Point", "coordinates": [ 126.927934, 35.146894 ] } },
{ "type": "Feature", "properties": { "name": "세븐일레븐광주지산점", "cat": "소매", "sub": "종합 소매", "addr": "전남광주통합특별시 동구 지산로 48", "alt": "", "src": "store" }, "geometry": { "type": "Point", "coordinates": [ 126.932575, 35.147925 ] } },
{ "type": "Feature", "properties": { "name": "세븐지산점주", "cat": "소매", "sub": "종합 소매", "addr": "전남광주통합특별시 동구 지산로 48", "alt": "", "src": "store" }, "geometry": { "type": "Point", "coordinates": [ 126.932575, 35.147925 ] } },
{ "type": "Feature", "properties": { "name": "세운개발", "cat": "부동산", "sub": "부동산 서비스", "addr": "전남광주통합특별시 동구 동명로 110", "alt": "", "src": "store" }, "geometry": { "type": "Point", "coordinates": [ 126.932595, 35.150394 ] } },
{ "type": "Feature", "properties": { "name": "세이렌", "cat": "음식", "sub": "주점", "addr": "전남광주통합특별시 동구 제봉로 226-1", "alt": "", "src": "store" }, "geometry": { "type": "Point", "coordinates": [ 126.913494, 35.155268 ] } },
{ "type": "Feature", "properties": { "name": "세이렌라이브", "cat": "음식", "sub": "주점", "addr": "전남광주통합특별시 동구 제봉로 226-1", "alt": "", "src": "store" }, "geometry": { "type": "Point", "coordinates": [ 126.913494, 35.155268 ] } },
{ "type": "Feature", "properties": { "name": "세종고시텔", "cat": "숙박", "sub": "기타 숙박", "addr": "전남광주통합특별시 동구 필문대로253번길 9-11", "alt": "", "src": "store" }, "geometry": { "type": "Point", "coordinates": [ 126.929699, 35.148806 ] } },
{ "type": "Feature", "properties": { "name": "세종온누리약국", "cat": "소매", "sub": "의약·화장품 소매", "addr": "전남광주통합특별시 동구 중앙로 233", "alt": "", "src": "store" }, "geometry": { "type": "Point", "coordinates": [ 126.918841, 35.153216 ] } },
{ "type": "Feature", "properties": { "name": "세진문화사", "cat": "과학·기술", "sub": "인쇄·제품제작", "addr": "전남광주통합특별시 동구 제봉로 183-7", "alt": "", "src": "store" }, "geometry": { "type": "Point", "coordinates": [ 126.916669, 35.152421 ] } },
{ "type": "Feature", "properties": { "name": "세탁과수선", "cat": "수리·개인", "sub": "세탁", "addr": "전남광주통합특별시 동구 동명로 78", "alt": "", "src": "store" }, "geometry": { "type": "Point", "coordinates": [ 126.928852, 35.150861 ] } },
{ "type": "Feature", "properties": { "name": "센트럴세탁", "cat": "수리·개인", "sub": "세탁", "addr": "전남광주통합특별시 동구 경양로 234", "alt": "", "src": "store" }, "geometry": { "type": "Point", "coordinates": [ 126.916841, 35.15591 ] } },
{ "type": "Feature", "properties": { "name": "센트럴약국", "cat": "소매", "sub": "의약·화장품 소매", "addr": "전남광주통합특별시 동구 제봉로222번길 13", "alt": "", "src": "store" }, "geometry": { "type": "Point", "coordinates": [ 126.914459, 35.15589 ] } },
{ "type": "Feature", "properties": { "name": "소뇨", "cat": "음식", "sub": "서양식", "addr": "전남광주통합특별시 동구 장동로 19-3", "alt": "", "src": "store" }, "geometry": { "type": "Point", "coordinates": [ 126.924136, 35.148388 ] } },
{ "type": "Feature", "properties": { "name": "소르", "cat": "수리·개인", "sub": "이용·미용", "addr": "전남광주통합특별시 동구 동명로 29", "alt": "", "src": "store" }, "geometry": { "type": "Point", "coordinates": [ 126.923781, 35.151687 ] } },
{ "type": "Feature", "properties": { "name": "소리네팥죽", "cat": "음식", "sub": "한식", "addr": "전남광주통합특별시 동구 필문대로192번길 32-2", "alt": "", "src": "store" }, "geometry": { "type": "Point", "coordinates": [ 126.928005, 35.153402 ] } },
{ "type": "Feature", "properties": { "name": "소림마라광주", "cat": "음식", "sub": "중식", "addr": "전남광주통합특별시 동구 지산로78번길 18", "alt": "", "src": "store" }, "geometry": { "type": "Point", "coordinates": [ 126.934032, 35.15172 ] } },
{ "type": "Feature", "properties": { "name": "소망청과", "cat": "소매", "sub": "식료품 소매", "addr": "전남광주통합특별시 동구 중앙로 219", "alt": "", "src": "store" }, "geometry": { "type": "Point", "coordinates": [ 126.917602, 35.152143 ] } },
{ "type": "Feature", "properties": { "name": "소문난튀김", "cat": "음식", "sub": "기타 간이", "addr": "전남광주통합특별시 동구 중앙로 238-1", "alt": "", "src": "store" }, "geometry": { "type": "Point", "coordinates": [ 126.919478, 35.153271 ] } },
{ "type": "Feature", "properties": { "name": "소바쿄다이", "cat": "음식", "sub": "일식", "addr": "전남광주통합특별시 동구 동계천로 135-3", "alt": "", "src": "store" }, "geometry": { "type": "Point", "coordinates": [ 126.924332, 35.149578 ] } },
{ "type": "Feature", "properties": { "name": "소보쿠", "cat": "음식", "sub": "일식", "addr": "전남광주통합특별시 동구 장동로 51-1", "alt": "", "src": "store" }, "geometry": { "type": "Point", "coordinates": [ 126.927264, 35.147191 ] } },
{ "type": "Feature", "properties": { "name": "소셜에듀테인먼트흥쇼협동조합", "cat": "시설관리·임대", "sub": "기타 사업 서비스", "addr": "전남광주통합특별시 동구 동계천로85번길 10-1", "alt": "", "src": "store" }, "geometry": { "type": "Point", "coordinates": [ 126.921432, 35.152857 ] } },
{ "type": "Feature", "properties": { "name": "소소사진관", "cat": "과학·기술", "sub": "사진 촬영", "addr": "전남광주통합특별시 동구 제봉로190번길 5", "alt": "", "src": "store" }, "geometry": { "type": "Point", "coordinates": [ 126.917216, 35.153846 ] } },
{ "type": "Feature", "properties": { "name": "소유", "cat": "소매", "sub": "섬유·의복·신발 소매", "addr": "전남광주통합특별시 동구 구성로 236", "alt": "", "src": "store" }, "geometry": { "type": "Point", "coordinates": [ 126.917149, 35.15564 ] } },
{ "type": "Feature", "properties": { "name": "소코아", "cat": "음식", "sub": "한식", "addr": "전남광주통합특별시 동구 동계천로 123", "alt": "", "src": "store" }, "geometry": { "type": "Point", "coordinates": [ 126.92341, 35.150145 ] } },
{ "type": "Feature", "properties": { "name": "소쿠리광주", "cat": "음식", "sub": "한식", "addr": "전남광주통합특별시 동구 동명로 4", "alt": "", "src": "store" }, "geometry": { "type": "Point", "coordinates": [ 126.922587, 35.14964 ] } },
{ "type": "Feature", "properties": { "name": "소쿱", "cat": "음식", "sub": "비알코올 ", "addr": "전남광주통합특별시 동구 제봉로 133", "alt": "", "src": "store" }, "geometry": { "type": "Point", "coordinates": [ 126.921204, 35.149901 ] } },
{ "type": "Feature", "properties": { "name": "소통공인중개사사무소", "cat": "부동산", "sub": "부동산 서비스", "addr": "전남광주통합특별시 동구 동명로 101-1", "alt": "", "src": "store" }, "geometry": { "type": "Point", "coordinates": [ 126.931695, 35.151016 ] } },
{ "type": "Feature", "properties": { "name": "손놀터천과라탄", "cat": "소매", "sub": "장식품 소매", "addr": "전남광주통합특별시 동구 동계로 27", "alt": "", "src": "store" }, "geometry": { "type": "Point", "coordinates": [ 126.924448, 35.154193 ] } },
{ "type": "Feature", "properties": { "name": "손짜장일번지", "cat": "음식", "sub": "중식", "addr": "전남광주통합특별시 동구 준법로 8-3", "alt": "", "src": "store" }, "geometry": { "type": "Point", "coordinates": [ 126.933814, 35.14916 ] } },
{ "type": "Feature", "properties": { "name": "손탁앤아이허", "cat": "음식", "sub": "한식", "addr": "전남광주통합특별시 동구 제봉로138번길 8", "alt": "", "src": "store" }, "geometry": { "type": "Point", "coordinates": [ 126.921851, 35.150352 ] } },
{ "type": "Feature", "properties": { "name": "솔로몬경매공인중개사사무소", "cat": "부동산", "sub": "부동산 서비스", "addr": "전남광주통합특별시 동구 밤실로 25", "alt": "", "src": "store" }, "geometry": { "type": "Point", "coordinates": [ 126.936853, 35.149946 ] } },
{ "type": "Feature", "properties": { "name": "솔로몬전인치유판매", "cat": "소매", "sub": "의약·화장품 소매", "addr": "전남광주통합특별시 동구 중앙로 233", "alt": "", "src": "store" }, "geometry": { "type": "Point", "coordinates": [ 126.918841, 35.153216 ] } },
{ "type": "Feature", "properties": { "name": "솔솥동명", "cat": "음식", "sub": "한식", "addr": "전남광주통합특별시 동구 동명로 9-5", "alt": "", "src": "store" }, "geometry": { "type": "Point", "coordinates": [ 126.922597, 35.150343 ] } },
{ "type": "Feature", "properties": { "name": "솔티드머랭", "cat": "음식", "sub": "기타 간이", "addr": "전남광주통합특별시 동구 백서로 229", "alt": "", "src": "store" }, "geometry": { "type": "Point", "coordinates": [ 126.926594, 35.148191 ] } },
{ "type": "Feature", "properties": { "name": "솝허니브", "cat": "소매", "sub": "의약·화장품 소매", "addr": "전남광주통합특별시 동구 동계로1번길 8", "alt": "", "src": "store" }, "geometry": { "type": "Point", "coordinates": [ 126.923232, 35.152137 ] } },
{ "type": "Feature", "properties": { "name": "송가네", "cat": "음식", "sub": "한식", "addr": "전남광주통합특별시 동구 제봉로194번길 5", "alt": "", "src": "store" }, "geometry": { "type": "Point", "coordinates": [ 126.916448, 35.153945 ] } },
{ "type": "Feature", "properties": { "name": "송가네식당", "cat": "음식", "sub": "한식", "addr": "전남광주통합특별시 동구 제봉로194번길 5", "alt": "", "src": "store" }, "geometry": { "type": "Point", "coordinates": [ 126.916448, 35.153945 ] } },
{ "type": "Feature", "properties": { "name": "송암도예", "cat": "교육", "sub": "기타 교육", "addr": "전남광주통합특별시 동구 밤실로43번길 23", "alt": "", "src": "store" }, "geometry": { "type": "Point", "coordinates": [ 126.934251, 35.151567 ] } },
{ "type": "Feature", "properties": { "name": "송정은법률사무소", "cat": "과학·기술", "sub": "법무관련 ", "addr": "전남광주통합특별시 동구 지산로 70", "alt": "", "src": "store" }, "geometry": { "type": "Point", "coordinates": [ 126.933254, 35.149971 ] } },
{ "type": "Feature", "properties": { "name": "솥뚜껑삼겹한상", "cat": "음식", "sub": "한식", "addr": "전남광주통합특별시 동구 동계천로 83-2", "alt": "", "src": "store" }, "geometry": { "type": "Point", "coordinates": [ 126.920389, 35.152523 ] } },
{ "type": "Feature", "properties": { "name": "수.토탈패션잡화", "cat": "소매", "sub": "섬유·의복·신발 소매", "addr": "전남광주통합특별시 동구 구성로 230-1", "alt": "", "src": "store" }, "geometry": { "type": "Point", "coordinates": [ 126.916798, 35.155342 ] } },
{ "type": "Feature", "properties": { "name": "수니Brow", "cat": "수리·개인", "sub": "이용·미용", "addr": "전남광주통합특별시 동구 필문대로192번길 16-2", "alt": "", "src": "store" }, "geometry": { "type": "Point", "coordinates": [ 126.929816, 35.153692 ] } },
{ "type": "Feature", "properties": { "name": "수도사진관", "cat": "과학·기술", "sub": "사진 촬영", "addr": "전남광주통합특별시 동구 서석로85번길 8-13", "alt": "", "src": "store" }, "geometry": { "type": "Point", "coordinates": [ 126.920578, 35.150324 ] } },
{ "type": "Feature", "properties": { "name": "수도악기사", "cat": "소매", "sub": "기타 생활용품 소매", "addr": "전남광주통합특별시 동구 서석로 91", "alt": "", "src": "store" }, "geometry": { "type": "Point", "coordinates": [ 126.921292, 35.149847 ] } },
{ "type": "Feature", "properties": { "name": "수란", "cat": "시설관리·임대", "sub": "시설관리", "addr": "전남광주통합특별시 동구 지호로 92", "alt": "", "src": "store" }, "geometry": { "type": "Point", "coordinates": [ 126.938797, 35.147892 ] } },
{ "type": "Feature", "properties": { "name": "수목인테리어", "cat": "과학·기술", "sub": "전문 디자인", "addr": "전남광주통합특별시 동구 경양로 317", "alt": "", "src": "store" }, "geometry": { "type": "Point", "coordinates": [ 126.924108, 35.154148 ] } },
{ "type": "Feature", "properties": { "name": "수석고시원", "cat": "숙박", "sub": "기타 숙박", "addr": "전남광주통합특별시 동구 필문대로263번길 12", "alt": "", "src": "store" }, "geometry": { "type": "Point", "coordinates": [ 126.929283, 35.147283 ] } },
{ "type": "Feature", "properties": { "name": "수선", "cat": "수리·개인", "sub": "기타 가정용품 수리", "addr": "전남광주통합특별시 동구 금남로 161-32", "alt": "", "src": "store" }, "geometry": { "type": "Point", "coordinates": [ 126.912168, 35.153374 ] } },
{ "type": "Feature", "properties": { "name": "수성알앤디", "cat": "과학·기술", "sub": "본사·경영 컨설팅", "addr": "전남광주통합특별시 동구 동명로 84", "alt": "", "src": "store" }, "geometry": { "type": "Point", "coordinates": [ 126.929555, 35.15078 ] } },
{ "type": "Feature", "properties": { "name": "수인테리어", "cat": "과학·기술", "sub": "전문 디자인", "addr": "전남광주통합특별시 동구 경양로 315", "alt": "", "src": "store" }, "geometry": { "type": "Point", "coordinates": [ 126.923746, 35.15431 ] } },
{ "type": "Feature", "properties": { "name": "수창사운드", "cat": "소매", "sub": "가전·통신 소매", "addr": "전남광주통합특별시 동구 독립로264번길 26", "alt": "", "src": "store" }, "geometry": { "type": "Point", "coordinates": [ 126.913288, 35.153176 ] } },
{ "type": "Feature", "properties": { "name": "수하갤러리", "cat": "소매", "sub": "장식품 소매", "addr": "전남광주통합특별시 동구 동명로26번길 15-1", "alt": "", "src": "store" }, "geometry": { "type": "Point", "coordinates": [ 126.925384, 35.151129 ] } },
{ "type": "Feature", "properties": { "name": "순창상회", "cat": "소매", "sub": "식료품 소매", "addr": "전남광주통합특별시 동구 동계천로 57", "alt": "", "src": "store" }, "geometry": { "type": "Point", "coordinates": [ 126.918182, 35.154108 ] } },
{ "type": "Feature", "properties": { "name": "순창식품", "cat": "소매", "sub": "식료품 소매", "addr": "전남광주통합특별시 동구 동계천로 56-2", "alt": "", "src": "store" }, "geometry": { "type": "Point", "coordinates": [ 126.917919, 35.154036 ] } },
{ "type": "Feature", "properties": { "name": "술술", "cat": "음식", "sub": "한식", "addr": "전남광주통합특별시 동구 경양로 320", "alt": "", "src": "store" }, "geometry": { "type": "Point", "coordinates": [ 126.924065, 35.153932 ] } },
{ "type": "Feature", "properties": { "name": "숨(동)", "cat": "음식", "sub": "비알코올 ", "addr": "전남광주통합특별시 동구 장동로 53-9", "alt": "", "src": "store" }, "geometry": { "type": "Point", "coordinates": [ 126.927462, 35.147435 ] } },
{ "type": "Feature", "properties": { "name": "숨숨집", "cat": "음식", "sub": "한식", "addr": "전남광주통합특별시 동구 동계천로 167-5", "alt": "", "src": "store" }, "geometry": { "type": "Point", "coordinates": [ 126.927614, 35.149373 ] } },
{ "type": "Feature", "properties": { "name": "숲", "cat": "소매", "sub": "섬유·의복·신발 소매", "addr": "전남광주통합특별시 동구 독립로 268", "alt": "", "src": "store" }, "geometry": { "type": "Point", "coordinates": [ 126.912178, 35.154555 ] } },
{ "type": "Feature", "properties": { "name": "슈바빙", "cat": "음식", "sub": "비알코올 ", "addr": "전남광주통합특별시 동구 준법로25번길 16", "alt": "", "src": "store" }, "geometry": { "type": "Point", "coordinates": [ 126.936008, 35.150612 ] } },
{ "type": "Feature", "properties": { "name": "슈올즈대인", "cat": "소매", "sub": "섬유·의복·신발 소매", "addr": "전남광주통합특별시 동구 제봉로 179", "alt": "", "src": "store" }, "geometry": { "type": "Point", "coordinates": [ 126.91724, 35.152467 ] } },
{ "type": "Feature", "properties": { "name": "스마일고시원", "cat": "숙박", "sub": "기타 숙박", "addr": "전남광주통합특별시 동구 필문대로263번길 30", "alt": "", "src": "store" }, "geometry": { "type": "Point", "coordinates": [ 126.931358, 35.147041 ] } },
{ "type": "Feature", "properties": { "name": "스마일공인중개사사무소", "cat": "부동산", "sub": "부동산 서비스", "addr": "전남광주통합특별시 동구 동계천로 57", "alt": "", "src": "store" }, "geometry": { "type": "Point", "coordinates": [ 126.918182, 35.154108 ] } },
{ "type": "Feature", "properties": { "name": "스시야스라기", "cat": "음식", "sub": "일식", "addr": "전남광주통합특별시 동구 동계천로 103-1", "alt": "", "src": "store" }, "geometry": { "type": "Point", "coordinates": [ 126.921938, 35.151397 ] } },
{ "type": "Feature", "properties": { "name": "스시타이쇼광주점", "cat": "음식", "sub": "일식", "addr": "전남광주통합특별시 동구 독립로 268", "alt": "", "src": "store" }, "geometry": { "type": "Point", "coordinates": [ 126.912178, 35.154555 ] } },
{ "type": "Feature", "properties": { "name": "스야로운", "cat": "음식", "sub": "한식", "addr": "전남광주통합특별시 동구 동명로26번길 34", "alt": "", "src": "store" }, "geometry": { "type": "Point", "coordinates": [ 126.927382, 35.150653 ] } },
{ "type": "Feature", "properties": { "name": "스이메이", "cat": "음식", "sub": "일식", "addr": "전남광주통합특별시 동구 동명로14번길 17", "alt": "", "src": "store" }, "geometry": { "type": "Point", "coordinates": [ 126.925177, 35.150102 ] } },
{ "type": "Feature", "properties": { "name": "스카라여관", "cat": "숙박", "sub": "일반 숙박", "addr": "전남광주통합특별시 동구 동계천로6번길 11-12", "alt": "", "src": "store" }, "geometry": { "type": "Point", "coordinates": [ 126.914174, 35.15589 ] } },
{ "type": "Feature", "properties": { "name": "스케치스테이1", "cat": "숙박", "sub": "기타 숙박", "addr": "전남광주통합특별시 동구 동계천로95번길 18-9", "alt": "", "src": "store" }, "geometry": { "type": "Point", "coordinates": [ 126.92209, 35.153101 ] } },
{ "type": "Feature", "properties": { "name": "스코트", "cat": "음식", "sub": "비알코올 ", "addr": "전남광주통합특별시 동구 지산로 73", "alt": "", "src": "store" }, "geometry": { "type": "Point", "coordinates": [ 126.932848, 35.150178 ] } },
{ "type": "Feature", "properties": { "name": "스콘스SCONES", "cat": "음식", "sub": "비알코올 ", "addr": "전남광주통합특별시 동구 동명로 41-2", "alt": "", "src": "store" }, "geometry": { "type": "Point", "coordinates": [ 126.925296, 35.151724 ] } },
{ "type": "Feature", "properties": { "name": "스콜라", "cat": "소매", "sub": "섬유·의복·신발 소매", "addr": "전남광주통합특별시 동구 동계천로 163", "alt": "", "src": "store" }, "geometry": { "type": "Point", "coordinates": [ 126.926933, 35.149309 ] } },
{ "type": "Feature", "properties": { "name": "스타벅스", "cat": "음식", "sub": "비알코올 ", "addr": "전남광주통합특별시 동구 동명로 16", "alt": "", "src": "store" }, "geometry": { "type": "Point", "coordinates": [ 126.923541, 35.150488 ] } },
{ "type": "Feature", "properties": { "name": "스타벅스", "cat": "음식", "sub": "비알코올 ", "addr": "전남광주통합특별시 동구 필문대로 240", "alt": "", "src": "store" }, "geometry": { "type": "Point", "coordinates": [ 126.92904, 35.149806 ] } },
{ "type": "Feature", "properties": { "name": "스타일", "cat": "음식", "sub": "주점", "addr": "전남광주통합특별시 동구 제봉로 226-1", "alt": "", "src": "store" }, "geometry": { "type": "Point", "coordinates": [ 126.913494, 35.155268 ] } },
{ "type": "Feature", "properties": { "name": "스테이노아", "cat": "숙박", "sub": "기타 숙박", "addr": "전남광주통합특별시 동구 지호로 24-1", "alt": "", "src": "store" }, "geometry": { "type": "Point", "coordinates": [ 126.931708, 35.148185 ] } },
{ "type": "Feature", "properties": { "name": "스텔라가든", "cat": "부동산", "sub": "부동산 서비스", "addr": "전남광주통합특별시 동구 지호로 80-8", "alt": "", "src": "store" }, "geometry": { "type": "Point", "coordinates": [ 126.937964, 35.147531 ] } },
{ "type": "Feature", "properties": { "name": "스토아어바나", "cat": "음식", "sub": "비알코올 ", "addr": "전남광주통합특별시 동구 동계천로 129-3", "alt": "", "src": "store" }, "geometry": { "type": "Point", "coordinates": [ 126.924101, 35.149812 ] } },
{ "type": "Feature", "properties": { "name": "스튜디오포토비스타", "cat": "과학·기술", "sub": "사진 촬영", "addr": "전남광주통합특별시 동구 동계천로 81", "alt": "", "src": "store" }, "geometry": { "type": "Point", "coordinates": [ 126.920192, 35.152703 ] } },
{ "type": "Feature", "properties": { "name": "스파게티스토리", "cat": "음식", "sub": "서양식", "addr": "전남광주통합특별시 동구 제봉로 221-11", "alt": "", "src": "store" }, "geometry": { "type": "Point", "coordinates": [ 126.913605, 35.154465 ] } },
{ "type": "Feature", "properties": { "name": "스프링", "cat": "소매", "sub": "섬유·의복·신발 소매", "addr": "전남광주통합특별시 동구 동명로67번길 18", "alt": "", "src": "store" }, "geometry": { "type": "Point", "coordinates": [ 126.927084, 35.152446 ] } },
{ "type": "Feature", "properties": { "name": "스피드치킨", "cat": "음식", "sub": "기타 간이", "addr": "전남광주통합특별시 동구 동계천로6번길 16", "alt": "", "src": "store" }, "geometry": { "type": "Point", "coordinates": [ 126.913758, 35.155322 ] } },
{ "type": "Feature", "properties": { "name": "슬로우커피", "cat": "음식", "sub": "비알코올 ", "addr": "전남광주통합특별시 동구 제봉로 221-1", "alt": "", "src": "store" }, "geometry": { "type": "Point", "coordinates": [ 126.913583, 35.154664 ] } },
{ "type": "Feature", "properties": { "name": "슬지건축사사무소", "cat": "과학·기술", "sub": "기술 서비스", "addr": "전남광주통합특별시 동구 제봉로138번길 9", "alt": "", "src": "store" }, "geometry": { "type": "Point", "coordinates": [ 126.921983, 35.150604 ] } },
{ "type": "Feature", "properties": { "name": "승원골동품", "cat": "소매", "sub": "장식품 소매", "addr": "전남광주통합특별시 동구 중앙로 245", "alt": "", "src": "store" }, "geometry": { "type": "Point", "coordinates": [ 126.91973, 35.153893 ] } },
{ "type": "Feature", "properties": { "name": "승하오토바이", "cat": "소매", "sub": "모터사이클 소매", "addr": "전남광주통합특별시 동구 동명로 75-1", "alt": "", "src": "store" }, "geometry": { "type": "Point", "coordinates": [ 126.928709, 35.151113 ] } },
{ "type": "Feature", "properties": { "name": "시간과타자", "cat": "음식", "sub": "비알코올 ", "addr": "전남광주통합특별시 동구 동명로 114-2", "alt": "", "src": "store" }, "geometry": { "type": "Point", "coordinates": [ 126.932847, 35.150575 ] } },
{ "type": "Feature", "properties": { "name": "시골", "cat": "음식", "sub": "한식", "addr": "전남광주통합특별시 동구 지산로 52-1", "alt": "", "src": "store" }, "geometry": { "type": "Point", "coordinates": [ 126.932728, 35.148348 ] } },
{ "type": "Feature", "properties": { "name": "시골국밥", "cat": "음식", "sub": "한식", "addr": "전남광주통합특별시 동구 금남로169번길 8-7", "alt": "", "src": "store" }, "geometry": { "type": "Point", "coordinates": [ 126.913003, 35.152852 ] } },
{ "type": "Feature", "properties": { "name": "시그널경영컨설팅", "cat": "과학·기술", "sub": "본사·경영 컨설팅", "addr": "전남광주통합특별시 동구 구성로238번길 24-20", "alt": "", "src": "store" }, "geometry": { "type": "Point", "coordinates": [ 126.91872, 35.154081 ] } },
{ "type": "Feature", "properties": { "name": "시민이발", "cat": "수리·개인", "sub": "이용·미용", "addr": "전남광주통합특별시 동구 구성로 234", "alt": "", "src": "store" }, "geometry": { "type": "Point", "coordinates": [ 126.91705, 35.155513 ] } },
{ "type": "Feature", "properties": { "name": "시스살롱", "cat": "음식", "sub": "비알코올 ", "addr": "전남광주통합특별시 동구 백서로 219", "alt": "", "src": "store" }, "geometry": { "type": "Point", "coordinates": [ 126.926276, 35.147398 ] } },
{ "type": "Feature", "properties": { "name": "시안", "cat": "음식", "sub": "중식", "addr": "전남광주통합특별시 동구 구성로204번길 14", "alt": "", "src": "store" }, "geometry": { "type": "Point", "coordinates": [ 126.915615, 35.152655 ] } },
{ "type": "Feature", "properties": { "name": "시어링동명", "cat": "음식", "sub": "한식", "addr": "전남광주통합특별시 동구 동명로67번길 14-1", "alt": "", "src": "store" }, "geometry": { "type": "Point", "coordinates": [ 126.927271, 35.152302 ] } },
{ "type": "Feature", "properties": { "name": "시예lly", "cat": "소매", "sub": "섬유·의복·신발 소매", "addr": "전남광주통합특별시 동구 동명로14번길 19-5", "alt": "", "src": "store" }, "geometry": { "type": "Point", "coordinates": [ 126.925187, 35.150237 ] } },
{ "type": "Feature", "properties": { "name": "시월타로카페", "cat": "음식", "sub": "비알코올 ", "addr": "전남광주통합특별시 동구 지산로 37", "alt": "", "src": "store" }, "geometry": { "type": "Point", "coordinates": [ 126.931829, 35.147257 ] } },
{ "type": "Feature", "properties": { "name": "시장원조튀김", "cat": "음식", "sub": "기타 간이", "addr": "전남광주통합특별시 동구 동계천로 56-3", "alt": "", "src": "store" }, "geometry": { "type": "Point", "coordinates": [ 126.91794, 35.154018 ] } },
{ "type": "Feature", "properties": { "name": "시장찻집", "cat": "음식", "sub": "비알코올 ", "addr": "전남광주통합특별시 동구 동계천로 68", "alt": "", "src": "store" }, "geometry": { "type": "Point", "coordinates": [ 126.918764, 35.153315 ] } },
{ "type": "Feature", "properties": { "name": "시크릿", "cat": "음식", "sub": "주점", "addr": "전남광주통합특별시 동구 독립로 284", "alt": "", "src": "store" }, "geometry": { "type": "Point", "coordinates": [ 126.912989, 35.156033 ] } },
{ "type": "Feature", "properties": { "name": "신길공인중개사", "cat": "부동산", "sub": "부동산 서비스", "addr": "전남광주통합특별시 동구 밤실로 30", "alt": "", "src": "store" }, "geometry": { "type": "Point", "coordinates": [ 126.937193, 35.15037 ] } },
{ "type": "Feature", "properties": { "name": "신동아세차장", "cat": "수리·개인", "sub": "자동차 수리·세차", "addr": "전남광주통합특별시 동구 지호로 24", "alt": "", "src": "store" }, "geometry": { "type": "Point", "coordinates": [ 126.931565, 35.14823 ] } },
{ "type": "Feature", "properties": { "name": "신라모텔", "cat": "숙박", "sub": "일반 숙박", "addr": "전남광주통합특별시 동구 제봉로213번길 10-3", "alt": "", "src": "store" }, "geometry": { "type": "Point", "coordinates": [ 126.913265, 35.154024 ] } },
{ "type": "Feature", "properties": { "name": "신선농수산물유통", "cat": "소매", "sub": "식료품 소매", "addr": "전남광주통합특별시 동구 밤실로30번길 4-3", "alt": "", "src": "store" }, "geometry": { "type": "Point", "coordinates": [ 126.937512, 35.149937 ] } },
{ "type": "Feature", "properties": { "name": "신성수퍼", "cat": "소매", "sub": "종합 소매", "addr": "전남광주통합특별시 동구 경양로 306", "alt": "", "src": "store" }, "geometry": { "type": "Point", "coordinates": [ 126.922725, 35.154336 ] } },
{ "type": "Feature", "properties": { "name": "신성여인숙", "cat": "숙박", "sub": "일반 숙박", "addr": "전남광주통합특별시 동구 제봉로222번길 10-22", "alt": "", "src": "store" }, "geometry": { "type": "Point", "coordinates": [ 126.915196, 35.154926 ] } },
{ "type": "Feature", "properties": { "name": "신세계보청기메디칼센타", "cat": "소매", "sub": "의약·화장품 소매", "addr": "전남광주통합특별시 동구 중앙로 222", "alt": "", "src": "store" }, "geometry": { "type": "Point", "coordinates": [ 126.918271, 35.152296 ] } },
{ "type": "Feature", "properties": { "name": "신셰계건강원", "cat": "소매", "sub": "식료품 소매", "addr": "전남광주통합특별시 동구 필문대로192번길 16-2", "alt": "", "src": "store" }, "geometry": { "type": "Point", "coordinates": [ 126.929816, 35.153692 ] } },
{ "type": "Feature", "properties": { "name": "신앙촌상회", "cat": "소매", "sub": "종합 소매", "addr": "전남광주통합특별시 동구 제봉로 181-1", "alt": "", "src": "store" }, "geometry": { "type": "Point", "coordinates": [ 126.916965, 35.152467 ] } },
{ "type": "Feature", "properties": { "name": "신영자의전성시대", "cat": "음식", "sub": "한식", "addr": "전남광주통합특별시 동구 필문대로205번길 34", "alt": "", "src": "store" }, "geometry": { "type": "Point", "coordinates": [ 126.934624, 35.151847 ] } },
{ "type": "Feature", "properties": { "name": "신영텔레콤", "cat": "소매", "sub": "가전·통신 소매", "addr": "전남광주통합특별시 동구 구성로238번길 10-2", "alt": "", "src": "store" }, "geometry": { "type": "Point", "coordinates": [ 126.917873, 35.155352 ] } },
{ "type": "Feature", "properties": { "name": "신용상사", "cat": "소매", "sub": "기타 생활용품 소매", "addr": "전남광주통합특별시 동구 독립로264번길 25", "alt": "", "src": "store" }, "geometry": { "type": "Point", "coordinates": [ 126.913661, 35.153456 ] } },
{ "type": "Feature", "properties": { "name": "신협다방", "cat": "음식", "sub": "비알코올 ", "addr": "전남광주통합특별시 동구 구성로194번길 15-21", "alt": "", "src": "store" }, "geometry": { "type": "Point", "coordinates": [ 126.915703, 35.152538 ] } },
{ "type": "Feature", "properties": { "name": "신화보석", "cat": "소매", "sub": "시계·귀금속 소매", "addr": "전남광주통합특별시 동구 독립로 268", "alt": "", "src": "store" }, "geometry": { "type": "Point", "coordinates": [ 126.912178, 35.154555 ] } },
{ "type": "Feature", "properties": { "name": "심신사환건강방", "cat": "소매", "sub": "오락용품 소매", "addr": "전남광주통합특별시 동구 구성로204번길 14", "alt": "", "src": "store" }, "geometry": { "type": "Point", "coordinates": [ 126.915615, 35.152655 ] } },
{ "type": "Feature", "properties": { "name": "쌈지", "cat": "소매", "sub": "종합 소매", "addr": "전남광주통합특별시 동구 구성로238번길 30-11", "alt": "", "src": "store" }, "geometry": { "type": "Point", "coordinates": [ 126.919345, 35.153983 ] } },
{ "type": "Feature", "properties": { "name": "쌍광사진관", "cat": "과학·기술", "sub": "사진 촬영", "addr": "전남광주통합특별시 동구 경양로 282-1", "alt": "", "src": "store" }, "geometry": { "type": "Point", "coordinates": [ 126.920288, 35.154695 ] } },
{ "type": "Feature", "properties": { "name": "쌍광상회", "cat": "음식", "sub": "중식", "addr": "전남광주통합특별시 동구 제봉로110번길 7", "alt": "", "src": "store" }, "geometry": { "type": "Point", "coordinates": [ 126.922665, 35.148676 ] } },
{ "type": "Feature", "properties": { "name": "쌤소롯데광주", "cat": "소매", "sub": "섬유·의복·신발 소매", "addr": "전남광주통합특별시 동구 독립로 268", "alt": "", "src": "store" }, "geometry": { "type": "Point", "coordinates": [ 126.912178, 35.154555 ] } },
{ "type": "Feature", "properties": { "name": "썬개발", "cat": "시설관리·임대", "sub": "사무 지원", "addr": "전남광주통합특별시 동구 제봉로 166", "alt": "", "src": "store" }, "geometry": { "type": "Point", "coordinates": [ 126.91904, 35.152144 ] } },
{ "type": "Feature", "properties": { "name": "썬더치킨지산점", "cat": "음식", "sub": "기타 간이", "addr": "전남광주통합특별시 동구 밤실로 39", "alt": "", "src": "store" }, "geometry": { "type": "Point", "coordinates": [ 126.93671, 35.151226 ] } },
{ "type": "Feature", "properties": { "name": "썬모닝", "cat": "음식", "sub": "주점", "addr": "전남광주통합특별시 동구 경양로 282-1", "alt": "", "src": "store" }, "geometry": { "type": "Point", "coordinates": [ 126.920288, 35.154695 ] } },
{ "type": "Feature", "properties": { "name": "쎄네일", "cat": "수리·개인", "sub": "이용·미용", "addr": "전남광주통합특별시 동구 지산로 85", "alt": "", "src": "store" }, "geometry": { "type": "Point", "coordinates": [ 126.932989, 35.151503 ] } },
{ "type": "Feature", "properties": { "name": "쎄쎄쎄", "cat": "음식", "sub": "서양식", "addr": "전남광주통합특별시 동구 동계로10번길 7", "alt": "", "src": "store" }, "geometry": { "type": "Point", "coordinates": [ 126.925086, 35.152661 ] } },
{ "type": "Feature", "properties": { "name": "씨너스", "cat": "음식", "sub": "한식", "addr": "전남광주통합특별시 동구 동계천로 121", "alt": "", "src": "store" }, "geometry": { "type": "Point", "coordinates": [ 126.923333, 35.1502 ] } },
{ "type": "Feature", "properties": { "name": "씨앤피미디어랩", "cat": "과학·기술", "sub": "사진 촬영", "addr": "전남광주통합특별시 동구 장동로 1-7", "alt": "", "src": "store" }, "geometry": { "type": "Point", "coordinates": [ 126.92284, 35.149523 ] } },
{ "type": "Feature", "properties": { "name": "씨와이네트워킹", "cat": "시설관리·임대", "sub": "기타 사업 서비스", "addr": "전남광주통합특별시 동구 중앙로 248", "alt": "", "src": "store" }, "geometry": { "type": "Point", "coordinates": [ 126.920311, 35.153704 ] } },
{ "type": "Feature", "properties": { "name": "씨유광주지산", "cat": "소매", "sub": "종합 소매", "addr": "전남광주통합특별시 동구 필문대로205번길 23", "alt": "", "src": "store" }, "geometry": { "type": "Point", "coordinates": [ 126.933658, 35.152053 ] } },
{ "type": "Feature", "properties": { "name": "씨유동명", "cat": "소매", "sub": "종합 소매", "addr": "전남광주통합특별시 동구 동계천로 143", "alt": "", "src": "store" }, "geometry": { "type": "Point", "coordinates": [ 126.924969, 35.149029 ] } },
{ "type": "Feature", "properties": { "name": "씨유동명센트로점", "cat": "소매", "sub": "종합 소매", "addr": "전남광주통합특별시 동구 동명로 54", "alt": "", "src": "store" }, "geometry": { "type": "Point", "coordinates": [ 126.926306, 35.151211 ] } },
{ "type": "Feature", "properties": { "name": "씨유동명푸른길점", "cat": "소매", "sub": "종합 소매", "addr": "전남광주통합특별시 동구 동계천로 171", "alt": "", "src": "store" }, "geometry": { "type": "Point", "coordinates": [ 126.927943, 35.149175 ] } },
{ "type": "Feature", "properties": { "name": "씨유산수라도스점", "cat": "소매", "sub": "종합 소매", "addr": "전남광주통합특별시 동구 필문대로192번길 21", "alt": "", "src": "store" }, "geometry": { "type": "Point", "coordinates": [ 126.929289, 35.153106 ] } },
{ "type": "Feature", "properties": { "name": "씨유조대원룸점", "cat": "소매", "sub": "종합 소매", "addr": "전남광주통합특별시 동구 필문대로263번길 15-16", "alt": "", "src": "store" }, "geometry": { "type": "Point", "coordinates": [ 126.930238, 35.147941 ] } },
{ "type": "Feature", "properties": { "name": "아구랑낙지랑", "cat": "음식", "sub": "한식", "addr": "전남광주통합특별시 동구 필문대로205번길 39-2", "alt": "", "src": "store" }, "geometry": { "type": "Point", "coordinates": [ 126.935469, 35.151991 ] } },
{ "type": "Feature", "properties": { "name": "아구랑칼국수", "cat": "음식", "sub": "한식", "addr": "전남광주통합특별시 동구 동명로67번길 32-10", "alt": "", "src": "store" }, "geometry": { "type": "Point", "coordinates": [ 126.926139, 35.153617 ] } },
{ "type": "Feature", "properties": { "name": "아구찜참잘하는집", "cat": "음식", "sub": "한식", "addr": "전남광주통합특별시 동구 독립로 282-12", "alt": "", "src": "store" }, "geometry": { "type": "Point", "coordinates": [ 126.913505, 35.155853 ] } },
{ "type": "Feature", "properties": { "name": "아델라", "cat": "소매", "sub": "섬유·의복·신발 소매", "addr": "전남광주통합특별시 동구 동계천로 169", "alt": "", "src": "store" }, "geometry": { "type": "Point", "coordinates": [ 126.927734, 35.149157 ] } },
{ "type": "Feature", "properties": { "name": "아뜨갤러리", "cat": "소매", "sub": "장식품 소매", "addr": "전남광주통합특별시 동구 동계천로 45-1", "alt": "", "src": "store" }, "geometry": { "type": "Point", "coordinates": [ 126.917259, 35.154729 ] } },
{ "type": "Feature", "properties": { "name": "아뜰리에온화플라워카페", "cat": "소매", "sub": "식물 소매", "addr": "전남광주통합특별시 동구 장동로 1", "alt": "", "src": "store" }, "geometry": { "type": "Point", "coordinates": [ 126.92251, 35.149388 ] } },
{ "type": "Feature", "properties": { "name": "아라타", "cat": "음식", "sub": "서양식", "addr": "전남광주통합특별시 동구 동명로25번길 9-9", "alt": "", "src": "store" }, "geometry": { "type": "Point", "coordinates": [ 126.922421, 35.151263 ] } },
{ "type": "Feature", "properties": { "name": "아랑고고장구", "cat": "교육", "sub": "기타 교육", "addr": "전남광주통합특별시 동구 독립로264번길 28", "alt": "", "src": "store" }, "geometry": { "type": "Point", "coordinates": [ 126.913562, 35.153077 ] } },
{ "type": "Feature", "properties": { "name": "아랑유통", "cat": "소매", "sub": "섬유·의복·신발 소매", "addr": "전남광주통합특별시 동구 금남로 161-32", "alt": "", "src": "store" }, "geometry": { "type": "Point", "coordinates": [ 126.912168, 35.153374 ] } },
{ "type": "Feature", "properties": { "name": "아르망", "cat": "소매", "sub": "섬유·의복·신발 소매", "addr": "전남광주통합특별시 동구 동계천로 52", "alt": "", "src": "store" }, "geometry": { "type": "Point", "coordinates": [ 126.917567, 35.154297 ] } },
{ "type": "Feature", "properties": { "name": "아르망2", "cat": "소매", "sub": "섬유·의복·신발 소매", "addr": "전남광주통합특별시 동구 동계천로 57", "alt": "", "src": "store" }, "geometry": { "type": "Point", "coordinates": [ 126.918182, 35.154108 ] } },
{ "type": "Feature", "properties": { "name": "아르센스튜디오광주점", "cat": "과학·기술", "sub": "사진 촬영", "addr": "전남광주통합특별시 동구 필문대로 233", "alt": "", "src": "store" }, "geometry": { "type": "Point", "coordinates": [ 126.930016, 35.150059 ] } },
{ "type": "Feature", "properties": { "name": "아르코ARCO", "cat": "소매", "sub": "안경·정밀기기 소매", "addr": "전남광주통합특별시 동구 서석로85번길 8-13", "alt": "", "src": "store" }, "geometry": { "type": "Point", "coordinates": [ 126.920578, 35.150324 ] } },
{ "type": "Feature", "properties": { "name": "아름모텔", "cat": "숙박", "sub": "일반 숙박", "addr": "전남광주통합특별시 동구 동계천로6번길 14", "alt": "", "src": "store" }, "geometry": { "type": "Point", "coordinates": [ 126.913593, 35.15543 ] } },
{ "type": "Feature", "properties": { "name": "아비오", "cat": "음식", "sub": "비알코올 ", "addr": "전남광주통합특별시 동구 동계천로 159", "alt": "", "src": "store" }, "geometry": { "type": "Point", "coordinates": [ 126.926714, 35.149255 ] } },
{ "type": "Feature", "properties": { "name": "아성자동차공업사", "cat": "수리·개인", "sub": "자동차 수리·세차", "addr": "전남광주통합특별시 동구 지산로 45", "alt": "", "src": "store" }, "geometry": { "type": "Point", "coordinates": [ 126.932268, 35.147924 ] } },
{ "type": "Feature", "properties": { "name": "아스펙트", "cat": "음식", "sub": "서양식", "addr": "전남광주통합특별시 동구 제봉로 217", "alt": "", "src": "store" }, "geometry": { "type": "Point", "coordinates": [ 126.913978, 35.154493 ] } },
{ "type": "Feature", "properties": { "name": "아시아이발관", "cat": "수리·개인", "sub": "이용·미용", "addr": "전남광주통합특별시 동구 동계천로85번길 9-2", "alt": "", "src": "store" }, "geometry": { "type": "Point", "coordinates": [ 126.921212, 35.153001 ] } },
{ "type": "Feature", "properties": { "name": "아우스밀", "cat": "음식", "sub": "기타 간이", "addr": "전남광주통합특별시 동구 동명로25번길 4-1", "alt": "", "src": "store" }, "geometry": { "type": "Point", "coordinates": [ 126.923244, 35.151542 ] } },
{ "type": "Feature", "properties": { "name": "아이다요", "cat": "음식", "sub": "일식", "addr": "전남광주통합특별시 동구 동명로14번길 17", "alt": "", "src": "store" }, "geometry": { "type": "Point", "coordinates": [ 126.925177, 35.150102 ] } },
{ "type": "Feature", "properties": { "name": "아이디종합개발", "cat": "부동산", "sub": "부동산 서비스", "addr": "전남광주통합특별시 동구 동계로 25-1", "alt": "", "src": "store" }, "geometry": { "type": "Point", "coordinates": [ 126.924481, 35.154112 ] } },
{ "type": "Feature", "properties": { "name": "아이사랑안경클리닉", "cat": "소매", "sub": "안경·정밀기기 소매", "addr": "전남광주통합특별시 동구 필문대로273번길 7", "alt": "", "src": "store" }, "geometry": { "type": "Point", "coordinates": [ 126.928516, 35.146597 ] } },
{ "type": "Feature", "properties": { "name": "아이엠", "cat": "음식", "sub": "기타 간이", "addr": "전남광주통합특별시 동구 지호로 11", "alt": "", "src": "store" }, "geometry": { "type": "Point", "coordinates": [ 126.930577, 35.148852 ] } },
{ "type": "Feature", "properties": { "name": "아이온치과의원", "cat": "보건의료", "sub": "의원", "addr": "전남광주통합특별시 동구 경양로 349", "alt": "", "src": "store" }, "geometry": { "type": "Point", "coordinates": [ 126.92739, 35.153952 ] } },
{ "type": "Feature", "properties": { "name": "아이테르", "cat": "과학·기술", "sub": "본사·경영 컨설팅", "addr": "전남광주통합특별시 동구 지산로 88", "alt": "", "src": "store" }, "geometry": { "type": "Point", "coordinates": [ 126.933253, 35.151485 ] } },
{ "type": "Feature", "properties": { "name": "아임어플라워", "cat": "소매", "sub": "식물 소매", "addr": "전남광주통합특별시 동구 제봉로 230", "alt": "", "src": "store" }, "geometry": { "type": "Point", "coordinates": [ 126.913077, 35.155466 ] } },
{ "type": "Feature", "properties": { "name": "아주커치킨", "cat": "음식", "sub": "기타 간이", "addr": "전남광주통합특별시 동구 지호로 28", "alt": "", "src": "store" }, "geometry": { "type": "Point", "coordinates": [ 126.932125, 35.148087 ] } },
{ "type": "Feature", "properties": { "name": "아주컴퓨터", "cat": "소매", "sub": "가전·통신 소매", "addr": "전남광주통합특별시 동구 독립로264번길 25", "alt": "", "src": "store" }, "geometry": { "type": "Point", "coordinates": [ 126.913661, 35.153456 ] } },
{ "type": "Feature", "properties": { "name": "아찌", "cat": "음식", "sub": "일식", "addr": "전남광주통합특별시 동구 독립로 268", "alt": "", "src": "store" }, "geometry": { "type": "Point", "coordinates": [ 126.912178, 35.154555 ] } },
{ "type": "Feature", "properties": { "name": "아찌라멘롯데광주점", "cat": "음식", "sub": "일식", "addr": "전남광주통합특별시 동구 독립로 268", "alt": "", "src": "store" }, "geometry": { "type": "Point", "coordinates": [ 126.912178, 35.154555 ] } },
{ "type": "Feature", "properties": { "name": "아트벨라", "cat": "음식", "sub": "비알코올 ", "addr": "전남광주통합특별시 동구 동계천로 151", "alt": "", "src": "store" }, "geometry": { "type": "Point", "coordinates": [ 126.925979, 35.149047 ] } },
{ "type": "Feature", "properties": { "name": "아트컴퍼니모이모", "cat": "소매", "sub": "섬유·의복·신발 소매", "addr": "전남광주통합특별시 동구 제봉로 197", "alt": "", "src": "store" }, "geometry": { "type": "Point", "coordinates": [ 126.915658, 35.153367 ] } },
{ "type": "Feature", "properties": { "name": "아트팰리스", "cat": "과학·기술", "sub": "사진 촬영", "addr": "전남광주통합특별시 동구 동명로 19-10", "alt": "", "src": "store" }, "geometry": { "type": "Point", "coordinates": [ 126.922893, 35.151065 ] } },
{ "type": "Feature", "properties": { "name": "아프리카에어컨", "cat": "소매", "sub": "가전·통신 소매", "addr": "전남광주통합특별시 동구 필문대로241번길 12", "alt": "", "src": "store" }, "geometry": { "type": "Point", "coordinates": [ 126.930313, 35.149996 ] } },
{ "type": "Feature", "properties": { "name": "안경랜드21지산점", "cat": "소매", "sub": "안경·정밀기기 소매", "addr": "전남광주통합특별시 동구 지산로 71-7", "alt": "", "src": "store" }, "geometry": { "type": "Point", "coordinates": [ 126.933023, 35.149971 ] } },
{ "type": "Feature", "properties": { "name": "안나수산", "cat": "소매", "sub": "식료품 소매", "addr": "전남광주통합특별시 동구 중앙로 215", "alt": "", "src": "store" }, "geometry": { "type": "Point", "coordinates": [ 126.917503, 35.15208 ] } },
{ "type": "Feature", "properties": { "name": "안녕나야베이커리공방", "cat": "음식", "sub": "기타 간이", "addr": "전남광주통합특별시 동구 동명로 41", "alt": "", "src": "store" }, "geometry": { "type": "Point", "coordinates": [ 126.925142, 35.151751 ] } },
{ "type": "Feature", "properties": { "name": "안병훈법무사사무소", "cat": "과학·기술", "sub": "법무관련 ", "addr": "전남광주통합특별시 동구 준법로 32-1", "alt": "", "src": "store" }, "geometry": { "type": "Point", "coordinates": [ 126.936514, 35.149153 ] } },
{ "type": "Feature", "properties": { "name": "알", "cat": "음식", "sub": "주점", "addr": "전남광주통합특별시 동구 제봉로222번길 6-6", "alt": "", "src": "store" }, "geometry": { "type": "Point", "coordinates": [ 126.914164, 35.15507 ] } },
{ "type": "Feature", "properties": { "name": "알래즈", "cat": "소매", "sub": "섬유·의복·신발 소매", "addr": "전남광주통합특별시 동구 동명로 5", "alt": "", "src": "store" }, "geometry": { "type": "Point", "coordinates": [ 126.9224, 35.149919 ] } },
{ "type": "Feature", "properties": { "name": "알로에판매원", "cat": "소매", "sub": "식료품 소매", "addr": "전남광주통합특별시 동구 필문대로289번길 2-2", "alt": "", "src": "store" }, "geometry": { "type": "Point", "coordinates": [ 126.927057, 35.145632 ] } },
{ "type": "Feature", "properties": { "name": "알찬복", "cat": "음식", "sub": "한식", "addr": "전남광주통합특별시 동구 지산로78번길 19", "alt": "", "src": "store" }, "geometry": { "type": "Point", "coordinates": [ 126.933757, 35.151756 ] } },
{ "type": "Feature", "properties": { "name": "애드플러스", "cat": "과학·기술", "sub": "광고", "addr": "전남광주통합특별시 동구 독립로 276", "alt": "", "src": "store" }, "geometry": { "type": "Point", "coordinates": [ 126.912276, 35.155312 ] } },
{ "type": "Feature", "properties": { "name": "애플파이오더", "cat": "음식", "sub": "비알코올 ", "addr": "전남광주통합특별시 동구 제봉로158번길 3", "alt": "", "src": "store" }, "geometry": { "type": "Point", "coordinates": [ 126.919633, 35.151765 ] } },
{ "type": "Feature", "properties": { "name": "앤니스마켓", "cat": "소매", "sub": "장식품 소매", "addr": "전남광주통합특별시 동구 동계천로 151", "alt": "", "src": "store" }, "geometry": { "type": "Point", "coordinates": [ 126.925979, 35.149047 ] } },
{ "type": "Feature", "properties": { "name": "야간비행", "cat": "음식", "sub": "한식", "addr": "전남광주통합특별시 동구 장동로 4", "alt": "", "src": "store" }, "geometry": { "type": "Point", "coordinates": [ 126.922588, 35.149126 ] } },
{ "type": "Feature", "properties": { "name": "야끼니꾸카나야", "cat": "음식", "sub": "일식", "addr": "전남광주통합특별시 동구 동명로26번길 29-3", "alt": "", "src": "store" }, "geometry": { "type": "Point", "coordinates": [ 126.926954, 35.151049 ] } },
{ "type": "Feature", "properties": { "name": "야레타", "cat": "음식", "sub": "한식", "addr": "전남광주통합특별시 동구 장동로 1-2", "alt": "", "src": "store" }, "geometry": { "type": "Point", "coordinates": [ 126.922675, 35.149379 ] } },
{ "type": "Feature", "properties": { "name": "약초당건강원", "cat": "소매", "sub": "식료품 소매", "addr": "전남광주통합특별시 동구 필문대로192번길 18-2", "alt": "", "src": "store" }, "geometry": { "type": "Point", "coordinates": [ 126.929541, 35.153592 ] } },
{ "type": "Feature", "properties": { "name": "얄브스름", "cat": "음식", "sub": "한식", "addr": "전남광주통합특별시 동구 지산로 49", "alt": "", "src": "store" }, "geometry": { "type": "Point", "coordinates": [ 126.932432, 35.148213 ] } },
{ "type": "Feature", "properties": { "name": "어나더데이", "cat": "음식", "sub": "비알코올 ", "addr": "전남광주통합특별시 동구 계림로 6", "alt": "", "src": "store" }, "geometry": { "type": "Point", "coordinates": [ 126.921419, 35.15475 ] } },
{ "type": "Feature", "properties": { "name": "어나더레벨베이스볼아카데미", "cat": "교육", "sub": "기타 교육", "addr": "전남광주통합특별시 동구 구성로194번길 8", "alt": "", "src": "store" }, "geometry": { "type": "Point", "coordinates": [ 126.914309, 35.152429 ] } },
{ "type": "Feature", "properties": { "name": "어시장", "cat": "음식", "sub": "한식", "addr": "전남광주통합특별시 동구 구성로194번길 2", "alt": "", "src": "store" }, "geometry": { "type": "Point", "coordinates": [ 126.914024, 35.152762 ] } },
{ "type": "Feature", "properties": { "name": "어썸바이츠동", "cat": "음식", "sub": "비알코올 ", "addr": "전남광주통합특별시 동구 장동로 19", "alt": "", "src": "store" }, "geometry": { "type": "Point", "coordinates": [ 126.924026, 35.148469 ] } },
{ "type": "Feature", "properties": { "name": "어지니보쌈&막국수", "cat": "음식", "sub": "한식", "addr": "전남광주통합특별시 동구 장동로 23-12", "alt": "", "src": "store" }, "geometry": { "type": "Point", "coordinates": [ 126.924871, 35.14847 ] } },
{ "type": "Feature", "properties": { "name": "어질현", "cat": "음식", "sub": "서양식", "addr": "전남광주통합특별시 동구 동계로13번길 19", "alt": "", "src": "store" }, "geometry": { "type": "Point", "coordinates": [ 126.922254, 35.1533 ] } },
{ "type": "Feature", "properties": { "name": "어펜디자인리을피읖", "cat": "과학·기술", "sub": "전문 디자인", "addr": "전남광주통합특별시 동구 동계로15번길 17", "alt": "", "src": "store" }, "geometry": { "type": "Point", "coordinates": [ 126.923022, 35.153913 ] } },
{ "type": "Feature", "properties": { "name": "억조감자탕", "cat": "음식", "sub": "한식", "addr": "전남광주통합특별시 동구 동계천로 58-3", "alt": "", "src": "store" }, "geometry": { "type": "Point", "coordinates": [ 126.91805, 35.153919 ] } },
{ "type": "Feature", "properties": { "name": "언더비", "cat": "음식", "sub": "서양식", "addr": "전남광주통합특별시 동구 동명로14번길 1", "alt": "", "src": "store" }, "geometry": { "type": "Point", "coordinates": [ 126.923311, 35.150344 ] } },
{ "type": "Feature", "properties": { "name": "언프레임광주", "cat": "과학·기술", "sub": "사진 촬영", "addr": "전남광주통합특별시 동구 제봉로110번길 11", "alt": "", "src": "store" }, "geometry": { "type": "Point", "coordinates": [ 126.923038, 35.148829 ] } },
{ "type": "Feature", "properties": { "name": "얼굴;꽃피우다", "cat": "수리·개인", "sub": "이용·미용", "addr": "전남광주통합특별시 동구 동명로 79", "alt": "", "src": "store" }, "geometry": { "type": "Point", "coordinates": [ 126.929192, 35.151086 ] } },
{ "type": "Feature", "properties": { "name": "얼리버드샌드위치", "cat": "음식", "sub": "기타 간이", "addr": "전남광주통합특별시 동구 필문대로273번길 9", "alt": "", "src": "store" }, "geometry": { "type": "Point", "coordinates": [ 126.92868, 35.146552 ] } },
{ "type": "Feature", "properties": { "name": "엄니맷돌순두부", "cat": "음식", "sub": "한식", "addr": "전남광주통합특별시 동구 제봉로 201", "alt": "", "src": "store" }, "geometry": { "type": "Point", "coordinates": [ 126.915329, 35.153628 ] } },
{ "type": "Feature", "properties": { "name": "엄마네빵집", "cat": "음식", "sub": "기타 간이", "addr": "전남광주통합특별시 동구 제봉로 220", "alt": "", "src": "store" }, "geometry": { "type": "Point", "coordinates": [ 126.914032, 35.154925 ] } },
{ "type": "Feature", "properties": { "name": "엄마맛국수", "cat": "음식", "sub": "한식", "addr": "전남광주통합특별시 동구 구성로 232", "alt": "", "src": "store" }, "geometry": { "type": "Point", "coordinates": [ 126.91694, 35.15545 ] } },
{ "type": "Feature", "properties": { "name": "엄마추어탕", "cat": "음식", "sub": "한식", "addr": "전남광주통합특별시 동구 동계천로 59-6", "alt": "", "src": "store" }, "geometry": { "type": "Point", "coordinates": [ 126.918401, 35.154072 ] } },
{ "type": "Feature", "properties": { "name": "엄지척공인중개사사무소", "cat": "부동산", "sub": "부동산 서비스", "addr": "전남광주통합특별시 동구 중앙로 263", "alt": "", "src": "store" }, "geometry": { "type": "Point", "coordinates": [ 126.920507, 35.155281 ] } },
{ "type": "Feature", "properties": { "name": "업라이트", "cat": "소매", "sub": "섬유·의복·신발 소매", "addr": "전남광주통합특별시 동구 동계천로 125", "alt": "", "src": "store" }, "geometry": { "type": "Point", "coordinates": [ 126.923629, 35.150028 ] } },
{ "type": "Feature", "properties": { "name": "에떼", "cat": "소매", "sub": "섬유·의복·신발 소매", "addr": "전남광주통합특별시 동구 동명로 41", "alt": "", "src": "store" }, "geometry": { "type": "Point", "coordinates": [ 126.925142, 35.151751 ] } },
{ "type": "Feature", "properties": { "name": "에뜨르헤어크럽", "cat": "수리·개인", "sub": "이용·미용", "addr": "전남광주통합특별시 동구 제봉로 221-15", "alt": "", "src": "store" }, "geometry": { "type": "Point", "coordinates": [ 126.913353, 35.154411 ] } },
{ "type": "Feature", "properties": { "name": "에띠헤어&붙임머리", "cat": "수리·개인", "sub": "이용·미용", "addr": "전남광주통합특별시 동구 지산로 46", "alt": "", "src": "store" }, "geometry": { "type": "Point", "coordinates": [ 126.932444, 35.147798 ] } },
{ "type": "Feature", "properties": { "name": "에버해피", "cat": "음식", "sub": "한식", "addr": "전남광주통합특별시 동구 동계천로 49-2", "alt": "", "src": "store" }, "geometry": { "type": "Point", "coordinates": [ 126.917545, 35.154576 ] } },
{ "type": "Feature", "properties": { "name": "에비스", "cat": "음식", "sub": "일식", "addr": "전남광주통합특별시 동구 장동로 32", "alt": "", "src": "store" }, "geometry": { "type": "Point", "coordinates": [ 126.925266, 35.147866 ] } },
{ "type": "Feature", "properties": { "name": "에스", "cat": "음식", "sub": "한식", "addr": "전남광주통합특별시 동구 동계천로6번길 11-11", "alt": "", "src": "store" }, "geometry": { "type": "Point", "coordinates": [ 126.914053, 35.156043 ] } },
{ "type": "Feature", "properties": { "name": "에스뜨레야", "cat": "수리·개인", "sub": "이용·미용", "addr": "전남광주통합특별시 동구 필문대로205번길 5-1", "alt": "", "src": "store" }, "geometry": { "type": "Point", "coordinates": [ 126.93165, 35.152305 ] } },
{ "type": "Feature", "properties": { "name": "에스에이치컨설팅", "cat": "부동산", "sub": "부동산 서비스", "addr": "전남광주통합특별시 동구 중앙로252번길 12", "alt": "", "src": "store" }, "geometry": { "type": "Point", "coordinates": [ 126.920937, 35.153371 ] } },
{ "type": "Feature", "properties": { "name": "에스엘", "cat": "음식", "sub": "비알코올 ", "addr": "전남광주통합특별시 동구 장동로 37", "alt": "", "src": "store" }, "geometry": { "type": "Point", "coordinates": [ 126.92598, 35.147722 ] } },
{ "type": "Feature", "properties": { "name": "에스정보통신", "cat": "소매", "sub": "가전·통신 소매", "addr": "전남광주통합특별시 동구 경양로 312-1", "alt": "", "src": "store" }, "geometry": { "type": "Point", "coordinates": [ 126.923307, 35.154202 ] } },
{ "type": "Feature", "properties": { "name": "에스케이제이정수기", "cat": "소매", "sub": "가전·통신 소매", "addr": "전남광주통합특별시 동구 밤실로 49", "alt": "", "src": "store" }, "geometry": { "type": "Point", "coordinates": [ 126.936303, 35.151965 ] } },
{ "type": "Feature", "properties": { "name": "에스티비인터내셔널", "cat": "시설관리·임대", "sub": "가정용품 대여", "addr": "전남광주통합특별시 동구 구성로204번길 11", "alt": "", "src": "store" }, "geometry": { "type": "Point", "coordinates": [ 126.915648, 35.152944 ] } },
{ "type": "Feature", "properties": { "name": "에스프레소렉", "cat": "음식", "sub": "비알코올 ", "addr": "전남광주통합특별시 동구 지산로 31-1", "alt": "", "src": "store" }, "geometry": { "type": "Point", "coordinates": [ 126.93149, 35.146815 ] } },
{ "type": "Feature", "properties": { "name": "에스플러스투어", "cat": "시설관리·임대", "sub": "여행사·보조", "addr": "전남광주통합특별시 동구 구성로194번길 7", "alt": "", "src": "store" }, "geometry": { "type": "Point", "coordinates": [ 126.91488, 35.152573 ] } },
{ "type": "Feature", "properties": { "name": "에이+인테리어", "cat": "과학·기술", "sub": "전문 디자인", "addr": "전남광주통합특별시 동구 경양로 302", "alt": "", "src": "store" }, "geometry": { "type": "Point", "coordinates": [ 126.922286, 35.154345 ] } },
{ "type": "Feature", "properties": { "name": "에이디샵", "cat": "음식", "sub": "비알코올 ", "addr": "전남광주통합특별시 동구 동계로10번길 22", "alt": "", "src": "store" }, "geometry": { "type": "Point", "coordinates": [ 126.926458, 35.152626 ] } },
{ "type": "Feature", "properties": { "name": "에이맥스", "cat": "교육", "sub": "일반 교육", "addr": "전남광주통합특별시 동구 중앙로 226", "alt": "", "src": "store" }, "geometry": { "type": "Point", "coordinates": [ 126.918513, 35.152342 ] } },
{ "type": "Feature", "properties": { "name": "에이스고시텔", "cat": "숙박", "sub": "기타 숙박", "addr": "전남광주통합특별시 동구 필문대로263번길 32", "alt": "", "src": "store" }, "geometry": { "type": "Point", "coordinates": [ 126.931632, 35.147059 ] } },
{ "type": "Feature", "properties": { "name": "에이에이치엠", "cat": "소매", "sub": "장식품 소매", "addr": "전남광주통합특별시 동구 동계천로 145", "alt": "", "src": "store" }, "geometry": { "type": "Point", "coordinates": [ 126.925232, 35.148984 ] } },
{ "type": "Feature", "properties": { "name": "에이엠피카케어", "cat": "수리·개인", "sub": "자동차 수리·세차", "addr": "전남광주통합특별시 동구 동명로67번길 15", "alt": "", "src": "store" }, "geometry": { "type": "Point", "coordinates": [ 126.92692, 35.152212 ] } },
{ "type": "Feature", "properties": { "name": "에이원제과점", "cat": "음식", "sub": "기타 간이", "addr": "전남광주통합특별시 동구 지호로 35", "alt": "", "src": "store" }, "geometry": { "type": "Point", "coordinates": [ 126.932904, 35.148078 ] } },
{ "type": "Feature", "properties": { "name": "에이제이관리사무소", "cat": "시설관리·임대", "sub": "시설관리", "addr": "전남광주통합특별시 동구 제봉로222번길 6-9", "alt": "", "src": "store" }, "geometry": { "type": "Point", "coordinates": [ 126.914515, 35.15516 ] } },
{ "type": "Feature", "properties": { "name": "에이치와이통신", "cat": "소매", "sub": "가전·통신 소매", "addr": "전남광주통합특별시 동구 제봉로 197", "alt": "", "src": "store" }, "geometry": { "type": "Point", "coordinates": [ 126.915658, 35.153367 ] } },
{ "type": "Feature", "properties": { "name": "에이치케이법률사무소", "cat": "과학·기술", "sub": "법무관련 ", "addr": "전남광주통합특별시 동구 동명로 107", "alt": "", "src": "store" }, "geometry": { "type": "Point", "coordinates": [ 126.932276, 35.150926 ] } },
{ "type": "Feature", "properties": { "name": "에이치투에프앤비라라숯불쪽갈비", "cat": "과학·기술", "sub": "본사·경영 컨설팅", "addr": "전남광주통합특별시 동구 경양로 349", "alt": "", "src": "store" }, "geometry": { "type": "Point", "coordinates": [ 126.927401, 35.153952 ] } },
{ "type": "Feature", "properties": { "name": "에이케이에이광주", "cat": "소매", "sub": "오락용품 소매", "addr": "전남광주통합특별시 동구 동계천로 45-1", "alt": "", "src": "store" }, "geometry": { "type": "Point", "coordinates": [ 126.917259, 35.154729 ] } },
{ "type": "Feature", "properties": { "name": "에이프러스헤어존", "cat": "수리·개인", "sub": "이용·미용", "addr": "전남광주통합특별시 동구 지산로 59", "alt": "", "src": "store" }, "geometry": { "type": "Point", "coordinates": [ 126.932783, 35.149151 ] } },
{ "type": "Feature", "properties": { "name": "에프엠마트지산점", "cat": "소매", "sub": "종합 소매", "addr": "전남광주통합특별시 동구 지호로 35", "alt": "", "src": "store" }, "geometry": { "type": "Point", "coordinates": [ 126.932904, 35.148078 ] } },
{ "type": "Feature", "properties": { "name": "에프오hairroom", "cat": "수리·개인", "sub": "이용·미용", "addr": "전남광주통합특별시 동구 장동로 52", "alt": "", "src": "store" }, "geometry": { "type": "Point", "coordinates": [ 126.927144, 35.146984 ] } },
{ "type": "Feature", "properties": { "name": "엑스바", "cat": "음식", "sub": "주점", "addr": "전남광주통합특별시 동구 제봉로 230", "alt": "", "src": "store" }, "geometry": { "type": "Point", "coordinates": [ 126.913077, 35.155466 ] } },
{ "type": "Feature", "properties": { "name": "엔디어", "cat": "소매", "sub": "의약·화장품 소매", "addr": "전남광주통합특별시 동구 동명로67번길 18-2", "alt": "", "src": "store" }, "geometry": { "type": "Point", "coordinates": [ 126.926996, 35.152536 ] } },
{ "type": "Feature", "properties": { "name": "엔조이", "cat": "음식", "sub": "주점", "addr": "전남광주통합특별시 동구 동계천로6번길 6", "alt": "", "src": "store" }, "geometry": { "type": "Point", "coordinates": [ 126.913504, 35.156214 ] } },
{ "type": "Feature", "properties": { "name": "엘리샤", "cat": "소매", "sub": "섬유·의복·신발 소매", "addr": "전남광주통합특별시 동구 필문대로192번길 12-1", "alt": "", "src": "store" }, "geometry": { "type": "Point", "coordinates": [ 126.929936, 35.153737 ] } },
{ "type": "Feature", "properties": { "name": "엘림기획", "cat": "시설관리·임대", "sub": "사무 지원", "addr": "전남광주통합특별시 동구 필문대로289번길 2-2", "alt": "", "src": "store" }, "geometry": { "type": "Point", "coordinates": [ 126.927057, 35.145632 ] } },
{ "type": "Feature", "properties": { "name": "엘비스컴퓨터", "cat": "소매", "sub": "가전·통신 소매", "addr": "전남광주통합특별시 동구 독립로264번길 25", "alt": "", "src": "store" }, "geometry": { "type": "Point", "coordinates": [ 126.913661, 35.153456 ] } },
{ "type": "Feature", "properties": { "name": "엘스트콤", "cat": "과학·기술", "sub": "본사·경영 컨설팅", "addr": "전남광주통합특별시 동구 지호로70번길 21-13", "alt": "", "src": "store" }, "geometry": { "type": "Point", "coordinates": [ 126.939149, 35.147595 ] } },
{ "type": "Feature", "properties": { "name": "엘아리아", "cat": "음식", "sub": "기타 간이", "addr": "전남광주통합특별시 동구 동명로26번길 40", "alt": "", "src": "store" }, "geometry": { "type": "Point", "coordinates": [ 126.92792, 35.150491 ] } },
{ "type": "Feature", "properties": { "name": "엘이이", "cat": "과학·기술", "sub": "본사·경영 컨설팅", "addr": "전남광주통합특별시 동구 지호로 96", "alt": "", "src": "store" }, "geometry": { "type": "Point", "coordinates": [ 126.939149, 35.147955 ] } },
{ "type": "Feature", "properties": { "name": "엘케이모터스", "cat": "시설관리·임대", "sub": "운송장비 대여", "addr": "전남광주통합특별시 동구 제봉로 170", "alt": "", "src": "store" }, "geometry": { "type": "Point", "coordinates": [ 126.918326, 35.15217 ] } },
{ "type": "Feature", "properties": { "name": "엠", "cat": "음식", "sub": "주점", "addr": "전남광주통합특별시 동구 독립로 282-7", "alt": "", "src": "store" }, "geometry": { "type": "Point", "coordinates": [ 126.913351, 35.156088 ] } },
{ "type": "Feature", "properties": { "name": "엠버스베이크샵", "cat": "음식", "sub": "기타 간이", "addr": "전남광주통합특별시 동구 장동로 19-2", "alt": "", "src": "store" }, "geometry": { "type": "Point", "coordinates": [ 126.924278, 35.148433 ] } },
{ "type": "Feature", "properties": { "name": "엠제이사운드", "cat": "소매", "sub": "오락용품 소매", "addr": "전남광주통합특별시 동구 제봉로 216", "alt": "", "src": "store" }, "geometry": { "type": "Point", "coordinates": [ 126.914505, 35.154646 ] } },
{ "type": "Feature", "properties": { "name": "엠제이와이하나산업", "cat": "시설관리·임대", "sub": "청소·방제", "addr": "전남광주통합특별시 동구 필문대로205번길 38", "alt": "", "src": "store" }, "geometry": { "type": "Point", "coordinates": [ 126.93503, 35.15182 ] } },
{ "type": "Feature", "properties": { "name": "여기Cafe", "cat": "음식", "sub": "비알코올 ", "addr": "전남광주통합특별시 동구 장동로 15-1", "alt": "", "src": "store" }, "geometry": { "type": "Point", "coordinates": [ 126.923773, 35.148631 ] } },
{ "type": "Feature", "properties": { "name": "여백", "cat": "음식", "sub": "비알코올 ", "addr": "전남광주통합특별시 동구 필문대로205번길 47", "alt": "", "src": "store" }, "geometry": { "type": "Point", "coordinates": [ 126.936171, 35.151974 ] } },
{ "type": "Feature", "properties": { "name": "연수목욕탕", "cat": "수리·개인", "sub": "욕탕·신체관리", "addr": "전남광주통합특별시 동구 독립로 282-7", "alt": "", "src": "store" }, "geometry": { "type": "Point", "coordinates": [ 126.913351, 35.156088 ] } },
{ "type": "Feature", "properties": { "name": "연어쁘다", "cat": "음식", "sub": "일식", "addr": "전남광주통합특별시 동구 동계천로 163", "alt": "", "src": "store" }, "geometry": { "type": "Point", "coordinates": [ 126.926933, 35.149309 ] } },
{ "type": "Feature", "properties": { "name": "연우", "cat": "음식", "sub": "한식", "addr": "전남광주통합특별시 동구 필문대로289번길 29", "alt": "", "src": "store" }, "geometry": { "type": "Point", "coordinates": [ 126.929415, 35.147238 ] } },
{ "type": "Feature", "properties": { "name": "연우공인중개사무소", "cat": "부동산", "sub": "부동산 서비스", "addr": "전남광주통합특별시 동구 동계천로 57", "alt": "", "src": "store" }, "geometry": { "type": "Point", "coordinates": [ 126.918182, 35.154108 ] } },
{ "type": "Feature", "properties": { "name": "연우회관", "cat": "음식", "sub": "한식", "addr": "전남광주통합특별시 동구 제봉로178번길 12", "alt": "", "src": "store" }, "geometry": { "type": "Point", "coordinates": [ 126.918699, 35.153153 ] } },
{ "type": "Feature", "properties": { "name": "열정100어학원", "cat": "교육", "sub": "기타 교육", "addr": "전남광주통합특별시 동구 필문대로 261", "alt": "", "src": "store" }, "geometry": { "type": "Point", "coordinates": [ 126.928504, 35.147841 ] } },
{ "type": "Feature", "properties": { "name": "영광", "cat": "음식", "sub": "한식", "addr": "전남광주통합특별시 동구 동계천로 55-8", "alt": "", "src": "store" }, "geometry": { "type": "Point", "coordinates": [ 126.918193, 35.154306 ] } },
{ "type": "Feature", "properties": { "name": "영노래홀", "cat": "음식", "sub": "주점", "addr": "전남광주통합특별시 동구 독립로264번길 29", "alt": "", "src": "store" }, "geometry": { "type": "Point", "coordinates": [ 126.913859, 35.153105 ] } },
{ "type": "Feature", "properties": { "name": "영미네제라늄꽃카페", "cat": "음식", "sub": "비알코올 ", "addr": "전남광주통합특별시 동구 밤실로4번길 39", "alt": "", "src": "store" }, "geometry": { "type": "Point", "coordinates": [ 126.940487, 35.148794 ] } },
{ "type": "Feature", "properties": { "name": "영베이크샵", "cat": "음식", "sub": "비알코올 ", "addr": "전남광주통합특별시 동구 준법로 31", "alt": "", "src": "store" }, "geometry": { "type": "Point", "coordinates": [ 126.936426, 35.149405 ] } },
{ "type": "Feature", "properties": { "name": "영복그릇상회", "cat": "소매", "sub": "기타 생활용품 소매", "addr": "전남광주통합특별시 동구 동계천로 51-5", "alt": "", "src": "store" }, "geometry": { "type": "Point", "coordinates": [ 126.917743, 35.154414 ] } },
{ "type": "Feature", "properties": { "name": "영암마트", "cat": "소매", "sub": "종합 소매", "addr": "전남광주통합특별시 동구 밤실로3번길 2", "alt": "", "src": "store" }, "geometry": { "type": "Point", "coordinates": [ 126.936646, 35.148071 ] } },
{ "type": "Feature", "properties": { "name": "영암부동산중개", "cat": "부동산", "sub": "부동산 서비스", "addr": "전남광주통합특별시 동구 지산로 29", "alt": "", "src": "store" }, "geometry": { "type": "Point", "coordinates": [ 126.931556, 35.146671 ] } },
{ "type": "Feature", "properties": { "name": "영원", "cat": "음식", "sub": "한식", "addr": "전남광주통합특별시 동구 동명로20번길 6", "alt": "", "src": "store" }, "geometry": { "type": "Point", "coordinates": [ 126.923914, 35.150633 ] } },
{ "type": "Feature", "properties": { "name": "영일여관", "cat": "숙박", "sub": "일반 숙박", "addr": "전남광주통합특별시 동구 제봉로222번길 6-13", "alt": "", "src": "store" }, "geometry": { "type": "Point", "coordinates": [ 126.91468, 35.155043 ] } },
{ "type": "Feature", "properties": { "name": "영진컴퍼니", "cat": "음식", "sub": "한식", "addr": "전남광주통합특별시 동구 동명로 15", "alt": "", "src": "store" }, "geometry": { "type": "Point", "coordinates": [ 126.923058, 35.15056 ] } },
{ "type": "Feature", "properties": { "name": "영클린홈", "cat": "시설관리·임대", "sub": "청소·방제", "addr": "전남광주통합특별시 동구 독립로264번길 12", "alt": "", "src": "store" }, "geometry": { "type": "Point", "coordinates": [ 126.91208, 35.153824 ] } },
{ "type": "Feature", "properties": { "name": "예림화방", "cat": "소매", "sub": "오락용품 소매", "addr": "전남광주통합특별시 동구 제봉로 155-1", "alt": "", "src": "store" }, "geometry": { "type": "Point", "coordinates": [ 126.919293, 35.151089 ] } },
{ "type": "Feature", "properties": { "name": "예솔이네집", "cat": "소매", "sub": "의약·화장품 소매", "addr": "전남광주통합특별시 동구 지산로 55-2", "alt": "", "src": "store" }, "geometry": { "type": "Point", "coordinates": [ 126.93275, 35.148835 ] } },
{ "type": "Feature", "properties": { "name": "예술미용실", "cat": "수리·개인", "sub": "이용·미용", "addr": "전남광주통합특별시 동구 장동로 23-10", "alt": "", "src": "store" }, "geometry": { "type": "Point", "coordinates": [ 126.924794, 35.148362 ] } },
{ "type": "Feature", "properties": { "name": "예스", "cat": "음식", "sub": "주점", "addr": "전남광주통합특별시 동구 제봉로222번길 4", "alt": "", "src": "store" }, "geometry": { "type": "Point", "coordinates": [ 126.91401, 35.155169 ] } },
{ "type": "Feature", "properties": { "name": "예스항공여행사", "cat": "시설관리·임대", "sub": "여행사·보조", "addr": "전남광주통합특별시 동구 구성로194번길 7", "alt": "", "src": "store" }, "geometry": { "type": "Point", "coordinates": [ 126.91488, 35.152573 ] } },
{ "type": "Feature", "properties": { "name": "오꼬다꼬", "cat": "음식", "sub": "기타 간이", "addr": "전남광주통합특별시 동구 제봉로 126", "alt": "", "src": "store" }, "geometry": { "type": "Point", "coordinates": [ 126.922499, 35.149541 ] } },
{ "type": "Feature", "properties": { "name": "오대양", "cat": "음식", "sub": "한식", "addr": "전남광주통합특별시 동구 동계천로 79", "alt": "", "src": "store" }, "geometry": { "type": "Point", "coordinates": [ 126.920005, 35.152811 ] } },
{ "type": "Feature", "properties": { "name": "오동도식당", "cat": "음식", "sub": "한식", "addr": "전남광주통합특별시 동구 구성로194번길 9", "alt": "", "src": "store" }, "geometry": { "type": "Point", "coordinates": [ 126.914858, 35.152429 ] } },
{ "type": "Feature", "properties": { "name": "오디션카페나도스타", "cat": "음식", "sub": "비알코올 ", "addr": "전남광주통합특별시 동구 독립로264번길 28", "alt": "", "src": "store" }, "geometry": { "type": "Point", "coordinates": [ 126.913562, 35.153077 ] } },
{ "type": "Feature", "properties": { "name": "오륙도", "cat": "음식", "sub": "한식", "addr": "전남광주통합특별시 동구 동계천로 77", "alt": "", "src": "store" }, "geometry": { "type": "Point", "coordinates": [ 126.919884, 35.152874 ] } },
{ "type": "Feature", "properties": { "name": "오리엔스", "cat": "음식", "sub": "비알코올 ", "addr": "전남광주통합특별시 동구 동계천로 151-5", "alt": "", "src": "store" }, "geometry": { "type": "Point", "coordinates": [ 126.925737, 35.14921 ] } },
{ "type": "Feature", "properties": { "name": "오메", "cat": "음식", "sub": "한식", "addr": "전남광주통합특별시 동구 동계천로 143-17", "alt": "", "src": "store" }, "geometry": { "type": "Point", "coordinates": [ 126.9251, 35.149615 ] } },
{ "type": "Feature", "properties": { "name": "오미뚝배기", "cat": "음식", "sub": "한식", "addr": "전남광주통합특별시 동구 동계천로 116", "alt": "", "src": "store" }, "geometry": { "type": "Point", "coordinates": [ 126.922795, 35.150506 ] } },
{ "type": "Feature", "properties": { "name": "오보에루", "cat": "음식", "sub": "주점", "addr": "전남광주통합특별시 동구 동명로20번길 22-4", "alt": "", "src": "store" }, "geometry": { "type": "Point", "coordinates": [ 126.925736, 35.150264 ] } },
{ "type": "Feature", "properties": { "name": "오브라픽쳐스스튜디오광주점4인다이어리", "cat": "과학·기술", "sub": "사진 촬영", "addr": "전남광주통합특별시 동구 필문대로 233", "alt": "", "src": "store" }, "geometry": { "type": "Point", "coordinates": [ 126.930016, 35.150059 ] } },
{ "type": "Feature", "properties": { "name": "오성종합씽크", "cat": "소매", "sub": "가구 소매", "addr": "전남광주통합특별시 동구 경양로 299", "alt": "", "src": "store" }, "geometry": { "type": "Point", "coordinates": [ 126.922077, 35.154633 ] } },
{ "type": "Feature", "properties": { "name": "오성종합오토바이상사", "cat": "소매", "sub": "모터사이클 소매", "addr": "전남광주통합특별시 동구 필문대로 291", "alt": "", "src": "store" }, "geometry": { "type": "Point", "coordinates": [ 126.926915, 35.145461 ] } },
{ "type": "Feature", "properties": { "name": "오시오슈퍼가맥", "cat": "음식", "sub": "주점", "addr": "전남광주통합특별시 동구 구성로204번길 15-1", "alt": "", "src": "store" }, "geometry": { "type": "Point", "coordinates": [ 126.915901, 35.152664 ] } },
{ "type": "Feature", "properties": { "name": "오아시타", "cat": "숙박", "sub": "일반 숙박", "addr": "전남광주통합특별시 동구 동명로20번길 20", "alt": "", "src": "store" }, "geometry": { "type": "Point", "coordinates": [ 126.925582, 35.150372 ] } },
{ "type": "Feature", "properties": { "name": "오알디삭스", "cat": "소매", "sub": "종합 소매", "addr": "전남광주통합특별시 동구 동계천로 143-5", "alt": "", "src": "store" }, "geometry": { "type": "Point", "coordinates": [ 126.925013, 35.149263 ] } },
{ "type": "Feature", "properties": { "name": "오월밥집", "cat": "음식", "sub": "한식", "addr": "전남광주통합특별시 동구 예술길15번길 10-1", "alt": "", "src": "store" }, "geometry": { "type": "Point", "coordinates": [ 126.918997, 35.150972 ] } },
{ "type": "Feature", "properties": { "name": "오월의동명동", "cat": "음식", "sub": "비알코올 ", "addr": "전남광주통합특별시 동구 동명로 40", "alt": "", "src": "store" }, "geometry": { "type": "Point", "coordinates": [ 126.925033, 35.151544 ] } },
{ "type": "Feature", "properties": { "name": "오월점빵", "cat": "소매", "sub": "의약·화장품 소매", "addr": "전남광주통합특별시 동구 동계천로 83-7", "alt": "", "src": "store" }, "geometry": { "type": "Point", "coordinates": [ 126.920554, 35.152803 ] } },
{ "type": "Feature", "properties": { "name": "오자미해물포차", "cat": "음식", "sub": "한식", "addr": "전남광주통합특별시 동구 제봉로138번길 8-1", "alt": "", "src": "store" }, "geometry": { "type": "Point", "coordinates": [ 126.921983, 35.150397 ] } },
{ "type": "Feature", "properties": { "name": "오케이7080", "cat": "음식", "sub": "주점", "addr": "전남광주통합특별시 동구 제봉로212번길 2-8", "alt": "", "src": "store" }, "geometry": { "type": "Point", "coordinates": [ 126.915306, 35.154404 ] } },
{ "type": "Feature", "properties": { "name": "오키", "cat": "음식", "sub": "비알코올 ", "addr": "전남광주통합특별시 동구 동계로15번길 29", "alt": "", "src": "store" }, "geometry": { "type": "Point", "coordinates": [ 126.921749, 35.153939 ] } },
{ "type": "Feature", "properties": { "name": "오펜스", "cat": "음식", "sub": "한식", "addr": "전남광주통합특별시 동구 동명로25번길 6-2", "alt": "", "src": "store" }, "geometry": { "type": "Point", "coordinates": [ 126.923145, 35.151759 ] } },
{ "type": "Feature", "properties": { "name": "오프화이트롯데광주", "cat": "소매", "sub": "섬유·의복·신발 소매", "addr": "전남광주통합특별시 동구 독립로 268", "alt": "", "src": "store" }, "geometry": { "type": "Point", "coordinates": [ 126.912178, 35.154555 ] } },
{ "type": "Feature", "properties": { "name": "오필름", "cat": "과학·기술", "sub": "사진 촬영", "addr": "전남광주통합특별시 동구 지산로63번길 12-1", "alt": "", "src": "store" }, "geometry": { "type": "Point", "coordinates": [ 126.931805, 35.149655 ] } },
{ "type": "Feature", "properties": { "name": "옥션부동산컨설팅", "cat": "부동산", "sub": "부동산 서비스", "addr": "전남광주통합특별시 동구 준법로 8-1", "alt": "", "src": "store" }, "geometry": { "type": "Point", "coordinates": [ 126.93388, 35.149286 ] } },
{ "type": "Feature", "properties": { "name": "옥앤터치", "cat": "소매", "sub": "의약·화장품 소매", "addr": "전남광주통합특별시 동구 필문대로289번길 2-2", "alt": "", "src": "store" }, "geometry": { "type": "Point", "coordinates": [ 126.927057, 35.145632 ] } },
{ "type": "Feature", "properties": { "name": "온담죽", "cat": "음식", "sub": "한식", "addr": "전남광주통합특별시 동구 경양로 234", "alt": "", "src": "store" }, "geometry": { "type": "Point", "coordinates": [ 126.915392, 35.155981 ] } },
{ "type": "Feature", "properties": { "name": "온마케팅", "cat": "과학·기술", "sub": "광고", "addr": "전남광주통합특별시 동구 구성로204번길 6", "alt": "", "src": "store" }, "geometry": { "type": "Point", "coordinates": [ 126.914923, 35.153268 ] } },
{ "type": "Feature", "properties": { "name": "온우", "cat": "음식", "sub": "주점", "addr": "전남광주통합특별시 동구 동계천로 159-16", "alt": "", "src": "store" }, "geometry": { "type": "Point", "coordinates": [ 126.926582, 35.149706 ] } },
{ "type": "Feature", "properties": { "name": "온정", "cat": "음식", "sub": "한식", "addr": "전남광주통합특별시 동구 필문대로205번길 14-1", "alt": "", "src": "store" }, "geometry": { "type": "Point", "coordinates": [ 126.932638, 35.151972 ] } },
{ "type": "Feature", "properties": { "name": "온프리네트워크", "cat": "소매", "sub": "가전·통신 소매", "addr": "전남광주통합특별시 동구 동계로13번길 20", "alt": "", "src": "store" }, "geometry": { "type": "Point", "coordinates": [ 126.92221, 35.153417 ] } },
{ "type": "Feature", "properties": { "name": "온화ONHWA", "cat": "소매", "sub": "식물 소매", "addr": "전남광주통합특별시 동구 장동로 3", "alt": "", "src": "store" }, "geometry": { "type": "Point", "coordinates": [ 126.922697, 35.149244 ] } },
{ "type": "Feature", "properties": { "name": "올데이우동", "cat": "음식", "sub": "일식", "addr": "전남광주통합특별시 동구 동계천로 151-31", "alt": "", "src": "store" }, "geometry": { "type": "Point", "coordinates": [ 126.926209, 35.149453 ] } },
{ "type": "Feature", "properties": { "name": "올데이피크닉", "cat": "음식", "sub": "기타 간이", "addr": "전남광주통합특별시 동구 제봉로110번길 20", "alt": "", "src": "store" }, "geometry": { "type": "Point", "coordinates": [ 126.92397, 35.149064 ] } },
{ "type": "Feature", "properties": { "name": "올드옴므샵", "cat": "소매", "sub": "섬유·의복·신발 소매", "addr": "전남광주통합특별시 동구 중앙로 245", "alt": "", "src": "store" }, "geometry": { "type": "Point", "coordinates": [ 126.91973, 35.153893 ] } },
{ "type": "Feature", "properties": { "name": "올리브PC카페", "cat": "예술·스포츠", "sub": "유원지·오락", "addr": "전남광주통합특별시 동구 필문대로 269", "alt": "", "src": "store" }, "geometry": { "type": "Point", "coordinates": [ 126.928186, 35.147156 ] } },
{ "type": "Feature", "properties": { "name": "올리브영", "cat": "소매", "sub": "의약·화장품 소매", "addr": "전남광주통합특별시 동구 필문대로273번길 10", "alt": "", "src": "store" }, "geometry": { "type": "Point", "coordinates": [ 126.928593, 35.146345 ] } },
{ "type": "Feature", "properties": { "name": "옷장", "cat": "소매", "sub": "섬유·의복·신발 소매", "addr": "전남광주통합특별시 동구 동명로14번길 28", "alt": "", "src": "store" }, "geometry": { "type": "Point", "coordinates": [ 126.926154, 35.14976 ] } },
{ "type": "Feature", "properties": { "name": "와구와규", "cat": "음식", "sub": "일식", "addr": "전남광주통합특별시 동구 장동로 6", "alt": "", "src": "store" }, "geometry": { "type": "Point", "coordinates": [ 126.922708, 35.149063 ] } },
{ "type": "Feature", "properties": { "name": "와유포토", "cat": "과학·기술", "sub": "사진 촬영", "addr": "전남광주통합특별시 동구 제봉로184번길 9-2", "alt": "", "src": "store" }, "geometry": { "type": "Point", "coordinates": [ 126.91782, 35.153576 ] } },
{ "type": "Feature", "properties": { "name": "와이모바일", "cat": "소매", "sub": "가전·통신 소매", "addr": "전남광주통합특별시 동구 경양로 350-1", "alt": "", "src": "store" }, "geometry": { "type": "Point", "coordinates": [ 126.927401, 35.153672 ] } },
{ "type": "Feature", "properties": { "name": "와인에빠지다", "cat": "음식", "sub": "주점", "addr": "전남광주통합특별시 동구 장동로 1-2", "alt": "", "src": "store" }, "geometry": { "type": "Point", "coordinates": [ 126.922675, 35.149379 ] } },
{ "type": "Feature", "properties": { "name": "와플킹", "cat": "음식", "sub": "기타 간이", "addr": "전남광주통합특별시 동구 제봉로 143", "alt": "", "src": "store" }, "geometry": { "type": "Point", "coordinates": [ 126.920479, 35.150387 ] } },
{ "type": "Feature", "properties": { "name": "왕성문집", "cat": "소매", "sub": "기타 생활용품 소매", "addr": "전남광주통합특별시 동구 경양로 295-1", "alt": "", "src": "store" }, "geometry": { "type": "Point", "coordinates": [ 126.92166, 35.154642 ] } },
{ "type": "Feature", "properties": { "name": "왕손피자", "cat": "음식", "sub": "기타 간이", "addr": "전남광주통합특별시 동구 경양로 360-1", "alt": "", "src": "store" }, "geometry": { "type": "Point", "coordinates": [ 126.928608, 35.153871 ] } },
{ "type": "Feature", "properties": { "name": "왕손피자", "cat": "음식", "sub": "기타 간이", "addr": "전남광주통합특별시 동구 경양로 360-1", "alt": "", "src": "store" }, "geometry": { "type": "Point", "coordinates": [ 126.928608, 35.153871 ] } },
{ "type": "Feature", "properties": { "name": "요거트아이스크림의정석", "cat": "음식", "sub": "기타 간이", "addr": "전남광주통합특별시 동구 서석로85번길 8-8", "alt": "", "src": "store" }, "geometry": { "type": "Point", "coordinates": [ 126.920469, 35.150008 ] } },
{ "type": "Feature", "properties": { "name": "요거팡", "cat": "음식", "sub": "비알코올 ", "addr": "전남광주통합특별시 동구 지산로 42", "alt": "", "src": "store" }, "geometry": { "type": "Point", "coordinates": [ 126.932323, 35.14751 ] } },
{ "type": "Feature", "properties": { "name": "요시로", "cat": "음식", "sub": "한식", "addr": "전남광주통합특별시 동구 동명로14번길 1-1", "alt": "", "src": "store" }, "geometry": { "type": "Point", "coordinates": [ 126.923442, 35.150326 ] } },
{ "type": "Feature", "properties": { "name": "요트파마Yachtpharma", "cat": "과학·기술", "sub": "본사·경영 컨설팅", "addr": "전남광주통합특별시 동구 밤실로30번길 11", "alt": "", "src": "store" }, "geometry": { "type": "Point", "coordinates": [ 126.93851, 35.150533 ] } },
{ "type": "Feature", "properties": { "name": "용궁", "cat": "음식", "sub": "중식", "addr": "전남광주통합특별시 동구 금남로169번길 6-6", "alt": "", "src": "store" }, "geometry": { "type": "Point", "coordinates": [ 126.912663, 35.153077 ] } },
{ "type": "Feature", "properties": { "name": "용화감자탕", "cat": "소매", "sub": "식료품 소매", "addr": "전남광주통합특별시 동구 제봉로178번길 11", "alt": "", "src": "store" }, "geometry": { "type": "Point", "coordinates": [ 126.918325, 35.153423 ] } },
{ "type": "Feature", "properties": { "name": "우", "cat": "음식", "sub": "한식", "addr": "전남광주통합특별시 동구 동명로25번길 9-1", "alt": "", "src": "store" }, "geometry": { "type": "Point", "coordinates": [ 126.922706, 35.151488 ] } },
{ "type": "Feature", "properties": { "name": "우니만두라면", "cat": "음식", "sub": "기타 간이", "addr": "전남광주통합특별시 동구 지호로 28", "alt": "", "src": "store" }, "geometry": { "type": "Point", "coordinates": [ 126.932125, 35.148087 ] } },
{ "type": "Feature", "properties": { "name": "우동이완성되다", "cat": "음식", "sub": "일식", "addr": "전남광주통합특별시 동구 장동로 15", "alt": "", "src": "store" }, "geometry": { "type": "Point", "coordinates": [ 126.923718, 35.148694 ] } },
{ "type": "Feature", "properties": { "name": "우동이완성되다", "cat": "음식", "sub": "일식", "addr": "전남광주통합특별시 동구 장동로 15", "alt": "", "src": "store" }, "geometry": { "type": "Point", "coordinates": [ 126.923718, 35.148694 ] } },
{ "type": "Feature", "properties": { "name": "우디스튜디오", "cat": "소매", "sub": "장식품 소매", "addr": "전남광주통합특별시 동구 동명로 33-13", "alt": "", "src": "store" }, "geometry": { "type": "Point", "coordinates": [ 126.924736, 35.15231 ] } },
{ "type": "Feature", "properties": { "name": "우림액자", "cat": "소매", "sub": "장식품 소매", "addr": "전남광주통합특별시 동구 동명로25번길 3-2", "alt": "", "src": "store" }, "geometry": { "type": "Point", "coordinates": [ 126.923189, 35.151389 ] } },
{ "type": "Feature", "properties": { "name": "우성여관", "cat": "숙박", "sub": "일반 숙박", "addr": "전남광주통합특별시 동구 제봉로222번길 10-4", "alt": "", "src": "store" }, "geometry": { "type": "Point", "coordinates": [ 126.914493, 35.155394 ] } },
{ "type": "Feature", "properties": { "name": "우인준", "cat": "소매", "sub": "종합 소매", "addr": "전남광주통합특별시 동구 경양로 234", "alt": "", "src": "store" }, "geometry": { "type": "Point", "coordinates": [ 126.915392, 35.155981 ] } },
{ "type": "Feature", "properties": { "name": "운김", "cat": "부동산", "sub": "부동산 서비스", "addr": "전남광주통합특별시 동구 경양로 342-1", "alt": "", "src": "store" }, "geometry": { "type": "Point", "coordinates": [ 126.926633, 35.153672 ] } },
{ "type": "Feature", "properties": { "name": "워시엔조이지산조대점", "cat": "수리·개인", "sub": "세탁", "addr": "전남광주통합특별시 동구 동명로98번길 20-15", "alt": "", "src": "store" }, "geometry": { "type": "Point", "coordinates": [ 126.929732, 35.149176 ] } },
{ "type": "Feature", "properties": { "name": "워커힐각여관", "cat": "숙박", "sub": "일반 숙박", "addr": "전남광주통합특별시 동구 제봉로222번길 10-15", "alt": "", "src": "store" }, "geometry": { "type": "Point", "coordinates": [ 126.915053, 35.155305 ] } },
{ "type": "Feature", "properties": { "name": "원나인스텐드", "cat": "음식", "sub": "한식", "addr": "전남광주통합특별시 동구 동명로 19-10", "alt": "", "src": "store" }, "geometry": { "type": "Point", "coordinates": [ 126.922893, 35.151065 ] } },
{ "type": "Feature", "properties": { "name": "원림", "cat": "소매", "sub": "섬유·의복·신발 소매", "addr": "전남광주통합특별시 동구 동계천로43번길 1-13", "alt": "", "src": "store" }, "geometry": { "type": "Point", "coordinates": [ 126.916974, 35.155018 ] } },
{ "type": "Feature", "properties": { "name": "원스톱에이전시서비스", "cat": "시설관리·임대", "sub": "사무 지원", "addr": "전남광주통합특별시 동구 동명로 110", "alt": "", "src": "store" }, "geometry": { "type": "Point", "coordinates": [ 126.932595, 35.150394 ] } },
{ "type": "Feature", "properties": { "name": "월간맥주", "cat": "음식", "sub": "주점", "addr": "전남광주통합특별시 동구 동명로 23-1", "alt": "", "src": "store" }, "geometry": { "type": "Point", "coordinates": [ 126.923452, 35.151326 ] } },
{ "type": "Feature", "properties": { "name": "월드수선실", "cat": "수리·개인", "sub": "기타 가정용품 수리", "addr": "전남광주통합특별시 동구 제봉로 221-21", "alt": "", "src": "store" }, "geometry": { "type": "Point", "coordinates": [ 126.913199, 35.15433 ] } },
{ "type": "Feature", "properties": { "name": "월드전자", "cat": "소매", "sub": "가전·통신 소매", "addr": "전남광주통합특별시 동구 독립로264번길 25", "alt": "", "src": "store" }, "geometry": { "type": "Point", "coordinates": [ 126.913661, 35.153456 ] } },
{ "type": "Feature", "properties": { "name": "월드클래스정보통신", "cat": "수리·개인", "sub": "컴퓨터 수리", "addr": "전남광주통합특별시 동구 동계천로 55-8", "alt": "", "src": "store" }, "geometry": { "type": "Point", "coordinates": [ 126.918193, 35.154306 ] } },
{ "type": "Feature", "properties": { "name": "월출장여관", "cat": "숙박", "sub": "일반 숙박", "addr": "전남광주통합특별시 동구 중앙로 253-4", "alt": "", "src": "store" }, "geometry": { "type": "Point", "coordinates": [ 126.920047, 35.154407 ] } },
{ "type": "Feature", "properties": { "name": "웨이브투데이지", "cat": "음식", "sub": "한식", "addr": "전남광주통합특별시 동구 동계천로85번길 14", "alt": "", "src": "store" }, "geometry": { "type": "Point", "coordinates": [ 126.921618, 35.152984 ] } },
{ "type": "Feature", "properties": { "name": "웨이비보드&칵테일", "cat": "음식", "sub": "주점", "addr": "전남광주통합특별시 동구 지산로 29", "alt": "", "src": "store" }, "geometry": { "type": "Point", "coordinates": [ 126.931556, 35.146671 ] } },
{ "type": "Feature", "properties": { "name": "웨이비보드샵", "cat": "소매", "sub": "오락용품 소매", "addr": "전남광주통합특별시 동구 지산로 29", "alt": "", "src": "store" }, "geometry": { "type": "Point", "coordinates": [ 126.931556, 35.146671 ] } },
{ "type": "Feature", "properties": { "name": "웨잇", "cat": "음식", "sub": "한식", "addr": "전남광주통합특별시 동구 동명로 8", "alt": "", "src": "store" }, "geometry": { "type": "Point", "coordinates": [ 126.922905, 35.149947 ] } },
{ "type": "Feature", "properties": { "name": "위니아24크린샵광주조대점", "cat": "수리·개인", "sub": "세탁", "addr": "전남광주통합특별시 동구 필문대로263번길 2", "alt": "", "src": "store" }, "geometry": { "type": "Point", "coordinates": [ 126.928559, 35.147553 ] } },
{ "type": "Feature", "properties": { "name": "위메이크어스", "cat": "음식", "sub": "비알코올 ", "addr": "전남광주통합특별시 동구 동계천로 42", "alt": "", "src": "store" }, "geometry": { "type": "Point", "coordinates": [ 126.916634, 35.154846 ] } },
{ "type": "Feature", "properties": { "name": "위메이크어스", "cat": "과학·기술", "sub": "전문 디자인", "addr": "전남광주통합특별시 동구 동계천로 42", "alt": "", "src": "store" }, "geometry": { "type": "Point", "coordinates": [ 126.916634, 35.154846 ] } },
{ "type": "Feature", "properties": { "name": "위브네일", "cat": "수리·개인", "sub": "이용·미용", "addr": "전남광주통합특별시 동구 계림로 18", "alt": "", "src": "store" }, "geometry": { "type": "Point", "coordinates": [ 126.922362, 35.15549 ] } },
{ "type": "Feature", "properties": { "name": "유경씨앤씨", "cat": "시설관리·임대", "sub": "청소·방제", "addr": "전남광주통합특별시 동구 밤실로39번길 5", "alt": "", "src": "store" }, "geometry": { "type": "Point", "coordinates": [ 126.936172, 35.15109 ] } },
{ "type": "Feature", "properties": { "name": "유니샵", "cat": "수리·개인", "sub": "이용·미용", "addr": "전남광주통합특별시 동구 필문대로 279", "alt": "", "src": "store" }, "geometry": { "type": "Point", "coordinates": [ 126.927561, 35.146443 ] } },
{ "type": "Feature", "properties": { "name": "유메이", "cat": "음식", "sub": "주점", "addr": "전남광주통합특별시 동구 필문대로287번길 7", "alt": "", "src": "store" }, "geometry": { "type": "Point", "coordinates": [ 126.927891, 35.145668 ] } },
{ "type": "Feature", "properties": { "name": "유미타코광주", "cat": "음식", "sub": "서양식", "addr": "전남광주통합특별시 동구 동계천로 163-2", "alt": "", "src": "store" }, "geometry": { "type": "Point", "coordinates": [ 126.927142, 35.149228 ] } },
{ "type": "Feature", "properties": { "name": "유비아이아시아", "cat": "수리·개인", "sub": "컴퓨터 수리", "addr": "전남광주통합특별시 동구 필문대로 201", "alt": "", "src": "store" }, "geometry": { "type": "Point", "coordinates": [ 126.931583, 35.152737 ] } },
{ "type": "Feature", "properties": { "name": "유신라사", "cat": "수리·개인", "sub": "세탁", "addr": "전남광주통합특별시 동구 지산로 61", "alt": "", "src": "store" }, "geometry": { "type": "Point", "coordinates": [ 126.932826, 35.149232 ] } },
{ "type": "Feature", "properties": { "name": "유에프오", "cat": "소매", "sub": "가전·통신 소매", "addr": "전남광주통합특별시 동구 필문대로273번길 5-1", "alt": "", "src": "store" }, "geometry": { "type": "Point", "coordinates": [ 126.928505, 35.146669 ] } },
{ "type": "Feature", "properties": { "name": "유유한", "cat": "숙박", "sub": "일반 숙박", "addr": "전남광주통합특별시 동구 백서로224번길 6-6", "alt": "", "src": "store" }, "geometry": { "type": "Point", "coordinates": [ 126.927187, 35.147588 ] } },
{ "type": "Feature", "properties": { "name": "유일로운", "cat": "소매", "sub": "섬유·의복·신발 소매", "addr": "전남광주통합특별시 동구 장동로 3", "alt": "", "src": "store" }, "geometry": { "type": "Point", "coordinates": [ 126.922697, 35.149244 ] } },
{ "type": "Feature", "properties": { "name": "유정현법무사사무소", "cat": "과학·기술", "sub": "법무관련 ", "addr": "전남광주통합특별시 동구 지산로78번길 9", "alt": "", "src": "store" }, "geometry": { "type": "Point", "coordinates": [ 126.933736, 35.150954 ] } },
{ "type": "Feature", "properties": { "name": "유진부동산공인중개사사무소", "cat": "부동산", "sub": "부동산 서비스", "addr": "전남광주통합특별시 동구 독립로264번길 12", "alt": "", "src": "store" }, "geometry": { "type": "Point", "coordinates": [ 126.91208, 35.153824 ] } },
{ "type": "Feature", "properties": { "name": "유코헤어", "cat": "수리·개인", "sub": "이용·미용", "addr": "전남광주통합특별시 동구 동명로69번길 20", "alt": "", "src": "store" }, "geometry": { "type": "Point", "coordinates": [ 126.928532, 35.153006 ] } },
{ "type": "Feature", "properties": { "name": "유키", "cat": "음식", "sub": "한식", "addr": "전남광주통합특별시 동구 장동로 27", "alt": "", "src": "store" }, "geometry": { "type": "Point", "coordinates": [ 126.924838, 35.148172 ] } },
{ "type": "Feature", "properties": { "name": "유투어", "cat": "시설관리·임대", "sub": "여행사·보조", "addr": "전남광주통합특별시 동구 구성로194번길 7", "alt": "", "src": "store" }, "geometry": { "type": "Point", "coordinates": [ 126.91488, 35.152573 ] } },
{ "type": "Feature", "properties": { "name": "육값어치", "cat": "음식", "sub": "한식", "addr": "전남광주통합특별시 동구 동계천로 143-5", "alt": "", "src": "store" }, "geometry": { "type": "Point", "coordinates": [ 126.925013, 35.149263 ] } },
{ "type": "Feature", "properties": { "name": "육계로", "cat": "음식", "sub": "한식", "addr": "전남광주통합특별시 동구 동계천로 113", "alt": "", "src": "store" }, "geometry": { "type": "Point", "coordinates": [ 126.922816, 35.150731 ] } },
{ "type": "Feature", "properties": { "name": "육식사관학교광주", "cat": "음식", "sub": "한식", "addr": "전남광주통합특별시 동구 동계천로85번길 12", "alt": "", "src": "store" }, "geometry": { "type": "Point", "coordinates": [ 126.921519, 35.15292 ] } },
{ "type": "Feature", "properties": { "name": "육칠이", "cat": "음식", "sub": "한식", "addr": "전남광주통합특별시 동구 동명로26번길 9-5", "alt": "", "src": "store" }, "geometry": { "type": "Point", "coordinates": [ 126.924572, 35.151381 ] } },
{ "type": "Feature", "properties": { "name": "윤슬베이커리", "cat": "음식", "sub": "기타 간이", "addr": "전남광주통합특별시 동구 동계천로 166", "alt": "", "src": "store" }, "geometry": { "type": "Point", "coordinates": [ 126.927186, 35.149021 ] } },
{ "type": "Feature", "properties": { "name": "윤을담다nail", "cat": "수리·개인", "sub": "이용·미용", "addr": "전남광주통합특별시 동구 동계천로 71", "alt": "", "src": "store" }, "geometry": { "type": "Point", "coordinates": [ 126.919412, 35.153189 ] } },
{ "type": "Feature", "properties": { "name": "으뜸브루어스", "cat": "음식", "sub": "비알코올 ", "addr": "전남광주통합특별시 동구 지산로 42", "alt": "", "src": "store" }, "geometry": { "type": "Point", "coordinates": [ 126.932323, 35.14751 ] } },
{ "type": "Feature", "properties": { "name": "으뜸쌀농산", "cat": "소매", "sub": "식료품 소매", "addr": "전남광주통합특별시 동구 동계천로 58-6", "alt": "", "src": "store" }, "geometry": { "type": "Point", "coordinates": [ 126.918116, 35.153865 ] } },
{ "type": "Feature", "properties": { "name": "은강", "cat": "음식", "sub": "한식", "addr": "전남광주통합특별시 동구 제봉로140번길 12-5", "alt": "", "src": "store" }, "geometry": { "type": "Point", "coordinates": [ 126.922202, 35.150983 ] } },
{ "type": "Feature", "properties": { "name": "은성미용실", "cat": "수리·개인", "sub": "이용·미용", "addr": "전남광주통합특별시 동구 동계천로 40", "alt": "", "src": "store" }, "geometry": { "type": "Point", "coordinates": [ 126.916469, 35.154927 ] } },
{ "type": "Feature", "properties": { "name": "은성슈퍼", "cat": "소매", "sub": "종합 소매", "addr": "전남광주통합특별시 동구 동명로14번길 29-2", "alt": "", "src": "store" }, "geometry": { "type": "Point", "coordinates": [ 126.92645, 35.149859 ] } },
{ "type": "Feature", "properties": { "name": "은이씨", "cat": "음식", "sub": "한식", "addr": "전남광주통합특별시 동구 동명로25번길 3-2", "alt": "", "src": "store" }, "geometry": { "type": "Point", "coordinates": [ 126.923189, 35.151389 ] } },
{ "type": "Feature", "properties": { "name": "은정건강클리닉", "cat": "수리·개인", "sub": "이용·미용", "addr": "전남광주통합특별시 동구 구성로204번길 19-1", "alt": "", "src": "store" }, "geometry": { "type": "Point", "coordinates": [ 126.916274, 35.152313 ] } },
{ "type": "Feature", "properties": { "name": "은하", "cat": "수리·개인", "sub": "이용·미용", "addr": "전남광주통합특별시 동구 동계천로 55-8", "alt": "", "src": "store" }, "geometry": { "type": "Point", "coordinates": [ 126.918193, 35.154306 ] } },
{ "type": "Feature", "properties": { "name": "은하식당", "cat": "음식", "sub": "한식", "addr": "전남광주통합특별시 동구 구성로194번길 5", "alt": "", "src": "store" }, "geometry": { "type": "Point", "coordinates": [ 126.914551, 35.152681 ] } },
{ "type": "Feature", "properties": { "name": "을지포차광주", "cat": "음식", "sub": "한식", "addr": "전남광주통합특별시 동구 동계천로 128", "alt": "", "src": "store" }, "geometry": { "type": "Point", "coordinates": [ 126.923608, 35.149776 ] } },
{ "type": "Feature", "properties": { "name": "음식나라", "cat": "음식", "sub": "한식", "addr": "전남광주통합특별시 동구 경양로 372", "alt": "", "src": "store" }, "geometry": { "type": "Point", "coordinates": [ 126.929771, 35.154034 ] } },
{ "type": "Feature", "properties": { "name": "의류수선", "cat": "수리·개인", "sub": "기타 가정용품 수리", "addr": "전남광주통합특별시 동구 중앙로 228-1", "alt": "", "src": "store" }, "geometry": { "type": "Point", "coordinates": [ 126.918611, 35.152585 ] } },
{ "type": "Feature", "properties": { "name": "이-푸른독서실", "cat": "예술·스포츠", "sub": "도서관·사적지", "addr": "전남광주통합특별시 동구 서석로85번길 8-14", "alt": "", "src": "store" }, "geometry": { "type": "Point", "coordinates": [ 126.920798, 35.15018 ] } },
{ "type": "Feature", "properties": { "name": "이건영변호사사무소", "cat": "과학·기술", "sub": "법무관련 ", "addr": "전남광주통합특별시 동구 동명로110번길 11", "alt": "", "src": "store" }, "geometry": { "type": "Point", "coordinates": [ 126.932497, 35.14979 ] } },
{ "type": "Feature", "properties": { "name": "이근우법률사무소", "cat": "과학·기술", "sub": "법무관련 ", "addr": "전남광주통합특별시 동구 준법로 7-1", "alt": "", "src": "store" }, "geometry": { "type": "Point", "coordinates": [ 126.933693, 35.149719 ] } },
{ "type": "Feature", "properties": { "name": "이든헤어", "cat": "수리·개인", "sub": "이용·미용", "addr": "전남광주통합특별시 동구 동명로67번길 37", "alt": "", "src": "store" }, "geometry": { "type": "Point", "coordinates": [ 126.925141, 35.1534 ] } },
{ "type": "Feature", "properties": { "name": "이디야광주그랜드", "cat": "음식", "sub": "비알코올 ", "addr": "전남광주통합특별시 동구 경양로 234", "alt": "", "src": "store" }, "geometry": { "type": "Point", "coordinates": [ 126.916841, 35.15591 ] } },
{ "type": "Feature", "properties": { "name": "이럴슈가", "cat": "수리·개인", "sub": "이용·미용", "addr": "전남광주통합특별시 동구 동명로67번길 37", "alt": "", "src": "store" }, "geometry": { "type": "Point", "coordinates": [ 126.925141, 35.1534 ] } },
{ "type": "Feature", "properties": { "name": "이레사", "cat": "수리·개인", "sub": "세탁", "addr": "전남광주통합특별시 동구 필문대로205번길 34-1", "alt": "", "src": "store" }, "geometry": { "type": "Point", "coordinates": [ 126.934778, 35.151838 ] } },
{ "type": "Feature", "properties": { "name": "이로도리", "cat": "음식", "sub": "일식", "addr": "전남광주통합특별시 동구 동명로 45-1", "alt": "", "src": "store" }, "geometry": { "type": "Point", "coordinates": [ 126.925493, 35.151715 ] } },
{ "type": "Feature", "properties": { "name": "이룰공인중개사사무소", "cat": "부동산", "sub": "부동산 서비스", "addr": "전남광주통합특별시 동구 경양로 275", "alt": "", "src": "store" }, "geometry": { "type": "Point", "coordinates": [ 126.919926, 35.155254 ] } },
{ "type": "Feature", "properties": { "name": "이마트24R광주하늘마당점", "cat": "소매", "sub": "종합 소매", "addr": "전남광주통합특별시 동구 서석로 89", "alt": "", "src": "store" }, "geometry": { "type": "Point", "coordinates": [ 126.920974, 35.149792 ] } },
{ "type": "Feature", "properties": { "name": "이마트24광주", "cat": "소매", "sub": "종합 소매", "addr": "전남광주통합특별시 동구 필문대로 263", "alt": "", "src": "store" }, "geometry": { "type": "Point", "coordinates": [ 126.928361, 35.147598 ] } },
{ "type": "Feature", "properties": { "name": "이마트24광주육성점", "cat": "소매", "sub": "종합 소매", "addr": "전남광주통합특별시 동구 필문대로263번길 13", "alt": "", "src": "store" }, "geometry": { "type": "Point", "coordinates": [ 126.92958, 35.147355 ] } },
{ "type": "Feature", "properties": { "name": "이모네김밥", "cat": "음식", "sub": "기타 간이", "addr": "전남광주통합특별시 동구 동계천로 58-1", "alt": "", "src": "store" }, "geometry": { "type": "Point", "coordinates": [ 126.918006, 35.153964 ] } },
{ "type": "Feature", "properties": { "name": "이병직법무사", "cat": "과학·기술", "sub": "법무관련 ", "addr": "전남광주통합특별시 동구 동명로 110", "alt": "", "src": "store" }, "geometry": { "type": "Point", "coordinates": [ 126.932595, 35.150394 ] } },
{ "type": "Feature", "properties": { "name": "이삭토스트", "cat": "음식", "sub": "기타 간이", "addr": "전남광주통합특별시 동구 금남로 161-42", "alt": "", "src": "store" }, "geometry": { "type": "Point", "coordinates": [ 126.912497, 35.153726 ] } },
{ "type": "Feature", "properties": { "name": "이샘교실", "cat": "교육", "sub": "일반 교육", "addr": "전남광주통합특별시 동구 필문대로205번길 23", "alt": "", "src": "store" }, "geometry": { "type": "Point", "coordinates": [ 126.933658, 35.152053 ] } },
{ "type": "Feature", "properties": { "name": "이안", "cat": "숙박", "sub": "일반 숙박", "addr": "전남광주통합특별시 동구 동계천로95번길 18-7", "alt": "", "src": "store" }, "geometry": { "type": "Point", "coordinates": [ 126.922112, 35.153002 ] } },
{ "type": "Feature", "properties": { "name": "이안경대인점", "cat": "소매", "sub": "안경·정밀기기 소매", "addr": "전남광주통합특별시 동구 독립로 276", "alt": "", "src": "store" }, "geometry": { "type": "Point", "coordinates": [ 126.912276, 35.155312 ] } },
{ "type": "Feature", "properties": { "name": "이안커뮤니케이션", "cat": "과학·기술", "sub": "전문 디자인", "addr": "전남광주통합특별시 동구 동계천로 87", "alt": "", "src": "store" }, "geometry": { "type": "Point", "coordinates": [ 126.920719, 35.15228 ] } },
{ "type": "Feature", "properties": { "name": "이야호", "cat": "음식", "sub": "주점", "addr": "전남광주통합특별시 동구 지산로 41", "alt": "", "src": "store" }, "geometry": { "type": "Point", "coordinates": [ 126.932093, 35.147591 ] } },
{ "type": "Feature", "properties": { "name": "이유네일", "cat": "수리·개인", "sub": "이용·미용", "addr": "전남광주통합특별시 동구 경양로 234", "alt": "", "src": "store" }, "geometry": { "type": "Point", "coordinates": [ 126.914777, 35.156359 ] } },
{ "type": "Feature", "properties": { "name": "이음새", "cat": "음식", "sub": "한식", "addr": "전남광주통합특별시 동구 동계천로 131", "alt": "", "src": "store" }, "geometry": { "type": "Point", "coordinates": [ 126.924211, 35.149713 ] } },
{ "type": "Feature", "properties": { "name": "이조나주곰탕", "cat": "음식", "sub": "한식", "addr": "전남광주통합특별시 동구 밤실로 43-1", "alt": "", "src": "store" }, "geometry": { "type": "Point", "coordinates": [ 126.936578, 35.151505 ] } },
{ "type": "Feature", "properties": { "name": "이지네일", "cat": "수리·개인", "sub": "이용·미용", "addr": "전남광주통합특별시 동구 동명로 71", "alt": "", "src": "store" }, "geometry": { "type": "Point", "coordinates": [ 126.928358, 35.151131 ] } },
{ "type": "Feature", "properties": { "name": "이츠모", "cat": "음식", "sub": "일식", "addr": "전남광주통합특별시 동구 동명로 45-1", "alt": "", "src": "store" }, "geometry": { "type": "Point", "coordinates": [ 126.925493, 35.151715 ] } },
{ "type": "Feature", "properties": { "name": "이츠키", "cat": "음식", "sub": "한식", "addr": "전남광주통합특별시 동구 동명로 11", "alt": "", "src": "store" }, "geometry": { "type": "Point", "coordinates": [ 126.922861, 35.150307 ] } },
{ "type": "Feature", "properties": { "name": "이케이스", "cat": "음식", "sub": "비알코올 ", "addr": "전남광주통합특별시 동구 필문대로 283", "alt": "", "src": "store" }, "geometry": { "type": "Point", "coordinates": [ 126.927287, 35.146011 ] } },
{ "type": "Feature", "properties": { "name": "이태랑스", "cat": "음식", "sub": "비알코올 ", "addr": "전남광주통합특별시 동구 지산로 82-1", "alt": "", "src": "store" }, "geometry": { "type": "Point", "coordinates": [ 126.933231, 35.150981 ] } },
{ "type": "Feature", "properties": { "name": "이태리양복점", "cat": "수리·개인", "sub": "기타 가정용품 수리", "addr": "전남광주통합특별시 동구 구성로 184-3", "alt": "", "src": "store" }, "geometry": { "type": "Point", "coordinates": [ 126.913366, 35.152275 ] } },
{ "type": "Feature", "properties": { "name": "이호원", "cat": "과학·기술", "sub": "본사·경영 컨설팅", "addr": "전남광주통합특별시 동구 동계천로53번길 8-3", "alt": "", "src": "store" }, "geometry": { "type": "Point", "coordinates": [ 126.918489, 35.154658 ] } },
{ "type": "Feature", "properties": { "name": "이화갤러리원조1호의집", "cat": "소매", "sub": "장식품 소매", "addr": "전남광주통합특별시 동구 예술길15번길 10", "alt": "", "src": "store" }, "geometry": { "type": "Point", "coordinates": [ 126.91892, 35.150882 ] } },
{ "type": "Feature", "properties": { "name": "이화양장", "cat": "소매", "sub": "섬유·의복·신발 소매", "addr": "전남광주통합특별시 동구 중앙로 247-2", "alt": "", "src": "store" }, "geometry": { "type": "Point", "coordinates": [ 126.919916, 35.154037 ] } },
{ "type": "Feature", "properties": { "name": "이화점", "cat": "음식", "sub": "한식", "addr": "전남광주통합특별시 동구 동계천로 46-2", "alt": "", "src": "store" }, "geometry": { "type": "Point", "coordinates": [ 126.917139, 35.154585 ] } },
{ "type": "Feature", "properties": { "name": "익선동121롯데광주점", "cat": "음식", "sub": "한식", "addr": "전남광주통합특별시 동구 독립로 268", "alt": "", "src": "store" }, "geometry": { "type": "Point", "coordinates": [ 126.912178, 35.154555 ] } },
{ "type": "Feature", "properties": { "name": "인", "cat": "소매", "sub": "섬유·의복·신발 소매", "addr": "전남광주통합특별시 동구 제봉로 122", "alt": "", "src": "store" }, "geometry": { "type": "Point", "coordinates": [ 126.92228, 35.14918 ] } },
{ "type": "Feature", "properties": { "name": "인물고시원", "cat": "숙박", "sub": "기타 숙박", "addr": "전남광주통합특별시 동구 장동로 52", "alt": "", "src": "store" }, "geometry": { "type": "Point", "coordinates": [ 126.927144, 35.146984 ] } },
{ "type": "Feature", "properties": { "name": "인생네컷사진관", "cat": "과학·기술", "sub": "사진 촬영", "addr": "전남광주통합특별시 동구 제봉로110번길 9", "alt": "", "src": "store" }, "geometry": { "type": "Point", "coordinates": [ 126.922763, 35.14873 ] } },
{ "type": "Feature", "properties": { "name": "인생설곰탕꽃삼겹", "cat": "음식", "sub": "한식", "addr": "전남광주통합특별시 동구 제봉로 220-1", "alt": "", "src": "store" }, "geometry": { "type": "Point", "coordinates": [ 126.913967, 35.154979 ] } },
{ "type": "Feature", "properties": { "name": "인생치킨", "cat": "음식", "sub": "기타 간이", "addr": "전남광주통합특별시 동구 구성로 212", "alt": "", "src": "store" }, "geometry": { "type": "Point", "coordinates": [ 126.915416, 35.154034 ] } },
{ "type": "Feature", "properties": { "name": "인생폰광주지사", "cat": "소매", "sub": "가전·통신 소매", "addr": "전남광주통합특별시 동구 동명로 42", "alt": "", "src": "store" }, "geometry": { "type": "Point", "coordinates": [ 126.925011, 35.151444 ] } },
{ "type": "Feature", "properties": { "name": "인세인쿠키", "cat": "음식", "sub": "기타 간이", "addr": "전남광주통합특별시 동구 백서로 212", "alt": "", "src": "store" }, "geometry": { "type": "Point", "coordinates": [ 126.926134, 35.146632 ] } },
{ "type": "Feature", "properties": { "name": "인셀덤스타", "cat": "소매", "sub": "의약·화장품 소매", "addr": "전남광주통합특별시 동구 동계천로6번길 2", "alt": "", "src": "store" }, "geometry": { "type": "Point", "coordinates": [ 126.913471, 35.156593 ] } },
{ "type": "Feature", "properties": { "name": "인쌩맥주", "cat": "음식", "sub": "주점", "addr": "전남광주통합특별시 동구 동계천로 26", "alt": "", "src": "store" }, "geometry": { "type": "Point", "coordinates": [ 126.915064, 35.155449 ] } },
{ "type": "Feature", "properties": { "name": "인연", "cat": "음식", "sub": "한식", "addr": "전남광주통합특별시 동구 동명로 105-6", "alt": "", "src": "store" }, "geometry": { "type": "Point", "coordinates": [ 126.932221, 35.151106 ] } },
{ "type": "Feature", "properties": { "name": "인테리어가완성되었다", "cat": "과학·기술", "sub": "전문 디자인", "addr": "전남광주통합특별시 동구 지호로 89", "alt": "", "src": "store" }, "geometry": { "type": "Point", "coordinates": [ 126.938688, 35.148099 ] } },
{ "type": "Feature", "properties": { "name": "일공공안경콘택트", "cat": "소매", "sub": "안경·정밀기기 소매", "addr": "전남광주통합특별시 동구 서석로85번길 8-13", "alt": "", "src": "store" }, "geometry": { "type": "Point", "coordinates": [ 126.920578, 35.150324 ] } },
{ "type": "Feature", "properties": { "name": "일등석유", "cat": "소매", "sub": "연료 소매", "addr": "전남광주통합특별시 동구 동계천로 93", "alt": "", "src": "store" }, "geometry": { "type": "Point", "coordinates": [ 126.921103, 35.151929 ] } },
{ "type": "Feature", "properties": { "name": "일등조명", "cat": "소매", "sub": "기타 생활용품 소매", "addr": "전남광주통합특별시 동구 독립로264번길 24", "alt": "", "src": "store" }, "geometry": { "type": "Point", "coordinates": [ 126.913233, 35.153293 ] } },
{ "type": "Feature", "properties": { "name": "일등통신상사", "cat": "소매", "sub": "기타 상품 소매", "addr": "전남광주통합특별시 동구 금남로 161-32", "alt": "", "src": "store" }, "geometry": { "type": "Point", "coordinates": [ 126.912168, 35.153374 ] } },
{ "type": "Feature", "properties": { "name": "일미리네일", "cat": "수리·개인", "sub": "이용·미용", "addr": "전남광주통합특별시 동구 백서로 219", "alt": "", "src": "store" }, "geometry": { "type": "Point", "coordinates": [ 126.926276, 35.147398 ] } },
{ "type": "Feature", "properties": { "name": "일현공인중개사사무소", "cat": "부동산", "sub": "부동산 서비스", "addr": "전남광주통합특별시 동구 동명로 15-1", "alt": "", "src": "store" }, "geometry": { "type": "Point", "coordinates": [ 126.923102, 35.150704 ] } },
{ "type": "Feature", "properties": { "name": "임실댁가마솥추어탕", "cat": "음식", "sub": "한식", "addr": "전남광주통합특별시 동구 제봉로158번길 13", "alt": "", "src": "store" }, "geometry": { "type": "Point", "coordinates": [ 126.92028, 35.152379 ] } },
{ "type": "Feature", "properties": { "name": "입구", "cat": "음식", "sub": "주점", "addr": "전남광주통합특별시 동구 제봉로110번길 13", "alt": "", "src": "store" }, "geometry": { "type": "Point", "coordinates": [ 126.923323, 35.148956 ] } },
{ "type": "Feature", "properties": { "name": "입시·교과학원", "cat": "교육", "sub": "일반 교육", "addr": "전남광주통합특별시 동구 필문대로205번길 42-1", "alt": "", "src": "store" }, "geometry": { "type": "Point", "coordinates": [ 126.935612, 35.151793 ] } },
{ "type": "Feature", "properties": { "name": "잇샌드", "cat": "음식", "sub": "기타 간이", "addr": "전남광주통합특별시 동구 준법로 1", "alt": "", "src": "store" }, "geometry": { "type": "Point", "coordinates": [ 126.933265, 35.149647 ] } },
{ "type": "Feature", "properties": { "name": "잉크미", "cat": "수리·개인", "sub": "이용·미용", "addr": "전남광주통합특별시 동구 지호로 29", "alt": "", "src": "store" }, "geometry": { "type": "Point", "coordinates": [ 126.932289, 35.14824 ] } },
{ "type": "Feature", "properties": { "name": "자연캘리그라피", "cat": "교육", "sub": "기타 교육", "addr": "전남광주통합특별시 동구 동명로 9-3", "alt": "", "src": "store" }, "geometry": { "type": "Point", "coordinates": [ 126.922674, 35.150289 ] } },
{ "type": "Feature", "properties": { "name": "작당", "cat": "음식", "sub": "한식", "addr": "전남광주통합특별시 동구 밤실로 35", "alt": "", "src": "store" }, "geometry": { "type": "Point", "coordinates": [ 126.936875, 35.150829 ] } },
{ "type": "Feature", "properties": { "name": "작소갤러리", "cat": "소매", "sub": "기타 생활용품 소매", "addr": "전남광주통합특별시 동구 동명로67번길 13-2", "alt": "", "src": "store" }, "geometry": { "type": "Point", "coordinates": [ 126.92681, 35.152212 ] } },
{ "type": "Feature", "properties": { "name": "작은공간", "cat": "소매", "sub": "섬유·의복·신발 소매", "addr": "전남광주통합특별시 동구 중앙로 258", "alt": "", "src": "store" }, "geometry": { "type": "Point", "coordinates": [ 126.920881, 35.154669 ] } },
{ "type": "Feature", "properties": { "name": "작은술집1995", "cat": "음식", "sub": "주점", "addr": "전남광주통합특별시 동구 장동로 27", "alt": "", "src": "store" }, "geometry": { "type": "Point", "coordinates": [ 126.924838, 35.148172 ] } },
{ "type": "Feature", "properties": { "name": "작은평화", "cat": "음식", "sub": "주점", "addr": "전남광주통합특별시 동구 동계천로6번길 1", "alt": "", "src": "store" }, "geometry": { "type": "Point", "coordinates": [ 126.913724, 35.156476 ] } },
{ "type": "Feature", "properties": { "name": "잠잠코너", "cat": "소매", "sub": "식료품 소매", "addr": "전남광주통합특별시 동구 지호로 27-4", "alt": "", "src": "store" }, "geometry": { "type": "Point", "coordinates": [ 126.932278, 35.148339 ] } },
{ "type": "Feature", "properties": { "name": "장동고시텔", "cat": "숙박", "sub": "기타 숙박", "addr": "전남광주통합특별시 동구 제봉로140번길 6-1", "alt": "", "src": "store" }, "geometry": { "type": "Point", "coordinates": [ 126.921467, 35.150649 ] } },
{ "type": "Feature", "properties": { "name": "장동로45", "cat": "음식", "sub": "서양식", "addr": "전남광주통합특별시 동구 장동로 45", "alt": "", "src": "store" }, "geometry": { "type": "Point", "coordinates": [ 126.926682, 35.147434 ] } },
{ "type": "Feature", "properties": { "name": "장모사랑", "cat": "음식", "sub": "한식", "addr": "전남광주통합특별시 동구 동계천로 42-1", "alt": "", "src": "store" }, "geometry": { "type": "Point", "coordinates": [ 126.916732, 35.154792 ] } },
{ "type": "Feature", "properties": { "name": "장미옥로즈하우스", "cat": "숙박", "sub": "일반 숙박", "addr": "전남광주통합특별시 동구 필문대로 210-6", "alt": "", "src": "store" }, "geometry": { "type": "Point", "coordinates": [ 126.930377, 35.152232 ] } },
{ "type": "Feature", "properties": { "name": "장보고싶은마트수산", "cat": "소매", "sub": "종합 소매", "addr": "전남광주통합특별시 동구 경양로 349", "alt": "", "src": "store" }, "geometry": { "type": "Point", "coordinates": [ 126.927401, 35.153952 ] } },
{ "type": "Feature", "properties": { "name": "장보고청과", "cat": "소매", "sub": "식료품 소매", "addr": "전남광주통합특별시 동구 경양로 349", "alt": "", "src": "store" }, "geometry": { "type": "Point", "coordinates": [ 126.92739, 35.153952 ] } },
{ "type": "Feature", "properties": { "name": "장성유통", "cat": "소매", "sub": "종합 소매", "addr": "전남광주통합특별시 동구 필문대로192번길 28-2", "alt": "", "src": "store" }, "geometry": { "type": "Point", "coordinates": [ 126.928477, 35.153448 ] } },
{ "type": "Feature", "properties": { "name": "장수건강원", "cat": "소매", "sub": "식료품 소매", "addr": "전남광주통합특별시 동구 동계천로 59-2", "alt": "", "src": "store" }, "geometry": { "type": "Point", "coordinates": [ 126.918434, 35.153883 ] } },
{ "type": "Feature", "properties": { "name": "장수포차튀김", "cat": "음식", "sub": "기타 간이", "addr": "전남광주통합특별시 동구 제봉로190번길 1-9", "alt": "", "src": "store" }, "geometry": { "type": "Point", "coordinates": [ 126.916514, 35.153656 ] } },
{ "type": "Feature", "properties": { "name": "장어원", "cat": "소매", "sub": "식료품 소매", "addr": "전남광주통합특별시 동구 동명로 92", "alt": "", "src": "store" }, "geometry": { "type": "Point", "coordinates": [ 126.930532, 35.150664 ] } },
{ "type": "Feature", "properties": { "name": "장원사무용가구", "cat": "소매", "sub": "가구 소매", "addr": "전남광주통합특별시 동구 동계천로 39", "alt": "", "src": "store" }, "geometry": { "type": "Point", "coordinates": [ 126.916732, 35.154954 ] } },
{ "type": "Feature", "properties": { "name": "장정주법무사", "cat": "과학·기술", "sub": "법무관련 ", "addr": "전남광주통합특별시 동구 준법로 32-2", "alt": "", "src": "store" }, "geometry": { "type": "Point", "coordinates": [ 126.936349, 35.149134 ] } },
{ "type": "Feature", "properties": { "name": "장터", "cat": "소매", "sub": "종합 소매", "addr": "전남광주통합특별시 동구 동계천로 57", "alt": "", "src": "store" }, "geometry": { "type": "Point", "coordinates": [ 126.918182, 35.154108 ] } },
{ "type": "Feature", "properties": { "name": "장터팥죽", "cat": "음식", "sub": "한식", "addr": "전남광주통합특별시 동구 제봉로 190", "alt": "", "src": "store" }, "geometry": { "type": "Point", "coordinates": [ 126.916591, 35.153251 ] } },
{ "type": "Feature", "properties": { "name": "장흥부동산중개사무소", "cat": "부동산", "sub": "부동산 서비스", "addr": "전남광주통합특별시 동구 동명로 113", "alt": "", "src": "store" }, "geometry": { "type": "Point", "coordinates": [ 126.932781, 35.150944 ] } },
{ "type": "Feature", "properties": { "name": "장흥상회젓갈", "cat": "소매", "sub": "식료품 소매", "addr": "전남광주통합특별시 동구 제봉로184번길 7", "alt": "", "src": "store" }, "geometry": { "type": "Point", "coordinates": [ 126.917667, 35.153414 ] } },
{ "type": "Feature", "properties": { "name": "장흥수산", "cat": "소매", "sub": "식료품 소매", "addr": "전남광주통합특별시 동구 제봉로184번길 15-1", "alt": "", "src": "store" }, "geometry": { "type": "Point", "coordinates": [ 126.918237, 35.153793 ] } },
{ "type": "Feature", "properties": { "name": "재민20", "cat": "소매", "sub": "종합 소매", "addr": "전남광주통합특별시 동구 밤실로30번길 3", "alt": "", "src": "store" }, "geometry": { "type": "Point", "coordinates": [ 126.937369, 35.150135 ] } },
{ "type": "Feature", "properties": { "name": "재재버드&하루꽃", "cat": "소매", "sub": "종합 소매", "addr": "전남광주통합특별시 동구 동계천로 165-6", "alt": "", "src": "store" }, "geometry": { "type": "Point", "coordinates": [ 126.927504, 35.149463 ] } },
{ "type": "Feature", "properties": { "name": "재주당", "cat": "음식", "sub": "한식", "addr": "전남광주통합특별시 동구 장동로43번길 11", "alt": "", "src": "store" }, "geometry": { "type": "Point", "coordinates": [ 126.926221, 35.148552 ] } },
{ "type": "Feature", "properties": { "name": "재철", "cat": "음식", "sub": "한식", "addr": "전남광주통합특별시 동구 장동로 5-5", "alt": "", "src": "store" }, "geometry": { "type": "Point", "coordinates": [ 126.923092, 35.149352 ] } },
{ "type": "Feature", "properties": { "name": "재희다방", "cat": "음식", "sub": "비알코올 ", "addr": "전남광주통합특별시 동구 구성로 216", "alt": "", "src": "store" }, "geometry": { "type": "Point", "coordinates": [ 126.915833, 35.154368 ] } },
{ "type": "Feature", "properties": { "name": "잼잼구제옷", "cat": "소매", "sub": "중고 상품 소매", "addr": "전남광주통합특별시 동구 제봉로190번길 1-9", "alt": "", "src": "store" }, "geometry": { "type": "Point", "coordinates": [ 126.916514, 35.153656 ] } },
{ "type": "Feature", "properties": { "name": "저스트임", "cat": "숙박", "sub": "일반 숙박", "addr": "전남광주통합특별시 동구 동계천로6번길 11-6", "alt": "", "src": "store" }, "geometry": { "type": "Point", "coordinates": [ 126.913988, 35.155719 ] } },
{ "type": "Feature", "properties": { "name": "저스트텐동동리단길점", "cat": "음식", "sub": "일식", "addr": "전남광주통합특별시 동구 장동로 23-22", "alt": "", "src": "store" }, "geometry": { "type": "Point", "coordinates": [ 126.924651, 35.14902 ] } },
{ "type": "Feature", "properties": { "name": "전국부동산", "cat": "부동산", "sub": "부동산 서비스", "addr": "전남광주통합특별시 동구 장동로 23-20", "alt": "", "src": "store" }, "geometry": { "type": "Point", "coordinates": [ 126.924837, 35.148875 ] } },
{ "type": "Feature", "properties": { "name": "전담이지", "cat": "소매", "sub": "기타 상품 소매", "addr": "전남광주통합특별시 동구 동명로 8", "alt": "", "src": "store" }, "geometry": { "type": "Point", "coordinates": [ 126.922905, 35.149947 ] } },
{ "type": "Feature", "properties": { "name": "전미용실", "cat": "수리·개인", "sub": "이용·미용", "addr": "전남광주통합특별시 동구 경양로337번길 1", "alt": "", "src": "store" }, "geometry": { "type": "Point", "coordinates": [ 126.925864, 35.153897 ] } },
{ "type": "Feature", "properties": { "name": "전지적돼지시점", "cat": "음식", "sub": "한식", "addr": "전남광주통합특별시 동구 지산로 40", "alt": "", "src": "store" }, "geometry": { "type": "Point", "coordinates": [ 126.932148, 35.147338 ] } },
{ "type": "Feature", "properties": { "name": "전통나주곰탕", "cat": "음식", "sub": "한식", "addr": "전남광주통합특별시 동구 동명로25번길 18", "alt": "", "src": "store" }, "geometry": { "type": "Point", "coordinates": [ 126.922003, 35.151866 ] } },
{ "type": "Feature", "properties": { "name": "전통순대국밥화담", "cat": "음식", "sub": "한식", "addr": "전남광주통합특별시 동구 지산로89번길 6", "alt": "", "src": "store" }, "geometry": { "type": "Point", "coordinates": [ 126.932561, 35.1519 ] } },
{ "type": "Feature", "properties": { "name": "젓가락질잘해야만밥을먹나요", "cat": "음식", "sub": "한식", "addr": "전남광주통합특별시 동구 지산로 63", "alt": "", "src": "store" }, "geometry": { "type": "Point", "coordinates": [ 126.932848, 35.149331 ] } },
{ "type": "Feature", "properties": { "name": "정", "cat": "음식", "sub": "비알코올 ", "addr": "전남광주통합특별시 동구 구성로 220", "alt": "", "src": "store" }, "geometry": { "type": "Point", "coordinates": [ 126.916008, 35.15453 ] } },
{ "type": "Feature", "properties": { "name": "정관장홍삼대인점", "cat": "소매", "sub": "식료품 소매", "addr": "전남광주통합특별시 동구 제봉로 192", "alt": "", "src": "store" }, "geometry": { "type": "Point", "coordinates": [ 126.916514, 35.153305 ] } },
{ "type": "Feature", "properties": { "name": "정글박스광주", "cat": "소매", "sub": "애완동물·용품 소매", "addr": "전남광주통합특별시 동구 독립로 292", "alt": "", "src": "store" }, "geometry": { "type": "Point", "coordinates": [ 126.913131, 35.1568 ] } },
{ "type": "Feature", "properties": { "name": "정돌성세무회계사무소", "cat": "과학·기술", "sub": "회계·세무", "addr": "전남광주통합특별시 동구 제봉로194번길 3", "alt": "", "src": "store" }, "geometry": { "type": "Point", "coordinates": [ 126.916305, 35.153764 ] } },
{ "type": "Feature", "properties": { "name": "정성", "cat": "음식", "sub": "주점", "addr": "전남광주통합특별시 동구 동계천로 47", "alt": "", "src": "store" }, "geometry": { "type": "Point", "coordinates": [ 126.917369, 35.154702 ] } },
{ "type": "Feature", "properties": { "name": "정성상회", "cat": "소매", "sub": "종합 소매", "addr": "전남광주통합특별시 동구 제봉로184번길 11", "alt": "", "src": "store" }, "geometry": { "type": "Point", "coordinates": [ 126.917908, 35.153594 ] } },
{ "type": "Feature", "properties": { "name": "정엄빌딩", "cat": "시설관리·임대", "sub": "시설관리", "addr": "전남광주통합특별시 동구 구성로204번길 6", "alt": "", "src": "store" }, "geometry": { "type": "Point", "coordinates": [ 126.914923, 35.153268 ] } },
{ "type": "Feature", "properties": { "name": "정원공인중개사사무소", "cat": "부동산", "sub": "부동산 서비스", "addr": "전남광주통합특별시 동구 필문대로 218", "alt": "", "src": "store" }, "geometry": { "type": "Point", "coordinates": [ 126.930278, 35.151511 ] } },
{ "type": "Feature", "properties": { "name": "정원당", "cat": "소매", "sub": "시계·귀금속 소매", "addr": "전남광주통합특별시 동구 중앙로 243", "alt": "", "src": "store" }, "geometry": { "type": "Point", "coordinates": [ 126.919554, 35.153757 ] } },
{ "type": "Feature", "properties": { "name": "정원카페", "cat": "음식", "sub": "비알코올 ", "addr": "전남광주통합특별시 동구 구성로 191", "alt": "", "src": "store" }, "geometry": { "type": "Point", "coordinates": [ 126.913661, 35.152942 ] } },
{ "type": "Feature", "properties": { "name": "정일사", "cat": "소매", "sub": "안경·정밀기기 소매", "addr": "전남광주통합특별시 동구 구성로 183", "alt": "", "src": "store" }, "geometry": { "type": "Point", "coordinates": [ 126.913069, 35.152392 ] } },
{ "type": "Feature", "properties": { "name": "정일품공예", "cat": "소매", "sub": "장식품 소매", "addr": "전남광주통합특별시 동구 예술길15번길 12", "alt": "", "src": "store" }, "geometry": { "type": "Point", "coordinates": [ 126.919085, 35.151053 ] } },
{ "type": "Feature", "properties": { "name": "정직유부광주", "cat": "음식", "sub": "일식", "addr": "전남광주통합특별시 동구 필문대로273번길 5", "alt": "", "src": "store" }, "geometry": { "type": "Point", "coordinates": [ 126.928285, 35.146714 ] } },
{ "type": "Feature", "properties": { "name": "정희", "cat": "음식", "sub": "한식", "addr": "전남광주통합특별시 동구 동명로20번길 20", "alt": "", "src": "store" }, "geometry": { "type": "Point", "coordinates": [ 126.925582, 35.150372 ] } },
{ "type": "Feature", "properties": { "name": "제로스토어", "cat": "소매", "sub": "종합 소매", "addr": "전남광주통합특별시 동구 필문대로273번길 6-1", "alt": "", "src": "store" }, "geometry": { "type": "Point", "coordinates": [ 126.928263, 35.146543 ] } },
{ "type": "Feature", "properties": { "name": "제암의류", "cat": "소매", "sub": "섬유·의복·신발 소매", "addr": "전남광주통합특별시 동구 제봉로184번길 7-10", "alt": "", "src": "store" }, "geometry": { "type": "Point", "coordinates": [ 126.917337, 35.153657 ] } },
{ "type": "Feature", "properties": { "name": "제이네트웍스", "cat": "소매", "sub": "가전·통신 소매", "addr": "전남광주통합특별시 동구 중앙로 249", "alt": "", "src": "store" }, "geometry": { "type": "Point", "coordinates": [ 126.920026, 35.154127 ] } },
{ "type": "Feature", "properties": { "name": "제이비로스터리", "cat": "음식", "sub": "비알코올 ", "addr": "전남광주통합특별시 동구 제봉로 124", "alt": "", "src": "store" }, "geometry": { "type": "Point", "coordinates": [ 126.922445, 35.149415 ] } },
{ "type": "Feature", "properties": { "name": "제이소프트", "cat": "소매", "sub": "가전·통신 소매", "addr": "전남광주통합특별시 동구 독립로264번길 25", "alt": "", "src": "store" }, "geometry": { "type": "Point", "coordinates": [ 126.913661, 35.153456 ] } },
{ "type": "Feature", "properties": { "name": "제이앤디자인", "cat": "과학·기술", "sub": "전문 디자인", "addr": "전남광주통합특별시 동구 구성로 236", "alt": "", "src": "store" }, "geometry": { "type": "Point", "coordinates": [ 126.917149, 35.15564 ] } },
{ "type": "Feature", "properties": { "name": "제이에스티나롯데광주점주", "cat": "소매", "sub": "시계·귀금속 소매", "addr": "전남광주통합특별시 동구 독립로 268", "alt": "", "src": "store" }, "geometry": { "type": "Point", "coordinates": [ 126.912178, 35.154555 ] } },
{ "type": "Feature", "properties": { "name": "제이엔컴퓨터랜드", "cat": "수리·개인", "sub": "컴퓨터 수리", "addr": "전남광주통합특별시 동구 동계천로 89", "alt": "", "src": "store" }, "geometry": { "type": "Point", "coordinates": [ 126.920851, 35.152136 ] } },
{ "type": "Feature", "properties": { "name": "제이와이웨딩컨설팅", "cat": "수리·개인", "sub": "기타 개인", "addr": "전남광주통합특별시 동구 제봉로 186", "alt": "", "src": "store" }, "geometry": { "type": "Point", "coordinates": [ 126.916778, 35.153197 ] } },
{ "type": "Feature", "properties": { "name": "제이제이스냅", "cat": "시설관리·임대", "sub": "가정용품 대여", "addr": "전남광주통합특별시 동구 독립로264번길 25", "alt": "", "src": "store" }, "geometry": { "type": "Point", "coordinates": [ 126.913661, 35.153456 ] } },
{ "type": "Feature", "properties": { "name": "제이크스튜디오", "cat": "과학·기술", "sub": "사진 촬영", "addr": "전남광주통합특별시 동구 동계천로 135-3", "alt": "", "src": "store" }, "geometry": { "type": "Point", "coordinates": [ 126.924332, 35.149578 ] } },
{ "type": "Feature", "properties": { "name": "제일고시원", "cat": "숙박", "sub": "기타 숙박", "addr": "전남광주통합특별시 동구 장동로 48", "alt": "", "src": "store" }, "geometry": { "type": "Point", "coordinates": [ 126.926672, 35.147164 ] } },
{ "type": "Feature", "properties": { "name": "제일당", "cat": "소매", "sub": "시계·귀금속 소매", "addr": "전남광주통합특별시 동구 제봉로 182", "alt": "", "src": "store" }, "geometry": { "type": "Point", "coordinates": [ 126.917305, 35.152891 ] } },
{ "type": "Feature", "properties": { "name": "제일도장", "cat": "소매", "sub": "오락용품 소매", "addr": "전남광주통합특별시 동구 중앙로 251-3", "alt": "", "src": "store" }, "geometry": { "type": "Point", "coordinates": [ 126.920245, 35.154389 ] } },
{ "type": "Feature", "properties": { "name": "제일머리", "cat": "음식", "sub": "한식", "addr": "전남광주통합특별시 동구 제봉로190번길 3", "alt": "", "src": "store" }, "geometry": { "type": "Point", "coordinates": [ 126.917041, 35.153648 ] } },
{ "type": "Feature", "properties": { "name": "제일사", "cat": "소매", "sub": "섬유·의복·신발 소매", "addr": "전남광주통합특별시 동구 구성로238번길 30-13", "alt": "", "src": "store" }, "geometry": { "type": "Point", "coordinates": [ 126.91929, 35.153974 ] } },
{ "type": "Feature", "properties": { "name": "제일상회", "cat": "소매", "sub": "섬유·의복·신발 소매", "addr": "전남광주통합특별시 동구 동계천로 51-6", "alt": "", "src": "store" }, "geometry": { "type": "Point", "coordinates": [ 126.917775, 35.154387 ] } },
{ "type": "Feature", "properties": { "name": "제일전기", "cat": "소매", "sub": "가전·통신 소매", "addr": "전남광주통합특별시 동구 독립로264번길 25", "alt": "", "src": "store" }, "geometry": { "type": "Point", "coordinates": [ 126.913661, 35.153456 ] } },
{ "type": "Feature", "properties": { "name": "제일종합화장품", "cat": "소매", "sub": "의약·화장품 소매", "addr": "전남광주통합특별시 동구 중앙로 251-1", "alt": "", "src": "store" }, "geometry": { "type": "Point", "coordinates": [ 126.920201, 35.154344 ] } },
{ "type": "Feature", "properties": { "name": "제제젤라또", "cat": "음식", "sub": "기타 간이", "addr": "전남광주통합특별시 동구 제봉로 126", "alt": "", "src": "store" }, "geometry": { "type": "Point", "coordinates": [ 126.922499, 35.149541 ] } },
{ "type": "Feature", "properties": { "name": "제주국수왕", "cat": "음식", "sub": "한식", "addr": "전남광주통합특별시 동구 중앙로 226-1", "alt": "", "src": "store" }, "geometry": { "type": "Point", "coordinates": [ 126.918546, 35.152504 ] } },
{ "type": "Feature", "properties": { "name": "제주아홉혼술바광주", "cat": "음식", "sub": "주점", "addr": "전남광주통합특별시 동구 동계천로 143-17", "alt": "", "src": "store" }, "geometry": { "type": "Point", "coordinates": [ 126.9251, 35.149615 ] } },
{ "type": "Feature", "properties": { "name": "제주항", "cat": "음식", "sub": "한식", "addr": "전남광주통합특별시 동구 필문대로 200", "alt": "", "src": "store" }, "geometry": { "type": "Point", "coordinates": [ 126.930892, 35.153025 ] } },
{ "type": "Feature", "properties": { "name": "조기혁법무사사무소", "cat": "과학·기술", "sub": "법무관련 ", "addr": "전남광주통합특별시 동구 지산로 71-1", "alt": "", "src": "store" }, "geometry": { "type": "Point", "coordinates": [ 126.93299, 35.150061 ] } },
{ "type": "Feature", "properties": { "name": "조선고시원", "cat": "숙박", "sub": "기타 숙박", "addr": "전남광주통합특별시 동구 장동로 48-1", "alt": "", "src": "store" }, "geometry": { "type": "Point", "coordinates": [ 126.926781, 35.147128 ] } },
{ "type": "Feature", "properties": { "name": "조선대고시원가인리빙텔", "cat": "숙박", "sub": "기타 숙박", "addr": "전남광주통합특별시 동구 필문대로263번길 2-10", "alt": "", "src": "store" }, "geometry": { "type": "Point", "coordinates": [ 126.928296, 35.147264 ] } },
{ "type": "Feature", "properties": { "name": "조선뼈다귀집", "cat": "음식", "sub": "한식", "addr": "전남광주통합특별시 동구 지호로 36", "alt": "", "src": "store" }, "geometry": { "type": "Point", "coordinates": [ 126.932729, 35.14788 ] } },
{ "type": "Feature", "properties": { "name": "조양식육식당", "cat": "음식", "sub": "한식", "addr": "전남광주통합특별시 동구 제봉로200번길 1-4", "alt": "", "src": "store" }, "geometry": { "type": "Point", "coordinates": [ 126.915998, 35.154206 ] } },
{ "type": "Feature", "properties": { "name": "조운식법률사무소", "cat": "과학·기술", "sub": "법무관련 ", "addr": "전남광주통합특별시 동구 지산로78번길 1", "alt": "", "src": "store" }, "geometry": { "type": "Point", "coordinates": [ 126.933253, 35.150836 ] } },
{ "type": "Feature", "properties": { "name": "조은상사", "cat": "소매", "sub": "의약·화장품 소매", "addr": "전남광주통합특별시 동구 중앙로 249-1", "alt": "", "src": "store" }, "geometry": { "type": "Point", "coordinates": [ 126.920069, 35.154163 ] } },
{ "type": "Feature", "properties": { "name": "종착역", "cat": "음식", "sub": "한식", "addr": "전남광주통합특별시 동구 금남로 161-20", "alt": "", "src": "store" }, "geometry": { "type": "Point", "coordinates": [ 126.912081, 35.153112 ] } },
{ "type": "Feature", "properties": { "name": "종합법률사무소해움", "cat": "과학·기술", "sub": "법무관련 ", "addr": "전남광주통합특별시 동구 동명로 110", "alt": "", "src": "store" }, "geometry": { "type": "Point", "coordinates": [ 126.932595, 35.150394 ] } },
{ "type": "Feature", "properties": { "name": "종합분식", "cat": "음식", "sub": "기타 간이", "addr": "전남광주통합특별시 동구 장동로 23-3", "alt": "", "src": "store" }, "geometry": { "type": "Point", "coordinates": [ 126.924366, 35.14828 ] } },
{ "type": "Feature", "properties": { "name": "종합자전거", "cat": "소매", "sub": "오락용품 소매", "addr": "전남광주통합특별시 동구 구성로 238", "alt": "", "src": "store" }, "geometry": { "type": "Point", "coordinates": [ 126.917302, 35.155784 ] } },
{ "type": "Feature", "properties": { "name": "종합텍스타일", "cat": "소매", "sub": "섬유·의복·신발 소매", "addr": "전남광주통합특별시 동구 필문대로206번길 6-13", "alt": "", "src": "store" }, "geometry": { "type": "Point", "coordinates": [ 126.930288, 35.153187 ] } },
{ "type": "Feature", "properties": { "name": "좋은날에우디필름팩토리", "cat": "과학·기술", "sub": "사진 촬영", "addr": "전남광주통합특별시 동구 동명로 48", "alt": "", "src": "store" }, "geometry": { "type": "Point", "coordinates": [ 126.925669, 35.151265 ] } },
{ "type": "Feature", "properties": { "name": "좋은날좋은느낌", "cat": "과학·기술", "sub": "전문 디자인", "addr": "전남광주통합특별시 동구 동계로13번길 18-12", "alt": "", "src": "store" }, "geometry": { "type": "Point", "coordinates": [ 126.922056, 35.153795 ] } },
{ "type": "Feature", "properties": { "name": "주당라이브펍", "cat": "음식", "sub": "주점", "addr": "전남광주통합특별시 동구 동계로1번길 1", "alt": "", "src": "store" }, "geometry": { "type": "Point", "coordinates": [ 126.923693, 35.15184 ] } },
{ "type": "Feature", "properties": { "name": "주루터", "cat": "음식", "sub": "한식", "addr": "전남광주통합특별시 동구 동계천로 40", "alt": "", "src": "store" }, "geometry": { "type": "Point", "coordinates": [ 126.916469, 35.154927 ] } },
{ "type": "Feature", "properties": { "name": "주바시", "cat": "음식", "sub": "한식", "addr": "전남광주통합특별시 동구 동계로10번길 8", "alt": "", "src": "store" }, "geometry": { "type": "Point", "coordinates": [ 126.924999, 35.152436 ] } },
{ "type": "Feature", "properties": { "name": "주신", "cat": "소매", "sub": "가전·통신 소매", "addr": "전남광주통합특별시 동구 구성로 187-2", "alt": "", "src": "store" }, "geometry": { "type": "Point", "coordinates": [ 126.913431, 35.152753 ] } },
{ "type": "Feature", "properties": { "name": "주안아트", "cat": "과학·기술", "sub": "전문 디자인", "addr": "전남광주통합특별시 동구 구성로204번길 11", "alt": "", "src": "store" }, "geometry": { "type": "Point", "coordinates": [ 126.915648, 35.152944 ] } },
{ "type": "Feature", "properties": { "name": "주유소", "cat": "음식", "sub": "주점", "addr": "전남광주통합특별시 동구 동명로 20", "alt": "", "src": "store" }, "geometry": { "type": "Point", "coordinates": [ 126.923596, 35.150867 ] } },
{ "type": "Feature", "properties": { "name": "중고배스", "cat": "소매", "sub": "중고 상품 소매", "addr": "전남광주통합특별시 동구 밤실로4번안길 22", "alt": "", "src": "store" }, "geometry": { "type": "Point", "coordinates": [ 126.938445, 35.149667 ] } },
{ "type": "Feature", "properties": { "name": "중고세상", "cat": "소매", "sub": "중고 상품 소매", "addr": "전남광주통합특별시 동구 동명로 62", "alt": "", "src": "store" }, "geometry": { "type": "Point", "coordinates": [ 126.927206, 35.151049 ] } },
{ "type": "Feature", "properties": { "name": "중산건기", "cat": "시설관리·임대", "sub": "산업용품 대여", "addr": "전남광주통합특별시 동구 동명로20번길 17", "alt": "", "src": "store" }, "geometry": { "type": "Point", "coordinates": [ 126.925275, 35.15085 ] } },
{ "type": "Feature", "properties": { "name": "쥬뷰티살롱", "cat": "수리·개인", "sub": "이용·미용", "addr": "전남광주통합특별시 동구 동명로 57", "alt": "", "src": "store" }, "geometry": { "type": "Point", "coordinates": [ 126.926832, 35.151464 ] } },
{ "type": "Feature", "properties": { "name": "쥬청과", "cat": "음식", "sub": "비알코올 ", "addr": "전남광주통합특별시 동구 동계천로 171", "alt": "", "src": "store" }, "geometry": { "type": "Point", "coordinates": [ 126.927943, 35.149166 ] } },
{ "type": "Feature", "properties": { "name": "지나칼국수", "cat": "음식", "sub": "한식", "addr": "전남광주통합특별시 동구 필문대로192번길 16-1", "alt": "", "src": "store" }, "geometry": { "type": "Point", "coordinates": [ 126.929673, 35.153638 ] } },
{ "type": "Feature", "properties": { "name": "지디엘컴퍼니", "cat": "시설관리·임대", "sub": "기타 사업 서비스", "addr": "전남광주통합특별시 동구 필문대로241번길 5", "alt": "", "src": "store" }, "geometry": { "type": "Point", "coordinates": [ 126.930006, 35.149537 ] } },
{ "type": "Feature", "properties": { "name": "지마트", "cat": "소매", "sub": "종합 소매", "addr": "전남광주통합특별시 동구 제봉로222번길 4", "alt": "", "src": "store" }, "geometry": { "type": "Point", "coordinates": [ 126.91401, 35.155169 ] } },
{ "type": "Feature", "properties": { "name": "지산경정비", "cat": "수리·개인", "sub": "자동차 수리·세차", "addr": "전남광주통합특별시 동구 필문대로 219", "alt": "", "src": "store" }, "geometry": { "type": "Point", "coordinates": [ 126.930915, 35.151105 ] } },
{ "type": "Feature", "properties": { "name": "지산골&짐치:올바른김치", "cat": "음식", "sub": "한식", "addr": "전남광주통합특별시 동구 지호로 98", "alt": "", "src": "store" }, "geometry": { "type": "Point", "coordinates": [ 126.939423, 35.147982 ] } },
{ "type": "Feature", "properties": { "name": "지산공인중개사사무소", "cat": "음식", "sub": "비알코올 ", "addr": "전남광주통합특별시 동구 동명로69번길 20", "alt": "", "src": "store" }, "geometry": { "type": "Point", "coordinates": [ 126.928532, 35.153006 ] } },
{ "type": "Feature", "properties": { "name": "지산단길", "cat": "소매", "sub": "중고 상품 소매", "addr": "전남광주통합특별시 동구 동명로67번길 8-3", "alt": "", "src": "store" }, "geometry": { "type": "Point", "coordinates": [ 126.927611, 35.151807 ] } },
{ "type": "Feature", "properties": { "name": "지산로또방", "cat": "예술·스포츠", "sub": "유원지·오락", "addr": "전남광주통합특별시 동구 지호로 25-2", "alt": "", "src": "store" }, "geometry": { "type": "Point", "coordinates": [ 126.932015, 35.148312 ] } },
{ "type": "Feature", "properties": { "name": "지산마트", "cat": "소매", "sub": "종합 소매", "addr": "전남광주통합특별시 동구 지호로 25-2", "alt": "", "src": "store" }, "geometry": { "type": "Point", "coordinates": [ 126.932015, 35.148312 ] } },
{ "type": "Feature", "properties": { "name": "지산식당", "cat": "음식", "sub": "한식", "addr": "전남광주통합특별시 동구 밤실로 36", "alt": "", "src": "store" }, "geometry": { "type": "Point", "coordinates": [ 126.93716, 35.150739 ] } },
{ "type": "Feature", "properties": { "name": "지산열쇠", "cat": "수리·개인", "sub": "기타 가정용품 수리", "addr": "전남광주통합특별시 동구 지산로 59", "alt": "", "src": "store" }, "geometry": { "type": "Point", "coordinates": [ 126.932783, 35.149151 ] } },
{ "type": "Feature", "properties": { "name": "지산유통", "cat": "소매", "sub": "식료품 소매", "addr": "전남광주통합특별시 동구 지호로 35", "alt": "", "src": "store" }, "geometry": { "type": "Point", "coordinates": [ 126.932904, 35.148078 ] } },
{ "type": "Feature", "properties": { "name": "지산한길지점주", "cat": "교육", "sub": "일반 교육", "addr": "전남광주통합특별시 동구 동계천로 137", "alt": "", "src": "store" }, "geometry": { "type": "Point", "coordinates": [ 126.924661, 35.149326 ] } },
{ "type": "Feature", "properties": { "name": "지산홈마스터집수리-수도꼭지싱크대욕실변기막힘배관청소전등", "cat": "수리·개인", "sub": "기타 가정용품 수리", "addr": "전남광주통합특별시 동구 지산로89번길 3", "alt": "", "src": "store" }, "geometry": { "type": "Point", "coordinates": [ 126.932813, 35.151674 ] } },
{ "type": "Feature", "properties": { "name": "지씨디커피", "cat": "음식", "sub": "비알코올 ", "addr": "전남광주통합특별시 동구 지산로 86-1", "alt": "", "src": "store" }, "geometry": { "type": "Point", "coordinates": [ 126.933275, 35.151413 ] } },
{ "type": "Feature", "properties": { "name": "지에스25광주대중", "cat": "소매", "sub": "종합 소매", "addr": "전남광주통합특별시 동구 제봉로 187", "alt": "", "src": "store" }, "geometry": { "type": "Point", "coordinates": [ 126.916504, 35.152683 ] } },
{ "type": "Feature", "properties": { "name": "지에스25광주동명로점", "cat": "소매", "sub": "종합 소매", "addr": "전남광주통합특별시 동구 동계천로 111", "alt": "", "src": "store" }, "geometry": { "type": "Point", "coordinates": [ 126.922739, 35.150875 ] } },
{ "type": "Feature", "properties": { "name": "지에스25광주장동점", "cat": "소매", "sub": "종합 소매", "addr": "전남광주통합특별시 동구 장동로 23-3", "alt": "", "src": "store" }, "geometry": { "type": "Point", "coordinates": [ 126.924366, 35.14828 ] } },
{ "type": "Feature", "properties": { "name": "지에스25대의", "cat": "소매", "sub": "종합 소매", "addr": "전남광주통합특별시 동구 서석로85번길 8-14", "alt": "", "src": "store" }, "geometry": { "type": "Point", "coordinates": [ 126.920798, 35.15018 ] } },
{ "type": "Feature", "properties": { "name": "지에스25조대", "cat": "소매", "sub": "종합 소매", "addr": "전남광주통합특별시 동구 필문대로 253", "alt": "", "src": "store" }, "geometry": { "type": "Point", "coordinates": [ 126.929019, 35.148535 ] } },
{ "type": "Feature", "properties": { "name": "지에스25조선대학교점", "cat": "소매", "sub": "종합 소매", "addr": "전남광주통합특별시 동구 지산로 37", "alt": "", "src": "store" }, "geometry": { "type": "Point", "coordinates": [ 126.931829, 35.147257 ] } },
{ "type": "Feature", "properties": { "name": "지에스동명", "cat": "소매", "sub": "종합 소매", "addr": "전남광주통합특별시 동구 중앙로 248", "alt": "", "src": "store" }, "geometry": { "type": "Point", "coordinates": [ 126.920311, 35.153704 ] } },
{ "type": "Feature", "properties": { "name": "지에이치자연건강무등신통센타", "cat": "소매", "sub": "의약·화장품 소매", "addr": "전남광주통합특별시 동구 제봉로184번길 5-9", "alt": "", "src": "store" }, "geometry": { "type": "Point", "coordinates": [ 126.91703, 35.153278 ] } },
{ "type": "Feature", "properties": { "name": "지역주택조합컨설팅", "cat": "과학·기술", "sub": "본사·경영 컨설팅", "addr": "전남광주통합특별시 동구 밤실로 39", "alt": "", "src": "store" }, "geometry": { "type": "Point", "coordinates": [ 126.93671, 35.151226 ] } },
{ "type": "Feature", "properties": { "name": "지영헤어샵", "cat": "수리·개인", "sub": "이용·미용", "addr": "전남광주통합특별시 동구 구성로 194-1", "alt": "", "src": "store" }, "geometry": { "type": "Point", "coordinates": [ 126.914155, 35.152943 ] } },
{ "type": "Feature", "properties": { "name": "지오옥션부동산중개법인", "cat": "부동산", "sub": "부동산 서비스", "addr": "전남광주통합특별시 동구 지산로63번길 3", "alt": "", "src": "store" }, "geometry": { "type": "Point", "coordinates": [ 126.932629, 35.149286 ] } },
{ "type": "Feature", "properties": { "name": "지오지오헤어", "cat": "수리·개인", "sub": "이용·미용", "addr": "전남광주통합특별시 동구 서석로85번길 8-8", "alt": "", "src": "store" }, "geometry": { "type": "Point", "coordinates": [ 126.920469, 35.150008 ] } },
{ "type": "Feature", "properties": { "name": "지은초밥", "cat": "음식", "sub": "일식", "addr": "전남광주통합특별시 동구 장동로 47", "alt": "", "src": "store" }, "geometry": { "type": "Point", "coordinates": [ 126.926814, 35.147362 ] } },
{ "type": "Feature", "properties": { "name": "지키스탄", "cat": "수리·개인", "sub": "모터사이클 수리", "addr": "전남광주통합특별시 동구 제봉로184번길 7-10", "alt": "", "src": "store" }, "geometry": { "type": "Point", "coordinates": [ 126.917337, 35.153657 ] } },
{ "type": "Feature", "properties": { "name": "지티에이컴퍼니", "cat": "과학·기술", "sub": "본사·경영 컨설팅", "addr": "전남광주통합특별시 동구 필문대로218번길 4-26", "alt": "", "src": "store" }, "geometry": { "type": "Point", "coordinates": [ 126.929597, 35.152664 ] } },
{ "type": "Feature", "properties": { "name": "지티에이컴퍼니왕산식당", "cat": "음식", "sub": "한식", "addr": "전남광주통합특별시 동구 동명로14번길 6-1", "alt": "", "src": "store" }, "geometry": { "type": "Point", "coordinates": [ 126.923893, 35.150092 ] } },
{ "type": "Feature", "properties": { "name": "지팡구", "cat": "교육", "sub": "기타 교육", "addr": "전남광주통합특별시 동구 중앙로 248", "alt": "", "src": "store" }, "geometry": { "type": "Point", "coordinates": [ 126.920311, 35.153704 ] } },
{ "type": "Feature", "properties": { "name": "지평건축사사무소", "cat": "과학·기술", "sub": "기술 서비스", "addr": "전남광주통합특별시 동구 제봉로138번길 9", "alt": "", "src": "store" }, "geometry": { "type": "Point", "coordinates": [ 126.921983, 35.150604 ] } },
{ "type": "Feature", "properties": { "name": "지평경매투자", "cat": "부동산", "sub": "부동산 서비스", "addr": "전남광주통합특별시 동구 준법로 7-1", "alt": "", "src": "store" }, "geometry": { "type": "Point", "coordinates": [ 126.933693, 35.149719 ] } },
{ "type": "Feature", "properties": { "name": "지피", "cat": "소매", "sub": "기타 상품 소매", "addr": "전남광주통합특별시 동구 장동로 23-33", "alt": "", "src": "store" }, "geometry": { "type": "Point", "coordinates": [ 126.924596, 35.148488 ] } },
{ "type": "Feature", "properties": { "name": "진강고시텔", "cat": "숙박", "sub": "기타 숙박", "addr": "전남광주통합특별시 동구 필문대로263번길 2-12", "alt": "", "src": "store" }, "geometry": { "type": "Point", "coordinates": [ 126.928351, 35.147147 ] } },
{ "type": "Feature", "properties": { "name": "진공관오디오공방", "cat": "수리·개인", "sub": "가전제품 수리", "addr": "전남광주통합특별시 동구 제봉로213번길 4-3", "alt": "", "src": "store" }, "geometry": { "type": "Point", "coordinates": [ 126.913912, 35.154258 ] } },
{ "type": "Feature", "properties": { "name": "진광정보통신", "cat": "소매", "sub": "가전·통신 소매", "addr": "전남광주통합특별시 동구 독립로264번길 12", "alt": "", "src": "store" }, "geometry": { "type": "Point", "coordinates": [ 126.91208, 35.153824 ] } },
{ "type": "Feature", "properties": { "name": "진도식품", "cat": "소매", "sub": "식료품 소매", "addr": "전남광주통합특별시 동구 제봉로184번길 11-1", "alt": "", "src": "store" }, "geometry": { "type": "Point", "coordinates": [ 126.917974, 35.15363 ] } },
{ "type": "Feature", "properties": { "name": "진미생선구이;김치", "cat": "소매", "sub": "식료품 소매", "addr": "전남광주통합특별시 동구 제봉로184번길 5", "alt": "", "src": "store" }, "geometry": { "type": "Point", "coordinates": [ 126.917524, 35.153287 ] } },
{ "type": "Feature", "properties": { "name": "진미소머리국밥", "cat": "음식", "sub": "한식", "addr": "전남광주통합특별시 동구 필문대로192번길 13-2", "alt": "", "src": "store" }, "geometry": { "type": "Point", "coordinates": [ 126.929849, 35.15352 ] } },
{ "type": "Feature", "properties": { "name": "진분식", "cat": "음식", "sub": "기타 간이", "addr": "전남광주통합특별시 동구 지호로 36", "alt": "", "src": "store" }, "geometry": { "type": "Point", "coordinates": [ 126.932729, 35.14788 ] } },
{ "type": "Feature", "properties": { "name": "진블루", "cat": "음식", "sub": "주점", "addr": "전남광주통합특별시 동구 동계로 18", "alt": "", "src": "store" }, "geometry": { "type": "Point", "coordinates": [ 126.924647, 35.153301 ] } },
{ "type": "Feature", "properties": { "name": "진산롯데쇼핑광주점", "cat": "소매", "sub": "시계·귀금속 소매", "addr": "전남광주통합특별시 동구 독립로 268", "alt": "", "src": "store" }, "geometry": { "type": "Point", "coordinates": [ 126.912178, 35.154555 ] } },
{ "type": "Feature", "properties": { "name": "진성오리촌", "cat": "음식", "sub": "한식", "addr": "전남광주통합특별시 동구 제봉로194번길 4-4", "alt": "", "src": "store" }, "geometry": { "type": "Point", "coordinates": [ 126.916449, 35.153413 ] } },
{ "type": "Feature", "properties": { "name": "진성전자", "cat": "수리·개인", "sub": "가전제품 수리", "addr": "전남광주통합특별시 동구 독립로264번길 30", "alt": "", "src": "store" }, "geometry": { "type": "Point", "coordinates": [ 126.913727, 35.152996 ] } },
{ "type": "Feature", "properties": { "name": "진성포차", "cat": "음식", "sub": "주점", "addr": "전남광주통합특별시 동구 동계천로 55-11", "alt": "", "src": "store" }, "geometry": { "type": "Point", "coordinates": [ 126.918357, 35.154577 ] } },
{ "type": "Feature", "properties": { "name": "진식당", "cat": "음식", "sub": "한식", "addr": "전남광주통합특별시 동구 금남로 161-36", "alt": "", "src": "store" }, "geometry": { "type": "Point", "coordinates": [ 126.912278, 35.153527 ] } },
{ "type": "Feature", "properties": { "name": "진주공방", "cat": "교육", "sub": "기타 교육", "addr": "전남광주통합특별시 동구 필문대로205번길 16", "alt": "", "src": "store" }, "geometry": { "type": "Point", "coordinates": [ 126.932769, 35.151945 ] } },
{ "type": "Feature", "properties": { "name": "진주헤어갤러리", "cat": "수리·개인", "sub": "이용·미용", "addr": "전남광주통합특별시 동구 동계천로6번길 15", "alt": "", "src": "store" }, "geometry": { "type": "Point", "coordinates": [ 126.913922, 35.155457 ] } },
{ "type": "Feature", "properties": { "name": "진진설곰탕갈비탕광주대인", "cat": "음식", "sub": "한식", "addr": "전남광주통합특별시 동구 제봉로 183", "alt": "", "src": "store" }, "geometry": { "type": "Point", "coordinates": [ 126.91691, 35.152629 ] } },
{ "type": "Feature", "properties": { "name": "진하회관길구", "cat": "음식", "sub": "한식", "addr": "전남광주통합특별시 동구 제봉로194번길 3", "alt": "", "src": "store" }, "geometry": { "type": "Point", "coordinates": [ 126.916305, 35.153764 ] } },
{ "type": "Feature", "properties": { "name": "진헤어", "cat": "수리·개인", "sub": "이용·미용", "addr": "전남광주통합특별시 동구 제봉로 221-19", "alt": "", "src": "store" }, "geometry": { "type": "Point", "coordinates": [ 126.913254, 35.154384 ] } },
{ "type": "Feature", "properties": { "name": "쭈꾸미잡스", "cat": "음식", "sub": "한식", "addr": "전남광주통합특별시 동구 장동로 41", "alt": "", "src": "store" }, "geometry": { "type": "Point", "coordinates": [ 126.926254, 35.147614 ] } },
{ "type": "Feature", "properties": { "name": "차공간", "cat": "음식", "sub": "비알코올 ", "addr": "전남광주통합특별시 동구 밤실로20번길 4-1", "alt": "", "src": "store" }, "geometry": { "type": "Point", "coordinates": [ 126.937447, 35.149297 ] } },
{ "type": "Feature", "properties": { "name": "차오르면", "cat": "음식", "sub": "주점", "addr": "전남광주통합특별시 동구 장동로43번길 14", "alt": "", "src": "store" }, "geometry": { "type": "Point", "coordinates": [ 126.926495, 35.148597 ] } },
{ "type": "Feature", "properties": { "name": "차이나웍짬뽕", "cat": "음식", "sub": "중식", "addr": "전남광주통합특별시 동구 필문대로205번길 11-1", "alt": "", "src": "store" }, "geometry": { "type": "Point", "coordinates": [ 126.932308, 35.152188 ] } },
{ "type": "Feature", "properties": { "name": "차이네밥상", "cat": "음식", "sub": "한식", "addr": "전남광주통합특별시 동구 동계천로43번길 2", "alt": "", "src": "store" }, "geometry": { "type": "Point", "coordinates": [ 126.91704, 35.154828 ] } },
{ "type": "Feature", "properties": { "name": "차차차세차장", "cat": "수리·개인", "sub": "자동차 수리·세차", "addr": "전남광주통합특별시 동구 밤실로 26", "alt": "", "src": "store" }, "geometry": { "type": "Point", "coordinates": [ 126.937249, 35.149847 ] } },
{ "type": "Feature", "properties": { "name": "찬솔헌", "cat": "부동산", "sub": "부동산 서비스", "addr": "전남광주통합특별시 동구 지산로 73", "alt": "", "src": "store" }, "geometry": { "type": "Point", "coordinates": [ 126.932848, 35.150178 ] } },
{ "type": "Feature", "properties": { "name": "참새와방앗간", "cat": "음식", "sub": "기타 간이", "addr": "전남광주통합특별시 동구 장동로 11", "alt": "", "src": "store" }, "geometry": { "type": "Point", "coordinates": [ 126.923521, 35.148884 ] } },
{ "type": "Feature", "properties": { "name": "참샘마트", "cat": "소매", "sub": "종합 소매", "addr": "전남광주통합특별시 동구 백서로 217", "alt": "", "src": "store" }, "geometry": { "type": "Point", "coordinates": [ 126.9262, 35.147281 ] } },
{ "type": "Feature", "properties": { "name": "창억떡집", "cat": "음식", "sub": "기타 간이", "addr": "전남광주통합특별시 동구 동계천로 170", "alt": "", "src": "store" }, "geometry": { "type": "Point", "coordinates": [ 126.927603, 35.148832 ] } },
{ "type": "Feature", "properties": { "name": "창인테리어", "cat": "소매", "sub": "장식품 소매", "addr": "전남광주통합특별시 동구 중앙로 251-2", "alt": "", "src": "store" }, "geometry": { "type": "Point", "coordinates": [ 126.920223, 35.154362 ] } },
{ "type": "Feature", "properties": { "name": "채미원", "cat": "음식", "sub": "한식", "addr": "전남광주통합특별시 동구 동계천로 167-7", "alt": "", "src": "store" }, "geometry": { "type": "Point", "coordinates": [ 126.927624, 35.14949 ] } },
{ "type": "Feature", "properties": { "name": "채우담광주법원", "cat": "음식", "sub": "한식", "addr": "전남광주통합특별시 동구 지호로 38", "alt": "", "src": "store" }, "geometry": { "type": "Point", "coordinates": [ 126.932839, 35.147817 ] } },
{ "type": "Feature", "properties": { "name": "챠밍", "cat": "수리·개인", "sub": "이용·미용", "addr": "전남광주통합특별시 동구 동계로13번길 24-1", "alt": "", "src": "store" }, "geometry": { "type": "Point", "coordinates": [ 126.921892, 35.153443 ] } },
{ "type": "Feature", "properties": { "name": "처갓집양념치킨동명", "cat": "음식", "sub": "기타 간이", "addr": "전남광주통합특별시 동구 필문대로 252", "alt": "", "src": "store" }, "geometry": { "type": "Point", "coordinates": [ 126.928646, 35.148896 ] } },
{ "type": "Feature", "properties": { "name": "천재일우", "cat": "소매", "sub": "오락용품 소매", "addr": "전남광주통합특별시 동구 밤실로 27-1", "alt": "", "src": "store" }, "geometry": { "type": "Point", "coordinates": [ 126.936853, 35.15018 ] } },
{ "type": "Feature", "properties": { "name": "천지라멘", "cat": "음식", "sub": "일식", "addr": "전남광주통합특별시 동구 동명로 45-1", "alt": "", "src": "store" }, "geometry": { "type": "Point", "coordinates": [ 126.925493, 35.151715 ] } },
{ "type": "Feature", "properties": { "name": "철따라계절따라", "cat": "음식", "sub": "한식", "addr": "전남광주통합특별시 동구 구성로 186-1", "alt": "", "src": "store" }, "geometry": { "type": "Point", "coordinates": [ 126.913519, 35.152275 ] } },
{ "type": "Feature", "properties": { "name": "첨단공원국밥동명", "cat": "음식", "sub": "한식", "addr": "전남광주통합특별시 동구 제봉로110번길 7", "alt": "", "src": "store" }, "geometry": { "type": "Point", "coordinates": [ 126.922665, 35.148676 ] } },
{ "type": "Feature", "properties": { "name": "청년문화트럭협동조합", "cat": "과학·기술", "sub": "광고", "addr": "전남광주통합특별시 동구 동명로98번길 7-44", "alt": "", "src": "store" }, "geometry": { "type": "Point", "coordinates": [ 126.931542, 35.149952 ] } },
{ "type": "Feature", "properties": { "name": "청송", "cat": "소매", "sub": "장식품 소매", "addr": "전남광주통합특별시 동구 필문대로 256", "alt": "", "src": "store" }, "geometry": { "type": "Point", "coordinates": [ 126.928339, 35.148481 ] } },
{ "type": "Feature", "properties": { "name": "청수식탁", "cat": "음식", "sub": "한식", "addr": "전남광주통합특별시 동구 밤실로 20-1", "alt": "", "src": "store" }, "geometry": { "type": "Point", "coordinates": [ 126.937128, 35.149441 ] } },
{ "type": "Feature", "properties": { "name": "청수엔지니어링", "cat": "부동산", "sub": "부동산 서비스", "addr": "전남광주통합특별시 동구 밤실로 24", "alt": "", "src": "store" }, "geometry": { "type": "Point", "coordinates": [ 126.937194, 35.149721 ] } },
{ "type": "Feature", "properties": { "name": "청아", "cat": "음식", "sub": "한식", "addr": "전남광주통합특별시 동구 제봉로194번길 3", "alt": "", "src": "store" }, "geometry": { "type": "Point", "coordinates": [ 126.916305, 35.153764 ] } },
{ "type": "Feature", "properties": { "name": "청안&파트너스", "cat": "과학·기술", "sub": "법무관련 ", "addr": "전남광주통합특별시 동구 동명로98번길 4", "alt": "", "src": "store" }, "geometry": { "type": "Point", "coordinates": [ 126.930982, 35.15061 ] } },
{ "type": "Feature", "properties": { "name": "청와정", "cat": "음식", "sub": "한식", "addr": "전남광주통합특별시 동구 지호로 78", "alt": "", "src": "store" }, "geometry": { "type": "Point", "coordinates": [ 126.937503, 35.147486 ] } },
{ "type": "Feature", "properties": { "name": "청용모텔", "cat": "숙박", "sub": "일반 숙박", "addr": "전남광주통합특별시 동구 중앙로 261-9", "alt": "", "src": "store" }, "geometry": { "type": "Point", "coordinates": [ 126.920156, 35.15538 ] } },
{ "type": "Feature", "properties": { "name": "청운경락.지압원", "cat": "수리·개인", "sub": "욕탕·신체관리", "addr": "전남광주통합특별시 동구 구성로194번길 5-13", "alt": "", "src": "store" }, "geometry": { "type": "Point", "coordinates": [ 126.914726, 35.153024 ] } },
{ "type": "Feature", "properties": { "name": "청자다방", "cat": "음식", "sub": "비알코올 ", "addr": "전남광주통합특별시 동구 장동로 23-3", "alt": "", "src": "store" }, "geometry": { "type": "Point", "coordinates": [ 126.924366, 35.14828 ] } },
{ "type": "Feature", "properties": { "name": "청자산수점", "cat": "음식", "sub": "비알코올 ", "addr": "전남광주통합특별시 동구 동명로67번길 22-26", "alt": "", "src": "store" }, "geometry": { "type": "Point", "coordinates": [ 126.927248, 35.152762 ] } },
{ "type": "Feature", "properties": { "name": "청전공인중개사사무소", "cat": "부동산", "sub": "부동산 서비스", "addr": "전남광주통합특별시 동구 필문대로 212-1", "alt": "", "src": "store" }, "geometry": { "type": "Point", "coordinates": [ 126.930487, 35.151961 ] } },
{ "type": "Feature", "properties": { "name": "청주", "cat": "음식", "sub": "주점", "addr": "전남광주통합특별시 동구 제봉로138번길 14-1", "alt": "", "src": "store" }, "geometry": { "type": "Point", "coordinates": [ 126.92263, 35.150542 ] } },
{ "type": "Feature", "properties": { "name": "청진동해장국", "cat": "음식", "sub": "한식", "addr": "전남광주통합특별시 동구 구성로194번길 17", "alt": "", "src": "store" }, "geometry": { "type": "Point", "coordinates": [ 126.915473, 35.152006 ] } },
{ "type": "Feature", "properties": { "name": "청풍건강원", "cat": "소매", "sub": "식료품 소매", "addr": "전남광주통합특별시 동구 필문대로205번길 48", "alt": "", "src": "store" }, "geometry": { "type": "Point", "coordinates": [ 126.936172, 35.151793 ] } },
{ "type": "Feature", "properties": { "name": "청해진여관", "cat": "숙박", "sub": "일반 숙박", "addr": "전남광주통합특별시 동구 제봉로222번길 10-5", "alt": "", "src": "store" }, "geometry": { "type": "Point", "coordinates": [ 126.914756, 35.155503 ] } },
{ "type": "Feature", "properties": { "name": "청화모텔", "cat": "숙박", "sub": "일반 숙박", "addr": "전남광주통합특별시 동구 동계천로6번길 12-2", "alt": "", "src": "store" }, "geometry": { "type": "Point", "coordinates": [ 126.91334, 35.155655 ] } },
{ "type": "Feature", "properties": { "name": "체인비", "cat": "소매", "sub": "의약·화장품 소매", "addr": "전남광주통합특별시 동구 구성로194번길 7", "alt": "", "src": "store" }, "geometry": { "type": "Point", "coordinates": [ 126.91488, 35.152573 ] } },
{ "type": "Feature", "properties": { "name": "초선양꼬치", "cat": "음식", "sub": "중식", "addr": "전남광주통합특별시 동구 장동로 6-1", "alt": "", "src": "store" }, "geometry": { "type": "Point", "coordinates": [ 126.92284, 35.149009 ] } },
{ "type": "Feature", "properties": { "name": "초아유통", "cat": "소매", "sub": "기타 생활용품 소매", "addr": "전남광주통합특별시 동구 제봉로190번길 1-2", "alt": "", "src": "store" }, "geometry": { "type": "Point", "coordinates": [ 126.916964, 35.153566 ] } },
{ "type": "Feature", "properties": { "name": "초안당", "cat": "음식", "sub": "비알코올 ", "addr": "전남광주통합특별시 동구 지산로 49", "alt": "", "src": "store" }, "geometry": { "type": "Point", "coordinates": [ 126.932432, 35.148213 ] } },
{ "type": "Feature", "properties": { "name": "초필살돼지구이광주", "cat": "음식", "sub": "한식", "addr": "전남광주통합특별시 동구 제봉로110번길 5-1", "alt": "", "src": "store" }, "geometry": { "type": "Point", "coordinates": [ 126.922544, 35.148649 ] } },
{ "type": "Feature", "properties": { "name": "초한지", "cat": "음식", "sub": "중식", "addr": "전남광주통합특별시 동구 독립로 268", "alt": "", "src": "store" }, "geometry": { "type": "Point", "coordinates": [ 126.912178, 35.154555 ] } },
{ "type": "Feature", "properties": { "name": "촘초미", "cat": "수리·개인", "sub": "이용·미용", "addr": "전남광주통합특별시 동구 준법로 7-3", "alt": "", "src": "store" }, "geometry": { "type": "Point", "coordinates": [ 126.933704, 35.149818 ] } },
{ "type": "Feature", "properties": { "name": "최고당돈까스", "cat": "음식", "sub": "서양식", "addr": "전남광주통합특별시 동구 장동로 23-20", "alt": "", "src": "store" }, "geometry": { "type": "Point", "coordinates": [ 126.924837, 35.148875 ] } },
{ "type": "Feature", "properties": { "name": "최길성법무사사무소", "cat": "과학·기술", "sub": "법무관련 ", "addr": "전남광주통합특별시 동구 동명로 110", "alt": "", "src": "store" }, "geometry": { "type": "Point", "coordinates": [ 126.932595, 35.150394 ] } },
{ "type": "Feature", "properties": { "name": "최두진법률사무소", "cat": "과학·기술", "sub": "법무관련 ", "addr": "전남광주통합특별시 동구 준법로 10", "alt": "", "src": "store" }, "geometry": { "type": "Point", "coordinates": [ 126.934023, 35.149277 ] } },
{ "type": "Feature", "properties": { "name": "최봉자계절음식", "cat": "음식", "sub": "한식", "addr": "전남광주통합특별시 동구 동명로 45-11", "alt": "", "src": "store" }, "geometry": { "type": "Point", "coordinates": [ 126.925274, 35.151994 ] } },
{ "type": "Feature", "properties": { "name": "최선인테리어최선디자인", "cat": "과학·기술", "sub": "전문 디자인", "addr": "전남광주통합특별시 동구 지산로63번길 17", "alt": "", "src": "store" }, "geometry": { "type": "Point", "coordinates": [ 126.931147, 35.149546 ] } },
{ "type": "Feature", "properties": { "name": "최종윤법무사사무소", "cat": "과학·기술", "sub": "법무관련 ", "addr": "전남광주통합특별시 동구 동명로 110", "alt": "", "src": "store" }, "geometry": { "type": "Point", "coordinates": [ 126.932595, 35.150394 ] } },
{ "type": "Feature", "properties": { "name": "축구인의집", "cat": "소매", "sub": "오락용품 소매", "addr": "전남광주통합특별시 동구 중앙로 231", "alt": "", "src": "store" }, "geometry": { "type": "Point", "coordinates": [ 126.918633, 35.153054 ] } },
{ "type": "Feature", "properties": { "name": "축제", "cat": "음식", "sub": "주점", "addr": "전남광주통합특별시 동구 구성로 216", "alt": "", "src": "store" }, "geometry": { "type": "Point", "coordinates": [ 126.915833, 35.154368 ] } },
{ "type": "Feature", "properties": { "name": "춘아트워크", "cat": "교육", "sub": "기타 교육", "addr": "전남광주통합특별시 동구 제봉로158번길 11-1", "alt": "", "src": "store" }, "geometry": { "type": "Point", "coordinates": [ 126.920126, 35.15218 ] } },
{ "type": "Feature", "properties": { "name": "치너스", "cat": "음식", "sub": "기타 간이", "addr": "전남광주통합특별시 동구 동계천로 143-17", "alt": "", "src": "store" }, "geometry": { "type": "Point", "coordinates": [ 126.9251, 35.149615 ] } },
{ "type": "Feature", "properties": { "name": "치순이통닭", "cat": "음식", "sub": "기타 간이", "addr": "전남광주통합특별시 동구 중앙로 242-2", "alt": "", "src": "store" }, "geometry": { "type": "Point", "coordinates": [ 126.91984, 35.153415 ] } },
{ "type": "Feature", "properties": { "name": "친구노래연습장", "cat": "예술·스포츠", "sub": "유원지·오락", "addr": "전남광주통합특별시 동구 동계로 17-1", "alt": "", "src": "store" }, "geometry": { "type": "Point", "coordinates": [ 126.924383, 35.153454 ] } },
{ "type": "Feature", "properties": { "name": "친구호프", "cat": "음식", "sub": "주점", "addr": "전남광주통합특별시 동구 동계로 17-1", "alt": "", "src": "store" }, "geometry": { "type": "Point", "coordinates": [ 126.924383, 35.153454 ] } },
{ "type": "Feature", "properties": { "name": "친절한법무사", "cat": "과학·기술", "sub": "법무관련 ", "addr": "전남광주통합특별시 동구 동명로110번길 6", "alt": "", "src": "store" }, "geometry": { "type": "Point", "coordinates": [ 126.932233, 35.150286 ] } },
{ "type": "Feature", "properties": { "name": "칠미", "cat": "음식", "sub": "기타 간이", "addr": "전남광주통합특별시 동구 지산로 69", "alt": "", "src": "store" }, "geometry": { "type": "Point", "coordinates": [ 126.933012, 35.149881 ] } },
{ "type": "Feature", "properties": { "name": "칠복계", "cat": "음식", "sub": "한식", "addr": "전남광주통합특별시 동구 동계로 8", "alt": "", "src": "store" }, "geometry": { "type": "Point", "coordinates": [ 126.924428, 35.152336 ] } },
{ "type": "Feature", "properties": { "name": "칠성가방", "cat": "소매", "sub": "섬유·의복·신발 소매", "addr": "전남광주통합특별시 동구 동계천로 48", "alt": "", "src": "store" }, "geometry": { "type": "Point", "coordinates": [ 126.917216, 35.154549 ] } },
{ "type": "Feature", "properties": { "name": "칠우불고기", "cat": "음식", "sub": "한식", "addr": "전남광주통합특별시 동구 제봉로 194", "alt": "", "src": "store" }, "geometry": { "type": "Point", "coordinates": [ 126.916317, 35.153431 ] } },
{ "type": "Feature", "properties": { "name": "카니발", "cat": "음식", "sub": "주점", "addr": "전남광주통합특별시 동구 구성로 217-1", "alt": "", "src": "store" }, "geometry": { "type": "Point", "coordinates": [ 126.91569, 35.154692 ] } },
{ "type": "Feature", "properties": { "name": "카모", "cat": "음식", "sub": "일식", "addr": "전남광주통합특별시 동구 지산로89번길 1", "alt": "", "src": "store" }, "geometry": { "type": "Point", "coordinates": [ 126.933, 35.151665 ] } },
{ "type": "Feature", "properties": { "name": "카이엔", "cat": "부동산", "sub": "부동산 서비스", "addr": "전남광주통합특별시 동구 동계천로85번길 10-1", "alt": "", "src": "store" }, "geometry": { "type": "Point", "coordinates": [ 126.921432, 35.152857 ] } },
{ "type": "Feature", "properties": { "name": "카츠해", "cat": "음식", "sub": "일식", "addr": "전남광주통합특별시 동구 동계천로 143-26", "alt": "", "src": "store" }, "geometry": { "type": "Point", "coordinates": [ 126.925331, 35.149498 ] } },
{ "type": "Feature", "properties": { "name": "카카오부동산중개", "cat": "부동산", "sub": "부동산 서비스", "addr": "전남광주통합특별시 동구 제봉로 213", "alt": "", "src": "store" }, "geometry": { "type": "Point", "coordinates": [ 126.914165, 35.154367 ] } },
{ "type": "Feature", "properties": { "name": "카키노키", "cat": "음식", "sub": "일식", "addr": "전남광주통합특별시 동구 장동로 23-57", "alt": "", "src": "store" }, "geometry": { "type": "Point", "coordinates": [ 126.924278, 35.149046 ] } },
{ "type": "Feature", "properties": { "name": "카페205", "cat": "음식", "sub": "비알코올 ", "addr": "전남광주통합특별시 동구 필문대로205번길 32", "alt": "", "src": "store" }, "geometry": { "type": "Point", "coordinates": [ 126.934383, 35.151837 ] } },
{ "type": "Feature", "properties": { "name": "카페453동명", "cat": "음식", "sub": "비알코올 ", "addr": "전남광주통합특별시 동구 동계로 12", "alt": "", "src": "store" }, "geometry": { "type": "Point", "coordinates": [ 126.924461, 35.152724 ] } },
{ "type": "Feature", "properties": { "name": "카페꽃피움", "cat": "음식", "sub": "한식", "addr": "전남광주통합특별시 동구 동명로26번길 37", "alt": "", "src": "store" }, "geometry": { "type": "Point", "coordinates": [ 126.927733, 35.15077 ] } },
{ "type": "Feature", "properties": { "name": "카페버번", "cat": "음식", "sub": "비알코올 ", "addr": "전남광주통합특별시 동구 지산로 63", "alt": "", "src": "store" }, "geometry": { "type": "Point", "coordinates": [ 126.932848, 35.149331 ] } },
{ "type": "Feature", "properties": { "name": "카페소뇨", "cat": "음식", "sub": "비알코올 ", "addr": "전남광주통합특별시 동구 장동로 21", "alt": "", "src": "store" }, "geometry": { "type": "Point", "coordinates": [ 126.924212, 35.148334 ] } },
{ "type": "Feature", "properties": { "name": "카페소담", "cat": "음식", "sub": "기타 간이", "addr": "전남광주통합특별시 동구 중앙로 226-1", "alt": "", "src": "store" }, "geometry": { "type": "Point", "coordinates": [ 126.918546, 35.152504 ] } },
{ "type": "Feature", "properties": { "name": "카페아베크투와", "cat": "음식", "sub": "비알코올 ", "addr": "전남광주통합특별시 동구 동계천로95번길 8-1", "alt": "", "src": "store" }, "geometry": { "type": "Point", "coordinates": [ 126.922135, 35.152001 ] } },
{ "type": "Feature", "properties": { "name": "카페안", "cat": "음식", "sub": "비알코올 ", "addr": "전남광주통합특별시 동구 동명로67번길 22-24", "alt": "", "src": "store" }, "geometry": { "type": "Point", "coordinates": [ 126.927281, 35.152645 ] } },
{ "type": "Feature", "properties": { "name": "카페일루이스", "cat": "음식", "sub": "비알코올 ", "addr": "전남광주통합특별시 동구 금남로 161-42", "alt": "", "src": "store" }, "geometry": { "type": "Point", "coordinates": [ 126.912497, 35.153726 ] } },
{ "type": "Feature", "properties": { "name": "카페일루이스", "cat": "음식", "sub": "비알코올 ", "addr": "전남광주통합특별시 동구 금남로 161-42", "alt": "", "src": "store" }, "geometry": { "type": "Point", "coordinates": [ 126.912497, 35.153726 ] } },
{ "type": "Feature", "properties": { "name": "카페푸르릇", "cat": "소매", "sub": "식료품 소매", "addr": "전남광주통합특별시 동구 지산로78번길 5", "alt": "", "src": "store" }, "geometry": { "type": "Point", "coordinates": [ 126.933571, 35.150818 ] } },
{ "type": "Feature", "properties": { "name": "카페프린스", "cat": "음식", "sub": "비알코올 ", "addr": "전남광주통합특별시 동구 지산로63번길 2", "alt": "", "src": "store" }, "geometry": { "type": "Point", "coordinates": [ 126.93287, 35.149673 ] } },
{ "type": "Feature", "properties": { "name": "카페피카", "cat": "음식", "sub": "비알코올 ", "addr": "전남광주통합특별시 동구 필문대로 277", "alt": "", "src": "store" }, "geometry": { "type": "Point", "coordinates": [ 126.927704, 35.146606 ] } },
{ "type": "Feature", "properties": { "name": "카페허니", "cat": "음식", "sub": "비알코올 ", "addr": "전남광주통합특별시 동구 독립로 282-1", "alt": "", "src": "store" }, "geometry": { "type": "Point", "coordinates": [ 126.913065, 35.156033 ] } },
{ "type": "Feature", "properties": { "name": "카페허니스", "cat": "음식", "sub": "비알코올 ", "addr": "전남광주통합특별시 동구 독립로264번길 6", "alt": "", "src": "store" }, "geometry": { "type": "Point", "coordinates": [ 126.911761, 35.154266 ] } },
{ "type": "Feature", "properties": { "name": "카프카하우스", "cat": "소매", "sub": "안경·정밀기기 소매", "addr": "전남광주통합특별시 동구 제봉로 130", "alt": "", "src": "store" }, "geometry": { "type": "Point", "coordinates": [ 126.92184, 35.149946 ] } },
{ "type": "Feature", "properties": { "name": "카프테일러", "cat": "음식", "sub": "한식", "addr": "전남광주통합특별시 동구 동명로25번길 4", "alt": "", "src": "store" }, "geometry": { "type": "Point", "coordinates": [ 126.923419, 35.151498 ] } },
{ "type": "Feature", "properties": { "name": "카피카피룸룸", "cat": "시설관리·임대", "sub": "사무 지원", "addr": "전남광주통합특별시 동구 서석로85번길 8-14", "alt": "", "src": "store" }, "geometry": { "type": "Point", "coordinates": [ 126.920798, 35.15018 ] } },
{ "type": "Feature", "properties": { "name": "칼라헤어샵", "cat": "수리·개인", "sub": "이용·미용", "addr": "전남광주통합특별시 동구 구성로194번길 15", "alt": "", "src": "store" }, "geometry": { "type": "Point", "coordinates": [ 126.915221, 35.152222 ] } },
{ "type": "Feature", "properties": { "name": "칼퇴근김대리광주", "cat": "음식", "sub": "주점", "addr": "전남광주통합특별시 동구 동명로 25", "alt": "", "src": "store" }, "geometry": { "type": "Point", "coordinates": [ 126.923617, 35.151516 ] } },
{ "type": "Feature", "properties": { "name": "캐치스피자", "cat": "음식", "sub": "기타 간이", "addr": "전남광주통합특별시 동구 동명로 3", "alt": "", "src": "store" }, "geometry": { "type": "Point", "coordinates": [ 126.922236, 35.149865 ] } },
{ "type": "Feature", "properties": { "name": "캠토", "cat": "음식", "sub": "기타 간이", "addr": "전남광주통합특별시 동구 지산로 49", "alt": "", "src": "store" }, "geometry": { "type": "Point", "coordinates": [ 126.932432, 35.148213 ] } },
{ "type": "Feature", "properties": { "name": "캡", "cat": "음식", "sub": "비알코올 ", "addr": "전남광주통합특별시 동구 동명로 52", "alt": "", "src": "store" }, "geometry": { "type": "Point", "coordinates": [ 126.926065, 35.151139 ] } },
{ "type": "Feature", "properties": { "name": "캬베츠", "cat": "음식", "sub": "일식", "addr": "전남광주통합특별시 동구 동명로 33-3", "alt": "", "src": "store" }, "geometry": { "type": "Point", "coordinates": [ 126.924308, 35.152057 ] } },
{ "type": "Feature", "properties": { "name": "커파클레어", "cat": "음식", "sub": "비알코올 ", "addr": "전남광주통합특별시 동구 동명로 72-1", "alt": "", "src": "store" }, "geometry": { "type": "Point", "coordinates": [ 126.928402, 35.150888 ] } },
{ "type": "Feature", "properties": { "name": "커프커프하우스", "cat": "음식", "sub": "비알코올 ", "addr": "전남광주통합특별시 동구 동명로14번길 5", "alt": "", "src": "store" }, "geometry": { "type": "Point", "coordinates": [ 126.923739, 35.150272 ] } },
{ "type": "Feature", "properties": { "name": "커피내음", "cat": "음식", "sub": "비알코올 ", "addr": "전남광주통합특별시 동구 구성로 212", "alt": "", "src": "store" }, "geometry": { "type": "Point", "coordinates": [ 126.915416, 35.154034 ] } },
{ "type": "Feature", "properties": { "name": "커피로드뷰광주", "cat": "음식", "sub": "비알코올 ", "addr": "전남광주통합특별시 동구 동계천로 132", "alt": "", "src": "store" }, "geometry": { "type": "Point", "coordinates": [ 126.923783, 35.149488 ] } },
{ "type": "Feature", "properties": { "name": "커피빈's", "cat": "음식", "sub": "비알코올 ", "addr": "전남광주통합특별시 동구 지산로 68", "alt": "", "src": "store" }, "geometry": { "type": "Point", "coordinates": [ 126.933287, 35.1498 ] } },
{ "type": "Feature", "properties": { "name": "커피잇수다", "cat": "음식", "sub": "비알코올 ", "addr": "전남광주통합특별시 동구 준법로 12", "alt": "", "src": "store" }, "geometry": { "type": "Point", "coordinates": [ 126.934242, 35.149169 ] } },
{ "type": "Feature", "properties": { "name": "커피현상소", "cat": "음식", "sub": "비알코올 ", "addr": "전남광주통합특별시 동구 지산로 38", "alt": "", "src": "store" }, "geometry": { "type": "Point", "coordinates": [ 126.932104, 35.147239 ] } },
{ "type": "Feature", "properties": { "name": "컴포즈커피광주", "cat": "음식", "sub": "비알코올 ", "addr": "전남광주통합특별시 동구 제봉로213번길 10-9", "alt": "", "src": "store" }, "geometry": { "type": "Point", "coordinates": [ 126.913166, 35.154186 ] } },
{ "type": "Feature", "properties": { "name": "컴포즈커피광주", "cat": "음식", "sub": "비알코올 ", "addr": "전남광주통합특별시 동구 지산로 92", "alt": "", "src": "store" }, "geometry": { "type": "Point", "coordinates": [ 126.933241, 35.151891 ] } },
{ "type": "Feature", "properties": { "name": "컴퓨터뱅크", "cat": "소매", "sub": "가전·통신 소매", "addr": "전남광주통합특별시 동구 독립로264번길 25", "alt": "", "src": "store" }, "geometry": { "type": "Point", "coordinates": [ 126.913661, 35.153456 ] } },
{ "type": "Feature", "properties": { "name": "컴피코지", "cat": "음식", "sub": "비알코올 ", "addr": "전남광주통합특별시 동구 동명로 19-6", "alt": "", "src": "store" }, "geometry": { "type": "Point", "coordinates": [ 126.923036, 35.150993 ] } },
{ "type": "Feature", "properties": { "name": "케이제이빈티지", "cat": "소매", "sub": "가전·통신 소매", "addr": "전남광주통합특별시 동구 필문대로 227", "alt": "", "src": "store" }, "geometry": { "type": "Point", "coordinates": [ 126.930433, 35.150537 ] } },
{ "type": "Feature", "properties": { "name": "케이제이에셋", "cat": "부동산", "sub": "부동산 서비스", "addr": "전남광주통합특별시 동구 동명로 110", "alt": "", "src": "store" }, "geometry": { "type": "Point", "coordinates": [ 126.932595, 35.150394 ] } },
{ "type": "Feature", "properties": { "name": "케이푸드랩", "cat": "음식", "sub": "기타 간이", "addr": "전남광주통합특별시 동구 동명로 33-3", "alt": "", "src": "store" }, "geometry": { "type": "Point", "coordinates": [ 126.924308, 35.152057 ] } },
{ "type": "Feature", "properties": { "name": "코끼리", "cat": "음식", "sub": "주점", "addr": "전남광주통합특별시 동구 구성로204번길 2", "alt": "", "src": "store" }, "geometry": { "type": "Point", "coordinates": [ 126.914769, 35.153412 ] } },
{ "type": "Feature", "properties": { "name": "코나", "cat": "음식", "sub": "주점", "addr": "전남광주통합특별시 동구 장동로 8", "alt": "", "src": "store" }, "geometry": { "type": "Point", "coordinates": [ 126.922961, 35.148946 ] } },
{ "type": "Feature", "properties": { "name": "코너베이크샵", "cat": "음식", "sub": "기타 간이", "addr": "전남광주통합특별시 동구 장동로 43-1", "alt": "", "src": "store" }, "geometry": { "type": "Point", "coordinates": [ 126.926496, 35.147479 ] } },
{ "type": "Feature", "properties": { "name": "코다", "cat": "음식", "sub": "서양식", "addr": "전남광주통합특별시 동구 동명로14번길 9", "alt": "", "src": "store" }, "geometry": { "type": "Point", "coordinates": [ 126.924079, 35.150299 ] } },
{ "type": "Feature", "properties": { "name": "코모레비", "cat": "음식", "sub": "비알코올 ", "addr": "전남광주통합특별시 동구 동계천로95번길 30", "alt": "", "src": "store" }, "geometry": { "type": "Point", "coordinates": [ 126.921804, 35.153813 ] } },
{ "type": "Feature", "properties": { "name": "코밴", "cat": "소매", "sub": "가전·통신 소매", "addr": "전남광주통합특별시 동구 지호로 17", "alt": "", "src": "store" }, "geometry": { "type": "Point", "coordinates": [ 126.93117, 35.148627 ] } },
{ "type": "Feature", "properties": { "name": "코봉이", "cat": "음식", "sub": "주점", "addr": "전남광주통합특별시 동구 필문대로205번길 44", "alt": "", "src": "store" }, "geometry": { "type": "Point", "coordinates": [ 126.935831, 35.151811 ] } },
{ "type": "Feature", "properties": { "name": "코브", "cat": "음식", "sub": "주점", "addr": "전남광주통합특별시 동구 경양로 275", "alt": "", "src": "store" }, "geometry": { "type": "Point", "coordinates": [ 126.919926, 35.155254 ] } },
{ "type": "Feature", "properties": { "name": "코사마트", "cat": "소매", "sub": "종합 소매", "addr": "전남광주통합특별시 동구 밤실로30번길 12", "alt": "", "src": "store" }, "geometry": { "type": "Point", "coordinates": [ 126.937962, 35.15019 ] } },
{ "type": "Feature", "properties": { "name": "코숨샘물한의원", "cat": "보건의료", "sub": "의원", "addr": "전남광주통합특별시 동구 구성로 198-1", "alt": "", "src": "store" }, "geometry": { "type": "Point", "coordinates": [ 126.91444, 35.153168 ] } },
{ "type": "Feature", "properties": { "name": "코에코디시순천", "cat": "소매", "sub": "철물·건설자재 소매", "addr": "전남광주통합특별시 동구 동명로 80-1", "alt": "", "src": "store" }, "geometry": { "type": "Point", "coordinates": [ 126.929193, 35.150825 ] } },
{ "type": "Feature", "properties": { "name": "코오롱인더스트리FNC부문롯데광주점주", "cat": "소매", "sub": "섬유·의복·신발 소매", "addr": "전남광주통합특별시 동구 독립로 268", "alt": "", "src": "store" }, "geometry": { "type": "Point", "coordinates": [ 126.912178, 35.154555 ] } },
{ "type": "Feature", "properties": { "name": "코오피", "cat": "음식", "sub": "비알코올 ", "addr": "전남광주통합특별시 동구 제봉로138번길 12", "alt": "", "src": "store" }, "geometry": { "type": "Point", "coordinates": [ 126.922389, 35.150523 ] } },
{ "type": "Feature", "properties": { "name": "코지코지", "cat": "음식", "sub": "중식", "addr": "전남광주통합특별시 동구 장동로 7", "alt": "", "src": "store" }, "geometry": { "type": "Point", "coordinates": [ 126.923114, 35.149118 ] } },
{ "type": "Feature", "properties": { "name": "코코로나인", "cat": "음식", "sub": "비알코올 ", "addr": "전남광주통합특별시 동구 장동로 36", "alt": "", "src": "store" }, "geometry": { "type": "Point", "coordinates": [ 126.925574, 35.147713 ] } },
{ "type": "Feature", "properties": { "name": "코히-커피", "cat": "음식", "sub": "비알코올 ", "addr": "전남광주통합특별시 동구 지산로 62", "alt": "", "src": "store" }, "geometry": { "type": "Point", "coordinates": [ 126.933046, 35.149115 ] } },
{ "type": "Feature", "properties": { "name": "콩썸", "cat": "음식", "sub": "비알코올 ", "addr": "전남광주통합특별시 동구 서석로85번길 8-3", "alt": "", "src": "store" }, "geometry": { "type": "Point", "coordinates": [ 126.920161, 35.150026 ] } },
{ "type": "Feature", "properties": { "name": "콩쥐팥쥐", "cat": "음식", "sub": "주점", "addr": "전남광주통합특별시 동구 제봉로190번길 3-1", "alt": "", "src": "store" }, "geometry": { "type": "Point", "coordinates": [ 126.917162, 35.153729 ] } },
{ "type": "Feature", "properties": { "name": "콩카페광주", "cat": "음식", "sub": "비알코올 ", "addr": "전남광주통합특별시 동구 동명로67번길 1", "alt": "", "src": "store" }, "geometry": { "type": "Point", "coordinates": [ 126.927601, 35.151347 ] } },
{ "type": "Feature", "properties": { "name": "쿠크", "cat": "음식", "sub": "비알코올 ", "addr": "전남광주통합특별시 동구 동명로25번길 9-8", "alt": "", "src": "store" }, "geometry": { "type": "Point", "coordinates": [ 126.922333, 35.151398 ] } },
{ "type": "Feature", "properties": { "name": "쿠키에비뉴11", "cat": "음식", "sub": "비알코올 ", "addr": "전남광주통합특별시 동구 장동로 51", "alt": "", "src": "store" }, "geometry": { "type": "Point", "coordinates": [ 126.927144, 35.147218 ] } },
{ "type": "Feature", "properties": { "name": "쿠키즈", "cat": "음식", "sub": "비알코올 ", "addr": "전남광주통합특별시 동구 장동로 42", "alt": "", "src": "store" }, "geometry": { "type": "Point", "coordinates": [ 126.926079, 35.147425 ] } },
{ "type": "Feature", "properties": { "name": "퀸", "cat": "소매", "sub": "섬유·의복·신발 소매", "addr": "전남광주통합특별시 동구 지산로 49", "alt": "", "src": "store" }, "geometry": { "type": "Point", "coordinates": [ 126.932432, 35.148213 ] } },
{ "type": "Feature", "properties": { "name": "크램드밀", "cat": "음식", "sub": "비알코올 ", "addr": "전남광주통합특별시 동구 동명로26번길 17", "alt": "", "src": "store" }, "geometry": { "type": "Point", "coordinates": [ 126.925735, 35.151093 ] } },
{ "type": "Feature", "properties": { "name": "크레커", "cat": "과학·기술", "sub": "전문 디자인", "addr": "전남광주통합특별시 동구 동계천로 81", "alt": "", "src": "store" }, "geometry": { "type": "Point", "coordinates": [ 126.920192, 35.152703 ] } },
{ "type": "Feature", "properties": { "name": "크리스피크림도넛롯데백광주", "cat": "음식", "sub": "기타 간이", "addr": "전남광주통합특별시 동구 독립로 268", "alt": "", "src": "store" }, "geometry": { "type": "Point", "coordinates": [ 126.912178, 35.154555 ] } },
{ "type": "Feature", "properties": { "name": "크린업24조대점", "cat": "수리·개인", "sub": "세탁", "addr": "전남광주통합특별시 동구 지산로 44", "alt": "", "src": "store" }, "geometry": { "type": "Point", "coordinates": [ 126.932389, 35.147627 ] } },
{ "type": "Feature", "properties": { "name": "큰바다식당", "cat": "음식", "sub": "한식", "addr": "전남광주통합특별시 동구 동계천로 50-1", "alt": "", "src": "store" }, "geometry": { "type": "Point", "coordinates": [ 126.917501, 35.15436 ] } },
{ "type": "Feature", "properties": { "name": "클로우치", "cat": "음식", "sub": "비알코올 ", "addr": "전남광주통합특별시 동구 동명로25번길 9-4", "alt": "", "src": "store" }, "geometry": { "type": "Point", "coordinates": [ 126.922508, 35.151569 ] } },
{ "type": "Feature", "properties": { "name": "클린앤클리어", "cat": "시설관리·임대", "sub": "청소·방제", "addr": "전남광주통합특별시 동구 밤실로30번길 6", "alt": "", "src": "store" }, "geometry": { "type": "Point", "coordinates": [ 126.937643, 35.150054 ] } },
{ "type": "Feature", "properties": { "name": "클린클린", "cat": "시설관리·임대", "sub": "청소·방제", "addr": "전남광주통합특별시 동구 밤실로4번안길 22", "alt": "", "src": "store" }, "geometry": { "type": "Point", "coordinates": [ 126.938445, 35.149667 ] } },
{ "type": "Feature", "properties": { "name": "키티제화", "cat": "소매", "sub": "섬유·의복·신발 소매", "addr": "전남광주통합특별시 동구 동명로 41-2", "alt": "", "src": "store" }, "geometry": { "type": "Point", "coordinates": [ 126.925296, 35.151724 ] } },
{ "type": "Feature", "properties": { "name": "킹콩짐MMA주짓수", "cat": "교육", "sub": "기타 교육", "addr": "전남광주통합특별시 동구 필문대로273번길 2-1", "alt": "", "src": "store" }, "geometry": { "type": "Point", "coordinates": [ 126.927835, 35.146678 ] } },
{ "type": "Feature", "properties": { "name": "타미타미", "cat": "소매", "sub": "장식품 소매", "addr": "전남광주통합특별시 동구 제봉로110번길 11", "alt": "", "src": "store" }, "geometry": { "type": "Point", "coordinates": [ 126.923038, 35.148829 ] } },
{ "type": "Feature", "properties": { "name": "타이어클럽", "cat": "소매", "sub": "자동차 부품 소매", "addr": "전남광주통합특별시 동구 필문대로 211", "alt": "", "src": "store" }, "geometry": { "type": "Point", "coordinates": [ 126.931003, 35.1518 ] } },
{ "type": "Feature", "properties": { "name": "탁모네집고기한판", "cat": "음식", "sub": "한식", "addr": "전남광주통합특별시 동구 동계천로 128", "alt": "", "src": "store" }, "geometry": { "type": "Point", "coordinates": [ 126.923608, 35.149776 ] } },
{ "type": "Feature", "properties": { "name": "탄요", "cat": "음식", "sub": "한식", "addr": "전남광주통합특별시 동구 동명로 8-1", "alt": "", "src": "store" }, "geometry": { "type": "Point", "coordinates": [ 126.922817, 35.149884 ] } },
{ "type": "Feature", "properties": { "name": "탑모텔", "cat": "숙박", "sub": "일반 숙박", "addr": "전남광주통합특별시 동구 동계천로6번길 8", "alt": "", "src": "store" }, "geometry": { "type": "Point", "coordinates": [ 126.913494, 35.155998 ] } },
{ "type": "Feature", "properties": { "name": "탑스타일", "cat": "소매", "sub": "섬유·의복·신발 소매", "addr": "전남광주통합특별시 동구 구성로 215", "alt": "", "src": "store" }, "geometry": { "type": "Point", "coordinates": [ 126.915449, 35.154548 ] } },
{ "type": "Feature", "properties": { "name": "탑쌀피자", "cat": "음식", "sub": "구내식당·뷔페", "addr": "전남광주통합특별시 동구 중앙로 244-1", "alt": "", "src": "store" }, "geometry": { "type": "Point", "coordinates": [ 126.920092, 35.153541 ] } },
{ "type": "Feature", "properties": { "name": "태양이발관", "cat": "음식", "sub": "한식", "addr": "전남광주통합특별시 동구 동명로67번길 17-1", "alt": "", "src": "store" }, "geometry": { "type": "Point", "coordinates": [ 126.9267, 35.152446 ] } },
{ "type": "Feature", "properties": { "name": "태양전자", "cat": "수리·개인", "sub": "가전제품 수리", "addr": "전남광주통합특별시 동구 독립로264번길 25", "alt": "", "src": "store" }, "geometry": { "type": "Point", "coordinates": [ 126.913661, 35.153456 ] } },
{ "type": "Feature", "properties": { "name": "태영상회", "cat": "소매", "sub": "섬유·의복·신발 소매", "addr": "전남광주통합특별시 동구 동계천로 47", "alt": "", "src": "store" }, "geometry": { "type": "Point", "coordinates": [ 126.917369, 35.154702 ] } },
{ "type": "Feature", "properties": { "name": "태자한우", "cat": "소매", "sub": "식료품 소매", "addr": "전남광주통합특별시 동구 경양로 234", "alt": "", "src": "store" }, "geometry": { "type": "Point", "coordinates": [ 126.915392, 35.155981 ] } },
{ "type": "Feature", "properties": { "name": "태화고무", "cat": "소매", "sub": "섬유·의복·신발 소매", "addr": "전남광주통합특별시 동구 중앙로 249-4", "alt": "", "src": "store" }, "geometry": { "type": "Point", "coordinates": [ 126.920091, 35.15429 ] } },
{ "type": "Feature", "properties": { "name": "탱자네", "cat": "음식", "sub": "한식", "addr": "전남광주통합특별시 동구 제봉로222번길 6-16", "alt": "", "src": "store" }, "geometry": { "type": "Point", "coordinates": [ 126.914614, 35.154809 ] } },
{ "type": "Feature", "properties": { "name": "탱크PC", "cat": "예술·스포츠", "sub": "유원지·오락", "addr": "전남광주통합특별시 동구 구성로238번길 16", "alt": "", "src": "store" }, "geometry": { "type": "Point", "coordinates": [ 126.918455, 35.154874 ] } },
{ "type": "Feature", "properties": { "name": "터공인중개사사무소", "cat": "부동산", "sub": "부동산 서비스", "addr": "전남광주통합특별시 동구 구성로238번길 10-2", "alt": "", "src": "store" }, "geometry": { "type": "Point", "coordinates": [ 126.917873, 35.155352 ] } },
{ "type": "Feature", "properties": { "name": "테이크", "cat": "소매", "sub": "기타 생활용품 소매", "addr": "전남광주통합특별시 동구 밤실로4번안길 22", "alt": "", "src": "store" }, "geometry": { "type": "Point", "coordinates": [ 126.938445, 35.149667 ] } },
{ "type": "Feature", "properties": { "name": "테크노CNS", "cat": "소매", "sub": "가전·통신 소매", "addr": "전남광주통합특별시 동구 독립로264번길 25", "alt": "", "src": "store" }, "geometry": { "type": "Point", "coordinates": [ 126.913661, 35.153456 ] } },
{ "type": "Feature", "properties": { "name": "테크노정보시스템", "cat": "소매", "sub": "가전·통신 소매", "addr": "전남광주통합특별시 동구 독립로264번길 25", "alt": "", "src": "store" }, "geometry": { "type": "Point", "coordinates": [ 126.913661, 35.153456 ] } },
{ "type": "Feature", "properties": { "name": "테크노컴퓨터", "cat": "소매", "sub": "가전·통신 소매", "addr": "전남광주통합특별시 동구 독립로264번길 25", "alt": "", "src": "store" }, "geometry": { "type": "Point", "coordinates": [ 126.913661, 35.153456 ] } },
{ "type": "Feature", "properties": { "name": "텐퍼센트커피광주", "cat": "음식", "sub": "비알코올 ", "addr": "전남광주통합특별시 동구 장동로 23-3", "alt": "", "src": "store" }, "geometry": { "type": "Point", "coordinates": [ 126.924366, 35.14828 ] } },
{ "type": "Feature", "properties": { "name": "텐퍼센트커피광주", "cat": "음식", "sub": "비알코올 ", "addr": "전남광주통합특별시 동구 지산로 86-11", "alt": "", "src": "store" }, "geometry": { "type": "Point", "coordinates": [ 126.933417, 35.151855 ] } },
{ "type": "Feature", "properties": { "name": "텐퍼센트커피광주산수푸른길점", "cat": "음식", "sub": "비알코올 ", "addr": "전남광주통합특별시 동구 동명로69번길 28", "alt": "", "src": "store" }, "geometry": { "type": "Point", "coordinates": [ 126.927478, 35.153474 ] } },
{ "type": "Feature", "properties": { "name": "토공방", "cat": "소매", "sub": "장식품 소매", "addr": "전남광주통합특별시 동구 동명로25번길 9-9", "alt": "", "src": "store" }, "geometry": { "type": "Point", "coordinates": [ 126.922421, 35.151263 ] } },
{ "type": "Feature", "properties": { "name": "토리아에즈광주", "cat": "음식", "sub": "한식", "addr": "전남광주통합특별시 동구 동명로 19", "alt": "", "src": "store" }, "geometry": { "type": "Point", "coordinates": [ 126.923211, 35.150966 ] } },
{ "type": "Feature", "properties": { "name": "토메이스시", "cat": "음식", "sub": "일식", "addr": "전남광주통합특별시 동구 동계천로 155", "alt": "", "src": "store" }, "geometry": { "type": "Point", "coordinates": [ 126.926242, 35.149174 ] } },
{ "type": "Feature", "properties": { "name": "토부", "cat": "음식", "sub": "주점", "addr": "전남광주통합특별시 동구 동명로 5-1", "alt": "", "src": "store" }, "geometry": { "type": "Point", "coordinates": [ 126.92251, 35.15001 ] } },
{ "type": "Feature", "properties": { "name": "통가", "cat": "부동산", "sub": "부동산 서비스", "addr": "전남광주통합특별시 동구 중앙로 248", "alt": "", "src": "store" }, "geometry": { "type": "Point", "coordinates": [ 126.920311, 35.153704 ] } },
{ "type": "Feature", "properties": { "name": "통일여인숙", "cat": "숙박", "sub": "일반 숙박", "addr": "전남광주통합특별시 동구 제봉로222번길 11", "alt": "", "src": "store" }, "geometry": { "type": "Point", "coordinates": [ 126.914328, 35.155782 ] } },
{ "type": "Feature", "properties": { "name": "투게더그랜드", "cat": "음식", "sub": "주점", "addr": "전남광주통합특별시 동구 구성로238번길 3", "alt": "", "src": "store" }, "geometry": { "type": "Point", "coordinates": [ 126.9175, 35.155883 ] } },
{ "type": "Feature", "properties": { "name": "투다리", "cat": "음식", "sub": "주점", "addr": "전남광주통합특별시 동구 필문대로273번길 4", "alt": "", "src": "store" }, "geometry": { "type": "Point", "coordinates": [ 126.928033, 35.146624 ] } },
{ "type": "Feature", "properties": { "name": "투데이옥션", "cat": "부동산", "sub": "부동산 서비스", "addr": "전남광주통합특별시 동구 동명로98번길 1", "alt": "", "src": "store" }, "geometry": { "type": "Point", "coordinates": [ 126.931278, 35.150682 ] } },
{ "type": "Feature", "properties": { "name": "투베럴", "cat": "소매", "sub": "섬유·의복·신발 소매", "addr": "전남광주통합특별시 동구 동명로 23", "alt": "", "src": "store" }, "geometry": { "type": "Point", "coordinates": [ 126.923453, 35.151218 ] } },
{ "type": "Feature", "properties": { "name": "투썸플레이스", "cat": "음식", "sub": "비알코올 ", "addr": "전남광주통합특별시 동구 필문대로273번길 1", "alt": "", "src": "store" }, "geometry": { "type": "Point", "coordinates": [ 126.927934, 35.146894 ] } },
{ "type": "Feature", "properties": { "name": "투어프랜드", "cat": "시설관리·임대", "sub": "여행사·보조", "addr": "전남광주통합특별시 동구 구성로194번길 7", "alt": "", "src": "store" }, "geometry": { "type": "Point", "coordinates": [ 126.91488, 35.152573 ] } },
{ "type": "Feature", "properties": { "name": "특수금고열쇠", "cat": "소매", "sub": "철물·건설자재 소매", "addr": "전남광주통합특별시 동구 중앙로 243-1", "alt": "", "src": "store" }, "geometry": { "type": "Point", "coordinates": [ 126.91962, 35.153803 ] } },
{ "type": "Feature", "properties": { "name": "틈새작업실", "cat": "소매", "sub": "장식품 소매", "addr": "전남광주통합특별시 동구 동계천로 58-2", "alt": "", "src": "store" }, "geometry": { "type": "Point", "coordinates": [ 126.918028, 35.153946 ] } },
{ "type": "Feature", "properties": { "name": "티나", "cat": "수리·개인", "sub": "기타 가정용품 수리", "addr": "전남광주통합특별시 동구 지호로 24-1", "alt": "", "src": "store" }, "geometry": { "type": "Point", "coordinates": [ 126.931708, 35.148185 ] } },
{ "type": "Feature", "properties": { "name": "티소하", "cat": "음식", "sub": "비알코올 ", "addr": "전남광주통합특별시 동구 동계천로 151-17", "alt": "", "src": "store" }, "geometry": { "type": "Point", "coordinates": [ 126.925715, 35.149588 ] } },
{ "type": "Feature", "properties": { "name": "티앗", "cat": "음식", "sub": "비알코올 ", "addr": "전남광주통합특별시 동구 동명로14번길 12", "alt": "", "src": "store" }, "geometry": { "type": "Point", "coordinates": [ 126.924332, 35.150011 ] } },
{ "type": "Feature", "properties": { "name": "티이티디", "cat": "음식", "sub": "기타 간이", "addr": "전남광주통합특별시 동구 동계천로 115", "alt": "", "src": "store" }, "geometry": { "type": "Point", "coordinates": [ 126.922948, 35.15065 ] } },
{ "type": "Feature", "properties": { "name": "티파니", "cat": "소매", "sub": "시계·귀금속 소매", "addr": "전남광주통합특별시 동구 제봉로 221-21", "alt": "", "src": "store" }, "geometry": { "type": "Point", "coordinates": [ 126.913199, 35.15433 ] } },
{ "type": "Feature", "properties": { "name": "틸트틸트", "cat": "음식", "sub": "서양식", "addr": "전남광주통합특별시 동구 동계로15번길 22", "alt": "", "src": "store" }, "geometry": { "type": "Point", "coordinates": [ 126.922484, 35.154138 ] } },
{ "type": "Feature", "properties": { "name": "팀팩토리", "cat": "수리·개인", "sub": "모터사이클 수리", "addr": "전남광주통합특별시 동구 지호로 9", "alt": "", "src": "store" }, "geometry": { "type": "Point", "coordinates": [ 126.930281, 35.148978 ] } },
{ "type": "Feature", "properties": { "name": "파리바게트조대", "cat": "음식", "sub": "기타 간이", "addr": "전남광주통합특별시 동구 필문대로273번길 8-1", "alt": "", "src": "store" }, "geometry": { "type": "Point", "coordinates": [ 126.928483, 35.146444 ] } },
{ "type": "Feature", "properties": { "name": "파세드꽁떼아", "cat": "음식", "sub": "서양식", "addr": "전남광주통합특별시 동구 동명로25번길 3-2", "alt": "", "src": "store" }, "geometry": { "type": "Point", "coordinates": [ 126.923189, 35.151389 ] } },
{ "type": "Feature", "properties": { "name": "파인메르", "cat": "소매", "sub": "섬유·의복·신발 소매", "addr": "전남광주통합특별시 동구 동명로98번길 19", "alt": "", "src": "store" }, "geometry": { "type": "Point", "coordinates": [ 126.930687, 35.149131 ] } },
{ "type": "Feature", "properties": { "name": "파트너투어주", "cat": "시설관리·임대", "sub": "여행사·보조", "addr": "전남광주통합특별시 동구 구성로194번길 7", "alt": "", "src": "store" }, "geometry": { "type": "Point", "coordinates": [ 126.91488, 35.152573 ] } },
{ "type": "Feature", "properties": { "name": "파티나라", "cat": "소매", "sub": "오락용품 소매", "addr": "전남광주통합특별시 동구 필문대로 217", "alt": "", "src": "store" }, "geometry": { "type": "Point", "coordinates": [ 126.930838, 35.151358 ] } },
{ "type": "Feature", "properties": { "name": "판테온파크골프", "cat": "예술·스포츠", "sub": "스포츠 서비스", "addr": "전남광주통합특별시 동구 제봉로 221-11", "alt": "", "src": "store" }, "geometry": { "type": "Point", "coordinates": [ 126.913605, 35.154465 ] } },
{ "type": "Feature", "properties": { "name": "팔도국밥육수당광주", "cat": "음식", "sub": "한식", "addr": "전남광주통합특별시 동구 필문대로205번길 25", "alt": "", "src": "store" }, "geometry": { "type": "Point", "coordinates": [ 126.933987, 35.152045 ] } },
{ "type": "Feature", "properties": { "name": "팔라", "cat": "음식", "sub": "서양식", "addr": "전남광주통합특별시 동구 장동로 11", "alt": "", "src": "store" }, "geometry": { "type": "Point", "coordinates": [ 126.923521, 35.148884 ] } },
{ "type": "Feature", "properties": { "name": "패러슈트", "cat": "음식", "sub": "주점", "addr": "전남광주통합특별시 동구 장동로 4-1", "alt": "", "src": "store" }, "geometry": { "type": "Point", "coordinates": [ 126.922522, 35.149036 ] } },
{ "type": "Feature", "properties": { "name": "팻문", "cat": "음식", "sub": "서양식", "addr": "전남광주통합특별시 동구 동계천로95번길 19", "alt": "", "src": "store" }, "geometry": { "type": "Point", "coordinates": [ 126.921838, 35.152867 ] } },
{ "type": "Feature", "properties": { "name": "퍼드커피", "cat": "음식", "sub": "비알코올 ", "addr": "전남광주통합특별시 동구 동계로15번길 7", "alt": "", "src": "store" }, "geometry": { "type": "Point", "coordinates": [ 126.923889, 35.153589 ] } },
{ "type": "Feature", "properties": { "name": "퍼분", "cat": "음식", "sub": "동남아시아", "addr": "전남광주통합특별시 동구 지산로 82-3", "alt": "", "src": "store" }, "geometry": { "type": "Point", "coordinates": [ 126.933407, 35.150981 ] } },
{ "type": "Feature", "properties": { "name": "퍼블릭마켓", "cat": "소매", "sub": "식료품 소매", "addr": "전남광주통합특별시 동구 동명로 47", "alt": "", "src": "store" }, "geometry": { "type": "Point", "coordinates": [ 126.92579, 35.151661 ] } },
{ "type": "Feature", "properties": { "name": "퍼스널베이크", "cat": "음식", "sub": "기타 간이", "addr": "전남광주통합특별시 동구 필문대로289번길 16", "alt": "", "src": "store" }, "geometry": { "type": "Point", "coordinates": [ 126.92822, 35.146507 ] } },
{ "type": "Feature", "properties": { "name": "펑키청크피자샵", "cat": "음식", "sub": "기타 간이", "addr": "전남광주통합특별시 동구 서석로85번길 8-7", "alt": "", "src": "store" }, "geometry": { "type": "Point", "coordinates": [ 126.920293, 35.150089 ] } },
{ "type": "Feature", "properties": { "name": "페어리플라워", "cat": "소매", "sub": "기타 상품 소매", "addr": "전남광주통합특별시 동구 동명로67번길 18-2", "alt": "", "src": "store" }, "geometry": { "type": "Point", "coordinates": [ 126.926996, 35.152536 ] } },
{ "type": "Feature", "properties": { "name": "페이스마켓", "cat": "소매", "sub": "의약·화장품 소매", "addr": "전남광주통합특별시 동구 지산로78번길 17-1", "alt": "", "src": "store" }, "geometry": { "type": "Point", "coordinates": [ 126.933779, 35.151666 ] } },
{ "type": "Feature", "properties": { "name": "페이지날", "cat": "음식", "sub": "기타 간이", "addr": "전남광주통합특별시 동구 장동로 1-2", "alt": "", "src": "store" }, "geometry": { "type": "Point", "coordinates": [ 126.922675, 35.149379 ] } },
{ "type": "Feature", "properties": { "name": "평광", "cat": "음식", "sub": "중식", "addr": "전남광주통합특별시 동구 지산로 86-27", "alt": "", "src": "store" }, "geometry": { "type": "Point", "coordinates": [ 126.933757, 35.151395 ] } },
{ "type": "Feature", "properties": { "name": "평화숯불쭈꾸미동명", "cat": "음식", "sub": "한식", "addr": "전남광주통합특별시 동구 동계천로 178-1", "alt": "", "src": "store" }, "geometry": { "type": "Point", "coordinates": [ 126.928667, 35.149166 ] } },
{ "type": "Feature", "properties": { "name": "포그니밥상", "cat": "음식", "sub": "한식", "addr": "전남광주통합특별시 동구 지산로 82-3", "alt": "", "src": "store" }, "geometry": { "type": "Point", "coordinates": [ 126.933407, 35.150981 ] } },
{ "type": "Feature", "properties": { "name": "포도", "cat": "소매", "sub": "종합 소매", "addr": "전남광주통합특별시 동구 동명로 22", "alt": "", "src": "store" }, "geometry": { "type": "Point", "coordinates": [ 126.923727, 35.151038 ] } },
{ "type": "Feature", "properties": { "name": "포밀", "cat": "음식", "sub": "기타 간이", "addr": "전남광주통합특별시 동구 준법로 31", "alt": "", "src": "store" }, "geometry": { "type": "Point", "coordinates": [ 126.936426, 35.149405 ] } },
{ "type": "Feature", "properties": { "name": "포브하우스마케팅", "cat": "과학·기술", "sub": "광고", "addr": "전남광주통합특별시 동구 제봉로140번길 8", "alt": "", "src": "store" }, "geometry": { "type": "Point", "coordinates": [ 126.921565, 35.150739 ] } },
{ "type": "Feature", "properties": { "name": "포유건축사사무소주", "cat": "과학·기술", "sub": "기술 서비스", "addr": "전남광주통합특별시 동구 동계천로 155", "alt": "", "src": "store" }, "geometry": { "type": "Point", "coordinates": [ 126.926242, 35.149174 ] } },
{ "type": "Feature", "properties": { "name": "포인트", "cat": "소매", "sub": "섬유·의복·신발 소매", "addr": "전남광주통합특별시 동구 금남로 161-20", "alt": "", "src": "store" }, "geometry": { "type": "Point", "coordinates": [ 126.912081, 35.153112 ] } },
{ "type": "Feature", "properties": { "name": "포카포카", "cat": "음식", "sub": "일식", "addr": "전남광주통합특별시 동구 동명로25번길 11", "alt": "", "src": "store" }, "geometry": { "type": "Point", "coordinates": [ 126.922508, 35.151569 ] } },
{ "type": "Feature", "properties": { "name": "포코", "cat": "음식", "sub": "주점", "addr": "전남광주통합특별시 동구 동계로 17", "alt": "", "src": "store" }, "geometry": { "type": "Point", "coordinates": [ 126.924383, 35.153319 ] } },
{ "type": "Feature", "properties": { "name": "포토시그니처동", "cat": "과학·기술", "sub": "사진 촬영", "addr": "전남광주통합특별시 동구 제봉로110번길 18", "alt": "", "src": "store" }, "geometry": { "type": "Point", "coordinates": [ 126.923784, 35.148974 ] } },
{ "type": "Feature", "properties": { "name": "포토이즘박스광주", "cat": "과학·기술", "sub": "사진 촬영", "addr": "전남광주통합특별시 동구 동계천로 129-3", "alt": "", "src": "store" }, "geometry": { "type": "Point", "coordinates": [ 126.924101, 35.149812 ] } },
{ "type": "Feature", "properties": { "name": "포토이즘컬러드광주", "cat": "과학·기술", "sub": "사진 촬영", "addr": "전남광주통합특별시 동구 동계천로 123", "alt": "", "src": "store" }, "geometry": { "type": "Point", "coordinates": [ 126.92341, 35.150145 ] } },
{ "type": "Feature", "properties": { "name": "포토피엠", "cat": "시설관리·임대", "sub": "산업용품 대여", "addr": "전남광주통합특별시 동구 동계로1번길 14-14", "alt": "", "src": "store" }, "geometry": { "type": "Point", "coordinates": [ 126.923012, 35.152795 ] } },
{ "type": "Feature", "properties": { "name": "포포", "cat": "음식", "sub": "한식", "addr": "전남광주통합특별시 동구 동계천로 137-13", "alt": "", "src": "store" }, "geometry": { "type": "Point", "coordinates": [ 126.925012, 35.149777 ] } },
{ "type": "Feature", "properties": { "name": "폴리아", "cat": "음식", "sub": "서양식", "addr": "전남광주통합특별시 동구 동명로14번길 1", "alt": "", "src": "store" }, "geometry": { "type": "Point", "coordinates": [ 126.923311, 35.150344 ] } },
{ "type": "Feature", "properties": { "name": "폴리오엠", "cat": "과학·기술", "sub": "사진 촬영", "addr": "전남광주통합특별시 동구 필문대로205번길 19-10", "alt": "", "src": "store" }, "geometry": { "type": "Point", "coordinates": [ 126.933219, 35.152459 ] } },
{ "type": "Feature", "properties": { "name": "폴바셋롯데광주점", "cat": "음식", "sub": "중식", "addr": "전남광주통합특별시 동구 독립로 268", "alt": "", "src": "store" }, "geometry": { "type": "Point", "coordinates": [ 126.912178, 35.154555 ] } },
{ "type": "Feature", "properties": { "name": "폴햄", "cat": "소매", "sub": "섬유·의복·신발 소매", "addr": "전남광주통합특별시 동구 독립로 268", "alt": "", "src": "store" }, "geometry": { "type": "Point", "coordinates": [ 126.912178, 35.154555 ] } },
{ "type": "Feature", "properties": { "name": "푸로레커피", "cat": "음식", "sub": "비알코올 ", "addr": "전남광주통합특별시 동구 백서로 235", "alt": "", "src": "store" }, "geometry": { "type": "Point", "coordinates": [ 126.926626, 35.148714 ] } },
{ "type": "Feature", "properties": { "name": "푸른길가온", "cat": "음식", "sub": "비알코올 ", "addr": "전남광주통합특별시 동구 동명로69번길 26", "alt": "", "src": "store" }, "geometry": { "type": "Point", "coordinates": [ 126.927511, 35.153384 ] } },
{ "type": "Feature", "properties": { "name": "푸른길약국", "cat": "소매", "sub": "의약·화장품 소매", "addr": "전남광주통합특별시 동구 경양로 349", "alt": "", "src": "store" }, "geometry": { "type": "Point", "coordinates": [ 126.927401, 35.153952 ] } },
{ "type": "Feature", "properties": { "name": "푸른길정형외과의원", "cat": "보건의료", "sub": "의원", "addr": "전남광주통합특별시 동구 동명로70번길 5", "alt": "", "src": "store" }, "geometry": { "type": "Point", "coordinates": [ 126.928699, 35.150536 ] } },
{ "type": "Feature", "properties": { "name": "푸른할인마트", "cat": "소매", "sub": "종합 소매", "addr": "전남광주통합특별시 동구 동계천로 97", "alt": "", "src": "store" }, "geometry": { "type": "Point", "coordinates": [ 126.921411, 35.151604 ] } },
{ "type": "Feature", "properties": { "name": "푸케앤코", "cat": "소매", "sub": "시계·귀금속 소매", "addr": "전남광주통합특별시 동구 동명로14번길 26", "alt": "", "src": "store" }, "geometry": { "type": "Point", "coordinates": [ 126.925934, 35.149787 ] } },
{ "type": "Feature", "properties": { "name": "푹고은김치찜", "cat": "음식", "sub": "한식", "addr": "전남광주통합특별시 동구 독립로 282-12", "alt": "", "src": "store" }, "geometry": { "type": "Point", "coordinates": [ 126.913505, 35.155853 ] } },
{ "type": "Feature", "properties": { "name": "풋풋마켓스튜디오", "cat": "소매", "sub": "섬유·의복·신발 소매", "addr": "전남광주통합특별시 동구 중앙로 262-2", "alt": "", "src": "store" }, "geometry": { "type": "Point", "coordinates": [ 126.920826, 35.155128 ] } },
{ "type": "Feature", "properties": { "name": "풍각해장국", "cat": "음식", "sub": "한식", "addr": "전남광주통합특별시 동구 동명로 23", "alt": "", "src": "store" }, "geometry": { "type": "Point", "coordinates": [ 126.923453, 35.151218 ] } },
{ "type": "Feature", "properties": { "name": "풍경호프", "cat": "음식", "sub": "주점", "addr": "전남광주통합특별시 동구 중앙로 244-1", "alt": "", "src": "store" }, "geometry": { "type": "Point", "coordinates": [ 126.920092, 35.153541 ] } },
{ "type": "Feature", "properties": { "name": "풍류", "cat": "음식", "sub": "주점", "addr": "전남광주통합특별시 동구 필문대로205번길 40-1", "alt": "", "src": "store" }, "geometry": { "type": "Point", "coordinates": [ 126.93537, 35.151811 ] } },
{ "type": "Feature", "properties": { "name": "풍선마마스토리", "cat": "시설관리·임대", "sub": "기타 사업 서비스", "addr": "전남광주통합특별시 동구 제봉로 201", "alt": "", "src": "store" }, "geometry": { "type": "Point", "coordinates": [ 126.915329, 35.153628 ] } },
{ "type": "Feature", "properties": { "name": "프라임픽", "cat": "소매", "sub": "섬유·의복·신발 소매", "addr": "전남광주통합특별시 동구 장동로 25", "alt": "", "src": "store" }, "geometry": { "type": "Point", "coordinates": [ 126.92463, 35.148217 ] } },
{ "type": "Feature", "properties": { "name": "프랜차이즈법률원기원", "cat": "과학·기술", "sub": "법무관련 ", "addr": "전남광주통합특별시 동구 동명로 96", "alt": "", "src": "store" }, "geometry": { "type": "Point", "coordinates": [ 126.930839, 35.150691 ] } },
{ "type": "Feature", "properties": { "name": "프랭크커핀바광주", "cat": "음식", "sub": "비알코올 ", "addr": "전남광주통합특별시 동구 동명로14번길 15", "alt": "", "src": "store" }, "geometry": { "type": "Point", "coordinates": [ 126.924935, 35.150164 ] } },
{ "type": "Feature", "properties": { "name": "프렌드베이커리", "cat": "음식", "sub": "기타 간이", "addr": "전남광주통합특별시 동구 중앙로 244", "alt": "", "src": "store" }, "geometry": { "type": "Point", "coordinates": [ 126.91984, 35.153532 ] } },
{ "type": "Feature", "properties": { "name": "프린트잇", "cat": "과학·기술", "sub": "본사·경영 컨설팅", "addr": "전남광주통합특별시 동구 필문대로273번길 14", "alt": "", "src": "store" }, "geometry": { "type": "Point", "coordinates": [ 126.928878, 35.146183 ] } },
{ "type": "Feature", "properties": { "name": "프프프광주", "cat": "음식", "sub": "동남아시아", "addr": "전남광주통합특별시 동구 동명로14번길 20", "alt": "", "src": "store" }, "geometry": { "type": "Point", "coordinates": [ 126.925429, 35.149831 ] } },
{ "type": "Feature", "properties": { "name": "플라워카페청솔화원", "cat": "음식", "sub": "비알코올 ", "addr": "전남광주통합특별시 동구 백서로 233", "alt": "", "src": "store" }, "geometry": { "type": "Point", "coordinates": [ 126.926616, 35.148597 ] } },
{ "type": "Feature", "properties": { "name": "플로렌", "cat": "소매", "sub": "식물 소매", "addr": "전남광주통합특별시 동구 동명로26번길 15-1", "alt": "", "src": "store" }, "geometry": { "type": "Point", "coordinates": [ 126.925384, 35.151129 ] } },
{ "type": "Feature", "properties": { "name": "플뢰르봉봉", "cat": "소매", "sub": "기타 생활용품 소매", "addr": "전남광주통합특별시 동구 동계천로 165-1", "alt": "", "src": "store" }, "geometry": { "type": "Point", "coordinates": [ 126.927262, 35.149246 ] } },
{ "type": "Feature", "properties": { "name": "플루쏘커피", "cat": "음식", "sub": "비알코올 ", "addr": "전남광주통합특별시 동구 필문대로289번길 2", "alt": "", "src": "store" }, "geometry": { "type": "Point", "coordinates": [ 126.927145, 35.145695 ] } },
{ "type": "Feature", "properties": { "name": "피스커피랩", "cat": "음식", "sub": "비알코올 ", "addr": "전남광주통합특별시 동구 동명로14번길 6", "alt": "", "src": "store" }, "geometry": { "type": "Point", "coordinates": [ 126.923739, 35.150119 ] } },
{ "type": "Feature", "properties": { "name": "피스풀하우스", "cat": "음식", "sub": "기타 간이", "addr": "전남광주통합특별시 동구 동명로14번길 11", "alt": "", "src": "store" }, "geometry": { "type": "Point", "coordinates": [ 126.924397, 35.150182 ] } },
{ "type": "Feature", "properties": { "name": "피시원광주점주", "cat": "소매", "sub": "식료품 소매", "addr": "전남광주통합특별시 동구 독립로 268", "alt": "", "src": "store" }, "geometry": { "type": "Point", "coordinates": [ 126.912178, 35.154555 ] } },
{ "type": "Feature", "properties": { "name": "피아오량", "cat": "음식", "sub": "중식", "addr": "전남광주통합특별시 동구 제봉로110번길 22", "alt": "", "src": "store" }, "geometry": { "type": "Point", "coordinates": [ 126.92408, 35.14892 ] } },
{ "type": "Feature", "properties": { "name": "피자나라치킨공주조대점", "cat": "음식", "sub": "기타 간이", "addr": "전남광주통합특별시 동구 필문대로287번길 5-1", "alt": "", "src": "store" }, "geometry": { "type": "Point", "coordinates": [ 126.927792, 35.145795 ] } },
{ "type": "Feature", "properties": { "name": "피자스쿨조대점", "cat": "음식", "sub": "기타 간이", "addr": "전남광주통합특별시 동구 장동로 54", "alt": "", "src": "store" }, "geometry": { "type": "Point", "coordinates": [ 126.927275, 35.147002 ] } },
{ "type": "Feature", "properties": { "name": "피자탑", "cat": "음식", "sub": "기타 간이", "addr": "전남광주통합특별시 동구 지산로 62", "alt": "", "src": "store" }, "geometry": { "type": "Point", "coordinates": [ 126.933046, 35.149115 ] } },
{ "type": "Feature", "properties": { "name": "피카소", "cat": "소매", "sub": "섬유·의복·신발 소매", "addr": "전남광주통합특별시 동구 구성로 212", "alt": "", "src": "store" }, "geometry": { "type": "Point", "coordinates": [ 126.915416, 35.154034 ] } },
{ "type": "Feature", "properties": { "name": "피코맨즈헤어", "cat": "수리·개인", "sub": "이용·미용", "addr": "전남광주통합특별시 동구 백서로 214", "alt": "", "src": "store" }, "geometry": { "type": "Point", "coordinates": [ 126.926244, 35.146785 ] } },
{ "type": "Feature", "properties": { "name": "필", "cat": "음식", "sub": "주점", "addr": "전남광주통합특별시 동구 경양로277번길 2", "alt": "", "src": "store" }, "geometry": { "type": "Point", "coordinates": [ 126.920123, 35.155209 ] } },
{ "type": "Feature", "properties": { "name": "하나부동산중개사무소", "cat": "부동산", "sub": "부동산 서비스", "addr": "전남광주통합특별시 동구 중앙로 261", "alt": "", "src": "store" }, "geometry": { "type": "Point", "coordinates": [ 126.920431, 35.155065 ] } },
{ "type": "Feature", "properties": { "name": "하나카페테리아", "cat": "음식", "sub": "기타 간이", "addr": "전남광주통합특별시 동구 중앙로 223", "alt": "", "src": "store" }, "geometry": { "type": "Point", "coordinates": [ 126.918041, 35.152702 ] } },
{ "type": "Feature", "properties": { "name": "하녹1974", "cat": "숙박", "sub": "일반 숙박", "addr": "전남광주통합특별시 동구 동계로1번길 14-12", "alt": "", "src": "store" }, "geometry": { "type": "Point", "coordinates": [ 126.922968, 35.152696 ] } },
{ "type": "Feature", "properties": { "name": "하늘디자인코디", "cat": "과학·기술", "sub": "전문 디자인", "addr": "전남광주통합특별시 동구 제봉로222번길 6-16", "alt": "", "src": "store" }, "geometry": { "type": "Point", "coordinates": [ 126.914614, 35.154809 ] } },
{ "type": "Feature", "properties": { "name": "하늘마음미용용품점", "cat": "소매", "sub": "섬유·의복·신발 소매", "addr": "전남광주통합특별시 동구 장동로 15-3", "alt": "", "src": "store" }, "geometry": { "type": "Point", "coordinates": [ 126.923839, 35.148713 ] } },
{ "type": "Feature", "properties": { "name": "하늘머리공방", "cat": "수리·개인", "sub": "이용·미용", "addr": "전남광주통합특별시 동구 장동로 15-3", "alt": "", "src": "store" }, "geometry": { "type": "Point", "coordinates": [ 126.923839, 35.148713 ] } },
{ "type": "Feature", "properties": { "name": "하늘천따지", "cat": "음식", "sub": "주점", "addr": "전남광주통합특별시 동구 필문대로273번길 6", "alt": "", "src": "store" }, "geometry": { "type": "Point", "coordinates": [ 126.928121, 35.14657 ] } },
{ "type": "Feature", "properties": { "name": "하루", "cat": "소매", "sub": "종합 소매", "addr": "전남광주통합특별시 동구 동계로 18", "alt": "", "src": "store" }, "geometry": { "type": "Point", "coordinates": [ 126.924647, 35.153301 ] } },
{ "type": "Feature", "properties": { "name": "하루", "cat": "숙박", "sub": "일반 숙박", "addr": "전남광주통합특별시 동구 동계천로6번길 7", "alt": "", "src": "store" }, "geometry": { "type": "Point", "coordinates": [ 126.913768, 35.156034 ] } },
{ "type": "Feature", "properties": { "name": "하루", "cat": "숙박", "sub": "일반 숙박", "addr": "전남광주통합특별시 동구 동계천로6번길 9", "alt": "", "src": "store" }, "geometry": { "type": "Point", "coordinates": [ 126.913735, 35.1558 ] } },
{ "type": "Feature", "properties": { "name": "하이고래협동조합", "cat": "시설관리·임대", "sub": "기타 사업 서비스", "addr": "전남광주통합특별시 동구 제봉로184번길 5-8", "alt": "", "src": "store" }, "geometry": { "type": "Point", "coordinates": [ 126.917294, 35.153386 ] } },
{ "type": "Feature", "properties": { "name": "하이드어웨이", "cat": "음식", "sub": "서양식", "addr": "전남광주통합특별시 동구 동계천로 107", "alt": "", "src": "store" }, "geometry": { "type": "Point", "coordinates": [ 126.922388, 35.151172 ] } },
{ "type": "Feature", "properties": { "name": "하이드파크", "cat": "음식", "sub": "비알코올 ", "addr": "전남광주통합특별시 동구 동명로67번길 32-3", "alt": "", "src": "store" }, "geometry": { "type": "Point", "coordinates": [ 126.925821, 35.153536 ] } },
{ "type": "Feature", "properties": { "name": "하이디", "cat": "소매", "sub": "섬유·의복·신발 소매", "addr": "전남광주통합특별시 동구 구성로204번길 12", "alt": "", "src": "store" }, "geometry": { "type": "Point", "coordinates": [ 126.915505, 35.15279 ] } },
{ "type": "Feature", "properties": { "name": "하이스트리트", "cat": "음식", "sub": "동남아시아", "addr": "전남광주통합특별시 동구 동명로 7-3", "alt": "", "src": "store" }, "geometry": { "type": "Point", "coordinates": [ 126.922455, 35.150154 ] } },
{ "type": "Feature", "properties": { "name": "하이온요양병원", "cat": "보건의료", "sub": "병원", "addr": "전남광주통합특별시 동구 독립로 276", "alt": "", "src": "store" }, "geometry": { "type": "Point", "coordinates": [ 126.912276, 35.155312 ] } },
{ "type": "Feature", "properties": { "name": "하이퍼동계천로점", "cat": "소매", "sub": "종합 소매", "addr": "전남광주통합특별시 동구 동계천로 136", "alt": "", "src": "store" }, "geometry": { "type": "Point", "coordinates": [ 126.924354, 35.149245 ] } },
{ "type": "Feature", "properties": { "name": "하치스시", "cat": "음식", "sub": "일식", "addr": "전남광주통합특별시 동구 동명로 35", "alt": "", "src": "store" }, "geometry": { "type": "Point", "coordinates": [ 126.924451, 35.151904 ] } },
{ "type": "Feature", "properties": { "name": "하프커피익스프레스광주", "cat": "음식", "sub": "비알코올 ", "addr": "전남광주통합특별시 동구 제봉로 221-31", "alt": "", "src": "store" }, "geometry": { "type": "Point", "coordinates": [ 126.912881, 35.153978 ] } },
{ "type": "Feature", "properties": { "name": "한국별관", "cat": "음식", "sub": "한식", "addr": "전남광주통합특별시 동구 구성로 216", "alt": "", "src": "store" }, "geometry": { "type": "Point", "coordinates": [ 126.915833, 35.154368 ] } },
{ "type": "Feature", "properties": { "name": "한국스카우트광주", "cat": "소매", "sub": "섬유·의복·신발 소매", "addr": "전남광주통합특별시 동구 장동로 27", "alt": "", "src": "store" }, "geometry": { "type": "Point", "coordinates": [ 126.924838, 35.148172 ] } },
{ "type": "Feature", "properties": { "name": "한국스피치리더십교육원", "cat": "교육", "sub": "기타 교육", "addr": "전남광주통합특별시 동구 동명로 15", "alt": "", "src": "store" }, "geometry": { "type": "Point", "coordinates": [ 126.923058, 35.15056 ] } },
{ "type": "Feature", "properties": { "name": "한국실용음악심리협회", "cat": "교육", "sub": "기타 교육", "addr": "전남광주통합특별시 동구 동명로26번길 15-1", "alt": "", "src": "store" }, "geometry": { "type": "Point", "coordinates": [ 126.925384, 35.151129 ] } },
{ "type": "Feature", "properties": { "name": "한국영재에듀주", "cat": "교육", "sub": "일반 교육", "addr": "전남광주통합특별시 동구 동계천로 159-4", "alt": "", "src": "store" }, "geometry": { "type": "Point", "coordinates": [ 126.926736, 35.14939 ] } },
{ "type": "Feature", "properties": { "name": "한국전산", "cat": "소매", "sub": "가전·통신 소매", "addr": "전남광주통합특별시 동구 지산로 65", "alt": "", "src": "store" }, "geometry": { "type": "Point", "coordinates": [ 126.932914, 35.14952 ] } },
{ "type": "Feature", "properties": { "name": "한국지업사", "cat": "소매", "sub": "가구 소매", "addr": "전남광주통합특별시 동구 경양로 291-1", "alt": "", "src": "store" }, "geometry": { "type": "Point", "coordinates": [ 126.9212, 35.154543 ] } },
{ "type": "Feature", "properties": { "name": "한국토지부동산", "cat": "부동산", "sub": "부동산 서비스", "addr": "전남광주통합특별시 동구 지산로 51", "alt": "", "src": "store" }, "geometry": { "type": "Point", "coordinates": [ 126.932509, 35.148393 ] } },
{ "type": "Feature", "properties": { "name": "한국피자헛", "cat": "음식", "sub": "기타 간이", "addr": "전남광주통합특별시 동구 중앙로 218", "alt": "", "src": "store" }, "geometry": { "type": "Point", "coordinates": [ 126.9178, 35.151872 ] } },
{ "type": "Feature", "properties": { "name": "한국학습연구소", "cat": "교육", "sub": "기타 교육", "addr": "전남광주통합특별시 동구 서석로 89", "alt": "", "src": "store" }, "geometry": { "type": "Point", "coordinates": [ 126.920974, 35.149792 ] } },
{ "type": "Feature", "properties": { "name": "한국화문교육촉진회", "cat": "교육", "sub": "기타 교육", "addr": "전남광주통합특별시 북구 독립로 271", "alt": "", "src": "store" }, "geometry": { "type": "Point", "coordinates": [ 126.911683, 35.155383 ] } },
{ "type": "Feature", "properties": { "name": "한금식당", "cat": "음식", "sub": "한식", "addr": "전남광주통합특별시 동구 독립로264번길 12", "alt": "", "src": "store" }, "geometry": { "type": "Point", "coordinates": [ 126.91208, 35.153824 ] } },
{ "type": "Feature", "properties": { "name": "한날한식", "cat": "음식", "sub": "한식", "addr": "전남광주통합특별시 동구 동계천로 151-20", "alt": "", "src": "store" }, "geometry": { "type": "Point", "coordinates": [ 126.926352, 35.149273 ] } },
{ "type": "Feature", "properties": { "name": "한돈조", "cat": "소매", "sub": "식료품 소매", "addr": "전남광주통합특별시 동구 구성로 206-2", "alt": "", "src": "store" }, "geometry": { "type": "Point", "coordinates": [ 126.915054, 35.153745 ] } },
{ "type": "Feature", "properties": { "name": "한라장식", "cat": "소매", "sub": "섬유·의복·신발 소매", "addr": "전남광주통합특별시 동구 제봉로194번길 15-1", "alt": "", "src": "store" }, "geometry": { "type": "Point", "coordinates": [ 126.917018, 35.154477 ] } },
{ "type": "Feature", "properties": { "name": "한마음공인중개사", "cat": "부동산", "sub": "부동산 서비스", "addr": "전남광주통합특별시 동구 중앙로 258", "alt": "", "src": "store" }, "geometry": { "type": "Point", "coordinates": [ 126.920881, 35.154669 ] } },
{ "type": "Feature", "properties": { "name": "한마음쉼터", "cat": "음식", "sub": "비알코올 ", "addr": "전남광주통합특별시 동구 구성로 195-2", "alt": "", "src": "store" }, "geometry": { "type": "Point", "coordinates": [ 126.914078, 35.153267 ] } },
{ "type": "Feature", "properties": { "name": "한미전자", "cat": "소매", "sub": "안경·정밀기기 소매", "addr": "전남광주통합특별시 동구 제봉로213번길 12-1", "alt": "", "src": "store" }, "geometry": { "type": "Point", "coordinates": [ 126.913221, 35.15387 ] } },
{ "type": "Feature", "properties": { "name": "한밭1공인중개사사무소", "cat": "부동산", "sub": "부동산 서비스", "addr": "전남광주통합특별시 동구 준법로 5", "alt": "", "src": "store" }, "geometry": { "type": "Point", "coordinates": [ 126.933682, 35.149593 ] } },
{ "type": "Feature", "properties": { "name": "한밭Ⅱ공인중개사사무소", "cat": "부동산", "sub": "부동산 서비스", "addr": "전남광주통합특별시 동구 준법로 5", "alt": "", "src": "store" }, "geometry": { "type": "Point", "coordinates": [ 126.933682, 35.149593 ] } },
{ "type": "Feature", "properties": { "name": "한살림광주소비자생활협동조합동구매장", "cat": "소매", "sub": "종합 소매", "addr": "전남광주통합특별시 동구 동명로20번길 43-5", "alt": "", "src": "store" }, "geometry": { "type": "Point", "coordinates": [ 126.927876, 35.150319 ] } },
{ "type": "Feature", "properties": { "name": "한석기", "cat": "소매", "sub": "섬유·의복·신발 소매", "addr": "전남광주통합특별시 동구 필문대로 287", "alt": "", "src": "store" }, "geometry": { "type": "Point", "coordinates": [ 126.927145, 35.145812 ] } },
{ "type": "Feature", "properties": { "name": "한성각여관", "cat": "숙박", "sub": "일반 숙박", "addr": "전남광주통합특별시 동구 동계천로43번길 13", "alt": "", "src": "store" }, "geometry": { "type": "Point", "coordinates": [ 126.917697, 35.155712 ] } },
{ "type": "Feature", "properties": { "name": "한성건축", "cat": "부동산", "sub": "부동산 서비스", "addr": "전남광주통합특별시 동구 동명로 16", "alt": "", "src": "store" }, "geometry": { "type": "Point", "coordinates": [ 126.923541, 35.150488 ] } },
{ "type": "Feature", "properties": { "name": "한성공인중개사사무소", "cat": "부동산", "sub": "부동산 서비스", "addr": "전남광주통합특별시 동구 동명로 16", "alt": "", "src": "store" }, "geometry": { "type": "Point", "coordinates": [ 126.923541, 35.150488 ] } },
{ "type": "Feature", "properties": { "name": "한성여관", "cat": "숙박", "sub": "일반 숙박", "addr": "전남광주통합특별시 동구 제봉로212번길 4", "alt": "", "src": "store" }, "geometry": { "type": "Point", "coordinates": [ 126.915394, 35.154764 ] } },
{ "type": "Feature", "properties": { "name": "한솔CCTV통신", "cat": "소매", "sub": "가전·통신 소매", "addr": "전남광주통합특별시 동구 독립로264번길 25", "alt": "", "src": "store" }, "geometry": { "type": "Point", "coordinates": [ 126.913661, 35.153456 ] } },
{ "type": "Feature", "properties": { "name": "한솜네일", "cat": "수리·개인", "sub": "이용·미용", "addr": "전남광주통합특별시 동구 동명로 39", "alt": "", "src": "store" }, "geometry": { "type": "Point", "coordinates": [ 126.924966, 35.152003 ] } },
{ "type": "Feature", "properties": { "name": "한식경", "cat": "음식", "sub": "서양식", "addr": "전남광주통합특별시 동구 동명로25번길 6-1", "alt": "", "src": "store" }, "geometry": { "type": "Point", "coordinates": [ 126.923112, 35.151669 ] } },
{ "type": "Feature", "properties": { "name": "한신양행", "cat": "소매", "sub": "섬유·의복·신발 소매", "addr": "전남광주통합특별시 동구 구성로 228-1", "alt": "", "src": "store" }, "geometry": { "type": "Point", "coordinates": [ 126.916677, 35.155216 ] } },
{ "type": "Feature", "properties": { "name": "한아름공인중개사사무소", "cat": "부동산", "sub": "부동산 서비스", "addr": "전남광주통합특별시 동구 제봉로200번길 1-7", "alt": "", "src": "store" }, "geometry": { "type": "Point", "coordinates": [ 126.915603, 35.154223 ] } },
{ "type": "Feature", "properties": { "name": "한양에프엔비조선속초코다리냉면광주점", "cat": "음식", "sub": "한식", "addr": "전남광주통합특별시 동구 독립로 268", "alt": "", "src": "store" }, "geometry": { "type": "Point", "coordinates": [ 126.912178, 35.154555 ] } },
{ "type": "Feature", "properties": { "name": "한울이미용실", "cat": "수리·개인", "sub": "이용·미용", "addr": "전남광주통합특별시 동구 동명로67번길 17", "alt": "", "src": "store" }, "geometry": { "type": "Point", "coordinates": [ 126.926788, 35.152347 ] } },
{ "type": "Feature", "properties": { "name": "한일상회패션", "cat": "소매", "sub": "섬유·의복·신발 소매", "addr": "전남광주통합특별시 동구 제봉로 182", "alt": "", "src": "store" }, "geometry": { "type": "Point", "coordinates": [ 126.917305, 35.152891 ] } },
{ "type": "Feature", "properties": { "name": "한일식품", "cat": "소매", "sub": "식료품 소매", "addr": "전남광주통합특별시 동구 제봉로184번길 9-2", "alt": "", "src": "store" }, "geometry": { "type": "Point", "coordinates": [ 126.91782, 35.153576 ] } },
{ "type": "Feature", "properties": { "name": "한잔해", "cat": "음식", "sub": "한식", "addr": "전남광주통합특별시 동구 제봉로222번길 9", "alt": "", "src": "store" }, "geometry": { "type": "Point", "coordinates": [ 126.914163, 35.155647 ] } },
{ "type": "Feature", "properties": { "name": "할매추어탕", "cat": "음식", "sub": "한식", "addr": "전남광주통합특별시 동구 구성로 198", "alt": "", "src": "store" }, "geometry": { "type": "Point", "coordinates": [ 126.91432, 35.153087 ] } },
{ "type": "Feature", "properties": { "name": "할수있다", "cat": "교육", "sub": "교육 지원", "addr": "전남광주통합특별시 동구 필문대로263번길 11-8", "alt": "", "src": "store" }, "geometry": { "type": "Point", "coordinates": [ 126.929711, 35.147625 ] } },
{ "type": "Feature", "properties": { "name": "함평닭집", "cat": "소매", "sub": "식료품 소매", "addr": "전남광주통합특별시 동구 제봉로194번길 15", "alt": "", "src": "store" }, "geometry": { "type": "Point", "coordinates": [ 126.917117, 35.154414 ] } },
{ "type": "Feature", "properties": { "name": "합동상회", "cat": "소매", "sub": "섬유·의복·신발 소매", "addr": "전남광주통합특별시 동구 동계천로 52", "alt": "", "src": "store" }, "geometry": { "type": "Point", "coordinates": [ 126.917567, 35.154297 ] } },
{ "type": "Feature", "properties": { "name": "해;가빛", "cat": "소매", "sub": "섬유·의복·신발 소매", "addr": "전남광주통합특별시 동구 구성로 194-1", "alt": "", "src": "store" }, "geometry": { "type": "Point", "coordinates": [ 126.914155, 35.152943 ] } },
{ "type": "Feature", "properties": { "name": "해남식당", "cat": "음식", "sub": "한식", "addr": "전남광주통합특별시 동구 제봉로200번길 10", "alt": "", "src": "store" }, "geometry": { "type": "Point", "coordinates": [ 126.916821, 35.154468 ] } },
{ "type": "Feature", "properties": { "name": "해남일번지", "cat": "음식", "sub": "한식", "addr": "전남광주통합특별시 동구 동계천로 59-4", "alt": "", "src": "store" }, "geometry": { "type": "Point", "coordinates": [ 126.918467, 35.154009 ] } },
{ "type": "Feature", "properties": { "name": "해남통신", "cat": "소매", "sub": "가전·통신 소매", "addr": "전남광주통합특별시 동구 제봉로200번길 10", "alt": "", "src": "store" }, "geometry": { "type": "Point", "coordinates": [ 126.916821, 35.154468 ] } },
{ "type": "Feature", "properties": { "name": "해뜨는식당", "cat": "음식", "sub": "한식", "addr": "전남광주통합특별시 동구 제봉로190번길 7-1", "alt": "", "src": "store" }, "geometry": { "type": "Point", "coordinates": [ 126.917436, 35.154026 ] } },
{ "type": "Feature", "properties": { "name": "해뜰법률사무소", "cat": "과학·기술", "sub": "법무관련 ", "addr": "전남광주통합특별시 동구 동명로 110", "alt": "", "src": "store" }, "geometry": { "type": "Point", "coordinates": [ 126.932595, 35.150394 ] } },
{ "type": "Feature", "properties": { "name": "해선정", "cat": "음식", "sub": "한식", "addr": "전남광주통합특별시 동구 제봉로222번길 6-4", "alt": "", "src": "store" }, "geometry": { "type": "Point", "coordinates": [ 126.914087, 35.155124 ] } },
{ "type": "Feature", "properties": { "name": "해송식품", "cat": "소매", "sub": "식료품 소매", "addr": "전남광주통합특별시 동구 필문대로206번길 6-3", "alt": "", "src": "store" }, "geometry": { "type": "Point", "coordinates": [ 126.930091, 35.152809 ] } },
{ "type": "Feature", "properties": { "name": "해수", "cat": "음식", "sub": "한식", "addr": "전남광주통합특별시 동구 장동로 37", "alt": "", "src": "store" }, "geometry": { "type": "Point", "coordinates": [ 126.92598, 35.147722 ] } },
{ "type": "Feature", "properties": { "name": "해수작업실", "cat": "과학·기술", "sub": "전문 디자인", "addr": "전남광주통합특별시 동구 필문대로253번길 6-7", "alt": "", "src": "store" }, "geometry": { "type": "Point", "coordinates": [ 126.929425, 35.148031 ] } },
{ "type": "Feature", "properties": { "name": "해오름약국", "cat": "소매", "sub": "의약·화장품 소매", "addr": "전남광주통합특별시 동구 밤실로 26-1", "alt": "", "src": "store" }, "geometry": { "type": "Point", "coordinates": [ 126.93715, 35.150027 ] } },
{ "type": "Feature", "properties": { "name": "해와달", "cat": "음식", "sub": "한식", "addr": "전남광주통합특별시 동구 필문대로 212", "alt": "", "src": "store" }, "geometry": { "type": "Point", "coordinates": [ 126.930519, 35.15207 ] } },
{ "type": "Feature", "properties": { "name": "해적선", "cat": "음식", "sub": "한식", "addr": "전남광주통합특별시 동구 장동로 7", "alt": "", "src": "store" }, "geometry": { "type": "Point", "coordinates": [ 126.923114, 35.149118 ] } },
{ "type": "Feature", "properties": { "name": "해태종합전자", "cat": "소매", "sub": "가전·통신 소매", "addr": "전남광주통합특별시 동구 독립로264번길 25", "alt": "", "src": "store" }, "geometry": { "type": "Point", "coordinates": [ 126.913661, 35.153456 ] } },
{ "type": "Feature", "properties": { "name": "햇살이드는집;산수정", "cat": "숙박", "sub": "일반 숙박", "addr": "전남광주통합특별시 동구 경양로321번길 2-2", "alt": "", "src": "store" }, "geometry": { "type": "Point", "coordinates": [ 126.92424, 35.154256 ] } },
{ "type": "Feature", "properties": { "name": "행복사진관", "cat": "과학·기술", "sub": "사진 촬영", "addr": "전남광주통합특별시 동구 서석로85번길 8-13", "alt": "", "src": "store" }, "geometry": { "type": "Point", "coordinates": [ 126.920578, 35.150324 ] } },
{ "type": "Feature", "properties": { "name": "행복식당", "cat": "음식", "sub": "한식", "addr": "전남광주통합특별시 동구 밤실로 45", "alt": "", "src": "store" }, "geometry": { "type": "Point", "coordinates": [ 126.93649, 35.151658 ] } },
{ "type": "Feature", "properties": { "name": "행복이용원", "cat": "수리·개인", "sub": "이용·미용", "addr": "전남광주통합특별시 동구 지산로 55-2", "alt": "", "src": "store" }, "geometry": { "type": "Point", "coordinates": [ 126.93275, 35.148835 ] } },
{ "type": "Feature", "properties": { "name": "행복한공인중개사사무소", "cat": "부동산", "sub": "부동산 서비스", "addr": "전남광주통합특별시 동구 구성로 236", "alt": "", "src": "store" }, "geometry": { "type": "Point", "coordinates": [ 126.917149, 35.15564 ] } },
{ "type": "Feature", "properties": { "name": "행복한나눔", "cat": "부동산", "sub": "부동산 서비스", "addr": "전남광주통합특별시 동구 동계천로 34", "alt": "", "src": "store" }, "geometry": { "type": "Point", "coordinates": [ 126.915766, 35.155098 ] } },
{ "type": "Feature", "properties": { "name": "행복한슈퍼", "cat": "소매", "sub": "종합 소매", "addr": "전남광주통합특별시 동구 독립로264번길 12", "alt": "", "src": "store" }, "geometry": { "type": "Point", "coordinates": [ 126.91208, 35.153824 ] } },
{ "type": "Feature", "properties": { "name": "행운공인중개사사무소", "cat": "부동산", "sub": "부동산 서비스", "addr": "전남광주통합특별시 동구 동명로67번길 38", "alt": "", "src": "store" }, "geometry": { "type": "Point", "coordinates": [ 126.925272, 35.153635 ] } },
{ "type": "Feature", "properties": { "name": "행정사김장식사무소", "cat": "과학·기술", "sub": "법무관련 ", "addr": "전남광주통합특별시 동구 제봉로 168", "alt": "", "src": "store" }, "geometry": { "type": "Point", "coordinates": [ 126.91859, 35.152008 ] } },
{ "type": "Feature", "properties": { "name": "행정사김종기사무소", "cat": "과학·기술", "sub": "법무관련 ", "addr": "전남광주통합특별시 동구 지산로 81", "alt": "", "src": "store" }, "geometry": { "type": "Point", "coordinates": [ 126.932979, 35.15098 ] } },
{ "type": "Feature", "properties": { "name": "행정사박종선사무소", "cat": "과학·기술", "sub": "법무관련 ", "addr": "전남광주통합특별시 동구 동계천로 89", "alt": "", "src": "store" }, "geometry": { "type": "Point", "coordinates": [ 126.920851, 35.152136 ] } },
{ "type": "Feature", "properties": { "name": "행정사，이혼전문법무사나창국사무소", "cat": "과학·기술", "sub": "법무관련 ", "addr": "전남광주통합특별시 동구 지산로78번길 1", "alt": "", "src": "store" }, "geometry": { "type": "Point", "coordinates": [ 126.933253, 35.150836 ] } },
{ "type": "Feature", "properties": { "name": "허브뜨레종교육문화원", "cat": "소매", "sub": "의약·화장품 소매", "addr": "전남광주통합특별시 동구 동계천로 126", "alt": "", "src": "store" }, "geometry": { "type": "Point", "coordinates": [ 126.923443, 35.149839 ] } },
{ "type": "Feature", "properties": { "name": "헤리티지홈", "cat": "숙박", "sub": "일반 숙박", "addr": "전남광주통합특별시 동구 백서로224번길 8-1", "alt": "", "src": "store" }, "geometry": { "type": "Point", "coordinates": [ 126.927615, 35.147868 ] } },
{ "type": "Feature", "properties": { "name": "헤이키커피", "cat": "음식", "sub": "비알코올 ", "addr": "전남광주통합특별시 동구 제봉로 221-25", "alt": "", "src": "store" }, "geometry": { "type": "Point", "coordinates": [ 126.913013, 35.154195 ] } },
{ "type": "Feature", "properties": { "name": "헤이키커피광주", "cat": "음식", "sub": "비알코올 ", "addr": "전남광주통합특별시 동구 필문대로205번길 21", "alt": "", "src": "store" }, "geometry": { "type": "Point", "coordinates": [ 126.933351, 35.152071 ] } },
{ "type": "Feature", "properties": { "name": "현갤러리", "cat": "소매", "sub": "장식품 소매", "addr": "전남광주통합특별시 동구 동계천로43번길 5", "alt": "", "src": "store" }, "geometry": { "type": "Point", "coordinates": [ 126.91727, 35.155216 ] } },
{ "type": "Feature", "properties": { "name": "현곤인테리어", "cat": "과학·기술", "sub": "전문 디자인", "addr": "전남광주통합특별시 동구 동계천로 143-34", "alt": "", "src": "store" }, "geometry": { "type": "Point", "coordinates": [ 126.925583, 35.149705 ] } },
{ "type": "Feature", "properties": { "name": "현대고시원", "cat": "숙박", "sub": "기타 숙박", "addr": "전남광주통합특별시 동구 필문대로 259", "alt": "", "src": "store" }, "geometry": { "type": "Point", "coordinates": [ 126.928646, 35.147949 ] } },
{ "type": "Feature", "properties": { "name": "현대그린푸드광주검찰청", "cat": "음식", "sub": "구내식당·뷔페", "addr": "전남광주통합특별시 동구 준법로 7-12", "alt": "", "src": "store" }, "geometry": { "type": "Point", "coordinates": [ 126.934043, 35.150566 ] } },
{ "type": "Feature", "properties": { "name": "현대기획", "cat": "과학·기술", "sub": "인쇄·제품제작", "addr": "전남광주통합특별시 동구 동명로 54", "alt": "", "src": "store" }, "geometry": { "type": "Point", "coordinates": [ 126.926306, 35.151211 ] } },
{ "type": "Feature", "properties": { "name": "현대슈퍼", "cat": "소매", "sub": "종합 소매", "addr": "전남광주통합특별시 동구 중앙로 255", "alt": "", "src": "store" }, "geometry": { "type": "Point", "coordinates": [ 126.920256, 35.154569 ] } },
{ "type": "Feature", "properties": { "name": "현대스피커", "cat": "수리·개인", "sub": "가전제품 수리", "addr": "전남광주통합특별시 동구 제봉로213번길 14-1", "alt": "", "src": "store" }, "geometry": { "type": "Point", "coordinates": [ 126.913101, 35.153789 ] } },
{ "type": "Feature", "properties": { "name": "현대정보", "cat": "소매", "sub": "가전·통신 소매", "addr": "전남광주통합특별시 동구 중앙로 253", "alt": "", "src": "store" }, "geometry": { "type": "Point", "coordinates": [ 126.920278, 35.154488 ] } },
{ "type": "Feature", "properties": { "name": "현대통신", "cat": "소매", "sub": "식료품 소매", "addr": "전남광주통합특별시 동구 구성로 236-1", "alt": "", "src": "store" }, "geometry": { "type": "Point", "coordinates": [ 126.917236, 35.15573 ] } },
{ "type": "Feature", "properties": { "name": "현대편의마트", "cat": "소매", "sub": "종합 소매", "addr": "전남광주통합특별시 동구 필문대로 241", "alt": "", "src": "store" }, "geometry": { "type": "Point", "coordinates": [ 126.929512, 35.149284 ] } },
{ "type": "Feature", "properties": { "name": "현모양처", "cat": "수리·개인", "sub": "기타 가정용품 수리", "addr": "전남광주통합특별시 동구 동계로12번길 13", "alt": "", "src": "store" }, "geometry": { "type": "Point", "coordinates": [ 126.925558, 35.153094 ] } },
{ "type": "Feature", "properties": { "name": "현미용실", "cat": "수리·개인", "sub": "이용·미용", "addr": "전남광주통합특별시 동구 밤실로 50", "alt": "", "src": "store" }, "geometry": { "type": "Point", "coordinates": [ 126.936577, 35.152082 ] } },
{ "type": "Feature", "properties": { "name": "협동조합산수다락", "cat": "교육", "sub": "기타 교육", "addr": "전남광주통합특별시 동구 동명로67번길 22-47", "alt": "", "src": "store" }, "geometry": { "type": "Point", "coordinates": [ 126.926622, 35.153519 ] } },
{ "type": "Feature", "properties": { "name": "형아네생갈비", "cat": "음식", "sub": "한식", "addr": "전남광주통합특별시 동구 필문대로 242-7", "alt": "", "src": "store" }, "geometry": { "type": "Point", "coordinates": [ 126.9287, 35.149572 ] } },
{ "type": "Feature", "properties": { "name": "호남가전랜드", "cat": "소매", "sub": "가전·통신 소매", "addr": "전남광주통합특별시 동구 독립로264번길 25", "alt": "", "src": "store" }, "geometry": { "type": "Point", "coordinates": [ 126.913661, 35.153456 ] } },
{ "type": "Feature", "properties": { "name": "호남공인중개사사무소", "cat": "부동산", "sub": "부동산 서비스", "addr": "전남광주통합특별시 동구 지호로 74-3", "alt": "", "src": "store" }, "geometry": { "type": "Point", "coordinates": [ 126.937141, 35.147575 ] } },
{ "type": "Feature", "properties": { "name": "호랭이타바코", "cat": "소매", "sub": "담배 소매", "addr": "전남광주통합특별시 동구 중앙로 251", "alt": "", "src": "store" }, "geometry": { "type": "Point", "coordinates": [ 126.920168, 35.154317 ] } },
{ "type": "Feature", "properties": { "name": "호르몬치치", "cat": "음식", "sub": "한식", "addr": "전남광주통합특별시 동구 장동로 7", "alt": "", "src": "store" }, "geometry": { "type": "Point", "coordinates": [ 126.923114, 35.149118 ] } },
{ "type": "Feature", "properties": { "name": "호바오", "cat": "음식", "sub": "동남아시아", "addr": "전남광주통합특별시 동구 동계천로 180", "alt": "", "src": "store" }, "geometry": { "type": "Point", "coordinates": [ 126.92881, 35.149211 ] } },
{ "type": "Feature", "properties": { "name": "호반공인중개사사무소", "cat": "부동산", "sub": "부동산 서비스", "addr": "전남광주통합특별시 동구 동계천로 32", "alt": "", "src": "store" }, "geometry": { "type": "Point", "coordinates": [ 126.91558, 35.155224 ] } },
{ "type": "Feature", "properties": { "name": "호수목욕탕", "cat": "수리·개인", "sub": "욕탕·신체관리", "addr": "전남광주통합특별시 동구 구성로194번길 7-1", "alt": "", "src": "store" }, "geometry": { "type": "Point", "coordinates": [ 126.914715, 35.152763 ] } },
{ "type": "Feature", "properties": { "name": "호시정", "cat": "음식", "sub": "서양식", "addr": "전남광주통합특별시 동구 동계천로 137-9", "alt": "", "src": "store" }, "geometry": { "type": "Point", "coordinates": [ 126.924848, 35.14975 ] } },
{ "type": "Feature", "properties": { "name": "호안비엔", "cat": "음식", "sub": "한식", "addr": "전남광주통합특별시 동구 장동로 19", "alt": "", "src": "store" }, "geometry": { "type": "Point", "coordinates": [ 126.924026, 35.148469 ] } },
{ "type": "Feature", "properties": { "name": "호영엑스알", "cat": "과학·기술", "sub": "전문 디자인", "addr": "전남광주통합특별시 동구 제봉로 197", "alt": "", "src": "store" }, "geometry": { "type": "Point", "coordinates": [ 126.915658, 35.153367 ] } },
{ "type": "Feature", "properties": { "name": "호이애운", "cat": "음식", "sub": "비알코올 ", "addr": "전남광주통합특별시 동구 동계로 1", "alt": "", "src": "store" }, "geometry": { "type": "Point", "coordinates": [ 126.923957, 35.152021 ] } },
{ "type": "Feature", "properties": { "name": "호재(호재소사)", "cat": "음식", "sub": "한식", "addr": "전남광주통합특별시 동구 동명로67번길 22-49", "alt": "", "src": "store" }, "geometry": { "type": "Point", "coordinates": [ 126.926611, 35.153582 ] } },
{ "type": "Feature", "properties": { "name": "호프포차", "cat": "음식", "sub": "주점", "addr": "전남광주통합특별시 동구 제봉로212번길 2-8", "alt": "", "src": "store" }, "geometry": { "type": "Point", "coordinates": [ 126.915306, 35.154404 ] } },
{ "type": "Feature", "properties": { "name": "호호브라더스", "cat": "과학·기술", "sub": "본사·경영 컨설팅", "addr": "전남광주통합특별시 동구 동명로 59", "alt": "", "src": "store" }, "geometry": { "type": "Point", "coordinates": [ 126.927096, 35.151392 ] } },
{ "type": "Feature", "properties": { "name": "홀덤PC", "cat": "예술·스포츠", "sub": "유원지·오락", "addr": "전남광주통합특별시 동구 제봉로 219", "alt": "", "src": "store" }, "geometry": { "type": "Point", "coordinates": [ 126.913824, 35.154601 ] } },
{ "type": "Feature", "properties": { "name": "홍도", "cat": "음식", "sub": "한식", "addr": "전남광주통합특별시 동구 동계천로 64", "alt": "", "src": "store" }, "geometry": { "type": "Point", "coordinates": [ 126.918578, 35.153504 ] } },
{ "type": "Feature", "properties": { "name": "홍빈당", "cat": "음식", "sub": "한식", "addr": "전남광주통합특별시 동구 동명로 6", "alt": "", "src": "store" }, "geometry": { "type": "Point", "coordinates": [ 126.922697, 35.149748 ] } },
{ "type": "Feature", "properties": { "name": "홍스페이스", "cat": "소매", "sub": "가구 소매", "addr": "전남광주통합특별시 동구 동명로 3", "alt": "", "src": "store" }, "geometry": { "type": "Point", "coordinates": [ 126.922236, 35.149865 ] } },
{ "type": "Feature", "properties": { "name": "화경동산점", "cat": "음식", "sub": "중식", "addr": "전남광주통합특별시 동구 동명로69번길 6", "alt": "", "src": "store" }, "geometry": { "type": "Point", "coordinates": [ 126.928138, 35.151564 ] } },
{ "type": "Feature", "properties": { "name": "화사해", "cat": "소매", "sub": "식물 소매", "addr": "전남광주통합특별시 동구 장동로 23-30", "alt": "", "src": "store" }, "geometry": { "type": "Point", "coordinates": [ 126.924431, 35.149191 ] } },
{ "type": "Feature", "properties": { "name": "화성전자", "cat": "소매", "sub": "가전·통신 소매", "addr": "전남광주통합특별시 동구 독립로264번길 25", "alt": "", "src": "store" }, "geometry": { "type": "Point", "coordinates": [ 126.913661, 35.153456 ] } },
{ "type": "Feature", "properties": { "name": "화승솔루션", "cat": "시설관리·임대", "sub": "청소·방제", "addr": "전남광주통합특별시 동구 필문대로 217-19", "alt": "", "src": "store" }, "geometry": { "type": "Point", "coordinates": [ 126.931222, 35.151232 ] } },
{ "type": "Feature", "properties": { "name": "화신침구", "cat": "소매", "sub": "섬유·의복·신발 소매", "addr": "전남광주통합특별시 동구 동계천로 57", "alt": "", "src": "store" }, "geometry": { "type": "Point", "coordinates": [ 126.918182, 35.154108 ] } },
{ "type": "Feature", "properties": { "name": "화연플라워", "cat": "소매", "sub": "식물 소매", "addr": "전남광주통합특별시 동구 계림로 12", "alt": "", "src": "store" }, "geometry": { "type": "Point", "coordinates": [ 126.921869, 35.155057 ] } },
{ "type": "Feature", "properties": { "name": "화정상회", "cat": "소매", "sub": "식료품 소매", "addr": "전남광주통합특별시 동구 동계천로 57", "alt": "", "src": "store" }, "geometry": { "type": "Point", "coordinates": [ 126.918182, 35.154108 ] } },
{ "type": "Feature", "properties": { "name": "환영", "cat": "수리·개인", "sub": "이용·미용", "addr": "전남광주통합특별시 동구 동명로 73-2", "alt": "", "src": "store" }, "geometry": { "type": "Point", "coordinates": [ 126.928567, 35.151113 ] } },
{ "type": "Feature", "properties": { "name": "환영자동차공업사", "cat": "수리·개인", "sub": "자동차 수리·세차", "addr": "전남광주통합특별시 동구 경양로 366", "alt": "", "src": "store" }, "geometry": { "type": "Point", "coordinates": [ 126.929135, 35.153908 ] } },
{ "type": "Feature", "properties": { "name": "환타지아", "cat": "음식", "sub": "주점", "addr": "전남광주통합특별시 동구 동계천로6번길 16", "alt": "", "src": "store" }, "geometry": { "type": "Point", "coordinates": [ 126.913758, 35.155322 ] } },
{ "type": "Feature", "properties": { "name": "활인도활법건강센터", "cat": "보건의료", "sub": "기타 보건", "addr": "전남광주통합특별시 동구 제봉로194번길 5-8", "alt": "", "src": "store" }, "geometry": { "type": "Point", "coordinates": [ 126.916228, 35.154062 ] } },
{ "type": "Feature", "properties": { "name": "황금밥상", "cat": "음식", "sub": "한식", "addr": "전남광주통합특별시 동구 지산로85번길 2-1", "alt": "", "src": "store" }, "geometry": { "type": "Point", "coordinates": [ 126.932836, 35.151476 ] } },
{ "type": "Feature", "properties": { "name": "황금성", "cat": "음식", "sub": "중식", "addr": "전남광주통합특별시 동구 제봉로 175", "alt": "", "src": "store" }, "geometry": { "type": "Point", "coordinates": [ 126.917547, 35.152251 ] } },
{ "type": "Feature", "properties": { "name": "황금정보통신", "cat": "소매", "sub": "가전·통신 소매", "addr": "전남광주통합특별시 동구 지산로 85", "alt": "", "src": "store" }, "geometry": { "type": "Point", "coordinates": [ 126.932989, 35.151503 ] } },
{ "type": "Feature", "properties": { "name": "황소솥뚜껑구이", "cat": "음식", "sub": "한식", "addr": "전남광주통합특별시 동구 동명로 46", "alt": "", "src": "store" }, "geometry": { "type": "Point", "coordinates": [ 126.925461, 35.151436 ] } },
{ "type": "Feature", "properties": { "name": "황태촌", "cat": "음식", "sub": "한식", "addr": "전남광주통합특별시 동구 필문대로205번길 14", "alt": "", "src": "store" }, "geometry": { "type": "Point", "coordinates": [ 126.932517, 35.15199 ] } },
{ "type": "Feature", "properties": { "name": "황토길", "cat": "음식", "sub": "한식", "addr": "전남광주통합특별시 동구 동명로26번길 5-1", "alt": "", "src": "store" }, "geometry": { "type": "Point", "coordinates": [ 126.924385, 35.151381 ] } },
{ "type": "Feature", "properties": { "name": "황톳길", "cat": "음식", "sub": "한식", "addr": "전남광주통합특별시 동구 장동로 23-11", "alt": "", "src": "store" }, "geometry": { "type": "Point", "coordinates": [ 126.924399, 35.14847 ] } },
{ "type": "Feature", "properties": { "name": "회생당한약방", "cat": "소매", "sub": "식료품 소매", "addr": "전남광주통합특별시 동구 중앙로 228-1", "alt": "", "src": "store" }, "geometry": { "type": "Point", "coordinates": [ 126.918611, 35.152585 ] } },
{ "type": "Feature", "properties": { "name": "회포장포차", "cat": "음식", "sub": "한식", "addr": "전남광주통합특별시 동구 동계천로 37", "alt": "", "src": "store" }, "geometry": { "type": "Point", "coordinates": [ 126.916535, 35.155071 ] } },
{ "type": "Feature", "properties": { "name": "횟집아저씨", "cat": "음식", "sub": "한식", "addr": "전남광주통합특별시 동구 동계로 16", "alt": "", "src": "store" }, "geometry": { "type": "Point", "coordinates": [ 126.924603, 35.153094 ] } },
{ "type": "Feature", "properties": { "name": "효동", "cat": "소매", "sub": "종합 소매", "addr": "전남광주통합특별시 동구 밤실로30번길 4-3", "alt": "", "src": "store" }, "geometry": { "type": "Point", "coordinates": [ 126.937512, 35.149937 ] } },
{ "type": "Feature", "properties": { "name": "효성안경원", "cat": "소매", "sub": "안경·정밀기기 소매", "addr": "전남광주통합특별시 동구 구성로 228", "alt": "", "src": "store" }, "geometry": { "type": "Point", "coordinates": [ 126.9166, 35.155144 ] } },
{ "type": "Feature", "properties": { "name": "효은요양원컨설팅", "cat": "과학·기술", "sub": "본사·경영 컨설팅", "addr": "전남광주통합특별시 동구 동계천로 78", "alt": "", "src": "store" }, "geometry": { "type": "Point", "coordinates": [ 126.91961, 35.152685 ] } },
{ "type": "Feature", "properties": { "name": "후동이소금구이", "cat": "음식", "sub": "한식", "addr": "전남광주통합특별시 동구 동명로 15", "alt": "", "src": "store" }, "geometry": { "type": "Point", "coordinates": [ 126.923058, 35.15056 ] } },
{ "type": "Feature", "properties": { "name": "훈인테리어", "cat": "과학·기술", "sub": "전문 디자인", "addr": "전남광주통합특별시 동구 밤실로 2", "alt": "", "src": "store" }, "geometry": { "type": "Point", "coordinates": [ 126.937009, 35.147873 ] } },
{ "type": "Feature", "properties": { "name": "휘핑디에그", "cat": "음식", "sub": "기타 간이", "addr": "전남광주통합특별시 동구 제봉로 140", "alt": "", "src": "store" }, "geometry": { "type": "Point", "coordinates": [ 126.921072, 35.15045 ] } },
{ "type": "Feature", "properties": { "name": "휴대폰통신가전", "cat": "소매", "sub": "가전·통신 소매", "addr": "전남광주통합특별시 동구 지호로 2", "alt": "", "src": "store" }, "geometry": { "type": "Point", "coordinates": [ 126.929381, 35.149104 ] } },
{ "type": "Feature", "properties": { "name": "흐름", "cat": "음식", "sub": "주점", "addr": "전남광주통합특별시 동구 동계천로 84", "alt": "", "src": "store" }, "geometry": { "type": "Point", "coordinates": [ 126.920093, 35.152514 ] } },
{ "type": "Feature", "properties": { "name": "흑월", "cat": "음식", "sub": "한식", "addr": "전남광주통합특별시 동구 제봉로140번길 14", "alt": "", "src": "store" }, "geometry": { "type": "Point", "coordinates": [ 126.922037, 35.151037 ] } },
{ "type": "Feature", "properties": { "name": "희망카페", "cat": "음식", "sub": "비알코올 ", "addr": "전남광주통합특별시 동구 준법로 7-12", "alt": "", "src": "store" }, "geometry": { "type": "Point", "coordinates": [ 126.934043, 35.150566 ] } },
{ "type": "Feature", "properties": { "name": "희재가", "cat": "음식", "sub": "비알코올 ", "addr": "전남광주통합특별시 동구 동명로20번길 5", "alt": "", "src": "store" }, "geometry": { "type": "Point", "coordinates": [ 126.924188, 35.150849 ] } },
{ "type": "Feature", "properties": { "name": "희피희피", "cat": "음식", "sub": "한식", "addr": "전남광주통합특별시 동구 동명로 8-6", "alt": "", "src": "store" }, "geometry": { "type": "Point", "coordinates": [ 126.922796, 35.149676 ] } },
{ "type": "Feature", "properties": { "name": "힐", "cat": "소매", "sub": "종합 소매", "addr": "전남광주통합특별시 동구 동계천로 59-12", "alt": "", "src": "store" }, "geometry": { "type": "Point", "coordinates": [ 126.918291, 35.154216 ] } },
{ "type": "Feature", "properties": { "name": "힐링7080", "cat": "음식", "sub": "주점", "addr": "전남광주통합특별시 동구 구성로 213", "alt": "", "src": "store" }, "geometry": { "type": "Point", "coordinates": [ 126.91524, 35.154331 ] } },
{ "type": "Feature", "properties": { "name": "힐링엔젤스", "cat": "소매", "sub": "의약·화장품 소매", "addr": "전남광주통합특별시 동구 동계천로 74", "alt": "", "src": "store" }, "geometry": { "type": "Point", "coordinates": [ 126.91927, 35.152946 ] } },
{ "type": "Feature", "properties": { "name": "힐스", "cat": "소매", "sub": "식료품 소매", "addr": "전남광주통합특별시 동구 동계천로 57", "alt": "", "src": "store" }, "geometry": { "type": "Point", "coordinates": [ 126.918182, 35.154108 ] } },
{ "type": "Feature", "properties": { "name": "힘쎈드위치", "cat": "음식", "sub": "기타 간이", "addr": "전남광주통합특별시 동구 필문대로273번길 4", "alt": "", "src": "store" }, "geometry": { "type": "Point", "coordinates": [ 126.928033, 35.146624 ] } }
]
}
