{
"type": "FeatureCollection",
"name": "markers",
"crs": { "type": "name", "properties": { "name": "urn:ogc:def:crs:OGC:1.3:CRS84" } },
"xy_coordinate_resolution": 1e-06,
"features": [
{ "type": "Feature", "properties": { "kind": "center", "name": "동부소방서_광주-지산-119 안전센터", "sub": "출동 시작점", "addr": "광주광역시 동구 밤실로30번길 16(지산동)", "z": 47.4, "part": 0, "base": 0.0, "top": 15.0, "mcolor": "#ff4d3d" }, "geometry": { "type": "Polygon", "coordinates": [ [ [ 126.938597, 35.149963 ], [ 126.938592, 35.149984 ], [ 126.938578, 35.150002 ], [ 126.938557, 35.150013 ], [ 126.938531, 35.150017 ], [ 126.938506, 35.150013 ], [ 126.938485, 35.150002 ], [ 126.938471, 35.149984 ], [ 126.938466, 35.149963 ], [ 126.938471, 35.149943 ], [ 126.938485, 35.149925 ], [ 126.938506, 35.149913 ], [ 126.938532, 35.149909 ], [ 126.938557, 35.149913 ], [ 126.938578, 35.149925 ], [ 126.938592, 35.149943 ], [ 126.938597, 35.149963 ] ] ] } },
{ "type": "Feature", "properties": { "kind": "center", "name": "동부소방서_광주-지산-119 안전센터", "sub": "출동 시작점", "addr": "광주광역시 동구 밤실로30번길 16(지산동)", "z": 47.4, "part": 1, "base": 15.0, "top": 17.0, "mcolor": "#ff4d3d" }, "geometry": { "type": "Polygon", "coordinates": [ [ [ 126.938608, 35.149963 ], [ 126.938602, 35.149988 ], [ 126.938586, 35.150008 ], [ 126.938561, 35.150022 ], [ 126.938531, 35.150026 ], [ 126.938502, 35.150022 ], [ 126.938477, 35.150008 ], [ 126.938461, 35.149988 ], [ 126.938455, 35.149963 ], [ 126.938461, 35.149939 ], [ 126.938477, 35.149919 ], [ 126.938502, 35.149905 ], [ 126.938532, 35.1499 ], [ 126.938561, 35.149905 ], [ 126.938586, 35.149919 ], [ 126.938602, 35.149939 ], [ 126.938608, 35.149963 ] ] ] } },
{ "type": "Feature", "properties": { "kind": "center", "name": "동부소방서_광주-지산-119 안전센터", "sub": "출동 시작점", "addr": "광주광역시 동구 밤실로30번길 16(지산동)", "z": 47.4, "part": 2, "base": 17.0, "top": 23.0, "mcolor": "#ff968c" }, "geometry": { "type": "Polygon", "coordinates": [ [ [ 126.938545, 35.149963 ], [ 126.938544, 35.149968 ], [ 126.938541, 35.149971 ], [ 126.938537, 35.149973 ], [ 126.938531, 35.149974 ], [ 126.938526, 35.149973 ], [ 126.938522, 35.149971 ], [ 126.938519, 35.149968 ], [ 126.938518, 35.149963 ], [ 126.938519, 35.149959 ], [ 126.938522, 35.149956 ], [ 126.938526, 35.149953 ], [ 126.938532, 35.149953 ], [ 126.938537, 35.149953 ], [ 126.938541, 35.149956 ], [ 126.938544, 35.149959 ], [ 126.938545, 35.149963 ] ] ] } },
{ "type": "Feature", "properties": { "kind": "center", "name": "동부소방서_광주-대인-119 안전센터", "sub": "출동 시작점", "addr": "광주광역시 동구 제봉로 210(대인동)", "z": 8.2, "part": 0, "base": 0.0, "top": 15.0, "mcolor": "#ff4d3d" }, "geometry": { "type": "Polygon", "coordinates": [ [ [ 126.914831, 35.154579 ], [ 126.914826, 35.1546 ], [ 126.914812, 35.154618 ], [ 126.914791, 35.154629 ], [ 126.914765, 35.154633 ], [ 126.91474, 35.154629 ], [ 126.914719, 35.154618 ], [ 126.914705, 35.1546 ], [ 126.9147, 35.154579 ], [ 126.914705, 35.154559 ], [ 126.914719, 35.154541 ], [ 126.91474, 35.154529 ], [ 126.914765, 35.154525 ], [ 126.914791, 35.154529 ], [ 126.914812, 35.154541 ], [ 126.914826, 35.154559 ], [ 126.914831, 35.154579 ] ] ] } },
{ "type": "Feature", "properties": { "kind": "center", "name": "동부소방서_광주-대인-119 안전센터", "sub": "출동 시작점", "addr": "광주광역시 동구 제봉로 210(대인동)", "z": 8.2, "part": 1, "base": 15.0, "top": 17.0, "mcolor": "#ff4d3d" }, "geometry": { "type": "Polygon", "coordinates": [ [ [ 126.914842, 35.154579 ], [ 126.914836, 35.154604 ], [ 126.91482, 35.154624 ], [ 126.914795, 35.154638 ], [ 126.914765, 35.154642 ], [ 126.914736, 35.154638 ], [ 126.914711, 35.154624 ], [ 126.914694, 35.154603 ], [ 126.914689, 35.154579 ], [ 126.914694, 35.154555 ], [ 126.914711, 35.154535 ], [ 126.914736, 35.154521 ], [ 126.914765, 35.154516 ], [ 126.914795, 35.154521 ], [ 126.91482, 35.154535 ], [ 126.914836, 35.154555 ], [ 126.914842, 35.154579 ] ] ] } },
{ "type": "Feature", "properties": { "kind": "center", "name": "동부소방서_광주-대인-119 안전센터", "sub": "출동 시작점", "addr": "광주광역시 동구 제봉로 210(대인동)", "z": 8.2, "part": 2, "base": 17.0, "top": 23.0, "mcolor": "#ff968c" }, "geometry": { "type": "Polygon", "coordinates": [ [ [ 126.914779, 35.154579 ], [ 126.914778, 35.154584 ], [ 126.914775, 35.154587 ], [ 126.91477, 35.154589 ], [ 126.914765, 35.15459 ], [ 126.91476, 35.154589 ], [ 126.914756, 35.154587 ], [ 126.914753, 35.154584 ], [ 126.914752, 35.154579 ], [ 126.914753, 35.154575 ], [ 126.914756, 35.154572 ], [ 126.91476, 35.154569 ], [ 126.914765, 35.154569 ], [ 126.91477, 35.154569 ], [ 126.914775, 35.154572 ], [ 126.914778, 35.154575 ], [ 126.914779, 35.154579 ] ] ] } },
{ "type": "Feature", "properties": { "kind": "station", "name": "동부소방서", "sub": "관할 본서", "addr": "광주광역시 동구 제봉로 210(대인동)", "z": 8.2, "part": 0, "base": 0.0, "top": 18.0, "mcolor": "#ffb020" }, "geometry": { "type": "Polygon", "coordinates": [ [ [ 126.914842, 35.154579 ], [ 126.914836, 35.154604 ], [ 126.91482, 35.154624 ], [ 126.914795, 35.154638 ], [ 126.914765, 35.154642 ], [ 126.914736, 35.154638 ], [ 126.914711, 35.154624 ], [ 126.914694, 35.154603 ], [ 126.914689, 35.154579 ], [ 126.914694, 35.154555 ], [ 126.914711, 35.154535 ], [ 126.914736, 35.154521 ], [ 126.914765, 35.154516 ], [ 126.914795, 35.154521 ], [ 126.91482, 35.154535 ], [ 126.914836, 35.154555 ], [ 126.914842, 35.154579 ] ] ] } },
{ "type": "Feature", "properties": { "kind": "station", "name": "동부소방서", "sub": "관할 본서", "addr": "광주광역시 동구 제봉로 210(대인동)", "z": 8.2, "part": 1, "base": 18.0, "top": 20.0, "mcolor": "#ffb020" }, "geometry": { "type": "Polygon", "coordinates": [ [ [ 126.914853, 35.154579 ], [ 126.914846, 35.154607 ], [ 126.914827, 35.15463 ], [ 126.914799, 35.154646 ], [ 126.914765, 35.154652 ], [ 126.914732, 35.154646 ], [ 126.914703, 35.15463 ], [ 126.914684, 35.154607 ], [ 126.914678, 35.154579 ], [ 126.914684, 35.154552 ], [ 126.914703, 35.154528 ], [ 126.914732, 35.154513 ], [ 126.914765, 35.154507 ], [ 126.914799, 35.154513 ], [ 126.914828, 35.154528 ], [ 126.914847, 35.154552 ], [ 126.914853, 35.154579 ] ] ] } },
{ "type": "Feature", "properties": { "kind": "station", "name": "동부소방서", "sub": "관할 본서", "addr": "광주광역시 동구 제봉로 210(대인동)", "z": 8.2, "part": 2, "base": 20.0, "top": 27.0, "mcolor": "#ffd68c" }, "geometry": { "type": "Polygon", "coordinates": [ [ [ 126.914774, 35.154579 ], [ 126.914774, 35.154581 ], [ 126.914773, 35.154583 ], [ 126.914772, 35.154585 ], [ 126.91477, 35.154586 ], [ 126.914768, 35.154586 ], [ 126.914765, 35.154587 ], [ 126.914763, 35.154586 ], [ 126.914761, 35.154586 ], [ 126.914759, 35.154584 ], [ 126.914758, 35.154583 ], [ 126.914757, 35.154581 ], [ 126.914757, 35.154579 ], [ 126.914757, 35.154578 ], [ 126.914758, 35.154576 ], [ 126.914759, 35.154574 ], [ 126.914761, 35.154573 ], [ 126.914763, 35.154572 ], [ 126.914765, 35.154572 ], [ 126.914768, 35.154572 ], [ 126.91477, 35.154573 ], [ 126.914772, 35.154574 ], [ 126.914773, 35.154576 ], [ 126.914774, 35.154578 ], [ 126.914774, 35.154579 ] ] ] } },
{ "type": "Feature", "properties": { "kind": "hydrant", "name": "소화전 동부-지산-동부-31", "sub": "밤실로39번길 5 건물 우측", "addr": "광주광역시 동구 밤실로39번길 5", "z": 37.5, "part": 0, "base": 0.0, "top": 0.16, "mcolor": "#286e96" }, "geometry": { "type": "Polygon", "coordinates": [ [ [ 126.936177, 35.151093 ], [ 126.936177, 35.151094 ], [ 126.936176, 35.151094 ], [ 126.936176, 35.151095 ], [ 126.936175, 35.151095 ], [ 126.936174, 35.151096 ], [ 126.936173, 35.151096 ], [ 126.936172, 35.151096 ], [ 126.936171, 35.151095 ], [ 126.93617, 35.151095 ], [ 126.93617, 35.151094 ], [ 126.936169, 35.151094 ], [ 126.936169, 35.151093 ], [ 126.936169, 35.151092 ], [ 126.93617, 35.151091 ], [ 126.93617, 35.151091 ], [ 126.936171, 35.15109 ], [ 126.936172, 35.15109 ], [ 126.936173, 35.15109 ], [ 126.936174, 35.15109 ], [ 126.936175, 35.15109 ], [ 126.936176, 35.151091 ], [ 126.936176, 35.151091 ], [ 126.936177, 35.151092 ], [ 126.936177, 35.151093 ] ] ] } },
{ "type": "Feature", "properties": { "kind": "hydrant", "name": "소화전 동부-지산-동부-31", "sub": "밤실로39번길 5 건물 우측", "addr": "광주광역시 동구 밤실로39번길 5", "z": 37.5, "part": 1, "base": 0.16, "top": 1.26, "mcolor": "#4fc3f7" }, "geometry": { "type": "Polygon", "coordinates": [ [ [ 126.936175, 35.151093 ], [ 126.936175, 35.151093 ], [ 126.936175, 35.151094 ], [ 126.936175, 35.151094 ], [ 126.936174, 35.151094 ], [ 126.936174, 35.151094 ], [ 126.936173, 35.151095 ], [ 126.936172, 35.151094 ], [ 126.936172, 35.151094 ], [ 126.936171, 35.151094 ], [ 126.936171, 35.151094 ], [ 126.936171, 35.151093 ], [ 126.936171, 35.151093 ], [ 126.936171, 35.151092 ], [ 126.936171, 35.151092 ], [ 126.936171, 35.151091 ], [ 126.936172, 35.151091 ], [ 126.936172, 35.151091 ], [ 126.936173, 35.151091 ], [ 126.936174, 35.151091 ], [ 126.936174, 35.151091 ], [ 126.936175, 35.151091 ], [ 126.936175, 35.151092 ], [ 126.936175, 35.151092 ], [ 126.936175, 35.151093 ] ] ] } },
{ "type": "Feature", "properties": { "kind": "hydrant", "name": "소화전 동부-지산-동부-31", "sub": "밤실로39번길 5 건물 우측", "addr": "광주광역시 동구 밤실로39번길 5", "z": 37.5, "part": 2, "base": 1.26, "top": 1.4, "mcolor": "#286e96" }, "geometry": { "type": "Polygon", "coordinates": [ [ [ 126.936176, 35.151093 ], [ 126.936176, 35.151093 ], [ 126.936176, 35.151094 ], [ 126.936175, 35.151095 ], [ 126.936175, 35.151095 ], [ 126.936174, 35.151095 ], [ 126.936173, 35.151095 ], [ 126.936172, 35.151095 ], [ 126.936171, 35.151095 ], [ 126.936171, 35.151095 ], [ 126.93617, 35.151094 ], [ 126.93617, 35.151093 ], [ 126.93617, 35.151093 ], [ 126.93617, 35.151092 ], [ 126.93617, 35.151091 ], [ 126.936171, 35.151091 ], [ 126.936171, 35.15109 ], [ 126.936172, 35.15109 ], [ 126.936173, 35.15109 ], [ 126.936174, 35.15109 ], [ 126.936175, 35.15109 ], [ 126.936175, 35.151091 ], [ 126.936176, 35.151091 ], [ 126.936176, 35.151092 ], [ 126.936176, 35.151093 ] ] ] } },
{ "type": "Feature", "properties": { "kind": "hydrant", "name": "소화전 동부-지산-동부-31", "sub": "밤실로39번길 5 건물 우측", "addr": "광주광역시 동구 밤실로39번길 5", "z": 37.5, "part": 3, "base": 1.4, "top": 1.8, "mcolor": "#8cdcff" }, "geometry": { "type": "Polygon", "coordinates": [ [ [ 126.936175, 35.151093 ], [ 126.936175, 35.151093 ], [ 126.936174, 35.151093 ], [ 126.936174, 35.151094 ], [ 126.936174, 35.151094 ], [ 126.936173, 35.151094 ], [ 126.936173, 35.151094 ], [ 126.936173, 35.151094 ], [ 126.936172, 35.151094 ], [ 126.936172, 35.151094 ], [ 126.936172, 35.151093 ], [ 126.936171, 35.151093 ], [ 126.936171, 35.151093 ], [ 126.936171, 35.151092 ], [ 126.936172, 35.151092 ], [ 126.936172, 35.151092 ], [ 126.936172, 35.151092 ], [ 126.936173, 35.151091 ], [ 126.936173, 35.151091 ], [ 126.936173, 35.151091 ], [ 126.936174, 35.151092 ], [ 126.936174, 35.151092 ], [ 126.936174, 35.151092 ], [ 126.936175, 35.151092 ], [ 126.936175, 35.151093 ] ] ] } },
{ "type": "Feature", "properties": { "kind": "hydrant", "name": "소화전 동부-지산-동부-20", "sub": "살레시오여고 후문", "addr": "광주광역시 동구 필문대로 263번길 15", "z": 27.2, "part": 0, "base": 0.0, "top": 0.16, "mcolor": "#286e96" }, "geometry": { "type": "Polygon", "coordinates": [ [ [ 126.930024, 35.147515 ], [ 126.930024, 35.147516 ], [ 126.930024, 35.147516 ], [ 126.930023, 35.147517 ], [ 126.930022, 35.147517 ], [ 126.930021, 35.147518 ], [ 126.93002, 35.147518 ], [ 126.930019, 35.147518 ], [ 126.930018, 35.147517 ], [ 126.930018, 35.147517 ], [ 126.930017, 35.147516 ], [ 126.930017, 35.147516 ], [ 126.930017, 35.147515 ], [ 126.930017, 35.147514 ], [ 126.930017, 35.147513 ], [ 126.930018, 35.147513 ], [ 126.930018, 35.147512 ], [ 126.930019, 35.147512 ], [ 126.93002, 35.147512 ], [ 126.930021, 35.147512 ], [ 126.930022, 35.147512 ], [ 126.930023, 35.147513 ], [ 126.930024, 35.147513 ], [ 126.930024, 35.147514 ], [ 126.930024, 35.147515 ] ] ] } },
{ "type": "Feature", "properties": { "kind": "hydrant", "name": "소화전 동부-지산-동부-20", "sub": "살레시오여고 후문", "addr": "광주광역시 동구 필문대로 263번길 15", "z": 27.2, "part": 1, "base": 0.16, "top": 1.26, "mcolor": "#4fc3f7" }, "geometry": { "type": "Polygon", "coordinates": [ [ [ 126.930023, 35.147515 ], [ 126.930022, 35.147515 ], [ 126.930022, 35.147516 ], [ 126.930022, 35.147516 ], [ 126.930021, 35.147516 ], [ 126.930021, 35.147517 ], [ 126.93002, 35.147517 ], [ 126.93002, 35.147517 ], [ 126.930019, 35.147516 ], [ 126.930019, 35.147516 ], [ 126.930018, 35.147516 ], [ 126.930018, 35.147515 ], [ 126.930018, 35.147515 ], [ 126.930018, 35.147514 ], [ 126.930018, 35.147514 ], [ 126.930019, 35.147514 ], [ 126.930019, 35.147513 ], [ 126.93002, 35.147513 ], [ 126.93002, 35.147513 ], [ 126.930021, 35.147513 ], [ 126.930021, 35.147513 ], [ 126.930022, 35.147514 ], [ 126.930022, 35.147514 ], [ 126.930022, 35.147514 ], [ 126.930023, 35.147515 ] ] ] } },
{ "type": "Feature", "properties": { "kind": "hydrant", "name": "소화전 동부-지산-동부-20", "sub": "살레시오여고 후문", "addr": "광주광역시 동구 필문대로 263번길 15", "z": 27.2, "part": 2, "base": 1.26, "top": 1.4, "mcolor": "#286e96" }, "geometry": { "type": "Polygon", "coordinates": [ [ [ 126.930024, 35.147515 ], [ 126.930024, 35.147515 ], [ 126.930023, 35.147516 ], [ 126.930023, 35.147517 ], [ 126.930022, 35.147517 ], [ 126.930021, 35.147517 ], [ 126.93002, 35.147518 ], [ 126.930019, 35.147517 ], [ 126.930019, 35.147517 ], [ 126.930018, 35.147517 ], [ 126.930017, 35.147516 ], [ 126.930017, 35.147515 ], [ 126.930017, 35.147515 ], [ 126.930017, 35.147514 ], [ 126.930017, 35.147513 ], [ 126.930018, 35.147513 ], [ 126.930019, 35.147512 ], [ 126.930019, 35.147512 ], [ 126.93002, 35.147512 ], [ 126.930021, 35.147512 ], [ 126.930022, 35.147512 ], [ 126.930023, 35.147513 ], [ 126.930023, 35.147513 ], [ 126.930024, 35.147514 ], [ 126.930024, 35.147515 ] ] ] } },
{ "type": "Feature", "properties": { "kind": "hydrant", "name": "소화전 동부-지산-동부-20", "sub": "살레시오여고 후문", "addr": "광주광역시 동구 필문대로 263번길 15", "z": 27.2, "part": 3, "base": 1.4, "top": 1.8, "mcolor": "#8cdcff" }, "geometry": { "type": "Polygon", "coordinates": [ [ [ 126.930022, 35.147515 ], [ 126.930022, 35.147515 ], [ 126.930022, 35.147515 ], [ 126.930021, 35.147516 ], [ 126.930021, 35.147516 ], [ 126.930021, 35.147516 ], [ 126.93002, 35.147516 ], [ 126.93002, 35.147516 ], [ 126.93002, 35.147516 ], [ 126.930019, 35.147516 ], [ 126.930019, 35.147515 ], [ 126.930019, 35.147515 ], [ 126.930019, 35.147515 ], [ 126.930019, 35.147514 ], [ 126.930019, 35.147514 ], [ 126.930019, 35.147514 ], [ 126.93002, 35.147514 ], [ 126.93002, 35.147513 ], [ 126.93002, 35.147513 ], [ 126.930021, 35.147513 ], [ 126.930021, 35.147514 ], [ 126.930022, 35.147514 ], [ 126.930022, 35.147514 ], [ 126.930022, 35.147514 ], [ 126.930022, 35.147515 ] ] ] } },
{ "type": "Feature", "properties": { "kind": "hydrant", "name": "소화전 동부-지산-동부-25", "sub": "nan", "addr": "광주광역시 동구 동계로 13번길 18-2", "z": 11.4, "part": 0, "base": 0.0, "top": 0.16, "mcolor": "#286e96" }, "geometry": { "type": "Polygon", "coordinates": [ [ [ 126.922551, 35.153442 ], [ 126.92255, 35.153443 ], [ 126.92255, 35.153443 ], [ 126.92255, 35.153444 ], [ 126.922549, 35.153444 ], [ 126.922548, 35.153445 ], [ 126.922547, 35.153445 ], [ 126.922546, 35.153445 ], [ 126.922545, 35.153444 ], [ 126.922544, 35.153444 ], [ 126.922544, 35.153443 ], [ 126.922543, 35.153443 ], [ 126.922543, 35.153442 ], [ 126.922543, 35.153441 ], [ 126.922544, 35.15344 ], [ 126.922544, 35.15344 ], [ 126.922545, 35.153439 ], [ 126.922546, 35.153439 ], [ 126.922547, 35.153439 ], [ 126.922548, 35.153439 ], [ 126.922549, 35.153439 ], [ 126.92255, 35.15344 ], [ 126.92255, 35.15344 ], [ 126.92255, 35.153441 ], [ 126.922551, 35.153442 ] ] ] } },
{ "type": "Feature", "properties": { "kind": "hydrant", "name": "소화전 동부-지산-동부-25", "sub": "nan", "addr": "광주광역시 동구 동계로 13번길 18-2", "z": 11.4, "part": 1, "base": 0.16, "top": 1.26, "mcolor": "#4fc3f7" }, "geometry": { "type": "Polygon", "coordinates": [ [ [ 126.922549, 35.153442 ], [ 126.922549, 35.153442 ], [ 126.922549, 35.153443 ], [ 126.922548, 35.153443 ], [ 126.922548, 35.153443 ], [ 126.922547, 35.153443 ], [ 126.922547, 35.153444 ], [ 126.922546, 35.153443 ], [ 126.922546, 35.153443 ], [ 126.922545, 35.153443 ], [ 126.922545, 35.153443 ], [ 126.922545, 35.153442 ], [ 126.922545, 35.153442 ], [ 126.922545, 35.153441 ], [ 126.922545, 35.153441 ], [ 126.922545, 35.15344 ], [ 126.922546, 35.15344 ], [ 126.922546, 35.15344 ], [ 126.922547, 35.15344 ], [ 126.922547, 35.15344 ], [ 126.922548, 35.15344 ], [ 126.922548, 35.15344 ], [ 126.922549, 35.153441 ], [ 126.922549, 35.153441 ], [ 126.922549, 35.153442 ] ] ] } },
{ "type": "Feature", "properties": { "kind": "hydrant", "name": "소화전 동부-지산-동부-25", "sub": "nan", "addr": "광주광역시 동구 동계로 13번길 18-2", "z": 11.4, "part": 2, "base": 1.26, "top": 1.4, "mcolor": "#286e96" }, "geometry": { "type": "Polygon", "coordinates": [ [ [ 126.92255, 35.153442 ], [ 126.92255, 35.153442 ], [ 126.92255, 35.153443 ], [ 126.922549, 35.153444 ], [ 126.922549, 35.153444 ], [ 126.922548, 35.153444 ], [ 126.922547, 35.153444 ], [ 126.922546, 35.153444 ], [ 126.922545, 35.153444 ], [ 126.922545, 35.153444 ], [ 126.922544, 35.153443 ], [ 126.922544, 35.153442 ], [ 126.922544, 35.153442 ], [ 126.922544, 35.153441 ], [ 126.922544, 35.15344 ], [ 126.922545, 35.15344 ], [ 126.922545, 35.153439 ], [ 126.922546, 35.153439 ], [ 126.922547, 35.153439 ], [ 126.922548, 35.153439 ], [ 126.922549, 35.153439 ], [ 126.922549, 35.15344 ], [ 126.92255, 35.15344 ], [ 126.92255, 35.153441 ], [ 126.92255, 35.153442 ] ] ] } },
{ "type": "Feature", "properties": { "kind": "hydrant", "name": "소화전 동부-지산-동부-25", "sub": "nan", "addr": "광주광역시 동구 동계로 13번길 18-2", "z": 11.4, "part": 3, "base": 1.4, "top": 1.8, "mcolor": "#8cdcff" }, "geometry": { "type": "Polygon", "coordinates": [ [ [ 126.922549, 35.153442 ], [ 126.922548, 35.153442 ], [ 126.922548, 35.153442 ], [ 126.922548, 35.153443 ], [ 126.922548, 35.153443 ], [ 126.922547, 35.153443 ], [ 126.922547, 35.153443 ], [ 126.922546, 35.153443 ], [ 126.922546, 35.153443 ], [ 126.922546, 35.153443 ], [ 126.922545, 35.153442 ], [ 126.922545, 35.153442 ], [ 126.922545, 35.153442 ], [ 126.922545, 35.153441 ], [ 126.922545, 35.153441 ], [ 126.922546, 35.153441 ], [ 126.922546, 35.153441 ], [ 126.922546, 35.15344 ], [ 126.922547, 35.15344 ], [ 126.922547, 35.15344 ], [ 126.922548, 35.153441 ], [ 126.922548, 35.153441 ], [ 126.922548, 35.153441 ], [ 126.922548, 35.153441 ], [ 126.922549, 35.153442 ] ] ] } },
{ "type": "Feature", "properties": { "kind": "hydrant", "name": "소화전 동부-대인-동부-23", "sub": "광주창호 옆", "addr": "광주광역시 동구 경양로 305", "z": 12.9, "part": 0, "base": 0.0, "top": 0.16, "mcolor": "#286e96" }, "geometry": { "type": "Polygon", "coordinates": [ [ [ 126.922823, 35.154612 ], [ 126.922823, 35.154613 ], [ 126.922822, 35.154614 ], [ 126.922822, 35.154614 ], [ 126.922821, 35.154615 ], [ 126.92282, 35.154615 ], [ 126.922819, 35.154615 ], [ 126.922818, 35.154615 ], [ 126.922817, 35.154615 ], [ 126.922816, 35.154614 ], [ 126.922816, 35.154614 ], [ 126.922815, 35.154613 ], [ 126.922815, 35.154612 ], [ 126.922815, 35.154611 ], [ 126.922816, 35.154611 ], [ 126.922816, 35.15461 ], [ 126.922817, 35.15461 ], [ 126.922818, 35.154609 ], [ 126.922819, 35.154609 ], [ 126.92282, 35.154609 ], [ 126.922821, 35.15461 ], [ 126.922822, 35.15461 ], [ 126.922822, 35.154611 ], [ 126.922823, 35.154611 ], [ 126.922823, 35.154612 ] ] ] } },
{ "type": "Feature", "properties": { "kind": "hydrant", "name": "소화전 동부-대인-동부-23", "sub": "광주창호 옆", "addr": "광주광역시 동구 경양로 305", "z": 12.9, "part": 1, "base": 0.16, "top": 1.26, "mcolor": "#4fc3f7" }, "geometry": { "type": "Polygon", "coordinates": [ [ [ 126.922821, 35.154612 ], [ 126.922821, 35.154613 ], [ 126.922821, 35.154613 ], [ 126.922821, 35.154613 ], [ 126.92282, 35.154614 ], [ 126.92282, 35.154614 ], [ 126.922819, 35.154614 ], [ 126.922818, 35.154614 ], [ 126.922818, 35.154614 ], [ 126.922817, 35.154613 ], [ 126.922817, 35.154613 ], [ 126.922817, 35.154613 ], [ 126.922817, 35.154612 ], [ 126.922817, 35.154612 ], [ 126.922817, 35.154611 ], [ 126.922817, 35.154611 ], [ 126.922818, 35.154611 ], [ 126.922818, 35.15461 ], [ 126.922819, 35.15461 ], [ 126.92282, 35.15461 ], [ 126.92282, 35.154611 ], [ 126.922821, 35.154611 ], [ 126.922821, 35.154611 ], [ 126.922821, 35.154612 ], [ 126.922821, 35.154612 ] ] ] } },
{ "type": "Feature", "properties": { "kind": "hydrant", "name": "소화전 동부-대인-동부-23", "sub": "광주창호 옆", "addr": "광주광역시 동구 경양로 305", "z": 12.9, "part": 2, "base": 1.26, "top": 1.4, "mcolor": "#286e96" }, "geometry": { "type": "Polygon", "coordinates": [ [ [ 126.922822, 35.154612 ], [ 126.922822, 35.154613 ], [ 126.922822, 35.154614 ], [ 126.922821, 35.154614 ], [ 126.922821, 35.154615 ], [ 126.92282, 35.154615 ], [ 126.922819, 35.154615 ], [ 126.922818, 35.154615 ], [ 126.922817, 35.154615 ], [ 126.922817, 35.154614 ], [ 126.922816, 35.154614 ], [ 126.922816, 35.154613 ], [ 126.922816, 35.154612 ], [ 126.922816, 35.154611 ], [ 126.922816, 35.154611 ], [ 126.922817, 35.15461 ], [ 126.922817, 35.15461 ], [ 126.922818, 35.15461 ], [ 126.922819, 35.154609 ], [ 126.92282, 35.15461 ], [ 126.922821, 35.15461 ], [ 126.922821, 35.15461 ], [ 126.922822, 35.154611 ], [ 126.922822, 35.154611 ], [ 126.922822, 35.154612 ] ] ] } },
{ "type": "Feature", "properties": { "kind": "hydrant", "name": "소화전 동부-대인-동부-23", "sub": "광주창호 옆", "addr": "광주광역시 동구 경양로 305", "z": 12.9, "part": 3, "base": 1.4, "top": 1.8, "mcolor": "#8cdcff" }, "geometry": { "type": "Polygon", "coordinates": [ [ [ 126.922821, 35.154613 ], [ 126.922821, 35.154612 ], [ 126.92282, 35.154611 ], [ 126.922819, 35.154611 ], [ 126.922818, 35.154611 ], [ 126.922817, 35.154612 ], [ 126.922817, 35.154613 ], [ 126.922818, 35.154613 ], [ 126.922819, 35.154613 ], [ 126.92282, 35.154613 ], [ 126.922821, 35.154613 ] ] ] } },
{ "type": "Feature", "properties": { "kind": "hydrant", "name": "소화전 동부-대인-동부-22", "sub": "만년쌀상회 앞", "addr": "광주광역시 동구 필문대로192번길 24", "z": 19.8, "part": 0, "base": 0.0, "top": 0.16, "mcolor": "#286e96" }, "geometry": { "type": "Polygon", "coordinates": [ [ [ 126.928865, 35.153517 ], [ 126.928865, 35.153518 ], [ 126.928865, 35.153518 ], [ 126.928864, 35.153519 ], [ 126.928863, 35.15352 ], [ 126.928862, 35.15352 ], [ 126.928861, 35.15352 ], [ 126.92886, 35.15352 ], [ 126.92886, 35.15352 ], [ 126.928859, 35.153519 ], [ 126.928858, 35.153518 ], [ 126.928858, 35.153518 ], [ 126.928858, 35.153517 ], [ 126.928858, 35.153516 ], [ 126.928858, 35.153515 ], [ 126.928859, 35.153515 ], [ 126.92886, 35.153514 ], [ 126.92886, 35.153514 ], [ 126.928861, 35.153514 ], [ 126.928862, 35.153514 ], [ 126.928863, 35.153514 ], [ 126.928864, 35.153515 ], [ 126.928865, 35.153515 ], [ 126.928865, 35.153516 ], [ 126.928865, 35.153517 ] ] ] } },
{ "type": "Feature", "properties": { "kind": "hydrant", "name": "소화전 동부-대인-동부-22", "sub": "만년쌀상회 앞", "addr": "광주광역시 동구 필문대로192번길 24", "z": 19.8, "part": 1, "base": 0.16, "top": 1.26, "mcolor": "#4fc3f7" }, "geometry": { "type": "Polygon", "coordinates": [ [ [ 126.928864, 35.153517 ], [ 126.928864, 35.153517 ], [ 126.928863, 35.153518 ], [ 126.928863, 35.153518 ], [ 126.928863, 35.153518 ], [ 126.928862, 35.153519 ], [ 126.928861, 35.153519 ], [ 126.928861, 35.153519 ], [ 126.92886, 35.153518 ], [ 126.92886, 35.153518 ], [ 126.92886, 35.153518 ], [ 126.928859, 35.153517 ], [ 126.928859, 35.153517 ], [ 126.928859, 35.153516 ], [ 126.92886, 35.153516 ], [ 126.92886, 35.153516 ], [ 126.92886, 35.153515 ], [ 126.928861, 35.153515 ], [ 126.928861, 35.153515 ], [ 126.928862, 35.153515 ], [ 126.928863, 35.153515 ], [ 126.928863, 35.153516 ], [ 126.928863, 35.153516 ], [ 126.928864, 35.153516 ], [ 126.928864, 35.153517 ] ] ] } },
{ "type": "Feature", "properties": { "kind": "hydrant", "name": "소화전 동부-대인-동부-22", "sub": "만년쌀상회 앞", "addr": "광주광역시 동구 필문대로192번길 24", "z": 19.8, "part": 2, "base": 1.26, "top": 1.4, "mcolor": "#286e96" }, "geometry": { "type": "Polygon", "coordinates": [ [ [ 126.928865, 35.153517 ], [ 126.928865, 35.153518 ], [ 126.928864, 35.153518 ], [ 126.928864, 35.153519 ], [ 126.928863, 35.153519 ], [ 126.928862, 35.15352 ], [ 126.928861, 35.15352 ], [ 126.928861, 35.15352 ], [ 126.92886, 35.153519 ], [ 126.928859, 35.153519 ], [ 126.928859, 35.153518 ], [ 126.928858, 35.153518 ], [ 126.928858, 35.153517 ], [ 126.928858, 35.153516 ], [ 126.928859, 35.153516 ], [ 126.928859, 35.153515 ], [ 126.92886, 35.153515 ], [ 126.928861, 35.153514 ], [ 126.928861, 35.153514 ], [ 126.928862, 35.153514 ], [ 126.928863, 35.153515 ], [ 126.928864, 35.153515 ], [ 126.928864, 35.153516 ], [ 126.928865, 35.153516 ], [ 126.928865, 35.153517 ] ] ] } },
{ "type": "Feature", "properties": { "kind": "hydrant", "name": "소화전 동부-대인-동부-22", "sub": "만년쌀상회 앞", "addr": "광주광역시 동구 필문대로192번길 24", "z": 19.8, "part": 3, "base": 1.4, "top": 1.8, "mcolor": "#8cdcff" }, "geometry": { "type": "Polygon", "coordinates": [ [ [ 126.928863, 35.153517 ], [ 126.928863, 35.153517 ], [ 126.928863, 35.153518 ], [ 126.928863, 35.153518 ], [ 126.928862, 35.153518 ], [ 126.928862, 35.153518 ], [ 126.928861, 35.153518 ], [ 126.928861, 35.153518 ], [ 126.928861, 35.153518 ], [ 126.92886, 35.153518 ], [ 126.92886, 35.153518 ], [ 126.92886, 35.153517 ], [ 126.92886, 35.153517 ], [ 126.92886, 35.153517 ], [ 126.92886, 35.153516 ], [ 126.92886, 35.153516 ], [ 126.928861, 35.153516 ], [ 126.928861, 35.153516 ], [ 126.928861, 35.153516 ], [ 126.928862, 35.153516 ], [ 126.928862, 35.153516 ], [ 126.928863, 35.153516 ], [ 126.928863, 35.153516 ], [ 126.928863, 35.153517 ], [ 126.928863, 35.153517 ] ] ] } },
{ "type": "Feature", "properties": { "kind": "hydrant", "name": "소화전 동부-대인-대인-비상26호", "sub": "대인시장 만선홍어 앞", "addr": "광주광역시 동구 제봉로 178번길 11", "z": 9.1, "part": 0, "base": 0.0, "top": 0.16, "mcolor": "#286e96" }, "geometry": { "type": "Polygon", "coordinates": [ [ [ 126.918323, 35.15342 ], [ 126.918323, 35.153421 ], [ 126.918323, 35.153422 ], [ 126.918322, 35.153422 ], [ 126.918321, 35.153423 ], [ 126.91832, 35.153423 ], [ 126.918319, 35.153423 ], [ 126.918319, 35.153423 ], [ 126.918318, 35.153423 ], [ 126.918317, 35.153422 ], [ 126.918316, 35.153422 ], [ 126.918316, 35.153421 ], [ 126.918316, 35.15342 ], [ 126.918316, 35.153419 ], [ 126.918316, 35.153419 ], [ 126.918317, 35.153418 ], [ 126.918318, 35.153417 ], [ 126.918319, 35.153417 ], [ 126.91832, 35.153417 ], [ 126.91832, 35.153417 ], [ 126.918321, 35.153417 ], [ 126.918322, 35.153418 ], [ 126.918323, 35.153419 ], [ 126.918323, 35.153419 ], [ 126.918323, 35.15342 ] ] ] } },
{ "type": "Feature", "properties": { "kind": "hydrant", "name": "소화전 동부-대인-대인-비상26호", "sub": "대인시장 만선홍어 앞", "addr": "광주광역시 동구 제봉로 178번길 11", "z": 9.1, "part": 1, "base": 0.16, "top": 1.26, "mcolor": "#4fc3f7" }, "geometry": { "type": "Polygon", "coordinates": [ [ [ 126.918322, 35.15342 ], [ 126.918322, 35.153421 ], [ 126.918321, 35.153421 ], [ 126.918321, 35.153421 ], [ 126.918321, 35.153422 ], [ 126.91832, 35.153422 ], [ 126.918319, 35.153422 ], [ 126.918319, 35.153422 ], [ 126.918318, 35.153422 ], [ 126.918318, 35.153421 ], [ 126.918318, 35.153421 ], [ 126.918317, 35.153421 ], [ 126.918317, 35.15342 ], [ 126.918317, 35.15342 ], [ 126.918318, 35.153419 ], [ 126.918318, 35.153419 ], [ 126.918318, 35.153418 ], [ 126.918319, 35.153418 ], [ 126.91832, 35.153418 ], [ 126.91832, 35.153418 ], [ 126.918321, 35.153418 ], [ 126.918321, 35.153419 ], [ 126.918321, 35.153419 ], [ 126.918322, 35.15342 ], [ 126.918322, 35.15342 ] ] ] } },
{ "type": "Feature", "properties": { "kind": "hydrant", "name": "소화전 동부-대인-대인-비상26호", "sub": "대인시장 만선홍어 앞", "addr": "광주광역시 동구 제봉로 178번길 11", "z": 9.1, "part": 2, "base": 1.26, "top": 1.4, "mcolor": "#286e96" }, "geometry": { "type": "Polygon", "coordinates": [ [ [ 126.918323, 35.15342 ], [ 126.918323, 35.153421 ], [ 126.918322, 35.153421 ], [ 126.918322, 35.153422 ], [ 126.918321, 35.153422 ], [ 126.91832, 35.153423 ], [ 126.918319, 35.153423 ], [ 126.918319, 35.153423 ], [ 126.918318, 35.153422 ], [ 126.918317, 35.153422 ], [ 126.918317, 35.153421 ], [ 126.918316, 35.153421 ], [ 126.918316, 35.15342 ], [ 126.918316, 35.153419 ], [ 126.918317, 35.153419 ], [ 126.918317, 35.153418 ], [ 126.918318, 35.153418 ], [ 126.918319, 35.153417 ], [ 126.91832, 35.153417 ], [ 126.91832, 35.153417 ], [ 126.918321, 35.153418 ], [ 126.918322, 35.153418 ], [ 126.918322, 35.153419 ], [ 126.918323, 35.153419 ], [ 126.918323, 35.15342 ] ] ] } },
{ "type": "Feature", "properties": { "kind": "hydrant", "name": "소화전 동부-대인-대인-비상26호", "sub": "대인시장 만선홍어 앞", "addr": "광주광역시 동구 제봉로 178번길 11", "z": 9.1, "part": 3, "base": 1.4, "top": 1.8, "mcolor": "#8cdcff" }, "geometry": { "type": "Polygon", "coordinates": [ [ [ 126.918321, 35.15342 ], [ 126.918321, 35.15342 ], [ 126.918321, 35.153421 ], [ 126.918321, 35.153421 ], [ 126.91832, 35.153421 ], [ 126.91832, 35.153421 ], [ 126.918319, 35.153421 ], [ 126.918319, 35.153421 ], [ 126.918319, 35.153421 ], [ 126.918318, 35.153421 ], [ 126.918318, 35.153421 ], [ 126.918318, 35.15342 ], [ 126.918318, 35.15342 ], [ 126.918318, 35.15342 ], [ 126.918318, 35.153419 ], [ 126.918318, 35.153419 ], [ 126.918319, 35.153419 ], [ 126.918319, 35.153419 ], [ 126.91832, 35.153419 ], [ 126.91832, 35.153419 ], [ 126.91832, 35.153419 ], [ 126.918321, 35.153419 ], [ 126.918321, 35.153419 ], [ 126.918321, 35.15342 ], [ 126.918321, 35.15342 ] ] ] } },
{ "type": "Feature", "properties": { "kind": "hydrant", "name": "소화전 동부-대인-대인-비상13호", "sub": "순창상회(대인시장) 맞은편", "addr": "광주광역시 동구 제봉로190번길 7-1", "z": 8.8, "part": 0, "base": 0.0, "top": 0.16, "mcolor": "#286e96" }, "geometry": { "type": "Polygon", "coordinates": [ [ [ 126.917485, 35.154027 ], [ 126.917485, 35.154028 ], [ 126.917484, 35.154029 ], [ 126.917484, 35.154029 ], [ 126.917483, 35.15403 ], [ 126.917482, 35.15403 ], [ 126.917481, 35.15403 ], [ 126.91748, 35.15403 ], [ 126.917479, 35.15403 ], [ 126.917478, 35.154029 ], [ 126.917478, 35.154029 ], [ 126.917477, 35.154028 ], [ 126.917477, 35.154027 ], [ 126.917477, 35.154026 ], [ 126.917478, 35.154026 ], [ 126.917478, 35.154025 ], [ 126.917479, 35.154024 ], [ 126.91748, 35.154024 ], [ 126.917481, 35.154024 ], [ 126.917482, 35.154024 ], [ 126.917483, 35.154024 ], [ 126.917484, 35.154025 ], [ 126.917484, 35.154026 ], [ 126.917485, 35.154026 ], [ 126.917485, 35.154027 ] ] ] } },
{ "type": "Feature", "properties": { "kind": "hydrant", "name": "소화전 동부-대인-대인-비상13호", "sub": "순창상회(대인시장) 맞은편", "addr": "광주광역시 동구 제봉로190번길 7-1", "z": 8.8, "part": 1, "base": 0.16, "top": 1.26, "mcolor": "#4fc3f7" }, "geometry": { "type": "Polygon", "coordinates": [ [ [ 126.917483, 35.154027 ], [ 126.917483, 35.154028 ], [ 126.917483, 35.154028 ], [ 126.917483, 35.154028 ], [ 126.917482, 35.154029 ], [ 126.917482, 35.154029 ], [ 126.917481, 35.154029 ], [ 126.91748, 35.154029 ], [ 126.91748, 35.154029 ], [ 126.917479, 35.154028 ], [ 126.917479, 35.154028 ], [ 126.917479, 35.154028 ], [ 126.917479, 35.154027 ], [ 126.917479, 35.154027 ], [ 126.917479, 35.154026 ], [ 126.917479, 35.154026 ], [ 126.91748, 35.154026 ], [ 126.91748, 35.154025 ], [ 126.917481, 35.154025 ], [ 126.917482, 35.154025 ], [ 126.917482, 35.154026 ], [ 126.917483, 35.154026 ], [ 126.917483, 35.154026 ], [ 126.917483, 35.154027 ], [ 126.917483, 35.154027 ] ] ] } },
{ "type": "Feature", "properties": { "kind": "hydrant", "name": "소화전 동부-대인-대인-비상13호", "sub": "순창상회(대인시장) 맞은편", "addr": "광주광역시 동구 제봉로190번길 7-1", "z": 8.8, "part": 2, "base": 1.26, "top": 1.4, "mcolor": "#286e96" }, "geometry": { "type": "Polygon", "coordinates": [ [ [ 126.917484, 35.154027 ], [ 126.917484, 35.154028 ], [ 126.917484, 35.154028 ], [ 126.917483, 35.154029 ], [ 126.917483, 35.154029 ], [ 126.917482, 35.15403 ], [ 126.917481, 35.15403 ], [ 126.91748, 35.15403 ], [ 126.917479, 35.154029 ], [ 126.917479, 35.154029 ], [ 126.917478, 35.154028 ], [ 126.917478, 35.154028 ], [ 126.917478, 35.154027 ], [ 126.917478, 35.154026 ], [ 126.917478, 35.154026 ], [ 126.917479, 35.154025 ], [ 126.917479, 35.154025 ], [ 126.91748, 35.154025 ], [ 126.917481, 35.154024 ], [ 126.917482, 35.154025 ], [ 126.917483, 35.154025 ], [ 126.917483, 35.154025 ], [ 126.917484, 35.154026 ], [ 126.917484, 35.154026 ], [ 126.917484, 35.154027 ] ] ] } },
{ "type": "Feature", "properties": { "kind": "hydrant", "name": "소화전 동부-대인-대인-비상13호", "sub": "순창상회(대인시장) 맞은편", "addr": "광주광역시 동구 제봉로190번길 7-1", "z": 8.8, "part": 3, "base": 1.4, "top": 1.8, "mcolor": "#8cdcff" }, "geometry": { "type": "Polygon", "coordinates": [ [ [ 126.917483, 35.154027 ], [ 126.917483, 35.154027 ], [ 126.917482, 35.154028 ], [ 126.917482, 35.154028 ], [ 126.917482, 35.154028 ], [ 126.917481, 35.154028 ], [ 126.917481, 35.154028 ], [ 126.917481, 35.154028 ], [ 126.91748, 35.154028 ], [ 126.91748, 35.154028 ], [ 126.91748, 35.154028 ], [ 126.917479, 35.154027 ], [ 126.917479, 35.154027 ], [ 126.917479, 35.154027 ], [ 126.91748, 35.154026 ], [ 126.91748, 35.154026 ], [ 126.91748, 35.154026 ], [ 126.917481, 35.154026 ], [ 126.917481, 35.154026 ], [ 126.917481, 35.154026 ], [ 126.917482, 35.154026 ], [ 126.917482, 35.154026 ], [ 126.917482, 35.154026 ], [ 126.917483, 35.154027 ], [ 126.917483, 35.154027 ] ] ] } },
{ "type": "Feature", "properties": { "kind": "hydrant", "name": "소화전 동부-대인-대인-비상12호", "sub": "대인시장 공영주차장 앞", "addr": "광주광역시 동구 제봉로194번길 9", "z": 8.9, "part": 0, "base": 0.0, "top": 0.16, "mcolor": "#286e96" }, "geometry": { "type": "Polygon", "coordinates": [ [ [ 126.916854, 35.154169 ], [ 126.916854, 35.154169 ], [ 126.916854, 35.15417 ], [ 126.916853, 35.154171 ], [ 126.916852, 35.154171 ], [ 126.916851, 35.154172 ], [ 126.91685, 35.154172 ], [ 126.916849, 35.154172 ], [ 126.916849, 35.154171 ], [ 126.916848, 35.154171 ], [ 126.916847, 35.15417 ], [ 126.916847, 35.154169 ], [ 126.916847, 35.154169 ], [ 126.916847, 35.154168 ], [ 126.916847, 35.154167 ], [ 126.916848, 35.154167 ], [ 126.916849, 35.154166 ], [ 126.916849, 35.154166 ], [ 126.91685, 35.154166 ], [ 126.916851, 35.154166 ], [ 126.916852, 35.154166 ], [ 126.916853, 35.154167 ], [ 126.916854, 35.154167 ], [ 126.916854, 35.154168 ], [ 126.916854, 35.154169 ] ] ] } },
{ "type": "Feature", "properties": { "kind": "hydrant", "name": "소화전 동부-대인-대인-비상12호", "sub": "대인시장 공영주차장 앞", "addr": "광주광역시 동구 제봉로194번길 9", "z": 8.9, "part": 1, "base": 0.16, "top": 1.26, "mcolor": "#4fc3f7" }, "geometry": { "type": "Polygon", "coordinates": [ [ [ 126.916853, 35.154169 ], [ 126.916853, 35.154169 ], [ 126.916852, 35.15417 ], [ 126.916852, 35.15417 ], [ 126.916852, 35.15417 ], [ 126.916851, 35.15417 ], [ 126.91685, 35.154171 ], [ 126.91685, 35.15417 ], [ 126.916849, 35.15417 ], [ 126.916849, 35.15417 ], [ 126.916849, 35.15417 ], [ 126.916848, 35.154169 ], [ 126.916848, 35.154169 ], [ 126.916848, 35.154168 ], [ 126.916849, 35.154168 ], [ 126.916849, 35.154167 ], [ 126.916849, 35.154167 ], [ 126.91685, 35.154167 ], [ 126.91685, 35.154167 ], [ 126.916851, 35.154167 ], [ 126.916852, 35.154167 ], [ 126.916852, 35.154167 ], [ 126.916852, 35.154168 ], [ 126.916853, 35.154168 ], [ 126.916853, 35.154169 ] ] ] } },
{ "type": "Feature", "properties": { "kind": "hydrant", "name": "소화전 동부-대인-대인-비상12호", "sub": "대인시장 공영주차장 앞", "addr": "광주광역시 동구 제봉로194번길 9", "z": 8.9, "part": 2, "base": 1.26, "top": 1.4, "mcolor": "#286e96" }, "geometry": { "type": "Polygon", "coordinates": [ [ [ 126.916854, 35.154169 ], [ 126.916854, 35.154169 ], [ 126.916853, 35.15417 ], [ 126.916853, 35.154171 ], [ 126.916852, 35.154171 ], [ 126.916851, 35.154171 ], [ 126.91685, 35.154171 ], [ 126.91685, 35.154171 ], [ 126.916849, 35.154171 ], [ 126.916848, 35.154171 ], [ 126.916848, 35.15417 ], [ 126.916847, 35.154169 ], [ 126.916847, 35.154169 ], [ 126.916847, 35.154168 ], [ 126.916848, 35.154167 ], [ 126.916848, 35.154167 ], [ 126.916849, 35.154166 ], [ 126.91685, 35.154166 ], [ 126.91685, 35.154166 ], [ 126.916851, 35.154166 ], [ 126.916852, 35.154166 ], [ 126.916853, 35.154167 ], [ 126.916853, 35.154167 ], [ 126.916854, 35.154168 ], [ 126.916854, 35.154169 ] ] ] } },
{ "type": "Feature", "properties": { "kind": "hydrant", "name": "소화전 동부-대인-대인-비상12호", "sub": "대인시장 공영주차장 앞", "addr": "광주광역시 동구 제봉로194번길 9", "z": 8.9, "part": 3, "base": 1.4, "top": 1.8, "mcolor": "#8cdcff" }, "geometry": { "type": "Polygon", "coordinates": [ [ [ 126.916852, 35.154169 ], [ 126.916852, 35.154169 ], [ 126.916852, 35.154169 ], [ 126.916852, 35.15417 ], [ 126.916851, 35.15417 ], [ 126.916851, 35.15417 ], [ 126.91685, 35.15417 ], [ 126.91685, 35.15417 ], [ 126.91685, 35.15417 ], [ 126.916849, 35.15417 ], [ 126.916849, 35.154169 ], [ 126.916849, 35.154169 ], [ 126.916849, 35.154169 ], [ 126.916849, 35.154168 ], [ 126.916849, 35.154168 ], [ 126.916849, 35.154168 ], [ 126.91685, 35.154168 ], [ 126.91685, 35.154167 ], [ 126.91685, 35.154167 ], [ 126.916851, 35.154167 ], [ 126.916851, 35.154168 ], [ 126.916852, 35.154168 ], [ 126.916852, 35.154168 ], [ 126.916852, 35.154168 ], [ 126.916852, 35.154169 ] ] ] } },
{ "type": "Feature", "properties": { "kind": "hydrant", "name": "소화전 동부-대인-대인-비상3호", "sub": "별별상상정원 맞은편", "addr": "광주광역시 동구 제봉로190번길 9-3", "z": 8.8, "part": 0, "base": 0.0, "top": 0.16, "mcolor": "#286e96" }, "geometry": { "type": "Polygon", "coordinates": [ [ [ 126.917544, 35.154104 ], [ 126.917544, 35.154105 ], [ 126.917543, 35.154106 ], [ 126.917543, 35.154106 ], [ 126.917542, 35.154107 ], [ 126.917541, 35.154107 ], [ 126.91754, 35.154107 ], [ 126.917539, 35.154107 ], [ 126.917538, 35.154107 ], [ 126.917538, 35.154106 ], [ 126.917537, 35.154106 ], [ 126.917537, 35.154105 ], [ 126.917537, 35.154104 ], [ 126.917537, 35.154103 ], [ 126.917537, 35.154102 ], [ 126.917538, 35.154102 ], [ 126.917538, 35.154101 ], [ 126.917539, 35.154101 ], [ 126.91754, 35.154101 ], [ 126.917541, 35.154101 ], [ 126.917542, 35.154101 ], [ 126.917543, 35.154102 ], [ 126.917543, 35.154102 ], [ 126.917544, 35.154103 ], [ 126.917544, 35.154104 ] ] ] } },
{ "type": "Feature", "properties": { "kind": "hydrant", "name": "소화전 동부-대인-대인-비상3호", "sub": "별별상상정원 맞은편", "addr": "광주광역시 동구 제봉로190번길 9-3", "z": 8.8, "part": 1, "base": 0.16, "top": 1.26, "mcolor": "#4fc3f7" }, "geometry": { "type": "Polygon", "coordinates": [ [ [ 126.917542, 35.154104 ], [ 126.917542, 35.154104 ], [ 126.917542, 35.154105 ], [ 126.917542, 35.154105 ], [ 126.917541, 35.154106 ], [ 126.917541, 35.154106 ], [ 126.91754, 35.154106 ], [ 126.91754, 35.154106 ], [ 126.917539, 35.154106 ], [ 126.917539, 35.154105 ], [ 126.917538, 35.154105 ], [ 126.917538, 35.154104 ], [ 126.917538, 35.154104 ], [ 126.917538, 35.154104 ], [ 126.917538, 35.154103 ], [ 126.917539, 35.154103 ], [ 126.917539, 35.154102 ], [ 126.91754, 35.154102 ], [ 126.91754, 35.154102 ], [ 126.917541, 35.154102 ], [ 126.917541, 35.154102 ], [ 126.917542, 35.154103 ], [ 126.917542, 35.154103 ], [ 126.917542, 35.154104 ], [ 126.917542, 35.154104 ] ] ] } },
{ "type": "Feature", "properties": { "kind": "hydrant", "name": "소화전 동부-대인-대인-비상3호", "sub": "별별상상정원 맞은편", "addr": "광주광역시 동구 제봉로190번길 9-3", "z": 8.8, "part": 2, "base": 1.26, "top": 1.4, "mcolor": "#286e96" }, "geometry": { "type": "Polygon", "coordinates": [ [ [ 126.917544, 35.154104 ], [ 126.917543, 35.154105 ], [ 126.917543, 35.154105 ], [ 126.917543, 35.154106 ], [ 126.917542, 35.154106 ], [ 126.917541, 35.154107 ], [ 126.91754, 35.154107 ], [ 126.917539, 35.154107 ], [ 126.917539, 35.154106 ], [ 126.917538, 35.154106 ], [ 126.917537, 35.154105 ], [ 126.917537, 35.154105 ], [ 126.917537, 35.154104 ], [ 126.917537, 35.154103 ], [ 126.917537, 35.154103 ], [ 126.917538, 35.154102 ], [ 126.917539, 35.154102 ], [ 126.917539, 35.154101 ], [ 126.91754, 35.154101 ], [ 126.917541, 35.154101 ], [ 126.917542, 35.154102 ], [ 126.917543, 35.154102 ], [ 126.917543, 35.154103 ], [ 126.917543, 35.154103 ], [ 126.917544, 35.154104 ] ] ] } },
{ "type": "Feature", "properties": { "kind": "hydrant", "name": "소화전 동부-대인-대인-비상3호", "sub": "별별상상정원 맞은편", "addr": "광주광역시 동구 제봉로190번길 9-3", "z": 8.8, "part": 3, "base": 1.4, "top": 1.8, "mcolor": "#8cdcff" }, "geometry": { "type": "Polygon", "coordinates": [ [ [ 126.917542, 35.154104 ], [ 126.917542, 35.154104 ], [ 126.917542, 35.154105 ], [ 126.917541, 35.154105 ], [ 126.917541, 35.154105 ], [ 126.917541, 35.154105 ], [ 126.91754, 35.154105 ], [ 126.91754, 35.154105 ], [ 126.917539, 35.154105 ], [ 126.917539, 35.154105 ], [ 126.917539, 35.154105 ], [ 126.917539, 35.154104 ], [ 126.917539, 35.154104 ], [ 126.917539, 35.154104 ], [ 126.917539, 35.154103 ], [ 126.917539, 35.154103 ], [ 126.917539, 35.154103 ], [ 126.91754, 35.154103 ], [ 126.91754, 35.154103 ], [ 126.917541, 35.154103 ], [ 126.917541, 35.154103 ], [ 126.917541, 35.154103 ], [ 126.917542, 35.154103 ], [ 126.917542, 35.154104 ], [ 126.917542, 35.154104 ] ] ] } },
{ "type": "Feature", "properties": { "kind": "hydrant", "name": "소화전 동부-대인-대인-비상2호", "sub": "LA갈비유통 맞은편", "addr": "광주광역시 동구 제봉로190번길 1-5", "z": 8.9, "part": 0, "base": 0.0, "top": 0.16, "mcolor": "#286e96" }, "geometry": { "type": "Polygon", "coordinates": [ [ [ 126.91679, 35.153569 ], [ 126.91679, 35.15357 ], [ 126.916789, 35.153571 ], [ 126.916789, 35.153571 ], [ 126.916788, 35.153572 ], [ 126.916787, 35.153572 ], [ 126.916786, 35.153572 ], [ 126.916785, 35.153572 ], [ 126.916784, 35.153572 ], [ 126.916783, 35.153571 ], [ 126.916783, 35.153571 ], [ 126.916782, 35.15357 ], [ 126.916782, 35.153569 ], [ 126.916782, 35.153568 ], [ 126.916783, 35.153567 ], [ 126.916783, 35.153567 ], [ 126.916784, 35.153566 ], [ 126.916785, 35.153566 ], [ 126.916786, 35.153566 ], [ 126.916787, 35.153566 ], [ 126.916788, 35.153566 ], [ 126.916789, 35.153567 ], [ 126.916789, 35.153567 ], [ 126.91679, 35.153568 ], [ 126.91679, 35.153569 ] ] ] } },
{ "type": "Feature", "properties": { "kind": "hydrant", "name": "소화전 동부-대인-대인-비상2호", "sub": "LA갈비유통 맞은편", "addr": "광주광역시 동구 제봉로190번길 1-5", "z": 8.9, "part": 1, "base": 0.16, "top": 1.26, "mcolor": "#4fc3f7" }, "geometry": { "type": "Polygon", "coordinates": [ [ [ 126.916788, 35.153569 ], [ 126.916788, 35.153569 ], [ 126.916788, 35.15357 ], [ 126.916788, 35.15357 ], [ 126.916787, 35.153571 ], [ 126.916787, 35.153571 ], [ 126.916786, 35.153571 ], [ 126.916785, 35.153571 ], [ 126.916785, 35.153571 ], [ 126.916784, 35.15357 ], [ 126.916784, 35.15357 ], [ 126.916784, 35.153569 ], [ 126.916784, 35.153569 ], [ 126.916784, 35.153569 ], [ 126.916784, 35.153568 ], [ 126.916784, 35.153568 ], [ 126.916785, 35.153567 ], [ 126.916785, 35.153567 ], [ 126.916786, 35.153567 ], [ 126.916787, 35.153567 ], [ 126.916787, 35.153567 ], [ 126.916788, 35.153568 ], [ 126.916788, 35.153568 ], [ 126.916788, 35.153569 ], [ 126.916788, 35.153569 ] ] ] } },
{ "type": "Feature", "properties": { "kind": "hydrant", "name": "소화전 동부-대인-대인-비상2호", "sub": "LA갈비유통 맞은편", "addr": "광주광역시 동구 제봉로190번길 1-5", "z": 8.9, "part": 2, "base": 1.26, "top": 1.4, "mcolor": "#286e96" }, "geometry": { "type": "Polygon", "coordinates": [ [ [ 126.916789, 35.153569 ], [ 126.916789, 35.15357 ], [ 126.916789, 35.15357 ], [ 126.916788, 35.153571 ], [ 126.916788, 35.153571 ], [ 126.916787, 35.153572 ], [ 126.916786, 35.153572 ], [ 126.916785, 35.153572 ], [ 126.916784, 35.153571 ], [ 126.916784, 35.153571 ], [ 126.916783, 35.15357 ], [ 126.916783, 35.15357 ], [ 126.916783, 35.153569 ], [ 126.916783, 35.153568 ], [ 126.916783, 35.153568 ], [ 126.916784, 35.153567 ], [ 126.916784, 35.153567 ], [ 126.916785, 35.153566 ], [ 126.916786, 35.153566 ], [ 126.916787, 35.153566 ], [ 126.916788, 35.153567 ], [ 126.916788, 35.153567 ], [ 126.916789, 35.153568 ], [ 126.916789, 35.153568 ], [ 126.916789, 35.153569 ] ] ] } },
{ "type": "Feature", "properties": { "kind": "hydrant", "name": "소화전 동부-대인-대인-비상2호", "sub": "LA갈비유통 맞은편", "addr": "광주광역시 동구 제봉로190번길 1-5", "z": 8.9, "part": 3, "base": 1.4, "top": 1.8, "mcolor": "#8cdcff" }, "geometry": { "type": "Polygon", "coordinates": [ [ [ 126.916788, 35.153569 ], [ 126.916788, 35.153569 ], [ 126.916787, 35.15357 ], [ 126.916787, 35.15357 ], [ 126.916787, 35.15357 ], [ 126.916786, 35.15357 ], [ 126.916786, 35.15357 ], [ 126.916786, 35.15357 ], [ 126.916785, 35.15357 ], [ 126.916785, 35.15357 ], [ 126.916785, 35.15357 ], [ 126.916784, 35.153569 ], [ 126.916784, 35.153569 ], [ 126.916784, 35.153569 ], [ 126.916785, 35.153568 ], [ 126.916785, 35.153568 ], [ 126.916785, 35.153568 ], [ 126.916786, 35.153568 ], [ 126.916786, 35.153568 ], [ 126.916786, 35.153568 ], [ 126.916787, 35.153568 ], [ 126.916787, 35.153568 ], [ 126.916787, 35.153568 ], [ 126.916788, 35.153569 ], [ 126.916788, 35.153569 ] ] ] } },
{ "type": "Feature", "properties": { "kind": "hydrant", "name": "소화전 동부-대인-대인-비상1호", "sub": "대인시장관리소 공중화장실 앞", "addr": "광주광역시 동구 제봉로178번길 10", "z": 9.3, "part": 0, "base": 0.0, "top": 0.16, "mcolor": "#286e96" }, "geometry": { "type": "Polygon", "coordinates": [ [ [ 126.918345, 35.153012 ], [ 126.918345, 35.153013 ], [ 126.918345, 35.153014 ], [ 126.918344, 35.153014 ], [ 126.918344, 35.153015 ], [ 126.918343, 35.153015 ], [ 126.918342, 35.153015 ], [ 126.918341, 35.153015 ], [ 126.91834, 35.153015 ], [ 126.918339, 35.153014 ], [ 126.918338, 35.153014 ], [ 126.918338, 35.153013 ], [ 126.918338, 35.153012 ], [ 126.918338, 35.153011 ], [ 126.918338, 35.15301 ], [ 126.918339, 35.15301 ], [ 126.91834, 35.153009 ], [ 126.918341, 35.153009 ], [ 126.918342, 35.153009 ], [ 126.918343, 35.153009 ], [ 126.918344, 35.153009 ], [ 126.918344, 35.15301 ], [ 126.918345, 35.15301 ], [ 126.918345, 35.153011 ], [ 126.918345, 35.153012 ] ] ] } },
{ "type": "Feature", "properties": { "kind": "hydrant", "name": "소화전 동부-대인-대인-비상1호", "sub": "대인시장관리소 공중화장실 앞", "addr": "광주광역시 동구 제봉로178번길 10", "z": 9.3, "part": 1, "base": 0.16, "top": 1.26, "mcolor": "#4fc3f7" }, "geometry": { "type": "Polygon", "coordinates": [ [ [ 126.918344, 35.153012 ], [ 126.918344, 35.153012 ], [ 126.918344, 35.153013 ], [ 126.918343, 35.153013 ], [ 126.918343, 35.153014 ], [ 126.918342, 35.153014 ], [ 126.918342, 35.153014 ], [ 126.918341, 35.153014 ], [ 126.918341, 35.153014 ], [ 126.91834, 35.153013 ], [ 126.91834, 35.153013 ], [ 126.91834, 35.153012 ], [ 126.91834, 35.153012 ], [ 126.91834, 35.153012 ], [ 126.91834, 35.153011 ], [ 126.91834, 35.153011 ], [ 126.918341, 35.15301 ], [ 126.918341, 35.15301 ], [ 126.918342, 35.15301 ], [ 126.918342, 35.15301 ], [ 126.918343, 35.15301 ], [ 126.918343, 35.153011 ], [ 126.918344, 35.153011 ], [ 126.918344, 35.153012 ], [ 126.918344, 35.153012 ] ] ] } },
{ "type": "Feature", "properties": { "kind": "hydrant", "name": "소화전 동부-대인-대인-비상1호", "sub": "대인시장관리소 공중화장실 앞", "addr": "광주광역시 동구 제봉로178번길 10", "z": 9.3, "part": 2, "base": 1.26, "top": 1.4, "mcolor": "#286e96" }, "geometry": { "type": "Polygon", "coordinates": [ [ [ 126.918345, 35.153012 ], [ 126.918345, 35.153013 ], [ 126.918345, 35.153013 ], [ 126.918344, 35.153014 ], [ 126.918343, 35.153014 ], [ 126.918343, 35.153015 ], [ 126.918342, 35.153015 ], [ 126.918341, 35.153015 ], [ 126.91834, 35.153014 ], [ 126.918339, 35.153014 ], [ 126.918339, 35.153013 ], [ 126.918339, 35.153013 ], [ 126.918338, 35.153012 ], [ 126.918339, 35.153011 ], [ 126.918339, 35.153011 ], [ 126.918339, 35.15301 ], [ 126.91834, 35.15301 ], [ 126.918341, 35.153009 ], [ 126.918342, 35.153009 ], [ 126.918343, 35.153009 ], [ 126.918343, 35.15301 ], [ 126.918344, 35.15301 ], [ 126.918345, 35.153011 ], [ 126.918345, 35.153011 ], [ 126.918345, 35.153012 ] ] ] } },
{ "type": "Feature", "properties": { "kind": "hydrant", "name": "소화전 동부-대인-대인-비상1호", "sub": "대인시장관리소 공중화장실 앞", "addr": "광주광역시 동구 제봉로178번길 10", "z": 9.3, "part": 3, "base": 1.4, "top": 1.8, "mcolor": "#8cdcff" }, "geometry": { "type": "Polygon", "coordinates": [ [ [ 126.918343, 35.153012 ], [ 126.918343, 35.153012 ], [ 126.918343, 35.153013 ], [ 126.918343, 35.153013 ], [ 126.918343, 35.153013 ], [ 126.918342, 35.153013 ], [ 126.918342, 35.153013 ], [ 126.918341, 35.153013 ], [ 126.918341, 35.153013 ], [ 126.918341, 35.153013 ], [ 126.91834, 35.153013 ], [ 126.91834, 35.153012 ], [ 126.91834, 35.153012 ], [ 126.91834, 35.153012 ], [ 126.91834, 35.153011 ], [ 126.918341, 35.153011 ], [ 126.918341, 35.153011 ], [ 126.918341, 35.153011 ], [ 126.918342, 35.153011 ], [ 126.918342, 35.153011 ], [ 126.918343, 35.153011 ], [ 126.918343, 35.153011 ], [ 126.918343, 35.153011 ], [ 126.918343, 35.153012 ], [ 126.918343, 35.153012 ] ] ] } },
{ "type": "Feature", "properties": { "kind": "cctv", "name": "CCTV 3대", "sub": "200만 · 설치 2022", "addr": null, "z": 6.4, "part": 0, "base": 0.0, "top": 6.0, "mcolor": "#78788a" }, "geometry": { "type": "Polygon", "coordinates": [ [ [ 126.912163, 35.155541 ], [ 126.912163, 35.155541 ], [ 126.912163, 35.155541 ], [ 126.912163, 35.155542 ], [ 126.912162, 35.155542 ], [ 126.912162, 35.155542 ], [ 126.912162, 35.155542 ], [ 126.912162, 35.155542 ], [ 126.912162, 35.155542 ], [ 126.912161, 35.155542 ], [ 126.912161, 35.155541 ], [ 126.912161, 35.155541 ], [ 126.912161, 35.155541 ], [ 126.912161, 35.155541 ], [ 126.912161, 35.155541 ], [ 126.912161, 35.15554 ], [ 126.912162, 35.15554 ], [ 126.912162, 35.15554 ], [ 126.912162, 35.15554 ], [ 126.912162, 35.15554 ], [ 126.912162, 35.15554 ], [ 126.912163, 35.15554 ], [ 126.912163, 35.155541 ], [ 126.912163, 35.155541 ], [ 126.912163, 35.155541 ] ] ] } },
{ "type": "Feature", "properties": { "kind": "cctv", "name": "CCTV 3대", "sub": "200만 · 설치 2022", "addr": null, "z": 6.4, "part": 1, "base": 6.0, "top": 6.45, "mcolor": "#b98cff" }, "geometry": { "type": "Polygon", "coordinates": [ [ [ 126.912165, 35.155541 ], [ 126.912165, 35.155542 ], [ 126.912165, 35.155542 ], [ 126.912164, 35.155543 ], [ 126.912164, 35.155543 ], [ 126.912163, 35.155543 ], [ 126.912162, 35.155544 ], [ 126.912161, 35.155543 ], [ 126.91216, 35.155543 ], [ 126.91216, 35.155543 ], [ 126.912159, 35.155542 ], [ 126.912159, 35.155542 ], [ 126.912159, 35.155541 ], [ 126.912159, 35.15554 ], [ 126.912159, 35.15554 ], [ 126.91216, 35.155539 ], [ 126.91216, 35.155539 ], [ 126.912161, 35.155539 ], [ 126.912162, 35.155538 ], [ 126.912163, 35.155539 ], [ 126.912164, 35.155539 ], [ 126.912164, 35.155539 ], [ 126.912165, 35.15554 ], [ 126.912165, 35.15554 ], [ 126.912165, 35.155541 ] ] ] } },
{ "type": "Feature", "properties": { "kind": "cctv", "name": "CCTV 3대", "sub": "200만 · 설치 2022", "addr": null, "z": 6.4, "part": 2, "base": 6.3, "top": 6.6, "mcolor": "#e1cdff" }, "geometry": { "type": "Polygon", "coordinates": [ [ [ 126.912163, 35.155541 ], [ 126.912163, 35.155541 ], [ 126.912163, 35.155542 ], [ 126.912163, 35.155542 ], [ 126.912163, 35.155542 ], [ 126.912162, 35.155542 ], [ 126.912162, 35.155542 ], [ 126.912162, 35.155542 ], [ 126.912161, 35.155542 ], [ 126.912161, 35.155542 ], [ 126.912161, 35.155542 ], [ 126.912161, 35.155541 ], [ 126.912161, 35.155541 ], [ 126.912161, 35.155541 ], [ 126.912161, 35.15554 ], [ 126.912161, 35.15554 ], [ 126.912161, 35.15554 ], [ 126.912162, 35.15554 ], [ 126.912162, 35.15554 ], [ 126.912162, 35.15554 ], [ 126.912163, 35.15554 ], [ 126.912163, 35.15554 ], [ 126.912163, 35.15554 ], [ 126.912163, 35.155541 ], [ 126.912163, 35.155541 ] ] ] } },
{ "type": "Feature", "properties": { "kind": "cctv", "name": "CCTV 4대", "sub": "200만 · 설치 2020", "addr": "북구 문산로 4", "z": 6.5, "part": 0, "base": 0.0, "top": 6.5, "mcolor": "#78788a" }, "geometry": { "type": "Polygon", "coordinates": [ [ [ 126.912453, 35.153922 ], [ 126.912453, 35.153922 ], [ 126.912453, 35.153922 ], [ 126.912453, 35.153923 ], [ 126.912452, 35.153923 ], [ 126.912452, 35.153923 ], [ 126.912452, 35.153923 ], [ 126.912452, 35.153923 ], [ 126.912452, 35.153923 ], [ 126.912451, 35.153923 ], [ 126.912451, 35.153922 ], [ 126.912451, 35.153922 ], [ 126.912451, 35.153922 ], [ 126.912451, 35.153922 ], [ 126.912451, 35.153922 ], [ 126.912451, 35.153921 ], [ 126.912452, 35.153921 ], [ 126.912452, 35.153921 ], [ 126.912452, 35.153921 ], [ 126.912452, 35.153921 ], [ 126.912452, 35.153921 ], [ 126.912453, 35.153921 ], [ 126.912453, 35.153922 ], [ 126.912453, 35.153922 ], [ 126.912453, 35.153922 ] ] ] } },
{ "type": "Feature", "properties": { "kind": "cctv", "name": "CCTV 4대", "sub": "200만 · 설치 2020", "addr": "북구 문산로 4", "z": 6.5, "part": 1, "base": 6.5, "top": 6.95, "mcolor": "#b98cff" }, "geometry": { "type": "Polygon", "coordinates": [ [ [ 126.912455, 35.153922 ], [ 126.912455, 35.153923 ], [ 126.912455, 35.153923 ], [ 126.912454, 35.153924 ], [ 126.912454, 35.153924 ], [ 126.912453, 35.153924 ], [ 126.912452, 35.153925 ], [ 126.912451, 35.153924 ], [ 126.91245, 35.153924 ], [ 126.91245, 35.153924 ], [ 126.912449, 35.153923 ], [ 126.912449, 35.153923 ], [ 126.912449, 35.153922 ], [ 126.912449, 35.153921 ], [ 126.912449, 35.153921 ], [ 126.91245, 35.15392 ], [ 126.91245, 35.15392 ], [ 126.912451, 35.15392 ], [ 126.912452, 35.153919 ], [ 126.912453, 35.15392 ], [ 126.912454, 35.15392 ], [ 126.912454, 35.15392 ], [ 126.912455, 35.153921 ], [ 126.912455, 35.153921 ], [ 126.912455, 35.153922 ] ] ] } },
{ "type": "Feature", "properties": { "kind": "cctv", "name": "CCTV 4대", "sub": "200만 · 설치 2020", "addr": "북구 문산로 4", "z": 6.5, "part": 2, "base": 6.8, "top": 7.1, "mcolor": "#e1cdff" }, "geometry": { "type": "Polygon", "coordinates": [ [ [ 126.912453, 35.153922 ], [ 126.912453, 35.153922 ], [ 126.912453, 35.153923 ], [ 126.912453, 35.153923 ], [ 126.912453, 35.153923 ], [ 126.912452, 35.153923 ], [ 126.912452, 35.153923 ], [ 126.912452, 35.153923 ], [ 126.912451, 35.153923 ], [ 126.912451, 35.153923 ], [ 126.912451, 35.153923 ], [ 126.912451, 35.153922 ], [ 126.912451, 35.153922 ], [ 126.912451, 35.153922 ], [ 126.912451, 35.153921 ], [ 126.912451, 35.153921 ], [ 126.912451, 35.153921 ], [ 126.912452, 35.153921 ], [ 126.912452, 35.153921 ], [ 126.912452, 35.153921 ], [ 126.912453, 35.153921 ], [ 126.912453, 35.153921 ], [ 126.912453, 35.153921 ], [ 126.912453, 35.153922 ], [ 126.912453, 35.153922 ] ] ] } },
{ "type": "Feature", "properties": { "kind": "cctv", "name": "CCTV 4대", "sub": "200만 · 설치 2020", "addr": "동구 독립로264번길 15", "z": 6.5, "part": 0, "base": 0.0, "top": 6.5, "mcolor": "#78788a" }, "geometry": { "type": "Polygon", "coordinates": [ [ [ 126.912496, 35.153933 ], [ 126.912496, 35.153933 ], [ 126.912496, 35.153933 ], [ 126.912496, 35.153934 ], [ 126.912495, 35.153934 ], [ 126.912495, 35.153934 ], [ 126.912495, 35.153934 ], [ 126.912495, 35.153934 ], [ 126.912495, 35.153934 ], [ 126.912494, 35.153934 ], [ 126.912494, 35.153933 ], [ 126.912494, 35.153933 ], [ 126.912494, 35.153933 ], [ 126.912494, 35.153933 ], [ 126.912494, 35.153933 ], [ 126.912494, 35.153932 ], [ 126.912495, 35.153932 ], [ 126.912495, 35.153932 ], [ 126.912495, 35.153932 ], [ 126.912495, 35.153932 ], [ 126.912495, 35.153932 ], [ 126.912496, 35.153932 ], [ 126.912496, 35.153933 ], [ 126.912496, 35.153933 ], [ 126.912496, 35.153933 ] ] ] } },
{ "type": "Feature", "properties": { "kind": "cctv", "name": "CCTV 4대", "sub": "200만 · 설치 2020", "addr": "동구 독립로264번길 15", "z": 6.5, "part": 1, "base": 6.5, "top": 6.95, "mcolor": "#b98cff" }, "geometry": { "type": "Polygon", "coordinates": [ [ [ 126.912498, 35.153933 ], [ 126.912498, 35.153934 ], [ 126.912498, 35.153934 ], [ 126.912497, 35.153935 ], [ 126.912497, 35.153935 ], [ 126.912496, 35.153935 ], [ 126.912495, 35.153936 ], [ 126.912494, 35.153935 ], [ 126.912493, 35.153935 ], [ 126.912493, 35.153935 ], [ 126.912492, 35.153934 ], [ 126.912492, 35.153934 ], [ 126.912492, 35.153933 ], [ 126.912492, 35.153932 ], [ 126.912492, 35.153932 ], [ 126.912493, 35.153931 ], [ 126.912493, 35.153931 ], [ 126.912494, 35.153931 ], [ 126.912495, 35.15393 ], [ 126.912496, 35.153931 ], [ 126.912497, 35.153931 ], [ 126.912497, 35.153931 ], [ 126.912498, 35.153932 ], [ 126.912498, 35.153932 ], [ 126.912498, 35.153933 ] ] ] } },
{ "type": "Feature", "properties": { "kind": "cctv", "name": "CCTV 4대", "sub": "200만 · 설치 2020", "addr": "동구 독립로264번길 15", "z": 6.5, "part": 2, "base": 6.8, "top": 7.1, "mcolor": "#e1cdff" }, "geometry": { "type": "Polygon", "coordinates": [ [ [ 126.912496, 35.153933 ], [ 126.912496, 35.153933 ], [ 126.912496, 35.153934 ], [ 126.912496, 35.153934 ], [ 126.912496, 35.153934 ], [ 126.912495, 35.153934 ], [ 126.912495, 35.153934 ], [ 126.912495, 35.153934 ], [ 126.912494, 35.153934 ], [ 126.912494, 35.153934 ], [ 126.912494, 35.153934 ], [ 126.912494, 35.153933 ], [ 126.912494, 35.153933 ], [ 126.912494, 35.153933 ], [ 126.912494, 35.153932 ], [ 126.912494, 35.153932 ], [ 126.912494, 35.153932 ], [ 126.912495, 35.153932 ], [ 126.912495, 35.153932 ], [ 126.912495, 35.153932 ], [ 126.912496, 35.153932 ], [ 126.912496, 35.153932 ], [ 126.912496, 35.153932 ], [ 126.912496, 35.153933 ], [ 126.912496, 35.153933 ] ] ] } },
{ "type": "Feature", "properties": { "kind": "cctv", "name": "CCTV 4대", "sub": "200만 · 설치 2022", "addr": "동구 금남로169번길 6-6", "z": 7.3, "part": 0, "base": 0.0, "top": 6.5, "mcolor": "#78788a" }, "geometry": { "type": "Polygon", "coordinates": [ [ [ 126.912651, 35.152953 ], [ 126.912651, 35.152953 ], [ 126.912651, 35.152953 ], [ 126.912651, 35.152954 ], [ 126.91265, 35.152954 ], [ 126.91265, 35.152954 ], [ 126.91265, 35.152954 ], [ 126.91265, 35.152954 ], [ 126.91265, 35.152954 ], [ 126.912649, 35.152954 ], [ 126.912649, 35.152953 ], [ 126.912649, 35.152953 ], [ 126.912649, 35.152953 ], [ 126.912649, 35.152953 ], [ 126.912649, 35.152953 ], [ 126.912649, 35.152952 ], [ 126.91265, 35.152952 ], [ 126.91265, 35.152952 ], [ 126.91265, 35.152952 ], [ 126.91265, 35.152952 ], [ 126.91265, 35.152952 ], [ 126.912651, 35.152952 ], [ 126.912651, 35.152953 ], [ 126.912651, 35.152953 ], [ 126.912651, 35.152953 ] ] ] } },
{ "type": "Feature", "properties": { "kind": "cctv", "name": "CCTV 4대", "sub": "200만 · 설치 2022", "addr": "동구 금남로169번길 6-6", "z": 7.3, "part": 1, "base": 6.5, "top": 6.95, "mcolor": "#b98cff" }, "geometry": { "type": "Polygon", "coordinates": [ [ [ 126.912653, 35.152953 ], [ 126.912653, 35.152954 ], [ 126.912653, 35.152954 ], [ 126.912652, 35.152955 ], [ 126.912652, 35.152955 ], [ 126.912651, 35.152955 ], [ 126.91265, 35.152956 ], [ 126.912649, 35.152955 ], [ 126.912648, 35.152955 ], [ 126.912648, 35.152955 ], [ 126.912647, 35.152954 ], [ 126.912647, 35.152954 ], [ 126.912647, 35.152953 ], [ 126.912647, 35.152952 ], [ 126.912647, 35.152952 ], [ 126.912648, 35.152951 ], [ 126.912648, 35.152951 ], [ 126.912649, 35.152951 ], [ 126.91265, 35.15295 ], [ 126.912651, 35.152951 ], [ 126.912652, 35.152951 ], [ 126.912652, 35.152951 ], [ 126.912653, 35.152952 ], [ 126.912653, 35.152952 ], [ 126.912653, 35.152953 ] ] ] } },
{ "type": "Feature", "properties": { "kind": "cctv", "name": "CCTV 4대", "sub": "200만 · 설치 2022", "addr": "동구 금남로169번길 6-6", "z": 7.3, "part": 2, "base": 6.8, "top": 7.1, "mcolor": "#e1cdff" }, "geometry": { "type": "Polygon", "coordinates": [ [ [ 126.912651, 35.152953 ], [ 126.912651, 35.152953 ], [ 126.912651, 35.152954 ], [ 126.912651, 35.152954 ], [ 126.912651, 35.152954 ], [ 126.91265, 35.152954 ], [ 126.91265, 35.152954 ], [ 126.91265, 35.152954 ], [ 126.912649, 35.152954 ], [ 126.912649, 35.152954 ], [ 126.912649, 35.152954 ], [ 126.912649, 35.152953 ], [ 126.912649, 35.152953 ], [ 126.912649, 35.152953 ], [ 126.912649, 35.152952 ], [ 126.912649, 35.152952 ], [ 126.912649, 35.152952 ], [ 126.91265, 35.152952 ], [ 126.91265, 35.152952 ], [ 126.91265, 35.152952 ], [ 126.912651, 35.152952 ], [ 126.912651, 35.152952 ], [ 126.912651, 35.152952 ], [ 126.912651, 35.152953 ], [ 126.912651, 35.152953 ] ] ] } },
{ "type": "Feature", "properties": { "kind": "cctv", "name": "CCTV 2대", "sub": "200만 · 설치 2017", "addr": "동구 구성로 183-1", "z": 8.0, "part": 0, "base": 0.0, "top": 5.5, "mcolor": "#78788a" }, "geometry": { "type": "Polygon", "coordinates": [ [ [ 126.913068, 35.152338 ], [ 126.913068, 35.152338 ], [ 126.913068, 35.152338 ], [ 126.913068, 35.152339 ], [ 126.913067, 35.152339 ], [ 126.913067, 35.152339 ], [ 126.913067, 35.152339 ], [ 126.913067, 35.152339 ], [ 126.913067, 35.152339 ], [ 126.913066, 35.152339 ], [ 126.913066, 35.152338 ], [ 126.913066, 35.152338 ], [ 126.913066, 35.152338 ], [ 126.913066, 35.152338 ], [ 126.913066, 35.152338 ], [ 126.913066, 35.152337 ], [ 126.913067, 35.152337 ], [ 126.913067, 35.152337 ], [ 126.913067, 35.152337 ], [ 126.913067, 35.152337 ], [ 126.913067, 35.152337 ], [ 126.913068, 35.152337 ], [ 126.913068, 35.152338 ], [ 126.913068, 35.152338 ], [ 126.913068, 35.152338 ] ] ] } },
{ "type": "Feature", "properties": { "kind": "cctv", "name": "CCTV 2대", "sub": "200만 · 설치 2017", "addr": "동구 구성로 183-1", "z": 8.0, "part": 1, "base": 5.5, "top": 5.95, "mcolor": "#b98cff" }, "geometry": { "type": "Polygon", "coordinates": [ [ [ 126.91307, 35.152338 ], [ 126.91307, 35.152339 ], [ 126.91307, 35.152339 ], [ 126.913069, 35.15234 ], [ 126.913069, 35.15234 ], [ 126.913068, 35.15234 ], [ 126.913067, 35.152341 ], [ 126.913066, 35.15234 ], [ 126.913065, 35.15234 ], [ 126.913065, 35.15234 ], [ 126.913064, 35.152339 ], [ 126.913064, 35.152339 ], [ 126.913064, 35.152338 ], [ 126.913064, 35.152337 ], [ 126.913064, 35.152337 ], [ 126.913065, 35.152336 ], [ 126.913065, 35.152336 ], [ 126.913066, 35.152336 ], [ 126.913067, 35.152335 ], [ 126.913068, 35.152336 ], [ 126.913069, 35.152336 ], [ 126.913069, 35.152336 ], [ 126.91307, 35.152337 ], [ 126.91307, 35.152337 ], [ 126.91307, 35.152338 ] ] ] } },
{ "type": "Feature", "properties": { "kind": "cctv", "name": "CCTV 2대", "sub": "200만 · 설치 2017", "addr": "동구 구성로 183-1", "z": 8.0, "part": 2, "base": 5.8, "top": 6.1, "mcolor": "#e1cdff" }, "geometry": { "type": "Polygon", "coordinates": [ [ [ 126.913068, 35.152338 ], [ 126.913068, 35.152338 ], [ 126.913068, 35.152339 ], [ 126.913068, 35.152339 ], [ 126.913068, 35.152339 ], [ 126.913067, 35.152339 ], [ 126.913067, 35.152339 ], [ 126.913067, 35.152339 ], [ 126.913066, 35.152339 ], [ 126.913066, 35.152339 ], [ 126.913066, 35.152339 ], [ 126.913066, 35.152338 ], [ 126.913066, 35.152338 ], [ 126.913066, 35.152338 ], [ 126.913066, 35.152337 ], [ 126.913066, 35.152337 ], [ 126.913066, 35.152337 ], [ 126.913067, 35.152337 ], [ 126.913067, 35.152337 ], [ 126.913067, 35.152337 ], [ 126.913068, 35.152337 ], [ 126.913068, 35.152337 ], [ 126.913068, 35.152337 ], [ 126.913068, 35.152338 ], [ 126.913068, 35.152338 ] ] ] } },
{ "type": "Feature", "properties": { "kind": "cctv", "name": "CCTV 3대", "sub": "200만 · 설치 2025", "addr": "동구 제봉로213번길 14-1", "z": 6.6, "part": 0, "base": 0.0, "top": 6.0, "mcolor": "#78788a" }, "geometry": { "type": "Polygon", "coordinates": [ [ [ 126.913165, 35.153777 ], [ 126.913165, 35.153777 ], [ 126.913165, 35.153777 ], [ 126.913165, 35.153778 ], [ 126.913164, 35.153778 ], [ 126.913164, 35.153778 ], [ 126.913164, 35.153778 ], [ 126.913164, 35.153778 ], [ 126.913164, 35.153778 ], [ 126.913163, 35.153778 ], [ 126.913163, 35.153777 ], [ 126.913163, 35.153777 ], [ 126.913163, 35.153777 ], [ 126.913163, 35.153777 ], [ 126.913163, 35.153777 ], [ 126.913163, 35.153776 ], [ 126.913164, 35.153776 ], [ 126.913164, 35.153776 ], [ 126.913164, 35.153776 ], [ 126.913164, 35.153776 ], [ 126.913164, 35.153776 ], [ 126.913165, 35.153776 ], [ 126.913165, 35.153777 ], [ 126.913165, 35.153777 ], [ 126.913165, 35.153777 ] ] ] } },
{ "type": "Feature", "properties": { "kind": "cctv", "name": "CCTV 3대", "sub": "200만 · 설치 2025", "addr": "동구 제봉로213번길 14-1", "z": 6.6, "part": 1, "base": 6.0, "top": 6.45, "mcolor": "#b98cff" }, "geometry": { "type": "Polygon", "coordinates": [ [ [ 126.913167, 35.153777 ], [ 126.913167, 35.153778 ], [ 126.913167, 35.153778 ], [ 126.913166, 35.153779 ], [ 126.913166, 35.153779 ], [ 126.913165, 35.153779 ], [ 126.913164, 35.15378 ], [ 126.913163, 35.153779 ], [ 126.913162, 35.153779 ], [ 126.913162, 35.153779 ], [ 126.913161, 35.153778 ], [ 126.913161, 35.153778 ], [ 126.913161, 35.153777 ], [ 126.913161, 35.153776 ], [ 126.913161, 35.153776 ], [ 126.913162, 35.153775 ], [ 126.913162, 35.153775 ], [ 126.913163, 35.153775 ], [ 126.913164, 35.153774 ], [ 126.913165, 35.153775 ], [ 126.913166, 35.153775 ], [ 126.913166, 35.153775 ], [ 126.913167, 35.153776 ], [ 126.913167, 35.153776 ], [ 126.913167, 35.153777 ] ] ] } },
{ "type": "Feature", "properties": { "kind": "cctv", "name": "CCTV 3대", "sub": "200만 · 설치 2025", "addr": "동구 제봉로213번길 14-1", "z": 6.6, "part": 2, "base": 6.3, "top": 6.6, "mcolor": "#e1cdff" }, "geometry": { "type": "Polygon", "coordinates": [ [ [ 126.913165, 35.153777 ], [ 126.913165, 35.153777 ], [ 126.913165, 35.153778 ], [ 126.913165, 35.153778 ], [ 126.913165, 35.153778 ], [ 126.913164, 35.153778 ], [ 126.913164, 35.153778 ], [ 126.913164, 35.153778 ], [ 126.913163, 35.153778 ], [ 126.913163, 35.153778 ], [ 126.913163, 35.153778 ], [ 126.913163, 35.153777 ], [ 126.913163, 35.153777 ], [ 126.913163, 35.153777 ], [ 126.913163, 35.153776 ], [ 126.913163, 35.153776 ], [ 126.913163, 35.153776 ], [ 126.913164, 35.153776 ], [ 126.913164, 35.153776 ], [ 126.913164, 35.153776 ], [ 126.913165, 35.153776 ], [ 126.913165, 35.153776 ], [ 126.913165, 35.153776 ], [ 126.913165, 35.153777 ], [ 126.913165, 35.153777 ] ] ] } },
{ "type": "Feature", "properties": { "kind": "cctv", "name": "CCTV 2대", "sub": "200만 · 설치 2024", "addr": "동구 독립로 282-2", "z": 7.3, "part": 0, "base": 0.0, "top": 5.5, "mcolor": "#78788a" }, "geometry": { "type": "Polygon", "coordinates": [ [ [ 126.913233, 35.155899 ], [ 126.913233, 35.155899 ], [ 126.913233, 35.155899 ], [ 126.913233, 35.1559 ], [ 126.913232, 35.1559 ], [ 126.913232, 35.1559 ], [ 126.913232, 35.1559 ], [ 126.913232, 35.1559 ], [ 126.913232, 35.1559 ], [ 126.913231, 35.1559 ], [ 126.913231, 35.155899 ], [ 126.913231, 35.155899 ], [ 126.913231, 35.155899 ], [ 126.913231, 35.155899 ], [ 126.913231, 35.155899 ], [ 126.913231, 35.155898 ], [ 126.913232, 35.155898 ], [ 126.913232, 35.155898 ], [ 126.913232, 35.155898 ], [ 126.913232, 35.155898 ], [ 126.913232, 35.155898 ], [ 126.913233, 35.155898 ], [ 126.913233, 35.155899 ], [ 126.913233, 35.155899 ], [ 126.913233, 35.155899 ] ] ] } },
{ "type": "Feature", "properties": { "kind": "cctv", "name": "CCTV 2대", "sub": "200만 · 설치 2024", "addr": "동구 독립로 282-2", "z": 7.3, "part": 1, "base": 5.5, "top": 5.95, "mcolor": "#b98cff" }, "geometry": { "type": "Polygon", "coordinates": [ [ [ 126.913235, 35.155899 ], [ 126.913235, 35.1559 ], [ 126.913235, 35.1559 ], [ 126.913234, 35.155901 ], [ 126.913234, 35.155901 ], [ 126.913233, 35.155901 ], [ 126.913232, 35.155902 ], [ 126.913231, 35.155901 ], [ 126.91323, 35.155901 ], [ 126.91323, 35.155901 ], [ 126.913229, 35.1559 ], [ 126.913229, 35.1559 ], [ 126.913229, 35.155899 ], [ 126.913229, 35.155898 ], [ 126.913229, 35.155898 ], [ 126.91323, 35.155897 ], [ 126.91323, 35.155897 ], [ 126.913231, 35.155897 ], [ 126.913232, 35.155896 ], [ 126.913233, 35.155897 ], [ 126.913234, 35.155897 ], [ 126.913234, 35.155897 ], [ 126.913235, 35.155898 ], [ 126.913235, 35.155898 ], [ 126.913235, 35.155899 ] ] ] } },
{ "type": "Feature", "properties": { "kind": "cctv", "name": "CCTV 2대", "sub": "200만 · 설치 2024", "addr": "동구 독립로 282-2", "z": 7.3, "part": 2, "base": 5.8, "top": 6.1, "mcolor": "#e1cdff" }, "geometry": { "type": "Polygon", "coordinates": [ [ [ 126.913233, 35.155899 ], [ 126.913233, 35.155899 ], [ 126.913233, 35.1559 ], [ 126.913233, 35.1559 ], [ 126.913233, 35.1559 ], [ 126.913232, 35.1559 ], [ 126.913232, 35.1559 ], [ 126.913232, 35.1559 ], [ 126.913231, 35.1559 ], [ 126.913231, 35.1559 ], [ 126.913231, 35.1559 ], [ 126.913231, 35.155899 ], [ 126.913231, 35.155899 ], [ 126.913231, 35.155899 ], [ 126.913231, 35.155898 ], [ 126.913231, 35.155898 ], [ 126.913231, 35.155898 ], [ 126.913232, 35.155898 ], [ 126.913232, 35.155898 ], [ 126.913232, 35.155898 ], [ 126.913233, 35.155898 ], [ 126.913233, 35.155898 ], [ 126.913233, 35.155898 ], [ 126.913233, 35.155899 ], [ 126.913233, 35.155899 ] ] ] } },
{ "type": "Feature", "properties": { "kind": "cctv", "name": "CCTV 4대", "sub": "200만 · 설치 2025", "addr": "동구 제봉로222번길 1", "z": 7.3, "part": 0, "base": 0.0, "top": 6.5, "mcolor": "#78788a" }, "geometry": { "type": "Polygon", "coordinates": [ [ [ 126.913643, 35.155053 ], [ 126.913643, 35.155053 ], [ 126.913643, 35.155053 ], [ 126.913643, 35.155054 ], [ 126.913642, 35.155054 ], [ 126.913642, 35.155054 ], [ 126.913642, 35.155054 ], [ 126.913642, 35.155054 ], [ 126.913642, 35.155054 ], [ 126.913641, 35.155054 ], [ 126.913641, 35.155053 ], [ 126.913641, 35.155053 ], [ 126.913641, 35.155053 ], [ 126.913641, 35.155053 ], [ 126.913641, 35.155053 ], [ 126.913641, 35.155052 ], [ 126.913642, 35.155052 ], [ 126.913642, 35.155052 ], [ 126.913642, 35.155052 ], [ 126.913642, 35.155052 ], [ 126.913642, 35.155052 ], [ 126.913643, 35.155052 ], [ 126.913643, 35.155053 ], [ 126.913643, 35.155053 ], [ 126.913643, 35.155053 ] ] ] } },
{ "type": "Feature", "properties": { "kind": "cctv", "name": "CCTV 4대", "sub": "200만 · 설치 2025", "addr": "동구 제봉로222번길 1", "z": 7.3, "part": 1, "base": 6.5, "top": 6.95, "mcolor": "#b98cff" }, "geometry": { "type": "Polygon", "coordinates": [ [ [ 126.913645, 35.155053 ], [ 126.913645, 35.155054 ], [ 126.913645, 35.155054 ], [ 126.913644, 35.155055 ], [ 126.913644, 35.155055 ], [ 126.913643, 35.155055 ], [ 126.913642, 35.155056 ], [ 126.913641, 35.155055 ], [ 126.91364, 35.155055 ], [ 126.91364, 35.155055 ], [ 126.913639, 35.155054 ], [ 126.913639, 35.155054 ], [ 126.913639, 35.155053 ], [ 126.913639, 35.155052 ], [ 126.913639, 35.155052 ], [ 126.91364, 35.155051 ], [ 126.91364, 35.155051 ], [ 126.913641, 35.155051 ], [ 126.913642, 35.15505 ], [ 126.913643, 35.155051 ], [ 126.913644, 35.155051 ], [ 126.913644, 35.155051 ], [ 126.913645, 35.155052 ], [ 126.913645, 35.155052 ], [ 126.913645, 35.155053 ] ] ] } },
{ "type": "Feature", "properties": { "kind": "cctv", "name": "CCTV 4대", "sub": "200만 · 설치 2025", "addr": "동구 제봉로222번길 1", "z": 7.3, "part": 2, "base": 6.8, "top": 7.1, "mcolor": "#e1cdff" }, "geometry": { "type": "Polygon", "coordinates": [ [ [ 126.913643, 35.155053 ], [ 126.913643, 35.155053 ], [ 126.913643, 35.155054 ], [ 126.913643, 35.155054 ], [ 126.913643, 35.155054 ], [ 126.913642, 35.155054 ], [ 126.913642, 35.155054 ], [ 126.913642, 35.155054 ], [ 126.913641, 35.155054 ], [ 126.913641, 35.155054 ], [ 126.913641, 35.155054 ], [ 126.913641, 35.155053 ], [ 126.913641, 35.155053 ], [ 126.913641, 35.155053 ], [ 126.913641, 35.155052 ], [ 126.913641, 35.155052 ], [ 126.913641, 35.155052 ], [ 126.913642, 35.155052 ], [ 126.913642, 35.155052 ], [ 126.913642, 35.155052 ], [ 126.913643, 35.155052 ], [ 126.913643, 35.155052 ], [ 126.913643, 35.155052 ], [ 126.913643, 35.155053 ], [ 126.913643, 35.155053 ] ] ] } },
{ "type": "Feature", "properties": { "kind": "cctv", "name": "CCTV 3대", "sub": "200만 · 설치 2022", "addr": "동구 동계천로6번길 9", "z": 7.5, "part": 0, "base": 0.0, "top": 6.0, "mcolor": "#78788a" }, "geometry": { "type": "Polygon", "coordinates": [ [ [ 126.91366, 35.155684 ], [ 126.91366, 35.155684 ], [ 126.91366, 35.155684 ], [ 126.91366, 35.155685 ], [ 126.913659, 35.155685 ], [ 126.913659, 35.155685 ], [ 126.913659, 35.155685 ], [ 126.913659, 35.155685 ], [ 126.913659, 35.155685 ], [ 126.913658, 35.155685 ], [ 126.913658, 35.155684 ], [ 126.913658, 35.155684 ], [ 126.913658, 35.155684 ], [ 126.913658, 35.155684 ], [ 126.913658, 35.155684 ], [ 126.913658, 35.155683 ], [ 126.913659, 35.155683 ], [ 126.913659, 35.155683 ], [ 126.913659, 35.155683 ], [ 126.913659, 35.155683 ], [ 126.913659, 35.155683 ], [ 126.91366, 35.155683 ], [ 126.91366, 35.155684 ], [ 126.91366, 35.155684 ], [ 126.91366, 35.155684 ] ] ] } },
{ "type": "Feature", "properties": { "kind": "cctv", "name": "CCTV 3대", "sub": "200만 · 설치 2022", "addr": "동구 동계천로6번길 9", "z": 7.5, "part": 1, "base": 6.0, "top": 6.45, "mcolor": "#b98cff" }, "geometry": { "type": "Polygon", "coordinates": [ [ [ 126.913662, 35.155684 ], [ 126.913662, 35.155685 ], [ 126.913662, 35.155685 ], [ 126.913661, 35.155686 ], [ 126.913661, 35.155686 ], [ 126.91366, 35.155686 ], [ 126.913659, 35.155687 ], [ 126.913658, 35.155686 ], [ 126.913657, 35.155686 ], [ 126.913657, 35.155686 ], [ 126.913656, 35.155685 ], [ 126.913656, 35.155685 ], [ 126.913656, 35.155684 ], [ 126.913656, 35.155683 ], [ 126.913656, 35.155683 ], [ 126.913657, 35.155682 ], [ 126.913657, 35.155682 ], [ 126.913658, 35.155682 ], [ 126.913659, 35.155681 ], [ 126.91366, 35.155682 ], [ 126.913661, 35.155682 ], [ 126.913661, 35.155682 ], [ 126.913662, 35.155683 ], [ 126.913662, 35.155683 ], [ 126.913662, 35.155684 ] ] ] } },
{ "type": "Feature", "properties": { "kind": "cctv", "name": "CCTV 3대", "sub": "200만 · 설치 2022", "addr": "동구 동계천로6번길 9", "z": 7.5, "part": 2, "base": 6.3, "top": 6.6, "mcolor": "#e1cdff" }, "geometry": { "type": "Polygon", "coordinates": [ [ [ 126.91366, 35.155684 ], [ 126.91366, 35.155684 ], [ 126.91366, 35.155685 ], [ 126.91366, 35.155685 ], [ 126.91366, 35.155685 ], [ 126.913659, 35.155685 ], [ 126.913659, 35.155685 ], [ 126.913659, 35.155685 ], [ 126.913658, 35.155685 ], [ 126.913658, 35.155685 ], [ 126.913658, 35.155685 ], [ 126.913658, 35.155684 ], [ 126.913658, 35.155684 ], [ 126.913658, 35.155684 ], [ 126.913658, 35.155683 ], [ 126.913658, 35.155683 ], [ 126.913658, 35.155683 ], [ 126.913659, 35.155683 ], [ 126.913659, 35.155683 ], [ 126.913659, 35.155683 ], [ 126.91366, 35.155683 ], [ 126.91366, 35.155683 ], [ 126.91366, 35.155683 ], [ 126.91366, 35.155684 ], [ 126.91366, 35.155684 ] ] ] } },
{ "type": "Feature", "properties": { "kind": "cctv", "name": "CCTV 2대", "sub": "200만 · 설치 2025", "addr": "동구 제봉로222번길 9-1", "z": 7.9, "part": 0, "base": 0.0, "top": 5.5, "mcolor": "#78788a" }, "geometry": { "type": "Polygon", "coordinates": [ [ [ 126.914318, 35.155641 ], [ 126.914318, 35.155641 ], [ 126.914318, 35.155641 ], [ 126.914318, 35.155642 ], [ 126.914317, 35.155642 ], [ 126.914317, 35.155642 ], [ 126.914317, 35.155642 ], [ 126.914317, 35.155642 ], [ 126.914317, 35.155642 ], [ 126.914316, 35.155642 ], [ 126.914316, 35.155641 ], [ 126.914316, 35.155641 ], [ 126.914316, 35.155641 ], [ 126.914316, 35.155641 ], [ 126.914316, 35.155641 ], [ 126.914316, 35.15564 ], [ 126.914317, 35.15564 ], [ 126.914317, 35.15564 ], [ 126.914317, 35.15564 ], [ 126.914317, 35.15564 ], [ 126.914317, 35.15564 ], [ 126.914318, 35.15564 ], [ 126.914318, 35.155641 ], [ 126.914318, 35.155641 ], [ 126.914318, 35.155641 ] ] ] } },
{ "type": "Feature", "properties": { "kind": "cctv", "name": "CCTV 2대", "sub": "200만 · 설치 2025", "addr": "동구 제봉로222번길 9-1", "z": 7.9, "part": 1, "base": 5.5, "top": 5.95, "mcolor": "#b98cff" }, "geometry": { "type": "Polygon", "coordinates": [ [ [ 126.91432, 35.155641 ], [ 126.91432, 35.155642 ], [ 126.91432, 35.155642 ], [ 126.914319, 35.155643 ], [ 126.914319, 35.155643 ], [ 126.914318, 35.155643 ], [ 126.914317, 35.155644 ], [ 126.914316, 35.155643 ], [ 126.914315, 35.155643 ], [ 126.914315, 35.155643 ], [ 126.914314, 35.155642 ], [ 126.914314, 35.155642 ], [ 126.914314, 35.155641 ], [ 126.914314, 35.15564 ], [ 126.914314, 35.15564 ], [ 126.914315, 35.155639 ], [ 126.914315, 35.155639 ], [ 126.914316, 35.155639 ], [ 126.914317, 35.155638 ], [ 126.914318, 35.155639 ], [ 126.914319, 35.155639 ], [ 126.914319, 35.155639 ], [ 126.91432, 35.15564 ], [ 126.91432, 35.15564 ], [ 126.91432, 35.155641 ] ] ] } },
{ "type": "Feature", "properties": { "kind": "cctv", "name": "CCTV 2대", "sub": "200만 · 설치 2025", "addr": "동구 제봉로222번길 9-1", "z": 7.9, "part": 2, "base": 5.8, "top": 6.1, "mcolor": "#e1cdff" }, "geometry": { "type": "Polygon", "coordinates": [ [ [ 126.914318, 35.155641 ], [ 126.914318, 35.155641 ], [ 126.914318, 35.155642 ], [ 126.914318, 35.155642 ], [ 126.914318, 35.155642 ], [ 126.914317, 35.155642 ], [ 126.914317, 35.155642 ], [ 126.914317, 35.155642 ], [ 126.914316, 35.155642 ], [ 126.914316, 35.155642 ], [ 126.914316, 35.155642 ], [ 126.914316, 35.155641 ], [ 126.914316, 35.155641 ], [ 126.914316, 35.155641 ], [ 126.914316, 35.15564 ], [ 126.914316, 35.15564 ], [ 126.914316, 35.15564 ], [ 126.914317, 35.15564 ], [ 126.914317, 35.15564 ], [ 126.914317, 35.15564 ], [ 126.914318, 35.15564 ], [ 126.914318, 35.15564 ], [ 126.914318, 35.15564 ], [ 126.914318, 35.155641 ], [ 126.914318, 35.155641 ] ] ] } },
{ "type": "Feature", "properties": { "kind": "cctv", "name": "CCTV 2대", "sub": "200만 · 설치 2017", "addr": "동구 구성로194번길 5-13", "z": 8.4, "part": 0, "base": 0.0, "top": 5.5, "mcolor": "#78788a" }, "geometry": { "type": "Polygon", "coordinates": [ [ [ 126.914661, 35.152898 ], [ 126.914661, 35.152898 ], [ 126.914661, 35.152898 ], [ 126.914661, 35.152899 ], [ 126.91466, 35.152899 ], [ 126.91466, 35.152899 ], [ 126.91466, 35.152899 ], [ 126.91466, 35.152899 ], [ 126.91466, 35.152899 ], [ 126.914659, 35.152899 ], [ 126.914659, 35.152898 ], [ 126.914659, 35.152898 ], [ 126.914659, 35.152898 ], [ 126.914659, 35.152898 ], [ 126.914659, 35.152898 ], [ 126.914659, 35.152897 ], [ 126.91466, 35.152897 ], [ 126.91466, 35.152897 ], [ 126.91466, 35.152897 ], [ 126.91466, 35.152897 ], [ 126.91466, 35.152897 ], [ 126.914661, 35.152897 ], [ 126.914661, 35.152898 ], [ 126.914661, 35.152898 ], [ 126.914661, 35.152898 ] ] ] } },
{ "type": "Feature", "properties": { "kind": "cctv", "name": "CCTV 2대", "sub": "200만 · 설치 2017", "addr": "동구 구성로194번길 5-13", "z": 8.4, "part": 1, "base": 5.5, "top": 5.95, "mcolor": "#b98cff" }, "geometry": { "type": "Polygon", "coordinates": [ [ [ 126.914663, 35.152898 ], [ 126.914663, 35.152899 ], [ 126.914663, 35.152899 ], [ 126.914662, 35.1529 ], [ 126.914662, 35.1529 ], [ 126.914661, 35.1529 ], [ 126.91466, 35.152901 ], [ 126.914659, 35.1529 ], [ 126.914658, 35.1529 ], [ 126.914658, 35.1529 ], [ 126.914657, 35.152899 ], [ 126.914657, 35.152899 ], [ 126.914657, 35.152898 ], [ 126.914657, 35.152897 ], [ 126.914657, 35.152897 ], [ 126.914658, 35.152896 ], [ 126.914658, 35.152896 ], [ 126.914659, 35.152896 ], [ 126.91466, 35.152895 ], [ 126.914661, 35.152896 ], [ 126.914662, 35.152896 ], [ 126.914662, 35.152896 ], [ 126.914663, 35.152897 ], [ 126.914663, 35.152897 ], [ 126.914663, 35.152898 ] ] ] } },
{ "type": "Feature", "properties": { "kind": "cctv", "name": "CCTV 2대", "sub": "200만 · 설치 2017", "addr": "동구 구성로194번길 5-13", "z": 8.4, "part": 2, "base": 5.8, "top": 6.1, "mcolor": "#e1cdff" }, "geometry": { "type": "Polygon", "coordinates": [ [ [ 126.914661, 35.152898 ], [ 126.914661, 35.152898 ], [ 126.914661, 35.152899 ], [ 126.914661, 35.152899 ], [ 126.914661, 35.152899 ], [ 126.91466, 35.152899 ], [ 126.91466, 35.152899 ], [ 126.91466, 35.152899 ], [ 126.914659, 35.152899 ], [ 126.914659, 35.152899 ], [ 126.914659, 35.152899 ], [ 126.914659, 35.152898 ], [ 126.914659, 35.152898 ], [ 126.914659, 35.152898 ], [ 126.914659, 35.152897 ], [ 126.914659, 35.152897 ], [ 126.914659, 35.152897 ], [ 126.91466, 35.152897 ], [ 126.91466, 35.152897 ], [ 126.91466, 35.152897 ], [ 126.914661, 35.152897 ], [ 126.914661, 35.152897 ], [ 126.914661, 35.152897 ], [ 126.914661, 35.152898 ], [ 126.914661, 35.152898 ] ] ] } },
{ "type": "Feature", "properties": { "kind": "cctv", "name": "CCTV 1대", "sub": "200만 · 설치 2021", "addr": "동구 경양로 234", "z": 7.8, "part": 0, "base": 0.0, "top": 5.0, "mcolor": "#78788a" }, "geometry": { "type": "Polygon", "coordinates": [ [ [ 126.914754, 35.155955 ], [ 126.914754, 35.155955 ], [ 126.914754, 35.155955 ], [ 126.914754, 35.155956 ], [ 126.914753, 35.155956 ], [ 126.914753, 35.155956 ], [ 126.914753, 35.155956 ], [ 126.914753, 35.155956 ], [ 126.914753, 35.155956 ], [ 126.914752, 35.155956 ], [ 126.914752, 35.155955 ], [ 126.914752, 35.155955 ], [ 126.914752, 35.155955 ], [ 126.914752, 35.155955 ], [ 126.914752, 35.155955 ], [ 126.914752, 35.155954 ], [ 126.914753, 35.155954 ], [ 126.914753, 35.155954 ], [ 126.914753, 35.155954 ], [ 126.914753, 35.155954 ], [ 126.914753, 35.155954 ], [ 126.914754, 35.155954 ], [ 126.914754, 35.155955 ], [ 126.914754, 35.155955 ], [ 126.914754, 35.155955 ] ] ] } },
{ "type": "Feature", "properties": { "kind": "cctv", "name": "CCTV 1대", "sub": "200만 · 설치 2021", "addr": "동구 경양로 234", "z": 7.8, "part": 1, "base": 5.0, "top": 5.45, "mcolor": "#b98cff" }, "geometry": { "type": "Polygon", "coordinates": [ [ [ 126.914756, 35.155955 ], [ 126.914756, 35.155956 ], [ 126.914756, 35.155956 ], [ 126.914755, 35.155957 ], [ 126.914755, 35.155957 ], [ 126.914754, 35.155957 ], [ 126.914753, 35.155958 ], [ 126.914752, 35.155957 ], [ 126.914751, 35.155957 ], [ 126.914751, 35.155957 ], [ 126.91475, 35.155956 ], [ 126.91475, 35.155956 ], [ 126.91475, 35.155955 ], [ 126.91475, 35.155954 ], [ 126.91475, 35.155954 ], [ 126.914751, 35.155953 ], [ 126.914751, 35.155953 ], [ 126.914752, 35.155953 ], [ 126.914753, 35.155952 ], [ 126.914754, 35.155953 ], [ 126.914755, 35.155953 ], [ 126.914755, 35.155953 ], [ 126.914756, 35.155954 ], [ 126.914756, 35.155954 ], [ 126.914756, 35.155955 ] ] ] } },
{ "type": "Feature", "properties": { "kind": "cctv", "name": "CCTV 1대", "sub": "200만 · 설치 2021", "addr": "동구 경양로 234", "z": 7.8, "part": 2, "base": 5.3, "top": 5.6, "mcolor": "#e1cdff" }, "geometry": { "type": "Polygon", "coordinates": [ [ [ 126.914754, 35.155955 ], [ 126.914754, 35.155955 ], [ 126.914754, 35.155956 ], [ 126.914754, 35.155956 ], [ 126.914754, 35.155956 ], [ 126.914753, 35.155956 ], [ 126.914753, 35.155956 ], [ 126.914753, 35.155956 ], [ 126.914752, 35.155956 ], [ 126.914752, 35.155956 ], [ 126.914752, 35.155956 ], [ 126.914752, 35.155955 ], [ 126.914752, 35.155955 ], [ 126.914752, 35.155955 ], [ 126.914752, 35.155954 ], [ 126.914752, 35.155954 ], [ 126.914752, 35.155954 ], [ 126.914753, 35.155954 ], [ 126.914753, 35.155954 ], [ 126.914753, 35.155954 ], [ 126.914754, 35.155954 ], [ 126.914754, 35.155954 ], [ 126.914754, 35.155954 ], [ 126.914754, 35.155955 ], [ 126.914754, 35.155955 ] ] ] } },
{ "type": "Feature", "properties": { "kind": "cctv", "name": "CCTV 3대", "sub": "200만 · 설치 2018", "addr": "동구 제봉로212번길 2", "z": 8.6, "part": 0, "base": 0.0, "top": 6.0, "mcolor": "#78788a" }, "geometry": { "type": "Polygon", "coordinates": [ [ [ 126.915052, 35.15459 ], [ 126.915052, 35.15459 ], [ 126.915052, 35.15459 ], [ 126.915052, 35.154591 ], [ 126.915051, 35.154591 ], [ 126.915051, 35.154591 ], [ 126.915051, 35.154591 ], [ 126.915051, 35.154591 ], [ 126.915051, 35.154591 ], [ 126.91505, 35.154591 ], [ 126.91505, 35.15459 ], [ 126.91505, 35.15459 ], [ 126.91505, 35.15459 ], [ 126.91505, 35.15459 ], [ 126.91505, 35.15459 ], [ 126.91505, 35.154589 ], [ 126.915051, 35.154589 ], [ 126.915051, 35.154589 ], [ 126.915051, 35.154589 ], [ 126.915051, 35.154589 ], [ 126.915051, 35.154589 ], [ 126.915052, 35.154589 ], [ 126.915052, 35.15459 ], [ 126.915052, 35.15459 ], [ 126.915052, 35.15459 ] ] ] } },
{ "type": "Feature", "properties": { "kind": "cctv", "name": "CCTV 3대", "sub": "200만 · 설치 2018", "addr": "동구 제봉로212번길 2", "z": 8.6, "part": 1, "base": 6.0, "top": 6.45, "mcolor": "#b98cff" }, "geometry": { "type": "Polygon", "coordinates": [ [ [ 126.915054, 35.15459 ], [ 126.915054, 35.154591 ], [ 126.915054, 35.154591 ], [ 126.915053, 35.154592 ], [ 126.915053, 35.154592 ], [ 126.915052, 35.154592 ], [ 126.915051, 35.154593 ], [ 126.91505, 35.154592 ], [ 126.915049, 35.154592 ], [ 126.915049, 35.154592 ], [ 126.915048, 35.154591 ], [ 126.915048, 35.154591 ], [ 126.915048, 35.15459 ], [ 126.915048, 35.154589 ], [ 126.915048, 35.154589 ], [ 126.915049, 35.154588 ], [ 126.915049, 35.154588 ], [ 126.91505, 35.154588 ], [ 126.915051, 35.154587 ], [ 126.915052, 35.154588 ], [ 126.915053, 35.154588 ], [ 126.915053, 35.154588 ], [ 126.915054, 35.154589 ], [ 126.915054, 35.154589 ], [ 126.915054, 35.15459 ] ] ] } },
{ "type": "Feature", "properties": { "kind": "cctv", "name": "CCTV 3대", "sub": "200만 · 설치 2018", "addr": "동구 제봉로212번길 2", "z": 8.6, "part": 2, "base": 6.3, "top": 6.6, "mcolor": "#e1cdff" }, "geometry": { "type": "Polygon", "coordinates": [ [ [ 126.915052, 35.15459 ], [ 126.915052, 35.15459 ], [ 126.915052, 35.154591 ], [ 126.915052, 35.154591 ], [ 126.915052, 35.154591 ], [ 126.915051, 35.154591 ], [ 126.915051, 35.154591 ], [ 126.915051, 35.154591 ], [ 126.91505, 35.154591 ], [ 126.91505, 35.154591 ], [ 126.91505, 35.154591 ], [ 126.91505, 35.15459 ], [ 126.91505, 35.15459 ], [ 126.91505, 35.15459 ], [ 126.91505, 35.154589 ], [ 126.91505, 35.154589 ], [ 126.91505, 35.154589 ], [ 126.915051, 35.154589 ], [ 126.915051, 35.154589 ], [ 126.915051, 35.154589 ], [ 126.915052, 35.154589 ], [ 126.915052, 35.154589 ], [ 126.915052, 35.154589 ], [ 126.915052, 35.15459 ], [ 126.915052, 35.15459 ] ] ] } },
{ "type": "Feature", "properties": { "kind": "cctv", "name": "CCTV 4대", "sub": "200만 · 설치 2021", "addr": "동구 제봉로 208", "z": 8.7, "part": 0, "base": 0.0, "top": 6.5, "mcolor": "#78788a" }, "geometry": { "type": "Polygon", "coordinates": [ [ [ 126.91509, 35.154078 ], [ 126.91509, 35.154078 ], [ 126.91509, 35.154078 ], [ 126.91509, 35.154079 ], [ 126.915089, 35.154079 ], [ 126.915089, 35.154079 ], [ 126.915089, 35.154079 ], [ 126.915089, 35.154079 ], [ 126.915089, 35.154079 ], [ 126.915088, 35.154079 ], [ 126.915088, 35.154078 ], [ 126.915088, 35.154078 ], [ 126.915088, 35.154078 ], [ 126.915088, 35.154078 ], [ 126.915088, 35.154078 ], [ 126.915088, 35.154077 ], [ 126.915089, 35.154077 ], [ 126.915089, 35.154077 ], [ 126.915089, 35.154077 ], [ 126.915089, 35.154077 ], [ 126.915089, 35.154077 ], [ 126.91509, 35.154077 ], [ 126.91509, 35.154078 ], [ 126.91509, 35.154078 ], [ 126.91509, 35.154078 ] ] ] } },
{ "type": "Feature", "properties": { "kind": "cctv", "name": "CCTV 4대", "sub": "200만 · 설치 2021", "addr": "동구 제봉로 208", "z": 8.7, "part": 1, "base": 6.5, "top": 6.95, "mcolor": "#b98cff" }, "geometry": { "type": "Polygon", "coordinates": [ [ [ 126.915092, 35.154078 ], [ 126.915092, 35.154079 ], [ 126.915092, 35.154079 ], [ 126.915091, 35.15408 ], [ 126.915091, 35.15408 ], [ 126.91509, 35.15408 ], [ 126.915089, 35.154081 ], [ 126.915088, 35.15408 ], [ 126.915087, 35.15408 ], [ 126.915087, 35.15408 ], [ 126.915086, 35.154079 ], [ 126.915086, 35.154079 ], [ 126.915086, 35.154078 ], [ 126.915086, 35.154077 ], [ 126.915086, 35.154077 ], [ 126.915087, 35.154076 ], [ 126.915087, 35.154076 ], [ 126.915088, 35.154076 ], [ 126.915089, 35.154075 ], [ 126.91509, 35.154076 ], [ 126.915091, 35.154076 ], [ 126.915091, 35.154076 ], [ 126.915092, 35.154077 ], [ 126.915092, 35.154077 ], [ 126.915092, 35.154078 ] ] ] } },
{ "type": "Feature", "properties": { "kind": "cctv", "name": "CCTV 4대", "sub": "200만 · 설치 2021", "addr": "동구 제봉로 208", "z": 8.7, "part": 2, "base": 6.8, "top": 7.1, "mcolor": "#e1cdff" }, "geometry": { "type": "Polygon", "coordinates": [ [ [ 126.91509, 35.154078 ], [ 126.91509, 35.154078 ], [ 126.91509, 35.154079 ], [ 126.91509, 35.154079 ], [ 126.91509, 35.154079 ], [ 126.915089, 35.154079 ], [ 126.915089, 35.154079 ], [ 126.915089, 35.154079 ], [ 126.915088, 35.154079 ], [ 126.915088, 35.154079 ], [ 126.915088, 35.154079 ], [ 126.915088, 35.154078 ], [ 126.915088, 35.154078 ], [ 126.915088, 35.154078 ], [ 126.915088, 35.154077 ], [ 126.915088, 35.154077 ], [ 126.915088, 35.154077 ], [ 126.915089, 35.154077 ], [ 126.915089, 35.154077 ], [ 126.915089, 35.154077 ], [ 126.91509, 35.154077 ], [ 126.91509, 35.154077 ], [ 126.91509, 35.154077 ], [ 126.91509, 35.154078 ], [ 126.91509, 35.154078 ] ] ] } },
{ "type": "Feature", "properties": { "kind": "cctv", "name": "CCTV 2대", "sub": "200만 · 설치 2020", "addr": "동구 동계천로 26   ", "z": 7.8, "part": 0, "base": 0.0, "top": 5.5, "mcolor": "#78788a" }, "geometry": { "type": "Polygon", "coordinates": [ [ [ 126.915146, 35.155538 ], [ 126.915146, 35.155538 ], [ 126.915146, 35.155538 ], [ 126.915146, 35.155539 ], [ 126.915145, 35.155539 ], [ 126.915145, 35.155539 ], [ 126.915145, 35.155539 ], [ 126.915145, 35.155539 ], [ 126.915145, 35.155539 ], [ 126.915144, 35.155539 ], [ 126.915144, 35.155538 ], [ 126.915144, 35.155538 ], [ 126.915144, 35.155538 ], [ 126.915144, 35.155538 ], [ 126.915144, 35.155538 ], [ 126.915144, 35.155537 ], [ 126.915145, 35.155537 ], [ 126.915145, 35.155537 ], [ 126.915145, 35.155537 ], [ 126.915145, 35.155537 ], [ 126.915145, 35.155537 ], [ 126.915146, 35.155537 ], [ 126.915146, 35.155538 ], [ 126.915146, 35.155538 ], [ 126.915146, 35.155538 ] ] ] } },
{ "type": "Feature", "properties": { "kind": "cctv", "name": "CCTV 2대", "sub": "200만 · 설치 2020", "addr": "동구 동계천로 26   ", "z": 7.8, "part": 1, "base": 5.5, "top": 5.95, "mcolor": "#b98cff" }, "geometry": { "type": "Polygon", "coordinates": [ [ [ 126.915148, 35.155538 ], [ 126.915148, 35.155539 ], [ 126.915148, 35.155539 ], [ 126.915147, 35.15554 ], [ 126.915147, 35.15554 ], [ 126.915146, 35.15554 ], [ 126.915145, 35.155541 ], [ 126.915144, 35.15554 ], [ 126.915143, 35.15554 ], [ 126.915143, 35.15554 ], [ 126.915142, 35.155539 ], [ 126.915142, 35.155539 ], [ 126.915142, 35.155538 ], [ 126.915142, 35.155537 ], [ 126.915142, 35.155537 ], [ 126.915143, 35.155536 ], [ 126.915143, 35.155536 ], [ 126.915144, 35.155536 ], [ 126.915145, 35.155535 ], [ 126.915146, 35.155536 ], [ 126.915147, 35.155536 ], [ 126.915147, 35.155536 ], [ 126.915148, 35.155537 ], [ 126.915148, 35.155537 ], [ 126.915148, 35.155538 ] ] ] } },
{ "type": "Feature", "properties": { "kind": "cctv", "name": "CCTV 2대", "sub": "200만 · 설치 2020", "addr": "동구 동계천로 26   ", "z": 7.8, "part": 2, "base": 5.8, "top": 6.1, "mcolor": "#e1cdff" }, "geometry": { "type": "Polygon", "coordinates": [ [ [ 126.915146, 35.155538 ], [ 126.915146, 35.155538 ], [ 126.915146, 35.155539 ], [ 126.915146, 35.155539 ], [ 126.915146, 35.155539 ], [ 126.915145, 35.155539 ], [ 126.915145, 35.155539 ], [ 126.915145, 35.155539 ], [ 126.915144, 35.155539 ], [ 126.915144, 35.155539 ], [ 126.915144, 35.155539 ], [ 126.915144, 35.155538 ], [ 126.915144, 35.155538 ], [ 126.915144, 35.155538 ], [ 126.915144, 35.155537 ], [ 126.915144, 35.155537 ], [ 126.915144, 35.155537 ], [ 126.915145, 35.155537 ], [ 126.915145, 35.155537 ], [ 126.915145, 35.155537 ], [ 126.915146, 35.155537 ], [ 126.915146, 35.155537 ], [ 126.915146, 35.155537 ], [ 126.915146, 35.155538 ], [ 126.915146, 35.155538 ] ] ] } },
{ "type": "Feature", "properties": { "kind": "cctv", "name": "CCTV 4대", "sub": "200만 · 설치 2017", "addr": "동구 구성로194번길 15-21", "z": 8.9, "part": 0, "base": 0.0, "top": 6.5, "mcolor": "#78788a" }, "geometry": { "type": "Polygon", "coordinates": [ [ [ 126.915863, 35.152549 ], [ 126.915863, 35.152549 ], [ 126.915863, 35.152549 ], [ 126.915863, 35.15255 ], [ 126.915862, 35.15255 ], [ 126.915862, 35.15255 ], [ 126.915862, 35.15255 ], [ 126.915862, 35.15255 ], [ 126.915862, 35.15255 ], [ 126.915861, 35.15255 ], [ 126.915861, 35.152549 ], [ 126.915861, 35.152549 ], [ 126.915861, 35.152549 ], [ 126.915861, 35.152549 ], [ 126.915861, 35.152549 ], [ 126.915861, 35.152548 ], [ 126.915862, 35.152548 ], [ 126.915862, 35.152548 ], [ 126.915862, 35.152548 ], [ 126.915862, 35.152548 ], [ 126.915862, 35.152548 ], [ 126.915863, 35.152548 ], [ 126.915863, 35.152549 ], [ 126.915863, 35.152549 ], [ 126.915863, 35.152549 ] ] ] } },
{ "type": "Feature", "properties": { "kind": "cctv", "name": "CCTV 4대", "sub": "200만 · 설치 2017", "addr": "동구 구성로194번길 15-21", "z": 8.9, "part": 1, "base": 6.5, "top": 6.95, "mcolor": "#b98cff" }, "geometry": { "type": "Polygon", "coordinates": [ [ [ 126.915865, 35.152549 ], [ 126.915865, 35.15255 ], [ 126.915865, 35.15255 ], [ 126.915864, 35.152551 ], [ 126.915864, 35.152551 ], [ 126.915863, 35.152551 ], [ 126.915862, 35.152552 ], [ 126.915861, 35.152551 ], [ 126.91586, 35.152551 ], [ 126.91586, 35.152551 ], [ 126.915859, 35.15255 ], [ 126.915859, 35.15255 ], [ 126.915859, 35.152549 ], [ 126.915859, 35.152548 ], [ 126.915859, 35.152548 ], [ 126.91586, 35.152547 ], [ 126.91586, 35.152547 ], [ 126.915861, 35.152547 ], [ 126.915862, 35.152546 ], [ 126.915863, 35.152547 ], [ 126.915864, 35.152547 ], [ 126.915864, 35.152547 ], [ 126.915865, 35.152548 ], [ 126.915865, 35.152548 ], [ 126.915865, 35.152549 ] ] ] } },
{ "type": "Feature", "properties": { "kind": "cctv", "name": "CCTV 4대", "sub": "200만 · 설치 2017", "addr": "동구 구성로194번길 15-21", "z": 8.9, "part": 2, "base": 6.8, "top": 7.1, "mcolor": "#e1cdff" }, "geometry": { "type": "Polygon", "coordinates": [ [ [ 126.915863, 35.152549 ], [ 126.915863, 35.152549 ], [ 126.915863, 35.15255 ], [ 126.915863, 35.15255 ], [ 126.915863, 35.15255 ], [ 126.915862, 35.15255 ], [ 126.915862, 35.15255 ], [ 126.915862, 35.15255 ], [ 126.915861, 35.15255 ], [ 126.915861, 35.15255 ], [ 126.915861, 35.15255 ], [ 126.915861, 35.152549 ], [ 126.915861, 35.152549 ], [ 126.915861, 35.152549 ], [ 126.915861, 35.152548 ], [ 126.915861, 35.152548 ], [ 126.915861, 35.152548 ], [ 126.915862, 35.152548 ], [ 126.915862, 35.152548 ], [ 126.915862, 35.152548 ], [ 126.915863, 35.152548 ], [ 126.915863, 35.152548 ], [ 126.915863, 35.152548 ], [ 126.915863, 35.152549 ], [ 126.915863, 35.152549 ] ] ] } },
{ "type": "Feature", "properties": { "kind": "cctv", "name": "CCTV 2대", "sub": "200만 · 설치 2021", "addr": "동구 구성로 221-1", "z": 8.8, "part": 0, "base": 0.0, "top": 5.5, "mcolor": "#78788a" }, "geometry": { "type": "Polygon", "coordinates": [ [ [ 126.916137, 35.154892 ], [ 126.916137, 35.154892 ], [ 126.916137, 35.154892 ], [ 126.916137, 35.154893 ], [ 126.916136, 35.154893 ], [ 126.916136, 35.154893 ], [ 126.916136, 35.154893 ], [ 126.916136, 35.154893 ], [ 126.916136, 35.154893 ], [ 126.916135, 35.154893 ], [ 126.916135, 35.154892 ], [ 126.916135, 35.154892 ], [ 126.916135, 35.154892 ], [ 126.916135, 35.154892 ], [ 126.916135, 35.154892 ], [ 126.916135, 35.154891 ], [ 126.916136, 35.154891 ], [ 126.916136, 35.154891 ], [ 126.916136, 35.154891 ], [ 126.916136, 35.154891 ], [ 126.916136, 35.154891 ], [ 126.916137, 35.154891 ], [ 126.916137, 35.154892 ], [ 126.916137, 35.154892 ], [ 126.916137, 35.154892 ] ] ] } },
{ "type": "Feature", "properties": { "kind": "cctv", "name": "CCTV 2대", "sub": "200만 · 설치 2021", "addr": "동구 구성로 221-1", "z": 8.8, "part": 1, "base": 5.5, "top": 5.95, "mcolor": "#b98cff" }, "geometry": { "type": "Polygon", "coordinates": [ [ [ 126.916139, 35.154892 ], [ 126.916139, 35.154893 ], [ 126.916139, 35.154893 ], [ 126.916138, 35.154894 ], [ 126.916138, 35.154894 ], [ 126.916137, 35.154894 ], [ 126.916136, 35.154895 ], [ 126.916135, 35.154894 ], [ 126.916134, 35.154894 ], [ 126.916134, 35.154894 ], [ 126.916133, 35.154893 ], [ 126.916133, 35.154893 ], [ 126.916133, 35.154892 ], [ 126.916133, 35.154891 ], [ 126.916133, 35.154891 ], [ 126.916134, 35.15489 ], [ 126.916134, 35.15489 ], [ 126.916135, 35.15489 ], [ 126.916136, 35.154889 ], [ 126.916137, 35.15489 ], [ 126.916138, 35.15489 ], [ 126.916138, 35.15489 ], [ 126.916139, 35.154891 ], [ 126.916139, 35.154891 ], [ 126.916139, 35.154892 ] ] ] } },
{ "type": "Feature", "properties": { "kind": "cctv", "name": "CCTV 2대", "sub": "200만 · 설치 2021", "addr": "동구 구성로 221-1", "z": 8.8, "part": 2, "base": 5.8, "top": 6.1, "mcolor": "#e1cdff" }, "geometry": { "type": "Polygon", "coordinates": [ [ [ 126.916137, 35.154892 ], [ 126.916137, 35.154892 ], [ 126.916137, 35.154893 ], [ 126.916137, 35.154893 ], [ 126.916137, 35.154893 ], [ 126.916136, 35.154893 ], [ 126.916136, 35.154893 ], [ 126.916136, 35.154893 ], [ 126.916135, 35.154893 ], [ 126.916135, 35.154893 ], [ 126.916135, 35.154893 ], [ 126.916135, 35.154892 ], [ 126.916135, 35.154892 ], [ 126.916135, 35.154892 ], [ 126.916135, 35.154891 ], [ 126.916135, 35.154891 ], [ 126.916135, 35.154891 ], [ 126.916136, 35.154891 ], [ 126.916136, 35.154891 ], [ 126.916136, 35.154891 ], [ 126.916137, 35.154891 ], [ 126.916137, 35.154891 ], [ 126.916137, 35.154891 ], [ 126.916137, 35.154892 ], [ 126.916137, 35.154892 ] ] ] } },
{ "type": "Feature", "properties": { "kind": "cctv", "name": "CCTV 1대", "sub": "200만 · 설치 2023", "addr": "동구 제봉로 191-1", "z": 8.8, "part": 0, "base": 0.0, "top": 5.0, "mcolor": "#78788a" }, "geometry": { "type": "Polygon", "coordinates": [ [ [ 126.916197, 35.15317 ], [ 126.916197, 35.15317 ], [ 126.916197, 35.15317 ], [ 126.916197, 35.153171 ], [ 126.916196, 35.153171 ], [ 126.916196, 35.153171 ], [ 126.916196, 35.153171 ], [ 126.916196, 35.153171 ], [ 126.916196, 35.153171 ], [ 126.916195, 35.153171 ], [ 126.916195, 35.15317 ], [ 126.916195, 35.15317 ], [ 126.916195, 35.15317 ], [ 126.916195, 35.15317 ], [ 126.916195, 35.15317 ], [ 126.916195, 35.153169 ], [ 126.916196, 35.153169 ], [ 126.916196, 35.153169 ], [ 126.916196, 35.153169 ], [ 126.916196, 35.153169 ], [ 126.916196, 35.153169 ], [ 126.916197, 35.153169 ], [ 126.916197, 35.15317 ], [ 126.916197, 35.15317 ], [ 126.916197, 35.15317 ] ] ] } },
{ "type": "Feature", "properties": { "kind": "cctv", "name": "CCTV 1대", "sub": "200만 · 설치 2023", "addr": "동구 제봉로 191-1", "z": 8.8, "part": 1, "base": 5.0, "top": 5.45, "mcolor": "#b98cff" }, "geometry": { "type": "Polygon", "coordinates": [ [ [ 126.916199, 35.15317 ], [ 126.916199, 35.153171 ], [ 126.916199, 35.153171 ], [ 126.916198, 35.153172 ], [ 126.916198, 35.153172 ], [ 126.916197, 35.153172 ], [ 126.916196, 35.153173 ], [ 126.916195, 35.153172 ], [ 126.916194, 35.153172 ], [ 126.916194, 35.153172 ], [ 126.916193, 35.153171 ], [ 126.916193, 35.153171 ], [ 126.916193, 35.15317 ], [ 126.916193, 35.153169 ], [ 126.916193, 35.153169 ], [ 126.916194, 35.153168 ], [ 126.916194, 35.153168 ], [ 126.916195, 35.153168 ], [ 126.916196, 35.153167 ], [ 126.916197, 35.153168 ], [ 126.916198, 35.153168 ], [ 126.916198, 35.153168 ], [ 126.916199, 35.153169 ], [ 126.916199, 35.153169 ], [ 126.916199, 35.15317 ] ] ] } },
{ "type": "Feature", "properties": { "kind": "cctv", "name": "CCTV 1대", "sub": "200만 · 설치 2023", "addr": "동구 제봉로 191-1", "z": 8.8, "part": 2, "base": 5.3, "top": 5.6, "mcolor": "#e1cdff" }, "geometry": { "type": "Polygon", "coordinates": [ [ [ 126.916197, 35.15317 ], [ 126.916197, 35.15317 ], [ 126.916197, 35.153171 ], [ 126.916197, 35.153171 ], [ 126.916197, 35.153171 ], [ 126.916196, 35.153171 ], [ 126.916196, 35.153171 ], [ 126.916196, 35.153171 ], [ 126.916195, 35.153171 ], [ 126.916195, 35.153171 ], [ 126.916195, 35.153171 ], [ 126.916195, 35.15317 ], [ 126.916195, 35.15317 ], [ 126.916195, 35.15317 ], [ 126.916195, 35.153169 ], [ 126.916195, 35.153169 ], [ 126.916195, 35.153169 ], [ 126.916196, 35.153169 ], [ 126.916196, 35.153169 ], [ 126.916196, 35.153169 ], [ 126.916197, 35.153169 ], [ 126.916197, 35.153169 ], [ 126.916197, 35.153169 ], [ 126.916197, 35.15317 ], [ 126.916197, 35.15317 ] ] ] } },
{ "type": "Feature", "properties": { "kind": "cctv", "name": "CCTV 2대", "sub": "200만 · 설치 2019", "addr": "동구 제봉로 171", "z": 9.8, "part": 0, "base": 0.0, "top": 5.5, "mcolor": "#78788a" }, "geometry": { "type": "Polygon", "coordinates": [ [ [ 126.917919, 35.15195 ], [ 126.917919, 35.15195 ], [ 126.917919, 35.15195 ], [ 126.917919, 35.151951 ], [ 126.917918, 35.151951 ], [ 126.917918, 35.151951 ], [ 126.917918, 35.151951 ], [ 126.917918, 35.151951 ], [ 126.917918, 35.151951 ], [ 126.917917, 35.151951 ], [ 126.917917, 35.15195 ], [ 126.917917, 35.15195 ], [ 126.917917, 35.15195 ], [ 126.917917, 35.15195 ], [ 126.917917, 35.15195 ], [ 126.917917, 35.151949 ], [ 126.917918, 35.151949 ], [ 126.917918, 35.151949 ], [ 126.917918, 35.151949 ], [ 126.917918, 35.151949 ], [ 126.917918, 35.151949 ], [ 126.917919, 35.151949 ], [ 126.917919, 35.15195 ], [ 126.917919, 35.15195 ], [ 126.917919, 35.15195 ] ] ] } },
{ "type": "Feature", "properties": { "kind": "cctv", "name": "CCTV 2대", "sub": "200만 · 설치 2019", "addr": "동구 제봉로 171", "z": 9.8, "part": 1, "base": 5.5, "top": 5.95, "mcolor": "#b98cff" }, "geometry": { "type": "Polygon", "coordinates": [ [ [ 126.917921, 35.15195 ], [ 126.917921, 35.151951 ], [ 126.917921, 35.151951 ], [ 126.91792, 35.151952 ], [ 126.91792, 35.151952 ], [ 126.917919, 35.151952 ], [ 126.917918, 35.151953 ], [ 126.917917, 35.151952 ], [ 126.917916, 35.151952 ], [ 126.917916, 35.151952 ], [ 126.917915, 35.151951 ], [ 126.917915, 35.151951 ], [ 126.917915, 35.15195 ], [ 126.917915, 35.151949 ], [ 126.917915, 35.151949 ], [ 126.917916, 35.151948 ], [ 126.917916, 35.151948 ], [ 126.917917, 35.151948 ], [ 126.917918, 35.151947 ], [ 126.917919, 35.151948 ], [ 126.91792, 35.151948 ], [ 126.91792, 35.151948 ], [ 126.917921, 35.151949 ], [ 126.917921, 35.151949 ], [ 126.917921, 35.15195 ] ] ] } },
{ "type": "Feature", "properties": { "kind": "cctv", "name": "CCTV 2대", "sub": "200만 · 설치 2019", "addr": "동구 제봉로 171", "z": 9.8, "part": 2, "base": 5.8, "top": 6.1, "mcolor": "#e1cdff" }, "geometry": { "type": "Polygon", "coordinates": [ [ [ 126.917919, 35.15195 ], [ 126.917919, 35.15195 ], [ 126.917919, 35.151951 ], [ 126.917919, 35.151951 ], [ 126.917919, 35.151951 ], [ 126.917918, 35.151951 ], [ 126.917918, 35.151951 ], [ 126.917918, 35.151951 ], [ 126.917917, 35.151951 ], [ 126.917917, 35.151951 ], [ 126.917917, 35.151951 ], [ 126.917917, 35.15195 ], [ 126.917917, 35.15195 ], [ 126.917917, 35.15195 ], [ 126.917917, 35.151949 ], [ 126.917917, 35.151949 ], [ 126.917917, 35.151949 ], [ 126.917918, 35.151949 ], [ 126.917918, 35.151949 ], [ 126.917918, 35.151949 ], [ 126.917919, 35.151949 ], [ 126.917919, 35.151949 ], [ 126.917919, 35.151949 ], [ 126.917919, 35.15195 ], [ 126.917919, 35.15195 ] ] ] } },
{ "type": "Feature", "properties": { "kind": "cctv", "name": "CCTV 4대", "sub": "200만 · 설치 2013", "addr": "동구 제봉로 167", "z": 10.4, "part": 0, "base": 0.0, "top": 6.5, "mcolor": "#78788a" }, "geometry": { "type": "Polygon", "coordinates": [ [ [ 126.918411, 35.151344 ], [ 126.918411, 35.151344 ], [ 126.918411, 35.151344 ], [ 126.918411, 35.151345 ], [ 126.91841, 35.151345 ], [ 126.91841, 35.151345 ], [ 126.91841, 35.151345 ], [ 126.91841, 35.151345 ], [ 126.91841, 35.151345 ], [ 126.918409, 35.151345 ], [ 126.918409, 35.151344 ], [ 126.918409, 35.151344 ], [ 126.918409, 35.151344 ], [ 126.918409, 35.151344 ], [ 126.918409, 35.151344 ], [ 126.918409, 35.151343 ], [ 126.91841, 35.151343 ], [ 126.91841, 35.151343 ], [ 126.91841, 35.151343 ], [ 126.91841, 35.151343 ], [ 126.91841, 35.151343 ], [ 126.918411, 35.151343 ], [ 126.918411, 35.151344 ], [ 126.918411, 35.151344 ], [ 126.918411, 35.151344 ] ] ] } },
{ "type": "Feature", "properties": { "kind": "cctv", "name": "CCTV 4대", "sub": "200만 · 설치 2013", "addr": "동구 제봉로 167", "z": 10.4, "part": 1, "base": 6.5, "top": 6.95, "mcolor": "#b98cff" }, "geometry": { "type": "Polygon", "coordinates": [ [ [ 126.918413, 35.151344 ], [ 126.918413, 35.151345 ], [ 126.918413, 35.151345 ], [ 126.918412, 35.151346 ], [ 126.918412, 35.151346 ], [ 126.918411, 35.151346 ], [ 126.91841, 35.151347 ], [ 126.918409, 35.151346 ], [ 126.918408, 35.151346 ], [ 126.918408, 35.151346 ], [ 126.918407, 35.151345 ], [ 126.918407, 35.151345 ], [ 126.918407, 35.151344 ], [ 126.918407, 35.151343 ], [ 126.918407, 35.151343 ], [ 126.918408, 35.151342 ], [ 126.918408, 35.151342 ], [ 126.918409, 35.151342 ], [ 126.91841, 35.151341 ], [ 126.918411, 35.151342 ], [ 126.918412, 35.151342 ], [ 126.918412, 35.151342 ], [ 126.918413, 35.151343 ], [ 126.918413, 35.151343 ], [ 126.918413, 35.151344 ] ] ] } },
{ "type": "Feature", "properties": { "kind": "cctv", "name": "CCTV 4대", "sub": "200만 · 설치 2013", "addr": "동구 제봉로 167", "z": 10.4, "part": 2, "base": 6.8, "top": 7.1, "mcolor": "#e1cdff" }, "geometry": { "type": "Polygon", "coordinates": [ [ [ 126.918411, 35.151344 ], [ 126.918411, 35.151344 ], [ 126.918411, 35.151345 ], [ 126.918411, 35.151345 ], [ 126.918411, 35.151345 ], [ 126.91841, 35.151345 ], [ 126.91841, 35.151345 ], [ 126.91841, 35.151345 ], [ 126.918409, 35.151345 ], [ 126.918409, 35.151345 ], [ 126.918409, 35.151345 ], [ 126.918409, 35.151344 ], [ 126.918409, 35.151344 ], [ 126.918409, 35.151344 ], [ 126.918409, 35.151343 ], [ 126.918409, 35.151343 ], [ 126.918409, 35.151343 ], [ 126.91841, 35.151343 ], [ 126.91841, 35.151343 ], [ 126.91841, 35.151343 ], [ 126.918411, 35.151343 ], [ 126.918411, 35.151343 ], [ 126.918411, 35.151343 ], [ 126.918411, 35.151344 ], [ 126.918411, 35.151344 ] ] ] } },
{ "type": "Feature", "properties": { "kind": "cctv", "name": "CCTV 4대", "sub": "200만 · 설치 2024", "addr": "동구 구성로238번길 26", "z": 8.8, "part": 0, "base": 0.0, "top": 6.5, "mcolor": "#78788a" }, "geometry": { "type": "Polygon", "coordinates": [ [ [ 126.919221, 35.154452 ], [ 126.919221, 35.154452 ], [ 126.919221, 35.154452 ], [ 126.919221, 35.154453 ], [ 126.91922, 35.154453 ], [ 126.91922, 35.154453 ], [ 126.91922, 35.154453 ], [ 126.91922, 35.154453 ], [ 126.91922, 35.154453 ], [ 126.919219, 35.154453 ], [ 126.919219, 35.154452 ], [ 126.919219, 35.154452 ], [ 126.919219, 35.154452 ], [ 126.919219, 35.154452 ], [ 126.919219, 35.154452 ], [ 126.919219, 35.154451 ], [ 126.91922, 35.154451 ], [ 126.91922, 35.154451 ], [ 126.91922, 35.154451 ], [ 126.91922, 35.154451 ], [ 126.91922, 35.154451 ], [ 126.919221, 35.154451 ], [ 126.919221, 35.154452 ], [ 126.919221, 35.154452 ], [ 126.919221, 35.154452 ] ] ] } },
{ "type": "Feature", "properties": { "kind": "cctv", "name": "CCTV 4대", "sub": "200만 · 설치 2024", "addr": "동구 구성로238번길 26", "z": 8.8, "part": 1, "base": 6.5, "top": 6.95, "mcolor": "#b98cff" }, "geometry": { "type": "Polygon", "coordinates": [ [ [ 126.919223, 35.154452 ], [ 126.919223, 35.154453 ], [ 126.919223, 35.154453 ], [ 126.919222, 35.154454 ], [ 126.919222, 35.154454 ], [ 126.919221, 35.154454 ], [ 126.91922, 35.154455 ], [ 126.919219, 35.154454 ], [ 126.919218, 35.154454 ], [ 126.919218, 35.154454 ], [ 126.919217, 35.154453 ], [ 126.919217, 35.154453 ], [ 126.919217, 35.154452 ], [ 126.919217, 35.154451 ], [ 126.919217, 35.154451 ], [ 126.919218, 35.15445 ], [ 126.919218, 35.15445 ], [ 126.919219, 35.15445 ], [ 126.91922, 35.154449 ], [ 126.919221, 35.15445 ], [ 126.919222, 35.15445 ], [ 126.919222, 35.15445 ], [ 126.919223, 35.154451 ], [ 126.919223, 35.154451 ], [ 126.919223, 35.154452 ] ] ] } },
{ "type": "Feature", "properties": { "kind": "cctv", "name": "CCTV 4대", "sub": "200만 · 설치 2024", "addr": "동구 구성로238번길 26", "z": 8.8, "part": 2, "base": 6.8, "top": 7.1, "mcolor": "#e1cdff" }, "geometry": { "type": "Polygon", "coordinates": [ [ [ 126.919221, 35.154452 ], [ 126.919221, 35.154452 ], [ 126.919221, 35.154453 ], [ 126.919221, 35.154453 ], [ 126.919221, 35.154453 ], [ 126.91922, 35.154453 ], [ 126.91922, 35.154453 ], [ 126.91922, 35.154453 ], [ 126.919219, 35.154453 ], [ 126.919219, 35.154453 ], [ 126.919219, 35.154453 ], [ 126.919219, 35.154452 ], [ 126.919219, 35.154452 ], [ 126.919219, 35.154452 ], [ 126.919219, 35.154451 ], [ 126.919219, 35.154451 ], [ 126.919219, 35.154451 ], [ 126.91922, 35.154451 ], [ 126.91922, 35.154451 ], [ 126.91922, 35.154451 ], [ 126.919221, 35.154451 ], [ 126.919221, 35.154451 ], [ 126.919221, 35.154451 ], [ 126.919221, 35.154452 ], [ 126.919221, 35.154452 ] ] ] } },
{ "type": "Feature", "properties": { "kind": "cctv", "name": "CCTV 4대", "sub": "200만 · 설치 2018", "addr": "동구 동계천로 85", "z": 11.4, "part": 0, "base": 0.0, "top": 6.5, "mcolor": "#78788a" }, "geometry": { "type": "Polygon", "coordinates": [ [ [ 126.920346, 35.152207 ], [ 126.920346, 35.152207 ], [ 126.920346, 35.152207 ], [ 126.920346, 35.152208 ], [ 126.920345, 35.152208 ], [ 126.920345, 35.152208 ], [ 126.920345, 35.152208 ], [ 126.920345, 35.152208 ], [ 126.920345, 35.152208 ], [ 126.920344, 35.152208 ], [ 126.920344, 35.152207 ], [ 126.920344, 35.152207 ], [ 126.920344, 35.152207 ], [ 126.920344, 35.152207 ], [ 126.920344, 35.152207 ], [ 126.920344, 35.152206 ], [ 126.920345, 35.152206 ], [ 126.920345, 35.152206 ], [ 126.920345, 35.152206 ], [ 126.920345, 35.152206 ], [ 126.920345, 35.152206 ], [ 126.920346, 35.152206 ], [ 126.920346, 35.152207 ], [ 126.920346, 35.152207 ], [ 126.920346, 35.152207 ] ] ] } },
{ "type": "Feature", "properties": { "kind": "cctv", "name": "CCTV 4대", "sub": "200만 · 설치 2018", "addr": "동구 동계천로 85", "z": 11.4, "part": 1, "base": 6.5, "top": 6.95, "mcolor": "#b98cff" }, "geometry": { "type": "Polygon", "coordinates": [ [ [ 126.920348, 35.152207 ], [ 126.920348, 35.152208 ], [ 126.920348, 35.152208 ], [ 126.920347, 35.152209 ], [ 126.920347, 35.152209 ], [ 126.920346, 35.152209 ], [ 126.920345, 35.15221 ], [ 126.920344, 35.152209 ], [ 126.920343, 35.152209 ], [ 126.920343, 35.152209 ], [ 126.920342, 35.152208 ], [ 126.920342, 35.152208 ], [ 126.920342, 35.152207 ], [ 126.920342, 35.152206 ], [ 126.920342, 35.152206 ], [ 126.920343, 35.152205 ], [ 126.920343, 35.152205 ], [ 126.920344, 35.152205 ], [ 126.920345, 35.152204 ], [ 126.920346, 35.152205 ], [ 126.920347, 35.152205 ], [ 126.920347, 35.152205 ], [ 126.920348, 35.152206 ], [ 126.920348, 35.152206 ], [ 126.920348, 35.152207 ] ] ] } },
{ "type": "Feature", "properties": { "kind": "cctv", "name": "CCTV 4대", "sub": "200만 · 설치 2018", "addr": "동구 동계천로 85", "z": 11.4, "part": 2, "base": 6.8, "top": 7.1, "mcolor": "#e1cdff" }, "geometry": { "type": "Polygon", "coordinates": [ [ [ 126.920346, 35.152207 ], [ 126.920346, 35.152207 ], [ 126.920346, 35.152208 ], [ 126.920346, 35.152208 ], [ 126.920346, 35.152208 ], [ 126.920345, 35.152208 ], [ 126.920345, 35.152208 ], [ 126.920345, 35.152208 ], [ 126.920344, 35.152208 ], [ 126.920344, 35.152208 ], [ 126.920344, 35.152208 ], [ 126.920344, 35.152207 ], [ 126.920344, 35.152207 ], [ 126.920344, 35.152207 ], [ 126.920344, 35.152206 ], [ 126.920344, 35.152206 ], [ 126.920344, 35.152206 ], [ 126.920345, 35.152206 ], [ 126.920345, 35.152206 ], [ 126.920345, 35.152206 ], [ 126.920346, 35.152206 ], [ 126.920346, 35.152206 ], [ 126.920346, 35.152206 ], [ 126.920346, 35.152207 ], [ 126.920346, 35.152207 ] ] ] } },
{ "type": "Feature", "properties": { "kind": "cctv", "name": "CCTV 4대", "sub": "200만 · 설치 2024", "addr": "동구 중앙로246번길 5", "z": 10.7, "part": 0, "base": 0.0, "top": 6.5, "mcolor": "#78788a" }, "geometry": { "type": "Polygon", "coordinates": [ [ [ 126.92037, 35.153392 ], [ 126.92037, 35.153392 ], [ 126.92037, 35.153392 ], [ 126.92037, 35.153393 ], [ 126.920369, 35.153393 ], [ 126.920369, 35.153393 ], [ 126.920369, 35.153393 ], [ 126.920369, 35.153393 ], [ 126.920369, 35.153393 ], [ 126.920368, 35.153393 ], [ 126.920368, 35.153392 ], [ 126.920368, 35.153392 ], [ 126.920368, 35.153392 ], [ 126.920368, 35.153392 ], [ 126.920368, 35.153392 ], [ 126.920368, 35.153391 ], [ 126.920369, 35.153391 ], [ 126.920369, 35.153391 ], [ 126.920369, 35.153391 ], [ 126.920369, 35.153391 ], [ 126.920369, 35.153391 ], [ 126.92037, 35.153391 ], [ 126.92037, 35.153392 ], [ 126.92037, 35.153392 ], [ 126.92037, 35.153392 ] ] ] } },
{ "type": "Feature", "properties": { "kind": "cctv", "name": "CCTV 4대", "sub": "200만 · 설치 2024", "addr": "동구 중앙로246번길 5", "z": 10.7, "part": 1, "base": 6.5, "top": 6.95, "mcolor": "#b98cff" }, "geometry": { "type": "Polygon", "coordinates": [ [ [ 126.920372, 35.153392 ], [ 126.920372, 35.153393 ], [ 126.920372, 35.153393 ], [ 126.920371, 35.153394 ], [ 126.920371, 35.153394 ], [ 126.92037, 35.153394 ], [ 126.920369, 35.153395 ], [ 126.920368, 35.153394 ], [ 126.920367, 35.153394 ], [ 126.920367, 35.153394 ], [ 126.920366, 35.153393 ], [ 126.920366, 35.153393 ], [ 126.920366, 35.153392 ], [ 126.920366, 35.153391 ], [ 126.920366, 35.153391 ], [ 126.920367, 35.15339 ], [ 126.920367, 35.15339 ], [ 126.920368, 35.15339 ], [ 126.920369, 35.153389 ], [ 126.92037, 35.15339 ], [ 126.920371, 35.15339 ], [ 126.920371, 35.15339 ], [ 126.920372, 35.153391 ], [ 126.920372, 35.153391 ], [ 126.920372, 35.153392 ] ] ] } },
{ "type": "Feature", "properties": { "kind": "cctv", "name": "CCTV 4대", "sub": "200만 · 설치 2024", "addr": "동구 중앙로246번길 5", "z": 10.7, "part": 2, "base": 6.8, "top": 7.1, "mcolor": "#e1cdff" }, "geometry": { "type": "Polygon", "coordinates": [ [ [ 126.92037, 35.153392 ], [ 126.92037, 35.153392 ], [ 126.92037, 35.153393 ], [ 126.92037, 35.153393 ], [ 126.92037, 35.153393 ], [ 126.920369, 35.153393 ], [ 126.920369, 35.153393 ], [ 126.920369, 35.153393 ], [ 126.920368, 35.153393 ], [ 126.920368, 35.153393 ], [ 126.920368, 35.153393 ], [ 126.920368, 35.153392 ], [ 126.920368, 35.153392 ], [ 126.920368, 35.153392 ], [ 126.920368, 35.153391 ], [ 126.920368, 35.153391 ], [ 126.920368, 35.153391 ], [ 126.920369, 35.153391 ], [ 126.920369, 35.153391 ], [ 126.920369, 35.153391 ], [ 126.92037, 35.153391 ], [ 126.92037, 35.153391 ], [ 126.92037, 35.153391 ], [ 126.92037, 35.153392 ], [ 126.92037, 35.153392 ] ] ] } },
{ "type": "Feature", "properties": { "kind": "cctv", "name": "CCTV 3대", "sub": "200만 · 설치 2019", "addr": "동구 동계천로95번길 31-14", "z": 10.4, "part": 0, "base": 0.0, "top": 6.0, "mcolor": "#78788a" }, "geometry": { "type": "Polygon", "coordinates": [ [ [ 126.92112, 35.153688 ], [ 126.92112, 35.153688 ], [ 126.92112, 35.153688 ], [ 126.92112, 35.153689 ], [ 126.921119, 35.153689 ], [ 126.921119, 35.153689 ], [ 126.921119, 35.153689 ], [ 126.921119, 35.153689 ], [ 126.921119, 35.153689 ], [ 126.921118, 35.153689 ], [ 126.921118, 35.153688 ], [ 126.921118, 35.153688 ], [ 126.921118, 35.153688 ], [ 126.921118, 35.153688 ], [ 126.921118, 35.153688 ], [ 126.921118, 35.153687 ], [ 126.921119, 35.153687 ], [ 126.921119, 35.153687 ], [ 126.921119, 35.153687 ], [ 126.921119, 35.153687 ], [ 126.921119, 35.153687 ], [ 126.92112, 35.153687 ], [ 126.92112, 35.153688 ], [ 126.92112, 35.153688 ], [ 126.92112, 35.153688 ] ] ] } },
{ "type": "Feature", "properties": { "kind": "cctv", "name": "CCTV 3대", "sub": "200만 · 설치 2019", "addr": "동구 동계천로95번길 31-14", "z": 10.4, "part": 1, "base": 6.0, "top": 6.45, "mcolor": "#b98cff" }, "geometry": { "type": "Polygon", "coordinates": [ [ [ 126.921122, 35.153688 ], [ 126.921122, 35.153689 ], [ 126.921122, 35.153689 ], [ 126.921121, 35.15369 ], [ 126.921121, 35.15369 ], [ 126.92112, 35.15369 ], [ 126.921119, 35.153691 ], [ 126.921118, 35.15369 ], [ 126.921117, 35.15369 ], [ 126.921117, 35.15369 ], [ 126.921116, 35.153689 ], [ 126.921116, 35.153689 ], [ 126.921116, 35.153688 ], [ 126.921116, 35.153687 ], [ 126.921116, 35.153687 ], [ 126.921117, 35.153686 ], [ 126.921117, 35.153686 ], [ 126.921118, 35.153686 ], [ 126.921119, 35.153685 ], [ 126.92112, 35.153686 ], [ 126.921121, 35.153686 ], [ 126.921121, 35.153686 ], [ 126.921122, 35.153687 ], [ 126.921122, 35.153687 ], [ 126.921122, 35.153688 ] ] ] } },
{ "type": "Feature", "properties": { "kind": "cctv", "name": "CCTV 3대", "sub": "200만 · 설치 2019", "addr": "동구 동계천로95번길 31-14", "z": 10.4, "part": 2, "base": 6.3, "top": 6.6, "mcolor": "#e1cdff" }, "geometry": { "type": "Polygon", "coordinates": [ [ [ 126.92112, 35.153688 ], [ 126.92112, 35.153688 ], [ 126.92112, 35.153689 ], [ 126.92112, 35.153689 ], [ 126.92112, 35.153689 ], [ 126.921119, 35.153689 ], [ 126.921119, 35.153689 ], [ 126.921119, 35.153689 ], [ 126.921118, 35.153689 ], [ 126.921118, 35.153689 ], [ 126.921118, 35.153689 ], [ 126.921118, 35.153688 ], [ 126.921118, 35.153688 ], [ 126.921118, 35.153688 ], [ 126.921118, 35.153687 ], [ 126.921118, 35.153687 ], [ 126.921118, 35.153687 ], [ 126.921119, 35.153687 ], [ 126.921119, 35.153687 ], [ 126.921119, 35.153687 ], [ 126.92112, 35.153687 ], [ 126.92112, 35.153687 ], [ 126.92112, 35.153687 ], [ 126.92112, 35.153688 ], [ 126.92112, 35.153688 ] ] ] } },
{ "type": "Feature", "properties": { "kind": "cctv", "name": "CCTV 3대", "sub": "200만 · 설치 2018", "addr": "동구 중앙로 264-7", "z": 10.0, "part": 0, "base": 0.0, "top": 6.0, "mcolor": "#78788a" }, "geometry": { "type": "Polygon", "coordinates": [ [ [ 126.921224, 35.15531 ], [ 126.921224, 35.15531 ], [ 126.921224, 35.15531 ], [ 126.921224, 35.155311 ], [ 126.921223, 35.155311 ], [ 126.921223, 35.155311 ], [ 126.921223, 35.155311 ], [ 126.921223, 35.155311 ], [ 126.921223, 35.155311 ], [ 126.921222, 35.155311 ], [ 126.921222, 35.15531 ], [ 126.921222, 35.15531 ], [ 126.921222, 35.15531 ], [ 126.921222, 35.15531 ], [ 126.921222, 35.15531 ], [ 126.921222, 35.155309 ], [ 126.921223, 35.155309 ], [ 126.921223, 35.155309 ], [ 126.921223, 35.155309 ], [ 126.921223, 35.155309 ], [ 126.921223, 35.155309 ], [ 126.921224, 35.155309 ], [ 126.921224, 35.15531 ], [ 126.921224, 35.15531 ], [ 126.921224, 35.15531 ] ] ] } },
{ "type": "Feature", "properties": { "kind": "cctv", "name": "CCTV 3대", "sub": "200만 · 설치 2018", "addr": "동구 중앙로 264-7", "z": 10.0, "part": 1, "base": 6.0, "top": 6.45, "mcolor": "#b98cff" }, "geometry": { "type": "Polygon", "coordinates": [ [ [ 126.921226, 35.15531 ], [ 126.921226, 35.155311 ], [ 126.921226, 35.155311 ], [ 126.921225, 35.155312 ], [ 126.921225, 35.155312 ], [ 126.921224, 35.155312 ], [ 126.921223, 35.155313 ], [ 126.921222, 35.155312 ], [ 126.921221, 35.155312 ], [ 126.921221, 35.155312 ], [ 126.92122, 35.155311 ], [ 126.92122, 35.155311 ], [ 126.92122, 35.15531 ], [ 126.92122, 35.155309 ], [ 126.92122, 35.155309 ], [ 126.921221, 35.155308 ], [ 126.921221, 35.155308 ], [ 126.921222, 35.155308 ], [ 126.921223, 35.155307 ], [ 126.921224, 35.155308 ], [ 126.921225, 35.155308 ], [ 126.921225, 35.155308 ], [ 126.921226, 35.155309 ], [ 126.921226, 35.155309 ], [ 126.921226, 35.15531 ] ] ] } },
{ "type": "Feature", "properties": { "kind": "cctv", "name": "CCTV 3대", "sub": "200만 · 설치 2018", "addr": "동구 중앙로 264-7", "z": 10.0, "part": 2, "base": 6.3, "top": 6.6, "mcolor": "#e1cdff" }, "geometry": { "type": "Polygon", "coordinates": [ [ [ 126.921224, 35.15531 ], [ 126.921224, 35.15531 ], [ 126.921224, 35.155311 ], [ 126.921224, 35.155311 ], [ 126.921224, 35.155311 ], [ 126.921223, 35.155311 ], [ 126.921223, 35.155311 ], [ 126.921223, 35.155311 ], [ 126.921222, 35.155311 ], [ 126.921222, 35.155311 ], [ 126.921222, 35.155311 ], [ 126.921222, 35.15531 ], [ 126.921222, 35.15531 ], [ 126.921222, 35.15531 ], [ 126.921222, 35.155309 ], [ 126.921222, 35.155309 ], [ 126.921222, 35.155309 ], [ 126.921223, 35.155309 ], [ 126.921223, 35.155309 ], [ 126.921223, 35.155309 ], [ 126.921224, 35.155309 ], [ 126.921224, 35.155309 ], [ 126.921224, 35.155309 ], [ 126.921224, 35.15531 ], [ 126.921224, 35.15531 ] ] ] } },
{ "type": "Feature", "properties": { "kind": "cctv", "name": "CCTV 2대", "sub": "200만 · 설치 2024", "addr": "동구 동계천로85번길 6-12", "z": 12.4, "part": 0, "base": 0.0, "top": 5.5, "mcolor": "#78788a" }, "geometry": { "type": "Polygon", "coordinates": [ [ [ 126.921252, 35.152281 ], [ 126.921252, 35.152281 ], [ 126.921252, 35.152281 ], [ 126.921252, 35.152282 ], [ 126.921251, 35.152282 ], [ 126.921251, 35.152282 ], [ 126.921251, 35.152282 ], [ 126.921251, 35.152282 ], [ 126.921251, 35.152282 ], [ 126.92125, 35.152282 ], [ 126.92125, 35.152281 ], [ 126.92125, 35.152281 ], [ 126.92125, 35.152281 ], [ 126.92125, 35.152281 ], [ 126.92125, 35.152281 ], [ 126.92125, 35.15228 ], [ 126.921251, 35.15228 ], [ 126.921251, 35.15228 ], [ 126.921251, 35.15228 ], [ 126.921251, 35.15228 ], [ 126.921251, 35.15228 ], [ 126.921252, 35.15228 ], [ 126.921252, 35.152281 ], [ 126.921252, 35.152281 ], [ 126.921252, 35.152281 ] ] ] } },
{ "type": "Feature", "properties": { "kind": "cctv", "name": "CCTV 2대", "sub": "200만 · 설치 2024", "addr": "동구 동계천로85번길 6-12", "z": 12.4, "part": 1, "base": 5.5, "top": 5.95, "mcolor": "#b98cff" }, "geometry": { "type": "Polygon", "coordinates": [ [ [ 126.921254, 35.152281 ], [ 126.921254, 35.152282 ], [ 126.921254, 35.152282 ], [ 126.921253, 35.152283 ], [ 126.921253, 35.152283 ], [ 126.921252, 35.152283 ], [ 126.921251, 35.152284 ], [ 126.92125, 35.152283 ], [ 126.921249, 35.152283 ], [ 126.921249, 35.152283 ], [ 126.921248, 35.152282 ], [ 126.921248, 35.152282 ], [ 126.921248, 35.152281 ], [ 126.921248, 35.15228 ], [ 126.921248, 35.15228 ], [ 126.921249, 35.152279 ], [ 126.921249, 35.152279 ], [ 126.92125, 35.152279 ], [ 126.921251, 35.152278 ], [ 126.921252, 35.152279 ], [ 126.921253, 35.152279 ], [ 126.921253, 35.152279 ], [ 126.921254, 35.15228 ], [ 126.921254, 35.15228 ], [ 126.921254, 35.152281 ] ] ] } },
{ "type": "Feature", "properties": { "kind": "cctv", "name": "CCTV 2대", "sub": "200만 · 설치 2024", "addr": "동구 동계천로85번길 6-12", "z": 12.4, "part": 2, "base": 5.8, "top": 6.1, "mcolor": "#e1cdff" }, "geometry": { "type": "Polygon", "coordinates": [ [ [ 126.921252, 35.152281 ], [ 126.921252, 35.152281 ], [ 126.921252, 35.152282 ], [ 126.921252, 35.152282 ], [ 126.921252, 35.152282 ], [ 126.921251, 35.152282 ], [ 126.921251, 35.152282 ], [ 126.921251, 35.152282 ], [ 126.92125, 35.152282 ], [ 126.92125, 35.152282 ], [ 126.92125, 35.152282 ], [ 126.92125, 35.152281 ], [ 126.92125, 35.152281 ], [ 126.92125, 35.152281 ], [ 126.92125, 35.15228 ], [ 126.92125, 35.15228 ], [ 126.92125, 35.15228 ], [ 126.921251, 35.15228 ], [ 126.921251, 35.15228 ], [ 126.921251, 35.15228 ], [ 126.921252, 35.15228 ], [ 126.921252, 35.15228 ], [ 126.921252, 35.15228 ], [ 126.921252, 35.152281 ], [ 126.921252, 35.152281 ] ] ] } },
{ "type": "Feature", "properties": { "kind": "cctv", "name": "CCTV 4대", "sub": "200만 · 설치 2021", "addr": "동구 동계천로95번길 31", "z": 10.6, "part": 0, "base": 0.0, "top": 6.5, "mcolor": "#78788a" }, "geometry": { "type": "Polygon", "coordinates": [ [ [ 126.921523, 35.153979 ], [ 126.921523, 35.153979 ], [ 126.921523, 35.153979 ], [ 126.921523, 35.15398 ], [ 126.921522, 35.15398 ], [ 126.921522, 35.15398 ], [ 126.921522, 35.15398 ], [ 126.921522, 35.15398 ], [ 126.921522, 35.15398 ], [ 126.921521, 35.15398 ], [ 126.921521, 35.153979 ], [ 126.921521, 35.153979 ], [ 126.921521, 35.153979 ], [ 126.921521, 35.153979 ], [ 126.921521, 35.153979 ], [ 126.921521, 35.153978 ], [ 126.921522, 35.153978 ], [ 126.921522, 35.153978 ], [ 126.921522, 35.153978 ], [ 126.921522, 35.153978 ], [ 126.921522, 35.153978 ], [ 126.921523, 35.153978 ], [ 126.921523, 35.153979 ], [ 126.921523, 35.153979 ], [ 126.921523, 35.153979 ] ] ] } },
{ "type": "Feature", "properties": { "kind": "cctv", "name": "CCTV 4대", "sub": "200만 · 설치 2021", "addr": "동구 동계천로95번길 31", "z": 10.6, "part": 1, "base": 6.5, "top": 6.95, "mcolor": "#b98cff" }, "geometry": { "type": "Polygon", "coordinates": [ [ [ 126.921525, 35.153979 ], [ 126.921525, 35.15398 ], [ 126.921525, 35.15398 ], [ 126.921524, 35.153981 ], [ 126.921524, 35.153981 ], [ 126.921523, 35.153981 ], [ 126.921522, 35.153982 ], [ 126.921521, 35.153981 ], [ 126.92152, 35.153981 ], [ 126.92152, 35.153981 ], [ 126.921519, 35.15398 ], [ 126.921519, 35.15398 ], [ 126.921519, 35.153979 ], [ 126.921519, 35.153978 ], [ 126.921519, 35.153978 ], [ 126.92152, 35.153977 ], [ 126.92152, 35.153977 ], [ 126.921521, 35.153977 ], [ 126.921522, 35.153976 ], [ 126.921523, 35.153977 ], [ 126.921524, 35.153977 ], [ 126.921524, 35.153977 ], [ 126.921525, 35.153978 ], [ 126.921525, 35.153978 ], [ 126.921525, 35.153979 ] ] ] } },
{ "type": "Feature", "properties": { "kind": "cctv", "name": "CCTV 4대", "sub": "200만 · 설치 2021", "addr": "동구 동계천로95번길 31", "z": 10.6, "part": 2, "base": 6.8, "top": 7.1, "mcolor": "#e1cdff" }, "geometry": { "type": "Polygon", "coordinates": [ [ [ 126.921523, 35.153979 ], [ 126.921523, 35.153979 ], [ 126.921523, 35.15398 ], [ 126.921523, 35.15398 ], [ 126.921523, 35.15398 ], [ 126.921522, 35.15398 ], [ 126.921522, 35.15398 ], [ 126.921522, 35.15398 ], [ 126.921521, 35.15398 ], [ 126.921521, 35.15398 ], [ 126.921521, 35.15398 ], [ 126.921521, 35.153979 ], [ 126.921521, 35.153979 ], [ 126.921521, 35.153979 ], [ 126.921521, 35.153978 ], [ 126.921521, 35.153978 ], [ 126.921521, 35.153978 ], [ 126.921522, 35.153978 ], [ 126.921522, 35.153978 ], [ 126.921522, 35.153978 ], [ 126.921523, 35.153978 ], [ 126.921523, 35.153978 ], [ 126.921523, 35.153978 ], [ 126.921523, 35.153979 ], [ 126.921523, 35.153979 ] ] ] } },
{ "type": "Feature", "properties": { "kind": "cctv", "name": "CCTV 4대", "sub": "200만 · 설치 2018", "addr": "동구 동계천로95번길 22-2", "z": 11.2, "part": 0, "base": 0.0, "top": 6.5, "mcolor": "#78788a" }, "geometry": { "type": "Polygon", "coordinates": [ [ [ 126.921884, 35.153287 ], [ 126.921884, 35.153287 ], [ 126.921884, 35.153287 ], [ 126.921884, 35.153288 ], [ 126.921883, 35.153288 ], [ 126.921883, 35.153288 ], [ 126.921883, 35.153288 ], [ 126.921883, 35.153288 ], [ 126.921883, 35.153288 ], [ 126.921882, 35.153288 ], [ 126.921882, 35.153287 ], [ 126.921882, 35.153287 ], [ 126.921882, 35.153287 ], [ 126.921882, 35.153287 ], [ 126.921882, 35.153287 ], [ 126.921882, 35.153286 ], [ 126.921883, 35.153286 ], [ 126.921883, 35.153286 ], [ 126.921883, 35.153286 ], [ 126.921883, 35.153286 ], [ 126.921883, 35.153286 ], [ 126.921884, 35.153286 ], [ 126.921884, 35.153287 ], [ 126.921884, 35.153287 ], [ 126.921884, 35.153287 ] ] ] } },
{ "type": "Feature", "properties": { "kind": "cctv", "name": "CCTV 4대", "sub": "200만 · 설치 2018", "addr": "동구 동계천로95번길 22-2", "z": 11.2, "part": 1, "base": 6.5, "top": 6.95, "mcolor": "#b98cff" }, "geometry": { "type": "Polygon", "coordinates": [ [ [ 126.921886, 35.153287 ], [ 126.921886, 35.153288 ], [ 126.921886, 35.153288 ], [ 126.921885, 35.153289 ], [ 126.921885, 35.153289 ], [ 126.921884, 35.153289 ], [ 126.921883, 35.15329 ], [ 126.921882, 35.153289 ], [ 126.921881, 35.153289 ], [ 126.921881, 35.153289 ], [ 126.92188, 35.153288 ], [ 126.92188, 35.153288 ], [ 126.92188, 35.153287 ], [ 126.92188, 35.153286 ], [ 126.92188, 35.153286 ], [ 126.921881, 35.153285 ], [ 126.921881, 35.153285 ], [ 126.921882, 35.153285 ], [ 126.921883, 35.153284 ], [ 126.921884, 35.153285 ], [ 126.921885, 35.153285 ], [ 126.921885, 35.153285 ], [ 126.921886, 35.153286 ], [ 126.921886, 35.153286 ], [ 126.921886, 35.153287 ] ] ] } },
{ "type": "Feature", "properties": { "kind": "cctv", "name": "CCTV 4대", "sub": "200만 · 설치 2018", "addr": "동구 동계천로95번길 22-2", "z": 11.2, "part": 2, "base": 6.8, "top": 7.1, "mcolor": "#e1cdff" }, "geometry": { "type": "Polygon", "coordinates": [ [ [ 126.921884, 35.153287 ], [ 126.921884, 35.153287 ], [ 126.921884, 35.153288 ], [ 126.921884, 35.153288 ], [ 126.921884, 35.153288 ], [ 126.921883, 35.153288 ], [ 126.921883, 35.153288 ], [ 126.921883, 35.153288 ], [ 126.921882, 35.153288 ], [ 126.921882, 35.153288 ], [ 126.921882, 35.153288 ], [ 126.921882, 35.153287 ], [ 126.921882, 35.153287 ], [ 126.921882, 35.153287 ], [ 126.921882, 35.153286 ], [ 126.921882, 35.153286 ], [ 126.921882, 35.153286 ], [ 126.921883, 35.153286 ], [ 126.921883, 35.153286 ], [ 126.921883, 35.153286 ], [ 126.921884, 35.153286 ], [ 126.921884, 35.153286 ], [ 126.921884, 35.153286 ], [ 126.921884, 35.153287 ], [ 126.921884, 35.153287 ] ] ] } },
{ "type": "Feature", "properties": { "kind": "cctv", "name": "CCTV 3대", "sub": "200만 · 설치 2022", "addr": "동구 제봉로138번길 8-1", "z": 13.8, "part": 0, "base": 0.0, "top": 6.0, "mcolor": "#78788a" }, "geometry": { "type": "Polygon", "coordinates": [ [ [ 126.921919, 35.150463 ], [ 126.921919, 35.150463 ], [ 126.921919, 35.150463 ], [ 126.921919, 35.150464 ], [ 126.921918, 35.150464 ], [ 126.921918, 35.150464 ], [ 126.921918, 35.150464 ], [ 126.921918, 35.150464 ], [ 126.921918, 35.150464 ], [ 126.921917, 35.150464 ], [ 126.921917, 35.150463 ], [ 126.921917, 35.150463 ], [ 126.921917, 35.150463 ], [ 126.921917, 35.150463 ], [ 126.921917, 35.150463 ], [ 126.921917, 35.150462 ], [ 126.921918, 35.150462 ], [ 126.921918, 35.150462 ], [ 126.921918, 35.150462 ], [ 126.921918, 35.150462 ], [ 126.921918, 35.150462 ], [ 126.921919, 35.150462 ], [ 126.921919, 35.150463 ], [ 126.921919, 35.150463 ], [ 126.921919, 35.150463 ] ] ] } },
{ "type": "Feature", "properties": { "kind": "cctv", "name": "CCTV 3대", "sub": "200만 · 설치 2022", "addr": "동구 제봉로138번길 8-1", "z": 13.8, "part": 1, "base": 6.0, "top": 6.45, "mcolor": "#b98cff" }, "geometry": { "type": "Polygon", "coordinates": [ [ [ 126.921921, 35.150463 ], [ 126.921921, 35.150464 ], [ 126.921921, 35.150464 ], [ 126.92192, 35.150465 ], [ 126.92192, 35.150465 ], [ 126.921919, 35.150465 ], [ 126.921918, 35.150466 ], [ 126.921917, 35.150465 ], [ 126.921916, 35.150465 ], [ 126.921916, 35.150465 ], [ 126.921915, 35.150464 ], [ 126.921915, 35.150464 ], [ 126.921915, 35.150463 ], [ 126.921915, 35.150462 ], [ 126.921915, 35.150462 ], [ 126.921916, 35.150461 ], [ 126.921916, 35.150461 ], [ 126.921917, 35.150461 ], [ 126.921918, 35.15046 ], [ 126.921919, 35.150461 ], [ 126.92192, 35.150461 ], [ 126.92192, 35.150461 ], [ 126.921921, 35.150462 ], [ 126.921921, 35.150462 ], [ 126.921921, 35.150463 ] ] ] } },
{ "type": "Feature", "properties": { "kind": "cctv", "name": "CCTV 3대", "sub": "200만 · 설치 2022", "addr": "동구 제봉로138번길 8-1", "z": 13.8, "part": 2, "base": 6.3, "top": 6.6, "mcolor": "#e1cdff" }, "geometry": { "type": "Polygon", "coordinates": [ [ [ 126.921919, 35.150463 ], [ 126.921919, 35.150463 ], [ 126.921919, 35.150464 ], [ 126.921919, 35.150464 ], [ 126.921919, 35.150464 ], [ 126.921918, 35.150464 ], [ 126.921918, 35.150464 ], [ 126.921918, 35.150464 ], [ 126.921917, 35.150464 ], [ 126.921917, 35.150464 ], [ 126.921917, 35.150464 ], [ 126.921917, 35.150463 ], [ 126.921917, 35.150463 ], [ 126.921917, 35.150463 ], [ 126.921917, 35.150462 ], [ 126.921917, 35.150462 ], [ 126.921917, 35.150462 ], [ 126.921918, 35.150462 ], [ 126.921918, 35.150462 ], [ 126.921918, 35.150462 ], [ 126.921919, 35.150462 ], [ 126.921919, 35.150462 ], [ 126.921919, 35.150462 ], [ 126.921919, 35.150463 ], [ 126.921919, 35.150463 ] ] ] } },
{ "type": "Feature", "properties": { "kind": "cctv", "name": "CCTV 4대", "sub": "200만 · 설치 2022", "addr": "동구 제봉로140번길 14", "z": 13.7, "part": 0, "base": 0.0, "top": 6.5, "mcolor": "#78788a" }, "geometry": { "type": "Polygon", "coordinates": [ [ [ 126.92212, 35.151203 ], [ 126.92212, 35.151203 ], [ 126.92212, 35.151203 ], [ 126.92212, 35.151204 ], [ 126.922119, 35.151204 ], [ 126.922119, 35.151204 ], [ 126.922119, 35.151204 ], [ 126.922119, 35.151204 ], [ 126.922119, 35.151204 ], [ 126.922118, 35.151204 ], [ 126.922118, 35.151203 ], [ 126.922118, 35.151203 ], [ 126.922118, 35.151203 ], [ 126.922118, 35.151203 ], [ 126.922118, 35.151203 ], [ 126.922118, 35.151202 ], [ 126.922119, 35.151202 ], [ 126.922119, 35.151202 ], [ 126.922119, 35.151202 ], [ 126.922119, 35.151202 ], [ 126.922119, 35.151202 ], [ 126.92212, 35.151202 ], [ 126.92212, 35.151203 ], [ 126.92212, 35.151203 ], [ 126.92212, 35.151203 ] ] ] } },
{ "type": "Feature", "properties": { "kind": "cctv", "name": "CCTV 4대", "sub": "200만 · 설치 2022", "addr": "동구 제봉로140번길 14", "z": 13.7, "part": 1, "base": 6.5, "top": 6.95, "mcolor": "#b98cff" }, "geometry": { "type": "Polygon", "coordinates": [ [ [ 126.922122, 35.151203 ], [ 126.922122, 35.151204 ], [ 126.922122, 35.151204 ], [ 126.922121, 35.151205 ], [ 126.922121, 35.151205 ], [ 126.92212, 35.151205 ], [ 126.922119, 35.151206 ], [ 126.922118, 35.151205 ], [ 126.922117, 35.151205 ], [ 126.922117, 35.151205 ], [ 126.922116, 35.151204 ], [ 126.922116, 35.151204 ], [ 126.922116, 35.151203 ], [ 126.922116, 35.151202 ], [ 126.922116, 35.151202 ], [ 126.922117, 35.151201 ], [ 126.922117, 35.151201 ], [ 126.922118, 35.151201 ], [ 126.922119, 35.1512 ], [ 126.92212, 35.151201 ], [ 126.922121, 35.151201 ], [ 126.922121, 35.151201 ], [ 126.922122, 35.151202 ], [ 126.922122, 35.151202 ], [ 126.922122, 35.151203 ] ] ] } },
{ "type": "Feature", "properties": { "kind": "cctv", "name": "CCTV 4대", "sub": "200만 · 설치 2022", "addr": "동구 제봉로140번길 14", "z": 13.7, "part": 2, "base": 6.8, "top": 7.1, "mcolor": "#e1cdff" }, "geometry": { "type": "Polygon", "coordinates": [ [ [ 126.92212, 35.151203 ], [ 126.92212, 35.151203 ], [ 126.92212, 35.151204 ], [ 126.92212, 35.151204 ], [ 126.92212, 35.151204 ], [ 126.922119, 35.151204 ], [ 126.922119, 35.151204 ], [ 126.922119, 35.151204 ], [ 126.922118, 35.151204 ], [ 126.922118, 35.151204 ], [ 126.922118, 35.151204 ], [ 126.922118, 35.151203 ], [ 126.922118, 35.151203 ], [ 126.922118, 35.151203 ], [ 126.922118, 35.151202 ], [ 126.922118, 35.151202 ], [ 126.922118, 35.151202 ], [ 126.922119, 35.151202 ], [ 126.922119, 35.151202 ], [ 126.922119, 35.151202 ], [ 126.92212, 35.151202 ], [ 126.92212, 35.151202 ], [ 126.92212, 35.151202 ], [ 126.92212, 35.151203 ], [ 126.92212, 35.151203 ] ] ] } },
{ "type": "Feature", "properties": { "kind": "cctv", "name": "CCTV 2대", "sub": "200만 · 설치 2016", "addr": "동구 동계천로95번길 22-8", "z": 11.2, "part": 0, "base": 0.0, "top": 5.5, "mcolor": "#78788a" }, "geometry": { "type": "Polygon", "coordinates": [ [ [ 126.922127, 35.153359 ], [ 126.922127, 35.153359 ], [ 126.922127, 35.153359 ], [ 126.922127, 35.15336 ], [ 126.922126, 35.15336 ], [ 126.922126, 35.15336 ], [ 126.922126, 35.15336 ], [ 126.922126, 35.15336 ], [ 126.922126, 35.15336 ], [ 126.922125, 35.15336 ], [ 126.922125, 35.153359 ], [ 126.922125, 35.153359 ], [ 126.922125, 35.153359 ], [ 126.922125, 35.153359 ], [ 126.922125, 35.153359 ], [ 126.922125, 35.153358 ], [ 126.922126, 35.153358 ], [ 126.922126, 35.153358 ], [ 126.922126, 35.153358 ], [ 126.922126, 35.153358 ], [ 126.922126, 35.153358 ], [ 126.922127, 35.153358 ], [ 126.922127, 35.153359 ], [ 126.922127, 35.153359 ], [ 126.922127, 35.153359 ] ] ] } },
{ "type": "Feature", "properties": { "kind": "cctv", "name": "CCTV 2대", "sub": "200만 · 설치 2016", "addr": "동구 동계천로95번길 22-8", "z": 11.2, "part": 1, "base": 5.5, "top": 5.95, "mcolor": "#b98cff" }, "geometry": { "type": "Polygon", "coordinates": [ [ [ 126.922129, 35.153359 ], [ 126.922129, 35.15336 ], [ 126.922129, 35.15336 ], [ 126.922128, 35.153361 ], [ 126.922128, 35.153361 ], [ 126.922127, 35.153361 ], [ 126.922126, 35.153362 ], [ 126.922125, 35.153361 ], [ 126.922124, 35.153361 ], [ 126.922124, 35.153361 ], [ 126.922123, 35.15336 ], [ 126.922123, 35.15336 ], [ 126.922123, 35.153359 ], [ 126.922123, 35.153358 ], [ 126.922123, 35.153358 ], [ 126.922124, 35.153357 ], [ 126.922124, 35.153357 ], [ 126.922125, 35.153357 ], [ 126.922126, 35.153356 ], [ 126.922127, 35.153357 ], [ 126.922128, 35.153357 ], [ 126.922128, 35.153357 ], [ 126.922129, 35.153358 ], [ 126.922129, 35.153358 ], [ 126.922129, 35.153359 ] ] ] } },
{ "type": "Feature", "properties": { "kind": "cctv", "name": "CCTV 2대", "sub": "200만 · 설치 2016", "addr": "동구 동계천로95번길 22-8", "z": 11.2, "part": 2, "base": 5.8, "top": 6.1, "mcolor": "#e1cdff" }, "geometry": { "type": "Polygon", "coordinates": [ [ [ 126.922127, 35.153359 ], [ 126.922127, 35.153359 ], [ 126.922127, 35.15336 ], [ 126.922127, 35.15336 ], [ 126.922127, 35.15336 ], [ 126.922126, 35.15336 ], [ 126.922126, 35.15336 ], [ 126.922126, 35.15336 ], [ 126.922125, 35.15336 ], [ 126.922125, 35.15336 ], [ 126.922125, 35.15336 ], [ 126.922125, 35.153359 ], [ 126.922125, 35.153359 ], [ 126.922125, 35.153359 ], [ 126.922125, 35.153358 ], [ 126.922125, 35.153358 ], [ 126.922125, 35.153358 ], [ 126.922126, 35.153358 ], [ 126.922126, 35.153358 ], [ 126.922126, 35.153358 ], [ 126.922127, 35.153358 ], [ 126.922127, 35.153358 ], [ 126.922127, 35.153358 ], [ 126.922127, 35.153359 ], [ 126.922127, 35.153359 ] ] ] } },
{ "type": "Feature", "properties": { "kind": "cctv", "name": "CCTV 3대", "sub": "200만 · 설치 2022", "addr": "동구 동계천로95번길 9", "z": 12.7, "part": 0, "base": 0.0, "top": 6.0, "mcolor": "#78788a" }, "geometry": { "type": "Polygon", "coordinates": [ [ [ 126.922137, 35.152214 ], [ 126.922137, 35.152214 ], [ 126.922137, 35.152214 ], [ 126.922137, 35.152215 ], [ 126.922136, 35.152215 ], [ 126.922136, 35.152215 ], [ 126.922136, 35.152215 ], [ 126.922136, 35.152215 ], [ 126.922136, 35.152215 ], [ 126.922135, 35.152215 ], [ 126.922135, 35.152214 ], [ 126.922135, 35.152214 ], [ 126.922135, 35.152214 ], [ 126.922135, 35.152214 ], [ 126.922135, 35.152214 ], [ 126.922135, 35.152213 ], [ 126.922136, 35.152213 ], [ 126.922136, 35.152213 ], [ 126.922136, 35.152213 ], [ 126.922136, 35.152213 ], [ 126.922136, 35.152213 ], [ 126.922137, 35.152213 ], [ 126.922137, 35.152214 ], [ 126.922137, 35.152214 ], [ 126.922137, 35.152214 ] ] ] } },
{ "type": "Feature", "properties": { "kind": "cctv", "name": "CCTV 3대", "sub": "200만 · 설치 2022", "addr": "동구 동계천로95번길 9", "z": 12.7, "part": 1, "base": 6.0, "top": 6.45, "mcolor": "#b98cff" }, "geometry": { "type": "Polygon", "coordinates": [ [ [ 126.922139, 35.152214 ], [ 126.922139, 35.152215 ], [ 126.922139, 35.152215 ], [ 126.922138, 35.152216 ], [ 126.922138, 35.152216 ], [ 126.922137, 35.152216 ], [ 126.922136, 35.152217 ], [ 126.922135, 35.152216 ], [ 126.922134, 35.152216 ], [ 126.922134, 35.152216 ], [ 126.922133, 35.152215 ], [ 126.922133, 35.152215 ], [ 126.922133, 35.152214 ], [ 126.922133, 35.152213 ], [ 126.922133, 35.152213 ], [ 126.922134, 35.152212 ], [ 126.922134, 35.152212 ], [ 126.922135, 35.152212 ], [ 126.922136, 35.152211 ], [ 126.922137, 35.152212 ], [ 126.922138, 35.152212 ], [ 126.922138, 35.152212 ], [ 126.922139, 35.152213 ], [ 126.922139, 35.152213 ], [ 126.922139, 35.152214 ] ] ] } },
{ "type": "Feature", "properties": { "kind": "cctv", "name": "CCTV 3대", "sub": "200만 · 설치 2022", "addr": "동구 동계천로95번길 9", "z": 12.7, "part": 2, "base": 6.3, "top": 6.6, "mcolor": "#e1cdff" }, "geometry": { "type": "Polygon", "coordinates": [ [ [ 126.922137, 35.152214 ], [ 126.922137, 35.152214 ], [ 126.922137, 35.152215 ], [ 126.922137, 35.152215 ], [ 126.922137, 35.152215 ], [ 126.922136, 35.152215 ], [ 126.922136, 35.152215 ], [ 126.922136, 35.152215 ], [ 126.922135, 35.152215 ], [ 126.922135, 35.152215 ], [ 126.922135, 35.152215 ], [ 126.922135, 35.152214 ], [ 126.922135, 35.152214 ], [ 126.922135, 35.152214 ], [ 126.922135, 35.152213 ], [ 126.922135, 35.152213 ], [ 126.922135, 35.152213 ], [ 126.922136, 35.152213 ], [ 126.922136, 35.152213 ], [ 126.922136, 35.152213 ], [ 126.922137, 35.152213 ], [ 126.922137, 35.152213 ], [ 126.922137, 35.152213 ], [ 126.922137, 35.152214 ], [ 126.922137, 35.152214 ] ] ] } },
{ "type": "Feature", "properties": { "kind": "cctv", "name": "CCTV 2대", "sub": "200만 · 설치 2018", "addr": "동구 장동로 4-3", "z": 14.4, "part": 0, "base": 0.0, "top": 5.5, "mcolor": "#78788a" }, "geometry": { "type": "Polygon", "coordinates": [ [ [ 126.922362, 35.148973 ], [ 126.922362, 35.148973 ], [ 126.922362, 35.148973 ], [ 126.922362, 35.148974 ], [ 126.922361, 35.148974 ], [ 126.922361, 35.148974 ], [ 126.922361, 35.148974 ], [ 126.922361, 35.148974 ], [ 126.922361, 35.148974 ], [ 126.92236, 35.148974 ], [ 126.92236, 35.148973 ], [ 126.92236, 35.148973 ], [ 126.92236, 35.148973 ], [ 126.92236, 35.148973 ], [ 126.92236, 35.148973 ], [ 126.92236, 35.148972 ], [ 126.922361, 35.148972 ], [ 126.922361, 35.148972 ], [ 126.922361, 35.148972 ], [ 126.922361, 35.148972 ], [ 126.922361, 35.148972 ], [ 126.922362, 35.148972 ], [ 126.922362, 35.148973 ], [ 126.922362, 35.148973 ], [ 126.922362, 35.148973 ] ] ] } },
{ "type": "Feature", "properties": { "kind": "cctv", "name": "CCTV 2대", "sub": "200만 · 설치 2018", "addr": "동구 장동로 4-3", "z": 14.4, "part": 1, "base": 5.5, "top": 5.95, "mcolor": "#b98cff" }, "geometry": { "type": "Polygon", "coordinates": [ [ [ 126.922364, 35.148973 ], [ 126.922364, 35.148974 ], [ 126.922364, 35.148974 ], [ 126.922363, 35.148975 ], [ 126.922363, 35.148975 ], [ 126.922362, 35.148975 ], [ 126.922361, 35.148976 ], [ 126.92236, 35.148975 ], [ 126.922359, 35.148975 ], [ 126.922359, 35.148975 ], [ 126.922358, 35.148974 ], [ 126.922358, 35.148974 ], [ 126.922358, 35.148973 ], [ 126.922358, 35.148972 ], [ 126.922358, 35.148972 ], [ 126.922359, 35.148971 ], [ 126.922359, 35.148971 ], [ 126.92236, 35.148971 ], [ 126.922361, 35.14897 ], [ 126.922362, 35.148971 ], [ 126.922363, 35.148971 ], [ 126.922363, 35.148971 ], [ 126.922364, 35.148972 ], [ 126.922364, 35.148972 ], [ 126.922364, 35.148973 ] ] ] } },
{ "type": "Feature", "properties": { "kind": "cctv", "name": "CCTV 2대", "sub": "200만 · 설치 2018", "addr": "동구 장동로 4-3", "z": 14.4, "part": 2, "base": 5.8, "top": 6.1, "mcolor": "#e1cdff" }, "geometry": { "type": "Polygon", "coordinates": [ [ [ 126.922362, 35.148973 ], [ 126.922362, 35.148973 ], [ 126.922362, 35.148974 ], [ 126.922362, 35.148974 ], [ 126.922362, 35.148974 ], [ 126.922361, 35.148974 ], [ 126.922361, 35.148974 ], [ 126.922361, 35.148974 ], [ 126.92236, 35.148974 ], [ 126.92236, 35.148974 ], [ 126.92236, 35.148974 ], [ 126.92236, 35.148973 ], [ 126.92236, 35.148973 ], [ 126.92236, 35.148973 ], [ 126.92236, 35.148972 ], [ 126.92236, 35.148972 ], [ 126.92236, 35.148972 ], [ 126.922361, 35.148972 ], [ 126.922361, 35.148972 ], [ 126.922361, 35.148972 ], [ 126.922362, 35.148972 ], [ 126.922362, 35.148972 ], [ 126.922362, 35.148972 ], [ 126.922362, 35.148973 ], [ 126.922362, 35.148973 ] ] ] } },
{ "type": "Feature", "properties": { "kind": "cctv", "name": "CCTV 4대", "sub": "200만 · 설치 2018", "addr": "동구 동계로9번길 13", "z": 12.1, "part": 0, "base": 0.0, "top": 6.5, "mcolor": "#78788a" }, "geometry": { "type": "Polygon", "coordinates": [ [ [ 126.922412, 35.152972 ], [ 126.922412, 35.152972 ], [ 126.922412, 35.152972 ], [ 126.922412, 35.152973 ], [ 126.922411, 35.152973 ], [ 126.922411, 35.152973 ], [ 126.922411, 35.152973 ], [ 126.922411, 35.152973 ], [ 126.922411, 35.152973 ], [ 126.92241, 35.152973 ], [ 126.92241, 35.152972 ], [ 126.92241, 35.152972 ], [ 126.92241, 35.152972 ], [ 126.92241, 35.152972 ], [ 126.92241, 35.152972 ], [ 126.92241, 35.152971 ], [ 126.922411, 35.152971 ], [ 126.922411, 35.152971 ], [ 126.922411, 35.152971 ], [ 126.922411, 35.152971 ], [ 126.922411, 35.152971 ], [ 126.922412, 35.152971 ], [ 126.922412, 35.152972 ], [ 126.922412, 35.152972 ], [ 126.922412, 35.152972 ] ] ] } },
{ "type": "Feature", "properties": { "kind": "cctv", "name": "CCTV 4대", "sub": "200만 · 설치 2018", "addr": "동구 동계로9번길 13", "z": 12.1, "part": 1, "base": 6.5, "top": 6.95, "mcolor": "#b98cff" }, "geometry": { "type": "Polygon", "coordinates": [ [ [ 126.922414, 35.152972 ], [ 126.922414, 35.152973 ], [ 126.922414, 35.152973 ], [ 126.922413, 35.152974 ], [ 126.922413, 35.152974 ], [ 126.922412, 35.152974 ], [ 126.922411, 35.152975 ], [ 126.92241, 35.152974 ], [ 126.922409, 35.152974 ], [ 126.922409, 35.152974 ], [ 126.922408, 35.152973 ], [ 126.922408, 35.152973 ], [ 126.922408, 35.152972 ], [ 126.922408, 35.152971 ], [ 126.922408, 35.152971 ], [ 126.922409, 35.15297 ], [ 126.922409, 35.15297 ], [ 126.92241, 35.15297 ], [ 126.922411, 35.152969 ], [ 126.922412, 35.15297 ], [ 126.922413, 35.15297 ], [ 126.922413, 35.15297 ], [ 126.922414, 35.152971 ], [ 126.922414, 35.152971 ], [ 126.922414, 35.152972 ] ] ] } },
{ "type": "Feature", "properties": { "kind": "cctv", "name": "CCTV 4대", "sub": "200만 · 설치 2018", "addr": "동구 동계로9번길 13", "z": 12.1, "part": 2, "base": 6.8, "top": 7.1, "mcolor": "#e1cdff" }, "geometry": { "type": "Polygon", "coordinates": [ [ [ 126.922412, 35.152972 ], [ 126.922412, 35.152972 ], [ 126.922412, 35.152973 ], [ 126.922412, 35.152973 ], [ 126.922412, 35.152973 ], [ 126.922411, 35.152973 ], [ 126.922411, 35.152973 ], [ 126.922411, 35.152973 ], [ 126.92241, 35.152973 ], [ 126.92241, 35.152973 ], [ 126.92241, 35.152973 ], [ 126.92241, 35.152972 ], [ 126.92241, 35.152972 ], [ 126.92241, 35.152972 ], [ 126.92241, 35.152971 ], [ 126.92241, 35.152971 ], [ 126.92241, 35.152971 ], [ 126.922411, 35.152971 ], [ 126.922411, 35.152971 ], [ 126.922411, 35.152971 ], [ 126.922412, 35.152971 ], [ 126.922412, 35.152971 ], [ 126.922412, 35.152971 ], [ 126.922412, 35.152972 ], [ 126.922412, 35.152972 ] ] ] } },
{ "type": "Feature", "properties": { "kind": "cctv", "name": "CCTV 3대", "sub": "200만 · 설치 2024", "addr": null, "z": 13.1, "part": 0, "base": 0.0, "top": 6.0, "mcolor": "#78788a" }, "geometry": { "type": "Polygon", "coordinates": [ [ [ 126.92273, 35.154942 ], [ 126.92273, 35.154942 ], [ 126.92273, 35.154942 ], [ 126.92273, 35.154943 ], [ 126.922729, 35.154943 ], [ 126.922729, 35.154943 ], [ 126.922729, 35.154943 ], [ 126.922729, 35.154943 ], [ 126.922729, 35.154943 ], [ 126.922728, 35.154943 ], [ 126.922728, 35.154942 ], [ 126.922728, 35.154942 ], [ 126.922728, 35.154942 ], [ 126.922728, 35.154942 ], [ 126.922728, 35.154942 ], [ 126.922728, 35.154941 ], [ 126.922729, 35.154941 ], [ 126.922729, 35.154941 ], [ 126.922729, 35.154941 ], [ 126.922729, 35.154941 ], [ 126.922729, 35.154941 ], [ 126.92273, 35.154941 ], [ 126.92273, 35.154942 ], [ 126.92273, 35.154942 ], [ 126.92273, 35.154942 ] ] ] } },
{ "type": "Feature", "properties": { "kind": "cctv", "name": "CCTV 3대", "sub": "200만 · 설치 2024", "addr": null, "z": 13.1, "part": 1, "base": 6.0, "top": 6.45, "mcolor": "#b98cff" }, "geometry": { "type": "Polygon", "coordinates": [ [ [ 126.922732, 35.154942 ], [ 126.922732, 35.154943 ], [ 126.922732, 35.154943 ], [ 126.922731, 35.154944 ], [ 126.922731, 35.154944 ], [ 126.92273, 35.154944 ], [ 126.922729, 35.154945 ], [ 126.922728, 35.154944 ], [ 126.922727, 35.154944 ], [ 126.922727, 35.154944 ], [ 126.922726, 35.154943 ], [ 126.922726, 35.154943 ], [ 126.922726, 35.154942 ], [ 126.922726, 35.154941 ], [ 126.922726, 35.154941 ], [ 126.922727, 35.15494 ], [ 126.922727, 35.15494 ], [ 126.922728, 35.15494 ], [ 126.922729, 35.154939 ], [ 126.92273, 35.15494 ], [ 126.922731, 35.15494 ], [ 126.922731, 35.15494 ], [ 126.922732, 35.154941 ], [ 126.922732, 35.154941 ], [ 126.922732, 35.154942 ] ] ] } },
{ "type": "Feature", "properties": { "kind": "cctv", "name": "CCTV 3대", "sub": "200만 · 설치 2024", "addr": null, "z": 13.1, "part": 2, "base": 6.3, "top": 6.6, "mcolor": "#e1cdff" }, "geometry": { "type": "Polygon", "coordinates": [ [ [ 126.92273, 35.154942 ], [ 126.92273, 35.154942 ], [ 126.92273, 35.154943 ], [ 126.92273, 35.154943 ], [ 126.92273, 35.154943 ], [ 126.922729, 35.154943 ], [ 126.922729, 35.154943 ], [ 126.922729, 35.154943 ], [ 126.922728, 35.154943 ], [ 126.922728, 35.154943 ], [ 126.922728, 35.154943 ], [ 126.922728, 35.154942 ], [ 126.922728, 35.154942 ], [ 126.922728, 35.154942 ], [ 126.922728, 35.154941 ], [ 126.922728, 35.154941 ], [ 126.922728, 35.154941 ], [ 126.922729, 35.154941 ], [ 126.922729, 35.154941 ], [ 126.922729, 35.154941 ], [ 126.92273, 35.154941 ], [ 126.92273, 35.154941 ], [ 126.92273, 35.154941 ], [ 126.92273, 35.154942 ], [ 126.92273, 35.154942 ] ] ] } },
{ "type": "Feature", "properties": { "kind": "cctv", "name": "CCTV 4대", "sub": "200만 · 설치 2016", "addr": "동구 동계로1번길 9", "z": 15.5, "part": 0, "base": 0.0, "top": 6.5, "mcolor": "#78788a" }, "geometry": { "type": "Polygon", "coordinates": [ [ [ 126.923056, 35.152029 ], [ 126.923056, 35.152029 ], [ 126.923056, 35.152029 ], [ 126.923056, 35.15203 ], [ 126.923055, 35.15203 ], [ 126.923055, 35.15203 ], [ 126.923055, 35.15203 ], [ 126.923055, 35.15203 ], [ 126.923055, 35.15203 ], [ 126.923054, 35.15203 ], [ 126.923054, 35.152029 ], [ 126.923054, 35.152029 ], [ 126.923054, 35.152029 ], [ 126.923054, 35.152029 ], [ 126.923054, 35.152029 ], [ 126.923054, 35.152028 ], [ 126.923055, 35.152028 ], [ 126.923055, 35.152028 ], [ 126.923055, 35.152028 ], [ 126.923055, 35.152028 ], [ 126.923055, 35.152028 ], [ 126.923056, 35.152028 ], [ 126.923056, 35.152029 ], [ 126.923056, 35.152029 ], [ 126.923056, 35.152029 ] ] ] } },
{ "type": "Feature", "properties": { "kind": "cctv", "name": "CCTV 4대", "sub": "200만 · 설치 2016", "addr": "동구 동계로1번길 9", "z": 15.5, "part": 1, "base": 6.5, "top": 6.95, "mcolor": "#b98cff" }, "geometry": { "type": "Polygon", "coordinates": [ [ [ 126.923058, 35.152029 ], [ 126.923058, 35.15203 ], [ 126.923058, 35.15203 ], [ 126.923057, 35.152031 ], [ 126.923057, 35.152031 ], [ 126.923056, 35.152031 ], [ 126.923055, 35.152032 ], [ 126.923054, 35.152031 ], [ 126.923053, 35.152031 ], [ 126.923053, 35.152031 ], [ 126.923052, 35.15203 ], [ 126.923052, 35.15203 ], [ 126.923052, 35.152029 ], [ 126.923052, 35.152028 ], [ 126.923052, 35.152028 ], [ 126.923053, 35.152027 ], [ 126.923053, 35.152027 ], [ 126.923054, 35.152027 ], [ 126.923055, 35.152026 ], [ 126.923056, 35.152027 ], [ 126.923057, 35.152027 ], [ 126.923057, 35.152027 ], [ 126.923058, 35.152028 ], [ 126.923058, 35.152028 ], [ 126.923058, 35.152029 ] ] ] } },
{ "type": "Feature", "properties": { "kind": "cctv", "name": "CCTV 4대", "sub": "200만 · 설치 2016", "addr": "동구 동계로1번길 9", "z": 15.5, "part": 2, "base": 6.8, "top": 7.1, "mcolor": "#e1cdff" }, "geometry": { "type": "Polygon", "coordinates": [ [ [ 126.923056, 35.152029 ], [ 126.923056, 35.152029 ], [ 126.923056, 35.15203 ], [ 126.923056, 35.15203 ], [ 126.923056, 35.15203 ], [ 126.923055, 35.15203 ], [ 126.923055, 35.15203 ], [ 126.923055, 35.15203 ], [ 126.923054, 35.15203 ], [ 126.923054, 35.15203 ], [ 126.923054, 35.15203 ], [ 126.923054, 35.152029 ], [ 126.923054, 35.152029 ], [ 126.923054, 35.152029 ], [ 126.923054, 35.152028 ], [ 126.923054, 35.152028 ], [ 126.923054, 35.152028 ], [ 126.923055, 35.152028 ], [ 126.923055, 35.152028 ], [ 126.923055, 35.152028 ], [ 126.923056, 35.152028 ], [ 126.923056, 35.152028 ], [ 126.923056, 35.152028 ], [ 126.923056, 35.152029 ], [ 126.923056, 35.152029 ] ] ] } },
{ "type": "Feature", "properties": { "kind": "cctv", "name": "CCTV 4대", "sub": "200만 · 설치 2023", "addr": "동구 동명로 12", "z": 16.1, "part": 0, "base": 0.0, "top": 6.5, "mcolor": "#78788a" }, "geometry": { "type": "Polygon", "coordinates": [ [ [ 126.923101, 35.150238 ], [ 126.923101, 35.150238 ], [ 126.923101, 35.150238 ], [ 126.923101, 35.150239 ], [ 126.9231, 35.150239 ], [ 126.9231, 35.150239 ], [ 126.9231, 35.150239 ], [ 126.9231, 35.150239 ], [ 126.9231, 35.150239 ], [ 126.923099, 35.150239 ], [ 126.923099, 35.150238 ], [ 126.923099, 35.150238 ], [ 126.923099, 35.150238 ], [ 126.923099, 35.150238 ], [ 126.923099, 35.150238 ], [ 126.923099, 35.150237 ], [ 126.9231, 35.150237 ], [ 126.9231, 35.150237 ], [ 126.9231, 35.150237 ], [ 126.9231, 35.150237 ], [ 126.9231, 35.150237 ], [ 126.923101, 35.150237 ], [ 126.923101, 35.150238 ], [ 126.923101, 35.150238 ], [ 126.923101, 35.150238 ] ] ] } },
{ "type": "Feature", "properties": { "kind": "cctv", "name": "CCTV 4대", "sub": "200만 · 설치 2023", "addr": "동구 동명로 12", "z": 16.1, "part": 1, "base": 6.5, "top": 6.95, "mcolor": "#b98cff" }, "geometry": { "type": "Polygon", "coordinates": [ [ [ 126.923103, 35.150238 ], [ 126.923103, 35.150239 ], [ 126.923103, 35.150239 ], [ 126.923102, 35.15024 ], [ 126.923102, 35.15024 ], [ 126.923101, 35.15024 ], [ 126.9231, 35.150241 ], [ 126.923099, 35.15024 ], [ 126.923098, 35.15024 ], [ 126.923098, 35.15024 ], [ 126.923097, 35.150239 ], [ 126.923097, 35.150239 ], [ 126.923097, 35.150238 ], [ 126.923097, 35.150237 ], [ 126.923097, 35.150237 ], [ 126.923098, 35.150236 ], [ 126.923098, 35.150236 ], [ 126.923099, 35.150236 ], [ 126.9231, 35.150235 ], [ 126.923101, 35.150236 ], [ 126.923102, 35.150236 ], [ 126.923102, 35.150236 ], [ 126.923103, 35.150237 ], [ 126.923103, 35.150237 ], [ 126.923103, 35.150238 ] ] ] } },
{ "type": "Feature", "properties": { "kind": "cctv", "name": "CCTV 4대", "sub": "200만 · 설치 2023", "addr": "동구 동명로 12", "z": 16.1, "part": 2, "base": 6.8, "top": 7.1, "mcolor": "#e1cdff" }, "geometry": { "type": "Polygon", "coordinates": [ [ [ 126.923101, 35.150238 ], [ 126.923101, 35.150238 ], [ 126.923101, 35.150239 ], [ 126.923101, 35.150239 ], [ 126.923101, 35.150239 ], [ 126.9231, 35.150239 ], [ 126.9231, 35.150239 ], [ 126.9231, 35.150239 ], [ 126.923099, 35.150239 ], [ 126.923099, 35.150239 ], [ 126.923099, 35.150239 ], [ 126.923099, 35.150238 ], [ 126.923099, 35.150238 ], [ 126.923099, 35.150238 ], [ 126.923099, 35.150237 ], [ 126.923099, 35.150237 ], [ 126.923099, 35.150237 ], [ 126.9231, 35.150237 ], [ 126.9231, 35.150237 ], [ 126.9231, 35.150237 ], [ 126.923101, 35.150237 ], [ 126.923101, 35.150237 ], [ 126.923101, 35.150237 ], [ 126.923101, 35.150238 ], [ 126.923101, 35.150238 ] ] ] } },
{ "type": "Feature", "properties": { "kind": "cctv", "name": "CCTV 2대", "sub": "200만 · 설치 2021", "addr": null, "z": 13.6, "part": 0, "base": 0.0, "top": 5.5, "mcolor": "#78788a" }, "geometry": { "type": "Polygon", "coordinates": [ [ [ 126.923168, 35.154907 ], [ 126.923168, 35.154907 ], [ 126.923168, 35.154907 ], [ 126.923168, 35.154908 ], [ 126.923167, 35.154908 ], [ 126.923167, 35.154908 ], [ 126.923167, 35.154908 ], [ 126.923167, 35.154908 ], [ 126.923167, 35.154908 ], [ 126.923166, 35.154908 ], [ 126.923166, 35.154907 ], [ 126.923166, 35.154907 ], [ 126.923166, 35.154907 ], [ 126.923166, 35.154907 ], [ 126.923166, 35.154907 ], [ 126.923166, 35.154906 ], [ 126.923167, 35.154906 ], [ 126.923167, 35.154906 ], [ 126.923167, 35.154906 ], [ 126.923167, 35.154906 ], [ 126.923167, 35.154906 ], [ 126.923168, 35.154906 ], [ 126.923168, 35.154907 ], [ 126.923168, 35.154907 ], [ 126.923168, 35.154907 ] ] ] } },
{ "type": "Feature", "properties": { "kind": "cctv", "name": "CCTV 2대", "sub": "200만 · 설치 2021", "addr": null, "z": 13.6, "part": 1, "base": 5.5, "top": 5.95, "mcolor": "#b98cff" }, "geometry": { "type": "Polygon", "coordinates": [ [ [ 126.92317, 35.154907 ], [ 126.92317, 35.154908 ], [ 126.92317, 35.154908 ], [ 126.923169, 35.154909 ], [ 126.923169, 35.154909 ], [ 126.923168, 35.154909 ], [ 126.923167, 35.15491 ], [ 126.923166, 35.154909 ], [ 126.923165, 35.154909 ], [ 126.923165, 35.154909 ], [ 126.923164, 35.154908 ], [ 126.923164, 35.154908 ], [ 126.923164, 35.154907 ], [ 126.923164, 35.154906 ], [ 126.923164, 35.154906 ], [ 126.923165, 35.154905 ], [ 126.923165, 35.154905 ], [ 126.923166, 35.154905 ], [ 126.923167, 35.154904 ], [ 126.923168, 35.154905 ], [ 126.923169, 35.154905 ], [ 126.923169, 35.154905 ], [ 126.92317, 35.154906 ], [ 126.92317, 35.154906 ], [ 126.92317, 35.154907 ] ] ] } },
{ "type": "Feature", "properties": { "kind": "cctv", "name": "CCTV 2대", "sub": "200만 · 설치 2021", "addr": null, "z": 13.6, "part": 2, "base": 5.8, "top": 6.1, "mcolor": "#e1cdff" }, "geometry": { "type": "Polygon", "coordinates": [ [ [ 126.923168, 35.154907 ], [ 126.923168, 35.154907 ], [ 126.923168, 35.154908 ], [ 126.923168, 35.154908 ], [ 126.923168, 35.154908 ], [ 126.923167, 35.154908 ], [ 126.923167, 35.154908 ], [ 126.923167, 35.154908 ], [ 126.923166, 35.154908 ], [ 126.923166, 35.154908 ], [ 126.923166, 35.154908 ], [ 126.923166, 35.154907 ], [ 126.923166, 35.154907 ], [ 126.923166, 35.154907 ], [ 126.923166, 35.154906 ], [ 126.923166, 35.154906 ], [ 126.923166, 35.154906 ], [ 126.923167, 35.154906 ], [ 126.923167, 35.154906 ], [ 126.923167, 35.154906 ], [ 126.923168, 35.154906 ], [ 126.923168, 35.154906 ], [ 126.923168, 35.154906 ], [ 126.923168, 35.154907 ], [ 126.923168, 35.154907 ] ] ] } },
{ "type": "Feature", "properties": { "kind": "cctv", "name": "CCTV 3대", "sub": "200만 · 설치 2019", "addr": "동구 동계로13번길 11", "z": 13.0, "part": 0, "base": 0.0, "top": 6.0, "mcolor": "#78788a" }, "geometry": { "type": "Polygon", "coordinates": [ [ [ 126.923194, 35.15321 ], [ 126.923194, 35.15321 ], [ 126.923194, 35.15321 ], [ 126.923194, 35.153211 ], [ 126.923193, 35.153211 ], [ 126.923193, 35.153211 ], [ 126.923193, 35.153211 ], [ 126.923193, 35.153211 ], [ 126.923193, 35.153211 ], [ 126.923192, 35.153211 ], [ 126.923192, 35.15321 ], [ 126.923192, 35.15321 ], [ 126.923192, 35.15321 ], [ 126.923192, 35.15321 ], [ 126.923192, 35.15321 ], [ 126.923192, 35.153209 ], [ 126.923193, 35.153209 ], [ 126.923193, 35.153209 ], [ 126.923193, 35.153209 ], [ 126.923193, 35.153209 ], [ 126.923193, 35.153209 ], [ 126.923194, 35.153209 ], [ 126.923194, 35.15321 ], [ 126.923194, 35.15321 ], [ 126.923194, 35.15321 ] ] ] } },
{ "type": "Feature", "properties": { "kind": "cctv", "name": "CCTV 3대", "sub": "200만 · 설치 2019", "addr": "동구 동계로13번길 11", "z": 13.0, "part": 1, "base": 6.0, "top": 6.45, "mcolor": "#b98cff" }, "geometry": { "type": "Polygon", "coordinates": [ [ [ 126.923196, 35.15321 ], [ 126.923196, 35.153211 ], [ 126.923196, 35.153211 ], [ 126.923195, 35.153212 ], [ 126.923195, 35.153212 ], [ 126.923194, 35.153212 ], [ 126.923193, 35.153213 ], [ 126.923192, 35.153212 ], [ 126.923191, 35.153212 ], [ 126.923191, 35.153212 ], [ 126.92319, 35.153211 ], [ 126.92319, 35.153211 ], [ 126.92319, 35.15321 ], [ 126.92319, 35.153209 ], [ 126.92319, 35.153209 ], [ 126.923191, 35.153208 ], [ 126.923191, 35.153208 ], [ 126.923192, 35.153208 ], [ 126.923193, 35.153207 ], [ 126.923194, 35.153208 ], [ 126.923195, 35.153208 ], [ 126.923195, 35.153208 ], [ 126.923196, 35.153209 ], [ 126.923196, 35.153209 ], [ 126.923196, 35.15321 ] ] ] } },
{ "type": "Feature", "properties": { "kind": "cctv", "name": "CCTV 3대", "sub": "200만 · 설치 2019", "addr": "동구 동계로13번길 11", "z": 13.0, "part": 2, "base": 6.3, "top": 6.6, "mcolor": "#e1cdff" }, "geometry": { "type": "Polygon", "coordinates": [ [ [ 126.923194, 35.15321 ], [ 126.923194, 35.15321 ], [ 126.923194, 35.153211 ], [ 126.923194, 35.153211 ], [ 126.923194, 35.153211 ], [ 126.923193, 35.153211 ], [ 126.923193, 35.153211 ], [ 126.923193, 35.153211 ], [ 126.923192, 35.153211 ], [ 126.923192, 35.153211 ], [ 126.923192, 35.153211 ], [ 126.923192, 35.15321 ], [ 126.923192, 35.15321 ], [ 126.923192, 35.15321 ], [ 126.923192, 35.153209 ], [ 126.923192, 35.153209 ], [ 126.923192, 35.153209 ], [ 126.923193, 35.153209 ], [ 126.923193, 35.153209 ], [ 126.923193, 35.153209 ], [ 126.923194, 35.153209 ], [ 126.923194, 35.153209 ], [ 126.923194, 35.153209 ], [ 126.923194, 35.15321 ], [ 126.923194, 35.15321 ] ] ] } },
{ "type": "Feature", "properties": { "kind": "cctv", "name": "CCTV 3대", "sub": "200만 · 설치 2019", "addr": "동구 동계로15번길 14", "z": 12.5, "part": 0, "base": 0.0, "top": 6.0, "mcolor": "#78788a" }, "geometry": { "type": "Polygon", "coordinates": [ [ [ 126.923285, 35.15393 ], [ 126.923285, 35.15393 ], [ 126.923285, 35.15393 ], [ 126.923285, 35.153931 ], [ 126.923284, 35.153931 ], [ 126.923284, 35.153931 ], [ 126.923284, 35.153931 ], [ 126.923284, 35.153931 ], [ 126.923284, 35.153931 ], [ 126.923283, 35.153931 ], [ 126.923283, 35.15393 ], [ 126.923283, 35.15393 ], [ 126.923283, 35.15393 ], [ 126.923283, 35.15393 ], [ 126.923283, 35.15393 ], [ 126.923283, 35.153929 ], [ 126.923284, 35.153929 ], [ 126.923284, 35.153929 ], [ 126.923284, 35.153929 ], [ 126.923284, 35.153929 ], [ 126.923284, 35.153929 ], [ 126.923285, 35.153929 ], [ 126.923285, 35.15393 ], [ 126.923285, 35.15393 ], [ 126.923285, 35.15393 ] ] ] } },
{ "type": "Feature", "properties": { "kind": "cctv", "name": "CCTV 3대", "sub": "200만 · 설치 2019", "addr": "동구 동계로15번길 14", "z": 12.5, "part": 1, "base": 6.0, "top": 6.45, "mcolor": "#b98cff" }, "geometry": { "type": "Polygon", "coordinates": [ [ [ 126.923287, 35.15393 ], [ 126.923287, 35.153931 ], [ 126.923287, 35.153931 ], [ 126.923286, 35.153932 ], [ 126.923286, 35.153932 ], [ 126.923285, 35.153932 ], [ 126.923284, 35.153933 ], [ 126.923283, 35.153932 ], [ 126.923282, 35.153932 ], [ 126.923282, 35.153932 ], [ 126.923281, 35.153931 ], [ 126.923281, 35.153931 ], [ 126.923281, 35.15393 ], [ 126.923281, 35.153929 ], [ 126.923281, 35.153929 ], [ 126.923282, 35.153928 ], [ 126.923282, 35.153928 ], [ 126.923283, 35.153928 ], [ 126.923284, 35.153927 ], [ 126.923285, 35.153928 ], [ 126.923286, 35.153928 ], [ 126.923286, 35.153928 ], [ 126.923287, 35.153929 ], [ 126.923287, 35.153929 ], [ 126.923287, 35.15393 ] ] ] } },
{ "type": "Feature", "properties": { "kind": "cctv", "name": "CCTV 3대", "sub": "200만 · 설치 2019", "addr": "동구 동계로15번길 14", "z": 12.5, "part": 2, "base": 6.3, "top": 6.6, "mcolor": "#e1cdff" }, "geometry": { "type": "Polygon", "coordinates": [ [ [ 126.923285, 35.15393 ], [ 126.923285, 35.15393 ], [ 126.923285, 35.153931 ], [ 126.923285, 35.153931 ], [ 126.923285, 35.153931 ], [ 126.923284, 35.153931 ], [ 126.923284, 35.153931 ], [ 126.923284, 35.153931 ], [ 126.923283, 35.153931 ], [ 126.923283, 35.153931 ], [ 126.923283, 35.153931 ], [ 126.923283, 35.15393 ], [ 126.923283, 35.15393 ], [ 126.923283, 35.15393 ], [ 126.923283, 35.153929 ], [ 126.923283, 35.153929 ], [ 126.923283, 35.153929 ], [ 126.923284, 35.153929 ], [ 126.923284, 35.153929 ], [ 126.923284, 35.153929 ], [ 126.923285, 35.153929 ], [ 126.923285, 35.153929 ], [ 126.923285, 35.153929 ], [ 126.923285, 35.15393 ], [ 126.923285, 35.15393 ] ] ] } },
{ "type": "Feature", "properties": { "kind": "cctv", "name": "CCTV 4대", "sub": "200만 · 설치 2021", "addr": "동구 제봉로110번길 10", "z": 15.6, "part": 0, "base": 0.0, "top": 6.5, "mcolor": "#78788a" }, "geometry": { "type": "Polygon", "coordinates": [ [ [ 126.923316, 35.148829 ], [ 126.923316, 35.148829 ], [ 126.923316, 35.148829 ], [ 126.923316, 35.14883 ], [ 126.923315, 35.14883 ], [ 126.923315, 35.14883 ], [ 126.923315, 35.14883 ], [ 126.923315, 35.14883 ], [ 126.923315, 35.14883 ], [ 126.923314, 35.14883 ], [ 126.923314, 35.148829 ], [ 126.923314, 35.148829 ], [ 126.923314, 35.148829 ], [ 126.923314, 35.148829 ], [ 126.923314, 35.148829 ], [ 126.923314, 35.148828 ], [ 126.923315, 35.148828 ], [ 126.923315, 35.148828 ], [ 126.923315, 35.148828 ], [ 126.923315, 35.148828 ], [ 126.923315, 35.148828 ], [ 126.923316, 35.148828 ], [ 126.923316, 35.148829 ], [ 126.923316, 35.148829 ], [ 126.923316, 35.148829 ] ] ] } },
{ "type": "Feature", "properties": { "kind": "cctv", "name": "CCTV 4대", "sub": "200만 · 설치 2021", "addr": "동구 제봉로110번길 10", "z": 15.6, "part": 1, "base": 6.5, "top": 6.95, "mcolor": "#b98cff" }, "geometry": { "type": "Polygon", "coordinates": [ [ [ 126.923318, 35.148829 ], [ 126.923318, 35.14883 ], [ 126.923318, 35.14883 ], [ 126.923317, 35.148831 ], [ 126.923317, 35.148831 ], [ 126.923316, 35.148831 ], [ 126.923315, 35.148832 ], [ 126.923314, 35.148831 ], [ 126.923313, 35.148831 ], [ 126.923313, 35.148831 ], [ 126.923312, 35.14883 ], [ 126.923312, 35.14883 ], [ 126.923312, 35.148829 ], [ 126.923312, 35.148828 ], [ 126.923312, 35.148828 ], [ 126.923313, 35.148827 ], [ 126.923313, 35.148827 ], [ 126.923314, 35.148827 ], [ 126.923315, 35.148826 ], [ 126.923316, 35.148827 ], [ 126.923317, 35.148827 ], [ 126.923317, 35.148827 ], [ 126.923318, 35.148828 ], [ 126.923318, 35.148828 ], [ 126.923318, 35.148829 ] ] ] } },
{ "type": "Feature", "properties": { "kind": "cctv", "name": "CCTV 4대", "sub": "200만 · 설치 2021", "addr": "동구 제봉로110번길 10", "z": 15.6, "part": 2, "base": 6.8, "top": 7.1, "mcolor": "#e1cdff" }, "geometry": { "type": "Polygon", "coordinates": [ [ [ 126.923316, 35.148829 ], [ 126.923316, 35.148829 ], [ 126.923316, 35.14883 ], [ 126.923316, 35.14883 ], [ 126.923316, 35.14883 ], [ 126.923315, 35.14883 ], [ 126.923315, 35.14883 ], [ 126.923315, 35.14883 ], [ 126.923314, 35.14883 ], [ 126.923314, 35.14883 ], [ 126.923314, 35.14883 ], [ 126.923314, 35.148829 ], [ 126.923314, 35.148829 ], [ 126.923314, 35.148829 ], [ 126.923314, 35.148828 ], [ 126.923314, 35.148828 ], [ 126.923314, 35.148828 ], [ 126.923315, 35.148828 ], [ 126.923315, 35.148828 ], [ 126.923315, 35.148828 ], [ 126.923316, 35.148828 ], [ 126.923316, 35.148828 ], [ 126.923316, 35.148828 ], [ 126.923316, 35.148829 ], [ 126.923316, 35.148829 ] ] ] } },
{ "type": "Feature", "properties": { "kind": "cctv", "name": "CCTV 3대", "sub": "200만 · 설치 2018", "addr": "동구 동명로 19", "z": 16.9, "part": 0, "base": 0.0, "top": 6.0, "mcolor": "#78788a" }, "geometry": { "type": "Polygon", "coordinates": [ [ [ 126.923426, 35.150842 ], [ 126.923426, 35.150842 ], [ 126.923426, 35.150842 ], [ 126.923426, 35.150843 ], [ 126.923425, 35.150843 ], [ 126.923425, 35.150843 ], [ 126.923425, 35.150843 ], [ 126.923425, 35.150843 ], [ 126.923425, 35.150843 ], [ 126.923424, 35.150843 ], [ 126.923424, 35.150842 ], [ 126.923424, 35.150842 ], [ 126.923424, 35.150842 ], [ 126.923424, 35.150842 ], [ 126.923424, 35.150842 ], [ 126.923424, 35.150841 ], [ 126.923425, 35.150841 ], [ 126.923425, 35.150841 ], [ 126.923425, 35.150841 ], [ 126.923425, 35.150841 ], [ 126.923425, 35.150841 ], [ 126.923426, 35.150841 ], [ 126.923426, 35.150842 ], [ 126.923426, 35.150842 ], [ 126.923426, 35.150842 ] ] ] } },
{ "type": "Feature", "properties": { "kind": "cctv", "name": "CCTV 3대", "sub": "200만 · 설치 2018", "addr": "동구 동명로 19", "z": 16.9, "part": 1, "base": 6.0, "top": 6.45, "mcolor": "#b98cff" }, "geometry": { "type": "Polygon", "coordinates": [ [ [ 126.923428, 35.150842 ], [ 126.923428, 35.150843 ], [ 126.923428, 35.150843 ], [ 126.923427, 35.150844 ], [ 126.923427, 35.150844 ], [ 126.923426, 35.150844 ], [ 126.923425, 35.150845 ], [ 126.923424, 35.150844 ], [ 126.923423, 35.150844 ], [ 126.923423, 35.150844 ], [ 126.923422, 35.150843 ], [ 126.923422, 35.150843 ], [ 126.923422, 35.150842 ], [ 126.923422, 35.150841 ], [ 126.923422, 35.150841 ], [ 126.923423, 35.15084 ], [ 126.923423, 35.15084 ], [ 126.923424, 35.15084 ], [ 126.923425, 35.150839 ], [ 126.923426, 35.15084 ], [ 126.923427, 35.15084 ], [ 126.923427, 35.15084 ], [ 126.923428, 35.150841 ], [ 126.923428, 35.150841 ], [ 126.923428, 35.150842 ] ] ] } },
{ "type": "Feature", "properties": { "kind": "cctv", "name": "CCTV 3대", "sub": "200만 · 설치 2018", "addr": "동구 동명로 19", "z": 16.9, "part": 2, "base": 6.3, "top": 6.6, "mcolor": "#e1cdff" }, "geometry": { "type": "Polygon", "coordinates": [ [ [ 126.923426, 35.150842 ], [ 126.923426, 35.150842 ], [ 126.923426, 35.150843 ], [ 126.923426, 35.150843 ], [ 126.923426, 35.150843 ], [ 126.923425, 35.150843 ], [ 126.923425, 35.150843 ], [ 126.923425, 35.150843 ], [ 126.923424, 35.150843 ], [ 126.923424, 35.150843 ], [ 126.923424, 35.150843 ], [ 126.923424, 35.150842 ], [ 126.923424, 35.150842 ], [ 126.923424, 35.150842 ], [ 126.923424, 35.150841 ], [ 126.923424, 35.150841 ], [ 126.923424, 35.150841 ], [ 126.923425, 35.150841 ], [ 126.923425, 35.150841 ], [ 126.923425, 35.150841 ], [ 126.923426, 35.150841 ], [ 126.923426, 35.150841 ], [ 126.923426, 35.150841 ], [ 126.923426, 35.150842 ], [ 126.923426, 35.150842 ] ] ] } },
{ "type": "Feature", "properties": { "kind": "cctv", "name": "CCTV 3대", "sub": "200만 · 설치 2022", "addr": "동구 경양로321번길 8-1", "z": 15.1, "part": 0, "base": 0.0, "top": 6.0, "mcolor": "#78788a" }, "geometry": { "type": "Polygon", "coordinates": [ [ [ 126.923848, 35.15465 ], [ 126.923848, 35.15465 ], [ 126.923848, 35.15465 ], [ 126.923848, 35.154651 ], [ 126.923847, 35.154651 ], [ 126.923847, 35.154651 ], [ 126.923847, 35.154651 ], [ 126.923847, 35.154651 ], [ 126.923847, 35.154651 ], [ 126.923846, 35.154651 ], [ 126.923846, 35.15465 ], [ 126.923846, 35.15465 ], [ 126.923846, 35.15465 ], [ 126.923846, 35.15465 ], [ 126.923846, 35.15465 ], [ 126.923846, 35.154649 ], [ 126.923847, 35.154649 ], [ 126.923847, 35.154649 ], [ 126.923847, 35.154649 ], [ 126.923847, 35.154649 ], [ 126.923847, 35.154649 ], [ 126.923848, 35.154649 ], [ 126.923848, 35.15465 ], [ 126.923848, 35.15465 ], [ 126.923848, 35.15465 ] ] ] } },
{ "type": "Feature", "properties": { "kind": "cctv", "name": "CCTV 3대", "sub": "200만 · 설치 2022", "addr": "동구 경양로321번길 8-1", "z": 15.1, "part": 1, "base": 6.0, "top": 6.45, "mcolor": "#b98cff" }, "geometry": { "type": "Polygon", "coordinates": [ [ [ 126.92385, 35.15465 ], [ 126.92385, 35.154651 ], [ 126.92385, 35.154651 ], [ 126.923849, 35.154652 ], [ 126.923849, 35.154652 ], [ 126.923848, 35.154652 ], [ 126.923847, 35.154653 ], [ 126.923846, 35.154652 ], [ 126.923845, 35.154652 ], [ 126.923845, 35.154652 ], [ 126.923844, 35.154651 ], [ 126.923844, 35.154651 ], [ 126.923844, 35.15465 ], [ 126.923844, 35.154649 ], [ 126.923844, 35.154649 ], [ 126.923845, 35.154648 ], [ 126.923845, 35.154648 ], [ 126.923846, 35.154648 ], [ 126.923847, 35.154647 ], [ 126.923848, 35.154648 ], [ 126.923849, 35.154648 ], [ 126.923849, 35.154648 ], [ 126.92385, 35.154649 ], [ 126.92385, 35.154649 ], [ 126.92385, 35.15465 ] ] ] } },
{ "type": "Feature", "properties": { "kind": "cctv", "name": "CCTV 3대", "sub": "200만 · 설치 2022", "addr": "동구 경양로321번길 8-1", "z": 15.1, "part": 2, "base": 6.3, "top": 6.6, "mcolor": "#e1cdff" }, "geometry": { "type": "Polygon", "coordinates": [ [ [ 126.923848, 35.15465 ], [ 126.923848, 35.15465 ], [ 126.923848, 35.154651 ], [ 126.923848, 35.154651 ], [ 126.923848, 35.154651 ], [ 126.923847, 35.154651 ], [ 126.923847, 35.154651 ], [ 126.923847, 35.154651 ], [ 126.923846, 35.154651 ], [ 126.923846, 35.154651 ], [ 126.923846, 35.154651 ], [ 126.923846, 35.15465 ], [ 126.923846, 35.15465 ], [ 126.923846, 35.15465 ], [ 126.923846, 35.154649 ], [ 126.923846, 35.154649 ], [ 126.923846, 35.154649 ], [ 126.923847, 35.154649 ], [ 126.923847, 35.154649 ], [ 126.923847, 35.154649 ], [ 126.923848, 35.154649 ], [ 126.923848, 35.154649 ], [ 126.923848, 35.154649 ], [ 126.923848, 35.15465 ], [ 126.923848, 35.15465 ] ] ] } },
{ "type": "Feature", "properties": { "kind": "cctv", "name": "CCTV 4대", "sub": "200만 · 설치 2013", "addr": "동구 동계로 7", "z": 14.0, "part": 0, "base": 0.0, "top": 6.5, "mcolor": "#78788a" }, "geometry": { "type": "Polygon", "coordinates": [ [ [ 126.924104, 35.152539 ], [ 126.924104, 35.152539 ], [ 126.924104, 35.152539 ], [ 126.924104, 35.15254 ], [ 126.924103, 35.15254 ], [ 126.924103, 35.15254 ], [ 126.924103, 35.15254 ], [ 126.924103, 35.15254 ], [ 126.924103, 35.15254 ], [ 126.924102, 35.15254 ], [ 126.924102, 35.152539 ], [ 126.924102, 35.152539 ], [ 126.924102, 35.152539 ], [ 126.924102, 35.152539 ], [ 126.924102, 35.152539 ], [ 126.924102, 35.152538 ], [ 126.924103, 35.152538 ], [ 126.924103, 35.152538 ], [ 126.924103, 35.152538 ], [ 126.924103, 35.152538 ], [ 126.924103, 35.152538 ], [ 126.924104, 35.152538 ], [ 126.924104, 35.152539 ], [ 126.924104, 35.152539 ], [ 126.924104, 35.152539 ] ] ] } },
{ "type": "Feature", "properties": { "kind": "cctv", "name": "CCTV 4대", "sub": "200만 · 설치 2013", "addr": "동구 동계로 7", "z": 14.0, "part": 1, "base": 6.5, "top": 6.95, "mcolor": "#b98cff" }, "geometry": { "type": "Polygon", "coordinates": [ [ [ 126.924106, 35.152539 ], [ 126.924106, 35.15254 ], [ 126.924106, 35.15254 ], [ 126.924105, 35.152541 ], [ 126.924105, 35.152541 ], [ 126.924104, 35.152541 ], [ 126.924103, 35.152542 ], [ 126.924102, 35.152541 ], [ 126.924101, 35.152541 ], [ 126.924101, 35.152541 ], [ 126.9241, 35.15254 ], [ 126.9241, 35.15254 ], [ 126.9241, 35.152539 ], [ 126.9241, 35.152538 ], [ 126.9241, 35.152538 ], [ 126.924101, 35.152537 ], [ 126.924101, 35.152537 ], [ 126.924102, 35.152537 ], [ 126.924103, 35.152536 ], [ 126.924104, 35.152537 ], [ 126.924105, 35.152537 ], [ 126.924105, 35.152537 ], [ 126.924106, 35.152538 ], [ 126.924106, 35.152538 ], [ 126.924106, 35.152539 ] ] ] } },
{ "type": "Feature", "properties": { "kind": "cctv", "name": "CCTV 4대", "sub": "200만 · 설치 2013", "addr": "동구 동계로 7", "z": 14.0, "part": 2, "base": 6.8, "top": 7.1, "mcolor": "#e1cdff" }, "geometry": { "type": "Polygon", "coordinates": [ [ [ 126.924104, 35.152539 ], [ 126.924104, 35.152539 ], [ 126.924104, 35.15254 ], [ 126.924104, 35.15254 ], [ 126.924104, 35.15254 ], [ 126.924103, 35.15254 ], [ 126.924103, 35.15254 ], [ 126.924103, 35.15254 ], [ 126.924102, 35.15254 ], [ 126.924102, 35.15254 ], [ 126.924102, 35.15254 ], [ 126.924102, 35.152539 ], [ 126.924102, 35.152539 ], [ 126.924102, 35.152539 ], [ 126.924102, 35.152538 ], [ 126.924102, 35.152538 ], [ 126.924102, 35.152538 ], [ 126.924103, 35.152538 ], [ 126.924103, 35.152538 ], [ 126.924103, 35.152538 ], [ 126.924104, 35.152538 ], [ 126.924104, 35.152538 ], [ 126.924104, 35.152538 ], [ 126.924104, 35.152539 ], [ 126.924104, 35.152539 ] ] ] } },
{ "type": "Feature", "properties": { "kind": "cctv", "name": "CCTV 2대", "sub": "200만 · 설치 2024", "addr": "동구 동계로 33", "z": 15.5, "part": 0, "base": 0.0, "top": 5.5, "mcolor": "#78788a" }, "geometry": { "type": "Polygon", "coordinates": [ [ [ 126.924295, 35.154535 ], [ 126.924295, 35.154535 ], [ 126.924295, 35.154535 ], [ 126.924295, 35.154536 ], [ 126.924294, 35.154536 ], [ 126.924294, 35.154536 ], [ 126.924294, 35.154536 ], [ 126.924294, 35.154536 ], [ 126.924294, 35.154536 ], [ 126.924293, 35.154536 ], [ 126.924293, 35.154535 ], [ 126.924293, 35.154535 ], [ 126.924293, 35.154535 ], [ 126.924293, 35.154535 ], [ 126.924293, 35.154535 ], [ 126.924293, 35.154534 ], [ 126.924294, 35.154534 ], [ 126.924294, 35.154534 ], [ 126.924294, 35.154534 ], [ 126.924294, 35.154534 ], [ 126.924294, 35.154534 ], [ 126.924295, 35.154534 ], [ 126.924295, 35.154535 ], [ 126.924295, 35.154535 ], [ 126.924295, 35.154535 ] ] ] } },
{ "type": "Feature", "properties": { "kind": "cctv", "name": "CCTV 2대", "sub": "200만 · 설치 2024", "addr": "동구 동계로 33", "z": 15.5, "part": 1, "base": 5.5, "top": 5.95, "mcolor": "#b98cff" }, "geometry": { "type": "Polygon", "coordinates": [ [ [ 126.924297, 35.154535 ], [ 126.924297, 35.154536 ], [ 126.924297, 35.154536 ], [ 126.924296, 35.154537 ], [ 126.924296, 35.154537 ], [ 126.924295, 35.154537 ], [ 126.924294, 35.154538 ], [ 126.924293, 35.154537 ], [ 126.924292, 35.154537 ], [ 126.924292, 35.154537 ], [ 126.924291, 35.154536 ], [ 126.924291, 35.154536 ], [ 126.924291, 35.154535 ], [ 126.924291, 35.154534 ], [ 126.924291, 35.154534 ], [ 126.924292, 35.154533 ], [ 126.924292, 35.154533 ], [ 126.924293, 35.154533 ], [ 126.924294, 35.154532 ], [ 126.924295, 35.154533 ], [ 126.924296, 35.154533 ], [ 126.924296, 35.154533 ], [ 126.924297, 35.154534 ], [ 126.924297, 35.154534 ], [ 126.924297, 35.154535 ] ] ] } },
{ "type": "Feature", "properties": { "kind": "cctv", "name": "CCTV 2대", "sub": "200만 · 설치 2024", "addr": "동구 동계로 33", "z": 15.5, "part": 2, "base": 5.8, "top": 6.1, "mcolor": "#e1cdff" }, "geometry": { "type": "Polygon", "coordinates": [ [ [ 126.924295, 35.154535 ], [ 126.924295, 35.154535 ], [ 126.924295, 35.154536 ], [ 126.924295, 35.154536 ], [ 126.924295, 35.154536 ], [ 126.924294, 35.154536 ], [ 126.924294, 35.154536 ], [ 126.924294, 35.154536 ], [ 126.924293, 35.154536 ], [ 126.924293, 35.154536 ], [ 126.924293, 35.154536 ], [ 126.924293, 35.154535 ], [ 126.924293, 35.154535 ], [ 126.924293, 35.154535 ], [ 126.924293, 35.154534 ], [ 126.924293, 35.154534 ], [ 126.924293, 35.154534 ], [ 126.924294, 35.154534 ], [ 126.924294, 35.154534 ], [ 126.924294, 35.154534 ], [ 126.924295, 35.154534 ], [ 126.924295, 35.154534 ], [ 126.924295, 35.154534 ], [ 126.924295, 35.154535 ], [ 126.924295, 35.154535 ] ] ] } },
{ "type": "Feature", "properties": { "kind": "cctv", "name": "CCTV 4대", "sub": "200만 · 설치 2019", "addr": "동구 동명로20번길 9", "z": 18.9, "part": 0, "base": 0.0, "top": 6.5, "mcolor": "#78788a" }, "geometry": { "type": "Polygon", "coordinates": [ [ [ 126.924651, 35.15061 ], [ 126.924651, 35.15061 ], [ 126.924651, 35.15061 ], [ 126.924651, 35.150611 ], [ 126.92465, 35.150611 ], [ 126.92465, 35.150611 ], [ 126.92465, 35.150611 ], [ 126.92465, 35.150611 ], [ 126.92465, 35.150611 ], [ 126.924649, 35.150611 ], [ 126.924649, 35.15061 ], [ 126.924649, 35.15061 ], [ 126.924649, 35.15061 ], [ 126.924649, 35.15061 ], [ 126.924649, 35.15061 ], [ 126.924649, 35.150609 ], [ 126.92465, 35.150609 ], [ 126.92465, 35.150609 ], [ 126.92465, 35.150609 ], [ 126.92465, 35.150609 ], [ 126.92465, 35.150609 ], [ 126.924651, 35.150609 ], [ 126.924651, 35.15061 ], [ 126.924651, 35.15061 ], [ 126.924651, 35.15061 ] ] ] } },
{ "type": "Feature", "properties": { "kind": "cctv", "name": "CCTV 4대", "sub": "200만 · 설치 2019", "addr": "동구 동명로20번길 9", "z": 18.9, "part": 1, "base": 6.5, "top": 6.95, "mcolor": "#b98cff" }, "geometry": { "type": "Polygon", "coordinates": [ [ [ 126.924653, 35.15061 ], [ 126.924653, 35.150611 ], [ 126.924653, 35.150611 ], [ 126.924652, 35.150612 ], [ 126.924652, 35.150612 ], [ 126.924651, 35.150612 ], [ 126.92465, 35.150613 ], [ 126.924649, 35.150612 ], [ 126.924648, 35.150612 ], [ 126.924648, 35.150612 ], [ 126.924647, 35.150611 ], [ 126.924647, 35.150611 ], [ 126.924647, 35.15061 ], [ 126.924647, 35.150609 ], [ 126.924647, 35.150609 ], [ 126.924648, 35.150608 ], [ 126.924648, 35.150608 ], [ 126.924649, 35.150608 ], [ 126.92465, 35.150607 ], [ 126.924651, 35.150608 ], [ 126.924652, 35.150608 ], [ 126.924652, 35.150608 ], [ 126.924653, 35.150609 ], [ 126.924653, 35.150609 ], [ 126.924653, 35.15061 ] ] ] } },
{ "type": "Feature", "properties": { "kind": "cctv", "name": "CCTV 4대", "sub": "200만 · 설치 2019", "addr": "동구 동명로20번길 9", "z": 18.9, "part": 2, "base": 6.8, "top": 7.1, "mcolor": "#e1cdff" }, "geometry": { "type": "Polygon", "coordinates": [ [ [ 126.924651, 35.15061 ], [ 126.924651, 35.15061 ], [ 126.924651, 35.150611 ], [ 126.924651, 35.150611 ], [ 126.924651, 35.150611 ], [ 126.92465, 35.150611 ], [ 126.92465, 35.150611 ], [ 126.92465, 35.150611 ], [ 126.924649, 35.150611 ], [ 126.924649, 35.150611 ], [ 126.924649, 35.150611 ], [ 126.924649, 35.15061 ], [ 126.924649, 35.15061 ], [ 126.924649, 35.15061 ], [ 126.924649, 35.150609 ], [ 126.924649, 35.150609 ], [ 126.924649, 35.150609 ], [ 126.92465, 35.150609 ], [ 126.92465, 35.150609 ], [ 126.92465, 35.150609 ], [ 126.924651, 35.150609 ], [ 126.924651, 35.150609 ], [ 126.924651, 35.150609 ], [ 126.924651, 35.15061 ], [ 126.924651, 35.15061 ] ] ] } },
{ "type": "Feature", "properties": { "kind": "cctv", "name": "CCTV 3대", "sub": "200만 · 설치 2021", "addr": "동구 장동로 23-16", "z": 18.3, "part": 0, "base": 0.0, "top": 6.0, "mcolor": "#78788a" }, "geometry": { "type": "Polygon", "coordinates": [ [ [ 126.925058, 35.148828 ], [ 126.925058, 35.148828 ], [ 126.925058, 35.148828 ], [ 126.925058, 35.148829 ], [ 126.925057, 35.148829 ], [ 126.925057, 35.148829 ], [ 126.925057, 35.148829 ], [ 126.925057, 35.148829 ], [ 126.925057, 35.148829 ], [ 126.925056, 35.148829 ], [ 126.925056, 35.148828 ], [ 126.925056, 35.148828 ], [ 126.925056, 35.148828 ], [ 126.925056, 35.148828 ], [ 126.925056, 35.148828 ], [ 126.925056, 35.148827 ], [ 126.925057, 35.148827 ], [ 126.925057, 35.148827 ], [ 126.925057, 35.148827 ], [ 126.925057, 35.148827 ], [ 126.925057, 35.148827 ], [ 126.925058, 35.148827 ], [ 126.925058, 35.148828 ], [ 126.925058, 35.148828 ], [ 126.925058, 35.148828 ] ] ] } },
{ "type": "Feature", "properties": { "kind": "cctv", "name": "CCTV 3대", "sub": "200만 · 설치 2021", "addr": "동구 장동로 23-16", "z": 18.3, "part": 1, "base": 6.0, "top": 6.45, "mcolor": "#b98cff" }, "geometry": { "type": "Polygon", "coordinates": [ [ [ 126.92506, 35.148828 ], [ 126.92506, 35.148829 ], [ 126.92506, 35.148829 ], [ 126.925059, 35.14883 ], [ 126.925059, 35.14883 ], [ 126.925058, 35.14883 ], [ 126.925057, 35.148831 ], [ 126.925056, 35.14883 ], [ 126.925055, 35.14883 ], [ 126.925055, 35.14883 ], [ 126.925054, 35.148829 ], [ 126.925054, 35.148829 ], [ 126.925054, 35.148828 ], [ 126.925054, 35.148827 ], [ 126.925054, 35.148827 ], [ 126.925055, 35.148826 ], [ 126.925055, 35.148826 ], [ 126.925056, 35.148826 ], [ 126.925057, 35.148825 ], [ 126.925058, 35.148826 ], [ 126.925059, 35.148826 ], [ 126.925059, 35.148826 ], [ 126.92506, 35.148827 ], [ 126.92506, 35.148827 ], [ 126.92506, 35.148828 ] ] ] } },
{ "type": "Feature", "properties": { "kind": "cctv", "name": "CCTV 3대", "sub": "200만 · 설치 2021", "addr": "동구 장동로 23-16", "z": 18.3, "part": 2, "base": 6.3, "top": 6.6, "mcolor": "#e1cdff" }, "geometry": { "type": "Polygon", "coordinates": [ [ [ 126.925058, 35.148828 ], [ 126.925058, 35.148828 ], [ 126.925058, 35.148829 ], [ 126.925058, 35.148829 ], [ 126.925058, 35.148829 ], [ 126.925057, 35.148829 ], [ 126.925057, 35.148829 ], [ 126.925057, 35.148829 ], [ 126.925056, 35.148829 ], [ 126.925056, 35.148829 ], [ 126.925056, 35.148829 ], [ 126.925056, 35.148828 ], [ 126.925056, 35.148828 ], [ 126.925056, 35.148828 ], [ 126.925056, 35.148827 ], [ 126.925056, 35.148827 ], [ 126.925056, 35.148827 ], [ 126.925057, 35.148827 ], [ 126.925057, 35.148827 ], [ 126.925057, 35.148827 ], [ 126.925058, 35.148827 ], [ 126.925058, 35.148827 ], [ 126.925058, 35.148827 ], [ 126.925058, 35.148828 ], [ 126.925058, 35.148828 ] ] ] } },
{ "type": "Feature", "properties": { "kind": "cctv", "name": "CCTV 3대", "sub": "200만 · 설치 2019", "addr": "동구 동계로12번길 11-1", "z": 14.0, "part": 0, "base": 0.0, "top": 6.0, "mcolor": "#78788a" }, "geometry": { "type": "Polygon", "coordinates": [ [ [ 126.925545, 35.152983 ], [ 126.925545, 35.152983 ], [ 126.925545, 35.152983 ], [ 126.925545, 35.152984 ], [ 126.925544, 35.152984 ], [ 126.925544, 35.152984 ], [ 126.925544, 35.152984 ], [ 126.925544, 35.152984 ], [ 126.925544, 35.152984 ], [ 126.925543, 35.152984 ], [ 126.925543, 35.152983 ], [ 126.925543, 35.152983 ], [ 126.925543, 35.152983 ], [ 126.925543, 35.152983 ], [ 126.925543, 35.152983 ], [ 126.925543, 35.152982 ], [ 126.925544, 35.152982 ], [ 126.925544, 35.152982 ], [ 126.925544, 35.152982 ], [ 126.925544, 35.152982 ], [ 126.925544, 35.152982 ], [ 126.925545, 35.152982 ], [ 126.925545, 35.152983 ], [ 126.925545, 35.152983 ], [ 126.925545, 35.152983 ] ] ] } },
{ "type": "Feature", "properties": { "kind": "cctv", "name": "CCTV 3대", "sub": "200만 · 설치 2019", "addr": "동구 동계로12번길 11-1", "z": 14.0, "part": 1, "base": 6.0, "top": 6.45, "mcolor": "#b98cff" }, "geometry": { "type": "Polygon", "coordinates": [ [ [ 126.925547, 35.152983 ], [ 126.925547, 35.152984 ], [ 126.925547, 35.152984 ], [ 126.925546, 35.152985 ], [ 126.925546, 35.152985 ], [ 126.925545, 35.152985 ], [ 126.925544, 35.152986 ], [ 126.925543, 35.152985 ], [ 126.925542, 35.152985 ], [ 126.925542, 35.152985 ], [ 126.925541, 35.152984 ], [ 126.925541, 35.152984 ], [ 126.925541, 35.152983 ], [ 126.925541, 35.152982 ], [ 126.925541, 35.152982 ], [ 126.925542, 35.152981 ], [ 126.925542, 35.152981 ], [ 126.925543, 35.152981 ], [ 126.925544, 35.15298 ], [ 126.925545, 35.152981 ], [ 126.925546, 35.152981 ], [ 126.925546, 35.152981 ], [ 126.925547, 35.152982 ], [ 126.925547, 35.152982 ], [ 126.925547, 35.152983 ] ] ] } },
{ "type": "Feature", "properties": { "kind": "cctv", "name": "CCTV 3대", "sub": "200만 · 설치 2019", "addr": "동구 동계로12번길 11-1", "z": 14.0, "part": 2, "base": 6.3, "top": 6.6, "mcolor": "#e1cdff" }, "geometry": { "type": "Polygon", "coordinates": [ [ [ 126.925545, 35.152983 ], [ 126.925545, 35.152983 ], [ 126.925545, 35.152984 ], [ 126.925545, 35.152984 ], [ 126.925545, 35.152984 ], [ 126.925544, 35.152984 ], [ 126.925544, 35.152984 ], [ 126.925544, 35.152984 ], [ 126.925543, 35.152984 ], [ 126.925543, 35.152984 ], [ 126.925543, 35.152984 ], [ 126.925543, 35.152983 ], [ 126.925543, 35.152983 ], [ 126.925543, 35.152983 ], [ 126.925543, 35.152982 ], [ 126.925543, 35.152982 ], [ 126.925543, 35.152982 ], [ 126.925544, 35.152982 ], [ 126.925544, 35.152982 ], [ 126.925544, 35.152982 ], [ 126.925545, 35.152982 ], [ 126.925545, 35.152982 ], [ 126.925545, 35.152982 ], [ 126.925545, 35.152983 ], [ 126.925545, 35.152983 ] ] ] } },
{ "type": "Feature", "properties": { "kind": "cctv", "name": "CCTV 3대", "sub": "200만 · 설치 2019", "addr": null, "z": 14.3, "part": 0, "base": 0.0, "top": 6.0, "mcolor": "#78788a" }, "geometry": { "type": "Polygon", "coordinates": [ [ [ 126.92575, 35.152596 ], [ 126.92575, 35.152596 ], [ 126.92575, 35.152596 ], [ 126.92575, 35.152597 ], [ 126.925749, 35.152597 ], [ 126.925749, 35.152597 ], [ 126.925749, 35.152597 ], [ 126.925749, 35.152597 ], [ 126.925749, 35.152597 ], [ 126.925748, 35.152597 ], [ 126.925748, 35.152596 ], [ 126.925748, 35.152596 ], [ 126.925748, 35.152596 ], [ 126.925748, 35.152596 ], [ 126.925748, 35.152596 ], [ 126.925748, 35.152595 ], [ 126.925749, 35.152595 ], [ 126.925749, 35.152595 ], [ 126.925749, 35.152595 ], [ 126.925749, 35.152595 ], [ 126.925749, 35.152595 ], [ 126.92575, 35.152595 ], [ 126.92575, 35.152596 ], [ 126.92575, 35.152596 ], [ 126.92575, 35.152596 ] ] ] } },
{ "type": "Feature", "properties": { "kind": "cctv", "name": "CCTV 3대", "sub": "200만 · 설치 2019", "addr": null, "z": 14.3, "part": 1, "base": 6.0, "top": 6.45, "mcolor": "#b98cff" }, "geometry": { "type": "Polygon", "coordinates": [ [ [ 126.925752, 35.152596 ], [ 126.925752, 35.152597 ], [ 126.925752, 35.152597 ], [ 126.925751, 35.152598 ], [ 126.925751, 35.152598 ], [ 126.92575, 35.152598 ], [ 126.925749, 35.152599 ], [ 126.925748, 35.152598 ], [ 126.925747, 35.152598 ], [ 126.925747, 35.152598 ], [ 126.925746, 35.152597 ], [ 126.925746, 35.152597 ], [ 126.925746, 35.152596 ], [ 126.925746, 35.152595 ], [ 126.925746, 35.152595 ], [ 126.925747, 35.152594 ], [ 126.925747, 35.152594 ], [ 126.925748, 35.152594 ], [ 126.925749, 35.152593 ], [ 126.92575, 35.152594 ], [ 126.925751, 35.152594 ], [ 126.925751, 35.152594 ], [ 126.925752, 35.152595 ], [ 126.925752, 35.152595 ], [ 126.925752, 35.152596 ] ] ] } },
{ "type": "Feature", "properties": { "kind": "cctv", "name": "CCTV 3대", "sub": "200만 · 설치 2019", "addr": null, "z": 14.3, "part": 2, "base": 6.3, "top": 6.6, "mcolor": "#e1cdff" }, "geometry": { "type": "Polygon", "coordinates": [ [ [ 126.92575, 35.152596 ], [ 126.92575, 35.152596 ], [ 126.92575, 35.152597 ], [ 126.92575, 35.152597 ], [ 126.92575, 35.152597 ], [ 126.925749, 35.152597 ], [ 126.925749, 35.152597 ], [ 126.925749, 35.152597 ], [ 126.925748, 35.152597 ], [ 126.925748, 35.152597 ], [ 126.925748, 35.152597 ], [ 126.925748, 35.152596 ], [ 126.925748, 35.152596 ], [ 126.925748, 35.152596 ], [ 126.925748, 35.152595 ], [ 126.925748, 35.152595 ], [ 126.925748, 35.152595 ], [ 126.925749, 35.152595 ], [ 126.925749, 35.152595 ], [ 126.925749, 35.152595 ], [ 126.92575, 35.152595 ], [ 126.92575, 35.152595 ], [ 126.92575, 35.152595 ], [ 126.92575, 35.152596 ], [ 126.92575, 35.152596 ] ] ] } },
{ "type": "Feature", "properties": { "kind": "cctv", "name": "CCTV 4대", "sub": "200만 · 설치 2019", "addr": "동구 동계천로 159-11", "z": 22.6, "part": 0, "base": 0.0, "top": 6.5, "mcolor": "#78788a" }, "geometry": { "type": "Polygon", "coordinates": [ [ [ 126.926352, 35.149821 ], [ 126.926352, 35.149821 ], [ 126.926352, 35.149821 ], [ 126.926352, 35.149822 ], [ 126.926351, 35.149822 ], [ 126.926351, 35.149822 ], [ 126.926351, 35.149822 ], [ 126.926351, 35.149822 ], [ 126.926351, 35.149822 ], [ 126.92635, 35.149822 ], [ 126.92635, 35.149821 ], [ 126.92635, 35.149821 ], [ 126.92635, 35.149821 ], [ 126.92635, 35.149821 ], [ 126.92635, 35.149821 ], [ 126.92635, 35.14982 ], [ 126.926351, 35.14982 ], [ 126.926351, 35.14982 ], [ 126.926351, 35.14982 ], [ 126.926351, 35.14982 ], [ 126.926351, 35.14982 ], [ 126.926352, 35.14982 ], [ 126.926352, 35.149821 ], [ 126.926352, 35.149821 ], [ 126.926352, 35.149821 ] ] ] } },
{ "type": "Feature", "properties": { "kind": "cctv", "name": "CCTV 4대", "sub": "200만 · 설치 2019", "addr": "동구 동계천로 159-11", "z": 22.6, "part": 1, "base": 6.5, "top": 6.95, "mcolor": "#b98cff" }, "geometry": { "type": "Polygon", "coordinates": [ [ [ 126.926354, 35.149821 ], [ 126.926354, 35.149822 ], [ 126.926354, 35.149822 ], [ 126.926353, 35.149823 ], [ 126.926353, 35.149823 ], [ 126.926352, 35.149823 ], [ 126.926351, 35.149824 ], [ 126.92635, 35.149823 ], [ 126.926349, 35.149823 ], [ 126.926349, 35.149823 ], [ 126.926348, 35.149822 ], [ 126.926348, 35.149822 ], [ 126.926348, 35.149821 ], [ 126.926348, 35.14982 ], [ 126.926348, 35.14982 ], [ 126.926349, 35.149819 ], [ 126.926349, 35.149819 ], [ 126.92635, 35.149819 ], [ 126.926351, 35.149818 ], [ 126.926352, 35.149819 ], [ 126.926353, 35.149819 ], [ 126.926353, 35.149819 ], [ 126.926354, 35.14982 ], [ 126.926354, 35.14982 ], [ 126.926354, 35.149821 ] ] ] } },
{ "type": "Feature", "properties": { "kind": "cctv", "name": "CCTV 4대", "sub": "200만 · 설치 2019", "addr": "동구 동계천로 159-11", "z": 22.6, "part": 2, "base": 6.8, "top": 7.1, "mcolor": "#e1cdff" }, "geometry": { "type": "Polygon", "coordinates": [ [ [ 126.926352, 35.149821 ], [ 126.926352, 35.149821 ], [ 126.926352, 35.149822 ], [ 126.926352, 35.149822 ], [ 126.926352, 35.149822 ], [ 126.926351, 35.149822 ], [ 126.926351, 35.149822 ], [ 126.926351, 35.149822 ], [ 126.92635, 35.149822 ], [ 126.92635, 35.149822 ], [ 126.92635, 35.149822 ], [ 126.92635, 35.149821 ], [ 126.92635, 35.149821 ], [ 126.92635, 35.149821 ], [ 126.92635, 35.14982 ], [ 126.92635, 35.14982 ], [ 126.92635, 35.14982 ], [ 126.926351, 35.14982 ], [ 126.926351, 35.14982 ], [ 126.926351, 35.14982 ], [ 126.926352, 35.14982 ], [ 126.926352, 35.14982 ], [ 126.926352, 35.14982 ], [ 126.926352, 35.149821 ], [ 126.926352, 35.149821 ] ] ] } },
{ "type": "Feature", "properties": { "kind": "cctv", "name": "CCTV 3대", "sub": "200만 · 설치 2019", "addr": "동구 경양로 340", "z": 18.7, "part": 0, "base": 0.0, "top": 6.0, "mcolor": "#78788a" }, "geometry": { "type": "Polygon", "coordinates": [ [ [ 126.926382, 35.153846 ], [ 126.926382, 35.153846 ], [ 126.926382, 35.153846 ], [ 126.926382, 35.153847 ], [ 126.926381, 35.153847 ], [ 126.926381, 35.153847 ], [ 126.926381, 35.153847 ], [ 126.926381, 35.153847 ], [ 126.926381, 35.153847 ], [ 126.92638, 35.153847 ], [ 126.92638, 35.153846 ], [ 126.92638, 35.153846 ], [ 126.92638, 35.153846 ], [ 126.92638, 35.153846 ], [ 126.92638, 35.153846 ], [ 126.92638, 35.153845 ], [ 126.926381, 35.153845 ], [ 126.926381, 35.153845 ], [ 126.926381, 35.153845 ], [ 126.926381, 35.153845 ], [ 126.926381, 35.153845 ], [ 126.926382, 35.153845 ], [ 126.926382, 35.153846 ], [ 126.926382, 35.153846 ], [ 126.926382, 35.153846 ] ] ] } },
{ "type": "Feature", "properties": { "kind": "cctv", "name": "CCTV 3대", "sub": "200만 · 설치 2019", "addr": "동구 경양로 340", "z": 18.7, "part": 1, "base": 6.0, "top": 6.45, "mcolor": "#b98cff" }, "geometry": { "type": "Polygon", "coordinates": [ [ [ 126.926384, 35.153846 ], [ 126.926384, 35.153847 ], [ 126.926384, 35.153847 ], [ 126.926383, 35.153848 ], [ 126.926383, 35.153848 ], [ 126.926382, 35.153848 ], [ 126.926381, 35.153849 ], [ 126.92638, 35.153848 ], [ 126.926379, 35.153848 ], [ 126.926379, 35.153848 ], [ 126.926378, 35.153847 ], [ 126.926378, 35.153847 ], [ 126.926378, 35.153846 ], [ 126.926378, 35.153845 ], [ 126.926378, 35.153845 ], [ 126.926379, 35.153844 ], [ 126.926379, 35.153844 ], [ 126.92638, 35.153844 ], [ 126.926381, 35.153843 ], [ 126.926382, 35.153844 ], [ 126.926383, 35.153844 ], [ 126.926383, 35.153844 ], [ 126.926384, 35.153845 ], [ 126.926384, 35.153845 ], [ 126.926384, 35.153846 ] ] ] } },
{ "type": "Feature", "properties": { "kind": "cctv", "name": "CCTV 3대", "sub": "200만 · 설치 2019", "addr": "동구 경양로 340", "z": 18.7, "part": 2, "base": 6.3, "top": 6.6, "mcolor": "#e1cdff" }, "geometry": { "type": "Polygon", "coordinates": [ [ [ 126.926382, 35.153846 ], [ 126.926382, 35.153846 ], [ 126.926382, 35.153847 ], [ 126.926382, 35.153847 ], [ 126.926382, 35.153847 ], [ 126.926381, 35.153847 ], [ 126.926381, 35.153847 ], [ 126.926381, 35.153847 ], [ 126.92638, 35.153847 ], [ 126.92638, 35.153847 ], [ 126.92638, 35.153847 ], [ 126.92638, 35.153846 ], [ 126.92638, 35.153846 ], [ 126.92638, 35.153846 ], [ 126.92638, 35.153845 ], [ 126.92638, 35.153845 ], [ 126.92638, 35.153845 ], [ 126.926381, 35.153845 ], [ 126.926381, 35.153845 ], [ 126.926381, 35.153845 ], [ 126.926382, 35.153845 ], [ 126.926382, 35.153845 ], [ 126.926382, 35.153845 ], [ 126.926382, 35.153846 ], [ 126.926382, 35.153846 ] ] ] } },
{ "type": "Feature", "properties": { "kind": "cctv", "name": "CCTV 2대", "sub": "200만 · 설치 2023", "addr": "동구 장동로43번길 10", "z": 20.2, "part": 0, "base": 0.0, "top": 5.5, "mcolor": "#78788a" }, "geometry": { "type": "Polygon", "coordinates": [ [ [ 126.926429, 35.148349 ], [ 126.926429, 35.148349 ], [ 126.926429, 35.148349 ], [ 126.926429, 35.14835 ], [ 126.926428, 35.14835 ], [ 126.926428, 35.14835 ], [ 126.926428, 35.14835 ], [ 126.926428, 35.14835 ], [ 126.926428, 35.14835 ], [ 126.926427, 35.14835 ], [ 126.926427, 35.148349 ], [ 126.926427, 35.148349 ], [ 126.926427, 35.148349 ], [ 126.926427, 35.148349 ], [ 126.926427, 35.148349 ], [ 126.926427, 35.148348 ], [ 126.926428, 35.148348 ], [ 126.926428, 35.148348 ], [ 126.926428, 35.148348 ], [ 126.926428, 35.148348 ], [ 126.926428, 35.148348 ], [ 126.926429, 35.148348 ], [ 126.926429, 35.148349 ], [ 126.926429, 35.148349 ], [ 126.926429, 35.148349 ] ] ] } },
{ "type": "Feature", "properties": { "kind": "cctv", "name": "CCTV 2대", "sub": "200만 · 설치 2023", "addr": "동구 장동로43번길 10", "z": 20.2, "part": 1, "base": 5.5, "top": 5.95, "mcolor": "#b98cff" }, "geometry": { "type": "Polygon", "coordinates": [ [ [ 126.926431, 35.148349 ], [ 126.926431, 35.14835 ], [ 126.926431, 35.14835 ], [ 126.92643, 35.148351 ], [ 126.92643, 35.148351 ], [ 126.926429, 35.148351 ], [ 126.926428, 35.148352 ], [ 126.926427, 35.148351 ], [ 126.926426, 35.148351 ], [ 126.926426, 35.148351 ], [ 126.926425, 35.14835 ], [ 126.926425, 35.14835 ], [ 126.926425, 35.148349 ], [ 126.926425, 35.148348 ], [ 126.926425, 35.148348 ], [ 126.926426, 35.148347 ], [ 126.926426, 35.148347 ], [ 126.926427, 35.148347 ], [ 126.926428, 35.148346 ], [ 126.926429, 35.148347 ], [ 126.92643, 35.148347 ], [ 126.92643, 35.148347 ], [ 126.926431, 35.148348 ], [ 126.926431, 35.148348 ], [ 126.926431, 35.148349 ] ] ] } },
{ "type": "Feature", "properties": { "kind": "cctv", "name": "CCTV 2대", "sub": "200만 · 설치 2023", "addr": "동구 장동로43번길 10", "z": 20.2, "part": 2, "base": 5.8, "top": 6.1, "mcolor": "#e1cdff" }, "geometry": { "type": "Polygon", "coordinates": [ [ [ 126.926429, 35.148349 ], [ 126.926429, 35.148349 ], [ 126.926429, 35.14835 ], [ 126.926429, 35.14835 ], [ 126.926429, 35.14835 ], [ 126.926428, 35.14835 ], [ 126.926428, 35.14835 ], [ 126.926428, 35.14835 ], [ 126.926427, 35.14835 ], [ 126.926427, 35.14835 ], [ 126.926427, 35.14835 ], [ 126.926427, 35.148349 ], [ 126.926427, 35.148349 ], [ 126.926427, 35.148349 ], [ 126.926427, 35.148348 ], [ 126.926427, 35.148348 ], [ 126.926427, 35.148348 ], [ 126.926428, 35.148348 ], [ 126.926428, 35.148348 ], [ 126.926428, 35.148348 ], [ 126.926429, 35.148348 ], [ 126.926429, 35.148348 ], [ 126.926429, 35.148348 ], [ 126.926429, 35.148349 ], [ 126.926429, 35.148349 ] ] ] } },
{ "type": "Feature", "properties": { "kind": "cctv", "name": "CCTV 3대", "sub": "200만 · 설치 2023", "addr": "동구 백서로 219", "z": 20.2, "part": 0, "base": 0.0, "top": 6.0, "mcolor": "#78788a" }, "geometry": { "type": "Polygon", "coordinates": [ [ [ 126.92646, 35.14736 ], [ 126.92646, 35.14736 ], [ 126.92646, 35.14736 ], [ 126.92646, 35.147361 ], [ 126.926459, 35.147361 ], [ 126.926459, 35.147361 ], [ 126.926459, 35.147361 ], [ 126.926459, 35.147361 ], [ 126.926459, 35.147361 ], [ 126.926458, 35.147361 ], [ 126.926458, 35.14736 ], [ 126.926458, 35.14736 ], [ 126.926458, 35.14736 ], [ 126.926458, 35.14736 ], [ 126.926458, 35.14736 ], [ 126.926458, 35.147359 ], [ 126.926459, 35.147359 ], [ 126.926459, 35.147359 ], [ 126.926459, 35.147359 ], [ 126.926459, 35.147359 ], [ 126.926459, 35.147359 ], [ 126.92646, 35.147359 ], [ 126.92646, 35.14736 ], [ 126.92646, 35.14736 ], [ 126.92646, 35.14736 ] ] ] } },
{ "type": "Feature", "properties": { "kind": "cctv", "name": "CCTV 3대", "sub": "200만 · 설치 2023", "addr": "동구 백서로 219", "z": 20.2, "part": 1, "base": 6.0, "top": 6.45, "mcolor": "#b98cff" }, "geometry": { "type": "Polygon", "coordinates": [ [ [ 126.926462, 35.14736 ], [ 126.926462, 35.147361 ], [ 126.926462, 35.147361 ], [ 126.926461, 35.147362 ], [ 126.926461, 35.147362 ], [ 126.92646, 35.147362 ], [ 126.926459, 35.147363 ], [ 126.926458, 35.147362 ], [ 126.926457, 35.147362 ], [ 126.926457, 35.147362 ], [ 126.926456, 35.147361 ], [ 126.926456, 35.147361 ], [ 126.926456, 35.14736 ], [ 126.926456, 35.147359 ], [ 126.926456, 35.147359 ], [ 126.926457, 35.147358 ], [ 126.926457, 35.147358 ], [ 126.926458, 35.147358 ], [ 126.926459, 35.147357 ], [ 126.92646, 35.147358 ], [ 126.926461, 35.147358 ], [ 126.926461, 35.147358 ], [ 126.926462, 35.147359 ], [ 126.926462, 35.147359 ], [ 126.926462, 35.14736 ] ] ] } },
{ "type": "Feature", "properties": { "kind": "cctv", "name": "CCTV 3대", "sub": "200만 · 설치 2023", "addr": "동구 백서로 219", "z": 20.2, "part": 2, "base": 6.3, "top": 6.6, "mcolor": "#e1cdff" }, "geometry": { "type": "Polygon", "coordinates": [ [ [ 126.92646, 35.14736 ], [ 126.92646, 35.14736 ], [ 126.92646, 35.147361 ], [ 126.92646, 35.147361 ], [ 126.92646, 35.147361 ], [ 126.926459, 35.147361 ], [ 126.926459, 35.147361 ], [ 126.926459, 35.147361 ], [ 126.926458, 35.147361 ], [ 126.926458, 35.147361 ], [ 126.926458, 35.147361 ], [ 126.926458, 35.14736 ], [ 126.926458, 35.14736 ], [ 126.926458, 35.14736 ], [ 126.926458, 35.147359 ], [ 126.926458, 35.147359 ], [ 126.926458, 35.147359 ], [ 126.926459, 35.147359 ], [ 126.926459, 35.147359 ], [ 126.926459, 35.147359 ], [ 126.92646, 35.147359 ], [ 126.92646, 35.147359 ], [ 126.92646, 35.147359 ], [ 126.92646, 35.14736 ], [ 126.92646, 35.14736 ] ] ] } },
{ "type": "Feature", "properties": { "kind": "cctv", "name": "CCTV 4대", "sub": "200만 · 설치 2019", "addr": "동구 동계로67번길 20", "z": 15.4, "part": 0, "base": 0.0, "top": 6.5, "mcolor": "#78788a" }, "geometry": { "type": "Polygon", "coordinates": [ [ [ 126.926621, 35.152746 ], [ 126.926621, 35.152746 ], [ 126.926621, 35.152746 ], [ 126.926621, 35.152747 ], [ 126.92662, 35.152747 ], [ 126.92662, 35.152747 ], [ 126.92662, 35.152747 ], [ 126.92662, 35.152747 ], [ 126.92662, 35.152747 ], [ 126.926619, 35.152747 ], [ 126.926619, 35.152746 ], [ 126.926619, 35.152746 ], [ 126.926619, 35.152746 ], [ 126.926619, 35.152746 ], [ 126.926619, 35.152746 ], [ 126.926619, 35.152745 ], [ 126.92662, 35.152745 ], [ 126.92662, 35.152745 ], [ 126.92662, 35.152745 ], [ 126.92662, 35.152745 ], [ 126.92662, 35.152745 ], [ 126.926621, 35.152745 ], [ 126.926621, 35.152746 ], [ 126.926621, 35.152746 ], [ 126.926621, 35.152746 ] ] ] } },
{ "type": "Feature", "properties": { "kind": "cctv", "name": "CCTV 4대", "sub": "200만 · 설치 2019", "addr": "동구 동계로67번길 20", "z": 15.4, "part": 1, "base": 6.5, "top": 6.95, "mcolor": "#b98cff" }, "geometry": { "type": "Polygon", "coordinates": [ [ [ 126.926623, 35.152746 ], [ 126.926623, 35.152747 ], [ 126.926623, 35.152747 ], [ 126.926622, 35.152748 ], [ 126.926622, 35.152748 ], [ 126.926621, 35.152748 ], [ 126.92662, 35.152749 ], [ 126.926619, 35.152748 ], [ 126.926618, 35.152748 ], [ 126.926618, 35.152748 ], [ 126.926617, 35.152747 ], [ 126.926617, 35.152747 ], [ 126.926617, 35.152746 ], [ 126.926617, 35.152745 ], [ 126.926617, 35.152745 ], [ 126.926618, 35.152744 ], [ 126.926618, 35.152744 ], [ 126.926619, 35.152744 ], [ 126.92662, 35.152743 ], [ 126.926621, 35.152744 ], [ 126.926622, 35.152744 ], [ 126.926622, 35.152744 ], [ 126.926623, 35.152745 ], [ 126.926623, 35.152745 ], [ 126.926623, 35.152746 ] ] ] } },
{ "type": "Feature", "properties": { "kind": "cctv", "name": "CCTV 4대", "sub": "200만 · 설치 2019", "addr": "동구 동계로67번길 20", "z": 15.4, "part": 2, "base": 6.8, "top": 7.1, "mcolor": "#e1cdff" }, "geometry": { "type": "Polygon", "coordinates": [ [ [ 126.926621, 35.152746 ], [ 126.926621, 35.152746 ], [ 126.926621, 35.152747 ], [ 126.926621, 35.152747 ], [ 126.926621, 35.152747 ], [ 126.92662, 35.152747 ], [ 126.92662, 35.152747 ], [ 126.92662, 35.152747 ], [ 126.926619, 35.152747 ], [ 126.926619, 35.152747 ], [ 126.926619, 35.152747 ], [ 126.926619, 35.152746 ], [ 126.926619, 35.152746 ], [ 126.926619, 35.152746 ], [ 126.926619, 35.152745 ], [ 126.926619, 35.152745 ], [ 126.926619, 35.152745 ], [ 126.92662, 35.152745 ], [ 126.92662, 35.152745 ], [ 126.92662, 35.152745 ], [ 126.926621, 35.152745 ], [ 126.926621, 35.152745 ], [ 126.926621, 35.152745 ], [ 126.926621, 35.152746 ], [ 126.926621, 35.152746 ] ] ] } },
{ "type": "Feature", "properties": { "kind": "cctv", "name": "CCTV 3대", "sub": "200만 · 설치 2018", "addr": "동구 백서로224번길 2", "z": 20.6, "part": 0, "base": 0.0, "top": 6.0, "mcolor": "#78788a" }, "geometry": { "type": "Polygon", "coordinates": [ [ [ 126.926694, 35.147724 ], [ 126.926694, 35.147724 ], [ 126.926694, 35.147724 ], [ 126.926694, 35.147725 ], [ 126.926693, 35.147725 ], [ 126.926693, 35.147725 ], [ 126.926693, 35.147725 ], [ 126.926693, 35.147725 ], [ 126.926693, 35.147725 ], [ 126.926692, 35.147725 ], [ 126.926692, 35.147724 ], [ 126.926692, 35.147724 ], [ 126.926692, 35.147724 ], [ 126.926692, 35.147724 ], [ 126.926692, 35.147724 ], [ 126.926692, 35.147723 ], [ 126.926693, 35.147723 ], [ 126.926693, 35.147723 ], [ 126.926693, 35.147723 ], [ 126.926693, 35.147723 ], [ 126.926693, 35.147723 ], [ 126.926694, 35.147723 ], [ 126.926694, 35.147724 ], [ 126.926694, 35.147724 ], [ 126.926694, 35.147724 ] ] ] } },
{ "type": "Feature", "properties": { "kind": "cctv", "name": "CCTV 3대", "sub": "200만 · 설치 2018", "addr": "동구 백서로224번길 2", "z": 20.6, "part": 1, "base": 6.0, "top": 6.45, "mcolor": "#b98cff" }, "geometry": { "type": "Polygon", "coordinates": [ [ [ 126.926696, 35.147724 ], [ 126.926696, 35.147725 ], [ 126.926696, 35.147725 ], [ 126.926695, 35.147726 ], [ 126.926695, 35.147726 ], [ 126.926694, 35.147726 ], [ 126.926693, 35.147727 ], [ 126.926692, 35.147726 ], [ 126.926691, 35.147726 ], [ 126.926691, 35.147726 ], [ 126.92669, 35.147725 ], [ 126.92669, 35.147725 ], [ 126.92669, 35.147724 ], [ 126.92669, 35.147723 ], [ 126.92669, 35.147723 ], [ 126.926691, 35.147722 ], [ 126.926691, 35.147722 ], [ 126.926692, 35.147722 ], [ 126.926693, 35.147721 ], [ 126.926694, 35.147722 ], [ 126.926695, 35.147722 ], [ 126.926695, 35.147722 ], [ 126.926696, 35.147723 ], [ 126.926696, 35.147723 ], [ 126.926696, 35.147724 ] ] ] } },
{ "type": "Feature", "properties": { "kind": "cctv", "name": "CCTV 3대", "sub": "200만 · 설치 2018", "addr": "동구 백서로224번길 2", "z": 20.6, "part": 2, "base": 6.3, "top": 6.6, "mcolor": "#e1cdff" }, "geometry": { "type": "Polygon", "coordinates": [ [ [ 126.926694, 35.147724 ], [ 126.926694, 35.147724 ], [ 126.926694, 35.147725 ], [ 126.926694, 35.147725 ], [ 126.926694, 35.147725 ], [ 126.926693, 35.147725 ], [ 126.926693, 35.147725 ], [ 126.926693, 35.147725 ], [ 126.926692, 35.147725 ], [ 126.926692, 35.147725 ], [ 126.926692, 35.147725 ], [ 126.926692, 35.147724 ], [ 126.926692, 35.147724 ], [ 126.926692, 35.147724 ], [ 126.926692, 35.147723 ], [ 126.926692, 35.147723 ], [ 126.926692, 35.147723 ], [ 126.926693, 35.147723 ], [ 126.926693, 35.147723 ], [ 126.926693, 35.147723 ], [ 126.926694, 35.147723 ], [ 126.926694, 35.147723 ], [ 126.926694, 35.147723 ], [ 126.926694, 35.147724 ], [ 126.926694, 35.147724 ] ] ] } },
{ "type": "Feature", "properties": { "kind": "cctv", "name": "CCTV 2대", "sub": "200만 · 설치 2026", "addr": "동구 동명로 63-26", "z": 18.4, "part": 0, "base": 0.0, "top": 5.5, "mcolor": "#78788a" }, "geometry": { "type": "Polygon", "coordinates": [ [ [ 126.926714, 35.152081 ], [ 126.926714, 35.152081 ], [ 126.926714, 35.152081 ], [ 126.926714, 35.152082 ], [ 126.926713, 35.152082 ], [ 126.926713, 35.152082 ], [ 126.926713, 35.152082 ], [ 126.926713, 35.152082 ], [ 126.926713, 35.152082 ], [ 126.926712, 35.152082 ], [ 126.926712, 35.152081 ], [ 126.926712, 35.152081 ], [ 126.926712, 35.152081 ], [ 126.926712, 35.152081 ], [ 126.926712, 35.152081 ], [ 126.926712, 35.15208 ], [ 126.926713, 35.15208 ], [ 126.926713, 35.15208 ], [ 126.926713, 35.15208 ], [ 126.926713, 35.15208 ], [ 126.926713, 35.15208 ], [ 126.926714, 35.15208 ], [ 126.926714, 35.152081 ], [ 126.926714, 35.152081 ], [ 126.926714, 35.152081 ] ] ] } },
{ "type": "Feature", "properties": { "kind": "cctv", "name": "CCTV 2대", "sub": "200만 · 설치 2026", "addr": "동구 동명로 63-26", "z": 18.4, "part": 1, "base": 5.5, "top": 5.95, "mcolor": "#b98cff" }, "geometry": { "type": "Polygon", "coordinates": [ [ [ 126.926716, 35.152081 ], [ 126.926716, 35.152082 ], [ 126.926716, 35.152082 ], [ 126.926715, 35.152083 ], [ 126.926715, 35.152083 ], [ 126.926714, 35.152083 ], [ 126.926713, 35.152084 ], [ 126.926712, 35.152083 ], [ 126.926711, 35.152083 ], [ 126.926711, 35.152083 ], [ 126.92671, 35.152082 ], [ 126.92671, 35.152082 ], [ 126.92671, 35.152081 ], [ 126.92671, 35.15208 ], [ 126.92671, 35.15208 ], [ 126.926711, 35.152079 ], [ 126.926711, 35.152079 ], [ 126.926712, 35.152079 ], [ 126.926713, 35.152078 ], [ 126.926714, 35.152079 ], [ 126.926715, 35.152079 ], [ 126.926715, 35.152079 ], [ 126.926716, 35.15208 ], [ 126.926716, 35.15208 ], [ 126.926716, 35.152081 ] ] ] } },
{ "type": "Feature", "properties": { "kind": "cctv", "name": "CCTV 2대", "sub": "200만 · 설치 2026", "addr": "동구 동명로 63-26", "z": 18.4, "part": 2, "base": 5.8, "top": 6.1, "mcolor": "#e1cdff" }, "geometry": { "type": "Polygon", "coordinates": [ [ [ 126.926714, 35.152081 ], [ 126.926714, 35.152081 ], [ 126.926714, 35.152082 ], [ 126.926714, 35.152082 ], [ 126.926714, 35.152082 ], [ 126.926713, 35.152082 ], [ 126.926713, 35.152082 ], [ 126.926713, 35.152082 ], [ 126.926712, 35.152082 ], [ 126.926712, 35.152082 ], [ 126.926712, 35.152082 ], [ 126.926712, 35.152081 ], [ 126.926712, 35.152081 ], [ 126.926712, 35.152081 ], [ 126.926712, 35.15208 ], [ 126.926712, 35.15208 ], [ 126.926712, 35.15208 ], [ 126.926713, 35.15208 ], [ 126.926713, 35.15208 ], [ 126.926713, 35.15208 ], [ 126.926714, 35.15208 ], [ 126.926714, 35.15208 ], [ 126.926714, 35.15208 ], [ 126.926714, 35.152081 ], [ 126.926714, 35.152081 ] ] ] } },
{ "type": "Feature", "properties": { "kind": "cctv", "name": "CCTV 4대", "sub": "200만 · 설치 2023", "addr": "동구 동계천로 162", "z": 21.6, "part": 0, "base": 0.0, "top": 6.5, "mcolor": "#78788a" }, "geometry": { "type": "Polygon", "coordinates": [ [ [ 126.926775, 35.149109 ], [ 126.926775, 35.149109 ], [ 126.926775, 35.149109 ], [ 126.926775, 35.14911 ], [ 126.926774, 35.14911 ], [ 126.926774, 35.14911 ], [ 126.926774, 35.14911 ], [ 126.926774, 35.14911 ], [ 126.926774, 35.14911 ], [ 126.926773, 35.14911 ], [ 126.926773, 35.149109 ], [ 126.926773, 35.149109 ], [ 126.926773, 35.149109 ], [ 126.926773, 35.149109 ], [ 126.926773, 35.149109 ], [ 126.926773, 35.149108 ], [ 126.926774, 35.149108 ], [ 126.926774, 35.149108 ], [ 126.926774, 35.149108 ], [ 126.926774, 35.149108 ], [ 126.926774, 35.149108 ], [ 126.926775, 35.149108 ], [ 126.926775, 35.149109 ], [ 126.926775, 35.149109 ], [ 126.926775, 35.149109 ] ] ] } },
{ "type": "Feature", "properties": { "kind": "cctv", "name": "CCTV 4대", "sub": "200만 · 설치 2023", "addr": "동구 동계천로 162", "z": 21.6, "part": 1, "base": 6.5, "top": 6.95, "mcolor": "#b98cff" }, "geometry": { "type": "Polygon", "coordinates": [ [ [ 126.926777, 35.149109 ], [ 126.926777, 35.14911 ], [ 126.926777, 35.14911 ], [ 126.926776, 35.149111 ], [ 126.926776, 35.149111 ], [ 126.926775, 35.149111 ], [ 126.926774, 35.149112 ], [ 126.926773, 35.149111 ], [ 126.926772, 35.149111 ], [ 126.926772, 35.149111 ], [ 126.926771, 35.14911 ], [ 126.926771, 35.14911 ], [ 126.926771, 35.149109 ], [ 126.926771, 35.149108 ], [ 126.926771, 35.149108 ], [ 126.926772, 35.149107 ], [ 126.926772, 35.149107 ], [ 126.926773, 35.149107 ], [ 126.926774, 35.149106 ], [ 126.926775, 35.149107 ], [ 126.926776, 35.149107 ], [ 126.926776, 35.149107 ], [ 126.926777, 35.149108 ], [ 126.926777, 35.149108 ], [ 126.926777, 35.149109 ] ] ] } },
{ "type": "Feature", "properties": { "kind": "cctv", "name": "CCTV 4대", "sub": "200만 · 설치 2023", "addr": "동구 동계천로 162", "z": 21.6, "part": 2, "base": 6.8, "top": 7.1, "mcolor": "#e1cdff" }, "geometry": { "type": "Polygon", "coordinates": [ [ [ 126.926775, 35.149109 ], [ 126.926775, 35.149109 ], [ 126.926775, 35.14911 ], [ 126.926775, 35.14911 ], [ 126.926775, 35.14911 ], [ 126.926774, 35.14911 ], [ 126.926774, 35.14911 ], [ 126.926774, 35.14911 ], [ 126.926773, 35.14911 ], [ 126.926773, 35.14911 ], [ 126.926773, 35.14911 ], [ 126.926773, 35.149109 ], [ 126.926773, 35.149109 ], [ 126.926773, 35.149109 ], [ 126.926773, 35.149108 ], [ 126.926773, 35.149108 ], [ 126.926773, 35.149108 ], [ 126.926774, 35.149108 ], [ 126.926774, 35.149108 ], [ 126.926774, 35.149108 ], [ 126.926775, 35.149108 ], [ 126.926775, 35.149108 ], [ 126.926775, 35.149108 ], [ 126.926775, 35.149109 ], [ 126.926775, 35.149109 ] ] ] } },
{ "type": "Feature", "properties": { "kind": "cctv", "name": "CCTV 2대", "sub": "200만 · 설치 2026", "addr": "동구 동명로 63-14", "z": 19.2, "part": 0, "base": 0.0, "top": 5.5, "mcolor": "#78788a" }, "geometry": { "type": "Polygon", "coordinates": [ [ [ 126.926915, 35.151955 ], [ 126.926915, 35.151955 ], [ 126.926915, 35.151955 ], [ 126.926915, 35.151956 ], [ 126.926914, 35.151956 ], [ 126.926914, 35.151956 ], [ 126.926914, 35.151956 ], [ 126.926914, 35.151956 ], [ 126.926914, 35.151956 ], [ 126.926913, 35.151956 ], [ 126.926913, 35.151955 ], [ 126.926913, 35.151955 ], [ 126.926913, 35.151955 ], [ 126.926913, 35.151955 ], [ 126.926913, 35.151955 ], [ 126.926913, 35.151954 ], [ 126.926914, 35.151954 ], [ 126.926914, 35.151954 ], [ 126.926914, 35.151954 ], [ 126.926914, 35.151954 ], [ 126.926914, 35.151954 ], [ 126.926915, 35.151954 ], [ 126.926915, 35.151955 ], [ 126.926915, 35.151955 ], [ 126.926915, 35.151955 ] ] ] } },
{ "type": "Feature", "properties": { "kind": "cctv", "name": "CCTV 2대", "sub": "200만 · 설치 2026", "addr": "동구 동명로 63-14", "z": 19.2, "part": 1, "base": 5.5, "top": 5.95, "mcolor": "#b98cff" }, "geometry": { "type": "Polygon", "coordinates": [ [ [ 126.926917, 35.151955 ], [ 126.926917, 35.151956 ], [ 126.926917, 35.151956 ], [ 126.926916, 35.151957 ], [ 126.926916, 35.151957 ], [ 126.926915, 35.151957 ], [ 126.926914, 35.151958 ], [ 126.926913, 35.151957 ], [ 126.926912, 35.151957 ], [ 126.926912, 35.151957 ], [ 126.926911, 35.151956 ], [ 126.926911, 35.151956 ], [ 126.926911, 35.151955 ], [ 126.926911, 35.151954 ], [ 126.926911, 35.151954 ], [ 126.926912, 35.151953 ], [ 126.926912, 35.151953 ], [ 126.926913, 35.151953 ], [ 126.926914, 35.151952 ], [ 126.926915, 35.151953 ], [ 126.926916, 35.151953 ], [ 126.926916, 35.151953 ], [ 126.926917, 35.151954 ], [ 126.926917, 35.151954 ], [ 126.926917, 35.151955 ] ] ] } },
{ "type": "Feature", "properties": { "kind": "cctv", "name": "CCTV 2대", "sub": "200만 · 설치 2026", "addr": "동구 동명로 63-14", "z": 19.2, "part": 2, "base": 5.8, "top": 6.1, "mcolor": "#e1cdff" }, "geometry": { "type": "Polygon", "coordinates": [ [ [ 126.926915, 35.151955 ], [ 126.926915, 35.151955 ], [ 126.926915, 35.151956 ], [ 126.926915, 35.151956 ], [ 126.926915, 35.151956 ], [ 126.926914, 35.151956 ], [ 126.926914, 35.151956 ], [ 126.926914, 35.151956 ], [ 126.926913, 35.151956 ], [ 126.926913, 35.151956 ], [ 126.926913, 35.151956 ], [ 126.926913, 35.151955 ], [ 126.926913, 35.151955 ], [ 126.926913, 35.151955 ], [ 126.926913, 35.151954 ], [ 126.926913, 35.151954 ], [ 126.926913, 35.151954 ], [ 126.926914, 35.151954 ], [ 126.926914, 35.151954 ], [ 126.926914, 35.151954 ], [ 126.926915, 35.151954 ], [ 126.926915, 35.151954 ], [ 126.926915, 35.151954 ], [ 126.926915, 35.151955 ], [ 126.926915, 35.151955 ] ] ] } },
{ "type": "Feature", "properties": { "kind": "cctv", "name": "CCTV 3대", "sub": "200만 · 설치 2019", "addr": null, "z": 24.3, "part": 0, "base": 0.0, "top": 6.0, "mcolor": "#78788a" }, "geometry": { "type": "Polygon", "coordinates": [ [ [ 126.92693, 35.150289 ], [ 126.92693, 35.150289 ], [ 126.92693, 35.150289 ], [ 126.92693, 35.15029 ], [ 126.926929, 35.15029 ], [ 126.926929, 35.15029 ], [ 126.926929, 35.15029 ], [ 126.926929, 35.15029 ], [ 126.926929, 35.15029 ], [ 126.926928, 35.15029 ], [ 126.926928, 35.150289 ], [ 126.926928, 35.150289 ], [ 126.926928, 35.150289 ], [ 126.926928, 35.150289 ], [ 126.926928, 35.150289 ], [ 126.926928, 35.150288 ], [ 126.926929, 35.150288 ], [ 126.926929, 35.150288 ], [ 126.926929, 35.150288 ], [ 126.926929, 35.150288 ], [ 126.926929, 35.150288 ], [ 126.92693, 35.150288 ], [ 126.92693, 35.150289 ], [ 126.92693, 35.150289 ], [ 126.92693, 35.150289 ] ] ] } },
{ "type": "Feature", "properties": { "kind": "cctv", "name": "CCTV 3대", "sub": "200만 · 설치 2019", "addr": null, "z": 24.3, "part": 1, "base": 6.0, "top": 6.45, "mcolor": "#b98cff" }, "geometry": { "type": "Polygon", "coordinates": [ [ [ 126.926932, 35.150289 ], [ 126.926932, 35.15029 ], [ 126.926932, 35.15029 ], [ 126.926931, 35.150291 ], [ 126.926931, 35.150291 ], [ 126.92693, 35.150291 ], [ 126.926929, 35.150292 ], [ 126.926928, 35.150291 ], [ 126.926927, 35.150291 ], [ 126.926927, 35.150291 ], [ 126.926926, 35.15029 ], [ 126.926926, 35.15029 ], [ 126.926926, 35.150289 ], [ 126.926926, 35.150288 ], [ 126.926926, 35.150288 ], [ 126.926927, 35.150287 ], [ 126.926927, 35.150287 ], [ 126.926928, 35.150287 ], [ 126.926929, 35.150286 ], [ 126.92693, 35.150287 ], [ 126.926931, 35.150287 ], [ 126.926931, 35.150287 ], [ 126.926932, 35.150288 ], [ 126.926932, 35.150288 ], [ 126.926932, 35.150289 ] ] ] } },
{ "type": "Feature", "properties": { "kind": "cctv", "name": "CCTV 3대", "sub": "200만 · 설치 2019", "addr": null, "z": 24.3, "part": 2, "base": 6.3, "top": 6.6, "mcolor": "#e1cdff" }, "geometry": { "type": "Polygon", "coordinates": [ [ [ 126.92693, 35.150289 ], [ 126.92693, 35.150289 ], [ 126.92693, 35.15029 ], [ 126.92693, 35.15029 ], [ 126.92693, 35.15029 ], [ 126.926929, 35.15029 ], [ 126.926929, 35.15029 ], [ 126.926929, 35.15029 ], [ 126.926928, 35.15029 ], [ 126.926928, 35.15029 ], [ 126.926928, 35.15029 ], [ 126.926928, 35.150289 ], [ 126.926928, 35.150289 ], [ 126.926928, 35.150289 ], [ 126.926928, 35.150288 ], [ 126.926928, 35.150288 ], [ 126.926928, 35.150288 ], [ 126.926929, 35.150288 ], [ 126.926929, 35.150288 ], [ 126.926929, 35.150288 ], [ 126.92693, 35.150288 ], [ 126.92693, 35.150288 ], [ 126.92693, 35.150288 ], [ 126.92693, 35.150289 ], [ 126.92693, 35.150289 ] ] ] } },
{ "type": "Feature", "properties": { "kind": "cctv", "name": "CCTV 4대", "sub": "200만 · 설치 2017", "addr": "동구 동명로67번길 22-44", "z": 18.3, "part": 0, "base": 0.0, "top": 6.5, "mcolor": "#78788a" }, "geometry": { "type": "Polygon", "coordinates": [ [ [ 126.926977, 35.153705 ], [ 126.926977, 35.153705 ], [ 126.926977, 35.153705 ], [ 126.926977, 35.153706 ], [ 126.926976, 35.153706 ], [ 126.926976, 35.153706 ], [ 126.926976, 35.153706 ], [ 126.926976, 35.153706 ], [ 126.926976, 35.153706 ], [ 126.926975, 35.153706 ], [ 126.926975, 35.153705 ], [ 126.926975, 35.153705 ], [ 126.926975, 35.153705 ], [ 126.926975, 35.153705 ], [ 126.926975, 35.153705 ], [ 126.926975, 35.153704 ], [ 126.926976, 35.153704 ], [ 126.926976, 35.153704 ], [ 126.926976, 35.153704 ], [ 126.926976, 35.153704 ], [ 126.926976, 35.153704 ], [ 126.926977, 35.153704 ], [ 126.926977, 35.153705 ], [ 126.926977, 35.153705 ], [ 126.926977, 35.153705 ] ] ] } },
{ "type": "Feature", "properties": { "kind": "cctv", "name": "CCTV 4대", "sub": "200만 · 설치 2017", "addr": "동구 동명로67번길 22-44", "z": 18.3, "part": 1, "base": 6.5, "top": 6.95, "mcolor": "#b98cff" }, "geometry": { "type": "Polygon", "coordinates": [ [ [ 126.926979, 35.153705 ], [ 126.926979, 35.153706 ], [ 126.926979, 35.153706 ], [ 126.926978, 35.153707 ], [ 126.926978, 35.153707 ], [ 126.926977, 35.153707 ], [ 126.926976, 35.153708 ], [ 126.926975, 35.153707 ], [ 126.926974, 35.153707 ], [ 126.926974, 35.153707 ], [ 126.926973, 35.153706 ], [ 126.926973, 35.153706 ], [ 126.926973, 35.153705 ], [ 126.926973, 35.153704 ], [ 126.926973, 35.153704 ], [ 126.926974, 35.153703 ], [ 126.926974, 35.153703 ], [ 126.926975, 35.153703 ], [ 126.926976, 35.153702 ], [ 126.926977, 35.153703 ], [ 126.926978, 35.153703 ], [ 126.926978, 35.153703 ], [ 126.926979, 35.153704 ], [ 126.926979, 35.153704 ], [ 126.926979, 35.153705 ] ] ] } },
{ "type": "Feature", "properties": { "kind": "cctv", "name": "CCTV 4대", "sub": "200만 · 설치 2017", "addr": "동구 동명로67번길 22-44", "z": 18.3, "part": 2, "base": 6.8, "top": 7.1, "mcolor": "#e1cdff" }, "geometry": { "type": "Polygon", "coordinates": [ [ [ 126.926977, 35.153705 ], [ 126.926977, 35.153705 ], [ 126.926977, 35.153706 ], [ 126.926977, 35.153706 ], [ 126.926977, 35.153706 ], [ 126.926976, 35.153706 ], [ 126.926976, 35.153706 ], [ 126.926976, 35.153706 ], [ 126.926975, 35.153706 ], [ 126.926975, 35.153706 ], [ 126.926975, 35.153706 ], [ 126.926975, 35.153705 ], [ 126.926975, 35.153705 ], [ 126.926975, 35.153705 ], [ 126.926975, 35.153704 ], [ 126.926975, 35.153704 ], [ 126.926975, 35.153704 ], [ 126.926976, 35.153704 ], [ 126.926976, 35.153704 ], [ 126.926976, 35.153704 ], [ 126.926977, 35.153704 ], [ 126.926977, 35.153704 ], [ 126.926977, 35.153704 ], [ 126.926977, 35.153705 ], [ 126.926977, 35.153705 ] ] ] } },
{ "type": "Feature", "properties": { "kind": "cctv", "name": "CCTV 3대", "sub": "200만 · 설치 2017", "addr": null, "z": 17.0, "part": 0, "base": 0.0, "top": 6.0, "mcolor": "#78788a" }, "geometry": { "type": "Polygon", "coordinates": [ [ [ 126.927102, 35.153211 ], [ 126.927102, 35.153211 ], [ 126.927102, 35.153211 ], [ 126.927102, 35.153212 ], [ 126.927101, 35.153212 ], [ 126.927101, 35.153212 ], [ 126.927101, 35.153212 ], [ 126.927101, 35.153212 ], [ 126.927101, 35.153212 ], [ 126.9271, 35.153212 ], [ 126.9271, 35.153211 ], [ 126.9271, 35.153211 ], [ 126.9271, 35.153211 ], [ 126.9271, 35.153211 ], [ 126.9271, 35.153211 ], [ 126.9271, 35.15321 ], [ 126.927101, 35.15321 ], [ 126.927101, 35.15321 ], [ 126.927101, 35.15321 ], [ 126.927101, 35.15321 ], [ 126.927101, 35.15321 ], [ 126.927102, 35.15321 ], [ 126.927102, 35.153211 ], [ 126.927102, 35.153211 ], [ 126.927102, 35.153211 ] ] ] } },
{ "type": "Feature", "properties": { "kind": "cctv", "name": "CCTV 3대", "sub": "200만 · 설치 2017", "addr": null, "z": 17.0, "part": 1, "base": 6.0, "top": 6.45, "mcolor": "#b98cff" }, "geometry": { "type": "Polygon", "coordinates": [ [ [ 126.927104, 35.153211 ], [ 126.927104, 35.153212 ], [ 126.927104, 35.153212 ], [ 126.927103, 35.153213 ], [ 126.927103, 35.153213 ], [ 126.927102, 35.153213 ], [ 126.927101, 35.153214 ], [ 126.9271, 35.153213 ], [ 126.927099, 35.153213 ], [ 126.927099, 35.153213 ], [ 126.927098, 35.153212 ], [ 126.927098, 35.153212 ], [ 126.927098, 35.153211 ], [ 126.927098, 35.15321 ], [ 126.927098, 35.15321 ], [ 126.927099, 35.153209 ], [ 126.927099, 35.153209 ], [ 126.9271, 35.153209 ], [ 126.927101, 35.153208 ], [ 126.927102, 35.153209 ], [ 126.927103, 35.153209 ], [ 126.927103, 35.153209 ], [ 126.927104, 35.15321 ], [ 126.927104, 35.15321 ], [ 126.927104, 35.153211 ] ] ] } },
{ "type": "Feature", "properties": { "kind": "cctv", "name": "CCTV 3대", "sub": "200만 · 설치 2017", "addr": null, "z": 17.0, "part": 2, "base": 6.3, "top": 6.6, "mcolor": "#e1cdff" }, "geometry": { "type": "Polygon", "coordinates": [ [ [ 126.927102, 35.153211 ], [ 126.927102, 35.153211 ], [ 126.927102, 35.153212 ], [ 126.927102, 35.153212 ], [ 126.927102, 35.153212 ], [ 126.927101, 35.153212 ], [ 126.927101, 35.153212 ], [ 126.927101, 35.153212 ], [ 126.9271, 35.153212 ], [ 126.9271, 35.153212 ], [ 126.9271, 35.153212 ], [ 126.9271, 35.153211 ], [ 126.9271, 35.153211 ], [ 126.9271, 35.153211 ], [ 126.9271, 35.15321 ], [ 126.9271, 35.15321 ], [ 126.9271, 35.15321 ], [ 126.927101, 35.15321 ], [ 126.927101, 35.15321 ], [ 126.927101, 35.15321 ], [ 126.927102, 35.15321 ], [ 126.927102, 35.15321 ], [ 126.927102, 35.15321 ], [ 126.927102, 35.153211 ], [ 126.927102, 35.153211 ] ] ] } },
{ "type": "Feature", "properties": { "kind": "cctv", "name": "CCTV 2대", "sub": "200만 · 설치 2017", "addr": "동구 동명로69번길 20", "z": 17.5, "part": 0, "base": 0.0, "top": 5.5, "mcolor": "#78788a" }, "geometry": { "type": "Polygon", "coordinates": [ [ [ 126.927513, 35.153167 ], [ 126.927513, 35.153167 ], [ 126.927513, 35.153167 ], [ 126.927513, 35.153168 ], [ 126.927512, 35.153168 ], [ 126.927512, 35.153168 ], [ 126.927512, 35.153168 ], [ 126.927512, 35.153168 ], [ 126.927512, 35.153168 ], [ 126.927511, 35.153168 ], [ 126.927511, 35.153167 ], [ 126.927511, 35.153167 ], [ 126.927511, 35.153167 ], [ 126.927511, 35.153167 ], [ 126.927511, 35.153167 ], [ 126.927511, 35.153166 ], [ 126.927512, 35.153166 ], [ 126.927512, 35.153166 ], [ 126.927512, 35.153166 ], [ 126.927512, 35.153166 ], [ 126.927512, 35.153166 ], [ 126.927513, 35.153166 ], [ 126.927513, 35.153167 ], [ 126.927513, 35.153167 ], [ 126.927513, 35.153167 ] ] ] } },
{ "type": "Feature", "properties": { "kind": "cctv", "name": "CCTV 2대", "sub": "200만 · 설치 2017", "addr": "동구 동명로69번길 20", "z": 17.5, "part": 1, "base": 5.5, "top": 5.95, "mcolor": "#b98cff" }, "geometry": { "type": "Polygon", "coordinates": [ [ [ 126.927515, 35.153167 ], [ 126.927515, 35.153168 ], [ 126.927515, 35.153168 ], [ 126.927514, 35.153169 ], [ 126.927514, 35.153169 ], [ 126.927513, 35.153169 ], [ 126.927512, 35.15317 ], [ 126.927511, 35.153169 ], [ 126.92751, 35.153169 ], [ 126.92751, 35.153169 ], [ 126.927509, 35.153168 ], [ 126.927509, 35.153168 ], [ 126.927509, 35.153167 ], [ 126.927509, 35.153166 ], [ 126.927509, 35.153166 ], [ 126.92751, 35.153165 ], [ 126.92751, 35.153165 ], [ 126.927511, 35.153165 ], [ 126.927512, 35.153164 ], [ 126.927513, 35.153165 ], [ 126.927514, 35.153165 ], [ 126.927514, 35.153165 ], [ 126.927515, 35.153166 ], [ 126.927515, 35.153166 ], [ 126.927515, 35.153167 ] ] ] } },
{ "type": "Feature", "properties": { "kind": "cctv", "name": "CCTV 2대", "sub": "200만 · 설치 2017", "addr": "동구 동명로69번길 20", "z": 17.5, "part": 2, "base": 5.8, "top": 6.1, "mcolor": "#e1cdff" }, "geometry": { "type": "Polygon", "coordinates": [ [ [ 126.927513, 35.153167 ], [ 126.927513, 35.153167 ], [ 126.927513, 35.153168 ], [ 126.927513, 35.153168 ], [ 126.927513, 35.153168 ], [ 126.927512, 35.153168 ], [ 126.927512, 35.153168 ], [ 126.927512, 35.153168 ], [ 126.927511, 35.153168 ], [ 126.927511, 35.153168 ], [ 126.927511, 35.153168 ], [ 126.927511, 35.153167 ], [ 126.927511, 35.153167 ], [ 126.927511, 35.153167 ], [ 126.927511, 35.153166 ], [ 126.927511, 35.153166 ], [ 126.927511, 35.153166 ], [ 126.927512, 35.153166 ], [ 126.927512, 35.153166 ], [ 126.927512, 35.153166 ], [ 126.927513, 35.153166 ], [ 126.927513, 35.153166 ], [ 126.927513, 35.153166 ], [ 126.927513, 35.153167 ], [ 126.927513, 35.153167 ] ] ] } },
{ "type": "Feature", "properties": { "kind": "cctv", "name": "CCTV 3대", "sub": "200만 · 설치 2018", "addr": null, "z": 26.1, "part": 0, "base": 0.0, "top": 6.0, "mcolor": "#78788a" }, "geometry": { "type": "Polygon", "coordinates": [ [ [ 126.927949, 35.150601 ], [ 126.927949, 35.150601 ], [ 126.927949, 35.150601 ], [ 126.927949, 35.150602 ], [ 126.927948, 35.150602 ], [ 126.927948, 35.150602 ], [ 126.927948, 35.150602 ], [ 126.927948, 35.150602 ], [ 126.927948, 35.150602 ], [ 126.927947, 35.150602 ], [ 126.927947, 35.150601 ], [ 126.927947, 35.150601 ], [ 126.927947, 35.150601 ], [ 126.927947, 35.150601 ], [ 126.927947, 35.150601 ], [ 126.927947, 35.1506 ], [ 126.927948, 35.1506 ], [ 126.927948, 35.1506 ], [ 126.927948, 35.1506 ], [ 126.927948, 35.1506 ], [ 126.927948, 35.1506 ], [ 126.927949, 35.1506 ], [ 126.927949, 35.150601 ], [ 126.927949, 35.150601 ], [ 126.927949, 35.150601 ] ] ] } },
{ "type": "Feature", "properties": { "kind": "cctv", "name": "CCTV 3대", "sub": "200만 · 설치 2018", "addr": null, "z": 26.1, "part": 1, "base": 6.0, "top": 6.45, "mcolor": "#b98cff" }, "geometry": { "type": "Polygon", "coordinates": [ [ [ 126.927951, 35.150601 ], [ 126.927951, 35.150602 ], [ 126.927951, 35.150602 ], [ 126.92795, 35.150603 ], [ 126.92795, 35.150603 ], [ 126.927949, 35.150603 ], [ 126.927948, 35.150604 ], [ 126.927947, 35.150603 ], [ 126.927946, 35.150603 ], [ 126.927946, 35.150603 ], [ 126.927945, 35.150602 ], [ 126.927945, 35.150602 ], [ 126.927945, 35.150601 ], [ 126.927945, 35.1506 ], [ 126.927945, 35.1506 ], [ 126.927946, 35.150599 ], [ 126.927946, 35.150599 ], [ 126.927947, 35.150599 ], [ 126.927948, 35.150598 ], [ 126.927949, 35.150599 ], [ 126.92795, 35.150599 ], [ 126.92795, 35.150599 ], [ 126.927951, 35.1506 ], [ 126.927951, 35.1506 ], [ 126.927951, 35.150601 ] ] ] } },
{ "type": "Feature", "properties": { "kind": "cctv", "name": "CCTV 3대", "sub": "200만 · 설치 2018", "addr": null, "z": 26.1, "part": 2, "base": 6.3, "top": 6.6, "mcolor": "#e1cdff" }, "geometry": { "type": "Polygon", "coordinates": [ [ [ 126.927949, 35.150601 ], [ 126.927949, 35.150601 ], [ 126.927949, 35.150602 ], [ 126.927949, 35.150602 ], [ 126.927949, 35.150602 ], [ 126.927948, 35.150602 ], [ 126.927948, 35.150602 ], [ 126.927948, 35.150602 ], [ 126.927947, 35.150602 ], [ 126.927947, 35.150602 ], [ 126.927947, 35.150602 ], [ 126.927947, 35.150601 ], [ 126.927947, 35.150601 ], [ 126.927947, 35.150601 ], [ 126.927947, 35.1506 ], [ 126.927947, 35.1506 ], [ 126.927947, 35.1506 ], [ 126.927948, 35.1506 ], [ 126.927948, 35.1506 ], [ 126.927948, 35.1506 ], [ 126.927949, 35.1506 ], [ 126.927949, 35.1506 ], [ 126.927949, 35.1506 ], [ 126.927949, 35.150601 ], [ 126.927949, 35.150601 ] ] ] } },
{ "type": "Feature", "properties": { "kind": "cctv", "name": "CCTV 2대", "sub": "200만 · 설치 2023", "addr": "동구 동계천로 170", "z": 23.6, "part": 0, "base": 0.0, "top": 5.5, "mcolor": "#78788a" }, "geometry": { "type": "Polygon", "coordinates": [ [ [ 126.928045, 35.149033 ], [ 126.928045, 35.149033 ], [ 126.928045, 35.149033 ], [ 126.928045, 35.149034 ], [ 126.928044, 35.149034 ], [ 126.928044, 35.149034 ], [ 126.928044, 35.149034 ], [ 126.928044, 35.149034 ], [ 126.928044, 35.149034 ], [ 126.928043, 35.149034 ], [ 126.928043, 35.149033 ], [ 126.928043, 35.149033 ], [ 126.928043, 35.149033 ], [ 126.928043, 35.149033 ], [ 126.928043, 35.149033 ], [ 126.928043, 35.149032 ], [ 126.928044, 35.149032 ], [ 126.928044, 35.149032 ], [ 126.928044, 35.149032 ], [ 126.928044, 35.149032 ], [ 126.928044, 35.149032 ], [ 126.928045, 35.149032 ], [ 126.928045, 35.149033 ], [ 126.928045, 35.149033 ], [ 126.928045, 35.149033 ] ] ] } },
{ "type": "Feature", "properties": { "kind": "cctv", "name": "CCTV 2대", "sub": "200만 · 설치 2023", "addr": "동구 동계천로 170", "z": 23.6, "part": 1, "base": 5.5, "top": 5.95, "mcolor": "#b98cff" }, "geometry": { "type": "Polygon", "coordinates": [ [ [ 126.928047, 35.149033 ], [ 126.928047, 35.149034 ], [ 126.928047, 35.149034 ], [ 126.928046, 35.149035 ], [ 126.928046, 35.149035 ], [ 126.928045, 35.149035 ], [ 126.928044, 35.149036 ], [ 126.928043, 35.149035 ], [ 126.928042, 35.149035 ], [ 126.928042, 35.149035 ], [ 126.928041, 35.149034 ], [ 126.928041, 35.149034 ], [ 126.928041, 35.149033 ], [ 126.928041, 35.149032 ], [ 126.928041, 35.149032 ], [ 126.928042, 35.149031 ], [ 126.928042, 35.149031 ], [ 126.928043, 35.149031 ], [ 126.928044, 35.14903 ], [ 126.928045, 35.149031 ], [ 126.928046, 35.149031 ], [ 126.928046, 35.149031 ], [ 126.928047, 35.149032 ], [ 126.928047, 35.149032 ], [ 126.928047, 35.149033 ] ] ] } },
{ "type": "Feature", "properties": { "kind": "cctv", "name": "CCTV 2대", "sub": "200만 · 설치 2023", "addr": "동구 동계천로 170", "z": 23.6, "part": 2, "base": 5.8, "top": 6.1, "mcolor": "#e1cdff" }, "geometry": { "type": "Polygon", "coordinates": [ [ [ 126.928045, 35.149033 ], [ 126.928045, 35.149033 ], [ 126.928045, 35.149034 ], [ 126.928045, 35.149034 ], [ 126.928045, 35.149034 ], [ 126.928044, 35.149034 ], [ 126.928044, 35.149034 ], [ 126.928044, 35.149034 ], [ 126.928043, 35.149034 ], [ 126.928043, 35.149034 ], [ 126.928043, 35.149034 ], [ 126.928043, 35.149033 ], [ 126.928043, 35.149033 ], [ 126.928043, 35.149033 ], [ 126.928043, 35.149032 ], [ 126.928043, 35.149032 ], [ 126.928043, 35.149032 ], [ 126.928044, 35.149032 ], [ 126.928044, 35.149032 ], [ 126.928044, 35.149032 ], [ 126.928045, 35.149032 ], [ 126.928045, 35.149032 ], [ 126.928045, 35.149032 ], [ 126.928045, 35.149033 ], [ 126.928045, 35.149033 ] ] ] } },
{ "type": "Feature", "properties": { "kind": "cctv", "name": "CCTV 2대", "sub": "200만 · 설치 2022", "addr": "동구 경양로 355", "z": 26.7, "part": 0, "base": 0.0, "top": 5.5, "mcolor": "#78788a" }, "geometry": { "type": "Polygon", "coordinates": [ [ [ 126.928105, 35.154378 ], [ 126.928105, 35.154378 ], [ 126.928105, 35.154378 ], [ 126.928105, 35.154379 ], [ 126.928104, 35.154379 ], [ 126.928104, 35.154379 ], [ 126.928104, 35.154379 ], [ 126.928104, 35.154379 ], [ 126.928104, 35.154379 ], [ 126.928103, 35.154379 ], [ 126.928103, 35.154378 ], [ 126.928103, 35.154378 ], [ 126.928103, 35.154378 ], [ 126.928103, 35.154378 ], [ 126.928103, 35.154378 ], [ 126.928103, 35.154377 ], [ 126.928104, 35.154377 ], [ 126.928104, 35.154377 ], [ 126.928104, 35.154377 ], [ 126.928104, 35.154377 ], [ 126.928104, 35.154377 ], [ 126.928105, 35.154377 ], [ 126.928105, 35.154378 ], [ 126.928105, 35.154378 ], [ 126.928105, 35.154378 ] ] ] } },
{ "type": "Feature", "properties": { "kind": "cctv", "name": "CCTV 2대", "sub": "200만 · 설치 2022", "addr": "동구 경양로 355", "z": 26.7, "part": 1, "base": 5.5, "top": 5.95, "mcolor": "#b98cff" }, "geometry": { "type": "Polygon", "coordinates": [ [ [ 126.928107, 35.154378 ], [ 126.928107, 35.154379 ], [ 126.928107, 35.154379 ], [ 126.928106, 35.15438 ], [ 126.928106, 35.15438 ], [ 126.928105, 35.15438 ], [ 126.928104, 35.154381 ], [ 126.928103, 35.15438 ], [ 126.928102, 35.15438 ], [ 126.928102, 35.15438 ], [ 126.928101, 35.154379 ], [ 126.928101, 35.154379 ], [ 126.928101, 35.154378 ], [ 126.928101, 35.154377 ], [ 126.928101, 35.154377 ], [ 126.928102, 35.154376 ], [ 126.928102, 35.154376 ], [ 126.928103, 35.154376 ], [ 126.928104, 35.154375 ], [ 126.928105, 35.154376 ], [ 126.928106, 35.154376 ], [ 126.928106, 35.154376 ], [ 126.928107, 35.154377 ], [ 126.928107, 35.154377 ], [ 126.928107, 35.154378 ] ] ] } },
{ "type": "Feature", "properties": { "kind": "cctv", "name": "CCTV 2대", "sub": "200만 · 설치 2022", "addr": "동구 경양로 355", "z": 26.7, "part": 2, "base": 5.8, "top": 6.1, "mcolor": "#e1cdff" }, "geometry": { "type": "Polygon", "coordinates": [ [ [ 126.928105, 35.154378 ], [ 126.928105, 35.154378 ], [ 126.928105, 35.154379 ], [ 126.928105, 35.154379 ], [ 126.928105, 35.154379 ], [ 126.928104, 35.154379 ], [ 126.928104, 35.154379 ], [ 126.928104, 35.154379 ], [ 126.928103, 35.154379 ], [ 126.928103, 35.154379 ], [ 126.928103, 35.154379 ], [ 126.928103, 35.154378 ], [ 126.928103, 35.154378 ], [ 126.928103, 35.154378 ], [ 126.928103, 35.154377 ], [ 126.928103, 35.154377 ], [ 126.928103, 35.154377 ], [ 126.928104, 35.154377 ], [ 126.928104, 35.154377 ], [ 126.928104, 35.154377 ], [ 126.928105, 35.154377 ], [ 126.928105, 35.154377 ], [ 126.928105, 35.154377 ], [ 126.928105, 35.154378 ], [ 126.928105, 35.154378 ] ] ] } },
{ "type": "Feature", "properties": { "kind": "cctv", "name": "CCTV 3대", "sub": "200만 · 설치 2016", "addr": "동구 동계천로 172-1", "z": 25.2, "part": 0, "base": 0.0, "top": 6.0, "mcolor": "#78788a" }, "geometry": { "type": "Polygon", "coordinates": [ [ [ 126.928294, 35.149421 ], [ 126.928294, 35.149421 ], [ 126.928294, 35.149421 ], [ 126.928294, 35.149422 ], [ 126.928293, 35.149422 ], [ 126.928293, 35.149422 ], [ 126.928293, 35.149422 ], [ 126.928293, 35.149422 ], [ 126.928293, 35.149422 ], [ 126.928292, 35.149422 ], [ 126.928292, 35.149421 ], [ 126.928292, 35.149421 ], [ 126.928292, 35.149421 ], [ 126.928292, 35.149421 ], [ 126.928292, 35.149421 ], [ 126.928292, 35.14942 ], [ 126.928293, 35.14942 ], [ 126.928293, 35.14942 ], [ 126.928293, 35.14942 ], [ 126.928293, 35.14942 ], [ 126.928293, 35.14942 ], [ 126.928294, 35.14942 ], [ 126.928294, 35.149421 ], [ 126.928294, 35.149421 ], [ 126.928294, 35.149421 ] ] ] } },
{ "type": "Feature", "properties": { "kind": "cctv", "name": "CCTV 3대", "sub": "200만 · 설치 2016", "addr": "동구 동계천로 172-1", "z": 25.2, "part": 1, "base": 6.0, "top": 6.45, "mcolor": "#b98cff" }, "geometry": { "type": "Polygon", "coordinates": [ [ [ 126.928296, 35.149421 ], [ 126.928296, 35.149422 ], [ 126.928296, 35.149422 ], [ 126.928295, 35.149423 ], [ 126.928295, 35.149423 ], [ 126.928294, 35.149423 ], [ 126.928293, 35.149424 ], [ 126.928292, 35.149423 ], [ 126.928291, 35.149423 ], [ 126.928291, 35.149423 ], [ 126.92829, 35.149422 ], [ 126.92829, 35.149422 ], [ 126.92829, 35.149421 ], [ 126.92829, 35.14942 ], [ 126.92829, 35.14942 ], [ 126.928291, 35.149419 ], [ 126.928291, 35.149419 ], [ 126.928292, 35.149419 ], [ 126.928293, 35.149418 ], [ 126.928294, 35.149419 ], [ 126.928295, 35.149419 ], [ 126.928295, 35.149419 ], [ 126.928296, 35.14942 ], [ 126.928296, 35.14942 ], [ 126.928296, 35.149421 ] ] ] } },
{ "type": "Feature", "properties": { "kind": "cctv", "name": "CCTV 3대", "sub": "200만 · 설치 2016", "addr": "동구 동계천로 172-1", "z": 25.2, "part": 2, "base": 6.3, "top": 6.6, "mcolor": "#e1cdff" }, "geometry": { "type": "Polygon", "coordinates": [ [ [ 126.928294, 35.149421 ], [ 126.928294, 35.149421 ], [ 126.928294, 35.149422 ], [ 126.928294, 35.149422 ], [ 126.928294, 35.149422 ], [ 126.928293, 35.149422 ], [ 126.928293, 35.149422 ], [ 126.928293, 35.149422 ], [ 126.928292, 35.149422 ], [ 126.928292, 35.149422 ], [ 126.928292, 35.149422 ], [ 126.928292, 35.149421 ], [ 126.928292, 35.149421 ], [ 126.928292, 35.149421 ], [ 126.928292, 35.14942 ], [ 126.928292, 35.14942 ], [ 126.928292, 35.14942 ], [ 126.928293, 35.14942 ], [ 126.928293, 35.14942 ], [ 126.928293, 35.14942 ], [ 126.928294, 35.14942 ], [ 126.928294, 35.14942 ], [ 126.928294, 35.14942 ], [ 126.928294, 35.149421 ], [ 126.928294, 35.149421 ] ] ] } },
{ "type": "Feature", "properties": { "kind": "cctv", "name": "CCTV 5대", "sub": "200만 · 설치 2016", "addr": "동구 필문대로273번길 5-1", "z": 23.6, "part": 0, "base": 0.0, "top": 7.0, "mcolor": "#78788a" }, "geometry": { "type": "Polygon", "coordinates": [ [ [ 126.928326, 35.14656 ], [ 126.928326, 35.14656 ], [ 126.928326, 35.14656 ], [ 126.928326, 35.146561 ], [ 126.928325, 35.146561 ], [ 126.928325, 35.146561 ], [ 126.928325, 35.146561 ], [ 126.928325, 35.146561 ], [ 126.928325, 35.146561 ], [ 126.928324, 35.146561 ], [ 126.928324, 35.14656 ], [ 126.928324, 35.14656 ], [ 126.928324, 35.14656 ], [ 126.928324, 35.14656 ], [ 126.928324, 35.14656 ], [ 126.928324, 35.146559 ], [ 126.928325, 35.146559 ], [ 126.928325, 35.146559 ], [ 126.928325, 35.146559 ], [ 126.928325, 35.146559 ], [ 126.928325, 35.146559 ], [ 126.928326, 35.146559 ], [ 126.928326, 35.14656 ], [ 126.928326, 35.14656 ], [ 126.928326, 35.14656 ] ] ] } },
{ "type": "Feature", "properties": { "kind": "cctv", "name": "CCTV 5대", "sub": "200만 · 설치 2016", "addr": "동구 필문대로273번길 5-1", "z": 23.6, "part": 1, "base": 7.0, "top": 7.45, "mcolor": "#b98cff" }, "geometry": { "type": "Polygon", "coordinates": [ [ [ 126.928328, 35.14656 ], [ 126.928328, 35.146561 ], [ 126.928328, 35.146561 ], [ 126.928327, 35.146562 ], [ 126.928327, 35.146562 ], [ 126.928326, 35.146562 ], [ 126.928325, 35.146563 ], [ 126.928324, 35.146562 ], [ 126.928323, 35.146562 ], [ 126.928323, 35.146562 ], [ 126.928322, 35.146561 ], [ 126.928322, 35.146561 ], [ 126.928322, 35.14656 ], [ 126.928322, 35.146559 ], [ 126.928322, 35.146559 ], [ 126.928323, 35.146558 ], [ 126.928323, 35.146558 ], [ 126.928324, 35.146558 ], [ 126.928325, 35.146557 ], [ 126.928326, 35.146558 ], [ 126.928327, 35.146558 ], [ 126.928327, 35.146558 ], [ 126.928328, 35.146559 ], [ 126.928328, 35.146559 ], [ 126.928328, 35.14656 ] ] ] } },
{ "type": "Feature", "properties": { "kind": "cctv", "name": "CCTV 5대", "sub": "200만 · 설치 2016", "addr": "동구 필문대로273번길 5-1", "z": 23.6, "part": 2, "base": 7.3, "top": 7.6, "mcolor": "#e1cdff" }, "geometry": { "type": "Polygon", "coordinates": [ [ [ 126.928326, 35.14656 ], [ 126.928326, 35.14656 ], [ 126.928326, 35.146561 ], [ 126.928326, 35.146561 ], [ 126.928326, 35.146561 ], [ 126.928325, 35.146561 ], [ 126.928325, 35.146561 ], [ 126.928325, 35.146561 ], [ 126.928324, 35.146561 ], [ 126.928324, 35.146561 ], [ 126.928324, 35.146561 ], [ 126.928324, 35.14656 ], [ 126.928324, 35.14656 ], [ 126.928324, 35.14656 ], [ 126.928324, 35.146559 ], [ 126.928324, 35.146559 ], [ 126.928324, 35.146559 ], [ 126.928325, 35.146559 ], [ 126.928325, 35.146559 ], [ 126.928325, 35.146559 ], [ 126.928326, 35.146559 ], [ 126.928326, 35.146559 ], [ 126.928326, 35.146559 ], [ 126.928326, 35.14656 ], [ 126.928326, 35.14656 ] ] ] } },
{ "type": "Feature", "properties": { "kind": "cctv", "name": "CCTV 2대", "sub": "200만 · 설치 2014", "addr": null, "z": 26.0, "part": 0, "base": 0.0, "top": 5.5, "mcolor": "#78788a" }, "geometry": { "type": "Polygon", "coordinates": [ [ [ 126.928402, 35.149656 ], [ 126.928402, 35.149656 ], [ 126.928402, 35.149656 ], [ 126.928402, 35.149657 ], [ 126.928401, 35.149657 ], [ 126.928401, 35.149657 ], [ 126.928401, 35.149657 ], [ 126.928401, 35.149657 ], [ 126.928401, 35.149657 ], [ 126.9284, 35.149657 ], [ 126.9284, 35.149656 ], [ 126.9284, 35.149656 ], [ 126.9284, 35.149656 ], [ 126.9284, 35.149656 ], [ 126.9284, 35.149656 ], [ 126.9284, 35.149655 ], [ 126.928401, 35.149655 ], [ 126.928401, 35.149655 ], [ 126.928401, 35.149655 ], [ 126.928401, 35.149655 ], [ 126.928401, 35.149655 ], [ 126.928402, 35.149655 ], [ 126.928402, 35.149656 ], [ 126.928402, 35.149656 ], [ 126.928402, 35.149656 ] ] ] } },
{ "type": "Feature", "properties": { "kind": "cctv", "name": "CCTV 2대", "sub": "200만 · 설치 2014", "addr": null, "z": 26.0, "part": 1, "base": 5.5, "top": 5.95, "mcolor": "#b98cff" }, "geometry": { "type": "Polygon", "coordinates": [ [ [ 126.928404, 35.149656 ], [ 126.928404, 35.149657 ], [ 126.928404, 35.149657 ], [ 126.928403, 35.149658 ], [ 126.928403, 35.149658 ], [ 126.928402, 35.149658 ], [ 126.928401, 35.149659 ], [ 126.9284, 35.149658 ], [ 126.928399, 35.149658 ], [ 126.928399, 35.149658 ], [ 126.928398, 35.149657 ], [ 126.928398, 35.149657 ], [ 126.928398, 35.149656 ], [ 126.928398, 35.149655 ], [ 126.928398, 35.149655 ], [ 126.928399, 35.149654 ], [ 126.928399, 35.149654 ], [ 126.9284, 35.149654 ], [ 126.928401, 35.149653 ], [ 126.928402, 35.149654 ], [ 126.928403, 35.149654 ], [ 126.928403, 35.149654 ], [ 126.928404, 35.149655 ], [ 126.928404, 35.149655 ], [ 126.928404, 35.149656 ] ] ] } },
{ "type": "Feature", "properties": { "kind": "cctv", "name": "CCTV 2대", "sub": "200만 · 설치 2014", "addr": null, "z": 26.0, "part": 2, "base": 5.8, "top": 6.1, "mcolor": "#e1cdff" }, "geometry": { "type": "Polygon", "coordinates": [ [ [ 126.928402, 35.149656 ], [ 126.928402, 35.149656 ], [ 126.928402, 35.149657 ], [ 126.928402, 35.149657 ], [ 126.928402, 35.149657 ], [ 126.928401, 35.149657 ], [ 126.928401, 35.149657 ], [ 126.928401, 35.149657 ], [ 126.9284, 35.149657 ], [ 126.9284, 35.149657 ], [ 126.9284, 35.149657 ], [ 126.9284, 35.149656 ], [ 126.9284, 35.149656 ], [ 126.9284, 35.149656 ], [ 126.9284, 35.149655 ], [ 126.9284, 35.149655 ], [ 126.9284, 35.149655 ], [ 126.928401, 35.149655 ], [ 126.928401, 35.149655 ], [ 126.928401, 35.149655 ], [ 126.928402, 35.149655 ], [ 126.928402, 35.149655 ], [ 126.928402, 35.149655 ], [ 126.928402, 35.149656 ], [ 126.928402, 35.149656 ] ] ] } },
{ "type": "Feature", "properties": { "kind": "cctv", "name": "CCTV 2대", "sub": "200만 · 설치 2022", "addr": null, "z": 28.2, "part": 0, "base": 0.0, "top": 5.5, "mcolor": "#78788a" }, "geometry": { "type": "Polygon", "coordinates": [ [ [ 126.92862, 35.150134 ], [ 126.92862, 35.150134 ], [ 126.92862, 35.150134 ], [ 126.92862, 35.150135 ], [ 126.928619, 35.150135 ], [ 126.928619, 35.150135 ], [ 126.928619, 35.150135 ], [ 126.928619, 35.150135 ], [ 126.928619, 35.150135 ], [ 126.928618, 35.150135 ], [ 126.928618, 35.150134 ], [ 126.928618, 35.150134 ], [ 126.928618, 35.150134 ], [ 126.928618, 35.150134 ], [ 126.928618, 35.150134 ], [ 126.928618, 35.150133 ], [ 126.928619, 35.150133 ], [ 126.928619, 35.150133 ], [ 126.928619, 35.150133 ], [ 126.928619, 35.150133 ], [ 126.928619, 35.150133 ], [ 126.92862, 35.150133 ], [ 126.92862, 35.150134 ], [ 126.92862, 35.150134 ], [ 126.92862, 35.150134 ] ] ] } },
{ "type": "Feature", "properties": { "kind": "cctv", "name": "CCTV 2대", "sub": "200만 · 설치 2022", "addr": null, "z": 28.2, "part": 1, "base": 5.5, "top": 5.95, "mcolor": "#b98cff" }, "geometry": { "type": "Polygon", "coordinates": [ [ [ 126.928622, 35.150134 ], [ 126.928622, 35.150135 ], [ 126.928622, 35.150135 ], [ 126.928621, 35.150136 ], [ 126.928621, 35.150136 ], [ 126.92862, 35.150136 ], [ 126.928619, 35.150137 ], [ 126.928618, 35.150136 ], [ 126.928617, 35.150136 ], [ 126.928617, 35.150136 ], [ 126.928616, 35.150135 ], [ 126.928616, 35.150135 ], [ 126.928616, 35.150134 ], [ 126.928616, 35.150133 ], [ 126.928616, 35.150133 ], [ 126.928617, 35.150132 ], [ 126.928617, 35.150132 ], [ 126.928618, 35.150132 ], [ 126.928619, 35.150131 ], [ 126.92862, 35.150132 ], [ 126.928621, 35.150132 ], [ 126.928621, 35.150132 ], [ 126.928622, 35.150133 ], [ 126.928622, 35.150133 ], [ 126.928622, 35.150134 ] ] ] } },
{ "type": "Feature", "properties": { "kind": "cctv", "name": "CCTV 2대", "sub": "200만 · 설치 2022", "addr": null, "z": 28.2, "part": 2, "base": 5.8, "top": 6.1, "mcolor": "#e1cdff" }, "geometry": { "type": "Polygon", "coordinates": [ [ [ 126.92862, 35.150134 ], [ 126.92862, 35.150134 ], [ 126.92862, 35.150135 ], [ 126.92862, 35.150135 ], [ 126.92862, 35.150135 ], [ 126.928619, 35.150135 ], [ 126.928619, 35.150135 ], [ 126.928619, 35.150135 ], [ 126.928618, 35.150135 ], [ 126.928618, 35.150135 ], [ 126.928618, 35.150135 ], [ 126.928618, 35.150134 ], [ 126.928618, 35.150134 ], [ 126.928618, 35.150134 ], [ 126.928618, 35.150133 ], [ 126.928618, 35.150133 ], [ 126.928618, 35.150133 ], [ 126.928619, 35.150133 ], [ 126.928619, 35.150133 ], [ 126.928619, 35.150133 ], [ 126.92862, 35.150133 ], [ 126.92862, 35.150133 ], [ 126.92862, 35.150133 ], [ 126.92862, 35.150134 ], [ 126.92862, 35.150134 ] ] ] } },
{ "type": "Feature", "properties": { "kind": "cctv", "name": "CCTV 3대", "sub": "200만 · 설치 2020", "addr": "동구 동명로 77-9", "z": 24.8, "part": 0, "base": 0.0, "top": 6.0, "mcolor": "#78788a" }, "geometry": { "type": "Polygon", "coordinates": [ [ [ 126.929133, 35.151529 ], [ 126.929133, 35.151529 ], [ 126.929133, 35.151529 ], [ 126.929133, 35.15153 ], [ 126.929132, 35.15153 ], [ 126.929132, 35.15153 ], [ 126.929132, 35.15153 ], [ 126.929132, 35.15153 ], [ 126.929132, 35.15153 ], [ 126.929131, 35.15153 ], [ 126.929131, 35.151529 ], [ 126.929131, 35.151529 ], [ 126.929131, 35.151529 ], [ 126.929131, 35.151529 ], [ 126.929131, 35.151529 ], [ 126.929131, 35.151528 ], [ 126.929132, 35.151528 ], [ 126.929132, 35.151528 ], [ 126.929132, 35.151528 ], [ 126.929132, 35.151528 ], [ 126.929132, 35.151528 ], [ 126.929133, 35.151528 ], [ 126.929133, 35.151529 ], [ 126.929133, 35.151529 ], [ 126.929133, 35.151529 ] ] ] } },
{ "type": "Feature", "properties": { "kind": "cctv", "name": "CCTV 3대", "sub": "200만 · 설치 2020", "addr": "동구 동명로 77-9", "z": 24.8, "part": 1, "base": 6.0, "top": 6.45, "mcolor": "#b98cff" }, "geometry": { "type": "Polygon", "coordinates": [ [ [ 126.929135, 35.151529 ], [ 126.929135, 35.15153 ], [ 126.929135, 35.15153 ], [ 126.929134, 35.151531 ], [ 126.929134, 35.151531 ], [ 126.929133, 35.151531 ], [ 126.929132, 35.151532 ], [ 126.929131, 35.151531 ], [ 126.92913, 35.151531 ], [ 126.92913, 35.151531 ], [ 126.929129, 35.15153 ], [ 126.929129, 35.15153 ], [ 126.929129, 35.151529 ], [ 126.929129, 35.151528 ], [ 126.929129, 35.151528 ], [ 126.92913, 35.151527 ], [ 126.92913, 35.151527 ], [ 126.929131, 35.151527 ], [ 126.929132, 35.151526 ], [ 126.929133, 35.151527 ], [ 126.929134, 35.151527 ], [ 126.929134, 35.151527 ], [ 126.929135, 35.151528 ], [ 126.929135, 35.151528 ], [ 126.929135, 35.151529 ] ] ] } },
{ "type": "Feature", "properties": { "kind": "cctv", "name": "CCTV 3대", "sub": "200만 · 설치 2020", "addr": "동구 동명로 77-9", "z": 24.8, "part": 2, "base": 6.3, "top": 6.6, "mcolor": "#e1cdff" }, "geometry": { "type": "Polygon", "coordinates": [ [ [ 126.929133, 35.151529 ], [ 126.929133, 35.151529 ], [ 126.929133, 35.15153 ], [ 126.929133, 35.15153 ], [ 126.929133, 35.15153 ], [ 126.929132, 35.15153 ], [ 126.929132, 35.15153 ], [ 126.929132, 35.15153 ], [ 126.929131, 35.15153 ], [ 126.929131, 35.15153 ], [ 126.929131, 35.15153 ], [ 126.929131, 35.151529 ], [ 126.929131, 35.151529 ], [ 126.929131, 35.151529 ], [ 126.929131, 35.151528 ], [ 126.929131, 35.151528 ], [ 126.929131, 35.151528 ], [ 126.929132, 35.151528 ], [ 126.929132, 35.151528 ], [ 126.929132, 35.151528 ], [ 126.929133, 35.151528 ], [ 126.929133, 35.151528 ], [ 126.929133, 35.151528 ], [ 126.929133, 35.151529 ], [ 126.929133, 35.151529 ] ] ] } },
{ "type": "Feature", "properties": { "kind": "cctv", "name": "CCTV 3대", "sub": "200만 · 설치 2022", "addr": "동구 경양로 370", "z": 28.4, "part": 0, "base": 0.0, "top": 6.0, "mcolor": "#78788a" }, "geometry": { "type": "Polygon", "coordinates": [ [ [ 126.929355, 35.154024 ], [ 126.929355, 35.154024 ], [ 126.929355, 35.154024 ], [ 126.929355, 35.154025 ], [ 126.929354, 35.154025 ], [ 126.929354, 35.154025 ], [ 126.929354, 35.154025 ], [ 126.929354, 35.154025 ], [ 126.929354, 35.154025 ], [ 126.929353, 35.154025 ], [ 126.929353, 35.154024 ], [ 126.929353, 35.154024 ], [ 126.929353, 35.154024 ], [ 126.929353, 35.154024 ], [ 126.929353, 35.154024 ], [ 126.929353, 35.154023 ], [ 126.929354, 35.154023 ], [ 126.929354, 35.154023 ], [ 126.929354, 35.154023 ], [ 126.929354, 35.154023 ], [ 126.929354, 35.154023 ], [ 126.929355, 35.154023 ], [ 126.929355, 35.154024 ], [ 126.929355, 35.154024 ], [ 126.929355, 35.154024 ] ] ] } },
{ "type": "Feature", "properties": { "kind": "cctv", "name": "CCTV 3대", "sub": "200만 · 설치 2022", "addr": "동구 경양로 370", "z": 28.4, "part": 1, "base": 6.0, "top": 6.45, "mcolor": "#b98cff" }, "geometry": { "type": "Polygon", "coordinates": [ [ [ 126.929357, 35.154024 ], [ 126.929357, 35.154025 ], [ 126.929357, 35.154025 ], [ 126.929356, 35.154026 ], [ 126.929356, 35.154026 ], [ 126.929355, 35.154026 ], [ 126.929354, 35.154027 ], [ 126.929353, 35.154026 ], [ 126.929352, 35.154026 ], [ 126.929352, 35.154026 ], [ 126.929351, 35.154025 ], [ 126.929351, 35.154025 ], [ 126.929351, 35.154024 ], [ 126.929351, 35.154023 ], [ 126.929351, 35.154023 ], [ 126.929352, 35.154022 ], [ 126.929352, 35.154022 ], [ 126.929353, 35.154022 ], [ 126.929354, 35.154021 ], [ 126.929355, 35.154022 ], [ 126.929356, 35.154022 ], [ 126.929356, 35.154022 ], [ 126.929357, 35.154023 ], [ 126.929357, 35.154023 ], [ 126.929357, 35.154024 ] ] ] } },
{ "type": "Feature", "properties": { "kind": "cctv", "name": "CCTV 3대", "sub": "200만 · 설치 2022", "addr": "동구 경양로 370", "z": 28.4, "part": 2, "base": 6.3, "top": 6.6, "mcolor": "#e1cdff" }, "geometry": { "type": "Polygon", "coordinates": [ [ [ 126.929355, 35.154024 ], [ 126.929355, 35.154024 ], [ 126.929355, 35.154025 ], [ 126.929355, 35.154025 ], [ 126.929355, 35.154025 ], [ 126.929354, 35.154025 ], [ 126.929354, 35.154025 ], [ 126.929354, 35.154025 ], [ 126.929353, 35.154025 ], [ 126.929353, 35.154025 ], [ 126.929353, 35.154025 ], [ 126.929353, 35.154024 ], [ 126.929353, 35.154024 ], [ 126.929353, 35.154024 ], [ 126.929353, 35.154023 ], [ 126.929353, 35.154023 ], [ 126.929353, 35.154023 ], [ 126.929354, 35.154023 ], [ 126.929354, 35.154023 ], [ 126.929354, 35.154023 ], [ 126.929355, 35.154023 ], [ 126.929355, 35.154023 ], [ 126.929355, 35.154023 ], [ 126.929355, 35.154024 ], [ 126.929355, 35.154024 ] ] ] } },
{ "type": "Feature", "properties": { "kind": "cctv", "name": "CCTV 3대", "sub": "200만 · 설치 2017", "addr": "동구 필문대로192번길 21", "z": 20.4, "part": 0, "base": 0.0, "top": 6.0, "mcolor": "#78788a" }, "geometry": { "type": "Polygon", "coordinates": [ [ [ 126.929449, 35.153474 ], [ 126.929449, 35.153474 ], [ 126.929449, 35.153474 ], [ 126.929449, 35.153475 ], [ 126.929448, 35.153475 ], [ 126.929448, 35.153475 ], [ 126.929448, 35.153475 ], [ 126.929448, 35.153475 ], [ 126.929448, 35.153475 ], [ 126.929447, 35.153475 ], [ 126.929447, 35.153474 ], [ 126.929447, 35.153474 ], [ 126.929447, 35.153474 ], [ 126.929447, 35.153474 ], [ 126.929447, 35.153474 ], [ 126.929447, 35.153473 ], [ 126.929448, 35.153473 ], [ 126.929448, 35.153473 ], [ 126.929448, 35.153473 ], [ 126.929448, 35.153473 ], [ 126.929448, 35.153473 ], [ 126.929449, 35.153473 ], [ 126.929449, 35.153474 ], [ 126.929449, 35.153474 ], [ 126.929449, 35.153474 ] ] ] } },
{ "type": "Feature", "properties": { "kind": "cctv", "name": "CCTV 3대", "sub": "200만 · 설치 2017", "addr": "동구 필문대로192번길 21", "z": 20.4, "part": 1, "base": 6.0, "top": 6.45, "mcolor": "#b98cff" }, "geometry": { "type": "Polygon", "coordinates": [ [ [ 126.929451, 35.153474 ], [ 126.929451, 35.153475 ], [ 126.929451, 35.153475 ], [ 126.92945, 35.153476 ], [ 126.92945, 35.153476 ], [ 126.929449, 35.153476 ], [ 126.929448, 35.153477 ], [ 126.929447, 35.153476 ], [ 126.929446, 35.153476 ], [ 126.929446, 35.153476 ], [ 126.929445, 35.153475 ], [ 126.929445, 35.153475 ], [ 126.929445, 35.153474 ], [ 126.929445, 35.153473 ], [ 126.929445, 35.153473 ], [ 126.929446, 35.153472 ], [ 126.929446, 35.153472 ], [ 126.929447, 35.153472 ], [ 126.929448, 35.153471 ], [ 126.929449, 35.153472 ], [ 126.92945, 35.153472 ], [ 126.92945, 35.153472 ], [ 126.929451, 35.153473 ], [ 126.929451, 35.153473 ], [ 126.929451, 35.153474 ] ] ] } },
{ "type": "Feature", "properties": { "kind": "cctv", "name": "CCTV 3대", "sub": "200만 · 설치 2017", "addr": "동구 필문대로192번길 21", "z": 20.4, "part": 2, "base": 6.3, "top": 6.6, "mcolor": "#e1cdff" }, "geometry": { "type": "Polygon", "coordinates": [ [ [ 126.929449, 35.153474 ], [ 126.929449, 35.153474 ], [ 126.929449, 35.153475 ], [ 126.929449, 35.153475 ], [ 126.929449, 35.153475 ], [ 126.929448, 35.153475 ], [ 126.929448, 35.153475 ], [ 126.929448, 35.153475 ], [ 126.929447, 35.153475 ], [ 126.929447, 35.153475 ], [ 126.929447, 35.153475 ], [ 126.929447, 35.153474 ], [ 126.929447, 35.153474 ], [ 126.929447, 35.153474 ], [ 126.929447, 35.153473 ], [ 126.929447, 35.153473 ], [ 126.929447, 35.153473 ], [ 126.929448, 35.153473 ], [ 126.929448, 35.153473 ], [ 126.929448, 35.153473 ], [ 126.929449, 35.153473 ], [ 126.929449, 35.153473 ], [ 126.929449, 35.153473 ], [ 126.929449, 35.153474 ], [ 126.929449, 35.153474 ] ] ] } },
{ "type": "Feature", "properties": { "kind": "cctv", "name": "CCTV 3대", "sub": "200만 · 설치 2020", "addr": "동구 필문대로263번길 15", "z": 26.7, "part": 0, "base": 0.0, "top": 6.0, "mcolor": "#78788a" }, "geometry": { "type": "Polygon", "coordinates": [ [ [ 126.929785, 35.147256 ], [ 126.929785, 35.147256 ], [ 126.929785, 35.147256 ], [ 126.929785, 35.147257 ], [ 126.929784, 35.147257 ], [ 126.929784, 35.147257 ], [ 126.929784, 35.147257 ], [ 126.929784, 35.147257 ], [ 126.929784, 35.147257 ], [ 126.929783, 35.147257 ], [ 126.929783, 35.147256 ], [ 126.929783, 35.147256 ], [ 126.929783, 35.147256 ], [ 126.929783, 35.147256 ], [ 126.929783, 35.147256 ], [ 126.929783, 35.147255 ], [ 126.929784, 35.147255 ], [ 126.929784, 35.147255 ], [ 126.929784, 35.147255 ], [ 126.929784, 35.147255 ], [ 126.929784, 35.147255 ], [ 126.929785, 35.147255 ], [ 126.929785, 35.147256 ], [ 126.929785, 35.147256 ], [ 126.929785, 35.147256 ] ] ] } },
{ "type": "Feature", "properties": { "kind": "cctv", "name": "CCTV 3대", "sub": "200만 · 설치 2020", "addr": "동구 필문대로263번길 15", "z": 26.7, "part": 1, "base": 6.0, "top": 6.45, "mcolor": "#b98cff" }, "geometry": { "type": "Polygon", "coordinates": [ [ [ 126.929787, 35.147256 ], [ 126.929787, 35.147257 ], [ 126.929787, 35.147257 ], [ 126.929786, 35.147258 ], [ 126.929786, 35.147258 ], [ 126.929785, 35.147258 ], [ 126.929784, 35.147259 ], [ 126.929783, 35.147258 ], [ 126.929782, 35.147258 ], [ 126.929782, 35.147258 ], [ 126.929781, 35.147257 ], [ 126.929781, 35.147257 ], [ 126.929781, 35.147256 ], [ 126.929781, 35.147255 ], [ 126.929781, 35.147255 ], [ 126.929782, 35.147254 ], [ 126.929782, 35.147254 ], [ 126.929783, 35.147254 ], [ 126.929784, 35.147253 ], [ 126.929785, 35.147254 ], [ 126.929786, 35.147254 ], [ 126.929786, 35.147254 ], [ 126.929787, 35.147255 ], [ 126.929787, 35.147255 ], [ 126.929787, 35.147256 ] ] ] } },
{ "type": "Feature", "properties": { "kind": "cctv", "name": "CCTV 3대", "sub": "200만 · 설치 2020", "addr": "동구 필문대로263번길 15", "z": 26.7, "part": 2, "base": 6.3, "top": 6.6, "mcolor": "#e1cdff" }, "geometry": { "type": "Polygon", "coordinates": [ [ [ 126.929785, 35.147256 ], [ 126.929785, 35.147256 ], [ 126.929785, 35.147257 ], [ 126.929785, 35.147257 ], [ 126.929785, 35.147257 ], [ 126.929784, 35.147257 ], [ 126.929784, 35.147257 ], [ 126.929784, 35.147257 ], [ 126.929783, 35.147257 ], [ 126.929783, 35.147257 ], [ 126.929783, 35.147257 ], [ 126.929783, 35.147256 ], [ 126.929783, 35.147256 ], [ 126.929783, 35.147256 ], [ 126.929783, 35.147255 ], [ 126.929783, 35.147255 ], [ 126.929783, 35.147255 ], [ 126.929784, 35.147255 ], [ 126.929784, 35.147255 ], [ 126.929784, 35.147255 ], [ 126.929785, 35.147255 ], [ 126.929785, 35.147255 ], [ 126.929785, 35.147255 ], [ 126.929785, 35.147256 ], [ 126.929785, 35.147256 ] ] ] } },
{ "type": "Feature", "properties": { "kind": "cctv", "name": "CCTV 3대", "sub": "200만 · 설치 2022", "addr": "동구 필문대로253번길 9-2", "z": 26.1, "part": 0, "base": 0.0, "top": 6.0, "mcolor": "#78788a" }, "geometry": { "type": "Polygon", "coordinates": [ [ [ 126.929934, 35.148201 ], [ 126.929934, 35.148201 ], [ 126.929934, 35.148201 ], [ 126.929934, 35.148202 ], [ 126.929933, 35.148202 ], [ 126.929933, 35.148202 ], [ 126.929933, 35.148202 ], [ 126.929933, 35.148202 ], [ 126.929933, 35.148202 ], [ 126.929932, 35.148202 ], [ 126.929932, 35.148201 ], [ 126.929932, 35.148201 ], [ 126.929932, 35.148201 ], [ 126.929932, 35.148201 ], [ 126.929932, 35.148201 ], [ 126.929932, 35.1482 ], [ 126.929933, 35.1482 ], [ 126.929933, 35.1482 ], [ 126.929933, 35.1482 ], [ 126.929933, 35.1482 ], [ 126.929933, 35.1482 ], [ 126.929934, 35.1482 ], [ 126.929934, 35.148201 ], [ 126.929934, 35.148201 ], [ 126.929934, 35.148201 ] ] ] } },
{ "type": "Feature", "properties": { "kind": "cctv", "name": "CCTV 3대", "sub": "200만 · 설치 2022", "addr": "동구 필문대로253번길 9-2", "z": 26.1, "part": 1, "base": 6.0, "top": 6.45, "mcolor": "#b98cff" }, "geometry": { "type": "Polygon", "coordinates": [ [ [ 126.929936, 35.148201 ], [ 126.929936, 35.148202 ], [ 126.929936, 35.148202 ], [ 126.929935, 35.148203 ], [ 126.929935, 35.148203 ], [ 126.929934, 35.148203 ], [ 126.929933, 35.148204 ], [ 126.929932, 35.148203 ], [ 126.929931, 35.148203 ], [ 126.929931, 35.148203 ], [ 126.92993, 35.148202 ], [ 126.92993, 35.148202 ], [ 126.92993, 35.148201 ], [ 126.92993, 35.1482 ], [ 126.92993, 35.1482 ], [ 126.929931, 35.148199 ], [ 126.929931, 35.148199 ], [ 126.929932, 35.148199 ], [ 126.929933, 35.148198 ], [ 126.929934, 35.148199 ], [ 126.929935, 35.148199 ], [ 126.929935, 35.148199 ], [ 126.929936, 35.1482 ], [ 126.929936, 35.1482 ], [ 126.929936, 35.148201 ] ] ] } },
{ "type": "Feature", "properties": { "kind": "cctv", "name": "CCTV 3대", "sub": "200만 · 설치 2022", "addr": "동구 필문대로253번길 9-2", "z": 26.1, "part": 2, "base": 6.3, "top": 6.6, "mcolor": "#e1cdff" }, "geometry": { "type": "Polygon", "coordinates": [ [ [ 126.929934, 35.148201 ], [ 126.929934, 35.148201 ], [ 126.929934, 35.148202 ], [ 126.929934, 35.148202 ], [ 126.929934, 35.148202 ], [ 126.929933, 35.148202 ], [ 126.929933, 35.148202 ], [ 126.929933, 35.148202 ], [ 126.929932, 35.148202 ], [ 126.929932, 35.148202 ], [ 126.929932, 35.148202 ], [ 126.929932, 35.148201 ], [ 126.929932, 35.148201 ], [ 126.929932, 35.148201 ], [ 126.929932, 35.1482 ], [ 126.929932, 35.1482 ], [ 126.929932, 35.1482 ], [ 126.929933, 35.1482 ], [ 126.929933, 35.1482 ], [ 126.929933, 35.1482 ], [ 126.929934, 35.1482 ], [ 126.929934, 35.1482 ], [ 126.929934, 35.1482 ], [ 126.929934, 35.148201 ], [ 126.929934, 35.148201 ] ] ] } },
{ "type": "Feature", "properties": { "kind": "cctv", "name": "CCTV 4대", "sub": "200만 · 설치 2026", "addr": "동구 필문대로218번길 2-28", "z": 20.7, "part": 0, "base": 0.0, "top": 6.5, "mcolor": "#78788a" }, "geometry": { "type": "Polygon", "coordinates": [ [ [ 126.930207, 35.152605 ], [ 126.930207, 35.152605 ], [ 126.930207, 35.152605 ], [ 126.930207, 35.152606 ], [ 126.930206, 35.152606 ], [ 126.930206, 35.152606 ], [ 126.930206, 35.152606 ], [ 126.930206, 35.152606 ], [ 126.930206, 35.152606 ], [ 126.930205, 35.152606 ], [ 126.930205, 35.152605 ], [ 126.930205, 35.152605 ], [ 126.930205, 35.152605 ], [ 126.930205, 35.152605 ], [ 126.930205, 35.152605 ], [ 126.930205, 35.152604 ], [ 126.930206, 35.152604 ], [ 126.930206, 35.152604 ], [ 126.930206, 35.152604 ], [ 126.930206, 35.152604 ], [ 126.930206, 35.152604 ], [ 126.930207, 35.152604 ], [ 126.930207, 35.152605 ], [ 126.930207, 35.152605 ], [ 126.930207, 35.152605 ] ] ] } },
{ "type": "Feature", "properties": { "kind": "cctv", "name": "CCTV 4대", "sub": "200만 · 설치 2026", "addr": "동구 필문대로218번길 2-28", "z": 20.7, "part": 1, "base": 6.5, "top": 6.95, "mcolor": "#b98cff" }, "geometry": { "type": "Polygon", "coordinates": [ [ [ 126.930209, 35.152605 ], [ 126.930209, 35.152606 ], [ 126.930209, 35.152606 ], [ 126.930208, 35.152607 ], [ 126.930208, 35.152607 ], [ 126.930207, 35.152607 ], [ 126.930206, 35.152608 ], [ 126.930205, 35.152607 ], [ 126.930204, 35.152607 ], [ 126.930204, 35.152607 ], [ 126.930203, 35.152606 ], [ 126.930203, 35.152606 ], [ 126.930203, 35.152605 ], [ 126.930203, 35.152604 ], [ 126.930203, 35.152604 ], [ 126.930204, 35.152603 ], [ 126.930204, 35.152603 ], [ 126.930205, 35.152603 ], [ 126.930206, 35.152602 ], [ 126.930207, 35.152603 ], [ 126.930208, 35.152603 ], [ 126.930208, 35.152603 ], [ 126.930209, 35.152604 ], [ 126.930209, 35.152604 ], [ 126.930209, 35.152605 ] ] ] } },
{ "type": "Feature", "properties": { "kind": "cctv", "name": "CCTV 4대", "sub": "200만 · 설치 2026", "addr": "동구 필문대로218번길 2-28", "z": 20.7, "part": 2, "base": 6.8, "top": 7.1, "mcolor": "#e1cdff" }, "geometry": { "type": "Polygon", "coordinates": [ [ [ 126.930207, 35.152605 ], [ 126.930207, 35.152605 ], [ 126.930207, 35.152606 ], [ 126.930207, 35.152606 ], [ 126.930207, 35.152606 ], [ 126.930206, 35.152606 ], [ 126.930206, 35.152606 ], [ 126.930206, 35.152606 ], [ 126.930205, 35.152606 ], [ 126.930205, 35.152606 ], [ 126.930205, 35.152606 ], [ 126.930205, 35.152605 ], [ 126.930205, 35.152605 ], [ 126.930205, 35.152605 ], [ 126.930205, 35.152604 ], [ 126.930205, 35.152604 ], [ 126.930205, 35.152604 ], [ 126.930206, 35.152604 ], [ 126.930206, 35.152604 ], [ 126.930206, 35.152604 ], [ 126.930207, 35.152604 ], [ 126.930207, 35.152604 ], [ 126.930207, 35.152604 ], [ 126.930207, 35.152605 ], [ 126.930207, 35.152605 ] ] ] } },
{ "type": "Feature", "properties": { "kind": "cctv", "name": "CCTV 4대", "sub": "200만 · 설치 2019", "addr": "동구 동명로98번길 17", "z": 26.9, "part": 0, "base": 0.0, "top": 6.5, "mcolor": "#78788a" }, "geometry": { "type": "Polygon", "coordinates": [ [ [ 126.930612, 35.149228 ], [ 126.930612, 35.149228 ], [ 126.930612, 35.149228 ], [ 126.930612, 35.149229 ], [ 126.930611, 35.149229 ], [ 126.930611, 35.149229 ], [ 126.930611, 35.149229 ], [ 126.930611, 35.149229 ], [ 126.930611, 35.149229 ], [ 126.93061, 35.149229 ], [ 126.93061, 35.149228 ], [ 126.93061, 35.149228 ], [ 126.93061, 35.149228 ], [ 126.93061, 35.149228 ], [ 126.93061, 35.149228 ], [ 126.93061, 35.149227 ], [ 126.930611, 35.149227 ], [ 126.930611, 35.149227 ], [ 126.930611, 35.149227 ], [ 126.930611, 35.149227 ], [ 126.930611, 35.149227 ], [ 126.930612, 35.149227 ], [ 126.930612, 35.149228 ], [ 126.930612, 35.149228 ], [ 126.930612, 35.149228 ] ] ] } },
{ "type": "Feature", "properties": { "kind": "cctv", "name": "CCTV 4대", "sub": "200만 · 설치 2019", "addr": "동구 동명로98번길 17", "z": 26.9, "part": 1, "base": 6.5, "top": 6.95, "mcolor": "#b98cff" }, "geometry": { "type": "Polygon", "coordinates": [ [ [ 126.930614, 35.149228 ], [ 126.930614, 35.149229 ], [ 126.930614, 35.149229 ], [ 126.930613, 35.14923 ], [ 126.930613, 35.14923 ], [ 126.930612, 35.14923 ], [ 126.930611, 35.149231 ], [ 126.93061, 35.14923 ], [ 126.930609, 35.14923 ], [ 126.930609, 35.14923 ], [ 126.930608, 35.149229 ], [ 126.930608, 35.149229 ], [ 126.930608, 35.149228 ], [ 126.930608, 35.149227 ], [ 126.930608, 35.149227 ], [ 126.930609, 35.149226 ], [ 126.930609, 35.149226 ], [ 126.93061, 35.149226 ], [ 126.930611, 35.149225 ], [ 126.930612, 35.149226 ], [ 126.930613, 35.149226 ], [ 126.930613, 35.149226 ], [ 126.930614, 35.149227 ], [ 126.930614, 35.149227 ], [ 126.930614, 35.149228 ] ] ] } },
{ "type": "Feature", "properties": { "kind": "cctv", "name": "CCTV 4대", "sub": "200만 · 설치 2019", "addr": "동구 동명로98번길 17", "z": 26.9, "part": 2, "base": 6.8, "top": 7.1, "mcolor": "#e1cdff" }, "geometry": { "type": "Polygon", "coordinates": [ [ [ 126.930612, 35.149228 ], [ 126.930612, 35.149228 ], [ 126.930612, 35.149229 ], [ 126.930612, 35.149229 ], [ 126.930612, 35.149229 ], [ 126.930611, 35.149229 ], [ 126.930611, 35.149229 ], [ 126.930611, 35.149229 ], [ 126.93061, 35.149229 ], [ 126.93061, 35.149229 ], [ 126.93061, 35.149229 ], [ 126.93061, 35.149228 ], [ 126.93061, 35.149228 ], [ 126.93061, 35.149228 ], [ 126.93061, 35.149227 ], [ 126.93061, 35.149227 ], [ 126.93061, 35.149227 ], [ 126.930611, 35.149227 ], [ 126.930611, 35.149227 ], [ 126.930611, 35.149227 ], [ 126.930612, 35.149227 ], [ 126.930612, 35.149227 ], [ 126.930612, 35.149227 ], [ 126.930612, 35.149228 ], [ 126.930612, 35.149228 ] ] ] } },
{ "type": "Feature", "properties": { "kind": "cctv", "name": "CCTV 3대", "sub": "200만 · 설치 2022", "addr": "동구 동명로98번길 9", "z": 30.3, "part": 0, "base": 0.0, "top": 6.0, "mcolor": "#78788a" }, "geometry": { "type": "Polygon", "coordinates": [ [ [ 126.930967, 35.150134 ], [ 126.930967, 35.150134 ], [ 126.930967, 35.150134 ], [ 126.930967, 35.150135 ], [ 126.930966, 35.150135 ], [ 126.930966, 35.150135 ], [ 126.930966, 35.150135 ], [ 126.930966, 35.150135 ], [ 126.930966, 35.150135 ], [ 126.930965, 35.150135 ], [ 126.930965, 35.150134 ], [ 126.930965, 35.150134 ], [ 126.930965, 35.150134 ], [ 126.930965, 35.150134 ], [ 126.930965, 35.150134 ], [ 126.930965, 35.150133 ], [ 126.930966, 35.150133 ], [ 126.930966, 35.150133 ], [ 126.930966, 35.150133 ], [ 126.930966, 35.150133 ], [ 126.930966, 35.150133 ], [ 126.930967, 35.150133 ], [ 126.930967, 35.150134 ], [ 126.930967, 35.150134 ], [ 126.930967, 35.150134 ] ] ] } },
{ "type": "Feature", "properties": { "kind": "cctv", "name": "CCTV 3대", "sub": "200만 · 설치 2022", "addr": "동구 동명로98번길 9", "z": 30.3, "part": 1, "base": 6.0, "top": 6.45, "mcolor": "#b98cff" }, "geometry": { "type": "Polygon", "coordinates": [ [ [ 126.930969, 35.150134 ], [ 126.930969, 35.150135 ], [ 126.930969, 35.150135 ], [ 126.930968, 35.150136 ], [ 126.930968, 35.150136 ], [ 126.930967, 35.150136 ], [ 126.930966, 35.150137 ], [ 126.930965, 35.150136 ], [ 126.930964, 35.150136 ], [ 126.930964, 35.150136 ], [ 126.930963, 35.150135 ], [ 126.930963, 35.150135 ], [ 126.930963, 35.150134 ], [ 126.930963, 35.150133 ], [ 126.930963, 35.150133 ], [ 126.930964, 35.150132 ], [ 126.930964, 35.150132 ], [ 126.930965, 35.150132 ], [ 126.930966, 35.150131 ], [ 126.930967, 35.150132 ], [ 126.930968, 35.150132 ], [ 126.930968, 35.150132 ], [ 126.930969, 35.150133 ], [ 126.930969, 35.150133 ], [ 126.930969, 35.150134 ] ] ] } },
{ "type": "Feature", "properties": { "kind": "cctv", "name": "CCTV 3대", "sub": "200만 · 설치 2022", "addr": "동구 동명로98번길 9", "z": 30.3, "part": 2, "base": 6.3, "top": 6.6, "mcolor": "#e1cdff" }, "geometry": { "type": "Polygon", "coordinates": [ [ [ 126.930967, 35.150134 ], [ 126.930967, 35.150134 ], [ 126.930967, 35.150135 ], [ 126.930967, 35.150135 ], [ 126.930967, 35.150135 ], [ 126.930966, 35.150135 ], [ 126.930966, 35.150135 ], [ 126.930966, 35.150135 ], [ 126.930965, 35.150135 ], [ 126.930965, 35.150135 ], [ 126.930965, 35.150135 ], [ 126.930965, 35.150134 ], [ 126.930965, 35.150134 ], [ 126.930965, 35.150134 ], [ 126.930965, 35.150133 ], [ 126.930965, 35.150133 ], [ 126.930965, 35.150133 ], [ 126.930966, 35.150133 ], [ 126.930966, 35.150133 ], [ 126.930966, 35.150133 ], [ 126.930967, 35.150133 ], [ 126.930967, 35.150133 ], [ 126.930967, 35.150133 ], [ 126.930967, 35.150134 ], [ 126.930967, 35.150134 ] ] ] } },
{ "type": "Feature", "properties": { "kind": "cctv", "name": "CCTV 3대", "sub": "200만 · 설치 2018", "addr": "동구 필문대로 217-1", "z": 26.9, "part": 0, "base": 0.0, "top": 6.0, "mcolor": "#78788a" }, "geometry": { "type": "Polygon", "coordinates": [ [ [ 126.931584, 35.15163 ], [ 126.931584, 35.15163 ], [ 126.931584, 35.15163 ], [ 126.931584, 35.151631 ], [ 126.931583, 35.151631 ], [ 126.931583, 35.151631 ], [ 126.931583, 35.151631 ], [ 126.931583, 35.151631 ], [ 126.931583, 35.151631 ], [ 126.931582, 35.151631 ], [ 126.931582, 35.15163 ], [ 126.931582, 35.15163 ], [ 126.931582, 35.15163 ], [ 126.931582, 35.15163 ], [ 126.931582, 35.15163 ], [ 126.931582, 35.151629 ], [ 126.931583, 35.151629 ], [ 126.931583, 35.151629 ], [ 126.931583, 35.151629 ], [ 126.931583, 35.151629 ], [ 126.931583, 35.151629 ], [ 126.931584, 35.151629 ], [ 126.931584, 35.15163 ], [ 126.931584, 35.15163 ], [ 126.931584, 35.15163 ] ] ] } },
{ "type": "Feature", "properties": { "kind": "cctv", "name": "CCTV 3대", "sub": "200만 · 설치 2018", "addr": "동구 필문대로 217-1", "z": 26.9, "part": 1, "base": 6.0, "top": 6.45, "mcolor": "#b98cff" }, "geometry": { "type": "Polygon", "coordinates": [ [ [ 126.931586, 35.15163 ], [ 126.931586, 35.151631 ], [ 126.931586, 35.151631 ], [ 126.931585, 35.151632 ], [ 126.931585, 35.151632 ], [ 126.931584, 35.151632 ], [ 126.931583, 35.151633 ], [ 126.931582, 35.151632 ], [ 126.931581, 35.151632 ], [ 126.931581, 35.151632 ], [ 126.93158, 35.151631 ], [ 126.93158, 35.151631 ], [ 126.93158, 35.15163 ], [ 126.93158, 35.151629 ], [ 126.93158, 35.151629 ], [ 126.931581, 35.151628 ], [ 126.931581, 35.151628 ], [ 126.931582, 35.151628 ], [ 126.931583, 35.151627 ], [ 126.931584, 35.151628 ], [ 126.931585, 35.151628 ], [ 126.931585, 35.151628 ], [ 126.931586, 35.151629 ], [ 126.931586, 35.151629 ], [ 126.931586, 35.15163 ] ] ] } },
{ "type": "Feature", "properties": { "kind": "cctv", "name": "CCTV 3대", "sub": "200만 · 설치 2018", "addr": "동구 필문대로 217-1", "z": 26.9, "part": 2, "base": 6.3, "top": 6.6, "mcolor": "#e1cdff" }, "geometry": { "type": "Polygon", "coordinates": [ [ [ 126.931584, 35.15163 ], [ 126.931584, 35.15163 ], [ 126.931584, 35.151631 ], [ 126.931584, 35.151631 ], [ 126.931584, 35.151631 ], [ 126.931583, 35.151631 ], [ 126.931583, 35.151631 ], [ 126.931583, 35.151631 ], [ 126.931582, 35.151631 ], [ 126.931582, 35.151631 ], [ 126.931582, 35.151631 ], [ 126.931582, 35.15163 ], [ 126.931582, 35.15163 ], [ 126.931582, 35.15163 ], [ 126.931582, 35.151629 ], [ 126.931582, 35.151629 ], [ 126.931582, 35.151629 ], [ 126.931583, 35.151629 ], [ 126.931583, 35.151629 ], [ 126.931583, 35.151629 ], [ 126.931584, 35.151629 ], [ 126.931584, 35.151629 ], [ 126.931584, 35.151629 ], [ 126.931584, 35.15163 ], [ 126.931584, 35.15163 ] ] ] } },
{ "type": "Feature", "properties": { "kind": "cctv", "name": "CCTV 4대", "sub": "200만 · 설치 2022", "addr": "동구 필문대로205번길 5-1", "z": 24.6, "part": 0, "base": 0.0, "top": 6.5, "mcolor": "#78788a" }, "geometry": { "type": "Polygon", "coordinates": [ [ [ 126.931739, 35.152195 ], [ 126.931739, 35.152195 ], [ 126.931739, 35.152195 ], [ 126.931739, 35.152196 ], [ 126.931738, 35.152196 ], [ 126.931738, 35.152196 ], [ 126.931738, 35.152196 ], [ 126.931738, 35.152196 ], [ 126.931738, 35.152196 ], [ 126.931737, 35.152196 ], [ 126.931737, 35.152195 ], [ 126.931737, 35.152195 ], [ 126.931737, 35.152195 ], [ 126.931737, 35.152195 ], [ 126.931737, 35.152195 ], [ 126.931737, 35.152194 ], [ 126.931738, 35.152194 ], [ 126.931738, 35.152194 ], [ 126.931738, 35.152194 ], [ 126.931738, 35.152194 ], [ 126.931738, 35.152194 ], [ 126.931739, 35.152194 ], [ 126.931739, 35.152195 ], [ 126.931739, 35.152195 ], [ 126.931739, 35.152195 ] ] ] } },
{ "type": "Feature", "properties": { "kind": "cctv", "name": "CCTV 4대", "sub": "200만 · 설치 2022", "addr": "동구 필문대로205번길 5-1", "z": 24.6, "part": 1, "base": 6.5, "top": 6.95, "mcolor": "#b98cff" }, "geometry": { "type": "Polygon", "coordinates": [ [ [ 126.931741, 35.152195 ], [ 126.931741, 35.152196 ], [ 126.931741, 35.152196 ], [ 126.93174, 35.152197 ], [ 126.93174, 35.152197 ], [ 126.931739, 35.152197 ], [ 126.931738, 35.152198 ], [ 126.931737, 35.152197 ], [ 126.931736, 35.152197 ], [ 126.931736, 35.152197 ], [ 126.931735, 35.152196 ], [ 126.931735, 35.152196 ], [ 126.931735, 35.152195 ], [ 126.931735, 35.152194 ], [ 126.931735, 35.152194 ], [ 126.931736, 35.152193 ], [ 126.931736, 35.152193 ], [ 126.931737, 35.152193 ], [ 126.931738, 35.152192 ], [ 126.931739, 35.152193 ], [ 126.93174, 35.152193 ], [ 126.93174, 35.152193 ], [ 126.931741, 35.152194 ], [ 126.931741, 35.152194 ], [ 126.931741, 35.152195 ] ] ] } },
{ "type": "Feature", "properties": { "kind": "cctv", "name": "CCTV 4대", "sub": "200만 · 설치 2022", "addr": "동구 필문대로205번길 5-1", "z": 24.6, "part": 2, "base": 6.8, "top": 7.1, "mcolor": "#e1cdff" }, "geometry": { "type": "Polygon", "coordinates": [ [ [ 126.931739, 35.152195 ], [ 126.931739, 35.152195 ], [ 126.931739, 35.152196 ], [ 126.931739, 35.152196 ], [ 126.931739, 35.152196 ], [ 126.931738, 35.152196 ], [ 126.931738, 35.152196 ], [ 126.931738, 35.152196 ], [ 126.931737, 35.152196 ], [ 126.931737, 35.152196 ], [ 126.931737, 35.152196 ], [ 126.931737, 35.152195 ], [ 126.931737, 35.152195 ], [ 126.931737, 35.152195 ], [ 126.931737, 35.152194 ], [ 126.931737, 35.152194 ], [ 126.931737, 35.152194 ], [ 126.931738, 35.152194 ], [ 126.931738, 35.152194 ], [ 126.931738, 35.152194 ], [ 126.931739, 35.152194 ], [ 126.931739, 35.152194 ], [ 126.931739, 35.152194 ], [ 126.931739, 35.152195 ], [ 126.931739, 35.152195 ] ] ] } },
{ "type": "Feature", "properties": { "kind": "cctv", "name": "CCTV 3대", "sub": "200만 · 설치 2025", "addr": "동구 지산로57번길 12", "z": 29.6, "part": 0, "base": 0.0, "top": 6.0, "mcolor": "#78788a" }, "geometry": { "type": "Polygon", "coordinates": [ [ [ 126.931823, 35.149079 ], [ 126.931823, 35.149079 ], [ 126.931823, 35.149079 ], [ 126.931823, 35.14908 ], [ 126.931822, 35.14908 ], [ 126.931822, 35.14908 ], [ 126.931822, 35.14908 ], [ 126.931822, 35.14908 ], [ 126.931822, 35.14908 ], [ 126.931821, 35.14908 ], [ 126.931821, 35.149079 ], [ 126.931821, 35.149079 ], [ 126.931821, 35.149079 ], [ 126.931821, 35.149079 ], [ 126.931821, 35.149079 ], [ 126.931821, 35.149078 ], [ 126.931822, 35.149078 ], [ 126.931822, 35.149078 ], [ 126.931822, 35.149078 ], [ 126.931822, 35.149078 ], [ 126.931822, 35.149078 ], [ 126.931823, 35.149078 ], [ 126.931823, 35.149079 ], [ 126.931823, 35.149079 ], [ 126.931823, 35.149079 ] ] ] } },
{ "type": "Feature", "properties": { "kind": "cctv", "name": "CCTV 3대", "sub": "200만 · 설치 2025", "addr": "동구 지산로57번길 12", "z": 29.6, "part": 1, "base": 6.0, "top": 6.45, "mcolor": "#b98cff" }, "geometry": { "type": "Polygon", "coordinates": [ [ [ 126.931825, 35.149079 ], [ 126.931825, 35.14908 ], [ 126.931825, 35.14908 ], [ 126.931824, 35.149081 ], [ 126.931824, 35.149081 ], [ 126.931823, 35.149081 ], [ 126.931822, 35.149082 ], [ 126.931821, 35.149081 ], [ 126.93182, 35.149081 ], [ 126.93182, 35.149081 ], [ 126.931819, 35.14908 ], [ 126.931819, 35.14908 ], [ 126.931819, 35.149079 ], [ 126.931819, 35.149078 ], [ 126.931819, 35.149078 ], [ 126.93182, 35.149077 ], [ 126.93182, 35.149077 ], [ 126.931821, 35.149077 ], [ 126.931822, 35.149076 ], [ 126.931823, 35.149077 ], [ 126.931824, 35.149077 ], [ 126.931824, 35.149077 ], [ 126.931825, 35.149078 ], [ 126.931825, 35.149078 ], [ 126.931825, 35.149079 ] ] ] } },
{ "type": "Feature", "properties": { "kind": "cctv", "name": "CCTV 3대", "sub": "200만 · 설치 2025", "addr": "동구 지산로57번길 12", "z": 29.6, "part": 2, "base": 6.3, "top": 6.6, "mcolor": "#e1cdff" }, "geometry": { "type": "Polygon", "coordinates": [ [ [ 126.931823, 35.149079 ], [ 126.931823, 35.149079 ], [ 126.931823, 35.14908 ], [ 126.931823, 35.14908 ], [ 126.931823, 35.14908 ], [ 126.931822, 35.14908 ], [ 126.931822, 35.14908 ], [ 126.931822, 35.14908 ], [ 126.931821, 35.14908 ], [ 126.931821, 35.14908 ], [ 126.931821, 35.14908 ], [ 126.931821, 35.149079 ], [ 126.931821, 35.149079 ], [ 126.931821, 35.149079 ], [ 126.931821, 35.149078 ], [ 126.931821, 35.149078 ], [ 126.931821, 35.149078 ], [ 126.931822, 35.149078 ], [ 126.931822, 35.149078 ], [ 126.931822, 35.149078 ], [ 126.931823, 35.149078 ], [ 126.931823, 35.149078 ], [ 126.931823, 35.149078 ], [ 126.931823, 35.149079 ], [ 126.931823, 35.149079 ] ] ] } },
{ "type": "Feature", "properties": { "kind": "cctv", "name": "CCTV 4대", "sub": "200만 · 설치 2016", "addr": "동구 지산로 37", "z": 30.7, "part": 0, "base": 0.0, "top": 6.5, "mcolor": "#78788a" }, "geometry": { "type": "Polygon", "coordinates": [ [ [ 126.931997, 35.147039 ], [ 126.931997, 35.147039 ], [ 126.931997, 35.147039 ], [ 126.931997, 35.14704 ], [ 126.931996, 35.14704 ], [ 126.931996, 35.14704 ], [ 126.931996, 35.14704 ], [ 126.931996, 35.14704 ], [ 126.931996, 35.14704 ], [ 126.931995, 35.14704 ], [ 126.931995, 35.147039 ], [ 126.931995, 35.147039 ], [ 126.931995, 35.147039 ], [ 126.931995, 35.147039 ], [ 126.931995, 35.147039 ], [ 126.931995, 35.147038 ], [ 126.931996, 35.147038 ], [ 126.931996, 35.147038 ], [ 126.931996, 35.147038 ], [ 126.931996, 35.147038 ], [ 126.931996, 35.147038 ], [ 126.931997, 35.147038 ], [ 126.931997, 35.147039 ], [ 126.931997, 35.147039 ], [ 126.931997, 35.147039 ] ] ] } },
{ "type": "Feature", "properties": { "kind": "cctv", "name": "CCTV 4대", "sub": "200만 · 설치 2016", "addr": "동구 지산로 37", "z": 30.7, "part": 1, "base": 6.5, "top": 6.95, "mcolor": "#b98cff" }, "geometry": { "type": "Polygon", "coordinates": [ [ [ 126.931999, 35.147039 ], [ 126.931999, 35.14704 ], [ 126.931999, 35.14704 ], [ 126.931998, 35.147041 ], [ 126.931998, 35.147041 ], [ 126.931997, 35.147041 ], [ 126.931996, 35.147042 ], [ 126.931995, 35.147041 ], [ 126.931994, 35.147041 ], [ 126.931994, 35.147041 ], [ 126.931993, 35.14704 ], [ 126.931993, 35.14704 ], [ 126.931993, 35.147039 ], [ 126.931993, 35.147038 ], [ 126.931993, 35.147038 ], [ 126.931994, 35.147037 ], [ 126.931994, 35.147037 ], [ 126.931995, 35.147037 ], [ 126.931996, 35.147036 ], [ 126.931997, 35.147037 ], [ 126.931998, 35.147037 ], [ 126.931998, 35.147037 ], [ 126.931999, 35.147038 ], [ 126.931999, 35.147038 ], [ 126.931999, 35.147039 ] ] ] } },
{ "type": "Feature", "properties": { "kind": "cctv", "name": "CCTV 4대", "sub": "200만 · 설치 2016", "addr": "동구 지산로 37", "z": 30.7, "part": 2, "base": 6.8, "top": 7.1, "mcolor": "#e1cdff" }, "geometry": { "type": "Polygon", "coordinates": [ [ [ 126.931997, 35.147039 ], [ 126.931997, 35.147039 ], [ 126.931997, 35.14704 ], [ 126.931997, 35.14704 ], [ 126.931997, 35.14704 ], [ 126.931996, 35.14704 ], [ 126.931996, 35.14704 ], [ 126.931996, 35.14704 ], [ 126.931995, 35.14704 ], [ 126.931995, 35.14704 ], [ 126.931995, 35.14704 ], [ 126.931995, 35.147039 ], [ 126.931995, 35.147039 ], [ 126.931995, 35.147039 ], [ 126.931995, 35.147038 ], [ 126.931995, 35.147038 ], [ 126.931995, 35.147038 ], [ 126.931996, 35.147038 ], [ 126.931996, 35.147038 ], [ 126.931996, 35.147038 ], [ 126.931997, 35.147038 ], [ 126.931997, 35.147038 ], [ 126.931997, 35.147038 ], [ 126.931997, 35.147039 ], [ 126.931997, 35.147039 ] ] ] } },
{ "type": "Feature", "properties": { "kind": "cctv", "name": "CCTV 3대", "sub": "200만 · 설치 2023", "addr": "동구 필문대로205번길 12-1", "z": 25.2, "part": 0, "base": 0.0, "top": 6.0, "mcolor": "#78788a" }, "geometry": { "type": "Polygon", "coordinates": [ [ [ 126.932443, 35.152134 ], [ 126.932443, 35.152134 ], [ 126.932443, 35.152134 ], [ 126.932443, 35.152135 ], [ 126.932442, 35.152135 ], [ 126.932442, 35.152135 ], [ 126.932442, 35.152135 ], [ 126.932442, 35.152135 ], [ 126.932442, 35.152135 ], [ 126.932441, 35.152135 ], [ 126.932441, 35.152134 ], [ 126.932441, 35.152134 ], [ 126.932441, 35.152134 ], [ 126.932441, 35.152134 ], [ 126.932441, 35.152134 ], [ 126.932441, 35.152133 ], [ 126.932442, 35.152133 ], [ 126.932442, 35.152133 ], [ 126.932442, 35.152133 ], [ 126.932442, 35.152133 ], [ 126.932442, 35.152133 ], [ 126.932443, 35.152133 ], [ 126.932443, 35.152134 ], [ 126.932443, 35.152134 ], [ 126.932443, 35.152134 ] ] ] } },
{ "type": "Feature", "properties": { "kind": "cctv", "name": "CCTV 3대", "sub": "200만 · 설치 2023", "addr": "동구 필문대로205번길 12-1", "z": 25.2, "part": 1, "base": 6.0, "top": 6.45, "mcolor": "#b98cff" }, "geometry": { "type": "Polygon", "coordinates": [ [ [ 126.932445, 35.152134 ], [ 126.932445, 35.152135 ], [ 126.932445, 35.152135 ], [ 126.932444, 35.152136 ], [ 126.932444, 35.152136 ], [ 126.932443, 35.152136 ], [ 126.932442, 35.152137 ], [ 126.932441, 35.152136 ], [ 126.93244, 35.152136 ], [ 126.93244, 35.152136 ], [ 126.932439, 35.152135 ], [ 126.932439, 35.152135 ], [ 126.932439, 35.152134 ], [ 126.932439, 35.152133 ], [ 126.932439, 35.152133 ], [ 126.93244, 35.152132 ], [ 126.93244, 35.152132 ], [ 126.932441, 35.152132 ], [ 126.932442, 35.152131 ], [ 126.932443, 35.152132 ], [ 126.932444, 35.152132 ], [ 126.932444, 35.152132 ], [ 126.932445, 35.152133 ], [ 126.932445, 35.152133 ], [ 126.932445, 35.152134 ] ] ] } },
{ "type": "Feature", "properties": { "kind": "cctv", "name": "CCTV 3대", "sub": "200만 · 설치 2023", "addr": "동구 필문대로205번길 12-1", "z": 25.2, "part": 2, "base": 6.3, "top": 6.6, "mcolor": "#e1cdff" }, "geometry": { "type": "Polygon", "coordinates": [ [ [ 126.932443, 35.152134 ], [ 126.932443, 35.152134 ], [ 126.932443, 35.152135 ], [ 126.932443, 35.152135 ], [ 126.932443, 35.152135 ], [ 126.932442, 35.152135 ], [ 126.932442, 35.152135 ], [ 126.932442, 35.152135 ], [ 126.932441, 35.152135 ], [ 126.932441, 35.152135 ], [ 126.932441, 35.152135 ], [ 126.932441, 35.152134 ], [ 126.932441, 35.152134 ], [ 126.932441, 35.152134 ], [ 126.932441, 35.152133 ], [ 126.932441, 35.152133 ], [ 126.932441, 35.152133 ], [ 126.932442, 35.152133 ], [ 126.932442, 35.152133 ], [ 126.932442, 35.152133 ], [ 126.932443, 35.152133 ], [ 126.932443, 35.152133 ], [ 126.932443, 35.152133 ], [ 126.932443, 35.152134 ], [ 126.932443, 35.152134 ] ] ] } },
{ "type": "Feature", "properties": { "kind": "cctv", "name": "CCTV 2대", "sub": "200만 · 설치 2021", "addr": "동구 지산로 54", "z": 32.3, "part": 0, "base": 0.0, "top": 5.5, "mcolor": "#78788a" }, "geometry": { "type": "Polygon", "coordinates": [ [ [ 126.932791, 35.148664 ], [ 126.932791, 35.148664 ], [ 126.932791, 35.148664 ], [ 126.932791, 35.148665 ], [ 126.93279, 35.148665 ], [ 126.93279, 35.148665 ], [ 126.93279, 35.148665 ], [ 126.93279, 35.148665 ], [ 126.93279, 35.148665 ], [ 126.932789, 35.148665 ], [ 126.932789, 35.148664 ], [ 126.932789, 35.148664 ], [ 126.932789, 35.148664 ], [ 126.932789, 35.148664 ], [ 126.932789, 35.148664 ], [ 126.932789, 35.148663 ], [ 126.93279, 35.148663 ], [ 126.93279, 35.148663 ], [ 126.93279, 35.148663 ], [ 126.93279, 35.148663 ], [ 126.93279, 35.148663 ], [ 126.932791, 35.148663 ], [ 126.932791, 35.148664 ], [ 126.932791, 35.148664 ], [ 126.932791, 35.148664 ] ] ] } },
{ "type": "Feature", "properties": { "kind": "cctv", "name": "CCTV 2대", "sub": "200만 · 설치 2021", "addr": "동구 지산로 54", "z": 32.3, "part": 1, "base": 5.5, "top": 5.95, "mcolor": "#b98cff" }, "geometry": { "type": "Polygon", "coordinates": [ [ [ 126.932793, 35.148664 ], [ 126.932793, 35.148665 ], [ 126.932793, 35.148665 ], [ 126.932792, 35.148666 ], [ 126.932792, 35.148666 ], [ 126.932791, 35.148666 ], [ 126.93279, 35.148667 ], [ 126.932789, 35.148666 ], [ 126.932788, 35.148666 ], [ 126.932788, 35.148666 ], [ 126.932787, 35.148665 ], [ 126.932787, 35.148665 ], [ 126.932787, 35.148664 ], [ 126.932787, 35.148663 ], [ 126.932787, 35.148663 ], [ 126.932788, 35.148662 ], [ 126.932788, 35.148662 ], [ 126.932789, 35.148662 ], [ 126.93279, 35.148661 ], [ 126.932791, 35.148662 ], [ 126.932792, 35.148662 ], [ 126.932792, 35.148662 ], [ 126.932793, 35.148663 ], [ 126.932793, 35.148663 ], [ 126.932793, 35.148664 ] ] ] } },
{ "type": "Feature", "properties": { "kind": "cctv", "name": "CCTV 2대", "sub": "200만 · 설치 2021", "addr": "동구 지산로 54", "z": 32.3, "part": 2, "base": 5.8, "top": 6.1, "mcolor": "#e1cdff" }, "geometry": { "type": "Polygon", "coordinates": [ [ [ 126.932791, 35.148664 ], [ 126.932791, 35.148664 ], [ 126.932791, 35.148665 ], [ 126.932791, 35.148665 ], [ 126.932791, 35.148665 ], [ 126.93279, 35.148665 ], [ 126.93279, 35.148665 ], [ 126.93279, 35.148665 ], [ 126.932789, 35.148665 ], [ 126.932789, 35.148665 ], [ 126.932789, 35.148665 ], [ 126.932789, 35.148664 ], [ 126.932789, 35.148664 ], [ 126.932789, 35.148664 ], [ 126.932789, 35.148663 ], [ 126.932789, 35.148663 ], [ 126.932789, 35.148663 ], [ 126.93279, 35.148663 ], [ 126.93279, 35.148663 ], [ 126.93279, 35.148663 ], [ 126.932791, 35.148663 ], [ 126.932791, 35.148663 ], [ 126.932791, 35.148663 ], [ 126.932791, 35.148664 ], [ 126.932791, 35.148664 ] ] ] } },
{ "type": "Feature", "properties": { "kind": "cctv", "name": "CCTV 4대", "sub": "200만 · 설치 2021", "addr": "동구 동명로 114", "z": 33.8, "part": 0, "base": 0.0, "top": 6.5, "mcolor": "#78788a" }, "geometry": { "type": "Polygon", "coordinates": [ [ [ 126.933102, 35.150675 ], [ 126.933102, 35.150675 ], [ 126.933102, 35.150675 ], [ 126.933102, 35.150676 ], [ 126.933101, 35.150676 ], [ 126.933101, 35.150676 ], [ 126.933101, 35.150676 ], [ 126.933101, 35.150676 ], [ 126.933101, 35.150676 ], [ 126.9331, 35.150676 ], [ 126.9331, 35.150675 ], [ 126.9331, 35.150675 ], [ 126.9331, 35.150675 ], [ 126.9331, 35.150675 ], [ 126.9331, 35.150675 ], [ 126.9331, 35.150674 ], [ 126.933101, 35.150674 ], [ 126.933101, 35.150674 ], [ 126.933101, 35.150674 ], [ 126.933101, 35.150674 ], [ 126.933101, 35.150674 ], [ 126.933102, 35.150674 ], [ 126.933102, 35.150675 ], [ 126.933102, 35.150675 ], [ 126.933102, 35.150675 ] ] ] } },
{ "type": "Feature", "properties": { "kind": "cctv", "name": "CCTV 4대", "sub": "200만 · 설치 2021", "addr": "동구 동명로 114", "z": 33.8, "part": 1, "base": 6.5, "top": 6.95, "mcolor": "#b98cff" }, "geometry": { "type": "Polygon", "coordinates": [ [ [ 126.933104, 35.150675 ], [ 126.933104, 35.150676 ], [ 126.933104, 35.150676 ], [ 126.933103, 35.150677 ], [ 126.933103, 35.150677 ], [ 126.933102, 35.150677 ], [ 126.933101, 35.150678 ], [ 126.9331, 35.150677 ], [ 126.933099, 35.150677 ], [ 126.933099, 35.150677 ], [ 126.933098, 35.150676 ], [ 126.933098, 35.150676 ], [ 126.933098, 35.150675 ], [ 126.933098, 35.150674 ], [ 126.933098, 35.150674 ], [ 126.933099, 35.150673 ], [ 126.933099, 35.150673 ], [ 126.9331, 35.150673 ], [ 126.933101, 35.150672 ], [ 126.933102, 35.150673 ], [ 126.933103, 35.150673 ], [ 126.933103, 35.150673 ], [ 126.933104, 35.150674 ], [ 126.933104, 35.150674 ], [ 126.933104, 35.150675 ] ] ] } },
{ "type": "Feature", "properties": { "kind": "cctv", "name": "CCTV 4대", "sub": "200만 · 설치 2021", "addr": "동구 동명로 114", "z": 33.8, "part": 2, "base": 6.8, "top": 7.1, "mcolor": "#e1cdff" }, "geometry": { "type": "Polygon", "coordinates": [ [ [ 126.933102, 35.150675 ], [ 126.933102, 35.150675 ], [ 126.933102, 35.150676 ], [ 126.933102, 35.150676 ], [ 126.933102, 35.150676 ], [ 126.933101, 35.150676 ], [ 126.933101, 35.150676 ], [ 126.933101, 35.150676 ], [ 126.9331, 35.150676 ], [ 126.9331, 35.150676 ], [ 126.9331, 35.150676 ], [ 126.9331, 35.150675 ], [ 126.9331, 35.150675 ], [ 126.9331, 35.150675 ], [ 126.9331, 35.150674 ], [ 126.9331, 35.150674 ], [ 126.9331, 35.150674 ], [ 126.933101, 35.150674 ], [ 126.933101, 35.150674 ], [ 126.933101, 35.150674 ], [ 126.933102, 35.150674 ], [ 126.933102, 35.150674 ], [ 126.933102, 35.150674 ], [ 126.933102, 35.150675 ], [ 126.933102, 35.150675 ] ] ] } },
{ "type": "Feature", "properties": { "kind": "cctv", "name": "CCTV 3대", "sub": "200만 · 설치 2018", "addr": "동구 필문대로205번길 19", "z": 25.9, "part": 0, "base": 0.0, "top": 6.0, "mcolor": "#78788a" }, "geometry": { "type": "Polygon", "coordinates": [ [ [ 126.933111, 35.152062 ], [ 126.933111, 35.152062 ], [ 126.933111, 35.152062 ], [ 126.933111, 35.152063 ], [ 126.93311, 35.152063 ], [ 126.93311, 35.152063 ], [ 126.93311, 35.152063 ], [ 126.93311, 35.152063 ], [ 126.93311, 35.152063 ], [ 126.933109, 35.152063 ], [ 126.933109, 35.152062 ], [ 126.933109, 35.152062 ], [ 126.933109, 35.152062 ], [ 126.933109, 35.152062 ], [ 126.933109, 35.152062 ], [ 126.933109, 35.152061 ], [ 126.93311, 35.152061 ], [ 126.93311, 35.152061 ], [ 126.93311, 35.152061 ], [ 126.93311, 35.152061 ], [ 126.93311, 35.152061 ], [ 126.933111, 35.152061 ], [ 126.933111, 35.152062 ], [ 126.933111, 35.152062 ], [ 126.933111, 35.152062 ] ] ] } },
{ "type": "Feature", "properties": { "kind": "cctv", "name": "CCTV 3대", "sub": "200만 · 설치 2018", "addr": "동구 필문대로205번길 19", "z": 25.9, "part": 1, "base": 6.0, "top": 6.45, "mcolor": "#b98cff" }, "geometry": { "type": "Polygon", "coordinates": [ [ [ 126.933113, 35.152062 ], [ 126.933113, 35.152063 ], [ 126.933113, 35.152063 ], [ 126.933112, 35.152064 ], [ 126.933112, 35.152064 ], [ 126.933111, 35.152064 ], [ 126.93311, 35.152065 ], [ 126.933109, 35.152064 ], [ 126.933108, 35.152064 ], [ 126.933108, 35.152064 ], [ 126.933107, 35.152063 ], [ 126.933107, 35.152063 ], [ 126.933107, 35.152062 ], [ 126.933107, 35.152061 ], [ 126.933107, 35.152061 ], [ 126.933108, 35.15206 ], [ 126.933108, 35.15206 ], [ 126.933109, 35.15206 ], [ 126.93311, 35.152059 ], [ 126.933111, 35.15206 ], [ 126.933112, 35.15206 ], [ 126.933112, 35.15206 ], [ 126.933113, 35.152061 ], [ 126.933113, 35.152061 ], [ 126.933113, 35.152062 ] ] ] } },
{ "type": "Feature", "properties": { "kind": "cctv", "name": "CCTV 3대", "sub": "200만 · 설치 2018", "addr": "동구 필문대로205번길 19", "z": 25.9, "part": 2, "base": 6.3, "top": 6.6, "mcolor": "#e1cdff" }, "geometry": { "type": "Polygon", "coordinates": [ [ [ 126.933111, 35.152062 ], [ 126.933111, 35.152062 ], [ 126.933111, 35.152063 ], [ 126.933111, 35.152063 ], [ 126.933111, 35.152063 ], [ 126.93311, 35.152063 ], [ 126.93311, 35.152063 ], [ 126.93311, 35.152063 ], [ 126.933109, 35.152063 ], [ 126.933109, 35.152063 ], [ 126.933109, 35.152063 ], [ 126.933109, 35.152062 ], [ 126.933109, 35.152062 ], [ 126.933109, 35.152062 ], [ 126.933109, 35.152061 ], [ 126.933109, 35.152061 ], [ 126.933109, 35.152061 ], [ 126.93311, 35.152061 ], [ 126.93311, 35.152061 ], [ 126.93311, 35.152061 ], [ 126.933111, 35.152061 ], [ 126.933111, 35.152061 ], [ 126.933111, 35.152061 ], [ 126.933111, 35.152062 ], [ 126.933111, 35.152062 ] ] ] } },
{ "type": "Feature", "properties": { "kind": "cctv", "name": "CCTV 4대", "sub": "200만 · 설치 2023", "addr": "동구 지산로 82-7", "z": 31.3, "part": 0, "base": 0.0, "top": 6.5, "mcolor": "#78788a" }, "geometry": { "type": "Polygon", "coordinates": [ [ [ 126.93338, 35.151224 ], [ 126.93338, 35.151224 ], [ 126.93338, 35.151224 ], [ 126.93338, 35.151225 ], [ 126.933379, 35.151225 ], [ 126.933379, 35.151225 ], [ 126.933379, 35.151225 ], [ 126.933379, 35.151225 ], [ 126.933379, 35.151225 ], [ 126.933378, 35.151225 ], [ 126.933378, 35.151224 ], [ 126.933378, 35.151224 ], [ 126.933378, 35.151224 ], [ 126.933378, 35.151224 ], [ 126.933378, 35.151224 ], [ 126.933378, 35.151223 ], [ 126.933379, 35.151223 ], [ 126.933379, 35.151223 ], [ 126.933379, 35.151223 ], [ 126.933379, 35.151223 ], [ 126.933379, 35.151223 ], [ 126.93338, 35.151223 ], [ 126.93338, 35.151224 ], [ 126.93338, 35.151224 ], [ 126.93338, 35.151224 ] ] ] } },
{ "type": "Feature", "properties": { "kind": "cctv", "name": "CCTV 4대", "sub": "200만 · 설치 2023", "addr": "동구 지산로 82-7", "z": 31.3, "part": 1, "base": 6.5, "top": 6.95, "mcolor": "#b98cff" }, "geometry": { "type": "Polygon", "coordinates": [ [ [ 126.933382, 35.151224 ], [ 126.933382, 35.151225 ], [ 126.933382, 35.151225 ], [ 126.933381, 35.151226 ], [ 126.933381, 35.151226 ], [ 126.93338, 35.151226 ], [ 126.933379, 35.151227 ], [ 126.933378, 35.151226 ], [ 126.933377, 35.151226 ], [ 126.933377, 35.151226 ], [ 126.933376, 35.151225 ], [ 126.933376, 35.151225 ], [ 126.933376, 35.151224 ], [ 126.933376, 35.151223 ], [ 126.933376, 35.151223 ], [ 126.933377, 35.151222 ], [ 126.933377, 35.151222 ], [ 126.933378, 35.151222 ], [ 126.933379, 35.151221 ], [ 126.93338, 35.151222 ], [ 126.933381, 35.151222 ], [ 126.933381, 35.151222 ], [ 126.933382, 35.151223 ], [ 126.933382, 35.151223 ], [ 126.933382, 35.151224 ] ] ] } },
{ "type": "Feature", "properties": { "kind": "cctv", "name": "CCTV 4대", "sub": "200만 · 설치 2023", "addr": "동구 지산로 82-7", "z": 31.3, "part": 2, "base": 6.8, "top": 7.1, "mcolor": "#e1cdff" }, "geometry": { "type": "Polygon", "coordinates": [ [ [ 126.93338, 35.151224 ], [ 126.93338, 35.151224 ], [ 126.93338, 35.151225 ], [ 126.93338, 35.151225 ], [ 126.93338, 35.151225 ], [ 126.933379, 35.151225 ], [ 126.933379, 35.151225 ], [ 126.933379, 35.151225 ], [ 126.933378, 35.151225 ], [ 126.933378, 35.151225 ], [ 126.933378, 35.151225 ], [ 126.933378, 35.151224 ], [ 126.933378, 35.151224 ], [ 126.933378, 35.151224 ], [ 126.933378, 35.151223 ], [ 126.933378, 35.151223 ], [ 126.933378, 35.151223 ], [ 126.933379, 35.151223 ], [ 126.933379, 35.151223 ], [ 126.933379, 35.151223 ], [ 126.93338, 35.151223 ], [ 126.93338, 35.151223 ], [ 126.93338, 35.151223 ], [ 126.93338, 35.151224 ], [ 126.93338, 35.151224 ] ] ] } },
{ "type": "Feature", "properties": { "kind": "cctv", "name": "CCTV 3대", "sub": "200만 · 설치 2018", "addr": "동구 지산로78번길 17-1", "z": 28.4, "part": 0, "base": 0.0, "top": 6.0, "mcolor": "#78788a" }, "geometry": { "type": "Polygon", "coordinates": [ [ [ 126.93395, 35.151681 ], [ 126.93395, 35.151681 ], [ 126.93395, 35.151681 ], [ 126.93395, 35.151682 ], [ 126.933949, 35.151682 ], [ 126.933949, 35.151682 ], [ 126.933949, 35.151682 ], [ 126.933949, 35.151682 ], [ 126.933949, 35.151682 ], [ 126.933948, 35.151682 ], [ 126.933948, 35.151681 ], [ 126.933948, 35.151681 ], [ 126.933948, 35.151681 ], [ 126.933948, 35.151681 ], [ 126.933948, 35.151681 ], [ 126.933948, 35.15168 ], [ 126.933949, 35.15168 ], [ 126.933949, 35.15168 ], [ 126.933949, 35.15168 ], [ 126.933949, 35.15168 ], [ 126.933949, 35.15168 ], [ 126.93395, 35.15168 ], [ 126.93395, 35.151681 ], [ 126.93395, 35.151681 ], [ 126.93395, 35.151681 ] ] ] } },
{ "type": "Feature", "properties": { "kind": "cctv", "name": "CCTV 3대", "sub": "200만 · 설치 2018", "addr": "동구 지산로78번길 17-1", "z": 28.4, "part": 1, "base": 6.0, "top": 6.45, "mcolor": "#b98cff" }, "geometry": { "type": "Polygon", "coordinates": [ [ [ 126.933952, 35.151681 ], [ 126.933952, 35.151682 ], [ 126.933952, 35.151682 ], [ 126.933951, 35.151683 ], [ 126.933951, 35.151683 ], [ 126.93395, 35.151683 ], [ 126.933949, 35.151684 ], [ 126.933948, 35.151683 ], [ 126.933947, 35.151683 ], [ 126.933947, 35.151683 ], [ 126.933946, 35.151682 ], [ 126.933946, 35.151682 ], [ 126.933946, 35.151681 ], [ 126.933946, 35.15168 ], [ 126.933946, 35.15168 ], [ 126.933947, 35.151679 ], [ 126.933947, 35.151679 ], [ 126.933948, 35.151679 ], [ 126.933949, 35.151678 ], [ 126.93395, 35.151679 ], [ 126.933951, 35.151679 ], [ 126.933951, 35.151679 ], [ 126.933952, 35.15168 ], [ 126.933952, 35.15168 ], [ 126.933952, 35.151681 ] ] ] } },
{ "type": "Feature", "properties": { "kind": "cctv", "name": "CCTV 3대", "sub": "200만 · 설치 2018", "addr": "동구 지산로78번길 17-1", "z": 28.4, "part": 2, "base": 6.3, "top": 6.6, "mcolor": "#e1cdff" }, "geometry": { "type": "Polygon", "coordinates": [ [ [ 126.93395, 35.151681 ], [ 126.93395, 35.151681 ], [ 126.93395, 35.151682 ], [ 126.93395, 35.151682 ], [ 126.93395, 35.151682 ], [ 126.933949, 35.151682 ], [ 126.933949, 35.151682 ], [ 126.933949, 35.151682 ], [ 126.933948, 35.151682 ], [ 126.933948, 35.151682 ], [ 126.933948, 35.151682 ], [ 126.933948, 35.151681 ], [ 126.933948, 35.151681 ], [ 126.933948, 35.151681 ], [ 126.933948, 35.15168 ], [ 126.933948, 35.15168 ], [ 126.933948, 35.15168 ], [ 126.933949, 35.15168 ], [ 126.933949, 35.15168 ], [ 126.933949, 35.15168 ], [ 126.93395, 35.15168 ], [ 126.93395, 35.15168 ], [ 126.93395, 35.15168 ], [ 126.93395, 35.151681 ], [ 126.93395, 35.151681 ] ] ] } },
{ "type": "Feature", "properties": { "kind": "cctv", "name": "CCTV 1대", "sub": "200만 · 설치 2021", "addr": "동구 준법로 7-12", "z": 41.6, "part": 0, "base": 0.0, "top": 5.0, "mcolor": "#78788a" }, "geometry": { "type": "Polygon", "coordinates": [ [ [ 126.935174, 35.149374 ], [ 126.935174, 35.149374 ], [ 126.935174, 35.149374 ], [ 126.935174, 35.149375 ], [ 126.935173, 35.149375 ], [ 126.935173, 35.149375 ], [ 126.935173, 35.149375 ], [ 126.935173, 35.149375 ], [ 126.935173, 35.149375 ], [ 126.935172, 35.149375 ], [ 126.935172, 35.149374 ], [ 126.935172, 35.149374 ], [ 126.935172, 35.149374 ], [ 126.935172, 35.149374 ], [ 126.935172, 35.149374 ], [ 126.935172, 35.149373 ], [ 126.935173, 35.149373 ], [ 126.935173, 35.149373 ], [ 126.935173, 35.149373 ], [ 126.935173, 35.149373 ], [ 126.935173, 35.149373 ], [ 126.935174, 35.149373 ], [ 126.935174, 35.149374 ], [ 126.935174, 35.149374 ], [ 126.935174, 35.149374 ] ] ] } },
{ "type": "Feature", "properties": { "kind": "cctv", "name": "CCTV 1대", "sub": "200만 · 설치 2021", "addr": "동구 준법로 7-12", "z": 41.6, "part": 1, "base": 5.0, "top": 5.45, "mcolor": "#b98cff" }, "geometry": { "type": "Polygon", "coordinates": [ [ [ 126.935176, 35.149374 ], [ 126.935176, 35.149375 ], [ 126.935176, 35.149375 ], [ 126.935175, 35.149376 ], [ 126.935175, 35.149376 ], [ 126.935174, 35.149376 ], [ 126.935173, 35.149377 ], [ 126.935172, 35.149376 ], [ 126.935171, 35.149376 ], [ 126.935171, 35.149376 ], [ 126.93517, 35.149375 ], [ 126.93517, 35.149375 ], [ 126.93517, 35.149374 ], [ 126.93517, 35.149373 ], [ 126.93517, 35.149373 ], [ 126.935171, 35.149372 ], [ 126.935171, 35.149372 ], [ 126.935172, 35.149372 ], [ 126.935173, 35.149371 ], [ 126.935174, 35.149372 ], [ 126.935175, 35.149372 ], [ 126.935175, 35.149372 ], [ 126.935176, 35.149373 ], [ 126.935176, 35.149373 ], [ 126.935176, 35.149374 ] ] ] } },
{ "type": "Feature", "properties": { "kind": "cctv", "name": "CCTV 1대", "sub": "200만 · 설치 2021", "addr": "동구 준법로 7-12", "z": 41.6, "part": 2, "base": 5.3, "top": 5.6, "mcolor": "#e1cdff" }, "geometry": { "type": "Polygon", "coordinates": [ [ [ 126.935174, 35.149374 ], [ 126.935174, 35.149374 ], [ 126.935174, 35.149375 ], [ 126.935174, 35.149375 ], [ 126.935174, 35.149375 ], [ 126.935173, 35.149375 ], [ 126.935173, 35.149375 ], [ 126.935173, 35.149375 ], [ 126.935172, 35.149375 ], [ 126.935172, 35.149375 ], [ 126.935172, 35.149375 ], [ 126.935172, 35.149374 ], [ 126.935172, 35.149374 ], [ 126.935172, 35.149374 ], [ 126.935172, 35.149373 ], [ 126.935172, 35.149373 ], [ 126.935172, 35.149373 ], [ 126.935173, 35.149373 ], [ 126.935173, 35.149373 ], [ 126.935173, 35.149373 ], [ 126.935174, 35.149373 ], [ 126.935174, 35.149373 ], [ 126.935174, 35.149373 ], [ 126.935174, 35.149374 ], [ 126.935174, 35.149374 ] ] ] } },
{ "type": "Feature", "properties": { "kind": "cctv", "name": "CCTV 3대", "sub": "200만 · 설치 2023", "addr": "동구 밤실로43번길 10", "z": 32.5, "part": 0, "base": 0.0, "top": 6.0, "mcolor": "#78788a" }, "geometry": { "type": "Polygon", "coordinates": [ [ [ 126.935797, 35.151572 ], [ 126.935797, 35.151572 ], [ 126.935797, 35.151572 ], [ 126.935797, 35.151573 ], [ 126.935796, 35.151573 ], [ 126.935796, 35.151573 ], [ 126.935796, 35.151573 ], [ 126.935796, 35.151573 ], [ 126.935796, 35.151573 ], [ 126.935795, 35.151573 ], [ 126.935795, 35.151572 ], [ 126.935795, 35.151572 ], [ 126.935795, 35.151572 ], [ 126.935795, 35.151572 ], [ 126.935795, 35.151572 ], [ 126.935795, 35.151571 ], [ 126.935796, 35.151571 ], [ 126.935796, 35.151571 ], [ 126.935796, 35.151571 ], [ 126.935796, 35.151571 ], [ 126.935796, 35.151571 ], [ 126.935797, 35.151571 ], [ 126.935797, 35.151572 ], [ 126.935797, 35.151572 ], [ 126.935797, 35.151572 ] ] ] } },
{ "type": "Feature", "properties": { "kind": "cctv", "name": "CCTV 3대", "sub": "200만 · 설치 2023", "addr": "동구 밤실로43번길 10", "z": 32.5, "part": 1, "base": 6.0, "top": 6.45, "mcolor": "#b98cff" }, "geometry": { "type": "Polygon", "coordinates": [ [ [ 126.935799, 35.151572 ], [ 126.935799, 35.151573 ], [ 126.935799, 35.151573 ], [ 126.935798, 35.151574 ], [ 126.935798, 35.151574 ], [ 126.935797, 35.151574 ], [ 126.935796, 35.151575 ], [ 126.935795, 35.151574 ], [ 126.935794, 35.151574 ], [ 126.935794, 35.151574 ], [ 126.935793, 35.151573 ], [ 126.935793, 35.151573 ], [ 126.935793, 35.151572 ], [ 126.935793, 35.151571 ], [ 126.935793, 35.151571 ], [ 126.935794, 35.15157 ], [ 126.935794, 35.15157 ], [ 126.935795, 35.15157 ], [ 126.935796, 35.151569 ], [ 126.935797, 35.15157 ], [ 126.935798, 35.15157 ], [ 126.935798, 35.15157 ], [ 126.935799, 35.151571 ], [ 126.935799, 35.151571 ], [ 126.935799, 35.151572 ] ] ] } },
{ "type": "Feature", "properties": { "kind": "cctv", "name": "CCTV 3대", "sub": "200만 · 설치 2023", "addr": "동구 밤실로43번길 10", "z": 32.5, "part": 2, "base": 6.3, "top": 6.6, "mcolor": "#e1cdff" }, "geometry": { "type": "Polygon", "coordinates": [ [ [ 126.935797, 35.151572 ], [ 126.935797, 35.151572 ], [ 126.935797, 35.151573 ], [ 126.935797, 35.151573 ], [ 126.935797, 35.151573 ], [ 126.935796, 35.151573 ], [ 126.935796, 35.151573 ], [ 126.935796, 35.151573 ], [ 126.935795, 35.151573 ], [ 126.935795, 35.151573 ], [ 126.935795, 35.151573 ], [ 126.935795, 35.151572 ], [ 126.935795, 35.151572 ], [ 126.935795, 35.151572 ], [ 126.935795, 35.151571 ], [ 126.935795, 35.151571 ], [ 126.935795, 35.151571 ], [ 126.935796, 35.151571 ], [ 126.935796, 35.151571 ], [ 126.935796, 35.151571 ], [ 126.935797, 35.151571 ], [ 126.935797, 35.151571 ], [ 126.935797, 35.151571 ], [ 126.935797, 35.151572 ], [ 126.935797, 35.151572 ] ] ] } },
{ "type": "Feature", "properties": { "kind": "cctv", "name": "CCTV 3대", "sub": "200만 · 설치 2019", "addr": "동구 밤실로23번길 7", "z": 44.1, "part": 0, "base": 0.0, "top": 6.0, "mcolor": "#78788a" }, "geometry": { "type": "Polygon", "coordinates": [ [ [ 126.936377, 35.149866 ], [ 126.936377, 35.149866 ], [ 126.936377, 35.149866 ], [ 126.936377, 35.149867 ], [ 126.936376, 35.149867 ], [ 126.936376, 35.149867 ], [ 126.936376, 35.149867 ], [ 126.936376, 35.149867 ], [ 126.936376, 35.149867 ], [ 126.936375, 35.149867 ], [ 126.936375, 35.149866 ], [ 126.936375, 35.149866 ], [ 126.936375, 35.149866 ], [ 126.936375, 35.149866 ], [ 126.936375, 35.149866 ], [ 126.936375, 35.149865 ], [ 126.936376, 35.149865 ], [ 126.936376, 35.149865 ], [ 126.936376, 35.149865 ], [ 126.936376, 35.149865 ], [ 126.936376, 35.149865 ], [ 126.936377, 35.149865 ], [ 126.936377, 35.149866 ], [ 126.936377, 35.149866 ], [ 126.936377, 35.149866 ] ] ] } },
{ "type": "Feature", "properties": { "kind": "cctv", "name": "CCTV 3대", "sub": "200만 · 설치 2019", "addr": "동구 밤실로23번길 7", "z": 44.1, "part": 1, "base": 6.0, "top": 6.45, "mcolor": "#b98cff" }, "geometry": { "type": "Polygon", "coordinates": [ [ [ 126.936379, 35.149866 ], [ 126.936379, 35.149867 ], [ 126.936379, 35.149867 ], [ 126.936378, 35.149868 ], [ 126.936378, 35.149868 ], [ 126.936377, 35.149868 ], [ 126.936376, 35.149869 ], [ 126.936375, 35.149868 ], [ 126.936374, 35.149868 ], [ 126.936374, 35.149868 ], [ 126.936373, 35.149867 ], [ 126.936373, 35.149867 ], [ 126.936373, 35.149866 ], [ 126.936373, 35.149865 ], [ 126.936373, 35.149865 ], [ 126.936374, 35.149864 ], [ 126.936374, 35.149864 ], [ 126.936375, 35.149864 ], [ 126.936376, 35.149863 ], [ 126.936377, 35.149864 ], [ 126.936378, 35.149864 ], [ 126.936378, 35.149864 ], [ 126.936379, 35.149865 ], [ 126.936379, 35.149865 ], [ 126.936379, 35.149866 ] ] ] } },
{ "type": "Feature", "properties": { "kind": "cctv", "name": "CCTV 3대", "sub": "200만 · 설치 2019", "addr": "동구 밤실로23번길 7", "z": 44.1, "part": 2, "base": 6.3, "top": 6.6, "mcolor": "#e1cdff" }, "geometry": { "type": "Polygon", "coordinates": [ [ [ 126.936377, 35.149866 ], [ 126.936377, 35.149866 ], [ 126.936377, 35.149867 ], [ 126.936377, 35.149867 ], [ 126.936377, 35.149867 ], [ 126.936376, 35.149867 ], [ 126.936376, 35.149867 ], [ 126.936376, 35.149867 ], [ 126.936375, 35.149867 ], [ 126.936375, 35.149867 ], [ 126.936375, 35.149867 ], [ 126.936375, 35.149866 ], [ 126.936375, 35.149866 ], [ 126.936375, 35.149866 ], [ 126.936375, 35.149865 ], [ 126.936375, 35.149865 ], [ 126.936375, 35.149865 ], [ 126.936376, 35.149865 ], [ 126.936376, 35.149865 ], [ 126.936376, 35.149865 ], [ 126.936377, 35.149865 ], [ 126.936377, 35.149865 ], [ 126.936377, 35.149865 ], [ 126.936377, 35.149866 ], [ 126.936377, 35.149866 ] ] ] } },
{ "type": "Feature", "properties": { "kind": "cctv", "name": "CCTV 3대", "sub": "200만 · 설치 2019", "addr": "동구 밤실로 47", "z": 32.1, "part": 0, "base": 0.0, "top": 6.0, "mcolor": "#78788a" }, "geometry": { "type": "Polygon", "coordinates": [ [ [ 126.936384, 35.151839 ], [ 126.936384, 35.151839 ], [ 126.936384, 35.151839 ], [ 126.936384, 35.15184 ], [ 126.936383, 35.15184 ], [ 126.936383, 35.15184 ], [ 126.936383, 35.15184 ], [ 126.936383, 35.15184 ], [ 126.936383, 35.15184 ], [ 126.936382, 35.15184 ], [ 126.936382, 35.151839 ], [ 126.936382, 35.151839 ], [ 126.936382, 35.151839 ], [ 126.936382, 35.151839 ], [ 126.936382, 35.151839 ], [ 126.936382, 35.151838 ], [ 126.936383, 35.151838 ], [ 126.936383, 35.151838 ], [ 126.936383, 35.151838 ], [ 126.936383, 35.151838 ], [ 126.936383, 35.151838 ], [ 126.936384, 35.151838 ], [ 126.936384, 35.151839 ], [ 126.936384, 35.151839 ], [ 126.936384, 35.151839 ] ] ] } },
{ "type": "Feature", "properties": { "kind": "cctv", "name": "CCTV 3대", "sub": "200만 · 설치 2019", "addr": "동구 밤실로 47", "z": 32.1, "part": 1, "base": 6.0, "top": 6.45, "mcolor": "#b98cff" }, "geometry": { "type": "Polygon", "coordinates": [ [ [ 126.936386, 35.151839 ], [ 126.936386, 35.15184 ], [ 126.936386, 35.15184 ], [ 126.936385, 35.151841 ], [ 126.936385, 35.151841 ], [ 126.936384, 35.151841 ], [ 126.936383, 35.151842 ], [ 126.936382, 35.151841 ], [ 126.936381, 35.151841 ], [ 126.936381, 35.151841 ], [ 126.93638, 35.15184 ], [ 126.93638, 35.15184 ], [ 126.93638, 35.151839 ], [ 126.93638, 35.151838 ], [ 126.93638, 35.151838 ], [ 126.936381, 35.151837 ], [ 126.936381, 35.151837 ], [ 126.936382, 35.151837 ], [ 126.936383, 35.151836 ], [ 126.936384, 35.151837 ], [ 126.936385, 35.151837 ], [ 126.936385, 35.151837 ], [ 126.936386, 35.151838 ], [ 126.936386, 35.151838 ], [ 126.936386, 35.151839 ] ] ] } },
{ "type": "Feature", "properties": { "kind": "cctv", "name": "CCTV 3대", "sub": "200만 · 설치 2019", "addr": "동구 밤실로 47", "z": 32.1, "part": 2, "base": 6.3, "top": 6.6, "mcolor": "#e1cdff" }, "geometry": { "type": "Polygon", "coordinates": [ [ [ 126.936384, 35.151839 ], [ 126.936384, 35.151839 ], [ 126.936384, 35.15184 ], [ 126.936384, 35.15184 ], [ 126.936384, 35.15184 ], [ 126.936383, 35.15184 ], [ 126.936383, 35.15184 ], [ 126.936383, 35.15184 ], [ 126.936382, 35.15184 ], [ 126.936382, 35.15184 ], [ 126.936382, 35.15184 ], [ 126.936382, 35.151839 ], [ 126.936382, 35.151839 ], [ 126.936382, 35.151839 ], [ 126.936382, 35.151838 ], [ 126.936382, 35.151838 ], [ 126.936382, 35.151838 ], [ 126.936383, 35.151838 ], [ 126.936383, 35.151838 ], [ 126.936383, 35.151838 ], [ 126.936384, 35.151838 ], [ 126.936384, 35.151838 ], [ 126.936384, 35.151838 ], [ 126.936384, 35.151839 ], [ 126.936384, 35.151839 ] ] ] } },
{ "type": "Feature", "properties": { "kind": "cctv", "name": "CCTV 2대", "sub": "200만 · 설치 2013", "addr": null, "z": 40.3, "part": 0, "base": 0.0, "top": 5.5, "mcolor": "#78788a" }, "geometry": { "type": "Polygon", "coordinates": [ [ [ 126.936549, 35.147877 ], [ 126.936549, 35.147877 ], [ 126.936549, 35.147877 ], [ 126.936549, 35.147878 ], [ 126.936548, 35.147878 ], [ 126.936548, 35.147878 ], [ 126.936548, 35.147878 ], [ 126.936548, 35.147878 ], [ 126.936548, 35.147878 ], [ 126.936547, 35.147878 ], [ 126.936547, 35.147877 ], [ 126.936547, 35.147877 ], [ 126.936547, 35.147877 ], [ 126.936547, 35.147877 ], [ 126.936547, 35.147877 ], [ 126.936547, 35.147876 ], [ 126.936548, 35.147876 ], [ 126.936548, 35.147876 ], [ 126.936548, 35.147876 ], [ 126.936548, 35.147876 ], [ 126.936548, 35.147876 ], [ 126.936549, 35.147876 ], [ 126.936549, 35.147877 ], [ 126.936549, 35.147877 ], [ 126.936549, 35.147877 ] ] ] } },
{ "type": "Feature", "properties": { "kind": "cctv", "name": "CCTV 2대", "sub": "200만 · 설치 2013", "addr": null, "z": 40.3, "part": 1, "base": 5.5, "top": 5.95, "mcolor": "#b98cff" }, "geometry": { "type": "Polygon", "coordinates": [ [ [ 126.936551, 35.147877 ], [ 126.936551, 35.147878 ], [ 126.936551, 35.147878 ], [ 126.93655, 35.147879 ], [ 126.93655, 35.147879 ], [ 126.936549, 35.147879 ], [ 126.936548, 35.14788 ], [ 126.936547, 35.147879 ], [ 126.936546, 35.147879 ], [ 126.936546, 35.147879 ], [ 126.936545, 35.147878 ], [ 126.936545, 35.147878 ], [ 126.936545, 35.147877 ], [ 126.936545, 35.147876 ], [ 126.936545, 35.147876 ], [ 126.936546, 35.147875 ], [ 126.936546, 35.147875 ], [ 126.936547, 35.147875 ], [ 126.936548, 35.147874 ], [ 126.936549, 35.147875 ], [ 126.93655, 35.147875 ], [ 126.93655, 35.147875 ], [ 126.936551, 35.147876 ], [ 126.936551, 35.147876 ], [ 126.936551, 35.147877 ] ] ] } },
{ "type": "Feature", "properties": { "kind": "cctv", "name": "CCTV 2대", "sub": "200만 · 설치 2013", "addr": null, "z": 40.3, "part": 2, "base": 5.8, "top": 6.1, "mcolor": "#e1cdff" }, "geometry": { "type": "Polygon", "coordinates": [ [ [ 126.936549, 35.147877 ], [ 126.936549, 35.147877 ], [ 126.936549, 35.147878 ], [ 126.936549, 35.147878 ], [ 126.936549, 35.147878 ], [ 126.936548, 35.147878 ], [ 126.936548, 35.147878 ], [ 126.936548, 35.147878 ], [ 126.936547, 35.147878 ], [ 126.936547, 35.147878 ], [ 126.936547, 35.147878 ], [ 126.936547, 35.147877 ], [ 126.936547, 35.147877 ], [ 126.936547, 35.147877 ], [ 126.936547, 35.147876 ], [ 126.936547, 35.147876 ], [ 126.936547, 35.147876 ], [ 126.936548, 35.147876 ], [ 126.936548, 35.147876 ], [ 126.936548, 35.147876 ], [ 126.936549, 35.147876 ], [ 126.936549, 35.147876 ], [ 126.936549, 35.147876 ], [ 126.936549, 35.147877 ], [ 126.936549, 35.147877 ] ] ] } },
{ "type": "Feature", "properties": { "kind": "cctv", "name": "CCTV 3대", "sub": "200만 · 설치 2025", "addr": "동구 밤실로 43", "z": 36.3, "part": 0, "base": 0.0, "top": 6.0, "mcolor": "#78788a" }, "geometry": { "type": "Polygon", "coordinates": [ [ [ 126.936785, 35.151344 ], [ 126.936785, 35.151344 ], [ 126.936785, 35.151344 ], [ 126.936785, 35.151345 ], [ 126.936784, 35.151345 ], [ 126.936784, 35.151345 ], [ 126.936784, 35.151345 ], [ 126.936784, 35.151345 ], [ 126.936784, 35.151345 ], [ 126.936783, 35.151345 ], [ 126.936783, 35.151344 ], [ 126.936783, 35.151344 ], [ 126.936783, 35.151344 ], [ 126.936783, 35.151344 ], [ 126.936783, 35.151344 ], [ 126.936783, 35.151343 ], [ 126.936784, 35.151343 ], [ 126.936784, 35.151343 ], [ 126.936784, 35.151343 ], [ 126.936784, 35.151343 ], [ 126.936784, 35.151343 ], [ 126.936785, 35.151343 ], [ 126.936785, 35.151344 ], [ 126.936785, 35.151344 ], [ 126.936785, 35.151344 ] ] ] } },
{ "type": "Feature", "properties": { "kind": "cctv", "name": "CCTV 3대", "sub": "200만 · 설치 2025", "addr": "동구 밤실로 43", "z": 36.3, "part": 1, "base": 6.0, "top": 6.45, "mcolor": "#b98cff" }, "geometry": { "type": "Polygon", "coordinates": [ [ [ 126.936787, 35.151344 ], [ 126.936787, 35.151345 ], [ 126.936787, 35.151345 ], [ 126.936786, 35.151346 ], [ 126.936786, 35.151346 ], [ 126.936785, 35.151346 ], [ 126.936784, 35.151347 ], [ 126.936783, 35.151346 ], [ 126.936782, 35.151346 ], [ 126.936782, 35.151346 ], [ 126.936781, 35.151345 ], [ 126.936781, 35.151345 ], [ 126.936781, 35.151344 ], [ 126.936781, 35.151343 ], [ 126.936781, 35.151343 ], [ 126.936782, 35.151342 ], [ 126.936782, 35.151342 ], [ 126.936783, 35.151342 ], [ 126.936784, 35.151341 ], [ 126.936785, 35.151342 ], [ 126.936786, 35.151342 ], [ 126.936786, 35.151342 ], [ 126.936787, 35.151343 ], [ 126.936787, 35.151343 ], [ 126.936787, 35.151344 ] ] ] } },
{ "type": "Feature", "properties": { "kind": "cctv", "name": "CCTV 3대", "sub": "200만 · 설치 2025", "addr": "동구 밤실로 43", "z": 36.3, "part": 2, "base": 6.3, "top": 6.6, "mcolor": "#e1cdff" }, "geometry": { "type": "Polygon", "coordinates": [ [ [ 126.936785, 35.151344 ], [ 126.936785, 35.151344 ], [ 126.936785, 35.151345 ], [ 126.936785, 35.151345 ], [ 126.936785, 35.151345 ], [ 126.936784, 35.151345 ], [ 126.936784, 35.151345 ], [ 126.936784, 35.151345 ], [ 126.936783, 35.151345 ], [ 126.936783, 35.151345 ], [ 126.936783, 35.151345 ], [ 126.936783, 35.151344 ], [ 126.936783, 35.151344 ], [ 126.936783, 35.151344 ], [ 126.936783, 35.151343 ], [ 126.936783, 35.151343 ], [ 126.936783, 35.151343 ], [ 126.936784, 35.151343 ], [ 126.936784, 35.151343 ], [ 126.936784, 35.151343 ], [ 126.936785, 35.151343 ], [ 126.936785, 35.151343 ], [ 126.936785, 35.151343 ], [ 126.936785, 35.151344 ], [ 126.936785, 35.151344 ] ] ] } },
{ "type": "Feature", "properties": { "kind": "cctv", "name": "CCTV 3대", "sub": "200만 · 설치 2022", "addr": "동구 밤실로 20", "z": 46.5, "part": 0, "base": 0.0, "top": 6.0, "mcolor": "#78788a" }, "geometry": { "type": "Polygon", "coordinates": [ [ [ 126.937014, 35.149298 ], [ 126.937014, 35.149298 ], [ 126.937014, 35.149298 ], [ 126.937014, 35.149299 ], [ 126.937013, 35.149299 ], [ 126.937013, 35.149299 ], [ 126.937013, 35.149299 ], [ 126.937013, 35.149299 ], [ 126.937013, 35.149299 ], [ 126.937012, 35.149299 ], [ 126.937012, 35.149298 ], [ 126.937012, 35.149298 ], [ 126.937012, 35.149298 ], [ 126.937012, 35.149298 ], [ 126.937012, 35.149298 ], [ 126.937012, 35.149297 ], [ 126.937013, 35.149297 ], [ 126.937013, 35.149297 ], [ 126.937013, 35.149297 ], [ 126.937013, 35.149297 ], [ 126.937013, 35.149297 ], [ 126.937014, 35.149297 ], [ 126.937014, 35.149298 ], [ 126.937014, 35.149298 ], [ 126.937014, 35.149298 ] ] ] } },
{ "type": "Feature", "properties": { "kind": "cctv", "name": "CCTV 3대", "sub": "200만 · 설치 2022", "addr": "동구 밤실로 20", "z": 46.5, "part": 1, "base": 6.0, "top": 6.45, "mcolor": "#b98cff" }, "geometry": { "type": "Polygon", "coordinates": [ [ [ 126.937016, 35.149298 ], [ 126.937016, 35.149299 ], [ 126.937016, 35.149299 ], [ 126.937015, 35.1493 ], [ 126.937015, 35.1493 ], [ 126.937014, 35.1493 ], [ 126.937013, 35.149301 ], [ 126.937012, 35.1493 ], [ 126.937011, 35.1493 ], [ 126.937011, 35.1493 ], [ 126.93701, 35.149299 ], [ 126.93701, 35.149299 ], [ 126.93701, 35.149298 ], [ 126.93701, 35.149297 ], [ 126.93701, 35.149297 ], [ 126.937011, 35.149296 ], [ 126.937011, 35.149296 ], [ 126.937012, 35.149296 ], [ 126.937013, 35.149295 ], [ 126.937014, 35.149296 ], [ 126.937015, 35.149296 ], [ 126.937015, 35.149296 ], [ 126.937016, 35.149297 ], [ 126.937016, 35.149297 ], [ 126.937016, 35.149298 ] ] ] } },
{ "type": "Feature", "properties": { "kind": "cctv", "name": "CCTV 3대", "sub": "200만 · 설치 2022", "addr": "동구 밤실로 20", "z": 46.5, "part": 2, "base": 6.3, "top": 6.6, "mcolor": "#e1cdff" }, "geometry": { "type": "Polygon", "coordinates": [ [ [ 126.937014, 35.149298 ], [ 126.937014, 35.149298 ], [ 126.937014, 35.149299 ], [ 126.937014, 35.149299 ], [ 126.937014, 35.149299 ], [ 126.937013, 35.149299 ], [ 126.937013, 35.149299 ], [ 126.937013, 35.149299 ], [ 126.937012, 35.149299 ], [ 126.937012, 35.149299 ], [ 126.937012, 35.149299 ], [ 126.937012, 35.149298 ], [ 126.937012, 35.149298 ], [ 126.937012, 35.149298 ], [ 126.937012, 35.149297 ], [ 126.937012, 35.149297 ], [ 126.937012, 35.149297 ], [ 126.937013, 35.149297 ], [ 126.937013, 35.149297 ], [ 126.937013, 35.149297 ], [ 126.937014, 35.149297 ], [ 126.937014, 35.149297 ], [ 126.937014, 35.149297 ], [ 126.937014, 35.149298 ], [ 126.937014, 35.149298 ] ] ] } },
{ "type": "Feature", "properties": { "kind": "cctv", "name": "CCTV 2대", "sub": "200만 · 설치 2017", "addr": null, "z": 39.6, "part": 0, "base": 0.0, "top": 5.5, "mcolor": "#78788a" }, "geometry": { "type": "Polygon", "coordinates": [ [ [ 126.937662, 35.151324 ], [ 126.937662, 35.151324 ], [ 126.937662, 35.151324 ], [ 126.937662, 35.151325 ], [ 126.937661, 35.151325 ], [ 126.937661, 35.151325 ], [ 126.937661, 35.151325 ], [ 126.937661, 35.151325 ], [ 126.937661, 35.151325 ], [ 126.93766, 35.151325 ], [ 126.93766, 35.151324 ], [ 126.93766, 35.151324 ], [ 126.93766, 35.151324 ], [ 126.93766, 35.151324 ], [ 126.93766, 35.151324 ], [ 126.93766, 35.151323 ], [ 126.937661, 35.151323 ], [ 126.937661, 35.151323 ], [ 126.937661, 35.151323 ], [ 126.937661, 35.151323 ], [ 126.937661, 35.151323 ], [ 126.937662, 35.151323 ], [ 126.937662, 35.151324 ], [ 126.937662, 35.151324 ], [ 126.937662, 35.151324 ] ] ] } },
{ "type": "Feature", "properties": { "kind": "cctv", "name": "CCTV 2대", "sub": "200만 · 설치 2017", "addr": null, "z": 39.6, "part": 1, "base": 5.5, "top": 5.95, "mcolor": "#b98cff" }, "geometry": { "type": "Polygon", "coordinates": [ [ [ 126.937664, 35.151324 ], [ 126.937664, 35.151325 ], [ 126.937664, 35.151325 ], [ 126.937663, 35.151326 ], [ 126.937663, 35.151326 ], [ 126.937662, 35.151326 ], [ 126.937661, 35.151327 ], [ 126.93766, 35.151326 ], [ 126.937659, 35.151326 ], [ 126.937659, 35.151326 ], [ 126.937658, 35.151325 ], [ 126.937658, 35.151325 ], [ 126.937658, 35.151324 ], [ 126.937658, 35.151323 ], [ 126.937658, 35.151323 ], [ 126.937659, 35.151322 ], [ 126.937659, 35.151322 ], [ 126.93766, 35.151322 ], [ 126.937661, 35.151321 ], [ 126.937662, 35.151322 ], [ 126.937663, 35.151322 ], [ 126.937663, 35.151322 ], [ 126.937664, 35.151323 ], [ 126.937664, 35.151323 ], [ 126.937664, 35.151324 ] ] ] } },
{ "type": "Feature", "properties": { "kind": "cctv", "name": "CCTV 2대", "sub": "200만 · 설치 2017", "addr": null, "z": 39.6, "part": 2, "base": 5.8, "top": 6.1, "mcolor": "#e1cdff" }, "geometry": { "type": "Polygon", "coordinates": [ [ [ 126.937662, 35.151324 ], [ 126.937662, 35.151324 ], [ 126.937662, 35.151325 ], [ 126.937662, 35.151325 ], [ 126.937662, 35.151325 ], [ 126.937661, 35.151325 ], [ 126.937661, 35.151325 ], [ 126.937661, 35.151325 ], [ 126.93766, 35.151325 ], [ 126.93766, 35.151325 ], [ 126.93766, 35.151325 ], [ 126.93766, 35.151324 ], [ 126.93766, 35.151324 ], [ 126.93766, 35.151324 ], [ 126.93766, 35.151323 ], [ 126.93766, 35.151323 ], [ 126.93766, 35.151323 ], [ 126.937661, 35.151323 ], [ 126.937661, 35.151323 ], [ 126.937661, 35.151323 ], [ 126.937662, 35.151323 ], [ 126.937662, 35.151323 ], [ 126.937662, 35.151323 ], [ 126.937662, 35.151324 ], [ 126.937662, 35.151324 ] ] ] } },
{ "type": "Feature", "properties": { "kind": "cctv", "name": "CCTV 4대", "sub": "200만 · 설치 2013", "addr": "동구 밤실로20번길 7", "z": 48.7, "part": 0, "base": 0.0, "top": 6.5, "mcolor": "#78788a" }, "geometry": { "type": "Polygon", "coordinates": [ [ [ 126.937697, 35.149346 ], [ 126.937697, 35.149346 ], [ 126.937697, 35.149346 ], [ 126.937697, 35.149347 ], [ 126.937696, 35.149347 ], [ 126.937696, 35.149347 ], [ 126.937696, 35.149347 ], [ 126.937696, 35.149347 ], [ 126.937696, 35.149347 ], [ 126.937695, 35.149347 ], [ 126.937695, 35.149346 ], [ 126.937695, 35.149346 ], [ 126.937695, 35.149346 ], [ 126.937695, 35.149346 ], [ 126.937695, 35.149346 ], [ 126.937695, 35.149345 ], [ 126.937696, 35.149345 ], [ 126.937696, 35.149345 ], [ 126.937696, 35.149345 ], [ 126.937696, 35.149345 ], [ 126.937696, 35.149345 ], [ 126.937697, 35.149345 ], [ 126.937697, 35.149346 ], [ 126.937697, 35.149346 ], [ 126.937697, 35.149346 ] ] ] } },
{ "type": "Feature", "properties": { "kind": "cctv", "name": "CCTV 4대", "sub": "200만 · 설치 2013", "addr": "동구 밤실로20번길 7", "z": 48.7, "part": 1, "base": 6.5, "top": 6.95, "mcolor": "#b98cff" }, "geometry": { "type": "Polygon", "coordinates": [ [ [ 126.937699, 35.149346 ], [ 126.937699, 35.149347 ], [ 126.937699, 35.149347 ], [ 126.937698, 35.149348 ], [ 126.937698, 35.149348 ], [ 126.937697, 35.149348 ], [ 126.937696, 35.149349 ], [ 126.937695, 35.149348 ], [ 126.937694, 35.149348 ], [ 126.937694, 35.149348 ], [ 126.937693, 35.149347 ], [ 126.937693, 35.149347 ], [ 126.937693, 35.149346 ], [ 126.937693, 35.149345 ], [ 126.937693, 35.149345 ], [ 126.937694, 35.149344 ], [ 126.937694, 35.149344 ], [ 126.937695, 35.149344 ], [ 126.937696, 35.149343 ], [ 126.937697, 35.149344 ], [ 126.937698, 35.149344 ], [ 126.937698, 35.149344 ], [ 126.937699, 35.149345 ], [ 126.937699, 35.149345 ], [ 126.937699, 35.149346 ] ] ] } },
{ "type": "Feature", "properties": { "kind": "cctv", "name": "CCTV 4대", "sub": "200만 · 설치 2013", "addr": "동구 밤실로20번길 7", "z": 48.7, "part": 2, "base": 6.8, "top": 7.1, "mcolor": "#e1cdff" }, "geometry": { "type": "Polygon", "coordinates": [ [ [ 126.937697, 35.149346 ], [ 126.937697, 35.149346 ], [ 126.937697, 35.149347 ], [ 126.937697, 35.149347 ], [ 126.937697, 35.149347 ], [ 126.937696, 35.149347 ], [ 126.937696, 35.149347 ], [ 126.937696, 35.149347 ], [ 126.937695, 35.149347 ], [ 126.937695, 35.149347 ], [ 126.937695, 35.149347 ], [ 126.937695, 35.149346 ], [ 126.937695, 35.149346 ], [ 126.937695, 35.149346 ], [ 126.937695, 35.149345 ], [ 126.937695, 35.149345 ], [ 126.937695, 35.149345 ], [ 126.937696, 35.149345 ], [ 126.937696, 35.149345 ], [ 126.937696, 35.149345 ], [ 126.937697, 35.149345 ], [ 126.937697, 35.149345 ], [ 126.937697, 35.149345 ], [ 126.937697, 35.149346 ], [ 126.937697, 35.149346 ] ] ] } },
{ "type": "Feature", "properties": { "kind": "cctv", "name": "CCTV 3대", "sub": "200만 · 설치 2023", "addr": null, "z": 44.8, "part": 0, "base": 0.0, "top": 6.0, "mcolor": "#78788a" }, "geometry": { "type": "Polygon", "coordinates": [ [ [ 126.937961, 35.150358 ], [ 126.937961, 35.150358 ], [ 126.937961, 35.150358 ], [ 126.937961, 35.150359 ], [ 126.93796, 35.150359 ], [ 126.93796, 35.150359 ], [ 126.93796, 35.150359 ], [ 126.93796, 35.150359 ], [ 126.93796, 35.150359 ], [ 126.937959, 35.150359 ], [ 126.937959, 35.150358 ], [ 126.937959, 35.150358 ], [ 126.937959, 35.150358 ], [ 126.937959, 35.150358 ], [ 126.937959, 35.150358 ], [ 126.937959, 35.150357 ], [ 126.93796, 35.150357 ], [ 126.93796, 35.150357 ], [ 126.93796, 35.150357 ], [ 126.93796, 35.150357 ], [ 126.93796, 35.150357 ], [ 126.937961, 35.150357 ], [ 126.937961, 35.150358 ], [ 126.937961, 35.150358 ], [ 126.937961, 35.150358 ] ] ] } },
{ "type": "Feature", "properties": { "kind": "cctv", "name": "CCTV 3대", "sub": "200만 · 설치 2023", "addr": null, "z": 44.8, "part": 1, "base": 6.0, "top": 6.45, "mcolor": "#b98cff" }, "geometry": { "type": "Polygon", "coordinates": [ [ [ 126.937963, 35.150358 ], [ 126.937963, 35.150359 ], [ 126.937963, 35.150359 ], [ 126.937962, 35.15036 ], [ 126.937962, 35.15036 ], [ 126.937961, 35.15036 ], [ 126.93796, 35.150361 ], [ 126.937959, 35.15036 ], [ 126.937958, 35.15036 ], [ 126.937958, 35.15036 ], [ 126.937957, 35.150359 ], [ 126.937957, 35.150359 ], [ 126.937957, 35.150358 ], [ 126.937957, 35.150357 ], [ 126.937957, 35.150357 ], [ 126.937958, 35.150356 ], [ 126.937958, 35.150356 ], [ 126.937959, 35.150356 ], [ 126.93796, 35.150355 ], [ 126.937961, 35.150356 ], [ 126.937962, 35.150356 ], [ 126.937962, 35.150356 ], [ 126.937963, 35.150357 ], [ 126.937963, 35.150357 ], [ 126.937963, 35.150358 ] ] ] } },
{ "type": "Feature", "properties": { "kind": "cctv", "name": "CCTV 3대", "sub": "200만 · 설치 2023", "addr": null, "z": 44.8, "part": 2, "base": 6.3, "top": 6.6, "mcolor": "#e1cdff" }, "geometry": { "type": "Polygon", "coordinates": [ [ [ 126.937961, 35.150358 ], [ 126.937961, 35.150358 ], [ 126.937961, 35.150359 ], [ 126.937961, 35.150359 ], [ 126.937961, 35.150359 ], [ 126.93796, 35.150359 ], [ 126.93796, 35.150359 ], [ 126.93796, 35.150359 ], [ 126.937959, 35.150359 ], [ 126.937959, 35.150359 ], [ 126.937959, 35.150359 ], [ 126.937959, 35.150358 ], [ 126.937959, 35.150358 ], [ 126.937959, 35.150358 ], [ 126.937959, 35.150357 ], [ 126.937959, 35.150357 ], [ 126.937959, 35.150357 ], [ 126.93796, 35.150357 ], [ 126.93796, 35.150357 ], [ 126.93796, 35.150357 ], [ 126.937961, 35.150357 ], [ 126.937961, 35.150357 ], [ 126.937961, 35.150357 ], [ 126.937961, 35.150358 ], [ 126.937961, 35.150358 ] ] ] } },
{ "type": "Feature", "properties": { "kind": "cctv", "name": "CCTV 3대", "sub": "200만 · 설치 2024", "addr": null, "z": 45.6, "part": 0, "base": 0.0, "top": 6.0, "mcolor": "#78788a" }, "geometry": { "type": "Polygon", "coordinates": [ [ [ 126.938022, 35.14839 ], [ 126.938022, 35.14839 ], [ 126.938022, 35.14839 ], [ 126.938022, 35.148391 ], [ 126.938021, 35.148391 ], [ 126.938021, 35.148391 ], [ 126.938021, 35.148391 ], [ 126.938021, 35.148391 ], [ 126.938021, 35.148391 ], [ 126.93802, 35.148391 ], [ 126.93802, 35.14839 ], [ 126.93802, 35.14839 ], [ 126.93802, 35.14839 ], [ 126.93802, 35.14839 ], [ 126.93802, 35.14839 ], [ 126.93802, 35.148389 ], [ 126.938021, 35.148389 ], [ 126.938021, 35.148389 ], [ 126.938021, 35.148389 ], [ 126.938021, 35.148389 ], [ 126.938021, 35.148389 ], [ 126.938022, 35.148389 ], [ 126.938022, 35.14839 ], [ 126.938022, 35.14839 ], [ 126.938022, 35.14839 ] ] ] } },
{ "type": "Feature", "properties": { "kind": "cctv", "name": "CCTV 3대", "sub": "200만 · 설치 2024", "addr": null, "z": 45.6, "part": 1, "base": 6.0, "top": 6.45, "mcolor": "#b98cff" }, "geometry": { "type": "Polygon", "coordinates": [ [ [ 126.938024, 35.14839 ], [ 126.938024, 35.148391 ], [ 126.938024, 35.148391 ], [ 126.938023, 35.148392 ], [ 126.938023, 35.148392 ], [ 126.938022, 35.148392 ], [ 126.938021, 35.148393 ], [ 126.93802, 35.148392 ], [ 126.938019, 35.148392 ], [ 126.938019, 35.148392 ], [ 126.938018, 35.148391 ], [ 126.938018, 35.148391 ], [ 126.938018, 35.14839 ], [ 126.938018, 35.148389 ], [ 126.938018, 35.148389 ], [ 126.938019, 35.148388 ], [ 126.938019, 35.148388 ], [ 126.93802, 35.148388 ], [ 126.938021, 35.148387 ], [ 126.938022, 35.148388 ], [ 126.938023, 35.148388 ], [ 126.938023, 35.148388 ], [ 126.938024, 35.148389 ], [ 126.938024, 35.148389 ], [ 126.938024, 35.14839 ] ] ] } },
{ "type": "Feature", "properties": { "kind": "cctv", "name": "CCTV 3대", "sub": "200만 · 설치 2024", "addr": null, "z": 45.6, "part": 2, "base": 6.3, "top": 6.6, "mcolor": "#e1cdff" }, "geometry": { "type": "Polygon", "coordinates": [ [ [ 126.938022, 35.14839 ], [ 126.938022, 35.14839 ], [ 126.938022, 35.148391 ], [ 126.938022, 35.148391 ], [ 126.938022, 35.148391 ], [ 126.938021, 35.148391 ], [ 126.938021, 35.148391 ], [ 126.938021, 35.148391 ], [ 126.93802, 35.148391 ], [ 126.93802, 35.148391 ], [ 126.93802, 35.148391 ], [ 126.93802, 35.14839 ], [ 126.93802, 35.14839 ], [ 126.93802, 35.14839 ], [ 126.93802, 35.148389 ], [ 126.93802, 35.148389 ], [ 126.93802, 35.148389 ], [ 126.938021, 35.148389 ], [ 126.938021, 35.148389 ], [ 126.938021, 35.148389 ], [ 126.938022, 35.148389 ], [ 126.938022, 35.148389 ], [ 126.938022, 35.148389 ], [ 126.938022, 35.14839 ], [ 126.938022, 35.14839 ] ] ] } },
{ "type": "Feature", "properties": { "kind": "cctv", "name": "CCTV 2대", "sub": "200만 · 설치 2022", "addr": "동구 지호로 81-11", "z": 44.1, "part": 0, "base": 0.0, "top": 5.5, "mcolor": "#78788a" }, "geometry": { "type": "Polygon", "coordinates": [ [ [ 126.938035, 35.14794 ], [ 126.938035, 35.14794 ], [ 126.938035, 35.14794 ], [ 126.938035, 35.147941 ], [ 126.938034, 35.147941 ], [ 126.938034, 35.147941 ], [ 126.938034, 35.147941 ], [ 126.938034, 35.147941 ], [ 126.938034, 35.147941 ], [ 126.938033, 35.147941 ], [ 126.938033, 35.14794 ], [ 126.938033, 35.14794 ], [ 126.938033, 35.14794 ], [ 126.938033, 35.14794 ], [ 126.938033, 35.14794 ], [ 126.938033, 35.147939 ], [ 126.938034, 35.147939 ], [ 126.938034, 35.147939 ], [ 126.938034, 35.147939 ], [ 126.938034, 35.147939 ], [ 126.938034, 35.147939 ], [ 126.938035, 35.147939 ], [ 126.938035, 35.14794 ], [ 126.938035, 35.14794 ], [ 126.938035, 35.14794 ] ] ] } },
{ "type": "Feature", "properties": { "kind": "cctv", "name": "CCTV 2대", "sub": "200만 · 설치 2022", "addr": "동구 지호로 81-11", "z": 44.1, "part": 1, "base": 5.5, "top": 5.95, "mcolor": "#b98cff" }, "geometry": { "type": "Polygon", "coordinates": [ [ [ 126.938037, 35.14794 ], [ 126.938037, 35.147941 ], [ 126.938037, 35.147941 ], [ 126.938036, 35.147942 ], [ 126.938036, 35.147942 ], [ 126.938035, 35.147942 ], [ 126.938034, 35.147943 ], [ 126.938033, 35.147942 ], [ 126.938032, 35.147942 ], [ 126.938032, 35.147942 ], [ 126.938031, 35.147941 ], [ 126.938031, 35.147941 ], [ 126.938031, 35.14794 ], [ 126.938031, 35.147939 ], [ 126.938031, 35.147939 ], [ 126.938032, 35.147938 ], [ 126.938032, 35.147938 ], [ 126.938033, 35.147938 ], [ 126.938034, 35.147937 ], [ 126.938035, 35.147938 ], [ 126.938036, 35.147938 ], [ 126.938036, 35.147938 ], [ 126.938037, 35.147939 ], [ 126.938037, 35.147939 ], [ 126.938037, 35.14794 ] ] ] } },
{ "type": "Feature", "properties": { "kind": "cctv", "name": "CCTV 2대", "sub": "200만 · 설치 2022", "addr": "동구 지호로 81-11", "z": 44.1, "part": 2, "base": 5.8, "top": 6.1, "mcolor": "#e1cdff" }, "geometry": { "type": "Polygon", "coordinates": [ [ [ 126.938035, 35.14794 ], [ 126.938035, 35.14794 ], [ 126.938035, 35.147941 ], [ 126.938035, 35.147941 ], [ 126.938035, 35.147941 ], [ 126.938034, 35.147941 ], [ 126.938034, 35.147941 ], [ 126.938034, 35.147941 ], [ 126.938033, 35.147941 ], [ 126.938033, 35.147941 ], [ 126.938033, 35.147941 ], [ 126.938033, 35.14794 ], [ 126.938033, 35.14794 ], [ 126.938033, 35.14794 ], [ 126.938033, 35.147939 ], [ 126.938033, 35.147939 ], [ 126.938033, 35.147939 ], [ 126.938034, 35.147939 ], [ 126.938034, 35.147939 ], [ 126.938034, 35.147939 ], [ 126.938035, 35.147939 ], [ 126.938035, 35.147939 ], [ 126.938035, 35.147939 ], [ 126.938035, 35.14794 ], [ 126.938035, 35.14794 ] ] ] } },
{ "type": "Feature", "properties": { "kind": "cctv", "name": "CCTV 3대", "sub": "200만 · 설치 2019", "addr": "동구 밤실로4번안길 19", "z": 47.7, "part": 0, "base": 0.0, "top": 6.0, "mcolor": "#78788a" }, "geometry": { "type": "Polygon", "coordinates": [ [ [ 126.938066, 35.149692 ], [ 126.938066, 35.149692 ], [ 126.938066, 35.149692 ], [ 126.938066, 35.149693 ], [ 126.938065, 35.149693 ], [ 126.938065, 35.149693 ], [ 126.938065, 35.149693 ], [ 126.938065, 35.149693 ], [ 126.938065, 35.149693 ], [ 126.938064, 35.149693 ], [ 126.938064, 35.149692 ], [ 126.938064, 35.149692 ], [ 126.938064, 35.149692 ], [ 126.938064, 35.149692 ], [ 126.938064, 35.149692 ], [ 126.938064, 35.149691 ], [ 126.938065, 35.149691 ], [ 126.938065, 35.149691 ], [ 126.938065, 35.149691 ], [ 126.938065, 35.149691 ], [ 126.938065, 35.149691 ], [ 126.938066, 35.149691 ], [ 126.938066, 35.149692 ], [ 126.938066, 35.149692 ], [ 126.938066, 35.149692 ] ] ] } },
{ "type": "Feature", "properties": { "kind": "cctv", "name": "CCTV 3대", "sub": "200만 · 설치 2019", "addr": "동구 밤실로4번안길 19", "z": 47.7, "part": 1, "base": 6.0, "top": 6.45, "mcolor": "#b98cff" }, "geometry": { "type": "Polygon", "coordinates": [ [ [ 126.938068, 35.149692 ], [ 126.938068, 35.149693 ], [ 126.938068, 35.149693 ], [ 126.938067, 35.149694 ], [ 126.938067, 35.149694 ], [ 126.938066, 35.149694 ], [ 126.938065, 35.149695 ], [ 126.938064, 35.149694 ], [ 126.938063, 35.149694 ], [ 126.938063, 35.149694 ], [ 126.938062, 35.149693 ], [ 126.938062, 35.149693 ], [ 126.938062, 35.149692 ], [ 126.938062, 35.149691 ], [ 126.938062, 35.149691 ], [ 126.938063, 35.14969 ], [ 126.938063, 35.14969 ], [ 126.938064, 35.14969 ], [ 126.938065, 35.149689 ], [ 126.938066, 35.14969 ], [ 126.938067, 35.14969 ], [ 126.938067, 35.14969 ], [ 126.938068, 35.149691 ], [ 126.938068, 35.149691 ], [ 126.938068, 35.149692 ] ] ] } },
{ "type": "Feature", "properties": { "kind": "cctv", "name": "CCTV 3대", "sub": "200만 · 설치 2019", "addr": "동구 밤실로4번안길 19", "z": 47.7, "part": 2, "base": 6.3, "top": 6.6, "mcolor": "#e1cdff" }, "geometry": { "type": "Polygon", "coordinates": [ [ [ 126.938066, 35.149692 ], [ 126.938066, 35.149692 ], [ 126.938066, 35.149693 ], [ 126.938066, 35.149693 ], [ 126.938066, 35.149693 ], [ 126.938065, 35.149693 ], [ 126.938065, 35.149693 ], [ 126.938065, 35.149693 ], [ 126.938064, 35.149693 ], [ 126.938064, 35.149693 ], [ 126.938064, 35.149693 ], [ 126.938064, 35.149692 ], [ 126.938064, 35.149692 ], [ 126.938064, 35.149692 ], [ 126.938064, 35.149691 ], [ 126.938064, 35.149691 ], [ 126.938064, 35.149691 ], [ 126.938065, 35.149691 ], [ 126.938065, 35.149691 ], [ 126.938065, 35.149691 ], [ 126.938066, 35.149691 ], [ 126.938066, 35.149691 ], [ 126.938066, 35.149691 ], [ 126.938066, 35.149692 ], [ 126.938066, 35.149692 ] ] ] } },
{ "type": "Feature", "properties": { "kind": "cctv", "name": "CCTV 3대", "sub": "200만 · 설치 2018", "addr": "동구 지호로86번길 3", "z": 43.5, "part": 0, "base": 0.0, "top": 6.0, "mcolor": "#78788a" }, "geometry": { "type": "Polygon", "coordinates": [ [ [ 126.938241, 35.147444 ], [ 126.938241, 35.147444 ], [ 126.938241, 35.147444 ], [ 126.938241, 35.147445 ], [ 126.93824, 35.147445 ], [ 126.93824, 35.147445 ], [ 126.93824, 35.147445 ], [ 126.93824, 35.147445 ], [ 126.93824, 35.147445 ], [ 126.938239, 35.147445 ], [ 126.938239, 35.147444 ], [ 126.938239, 35.147444 ], [ 126.938239, 35.147444 ], [ 126.938239, 35.147444 ], [ 126.938239, 35.147444 ], [ 126.938239, 35.147443 ], [ 126.93824, 35.147443 ], [ 126.93824, 35.147443 ], [ 126.93824, 35.147443 ], [ 126.93824, 35.147443 ], [ 126.93824, 35.147443 ], [ 126.938241, 35.147443 ], [ 126.938241, 35.147444 ], [ 126.938241, 35.147444 ], [ 126.938241, 35.147444 ] ] ] } },
{ "type": "Feature", "properties": { "kind": "cctv", "name": "CCTV 3대", "sub": "200만 · 설치 2018", "addr": "동구 지호로86번길 3", "z": 43.5, "part": 1, "base": 6.0, "top": 6.45, "mcolor": "#b98cff" }, "geometry": { "type": "Polygon", "coordinates": [ [ [ 126.938243, 35.147444 ], [ 126.938243, 35.147445 ], [ 126.938243, 35.147445 ], [ 126.938242, 35.147446 ], [ 126.938242, 35.147446 ], [ 126.938241, 35.147446 ], [ 126.93824, 35.147447 ], [ 126.938239, 35.147446 ], [ 126.938238, 35.147446 ], [ 126.938238, 35.147446 ], [ 126.938237, 35.147445 ], [ 126.938237, 35.147445 ], [ 126.938237, 35.147444 ], [ 126.938237, 35.147443 ], [ 126.938237, 35.147443 ], [ 126.938238, 35.147442 ], [ 126.938238, 35.147442 ], [ 126.938239, 35.147442 ], [ 126.93824, 35.147441 ], [ 126.938241, 35.147442 ], [ 126.938242, 35.147442 ], [ 126.938242, 35.147442 ], [ 126.938243, 35.147443 ], [ 126.938243, 35.147443 ], [ 126.938243, 35.147444 ] ] ] } },
{ "type": "Feature", "properties": { "kind": "cctv", "name": "CCTV 3대", "sub": "200만 · 설치 2018", "addr": "동구 지호로86번길 3", "z": 43.5, "part": 2, "base": 6.3, "top": 6.6, "mcolor": "#e1cdff" }, "geometry": { "type": "Polygon", "coordinates": [ [ [ 126.938241, 35.147444 ], [ 126.938241, 35.147444 ], [ 126.938241, 35.147445 ], [ 126.938241, 35.147445 ], [ 126.938241, 35.147445 ], [ 126.93824, 35.147445 ], [ 126.93824, 35.147445 ], [ 126.93824, 35.147445 ], [ 126.938239, 35.147445 ], [ 126.938239, 35.147445 ], [ 126.938239, 35.147445 ], [ 126.938239, 35.147444 ], [ 126.938239, 35.147444 ], [ 126.938239, 35.147444 ], [ 126.938239, 35.147443 ], [ 126.938239, 35.147443 ], [ 126.938239, 35.147443 ], [ 126.93824, 35.147443 ], [ 126.93824, 35.147443 ], [ 126.93824, 35.147443 ], [ 126.938241, 35.147443 ], [ 126.938241, 35.147443 ], [ 126.938241, 35.147443 ], [ 126.938241, 35.147444 ], [ 126.938241, 35.147444 ] ] ] } },
{ "type": "Feature", "properties": { "kind": "cctv", "name": "CCTV 3대", "sub": "200만 · 설치 2022", "addr": "동구 밤실로20번길 17", "z": 51.3, "part": 0, "base": 0.0, "top": 6.0, "mcolor": "#78788a" }, "geometry": { "type": "Polygon", "coordinates": [ [ [ 126.938819, 35.149261 ], [ 126.938819, 35.149261 ], [ 126.938819, 35.149261 ], [ 126.938819, 35.149262 ], [ 126.938818, 35.149262 ], [ 126.938818, 35.149262 ], [ 126.938818, 35.149262 ], [ 126.938818, 35.149262 ], [ 126.938818, 35.149262 ], [ 126.938817, 35.149262 ], [ 126.938817, 35.149261 ], [ 126.938817, 35.149261 ], [ 126.938817, 35.149261 ], [ 126.938817, 35.149261 ], [ 126.938817, 35.149261 ], [ 126.938817, 35.14926 ], [ 126.938818, 35.14926 ], [ 126.938818, 35.14926 ], [ 126.938818, 35.14926 ], [ 126.938818, 35.14926 ], [ 126.938818, 35.14926 ], [ 126.938819, 35.14926 ], [ 126.938819, 35.149261 ], [ 126.938819, 35.149261 ], [ 126.938819, 35.149261 ] ] ] } },
{ "type": "Feature", "properties": { "kind": "cctv", "name": "CCTV 3대", "sub": "200만 · 설치 2022", "addr": "동구 밤실로20번길 17", "z": 51.3, "part": 1, "base": 6.0, "top": 6.45, "mcolor": "#b98cff" }, "geometry": { "type": "Polygon", "coordinates": [ [ [ 126.938821, 35.149261 ], [ 126.938821, 35.149262 ], [ 126.938821, 35.149262 ], [ 126.93882, 35.149263 ], [ 126.93882, 35.149263 ], [ 126.938819, 35.149263 ], [ 126.938818, 35.149264 ], [ 126.938817, 35.149263 ], [ 126.938816, 35.149263 ], [ 126.938816, 35.149263 ], [ 126.938815, 35.149262 ], [ 126.938815, 35.149262 ], [ 126.938815, 35.149261 ], [ 126.938815, 35.14926 ], [ 126.938815, 35.14926 ], [ 126.938816, 35.149259 ], [ 126.938816, 35.149259 ], [ 126.938817, 35.149259 ], [ 126.938818, 35.149258 ], [ 126.938819, 35.149259 ], [ 126.93882, 35.149259 ], [ 126.93882, 35.149259 ], [ 126.938821, 35.14926 ], [ 126.938821, 35.14926 ], [ 126.938821, 35.149261 ] ] ] } },
{ "type": "Feature", "properties": { "kind": "cctv", "name": "CCTV 3대", "sub": "200만 · 설치 2022", "addr": "동구 밤실로20번길 17", "z": 51.3, "part": 2, "base": 6.3, "top": 6.6, "mcolor": "#e1cdff" }, "geometry": { "type": "Polygon", "coordinates": [ [ [ 126.938819, 35.149261 ], [ 126.938819, 35.149261 ], [ 126.938819, 35.149262 ], [ 126.938819, 35.149262 ], [ 126.938819, 35.149262 ], [ 126.938818, 35.149262 ], [ 126.938818, 35.149262 ], [ 126.938818, 35.149262 ], [ 126.938817, 35.149262 ], [ 126.938817, 35.149262 ], [ 126.938817, 35.149262 ], [ 126.938817, 35.149261 ], [ 126.938817, 35.149261 ], [ 126.938817, 35.149261 ], [ 126.938817, 35.14926 ], [ 126.938817, 35.14926 ], [ 126.938817, 35.14926 ], [ 126.938818, 35.14926 ], [ 126.938818, 35.14926 ], [ 126.938818, 35.14926 ], [ 126.938819, 35.14926 ], [ 126.938819, 35.14926 ], [ 126.938819, 35.14926 ], [ 126.938819, 35.149261 ], [ 126.938819, 35.149261 ] ] ] } },
{ "type": "Feature", "properties": { "kind": "cctv", "name": "CCTV 2대", "sub": "200만 · 설치 2022", "addr": "동구 밤실로4번길 19-2", "z": 47.7, "part": 0, "base": 0.0, "top": 5.5, "mcolor": "#78788a" }, "geometry": { "type": "Polygon", "coordinates": [ [ [ 126.938891, 35.148568 ], [ 126.938891, 35.148568 ], [ 126.938891, 35.148568 ], [ 126.938891, 35.148569 ], [ 126.93889, 35.148569 ], [ 126.93889, 35.148569 ], [ 126.93889, 35.148569 ], [ 126.93889, 35.148569 ], [ 126.93889, 35.148569 ], [ 126.938889, 35.148569 ], [ 126.938889, 35.148568 ], [ 126.938889, 35.148568 ], [ 126.938889, 35.148568 ], [ 126.938889, 35.148568 ], [ 126.938889, 35.148568 ], [ 126.938889, 35.148567 ], [ 126.93889, 35.148567 ], [ 126.93889, 35.148567 ], [ 126.93889, 35.148567 ], [ 126.93889, 35.148567 ], [ 126.93889, 35.148567 ], [ 126.938891, 35.148567 ], [ 126.938891, 35.148568 ], [ 126.938891, 35.148568 ], [ 126.938891, 35.148568 ] ] ] } },
{ "type": "Feature", "properties": { "kind": "cctv", "name": "CCTV 2대", "sub": "200만 · 설치 2022", "addr": "동구 밤실로4번길 19-2", "z": 47.7, "part": 1, "base": 5.5, "top": 5.95, "mcolor": "#b98cff" }, "geometry": { "type": "Polygon", "coordinates": [ [ [ 126.938893, 35.148568 ], [ 126.938893, 35.148569 ], [ 126.938893, 35.148569 ], [ 126.938892, 35.14857 ], [ 126.938892, 35.14857 ], [ 126.938891, 35.14857 ], [ 126.93889, 35.148571 ], [ 126.938889, 35.14857 ], [ 126.938888, 35.14857 ], [ 126.938888, 35.14857 ], [ 126.938887, 35.148569 ], [ 126.938887, 35.148569 ], [ 126.938887, 35.148568 ], [ 126.938887, 35.148567 ], [ 126.938887, 35.148567 ], [ 126.938888, 35.148566 ], [ 126.938888, 35.148566 ], [ 126.938889, 35.148566 ], [ 126.93889, 35.148565 ], [ 126.938891, 35.148566 ], [ 126.938892, 35.148566 ], [ 126.938892, 35.148566 ], [ 126.938893, 35.148567 ], [ 126.938893, 35.148567 ], [ 126.938893, 35.148568 ] ] ] } },
{ "type": "Feature", "properties": { "kind": "cctv", "name": "CCTV 2대", "sub": "200만 · 설치 2022", "addr": "동구 밤실로4번길 19-2", "z": 47.7, "part": 2, "base": 5.8, "top": 6.1, "mcolor": "#e1cdff" }, "geometry": { "type": "Polygon", "coordinates": [ [ [ 126.938891, 35.148568 ], [ 126.938891, 35.148568 ], [ 126.938891, 35.148569 ], [ 126.938891, 35.148569 ], [ 126.938891, 35.148569 ], [ 126.93889, 35.148569 ], [ 126.93889, 35.148569 ], [ 126.93889, 35.148569 ], [ 126.938889, 35.148569 ], [ 126.938889, 35.148569 ], [ 126.938889, 35.148569 ], [ 126.938889, 35.148568 ], [ 126.938889, 35.148568 ], [ 126.938889, 35.148568 ], [ 126.938889, 35.148567 ], [ 126.938889, 35.148567 ], [ 126.938889, 35.148567 ], [ 126.93889, 35.148567 ], [ 126.93889, 35.148567 ], [ 126.93889, 35.148567 ], [ 126.938891, 35.148567 ], [ 126.938891, 35.148567 ], [ 126.938891, 35.148567 ], [ 126.938891, 35.148568 ], [ 126.938891, 35.148568 ] ] ] } },
{ "type": "Feature", "properties": { "kind": "cctv", "name": "CCTV 2대", "sub": "200만 · 설치 2019", "addr": "동구 밤실로4번길 31-1", "z": 49.8, "part": 0, "base": 0.0, "top": 5.5, "mcolor": "#78788a" }, "geometry": { "type": "Polygon", "coordinates": [ [ [ 126.93962, 35.148521 ], [ 126.93962, 35.148521 ], [ 126.93962, 35.148521 ], [ 126.93962, 35.148522 ], [ 126.939619, 35.148522 ], [ 126.939619, 35.148522 ], [ 126.939619, 35.148522 ], [ 126.939619, 35.148522 ], [ 126.939619, 35.148522 ], [ 126.939618, 35.148522 ], [ 126.939618, 35.148521 ], [ 126.939618, 35.148521 ], [ 126.939618, 35.148521 ], [ 126.939618, 35.148521 ], [ 126.939618, 35.148521 ], [ 126.939618, 35.14852 ], [ 126.939619, 35.14852 ], [ 126.939619, 35.14852 ], [ 126.939619, 35.14852 ], [ 126.939619, 35.14852 ], [ 126.939619, 35.14852 ], [ 126.93962, 35.14852 ], [ 126.93962, 35.148521 ], [ 126.93962, 35.148521 ], [ 126.93962, 35.148521 ] ] ] } },
{ "type": "Feature", "properties": { "kind": "cctv", "name": "CCTV 2대", "sub": "200만 · 설치 2019", "addr": "동구 밤실로4번길 31-1", "z": 49.8, "part": 1, "base": 5.5, "top": 5.95, "mcolor": "#b98cff" }, "geometry": { "type": "Polygon", "coordinates": [ [ [ 126.939622, 35.148521 ], [ 126.939622, 35.148522 ], [ 126.939622, 35.148522 ], [ 126.939621, 35.148523 ], [ 126.939621, 35.148523 ], [ 126.93962, 35.148523 ], [ 126.939619, 35.148524 ], [ 126.939618, 35.148523 ], [ 126.939617, 35.148523 ], [ 126.939617, 35.148523 ], [ 126.939616, 35.148522 ], [ 126.939616, 35.148522 ], [ 126.939616, 35.148521 ], [ 126.939616, 35.14852 ], [ 126.939616, 35.14852 ], [ 126.939617, 35.148519 ], [ 126.939617, 35.148519 ], [ 126.939618, 35.148519 ], [ 126.939619, 35.148518 ], [ 126.93962, 35.148519 ], [ 126.939621, 35.148519 ], [ 126.939621, 35.148519 ], [ 126.939622, 35.14852 ], [ 126.939622, 35.14852 ], [ 126.939622, 35.148521 ] ] ] } },
{ "type": "Feature", "properties": { "kind": "cctv", "name": "CCTV 2대", "sub": "200만 · 설치 2019", "addr": "동구 밤실로4번길 31-1", "z": 49.8, "part": 2, "base": 5.8, "top": 6.1, "mcolor": "#e1cdff" }, "geometry": { "type": "Polygon", "coordinates": [ [ [ 126.93962, 35.148521 ], [ 126.93962, 35.148521 ], [ 126.93962, 35.148522 ], [ 126.93962, 35.148522 ], [ 126.93962, 35.148522 ], [ 126.939619, 35.148522 ], [ 126.939619, 35.148522 ], [ 126.939619, 35.148522 ], [ 126.939618, 35.148522 ], [ 126.939618, 35.148522 ], [ 126.939618, 35.148522 ], [ 126.939618, 35.148521 ], [ 126.939618, 35.148521 ], [ 126.939618, 35.148521 ], [ 126.939618, 35.14852 ], [ 126.939618, 35.14852 ], [ 126.939618, 35.14852 ], [ 126.939619, 35.14852 ], [ 126.939619, 35.14852 ], [ 126.939619, 35.14852 ], [ 126.93962, 35.14852 ], [ 126.93962, 35.14852 ], [ 126.93962, 35.14852 ], [ 126.93962, 35.148521 ], [ 126.93962, 35.148521 ] ] ] } }
]
}
