{
"type": "FeatureCollection",
"name": "segments",
"crs": { "type": "name", "properties": { "name": "urn:ogc:def:crs:OGC:1.3:CRS84" } },
"xy_coordinate_resolution": 1e-06,
"features": [
{ "type": "Feature", "properties": { "seg_uid": "DM-192892-283592-W4QT", "seg_id": "DM00082", "seg_no": 1, "width_min_m": 19.23, "width_max_m": null, "verdict": "clear", "width_verified": false, "midpoint_fallback": false, "inherited": false, "route_usage": 0, "length_m": 90.9, "run_length_m": null, "nfa_designated": false, "cctv_dist_m": 27.7, "cv_feasible": false, "width_src": "ngii1k", "width_disagree_m": 11.56, "road_name": "제봉로", "seg_label": "제봉로 109-119", "road_side": "0", "road_bt_m": 30.0, "in_emd": false, "light_count": 0, "unknown_reason": null, "z": 13.1 }, "geometry": { "type": "LineString", "coordinates": [ [ 126.921931, 35.148266 ], [ 126.921932, 35.148322 ], [ 126.921937, 35.148408 ], [ 126.922071, 35.149061 ], [ 126.922074, 35.149075 ] ] } },
{ "type": "Feature", "properties": { "seg_uid": "DM-192912-283629-W4QT", "seg_id": "DM00084", "seg_no": 2, "width_min_m": 1.68, "width_max_m": null, "verdict": "blocked", "width_verified": false, "midpoint_fallback": false, "inherited": false, "route_usage": 0, "length_m": 30.0, "run_length_m": 44.6, "nfa_designated": false, "cctv_dist_m": 3.8, "cv_feasible": true, "width_src": "ngii1k", "width_disagree_m": 0.27, "road_name": "제봉로", "seg_label": "제봉로 4-120", "road_side": "1", "road_bt_m": 2.0, "in_emd": false, "light_count": 0, "unknown_reason": null, "z": 14.0 }, "geometry": { "type": "LineString", "coordinates": [ [ 126.922074, 35.149075 ], [ 126.922356, 35.148935 ] ] } },
{ "type": "Feature", "properties": { "seg_uid": "DM-192904-283663-W4QT", "seg_id": "DM00085", "seg_no": 4, "width_min_m": 27.28, "width_max_m": null, "verdict": "clear", "width_verified": false, "midpoint_fallback": false, "inherited": false, "route_usage": 47, "length_m": 54.1, "run_length_m": null, "nfa_designated": false, "cctv_dist_m": 28.5, "cv_feasible": false, "width_src": "ngii1k", "width_disagree_m": 0.5, "road_name": "제봉로", "seg_label": "제봉로 1-125", "road_side": "0", "road_bt_m": 30.0, "in_emd": false, "light_count": 0, "unknown_reason": null, "z": 14.1 }, "geometry": { "type": "LineString", "coordinates": [ [ 126.922169, 35.149554 ], [ 126.922173, 35.149552 ], [ 126.922146, 35.149424 ], [ 126.922109, 35.149243 ], [ 126.922074, 35.149075 ] ] } },
{ "type": "Feature", "properties": { "seg_uid": "DM-192922-283666-GO22", "seg_id": "DM00086", "seg_no": 23, "width_min_m": 7.21, "width_max_m": null, "verdict": "clear", "width_verified": false, "midpoint_fallback": false, "inherited": false, "route_usage": 47, "length_m": 36.5, "run_length_m": null, "nfa_designated": false, "cctv_dist_m": 34.0, "cv_feasible": false, "width_src": "ngii1k", "width_disagree_m": 0.21, "road_name": "장동로", "seg_label": "장동로 1-123", "road_side": "0", "road_bt_m": 9.241, "in_emd": false, "light_count": 0, "unknown_reason": null, "z": 14.2 }, "geometry": { "type": "LineString", "coordinates": [ [ 126.922146, 35.149424 ], [ 126.922493, 35.14926 ] ] } },
{ "type": "Feature", "properties": { "seg_uid": "DM-192883-283707-W4QT", "seg_id": "DM00087", "seg_no": 5, "width_min_m": 23.82, "width_max_m": null, "verdict": "clear", "width_verified": false, "midpoint_fallback": false, "inherited": false, "route_usage": 47, "length_m": 60.0, "run_length_m": null, "nfa_designated": false, "cctv_dist_m": 66.8, "cv_feasible": false, "width_src": "ngii1k", "width_disagree_m": 16.63, "road_name": "제봉로", "seg_label": "제봉로 1-131", "road_side": "0", "road_bt_m": 30.0, "in_emd": false, "light_count": 20, "unknown_reason": null, "z": 13.8 }, "geometry": { "type": "LineString", "coordinates": [ [ 126.922169, 35.149554 ], [ 126.921801, 35.149763 ], [ 126.921634, 35.149868 ] ] } },
{ "type": "Feature", "properties": { "seg_uid": "DM-192929-283712-6Z8Q", "seg_id": "DM00088", "seg_no": 2, "width_min_m": 19.9, "width_max_m": 21.5, "verdict": "clear", "width_verified": false, "midpoint_fallback": false, "inherited": false, "route_usage": 0, "length_m": 60.9, "run_length_m": null, "nfa_designated": false, "cctv_dist_m": 53.1, "cv_feasible": false, "width_src": "ngii1k", "width_disagree_m": 0.76, "road_name": "동명로", "seg_label": "동명로 1-125", "road_side": "0", "road_bt_m": 20.0, "in_emd": false, "light_count": 0, "unknown_reason": null, "z": 14.4 }, "geometry": { "type": "LineString", "coordinates": [ [ 126.922169, 35.149554 ], [ 126.922503, 35.149841 ], [ 126.922638, 35.149946 ] ] } },
{ "type": "Feature", "properties": { "seg_uid": "DM-192834-283744-W4QT", "seg_id": "DM00089", "seg_no": 6, "width_min_m": 24.6, "width_max_m": null, "verdict": "clear", "width_verified": false, "midpoint_fallback": false, "inherited": false, "route_usage": 47, "length_m": 64.1, "run_length_m": null, "nfa_designated": false, "cctv_dist_m": 68.1, "cv_feasible": false, "width_src": "ngii1k", "width_disagree_m": 0.46, "road_name": "제봉로", "seg_label": "제봉로 93-137", "road_side": "0", "road_bt_m": 30.0, "in_emd": false, "light_count": 20, "unknown_reason": null, "z": 13.0 }, "geometry": { "type": "LineString", "coordinates": [ [ 126.921634, 35.149868 ], [ 126.921076, 35.150221 ] ] } },
{ "type": "Feature", "properties": { "seg_uid": "DM-192843-283713-SJLN", "seg_id": "DM00090", "seg_no": 2, "width_min_m": 14.49, "width_max_m": null, "verdict": "clear", "width_verified": false, "midpoint_fallback": false, "inherited": false, "route_usage": 0, "length_m": 39.7, "run_length_m": null, "nfa_designated": false, "cctv_dist_m": 70.9, "cv_feasible": false, "width_src": "ngii1k", "width_disagree_m": 10.0, "road_name": "서석로", "seg_label": "서석로 89-131", "road_side": "0", "road_bt_m": 25.0, "in_emd": false, "light_count": 20, "unknown_reason": null, "z": 13.4 }, "geometry": { "type": "LineString", "coordinates": [ [ 126.921284, 35.149655 ], [ 126.921634, 35.149868 ] ] } },
{ "type": "Feature", "properties": { "seg_uid": "DM-192797-283773-W4QT", "seg_id": "DM00091", "seg_no": 7, "width_min_m": 25.23, "width_max_m": null, "verdict": "clear", "width_verified": false, "midpoint_fallback": false, "inherited": false, "route_usage": 47, "length_m": 30.0, "run_length_m": null, "nfa_designated": false, "cctv_dist_m": 81.3, "cv_feasible": false, "width_src": "ngii1k", "width_disagree_m": 1.05, "road_name": "제봉로", "seg_label": "제봉로 8-139", "road_side": "0", "road_bt_m": 30.0, "in_emd": false, "light_count": 20, "unknown_reason": null, "z": 12.6 }, "geometry": { "type": "LineString", "coordinates": [ [ 126.921076, 35.150221 ], [ 126.920989, 35.150276 ], [ 126.920929, 35.150314 ], [ 126.920816, 35.150387 ], [ 126.920816, 35.150387 ] ] } },
{ "type": "Feature", "properties": { "seg_uid": "DM-192845-283780-4091", "seg_id": "DM00092", "seg_no": 2, "width_min_m": 2.94, "width_max_m": 9.85, "verdict": "needs_cv", "width_verified": false, "midpoint_fallback": false, "inherited": false, "route_usage": 0, "length_m": 82.9, "run_length_m": 350.1, "nfa_designated": true, "cctv_dist_m": 1.0, "cv_feasible": true, "width_src": "ngii1k", "width_disagree_m": 1.16, "road_name": "제봉로138번길", "seg_label": "제봉로138번길 1-137", "road_side": "0", "road_bt_m": 4.0, "in_emd": false, "light_count": 20, "unknown_reason": null, "z": 12.9 }, "geometry": { "type": "LineString", "coordinates": [ [ 126.921076, 35.150221 ], [ 126.921163, 35.150293 ], [ 126.921278, 35.150314 ], [ 126.921501, 35.15037 ], [ 126.921754, 35.150432 ], [ 126.921919, 35.150472 ] ] } },
{ "type": "Feature", "properties": { "seg_uid": "DM-192733-283823-W4QT", "seg_id": "DM00093", "seg_no": 8, "width_min_m": 24.27, "width_max_m": null, "verdict": "clear", "width_verified": false, "midpoint_fallback": false, "inherited": false, "route_usage": 47, "length_m": 132.6, "run_length_m": null, "nfa_designated": false, "cctv_dist_m": 100.8, "cv_feasible": false, "width_src": "ngii1k", "width_disagree_m": 0.18, "road_name": "제봉로", "seg_label": "제봉로 8-153", "road_side": "0", "road_bt_m": 30.0, "in_emd": false, "light_count": 13, "unknown_reason": null, "z": 11.6 }, "geometry": { "type": "LineString", "coordinates": [ [ 126.920815, 35.150388 ], [ 126.920045, 35.150888 ], [ 126.919689, 35.151118 ], [ 126.919673, 35.151129 ] ] } },
{ "type": "Feature", "properties": { "seg_uid": "DM-192812-283805-5592", "seg_id": "DM00094", "seg_no": 1, "width_min_m": 6.59, "width_max_m": 8.61, "verdict": "unknown", "width_verified": false, "midpoint_fallback": false, "inherited": false, "route_usage": 0, "length_m": 72.4, "run_length_m": null, "nfa_designated": false, "cctv_dist_m": 56.6, "cv_feasible": false, "width_src": "ngii1k", "width_disagree_m": 0.11, "road_name": "제봉로140번길", "seg_label": "제봉로140번길 1-139", "road_side": "0", "road_bt_m": 6.0, "in_emd": false, "light_count": 0, "unknown_reason": "no_cctv", "z": 12.4 }, "geometry": { "type": "LineString", "coordinates": [ [ 126.920815, 35.150388 ], [ 126.920895, 35.150472 ], [ 126.921438, 35.150787 ] ] } },
{ "type": "Feature", "properties": { "seg_uid": "DM-192775-283773-SLXC", "seg_id": "DM00095", "seg_no": 2, "width_min_m": 7.22, "width_max_m": null, "verdict": "clear", "width_verified": false, "midpoint_fallback": false, "inherited": false, "route_usage": 0, "length_m": 26.3, "run_length_m": null, "nfa_designated": false, "cctv_dist_m": 100.7, "cv_feasible": false, "width_src": "ngii1k", "width_disagree_m": 0.33, "road_name": "서석로85번길", "seg_label": "서석로85번길 8-139", "road_side": "1", "road_bt_m": 7.0, "in_emd": false, "light_count": 0, "unknown_reason": null, "z": 12.4 }, "geometry": { "type": "LineString", "coordinates": [ [ 126.920608, 35.150223 ], [ 126.920816, 35.150387 ] ] } },
{ "type": "Feature", "properties": { "seg_uid": "DM-192664-283878-W4QT", "seg_id": "DM00096", "seg_no": 10, "width_min_m": 24.76, "width_max_m": null, "verdict": "clear", "width_verified": false, "midpoint_fallback": false, "inherited": false, "route_usage": 47, "length_m": 42.9, "run_length_m": null, "nfa_designated": false, "cctv_dist_m": 81.4, "cv_feasible": false, "width_src": "ngii1k", "width_disagree_m": 0.25, "road_name": "제봉로", "seg_label": "제봉로 15-157", "road_side": "0", "road_bt_m": 30.0, "in_emd": false, "light_count": 0, "unknown_reason": null, "z": 10.7 }, "geometry": { "type": "LineString", "coordinates": [ [ 126.919673, 35.151129 ], [ 126.919659, 35.151138 ], [ 126.919302, 35.151368 ] ] } },
{ "type": "Feature", "properties": { "seg_uid": "DM-192662-283845-W4QT", "seg_id": "DM00097", "seg_no": 9, "width_min_m": 0.88, "width_max_m": null, "verdict": "blocked", "width_verified": false, "midpoint_fallback": false, "inherited": false, "route_usage": 0, "length_m": 54.6, "run_length_m": 54.6, "nfa_designated": false, "cctv_dist_m": 64.7, "cv_feasible": false, "width_src": "silpok", "width_disagree_m": null, "road_name": "제봉로", "seg_label": "제봉로 153", "road_side": "1", "road_bt_m": 2.0, "in_emd": false, "light_count": 0, "unknown_reason": null, "z": 10.7 }, "geometry": { "type": "LineString", "coordinates": [ [ 126.919673, 35.151129 ], [ 126.919256, 35.150775 ] ] } },
{ "type": "Feature", "properties": { "seg_uid": "DM-192612-283918-W4QT", "seg_id": "DM00098", "seg_no": 11, "width_min_m": 25.25, "width_max_m": null, "verdict": "clear", "width_verified": false, "midpoint_fallback": false, "inherited": false, "route_usage": 47, "length_m": 87.7, "run_length_m": null, "nfa_designated": false, "cctv_dist_m": 52.4, "cv_feasible": false, "width_src": "ngii1k", "width_disagree_m": 0.07, "road_name": "제봉로", "seg_label": "제봉로 15-165", "road_side": "0", "road_bt_m": 30.0, "in_emd": false, "light_count": 0, "unknown_reason": null, "z": 10.4 }, "geometry": { "type": "LineString", "coordinates": [ [ 126.919302, 35.151368 ], [ 126.918554, 35.151852 ], [ 126.918546, 35.151857 ] ] } },
{ "type": "Feature", "properties": { "seg_uid": "DM-192669-283913-0DUE", "seg_id": "DM00099", "seg_no": 1, "width_min_m": 7.16, "width_max_m": null, "verdict": "clear", "width_verified": false, "midpoint_fallback": false, "inherited": false, "route_usage": 0, "length_m": 61.5, "run_length_m": null, "nfa_designated": false, "cctv_dist_m": 71.5, "cv_feasible": false, "width_src": "ngii1k", "width_disagree_m": 0.61, "road_name": "제봉로158번길", "seg_label": "제봉로158번길 1-157", "road_side": "0", "road_bt_m": 8.0, "in_emd": false, "light_count": 0, "unknown_reason": null, "z": 10.7 }, "geometry": { "type": "LineString", "coordinates": [ [ 126.919302, 35.151368 ], [ 126.919778, 35.151761 ] ] } },
{ "type": "Feature", "properties": { "seg_uid": "DM-192627-283869-N1HO", "seg_id": "DM00100", "seg_no": 3, "width_min_m": 6.0, "width_max_m": null, "verdict": "unknown", "width_verified": false, "midpoint_fallback": false, "inherited": false, "route_usage": 0, "length_m": 57.9, "run_length_m": null, "nfa_designated": false, "cctv_dist_m": 34.2, "cv_feasible": false, "width_src": "ngii1k", "width_disagree_m": 0.55, "road_name": "예술길15번길", "seg_label": "예술길15번길 9-157", "road_side": "0", "road_bt_m": 6.0, "in_emd": false, "light_count": 0, "unknown_reason": "no_cctv", "z": 10.5 }, "geometry": { "type": "LineString", "coordinates": [ [ 126.918869, 35.150987 ], [ 126.919068, 35.151154 ], [ 126.919073, 35.151158 ], [ 126.919219, 35.151292 ], [ 126.919302, 35.151368 ] ] } },
{ "type": "Feature", "properties": { "seg_uid": "DM-192551-283967-W4QT", "seg_id": "DM00101", "seg_no": 12, "width_min_m": 24.59, "width_max_m": null, "verdict": "clear", "width_verified": false, "midpoint_fallback": false, "inherited": false, "route_usage": 47, "length_m": 68.4, "run_length_m": null, "nfa_designated": false, "cctv_dist_m": 27.9, "cv_feasible": false, "width_src": "ngii1k", "width_disagree_m": 1.17, "road_name": "제봉로", "seg_label": "제봉로 165-221", "road_side": "0", "road_bt_m": 30.0, "in_emd": false, "light_count": 0, "unknown_reason": null, "z": 9.5 }, "geometry": { "type": "LineString", "coordinates": [ [ 126.918546, 35.151857 ], [ 126.918507, 35.151882 ], [ 126.917961, 35.152245 ] ] } },
{ "type": "Feature", "properties": { "seg_uid": "DM-192600-283973-W4QT", "seg_id": "DM00102", "seg_no": 13, "width_min_m": 3.48, "width_max_m": 14.49, "verdict": "unknown", "width_verified": false, "midpoint_fallback": false, "inherited": false, "route_usage": 0, "length_m": 70.3, "run_length_m": null, "nfa_designated": false, "cctv_dist_m": 58.1, "cv_feasible": false, "width_src": "ngii1k", "width_disagree_m": 0.58, "road_name": "제봉로", "seg_label": "제봉로 165-166", "road_side": "1", "road_bt_m": 6.0, "in_emd": false, "light_count": 0, "unknown_reason": "no_cctv", "z": 10.2 }, "geometry": { "type": "LineString", "coordinates": [ [ 126.918546, 35.151857 ], [ 126.918618, 35.151932 ], [ 126.918667, 35.151983 ], [ 126.918792, 35.152113 ], [ 126.918909, 35.152225 ], [ 126.919036, 35.152347 ] ] } },
{ "type": "Feature", "properties": { "seg_uid": "DM-192505-284003-W4QT", "seg_id": "DM00103", "seg_no": 14, "width_min_m": 25.36, "width_max_m": null, "verdict": "clear", "width_verified": false, "midpoint_fallback": false, "inherited": false, "route_usage": 47, "length_m": 48.6, "run_length_m": null, "nfa_designated": false, "cctv_dist_m": 32.9, "cv_feasible": false, "width_src": "ngii1k", "width_disagree_m": 1.31, "road_name": "제봉로", "seg_label": "제봉로 173-221", "road_side": "0", "road_bt_m": 30.0, "in_emd": false, "light_count": 0, "unknown_reason": null, "z": 9.2 }, "geometry": { "type": "LineString", "coordinates": [ [ 126.917961, 35.152245 ], [ 126.917953, 35.152251 ], [ 126.917535, 35.152508 ] ] } },
{ "type": "Feature", "properties": { "seg_uid": "DM-192506-283970-X9DQ", "seg_id": "DM00104", "seg_no": 3, "width_min_m": 25.0, "width_max_m": null, "verdict": "clear", "width_verified": false, "midpoint_fallback": false, "inherited": false, "route_usage": 0, "length_m": 53.2, "run_length_m": null, "nfa_designated": false, "cctv_dist_m": 20.5, "cv_feasible": true, "width_src": "ngii1k", "width_disagree_m": 0.45, "road_name": "중앙로", "seg_label": "중앙로 173-221", "road_side": "0", "road_bt_m": 25.0, "in_emd": false, "light_count": 9, "unknown_reason": null, "z": 9.4 }, "geometry": { "type": "LineString", "coordinates": [ [ 126.917545, 35.151908 ], [ 126.917961, 35.152245 ] ] } },
{ "type": "Feature", "properties": { "seg_uid": "DM-192550-284013-X9DQ", "seg_id": "DM00105", "seg_no": 4, "width_min_m": 25.4, "width_max_m": null, "verdict": "clear", "width_verified": false, "midpoint_fallback": false, "inherited": false, "route_usage": 0, "length_m": 70.2, "run_length_m": null, "nfa_designated": false, "cctv_dist_m": 32.9, "cv_feasible": false, "width_src": "ngii1k", "width_disagree_m": 0.1, "road_name": "중앙로", "seg_label": "중앙로 173-227", "road_side": "0", "road_bt_m": 25.0, "in_emd": false, "light_count": 0, "unknown_reason": null, "z": 9.2 }, "geometry": { "type": "LineString", "coordinates": [ [ 126.917961, 35.152245 ], [ 126.918363, 35.15257 ], [ 126.91849, 35.152674 ], [ 126.918508, 35.15269 ] ] } },
{ "type": "Feature", "properties": { "seg_uid": "DM-192514-284045-3URW", "seg_id": "DM00106", "seg_no": 1, "width_min_m": 3.92, "width_max_m": null, "verdict": "unknown", "width_verified": false, "midpoint_fallback": false, "inherited": false, "route_usage": 0, "length_m": 79.1, "run_length_m": null, "nfa_designated": false, "cctv_dist_m": 71.1, "cv_feasible": false, "width_src": "ngii1k", "width_disagree_m": 3.68, "road_name": "제봉로178번길", "seg_label": "제봉로178번길 1-227", "road_side": "0", "road_bt_m": 5.0, "in_emd": false, "light_count": 0, "unknown_reason": "no_cctv", "z": 8.9 }, "geometry": { "type": "LineString", "coordinates": [ [ 126.917535, 35.152508 ], [ 126.917995, 35.152883 ], [ 126.91812, 35.153007 ], [ 126.918129, 35.153013 ], [ 126.918138, 35.15302 ] ] } },
{ "type": "Feature", "properties": { "seg_uid": "DM-192461-284037-W4QT", "seg_id": "DM00107", "seg_no": 16, "width_min_m": 25.0, "width_max_m": null, "verdict": "clear", "width_verified": false, "midpoint_fallback": false, "inherited": false, "route_usage": 47, "length_m": 63.2, "run_length_m": null, "nfa_designated": false, "cctv_dist_m": 71.1, "cv_feasible": false, "width_src": "ngii1k", "width_disagree_m": 0.01, "road_name": "제봉로", "seg_label": "제봉로 177-185", "road_side": "0", "road_bt_m": 30.0, "in_emd": false, "light_count": 0, "unknown_reason": null, "z": 8.8 }, "geometry": { "type": "LineString", "coordinates": [ [ 126.916981, 35.15285 ], [ 126.91701, 35.152832 ], [ 126.917011, 35.152831 ], [ 126.917369, 35.152611 ], [ 126.917535, 35.152508 ] ] } },
{ "type": "Feature", "properties": { "seg_uid": "DM-192419-284030-W4QT", "seg_id": "DM00108", "seg_no": 15, "width_min_m": 2.41, "width_max_m": null, "verdict": "unknown", "width_verified": false, "midpoint_fallback": false, "inherited": false, "route_usage": 0, "length_m": 60.8, "run_length_m": null, "nfa_designated": false, "cctv_dist_m": 66.3, "cv_feasible": false, "width_src": "ngii1k", "width_disagree_m": null, "road_name": "제봉로", "seg_label": "제봉로 21-183", "road_side": "1", "road_bt_m": 5.0, "in_emd": false, "light_count": 0, "unknown_reason": "no_cctv", "z": 8.8 }, "geometry": { "type": "LineString", "coordinates": [ [ 126.91701, 35.152832 ], [ 126.91691, 35.152737 ], [ 126.916865, 35.152695 ], [ 126.916757, 35.152583 ], [ 126.916713, 35.152535 ], [ 126.916621, 35.152456 ], [ 126.916573, 35.15242 ] ] } },
{ "type": "Feature", "properties": { "seg_uid": "DM-192416-284070-W4QT", "seg_id": "DM00109", "seg_no": 17, "width_min_m": 25.11, "width_max_m": null, "verdict": "clear", "width_verified": false, "midpoint_fallback": false, "inherited": false, "route_usage": 47, "length_m": 47.4, "run_length_m": null, "nfa_designated": false, "cctv_dist_m": 34.3, "cv_feasible": false, "width_src": "ngii1k", "width_disagree_m": 0.19, "road_name": "제봉로", "seg_label": "제봉로 15-189", "road_side": "0", "road_bt_m": 30.0, "in_emd": false, "light_count": 0, "unknown_reason": null, "z": 8.7 }, "geometry": { "type": "LineString", "coordinates": [ [ 126.916981, 35.15285 ], [ 126.916564, 35.153107 ] ] } },
{ "type": "Feature", "properties": { "seg_uid": "DM-192458-284074-BH1S", "seg_id": "DM00110", "seg_no": 1, "width_min_m": 7.25, "width_max_m": null, "verdict": "clear", "width_verified": false, "midpoint_fallback": false, "inherited": false, "route_usage": 0, "length_m": 58.3, "run_length_m": null, "nfa_designated": false, "cctv_dist_m": 79.8, "cv_feasible": false, "width_src": "silpok", "width_disagree_m": null, "road_name": "제봉로184번길", "seg_label": "제봉로184번길 1-185", "road_side": "0", "road_bt_m": 8.0, "in_emd": false, "light_count": 0, "unknown_reason": null, "z": 8.8 }, "geometry": { "type": "LineString", "coordinates": [ [ 126.916981, 35.15285 ], [ 126.917483, 35.153175 ] ] } },
{ "type": "Feature", "properties": { "seg_uid": "DM-192377-284099-W4QT", "seg_id": "DM00111", "seg_no": 18, "width_min_m": 24.7, "width_max_m": null, "verdict": "clear", "width_verified": false, "midpoint_fallback": false, "inherited": false, "route_usage": 47, "length_m": 50.8, "run_length_m": null, "nfa_designated": false, "cctv_dist_m": 14.5, "cv_feasible": true, "width_src": "ngii1k", "width_disagree_m": 0.36, "road_name": "제봉로", "seg_label": "제봉로 15-193", "road_side": "0", "road_bt_m": 30.0, "in_emd": false, "light_count": 0, "unknown_reason": null, "z": 8.6 }, "geometry": { "type": "LineString", "coordinates": [ [ 126.916564, 35.153107 ], [ 126.916189, 35.153338 ], [ 126.916119, 35.153381 ] ] } },
{ "type": "Feature", "properties": { "seg_uid": "DM-192367-284053-ZLSO", "seg_id": "DM00112", "seg_no": 3, "width_min_m": 7.78, "width_max_m": null, "verdict": "clear", "width_verified": false, "midpoint_fallback": false, "inherited": false, "route_usage": 0, "length_m": 87.2, "run_length_m": null, "nfa_designated": false, "cctv_dist_m": 2.8, "cv_feasible": true, "width_src": "ngii1k", "width_disagree_m": 0.24, "road_name": "구성로204번길", "seg_label": "구성로204번길 15-189", "road_side": "1", "road_bt_m": 10.0, "in_emd": false, "light_count": 0, "unknown_reason": null, "z": 8.7 }, "geometry": { "type": "LineString", "coordinates": [ [ 126.915893, 35.152547 ], [ 126.916564, 35.153107 ] ] } },
{ "type": "Feature", "properties": { "seg_uid": "DM-192311-284149-W4QT", "seg_id": "DM00113", "seg_no": 19, "width_min_m": 25.03, "width_max_m": null, "verdict": "clear", "width_verified": false, "midpoint_fallback": false, "inherited": false, "route_usage": 0, "length_m": 114.9, "run_length_m": null, "nfa_designated": false, "cctv_dist_m": 7.8, "cv_feasible": true, "width_src": "ngii1k", "width_disagree_m": 0.59, "road_name": "제봉로", "seg_label": "제봉로 193-209", "road_side": "0", "road_bt_m": 30.0, "in_emd": false, "light_count": 22, "unknown_reason": null, "z": 8.4 }, "geometry": { "type": "LineString", "coordinates": [ [ 126.916119, 35.153381 ], [ 126.915982, 35.153465 ], [ 126.915747, 35.15361 ], [ 126.915118, 35.154011 ], [ 126.915118, 35.154011 ] ] } },
{ "type": "Feature", "properties": { "seg_uid": "DM-192369-284131-66YK", "seg_id": "DM00114", "seg_no": 1, "width_min_m": 5.54, "width_max_m": null, "verdict": "needs_cv", "width_verified": false, "midpoint_fallback": false, "inherited": false, "route_usage": 47, "length_m": 40.1, "run_length_m": 40.1, "nfa_designated": false, "cctv_dist_m": 24.4, "cv_feasible": true, "width_src": "ngii1k", "width_disagree_m": 1.62, "road_name": "제봉로194번길", "seg_label": "제봉로194번길 1-193", "road_side": "0", "road_bt_m": 8.0, "in_emd": false, "light_count": 0, "unknown_reason": null, "z": 8.4 }, "geometry": { "type": "LineString", "coordinates": [ [ 126.916119, 35.153381 ], [ 126.916378, 35.153674 ] ] } },
{ "type": "Feature", "properties": { "seg_uid": "DM-192234-284206-W4QT", "seg_id": "DM00115", "seg_no": 20, "width_min_m": 26.53, "width_max_m": null, "verdict": "clear", "width_verified": false, "midpoint_fallback": false, "inherited": false, "route_usage": 0, "length_m": 78.1, "run_length_m": null, "nfa_designated": false, "cctv_dist_m": 5.2, "cv_feasible": true, "width_src": "ngii1k", "width_disagree_m": 1.34, "road_name": "제봉로", "seg_label": "제봉로 205-213", "road_side": "0", "road_bt_m": 30.0, "in_emd": false, "light_count": 22, "unknown_reason": null, "z": 8.1 }, "geometry": { "type": "LineString", "coordinates": [ [ 126.915118, 35.154011 ], [ 126.914959, 35.154084 ], [ 126.914423, 35.154421 ] ] } },
{ "type": "Feature", "properties": { "seg_uid": "DM-192247-284165-YE20", "seg_id": "DM00116", "seg_no": 1, "width_min_m": 14.19, "width_max_m": null, "verdict": "clear", "width_verified": false, "midpoint_fallback": false, "inherited": false, "route_usage": 0, "length_m": 54.0, "run_length_m": null, "nfa_designated": false, "cctv_dist_m": 7.8, "cv_feasible": true, "width_src": "ngii1k", "width_disagree_m": 0.93, "road_name": "구성로", "seg_label": "구성로 203-209", "road_side": "0", "road_bt_m": 15.0, "in_emd": false, "light_count": 30, "unknown_reason": null, "z": 8.2 }, "geometry": { "type": "LineString", "coordinates": [ [ 126.91471, 35.153658 ], [ 126.91474, 35.153685 ], [ 126.915118, 35.154011 ] ] } },
{ "type": "Feature", "properties": { "seg_uid": "DM-192193-284237-W4QT", "seg_id": "DM00117", "seg_no": 21, "width_min_m": 24.15, "width_max_m": null, "verdict": "clear", "width_verified": false, "midpoint_fallback": false, "inherited": false, "route_usage": 0, "length_m": 22.9, "run_length_m": null, "nfa_designated": false, "cctv_dist_m": 60.2, "cv_feasible": false, "width_src": "ngii1k", "width_disagree_m": 0.89, "road_name": "제봉로", "seg_label": "제봉로 8-215", "road_side": "0", "road_bt_m": 30.0, "in_emd": false, "light_count": 21, "unknown_reason": null, "z": 7.5 }, "geometry": { "type": "LineString", "coordinates": [ [ 126.914423, 35.154421 ], [ 126.91442, 35.154423 ], [ 126.914223, 35.154546 ] ] } },
{ "type": "Feature", "properties": { "seg_uid": "DM-192171-284212-Y0V6", "seg_id": "DM00118", "seg_no": 1, "width_min_m": 6.16, "width_max_m": null, "verdict": "unknown", "width_verified": false, "midpoint_fallback": false, "inherited": false, "route_usage": 0, "length_m": 73.3, "run_length_m": null, "nfa_designated": false, "cctv_dist_m": 60.2, "cv_feasible": false, "width_src": "ngii1k", "width_disagree_m": 0.18, "road_name": "제봉로213번길", "seg_label": "제봉로213번길 1-213", "road_side": "0", "road_bt_m": 6.0, "in_emd": false, "light_count": 0, "unknown_reason": "no_cctv", "z": 7.2 }, "geometry": { "type": "LineString", "coordinates": [ [ 126.914423, 35.154421 ], [ 126.913864, 35.154159 ], [ 126.913723, 35.154095 ] ] } },
{ "type": "Feature", "properties": { "seg_uid": "DM-192285-284205-YE20", "seg_id": "DM00156", "seg_no": 2, "width_min_m": 15.1, "width_max_m": null, "verdict": "clear", "width_verified": false, "midpoint_fallback": false, "inherited": false, "route_usage": 282, "length_m": 55.8, "run_length_m": null, "nfa_designated": false, "cctv_dist_m": 7.0, "cv_feasible": true, "width_src": "ngii1k", "width_disagree_m": 1.05, "road_name": "구성로", "seg_label": "구성로 1-215", "road_side": "0", "road_bt_m": 15.0, "in_emd": false, "light_count": 22, "unknown_reason": null, "z": 8.5 }, "geometry": { "type": "LineString", "coordinates": [ [ 126.915531, 35.154383 ], [ 126.915522, 35.154374 ], [ 126.915153, 35.154042 ], [ 126.915118, 35.154011 ] ] } },
{ "type": "Feature", "properties": { "seg_uid": "DM-192283-284240-CYSW", "seg_id": "DM00157", "seg_no": 1, "width_min_m": 7.27, "width_max_m": null, "verdict": "clear", "width_verified": false, "midpoint_fallback": false, "inherited": false, "route_usage": 282, "length_m": 51.0, "run_length_m": null, "nfa_designated": false, "cctv_dist_m": 7.6, "cv_feasible": true, "width_src": "ngii1k", "width_disagree_m": 0.2, "road_name": "제봉로212번길", "seg_label": "제봉로212번길 1-213", "road_side": "1", "road_bt_m": 7.0, "in_emd": false, "light_count": 11, "unknown_reason": null, "z": 8.4 }, "geometry": { "type": "LineString", "coordinates": [ [ 126.915081, 35.154658 ], [ 126.915518, 35.154376 ], [ 126.915522, 35.154374 ] ] } },
{ "type": "Feature", "properties": { "seg_uid": "DM-192338-284262-YE20", "seg_id": "DM00158", "seg_no": 3, "width_min_m": 14.71, "width_max_m": null, "verdict": "clear", "width_verified": false, "midpoint_fallback": false, "inherited": false, "route_usage": 0, "length_m": 98.9, "run_length_m": null, "nfa_designated": false, "cctv_dist_m": 0.9, "cv_feasible": true, "width_src": "ngii1k", "width_disagree_m": 1.07, "road_name": "구성로", "seg_label": "구성로 1-223", "road_side": "0", "road_bt_m": 15.0, "in_emd": false, "light_count": 11, "unknown_reason": null, "z": 8.6 }, "geometry": { "type": "LineString", "coordinates": [ [ 126.915531, 35.154383 ], [ 126.915638, 35.154479 ], [ 126.91628, 35.155027 ], [ 126.916281, 35.155027 ] ] } },
{ "type": "Feature", "properties": { "seg_uid": "DM-192327-284208-4W2N", "seg_id": "DM00159", "seg_no": 1, "width_min_m": 8.03, "width_max_m": null, "verdict": "clear", "width_verified": false, "midpoint_fallback": false, "inherited": false, "route_usage": 282, "length_m": 58.3, "run_length_m": null, "nfa_designated": false, "cctv_dist_m": 49.5, "cv_feasible": false, "width_src": "ngii1k", "width_disagree_m": 0.82, "road_name": "제봉로200번길", "seg_label": "제봉로200번길 1-215", "road_side": "1", "road_bt_m": 7.0, "in_emd": false, "light_count": 11, "unknown_reason": null, "z": 8.7 }, "geometry": { "type": "LineString", "coordinates": [ [ 126.916043, 35.154068 ], [ 126.915531, 35.154383 ] ] } },
{ "type": "Feature", "properties": { "seg_uid": "DM-192405-284332-YE20", "seg_id": "DM00160", "seg_no": 4, "width_min_m": 16.4, "width_max_m": null, "verdict": "clear", "width_verified": false, "midpoint_fallback": false, "inherited": false, "route_usage": 0, "length_m": 96.2, "run_length_m": null, "nfa_designated": false, "cctv_dist_m": 20.2, "cv_feasible": true, "width_src": "ngii1k", "width_disagree_m": 23.77, "road_name": "구성로", "seg_label": "구성로 9-234", "road_side": "0", "road_bt_m": 15.0, "in_emd": false, "light_count": 9, "unknown_reason": null, "z": 8.0 }, "geometry": { "type": "LineString", "coordinates": [ [ 126.916283, 35.155029 ], [ 126.916558, 35.155264 ], [ 126.916627, 35.155323 ], [ 126.916798, 35.155471 ], [ 126.916994, 35.15564 ], [ 126.917006, 35.155651 ], [ 126.917012, 35.155656 ] ] } },
{ "type": "Feature", "properties": { "seg_uid": "DM-192350-284311-JFYG", "seg_id": "DM00161", "seg_no": 87, "width_min_m": 12.56, "width_max_m": null, "verdict": "clear", "width_verified": false, "midpoint_fallback": false, "inherited": false, "route_usage": 53, "length_m": 51.7, "run_length_m": null, "nfa_designated": false, "cctv_dist_m": 19.9, "cv_feasible": true, "width_src": "ngii1k", "width_disagree_m": 8.06, "road_name": "동계천로", "seg_label": "동계천로 9-223", "road_side": "0", "road_bt_m": 15.0, "in_emd": false, "light_count": 0, "unknown_reason": null, "z": 8.4 }, "geometry": { "type": "LineString", "coordinates": [ [ 126.915806, 35.155283 ], [ 126.915937, 35.155212 ], [ 126.916279, 35.155029 ], [ 126.91628, 35.155029 ], [ 126.916281, 35.155029 ] ] } },
{ "type": "Feature", "properties": { "seg_uid": "DM-192391-284278-4W2N", "seg_id": "DM00162", "seg_no": 4, "width_min_m": 1.47, "width_max_m": null, "verdict": "needs_cv", "width_verified": false, "midpoint_fallback": false, "inherited": false, "route_usage": 0, "length_m": 59.5, "run_length_m": 59.5, "nfa_designated": false, "cctv_dist_m": 15.4, "cv_feasible": true, "width_src": "ngii1k", "width_disagree_m": 3.19, "road_name": "제봉로200번길", "seg_label": "제봉로200번길 9-223", "road_side": "1", "road_bt_m": 6.0, "in_emd": false, "light_count": 0, "unknown_reason": null, "z": 8.4 }, "geometry": { "type": "LineString", "coordinates": [ [ 126.916769, 35.154713 ], [ 126.91628, 35.154964 ], [ 126.91628, 35.15502 ], [ 126.916281, 35.155027 ] ] } },
{ "type": "Feature", "properties": { "seg_uid": "DM-193231-283324-1GLE", "seg_id": "DM00237", "seg_no": 1, "width_min_m": 12.88, "width_max_m": 15.34, "verdict": "clear", "width_verified": false, "midpoint_fallback": false, "inherited": false, "route_usage": 0, "length_m": 74.7, "run_length_m": null, "nfa_designated": false, "cctv_dist_m": 48.2, "cv_feasible": false, "width_src": "ngii1k", "width_disagree_m": 0.53, "road_name": "백서로", "seg_label": "백서로 201-209", "road_side": "0", "road_bt_m": 16.0, "in_emd": false, "light_count": 0, "unknown_reason": null, "z": 17.1 }, "geometry": { "type": "LineString", "coordinates": [ [ 126.925516, 35.145967 ], [ 126.925587, 35.146069 ], [ 126.925918, 35.146553 ], [ 126.925918, 35.146553 ] ] } },
{ "type": "Feature", "properties": { "seg_uid": "DM-193262-283380-1GLE", "seg_id": "DM00239", "seg_no": 9, "width_min_m": 12.9, "width_max_m": 13.97, "verdict": "clear", "width_verified": false, "midpoint_fallback": false, "inherited": false, "route_usage": 0, "length_m": 53.5, "run_length_m": null, "nfa_designated": false, "cctv_dist_m": 48.7, "cv_feasible": false, "width_src": "ngii1k", "width_disagree_m": 0.21, "road_name": "백서로", "seg_label": "백서로 209-215", "road_side": "0", "road_bt_m": 16.0, "in_emd": true, "light_count": 0, "unknown_reason": null, "z": 17.6 }, "geometry": { "type": "LineString", "coordinates": [ [ 126.925918, 35.146553 ], [ 126.926108, 35.146831 ], [ 126.926186, 35.146946 ], [ 126.926193, 35.146955 ], [ 126.926205, 35.146974 ] ] } },
{ "type": "Feature", "properties": { "seg_uid": "DM-193265-283348-1GLE", "seg_id": "DM00240", "seg_no": 7, "width_min_m": 2.22, "width_max_m": 5.75, "verdict": "unknown", "width_verified": false, "midpoint_fallback": false, "inherited": false, "route_usage": 0, "length_m": 36.5, "run_length_m": null, "nfa_designated": false, "cctv_dist_m": 87.5, "cv_feasible": false, "width_src": "ngii1k", "width_disagree_m": 0.49, "road_name": "백서로", "seg_label": "백서로 209-210", "road_side": "1", "road_bt_m": 2.0, "in_emd": false, "light_count": 0, "unknown_reason": "no_cctv", "z": 17.8 }, "geometry": { "type": "LineString", "coordinates": [ [ 126.925918, 35.146553 ], [ 126.925962, 35.14654 ], [ 126.925984, 35.146533 ], [ 126.926033, 35.146507 ], [ 126.926087, 35.146478 ], [ 126.926142, 35.146452 ], [ 126.926225, 35.146409 ], [ 126.926246, 35.146388 ], [ 126.926258, 35.146384 ] ] } },
{ "type": "Feature", "properties": { "seg_uid": "DM-193289-283427-1GLE", "seg_id": "DM00241", "seg_no": 10, "width_min_m": 12.8, "width_max_m": 15.64, "verdict": "clear", "width_verified": false, "midpoint_fallback": false, "inherited": false, "route_usage": 4, "length_m": 55.7, "run_length_m": null, "nfa_designated": false, "cctv_dist_m": 0.7, "cv_feasible": true, "width_src": "ngii1k", "width_disagree_m": 0.74, "road_name": "백서로", "seg_label": "백서로 45-219", "road_side": "0", "road_bt_m": 16.0, "in_emd": true, "light_count": 0, "unknown_reason": null, "z": 19.3 }, "geometry": { "type": "LineString", "coordinates": [ [ 126.926205, 35.146974 ], [ 126.926485, 35.147385 ], [ 126.926517, 35.147401 ] ] } },
{ "type": "Feature", "properties": { "seg_uid": "DM-193304-283376-1GLE", "seg_id": "DM00242", "seg_no": 8, "width_min_m": 2.84, "width_max_m": 5.36, "verdict": "unknown", "width_verified": false, "midpoint_fallback": false, "inherited": false, "route_usage": 2, "length_m": 78.7, "run_length_m": null, "nfa_designated": false, "cctv_dist_m": 48.7, "cv_feasible": false, "width_src": "ngii1k", "width_disagree_m": 0.86, "road_name": "백서로", "seg_label": "백서로 210-216", "road_side": "1", "road_bt_m": 3.0, "in_emd": true, "light_count": 0, "unknown_reason": "no_cctv", "z": 18.7 }, "geometry": { "type": "LineString", "coordinates": [ [ 126.926205, 35.146974 ], [ 126.92623, 35.14693 ], [ 126.926234, 35.146923 ], [ 126.92634, 35.146855 ], [ 126.926377, 35.146832 ], [ 126.926469, 35.146766 ], [ 126.926476, 35.146762 ], [ 126.926524, 35.146724 ], [ 126.926583, 35.146676 ], [ 126.926595, 35.146666 ], [ 126.926674, 35.146613 ], [ 126.926726, 35.14658 ], [ 126.926798, 35.146528 ], [ 126.926825, 35.146508 ], [ 126.926838, 35.146498 ] ] } },
{ "type": "Feature", "properties": { "seg_uid": "DM-193315-283468-1GLE", "seg_id": "DM00243", "seg_no": 11, "width_min_m": 5.21, "width_max_m": 8.15, "verdict": "needs_cv", "width_verified": false, "midpoint_fallback": false, "inherited": false, "route_usage": 7, "length_m": 42.2, "run_length_m": 254.3, "nfa_designated": true, "cctv_dist_m": 0.2, "cv_feasible": true, "width_src": "ngii1k", "width_disagree_m": 0.78, "road_name": "백서로", "seg_label": "백서로 1-223", "road_side": "0", "road_bt_m": 16.0, "in_emd": true, "light_count": 0, "unknown_reason": null, "z": 20.4 }, "geometry": { "type": "LineString", "coordinates": [ [ 126.926517, 35.147401 ], [ 126.926557, 35.147422 ], [ 126.926666, 35.147605 ], [ 126.92669, 35.147692 ], [ 126.926692, 35.147741 ] ] } },
{ "type": "Feature", "properties": { "seg_uid": "DM-193296-283454-GO22", "seg_id": "DM00244", "seg_no": 4, "width_min_m": 7.28, "width_max_m": 10.73, "verdict": "clear", "width_verified": false, "midpoint_fallback": false, "inherited": false, "route_usage": 45, "length_m": 18.2, "run_length_m": null, "nfa_designated": false, "cctv_dist_m": 6.5, "cv_feasible": true, "width_src": "ngii1k", "width_disagree_m": 0.67, "road_name": "장동로", "seg_label": "장동로 1-219", "road_side": "0", "road_bt_m": 9.241, "in_emd": true, "light_count": 0, "unknown_reason": null, "z": 19.8 }, "geometry": { "type": "LineString", "coordinates": [ [ 126.926339, 35.147476 ], [ 126.926517, 35.147401 ] ] } },
{ "type": "Feature", "properties": { "seg_uid": "DM-193333-283435-GO22", "seg_id": "DM00245", "seg_no": 3, "width_min_m": 7.16, "width_max_m": 9.86, "verdict": "clear", "width_verified": false, "midpoint_fallback": false, "inherited": false, "route_usage": 36, "length_m": 65.8, "run_length_m": null, "nfa_designated": false, "cctv_dist_m": 7.0, "cv_feasible": true, "width_src": "ngii1k", "width_disagree_m": 0.31, "road_name": "장동로", "seg_label": "장동로 45-219", "road_side": "0", "road_bt_m": 9.241, "in_emd": true, "light_count": 0, "unknown_reason": null, "z": 20.5 }, "geometry": { "type": "LineString", "coordinates": [ [ 126.926517, 35.147401 ], [ 126.926994, 35.147202 ], [ 126.927161, 35.147131 ] ] } },
{ "type": "Feature", "properties": { "seg_uid": "DM-193322-283550-1GLE", "seg_id": "DM00246", "seg_no": 12, "width_min_m": 5.08, "width_max_m": 16.77, "verdict": "needs_cv", "width_verified": false, "midpoint_fallback": false, "inherited": false, "route_usage": 7, "length_m": 123.6, "run_length_m": 254.3, "nfa_designated": true, "cctv_dist_m": 1.8, "cv_feasible": true, "width_src": "ngii1k", "width_disagree_m": 0.48, "road_name": "백서로", "seg_label": "백서로 1-237", "road_side": "0", "road_bt_m": 16.0, "in_emd": true, "light_count": 16, "unknown_reason": null, "z": 20.2 }, "geometry": { "type": "LineString", "coordinates": [ [ 126.926692, 35.147741 ], [ 126.926703, 35.148003 ], [ 126.926723, 35.148481 ], [ 126.92674, 35.148816 ], [ 126.926741, 35.148853 ] ] } },
{ "type": "Feature", "properties": { "seg_uid": "DM-193327-283490-U9HZ", "seg_id": "DM00247", "seg_no": 3, "width_min_m": 4.29, "width_max_m": 41.61, "verdict": "needs_cv", "width_verified": false, "midpoint_fallback": false, "inherited": false, "route_usage": 12, "length_m": 15.5, "run_length_m": 254.3, "nfa_designated": true, "cctv_dist_m": 1.8, "cv_feasible": true, "width_src": "ngii1k", "width_disagree_m": 0.74, "road_name": "백서로224번길", "seg_label": "백서로224번길 1-223", "road_side": "0", "road_bt_m": 3.0, "in_emd": true, "light_count": 0, "unknown_reason": null, "z": 20.5 }, "geometry": { "type": "LineString", "coordinates": [ [ 126.926692, 35.147741 ], [ 126.926858, 35.147772 ] ] } },
{ "type": "Feature", "properties": { "seg_uid": "DM-193325-283628-1GLE", "seg_id": "DM00248", "seg_no": 14, "width_min_m": 6.77, "width_max_m": 52.49, "verdict": "needs_cv", "width_verified": false, "midpoint_fallback": false, "inherited": false, "route_usage": 11, "length_m": 32.7, "run_length_m": 254.3, "nfa_designated": true, "cctv_dist_m": 2.3, "cv_feasible": true, "width_src": "ngii1k", "width_disagree_m": 0.65, "road_name": "백서로", "seg_label": "백서로 159-239", "road_side": "0", "road_bt_m": 16.0, "in_emd": true, "light_count": 16, "unknown_reason": null, "z": 21.2 }, "geometry": { "type": "LineString", "coordinates": [ [ 126.926741, 35.148853 ], [ 126.926749, 35.149148 ] ] } },
{ "type": "Feature", "properties": { "seg_uid": "DM-193339-283611-1GLE", "seg_id": "DM00249", "seg_no": 13, "width_min_m": 2.21, "width_max_m": 17.26, "verdict": "unknown", "width_verified": false, "midpoint_fallback": false, "inherited": false, "route_usage": 2, "length_m": 28.1, "run_length_m": null, "nfa_designated": false, "cctv_dist_m": 28.4, "cv_feasible": false, "width_src": "ngii1k", "width_disagree_m": 45.42, "road_name": "백서로", "seg_label": "백서로 237-238", "road_side": "1", "road_bt_m": 2.0, "in_emd": true, "light_count": 16, "unknown_reason": "no_cctv", "z": 21.0 }, "geometry": { "type": "LineString", "coordinates": [ [ 126.926741, 35.148853 ], [ 126.92705, 35.148849 ] ] } },
{ "type": "Feature", "properties": { "seg_uid": "DM-193321-283644-JFYG", "seg_id": "DM00250", "seg_no": 14, "width_min_m": 49.87, "width_max_m": null, "verdict": "needs_cv", "width_verified": false, "midpoint_fallback": false, "inherited": false, "route_usage": 94, "length_m": 8.1, "run_length_m": 254.3, "nfa_designated": true, "cctv_dist_m": 4.9, "cv_feasible": true, "width_src": "ngii1k", "width_disagree_m": 2.85, "road_name": "동계천로", "seg_label": "동계천로 159-239", "road_side": "0", "road_bt_m": 15.0, "in_emd": true, "light_count": 16, "unknown_reason": null, "z": 21.4 }, "geometry": { "type": "LineString", "coordinates": [ [ 126.926661, 35.149142 ], [ 126.926668, 35.149144 ], [ 126.926749, 35.149148 ] ] } },
{ "type": "Feature", "properties": { "seg_uid": "DM-193333-283645-JFYG", "seg_id": "DM00251", "seg_no": 15, "width_min_m": 13.46, "width_max_m": 14.54, "verdict": "clear", "width_verified": false, "midpoint_fallback": false, "inherited": false, "route_usage": 101, "length_m": 15.5, "run_length_m": null, "nfa_designated": false, "cctv_dist_m": 4.5, "cv_feasible": true, "width_src": "ngii1k", "width_disagree_m": 0.94, "road_name": "동계천로", "seg_label": "동계천로 159-239", "road_side": "0", "road_bt_m": 15.0, "in_emd": true, "light_count": 16, "unknown_reason": null, "z": 21.5 }, "geometry": { "type": "LineString", "coordinates": [ [ 126.926749, 35.149148 ], [ 126.926919, 35.149158 ] ] } },
{ "type": "Feature", "properties": { "seg_uid": "DM-194204-283555-1AOQ", "seg_id": "DM00260", "seg_no": 1, "width_min_m": 1.0, "width_max_m": null, "verdict": "blocked", "width_verified": false, "midpoint_fallback": false, "inherited": false, "route_usage": 0, "length_m": 90.0, "run_length_m": 90.0, "nfa_designated": false, "cctv_dist_m": 50.8, "cv_feasible": false, "width_src": "silpok", "width_disagree_m": null, "road_name": "밤실로", "seg_label": "밤실로 7-11", "road_side": "1", "road_bt_m": 2.0, "in_emd": false, "light_count": 14, "unknown_reason": null, "z": 42.0 }, "geometry": { "type": "LineString", "coordinates": [ [ 126.936882, 35.148318 ], [ 126.936791, 35.148322 ], [ 126.936704, 35.148326 ], [ 126.93655, 35.148336 ], [ 126.936389, 35.14835 ], [ 126.936279, 35.14836 ], [ 126.93629, 35.148468 ], [ 126.936308, 35.148673 ] ] } },
{ "type": "Feature", "properties": { "seg_uid": "DM-194252-283604-1AOQ", "seg_id": "DM00261", "seg_no": 6, "width_min_m": 13.95, "width_max_m": null, "verdict": "clear", "width_verified": false, "midpoint_fallback": false, "inherited": false, "route_usage": 0, "length_m": 36.9, "run_length_m": null, "nfa_designated": false, "cctv_dist_m": 37.9, "cv_feasible": false, "width_src": "ngii1k", "width_disagree_m": 0.27, "road_name": "밤실로", "seg_label": "밤실로 11-15", "road_side": "0", "road_bt_m": 20.0, "in_emd": false, "light_count": 21, "unknown_reason": null, "z": 44.4 }, "geometry": { "type": "LineString", "coordinates": [ [ 126.936911, 35.14863 ], [ 126.936911, 35.14864 ], [ 126.936916, 35.148692 ], [ 126.936933, 35.148944 ], [ 126.936934, 35.148958 ], [ 126.936934, 35.148962 ] ] } },
{ "type": "Feature", "properties": { "seg_uid": "DM-194254-283640-1AOQ", "seg_id": "DM00264", "seg_no": 9, "width_min_m": 14.4, "width_max_m": null, "verdict": "clear", "width_verified": false, "midpoint_fallback": false, "inherited": false, "route_usage": 0, "length_m": 33.6, "run_length_m": null, "nfa_designated": false, "cctv_dist_m": 6.6, "cv_feasible": true, "width_src": "ngii1k", "width_disagree_m": 0.41, "road_name": "밤실로", "seg_label": "밤실로 15-35", "road_side": "0", "road_bt_m": 20.0, "in_emd": false, "light_count": 45, "unknown_reason": null, "z": 45.7 }, "geometry": { "type": "LineString", "coordinates": [ [ 126.936934, 35.148962 ], [ 126.936954, 35.149265 ] ] } },
{ "type": "Feature", "properties": { "seg_uid": "DM-194288-283613-1AOQ", "seg_id": "DM00265", "seg_no": 7, "width_min_m": 0.72, "width_max_m": null, "verdict": "blocked", "width_verified": false, "midpoint_fallback": false, "inherited": false, "route_usage": 0, "length_m": 74.0, "run_length_m": 74.0, "nfa_designated": false, "cctv_dist_m": 37.4, "cv_feasible": false, "width_src": "ngii1k", "width_disagree_m": 0.98, "road_name": "밤실로", "seg_label": "밤실로 5-16", "road_side": "1", "road_bt_m": 2.0, "in_emd": false, "light_count": 21, "unknown_reason": null, "z": 46.6 }, "geometry": { "type": "LineString", "coordinates": [ [ 126.936934, 35.148962 ], [ 126.937018, 35.14896 ], [ 126.937086, 35.148959 ], [ 126.937153, 35.148954 ], [ 126.93721, 35.148913 ], [ 126.937255, 35.148893 ], [ 126.93731, 35.148876 ], [ 126.937415, 35.148867 ], [ 126.937514, 35.148868 ], [ 126.937716, 35.148876 ], [ 126.937716, 35.148876 ] ] } },
{ "type": "Feature", "properties": { "seg_uid": "DM-194256-283663-1AOQ", "seg_id": "DM00266", "seg_no": 10, "width_min_m": 18.72, "width_max_m": null, "verdict": "clear", "width_verified": false, "midpoint_fallback": false, "inherited": false, "route_usage": 265, "length_m": 13.7, "run_length_m": null, "nfa_designated": false, "cctv_dist_m": 5.2, "cv_feasible": true, "width_src": "ngii1k", "width_disagree_m": 1.04, "road_name": "밤실로", "seg_label": "밤실로 17-35", "road_side": "0", "road_bt_m": 20.0, "in_emd": false, "light_count": 31, "unknown_reason": null, "z": 46.2 }, "geometry": { "type": "LineString", "coordinates": [ [ 126.936954, 35.149265 ], [ 126.936955, 35.149287 ], [ 126.936963, 35.149388 ] ] } },
{ "type": "Feature", "properties": { "seg_uid": "DM-194236-283658-HJS3", "seg_id": "DM00267", "seg_no": 2, "width_min_m": 18.34, "width_max_m": null, "verdict": "clear", "width_verified": false, "midpoint_fallback": false, "inherited": false, "route_usage": 265, "length_m": 39.1, "run_length_m": null, "nfa_designated": false, "cctv_dist_m": 6.6, "cv_feasible": true, "width_src": "ngii1k", "width_disagree_m": 0.55, "road_name": "준법로", "seg_label": "준법로 17-35", "road_side": "0", "road_bt_m": 20.0, "in_emd": false, "light_count": 31, "unknown_reason": null, "z": 45.2 }, "geometry": { "type": "LineString", "coordinates": [ [ 126.936525, 35.149291 ], [ 126.936532, 35.149291 ], [ 126.936954, 35.149265 ] ] } },
{ "type": "Feature", "properties": { "seg_uid": "DM-194258-283694-1AOQ", "seg_id": "DM00268", "seg_no": 13, "width_min_m": 14.04, "width_max_m": null, "verdict": "clear", "width_verified": false, "midpoint_fallback": false, "inherited": false, "route_usage": 0, "length_m": 48.7, "run_length_m": null, "nfa_designated": false, "cctv_dist_m": 11.0, "cv_feasible": true, "width_src": "ngii1k", "width_disagree_m": 0.41, "road_name": "밤실로", "seg_label": "밤실로 1-23", "road_side": "0", "road_bt_m": 20.0, "in_emd": false, "light_count": 31, "unknown_reason": null, "z": 45.6 }, "geometry": { "type": "LineString", "coordinates": [ [ 126.936999, 35.149826 ], [ 126.936998, 35.149811 ], [ 126.936997, 35.1498 ], [ 126.936963, 35.149388 ] ] } },
{ "type": "Feature", "properties": { "seg_uid": "DM-194277-283715-1AOQ", "seg_id": "DM00269", "seg_no": 12, "width_min_m": 2.0, "width_max_m": null, "verdict": "unknown", "width_verified": false, "midpoint_fallback": false, "inherited": false, "route_usage": 0, "length_m": 36.6, "run_length_m": null, "nfa_designated": false, "cctv_dist_m": 55.0, "cv_feasible": false, "width_src": "ngii1k", "width_disagree_m": 0.5, "road_name": "밤실로", "seg_label": "밤실로 3-24", "road_side": "1", "road_bt_m": 3.0, "in_emd": false, "light_count": 33, "unknown_reason": "no_cctv", "z": 45.6 }, "geometry": { "type": "LineString", "coordinates": [ [ 126.936998, 35.149811 ], [ 126.937089, 35.149802 ], [ 126.937136, 35.149797 ], [ 126.937246, 35.149789 ], [ 126.937398, 35.149777 ] ] } },
{ "type": "Feature", "properties": { "seg_uid": "DM-194248-283719-AZHT", "seg_id": "DM00270", "seg_no": 1, "width_min_m": 6.96, "width_max_m": null, "verdict": "unknown", "width_verified": false, "midpoint_fallback": false, "inherited": false, "route_usage": 0, "length_m": 23.4, "run_length_m": null, "nfa_designated": false, "cctv_dist_m": 33.6, "cv_feasible": false, "width_src": "ngii1k", "width_disagree_m": 1.01, "road_name": "밤실로23번길", "seg_label": "밤실로23번길 1-23", "road_side": "0", "road_bt_m": 7.0, "in_emd": false, "light_count": 24, "unknown_reason": "no_cctv", "z": 44.8 }, "geometry": { "type": "LineString", "coordinates": [ [ 126.936999, 35.149826 ], [ 126.936751, 35.149837 ], [ 126.936743, 35.149837 ] ] } },
{ "type": "Feature", "properties": { "seg_uid": "DM-194261-283745-1AOQ", "seg_id": "DM00271", "seg_no": 14, "width_min_m": 13.6, "width_max_m": null, "verdict": "clear", "width_verified": false, "midpoint_fallback": false, "inherited": false, "route_usage": 70, "length_m": 52.2, "run_length_m": null, "nfa_designated": false, "cctv_dist_m": 57.0, "cv_feasible": false, "width_src": "ngii1k", "width_disagree_m": 0.88, "road_name": "밤실로", "seg_label": "밤실로 1-29", "road_side": "0", "road_bt_m": 20.0, "in_emd": false, "light_count": 24, "unknown_reason": null, "z": 44.2 }, "geometry": { "type": "LineString", "coordinates": [ [ 126.937034, 35.150296 ], [ 126.937033, 35.150271 ], [ 126.937006, 35.149915 ], [ 126.937, 35.149838 ], [ 126.936999, 35.149826 ] ] } },
{ "type": "Feature", "properties": { "seg_uid": "DM-194275-283754-A0DR", "seg_id": "DM00272", "seg_no": 4, "width_min_m": 9.76, "width_max_m": null, "verdict": "clear", "width_verified": false, "midpoint_fallback": false, "inherited": false, "route_usage": 70, "length_m": 37.9, "run_length_m": null, "nfa_designated": false, "cctv_dist_m": 70.9, "cv_feasible": false, "width_src": "ngii1k", "width_disagree_m": 0.02, "road_name": "밤실로30번길", "seg_label": "밤실로30번길 1-29", "road_side": "0", "road_bt_m": 8.0, "in_emd": false, "light_count": 0, "unknown_reason": null, "z": 44.3 }, "geometry": { "type": "LineString", "coordinates": [ [ 126.937033, 35.150271 ], [ 126.937302, 35.150014 ], [ 126.937304, 35.150015 ] ] } },
{ "type": "Feature", "properties": { "seg_uid": "DM-194273-283770-1AOQ", "seg_id": "DM00273", "seg_no": 15, "width_min_m": 1.94, "width_max_m": null, "verdict": "blocked", "width_verified": false, "midpoint_fallback": false, "inherited": false, "route_usage": 0, "length_m": 20.9, "run_length_m": 20.9, "nfa_designated": false, "cctv_dist_m": 64.1, "cv_feasible": false, "width_src": "silpok", "width_disagree_m": null, "road_name": "밤실로", "seg_label": "밤실로 29-30", "road_side": "1", "road_bt_m": 2.0, "in_emd": false, "light_count": 0, "unknown_reason": null, "z": 43.0 }, "geometry": { "type": "LineString", "coordinates": [ [ 126.937034, 35.150296 ], [ 126.937152, 35.15029 ], [ 126.937259, 35.150313 ] ] } },
{ "type": "Feature", "properties": { "seg_uid": "DM-194262-283818-1AOQ", "seg_id": "DM00274", "seg_no": 16, "width_min_m": 13.69, "width_max_m": null, "verdict": "clear", "width_verified": false, "midpoint_fallback": false, "inherited": false, "route_usage": 70, "length_m": 94.9, "run_length_m": null, "nfa_designated": false, "cctv_dist_m": 25.8, "cv_feasible": false, "width_src": "ngii1k", "width_disagree_m": 0.17, "road_name": "밤실로", "seg_label": "밤실로 29-39", "road_side": "0", "road_bt_m": 20.0, "in_emd": false, "light_count": 0, "unknown_reason": null, "z": 39.6 }, "geometry": { "type": "LineString", "coordinates": [ [ 126.936922, 35.15114 ], [ 126.936922, 35.151139 ], [ 126.936925, 35.151129 ], [ 126.937017, 35.150794 ], [ 126.937033, 35.150671 ], [ 126.937051, 35.15053 ], [ 126.937049, 35.150495 ], [ 126.937034, 35.150296 ] ] } },
{ "type": "Feature", "properties": { "seg_uid": "DM-194231-283865-22RU", "seg_id": "DM00275", "seg_no": 1, "width_min_m": 7.91, "width_max_m": null, "verdict": "clear", "width_verified": false, "midpoint_fallback": false, "inherited": false, "route_usage": 0, "length_m": 43.1, "run_length_m": null, "nfa_designated": false, "cctv_dist_m": 22.9, "cv_feasible": true, "width_src": "ngii1k", "width_disagree_m": 0.9, "road_name": "밤실로39번길", "seg_label": "밤실로39번길 1-39", "road_side": "0", "road_bt_m": 7.0, "in_emd": false, "light_count": 0, "unknown_reason": null, "z": 36.9 }, "geometry": { "type": "LineString", "coordinates": [ [ 126.936925, 35.151129 ], [ 126.936453, 35.151154 ] ] } },
{ "type": "Feature", "properties": { "seg_uid": "DM-194248-283874-1AOQ", "seg_id": "DM00276", "seg_no": 18, "width_min_m": 14.03, "width_max_m": null, "verdict": "clear", "width_verified": false, "midpoint_fallback": false, "inherited": false, "route_usage": 70, "length_m": 21.7, "run_length_m": null, "nfa_designated": false, "cctv_dist_m": 4.6, "cv_feasible": true, "width_src": "ngii1k", "width_disagree_m": 0.67, "road_name": "밤실로", "seg_label": "밤실로 1-41", "road_side": "0", "road_bt_m": 20.0, "in_emd": false, "light_count": 0, "unknown_reason": null, "z": 36.5 }, "geometry": { "type": "LineString", "coordinates": [ [ 126.936922, 35.15114 ], [ 126.936827, 35.151317 ], [ 126.936825, 35.151319 ], [ 126.936825, 35.15132 ] ] } },
{ "type": "Feature", "properties": { "seg_uid": "DM-194296-283885-1AOQ", "seg_id": "DM00277", "seg_no": 19, "width_min_m": 5.31, "width_max_m": null, "verdict": "needs_cv", "width_verified": false, "midpoint_fallback": false, "inherited": false, "route_usage": 0, "length_m": 96.4, "run_length_m": 96.4, "nfa_designated": false, "cctv_dist_m": 10.2, "cv_feasible": true, "width_src": "silpok", "width_disagree_m": null, "road_name": "밤실로", "seg_label": "밤실로 39-40", "road_side": "1", "road_bt_m": 9.0, "in_emd": false, "light_count": 0, "unknown_reason": null, "z": 36.7 }, "geometry": { "type": "LineString", "coordinates": [ [ 126.936922, 35.15114 ], [ 126.937552, 35.151389 ], [ 126.937554, 35.151389 ], [ 126.93764, 35.151415 ], [ 126.937848, 35.15155 ] ] } },
{ "type": "Feature", "properties": { "seg_uid": "DM-194237-283899-1AOQ", "seg_id": "DM00278", "seg_no": 20, "width_min_m": 14.77, "width_max_m": null, "verdict": "clear", "width_verified": false, "midpoint_fallback": false, "inherited": false, "route_usage": 70, "length_m": 31.6, "run_length_m": null, "nfa_designated": false, "cctv_dist_m": 2.3, "cv_feasible": true, "width_src": "ngii1k", "width_disagree_m": 0.58, "road_name": "밤실로", "seg_label": "밤실로 1-43", "road_side": "0", "road_bt_m": 20.0, "in_emd": false, "light_count": 0, "unknown_reason": null, "z": 35.5 }, "geometry": { "type": "LineString", "coordinates": [ [ 126.936824, 35.151321 ], [ 126.936689, 35.151572 ], [ 126.936684, 35.151582 ] ] } },
{ "type": "Feature", "properties": { "seg_uid": "DM-194272-283897-0OQO", "seg_id": "DM00279", "seg_no": 1, "width_min_m": 5.23, "width_max_m": null, "verdict": "needs_cv", "width_verified": false, "midpoint_fallback": false, "inherited": false, "route_usage": 0, "length_m": 62.2, "run_length_m": 151.7, "nfa_designated": true, "cctv_dist_m": 4.6, "cv_feasible": true, "width_src": "ngii1k", "width_disagree_m": 1.61, "road_name": "밤실로42번길", "seg_label": "밤실로42번길 1-41", "road_side": "0", "road_bt_m": 9.0, "in_emd": false, "light_count": 0, "unknown_reason": null, "z": 36.3 }, "geometry": { "type": "LineString", "coordinates": [ [ 126.936825, 35.15132 ], [ 126.937142, 35.15144 ], [ 126.937392, 35.151615 ], [ 126.937396, 35.151618 ], [ 126.937396, 35.151618 ] ] } },
{ "type": "Feature", "properties": { "seg_uid": "DM-194199-283885-1AOQ", "seg_id": "DM00280", "seg_no": 17, "width_min_m": 3.63, "width_max_m": null, "verdict": "needs_cv", "width_verified": false, "midpoint_fallback": false, "inherited": false, "route_usage": 0, "length_m": 89.5, "run_length_m": 151.7, "nfa_designated": true, "cctv_dist_m": 3.4, "cv_feasible": true, "width_src": "ngii1k", "width_disagree_m": 0.39, "road_name": "밤실로", "seg_label": "밤실로 1-41", "road_side": "1", "road_bt_m": 4.0, "in_emd": false, "light_count": 0, "unknown_reason": null, "z": 35.6 }, "geometry": { "type": "LineString", "coordinates": [ [ 126.936824, 35.151321 ], [ 126.936731, 35.1513 ], [ 126.935848, 35.15135 ] ] } },
{ "type": "Feature", "properties": { "seg_uid": "DM-194224-283930-1AOQ", "seg_id": "DM00281", "seg_no": 21, "width_min_m": 14.64, "width_max_m": null, "verdict": "clear", "width_verified": false, "midpoint_fallback": false, "inherited": false, "route_usage": 70, "length_m": 35.3, "run_length_m": null, "nfa_designated": false, "cctv_dist_m": 13.4, "cv_feasible": true, "width_src": "ngii1k", "width_disagree_m": 0.56, "road_name": "밤실로", "seg_label": "밤실로 1-49", "road_side": "0", "road_bt_m": 20.0, "in_emd": false, "light_count": 0, "unknown_reason": null, "z": 33.4 }, "geometry": { "type": "LineString", "coordinates": [ [ 126.936684, 35.151582 ], [ 126.936604, 35.151729 ], [ 126.936525, 35.151872 ] ] } },
{ "type": "Feature", "properties": { "seg_uid": "DM-194189-283915-5CP4", "seg_id": "DM00282", "seg_no": 1, "width_min_m": 3.78, "width_max_m": null, "verdict": "needs_cv", "width_verified": false, "midpoint_fallback": false, "inherited": false, "route_usage": 0, "length_m": 82.4, "run_length_m": 254.6, "nfa_designated": true, "cctv_dist_m": 4.0, "cv_feasible": true, "width_src": "ngii1k", "width_disagree_m": 0.28, "road_name": "밤실로43번길", "seg_label": "밤실로43번길 1-43", "road_side": "0", "road_bt_m": 6.0, "in_emd": false, "light_count": 0, "unknown_reason": null, "z": 33.0 }, "geometry": { "type": "LineString", "coordinates": [ [ 126.936684, 35.151582 ], [ 126.93651, 35.151584 ], [ 126.936126, 35.151597 ], [ 126.93584, 35.151608 ], [ 126.93578, 35.151608 ] ] } },
{ "type": "Feature", "properties": { "seg_uid": "DM-194202-283976-1AOQ", "seg_id": "DM00283", "seg_no": 22, "width_min_m": 15.14, "width_max_m": null, "verdict": "clear", "width_verified": false, "midpoint_fallback": false, "inherited": false, "route_usage": 0, "length_m": 67.0, "run_length_m": null, "nfa_designated": false, "cctv_dist_m": 13.3, "cv_feasible": true, "width_src": "ngii1k", "width_disagree_m": 0.33, "road_name": "밤실로", "seg_label": "밤실로 47-55", "road_side": "0", "road_bt_m": 20.0, "in_emd": false, "light_count": 0, "unknown_reason": null, "z": 31.4 }, "geometry": { "type": "LineString", "coordinates": [ [ 126.936525, 35.151872 ], [ 126.936378, 35.152137 ], [ 126.936369, 35.152153 ], [ 126.93635, 35.152188 ], [ 126.936295, 35.152299 ], [ 126.936255, 35.152433 ] ] } },
{ "type": "Feature", "properties": { "seg_uid": "DM-194178-283948-6RMT", "seg_id": "DM00284", "seg_no": 1, "width_min_m": 7.72, "width_max_m": null, "verdict": "clear", "width_verified": false, "midpoint_fallback": false, "inherited": false, "route_usage": 70, "length_m": 75.5, "run_length_m": null, "nfa_designated": false, "cctv_dist_m": 4.4, "cv_feasible": true, "width_src": "ngii1k", "width_disagree_m": 0.28, "road_name": "필문대로205번길", "seg_label": "필문대로205번길 41-49", "road_side": "0", "road_bt_m": 8.0, "in_emd": false, "light_count": 0, "unknown_reason": null, "z": 30.5 }, "geometry": { "type": "LineString", "coordinates": [ [ 126.935697, 35.15191 ], [ 126.935699, 35.15191 ], [ 126.936525, 35.151872 ] ] } },
{ "type": "Feature", "properties": { "seg_uid": "DM-194192-284034-1AOQ", "seg_id": "DM00285", "seg_no": 24, "width_min_m": 14.18, "width_max_m": null, "verdict": "clear", "width_verified": false, "midpoint_fallback": false, "inherited": false, "route_usage": 0, "length_m": 52.7, "run_length_m": null, "nfa_designated": false, "cctv_dist_m": 66.9, "cv_feasible": false, "width_src": "ngii1k", "width_disagree_m": 0.09, "road_name": "밤실로", "seg_label": "밤실로 55-59", "road_side": "0", "road_bt_m": 20.0, "in_emd": false, "light_count": 0, "unknown_reason": null, "z": 31.7 }, "geometry": { "type": "LineString", "coordinates": [ [ 126.936255, 35.152433 ], [ 126.93625, 35.152451 ], [ 126.936249, 35.152453 ], [ 126.93625, 35.152621 ], [ 126.936326, 35.152901 ] ] } },
{ "type": "Feature", "properties": { "seg_uid": "DM-194226-284009-1AOQ", "seg_id": "DM00286", "seg_no": 23, "width_min_m": 7.67, "width_max_m": null, "verdict": "clear", "width_verified": false, "midpoint_fallback": false, "inherited": false, "route_usage": 0, "length_m": 69.0, "run_length_m": null, "nfa_designated": false, "cctv_dist_m": 66.2, "cv_feasible": false, "width_src": "ngii1k", "width_disagree_m": 0.45, "road_name": "밤실로", "seg_label": "밤실로 7-56", "road_side": "1", "road_bt_m": 9.0, "in_emd": false, "light_count": 0, "unknown_reason": null, "z": 33.0 }, "geometry": { "type": "LineString", "coordinates": [ [ 126.936255, 35.152433 ], [ 126.936322, 35.152434 ], [ 126.936391, 35.152436 ], [ 126.936681, 35.152444 ], [ 126.936911, 35.152454 ], [ 126.936988, 35.152447 ], [ 126.937009, 35.15244 ] ] } },
{ "type": "Feature", "properties": { "seg_uid": "DM-192463-283928-X9DQ", "seg_id": "DM00374", "seg_no": 1, "width_min_m": 25.11, "width_max_m": null, "verdict": "clear", "width_verified": false, "midpoint_fallback": false, "inherited": false, "route_usage": 0, "length_m": 66.7, "run_length_m": null, "nfa_designated": false, "cctv_dist_m": 34.3, "cv_feasible": false, "width_src": "ngii1k", "width_disagree_m": 1.12, "road_name": "중앙로", "seg_label": "중앙로 31-215", "road_side": "0", "road_bt_m": 25.0, "in_emd": false, "light_count": 19, "unknown_reason": null, "z": 9.5 }, "geometry": { "type": "LineString", "coordinates": [ [ 126.917015, 35.151494 ], [ 126.917511, 35.15188 ], [ 126.917545, 35.151908 ] ] } },
{ "type": "Feature", "properties": { "seg_uid": "DM-192469-283966-X9DQ", "seg_id": "DM00377", "seg_no": 2, "width_min_m": 1.33, "width_max_m": null, "verdict": "unknown", "width_verified": false, "midpoint_fallback": false, "inherited": false, "route_usage": 0, "length_m": 46.3, "run_length_m": null, "nfa_designated": false, "cctv_dist_m": 34.3, "cv_feasible": false, "width_src": "silpok", "width_disagree_m": null, "road_name": "중앙로", "seg_label": "중앙로 215", "road_side": "1", "road_bt_m": 3.0, "in_emd": false, "light_count": 9, "unknown_reason": "no_cctv", "z": 9.3 }, "geometry": { "type": "LineString", "coordinates": [ [ 126.917545, 35.151908 ], [ 126.917427, 35.15198 ], [ 126.917177, 35.152194 ] ] } },
{ "type": "Feature", "properties": { "seg_uid": "DM-192587-284050-X9DQ", "seg_id": "DM00378", "seg_no": 7, "width_min_m": 25.3, "width_max_m": 25.86, "verdict": "clear", "width_verified": false, "midpoint_fallback": false, "inherited": false, "route_usage": 0, "length_m": 34.7, "run_length_m": null, "nfa_designated": false, "cctv_dist_m": 98.2, "cv_feasible": false, "width_src": "ngii1k", "width_disagree_m": null, "road_name": "중앙로", "seg_label": "중앙로 227-231", "road_side": "0", "road_bt_m": 25.0, "in_emd": false, "light_count": 0, "unknown_reason": null, "z": 9.7 }, "geometry": { "type": "LineString", "coordinates": [ [ 126.918508, 35.15269 ], [ 126.918516, 35.152696 ], [ 126.918743, 35.152883 ], [ 126.918746, 35.152886 ], [ 126.918777, 35.152912 ] ] } },
{ "type": "Feature", "properties": { "seg_uid": "DM-192558-284056-X9DQ", "seg_id": "DM00379", "seg_no": 6, "width_min_m": 2.77, "width_max_m": null, "verdict": "blocked", "width_verified": false, "midpoint_fallback": false, "inherited": false, "route_usage": 0, "length_m": 49.8, "run_length_m": 49.8, "nfa_designated": false, "cctv_dist_m": 98.2, "cv_feasible": false, "width_src": "ngii1k", "width_disagree_m": 0.57, "road_name": "중앙로", "seg_label": "중앙로 7-227", "road_side": "1", "road_bt_m": 2.0, "in_emd": false, "light_count": 0, "unknown_reason": null, "z": 9.2 }, "geometry": { "type": "LineString", "coordinates": [ [ 126.918508, 35.15269 ], [ 126.918403, 35.152784 ], [ 126.918138, 35.15302 ] ] } },
{ "type": "Feature", "properties": { "seg_uid": "DM-192618-284081-X9DQ", "seg_id": "DM00380", "seg_no": 8, "width_min_m": 25.51, "width_max_m": 25.63, "verdict": "clear", "width_verified": false, "midpoint_fallback": false, "inherited": false, "route_usage": 0, "length_m": 52.4, "run_length_m": null, "nfa_designated": false, "cctv_dist_m": 109.2, "cv_feasible": false, "width_src": "ngii1k", "width_disagree_m": 1.66, "road_name": "중앙로", "seg_label": "중앙로 69-235", "road_side": "0", "road_bt_m": 25.0, "in_emd": false, "light_count": 13, "unknown_reason": null, "z": 9.9 }, "geometry": { "type": "LineString", "coordinates": [ [ 126.918777, 35.152912 ], [ 126.918791, 35.152923 ], [ 126.919183, 35.153247 ] ] } },
{ "type": "Feature", "properties": { "seg_uid": "DM-192625-284036-X9DQ", "seg_id": "DM00381", "seg_no": 5, "width_min_m": 2.25, "width_max_m": 5.0, "verdict": "unknown", "width_verified": false, "midpoint_fallback": false, "inherited": false, "route_usage": 0, "length_m": 73.9, "run_length_m": null, "nfa_designated": false, "cctv_dist_m": 98.5, "cv_feasible": false, "width_src": "ngii1k", "width_disagree_m": 0.25, "road_name": "중앙로", "seg_label": "중앙로 231-232", "road_side": "1", "road_bt_m": 3.0, "in_emd": false, "light_count": 0, "unknown_reason": "no_cctv", "z": 10.4 }, "geometry": { "type": "LineString", "coordinates": [ [ 126.918777, 35.152912 ], [ 126.918909, 35.152804 ], [ 126.918945, 35.152775 ], [ 126.919041, 35.1527 ], [ 126.919077, 35.152664 ], [ 126.91909, 35.152604 ], [ 126.919119, 35.152556 ], [ 126.919179, 35.152503 ], [ 126.919293, 35.152414 ] ] } },
{ "type": "Feature", "properties": { "seg_uid": "DM-192657-284120-X9DQ", "seg_id": "DM00382", "seg_no": 9, "width_min_m": 24.41, "width_max_m": 25.83, "verdict": "clear", "width_verified": false, "midpoint_fallback": false, "inherited": false, "route_usage": 0, "length_m": 59.1, "run_length_m": null, "nfa_designated": false, "cctv_dist_m": 71.1, "cv_feasible": false, "width_src": "ngii1k", "width_disagree_m": 0.65, "road_name": "중앙로", "seg_label": "중앙로 69-241", "road_side": "0", "road_bt_m": 25.0, "in_emd": false, "light_count": 13, "unknown_reason": null, "z": 10.0 }, "geometry": { "type": "LineString", "coordinates": [ [ 126.919183, 35.153247 ], [ 126.919249, 35.153301 ], [ 126.919641, 35.153624 ] ] } },
{ "type": "Feature", "properties": { "seg_uid": "DM-192618-284112-JFYG", "seg_id": "DM00383", "seg_no": 72, "width_min_m": 10.35, "width_max_m": 13.5, "verdict": "clear", "width_verified": false, "midpoint_fallback": false, "inherited": false, "route_usage": 235, "length_m": 44.2, "run_length_m": null, "nfa_designated": false, "cctv_dist_m": 109.2, "cv_feasible": false, "width_src": "silpok", "width_disagree_m": null, "road_name": "동계천로", "seg_label": "동계천로 15-235", "road_side": "0", "road_bt_m": 15.0, "in_emd": false, "light_count": 13, "unknown_reason": null, "z": 9.7 }, "geometry": { "type": "LineString", "coordinates": [ [ 126.918792, 35.153482 ], [ 126.918867, 35.15343 ], [ 126.919183, 35.153247 ] ] } },
{ "type": "Feature", "properties": { "seg_uid": "DM-192657-284077-JFYG", "seg_id": "DM00384", "seg_no": 71, "width_min_m": 8.49, "width_max_m": 10.22, "verdict": "clear", "width_verified": false, "midpoint_fallback": false, "inherited": false, "route_usage": 235, "length_m": 61.0, "run_length_m": null, "nfa_designated": false, "cctv_dist_m": 88.8, "cv_feasible": false, "width_src": "ngii1k", "width_disagree_m": 0.95, "road_name": "동계천로", "seg_label": "동계천로 69-235", "road_side": "0", "road_bt_m": 15.0, "in_emd": true, "light_count": 13, "unknown_reason": null, "z": 10.4 }, "geometry": { "type": "LineString", "coordinates": [ [ 126.919183, 35.153247 ], [ 126.919184, 35.153246 ], [ 126.919568, 35.15291 ], [ 126.919649, 35.152853 ] ] } },
{ "type": "Feature", "properties": { "seg_uid": "DM-192689-284152-X9DQ", "seg_id": "DM00385", "seg_no": 11, "width_min_m": 24.64, "width_max_m": 24.9, "verdict": "clear", "width_verified": false, "midpoint_fallback": false, "inherited": false, "route_usage": 1, "length_m": 30.6, "run_length_m": null, "nfa_designated": false, "cctv_dist_m": 65.1, "cv_feasible": false, "width_src": "ngii1k", "width_disagree_m": 0.1, "road_name": "중앙로", "seg_label": "중앙로 241-245", "road_side": "0", "road_bt_m": 25.0, "in_emd": false, "light_count": 13, "unknown_reason": null, "z": 9.7 }, "geometry": { "type": "LineString", "coordinates": [ [ 126.919641, 35.153624 ], [ 126.919878, 35.153818 ], [ 126.919879, 35.153819 ] ] } },
{ "type": "Feature", "properties": { "seg_uid": "DM-192662-284158-X9DQ", "seg_id": "DM00386", "seg_no": 10, "width_min_m": 3.14, "width_max_m": 7.44, "verdict": "unknown", "width_verified": false, "midpoint_fallback": false, "inherited": false, "route_usage": 1, "length_m": 47.3, "run_length_m": null, "nfa_designated": false, "cctv_dist_m": 57.7, "cv_feasible": false, "width_src": "ngii1k", "width_disagree_m": null, "road_name": "중앙로", "seg_label": "중앙로 32-241", "road_side": "1", "road_bt_m": 2.0, "in_emd": false, "light_count": 13, "unknown_reason": "no_cctv", "z": 9.6 }, "geometry": { "type": "LineString", "coordinates": [ [ 126.919641, 35.153624 ], [ 126.919287, 35.153934 ] ] } },
{ "type": "Feature", "properties": { "seg_uid": "DM-192702-284165-X9DQ", "seg_id": "DM00387", "seg_no": 12, "width_min_m": 24.92, "width_max_m": 36.99, "verdict": "clear", "width_verified": false, "midpoint_fallback": false, "inherited": false, "route_usage": 3, "length_m": 7.3, "run_length_m": null, "nfa_designated": false, "cctv_dist_m": 65.1, "cv_feasible": false, "width_src": "ngii1k", "width_disagree_m": 1.06, "road_name": "중앙로", "seg_label": "중앙로 33-245", "road_side": "0", "road_bt_m": 25.0, "in_emd": false, "light_count": 0, "unknown_reason": null, "z": 9.6 }, "geometry": { "type": "LineString", "coordinates": [ [ 126.919879, 35.153819 ], [ 126.919882, 35.153821 ], [ 126.919932, 35.153863 ], [ 126.919935, 35.153865 ] ] } },
{ "type": "Feature", "properties": { "seg_uid": "DM-192727-284128-TO49", "seg_id": "DM00388", "seg_no": 3, "width_min_m": 1.51, "width_max_m": 4.38, "verdict": "needs_cv", "width_verified": false, "midpoint_fallback": false, "inherited": false, "route_usage": 4, "length_m": 89.4, "run_length_m": 89.4, "nfa_designated": false, "cctv_dist_m": 6.3, "cv_feasible": true, "width_src": "ngii1k", "width_disagree_m": 0.19, "road_name": "중앙로246번길", "seg_label": "중앙로246번길 1-245", "road_side": "0", "road_bt_m": 3.0, "in_emd": true, "light_count": 0, "unknown_reason": null, "z": 10.2 }, "geometry": { "type": "LineString", "coordinates": [ [ 126.919879, 35.153819 ], [ 126.919968, 35.153733 ], [ 126.919969, 35.153732 ], [ 126.919999, 35.153703 ], [ 126.920072, 35.153635 ], [ 126.920132, 35.153564 ], [ 126.920213, 35.15347 ], [ 126.920319, 35.153352 ], [ 126.920377, 35.153287 ], [ 126.920454, 35.153198 ], [ 126.920472, 35.153178 ] ] } },
{ "type": "Feature", "properties": { "seg_uid": "DM-192722-284185-X9DQ", "seg_id": "DM00389", "seg_no": 14, "width_min_m": 24.1, "width_max_m": 28.2, "verdict": "clear", "width_verified": false, "midpoint_fallback": false, "inherited": false, "route_usage": 0, "length_m": 47.7, "run_length_m": null, "nfa_designated": false, "cctv_dist_m": 65.7, "cv_feasible": false, "width_src": "ngii1k", "width_disagree_m": 1.64, "road_name": "중앙로", "seg_label": "중앙로 33-251", "road_side": "0", "road_bt_m": 25.0, "in_emd": true, "light_count": 14, "unknown_reason": null, "z": 9.6 }, "geometry": { "type": "LineString", "coordinates": [ [ 126.919935, 35.153865 ], [ 126.920241, 35.154117 ], [ 126.920301, 35.154172 ] ] } },
{ "type": "Feature", "properties": { "seg_uid": "DM-192697-284175-PF48", "seg_id": "DM00390", "seg_no": 2, "width_min_m": 8.0, "width_max_m": 9.03, "verdict": "clear", "width_verified": false, "midpoint_fallback": false, "inherited": false, "route_usage": 3, "length_m": 22.0, "run_length_m": null, "nfa_designated": false, "cctv_dist_m": 65.7, "cv_feasible": false, "width_src": "ngii1k", "width_disagree_m": 0.72, "road_name": "구성로238번길", "seg_label": "구성로238번길 29-245", "road_side": "0", "road_bt_m": 11.0, "in_emd": false, "light_count": 0, "unknown_reason": null, "z": 9.4 }, "geometry": { "type": "LineString", "coordinates": [ [ 126.919757, 35.154 ], [ 126.919931, 35.153868 ], [ 126.919935, 35.153865 ] ] } },
{ "type": "Feature", "properties": { "seg_uid": "DM-192742-284206-X9DQ", "seg_id": "DM00391", "seg_no": 15, "width_min_m": 27.72, "width_max_m": null, "verdict": "clear", "width_verified": false, "midpoint_fallback": false, "inherited": false, "route_usage": 49, "length_m": 11.7, "run_length_m": null, "nfa_designated": false, "cctv_dist_m": 86.7, "cv_feasible": false, "width_src": "ngii1k", "width_disagree_m": 3.12, "road_name": "중앙로", "seg_label": "중앙로 251", "road_side": "0", "road_bt_m": 25.0, "in_emd": true, "light_count": 14, "unknown_reason": null, "z": 9.4 }, "geometry": { "type": "LineString", "coordinates": [ [ 126.920301, 35.154172 ], [ 126.920316, 35.154185 ], [ 126.920387, 35.15425 ] ] } },
{ "type": "Feature", "properties": { "seg_uid": "DM-192708-284201-X9DQ", "seg_id": "DM00392", "seg_no": 16, "width_min_m": 5.78, "width_max_m": 7.44, "verdict": "unknown", "width_verified": false, "midpoint_fallback": false, "inherited": false, "route_usage": 49, "length_m": 62.3, "run_length_m": null, "nfa_designated": false, "cctv_dist_m": 56.4, "cv_feasible": false, "width_src": "silpok", "width_disagree_m": null, "road_name": "중앙로", "seg_label": "중앙로 29-251", "road_side": "1", "road_bt_m": 5.0, "in_emd": true, "light_count": 14, "unknown_reason": "no_cctv", "z": 9.2 }, "geometry": { "type": "LineString", "coordinates": [ [ 126.920301, 35.154172 ], [ 126.920154, 35.154209 ], [ 126.919647, 35.154084 ] ] } },
{ "type": "Feature", "properties": { "seg_uid": "DM-192750-284177-X9DQ", "seg_id": "DM00393", "seg_no": 13, "width_min_m": 1.25, "width_max_m": 6.09, "verdict": "unknown", "width_verified": false, "midpoint_fallback": false, "inherited": false, "route_usage": 2, "length_m": 60.2, "run_length_m": null, "nfa_designated": false, "cctv_dist_m": 44.0, "cv_feasible": false, "width_src": "ngii1k", "width_disagree_m": 0.15, "road_name": "중앙로", "seg_label": "중앙로 251-252", "road_side": "1", "road_bt_m": 2.0, "in_emd": true, "light_count": 14, "unknown_reason": "no_cctv", "z": 9.7 }, "geometry": { "type": "LineString", "coordinates": [ [ 126.920316, 35.154185 ], [ 126.920414, 35.1541 ], [ 126.920413, 35.154042 ], [ 126.920414, 35.154004 ], [ 126.92041, 35.153976 ], [ 126.92044, 35.153942 ], [ 126.920622, 35.15373 ] ] } },
{ "type": "Feature", "properties": { "seg_uid": "DM-192752-284217-X9DQ", "seg_id": "DM00394", "seg_no": 17, "width_min_m": 29.63, "width_max_m": 34.81, "verdict": "clear", "width_verified": false, "midpoint_fallback": false, "inherited": false, "route_usage": 47, "length_m": 18.1, "run_length_m": null, "nfa_designated": false, "cctv_dist_m": 91.3, "cv_feasible": false, "width_src": "ngii1k", "width_disagree_m": 3.82, "road_name": "중앙로", "seg_label": "중앙로 251-253", "road_side": "0", "road_bt_m": 25.0, "in_emd": true, "light_count": 14, "unknown_reason": null, "z": 9.4 }, "geometry": { "type": "LineString", "coordinates": [ [ 126.920387, 35.15425 ], [ 126.920397, 35.154259 ], [ 126.920459, 35.154316 ], [ 126.92052, 35.154371 ] ] } },
{ "type": "Feature", "properties": { "seg_uid": "DM-192784-284147-Z8KD", "seg_id": "DM00395", "seg_no": 3, "width_min_m": 1.98, "width_max_m": 3.9, "verdict": "unknown", "width_verified": false, "midpoint_fallback": false, "inherited": false, "route_usage": 2, "length_m": 157.6, "run_length_m": null, "nfa_designated": false, "cctv_dist_m": 25.1, "cv_feasible": false, "width_src": "ngii1k", "width_disagree_m": 0.12, "road_name": "중앙로252번길", "seg_label": "중앙로252번길 1-251", "road_side": "0", "road_bt_m": 6.0, "in_emd": true, "light_count": 14, "unknown_reason": "no_cctv", "z": 10.1 }, "geometry": { "type": "LineString", "coordinates": [ [ 126.920387, 35.15425 ], [ 126.92049, 35.154141 ], [ 126.920586, 35.15404 ], [ 126.920699, 35.153941 ], [ 126.920793, 35.153864 ], [ 126.920819, 35.153811 ], [ 126.920787, 35.153736 ], [ 126.920791, 35.153693 ], [ 126.920856, 35.153607 ], [ 126.921088, 35.153303 ], [ 126.921266, 35.153076 ] ] } },
{ "type": "Feature", "properties": { "seg_uid": "DM-192769-284263-X9DQ", "seg_id": "DM00396", "seg_no": 22, "width_min_m": 26.69, "width_max_m": 29.85, "verdict": "clear", "width_verified": false, "midpoint_fallback": false, "inherited": false, "route_usage": 47, "length_m": 81.1, "run_length_m": null, "nfa_designated": false, "cctv_dist_m": 56.8, "cv_feasible": false, "width_src": "ngii1k", "width_disagree_m": 0.3, "road_name": "중앙로", "seg_label": "중앙로 253-285", "road_side": "0", "road_bt_m": 25.0, "in_emd": true, "light_count": 14, "unknown_reason": null, "z": 9.4 }, "geometry": { "type": "LineString", "coordinates": [ [ 126.92052, 35.154371 ], [ 126.920558, 35.154452 ], [ 126.92061, 35.154626 ], [ 126.920667, 35.154815 ], [ 126.920664, 35.155085 ] ] } },
{ "type": "Feature", "properties": { "seg_uid": "DM-192725-284225-X9DQ", "seg_id": "DM00397", "seg_no": 18, "width_min_m": 1.98, "width_max_m": 3.72, "verdict": "unknown", "width_verified": false, "midpoint_fallback": false, "inherited": false, "route_usage": 0, "length_m": 69.1, "run_length_m": null, "nfa_designated": false, "cctv_dist_m": 58.9, "cv_feasible": false, "width_src": "ngii1k", "width_disagree_m": 0.08, "road_name": "중앙로", "seg_label": "중앙로 27-253", "road_side": "1", "road_bt_m": 3.0, "in_emd": true, "light_count": 14, "unknown_reason": "no_cctv", "z": 9.1 }, "geometry": { "type": "LineString", "coordinates": [ [ 126.92052, 35.154371 ], [ 126.920283, 35.154423 ], [ 126.920242, 35.154414 ], [ 126.920203, 35.154404 ], [ 126.92017, 35.154389 ], [ 126.920128, 35.154367 ], [ 126.920093, 35.154345 ], [ 126.920058, 35.15433 ], [ 126.920033, 35.154325 ], [ 126.920011, 35.154331 ], [ 126.919986, 35.154351 ], [ 126.919889, 35.154437 ], [ 126.919866, 35.154456 ] ] } },
{ "type": "Feature", "properties": { "seg_uid": "DM-192744-284271-52VO", "seg_id": "DM00398", "seg_no": 32, "width_min_m": 14.2, "width_max_m": 14.67, "verdict": "clear", "width_verified": false, "midpoint_fallback": false, "inherited": false, "route_usage": 47, "length_m": 88.3, "run_length_m": null, "nfa_designated": false, "cctv_dist_m": 84.3, "cv_feasible": false, "width_src": "ngii1k", "width_disagree_m": null, "road_name": "경양로", "seg_label": "경양로 257-287", "road_side": "0", "road_bt_m": 15.0, "in_emd": true, "light_count": 18, "unknown_reason": null, "z": 9.2 }, "geometry": { "type": "LineString", "coordinates": [ [ 126.920737, 35.154536 ], [ 126.92061, 35.154626 ], [ 126.920355, 35.154806 ], [ 126.920021, 35.155041 ], [ 126.920002, 35.155055 ] ] } },
{ "type": "Feature", "properties": { "seg_uid": "DM-192771-284307-X9DQ", "seg_id": "DM00399", "seg_no": 26, "width_min_m": 25.21, "width_max_m": 34.68, "verdict": "clear", "width_verified": false, "midpoint_fallback": false, "inherited": false, "route_usage": 2, "length_m": 8.1, "run_length_m": null, "nfa_designated": false, "cctv_dist_m": 53.8, "cv_feasible": false, "width_src": "ngii1k", "width_disagree_m": 0.48, "road_name": "중앙로", "seg_label": "중앙로 261-263", "road_side": "0", "road_bt_m": 25.0, "in_emd": false, "light_count": 0, "unknown_reason": null, "z": 9.3 }, "geometry": { "type": "LineString", "coordinates": [ [ 126.920664, 35.155085 ], [ 126.920663, 35.155096 ], [ 126.920662, 35.155158 ] ] } },
{ "type": "Feature", "properties": { "seg_uid": "DM-192740-284324-X9DQ", "seg_id": "DM00400", "seg_no": 28, "width_min_m": 1.92, "width_max_m": 4.5, "verdict": "unknown", "width_verified": false, "midpoint_fallback": false, "inherited": false, "route_usage": 0, "length_m": 77.9, "run_length_m": null, "nfa_designated": false, "cctv_dist_m": 56.8, "cv_feasible": false, "width_src": "ngii1k", "width_disagree_m": 0.83, "road_name": "중앙로", "seg_label": "중앙로 5-261", "road_side": "1", "road_bt_m": 2.0, "in_emd": false, "light_count": 0, "unknown_reason": "no_cctv", "z": 9.0 }, "geometry": { "type": "LineString", "coordinates": [ [ 126.920664, 35.155085 ], [ 126.920529, 35.155098 ], [ 126.920521, 35.155104 ], [ 126.920485, 35.155129 ], [ 126.920432, 35.155169 ], [ 126.920359, 35.155231 ], [ 126.920208, 35.155406 ], [ 126.920121, 35.1555 ], [ 126.920046, 35.155524 ] ] } },
{ "type": "Feature", "properties": { "seg_uid": "DM-192771-284320-X9DQ", "seg_id": "DM00401", "seg_no": 29, "width_min_m": 24.13, "width_max_m": 26.0, "verdict": "clear", "width_verified": false, "midpoint_fallback": false, "inherited": false, "route_usage": 0, "length_m": 17.8, "run_length_m": null, "nfa_designated": false, "cctv_dist_m": 51.3, "cv_feasible": false, "width_src": "ngii1k", "width_disagree_m": 0.94, "road_name": "중앙로", "seg_label": "중앙로 263", "road_side": "0", "road_bt_m": 25.0, "in_emd": false, "light_count": 0, "unknown_reason": null, "z": 9.2 }, "geometry": { "type": "LineString", "coordinates": [ [ 126.920662, 35.155158 ], [ 126.92066, 35.15531 ], [ 126.92066, 35.155319 ] ] } },
{ "type": "Feature", "properties": { "seg_uid": "DM-192802-284295-X9DQ", "seg_id": "DM00402", "seg_no": 25, "width_min_m": 1.01, "width_max_m": 2.02, "verdict": "blocked", "width_verified": false, "midpoint_fallback": false, "inherited": false, "route_usage": 2, "length_m": 76.2, "run_length_m": 76.2, "nfa_designated": false, "cctv_dist_m": 36.8, "cv_feasible": false, "width_src": "ngii1k", "width_disagree_m": null, "road_name": "중앙로", "seg_label": "중앙로 262-263", "road_side": "1", "road_bt_m": 2.0, "in_emd": false, "light_count": 22, "unknown_reason": null, "z": 9.5 }, "geometry": { "type": "LineString", "coordinates": [ [ 126.920662, 35.155158 ], [ 126.92081, 35.155162 ], [ 126.920871, 35.155126 ], [ 126.920938, 35.155073 ], [ 126.921003, 35.155008 ], [ 126.92097, 35.154911 ], [ 126.921169, 35.154981 ], [ 126.921235, 35.154944 ] ] } },
{ "type": "Feature", "properties": { "seg_uid": "DM-192771-284353-X9DQ", "seg_id": "DM00403", "seg_no": 32, "width_min_m": 24.7, "width_max_m": 26.42, "verdict": "clear", "width_verified": false, "midpoint_fallback": false, "inherited": false, "route_usage": 0, "length_m": 48.0, "run_length_m": null, "nfa_designated": false, "cctv_dist_m": 51.3, "cv_feasible": false, "width_src": "ngii1k", "width_disagree_m": 0.31, "road_name": "중앙로", "seg_label": "중앙로 263-269", "road_side": "0", "road_bt_m": 25.0, "in_emd": false, "light_count": 0, "unknown_reason": null, "z": 9.1 }, "geometry": { "type": "LineString", "coordinates": [ [ 126.92066, 35.155319 ], [ 126.920654, 35.155751 ] ] } },
{ "type": "Feature", "properties": { "seg_uid": "DM-192797-284329-X9DQ", "seg_id": "DM00404", "seg_no": 30, "width_min_m": 1.59, "width_max_m": 3.35, "verdict": "needs_cv", "width_verified": false, "midpoint_fallback": false, "inherited": false, "route_usage": 0, "length_m": 51.8, "run_length_m": 162.6, "nfa_designated": true, "cctv_dist_m": 0.2, "cv_feasible": true, "width_src": "ngii1k", "width_disagree_m": 0.21, "road_name": "중앙로", "seg_label": "중앙로 6-264", "road_side": "1", "road_bt_m": 3.0, "in_emd": false, "light_count": 18, "unknown_reason": null, "z": 9.4 }, "geometry": { "type": "LineString", "coordinates": [ [ 126.92066, 35.155319 ], [ 126.920795, 35.155317 ], [ 126.920959, 35.155315 ], [ 126.921183, 35.155308 ], [ 126.921228, 35.155309 ] ] } },
{ "type": "Feature", "properties": { "seg_uid": "DM-192770-284385-X9DQ", "seg_id": "DM00405", "seg_no": 33, "width_min_m": 24.88, "width_max_m": null, "verdict": "clear", "width_verified": false, "midpoint_fallback": false, "inherited": false, "route_usage": 0, "length_m": 15.1, "run_length_m": null, "nfa_designated": false, "cctv_dist_m": 71.3, "cv_feasible": false, "width_src": "ngii1k", "width_disagree_m": 0.49, "road_name": "중앙로", "seg_label": "중앙로 269-271", "road_side": "0", "road_bt_m": 25.0, "in_emd": false, "light_count": 0, "unknown_reason": null, "z": 9.0 }, "geometry": { "type": "LineString", "coordinates": [ [ 126.920654, 35.155751 ], [ 126.920652, 35.155887 ] ] } },
{ "type": "Feature", "properties": { "seg_uid": "DM-192752-284375-X9DQ", "seg_id": "DM00406", "seg_no": 31, "width_min_m": 1.0, "width_max_m": null, "verdict": "blocked", "width_verified": false, "midpoint_fallback": false, "inherited": false, "route_usage": 0, "length_m": 38.1, "run_length_m": 38.1, "nfa_designated": false, "cctv_dist_m": 71.3, "cv_feasible": false, "width_src": "ngii1k", "width_disagree_m": 0.23, "road_name": "중앙로", "seg_label": "중앙로 269", "road_side": "1", "road_bt_m": 1.0, "in_emd": false, "light_count": 0, "unknown_reason": null, "z": 8.9 }, "geometry": { "type": "LineString", "coordinates": [ [ 126.920654, 35.155751 ], [ 126.920522, 35.155751 ], [ 126.920389, 35.155715 ], [ 126.920362, 35.155705 ], [ 126.920325, 35.155698 ], [ 126.920246, 35.155694 ] ] } },
{ "type": "Feature", "properties": { "seg_uid": "DM-192571-284100-3URW", "seg_id": "DM00539", "seg_no": 2, "width_min_m": 2.22, "width_max_m": 5.13, "verdict": "unknown", "width_verified": false, "midpoint_fallback": false, "inherited": false, "route_usage": 0, "length_m": 78.6, "run_length_m": null, "nfa_designated": false, "cctv_dist_m": 114.5, "cv_feasible": false, "width_src": "silpok", "width_disagree_m": null, "road_name": "제봉로178번길", "seg_label": "제봉로178번길 7-227", "road_side": "0", "road_bt_m": 5.0, "in_emd": false, "light_count": 13, "unknown_reason": "no_cctv", "z": 9.1 }, "geometry": { "type": "LineString", "coordinates": [ [ 126.918138, 35.15302 ], [ 126.918141, 35.153022 ], [ 126.91836, 35.153176 ], [ 126.918792, 35.153482 ] ] } },
{ "type": "Feature", "properties": { "seg_uid": "DM-192582-284141-JFYG", "seg_id": "DM00540", "seg_no": 73, "width_min_m": 8.9, "width_max_m": 12.36, "verdict": "clear", "width_verified": false, "midpoint_fallback": false, "inherited": false, "route_usage": 235, "length_m": 48.2, "run_length_m": null, "nfa_designated": false, "cctv_dist_m": 107.3, "cv_feasible": false, "width_src": "silpok", "width_disagree_m": null, "road_name": "동계천로", "seg_label": "동계천로 15-65", "road_side": "0", "road_bt_m": 15.0, "in_emd": false, "light_count": 13, "unknown_reason": null, "z": 9.0 }, "geometry": { "type": "LineString", "coordinates": [ [ 126.918389, 35.153763 ], [ 126.91839, 35.153762 ], [ 126.918792, 35.153482 ] ] } },
{ "type": "Feature", "properties": { "seg_uid": "DM-192491-284099-BH1S", "seg_id": "DM00541", "seg_no": 3, "width_min_m": 7.02, "width_max_m": null, "verdict": "clear", "width_verified": false, "midpoint_fallback": false, "inherited": false, "route_usage": 235, "length_m": 24.2, "run_length_m": null, "nfa_designated": false, "cctv_dist_m": 117.3, "cv_feasible": false, "width_src": "silpok", "width_disagree_m": null, "road_name": "제봉로184번길", "seg_label": "제봉로184번길 5-7", "road_side": "0", "road_bt_m": 8.0, "in_emd": false, "light_count": 0, "unknown_reason": null, "z": 8.8 }, "geometry": { "type": "LineString", "coordinates": [ [ 126.917483, 35.153175 ], [ 126.91768, 35.153303 ], [ 126.917691, 35.153311 ] ] } },
{ "type": "Feature", "properties": { "seg_uid": "DM-192459-284108-BH1S", "seg_id": "DM00542", "seg_no": 2, "width_min_m": 6.98, "width_max_m": null, "verdict": "unknown", "width_verified": false, "midpoint_fallback": false, "inherited": false, "route_usage": 235, "length_m": 54.8, "run_length_m": null, "nfa_designated": false, "cctv_dist_m": 80.2, "cv_feasible": false, "width_src": "silpok", "width_disagree_m": null, "road_name": "제봉로184번길", "seg_label": "제봉로184번길 1-5", "road_side": "1", "road_bt_m": 8.0, "in_emd": false, "light_count": 0, "unknown_reason": "no_cctv", "z": 8.8 }, "geometry": { "type": "LineString", "coordinates": [ [ 126.917483, 35.153175 ], [ 126.916998, 35.153468 ] ] } },
{ "type": "Feature", "properties": { "seg_uid": "DM-192508-284113-BH1S", "seg_id": "DM00543", "seg_no": 4, "width_min_m": 7.04, "width_max_m": null, "verdict": "clear", "width_verified": false, "midpoint_fallback": false, "inherited": false, "route_usage": 235, "length_m": 19.4, "run_length_m": null, "nfa_designated": false, "cctv_dist_m": 137.1, "cv_feasible": false, "width_src": "silpok", "width_disagree_m": null, "road_name": "제봉로184번길", "seg_label": "제봉로184번길 7-9", "road_side": "0", "road_bt_m": 8.0, "in_emd": false, "light_count": 0, "unknown_reason": null, "z": 8.8 }, "geometry": { "type": "LineString", "coordinates": [ [ 126.917691, 35.153311 ], [ 126.917853, 35.153415 ], [ 126.917858, 35.153419 ] ] } },
{ "type": "Feature", "properties": { "seg_uid": "DM-192479-284126-BH1S", "seg_id": "DM00544", "seg_no": 6, "width_min_m": 1.83, "width_max_m": null, "verdict": "blocked", "width_verified": false, "midpoint_fallback": false, "inherited": false, "route_usage": 0, "length_m": 58.1, "run_length_m": 58.1, "nfa_designated": false, "cctv_dist_m": 105.6, "cv_feasible": false, "width_src": "ngii1k", "width_disagree_m": 0.03, "road_name": "제봉로184번길", "seg_label": "제봉로184번길 3-7", "road_side": "1", "road_bt_m": 2.0, "in_emd": false, "light_count": 0, "unknown_reason": null, "z": 8.7 }, "geometry": { "type": "LineString", "coordinates": [ [ 126.917691, 35.153311 ], [ 126.917664, 35.153334 ], [ 126.917615, 35.153376 ], [ 126.91749, 35.153461 ], [ 126.917201, 35.153644 ] ] } },
{ "type": "Feature", "properties": { "seg_uid": "DM-192532-284132-BH1S", "seg_id": "DM00545", "seg_no": 5, "width_min_m": 7.16, "width_max_m": null, "verdict": "clear", "width_verified": false, "midpoint_fallback": false, "inherited": false, "route_usage": 235, "length_m": 42.9, "run_length_m": null, "nfa_designated": false, "cctv_dist_m": 126.2, "cv_feasible": false, "width_src": "silpok", "width_disagree_m": null, "road_name": "제봉로184번길", "seg_label": "제봉로184번길 9-13", "road_side": "0", "road_bt_m": 8.0, "in_emd": false, "light_count": 0, "unknown_reason": null, "z": 8.7 }, "geometry": { "type": "LineString", "coordinates": [ [ 126.917858, 35.153419 ], [ 126.918228, 35.153658 ] ] } },
{ "type": "Feature", "properties": { "seg_uid": "DM-192494-284140-BH1S", "seg_id": "DM00546", "seg_no": 7, "width_min_m": 2.2, "width_max_m": null, "verdict": "blocked", "width_verified": false, "midpoint_fallback": false, "inherited": false, "route_usage": 0, "length_m": 61.4, "run_length_m": 61.4, "nfa_designated": false, "cctv_dist_m": 122.6, "cv_feasible": false, "width_src": "ngii1k", "width_disagree_m": 0.5, "road_name": "제봉로184번길", "seg_label": "제봉로184번길 5-9", "road_side": "1", "road_bt_m": 2.0, "in_emd": false, "light_count": 0, "unknown_reason": null, "z": 8.7 }, "geometry": { "type": "LineString", "coordinates": [ [ 126.917858, 35.153419 ], [ 126.917835, 35.15344 ], [ 126.917793, 35.153478 ], [ 126.91768, 35.153575 ], [ 126.917605, 35.15362 ], [ 126.917476, 35.153686 ], [ 126.917334, 35.153759 ] ] } },
{ "type": "Feature", "properties": { "seg_uid": "DM-192557-284151-BH1S", "seg_id": "DM00547", "seg_no": 8, "width_min_m": 8.26, "width_max_m": null, "verdict": "clear", "width_verified": false, "midpoint_fallback": false, "inherited": false, "route_usage": 235, "length_m": 18.7, "run_length_m": null, "nfa_designated": false, "cctv_dist_m": 107.6, "cv_feasible": false, "width_src": "silpok", "width_disagree_m": null, "road_name": "제봉로184번길", "seg_label": "제봉로184번길 13-61", "road_side": "0", "road_bt_m": 8.0, "in_emd": false, "light_count": 0, "unknown_reason": null, "z": 8.7 }, "geometry": { "type": "LineString", "coordinates": [ [ 126.918228, 35.153658 ], [ 126.918389, 35.153763 ] ] } },
{ "type": "Feature", "properties": { "seg_uid": "DM-192526-284169-BH1S", "seg_id": "DM00548", "seg_no": 9, "width_min_m": 6.18, "width_max_m": null, "verdict": "unknown", "width_verified": false, "midpoint_fallback": false, "inherited": false, "route_usage": 0, "length_m": 66.9, "run_length_m": null, "nfa_designated": false, "cctv_dist_m": 123.1, "cv_feasible": false, "width_src": "silpok", "width_disagree_m": null, "road_name": "제봉로184번길", "seg_label": "제봉로184번길 9-13", "road_side": "1", "road_bt_m": 6.0, "in_emd": false, "light_count": 0, "unknown_reason": "no_cctv", "z": 8.5 }, "geometry": { "type": "LineString", "coordinates": [ [ 126.918228, 35.153658 ], [ 126.917717, 35.154092 ] ] } },
{ "type": "Feature", "properties": { "seg_uid": "DM-192385-284153-66YK", "seg_id": "DM00551", "seg_no": 3, "width_min_m": 4.27, "width_max_m": null, "verdict": "unknown", "width_verified": false, "midpoint_fallback": false, "inherited": false, "route_usage": 47, "length_m": 15.2, "run_length_m": null, "nfa_designated": false, "cctv_dist_m": 58.3, "cv_feasible": false, "width_src": "ngii1k", "width_disagree_m": 2.95, "road_name": "제봉로194번길", "seg_label": "제봉로194번길 1-5", "road_side": "0", "road_bt_m": 8.0, "in_emd": false, "light_count": 0, "unknown_reason": "no_cctv", "z": 8.6 }, "geometry": { "type": "LineString", "coordinates": [ [ 126.916378, 35.153674 ], [ 126.916476, 35.153785 ], [ 126.916476, 35.153785 ] ] } },
{ "type": "Feature", "properties": { "seg_uid": "DM-192398-284133-66YK", "seg_id": "DM00552", "seg_no": 2, "width_min_m": 1.98, "width_max_m": null, "verdict": "unknown", "width_verified": false, "midpoint_fallback": false, "inherited": false, "route_usage": 0, "length_m": 44.4, "run_length_m": null, "nfa_designated": false, "cctv_dist_m": 54.1, "cv_feasible": false, "width_src": "ngii1k", "width_disagree_m": 0.46, "road_name": "제봉로194번길", "seg_label": "제봉로194번길 3-4", "road_side": "1", "road_bt_m": 3.0, "in_emd": false, "light_count": 0, "unknown_reason": "no_cctv", "z": 8.6 }, "geometry": { "type": "LineString", "coordinates": [ [ 126.916378, 35.153674 ], [ 126.91676, 35.153426 ] ] } },
{ "type": "Feature", "properties": { "seg_uid": "DM-192401-284171-66YK", "seg_id": "DM00553", "seg_no": 5, "width_min_m": 7.78, "width_max_m": null, "verdict": "clear", "width_verified": false, "midpoint_fallback": false, "inherited": false, "route_usage": 0, "length_m": 32.8, "run_length_m": null, "nfa_designated": false, "cctv_dist_m": 73.0, "cv_feasible": false, "width_src": "silpok", "width_disagree_m": null, "road_name": "제봉로194번길", "seg_label": "제봉로194번길 1-7", "road_side": "0", "road_bt_m": 8.0, "in_emd": false, "light_count": 0, "unknown_reason": null, "z": 8.6 }, "geometry": { "type": "LineString", "coordinates": [ [ 126.916477, 35.153786 ], [ 126.916728, 35.153988 ], [ 126.916735, 35.153993 ] ] } },
{ "type": "Feature", "properties": { "seg_uid": "DM-192404-284149-GM2I", "seg_id": "DM00554", "seg_no": 1, "width_min_m": 8.07, "width_max_m": null, "verdict": "clear", "width_verified": false, "midpoint_fallback": false, "inherited": false, "route_usage": 235, "length_m": 35.6, "run_length_m": null, "nfa_designated": false, "cctv_dist_m": 70.3, "cv_feasible": false, "width_src": "silpok", "width_disagree_m": null, "road_name": "제봉로190번길", "seg_label": "제봉로190번길 1-5", "road_side": "1", "road_bt_m": 8.0, "in_emd": false, "light_count": 0, "unknown_reason": null, "z": 8.6 }, "geometry": { "type": "LineString", "coordinates": [ [ 126.916793, 35.153597 ], [ 126.916477, 35.153786 ] ] } },
{ "type": "Feature", "properties": { "seg_uid": "DM-192370-284175-66YK", "seg_id": "DM00555", "seg_no": 6, "width_min_m": 7.82, "width_max_m": null, "verdict": "clear", "width_verified": false, "midpoint_fallback": false, "inherited": false, "route_usage": 282, "length_m": 50.4, "run_length_m": null, "nfa_designated": false, "cctv_dist_m": 72.8, "cv_feasible": false, "width_src": "ngii1k", "width_disagree_m": 0.15, "road_name": "제봉로194번길", "seg_label": "제봉로194번길 1-5", "road_side": "1", "road_bt_m": 6.0, "in_emd": false, "light_count": 0, "unknown_reason": null, "z": 8.6 }, "geometry": { "type": "LineString", "coordinates": [ [ 126.916476, 35.153785 ], [ 126.916043, 35.154067 ] ] } },
{ "type": "Feature", "properties": { "seg_uid": "DM-192438-284206-66YK", "seg_id": "DM00556", "seg_no": 7, "width_min_m": 7.57, "width_max_m": null, "verdict": "clear", "width_verified": false, "midpoint_fallback": false, "inherited": false, "route_usage": 0, "length_m": 68.6, "run_length_m": null, "nfa_designated": false, "cctv_dist_m": 103.7, "cv_feasible": false, "width_src": "silpok", "width_disagree_m": null, "road_name": "제봉로194번길", "seg_label": "제봉로194번길 7-15", "road_side": "0", "road_bt_m": 8.0, "in_emd": false, "light_count": 0, "unknown_reason": null, "z": 8.6 }, "geometry": { "type": "LineString", "coordinates": [ [ 126.916735, 35.153993 ], [ 126.917273, 35.154426 ] ] } },
{ "type": "Feature", "properties": { "seg_uid": "DM-192426-284172-66YK", "seg_id": "DM00557", "seg_no": 4, "width_min_m": 1.1, "width_max_m": null, "verdict": "blocked", "width_verified": false, "midpoint_fallback": false, "inherited": false, "route_usage": 0, "length_m": 33.4, "run_length_m": 33.4, "nfa_designated": false, "cctv_dist_m": 100.7, "cv_feasible": false, "width_src": "silpok", "width_disagree_m": null, "road_name": "제봉로194번길", "seg_label": "제봉로194번길 7-8", "road_side": "1", "road_bt_m": 2.0, "in_emd": false, "light_count": 0, "unknown_reason": null, "z": 8.6 }, "geometry": { "type": "LineString", "coordinates": [ [ 126.916735, 35.153993 ], [ 126.916767, 35.15396 ], [ 126.916784, 35.153943 ], [ 126.916811, 35.153924 ], [ 126.916865, 35.153901 ], [ 126.916899, 35.153889 ], [ 126.916947, 35.153879 ], [ 126.916974, 35.153876 ], [ 126.917003, 35.153881 ], [ 126.917023, 35.153883 ], [ 126.91705, 35.153879 ] ] } },
{ "type": "Feature", "properties": { "seg_uid": "DM-192469-284237-66YK", "seg_id": "DM00558", "seg_no": 9, "width_min_m": 7.76, "width_max_m": null, "verdict": "clear", "width_verified": false, "midpoint_fallback": false, "inherited": false, "route_usage": 0, "length_m": 20.2, "run_length_m": null, "nfa_designated": false, "cctv_dist_m": 112.0, "cv_feasible": false, "width_src": "silpok", "width_disagree_m": null, "road_name": "제봉로194번길", "seg_label": "제봉로194번길 9-49", "road_side": "0", "road_bt_m": 8.0, "in_emd": false, "light_count": 0, "unknown_reason": null, "z": 8.4 }, "geometry": { "type": "LineString", "coordinates": [ [ 126.917273, 35.154426 ], [ 126.91728, 35.154431 ], [ 126.917297, 35.154445 ], [ 126.917431, 35.154553 ] ] } },
{ "type": "Feature", "properties": { "seg_uid": "DM-192439-284246-66YK", "seg_id": "DM00559", "seg_no": 8, "width_min_m": 5.61, "width_max_m": null, "verdict": "unknown", "width_verified": false, "midpoint_fallback": false, "inherited": false, "route_usage": 0, "length_m": 55.9, "run_length_m": null, "nfa_designated": false, "cctv_dist_m": 61.0, "cv_feasible": false, "width_src": "silpok", "width_disagree_m": null, "road_name": "제봉로194번길", "seg_label": "제봉로194번길 9-15", "road_side": "1", "road_bt_m": 7.0, "in_emd": false, "light_count": 0, "unknown_reason": "no_cctv", "z": 8.4 }, "geometry": { "type": "LineString", "coordinates": [ [ 126.917273, 35.154426 ], [ 126.916769, 35.154713 ] ] } },
{ "type": "Feature", "properties": { "seg_uid": "DM-192483-284212-GM2I", "seg_id": "DM00560", "seg_no": 8, "width_min_m": 5.8, "width_max_m": null, "verdict": "unknown", "width_verified": false, "midpoint_fallback": false, "inherited": false, "route_usage": 0, "length_m": 54.9, "run_length_m": null, "nfa_designated": false, "cctv_dist_m": 116.1, "cv_feasible": false, "width_src": "silpok", "width_disagree_m": null, "road_name": "제봉로190번길", "seg_label": "제봉로190번길 9-15", "road_side": "1", "road_bt_m": 7.0, "in_emd": false, "light_count": 0, "unknown_reason": "no_cctv", "z": 8.5 }, "geometry": { "type": "LineString", "coordinates": [ [ 126.917717, 35.154092 ], [ 126.9173, 35.154416 ], [ 126.91728, 35.154431 ] ] } },
{ "type": "Feature", "properties": { "seg_uid": "DM-192461-284254-JFYG", "seg_id": "DM00561", "seg_no": 82, "width_min_m": 9.14, "width_max_m": null, "verdict": "clear", "width_verified": false, "midpoint_fallback": false, "inherited": false, "route_usage": 53, "length_m": 42.3, "run_length_m": null, "nfa_designated": false, "cctv_dist_m": 85.9, "cv_feasible": false, "width_src": "silpok", "width_disagree_m": null, "road_name": "동계천로", "seg_label": "동계천로 43-49", "road_side": "0", "road_bt_m": 15.0, "in_emd": false, "light_count": 0, "unknown_reason": null, "z": 8.2 }, "geometry": { "type": "LineString", "coordinates": [ [ 126.917453, 35.154535 ], [ 126.917431, 35.154553 ], [ 126.91739, 35.154586 ], [ 126.917066, 35.154731 ], [ 126.917059, 35.154734 ] ] } },
{ "type": "Feature", "properties": { "seg_uid": "DM-192521-284215-JTSZ", "seg_id": "DM00563", "seg_no": 1, "width_min_m": 7.48, "width_max_m": null, "verdict": "clear", "width_verified": false, "midpoint_fallback": false, "inherited": false, "route_usage": 49, "length_m": 19.6, "run_length_m": null, "nfa_designated": false, "cctv_dist_m": 85.6, "cv_feasible": false, "width_src": "ngii1k", "width_disagree_m": 0.46, "road_name": "동계천로53번길", "seg_label": "동계천로53번길 1-53", "road_side": "0", "road_bt_m": 8.0, "in_emd": false, "light_count": 0, "unknown_reason": null, "z": 8.3 }, "geometry": { "type": "LineString", "coordinates": [ [ 126.917831, 35.154228 ], [ 126.917866, 35.154246 ], [ 126.917885, 35.15426 ], [ 126.917991, 35.154345 ] ] } },
{ "type": "Feature", "properties": { "seg_uid": "DM-192496-284225-JFYG", "seg_id": "DM00564", "seg_no": 81, "width_min_m": 11.81, "width_max_m": null, "verdict": "clear", "width_verified": false, "midpoint_fallback": false, "inherited": false, "route_usage": 53, "length_m": 48.5, "run_length_m": null, "nfa_designated": false, "cctv_dist_m": 104.3, "cv_feasible": false, "width_src": "silpok", "width_disagree_m": null, "road_name": "동계천로", "seg_label": "동계천로 49-53", "road_side": "0", "road_bt_m": 15.0, "in_emd": false, "light_count": 0, "unknown_reason": null, "z": 8.4 }, "geometry": { "type": "LineString", "coordinates": [ [ 126.917453, 35.154535 ], [ 126.917458, 35.15453 ], [ 126.917831, 35.154228 ] ] } },
{ "type": "Feature", "properties": { "seg_uid": "DM-192538-284183-JFYG", "seg_id": "DM00565", "seg_no": 75, "width_min_m": 11.47, "width_max_m": null, "verdict": "clear", "width_verified": false, "midpoint_fallback": false, "inherited": false, "route_usage": 4, "length_m": 72.5, "run_length_m": null, "nfa_designated": false, "cctv_dist_m": 104.8, "cv_feasible": false, "width_src": "silpok", "width_disagree_m": null, "road_name": "동계천로", "seg_label": "동계천로 11-61", "road_side": "0", "road_bt_m": 15.0, "in_emd": false, "light_count": 0, "unknown_reason": null, "z": 8.4 }, "geometry": { "type": "LineString", "coordinates": [ [ 126.917831, 35.154228 ], [ 126.917834, 35.154226 ], [ 126.917853, 35.15421 ], [ 126.917906, 35.154166 ], [ 126.91791, 35.154162 ], [ 126.918024, 35.154068 ], [ 126.918145, 35.153967 ], [ 126.918348, 35.153797 ], [ 126.918355, 35.153792 ], [ 126.918367, 35.153782 ], [ 126.918389, 35.153763 ] ] } },
{ "type": "Feature", "properties": { "seg_uid": "DM-192529-284222-JTSZ", "seg_id": "DM00566", "seg_no": 2, "width_min_m": 7.3, "width_max_m": null, "verdict": "unknown", "width_verified": false, "midpoint_fallback": false, "inherited": false, "route_usage": 49, "length_m": 2.6, "run_length_m": null, "nfa_designated": false, "cctv_dist_m": 83.0, "cv_feasible": false, "width_src": "ngii1k", "width_disagree_m": 1.16, "road_name": "동계천로53번길", "seg_label": "동계천로53번길 1-59", "road_side": "0", "road_bt_m": 8.0, "in_emd": false, "light_count": 0, "unknown_reason": "no_cctv", "z": 8.3 }, "geometry": { "type": "LineString", "coordinates": [ [ 126.917991, 35.154345 ], [ 126.918011, 35.154362 ] ] } },
{ "type": "Feature", "properties": { "seg_uid": "DM-192510-284233-JTSZ", "seg_id": "DM00567", "seg_no": 4, "width_min_m": 0.57, "width_max_m": null, "verdict": "unknown", "width_verified": false, "midpoint_fallback": false, "inherited": false, "route_usage": 0, "length_m": 42.0, "run_length_m": null, "nfa_designated": false, "cctv_dist_m": 85.6, "cv_feasible": false, "width_src": "silpok", "width_disagree_m": null, "road_name": "동계천로53번길", "seg_label": "동계천로53번길 1", "road_side": "1", "road_bt_m": 3.0, "in_emd": false, "light_count": 0, "unknown_reason": "no_cctv", "z": 8.3 }, "geometry": { "type": "LineString", "coordinates": [ [ 126.917991, 35.154345 ], [ 126.917941, 35.154377 ], [ 126.917599, 35.154545 ] ] } },
{ "type": "Feature", "properties": { "seg_uid": "DM-192535-284228-JTSZ", "seg_id": "DM00568", "seg_no": 3, "width_min_m": 7.22, "width_max_m": null, "verdict": "clear", "width_verified": false, "midpoint_fallback": false, "inherited": false, "route_usage": 0, "length_m": 14.4, "run_length_m": null, "nfa_designated": false, "cctv_dist_m": 68.8, "cv_feasible": false, "width_src": "ngii1k", "width_disagree_m": 1.42, "road_name": "동계천로53번길", "seg_label": "동계천로53번길 1-59", "road_side": "0", "road_bt_m": 8.0, "in_emd": false, "light_count": 0, "unknown_reason": null, "z": 8.2 }, "geometry": { "type": "LineString", "coordinates": [ [ 126.918011, 35.154362 ], [ 126.918124, 35.154453 ] ] } },
{ "type": "Feature", "properties": { "seg_uid": "DM-192550-284203-JFYG", "seg_id": "DM00569", "seg_no": 77, "width_min_m": 2.5, "width_max_m": null, "verdict": "unknown", "width_verified": false, "midpoint_fallback": false, "inherited": false, "route_usage": 49, "length_m": 57.1, "run_length_m": null, "nfa_designated": false, "cctv_dist_m": 83.0, "cv_feasible": false, "width_src": "silpok", "width_disagree_m": null, "road_name": "동계천로", "seg_label": "동계천로 1-59", "road_side": "1", "road_bt_m": 4.0, "in_emd": false, "light_count": 0, "unknown_reason": "no_cctv", "z": 8.3 }, "geometry": { "type": "LineString", "coordinates": [ [ 126.918011, 35.154362 ], [ 126.918063, 35.154322 ], [ 126.918072, 35.154314 ], [ 126.918135, 35.154265 ], [ 126.918211, 35.154204 ], [ 126.918245, 35.154173 ], [ 126.918277, 35.154134 ], [ 126.918304, 35.154097 ], [ 126.918343, 35.154024 ], [ 126.918357, 35.153982 ], [ 126.91836, 35.153951 ] ] } },
{ "type": "Feature", "properties": { "seg_uid": "DM-192525-284255-JTSZ", "seg_id": "DM00570", "seg_no": 7, "width_min_m": 1.01, "width_max_m": null, "verdict": "blocked", "width_verified": false, "midpoint_fallback": false, "inherited": false, "route_usage": 0, "length_m": 53.3, "run_length_m": 53.3, "nfa_designated": false, "cctv_dist_m": 45.6, "cv_feasible": false, "width_src": "ngii1k", "width_disagree_m": 0.11, "road_name": "동계천로53번길", "seg_label": "동계천로53번길 3", "road_side": "1", "road_bt_m": 2.0, "in_emd": false, "light_count": 0, "unknown_reason": null, "z": 8.1 }, "geometry": { "type": "LineString", "coordinates": [ [ 126.918124, 35.154453 ], [ 126.918092, 35.154489 ], [ 126.918069, 35.154515 ], [ 126.918033, 35.154561 ], [ 126.91799, 35.154614 ], [ 126.917928, 35.154689 ], [ 126.91792, 35.154707 ], [ 126.917939, 35.154728 ], [ 126.917973, 35.15475 ], [ 126.918006, 35.154769 ], [ 126.91804, 35.154789 ], [ 126.918089, 35.154813 ] ] } },
{ "type": "Feature", "properties": { "seg_uid": "DM-192553-284246-JTSZ", "seg_id": "DM00571", "seg_no": 5, "width_min_m": 5.23, "width_max_m": null, "verdict": "unknown", "width_verified": false, "midpoint_fallback": false, "inherited": false, "route_usage": 0, "length_m": 36.3, "run_length_m": null, "nfa_designated": false, "cctv_dist_m": 33.4, "cv_feasible": false, "width_src": "ngii1k", "width_disagree_m": 1.76, "road_name": "동계천로53번길", "seg_label": "동계천로53번길 3-7", "road_side": "0", "road_bt_m": 8.0, "in_emd": false, "light_count": 0, "unknown_reason": "no_cctv", "z": 8.2 }, "geometry": { "type": "LineString", "coordinates": [ [ 126.918399, 35.154689 ], [ 126.918392, 35.154683 ], [ 126.918215, 35.154526 ], [ 126.918124, 35.154453 ] ] } },
{ "type": "Feature", "properties": { "seg_uid": "DM-192551-284282-JTSZ", "seg_id": "DM00572", "seg_no": 9, "width_min_m": 1.57, "width_max_m": null, "verdict": "blocked", "width_verified": false, "midpoint_fallback": false, "inherited": false, "route_usage": 0, "length_m": 53.9, "run_length_m": 53.9, "nfa_designated": false, "cctv_dist_m": 28.0, "cv_feasible": false, "width_src": "ngii1k", "width_disagree_m": 0.53, "road_name": "동계천로53번길", "seg_label": "동계천로53번길 7-10", "road_side": "1", "road_bt_m": 2.0, "in_emd": false, "light_count": 0, "unknown_reason": null, "z": 8.0 }, "geometry": { "type": "LineString", "coordinates": [ [ 126.918392, 35.154683 ], [ 126.918331, 35.154769 ], [ 126.918256, 35.154887 ], [ 126.918191, 35.154983 ], [ 126.918159, 35.155006 ], [ 126.918051, 35.155069 ] ] } },
{ "type": "Feature", "properties": { "seg_uid": "DM-192574-284270-JTSZ", "seg_id": "DM00573", "seg_no": 8, "width_min_m": 7.73, "width_max_m": null, "verdict": "clear", "width_verified": false, "midpoint_fallback": false, "inherited": false, "route_usage": 0, "length_m": 27.9, "run_length_m": null, "nfa_designated": false, "cctv_dist_m": 10.4, "cv_feasible": true, "width_src": "ngii1k", "width_disagree_m": 0.73, "road_name": "동계천로53번길", "seg_label": "동계천로53번길 7-15", "road_side": "0", "road_bt_m": 8.0, "in_emd": false, "light_count": 0, "unknown_reason": null, "z": 8.2 }, "geometry": { "type": "LineString", "coordinates": [ [ 126.918399, 35.154689 ], [ 126.9184, 35.15469 ], [ 126.918603, 35.154877 ] ] } },
{ "type": "Feature", "properties": { "seg_uid": "DM-192584-284249-JTSZ", "seg_id": "DM00574", "seg_no": 6, "width_min_m": 0.98, "width_max_m": null, "verdict": "blocked", "width_verified": false, "midpoint_fallback": false, "inherited": false, "route_usage": 0, "length_m": 56.5, "run_length_m": 56.5, "nfa_designated": false, "cctv_dist_m": 33.4, "cv_feasible": false, "width_src": "ngii1k", "width_disagree_m": 0.12, "road_name": "동계천로53번길", "seg_label": "동계천로53번길 7-8", "road_side": "1", "road_bt_m": 2.0, "in_emd": false, "light_count": 0, "unknown_reason": null, "z": 8.3 }, "geometry": { "type": "LineString", "coordinates": [ [ 126.918399, 35.154689 ], [ 126.918423, 35.154659 ], [ 126.918457, 35.154616 ], [ 126.918468, 35.154606 ], [ 126.918531, 35.154651 ], [ 126.918541, 35.15465 ], [ 126.918572, 35.154622 ], [ 126.91865, 35.154555 ], [ 126.918702, 35.154509 ], [ 126.918756, 35.154461 ], [ 126.918816, 35.154407 ] ] } },
{ "type": "Feature", "properties": { "seg_uid": "DM-192433-284277-D6CG", "seg_id": "DM00588", "seg_no": 1, "width_min_m": 6.3, "width_max_m": null, "verdict": "unknown", "width_verified": false, "midpoint_fallback": false, "inherited": false, "route_usage": 0, "length_m": 12.6, "run_length_m": null, "nfa_designated": false, "cctv_dist_m": 72.6, "cv_feasible": false, "width_src": "ngii1k", "width_disagree_m": 0.02, "road_name": "동계천로43번길", "seg_label": "동계천로43번길 1-43", "road_side": "0", "road_bt_m": 7.0, "in_emd": false, "light_count": 0, "unknown_reason": "no_cctv", "z": 8.2 }, "geometry": { "type": "LineString", "coordinates": [ [ 126.916924, 35.154795 ], [ 126.916983, 35.154897 ] ] } },
{ "type": "Feature", "properties": { "seg_uid": "DM-192402-284287-JFYG", "seg_id": "DM00589", "seg_no": 86, "width_min_m": 7.45, "width_max_m": null, "verdict": "clear", "width_verified": false, "midpoint_fallback": false, "inherited": false, "route_usage": 53, "length_m": 64.6, "run_length_m": null, "nfa_designated": false, "cctv_dist_m": 20.2, "cv_feasible": true, "width_src": "silpok", "width_disagree_m": null, "road_name": "동계천로", "seg_label": "동계천로 9-223", "road_side": "0", "road_bt_m": 15.0, "in_emd": false, "light_count": 0, "unknown_reason": null, "z": 8.3 }, "geometry": { "type": "LineString", "coordinates": [ [ 126.916924, 35.154795 ], [ 126.916881, 35.154814 ], [ 126.916444, 35.15501 ], [ 126.916283, 35.155029 ] ] } },
{ "type": "Feature", "properties": { "seg_uid": "DM-192437-284268-JFYG", "seg_id": "DM00590", "seg_no": 83, "width_min_m": 13.06, "width_max_m": null, "verdict": "clear", "width_verified": false, "midpoint_fallback": false, "inherited": false, "route_usage": 53, "length_m": 14.1, "run_length_m": null, "nfa_designated": false, "cctv_dist_m": 72.6, "cv_feasible": false, "width_src": "silpok", "width_disagree_m": null, "road_name": "동계천로", "seg_label": "동계천로 43-45", "road_side": "0", "road_bt_m": 15.0, "in_emd": false, "light_count": 0, "unknown_reason": null, "z": 8.2 }, "geometry": { "type": "LineString", "coordinates": [ [ 126.916924, 35.154795 ], [ 126.917059, 35.154734 ] ] } },
{ "type": "Feature", "properties": { "seg_uid": "DM-192452-284300-D6CG", "seg_id": "DM00591", "seg_no": 3, "width_min_m": 5.26, "width_max_m": null, "verdict": "unknown", "width_verified": false, "midpoint_fallback": false, "inherited": false, "route_usage": 0, "length_m": 47.0, "run_length_m": null, "nfa_designated": false, "cctv_dist_m": 77.2, "cv_feasible": false, "width_src": "ngii1k", "width_disagree_m": 5.17, "road_name": "동계천로43번길", "seg_label": "동계천로43번길 1-5", "road_side": "0", "road_bt_m": 7.0, "in_emd": false, "light_count": 0, "unknown_reason": "no_cctv", "z": 7.9 }, "geometry": { "type": "LineString", "coordinates": [ [ 126.916983, 35.154897 ], [ 126.916991, 35.15491 ], [ 126.916992, 35.154913 ], [ 126.917074, 35.154982 ], [ 126.91733, 35.155198 ], [ 126.917338, 35.155204 ] ] } },
{ "type": "Feature", "properties": { "seg_uid": "DM-192436-284285-D6CG", "seg_id": "DM00592", "seg_no": 2, "width_min_m": 9.13, "width_max_m": null, "verdict": "clear", "width_verified": false, "midpoint_fallback": false, "inherited": false, "route_usage": 0, "length_m": 5.1, "run_length_m": null, "nfa_designated": false, "cctv_dist_m": 76.8, "cv_feasible": false, "width_src": "ngii1k", "width_disagree_m": 0.19, "road_name": "동계천로43번길", "seg_label": "동계천로43번길 1", "road_side": "1", "road_bt_m": 2.0, "in_emd": false, "light_count": 0, "unknown_reason": null, "z": 8.1 }, "geometry": { "type": "LineString", "coordinates": [ [ 126.916983, 35.154897 ], [ 126.916977, 35.154939 ], [ 126.916979, 35.154943 ] ] } },
{ "type": "Feature", "properties": { "seg_uid": "DM-192477-284326-D6CG", "seg_id": "DM00593", "seg_no": 7, "width_min_m": 5.19, "width_max_m": null, "verdict": "unknown", "width_verified": false, "midpoint_fallback": false, "inherited": false, "route_usage": 0, "length_m": 26.2, "run_length_m": null, "nfa_designated": false, "cctv_dist_m": 103.3, "cv_feasible": false, "width_src": "ngii1k", "width_disagree_m": 0.84, "road_name": "동계천로43번길", "seg_label": "동계천로43번길 5-9", "road_side": "0", "road_bt_m": 7.0, "in_emd": false, "light_count": 0, "unknown_reason": "no_cctv", "z": 7.8 }, "geometry": { "type": "LineString", "coordinates": [ [ 126.917338, 35.155204 ], [ 126.917531, 35.155368 ], [ 126.917539, 35.155374 ] ] } },
{ "type": "Feature", "properties": { "seg_uid": "DM-192459-284326-D6CG", "seg_id": "DM00594", "seg_no": 6, "width_min_m": 1.04, "width_max_m": null, "verdict": "blocked", "width_verified": false, "midpoint_fallback": false, "inherited": false, "route_usage": 0, "length_m": 25.3, "run_length_m": 25.3, "nfa_designated": false, "cctv_dist_m": 102.9, "cv_feasible": false, "width_src": "ngii1k", "width_disagree_m": 0.26, "road_name": "동계천로43번길", "seg_label": "동계천로43번길 1-5", "road_side": "1", "road_bt_m": 2.0, "in_emd": false, "light_count": 0, "unknown_reason": null, "z": 7.8 }, "geometry": { "type": "LineString", "coordinates": [ [ 126.917338, 35.155204 ], [ 126.917241, 35.155282 ], [ 126.917219, 35.1553 ], [ 126.917206, 35.155311 ], [ 126.917174, 35.155328 ], [ 126.917123, 35.155343 ] ] } },
{ "type": "Feature", "properties": { "seg_uid": "DM-192692-284317-52VO", "seg_id": "DM00603", "seg_no": 36, "width_min_m": 13.28, "width_max_m": null, "verdict": "clear", "width_verified": false, "midpoint_fallback": false, "inherited": false, "route_usage": 0, "length_m": 50.8, "run_length_m": null, "nfa_designated": false, "cctv_dist_m": 33.8, "cv_feasible": false, "width_src": "ngii1k", "width_disagree_m": 8.45, "road_name": "경양로", "seg_label": "경양로 273-277", "road_side": "0", "road_bt_m": 15.0, "in_emd": false, "light_count": 0, "unknown_reason": null, "z": 8.7 }, "geometry": { "type": "LineString", "coordinates": [ [ 126.919593, 35.155365 ], [ 126.919596, 35.155362 ], [ 126.919808, 35.155202 ], [ 126.920002, 35.155055 ] ] } },
{ "type": "Feature", "properties": { "seg_uid": "DM-192714-284328-A7M1", "seg_id": "DM00604", "seg_no": 1, "width_min_m": 5.78, "width_max_m": null, "verdict": "unknown", "width_verified": false, "midpoint_fallback": false, "inherited": false, "route_usage": 0, "length_m": 56.9, "run_length_m": null, "nfa_designated": false, "cctv_dist_m": 61.8, "cv_feasible": false, "width_src": "ngii1k", "width_disagree_m": 0.07, "road_name": "경양로277번길", "seg_label": "경양로277번길 1-277", "road_side": "0", "road_bt_m": 4.0, "in_emd": false, "light_count": 0, "unknown_reason": "no_cctv", "z": 8.8 }, "geometry": { "type": "LineString", "coordinates": [ [ 126.920047, 35.155564 ], [ 126.920046, 35.155527 ], [ 126.920046, 35.155524 ], [ 126.920034, 35.155153 ], [ 126.920002, 35.155055 ] ] } },
{ "type": "Feature", "properties": { "seg_uid": "DM-192385-283995-ZLSO", "seg_id": "DM00641", "seg_no": 2, "width_min_m": 3.66, "width_max_m": null, "verdict": "unknown", "width_verified": false, "midpoint_fallback": false, "inherited": false, "route_usage": 0, "length_m": 37.3, "run_length_m": null, "nfa_designated": false, "cctv_dist_m": 54.5, "cv_feasible": false, "width_src": "ngii1k", "width_disagree_m": 0.96, "road_name": "구성로204번길", "seg_label": "구성로204번길 21-183", "road_side": "1", "road_bt_m": 4.0, "in_emd": false, "light_count": 0, "unknown_reason": "no_cctv", "z": 8.8 }, "geometry": { "type": "LineString", "coordinates": [ [ 126.916272, 35.152192 ], [ 126.916299, 35.152212 ], [ 126.916386, 35.152277 ], [ 126.916573, 35.15242 ] ] } },
{ "type": "Feature", "properties": { "seg_uid": "DM-192213-284293-5ICV", "seg_id": "DM00664", "seg_no": 1, "width_min_m": 6.89, "width_max_m": null, "verdict": "needs_cv", "width_verified": false, "midpoint_fallback": false, "inherited": false, "route_usage": 0, "length_m": 123.3, "run_length_m": 288.4, "nfa_designated": true, "cctv_dist_m": 7.9, "cv_feasible": true, "width_src": "ngii1k", "width_disagree_m": 1.05, "road_name": "제봉로222번길", "seg_label": "제봉로222번길 1-15", "road_side": "1", "road_bt_m": 7.0, "in_emd": false, "light_count": 11, "unknown_reason": null, "z": 7.6 }, "geometry": { "type": "LineString", "coordinates": [ [ 126.913994, 35.15532 ], [ 126.91508, 35.154657 ] ] } },
{ "type": "Feature", "properties": { "seg_uid": "DM-192530-284308-PF48", "seg_id": "DM00683", "seg_no": 18, "width_min_m": 1.19, "width_max_m": null, "verdict": "blocked", "width_verified": false, "midpoint_fallback": false, "inherited": false, "route_usage": 0, "length_m": 66.2, "run_length_m": 66.2, "nfa_designated": false, "cctv_dist_m": 47.9, "cv_feasible": false, "width_src": "ngii1k", "width_disagree_m": null, "road_name": "구성로238번길", "seg_label": "구성로238번길 7-10", "road_side": "1", "road_bt_m": 2.0, "in_emd": false, "light_count": 0, "unknown_reason": null, "z": 7.8 }, "geometry": { "type": "LineString", "coordinates": [ [ 126.917985, 35.155352 ], [ 126.917951, 35.155336 ], [ 126.917893, 35.155302 ], [ 126.9179, 35.15528 ], [ 126.91798, 35.1552 ], [ 126.918043, 35.155074 ], [ 126.918046, 35.155068 ], [ 126.918031, 35.155051 ], [ 126.918011, 35.155031 ], [ 126.917979, 35.155024 ], [ 126.917921, 35.155017 ], [ 126.917792, 35.154973 ] ] } },
{ "type": "Feature", "properties": { "seg_uid": "DM-192619-284247-PF48", "seg_id": "DM00684", "seg_no": 17, "width_min_m": 7.62, "width_max_m": null, "verdict": "clear", "width_verified": false, "midpoint_fallback": false, "inherited": false, "route_usage": 0, "length_m": 64.2, "run_length_m": null, "nfa_designated": false, "cctv_dist_m": 3.7, "cv_feasible": true, "width_src": "ngii1k", "width_disagree_m": 0.12, "road_name": "구성로238번길", "seg_label": "구성로238번길 17-23", "road_side": "0", "road_bt_m": 11.0, "in_emd": false, "light_count": 0, "unknown_reason": null, "z": 8.5 }, "geometry": { "type": "LineString", "coordinates": [ [ 126.918733, 35.154777 ], [ 126.91925, 35.154384 ] ] } },
{ "type": "Feature", "properties": { "seg_uid": "DM-192656-284213-PF48", "seg_id": "DM00686", "seg_no": 12, "width_min_m": 7.49, "width_max_m": 8.56, "verdict": "clear", "width_verified": false, "midpoint_fallback": false, "inherited": false, "route_usage": 0, "length_m": 36.9, "run_length_m": null, "nfa_designated": false, "cctv_dist_m": 8.4, "cv_feasible": true, "width_src": "ngii1k", "width_disagree_m": 0.01, "road_name": "구성로238번길", "seg_label": "구성로238번길 23-27", "road_side": "0", "road_bt_m": 11.0, "in_emd": false, "light_count": 0, "unknown_reason": null, "z": 8.8 }, "geometry": { "type": "LineString", "coordinates": [ [ 126.919254, 35.154381 ], [ 126.919274, 35.154366 ], [ 126.919552, 35.154156 ] ] } },
{ "type": "Feature", "properties": { "seg_uid": "DM-192647-284230-PF48", "seg_id": "DM00687", "seg_no": 13, "width_min_m": 3.94, "width_max_m": null, "verdict": "needs_cv", "width_verified": false, "midpoint_fallback": false, "inherited": false, "route_usage": 0, "length_m": 12.2, "run_length_m": 12.2, "nfa_designated": false, "cctv_dist_m": 7.3, "cv_feasible": true, "width_src": "ngii1k", "width_disagree_m": 2.64, "road_name": "구성로238번길", "seg_label": "구성로238번길 23", "road_side": "1", "road_bt_m": 2.0, "in_emd": false, "light_count": 0, "unknown_reason": null, "z": 8.6 }, "geometry": { "type": "LineString", "coordinates": [ [ 126.91925, 35.154384 ], [ 126.919285, 35.154412 ], [ 126.919335, 35.154452 ], [ 126.919345, 35.154461 ] ] } },
{ "type": "Feature", "properties": { "seg_uid": "DM-192627-284211-PF48", "seg_id": "DM00688", "seg_no": 10, "width_min_m": 1.11, "width_max_m": null, "verdict": "blocked", "width_verified": false, "midpoint_fallback": false, "inherited": false, "route_usage": 0, "length_m": 42.5, "run_length_m": 89.9, "nfa_designated": false, "cctv_dist_m": 8.4, "cv_feasible": true, "width_src": "ngii1k", "width_disagree_m": 0.19, "road_name": "구성로238번길", "seg_label": "구성로238번길 23-24", "road_side": "1", "road_bt_m": 2.0, "in_emd": false, "light_count": 0, "unknown_reason": null, "z": 8.6 }, "geometry": { "type": "LineString", "coordinates": [ [ 126.919254, 35.154381 ], [ 126.919227, 35.154359 ], [ 126.919199, 35.154336 ], [ 126.919118, 35.154273 ], [ 126.919063, 35.154238 ], [ 126.918951, 35.154158 ], [ 126.918903, 35.15413 ] ] } },
{ "type": "Feature", "properties": { "seg_uid": "DM-192673-284197-PF48", "seg_id": "DM00689", "seg_no": 7, "width_min_m": 7.19, "width_max_m": 15.02, "verdict": "clear", "width_verified": false, "midpoint_fallback": false, "inherited": false, "route_usage": 0, "length_m": 9.2, "run_length_m": null, "nfa_designated": false, "cctv_dist_m": 44.7, "cv_feasible": false, "width_src": "ngii1k", "width_disagree_m": 5.73, "road_name": "구성로238번길", "seg_label": "구성로238번길 27-29", "road_side": "0", "road_bt_m": 11.0, "in_emd": false, "light_count": 0, "unknown_reason": null, "z": 9.0 }, "geometry": { "type": "LineString", "coordinates": [ [ 126.919552, 35.154156 ], [ 126.919626, 35.154099 ] ] } },
{ "type": "Feature", "properties": { "seg_uid": "DM-192683-284218-PF48", "seg_id": "DM00690", "seg_no": 11, "width_min_m": 0.78, "width_max_m": 2.52, "verdict": "blocked", "width_verified": false, "midpoint_fallback": false, "inherited": false, "route_usage": 0, "length_m": 44.3, "run_length_m": 44.3, "nfa_designated": false, "cctv_dist_m": 42.5, "cv_feasible": false, "width_src": "ngii1k", "width_disagree_m": 0.32, "road_name": "구성로238번길", "seg_label": "구성로238번길 27-253", "road_side": "1", "road_bt_m": 2.0, "in_emd": false, "light_count": 0, "unknown_reason": null, "z": 9.0 }, "geometry": { "type": "LineString", "coordinates": [ [ 126.919552, 35.154156 ], [ 126.919575, 35.154193 ], [ 126.919584, 35.154208 ], [ 126.919605, 35.154236 ], [ 126.919651, 35.154278 ], [ 126.919719, 35.154335 ], [ 126.919795, 35.154398 ], [ 126.919866, 35.154456 ] ] } },
{ "type": "Feature", "properties": { "seg_uid": "DM-192678-284193-PF48", "seg_id": "DM00691", "seg_no": 8, "width_min_m": 7.38, "width_max_m": 14.35, "verdict": "unknown", "width_verified": false, "midpoint_fallback": false, "inherited": false, "route_usage": 49, "length_m": 2.5, "run_length_m": null, "nfa_designated": false, "cctv_dist_m": 53.9, "cv_feasible": false, "width_src": "ngii1k", "width_disagree_m": 2.96, "road_name": "구성로238번길", "seg_label": "구성로238번길 29-249", "road_side": "0", "road_bt_m": 11.0, "in_emd": false, "light_count": 0, "unknown_reason": "no_cctv", "z": 9.2 }, "geometry": { "type": "LineString", "coordinates": [ [ 126.919626, 35.154099 ], [ 126.919647, 35.154084 ] ] } },
{ "type": "Feature", "properties": { "seg_uid": "DM-192620-284180-PF48", "seg_id": "DM00692", "seg_no": 3, "width_min_m": 5.6, "width_max_m": 6.04, "verdict": "unknown", "width_verified": false, "midpoint_fallback": false, "inherited": false, "route_usage": 49, "length_m": 117.5, "run_length_m": null, "nfa_designated": false, "cctv_dist_m": 47.5, "cv_feasible": false, "width_src": "silpok", "width_disagree_m": null, "road_name": "구성로238번길", "seg_label": "구성로238번길 29-59", "road_side": "1", "road_bt_m": 6.0, "in_emd": false, "light_count": 13, "unknown_reason": "no_cctv", "z": 9.1 }, "geometry": { "type": "LineString", "coordinates": [ [ 126.919626, 35.154099 ], [ 126.919594, 35.154091 ], [ 126.919525, 35.154075 ], [ 126.91935, 35.154037 ], [ 126.919177, 35.153996 ], [ 126.919102, 35.153985 ], [ 126.918904, 35.153962 ], [ 126.918681, 35.153933 ], [ 126.918564, 35.153938 ], [ 126.918457, 35.153943 ], [ 126.91836, 35.153951 ] ] } },
{ "type": "Feature", "properties": { "seg_uid": "DM-192683-284188-PF48", "seg_id": "DM00693", "seg_no": 5, "width_min_m": 7.49, "width_max_m": 8.89, "verdict": "clear", "width_verified": false, "midpoint_fallback": false, "inherited": false, "route_usage": 0, "length_m": 13.7, "run_length_m": null, "nfa_designated": false, "cctv_dist_m": 56.4, "cv_feasible": false, "width_src": "ngii1k", "width_disagree_m": 10.63, "road_name": "구성로238번길", "seg_label": "구성로238번길 29-249", "road_side": "0", "road_bt_m": 11.0, "in_emd": false, "light_count": 0, "unknown_reason": null, "z": 9.2 }, "geometry": { "type": "LineString", "coordinates": [ [ 126.919647, 35.154084 ], [ 126.919757, 35.154 ] ] } },
{ "type": "Feature", "properties": { "seg_uid": "DM-192667-284182-PF48", "seg_id": "DM00694", "seg_no": 4, "width_min_m": 1.13, "width_max_m": 3.7, "verdict": "unknown", "width_verified": false, "midpoint_fallback": false, "inherited": false, "route_usage": 3, "length_m": 45.0, "run_length_m": null, "nfa_designated": false, "cctv_dist_m": 56.8, "cv_feasible": false, "width_src": "ngii1k", "width_disagree_m": 0.77, "road_name": "구성로238번길", "seg_label": "구성로238번길 29-241", "road_side": "1", "road_bt_m": 4.0, "in_emd": false, "light_count": 13, "unknown_reason": "no_cctv", "z": 9.3 }, "geometry": { "type": "LineString", "coordinates": [ [ 126.919757, 35.154 ], [ 126.91967, 35.154028 ], [ 126.919623, 35.154016 ], [ 126.91947, 35.153979 ], [ 126.919316, 35.153941 ], [ 126.919287, 35.153934 ] ] } },
{ "type": "Feature", "properties": { "seg_uid": "DM-192804-283684-SJLN", "seg_id": "DM00751", "seg_no": 1, "width_min_m": 15.35, "width_max_m": null, "verdict": "clear", "width_verified": false, "midpoint_fallback": false, "inherited": false, "route_usage": 0, "length_m": 56.9, "run_length_m": null, "nfa_designated": false, "cctv_dist_m": 106.6, "cv_feasible": false, "width_src": "ngii1k", "width_disagree_m": 8.38, "road_name": "서석로", "seg_label": "서석로 83-89", "road_side": "0", "road_bt_m": 25.0, "in_emd": false, "light_count": 0, "unknown_reason": null, "z": 13.2 }, "geometry": { "type": "LineString", "coordinates": [ [ 126.920784, 35.149349 ], [ 126.921284, 35.149655 ] ] } },
{ "type": "Feature", "properties": { "seg_uid": "DM-192743-283742-SLXC", "seg_id": "DM00753", "seg_no": 1, "width_min_m": 5.99, "width_max_m": null, "verdict": "unknown", "width_verified": false, "midpoint_fallback": false, "inherited": false, "route_usage": 0, "length_m": 62.5, "run_length_m": null, "nfa_designated": false, "cctv_dist_m": 101.3, "cv_feasible": false, "width_src": "ngii1k", "width_disagree_m": 0.82, "road_name": "서석로85번길", "seg_label": "서석로85번길 7-89", "road_side": "1", "road_bt_m": 7.0, "in_emd": false, "light_count": 0, "unknown_reason": "no_cctv", "z": 12.6 }, "geometry": { "type": "LineString", "coordinates": [ [ 126.920117, 35.14983 ], [ 126.920434, 35.150085 ], [ 126.920608, 35.150223 ] ] } },
{ "type": "Feature", "properties": { "seg_uid": "DM-192662-283787-SLXC", "seg_id": "DM00757", "seg_no": 3, "width_min_m": 1.69, "width_max_m": null, "verdict": "blocked", "width_verified": false, "midpoint_fallback": false, "inherited": false, "route_usage": 0, "length_m": 21.2, "run_length_m": 21.2, "nfa_designated": false, "cctv_dist_m": 91.7, "cv_feasible": false, "width_src": "silpok", "width_disagree_m": null, "road_name": "서석로85번길", "seg_label": "서석로85번길 15-16", "road_side": "1", "road_bt_m": 2.0, "in_emd": false, "light_count": 0, "unknown_reason": null, "z": 11.2 }, "geometry": { "type": "LineString", "coordinates": [ [ 126.919384, 35.150366 ], [ 126.91952, 35.150478 ], [ 126.919544, 35.150489 ], [ 126.919556, 35.150493 ] ] } },
{ "type": "Feature", "properties": { "seg_uid": "DM-192656-283802-SLXC", "seg_id": "DM00759", "seg_no": 4, "width_min_m": 2.1, "width_max_m": null, "verdict": "unknown", "width_verified": false, "midpoint_fallback": false, "inherited": false, "route_usage": 0, "length_m": 35.5, "run_length_m": null, "nfa_designated": false, "cctv_dist_m": 78.1, "cv_feasible": false, "width_src": "ngii1k", "width_disagree_m": 0.14, "road_name": "서석로85번길", "seg_label": "서석로85번길 17-18", "road_side": "1", "road_bt_m": 3.0, "in_emd": false, "light_count": 0, "unknown_reason": "no_cctv", "z": 11.1 }, "geometry": { "type": "LineString", "coordinates": [ [ 126.919272, 35.150449 ], [ 126.919319, 35.150489 ], [ 126.919542, 35.150679 ] ] } },
{ "type": "Feature", "properties": { "seg_uid": "DM-192600-283841-N1HO", "seg_id": "DM00760", "seg_no": 1, "width_min_m": 6.01, "width_max_m": null, "verdict": "needs_cv", "width_verified": false, "midpoint_fallback": false, "inherited": false, "route_usage": 0, "length_m": 21.1, "run_length_m": 21.1, "nfa_designated": false, "cctv_dist_m": 14.7, "cv_feasible": true, "width_src": "ngii1k", "width_disagree_m": 0.05, "road_name": "예술길15번길", "seg_label": "예술길15번길 7-25", "road_side": "0", "road_bt_m": 6.0, "in_emd": false, "light_count": 0, "unknown_reason": null, "z": 10.5 }, "geometry": { "type": "LineString", "coordinates": [ [ 126.918707, 35.150851 ], [ 126.91871, 35.150854 ], [ 126.918869, 35.150987 ] ] } },
{ "type": "Feature", "properties": { "seg_uid": "DM-192695-283939-0DUE", "seg_id": "DM00761", "seg_no": 2, "width_min_m": 7.05, "width_max_m": 29.94, "verdict": "clear", "width_verified": false, "midpoint_fallback": false, "inherited": false, "route_usage": 0, "length_m": 12.9, "run_length_m": null, "nfa_designated": false, "cctv_dist_m": 58.6, "cv_feasible": false, "width_src": "ngii1k", "width_disagree_m": 0.83, "road_name": "제봉로158번길", "seg_label": "제봉로158번길 5-7", "road_side": "0", "road_bt_m": 8.0, "in_emd": false, "light_count": 0, "unknown_reason": null, "z": 10.8 }, "geometry": { "type": "LineString", "coordinates": [ [ 126.919778, 35.151761 ], [ 126.919788, 35.15177 ], [ 126.919878, 35.151844 ] ] } },
{ "type": "Feature", "properties": { "seg_uid": "DM-192675-283950-0DUE", "seg_id": "DM00762", "seg_no": 3, "width_min_m": 3.41, "width_max_m": null, "verdict": "unknown", "width_verified": false, "midpoint_fallback": false, "inherited": false, "route_usage": 0, "length_m": 42.2, "run_length_m": null, "nfa_designated": false, "cctv_dist_m": 71.5, "cv_feasible": false, "width_src": "ngii1k", "width_disagree_m": 0.89, "road_name": "제봉로158번길", "seg_label": "제봉로158번길 5", "road_side": "1", "road_bt_m": 4.0, "in_emd": false, "light_count": 0, "unknown_reason": "no_cctv", "z": 10.7 }, "geometry": { "type": "LineString", "coordinates": [ [ 126.919778, 35.151761 ], [ 126.919757, 35.151779 ], [ 126.919479, 35.152008 ], [ 126.919446, 35.151991 ] ] } },
{ "type": "Feature", "properties": { "seg_uid": "DM-192717-283961-0DUE", "seg_id": "DM00763", "seg_no": 5, "width_min_m": 6.89, "width_max_m": 11.0, "verdict": "needs_cv", "width_verified": false, "midpoint_fallback": false, "inherited": false, "route_usage": 0, "length_m": 50.2, "run_length_m": 124.6, "nfa_designated": true, "cctv_dist_m": 8.6, "cv_feasible": true, "width_src": "ngii1k", "width_disagree_m": 1.18, "road_name": "제봉로158번길", "seg_label": "제봉로158번길 7-11", "road_side": "0", "road_bt_m": 8.0, "in_emd": false, "light_count": 13, "unknown_reason": null, "z": 11.0 }, "geometry": { "type": "LineString", "coordinates": [ [ 126.919878, 35.151844 ], [ 126.920259, 35.152159 ], [ 126.920266, 35.152165 ] ] } },
{ "type": "Feature", "properties": { "seg_uid": "DM-192685-283963-0DUE", "seg_id": "DM00764", "seg_no": 4, "width_min_m": 1.06, "width_max_m": 3.44, "verdict": "unknown", "width_verified": false, "midpoint_fallback": false, "inherited": false, "route_usage": 0, "length_m": 56.4, "run_length_m": null, "nfa_designated": false, "cctv_dist_m": 57.0, "cv_feasible": false, "width_src": "ngii1k", "width_disagree_m": 0.8, "road_name": "제봉로158번길", "seg_label": "제봉로158번길 7", "road_side": "1", "road_bt_m": 3.0, "in_emd": false, "light_count": 0, "unknown_reason": "no_cctv", "z": 10.8 }, "geometry": { "type": "LineString", "coordinates": [ [ 126.919878, 35.151844 ], [ 126.919685, 35.15198 ], [ 126.91975, 35.15205 ], [ 126.919659, 35.152133 ], [ 126.919577, 35.152207 ] ] } },
{ "type": "Feature", "properties": { "seg_uid": "DM-192743-283988-0DUE", "seg_id": "DM00765", "seg_no": 6, "width_min_m": 6.89, "width_max_m": 11.08, "verdict": "needs_cv", "width_verified": false, "midpoint_fallback": false, "inherited": false, "route_usage": 0, "length_m": 24.4, "run_length_m": 124.6, "nfa_designated": true, "cctv_dist_m": 1.8, "cv_feasible": true, "width_src": "ngii1k", "width_disagree_m": 0.34, "road_name": "제봉로158번길", "seg_label": "제봉로158번길 11-85", "road_side": "0", "road_bt_m": 8.0, "in_emd": true, "light_count": 13, "unknown_reason": null, "z": 11.2 }, "geometry": { "type": "LineString", "coordinates": [ [ 126.920266, 35.152165 ], [ 126.920455, 35.15232 ] ] } },
{ "type": "Feature", "properties": { "seg_uid": "DM-192716-283995-0DUE", "seg_id": "DM00766", "seg_no": 7, "width_min_m": 1.68, "width_max_m": 3.4, "verdict": "needs_cv", "width_verified": false, "midpoint_fallback": false, "inherited": false, "route_usage": 0, "length_m": 50.0, "run_length_m": 124.6, "nfa_designated": true, "cctv_dist_m": 8.6, "cv_feasible": true, "width_src": "ngii1k", "width_disagree_m": 0.18, "road_name": "제봉로158번길", "seg_label": "제봉로158번길 11", "road_side": "1", "road_bt_m": 2.0, "in_emd": false, "light_count": 13, "unknown_reason": null, "z": 11.1 }, "geometry": { "type": "LineString", "coordinates": [ [ 126.920266, 35.152165 ], [ 126.920235, 35.152185 ], [ 126.920192, 35.152214 ], [ 126.920055, 35.15231 ], [ 126.920002, 35.15235 ], [ 126.91985, 35.152458 ] ] } },
{ "type": "Feature", "properties": { "seg_uid": "DM-192743-284007-JFYG", "seg_id": "DM00767", "seg_no": 61, "width_min_m": 10.33, "width_max_m": 12.24, "verdict": "clear", "width_verified": false, "midpoint_fallback": false, "inherited": false, "route_usage": 235, "length_m": 28.2, "run_length_m": null, "nfa_designated": false, "cctv_dist_m": 16.1, "cv_feasible": true, "width_src": "ngii1k", "width_disagree_m": 1.01, "road_name": "동계천로", "seg_label": "동계천로 13-85", "road_side": "0", "road_bt_m": 15.0, "in_emd": true, "light_count": 13, "unknown_reason": null, "z": 11.3 }, "geometry": { "type": "LineString", "coordinates": [ [ 126.920251, 35.152513 ], [ 126.92026, 35.152507 ], [ 126.920262, 35.152505 ], [ 126.920455, 35.15232 ] ] } },
{ "type": "Feature", "properties": { "seg_uid": "DM-192770-283980-JFYG", "seg_id": "DM00768", "seg_no": 59, "width_min_m": 10.71, "width_max_m": 12.27, "verdict": "clear", "width_verified": false, "midpoint_fallback": false, "inherited": false, "route_usage": 235, "length_m": 49.7, "run_length_m": null, "nfa_designated": false, "cctv_dist_m": 15.9, "cv_feasible": true, "width_src": "ngii1k", "width_disagree_m": 1.3, "road_name": "동계천로", "seg_label": "동계천로 13-91", "road_side": "0", "road_bt_m": 15.0, "in_emd": true, "light_count": 13, "unknown_reason": null, "z": 11.6 }, "geometry": { "type": "LineString", "coordinates": [ [ 126.920455, 35.15232 ], [ 126.92046, 35.152315 ], [ 126.920501, 35.152282 ], [ 126.920515, 35.15227 ], [ 126.920856, 35.152018 ] ] } },
{ "type": "Feature", "properties": { "seg_uid": "DM-192861-283840-5592", "seg_id": "DM00769", "seg_no": 4, "width_min_m": 6.64, "width_max_m": 8.66, "verdict": "unknown", "width_verified": false, "midpoint_fallback": false, "inherited": false, "route_usage": 0, "length_m": 47.3, "run_length_m": null, "nfa_designated": false, "cctv_dist_m": 30.1, "cv_feasible": false, "width_src": "ngii1k", "width_disagree_m": 0.05, "road_name": "제봉로140번길", "seg_label": "제봉로140번길 5-12", "road_side": "0", "road_bt_m": 6.0, "in_emd": false, "light_count": 0, "unknown_reason": "no_cctv", "z": 12.9 }, "geometry": { "type": "LineString", "coordinates": [ [ 126.921438, 35.150787 ], [ 126.921754, 35.15097 ], [ 126.921861, 35.151034 ] ] } },
{ "type": "Feature", "properties": { "seg_uid": "DM-192849-283815-5592", "seg_id": "DM00770", "seg_no": 2, "width_min_m": 2.6, "width_max_m": 3.89, "verdict": "unknown", "width_verified": false, "midpoint_fallback": false, "inherited": false, "route_usage": 0, "length_m": 27.1, "run_length_m": null, "nfa_designated": false, "cctv_dist_m": 32.2, "cv_feasible": false, "width_src": "ngii1k", "width_disagree_m": null, "road_name": "제봉로140번길", "seg_label": "제봉로140번길 5-8", "road_side": "1", "road_bt_m": 3.0, "in_emd": false, "light_count": 20, "unknown_reason": "no_cctv", "z": 12.8 }, "geometry": { "type": "LineString", "coordinates": [ [ 126.921438, 35.150787 ], [ 126.921595, 35.15058 ] ] } },
{ "type": "Feature", "properties": { "seg_uid": "DM-192893-283863-5592", "seg_id": "DM00771", "seg_no": 5, "width_min_m": 6.57, "width_max_m": 51.71, "verdict": "needs_cv", "width_verified": false, "midpoint_fallback": false, "inherited": false, "route_usage": 0, "length_m": 32.9, "run_length_m": 32.9, "nfa_designated": false, "cctv_dist_m": 1.3, "cv_feasible": true, "width_src": "ngii1k", "width_disagree_m": 0.9, "road_name": "제봉로140번길", "seg_label": "제봉로140번길 9-105", "road_side": "0", "road_bt_m": 6.0, "in_emd": true, "light_count": 0, "unknown_reason": null, "z": 13.3 }, "geometry": { "type": "LineString", "coordinates": [ [ 126.921861, 35.151034 ], [ 126.921863, 35.151036 ], [ 126.922153, 35.151209 ] ] } },
{ "type": "Feature", "properties": { "seg_uid": "DM-192893-283834-5592", "seg_id": "DM00772", "seg_no": 3, "width_min_m": 1.54, "width_max_m": 4.46, "verdict": "unknown", "width_verified": false, "midpoint_fallback": false, "inherited": false, "route_usage": 0, "length_m": 47.9, "run_length_m": null, "nfa_designated": false, "cctv_dist_m": 26.2, "cv_feasible": false, "width_src": "ngii1k", "width_disagree_m": 0.66, "road_name": "제봉로140번길", "seg_label": "제봉로140번길 11-12", "road_side": "1", "road_bt_m": 3.0, "in_emd": false, "light_count": 0, "unknown_reason": "no_cctv", "z": 13.5 }, "geometry": { "type": "LineString", "coordinates": [ [ 126.921861, 35.151034 ], [ 126.921924, 35.150959 ], [ 126.922005, 35.150863 ], [ 126.922053, 35.150794 ], [ 126.922073, 35.150736 ], [ 126.922094, 35.150683 ], [ 126.922069, 35.150663 ] ] } },
{ "type": "Feature", "properties": { "seg_uid": "DM-192898-283876-JFYG", "seg_id": "DM00773", "seg_no": 47, "width_min_m": 10.41, "width_max_m": 22.9, "verdict": "clear", "width_verified": false, "midpoint_fallback": false, "inherited": false, "route_usage": 104, "length_m": 20.8, "run_length_m": null, "nfa_designated": false, "cctv_dist_m": 1.7, "cv_feasible": true, "width_src": "ngii1k", "width_disagree_m": 0.17, "road_name": "동계천로", "seg_label": "동계천로 9-105", "road_side": "0", "road_bt_m": 15.0, "in_emd": true, "light_count": 0, "unknown_reason": null, "z": 13.3 }, "geometry": { "type": "LineString", "coordinates": [ [ 126.922163, 35.151206 ], [ 126.922153, 35.151209 ], [ 126.921968, 35.151267 ], [ 126.921949, 35.151273 ] ] } },
{ "type": "Feature", "properties": { "seg_uid": "DM-192895-283794-4091", "seg_id": "DM00774", "seg_no": 3, "width_min_m": 4.03, "width_max_m": 6.09, "verdict": "needs_cv", "width_verified": false, "midpoint_fallback": false, "inherited": false, "route_usage": 0, "length_m": 20.4, "run_length_m": 350.1, "nfa_designated": true, "cctv_dist_m": 1.0, "cv_feasible": true, "width_src": "ngii1k", "width_disagree_m": 0.07, "road_name": "제봉로138번길", "seg_label": "제봉로138번길 7-9", "road_side": "0", "road_bt_m": 4.0, "in_emd": false, "light_count": 0, "unknown_reason": null, "z": 13.7 }, "geometry": { "type": "LineString", "coordinates": [ [ 126.921919, 35.150472 ], [ 126.921981, 35.150487 ], [ 126.922134, 35.150524 ] ] } },
{ "type": "Feature", "properties": { "seg_uid": "DM-192896-283761-4091", "seg_id": "DM00775", "seg_no": 1, "width_min_m": 0.97, "width_max_m": 5.0, "verdict": "needs_cv", "width_verified": false, "midpoint_fallback": false, "inherited": false, "route_usage": 0, "length_m": 65.3, "run_length_m": 350.1, "nfa_designated": true, "cctv_dist_m": 0.4, "cv_feasible": true, "width_src": "ngii1k", "width_disagree_m": 0.91, "road_name": "제봉로138번길", "seg_label": "제봉로138번길 7-8", "road_side": "1", "road_bt_m": 3.0, "in_emd": false, "light_count": 20, "unknown_reason": null, "z": 13.8 }, "geometry": { "type": "LineString", "coordinates": [ [ 126.921919, 35.150472 ], [ 126.921927, 35.15045 ], [ 126.921937, 35.150422 ], [ 126.921968, 35.150361 ], [ 126.922011, 35.150267 ], [ 126.922037, 35.150204 ], [ 126.922056, 35.15018 ], [ 126.922146, 35.150082 ], [ 126.922258, 35.149962 ] ] } },
{ "type": "Feature", "properties": { "seg_uid": "DM-192918-283801-4091", "seg_id": "DM00776", "seg_no": 4, "width_min_m": 3.68, "width_max_m": 5.23, "verdict": "needs_cv", "width_verified": false, "midpoint_fallback": false, "inherited": false, "route_usage": 0, "length_m": 28.5, "run_length_m": 350.1, "nfa_designated": true, "cctv_dist_m": 20.8, "cv_feasible": true, "width_src": "ngii1k", "width_disagree_m": 0.42, "road_name": "제봉로138번길", "seg_label": "제봉로138번길 7-13", "road_side": "0", "road_bt_m": 4.0, "in_emd": false, "light_count": 0, "unknown_reason": null, "z": 14.0 }, "geometry": { "type": "LineString", "coordinates": [ [ 126.922134, 35.150524 ], [ 126.92226, 35.150555 ], [ 126.922434, 35.150598 ] ] } },
{ "type": "Feature", "properties": { "seg_uid": "DM-192928-283760-6Z8Q", "seg_id": "DM00777", "seg_no": 5, "width_min_m": 1.94, "width_max_m": 3.9, "verdict": "needs_cv", "width_verified": false, "midpoint_fallback": false, "inherited": false, "route_usage": 0, "length_m": 87.5, "run_length_m": 350.1, "nfa_designated": true, "cctv_dist_m": 20.8, "cv_feasible": true, "width_src": "ngii1k", "width_disagree_m": 0.91, "road_name": "동명로", "seg_label": "동명로 7-9", "road_side": "1", "road_bt_m": 3.0, "in_emd": false, "light_count": 0, "unknown_reason": null, "z": 14.4 }, "geometry": { "type": "LineString", "coordinates": [ [ 126.922757, 35.150038 ], [ 126.922684, 35.150094 ], [ 126.922684, 35.150094 ], [ 126.92263, 35.150136 ], [ 126.922542, 35.150203 ], [ 126.922512, 35.150221 ], [ 126.922445, 35.150186 ], [ 126.922409, 35.150173 ], [ 126.922336, 35.150261 ], [ 126.922227, 35.150382 ], [ 126.922185, 35.150442 ], [ 126.922134, 35.150524 ] ] } },
{ "type": "Feature", "properties": { "seg_uid": "DM-192944-283809-4091", "seg_id": "DM00778", "seg_no": 5, "width_min_m": 3.79, "width_max_m": 9.76, "verdict": "unknown", "width_verified": false, "midpoint_fallback": false, "inherited": false, "route_usage": 0, "length_m": 25.0, "run_length_m": null, "nfa_designated": false, "cctv_dist_m": 49.4, "cv_feasible": false, "width_src": "ngii1k", "width_disagree_m": 2.61, "road_name": "제봉로138번길", "seg_label": "제봉로138번길 9-113", "road_side": "0", "road_bt_m": 4.0, "in_emd": true, "light_count": 0, "unknown_reason": "no_cctv", "z": 14.6 }, "geometry": { "type": "LineString", "coordinates": [ [ 126.922434, 35.150598 ], [ 126.922499, 35.150615 ], [ 126.922644, 35.150654 ], [ 126.922695, 35.150668 ] ] } },
{ "type": "Feature", "properties": { "seg_uid": "DM-192953-283780-6Z8Q", "seg_id": "DM00779", "seg_no": 8, "width_min_m": 1.99, "width_max_m": 3.79, "verdict": "needs_cv", "width_verified": false, "midpoint_fallback": false, "inherited": false, "route_usage": 0, "length_m": 65.5, "run_length_m": 350.1, "nfa_designated": true, "cctv_dist_m": 19.0, "cv_feasible": true, "width_src": "ngii1k", "width_disagree_m": 1.42, "road_name": "동명로", "seg_label": "동명로 9-13", "road_side": "1", "road_bt_m": 3.0, "in_emd": false, "light_count": 0, "unknown_reason": null, "z": 14.9 }, "geometry": { "type": "LineString", "coordinates": [ [ 126.922914, 35.15016 ], [ 126.922837, 35.150226 ], [ 126.922793, 35.150264 ], [ 126.922668, 35.150375 ], [ 126.922617, 35.150429 ], [ 126.92251, 35.150527 ], [ 126.922434, 35.150598 ] ] } },
{ "type": "Feature", "properties": { "seg_uid": "DM-192939-283834-JFYG", "seg_id": "DM00780", "seg_no": 45, "width_min_m": 11.4, "width_max_m": 17.67, "verdict": "clear", "width_verified": false, "midpoint_fallback": false, "inherited": false, "route_usage": 87, "length_m": 53.6, "run_length_m": null, "nfa_designated": false, "cctv_dist_m": 25.8, "cv_feasible": false, "width_src": "ngii1k", "width_disagree_m": 0.91, "road_name": "동계천로", "seg_label": "동계천로 15-113", "road_side": "0", "road_bt_m": 15.0, "in_emd": true, "light_count": 0, "unknown_reason": null, "z": 14.6 }, "geometry": { "type": "LineString", "coordinates": [ [ 126.922325, 35.151044 ], [ 126.922693, 35.15067 ], [ 126.922695, 35.150668 ] ] } },
{ "type": "Feature", "properties": { "seg_uid": "DM-192975-283795-JFYG", "seg_id": "DM00781", "seg_no": 44, "width_min_m": 7.57, "width_max_m": 11.4, "verdict": "clear", "width_verified": false, "midpoint_fallback": false, "inherited": false, "route_usage": 87, "length_m": 52.8, "run_length_m": null, "nfa_designated": false, "cctv_dist_m": 12.0, "cv_feasible": true, "width_src": "ngii1k", "width_disagree_m": 0.79, "road_name": "동계천로", "seg_label": "동계천로 13-119", "road_side": "0", "road_bt_m": 15.0, "in_emd": true, "light_count": 0, "unknown_reason": null, "z": 15.5 }, "geometry": { "type": "LineString", "coordinates": [ [ 126.922695, 35.150668 ], [ 126.922714, 35.150648 ], [ 126.92312, 35.150345 ] ] } },
{ "type": "Feature", "properties": { "seg_uid": "DM-192819-284265-X343", "seg_id": "DM00782", "seg_no": 1, "width_min_m": 8.5, "width_max_m": 11.12, "verdict": "clear", "width_verified": false, "midpoint_fallback": false, "inherited": false, "route_usage": 5, "length_m": 94.3, "run_length_m": null, "nfa_designated": false, "cctv_dist_m": 50.0, "cv_feasible": false, "width_src": "ngii1k", "width_disagree_m": 1.59, "road_name": "계림로", "seg_label": "계림로 1-287", "road_side": "0", "road_bt_m": 10.0, "in_emd": true, "light_count": 36, "unknown_reason": null, "z": 9.7 }, "geometry": { "type": "LineString", "coordinates": [ [ 126.920737, 35.154536 ], [ 126.921356, 35.154814 ], [ 126.921609, 35.154988 ] ] } },
{ "type": "Feature", "properties": { "seg_uid": "DM-192788-284234-52VO", "seg_id": "DM00783", "seg_no": 21, "width_min_m": 27.39, "width_max_m": 27.39, "verdict": "clear", "width_verified": false, "midpoint_fallback": false, "inherited": false, "route_usage": 42, "length_m": 27.3, "run_length_m": null, "nfa_designated": false, "cctv_dist_m": 68.8, "cv_feasible": false, "width_src": "ngii1k", "width_disagree_m": 2.81, "road_name": "경양로", "seg_label": "경양로 27-289", "road_side": "0", "road_bt_m": 15.0, "in_emd": true, "light_count": 18, "unknown_reason": null, "z": 9.7 }, "geometry": { "type": "LineString", "coordinates": [ [ 126.920737, 35.154536 ], [ 126.920741, 35.154533 ], [ 126.920934, 35.154406 ], [ 126.920981, 35.154412 ] ] } },
{ "type": "Feature", "properties": { "seg_uid": "DM-192870-284303-X343", "seg_id": "DM00784", "seg_no": 3, "width_min_m": 8.34, "width_max_m": null, "verdict": "clear", "width_verified": false, "midpoint_fallback": false, "inherited": false, "route_usage": 5, "length_m": 33.4, "run_length_m": null, "nfa_designated": false, "cctv_dist_m": 50.2, "cv_feasible": false, "width_src": "ngii1k", "width_disagree_m": 0.68, "road_name": "계림로", "seg_label": "계림로 7-303", "road_side": "0", "road_bt_m": 10.0, "in_emd": true, "light_count": 18, "unknown_reason": null, "z": 11.2 }, "geometry": { "type": "LineString", "coordinates": [ [ 126.921609, 35.154988 ], [ 126.92179, 35.155112 ], [ 126.921879, 35.155189 ], [ 126.92188, 35.15519 ] ] } },
{ "type": "Feature", "properties": { "seg_uid": "DM-192865-284285-X343", "seg_id": "DM00785", "seg_no": 2, "width_min_m": 0.76, "width_max_m": 1.36, "verdict": "blocked", "width_verified": false, "midpoint_fallback": false, "inherited": false, "route_usage": 2, "length_m": 22.1, "run_length_m": 22.1, "nfa_designated": false, "cctv_dist_m": 50.2, "cv_feasible": false, "width_src": "silpok", "width_disagree_m": null, "road_name": "계림로", "seg_label": "계림로 7-8", "road_side": "1", "road_bt_m": 1.522, "in_emd": true, "light_count": 18, "unknown_reason": null, "z": 10.8 }, "geometry": { "type": "LineString", "coordinates": [ [ 126.921609, 35.154988 ], [ 126.921724, 35.154897 ], [ 126.921792, 35.154936 ] ] } },
{ "type": "Feature", "properties": { "seg_uid": "DM-192903-284336-X343", "seg_id": "DM00786", "seg_no": 4, "width_min_m": 8.51, "width_max_m": 24.76, "verdict": "clear", "width_verified": false, "midpoint_fallback": false, "inherited": false, "route_usage": 0, "length_m": 59.6, "run_length_m": null, "nfa_designated": false, "cctv_dist_m": 24.6, "cv_feasible": true, "width_src": "ngii1k", "width_disagree_m": 0.58, "road_name": "계림로", "seg_label": "계림로 11-303", "road_side": "0", "road_bt_m": 10.0, "in_emd": false, "light_count": 18, "unknown_reason": null, "z": 12.6 }, "geometry": { "type": "LineString", "coordinates": [ [ 126.92188, 35.15519 ], [ 126.921894, 35.155202 ], [ 126.92224, 35.155501 ], [ 126.922331, 35.15558 ] ] } },
{ "type": "Feature", "properties": { "seg_uid": "DM-192887-284307-52VO", "seg_id": "DM00787", "seg_no": 34, "width_min_m": 7.2, "width_max_m": 8.96, "verdict": "clear", "width_verified": false, "midpoint_fallback": false, "inherited": false, "route_usage": 5, "length_m": 17.7, "run_length_m": null, "nfa_designated": false, "cctv_dist_m": 61.4, "cv_feasible": false, "width_src": "ngii1k", "width_disagree_m": 2.25, "road_name": "경양로", "seg_label": "경양로 11-303", "road_side": "1", "road_bt_m": 5.0, "in_emd": false, "light_count": 18, "unknown_reason": null, "z": 11.6 }, "geometry": { "type": "LineString", "coordinates": [ [ 126.921983, 35.155054 ], [ 126.921957, 35.155086 ], [ 126.92188, 35.15519 ] ] } },
{ "type": "Feature", "properties": { "seg_uid": "DM-192928-284363-X343", "seg_id": "DM00788", "seg_no": 6, "width_min_m": 9.27, "width_max_m": null, "verdict": "needs_cv", "width_verified": false, "midpoint_fallback": false, "inherited": false, "route_usage": 0, "length_m": 13.5, "run_length_m": 36.2, "nfa_designated": false, "cctv_dist_m": 11.3, "cv_feasible": true, "width_src": "ngii1k", "width_disagree_m": 10.57, "road_name": "계림로", "seg_label": "계림로 1-19", "road_side": "0", "road_bt_m": 10.0, "in_emd": false, "light_count": 0, "unknown_reason": null, "z": 13.2 }, "geometry": { "type": "LineString", "coordinates": [ [ 126.922331, 35.15558 ], [ 126.922409, 35.155647 ], [ 126.92241, 35.155649 ], [ 126.922426, 35.155672 ] ] } },
{ "type": "Feature", "properties": { "seg_uid": "DM-192932-284351-X343", "seg_id": "DM00789", "seg_no": 5, "width_min_m": 1.61, "width_max_m": 3.09, "verdict": "needs_cv", "width_verified": false, "midpoint_fallback": false, "inherited": false, "route_usage": 0, "length_m": 22.7, "run_length_m": 36.2, "nfa_designated": false, "cctv_dist_m": 24.1, "cv_feasible": true, "width_src": "silpok", "width_disagree_m": null, "road_name": "계림로", "seg_label": "계림로 17-18", "road_side": "1", "road_bt_m": 2.0, "in_emd": false, "light_count": 0, "unknown_reason": null, "z": 13.1 }, "geometry": { "type": "LineString", "coordinates": [ [ 126.922331, 35.15558 ], [ 126.922533, 35.155461 ] ] } },
{ "type": "Feature", "properties": { "seg_uid": "DM-192832-284071-Z8KD", "seg_id": "DM00794", "seg_no": 1, "width_min_m": 5.61, "width_max_m": 7.35, "verdict": "unknown", "width_verified": false, "midpoint_fallback": false, "inherited": false, "route_usage": 2, "length_m": 21.8, "run_length_m": null, "nfa_designated": false, "cctv_dist_m": 60.0, "cv_feasible": false, "width_src": "ngii1k", "width_disagree_m": 0.89, "road_name": "중앙로252번길", "seg_label": "중앙로252번길 11-17", "road_side": "0", "road_bt_m": 6.0, "in_emd": true, "light_count": 0, "unknown_reason": "no_cctv", "z": 11.2 }, "geometry": { "type": "LineString", "coordinates": [ [ 126.921266, 35.153076 ], [ 126.921395, 35.152911 ] ] } },
{ "type": "Feature", "properties": { "seg_uid": "DM-192834-284088-Z8KD", "seg_id": "DM00795", "seg_no": 2, "width_min_m": 0.78, "width_max_m": 2.84, "verdict": "blocked", "width_verified": false, "midpoint_fallback": false, "inherited": false, "route_usage": 2, "length_m": 21.2, "run_length_m": 21.2, "nfa_designated": false, "cctv_dist_m": 47.7, "cv_feasible": false, "width_src": "ngii1k", "width_disagree_m": 0.42, "road_name": "중앙로252번길", "seg_label": "중앙로252번길 15", "road_side": "1", "road_bt_m": 2.0, "in_emd": true, "light_count": 0, "unknown_reason": null, "z": 10.8 }, "geometry": { "type": "LineString", "coordinates": [ [ 126.921266, 35.153076 ], [ 126.921293, 35.153096 ], [ 126.921314, 35.153111 ], [ 126.921365, 35.153153 ], [ 126.921372, 35.15316 ], [ 126.92138, 35.153168 ], [ 126.921338, 35.153218 ] ] } },
{ "type": "Feature", "properties": { "seg_uid": "DM-192834-284059-3JSA", "seg_id": "DM00796", "seg_no": 13, "width_min_m": 6.58, "width_max_m": 10.28, "verdict": "unknown", "width_verified": false, "midpoint_fallback": false, "inherited": false, "route_usage": 26, "length_m": 9.3, "run_length_m": null, "nfa_designated": false, "cctv_dist_m": 61.0, "cv_feasible": false, "width_src": "ngii1k", "width_disagree_m": 0.7, "road_name": "동계천로85번길", "seg_label": "동계천로85번길 9-17", "road_side": "0", "road_bt_m": 5.0, "in_emd": true, "light_count": 0, "unknown_reason": "no_cctv", "z": 11.4 }, "geometry": { "type": "LineString", "coordinates": [ [ 126.921322, 35.152852 ], [ 126.921395, 35.152911 ] ] } },
{ "type": "Feature", "properties": { "seg_uid": "DM-192847-284071-3JSA", "seg_id": "DM00797", "seg_no": 14, "width_min_m": 5.36, "width_max_m": 6.97, "verdict": "unknown", "width_verified": false, "midpoint_fallback": false, "inherited": false, "route_usage": 22, "length_m": 26.1, "run_length_m": null, "nfa_designated": false, "cctv_dist_m": 34.9, "cv_feasible": false, "width_src": "ngii1k", "width_disagree_m": 0.08, "road_name": "동계천로85번길", "seg_label": "동계천로85번길 11-17", "road_side": "0", "road_bt_m": 5.0, "in_emd": true, "light_count": 0, "unknown_reason": "no_cctv", "z": 11.3 }, "geometry": { "type": "LineString", "coordinates": [ [ 126.921395, 35.152911 ], [ 126.921408, 35.152921 ], [ 126.921431, 35.15294 ], [ 126.921602, 35.153073 ] ] } },
{ "type": "Feature", "properties": { "seg_uid": "DM-192823-284360-72Y1", "seg_id": "DM00801", "seg_no": 1, "width_min_m": 1.36, "width_max_m": 9.63, "verdict": "needs_cv", "width_verified": false, "midpoint_fallback": false, "inherited": false, "route_usage": 0, "length_m": 64.9, "run_length_m": 162.6, "nfa_designated": true, "cctv_dist_m": 0.5, "cv_feasible": true, "width_src": "ngii1k", "width_disagree_m": 4.19, "road_name": "중앙로272번길", "seg_label": "중앙로272번길 3-264", "road_side": "1", "road_bt_m": 5.0, "in_emd": false, "light_count": 18, "unknown_reason": null, "z": 9.8 }, "geometry": { "type": "LineString", "coordinates": [ [ 126.921229, 35.155893 ], [ 126.921228, 35.155853 ], [ 126.921226, 35.155786 ], [ 126.921233, 35.155593 ], [ 126.921228, 35.155309 ] ] } },
{ "type": "Feature", "properties": { "seg_uid": "DM-192777-284060-TO49", "seg_id": "DM00809", "seg_no": 1, "width_min_m": 1.85, "width_max_m": 7.56, "verdict": "unknown", "width_verified": false, "midpoint_fallback": false, "inherited": false, "route_usage": 4, "length_m": 78.8, "run_length_m": null, "nfa_designated": false, "cctv_dist_m": 25.5, "cv_feasible": false, "width_src": "ngii1k", "width_disagree_m": 0.15, "road_name": "중앙로246번길", "seg_label": "중앙로246번길 5-15", "road_side": "0", "road_bt_m": 3.0, "in_emd": true, "light_count": 0, "unknown_reason": "no_cctv", "z": 11.2 }, "geometry": { "type": "LineString", "coordinates": [ [ 126.920472, 35.153178 ], [ 126.920502, 35.153144 ], [ 126.920576, 35.15305 ], [ 126.920649, 35.152973 ], [ 126.920692, 35.152927 ], [ 126.920775, 35.152858 ], [ 126.920875, 35.152763 ], [ 126.921008, 35.152627 ], [ 126.921011, 35.152624 ] ] } },
{ "type": "Feature", "properties": { "seg_uid": "DM-192775-284091-TO49", "seg_id": "DM00810", "seg_no": 2, "width_min_m": 0.67, "width_max_m": 3.18, "verdict": "unknown", "width_verified": false, "midpoint_fallback": false, "inherited": false, "route_usage": 2, "length_m": 57.0, "run_length_m": null, "nfa_designated": false, "cctv_dist_m": 25.3, "cv_feasible": false, "width_src": "ngii1k", "width_disagree_m": 0.73, "road_name": "중앙로246번길", "seg_label": "중앙로246번길 7-9", "road_side": "1", "road_bt_m": 3.0, "in_emd": true, "light_count": 0, "unknown_reason": "no_cctv", "z": 10.7 }, "geometry": { "type": "LineString", "coordinates": [ [ 126.920472, 35.153178 ], [ 126.920522, 35.153201 ], [ 126.9206, 35.153239 ], [ 126.920634, 35.153255 ], [ 126.920703, 35.153167 ], [ 126.920742, 35.153107 ], [ 126.920767, 35.153076 ], [ 126.920827, 35.153103 ], [ 126.92086, 35.153121 ], [ 126.920859, 35.153144 ], [ 126.920896, 35.153167 ] ] } },
{ "type": "Feature", "properties": { "seg_uid": "DM-192780-284011-3JSA", "seg_id": "DM00811", "seg_no": 2, "width_min_m": 5.26, "width_max_m": 6.84, "verdict": "needs_cv", "width_verified": false, "midpoint_fallback": false, "inherited": false, "route_usage": 61, "length_m": 60.6, "run_length_m": 214.8, "nfa_designated": true, "cctv_dist_m": 16.4, "cv_feasible": true, "width_src": "ngii1k", "width_disagree_m": 0.48, "road_name": "동계천로85번길", "seg_label": "동계천로85번길 1-85", "road_side": "0", "road_bt_m": 5.0, "in_emd": true, "light_count": 13, "unknown_reason": null, "z": 11.6 }, "geometry": { "type": "LineString", "coordinates": [ [ 126.921016, 35.152628 ], [ 126.921012, 35.152625 ], [ 126.921011, 35.152624 ], [ 126.920535, 35.152305 ], [ 126.920501, 35.152282 ] ] } },
{ "type": "Feature", "properties": { "seg_uid": "DM-193032-283892-YM7N", "seg_id": "DM00812", "seg_no": 4, "width_min_m": 5.48, "width_max_m": 8.42, "verdict": "unknown", "width_verified": false, "midpoint_fallback": false, "inherited": false, "route_usage": 100, "length_m": 41.1, "run_length_m": null, "nfa_designated": false, "cctv_dist_m": 59.7, "cv_feasible": false, "width_src": "ngii1k", "width_disagree_m": 2.56, "road_name": "동명로25번길", "seg_label": "동명로25번길 1-25", "road_side": "0", "road_bt_m": 6.0, "in_emd": true, "light_count": 9, "unknown_reason": "no_cctv", "z": 16.6 }, "geometry": { "type": "LineString", "coordinates": [ [ 126.923742, 35.151323 ], [ 126.923318, 35.151438 ], [ 126.923313, 35.151439 ] ] } },
{ "type": "Feature", "properties": { "seg_uid": "DM-193070-283921-6Z8Q", "seg_id": "DM00813", "seg_no": 49, "width_min_m": 19.59, "width_max_m": 22.04, "verdict": "clear", "width_verified": false, "midpoint_fallback": false, "inherited": false, "route_usage": 85, "length_m": 84.2, "run_length_m": null, "nfa_designated": false, "cctv_dist_m": 58.7, "cv_feasible": false, "width_src": "ngii1k", "width_disagree_m": 0.85, "road_name": "동명로", "seg_label": "동명로 25-33", "road_side": "0", "road_bt_m": 20.0, "in_emd": true, "light_count": 9, "unknown_reason": null, "z": 16.4 }, "geometry": { "type": "LineString", "coordinates": [ [ 126.923732, 35.151308 ], [ 126.923735, 35.151312 ], [ 126.923742, 35.151323 ], [ 126.923816, 35.15144 ], [ 126.923864, 35.151514 ], [ 126.924068, 35.151833 ], [ 126.924072, 35.151832 ], [ 126.924264, 35.151797 ] ] } },
{ "type": "Feature", "properties": { "seg_uid": "DM-192997-283903-YM7N", "seg_id": "DM00814", "seg_no": 5, "width_min_m": 5.17, "width_max_m": 8.83, "verdict": "unknown", "width_verified": false, "midpoint_fallback": false, "inherited": false, "route_usage": 90, "length_m": 32.1, "run_length_m": null, "nfa_designated": false, "cctv_dist_m": 56.2, "cv_feasible": false, "width_src": "ngii1k", "width_disagree_m": 1.97, "road_name": "동명로25번길", "seg_label": "동명로25번길 3-7", "road_side": "0", "road_bt_m": 6.0, "in_emd": true, "light_count": 9, "unknown_reason": "no_cctv", "z": 16.2 }, "geometry": { "type": "LineString", "coordinates": [ [ 126.923312, 35.151439 ], [ 126.923308, 35.15144 ], [ 126.923235, 35.15146 ], [ 126.923118, 35.15149 ], [ 126.92298, 35.151525 ], [ 126.922977, 35.151526 ] ] } },
{ "type": "Feature", "properties": { "seg_uid": "DM-193003-283868-YM7N", "seg_id": "DM00815", "seg_no": 1, "width_min_m": 1.68, "width_max_m": 4.26, "verdict": "unknown", "width_verified": false, "midpoint_fallback": false, "inherited": false, "route_usage": 0, "length_m": 64.5, "run_length_m": null, "nfa_designated": false, "cctv_dist_m": 29.8, "cv_feasible": false, "width_src": "ngii1k", "width_disagree_m": 0.41, "road_name": "동명로25번길", "seg_label": "동명로25번길 3-19", "road_side": "1", "road_bt_m": 2.0, "in_emd": true, "light_count": 19, "unknown_reason": "no_cctv", "z": 16.2 }, "geometry": { "type": "LineString", "coordinates": [ [ 126.923312, 35.151439 ], [ 126.9233, 35.151406 ], [ 126.923253, 35.151277 ], [ 126.923221, 35.151184 ], [ 126.923097, 35.150885 ] ] } },
{ "type": "Feature", "properties": { "seg_uid": "DM-193022-283929-YM7N", "seg_id": "DM00816", "seg_no": 13, "width_min_m": 2.84, "width_max_m": 4.27, "verdict": "unknown", "width_verified": false, "midpoint_fallback": false, "inherited": false, "route_usage": 10, "length_m": 63.4, "run_length_m": null, "nfa_designated": false, "cctv_dist_m": 42.7, "cv_feasible": false, "width_src": "ngii1k", "width_disagree_m": 0.46, "road_name": "동명로25번길", "seg_label": "동명로25번길 3-5", "road_side": "1", "road_bt_m": 4.0, "in_emd": true, "light_count": 9, "unknown_reason": "no_cctv", "z": 16.5 }, "geometry": { "type": "LineString", "coordinates": [ [ 126.923313, 35.151439 ], [ 126.923358, 35.151556 ], [ 126.923466, 35.151831 ], [ 126.923533, 35.151981 ] ] } },
{ "type": "Feature", "properties": { "seg_uid": "DM-192970-283912-YM7N", "seg_id": "DM00817", "seg_no": 6, "width_min_m": 5.08, "width_max_m": 8.09, "verdict": "unknown", "width_verified": false, "midpoint_fallback": false, "inherited": false, "route_usage": 90, "length_m": 25.4, "run_length_m": null, "nfa_designated": false, "cctv_dist_m": 55.4, "cv_feasible": false, "width_src": "ngii1k", "width_disagree_m": 1.14, "road_name": "동명로25번길", "seg_label": "동명로25번길 7-9", "road_side": "0", "road_bt_m": 6.0, "in_emd": true, "light_count": 0, "unknown_reason": "no_cctv", "z": 15.4 }, "geometry": { "type": "LineString", "coordinates": [ [ 126.922977, 35.151526 ], [ 126.922717, 35.151592 ], [ 126.922711, 35.151594 ], [ 126.922711, 35.151594 ] ] } },
{ "type": "Feature", "properties": { "seg_uid": "DM-192972-283877-YM7N", "seg_id": "DM00818", "seg_no": 3, "width_min_m": 1.89, "width_max_m": 3.25, "verdict": "unknown", "width_verified": false, "midpoint_fallback": false, "inherited": false, "route_usage": 0, "length_m": 64.7, "run_length_m": null, "nfa_designated": false, "cctv_dist_m": 56.2, "cv_feasible": false, "width_src": "ngii1k", "width_disagree_m": 0.39, "road_name": "동명로25번길", "seg_label": "동명로25번길 7-19", "road_side": "1", "road_bt_m": 3.0, "in_emd": true, "light_count": 0, "unknown_reason": "no_cctv", "z": 15.5 }, "geometry": { "type": "LineString", "coordinates": [ [ 126.922977, 35.151526 ], [ 126.922965, 35.151498 ], [ 126.92295, 35.151461 ], [ 126.922916, 35.151358 ], [ 126.922863, 35.151235 ], [ 126.922817, 35.151118 ], [ 126.922763, 35.15097 ] ] } },
{ "type": "Feature", "properties": { "seg_uid": "DM-192942-283921-YM7N", "seg_id": "DM00819", "seg_no": 7, "width_min_m": 5.22, "width_max_m": 7.65, "verdict": "unknown", "width_verified": false, "midpoint_fallback": false, "inherited": false, "route_usage": 90, "length_m": 32.3, "run_length_m": null, "nfa_designated": false, "cctv_dist_m": 57.6, "cv_feasible": false, "width_src": "ngii1k", "width_disagree_m": 0.53, "road_name": "동명로25번길", "seg_label": "동명로25번길 9-14", "road_side": "0", "road_bt_m": 6.0, "in_emd": true, "light_count": 0, "unknown_reason": "no_cctv", "z": 14.2 }, "geometry": { "type": "LineString", "coordinates": [ [ 126.922707, 35.151595 ], [ 126.922372, 35.151692 ] ] } },
{ "type": "Feature", "properties": { "seg_uid": "DM-192932-283894-YM7N", "seg_id": "DM00820", "seg_no": 2, "width_min_m": 5.58, "width_max_m": 7.33, "verdict": "needs_cv", "width_verified": false, "midpoint_fallback": false, "inherited": false, "route_usage": 0, "length_m": 65.8, "run_length_m": 211.7, "nfa_designated": true, "cctv_dist_m": 4.0, "cv_feasible": true, "width_src": "ngii1k", "width_disagree_m": 1.23, "road_name": "동명로25번길", "seg_label": "동명로25번길 9-105", "road_side": "1", "road_bt_m": 7.0, "in_emd": true, "light_count": 0, "unknown_reason": null, "z": 13.9 }, "geometry": { "type": "LineString", "coordinates": [ [ 126.922707, 35.151595 ], [ 126.922163, 35.151206 ] ] } },
{ "type": "Feature", "properties": { "seg_uid": "DM-192974-283942-YM7N", "seg_id": "DM00821", "seg_no": 14, "width_min_m": 6.0, "width_max_m": 9.03, "verdict": "needs_cv", "width_verified": false, "midpoint_fallback": false, "inherited": false, "route_usage": 0, "length_m": 62.4, "run_length_m": 211.7, "nfa_designated": true, "cctv_dist_m": 2.0, "cv_feasible": true, "width_src": "ngii1k", "width_disagree_m": 0.37, "road_name": "동명로25번길", "seg_label": "동명로25번길 9-10", "road_side": "1", "road_bt_m": 7.0, "in_emd": true, "light_count": 0, "unknown_reason": null, "z": 15.3 }, "geometry": { "type": "LineString", "coordinates": [ [ 126.922711, 35.151594 ], [ 126.922915, 35.151873 ], [ 126.923064, 35.152076 ] ] } },
{ "type": "Feature", "properties": { "seg_uid": "DM-192921-283929-YM7N", "seg_id": "DM00822", "seg_no": 9, "width_min_m": 5.2, "width_max_m": 7.58, "verdict": "unknown", "width_verified": false, "midpoint_fallback": false, "inherited": false, "route_usage": 76, "length_m": 12.8, "run_length_m": null, "nfa_designated": false, "cctv_dist_m": 54.5, "cv_feasible": false, "width_src": "ngii1k", "width_disagree_m": 0.44, "road_name": "동명로25번길", "seg_label": "동명로25번길 13-14", "road_side": "0", "road_bt_m": 6.0, "in_emd": true, "light_count": 0, "unknown_reason": "no_cctv", "z": 13.3 }, "geometry": { "type": "LineString", "coordinates": [ [ 126.922372, 35.151692 ], [ 126.92237, 35.151692 ], [ 126.922239, 35.15173 ] ] } },
{ "type": "Feature", "properties": { "seg_uid": "DM-192936-283954-YM7N", "seg_id": "DM00823", "seg_no": 15, "width_min_m": 1.94, "width_max_m": 4.07, "verdict": "unknown", "width_verified": false, "midpoint_fallback": false, "inherited": false, "route_usage": 14, "length_m": 56.9, "run_length_m": null, "nfa_designated": false, "cctv_dist_m": 39.5, "cv_feasible": false, "width_src": "ngii1k", "width_disagree_m": 0.26, "road_name": "동명로25번길", "seg_label": "동명로25번길 13-14", "road_side": "1", "road_bt_m": 3.0, "in_emd": true, "light_count": 0, "unknown_reason": "no_cctv", "z": 13.9 }, "geometry": { "type": "LineString", "coordinates": [ [ 126.922372, 35.151692 ], [ 126.9224, 35.151758 ], [ 126.922443, 35.151862 ], [ 126.922484, 35.151959 ], [ 126.922536, 35.152076 ], [ 126.922578, 35.152176 ] ] } },
{ "type": "Feature", "properties": { "seg_uid": "DM-192912-283932-YM7N", "seg_id": "DM00824", "seg_no": 10, "width_min_m": 5.3, "width_max_m": 7.58, "verdict": "unknown", "width_verified": false, "midpoint_fallback": false, "inherited": false, "route_usage": 76, "length_m": 5.7, "run_length_m": null, "nfa_designated": false, "cctv_dist_m": 51.9, "cv_feasible": false, "width_src": "ngii1k", "width_disagree_m": 0.05, "road_name": "동명로25번길", "seg_label": "동명로25번길 13-16", "road_side": "0", "road_bt_m": 6.0, "in_emd": true, "light_count": 0, "unknown_reason": "no_cctv", "z": 13.1 }, "geometry": { "type": "LineString", "coordinates": [ [ 126.922239, 35.15173 ], [ 126.922179, 35.151747 ] ] } },
{ "type": "Feature", "properties": { "seg_uid": "DM-192912-283921-YM7N", "seg_id": "DM00825", "seg_no": 8, "width_min_m": 1.02, "width_max_m": 2.51, "verdict": "blocked", "width_verified": false, "midpoint_fallback": false, "inherited": false, "route_usage": 2, "length_m": 20.3, "run_length_m": 20.3, "nfa_designated": false, "cctv_dist_m": 39.3, "cv_feasible": false, "width_src": "ngii1k", "width_disagree_m": 0.53, "road_name": "동명로25번길", "seg_label": "동명로25번길 13", "road_side": "1", "road_bt_m": 2.0, "in_emd": true, "light_count": 0, "unknown_reason": null, "z": 13.2 }, "geometry": { "type": "LineString", "coordinates": [ [ 126.922239, 35.15173 ], [ 126.922233, 35.151691 ], [ 126.922214, 35.151642 ], [ 126.92218, 35.151556 ], [ 126.922179, 35.151554 ] ] } },
{ "type": "Feature", "properties": { "seg_uid": "DM-192892-283939-YM7N", "seg_id": "DM00826", "seg_no": 11, "width_min_m": 2.61, "width_max_m": 7.3, "verdict": "unknown", "width_verified": false, "midpoint_fallback": false, "inherited": false, "route_usage": 76, "length_m": 36.1, "run_length_m": null, "nfa_designated": false, "cctv_dist_m": 47.6, "cv_feasible": false, "width_src": "ngii1k", "width_disagree_m": 30.32, "road_name": "동명로25번길", "seg_label": "동명로25번길 5-17", "road_side": "0", "road_bt_m": 6.0, "in_emd": true, "light_count": 0, "unknown_reason": "no_cctv", "z": 13.0 }, "geometry": { "type": "LineString", "coordinates": [ [ 126.922179, 35.151747 ], [ 126.922176, 35.151748 ], [ 126.921806, 35.151855 ] ] } },
{ "type": "Feature", "properties": { "seg_uid": "DM-192913-283942-YM7N", "seg_id": "DM00827", "seg_no": 12, "width_min_m": 0.96, "width_max_m": 2.16, "verdict": "blocked", "width_verified": false, "midpoint_fallback": false, "inherited": false, "route_usage": 2, "length_m": 19.9, "run_length_m": 19.9, "nfa_designated": false, "cctv_dist_m": 35.3, "cv_feasible": false, "width_src": "ngii1k", "width_disagree_m": 0.14, "road_name": "동명로25번길", "seg_label": "동명로25번길 13-16", "road_side": "1", "road_bt_m": 2.0, "in_emd": true, "light_count": 0, "unknown_reason": null, "z": 13.2 }, "geometry": { "type": "LineString", "coordinates": [ [ 126.922179, 35.151747 ], [ 126.922193, 35.151766 ], [ 126.922223, 35.151829 ], [ 126.922262, 35.151913 ] ] } },
{ "type": "Feature", "properties": { "seg_uid": "DM-192874-283944-N2AV", "seg_id": "DM00828", "seg_no": 2, "width_min_m": 7.05, "width_max_m": null, "verdict": "unknown", "width_verified": false, "midpoint_fallback": false, "inherited": false, "route_usage": 86, "length_m": 1.9, "run_length_m": null, "nfa_designated": false, "cctv_dist_m": 49.9, "cv_feasible": false, "width_src": "ngii1k", "width_disagree_m": 41.0, "road_name": "동계천로95번길", "seg_label": "동계천로95번길 5-17", "road_side": "0", "road_bt_m": 6.0, "in_emd": true, "light_count": 0, "unknown_reason": "no_cctv", "z": 12.8 }, "geometry": { "type": "LineString", "coordinates": [ [ 126.921791, 35.151843 ], [ 126.921806, 35.151855 ] ] } },
{ "type": "Feature", "properties": { "seg_uid": "DM-192893-283967-N2AV", "seg_id": "DM00829", "seg_no": 3, "width_min_m": 7.01, "width_max_m": 13.35, "verdict": "clear", "width_verified": false, "midpoint_fallback": false, "inherited": false, "route_usage": 10, "length_m": 57.5, "run_length_m": null, "nfa_designated": false, "cctv_dist_m": 2.4, "cv_feasible": true, "width_src": "ngii1k", "width_disagree_m": 5.22, "road_name": "동계천로95번길", "seg_label": "동계천로95번길 5-17", "road_side": "0", "road_bt_m": 6.0, "in_emd": true, "light_count": 0, "unknown_reason": null, "z": 12.7 }, "geometry": { "type": "LineString", "coordinates": [ [ 126.921806, 35.151855 ], [ 126.921816, 35.151863 ], [ 126.92221, 35.152253 ] ] } },
{ "type": "Feature", "properties": { "seg_uid": "DM-193070-283949-SZY4", "seg_id": "DM00830", "seg_no": 1, "width_min_m": 6.84, "width_max_m": 8.66, "verdict": "unknown", "width_verified": false, "midpoint_fallback": false, "inherited": false, "route_usage": 4, "length_m": 25.1, "run_length_m": null, "nfa_designated": false, "cctv_dist_m": 70.3, "cv_feasible": false, "width_src": "ngii1k", "width_disagree_m": 1.65, "road_name": "동계로1번길", "seg_label": "동계로1번길 1", "road_side": "0", "road_bt_m": 7.0, "in_emd": true, "light_count": 0, "unknown_reason": "no_cctv", "z": 16.0 }, "geometry": { "type": "LineString", "coordinates": [ [ 126.924083, 35.151871 ], [ 126.924069, 35.151874 ], [ 126.923815, 35.151925 ] ] } },
{ "type": "Feature", "properties": { "seg_uid": "DM-193090-283986-ZM8E", "seg_id": "DM00831", "seg_no": 1, "width_min_m": 17.03, "width_max_m": 18.3, "verdict": "clear", "width_verified": false, "midpoint_fallback": false, "inherited": false, "route_usage": 0, "length_m": 80.3, "run_length_m": null, "nfa_designated": false, "cctv_dist_m": 13.5, "cv_feasible": true, "width_src": "ngii1k", "width_disagree_m": 1.37, "road_name": "동계로", "seg_label": "동계로 1-9", "road_side": "0", "road_bt_m": 19.0, "in_emd": true, "light_count": 0, "unknown_reason": null, "z": 14.7 }, "geometry": { "type": "LineString", "coordinates": [ [ 126.924069, 35.151874 ], [ 126.924079, 35.15191 ], [ 126.924266, 35.152579 ] ] } },
{ "type": "Feature", "properties": { "seg_uid": "DM-193045-283956-SZY4", "seg_id": "DM00832", "seg_no": 2, "width_min_m": 6.98, "width_max_m": 13.81, "verdict": "unknown", "width_verified": false, "midpoint_fallback": false, "inherited": false, "route_usage": 6, "length_m": 26.5, "run_length_m": null, "nfa_designated": false, "cctv_dist_m": 43.9, "cv_feasible": false, "width_src": "ngii1k", "width_disagree_m": 2.34, "road_name": "동계로1번길", "seg_label": "동계로1번길 1-5", "road_side": "0", "road_bt_m": 7.0, "in_emd": true, "light_count": 0, "unknown_reason": "no_cctv", "z": 16.0 }, "geometry": { "type": "LineString", "coordinates": [ [ 126.923815, 35.151925 ], [ 126.923808, 35.151926 ], [ 126.923794, 35.151929 ], [ 126.923533, 35.151981 ] ] } },
{ "type": "Feature", "properties": { "seg_uid": "DM-193068-283992-SZY4", "seg_id": "DM00833", "seg_no": 9, "width_min_m": 1.99, "width_max_m": 4.94, "verdict": "needs_cv", "width_verified": false, "midpoint_fallback": false, "inherited": false, "route_usage": 0, "length_m": 81.1, "run_length_m": 81.1, "nfa_designated": false, "cctv_dist_m": 8.5, "cv_feasible": true, "width_src": "ngii1k", "width_disagree_m": 0.4, "road_name": "동계로1번길", "seg_label": "동계로1번길 1-2", "road_side": "1", "road_bt_m": 3.0, "in_emd": true, "light_count": 0, "unknown_reason": null, "z": 14.9 }, "geometry": { "type": "LineString", "coordinates": [ [ 126.923815, 35.151925 ], [ 126.923825, 35.151959 ], [ 126.923865, 35.1521 ], [ 126.923932, 35.152305 ], [ 126.924037, 35.152632 ] ] } },
{ "type": "Feature", "properties": { "seg_uid": "DM-193011-283964-SZY4", "seg_id": "DM00834", "seg_no": 3, "width_min_m": 7.51, "width_max_m": 8.55, "verdict": "clear", "width_verified": false, "midpoint_fallback": false, "inherited": false, "route_usage": 10, "length_m": 43.8, "run_length_m": null, "nfa_designated": false, "cctv_dist_m": 5.2, "cv_feasible": true, "width_src": "ngii1k", "width_disagree_m": 2.51, "road_name": "동계로1번길", "seg_label": "동계로1번길 4-10", "road_side": "0", "road_bt_m": 7.0, "in_emd": true, "light_count": 0, "unknown_reason": null, "z": 16.0 }, "geometry": { "type": "LineString", "coordinates": [ [ 126.923533, 35.151981 ], [ 126.923522, 35.151983 ], [ 126.923471, 35.151994 ], [ 126.92345, 35.151998 ], [ 126.923174, 35.152053 ], [ 126.923067, 35.152075 ], [ 126.923067, 35.152075 ] ] } },
{ "type": "Feature", "properties": { "seg_uid": "DM-193037-284000-SZY4", "seg_id": "DM00835", "seg_no": 11, "width_min_m": 2.42, "width_max_m": 4.98, "verdict": "unknown", "width_verified": false, "midpoint_fallback": false, "inherited": false, "route_usage": 3, "length_m": 82.2, "run_length_m": null, "nfa_designated": false, "cctv_dist_m": 38.1, "cv_feasible": false, "width_src": "ngii1k", "width_disagree_m": 0.58, "road_name": "동계로1번길", "seg_label": "동계로1번길 5-6", "road_side": "1", "road_bt_m": 4.0, "in_emd": true, "light_count": 10, "unknown_reason": "no_cctv", "z": 14.8 }, "geometry": { "type": "LineString", "coordinates": [ [ 126.923471, 35.151994 ], [ 126.923481, 35.152027 ], [ 126.923507, 35.152119 ], [ 126.923642, 35.15253 ], [ 126.9237, 35.15271 ] ] } },
{ "type": "Feature", "properties": { "seg_uid": "DM-192973-283973-SZY4", "seg_id": "DM00836", "seg_no": 5, "width_min_m": 7.15, "width_max_m": 9.46, "verdict": "clear", "width_verified": false, "midpoint_fallback": false, "inherited": false, "route_usage": 7, "length_m": 34.3, "run_length_m": null, "nfa_designated": false, "cctv_dist_m": 5.3, "cv_feasible": true, "width_src": "ngii1k", "width_disagree_m": 0.61, "road_name": "동계로1번길", "seg_label": "동계로1번길 9-13", "road_side": "0", "road_bt_m": 7.0, "in_emd": true, "light_count": 0, "unknown_reason": null, "z": 14.6 }, "geometry": { "type": "LineString", "coordinates": [ [ 126.923064, 35.152076 ], [ 126.922699, 35.152151 ] ] } },
{ "type": "Feature", "properties": { "seg_uid": "DM-193002-284009-SZY4", "seg_id": "DM00837", "seg_no": 4, "width_min_m": 5.52, "width_max_m": 7.1, "verdict": "needs_cv", "width_verified": false, "midpoint_fallback": false, "inherited": false, "route_usage": 0, "length_m": 83.5, "run_length_m": 211.7, "nfa_designated": true, "cctv_dist_m": 5.3, "cv_feasible": true, "width_src": "ngii1k", "width_disagree_m": 0.59, "road_name": "동계로1번길", "seg_label": "동계로1번길 9-10", "road_side": "1", "road_bt_m": 7.0, "in_emd": true, "light_count": 10, "unknown_reason": null, "z": 14.7 }, "geometry": { "type": "LineString", "coordinates": [ [ 126.923067, 35.152075 ], [ 126.923324, 35.152797 ] ] } },
{ "type": "Feature", "properties": { "seg_uid": "DM-192951-283979-SZY4", "seg_id": "DM00838", "seg_no": 6, "width_min_m": 7.03, "width_max_m": 10.12, "verdict": "clear", "width_verified": false, "midpoint_fallback": false, "inherited": false, "route_usage": 7, "length_m": 11.3, "run_length_m": null, "nfa_designated": false, "cctv_dist_m": 35.2, "cv_feasible": false, "width_src": "ngii1k", "width_disagree_m": 0.49, "road_name": "동계로1번길", "seg_label": "동계로1번길 11-14", "road_side": "0", "road_bt_m": 7.0, "in_emd": true, "light_count": 0, "unknown_reason": null, "z": 13.9 }, "geometry": { "type": "LineString", "coordinates": [ [ 126.922699, 35.152151 ], [ 126.922692, 35.152152 ], [ 126.922578, 35.152176 ] ] } },
{ "type": "Feature", "properties": { "seg_uid": "DM-192968-284018-SZY4", "seg_id": "DM00839", "seg_no": 10, "width_min_m": 2.38, "width_max_m": 3.68, "verdict": "unknown", "width_verified": false, "midpoint_fallback": false, "inherited": false, "route_usage": 0, "length_m": 84.6, "run_length_m": null, "nfa_designated": false, "cctv_dist_m": 34.9, "cv_feasible": false, "width_src": "ngii1k", "width_disagree_m": 0.48, "road_name": "동계로1번길", "seg_label": "동계로1번길 11-14", "road_side": "1", "road_bt_m": 3.0, "in_emd": true, "light_count": 10, "unknown_reason": "no_cctv", "z": 13.5 }, "geometry": { "type": "LineString", "coordinates": [ [ 126.922699, 35.152151 ], [ 126.922719, 35.152179 ], [ 126.922735, 35.15224 ], [ 126.922797, 35.152445 ], [ 126.922888, 35.152726 ], [ 126.92294, 35.152886 ] ] } },
{ "type": "Feature", "properties": { "seg_uid": "DM-192929-283984-SZY4", "seg_id": "DM00840", "seg_no": 7, "width_min_m": 4.6, "width_max_m": 9.57, "verdict": "needs_cv", "width_verified": false, "midpoint_fallback": false, "inherited": false, "route_usage": 21, "length_m": 33.8, "run_length_m": 34.6, "nfa_designated": false, "cctv_dist_m": 8.6, "cv_feasible": true, "width_src": "ngii1k", "width_disagree_m": null, "road_name": "동계로1번길", "seg_label": "동계로1번길 11-17", "road_side": "0", "road_bt_m": 7.0, "in_emd": true, "light_count": 0, "unknown_reason": null, "z": 13.0 }, "geometry": { "type": "LineString", "coordinates": [ [ 126.922578, 35.152176 ], [ 126.922569, 35.152178 ], [ 126.922259, 35.152241 ], [ 126.922219, 35.152251 ] ] } },
{ "type": "Feature", "properties": { "seg_uid": "DM-192912-283989-SZY4", "seg_id": "DM00841", "seg_no": 8, "width_min_m": 22.7, "width_max_m": 42.01, "verdict": "needs_cv", "width_verified": false, "midpoint_fallback": false, "inherited": false, "route_usage": 21, "length_m": 0.8, "run_length_m": 34.6, "nfa_designated": false, "cctv_dist_m": 8.0, "cv_feasible": true, "width_src": "ngii1k", "width_disagree_m": 9.28, "road_name": "동계로1번길", "seg_label": "동계로1번길 11-17", "road_side": "0", "road_bt_m": 7.0, "in_emd": true, "light_count": 0, "unknown_reason": null, "z": 12.4 }, "geometry": { "type": "LineString", "coordinates": [ [ 126.922219, 35.152251 ], [ 126.92221, 35.152253 ] ] } },
{ "type": "Feature", "properties": { "seg_uid": "DM-192905-283999-N2AV", "seg_id": "DM00842", "seg_no": 4, "width_min_m": 7.97, "width_max_m": 11.7, "verdict": "clear", "width_verified": false, "midpoint_fallback": false, "inherited": false, "route_usage": 11, "length_m": 26.1, "run_length_m": null, "nfa_designated": false, "cctv_dist_m": 7.2, "cv_feasible": true, "width_src": "ngii1k", "width_disagree_m": 0.41, "road_name": "동계천로95번길", "seg_label": "동계천로95번길 11-95", "road_side": "0", "road_bt_m": 6.0, "in_emd": true, "light_count": 0, "unknown_reason": null, "z": 12.3 }, "geometry": { "type": "LineString", "coordinates": [ [ 126.92221, 35.152253 ], [ 126.922155, 35.152281 ], [ 126.922098, 35.152452 ], [ 126.922096, 35.152456 ] ] } },
{ "type": "Feature", "properties": { "seg_uid": "DM-193089-284028-D27G", "seg_id": "DM00843", "seg_no": 1, "width_min_m": 8.52, "width_max_m": 13.4, "verdict": "clear", "width_verified": false, "midpoint_fallback": false, "inherited": false, "route_usage": 5, "length_m": 23.0, "run_length_m": null, "nfa_designated": false, "cctv_dist_m": 8.4, "cv_feasible": true, "width_src": "ngii1k", "width_disagree_m": 1.63, "road_name": "동계로9번길", "seg_label": "동계로9번길 1-9", "road_side": "0", "road_bt_m": 9.0, "in_emd": true, "light_count": 0, "unknown_reason": null, "z": 13.7 }, "geometry": { "type": "LineString", "coordinates": [ [ 126.92428, 35.152576 ], [ 126.924266, 35.152579 ], [ 126.924037, 35.152632 ] ] } },
{ "type": "Feature", "properties": { "seg_uid": "DM-193104-284045-ZM8E", "seg_id": "DM00844", "seg_no": 2, "width_min_m": 18.85, "width_max_m": 20.21, "verdict": "clear", "width_verified": false, "midpoint_fallback": false, "inherited": false, "route_usage": 5, "length_m": 42.1, "run_length_m": null, "nfa_designated": false, "cctv_dist_m": 15.6, "cv_feasible": true, "width_src": "ngii1k", "width_disagree_m": 1.62, "road_name": "동계로", "seg_label": "동계로 7-13", "road_side": "0", "road_bt_m": 19.0, "in_emd": true, "light_count": 0, "unknown_reason": null, "z": 13.1 }, "geometry": { "type": "LineString", "coordinates": [ [ 126.924266, 35.152579 ], [ 126.924276, 35.152615 ], [ 126.92428, 35.152627 ], [ 126.9243, 35.1527 ], [ 126.924302, 35.152705 ], [ 126.924368, 35.152929 ], [ 126.924373, 35.152949 ] ] } },
{ "type": "Feature", "properties": { "seg_uid": "DM-193071-284033-D27G", "seg_id": "DM00845", "seg_no": 2, "width_min_m": 9.67, "width_max_m": 12.28, "verdict": "clear", "width_verified": false, "midpoint_fallback": false, "inherited": false, "route_usage": 5, "length_m": 15.7, "run_length_m": null, "nfa_designated": false, "cctv_dist_m": 12.0, "cv_feasible": true, "width_src": "ngii1k", "width_disagree_m": 1.1, "road_name": "동계로9번길", "seg_label": "동계로9번길 1-3", "road_side": "0", "road_bt_m": 9.0, "in_emd": true, "light_count": 10, "unknown_reason": null, "z": 13.5 }, "geometry": { "type": "LineString", "coordinates": [ [ 126.924037, 35.152632 ], [ 126.924011, 35.152639 ], [ 126.923871, 35.152671 ] ] } },
{ "type": "Feature", "properties": { "seg_uid": "DM-193055-284037-D27G", "seg_id": "DM00846", "seg_no": 4, "width_min_m": 9.86, "width_max_m": 11.4, "verdict": "clear", "width_verified": false, "midpoint_fallback": false, "inherited": false, "route_usage": 5, "length_m": 16.1, "run_length_m": null, "nfa_designated": false, "cctv_dist_m": 25.7, "cv_feasible": false, "width_src": "ngii1k", "width_disagree_m": 0.17, "road_name": "동계로9번길", "seg_label": "동계로9번길 3-6", "road_side": "0", "road_bt_m": 9.0, "in_emd": true, "light_count": 10, "unknown_reason": null, "z": 13.8 }, "geometry": { "type": "LineString", "coordinates": [ [ 126.923871, 35.152671 ], [ 126.923866, 35.152672 ], [ 126.9237, 35.15271 ] ] } },
{ "type": "Feature", "properties": { "seg_uid": "DM-193065-284043-D27G", "seg_id": "DM00847", "seg_no": 3, "width_min_m": 1.3, "width_max_m": 3.01, "verdict": "unknown", "width_verified": false, "midpoint_fallback": false, "inherited": false, "route_usage": 2, "length_m": 15.7, "run_length_m": null, "nfa_designated": false, "cctv_dist_m": 25.7, "cv_feasible": false, "width_src": "ngii1k", "width_disagree_m": 0.06, "road_name": "동계로9번길", "seg_label": "동계로9번길 3-4", "road_side": "1", "road_bt_m": 2.0, "in_emd": true, "light_count": 10, "unknown_reason": "no_cctv", "z": 13.5 }, "geometry": { "type": "LineString", "coordinates": [ [ 126.923871, 35.152671 ], [ 126.923916, 35.152807 ] ] } },
{ "type": "Feature", "properties": { "seg_uid": "DM-193031-284044-D27G", "seg_id": "DM00848", "seg_no": 5, "width_min_m": 9.97, "width_max_m": 12.97, "verdict": "clear", "width_verified": false, "midpoint_fallback": false, "inherited": false, "route_usage": 8, "length_m": 35.6, "run_length_m": null, "nfa_designated": false, "cctv_dist_m": 41.3, "cv_feasible": false, "width_src": "ngii1k", "width_disagree_m": 1.06, "road_name": "동계로9번길", "seg_label": "동계로9번길 5-10", "road_side": "0", "road_bt_m": 9.0, "in_emd": true, "light_count": 10, "unknown_reason": null, "z": 13.9 }, "geometry": { "type": "LineString", "coordinates": [ [ 126.9237, 35.15271 ], [ 126.923679, 35.152715 ], [ 126.923324, 35.152797 ] ] } },
{ "type": "Feature", "properties": { "seg_uid": "DM-192996-284054-D27G", "seg_id": "DM00849", "seg_no": 6, "width_min_m": 7.64, "width_max_m": 11.65, "verdict": "clear", "width_verified": false, "midpoint_fallback": false, "inherited": false, "route_usage": 8, "length_m": 36.4, "run_length_m": null, "nfa_designated": false, "cctv_dist_m": 40.8, "cv_feasible": false, "width_src": "ngii1k", "width_disagree_m": 1.7, "road_name": "동계로9번길", "seg_label": "동계로9번길 9-14", "road_side": "0", "road_bt_m": 9.0, "in_emd": true, "light_count": 10, "unknown_reason": null, "z": 13.6 }, "geometry": { "type": "LineString", "coordinates": [ [ 126.923324, 35.152797 ], [ 126.92327, 35.15281 ], [ 126.92294, 35.152886 ] ] } },
{ "type": "Feature", "properties": { "seg_uid": "DM-192966-284087-D27G", "seg_id": "DM00850", "seg_no": 8, "width_min_m": 2.27, "width_max_m": 8.25, "verdict": "needs_cv", "width_verified": false, "midpoint_fallback": false, "inherited": false, "route_usage": 13, "length_m": 57.8, "run_length_m": 271.6, "nfa_designated": true, "cctv_dist_m": 11.8, "cv_feasible": true, "width_src": "ngii1k", "width_disagree_m": 0.07, "road_name": "동계로9번길", "seg_label": "동계로9번길 11-16", "road_side": "1", "road_bt_m": 4.0, "in_emd": true, "light_count": 0, "unknown_reason": null, "z": 12.1 }, "geometry": { "type": "LineString", "coordinates": [ [ 126.92261, 35.152963 ], [ 126.922625, 35.153019 ], [ 126.922633, 35.15305 ], [ 126.922663, 35.15308 ], [ 126.922702, 35.153101 ], [ 126.922764, 35.153122 ], [ 126.922848, 35.153153 ], [ 126.922911, 35.153178 ], [ 126.922974, 35.15321 ], [ 126.923009, 35.153232 ], [ 126.923083, 35.153266 ] ] } },
{ "type": "Feature", "properties": { "seg_uid": "DM-192962-284064-D27G", "seg_id": "DM00851", "seg_no": 7, "width_min_m": 7.97, "width_max_m": 11.61, "verdict": "clear", "width_verified": false, "midpoint_fallback": false, "inherited": false, "route_usage": 21, "length_m": 34.9, "run_length_m": null, "nfa_designated": false, "cctv_dist_m": 14.6, "cv_feasible": true, "width_src": "ngii1k", "width_disagree_m": 2.63, "road_name": "동계로9번길", "seg_label": "동계로9번길 11-18", "road_side": "0", "road_bt_m": 9.0, "in_emd": true, "light_count": 10, "unknown_reason": null, "z": 12.6 }, "geometry": { "type": "LineString", "coordinates": [ [ 126.922571, 35.152972 ], [ 126.922583, 35.152969 ], [ 126.922605, 35.152964 ], [ 126.92261, 35.152963 ], [ 126.922937, 35.152887 ], [ 126.92294, 35.152886 ] ] } },
{ "type": "Feature", "properties": { "seg_uid": "DM-192932-284028-SZY4", "seg_id": "DM00852", "seg_no": 12, "width_min_m": 8.63, "width_max_m": 11.11, "verdict": "clear", "width_verified": false, "midpoint_fallback": false, "inherited": false, "route_usage": 21, "length_m": 87.4, "run_length_m": null, "nfa_designated": false, "cctv_dist_m": 8.6, "cv_feasible": true, "width_src": "ngii1k", "width_disagree_m": 3.32, "road_name": "동계로1번길", "seg_label": "동계로1번길 11-18", "road_side": "1", "road_bt_m": 9.0, "in_emd": true, "light_count": 0, "unknown_reason": null, "z": 12.5 }, "geometry": { "type": "LineString", "coordinates": [ [ 126.922583, 35.152969 ], [ 126.922578, 35.152964 ], [ 126.922575, 35.15296 ], [ 126.922505, 35.152872 ], [ 126.922417, 35.152573 ], [ 126.922351, 35.152416 ], [ 126.922219, 35.152251 ] ] } },
{ "type": "Feature", "properties": { "seg_uid": "DM-193100-284069-DX27", "seg_id": "DM00853", "seg_no": 1, "width_min_m": 5.93, "width_max_m": 7.45, "verdict": "unknown", "width_verified": false, "midpoint_fallback": false, "inherited": false, "route_usage": 30, "length_m": 22.4, "run_length_m": null, "nfa_designated": false, "cctv_dist_m": 50.4, "cv_feasible": false, "width_src": "ngii1k", "width_disagree_m": 0.42, "road_name": "동계로13번길", "seg_label": "동계로13번길 1-13", "road_side": "0", "road_bt_m": 6.0, "in_emd": true, "light_count": 0, "unknown_reason": "no_cctv", "z": 13.0 }, "geometry": { "type": "LineString", "coordinates": [ [ 126.924388, 35.152946 ], [ 126.924373, 35.152949 ], [ 126.924159, 35.152997 ], [ 126.924151, 35.152999 ] ] } },
{ "type": "Feature", "properties": { "seg_uid": "DM-193112-284077-ZM8E", "seg_id": "DM00854", "seg_no": 4, "width_min_m": 18.83, "width_max_m": 19.42, "verdict": "clear", "width_verified": false, "midpoint_fallback": false, "inherited": false, "route_usage": 35, "length_m": 22.5, "run_length_m": null, "nfa_designated": false, "cctv_dist_m": 51.7, "cv_feasible": false, "width_src": "ngii1k", "width_disagree_m": 9.72, "road_name": "동계로", "seg_label": "동계로 13-15", "road_side": "0", "road_bt_m": 19.0, "in_emd": true, "light_count": 0, "unknown_reason": null, "z": 13.0 }, "geometry": { "type": "LineString", "coordinates": [ [ 126.924373, 35.152949 ], [ 126.924384, 35.152984 ], [ 126.924432, 35.153146 ] ] } },
{ "type": "Feature", "properties": { "seg_uid": "DM-193066-284078-DX27", "seg_id": "DM00855", "seg_no": 2, "width_min_m": 4.3, "width_max_m": 6.51, "verdict": "unknown", "width_verified": false, "midpoint_fallback": false, "inherited": false, "route_usage": 29, "length_m": 47.8, "run_length_m": null, "nfa_designated": false, "cctv_dist_m": 42.5, "cv_feasible": false, "width_src": "ngii1k", "width_disagree_m": 0.09, "road_name": "동계로13번길", "seg_label": "동계로13번길 1-8", "road_side": "0", "road_bt_m": 6.0, "in_emd": true, "light_count": 10, "unknown_reason": "no_cctv", "z": 13.1 }, "geometry": { "type": "LineString", "coordinates": [ [ 126.924151, 35.152999 ], [ 126.923646, 35.153114 ], [ 126.923645, 35.153114 ] ] } },
{ "type": "Feature", "properties": { "seg_uid": "DM-193074-284092-DX27", "seg_id": "DM00856", "seg_no": 4, "width_min_m": 0.38, "width_max_m": 2.46, "verdict": "blocked", "width_verified": false, "midpoint_fallback": false, "inherited": false, "route_usage": 1, "length_m": 64.2, "run_length_m": 161.9, "nfa_designated": true, "cctv_dist_m": 46.6, "cv_feasible": false, "width_src": "ngii1k", "width_disagree_m": 0.72, "road_name": "동계로13번길", "seg_label": "동계로13번길 1-8", "road_side": "1", "road_bt_m": 2.0, "in_emd": true, "light_count": 0, "unknown_reason": null, "z": 12.9 }, "geometry": { "type": "LineString", "coordinates": [ [ 126.924151, 35.152999 ], [ 126.924162, 35.153027 ], [ 126.924188, 35.153092 ], [ 126.924189, 35.153102 ], [ 126.924091, 35.153135 ], [ 126.924043, 35.153155 ], [ 126.923949, 35.153213 ], [ 126.923859, 35.153256 ], [ 126.923685, 35.153323 ] ] } },
{ "type": "Feature", "properties": { "seg_uid": "DM-193021-284090-DX27", "seg_id": "DM00857", "seg_no": 3, "width_min_m": 4.44, "width_max_m": 7.4, "verdict": "needs_cv", "width_verified": false, "midpoint_fallback": false, "inherited": false, "route_usage": 30, "length_m": 45.5, "run_length_m": 88.2, "nfa_designated": false, "cctv_dist_m": 2.6, "cv_feasible": true, "width_src": "ngii1k", "width_disagree_m": 0.15, "road_name": "동계로13번길", "seg_label": "동계로13번길 5-11", "road_side": "0", "road_bt_m": 6.0, "in_emd": true, "light_count": 10, "unknown_reason": null, "z": 12.9 }, "geometry": { "type": "LineString", "coordinates": [ [ 126.923645, 35.153114 ], [ 126.923408, 35.153167 ], [ 126.923287, 35.153205 ], [ 126.923175, 35.15324 ], [ 126.923171, 35.153242 ] ] } },
{ "type": "Feature", "properties": { "seg_uid": "DM-193046-284096-DX27", "seg_id": "DM00858", "seg_no": 5, "width_min_m": 0.87, "width_max_m": 3.49, "verdict": "unknown", "width_verified": false, "midpoint_fallback": false, "inherited": false, "route_usage": 1, "length_m": 23.7, "run_length_m": null, "nfa_designated": false, "cctv_dist_m": 42.5, "cv_feasible": false, "width_src": "ngii1k", "width_disagree_m": 0.23, "road_name": "동계로13번길", "seg_label": "동계로13번길 2-8", "road_side": "1", "road_bt_m": 3.0, "in_emd": true, "light_count": 10, "unknown_reason": "no_cctv", "z": 12.9 }, "geometry": { "type": "LineString", "coordinates": [ [ 126.923645, 35.153114 ], [ 126.923664, 35.153166 ], [ 126.923682, 35.153223 ], [ 126.923683, 35.153247 ], [ 126.923682, 35.15329 ], [ 126.923685, 35.153323 ] ] } },
{ "type": "Feature", "properties": { "seg_uid": "DM-192996-284100-DX27", "seg_id": "DM00859", "seg_no": 6, "width_min_m": 9.28, "width_max_m": 39.03, "verdict": "clear", "width_verified": false, "midpoint_fallback": false, "inherited": false, "route_usage": 31, "length_m": 8.5, "run_length_m": null, "nfa_designated": false, "cctv_dist_m": 4.0, "cv_feasible": true, "width_src": "ngii1k", "width_disagree_m": 1.77, "road_name": "동계로13번길", "seg_label": "동계로13번길 11-16", "road_side": "0", "road_bt_m": 6.0, "in_emd": true, "light_count": 10, "unknown_reason": null, "z": 12.4 }, "geometry": { "type": "LineString", "coordinates": [ [ 126.923171, 35.153242 ], [ 126.923131, 35.153254 ], [ 126.923093, 35.153264 ], [ 126.923083, 35.153266 ] ] } },
{ "type": "Feature", "properties": { "seg_uid": "DM-192993-284118-DX27", "seg_id": "DM00860", "seg_no": 12, "width_min_m": 1.6, "width_max_m": 4.25, "verdict": "needs_cv", "width_verified": false, "midpoint_fallback": false, "inherited": false, "route_usage": 1, "length_m": 42.7, "run_length_m": 88.2, "nfa_designated": false, "cctv_dist_m": 4.0, "cv_feasible": true, "width_src": "ngii1k", "width_disagree_m": 0.11, "road_name": "동계로13번길", "seg_label": "동계로13번길 8-12", "road_side": "1", "road_bt_m": 3.0, "in_emd": true, "light_count": 10, "unknown_reason": null, "z": 12.1 }, "geometry": { "type": "LineString", "coordinates": [ [ 126.923171, 35.153242 ], [ 126.923144, 35.153296 ], [ 126.92312, 35.153343 ], [ 126.923096, 35.153391 ], [ 126.923095, 35.153405 ], [ 126.923116, 35.15344 ], [ 126.923143, 35.153481 ], [ 126.923152, 35.153504 ], [ 126.923155, 35.153532 ], [ 126.923145, 35.153571 ], [ 126.923136, 35.153602 ] ] } },
{ "type": "Feature", "properties": { "seg_uid": "DM-192970-284108-DX27", "seg_id": "DM00861", "seg_no": 8, "width_min_m": 5.44, "width_max_m": 8.91, "verdict": "needs_cv", "width_verified": false, "midpoint_fallback": false, "inherited": false, "route_usage": 18, "length_m": 44.2, "run_length_m": 271.6, "nfa_designated": true, "cctv_dist_m": 11.8, "cv_feasible": true, "width_src": "ngii1k", "width_disagree_m": 0.74, "road_name": "동계로13번길", "seg_label": "동계로13번길 11-16", "road_side": "0", "road_bt_m": 6.0, "in_emd": true, "light_count": 0, "unknown_reason": null, "z": 12.1 }, "geometry": { "type": "LineString", "coordinates": [ [ 126.923083, 35.153266 ], [ 126.922636, 35.153376 ], [ 126.922617, 35.153376 ] ] } },
{ "type": "Feature", "properties": { "seg_uid": "DM-192936-284114-DX27", "seg_id": "DM00862", "seg_no": 9, "width_min_m": 5.01, "width_max_m": 11.59, "verdict": "needs_cv", "width_verified": false, "midpoint_fallback": false, "inherited": false, "route_usage": 18, "length_m": 25.4, "run_length_m": 271.6, "nfa_designated": true, "cctv_dist_m": 19.5, "cv_feasible": true, "width_src": "ngii1k", "width_disagree_m": 0.66, "road_name": "동계로13번길", "seg_label": "동계로13번길 15-19", "road_side": "0", "road_bt_m": 6.0, "in_emd": true, "light_count": 0, "unknown_reason": null, "z": 11.3 }, "geometry": { "type": "LineString", "coordinates": [ [ 126.922617, 35.153376 ], [ 126.922617, 35.153376 ], [ 126.922554, 35.153377 ], [ 126.922539, 35.153378 ], [ 126.922338, 35.153382 ] ] } },
{ "type": "Feature", "properties": { "seg_uid": "DM-192951-284133-DX27", "seg_id": "DM00863", "seg_no": 20, "width_min_m": 7.04, "width_max_m": 9.18, "verdict": "clear", "width_verified": false, "midpoint_fallback": false, "inherited": false, "route_usage": 0, "length_m": 38.9, "run_length_m": null, "nfa_designated": false, "cctv_dist_m": 44.8, "cv_feasible": false, "width_src": "ngii1k", "width_disagree_m": 0.16, "road_name": "동계로13번길", "seg_label": "동계로13번길 15-16", "road_side": "1", "road_bt_m": 9.0, "in_emd": true, "light_count": 0, "unknown_reason": null, "z": 11.2 }, "geometry": { "type": "LineString", "coordinates": [ [ 126.922617, 35.153376 ], [ 126.922655, 35.153713 ], [ 126.922657, 35.153725 ] ] } },
{ "type": "Feature", "properties": { "seg_uid": "DM-192935-284127-DX27", "seg_id": "DM00864", "seg_no": 15, "width_min_m": 0.92, "width_max_m": 3.43, "verdict": "unknown", "width_verified": false, "midpoint_fallback": false, "inherited": false, "route_usage": 9, "length_m": 32.0, "run_length_m": null, "nfa_designated": false, "cctv_dist_m": 31.4, "cv_feasible": false, "width_src": "ngii1k", "width_disagree_m": 0.18, "road_name": "동계로13번길", "seg_label": "동계로13번길 17-22", "road_side": "1", "road_bt_m": 4.0, "in_emd": true, "light_count": 0, "unknown_reason": "no_cctv", "z": 11.2 }, "geometry": { "type": "LineString", "coordinates": [ [ 126.922554, 35.153377 ], [ 126.92254, 35.153399 ], [ 126.92252, 35.153431 ], [ 126.922486, 35.153477 ], [ 126.922465, 35.153504 ], [ 126.922415, 35.153545 ], [ 126.922381, 35.153569 ], [ 126.922328, 35.153588 ] ] } },
{ "type": "Feature", "properties": { "seg_uid": "DM-192932-284103-DX27", "seg_id": "DM00865", "seg_no": 7, "width_min_m": 0.98, "width_max_m": 16.58, "verdict": "needs_cv", "width_verified": false, "midpoint_fallback": false, "inherited": false, "route_usage": 2, "length_m": 27.8, "run_length_m": 271.6, "nfa_designated": true, "cctv_dist_m": 19.5, "cv_feasible": true, "width_src": "ngii1k", "width_disagree_m": 0.32, "road_name": "동계로13번길", "seg_label": "동계로13번길 19", "road_side": "1", "road_bt_m": 2.0, "in_emd": true, "light_count": 0, "unknown_reason": null, "z": 11.4 }, "geometry": { "type": "LineString", "coordinates": [ [ 126.922338, 35.153382 ], [ 126.922359, 35.15336 ], [ 126.922387, 35.153332 ], [ 126.922426, 35.153293 ], [ 126.922456, 35.153258 ], [ 126.922474, 35.153233 ], [ 126.922489, 35.153204 ], [ 126.922503, 35.153173 ] ] } },
{ "type": "Feature", "properties": { "seg_uid": "DM-192912-284114-DX27", "seg_id": "DM00866", "seg_no": 10, "width_min_m": 4.95, "width_max_m": 6.47, "verdict": "needs_cv", "width_verified": false, "midpoint_fallback": false, "inherited": false, "route_usage": 11, "length_m": 22.3, "run_length_m": 271.6, "nfa_designated": true, "cctv_dist_m": 2.7, "cv_feasible": true, "width_src": "ngii1k", "width_disagree_m": 0.64, "road_name": "동계로13번길", "seg_label": "동계로13번길 19-22", "road_side": "0", "road_bt_m": 6.0, "in_emd": true, "light_count": 0, "unknown_reason": null, "z": 11.0 }, "geometry": { "type": "LineString", "coordinates": [ [ 126.922093, 35.153383 ], [ 126.922106, 35.153383 ], [ 126.922265, 35.153383 ], [ 126.922321, 35.153382 ], [ 126.922324, 35.153382 ], [ 126.922338, 35.153382 ] ] } },
{ "type": "Feature", "properties": { "seg_uid": "DM-192899-284112-N2AV", "seg_id": "DM00867", "seg_no": 14, "width_min_m": 6.63, "width_max_m": 11.84, "verdict": "needs_cv", "width_verified": false, "midpoint_fallback": false, "inherited": false, "route_usage": 16, "length_m": 8.3, "run_length_m": 116.2, "nfa_designated": true, "cctv_dist_m": 3.3, "cv_feasible": true, "width_src": "ngii1k", "width_disagree_m": 1.48, "road_name": "동계천로95번길", "seg_label": "동계천로95번길 21-22", "road_side": "1", "road_bt_m": 5.0, "in_emd": true, "light_count": 0, "unknown_reason": null, "z": 10.9 }, "geometry": { "type": "LineString", "coordinates": [ [ 126.922033, 35.153339 ], [ 126.922106, 35.153383 ] ] } },
{ "type": "Feature", "properties": { "seg_uid": "DM-192889-284114-DX27", "seg_id": "DM00868", "seg_no": 11, "width_min_m": 4.98, "width_max_m": 6.65, "verdict": "needs_cv", "width_verified": false, "midpoint_fallback": false, "inherited": false, "route_usage": 1, "length_m": 25.2, "run_length_m": 271.6, "nfa_designated": true, "cctv_dist_m": 4.0, "cv_feasible": true, "width_src": "ngii1k", "width_disagree_m": 0.82, "road_name": "동계로13번길", "seg_label": "동계로13번길 21-25", "road_side": "0", "road_bt_m": 6.0, "in_emd": true, "light_count": 0, "unknown_reason": null, "z": 10.8 }, "geometry": { "type": "LineString", "coordinates": [ [ 126.922093, 35.153383 ], [ 126.922091, 35.153383 ], [ 126.922087, 35.153383 ], [ 126.921817, 35.153384 ] ] } },
{ "type": "Feature", "properties": { "seg_uid": "DM-192912-284125-DX27", "seg_id": "DM00869", "seg_no": 13, "width_min_m": 3.28, "width_max_m": 3.48, "verdict": "needs_cv", "width_verified": false, "midpoint_fallback": false, "inherited": false, "route_usage": 8, "length_m": 31.3, "run_length_m": 271.6, "nfa_designated": true, "cctv_dist_m": 4.0, "cv_feasible": true, "width_src": "ngii1k", "width_disagree_m": 0.78, "road_name": "동계로13번길", "seg_label": "동계로13번길 18-22", "road_side": "1", "road_bt_m": 4.0, "in_emd": true, "light_count": 0, "unknown_reason": null, "z": 10.9 }, "geometry": { "type": "LineString", "coordinates": [ [ 126.922093, 35.153383 ], [ 126.9222, 35.153466 ], [ 126.92227, 35.153538 ], [ 126.922321, 35.153584 ], [ 126.922328, 35.153588 ] ] } },
{ "type": "Feature", "properties": { "seg_uid": "DM-192878-284106-N2AV", "seg_id": "DM00870", "seg_no": 13, "width_min_m": 7.0, "width_max_m": 9.11, "verdict": "clear", "width_verified": false, "midpoint_fallback": false, "inherited": false, "route_usage": 1, "length_m": 16.8, "run_length_m": null, "nfa_designated": false, "cctv_dist_m": 3.1, "cv_feasible": true, "width_src": "ngii1k", "width_disagree_m": 0.57, "road_name": "동계천로95번길", "seg_label": "동계천로95번길 15-25", "road_side": "0", "road_bt_m": 6.0, "in_emd": true, "light_count": 0, "unknown_reason": null, "z": 10.9 }, "geometry": { "type": "LineString", "coordinates": [ [ 126.921863, 35.153237 ], [ 126.921861, 35.153245 ], [ 126.921859, 35.153254 ], [ 126.921817, 35.153384 ] ] } },
{ "type": "Feature", "properties": { "seg_uid": "DM-192871-284133-N2AV", "seg_id": "DM00871", "seg_no": 19, "width_min_m": 5.67, "width_max_m": 8.51, "verdict": "needs_cv", "width_verified": false, "midpoint_fallback": false, "inherited": false, "route_usage": 0, "length_m": 37.6, "run_length_m": 271.6, "nfa_designated": true, "cctv_dist_m": 12.3, "cv_feasible": true, "width_src": "ngii1k", "width_disagree_m": 1.03, "road_name": "동계천로95번길", "seg_label": "동계천로95번길 23-27", "road_side": "0", "road_bt_m": 6.0, "in_emd": true, "light_count": 0, "unknown_reason": null, "z": 10.5 }, "geometry": { "type": "LineString", "coordinates": [ [ 126.921817, 35.153384 ], [ 126.921714, 35.153705 ], [ 126.921712, 35.153709 ], [ 126.921712, 35.153711 ] ] } },
{ "type": "Feature", "properties": { "seg_uid": "DM-193152-284042-QNEL", "seg_id": "DM00872", "seg_no": 1, "width_min_m": 7.34, "width_max_m": 9.7, "verdict": "clear", "width_verified": false, "midpoint_fallback": false, "inherited": false, "route_usage": 2, "length_m": 102.0, "run_length_m": null, "nfa_designated": false, "cctv_dist_m": 19.1, "cv_feasible": true, "width_src": "ngii1k", "width_disagree_m": 2.63, "road_name": "동계로12번길", "seg_label": "동계로12번길 1-16", "road_side": "0", "road_bt_m": 6.0, "in_emd": true, "light_count": 0, "unknown_reason": null, "z": 13.0 }, "geometry": { "type": "LineString", "coordinates": [ [ 126.924304, 35.152662 ], [ 126.924453, 35.152634 ], [ 126.924875, 35.15274 ], [ 126.925361, 35.152884 ], [ 126.925368, 35.152887 ], [ 126.925369, 35.152887 ] ] } },
{ "type": "Feature", "properties": { "seg_uid": "DM-193207-284063-QNEL", "seg_id": "DM00873", "seg_no": 3, "width_min_m": 8.07, "width_max_m": 58.74, "verdict": "clear", "width_verified": false, "midpoint_fallback": false, "inherited": false, "route_usage": 10, "length_m": 16.9, "run_length_m": null, "nfa_designated": false, "cctv_dist_m": 3.0, "cv_feasible": true, "width_src": "ngii1k", "width_disagree_m": 4.94, "road_name": "동계로12번길", "seg_label": "동계로12번길 11-16", "road_side": "0", "road_bt_m": 6.0, "in_emd": false, "light_count": 19, "unknown_reason": null, "z": 13.5 }, "geometry": { "type": "LineString", "coordinates": [ [ 126.925369, 35.152887 ], [ 126.925402, 35.152901 ], [ 126.925521, 35.152951 ], [ 126.925534, 35.152957 ] ] } },
{ "type": "Feature", "properties": { "seg_uid": "DM-193193-284069-ZM8E", "seg_id": "DM00874", "seg_no": 3, "width_min_m": 1.35, "width_max_m": 6.04, "verdict": "needs_cv", "width_verified": false, "midpoint_fallback": false, "inherited": false, "route_usage": 6, "length_m": 23.5, "run_length_m": 23.5, "nfa_designated": false, "cctv_dist_m": 19.1, "cv_feasible": true, "width_src": "ngii1k", "width_disagree_m": 2.18, "road_name": "동계로", "seg_label": "동계로 11-16", "road_side": "1", "road_bt_m": 5.0, "in_emd": false, "light_count": 0, "unknown_reason": null, "z": 13.5 }, "geometry": { "type": "LineString", "coordinates": [ [ 126.925181, 35.15302 ], [ 126.925268, 35.152993 ], [ 126.925298, 35.152972 ], [ 126.925328, 35.152938 ], [ 126.925369, 35.152887 ] ] } },
{ "type": "Feature", "properties": { "seg_uid": "DM-193228-284083-QNEL", "seg_id": "DM00875", "seg_no": 4, "width_min_m": 9.0, "width_max_m": 10.65, "verdict": "clear", "width_verified": false, "midpoint_fallback": false, "inherited": false, "route_usage": 12, "length_m": 42.6, "run_length_m": null, "nfa_designated": false, "cctv_dist_m": 1.9, "cv_feasible": true, "width_src": "ngii1k", "width_disagree_m": 2.02, "road_name": "동계로12번길", "seg_label": "동계로12번길 11-31", "road_side": "0", "road_bt_m": 6.0, "in_emd": false, "light_count": 19, "unknown_reason": null, "z": 14.6 }, "geometry": { "type": "LineString", "coordinates": [ [ 126.925534, 35.152957 ], [ 126.925579, 35.152981 ], [ 126.925654, 35.153082 ], [ 126.925798, 35.15327 ] ] } },
{ "type": "Feature", "properties": { "seg_uid": "DM-193234-284046-QNEL", "seg_id": "DM00876", "seg_no": 2, "width_min_m": 7.85, "width_max_m": 31.1, "verdict": "clear", "width_verified": false, "midpoint_fallback": false, "inherited": false, "route_usage": 12, "length_m": 59.8, "run_length_m": null, "nfa_designated": false, "cctv_dist_m": 3.0, "cv_feasible": true, "width_src": "ngii1k", "width_disagree_m": 1.34, "road_name": "동계로12번길", "seg_label": "동계로12번길 11-15", "road_side": "1", "road_bt_m": 2.0, "in_emd": true, "light_count": 19, "unknown_reason": null, "z": 13.7 }, "geometry": { "type": "LineString", "coordinates": [ [ 126.925534, 35.152957 ], [ 126.925621, 35.152937 ], [ 126.925713, 35.152823 ], [ 126.925873, 35.152522 ] ] } },
{ "type": "Feature", "properties": { "seg_uid": "DM-193263-284084-4S4P", "seg_id": "DM00877", "seg_no": 10, "width_min_m": 17.09, "width_max_m": 23.46, "verdict": "clear", "width_verified": false, "midpoint_fallback": false, "inherited": false, "route_usage": 2, "length_m": 60.1, "run_length_m": null, "nfa_designated": false, "cctv_dist_m": 34.8, "cv_feasible": false, "width_src": "ngii1k", "width_disagree_m": 0.43, "road_name": "동명로67번길", "seg_label": "동명로67번길 17-31", "road_side": "0", "road_bt_m": 11.0, "in_emd": false, "light_count": 19, "unknown_reason": null, "z": 15.2 }, "geometry": { "type": "LineString", "coordinates": [ [ 126.926322, 35.152942 ], [ 126.926307, 35.152952 ], [ 126.926234, 35.153001 ], [ 126.926013, 35.153152 ], [ 126.925798, 35.15327 ], [ 126.925798, 35.15327 ] ] } },
{ "type": "Feature", "properties": { "seg_uid": "DM-193188-284129-4S4P", "seg_id": "DM00878", "seg_no": 17, "width_min_m": 15.58, "width_max_m": 18.71, "verdict": "clear", "width_verified": false, "midpoint_fallback": false, "inherited": false, "route_usage": 14, "length_m": 115.0, "run_length_m": null, "nfa_designated": false, "cctv_dist_m": 39.0, "cv_feasible": false, "width_src": "ngii1k", "width_disagree_m": 1.25, "road_name": "동명로67번길", "seg_label": "동명로67번길 17-325", "road_side": "0", "road_bt_m": 11.0, "in_emd": false, "light_count": 63, "unknown_reason": null, "z": 15.0 }, "geometry": { "type": "LineString", "coordinates": [ [ 126.925795, 35.153271 ], [ 126.924784, 35.153725 ], [ 126.924699, 35.153783 ] ] } },
{ "type": "Feature", "properties": { "seg_uid": "DM-193253-284130-4S4P", "seg_id": "DM00879", "seg_no": 14, "width_min_m": 6.51, "width_max_m": 6.88, "verdict": "unknown", "width_verified": false, "midpoint_fallback": false, "inherited": false, "route_usage": 0, "length_m": 63.5, "run_length_m": null, "nfa_designated": false, "cctv_dist_m": 25.3, "cv_feasible": false, "width_src": "ngii1k", "width_disagree_m": 0.67, "road_name": "동명로67번길", "seg_label": "동명로67번길 17-337", "road_side": "1", "road_bt_m": 8.0, "in_emd": false, "light_count": 24, "unknown_reason": "no_cctv", "z": 16.2 }, "geometry": { "type": "LineString", "coordinates": [ [ 126.925795, 35.153271 ], [ 126.925891, 35.153419 ], [ 126.925898, 35.15343 ], [ 126.926115, 35.153779 ] ] } },
{ "type": "Feature", "properties": { "seg_uid": "DM-193139-284022-2W3Y", "seg_id": "DM00880", "seg_no": 4, "width_min_m": 6.57, "width_max_m": 12.37, "verdict": "needs_cv", "width_verified": false, "midpoint_fallback": false, "inherited": false, "route_usage": 0, "length_m": 77.6, "run_length_m": 77.6, "nfa_designated": false, "cctv_dist_m": 17.4, "cv_feasible": true, "width_src": "ngii1k", "width_disagree_m": 3.46, "road_name": "동계로10번길", "seg_label": "동계로10번길 1-45", "road_side": "0", "road_bt_m": 6.0, "in_emd": true, "light_count": 0, "unknown_reason": null, "z": 13.4 }, "geometry": { "type": "LineString", "coordinates": [ [ 126.924284, 35.152589 ], [ 126.925128, 35.152513 ], [ 126.92513, 35.152513 ] ] } },
{ "type": "Feature", "properties": { "seg_uid": "DM-193193-284016-2W3Y", "seg_id": "DM00881", "seg_no": 3, "width_min_m": 7.8, "width_max_m": 12.83, "verdict": "clear", "width_verified": false, "midpoint_fallback": false, "inherited": false, "route_usage": 2, "length_m": 30.2, "run_length_m": null, "nfa_designated": false, "cctv_dist_m": 28.8, "cv_feasible": false, "width_src": "ngii1k", "width_disagree_m": 2.46, "road_name": "동계로10번길", "seg_label": "동계로10번길 7-45", "road_side": "0", "road_bt_m": 6.0, "in_emd": true, "light_count": 19, "unknown_reason": null, "z": 13.8 }, "geometry": { "type": "LineString", "coordinates": [ [ 126.92513, 35.152513 ], [ 126.925346, 35.152494 ], [ 126.92546, 35.15249 ] ] } },
{ "type": "Feature", "properties": { "seg_uid": "DM-193201-283964-6Z8Q", "seg_id": "DM00882", "seg_no": 60, "width_min_m": 0.75, "width_max_m": 2.47, "verdict": "blocked", "width_verified": false, "midpoint_fallback": false, "inherited": false, "route_usage": 0, "length_m": 150.4, "run_length_m": 150.4, "nfa_designated": true, "cctv_dist_m": 52.0, "cv_feasible": false, "width_src": "ngii1k", "width_disagree_m": 0.75, "road_name": "동명로", "seg_label": "동명로 7-45", "road_side": "1", "road_bt_m": 2.0, "in_emd": true, "light_count": 22, "unknown_reason": null, "z": 16.2 }, "geometry": { "type": "LineString", "coordinates": [ [ 126.925612, 35.151554 ], [ 126.925642, 35.151637 ], [ 126.925672, 35.151741 ], [ 126.925702, 35.151824 ], [ 126.925716, 35.151879 ], [ 126.92562, 35.151903 ], [ 126.925559, 35.151925 ], [ 126.925483, 35.151952 ], [ 126.925374, 35.151998 ], [ 126.92539, 35.15204 ], [ 126.925408, 35.15209 ], [ 126.925408, 35.152117 ], [ 126.925413, 35.152136 ], [ 126.925443, 35.152201 ], [ 126.925397, 35.152219 ], [ 126.92532, 35.152242 ], [ 126.925283, 35.152249 ], [ 126.925242, 35.152253 ], [ 126.925214, 35.15226 ], [ 126.925137, 35.152292 ], [ 126.925107, 35.152323 ], [ 126.925098, 35.152341 ], [ 126.925113, 35.152441 ], [ 126.92513, 35.152513 ] ] } },
{ "type": "Feature", "properties": { "seg_uid": "DM-193227-284015-2W3Y", "seg_id": "DM00883", "seg_no": 1, "width_min_m": 8.76, "width_max_m": null, "verdict": "clear", "width_verified": false, "midpoint_fallback": false, "inherited": false, "route_usage": 6, "length_m": 38.1, "run_length_m": null, "nfa_designated": false, "cctv_dist_m": 10.6, "cv_feasible": true, "width_src": "ngii1k", "width_disagree_m": 2.69, "road_name": "동계로10번길", "seg_label": "동계로10번길 11-15", "road_side": "0", "road_bt_m": 6.0, "in_emd": true, "light_count": 19, "unknown_reason": null, "z": 14.3 }, "geometry": { "type": "LineString", "coordinates": [ [ 126.92546, 35.15249 ], [ 126.925654, 35.152485 ], [ 126.925843, 35.152513 ], [ 126.925873, 35.152522 ] ] } },
{ "type": "Feature", "properties": { "seg_uid": "DM-193208-284024-2W3Y", "seg_id": "DM00884", "seg_no": 2, "width_min_m": 2.18, "width_max_m": null, "verdict": "blocked", "width_verified": false, "midpoint_fallback": false, "inherited": false, "route_usage": 2, "length_m": 18.3, "run_length_m": 18.3, "nfa_designated": false, "cctv_dist_m": 25.8, "cv_feasible": false, "width_src": "ngii1k", "width_disagree_m": 1.1, "road_name": "동계로10번길", "seg_label": "동계로10번길 11", "road_side": "1", "road_bt_m": 2.0, "in_emd": true, "light_count": 19, "unknown_reason": null, "z": 13.6 }, "geometry": { "type": "LineString", "coordinates": [ [ 126.92546, 35.15249 ], [ 126.925469, 35.152655 ] ] } },
{ "type": "Feature", "properties": { "seg_uid": "DM-193257-284023-2W3Y", "seg_id": "DM00885", "seg_no": 5, "width_min_m": 9.91, "width_max_m": 53.53, "verdict": "clear", "width_verified": false, "midpoint_fallback": false, "inherited": false, "route_usage": 12, "length_m": 24.7, "run_length_m": null, "nfa_designated": false, "cctv_dist_m": 14.0, "cv_feasible": true, "width_src": "ngii1k", "width_disagree_m": 0.9, "road_name": "동계로10번길", "seg_label": "동계로10번길 12-47", "road_side": "0", "road_bt_m": 6.0, "in_emd": true, "light_count": 19, "unknown_reason": null, "z": 14.4 }, "geometry": { "type": "LineString", "coordinates": [ [ 126.925873, 35.152522 ], [ 126.92606, 35.152578 ], [ 126.926111, 35.152595 ], [ 126.926126, 35.1526 ], [ 126.926127, 35.1526 ] ] } },
{ "type": "Feature", "properties": { "seg_uid": "DM-193289-284035-2W3Y", "seg_id": "DM00886", "seg_no": 6, "width_min_m": 9.31, "width_max_m": 36.38, "verdict": "clear", "width_verified": false, "midpoint_fallback": false, "inherited": false, "route_usage": 9, "length_m": 43.1, "run_length_m": null, "nfa_designated": false, "cctv_dist_m": 4.9, "cv_feasible": true, "width_src": "ngii1k", "width_disagree_m": 0.39, "road_name": "동계로10번길", "seg_label": "동계로10번길 17-47", "road_side": "0", "road_bt_m": 6.0, "in_emd": true, "light_count": 19, "unknown_reason": null, "z": 14.6 }, "geometry": { "type": "LineString", "coordinates": [ [ 126.926127, 35.1526 ], [ 126.926308, 35.15266 ], [ 126.926566, 35.152745 ] ] } },
{ "type": "Feature", "properties": { "seg_uid": "DM-193272-284015-6Z8Q", "seg_id": "DM00887", "seg_no": 68, "width_min_m": 1.1, "width_max_m": 15.2, "verdict": "unknown", "width_verified": false, "midpoint_fallback": false, "inherited": false, "route_usage": 3, "length_m": 25.6, "run_length_m": null, "nfa_designated": false, "cctv_dist_m": 34.5, "cv_feasible": false, "width_src": "ngii1k", "width_disagree_m": 0.7, "road_name": "동명로", "seg_label": "동명로 17-63", "road_side": "1", "road_bt_m": 3.0, "in_emd": true, "light_count": 19, "unknown_reason": "no_cctv", "z": 15.1 }, "geometry": { "type": "LineString", "coordinates": [ [ 126.926185, 35.152375 ], [ 126.926166, 35.152433 ], [ 126.926157, 35.152493 ], [ 126.926143, 35.152543 ], [ 126.926127, 35.1526 ] ] } },
{ "type": "Feature", "properties": { "seg_uid": "DM-193330-284018-4S4P", "seg_id": "DM00888", "seg_no": 3, "width_min_m": 12.9, "width_max_m": 14.96, "verdict": "clear", "width_verified": false, "midpoint_fallback": false, "inherited": false, "route_usage": 11, "length_m": 68.0, "run_length_m": null, "nfa_designated": false, "cctv_dist_m": 3.9, "cv_feasible": true, "width_src": "ngii1k", "width_disagree_m": 0.54, "road_name": "동명로67번길", "seg_label": "동명로67번길 15-21", "road_side": "0", "road_bt_m": 11.0, "in_emd": false, "light_count": 0, "unknown_reason": null, "z": 16.4 }, "geometry": { "type": "LineString", "coordinates": [ [ 126.926559, 35.152752 ], [ 126.926566, 35.152745 ], [ 126.926818, 35.152491 ], [ 126.926985, 35.152324 ], [ 126.927026, 35.152275 ], [ 126.927027, 35.152274 ] ] } },
{ "type": "Feature", "properties": { "seg_uid": "DM-193060-283881-OKXU", "seg_id": "DM00889", "seg_no": 8, "width_min_m": 5.49, "width_max_m": 6.4, "verdict": "unknown", "width_verified": false, "midpoint_fallback": false, "inherited": false, "route_usage": 85, "length_m": 20.7, "run_length_m": null, "nfa_designated": false, "cctv_dist_m": 58.7, "cv_feasible": false, "width_src": "ngii1k", "width_disagree_m": 34.89, "road_name": "동명로26번길", "seg_label": "동명로26번길 1-25", "road_side": "0", "road_bt_m": 6.0, "in_emd": true, "light_count": 9, "unknown_reason": "no_cctv", "z": 16.9 }, "geometry": { "type": "LineString", "coordinates": [ [ 126.923732, 35.151308 ], [ 126.923948, 35.151252 ] ] } },
{ "type": "Feature", "properties": { "seg_uid": "DM-193036-283856-6Z8Q", "seg_id": "DM00890", "seg_no": 42, "width_min_m": 19.07, "width_max_m": 20.38, "verdict": "clear", "width_verified": false, "midpoint_fallback": false, "inherited": false, "route_usage": 0, "length_m": 62.9, "run_length_m": null, "nfa_designated": false, "cctv_dist_m": 0.8, "cv_feasible": true, "width_src": "ngii1k", "width_disagree_m": 1.17, "road_name": "동명로", "seg_label": "동명로 19-25", "road_side": "0", "road_bt_m": 20.0, "in_emd": true, "light_count": 19, "unknown_reason": null, "z": 16.8 }, "geometry": { "type": "LineString", "coordinates": [ [ 126.923411, 35.150805 ], [ 126.923732, 35.151308 ] ] } },
{ "type": "Feature", "properties": { "seg_uid": "DM-193107-283871-OKXU", "seg_id": "DM00891", "seg_no": 7, "width_min_m": 4.04, "width_max_m": 5.66, "verdict": "unknown", "width_verified": false, "midpoint_fallback": false, "inherited": false, "route_usage": 85, "length_m": 74.4, "run_length_m": null, "nfa_designated": false, "cctv_dist_m": 59.7, "cv_feasible": false, "width_src": "ngii1k", "width_disagree_m": 0.93, "road_name": "동명로26번길", "seg_label": "동명로26번길 1-11", "road_side": "0", "road_bt_m": 6.0, "in_emd": true, "light_count": 9, "unknown_reason": "no_cctv", "z": 17.5 }, "geometry": { "type": "LineString", "coordinates": [ [ 126.923948, 35.151252 ], [ 126.923973, 35.151246 ], [ 126.924556, 35.151168 ], [ 126.924753, 35.151141 ], [ 126.924753, 35.151141 ] ] } },
{ "type": "Feature", "properties": { "seg_uid": "DM-193059-283848-N84A", "seg_id": "DM00892", "seg_no": 19, "width_min_m": 3.77, "width_max_m": 6.71, "verdict": "needs_cv", "width_verified": false, "midpoint_fallback": false, "inherited": false, "route_usage": 0, "length_m": 64.5, "run_length_m": 369.5, "nfa_designated": true, "cctv_dist_m": 19.6, "cv_feasible": true, "width_src": "ngii1k", "width_disagree_m": 1.4, "road_name": "동명로20번길", "seg_label": "동명로20번길 1", "road_side": "1", "road_bt_m": 5.0, "in_emd": true, "light_count": 19, "unknown_reason": null, "z": 17.1 }, "geometry": { "type": "LineString", "coordinates": [ [ 126.92361, 35.150753 ], [ 126.923672, 35.150827 ], [ 126.923882, 35.15105 ], [ 126.923948, 35.151252 ], [ 126.923948, 35.151252 ] ] } },
{ "type": "Feature", "properties": { "seg_uid": "DM-193179-283860-OKXU", "seg_id": "DM00893", "seg_no": 5, "width_min_m": 5.15, "width_max_m": 6.28, "verdict": "unknown", "width_verified": false, "midpoint_fallback": false, "inherited": false, "route_usage": 83, "length_m": 71.2, "run_length_m": null, "nfa_designated": false, "cctv_dist_m": 59.7, "cv_feasible": false, "width_src": "ngii1k", "width_disagree_m": 1.13, "road_name": "동명로26번길", "seg_label": "동명로26번길 9-17", "road_side": "0", "road_bt_m": 6.0, "in_emd": true, "light_count": 0, "unknown_reason": "no_cctv", "z": 19.8 }, "geometry": { "type": "LineString", "coordinates": [ [ 126.924754, 35.151141 ], [ 126.924917, 35.151119 ], [ 126.925525, 35.151039 ] ] } },
{ "type": "Feature", "properties": { "seg_uid": "DM-193146-283879-OKXU", "seg_id": "DM00894", "seg_no": 6, "width_min_m": 3.81, "width_max_m": 8.06, "verdict": "unknown", "width_verified": false, "midpoint_fallback": false, "inherited": false, "route_usage": 2, "length_m": 28.2, "run_length_m": null, "nfa_designated": false, "cctv_dist_m": 59.7, "cv_feasible": false, "width_src": "ngii1k", "width_disagree_m": 1.03, "road_name": "동명로26번길", "seg_label": "동명로26번길 9-11", "road_side": "1", "road_bt_m": 6.0, "in_emd": true, "light_count": 0, "unknown_reason": "no_cctv", "z": 18.2 }, "geometry": { "type": "LineString", "coordinates": [ [ 126.924753, 35.151141 ], [ 126.924816, 35.15139 ] ] } },
{ "type": "Feature", "properties": { "seg_uid": "DM-193139-283835-N84A", "seg_id": "DM00895", "seg_no": 13, "width_min_m": 4.94, "width_max_m": 7.81, "verdict": "needs_cv", "width_verified": false, "midpoint_fallback": false, "inherited": false, "route_usage": 0, "length_m": 60.6, "run_length_m": 369.5, "nfa_designated": true, "cctv_dist_m": 0.1, "cv_feasible": true, "width_src": "ngii1k", "width_disagree_m": 1.36, "road_name": "동명로20번길", "seg_label": "동명로20번길 9-11", "road_side": "1", "road_bt_m": 6.0, "in_emd": true, "light_count": 0, "unknown_reason": null, "z": 19.0 }, "geometry": { "type": "LineString", "coordinates": [ [ 126.924648, 35.150602 ], [ 126.924754, 35.151141 ] ] } },
{ "type": "Feature", "properties": { "seg_uid": "DM-193282-283843-OKXU", "seg_id": "DM00896", "seg_no": 3, "width_min_m": 4.63, "width_max_m": 8.34, "verdict": "unknown", "width_verified": false, "midpoint_fallback": false, "inherited": false, "route_usage": 83, "length_m": 137.5, "run_length_m": null, "nfa_designated": false, "cctv_dist_m": 61.9, "cv_feasible": false, "width_src": "ngii1k", "width_disagree_m": 2.56, "road_name": "동명로26번길", "seg_label": "동명로26번길 15-31", "road_side": "0", "road_bt_m": 6.0, "in_emd": true, "light_count": 0, "unknown_reason": "no_cctv", "z": 21.6 }, "geometry": { "type": "LineString", "coordinates": [ [ 126.925526, 35.151038 ], [ 126.925547, 35.151036 ], [ 126.926581, 35.150899 ], [ 126.926598, 35.150897 ], [ 126.927016, 35.150842 ], [ 126.927016, 35.150842 ] ] } },
{ "type": "Feature", "properties": { "seg_uid": "DM-193209-283824-N84A", "seg_id": "DM00897", "seg_no": 18, "width_min_m": 6.61, "width_max_m": 12.07, "verdict": "unknown", "width_verified": false, "midpoint_fallback": false, "inherited": false, "route_usage": 0, "length_m": 60.6, "run_length_m": null, "nfa_designated": false, "cctv_dist_m": 71.0, "cv_feasible": false, "width_src": "ngii1k", "width_disagree_m": 1.54, "road_name": "동명로20번길", "seg_label": "동명로20번길 15-19", "road_side": "1", "road_bt_m": 7.0, "in_emd": true, "light_count": 0, "unknown_reason": "no_cctv", "z": 20.8 }, "geometry": { "type": "LineString", "coordinates": [ [ 126.925417, 35.1505 ], [ 126.925526, 35.151038 ] ] } },
{ "type": "Feature", "properties": { "seg_uid": "DM-193219-283882-OKXU", "seg_id": "DM00898", "seg_no": 11, "width_min_m": 6.4, "width_max_m": 7.67, "verdict": "unknown", "width_verified": false, "midpoint_fallback": false, "inherited": false, "route_usage": 0, "length_m": 57.6, "run_length_m": null, "nfa_designated": false, "cctv_dist_m": 92.8, "cv_feasible": false, "width_src": "ngii1k", "width_disagree_m": 0.34, "road_name": "동명로26번길", "seg_label": "동명로26번길 15-45", "road_side": "1", "road_bt_m": 7.0, "in_emd": true, "light_count": 22, "unknown_reason": "no_cctv", "z": 19.9 }, "geometry": { "type": "LineString", "coordinates": [ [ 126.925525, 35.151039 ], [ 126.925645, 35.151548 ] ] } },
{ "type": "Feature", "properties": { "seg_uid": "DM-193395-283814-OKXU", "seg_id": "DM00899", "seg_no": 1, "width_min_m": 3.39, "width_max_m": 5.56, "verdict": "needs_cv", "width_verified": false, "midpoint_fallback": false, "inherited": false, "route_usage": 2, "length_m": 100.2, "run_length_m": 505.5, "nfa_designated": true, "cctv_dist_m": 0.8, "cv_feasible": true, "width_src": "ngii1k", "width_disagree_m": 0.56, "road_name": "동명로26번길", "seg_label": "동명로26번길 29-43", "road_side": "0", "road_bt_m": 6.0, "in_emd": true, "light_count": 0, "unknown_reason": null, "z": 24.3 }, "geometry": { "type": "LineString", "coordinates": [ [ 126.927016, 35.150842 ], [ 126.927019, 35.150842 ], [ 126.927044, 35.150798 ], [ 126.92751, 35.150684 ], [ 126.927698, 35.150631 ], [ 126.927795, 35.15061 ], [ 126.927853, 35.150597 ], [ 126.928025, 35.150591 ], [ 126.928045, 35.15059 ] ] } },
{ "type": "Feature", "properties": { "seg_uid": "DM-193345-283801-N84A", "seg_id": "DM00900", "seg_no": 5, "width_min_m": 5.04, "width_max_m": 18.45, "verdict": "needs_cv", "width_verified": false, "midpoint_fallback": false, "inherited": false, "route_usage": 6, "length_m": 62.3, "run_length_m": 505.5, "nfa_designated": true, "cctv_dist_m": 0.5, "cv_feasible": true, "width_src": "ngii1k", "width_disagree_m": 5.13, "road_name": "동명로20번길", "seg_label": "동명로20번길 29-31", "road_side": "1", "road_bt_m": 7.0, "in_emd": true, "light_count": 0, "unknown_reason": null, "z": 23.5 }, "geometry": { "type": "LineString", "coordinates": [ [ 126.926923, 35.150286 ], [ 126.927016, 35.150842 ] ] } },
{ "type": "Feature", "properties": { "seg_uid": "DM-193354-283853-OKXU", "seg_id": "DM00901", "seg_no": 4, "width_min_m": 5.0, "width_max_m": 7.65, "verdict": "unknown", "width_verified": false, "midpoint_fallback": false, "inherited": false, "route_usage": 87, "length_m": 43.2, "run_length_m": null, "nfa_designated": false, "cctv_dist_m": 61.9, "cv_feasible": false, "width_src": "ngii1k", "width_disagree_m": 1.18, "road_name": "동명로26번길", "seg_label": "동명로26번길 29-59", "road_side": "1", "road_bt_m": 6.0, "in_emd": true, "light_count": 0, "unknown_reason": "no_cctv", "z": 22.6 }, "geometry": { "type": "LineString", "coordinates": [ [ 126.927016, 35.150842 ], [ 126.927041, 35.15094 ], [ 126.927114, 35.151223 ] ] } },
{ "type": "Feature", "properties": { "seg_uid": "DM-193450-283779-N84A", "seg_id": "DM00902", "seg_no": 8, "width_min_m": 9.33, "width_max_m": 42.98, "verdict": "clear", "width_verified": false, "midpoint_fallback": false, "inherited": false, "route_usage": 0, "length_m": 52.5, "run_length_m": null, "nfa_designated": false, "cctv_dist_m": 8.9, "cv_feasible": true, "width_src": "ngii1k", "width_disagree_m": 1.2, "road_name": "동명로20번길", "seg_label": "동명로20번길 43-45", "road_side": "1", "road_bt_m": 2.0, "in_emd": true, "light_count": 0, "unknown_reason": null, "z": 26.5 }, "geometry": { "type": "LineString", "coordinates": [ [ 126.928161, 35.150129 ], [ 126.928163, 35.15014 ], [ 126.928162, 35.150159 ], [ 126.928153, 35.150201 ], [ 126.928136, 35.15025 ], [ 126.928117, 35.150322 ], [ 126.928116, 35.150365 ], [ 126.928109, 35.150422 ], [ 126.928101, 35.150456 ], [ 126.928095, 35.150474 ], [ 126.928046, 35.150587 ], [ 126.928045, 35.15059 ] ] } },
{ "type": "Feature", "properties": { "seg_uid": "DM-193433-283831-OKXU", "seg_id": "DM00903", "seg_no": 2, "width_min_m": 9.25, "width_max_m": 53.83, "verdict": "clear", "width_verified": false, "midpoint_fallback": false, "inherited": false, "route_usage": 2, "length_m": 57.3, "run_length_m": null, "nfa_designated": false, "cctv_dist_m": 7.7, "cv_feasible": true, "width_src": "ngii1k", "width_disagree_m": 0.3, "road_name": "동명로26번길", "seg_label": "동명로26번길 39-67", "road_side": "1", "road_bt_m": 9.477, "in_emd": true, "light_count": 16, "unknown_reason": null, "z": 25.1 }, "geometry": { "type": "LineString", "coordinates": [ [ 126.928045, 35.15059 ], [ 126.92804, 35.1506 ], [ 126.928024, 35.150634 ], [ 126.928019, 35.15066 ], [ 126.927971, 35.150744 ], [ 126.927911, 35.150871 ], [ 126.927871, 35.150946 ], [ 126.927957, 35.151057 ] ] } },
{ "type": "Feature", "properties": { "seg_uid": "DM-193030-283825-N84A", "seg_id": "DM00906", "seg_no": 17, "width_min_m": 5.83, "width_max_m": 8.28, "verdict": "needs_cv", "width_verified": false, "midpoint_fallback": false, "inherited": false, "route_usage": 17, "length_m": 19.1, "run_length_m": 369.5, "nfa_designated": true, "cctv_dist_m": 4.3, "cv_feasible": true, "width_src": "ngii1k", "width_disagree_m": 3.6, "road_name": "동명로20번길", "seg_label": "동명로20번길 1-19", "road_side": "0", "road_bt_m": 5.0, "in_emd": true, "light_count": 19, "unknown_reason": null, "z": 16.7 }, "geometry": { "type": "LineString", "coordinates": [ [ 126.923411, 35.150805 ], [ 126.923498, 35.150778 ], [ 126.923531, 35.150767 ], [ 126.92361, 35.150753 ] ] } },
{ "type": "Feature", "properties": { "seg_uid": "DM-193008-283803-6Z8Q", "seg_id": "DM00907", "seg_no": 7, "width_min_m": 19.71, "width_max_m": 20.26, "verdict": "clear", "width_verified": false, "midpoint_fallback": false, "inherited": false, "route_usage": 0, "length_m": 57.6, "run_length_m": null, "nfa_designated": false, "cctv_dist_m": 4.3, "cv_feasible": true, "width_src": "ngii1k", "width_disagree_m": 0.33, "road_name": "동명로", "seg_label": "동명로 13-119", "road_side": "0", "road_bt_m": 20.0, "in_emd": true, "light_count": 19, "unknown_reason": null, "z": 16.3 }, "geometry": { "type": "LineString", "coordinates": [ [ 126.92312, 35.150345 ], [ 126.923121, 35.150345 ], [ 126.923129, 35.150353 ], [ 126.923407, 35.150798 ], [ 126.923409, 35.150801 ], [ 126.923411, 35.150805 ] ] } },
{ "type": "Feature", "properties": { "seg_uid": "DM-193007-283833-6Z8Q", "seg_id": "DM00908", "seg_no": 24, "width_min_m": 7.02, "width_max_m": 11.66, "verdict": "clear", "width_verified": false, "midpoint_fallback": false, "inherited": false, "route_usage": 17, "length_m": 30.0, "run_length_m": null, "nfa_designated": false, "cctv_dist_m": 4.3, "cv_feasible": true, "width_src": "ngii1k", "width_disagree_m": 0.25, "road_name": "동명로", "seg_label": "동명로 3-19", "road_side": "1", "road_bt_m": 7.0, "in_emd": true, "light_count": 19, "unknown_reason": null, "z": 16.5 }, "geometry": { "type": "LineString", "coordinates": [ [ 126.923411, 35.150805 ], [ 126.923101, 35.150885 ], [ 126.923097, 35.150885 ] ] } },
{ "type": "Feature", "properties": { "seg_uid": "DM-193053-283820-N84A", "seg_id": "DM00909", "seg_no": 16, "width_min_m": 4.99, "width_max_m": 7.23, "verdict": "needs_cv", "width_verified": false, "midpoint_fallback": false, "inherited": false, "route_usage": 17, "length_m": 27.0, "run_length_m": 369.5, "nfa_designated": true, "cctv_dist_m": 19.6, "cv_feasible": true, "width_src": "ngii1k", "width_disagree_m": 0.99, "road_name": "동명로20번길", "seg_label": "동명로20번길 1-3", "road_side": "0", "road_bt_m": 5.0, "in_emd": true, "light_count": 19, "unknown_reason": null, "z": 17.0 }, "geometry": { "type": "LineString", "coordinates": [ [ 126.92361, 35.150753 ], [ 126.923686, 35.150738 ], [ 126.923901, 35.150708 ] ] } },
{ "type": "Feature", "properties": { "seg_uid": "DM-193100-283811-N84A", "seg_id": "DM00910", "seg_no": 14, "width_min_m": 5.0, "width_max_m": 6.55, "verdict": "needs_cv", "width_verified": false, "midpoint_fallback": false, "inherited": false, "route_usage": 17, "length_m": 69.0, "run_length_m": 369.5, "nfa_designated": true, "cctv_dist_m": 0.9, "cv_feasible": true, "width_src": "ngii1k", "width_disagree_m": 0.58, "road_name": "동명로20번길", "seg_label": "동명로20번길 3-11", "road_side": "0", "road_bt_m": 5.0, "in_emd": true, "light_count": 10, "unknown_reason": null, "z": 17.6 }, "geometry": { "type": "LineString", "coordinates": [ [ 126.923901, 35.150708 ], [ 126.92457, 35.150613 ], [ 126.924648, 35.150602 ] ] } },
{ "type": "Feature", "properties": { "seg_uid": "DM-193067-283822-N84A", "seg_id": "DM00911", "seg_no": 15, "width_min_m": 1.0, "width_max_m": 4.89, "verdict": "unknown", "width_verified": false, "midpoint_fallback": false, "inherited": false, "route_usage": 2, "length_m": 10.2, "run_length_m": null, "nfa_designated": false, "cctv_dist_m": 45.6, "cv_feasible": false, "width_src": "ngii1k", "width_disagree_m": 0.13, "road_name": "동명로20번길", "seg_label": "동명로20번길 3", "road_side": "1", "road_bt_m": 2.0, "in_emd": true, "light_count": 10, "unknown_reason": "no_cctv", "z": 17.1 }, "geometry": { "type": "LineString", "coordinates": [ [ 126.923901, 35.150708 ], [ 126.923925, 35.150797 ] ] } },
{ "type": "Feature", "properties": { "seg_uid": "DM-193169-283800-N84A", "seg_id": "DM00912", "seg_no": 12, "width_min_m": 4.92, "width_max_m": 19.99, "verdict": "needs_cv", "width_verified": false, "midpoint_fallback": false, "inherited": false, "route_usage": 17, "length_m": 71.1, "run_length_m": 369.5, "nfa_designated": true, "cctv_dist_m": 0.9, "cv_feasible": true, "width_src": "ngii1k", "width_disagree_m": 0.22, "road_name": "동명로20번길", "seg_label": "동명로20번길 11-19", "road_side": "0", "road_bt_m": 5.0, "in_emd": true, "light_count": 0, "unknown_reason": null, "z": 19.7 }, "geometry": { "type": "LineString", "coordinates": [ [ 126.924648, 35.150602 ], [ 126.924687, 35.150597 ], [ 126.925349, 35.150506 ], [ 126.925417, 35.1505 ] ] } },
{ "type": "Feature", "properties": { "seg_uid": "DM-193128-283777-367J", "seg_id": "DM00913", "seg_no": 10, "width_min_m": 4.89, "width_max_m": 6.23, "verdict": "needs_cv", "width_verified": false, "midpoint_fallback": false, "inherited": false, "route_usage": 0, "length_m": 58.2, "run_length_m": 369.5, "nfa_designated": true, "cctv_dist_m": 0.9, "cv_feasible": true, "width_src": "ngii1k", "width_disagree_m": 0.96, "road_name": "동명로14번길", "seg_label": "동명로14번길 11-135", "road_side": "1", "road_bt_m": 6.0, "in_emd": true, "light_count": 0, "unknown_reason": null, "z": 18.6 }, "geometry": { "type": "LineString", "coordinates": [ [ 126.92453, 35.150087 ], [ 126.924648, 35.150602 ] ] } },
{ "type": "Feature", "properties": { "seg_uid": "DM-193222-283792-N84A", "seg_id": "DM00914", "seg_no": 11, "width_min_m": 4.11, "width_max_m": 13.73, "verdict": "unknown", "width_verified": false, "midpoint_fallback": false, "inherited": false, "route_usage": 17, "length_m": 35.9, "run_length_m": null, "nfa_designated": false, "cctv_dist_m": 71.2, "cv_feasible": false, "width_src": "ngii1k", "width_disagree_m": 5.44, "road_name": "동명로20번길", "seg_label": "동명로20번길 17-21", "road_side": "0", "road_bt_m": 5.0, "in_emd": true, "light_count": 0, "unknown_reason": "no_cctv", "z": 21.2 }, "geometry": { "type": "LineString", "coordinates": [ [ 126.925419, 35.1505 ], [ 126.925464, 35.150495 ], [ 126.925809, 35.150453 ] ] } },
{ "type": "Feature", "properties": { "seg_uid": "DM-193199-283765-367J", "seg_id": "DM00915", "seg_no": 13, "width_min_m": 6.62, "width_max_m": 8.67, "verdict": "unknown", "width_verified": false, "midpoint_fallback": false, "inherited": false, "route_usage": 0, "length_m": 59.2, "run_length_m": null, "nfa_designated": false, "cctv_dist_m": 71.2, "cv_feasible": false, "width_src": "ngii1k", "width_disagree_m": 0.9, "road_name": "동명로14번길", "seg_label": "동명로14번길 17-143", "road_side": "1", "road_bt_m": 7.0, "in_emd": true, "light_count": 0, "unknown_reason": "no_cctv", "z": 20.7 }, "geometry": { "type": "LineString", "coordinates": [ [ 126.925306, 35.149974 ], [ 126.925378, 35.150309 ], [ 126.925419, 35.1505 ] ] } },
{ "type": "Feature", "properties": { "seg_uid": "DM-193256-283787-N84A", "seg_id": "DM00916", "seg_no": 10, "width_min_m": 4.02, "width_max_m": null, "verdict": "unknown", "width_verified": false, "midpoint_fallback": false, "inherited": false, "route_usage": 17, "length_m": 32.1, "run_length_m": null, "nfa_designated": false, "cctv_dist_m": 67.7, "cv_feasible": false, "width_src": "ngii1k", "width_disagree_m": 5.65, "road_name": "동명로20번길", "seg_label": "동명로20번길 21-25", "road_side": "0", "road_bt_m": 5.0, "in_emd": true, "light_count": 0, "unknown_reason": "no_cctv", "z": 21.9 }, "geometry": { "type": "LineString", "coordinates": [ [ 126.925809, 35.150453 ], [ 126.926119, 35.150416 ], [ 126.926158, 35.15041 ] ] } },
{ "type": "Feature", "properties": { "seg_uid": "DM-193239-283773-N84A", "seg_id": "DM00917", "seg_no": 7, "width_min_m": 2.58, "width_max_m": 4.25, "verdict": "unknown", "width_verified": false, "midpoint_fallback": false, "inherited": false, "route_usage": 2, "length_m": 32.7, "run_length_m": null, "nfa_designated": false, "cctv_dist_m": 66.3, "cv_feasible": false, "width_src": "ngii1k", "width_disagree_m": null, "road_name": "동명로20번길", "seg_label": "동명로20번길 21-22", "road_side": "1", "road_bt_m": 3.0, "in_emd": true, "light_count": 0, "unknown_reason": "no_cctv", "z": 21.5 }, "geometry": { "type": "LineString", "coordinates": [ [ 126.925809, 35.150453 ], [ 126.925807, 35.150298 ], [ 126.925807, 35.150218 ], [ 126.925743, 35.150196 ], [ 126.92574, 35.150196 ] ] } },
{ "type": "Feature", "properties": { "seg_uid": "DM-193306-283778-N84A", "seg_id": "DM00918", "seg_no": 9, "width_min_m": 4.88, "width_max_m": 18.23, "verdict": "needs_cv", "width_verified": false, "midpoint_fallback": false, "inherited": false, "route_usage": 6, "length_m": 71.1, "run_length_m": 505.5, "nfa_designated": true, "cctv_dist_m": 0.7, "cv_feasible": true, "width_src": "ngii1k", "width_disagree_m": 4.44, "road_name": "동명로20번길", "seg_label": "동명로20번길 25-31", "road_side": "0", "road_bt_m": 5.0, "in_emd": true, "light_count": 0, "unknown_reason": null, "z": 23.0 }, "geometry": { "type": "LineString", "coordinates": [ [ 126.926158, 35.15041 ], [ 126.926349, 35.150383 ], [ 126.926858, 35.150295 ], [ 126.926923, 35.150286 ] ] } },
{ "type": "Feature", "properties": { "seg_uid": "DM-193282-283751-367J", "seg_id": "DM00919", "seg_no": 15, "width_min_m": 6.28, "width_max_m": 9.91, "verdict": "needs_cv", "width_verified": false, "midpoint_fallback": false, "inherited": false, "route_usage": 11, "length_m": 69.8, "run_length_m": 505.5, "nfa_designated": true, "cctv_dist_m": 3.3, "cv_feasible": true, "width_src": "ngii1k", "width_disagree_m": 2.41, "road_name": "동명로14번길", "seg_label": "동명로14번길 25-159", "road_side": "1", "road_bt_m": 7.0, "in_emd": true, "light_count": 0, "unknown_reason": null, "z": 22.8 }, "geometry": { "type": "LineString", "coordinates": [ [ 126.926393, 35.149812 ], [ 126.926158, 35.15041 ] ] } },
{ "type": "Feature", "properties": { "seg_uid": "DM-193360-283767-N84A", "seg_id": "DM00920", "seg_no": 6, "width_min_m": 5.4, "width_max_m": 15.25, "verdict": "needs_cv", "width_verified": false, "midpoint_fallback": false, "inherited": false, "route_usage": 10, "length_m": 38.7, "run_length_m": 505.5, "nfa_designated": true, "cctv_dist_m": 0.5, "cv_feasible": true, "width_src": "ngii1k", "width_disagree_m": 0.7, "road_name": "동명로20번길", "seg_label": "동명로20번길 31-36", "road_side": "0", "road_bt_m": 5.0, "in_emd": true, "light_count": 0, "unknown_reason": null, "z": 24.3 }, "geometry": { "type": "LineString", "coordinates": [ [ 126.926923, 35.150286 ], [ 126.927341, 35.150223 ] ] } },
{ "type": "Feature", "properties": { "seg_uid": "DM-193396-283760-N84A", "seg_id": "DM00921", "seg_no": 4, "width_min_m": 4.99, "width_max_m": 6.39, "verdict": "unknown", "width_verified": false, "midpoint_fallback": false, "inherited": false, "route_usage": 6, "length_m": 34.6, "run_length_m": null, "nfa_designated": false, "cctv_dist_m": 38.2, "cv_feasible": false, "width_src": "ngii1k", "width_disagree_m": 0.93, "road_name": "동명로20번길", "seg_label": "동명로20번길 35-39", "road_side": "0", "road_bt_m": 5.0, "in_emd": true, "light_count": 0, "unknown_reason": "no_cctv", "z": 25.2 }, "geometry": { "type": "LineString", "coordinates": [ [ 126.927341, 35.150223 ], [ 126.927697, 35.15017 ], [ 126.927715, 35.150169 ] ] } },
{ "type": "Feature", "properties": { "seg_uid": "DM-193384-283744-N84A", "seg_id": "DM00922", "seg_no": 1, "width_min_m": 1.18, "width_max_m": 2.96, "verdict": "blocked", "width_verified": false, "midpoint_fallback": false, "inherited": false, "route_usage": 2, "length_m": 49.9, "run_length_m": 49.9, "nfa_designated": false, "cctv_dist_m": 38.2, "cv_feasible": false, "width_src": "ngii1k", "width_disagree_m": 0.12, "road_name": "동명로20번길", "seg_label": "동명로20번길 35-36", "road_side": "1", "road_bt_m": 3.0, "in_emd": true, "light_count": 0, "unknown_reason": null, "z": 24.7 }, "geometry": { "type": "LineString", "coordinates": [ [ 126.927341, 35.150223 ], [ 126.927333, 35.150165 ], [ 126.927323, 35.150087 ], [ 126.927322, 35.150059 ], [ 126.927329, 35.150049 ], [ 126.927365, 35.150049 ], [ 126.927425, 35.15004 ], [ 126.927432, 35.150037 ], [ 126.927396, 35.149852 ] ] } },
{ "type": "Feature", "properties": { "seg_uid": "DM-193433-283755-N84A", "seg_id": "DM00923", "seg_no": 2, "width_min_m": 4.98, "width_max_m": 10.4, "verdict": "unknown", "width_verified": false, "midpoint_fallback": false, "inherited": false, "route_usage": 2, "length_m": 40.1, "run_length_m": null, "nfa_designated": false, "cctv_dist_m": 42.5, "cv_feasible": false, "width_src": "ngii1k", "width_disagree_m": 1.03, "road_name": "동명로20번길", "seg_label": "동명로20번길 39-43", "road_side": "0", "road_bt_m": 5.0, "in_emd": true, "light_count": 0, "unknown_reason": "no_cctv", "z": 26.6 }, "geometry": { "type": "LineString", "coordinates": [ [ 126.927715, 35.150169 ], [ 126.927938, 35.150146 ], [ 126.928152, 35.150135 ] ] } },
{ "type": "Feature", "properties": { "seg_uid": "DM-193414-283765-N84A", "seg_id": "DM00924", "seg_no": 3, "width_min_m": 2.83, "width_max_m": 2.83, "verdict": "blocked", "width_verified": false, "midpoint_fallback": false, "inherited": false, "route_usage": 2, "length_m": 15.9, "run_length_m": 15.9, "nfa_designated": false, "cctv_dist_m": 37.7, "cv_feasible": false, "width_src": "ngii1k", "width_disagree_m": 1.59, "road_name": "동명로20번길", "seg_label": "동명로20번길 39", "road_side": "1", "road_bt_m": 2.0, "in_emd": true, "light_count": 0, "unknown_reason": null, "z": 25.7 }, "geometry": { "type": "LineString", "coordinates": [ [ 126.927715, 35.150169 ], [ 126.927731, 35.150311 ] ] } },
{ "type": "Feature", "properties": { "seg_uid": "DM-193025-283765-367J", "seg_id": "DM00925", "seg_no": 12, "width_min_m": 4.93, "width_max_m": 6.29, "verdict": "needs_cv", "width_verified": false, "midpoint_fallback": false, "inherited": false, "route_usage": 76, "length_m": 66.0, "run_length_m": 66.0, "nfa_designated": false, "cctv_dist_m": 11.0, "cv_feasible": true, "width_src": "ngii1k", "width_disagree_m": 0.43, "road_name": "동명로14번길", "seg_label": "동명로14번길 1-119", "road_side": "0", "road_bt_m": 6.0, "in_emd": true, "light_count": 0, "unknown_reason": null, "z": 16.3 }, "geometry": { "type": "LineString", "coordinates": [ [ 126.92312, 35.150345 ], [ 126.92326, 35.15027 ], [ 126.923271, 35.150265 ], [ 126.923807, 35.150189 ] ] } },
{ "type": "Feature", "properties": { "seg_uid": "DM-192985-283767-6Z8Q", "seg_id": "DM00926", "seg_no": 6, "width_min_m": 19.69, "width_max_m": 22.28, "verdict": "clear", "width_verified": false, "midpoint_fallback": false, "inherited": false, "route_usage": 0, "length_m": 27.9, "run_length_m": null, "nfa_designated": false, "cctv_dist_m": 6.5, "cv_feasible": true, "width_src": "ngii1k", "width_disagree_m": 0.9, "road_name": "동명로", "seg_label": "동명로 9-119", "road_side": "0", "road_bt_m": 20.0, "in_emd": true, "light_count": 0, "unknown_reason": null, "z": 15.6 }, "geometry": { "type": "LineString", "coordinates": [ [ 126.922914, 35.15016 ], [ 126.922956, 35.150192 ], [ 126.92312, 35.150345 ] ] } },
{ "type": "Feature", "properties": { "seg_uid": "DM-193013-283749-JFYG", "seg_id": "DM00927", "seg_no": 43, "width_min_m": 9.23, "width_max_m": 10.93, "verdict": "clear", "width_verified": false, "midpoint_fallback": false, "inherited": false, "route_usage": 11, "length_m": 69.9, "run_length_m": null, "nfa_designated": false, "cctv_dist_m": 6.7, "cv_feasible": true, "width_src": "ngii1k", "width_disagree_m": 1.21, "road_name": "동계천로", "seg_label": "동계천로 13-125", "road_side": "0", "road_bt_m": 15.0, "in_emd": true, "light_count": 0, "unknown_reason": null, "z": 16.0 }, "geometry": { "type": "LineString", "coordinates": [ [ 126.92312, 35.150345 ], [ 126.923122, 35.150343 ], [ 126.923237, 35.150138 ], [ 126.92363, 35.149904 ], [ 126.923633, 35.149902 ] ] } },
{ "type": "Feature", "properties": { "seg_uid": "DM-193090-283754-367J", "seg_id": "DM00928", "seg_no": 11, "width_min_m": 4.96, "width_max_m": 8.67, "verdict": "unknown", "width_verified": false, "midpoint_fallback": false, "inherited": false, "route_usage": 76, "length_m": 66.8, "run_length_m": null, "nfa_designated": false, "cctv_dist_m": 59.1, "cv_feasible": false, "width_src": "ngii1k", "width_disagree_m": 0.46, "road_name": "동명로14번길", "seg_label": "동명로14번길 5-135", "road_side": "0", "road_bt_m": 6.0, "in_emd": true, "light_count": 0, "unknown_reason": "no_cctv", "z": 17.4 }, "geometry": { "type": "LineString", "coordinates": [ [ 126.923807, 35.150189 ], [ 126.924499, 35.150091 ], [ 126.92453, 35.150087 ] ] } },
{ "type": "Feature", "properties": { "seg_uid": "DM-193059-283769-367J", "seg_id": "DM00929", "seg_no": 14, "width_min_m": 0.95, "width_max_m": 2.11, "verdict": "blocked", "width_verified": false, "midpoint_fallback": false, "inherited": false, "route_usage": 2, "length_m": 19.5, "run_length_m": 19.5, "nfa_designated": false, "cctv_dist_m": 64.7, "cv_feasible": false, "width_src": "ngii1k", "width_disagree_m": 0.19, "road_name": "동명로14번길", "seg_label": "동명로14번길 5", "road_side": "1", "road_bt_m": 1.0, "in_emd": true, "light_count": 0, "unknown_reason": null, "z": 16.8 }, "geometry": { "type": "LineString", "coordinates": [ [ 126.923807, 35.150189 ], [ 126.923844, 35.150362 ] ] } },
{ "type": "Feature", "properties": { "seg_uid": "DM-193159-283742-367J", "seg_id": "DM00930", "seg_no": 9, "width_min_m": 4.92, "width_max_m": 6.72, "verdict": "unknown", "width_verified": false, "midpoint_fallback": false, "inherited": false, "route_usage": 76, "length_m": 71.2, "run_length_m": null, "nfa_designated": false, "cctv_dist_m": 59.1, "cv_feasible": false, "width_src": "ngii1k", "width_disagree_m": 0.42, "road_name": "동명로14번길", "seg_label": "동명로14번길 11-143", "road_side": "0", "road_bt_m": 6.0, "in_emd": true, "light_count": 0, "unknown_reason": "no_cctv", "z": 19.2 }, "geometry": { "type": "LineString", "coordinates": [ [ 126.924534, 35.150086 ], [ 126.925228, 35.149985 ], [ 126.925304, 35.149974 ] ] } },
{ "type": "Feature", "properties": { "seg_uid": "DM-193117-283708-JFYG", "seg_id": "DM00931", "seg_no": 26, "width_min_m": 4.3, "width_max_m": 6.39, "verdict": "unknown", "width_verified": false, "midpoint_fallback": false, "inherited": false, "route_usage": 0, "length_m": 81.7, "run_length_m": null, "nfa_designated": false, "cctv_dist_m": 59.1, "cv_feasible": false, "width_src": "ngii1k", "width_disagree_m": 0.2, "road_name": "동계천로", "seg_label": "동계천로 11-135", "road_side": "1", "road_bt_m": 5.0, "in_emd": true, "light_count": 0, "unknown_reason": "no_cctv", "z": 17.9 }, "geometry": { "type": "LineString", "coordinates": [ [ 126.924388, 35.14936 ], [ 126.924534, 35.150086 ] ] } },
{ "type": "Feature", "properties": { "seg_uid": "DM-193243-283727-367J", "seg_id": "DM00932", "seg_no": 5, "width_min_m": 3.7, "width_max_m": 7.59, "verdict": "needs_cv", "width_verified": false, "midpoint_fallback": false, "inherited": false, "route_usage": 73, "length_m": 100.7, "run_length_m": 505.5, "nfa_designated": true, "cctv_dist_m": 0.1, "cv_feasible": true, "width_src": "ngii1k", "width_disagree_m": 0.8, "road_name": "동명로14번길", "seg_label": "동명로14번길 19-159", "road_side": "0", "road_bt_m": 6.0, "in_emd": true, "light_count": 0, "unknown_reason": null, "z": 21.5 }, "geometry": { "type": "LineString", "coordinates": [ [ 126.925306, 35.149974 ], [ 126.926314, 35.149832 ], [ 126.926392, 35.149812 ] ] } },
{ "type": "Feature", "properties": { "seg_uid": "DM-193192-283724-JFYG", "seg_id": "DM00933", "seg_no": 42, "width_min_m": 6.98, "width_max_m": 9.78, "verdict": "unknown", "width_verified": false, "midpoint_fallback": false, "inherited": false, "route_usage": 5, "length_m": 23.4, "run_length_m": null, "nfa_designated": false, "cctv_dist_m": 92.3, "cv_feasible": false, "width_src": "ngii1k", "width_disagree_m": 1.66, "road_name": "동계천로", "seg_label": "동계천로 19-143", "road_side": "1", "road_bt_m": 8.0, "in_emd": true, "light_count": 0, "unknown_reason": "no_cctv", "z": 19.8 }, "geometry": { "type": "LineString", "coordinates": [ [ 126.925263, 35.149766 ], [ 126.925304, 35.149974 ] ] } },
{ "type": "Feature", "properties": { "seg_uid": "DM-193324-283715-367J", "seg_id": "DM00934", "seg_no": 4, "width_min_m": 4.39, "width_max_m": 7.9, "verdict": "needs_cv", "width_verified": false, "midpoint_fallback": false, "inherited": false, "route_usage": 6, "length_m": 62.7, "run_length_m": 505.5, "nfa_designated": true, "cctv_dist_m": 3.9, "cv_feasible": true, "width_src": "ngii1k", "width_disagree_m": 0.81, "road_name": "동명로14번길", "seg_label": "동명로14번길 29-159", "road_side": "0", "road_bt_m": 6.0, "in_emd": true, "light_count": 0, "unknown_reason": null, "z": 22.8 }, "geometry": { "type": "LineString", "coordinates": [ [ 126.926393, 35.149812 ], [ 126.926436, 35.1498 ], [ 126.926539, 35.149808 ], [ 126.926937, 35.149756 ], [ 126.927071, 35.149734 ] ] } },
{ "type": "Feature", "properties": { "seg_uid": "DM-193299-283699-JFYG", "seg_id": "DM00935", "seg_no": 34, "width_min_m": 7.15, "width_max_m": 10.88, "verdict": "clear", "width_verified": false, "midpoint_fallback": false, "inherited": false, "route_usage": 78, "length_m": 40.5, "run_length_m": null, "nfa_designated": false, "cctv_dist_m": 3.9, "cv_feasible": true, "width_src": "ngii1k", "width_disagree_m": 0.49, "road_name": "동계천로", "seg_label": "동계천로 29-159", "road_side": "1", "road_bt_m": 9.0, "in_emd": true, "light_count": 0, "unknown_reason": null, "z": 22.2 }, "geometry": { "type": "LineString", "coordinates": [ [ 126.926531, 35.149465 ], [ 126.926392, 35.149812 ] ] } },
{ "type": "Feature", "properties": { "seg_uid": "DM-193383-283703-367J", "seg_id": "DM00936", "seg_no": 2, "width_min_m": 5.06, "width_max_m": 9.83, "verdict": "unknown", "width_verified": false, "midpoint_fallback": false, "inherited": false, "route_usage": 6, "length_m": 58.3, "run_length_m": null, "nfa_designated": false, "cctv_dist_m": 59.3, "cv_feasible": false, "width_src": "ngii1k", "width_disagree_m": 0.28, "road_name": "동명로14번길", "seg_label": "동명로14번길 35-167", "road_side": "0", "road_bt_m": 6.0, "in_emd": true, "light_count": 0, "unknown_reason": "no_cctv", "z": 23.4 }, "geometry": { "type": "LineString", "coordinates": [ [ 126.927071, 35.149734 ], [ 126.927295, 35.149697 ], [ 126.927565, 35.149654 ], [ 126.9277, 35.149642 ] ] } },
{ "type": "Feature", "properties": { "seg_uid": "DM-193357-283718-367J", "seg_id": "DM00937", "seg_no": 7, "width_min_m": 2.18, "width_max_m": 12.67, "verdict": "unknown", "width_verified": false, "midpoint_fallback": false, "inherited": false, "route_usage": 2, "length_m": 18.9, "run_length_m": null, "nfa_designated": false, "cctv_dist_m": 47.1, "cv_feasible": false, "width_src": "ngii1k", "width_disagree_m": 54.85, "road_name": "동명로14번길", "seg_label": "동명로14번길 35", "road_side": "1", "road_bt_m": 2.0, "in_emd": true, "light_count": 0, "unknown_reason": "no_cctv", "z": 23.6 }, "geometry": { "type": "LineString", "coordinates": [ [ 126.927071, 35.149734 ], [ 126.92713, 35.149897 ] ] } },
{ "type": "Feature", "properties": { "seg_uid": "DM-193433-283698-367J", "seg_id": "DM00938", "seg_no": 1, "width_min_m": 4.85, "width_max_m": 8.92, "verdict": "needs_cv", "width_verified": false, "midpoint_fallback": false, "inherited": false, "route_usage": 6, "length_m": 41.5, "run_length_m": 127.3, "nfa_designated": true, "cctv_dist_m": 22.4, "cv_feasible": true, "width_src": "ngii1k", "width_disagree_m": 0.82, "road_name": "동명로14번길", "seg_label": "동명로14번길 41-171", "road_side": "0", "road_bt_m": 6.0, "in_emd": true, "light_count": 0, "unknown_reason": null, "z": 24.9 }, "geometry": { "type": "LineString", "coordinates": [ [ 126.9277, 35.149642 ], [ 126.927753, 35.149638 ], [ 126.928156, 35.149638 ] ] } },
{ "type": "Feature", "properties": { "seg_uid": "DM-193407-283665-JFYG", "seg_id": "DM00939", "seg_no": 24, "width_min_m": 0.77, "width_max_m": 2.92, "verdict": "blocked", "width_verified": false, "midpoint_fallback": false, "inherited": false, "route_usage": 0, "length_m": 68.2, "run_length_m": 68.2, "nfa_designated": false, "cctv_dist_m": 48.6, "cv_feasible": false, "width_src": "ngii1k", "width_disagree_m": 0.33, "road_name": "동계천로", "seg_label": "동계천로 41-167", "road_side": "1", "road_bt_m": 2.0, "in_emd": true, "light_count": 0, "unknown_reason": null, "z": 23.1 }, "geometry": { "type": "LineString", "coordinates": [ [ 126.927449, 35.149092 ], [ 126.927455, 35.149148 ], [ 126.927458, 35.149153 ], [ 126.927474, 35.149181 ], [ 126.927496, 35.149211 ], [ 126.927518, 35.149227 ], [ 126.927609, 35.149287 ], [ 126.927637, 35.149317 ], [ 126.927642, 35.149341 ], [ 126.927666, 35.149446 ], [ 126.9277, 35.149642 ] ] } },
{ "type": "Feature", "properties": { "seg_uid": "DM-193450-283667-JFYG", "seg_id": "DM00940", "seg_no": 27, "width_min_m": 1.77, "width_max_m": 39.79, "verdict": "needs_cv", "width_verified": false, "midpoint_fallback": false, "inherited": false, "route_usage": 6, "length_m": 62.0, "run_length_m": 127.3, "nfa_designated": true, "cctv_dist_m": 6.3, "cv_feasible": true, "width_src": "ngii1k", "width_disagree_m": null, "road_name": "동계천로", "seg_label": "동계천로 45-171", "road_side": "1", "road_bt_m": 3.0, "in_emd": true, "light_count": 0, "unknown_reason": null, "z": 24.2 }, "geometry": { "type": "LineString", "coordinates": [ [ 126.928065, 35.149087 ], [ 126.928065, 35.149152 ], [ 126.928065, 35.149191 ], [ 126.928068, 35.149227 ], [ 126.928069, 35.149257 ], [ 126.928088, 35.149289 ], [ 126.928112, 35.149331 ], [ 126.928122, 35.149362 ], [ 126.928135, 35.149408 ], [ 126.928141, 35.149428 ], [ 126.928148, 35.149558 ], [ 126.928156, 35.149634 ] ] } },
{ "type": "Feature", "properties": { "seg_uid": "DM-193454-283710-367J", "seg_id": "DM00941", "seg_no": 3, "width_min_m": 2.22, "width_max_m": 45.19, "verdict": "needs_cv", "width_verified": false, "midpoint_fallback": false, "inherited": false, "route_usage": 4, "length_m": 23.8, "run_length_m": 127.3, "nfa_designated": true, "cctv_dist_m": 22.2, "cv_feasible": true, "width_src": "ngii1k", "width_disagree_m": 8.14, "road_name": "동명로14번길", "seg_label": "동명로14번길 45-171", "road_side": "1", "road_bt_m": 2.0, "in_emd": true, "light_count": 0, "unknown_reason": null, "z": 25.6 }, "geometry": { "type": "LineString", "coordinates": [ [ 126.928156, 35.149638 ], [ 126.928157, 35.149651 ], [ 126.928157, 35.149762 ], [ 126.928154, 35.149851 ], [ 126.928154, 35.149853 ] ] } },
{ "type": "Feature", "properties": { "seg_uid": "DM-193098-284298-ZM8E", "seg_id": "DM00950", "seg_no": 13, "width_min_m": 14.96, "width_max_m": null, "verdict": "clear", "width_verified": false, "midpoint_fallback": false, "inherited": false, "route_usage": 0, "length_m": 282.1, "run_length_m": null, "nfa_designated": false, "cctv_dist_m": 11.8, "cv_feasible": true, "width_src": "silpok", "width_disagree_m": 15.33, "road_name": "동계로", "seg_label": "동계로 6-323", "road_side": "0", "road_bt_m": 19.0, "in_emd": false, "light_count": 74, "unknown_reason": null, "z": 16.7 }, "geometry": { "type": "LineString", "coordinates": [ [ 126.924627, 35.153812 ], [ 126.924637, 35.153845 ], [ 126.924639, 35.15385 ], [ 126.924613, 35.153979 ], [ 126.924351, 35.154765 ], [ 126.924187, 35.155222 ], [ 126.924155, 35.155319 ], [ 126.924044, 35.155735 ], [ 126.924011, 35.155862 ], [ 126.923873, 35.156272 ] ] } },
{ "type": "Feature", "properties": { "seg_uid": "DM-192956-284251-F0LS", "seg_id": "DM00951", "seg_no": 2, "width_min_m": 7.54, "width_max_m": 10.08, "verdict": "clear", "width_verified": false, "midpoint_fallback": false, "inherited": false, "route_usage": 0, "length_m": 35.8, "run_length_m": null, "nfa_designated": false, "cctv_dist_m": 18.2, "cv_feasible": true, "width_src": "ngii1k", "width_disagree_m": 0.52, "road_name": "경양로305번길", "seg_label": "경양로305번길 1-307", "road_side": "0", "road_bt_m": 8.0, "in_emd": false, "light_count": 0, "unknown_reason": null, "z": 12.5 }, "geometry": { "type": "LineString", "coordinates": [ [ 126.922678, 35.154457 ], [ 126.922709, 35.154759 ], [ 126.922711, 35.154779 ] ] } },
{ "type": "Feature", "properties": { "seg_uid": "DM-192950-284234-52VO", "seg_id": "DM00952", "seg_no": 25, "width_min_m": 29.85, "width_max_m": 32.79, "verdict": "clear", "width_verified": false, "midpoint_fallback": false, "inherited": false, "route_usage": 36, "length_m": 9.9, "run_length_m": null, "nfa_designated": false, "cctv_dist_m": 54.0, "cv_feasible": false, "width_src": "ngii1k", "width_disagree_m": 0.25, "road_name": "경양로", "seg_label": "경양로 20-305", "road_side": "0", "road_bt_m": 15.0, "in_emd": false, "light_count": 0, "unknown_reason": null, "z": 12.1 }, "geometry": { "type": "LineString", "coordinates": [ [ 126.92257, 35.154464 ], [ 126.922678, 35.154457 ] ] } },
{ "type": "Feature", "properties": { "seg_uid": "DM-192971-284231-52VO", "seg_id": "DM00953", "seg_no": 23, "width_min_m": 15.17, "width_max_m": 16.64, "verdict": "clear", "width_verified": false, "midpoint_fallback": false, "inherited": false, "route_usage": 36, "length_m": 33.6, "run_length_m": null, "nfa_designated": false, "cctv_dist_m": 54.0, "cv_feasible": false, "width_src": "ngii1k", "width_disagree_m": 0.65, "road_name": "경양로", "seg_label": "경양로 305-307", "road_side": "0", "road_bt_m": 15.0, "in_emd": false, "light_count": 0, "unknown_reason": null, "z": 12.4 }, "geometry": { "type": "LineString", "coordinates": [ [ 126.922678, 35.154457 ], [ 126.922718, 35.154454 ], [ 126.922907, 35.154427 ], [ 126.923014, 35.154408 ], [ 126.923024, 35.154406 ], [ 126.923041, 35.154402 ] ] } },
{ "type": "Feature", "properties": { "seg_uid": "DM-192958-284271-F0LS", "seg_id": "DM00954", "seg_no": 4, "width_min_m": 7.95, "width_max_m": 47.18, "verdict": "needs_cv", "width_verified": false, "midpoint_fallback": false, "inherited": false, "route_usage": 0, "length_m": 3.5, "run_length_m": 227.3, "nfa_designated": true, "cctv_dist_m": 14.7, "cv_feasible": true, "width_src": "ngii1k", "width_disagree_m": 0.29, "road_name": "경양로305번길", "seg_label": "경양로305번길 3-307", "road_side": "0", "road_bt_m": 8.0, "in_emd": false, "light_count": 0, "unknown_reason": null, "z": 12.7 }, "geometry": { "type": "LineString", "coordinates": [ [ 126.922711, 35.154779 ], [ 126.922714, 35.154809 ], [ 126.922714, 35.15481 ] ] } },
{ "type": "Feature", "properties": { "seg_uid": "DM-192980-284248-52VO", "seg_id": "DM00955", "seg_no": 30, "width_min_m": 0.67, "width_max_m": 2.91, "verdict": "blocked", "width_verified": false, "midpoint_fallback": false, "inherited": false, "route_usage": 0, "length_m": 61.1, "run_length_m": 61.1, "nfa_designated": false, "cctv_dist_m": 18.2, "cv_feasible": true, "width_src": "ngii1k", "width_disagree_m": 0.53, "road_name": "경양로", "seg_label": "경양로 3-307", "road_side": "1", "road_bt_m": 2.0, "in_emd": false, "light_count": 0, "unknown_reason": null, "z": 12.6 }, "geometry": { "type": "LineString", "coordinates": [ [ 126.923041, 35.154402 ], [ 126.923061, 35.154453 ], [ 126.923097, 35.154544 ], [ 126.922963, 35.154589 ], [ 126.922904, 35.154617 ], [ 126.922876, 35.154644 ], [ 126.922711, 35.154779 ] ] } },
{ "type": "Feature", "properties": { "seg_uid": "DM-192959-284281-F0LS", "seg_id": "DM00956", "seg_no": 8, "width_min_m": 8.5, "width_max_m": 37.65, "verdict": "clear", "width_verified": false, "midpoint_fallback": false, "inherited": false, "route_usage": 0, "length_m": 17.6, "run_length_m": null, "nfa_designated": false, "cctv_dist_m": 1.1, "cv_feasible": true, "width_src": "ngii1k", "width_disagree_m": 0.07, "road_name": "경양로305번길", "seg_label": "경양로305번길 3-6", "road_side": "0", "road_bt_m": 8.0, "in_emd": false, "light_count": 0, "unknown_reason": null, "z": 12.9 }, "geometry": { "type": "LineString", "coordinates": [ [ 126.922714, 35.15481 ], [ 126.922714, 35.154814 ], [ 126.922728, 35.154876 ], [ 126.922747, 35.154966 ] ] } },
{ "type": "Feature", "properties": { "seg_uid": "DM-192969-284277-F0LS", "seg_id": "DM00957", "seg_no": 6, "width_min_m": 1.61, "width_max_m": 35.38, "verdict": "needs_cv", "width_verified": false, "midpoint_fallback": false, "inherited": false, "route_usage": 0, "length_m": 24.5, "run_length_m": 227.3, "nfa_designated": true, "cctv_dist_m": 12.9, "cv_feasible": true, "width_src": "ngii1k", "width_disagree_m": 24.01, "road_name": "경양로305번길", "seg_label": "경양로305번길 3-6", "road_side": "1", "road_bt_m": 3.0, "in_emd": false, "light_count": 0, "unknown_reason": null, "z": 13.0 }, "geometry": { "type": "LineString", "coordinates": [ [ 126.922714, 35.15481 ], [ 126.922765, 35.154829 ], [ 126.922832, 35.154849 ], [ 126.922877, 35.154883 ], [ 126.922916, 35.154901 ], [ 126.92295, 35.154909 ] ] } },
{ "type": "Feature", "properties": { "seg_uid": "DM-192964-284320-F0LS", "seg_id": "DM00958", "seg_no": 13, "width_min_m": 7.06, "width_max_m": 15.66, "verdict": "clear", "width_verified": false, "midpoint_fallback": false, "inherited": false, "route_usage": 0, "length_m": 59.8, "run_length_m": null, "nfa_designated": false, "cctv_dist_m": 3.4, "cv_feasible": true, "width_src": "ngii1k", "width_disagree_m": 0.29, "road_name": "경양로305번길", "seg_label": "경양로305번길 5-12", "road_side": "0", "road_bt_m": 8.0, "in_emd": false, "light_count": 0, "unknown_reason": null, "z": 13.3 }, "geometry": { "type": "LineString", "coordinates": [ [ 126.922747, 35.154969 ], [ 126.922794, 35.155316 ], [ 126.922799, 35.15545 ], [ 126.922784, 35.155504 ] ] } },
{ "type": "Feature", "properties": { "seg_uid": "DM-192938-284299-F0LS", "seg_id": "DM00959", "seg_no": 12, "width_min_m": 1.1, "width_max_m": 3.05, "verdict": "needs_cv", "width_verified": false, "midpoint_fallback": false, "inherited": false, "route_usage": 0, "length_m": 62.1, "run_length_m": 227.3, "nfa_designated": true, "cctv_dist_m": 2.8, "cv_feasible": true, "width_src": "ngii1k", "width_disagree_m": 4.63, "road_name": "경양로305번길", "seg_label": "경양로305번길 5-6", "road_side": "1", "road_bt_m": 3.0, "in_emd": false, "light_count": 0, "unknown_reason": null, "z": 12.8 }, "geometry": { "type": "LineString", "coordinates": [ [ 126.922747, 35.154969 ], [ 126.92268, 35.154963 ], [ 126.922623, 35.154957 ], [ 126.922543, 35.154949 ], [ 126.922525, 35.154981 ], [ 126.92246, 35.155108 ], [ 126.922422, 35.155193 ], [ 126.922533, 35.155232 ], [ 126.922526, 35.15526 ] ] } },
{ "type": "Feature", "properties": { "seg_uid": "DM-192970-284287-F0LS", "seg_id": "DM00960", "seg_no": 9, "width_min_m": 5.86, "width_max_m": 24.34, "verdict": "needs_cv", "width_verified": false, "midpoint_fallback": false, "inherited": false, "route_usage": 0, "length_m": 19.6, "run_length_m": 227.3, "nfa_designated": true, "cctv_dist_m": 3.1, "cv_feasible": true, "width_src": "ngii1k", "width_disagree_m": 1.0, "road_name": "경양로305번길", "seg_label": "경양로305번길 4-6", "road_side": "1", "road_bt_m": 6.45, "in_emd": false, "light_count": 0, "unknown_reason": null, "z": 13.0 }, "geometry": { "type": "LineString", "coordinates": [ [ 126.922747, 35.154966 ], [ 126.92295, 35.154909 ] ] } },
{ "type": "Feature", "properties": { "seg_uid": "DM-193093-284202-B7J3", "seg_id": "DM00962", "seg_no": 1, "width_min_m": 3.37, "width_max_m": 7.9, "verdict": "unknown", "width_verified": false, "midpoint_fallback": false, "inherited": false, "route_usage": 0, "length_m": 55.2, "run_length_m": null, "nfa_designated": false, "cctv_dist_m": 30.0, "cv_feasible": false, "width_src": "ngii1k", "width_disagree_m": 0.03, "road_name": "경양로321번길", "seg_label": "경양로321번길 1-321", "road_side": "0", "road_bt_m": 3.0, "in_emd": false, "light_count": 11, "unknown_reason": "no_cctv", "z": 14.4 }, "geometry": { "type": "LineString", "coordinates": [ [ 126.924286, 35.153957 ], [ 126.924296, 35.15403 ], [ 126.924302, 35.15407 ], [ 126.924189, 35.154182 ], [ 126.924107, 35.154281 ], [ 126.924055, 35.154348 ], [ 126.924025, 35.154378 ] ] } },
{ "type": "Feature", "properties": { "seg_uid": "DM-193056-284202-52VO", "seg_id": "DM00963", "seg_no": 18, "width_min_m": 14.31, "width_max_m": 14.55, "verdict": "clear", "width_verified": false, "midpoint_fallback": false, "inherited": false, "route_usage": 36, "length_m": 101.8, "run_length_m": null, "nfa_designated": false, "cctv_dist_m": 42.9, "cv_feasible": false, "width_src": "ngii1k", "width_disagree_m": 1.3, "road_name": "경양로", "seg_label": "경양로 309-321", "road_side": "0", "road_bt_m": 15.0, "in_emd": false, "light_count": 11, "unknown_reason": null, "z": 13.6 }, "geometry": { "type": "LineString", "coordinates": [ [ 126.923274, 35.154341 ], [ 126.923407, 35.154306 ], [ 126.923643, 35.154231 ], [ 126.92402, 35.154077 ], [ 126.924286, 35.153957 ] ] } },
{ "type": "Feature", "properties": { "seg_uid": "DM-193068-284237-B7J3", "seg_id": "DM00964", "seg_no": 3, "width_min_m": 2.28, "width_max_m": null, "verdict": "needs_cv", "width_verified": false, "midpoint_fallback": false, "inherited": false, "route_usage": 0, "length_m": 31.6, "run_length_m": 261.2, "nfa_designated": true, "cctv_dist_m": 3.9, "cv_feasible": true, "width_src": "ngii1k", "width_disagree_m": 0.22, "road_name": "경양로321번길", "seg_label": "경양로321번길 5-33", "road_side": "0", "road_bt_m": 3.0, "in_emd": false, "light_count": 0, "unknown_reason": null, "z": 14.4 }, "geometry": { "type": "LineString", "coordinates": [ [ 126.924025, 35.154378 ], [ 126.923978, 35.154427 ], [ 126.923914, 35.154493 ], [ 126.92389, 35.154535 ], [ 126.92384, 35.15461 ], [ 126.923837, 35.154616 ] ] } },
{ "type": "Feature", "properties": { "seg_uid": "DM-193094-284238-B7J3", "seg_id": "DM00965", "seg_no": 2, "width_min_m": 1.18, "width_max_m": null, "verdict": "needs_cv", "width_verified": false, "midpoint_fallback": false, "inherited": false, "route_usage": 0, "length_m": 46.5, "run_length_m": 261.2, "nfa_designated": true, "cctv_dist_m": 2.6, "cv_feasible": true, "width_src": "ngii1k", "width_disagree_m": 0.42, "road_name": "경양로321번길", "seg_label": "경양로321번길 5-31", "road_side": "1", "road_bt_m": 3.0, "in_emd": false, "light_count": 0, "unknown_reason": null, "z": 15.3 }, "geometry": { "type": "LineString", "coordinates": [ [ 126.924025, 35.154378 ], [ 126.924108, 35.154412 ], [ 126.924194, 35.154454 ], [ 126.924215, 35.15447 ], [ 126.9242, 35.15453 ], [ 126.924399, 35.154594 ] ] } },
{ "type": "Feature", "properties": { "seg_uid": "DM-193045-284273-B7J3", "seg_id": "DM00966", "seg_no": 4, "width_min_m": 2.66, "width_max_m": null, "verdict": "needs_cv", "width_verified": false, "midpoint_fallback": false, "inherited": false, "route_usage": 0, "length_m": 56.6, "run_length_m": 261.2, "nfa_designated": true, "cctv_dist_m": 2.4, "cv_feasible": true, "width_src": "ngii1k", "width_disagree_m": 0.16, "road_name": "경양로321번길", "seg_label": "경양로321번길 6-33", "road_side": "0", "road_bt_m": 3.0, "in_emd": false, "light_count": 0, "unknown_reason": null, "z": 14.8 }, "geometry": { "type": "LineString", "coordinates": [ [ 126.923837, 35.154616 ], [ 126.923796, 35.154692 ], [ 126.923743, 35.154786 ], [ 126.923647, 35.154828 ], [ 126.923613, 35.15491 ], [ 126.923562, 35.155027 ], [ 126.923541, 35.155042 ] ] } },
{ "type": "Feature", "properties": { "seg_uid": "DM-193084-284258-ZM8E", "seg_id": "DM00967", "seg_no": 12, "width_min_m": 4.89, "width_max_m": null, "verdict": "needs_cv", "width_verified": false, "midpoint_fallback": false, "inherited": false, "route_usage": 0, "length_m": 48.7, "run_length_m": 261.2, "nfa_designated": true, "cctv_dist_m": 3.4, "cv_feasible": true, "width_src": "ngii1k", "width_disagree_m": 0.38, "road_name": "동계로", "seg_label": "동계로 7-33", "road_side": "1", "road_bt_m": 5.57, "in_emd": false, "light_count": 9, "unknown_reason": null, "z": 15.5 }, "geometry": { "type": "LineString", "coordinates": [ [ 126.924349, 35.154744 ], [ 126.923837, 35.154616 ] ] } },
{ "type": "Feature", "properties": { "seg_uid": "DM-193057-284279-B7J3", "seg_id": "DM00969", "seg_no": 5, "width_min_m": 0.83, "width_max_m": null, "verdict": "needs_cv", "width_verified": false, "midpoint_fallback": false, "inherited": false, "route_usage": 0, "length_m": 77.8, "run_length_m": 261.2, "nfa_designated": true, "cctv_dist_m": 13.0, "cv_feasible": true, "width_src": "ngii1k", "width_disagree_m": 0.77, "road_name": "경양로321번길", "seg_label": "경양로321번길 13-14", "road_side": "1", "road_bt_m": 3.0, "in_emd": false, "light_count": 9, "unknown_reason": null, "z": 15.3 }, "geometry": { "type": "LineString", "coordinates": [ [ 126.923541, 35.155042 ], [ 126.923567, 35.155053 ], [ 126.923622, 35.155063 ], [ 126.923684, 35.155075 ], [ 126.923705, 35.155042 ], [ 126.923744, 35.154957 ], [ 126.923781, 35.154897 ], [ 126.923844, 35.154798 ], [ 126.923869, 35.154766 ], [ 126.923948, 35.154786 ], [ 126.924142, 35.154831 ] ] } },
{ "type": "Feature", "properties": { "seg_uid": "DM-192943-283576-F9WR", "seg_id": "DM00973", "seg_no": 1, "width_min_m": 17.95, "width_max_m": null, "verdict": "clear", "width_verified": false, "midpoint_fallback": false, "inherited": false, "route_usage": 0, "length_m": 69.5, "run_length_m": null, "nfa_designated": false, "cctv_dist_m": 42.2, "cv_feasible": false, "width_src": "ngii1k", "width_disagree_m": 11.02, "road_name": "제봉로110번길", "seg_label": "제봉로110번길 1-11", "road_side": "0", "road_bt_m": 7.0, "in_emd": false, "light_count": 9, "unknown_reason": null, "z": 14.4 }, "geometry": { "type": "LineString", "coordinates": [ [ 126.922224, 35.148373 ], [ 126.92223, 35.148375 ], [ 126.922684, 35.148588 ], [ 126.922888, 35.148681 ] ] } },
{ "type": "Feature", "properties": { "seg_uid": "DM-192992-283603-F9WR", "seg_id": "DM00975", "seg_no": 2, "width_min_m": 20.06, "width_max_m": null, "verdict": "clear", "width_verified": false, "midpoint_fallback": false, "inherited": false, "route_usage": 0, "length_m": 42.7, "run_length_m": null, "nfa_designated": false, "cctv_dist_m": 4.7, "cv_feasible": true, "width_src": "ngii1k", "width_disagree_m": 2.74, "road_name": "제봉로110번길", "seg_label": "제봉로110번길 9-13", "road_side": "0", "road_bt_m": 7.0, "in_emd": false, "light_count": 19, "unknown_reason": null, "z": 15.1 }, "geometry": { "type": "LineString", "coordinates": [ [ 126.922888, 35.148681 ], [ 126.923298, 35.148869 ] ] } },
{ "type": "Feature", "properties": { "seg_uid": "DM-192969-283601-F9WR", "seg_id": "DM00976", "seg_no": 3, "width_min_m": 1.89, "width_max_m": null, "verdict": "unknown", "width_verified": false, "midpoint_fallback": false, "inherited": false, "route_usage": 0, "length_m": 18.8, "run_length_m": null, "nfa_designated": false, "cctv_dist_m": 41.6, "cv_feasible": false, "width_src": "ngii1k", "width_disagree_m": 0.02, "road_name": "제봉로110번길", "seg_label": "제봉로110번길 9", "road_side": "1", "road_bt_m": 3.0, "in_emd": false, "light_count": 9, "unknown_reason": "no_cctv", "z": 14.7 }, "geometry": { "type": "LineString", "coordinates": [ [ 126.922888, 35.148681 ], [ 126.922809, 35.148803 ], [ 126.922779, 35.148822 ] ] } },
{ "type": "Feature", "properties": { "seg_uid": "DM-193051-283636-F9WR", "seg_id": "DM00977", "seg_no": 4, "width_min_m": 7.01, "width_max_m": 9.86, "verdict": "clear", "width_verified": false, "midpoint_fallback": false, "inherited": false, "route_usage": 1, "length_m": 93.1, "run_length_m": null, "nfa_designated": false, "cctv_dist_m": 4.7, "cv_feasible": true, "width_src": "ngii1k", "width_disagree_m": 0.2, "road_name": "제봉로110번길", "seg_label": "제봉로110번길 9-23", "road_side": "0", "road_bt_m": 7.0, "in_emd": false, "light_count": 19, "unknown_reason": null, "z": 16.3 }, "geometry": { "type": "LineString", "coordinates": [ [ 126.923298, 35.148869 ], [ 126.923544, 35.148982 ], [ 126.924189, 35.14928 ] ] } },
{ "type": "Feature", "properties": { "seg_uid": "DM-192994-283624-GO22", "seg_id": "DM00978", "seg_no": 17, "width_min_m": 6.92, "width_max_m": null, "verdict": "needs_cv", "width_verified": false, "midpoint_fallback": false, "inherited": false, "route_usage": 47, "length_m": 40.2, "run_length_m": 40.2, "nfa_designated": false, "cctv_dist_m": 4.7, "cv_feasible": true, "width_src": "ngii1k", "width_disagree_m": 0.27, "road_name": "장동로", "seg_label": "장동로 5-13", "road_side": "0", "road_bt_m": 9.241, "in_emd": false, "light_count": 19, "unknown_reason": null, "z": 15.4 }, "geometry": { "type": "LineString", "coordinates": [ [ 126.92292, 35.149057 ], [ 126.922924, 35.149055 ], [ 126.922939, 35.149048 ], [ 126.923099, 35.148968 ], [ 126.923198, 35.148919 ], [ 126.923297, 35.14887 ], [ 126.923298, 35.148869 ] ] } },
{ "type": "Feature", "properties": { "seg_uid": "DM-193024-283602-GO22", "seg_id": "DM00979", "seg_no": 14, "width_min_m": 10.01, "width_max_m": null, "verdict": "clear", "width_verified": false, "midpoint_fallback": false, "inherited": false, "route_usage": 46, "length_m": 35.4, "run_length_m": null, "nfa_designated": false, "cctv_dist_m": 2.3, "cv_feasible": true, "width_src": "ngii1k", "width_disagree_m": 2.33, "road_name": "장동로", "seg_label": "장동로 9-13", "road_side": "0", "road_bt_m": 9.241, "in_emd": false, "light_count": 19, "unknown_reason": null, "z": 15.6 }, "geometry": { "type": "LineString", "coordinates": [ [ 126.923298, 35.148869 ], [ 126.923546, 35.148691 ], [ 126.92359, 35.148658 ] ] } },
{ "type": "Feature", "properties": { "seg_uid": "DM-193101-283664-F9WR", "seg_id": "DM00980", "seg_no": 5, "width_min_m": 8.27, "width_max_m": 31.41, "verdict": "clear", "width_verified": false, "midpoint_fallback": false, "inherited": false, "route_usage": 2, "length_m": 19.6, "run_length_m": null, "nfa_designated": false, "cctv_dist_m": 86.1, "cv_feasible": false, "width_src": "ngii1k", "width_disagree_m": 2.26, "road_name": "제봉로110번길", "seg_label": "제봉로110번길 23-135", "road_side": "0", "road_bt_m": 7.0, "in_emd": true, "light_count": 0, "unknown_reason": null, "z": 17.1 }, "geometry": { "type": "LineString", "coordinates": [ [ 126.924189, 35.14928 ], [ 126.924377, 35.149366 ] ] } },
{ "type": "Feature", "properties": { "seg_uid": "DM-193103-283648-GO22", "seg_id": "DM00981", "seg_no": 19, "width_min_m": 8.0, "width_max_m": 10.72, "verdict": "clear", "width_verified": false, "midpoint_fallback": false, "inherited": false, "route_usage": 3, "length_m": 31.2, "run_length_m": null, "nfa_designated": false, "cctv_dist_m": 63.3, "cv_feasible": false, "width_src": "ngii1k", "width_disagree_m": 1.0, "road_name": "장동로", "seg_label": "장동로 23", "road_side": "1", "road_bt_m": 8.0, "in_emd": false, "light_count": 0, "unknown_reason": null, "z": 17.1 }, "geometry": { "type": "LineString", "coordinates": [ [ 126.924437, 35.149086 ], [ 126.924189, 35.14928 ] ] } },
{ "type": "Feature", "properties": { "seg_uid": "DM-193078-283701-JFYG", "seg_id": "DM00982", "seg_no": 41, "width_min_m": 10.02, "width_max_m": 13.95, "verdict": "clear", "width_verified": false, "midpoint_fallback": false, "inherited": false, "route_usage": 13, "length_m": 91.9, "run_length_m": null, "nfa_designated": false, "cctv_dist_m": 61.2, "cv_feasible": false, "width_src": "ngii1k", "width_disagree_m": 2.02, "road_name": "동계천로", "seg_label": "동계천로 25-135", "road_side": "0", "road_bt_m": 15.0, "in_emd": true, "light_count": 0, "unknown_reason": null, "z": 16.9 }, "geometry": { "type": "LineString", "coordinates": [ [ 126.924385, 35.149358 ], [ 126.924377, 35.149366 ], [ 126.923943, 35.149735 ], [ 126.923919, 35.149748 ], [ 126.923666, 35.149882 ], [ 126.923633, 35.149902 ] ] } },
{ "type": "Feature", "properties": { "seg_uid": "DM-192941-283655-GO22", "seg_id": "DM00983", "seg_no": 21, "width_min_m": 7.57, "width_max_m": null, "verdict": "clear", "width_verified": false, "midpoint_fallback": false, "inherited": false, "route_usage": 47, "length_m": 7.5, "run_length_m": null, "nfa_designated": false, "cctv_dist_m": 33.6, "cv_feasible": false, "width_src": "ngii1k", "width_disagree_m": 0.39, "road_name": "장동로", "seg_label": "장동로 1-4", "road_side": "0", "road_bt_m": 9.241, "in_emd": false, "light_count": 0, "unknown_reason": null, "z": 14.5 }, "geometry": { "type": "LineString", "coordinates": [ [ 126.922493, 35.14926 ], [ 126.922564, 35.149226 ] ] } },
{ "type": "Feature", "properties": { "seg_uid": "DM-192947-283673-GO22", "seg_id": "DM00984", "seg_no": 25, "width_min_m": 0.88, "width_max_m": null, "verdict": "blocked", "width_verified": false, "midpoint_fallback": false, "inherited": false, "route_usage": 0, "length_m": 37.6, "run_length_m": 37.6, "nfa_designated": false, "cctv_dist_m": 34.0, "cv_feasible": false, "width_src": "ngii1k", "width_disagree_m": 0.49, "road_name": "장동로", "seg_label": "장동로 1", "road_side": "1", "road_bt_m": 2.0, "in_emd": false, "light_count": 0, "unknown_reason": null, "z": 14.6 }, "geometry": { "type": "LineString", "coordinates": [ [ 126.922493, 35.14926 ], [ 126.922516, 35.14929 ], [ 126.922609, 35.149413 ], [ 126.922679, 35.14952 ], [ 126.922719, 35.149504 ] ] } },
{ "type": "Feature", "properties": { "seg_uid": "DM-192960-283644-GO22", "seg_id": "DM00985", "seg_no": 20, "width_min_m": 7.28, "width_max_m": null, "verdict": "clear", "width_verified": false, "midpoint_fallback": false, "inherited": false, "route_usage": 47, "length_m": 37.5, "run_length_m": null, "nfa_designated": false, "cctv_dist_m": 33.6, "cv_feasible": false, "width_src": "ngii1k", "width_disagree_m": 0.93, "road_name": "장동로", "seg_label": "장동로 3-7", "road_side": "0", "road_bt_m": 9.241, "in_emd": false, "light_count": 19, "unknown_reason": null, "z": 14.9 }, "geometry": { "type": "LineString", "coordinates": [ [ 126.922564, 35.149226 ], [ 126.922703, 35.14916 ], [ 126.92292, 35.149057 ] ] } },
{ "type": "Feature", "properties": { "seg_uid": "DM-192934-283637-GO22", "seg_id": "DM00986", "seg_no": 22, "width_min_m": 3.09, "width_max_m": null, "verdict": "needs_cv", "width_verified": false, "midpoint_fallback": false, "inherited": false, "route_usage": 0, "length_m": 37.4, "run_length_m": 37.4, "nfa_designated": false, "cctv_dist_m": 1.7, "cv_feasible": true, "width_src": "ngii1k", "width_disagree_m": 0.54, "road_name": "장동로", "seg_label": "장동로 3-120", "road_side": "1", "road_bt_m": 2.0, "in_emd": false, "light_count": 0, "unknown_reason": null, "z": 14.3 }, "geometry": { "type": "LineString", "coordinates": [ [ 126.922564, 35.149226 ], [ 126.922356, 35.148935 ] ] } },
{ "type": "Feature", "properties": { "seg_uid": "DM-193002-283663-GO22", "seg_id": "DM00987", "seg_no": 24, "width_min_m": 1.67, "width_max_m": 5.21, "verdict": "unknown", "width_verified": false, "midpoint_fallback": false, "inherited": false, "route_usage": 0, "length_m": 76.6, "run_length_m": null, "nfa_designated": false, "cctv_dist_m": 43.8, "cv_feasible": false, "width_src": "ngii1k", "width_disagree_m": null, "road_name": "장동로", "seg_label": "장동로 5-7", "road_side": "1", "road_bt_m": 3.0, "in_emd": false, "light_count": 19, "unknown_reason": "no_cctv", "z": 15.5 }, "geometry": { "type": "LineString", "coordinates": [ [ 126.92292, 35.149057 ], [ 126.922953, 35.149088 ], [ 126.922963, 35.149098 ], [ 126.92304, 35.149175 ], [ 126.923089, 35.149221 ], [ 126.923155, 35.149279 ], [ 126.923196, 35.149312 ], [ 126.923227, 35.149336 ], [ 126.923229, 35.149337 ], [ 126.9233, 35.149396 ], [ 126.923381, 35.149468 ], [ 126.923396, 35.149487 ], [ 126.923483, 35.149569 ] ] } },
{ "type": "Feature", "properties": { "seg_uid": "DM-193044-283584-GO22", "seg_id": "DM00988", "seg_no": 13, "width_min_m": 10.08, "width_max_m": 19.06, "verdict": "clear", "width_verified": false, "midpoint_fallback": false, "inherited": false, "route_usage": 46, "length_m": 17.7, "run_length_m": null, "nfa_designated": false, "cctv_dist_m": 31.4, "cv_feasible": false, "width_src": "ngii1k", "width_disagree_m": 2.42, "road_name": "장동로", "seg_label": "장동로 13-15", "road_side": "0", "road_bt_m": 9.241, "in_emd": false, "light_count": 10, "unknown_reason": null, "z": 15.8 }, "geometry": { "type": "LineString", "coordinates": [ [ 126.92359, 35.148658 ], [ 126.923591, 35.148658 ], [ 126.923734, 35.148552 ] ] } },
{ "type": "Feature", "properties": { "seg_uid": "DM-193051-283602-GO22", "seg_id": "DM00989", "seg_no": 16, "width_min_m": 1.15, "width_max_m": 3.28, "verdict": "unknown", "width_verified": false, "midpoint_fallback": false, "inherited": false, "route_usage": 0, "length_m": 36.1, "run_length_m": null, "nfa_designated": false, "cctv_dist_m": 31.4, "cv_feasible": false, "width_src": "ngii1k", "width_disagree_m": 0.25, "road_name": "장동로", "seg_label": "장동로 13", "road_side": "1", "road_bt_m": 2.0, "in_emd": false, "light_count": 10, "unknown_reason": "no_cctv", "z": 16.1 }, "geometry": { "type": "LineString", "coordinates": [ [ 126.92359, 35.148658 ], [ 126.923644, 35.148698 ], [ 126.923707, 35.148743 ], [ 126.923751, 35.148776 ], [ 126.923771, 35.148782 ], [ 126.923831, 35.148778 ], [ 126.923861, 35.148779 ], [ 126.923879, 35.148785 ], [ 126.923921, 35.148808 ] ] } },
{ "type": "Feature", "properties": { "seg_uid": "DM-193063-283567-GO22", "seg_id": "DM00990", "seg_no": 9, "width_min_m": 9.91, "width_max_m": 21.46, "verdict": "clear", "width_verified": false, "midpoint_fallback": false, "inherited": false, "route_usage": 46, "length_m": 33.6, "run_length_m": null, "nfa_designated": false, "cctv_dist_m": 49.0, "cv_feasible": false, "width_src": "ngii1k", "width_disagree_m": 2.05, "road_name": "장동로", "seg_label": "장동로 15-19", "road_side": "0", "road_bt_m": 9.241, "in_emd": false, "light_count": 10, "unknown_reason": null, "z": 16.0 }, "geometry": { "type": "LineString", "coordinates": [ [ 126.923734, 35.148552 ], [ 126.924008, 35.148349 ] ] } },
{ "type": "Feature", "properties": { "seg_uid": "DM-193059-283585-GO22", "seg_id": "DM00991", "seg_no": 12, "width_min_m": 2.14, "width_max_m": 7.59, "verdict": "unknown", "width_verified": false, "midpoint_fallback": false, "inherited": false, "route_usage": 0, "length_m": 21.9, "run_length_m": null, "nfa_designated": false, "cctv_dist_m": 49.0, "cv_feasible": false, "width_src": "ngii1k", "width_disagree_m": 0.48, "road_name": "장동로", "seg_label": "장동로 15", "road_side": "1", "road_bt_m": 3.0, "in_emd": false, "light_count": 10, "unknown_reason": "no_cctv", "z": 16.0 }, "geometry": { "type": "LineString", "coordinates": [ [ 126.923734, 35.148552 ], [ 126.923919, 35.148677 ] ] } },
{ "type": "Feature", "properties": { "seg_uid": "DM-193092-283542-GO22", "seg_id": "DM00992", "seg_no": 8, "width_min_m": 9.69, "width_max_m": null, "verdict": "clear", "width_verified": false, "midpoint_fallback": false, "inherited": false, "route_usage": 46, "length_m": 42.0, "run_length_m": null, "nfa_designated": false, "cctv_dist_m": 82.6, "cv_feasible": false, "width_src": "ngii1k", "width_disagree_m": 1.74, "road_name": "장동로", "seg_label": "장동로 19-33", "road_side": "0", "road_bt_m": 9.241, "in_emd": false, "light_count": 0, "unknown_reason": null, "z": 16.2 }, "geometry": { "type": "LineString", "coordinates": [ [ 126.924008, 35.148349 ], [ 126.924014, 35.148346 ], [ 126.924015, 35.148345 ], [ 126.924335, 35.148127 ], [ 126.924341, 35.148126 ], [ 126.924372, 35.148127 ], [ 126.924372, 35.148127 ] ] } },
{ "type": "Feature", "properties": { "seg_uid": "DM-193082-283562-GO22", "seg_id": "DM00993", "seg_no": 10, "width_min_m": 2.39, "width_max_m": 3.8, "verdict": "unknown", "width_verified": false, "midpoint_fallback": false, "inherited": false, "route_usage": 0, "length_m": 18.7, "run_length_m": null, "nfa_designated": false, "cctv_dist_m": 82.6, "cv_feasible": false, "width_src": "ngii1k", "width_disagree_m": 0.47, "road_name": "장동로", "seg_label": "장동로 19", "road_side": "1", "road_bt_m": 3.0, "in_emd": false, "light_count": 0, "unknown_reason": "no_cctv", "z": 16.2 }, "geometry": { "type": "LineString", "coordinates": [ [ 126.924008, 35.148349 ], [ 126.92407, 35.148402 ], [ 126.924151, 35.148471 ] ] } },
{ "type": "Feature", "properties": { "seg_uid": "DM-193201-283504-GO22", "seg_id": "DM00994", "seg_no": 6, "width_min_m": 6.53, "width_max_m": 9.92, "verdict": "needs_cv", "width_verified": false, "midpoint_fallback": false, "inherited": false, "route_usage": 45, "length_m": 195.7, "run_length_m": 371.7, "nfa_designated": true, "cctv_dist_m": 16.9, "cv_feasible": true, "width_src": "ngii1k", "width_disagree_m": 0.28, "road_name": "장동로", "seg_label": "장동로 1-43", "road_side": "0", "road_bt_m": 9.241, "in_emd": true, "light_count": 0, "unknown_reason": null, "z": 17.9 }, "geometry": { "type": "LineString", "coordinates": [ [ 126.924375, 35.148127 ], [ 126.924457, 35.148129 ], [ 126.924895, 35.148086 ], [ 126.925001, 35.148049 ], [ 126.925716, 35.147738 ], [ 126.926226, 35.147523 ], [ 126.926339, 35.147476 ] ] } },
{ "type": "Feature", "properties": { "seg_uid": "DM-193068-283480-U889", "seg_id": "DM00995", "seg_no": 1, "width_min_m": 8.85, "width_max_m": null, "verdict": "clear", "width_verified": false, "midpoint_fallback": false, "inherited": false, "route_usage": 0, "length_m": 129.5, "run_length_m": null, "nfa_designated": false, "cctv_dist_m": 9.5, "cv_feasible": true, "width_src": "ngii1k", "width_disagree_m": 2.42, "road_name": "제봉로82번길", "seg_label": "제봉로82번길 19-33", "road_side": "0", "road_bt_m": 14.0, "in_emd": false, "light_count": 0, "unknown_reason": null, "z": 15.1 }, "geometry": { "type": "LineString", "coordinates": [ [ 126.92348, 35.147217 ], [ 126.923959, 35.147694 ], [ 126.924282, 35.148028 ], [ 126.924372, 35.148127 ] ] } },
{ "type": "Feature", "properties": { "seg_uid": "DM-193120-283544-GO22", "seg_id": "DM00996", "seg_no": 7, "width_min_m": 8.49, "width_max_m": 9.85, "verdict": "clear", "width_verified": false, "midpoint_fallback": false, "inherited": false, "route_usage": 1, "length_m": 34.9, "run_length_m": null, "nfa_designated": false, "cctv_dist_m": 64.7, "cv_feasible": false, "width_src": "ngii1k", "width_disagree_m": 0.45, "road_name": "장동로", "seg_label": "장동로 23-33", "road_side": "1", "road_bt_m": 8.0, "in_emd": false, "light_count": 0, "unknown_reason": null, "z": 16.8 }, "geometry": { "type": "LineString", "coordinates": [ [ 126.924375, 35.148127 ], [ 126.924616, 35.148371 ] ] } },
{ "type": "Feature", "properties": { "seg_uid": "DM-193292-283547-YR44", "seg_id": "DM00997", "seg_no": 1, "width_min_m": 3.56, "width_max_m": 5.71, "verdict": "needs_cv", "width_verified": false, "midpoint_fallback": false, "inherited": false, "route_usage": 0, "length_m": 176.0, "run_length_m": 371.7, "nfa_designated": true, "cctv_dist_m": 3.7, "cv_feasible": true, "width_src": "ngii1k", "width_disagree_m": 0.12, "road_name": "장동로43번길", "seg_label": "장동로43번길 1-157", "road_side": "0", "road_bt_m": 4.0, "in_emd": true, "light_count": 16, "unknown_reason": null, "z": 19.9 }, "geometry": { "type": "LineString", "coordinates": [ [ 126.926339, 35.147476 ], [ 126.926382, 35.148268 ], [ 126.926383, 35.148289 ], [ 126.926419, 35.148902 ], [ 126.926419, 35.148952 ], [ 126.92638, 35.149056 ] ] } },
{ "type": "Feature", "properties": { "seg_uid": "DM-193353-283404-GO22", "seg_id": "DM00998", "seg_no": 2, "width_min_m": 1.49, "width_max_m": 2.85, "verdict": "blocked", "width_verified": false, "midpoint_fallback": false, "inherited": false, "route_usage": 2, "length_m": 38.2, "run_length_m": 38.2, "nfa_designated": false, "cctv_dist_m": 68.3, "cv_feasible": false, "width_src": "ngii1k", "width_disagree_m": 0.19, "road_name": "장동로", "seg_label": "장동로 51-52", "road_side": "1", "road_bt_m": 3.0, "in_emd": true, "light_count": 0, "unknown_reason": null, "z": 20.6 }, "geometry": { "type": "LineString", "coordinates": [ [ 126.927161, 35.147131 ], [ 126.926961, 35.146828 ] ] } },
{ "type": "Feature", "properties": { "seg_uid": "DM-193393-283438-GO22", "seg_id": "DM00999", "seg_no": 5, "width_min_m": 2.45, "width_max_m": 47.84, "verdict": "unknown", "width_verified": false, "midpoint_fallback": false, "inherited": false, "route_usage": 2, "length_m": 59.5, "run_length_m": null, "nfa_designated": false, "cctv_dist_m": 86.9, "cv_feasible": false, "width_src": "ngii1k", "width_disagree_m": null, "road_name": "장동로", "seg_label": "장동로 1-53", "road_side": "1", "road_bt_m": 2.0, "in_emd": true, "light_count": 0, "unknown_reason": "no_cctv", "z": 21.6 }, "geometry": { "type": "LineString", "coordinates": [ [ 126.927349, 35.147052 ], [ 126.927624, 35.1475 ], [ 126.927633, 35.147533 ] ] } },
{ "type": "Feature", "properties": { "seg_uid": "DM-193383-283410-GO22", "seg_id": "DM01000", "seg_no": 1, "width_min_m": 7.06, "width_max_m": 9.92, "verdict": "clear", "width_verified": false, "midpoint_fallback": false, "inherited": false, "route_usage": 38, "length_m": 45.6, "run_length_m": null, "nfa_designated": false, "cctv_dist_m": 68.8, "cv_feasible": false, "width_src": "ngii1k", "width_disagree_m": null, "road_name": "장동로", "seg_label": "장동로 1-273", "road_side": "0", "road_bt_m": 9.241, "in_emd": true, "light_count": 0, "unknown_reason": null, "z": 21.6 }, "geometry": { "type": "LineString", "coordinates": [ [ 126.927604, 35.146941 ], [ 126.927357, 35.147048 ], [ 126.927349, 35.147052 ], [ 126.927161, 35.147131 ] ] } },
{ "type": "Feature", "properties": { "seg_uid": "DM-193362-283376-XSMH", "seg_id": "DM01001", "seg_no": 2, "width_min_m": 1.11, "width_max_m": 46.19, "verdict": "unknown", "width_verified": false, "midpoint_fallback": false, "inherited": false, "route_usage": 2, "length_m": 79.9, "run_length_m": null, "nfa_designated": false, "cctv_dist_m": 88.8, "cv_feasible": false, "width_src": "ngii1k", "width_disagree_m": 0.44, "road_name": "장동로54번길", "seg_label": "장동로54번길 1-216", "road_side": "0", "road_bt_m": 3.0, "in_emd": true, "light_count": 0, "unknown_reason": "no_cctv", "z": 21.0 }, "geometry": { "type": "LineString", "coordinates": [ [ 126.927357, 35.147048 ], [ 126.927341, 35.147017 ], [ 126.927164, 35.146739 ], [ 126.926957, 35.146408 ] ] } },
{ "type": "Feature", "properties": { "seg_uid": "DM-193421-283389-9EAB", "seg_id": "DM01002", "seg_no": 4, "width_min_m": 7.46, "width_max_m": 8.87, "verdict": "clear", "width_verified": false, "midpoint_fallback": false, "inherited": false, "route_usage": 13, "length_m": 41.5, "run_length_m": null, "nfa_designated": false, "cctv_dist_m": 36.9, "cv_feasible": false, "width_src": "ngii1k", "width_disagree_m": 0.47, "road_name": "필문대로273번길", "seg_label": "필문대로273번길 1-273", "road_side": "0", "road_bt_m": 8.0, "in_emd": true, "light_count": 0, "unknown_reason": null, "z": 22.3 }, "geometry": { "type": "LineString", "coordinates": [ [ 126.927604, 35.146941 ], [ 126.92779, 35.146857 ], [ 126.928002, 35.146761 ] ] } },
{ "type": "Feature", "properties": { "seg_uid": "DM-193430-283449-LRZT", "seg_id": "DM01003", "seg_no": 5, "width_min_m": 34.91, "width_max_m": 49.24, "verdict": "clear", "width_verified": false, "midpoint_fallback": false, "inherited": false, "route_usage": 23, "length_m": 112.8, "run_length_m": null, "nfa_designated": false, "cctv_dist_m": 78.1, "cv_feasible": false, "width_src": "ngii1k", "width_disagree_m": 0.85, "road_name": "필문대로", "seg_label": "필문대로 55-273", "road_side": "0", "road_bt_m": 36.473, "in_emd": true, "light_count": 13, "unknown_reason": null, "z": 22.0 }, "geometry": { "type": "LineString", "coordinates": [ [ 126.928202, 35.147832 ], [ 126.927755, 35.147166 ], [ 126.927605, 35.146943 ], [ 126.927604, 35.146941 ] ] } },
{ "type": "Feature", "properties": { "seg_uid": "DM-193374-283344-LRZT", "seg_id": "DM01004", "seg_no": 4, "width_min_m": 31.27, "width_max_m": 46.2, "verdict": "clear", "width_verified": false, "midpoint_fallback": false, "inherited": false, "route_usage": 2, "length_m": 125.1, "run_length_m": null, "nfa_designated": false, "cctv_dist_m": 77.9, "cv_feasible": false, "width_src": "ngii1k", "width_disagree_m": 4.35, "road_name": "필문대로", "seg_label": "필문대로 55-287", "road_side": "0", "road_bt_m": 36.473, "in_emd": true, "light_count": 14, "unknown_reason": null, "z": 21.4 }, "geometry": { "type": "LineString", "coordinates": [ [ 126.927604, 35.146941 ], [ 126.927601, 35.146936 ], [ 126.92756, 35.146876 ], [ 126.927161, 35.146242 ], [ 126.927156, 35.146233 ], [ 126.926966, 35.145943 ] ] } },
{ "type": "Feature", "properties": { "seg_uid": "DM-193310-283278-XSMH", "seg_id": "DM01042", "seg_no": 1, "width_min_m": 0.57, "width_max_m": 46.37, "verdict": "needs_cv", "width_verified": false, "midpoint_fallback": false, "inherited": false, "route_usage": 0, "length_m": 142.0, "run_length_m": 142.0, "nfa_designated": true, "cctv_dist_m": 12.5, "cv_feasible": true, "width_src": "ngii1k", "width_disagree_m": 1.86, "road_name": "장동로54번길", "seg_label": "장동로54번길 7-216", "road_side": "0", "road_bt_m": 3.0, "in_emd": true, "light_count": 14, "unknown_reason": null, "z": 19.2 }, "geometry": { "type": "LineString", "coordinates": [ [ 126.926957, 35.146408 ], [ 126.926957, 35.146408 ], [ 126.926946, 35.146391 ], [ 126.926728, 35.146056 ], [ 126.92646, 35.145651 ], [ 126.926228, 35.145276 ] ] } },
{ "type": "Feature", "properties": { "seg_uid": "DM-193339-283345-1GLE", "seg_id": "DM01044", "seg_no": 6, "width_min_m": 1.35, "width_max_m": 4.22, "verdict": "unknown", "width_verified": false, "midpoint_fallback": false, "inherited": false, "route_usage": 2, "length_m": 14.7, "run_length_m": null, "nfa_designated": false, "cctv_dist_m": 101.7, "cv_feasible": false, "width_src": "ngii1k", "width_disagree_m": 0.37, "road_name": "백서로", "seg_label": "백서로 7-216", "road_side": "1", "road_bt_m": 3.0, "in_emd": true, "light_count": 0, "unknown_reason": "no_cctv", "z": 20.1 }, "geometry": { "type": "LineString", "coordinates": [ [ 126.926838, 35.146498 ], [ 126.926873, 35.146472 ], [ 126.926957, 35.146408 ] ] } },
{ "type": "Feature", "properties": { "seg_uid": "DM-193351-283495-U9HZ", "seg_id": "DM01058", "seg_no": 4, "width_min_m": 3.72, "width_max_m": 14.33, "verdict": "needs_cv", "width_verified": false, "midpoint_fallback": false, "inherited": false, "route_usage": 10, "length_m": 32.2, "run_length_m": 254.3, "nfa_designated": true, "cctv_dist_m": 15.9, "cv_feasible": true, "width_src": "ngii1k", "width_disagree_m": 0.2, "road_name": "백서로224번길", "seg_label": "백서로224번길 1-6", "road_side": "0", "road_bt_m": 3.0, "in_emd": true, "light_count": 0, "unknown_reason": null, "z": 20.7 }, "geometry": { "type": "LineString", "coordinates": [ [ 126.926858, 35.147772 ], [ 126.927173, 35.147833 ], [ 126.927202, 35.147838 ] ] } },
{ "type": "Feature", "properties": { "seg_uid": "DM-193355-283451-U9HZ", "seg_id": "DM01059", "seg_no": 1, "width_min_m": 2.07, "width_max_m": 2.85, "verdict": "blocked", "width_verified": false, "midpoint_fallback": false, "inherited": false, "route_usage": 0, "length_m": 105.9, "run_length_m": 105.9, "nfa_designated": true, "cctv_dist_m": 15.9, "cv_feasible": true, "width_src": "ngii1k", "width_disagree_m": 0.37, "road_name": "백서로224번길", "seg_label": "백서로224번길 1-53", "road_side": "1", "road_bt_m": 3.0, "in_emd": true, "light_count": 0, "unknown_reason": null, "z": 20.9 }, "geometry": { "type": "LineString", "coordinates": [ [ 126.926858, 35.147772 ], [ 126.926983, 35.147385 ], [ 126.927633, 35.147533 ] ] } },
{ "type": "Feature", "properties": { "seg_uid": "DM-193381-283502-U9HZ", "seg_id": "DM01060", "seg_no": 5, "width_min_m": 3.46, "width_max_m": 13.66, "verdict": "unknown", "width_verified": false, "midpoint_fallback": false, "inherited": false, "route_usage": 6, "length_m": 29.7, "run_length_m": null, "nfa_designated": false, "cctv_dist_m": 48.0, "cv_feasible": false, "width_src": "ngii1k", "width_disagree_m": 0.52, "road_name": "백서로224번길", "seg_label": "백서로224번길 5-8", "road_side": "0", "road_bt_m": 3.0, "in_emd": true, "light_count": 0, "unknown_reason": "no_cctv", "z": 21.0 }, "geometry": { "type": "LineString", "coordinates": [ [ 126.927202, 35.147838 ], [ 126.927496, 35.147895 ], [ 126.927519, 35.147899 ] ] } },
{ "type": "Feature", "properties": { "seg_uid": "DM-193372-283478-U9HZ", "seg_id": "DM01061", "seg_no": 2, "width_min_m": 1.98, "width_max_m": 3.14, "verdict": "unknown", "width_verified": false, "midpoint_fallback": false, "inherited": false, "route_usage": 2, "length_m": 42.4, "run_length_m": null, "nfa_designated": false, "cctv_dist_m": 48.0, "cv_feasible": false, "width_src": "ngii1k", "width_disagree_m": 0.61, "road_name": "백서로224번길", "seg_label": "백서로224번길 2-6", "road_side": "1", "road_bt_m": 3.0, "in_emd": true, "light_count": 0, "unknown_reason": "no_cctv", "z": 21.0 }, "geometry": { "type": "LineString", "coordinates": [ [ 126.927202, 35.147838 ], [ 126.927319, 35.147468 ] ] } },
{ "type": "Feature", "properties": { "seg_uid": "DM-193412-283509-U9HZ", "seg_id": "DM01062", "seg_no": 7, "width_min_m": 2.38, "width_max_m": 37.43, "verdict": "unknown", "width_verified": false, "midpoint_fallback": false, "inherited": false, "route_usage": 2, "length_m": 34.7, "run_length_m": null, "nfa_designated": false, "cctv_dist_m": 77.7, "cv_feasible": false, "width_src": "ngii1k", "width_disagree_m": 0.52, "road_name": "백서로224번길", "seg_label": "백서로224번길 7-11", "road_side": "0", "road_bt_m": 3.0, "in_emd": true, "light_count": 0, "unknown_reason": "no_cctv", "z": 21.6 }, "geometry": { "type": "LineString", "coordinates": [ [ 126.927519, 35.147899 ], [ 126.927544, 35.147905 ], [ 126.927681, 35.147938 ], [ 126.927714, 35.147931 ], [ 126.927882, 35.147882 ] ] } },
{ "type": "Feature", "properties": { "seg_uid": "DM-193401-283485-U9HZ", "seg_id": "DM01063", "seg_no": 6, "width_min_m": 1.85, "width_max_m": 2.91, "verdict": "blocked", "width_verified": false, "midpoint_fallback": false, "inherited": false, "route_usage": 2, "length_m": 41.4, "run_length_m": 41.4, "nfa_designated": false, "cctv_dist_m": 77.7, "cv_feasible": false, "width_src": "ngii1k", "width_disagree_m": 0.42, "road_name": "백서로224번길", "seg_label": "백서로224번길 2-53", "road_side": "1", "road_bt_m": 2.0, "in_emd": true, "light_count": 0, "unknown_reason": null, "z": 21.5 }, "geometry": { "type": "LineString", "coordinates": [ [ 126.927519, 35.147899 ], [ 126.927635, 35.147538 ] ] } },
{ "type": "Feature", "properties": { "seg_uid": "DM-193568-283819-WQ35", "seg_id": "DM01064", "seg_no": 11, "width_min_m": 1.03, "width_max_m": 3.79, "verdict": "unknown", "width_verified": false, "midpoint_fallback": false, "inherited": false, "route_usage": 7, "length_m": 54.7, "run_length_m": null, "nfa_designated": false, "cctv_dist_m": 73.6, "cv_feasible": false, "width_src": "ngii1k", "width_disagree_m": 2.06, "road_name": "동명로82번길", "seg_label": "동명로82번길 1-81", "road_side": "0", "road_bt_m": 2.0, "in_emd": true, "light_count": 9, "unknown_reason": "no_cctv", "z": 27.8 }, "geometry": { "type": "LineString", "coordinates": [ [ 126.929509, 35.150943 ], [ 126.9295, 35.15087 ], [ 126.929498, 35.150853 ], [ 126.929477, 35.150769 ], [ 126.929477, 35.150767 ], [ 126.929388, 35.150718 ], [ 126.929366, 35.150686 ], [ 126.929342, 35.150614 ], [ 126.929306, 35.150502 ] ] } },
{ "type": "Feature", "properties": { "seg_uid": "DM-193575-283843-6Z8Q", "seg_id": "DM01065", "seg_no": 29, "width_min_m": 18.98, "width_max_m": 23.44, "verdict": "unknown", "width_verified": false, "midpoint_fallback": false, "inherited": false, "route_usage": 106, "length_m": 4.7, "run_length_m": null, "nfa_designated": false, "cctv_dist_m": 71.2, "cv_feasible": false, "width_src": "ngii1k", "width_disagree_m": 0.37, "road_name": "동명로", "seg_label": "동명로 81", "road_side": "0", "road_bt_m": 20.0, "in_emd": false, "light_count": 0, "unknown_reason": "no_cctv", "z": 27.5 }, "geometry": { "type": "LineString", "coordinates": [ [ 126.929458, 35.150946 ], [ 126.929509, 35.150943 ] ] } },
{ "type": "Feature", "properties": { "seg_uid": "DM-193614-283840-6Z8Q", "seg_id": "DM01066", "seg_no": 28, "width_min_m": 18.98, "width_max_m": 21.69, "verdict": "clear", "width_verified": false, "midpoint_fallback": false, "inherited": false, "route_usage": 109, "length_m": 75.1, "run_length_m": null, "nfa_designated": false, "cctv_dist_m": 73.6, "cv_feasible": false, "width_src": "ngii1k", "width_disagree_m": 0.43, "road_name": "동명로", "seg_label": "동명로 81-223", "road_side": "0", "road_bt_m": 20.0, "in_emd": false, "light_count": 0, "unknown_reason": null, "z": 27.9 }, "geometry": { "type": "LineString", "coordinates": [ [ 126.929509, 35.150943 ], [ 126.92951, 35.150943 ], [ 126.930332, 35.150894 ] ] } },
{ "type": "Feature", "properties": { "seg_uid": "DM-193557-283789-WQ35", "seg_id": "DM01067", "seg_no": 9, "width_min_m": 3.26, "width_max_m": 6.19, "verdict": "unknown", "width_verified": false, "midpoint_fallback": false, "inherited": false, "route_usage": 3, "length_m": 10.9, "run_length_m": null, "nfa_designated": false, "cctv_dist_m": 66.9, "cv_feasible": false, "width_src": "ngii1k", "width_disagree_m": 0.34, "road_name": "동명로82번길", "seg_label": "동명로82번길 5-6", "road_side": "0", "road_bt_m": 2.0, "in_emd": true, "light_count": 9, "unknown_reason": "no_cctv", "z": 28.2 }, "geometry": { "type": "LineString", "coordinates": [ [ 126.929306, 35.150502 ], [ 126.929278, 35.150417 ], [ 126.929274, 35.150407 ] ] } },
{ "type": "Feature", "properties": { "seg_uid": "DM-193552-283795-WQ35", "seg_id": "DM01068", "seg_no": 10, "width_min_m": 1.45, "width_max_m": 3.58, "verdict": "unknown", "width_verified": false, "midpoint_fallback": false, "inherited": false, "route_usage": 2, "length_m": 13.2, "run_length_m": null, "nfa_designated": false, "cctv_dist_m": 65.0, "cv_feasible": false, "width_src": "ngii1k", "width_disagree_m": 1.49, "road_name": "동명로82번길", "seg_label": "동명로82번길 5-6", "road_side": "1", "road_bt_m": 1.0, "in_emd": true, "light_count": 9, "unknown_reason": "no_cctv", "z": 28.1 }, "geometry": { "type": "LineString", "coordinates": [ [ 126.929306, 35.150502 ], [ 126.929162, 35.150514 ] ] } },
{ "type": "Feature", "properties": { "seg_uid": "DM-193555-283781-WQ35", "seg_id": "DM01069", "seg_no": 7, "width_min_m": 3.47, "width_max_m": 8.84, "verdict": "unknown", "width_verified": false, "midpoint_fallback": false, "inherited": false, "route_usage": 3, "length_m": 5.1, "run_length_m": null, "nfa_designated": false, "cctv_dist_m": 63.3, "cv_feasible": false, "width_src": "ngii1k", "width_disagree_m": 0.65, "road_name": "동명로82번길", "seg_label": "동명로82번길 5-8", "road_side": "0", "road_bt_m": 2.0, "in_emd": true, "light_count": 9, "unknown_reason": "no_cctv", "z": 28.2 }, "geometry": { "type": "LineString", "coordinates": [ [ 126.929274, 35.150407 ], [ 126.929255, 35.150364 ] ] } },
{ "type": "Feature", "properties": { "seg_uid": "DM-193566-283781-WQ35", "seg_id": "DM01070", "seg_no": 6, "width_min_m": 1.92, "width_max_m": 3.83, "verdict": "unknown", "width_verified": false, "midpoint_fallback": false, "inherited": false, "route_usage": 2, "length_m": 21.3, "run_length_m": null, "nfa_designated": false, "cctv_dist_m": 66.9, "cv_feasible": false, "width_src": "silpok", "width_disagree_m": 4.64, "road_name": "동명로82번길", "seg_label": "동명로82번길 5", "road_side": "1", "road_bt_m": 1.0, "in_emd": true, "light_count": 9, "unknown_reason": "no_cctv", "z": 28.4 }, "geometry": { "type": "LineString", "coordinates": [ [ 126.929274, 35.150407 ], [ 126.929501, 35.150362 ] ] } },
{ "type": "Feature", "properties": { "seg_uid": "DM-193542-283770-WQ35", "seg_id": "DM01071", "seg_no": 5, "width_min_m": 1.21, "width_max_m": 4.24, "verdict": "unknown", "width_verified": false, "midpoint_fallback": false, "inherited": false, "route_usage": 3, "length_m": 31.0, "run_length_m": null, "nfa_designated": false, "cctv_dist_m": 33.4, "cv_feasible": false, "width_src": "ngii1k", "width_disagree_m": 1.06, "road_name": "동명로82번길", "seg_label": "동명로82번길 5-9", "road_side": "0", "road_bt_m": 2.0, "in_emd": true, "light_count": 9, "unknown_reason": "no_cctv", "z": 28.3 }, "geometry": { "type": "LineString", "coordinates": [ [ 126.929255, 35.150364 ], [ 126.929249, 35.150351 ], [ 126.929152, 35.15029 ], [ 126.929135, 35.150285 ], [ 126.929079, 35.150273 ], [ 126.928957, 35.150251 ] ] } },
{ "type": "Feature", "properties": { "seg_uid": "DM-193547-283780-WQ35", "seg_id": "DM01072", "seg_no": 8, "width_min_m": 1.23, "width_max_m": 3.88, "verdict": "unknown", "width_verified": false, "midpoint_fallback": false, "inherited": false, "route_usage": 2, "length_m": 14.3, "run_length_m": null, "nfa_designated": false, "cctv_dist_m": 52.4, "cv_feasible": false, "width_src": "ngii1k", "width_disagree_m": 0.7, "road_name": "동명로82번길", "seg_label": "동명로82번길 5-8", "road_side": "1", "road_bt_m": 2.0, "in_emd": true, "light_count": 9, "unknown_reason": "no_cctv", "z": 28.2 }, "geometry": { "type": "LineString", "coordinates": [ [ 126.929255, 35.150364 ], [ 126.929101, 35.150392 ] ] } },
{ "type": "Feature", "properties": { "seg_uid": "DM-193516-283764-WQ35", "seg_id": "DM01073", "seg_no": 3, "width_min_m": 2.08, "width_max_m": 2.89, "verdict": "blocked", "width_verified": false, "midpoint_fallback": false, "inherited": false, "route_usage": 7, "length_m": 21.8, "run_length_m": 21.8, "nfa_designated": false, "cctv_dist_m": 12.4, "cv_feasible": true, "width_src": "ngii1k", "width_disagree_m": 0.1, "road_name": "동명로82번길", "seg_label": "동명로82번길 9-11", "road_side": "0", "road_bt_m": 2.0, "in_emd": true, "light_count": 0, "unknown_reason": null, "z": 28.0 }, "geometry": { "type": "LineString", "coordinates": [ [ 126.928957, 35.150251 ], [ 126.928884, 35.150238 ], [ 126.928861, 35.150233 ], [ 126.928762, 35.150213 ], [ 126.928724, 35.150206 ] ] } },
{ "type": "Feature", "properties": { "seg_uid": "DM-193528-283760-WQ35", "seg_id": "DM01074", "seg_no": 4, "width_min_m": 0.87, "width_max_m": 4.09, "verdict": "unknown", "width_verified": false, "midpoint_fallback": false, "inherited": false, "route_usage": 2, "length_m": 13.5, "run_length_m": null, "nfa_designated": false, "cctv_dist_m": 33.0, "cv_feasible": false, "width_src": "ngii1k", "width_disagree_m": null, "road_name": "동명로82번길", "seg_label": "동명로82번길 9", "road_side": "1", "road_bt_m": 1.0, "in_emd": true, "light_count": 9, "unknown_reason": "no_cctv", "z": 28.3 }, "geometry": { "type": "LineString", "coordinates": [ [ 126.928957, 35.150251 ], [ 126.928992, 35.150133 ] ] } },
{ "type": "Feature", "properties": { "seg_uid": "DM-193495-283760-WQ35", "seg_id": "DM01075", "seg_no": 2, "width_min_m": 1.12, "width_max_m": 24.69, "verdict": "needs_cv", "width_verified": false, "midpoint_fallback": false, "inherited": false, "route_usage": 6, "length_m": 21.0, "run_length_m": 200.4, "nfa_designated": true, "cctv_dist_m": 6.3, "cv_feasible": true, "width_src": "ngii1k", "width_disagree_m": 37.31, "road_name": "동명로82번길", "seg_label": "동명로82번길 9-13", "road_side": "0", "road_bt_m": 2.0, "in_emd": true, "light_count": 0, "unknown_reason": null, "z": 27.9 }, "geometry": { "type": "LineString", "coordinates": [ [ 126.928724, 35.150206 ], [ 126.928717, 35.150204 ], [ 126.928714, 35.150204 ], [ 126.928497, 35.150176 ] ] } },
{ "type": "Feature", "properties": { "seg_uid": "DM-193504-283752-WQ35", "seg_id": "DM01076", "seg_no": 1, "width_min_m": 1.22, "width_max_m": 4.98, "verdict": "needs_cv", "width_verified": false, "midpoint_fallback": false, "inherited": false, "route_usage": 3, "length_m": 19.7, "run_length_m": 200.4, "nfa_designated": true, "cctv_dist_m": 8.7, "cv_feasible": true, "width_src": "ngii1k", "width_disagree_m": 3.51, "road_name": "동명로82번길", "seg_label": "동명로82번길 11-238", "road_side": "1", "road_bt_m": 1.0, "in_emd": true, "light_count": 0, "unknown_reason": null, "z": 28.1 }, "geometry": { "type": "LineString", "coordinates": [ [ 126.928724, 35.150206 ], [ 126.928707, 35.15007 ], [ 126.928698, 35.15003 ] ] } },
{ "type": "Feature", "properties": { "seg_uid": "DM-193475-283791-O8MY", "seg_id": "DM01077", "seg_no": 3, "width_min_m": 7.31, "width_max_m": 42.24, "verdict": "clear", "width_verified": false, "midpoint_fallback": false, "inherited": false, "route_usage": 14, "length_m": 70.1, "run_length_m": null, "nfa_designated": false, "cctv_dist_m": 12.1, "cv_feasible": true, "width_src": "ngii1k", "width_disagree_m": 0.67, "road_name": "동명로70번길", "seg_label": "동명로70번길 1-13", "road_side": "0", "road_bt_m": 8.31, "in_emd": true, "light_count": 16, "unknown_reason": null, "z": 27.0 }, "geometry": { "type": "LineString", "coordinates": [ [ 126.928299, 35.150781 ], [ 126.928492, 35.150176 ], [ 126.928496, 35.150178 ], [ 126.928497, 35.150176 ] ] } },
{ "type": "Feature", "properties": { "seg_uid": "DM-193486-283751-O8MY", "seg_id": "DM01078", "seg_no": 2, "width_min_m": 7.99, "width_max_m": null, "verdict": "clear", "width_verified": false, "midpoint_fallback": false, "inherited": false, "route_usage": 8, "length_m": 13.4, "run_length_m": null, "nfa_designated": false, "cctv_dist_m": 10.0, "cv_feasible": true, "width_src": "ngii1k", "width_disagree_m": 2.51, "road_name": "동명로70번길", "seg_label": "동명로70번길 9-238", "road_side": "0", "road_bt_m": 8.31, "in_emd": true, "light_count": 0, "unknown_reason": null, "z": 27.8 }, "geometry": { "type": "LineString", "coordinates": [ [ 126.928497, 35.150176 ], [ 126.928525, 35.150057 ] ] } },
{ "type": "Feature", "properties": { "seg_uid": "DM-193425-284180-54CL", "seg_id": "DM01162", "seg_no": 1, "width_min_m": 4.85, "width_max_m": null, "verdict": "unknown", "width_verified": false, "midpoint_fallback": false, "inherited": false, "route_usage": 0, "length_m": 23.4, "run_length_m": null, "nfa_designated": false, "cctv_dist_m": 40.5, "cv_feasible": false, "width_src": "ngii1k", "width_disagree_m": 1.21, "road_name": "산수길", "seg_label": "산수길 1-353", "road_side": "0", "road_bt_m": 8.0, "in_emd": false, "light_count": 0, "unknown_reason": "no_cctv", "z": 21.8 }, "geometry": { "type": "LineString", "coordinates": [ [ 126.927839, 35.153869 ], [ 126.927846, 35.154075 ], [ 126.927846, 35.15408 ] ] } },
{ "type": "Feature", "properties": { "seg_uid": "DM-193421-284167-52VO", "seg_id": "DM01163", "seg_no": 11, "width_min_m": 14.47, "width_max_m": null, "verdict": "clear", "width_verified": false, "midpoint_fallback": false, "inherited": false, "route_usage": 0, "length_m": 8.6, "run_length_m": null, "nfa_designated": false, "cctv_dist_m": 61.4, "cv_feasible": false, "width_src": "ngii1k", "width_disagree_m": 1.47, "road_name": "경양로", "seg_label": "경양로 1-353", "road_side": "0", "road_bt_m": 15.0, "in_emd": false, "light_count": 0, "unknown_reason": null, "z": 21.0 }, "geometry": { "type": "LineString", "coordinates": [ [ 126.927746, 35.153855 ], [ 126.927839, 35.153869 ] ] } },
{ "type": "Feature", "properties": { "seg_uid": "DM-193467-284176-52VO", "seg_id": "DM01164", "seg_no": 12, "width_min_m": 14.54, "width_max_m": null, "verdict": "clear", "width_verified": false, "midpoint_fallback": false, "inherited": false, "route_usage": 0, "length_m": 85.2, "run_length_m": null, "nfa_designated": false, "cctv_dist_m": 51.0, "cv_feasible": false, "width_src": "ngii1k", "width_disagree_m": 26.11, "road_name": "경양로", "seg_label": "경양로 1-361", "road_side": "0", "road_bt_m": 15.0, "in_emd": false, "light_count": 0, "unknown_reason": null, "z": 22.6 }, "geometry": { "type": "LineString", "coordinates": [ [ 126.927839, 35.153869 ], [ 126.928757, 35.154011 ] ] } },
{ "type": "Feature", "properties": { "seg_uid": "DM-193429-284236-54CL", "seg_id": "DM01165", "seg_no": 2, "width_min_m": 4.91, "width_max_m": null, "verdict": "needs_cv", "width_verified": false, "midpoint_fallback": false, "inherited": false, "route_usage": 0, "length_m": 89.3, "run_length_m": 89.3, "nfa_designated": false, "cctv_dist_m": 3.7, "cv_feasible": true, "width_src": "ngii1k", "width_disagree_m": 1.05, "road_name": "산수길", "seg_label": "산수길 1-11", "road_side": "0", "road_bt_m": 8.0, "in_emd": false, "light_count": 0, "unknown_reason": null, "z": 25.8 }, "geometry": { "type": "LineString", "coordinates": [ [ 126.927846, 35.15408 ], [ 126.927853, 35.154256 ], [ 126.927882, 35.154487 ], [ 126.927744, 35.154735 ], [ 126.927707, 35.154851 ], [ 126.927706, 35.154855 ] ] } },
{ "type": "Feature", "properties": { "seg_uid": "DM-193399-284228-9UPP", "seg_id": "DM01166", "seg_no": 1, "width_min_m": 0.38, "width_max_m": null, "verdict": "blocked", "width_verified": false, "midpoint_fallback": false, "inherited": false, "route_usage": 0, "length_m": 115.5, "run_length_m": 115.5, "nfa_designated": true, "cctv_dist_m": 19.7, "cv_feasible": true, "width_src": "ngii1k", "width_disagree_m": 0.82, "road_name": "산수길3번길", "seg_label": "산수길3번길 1-11", "road_side": "0", "road_bt_m": 2.0, "in_emd": false, "light_count": 0, "unknown_reason": null, "z": 22.5 }, "geometry": { "type": "LineString", "coordinates": [ [ 126.927846, 35.15408 ], [ 126.927778, 35.154096 ], [ 126.927716, 35.154112 ], [ 126.9277, 35.154119 ], [ 126.927679, 35.154134 ], [ 126.927573, 35.154229 ], [ 126.927559, 35.154245 ], [ 126.927595, 35.154294 ], [ 126.927634, 35.154358 ], [ 126.92764, 35.15437 ], [ 126.927605, 35.154387 ], [ 126.927466, 35.154456 ], [ 126.92739, 35.154499 ], [ 126.927303, 35.154463 ], [ 126.927239, 35.154442 ], [ 126.927223, 35.154443 ], [ 126.927179, 35.154548 ], [ 126.927139, 35.15464 ] ] } },
{ "type": "Feature", "properties": { "seg_uid": "DM-193576-284251-88WW", "seg_id": "DM01211", "seg_no": 1, "width_min_m": 4.22, "width_max_m": null, "verdict": "needs_cv", "width_verified": false, "midpoint_fallback": false, "inherited": false, "route_usage": 0, "length_m": 121.2, "run_length_m": 121.2, "nfa_designated": true, "cctv_dist_m": 0.3, "cv_feasible": true, "width_src": "ngii1k", "width_disagree_m": 1.97, "road_name": "경양로367번길", "seg_label": "경양로367번길 1-367", "road_side": "0", "road_bt_m": 6.0, "in_emd": false, "light_count": 11, "unknown_reason": null, "z": 36.0 }, "geometry": { "type": "LineString", "coordinates": [ [ 126.929309, 35.154097 ], [ 126.929324, 35.154204 ], [ 126.929485, 35.154577 ], [ 126.929518, 35.154719 ], [ 126.929514, 35.154822 ], [ 126.929456, 35.154959 ], [ 126.92936, 35.155138 ] ] } },
{ "type": "Feature", "properties": { "seg_uid": "DM-193534-284188-52VO", "seg_id": "DM01212", "seg_no": 15, "width_min_m": 14.8, "width_max_m": null, "verdict": "clear", "width_verified": false, "midpoint_fallback": false, "inherited": false, "route_usage": 0, "length_m": 51.2, "run_length_m": null, "nfa_designated": false, "cctv_dist_m": 9.1, "cv_feasible": true, "width_src": "ngii1k", "width_disagree_m": 1.8, "road_name": "경양로", "seg_label": "경양로 361-367", "road_side": "0", "road_bt_m": 15.0, "in_emd": false, "light_count": 11, "unknown_reason": null, "z": 27.1 }, "geometry": { "type": "LineString", "coordinates": [ [ 126.928757, 35.154011 ], [ 126.929293, 35.154094 ], [ 126.929309, 35.154097 ] ] } },
{ "type": "Feature", "properties": { "seg_uid": "DM-193567-284195-52VO", "seg_id": "DM01213", "seg_no": 16, "width_min_m": 14.5, "width_max_m": null, "verdict": "clear", "width_verified": false, "midpoint_fallback": false, "inherited": false, "route_usage": 0, "length_m": 17.4, "run_length_m": null, "nfa_designated": false, "cctv_dist_m": 8.7, "cv_feasible": true, "width_src": "ngii1k", "width_disagree_m": 1.5, "road_name": "경양로", "seg_label": "경양로 18-369", "road_side": "0", "road_bt_m": 15.0, "in_emd": false, "light_count": 11, "unknown_reason": null, "z": 29.6 }, "geometry": { "type": "LineString", "coordinates": [ [ 126.929309, 35.154097 ], [ 126.929328, 35.1541 ], [ 126.929497, 35.154125 ] ] } },
{ "type": "Feature", "properties": { "seg_uid": "DM-193605-284190-52VO", "seg_id": "DM01220", "seg_no": 14, "width_min_m": 2.28, "width_max_m": null, "verdict": "blocked", "width_verified": false, "midpoint_fallback": false, "inherited": false, "route_usage": 0, "length_m": 21.7, "run_length_m": 21.7, "nfa_designated": false, "cctv_dist_m": 24.5, "cv_feasible": true, "width_src": "ngii1k", "width_disagree_m": 0.0, "road_name": "경양로", "seg_label": "경양로 371-372", "road_side": "1", "road_bt_m": 2.0, "in_emd": false, "light_count": 0, "unknown_reason": null, "z": 26.3 }, "geometry": { "type": "LineString", "coordinates": [ [ 126.929792, 35.154169 ], [ 126.929844, 35.153978 ] ] } },
{ "type": "Feature", "properties": { "seg_uid": "DM-193561-283651-6ZG7", "seg_id": "DM01326", "seg_no": 23, "width_min_m": 11.59, "width_max_m": 13.13, "verdict": "clear", "width_verified": false, "midpoint_fallback": false, "inherited": false, "route_usage": 24, "length_m": 28.2, "run_length_m": null, "nfa_designated": false, "cctv_dist_m": 84.2, "cv_feasible": false, "width_src": "ngii1k", "width_disagree_m": 1.11, "road_name": "지호로", "seg_label": "지호로 1-245", "road_side": "0", "road_bt_m": 12.0, "in_emd": true, "light_count": 0, "unknown_reason": null, "z": 25.3 }, "geometry": { "type": "LineString", "coordinates": [ [ 126.929193, 35.14925 ], [ 126.929483, 35.149166 ], [ 126.929485, 35.149165 ] ] } },
{ "type": "Feature", "properties": { "seg_uid": "DM-193552-283662-LRZT", "seg_id": "DM01327", "seg_no": 10, "width_min_m": 39.76, "width_max_m": 41.53, "verdict": "clear", "width_verified": false, "midpoint_fallback": false, "inherited": false, "route_usage": 11, "length_m": 14.8, "run_length_m": null, "nfa_designated": false, "cctv_dist_m": 84.2, "cv_feasible": false, "width_src": "ngii1k", "width_disagree_m": 0.2, "road_name": "필문대로", "seg_label": "필문대로 183-245", "road_side": "0", "road_bt_m": 36.473, "in_emd": true, "light_count": 0, "unknown_reason": null, "z": 25.5 }, "geometry": { "type": "LineString", "coordinates": [ [ 126.929274, 35.149366 ], [ 126.929193, 35.14925 ] ] } },
{ "type": "Feature", "properties": { "seg_uid": "DM-193533-283630-LRZT", "seg_id": "DM01328", "seg_no": 9, "width_min_m": 38.9, "width_max_m": 40.96, "verdict": "clear", "width_verified": false, "midpoint_fallback": false, "inherited": false, "route_usage": 17, "length_m": 58.1, "run_length_m": null, "nfa_designated": false, "cctv_dist_m": 79.5, "cv_feasible": false, "width_src": "ngii1k", "width_disagree_m": 1.5, "road_name": "필문대로", "seg_label": "필문대로 243-249", "road_side": "0", "road_bt_m": 36.473, "in_emd": true, "light_count": 0, "unknown_reason": null, "z": 24.7 }, "geometry": { "type": "LineString", "coordinates": [ [ 126.929193, 35.14925 ], [ 126.929133, 35.149165 ], [ 126.929091, 35.149107 ], [ 126.929024, 35.149014 ], [ 126.92887, 35.148801 ], [ 126.928869, 35.148799 ] ] } },
{ "type": "Feature", "properties": { "seg_uid": "DM-193599-283635-6ZG7", "seg_id": "DM01329", "seg_no": 22, "width_min_m": 11.88, "width_max_m": 12.8, "verdict": "clear", "width_verified": false, "midpoint_fallback": false, "inherited": false, "route_usage": 6, "length_m": 53.5, "run_length_m": null, "nfa_designated": false, "cctv_dist_m": 60.9, "cv_feasible": false, "width_src": "ngii1k", "width_disagree_m": 0.96, "road_name": "지호로", "seg_label": "지호로 1-20", "road_side": "0", "road_bt_m": 12.0, "in_emd": true, "light_count": 0, "unknown_reason": null, "z": 25.5 }, "geometry": { "type": "LineString", "coordinates": [ [ 126.929485, 35.149165 ], [ 126.929543, 35.149144 ], [ 126.930022, 35.14897 ] ] } },
{ "type": "Feature", "properties": { "seg_uid": "DM-193618-283658-U6CJ", "seg_id": "DM01330", "seg_no": 6, "width_min_m": 3.62, "width_max_m": 4.42, "verdict": "needs_cv", "width_verified": false, "midpoint_fallback": false, "inherited": false, "route_usage": 18, "length_m": 90.1, "run_length_m": 131.0, "nfa_designated": true, "cctv_dist_m": 15.9, "cv_feasible": true, "width_src": "ngii1k", "width_disagree_m": 8.53, "road_name": "동명로98번길", "seg_label": "동명로98번길 1-20", "road_side": "1", "road_bt_m": 4.0, "in_emd": true, "light_count": 7, "unknown_reason": null, "z": 25.9 }, "geometry": { "type": "LineString", "coordinates": [ [ 126.930445, 35.149273 ], [ 126.930433, 35.149277 ], [ 126.930378, 35.149295 ], [ 126.930208, 35.1493 ], [ 126.929984, 35.149274 ], [ 126.929921, 35.149267 ], [ 126.929901, 35.149264 ], [ 126.929703, 35.149239 ], [ 126.929485, 35.149165 ] ] } },
{ "type": "Feature", "properties": { "seg_uid": "DM-193618-283581-TNWY", "seg_id": "DM01331", "seg_no": 24, "width_min_m": 4.93, "width_max_m": 6.71, "verdict": "needs_cv", "width_verified": false, "midpoint_fallback": false, "inherited": false, "route_usage": 3, "length_m": 86.3, "run_length_m": 310.1, "nfa_designated": true, "cctv_dist_m": 7.2, "cv_feasible": true, "width_src": "ngii1k", "width_disagree_m": 0.53, "road_name": "필문대로253번길", "seg_label": "필문대로253번길 7-9", "road_side": "1", "road_bt_m": 6.0, "in_emd": true, "light_count": 0, "unknown_reason": null, "z": 25.5 }, "geometry": { "type": "LineString", "coordinates": [ [ 126.929853, 35.148207 ], [ 126.929976, 35.148636 ], [ 126.930022, 35.14897 ] ] } },
{ "type": "Feature", "properties": { "seg_uid": "DM-193641-283616-6ZG7", "seg_id": "DM01332", "seg_no": 21, "width_min_m": 10.42, "width_max_m": 13.11, "verdict": "clear", "width_verified": false, "midpoint_fallback": false, "inherited": false, "route_usage": 14, "length_m": 38.8, "run_length_m": null, "nfa_designated": false, "cctv_dist_m": 47.9, "cv_feasible": false, "width_src": "ngii1k", "width_disagree_m": 0.52, "road_name": "지호로", "seg_label": "지호로 7-23", "road_side": "0", "road_bt_m": 12.0, "in_emd": true, "light_count": 7, "unknown_reason": null, "z": 26.1 }, "geometry": { "type": "LineString", "coordinates": [ [ 126.930411, 35.148829 ], [ 126.930394, 35.148835 ], [ 126.93038, 35.14884 ], [ 126.930022, 35.14897 ] ] } },
{ "type": "Feature", "properties": { "seg_uid": "DM-193640-283570-TNWY", "seg_id": "DM01333", "seg_no": 21, "width_min_m": 0.68, "width_max_m": 5.29, "verdict": "needs_cv", "width_verified": false, "midpoint_fallback": false, "inherited": false, "route_usage": 11, "length_m": 89.5, "run_length_m": 310.1, "nfa_designated": true, "cctv_dist_m": 20.2, "cv_feasible": true, "width_src": "ngii1k", "width_disagree_m": 1.32, "road_name": "필문대로253번길", "seg_label": "필문대로253번길 9-13", "road_side": "1", "road_bt_m": 3.0, "in_emd": true, "light_count": 7, "unknown_reason": null, "z": 26.1 }, "geometry": { "type": "LineString", "coordinates": [ [ 126.930135, 35.148079 ], [ 126.930142, 35.148115 ], [ 126.930155, 35.14819 ], [ 126.930186, 35.148385 ], [ 126.930208, 35.148526 ], [ 126.930225, 35.148623 ], [ 126.93024, 35.148691 ], [ 126.930292, 35.148738 ], [ 126.93038, 35.14884 ] ] } },
{ "type": "Feature", "properties": { "seg_uid": "DM-193673-283601-6ZG7", "seg_id": "DM01334", "seg_no": 19, "width_min_m": 11.6, "width_max_m": 12.26, "verdict": "clear", "width_verified": false, "midpoint_fallback": false, "inherited": false, "route_usage": 0, "length_m": 32.1, "run_length_m": null, "nfa_designated": false, "cctv_dist_m": 47.9, "cv_feasible": false, "width_src": "ngii1k", "width_disagree_m": 0.01, "road_name": "지호로", "seg_label": "지호로 11-23", "road_side": "0", "road_bt_m": 12.0, "in_emd": false, "light_count": 7, "unknown_reason": null, "z": 26.6 }, "geometry": { "type": "LineString", "coordinates": [ [ 126.930411, 35.148829 ], [ 126.930412, 35.148828 ], [ 126.930689, 35.148718 ], [ 126.930728, 35.148703 ] ] } },
{ "type": "Feature", "properties": { "seg_uid": "DM-193664-283621-U6CJ", "seg_id": "DM01335", "seg_no": 1, "width_min_m": 7.11, "width_max_m": 9.45, "verdict": "clear", "width_verified": false, "midpoint_fallback": false, "inherited": false, "route_usage": 14, "length_m": 26.2, "run_length_m": null, "nfa_designated": false, "cctv_dist_m": 21.7, "cv_feasible": true, "width_src": "ngii1k", "width_disagree_m": 0.95, "road_name": "동명로98번길", "seg_label": "동명로98번길 11-23", "road_side": "0", "road_bt_m": 10.0, "in_emd": true, "light_count": 7, "unknown_reason": null, "z": 26.5 }, "geometry": { "type": "LineString", "coordinates": [ [ 126.930518, 35.149048 ], [ 126.930516, 35.149043 ], [ 126.930411, 35.148829 ] ] } },
{ "type": "Feature", "properties": { "seg_uid": "DM-193705-283586-6ZG7", "seg_id": "DM01336", "seg_no": 18, "width_min_m": 11.39, "width_max_m": 12.94, "verdict": "clear", "width_verified": false, "midpoint_fallback": false, "inherited": false, "route_usage": 0, "length_m": 37.9, "run_length_m": null, "nfa_designated": false, "cctv_dist_m": 59.2, "cv_feasible": false, "width_src": "ngii1k", "width_disagree_m": 0.41, "road_name": "지호로", "seg_label": "지호로 13-17", "road_side": "0", "road_bt_m": 12.0, "in_emd": false, "light_count": 7, "unknown_reason": null, "z": 26.6 }, "geometry": { "type": "LineString", "coordinates": [ [ 126.930728, 35.148703 ], [ 126.930748, 35.148695 ], [ 126.931098, 35.148556 ], [ 126.931102, 35.148554 ] ] } },
{ "type": "Feature", "properties": { "seg_uid": "DM-193698-283601-6ZG7", "seg_id": "DM01337", "seg_no": 20, "width_min_m": 1.28, "width_max_m": 4.44, "verdict": "unknown", "width_verified": false, "midpoint_fallback": false, "inherited": false, "route_usage": 0, "length_m": 24.6, "run_length_m": null, "nfa_designated": false, "cctv_dist_m": 55.2, "cv_feasible": false, "width_src": "ngii1k", "width_disagree_m": 0.62, "road_name": "지호로", "seg_label": "지호로 13", "road_side": "1", "road_bt_m": 2.0, "in_emd": false, "light_count": 7, "unknown_reason": "no_cctv", "z": 26.7 }, "geometry": { "type": "LineString", "coordinates": [ [ 126.930728, 35.148703 ], [ 126.930785, 35.148736 ], [ 126.930807, 35.148749 ], [ 126.930867, 35.148775 ], [ 126.930958, 35.148817 ] ] } },
{ "type": "Feature", "properties": { "seg_uid": "DM-193728-283575-6ZG7", "seg_id": "DM01338", "seg_no": 16, "width_min_m": 11.65, "width_max_m": 13.58, "verdict": "clear", "width_verified": false, "midpoint_fallback": false, "inherited": false, "route_usage": 1, "length_m": 14.1, "run_length_m": null, "nfa_designated": false, "cctv_dist_m": 83.3, "cv_feasible": false, "width_src": "ngii1k", "width_disagree_m": 0.43, "road_name": "지호로", "seg_label": "지호로 17-19", "road_side": "0", "road_bt_m": 12.0, "in_emd": false, "light_count": 0, "unknown_reason": null, "z": 26.4 }, "geometry": { "type": "LineString", "coordinates": [ [ 126.931102, 35.148554 ], [ 126.931241, 35.148499 ], [ 126.931242, 35.148499 ] ] } },
{ "type": "Feature", "properties": { "seg_uid": "DM-193719-283571-TNWY", "seg_id": "DM01339", "seg_no": 19, "width_min_m": 5.05, "width_max_m": 12.49, "verdict": "unknown", "width_verified": false, "midpoint_fallback": false, "inherited": false, "route_usage": 1, "length_m": 14.3, "run_length_m": null, "nfa_designated": false, "cctv_dist_m": 87.2, "cv_feasible": false, "width_src": "ngii1k", "width_disagree_m": 0.74, "road_name": "필문대로253번길", "seg_label": "필문대로253번길 17-21", "road_side": "1", "road_bt_m": 5.0, "in_emd": false, "light_count": 0, "unknown_reason": "no_cctv", "z": 26.4 }, "geometry": { "type": "LineString", "coordinates": [ [ 126.931046, 35.148434 ], [ 126.931046, 35.148434 ], [ 126.931102, 35.148554 ] ] } },
{ "type": "Feature", "properties": { "seg_uid": "DM-193741-283568-6ZG7", "seg_id": "DM01340", "seg_no": 15, "width_min_m": 10.67, "width_max_m": 53.48, "verdict": "clear", "width_verified": false, "midpoint_fallback": false, "inherited": false, "route_usage": 1, "length_m": 15.3, "run_length_m": null, "nfa_designated": false, "cctv_dist_m": 81.1, "cv_feasible": false, "width_src": "ngii1k", "width_disagree_m": 0.53, "road_name": "지호로", "seg_label": "지호로 19-22", "road_side": "0", "road_bt_m": 12.0, "in_emd": false, "light_count": 0, "unknown_reason": null, "z": 26.2 }, "geometry": { "type": "LineString", "coordinates": [ [ 126.931242, 35.148499 ], [ 126.93137, 35.148448 ], [ 126.931393, 35.148438 ] ] } },
{ "type": "Feature", "properties": { "seg_uid": "DM-193734-283586-6ZG7", "seg_id": "DM01341", "seg_no": 17, "width_min_m": 2.96, "width_max_m": 4.05, "verdict": "unknown", "width_verified": false, "midpoint_fallback": false, "inherited": false, "route_usage": 0, "length_m": 28.5, "run_length_m": null, "nfa_designated": false, "cctv_dist_m": 70.1, "cv_feasible": false, "width_src": "ngii1k", "width_disagree_m": 0.86, "road_name": "지호로", "seg_label": "지호로 13-19", "road_side": "1", "road_bt_m": 2.0, "in_emd": false, "light_count": 0, "unknown_reason": "no_cctv", "z": 26.6 }, "geometry": { "type": "LineString", "coordinates": [ [ 126.931242, 35.148499 ], [ 126.931252, 35.148549 ], [ 126.931257, 35.148574 ], [ 126.93124, 35.148625 ], [ 126.931174, 35.14874 ] ] } },
{ "type": "Feature", "properties": { "seg_uid": "DM-193756-283561-6ZG7", "seg_id": "DM01342", "seg_no": 14, "width_min_m": 10.69, "width_max_m": null, "verdict": "clear", "width_verified": false, "midpoint_fallback": false, "inherited": false, "route_usage": 1, "length_m": 17.6, "run_length_m": null, "nfa_designated": false, "cctv_dist_m": 81.0, "cv_feasible": false, "width_src": "ngii1k", "width_disagree_m": 0.14, "road_name": "지호로", "seg_label": "지호로 9-22", "road_side": "0", "road_bt_m": 12.0, "in_emd": false, "light_count": 0, "unknown_reason": null, "z": 26.2 }, "geometry": { "type": "LineString", "coordinates": [ [ 126.931393, 35.148438 ], [ 126.931567, 35.148369 ] ] } },
{ "type": "Feature", "properties": { "seg_uid": "DM-193744-283536-6ZG7", "seg_id": "DM01343", "seg_no": 7, "width_min_m": 2.4, "width_max_m": null, "verdict": "unknown", "width_verified": false, "midpoint_fallback": false, "inherited": false, "route_usage": 0, "length_m": 59.3, "run_length_m": null, "nfa_designated": false, "cctv_dist_m": 81.1, "cv_feasible": false, "width_src": "ngii1k", "width_disagree_m": 0.22, "road_name": "지호로", "seg_label": "지호로 19-22", "road_side": "1", "road_bt_m": 3.0, "in_emd": false, "light_count": 0, "unknown_reason": "no_cctv", "z": 27.1 }, "geometry": { "type": "LineString", "coordinates": [ [ 126.931393, 35.148438 ], [ 126.93139, 35.148434 ], [ 126.931357, 35.148391 ], [ 126.931356, 35.148234 ], [ 126.931342, 35.148155 ], [ 126.931331, 35.148096 ], [ 126.931338, 35.148069 ], [ 126.9314, 35.147923 ] ] } },
{ "type": "Feature", "properties": { "seg_uid": "DM-193770-283554-6ZG7", "seg_id": "DM01344", "seg_no": 13, "width_min_m": 11.04, "width_max_m": null, "verdict": "clear", "width_verified": false, "midpoint_fallback": false, "inherited": false, "route_usage": 0, "length_m": 13.4, "run_length_m": null, "nfa_designated": false, "cctv_dist_m": 82.1, "cv_feasible": false, "width_src": "ngii1k", "width_disagree_m": 3.25, "road_name": "지호로", "seg_label": "지호로 9-23", "road_side": "0", "road_bt_m": 12.0, "in_emd": false, "light_count": 0, "unknown_reason": null, "z": 27.4 }, "geometry": { "type": "LineString", "coordinates": [ [ 126.931567, 35.148369 ], [ 126.931699, 35.148317 ] ] } },
{ "type": "Feature", "properties": { "seg_uid": "DM-193776-283595-A5GM", "seg_id": "DM01345", "seg_no": 8, "width_min_m": 5.39, "width_max_m": null, "verdict": "needs_cv", "width_verified": false, "midpoint_fallback": false, "inherited": false, "route_usage": 1, "length_m": 78.9, "run_length_m": 130.8, "nfa_designated": true, "cctv_dist_m": 3.8, "cv_feasible": true, "width_src": "ngii1k", "width_disagree_m": 0.77, "road_name": "지산로57번길", "seg_label": "지산로57번길 9-21", "road_side": "1", "road_bt_m": 7.0, "in_emd": false, "light_count": 0, "unknown_reason": null, "z": 28.0 }, "geometry": { "type": "LineString", "coordinates": [ [ 126.931832, 35.149046 ], [ 126.931567, 35.148369 ] ] } },
{ "type": "Feature", "properties": { "seg_uid": "DM-193785-283547-6ZG7", "seg_id": "DM01346", "seg_no": 10, "width_min_m": 11.65, "width_max_m": null, "verdict": "clear", "width_verified": false, "midpoint_fallback": false, "inherited": false, "route_usage": 0, "length_m": 20.5, "run_length_m": null, "nfa_designated": false, "cctv_dist_m": 85.3, "cv_feasible": false, "width_src": "ngii1k", "width_disagree_m": 0.67, "road_name": "지호로", "seg_label": "지호로 23-25", "road_side": "0", "road_bt_m": 12.0, "in_emd": false, "light_count": 0, "unknown_reason": null, "z": 28.1 }, "geometry": { "type": "LineString", "coordinates": [ [ 126.931699, 35.148317 ], [ 126.931901, 35.148236 ] ] } },
{ "type": "Feature", "properties": { "seg_uid": "DM-193772-283542-6ZG7", "seg_id": "DM01347", "seg_no": 6, "width_min_m": 3.1, "width_max_m": null, "verdict": "unknown", "width_verified": false, "midpoint_fallback": false, "inherited": false, "route_usage": 0, "length_m": 21.0, "run_length_m": null, "nfa_designated": false, "cctv_dist_m": 85.3, "cv_feasible": false, "width_src": "ngii1k", "width_disagree_m": 0.77, "road_name": "지호로", "seg_label": "지호로 23-24", "road_side": "1", "road_bt_m": 4.0, "in_emd": false, "light_count": 0, "unknown_reason": "no_cctv", "z": 27.7 }, "geometry": { "type": "LineString", "coordinates": [ [ 126.931699, 35.148317 ], [ 126.931599, 35.148146 ] ] } },
{ "type": "Feature", "properties": { "seg_uid": "DM-193798-283541-6ZG7", "seg_id": "DM01348", "seg_no": 8, "width_min_m": 11.89, "width_max_m": null, "verdict": "clear", "width_verified": false, "midpoint_fallback": false, "inherited": false, "route_usage": 0, "length_m": 6.7, "run_length_m": null, "nfa_designated": false, "cctv_dist_m": 90.3, "cv_feasible": false, "width_src": "ngii1k", "width_disagree_m": 0.38, "road_name": "지호로", "seg_label": "지호로 25-29", "road_side": "0", "road_bt_m": 12.0, "in_emd": false, "light_count": 0, "unknown_reason": null, "z": 28.5 }, "geometry": { "type": "LineString", "coordinates": [ [ 126.931901, 35.148236 ], [ 126.931968, 35.14821 ] ] } },
{ "type": "Feature", "properties": { "seg_uid": "DM-193797-283552-6ZG7", "seg_id": "DM01349", "seg_no": 11, "width_min_m": 1.95, "width_max_m": null, "verdict": "blocked", "width_verified": false, "midpoint_fallback": false, "inherited": false, "route_usage": 0, "length_m": 18.7, "run_length_m": 18.7, "nfa_designated": false, "cctv_dist_m": 76.0, "cv_feasible": false, "width_src": "ngii1k", "width_disagree_m": 0.25, "road_name": "지호로", "seg_label": "지호로 25", "road_side": "1", "road_bt_m": 2.0, "in_emd": false, "light_count": 0, "unknown_reason": null, "z": 28.4 }, "geometry": { "type": "LineString", "coordinates": [ [ 126.931901, 35.148236 ], [ 126.931943, 35.148401 ] ] } },
{ "type": "Feature", "properties": { "seg_uid": "DM-193805-283537-6ZG7", "seg_id": "DM01350", "seg_no": 9, "width_min_m": 11.63, "width_max_m": null, "verdict": "clear", "width_verified": false, "midpoint_fallback": false, "inherited": false, "route_usage": 0, "length_m": 10.6, "run_length_m": null, "nfa_designated": false, "cctv_dist_m": 85.4, "cv_feasible": false, "width_src": "ngii1k", "width_disagree_m": 0.45, "road_name": "지호로", "seg_label": "지호로 25-29", "road_side": "0", "road_bt_m": 12.0, "in_emd": false, "light_count": 0, "unknown_reason": null, "z": 28.9 }, "geometry": { "type": "LineString", "coordinates": [ [ 126.931968, 35.14821 ], [ 126.932072, 35.148168 ] ] } },
{ "type": "Feature", "properties": { "seg_uid": "DM-193782-283507-OQSR", "seg_id": "DM01351", "seg_no": 25, "width_min_m": 4.88, "width_max_m": null, "verdict": "unknown", "width_verified": false, "midpoint_fallback": false, "inherited": false, "route_usage": 0, "length_m": 74.2, "run_length_m": null, "nfa_designated": false, "cctv_dist_m": 76.0, "cv_feasible": false, "width_src": "ngii1k", "width_disagree_m": 1.26, "road_name": "필문대로263번길", "seg_label": "필문대로263번길 25-31", "road_side": "1", "road_bt_m": 6.0, "in_emd": false, "light_count": 0, "unknown_reason": "no_cctv", "z": 28.5 }, "geometry": { "type": "LineString", "coordinates": [ [ 126.931568, 35.147627 ], [ 126.931597, 35.14767 ], [ 126.931968, 35.14821 ] ] } },
{ "type": "Feature", "properties": { "seg_uid": "DM-193818-283552-6ZG7", "seg_id": "DM01352", "seg_no": 12, "width_min_m": 1.77, "width_max_m": null, "verdict": "blocked", "width_verified": false, "midpoint_fallback": false, "inherited": false, "route_usage": 0, "length_m": 37.0, "run_length_m": 37.0, "nfa_designated": false, "cctv_dist_m": 60.7, "cv_feasible": false, "width_src": "ngii1k", "width_disagree_m": null, "road_name": "지호로", "seg_label": "지호로 27", "road_side": "1", "road_bt_m": 2.0, "in_emd": false, "light_count": 0, "unknown_reason": null, "z": 29.3 }, "geometry": { "type": "LineString", "coordinates": [ [ 126.932072, 35.148168 ], [ 126.932109, 35.148254 ], [ 126.932126, 35.148276 ], [ 126.932163, 35.148322 ], [ 126.932221, 35.14838 ], [ 126.932131, 35.148426 ] ] } },
{ "type": "Feature", "properties": { "seg_uid": "DM-193832-283525-6ZG7", "seg_id": "DM01353", "seg_no": 5, "width_min_m": 11.67, "width_max_m": null, "verdict": "clear", "width_verified": false, "midpoint_fallback": false, "inherited": false, "route_usage": 0, "length_m": 48.4, "run_length_m": null, "nfa_designated": false, "cctv_dist_m": 68.9, "cv_feasible": false, "width_src": "ngii1k", "width_disagree_m": 0.61, "road_name": "지호로", "seg_label": "지호로 27-47", "road_side": "0", "road_bt_m": 12.0, "in_emd": false, "light_count": 0, "unknown_reason": null, "z": 29.6 }, "geometry": { "type": "LineString", "coordinates": [ [ 126.932509, 35.148088 ], [ 126.932459, 35.148015 ], [ 126.932414, 35.148033 ], [ 126.932072, 35.148168 ] ] } },
{ "type": "Feature", "properties": { "seg_uid": "DM-193816-283513-6ZG7", "seg_id": "DM01354", "seg_no": 3, "width_min_m": 2.04, "width_max_m": null, "verdict": "unknown", "width_verified": false, "midpoint_fallback": false, "inherited": false, "route_usage": 0, "length_m": 52.3, "run_length_m": null, "nfa_designated": false, "cctv_dist_m": 78.0, "cv_feasible": false, "width_src": "ngii1k", "width_disagree_m": 0.31, "road_name": "지호로", "seg_label": "지호로 31-32", "road_side": "1", "road_bt_m": 3.0, "in_emd": false, "light_count": 0, "unknown_reason": "no_cctv", "z": 29.3 }, "geometry": { "type": "LineString", "coordinates": [ [ 126.932414, 35.148033 ], [ 126.932342, 35.14801 ], [ 126.931856, 35.147924 ] ] } },
{ "type": "Feature", "properties": { "seg_uid": "DM-193871-283515-6ZG7", "seg_id": "DM01355", "seg_no": 4, "width_min_m": 11.18, "width_max_m": null, "verdict": "clear", "width_verified": false, "midpoint_fallback": false, "inherited": false, "route_usage": 0, "length_m": 49.6, "run_length_m": null, "nfa_designated": false, "cctv_dist_m": 50.2, "cv_feasible": false, "width_src": "ngii1k", "width_disagree_m": 0.64, "road_name": "지호로", "seg_label": "지호로 31-47", "road_side": "0", "road_bt_m": 12.0, "in_emd": false, "light_count": 0, "unknown_reason": null, "z": 30.6 }, "geometry": { "type": "LineString", "coordinates": [ [ 126.932509, 35.148088 ], [ 126.932514, 35.148094 ], [ 126.932683, 35.148013 ], [ 126.932972, 35.147875 ], [ 126.932976, 35.147873 ] ] } },
{ "type": "Feature", "properties": { "seg_uid": "DM-193834-283494-S9D5", "seg_id": "DM01356", "seg_no": 6, "width_min_m": 9.21, "width_max_m": null, "verdict": "clear", "width_verified": false, "midpoint_fallback": false, "inherited": false, "route_usage": 16, "length_m": 72.3, "run_length_m": null, "nfa_designated": false, "cctv_dist_m": 53.6, "cv_feasible": false, "width_src": "ngii1k", "width_disagree_m": null, "road_name": "지산로", "seg_label": "지산로 31-47", "road_side": "0", "road_bt_m": 10.0, "in_emd": false, "light_count": 0, "unknown_reason": null, "z": 29.6 }, "geometry": { "type": "LineString", "coordinates": [ [ 126.932156, 35.147504 ], [ 126.932509, 35.148088 ] ] } },
{ "type": "Feature", "properties": { "seg_uid": "DM-193966-283492-6ZG7", "seg_id": "DM01357", "seg_no": 2, "width_min_m": 10.91, "width_max_m": null, "verdict": "clear", "width_verified": false, "midpoint_fallback": false, "inherited": false, "route_usage": 0, "length_m": 149.0, "run_length_m": null, "nfa_designated": false, "cctv_dist_m": 13.2, "cv_feasible": true, "width_src": "ngii1k", "width_disagree_m": null, "road_name": "지호로", "seg_label": "지호로 19-51", "road_side": "0", "road_bt_m": 12.0, "in_emd": false, "light_count": 0, "unknown_reason": null, "z": 33.6 }, "geometry": { "type": "LineString", "coordinates": [ [ 126.932976, 35.147873 ], [ 126.933028, 35.147848 ], [ 126.933034, 35.147847 ], [ 126.933267, 35.147808 ], [ 126.933333, 35.147797 ], [ 126.933426, 35.147793 ], [ 126.934047, 35.14777 ], [ 126.934047, 35.14777 ], [ 126.934597, 35.14777 ] ] } },
{ "type": "Feature", "properties": { "seg_uid": "DM-193875-283472-6ZG7", "seg_id": "DM01358", "seg_no": 1, "width_min_m": 0.82, "width_max_m": null, "verdict": "blocked", "width_verified": false, "midpoint_fallback": false, "inherited": false, "route_usage": 0, "length_m": 70.4, "run_length_m": 70.4, "nfa_designated": false, "cctv_dist_m": 50.2, "cv_feasible": false, "width_src": "ngii1k", "width_disagree_m": 0.48, "road_name": "지호로", "seg_label": "지호로 37-38", "road_side": "1", "road_bt_m": 2.0, "in_emd": false, "light_count": 0, "unknown_reason": null, "z": 30.8 }, "geometry": { "type": "LineString", "coordinates": [ [ 126.932976, 35.147873 ], [ 126.932939, 35.147824 ], [ 126.932937, 35.147821 ], [ 126.932888, 35.147763 ], [ 126.932846, 35.147701 ], [ 126.932799, 35.147621 ], [ 126.93277, 35.147568 ], [ 126.93277, 35.147567 ], [ 126.932735, 35.147609 ], [ 126.932687, 35.147673 ], [ 126.932658, 35.147702 ], [ 126.932648, 35.147724 ], [ 126.932649, 35.147747 ], [ 126.932661, 35.14777 ], [ 126.932696, 35.14781 ] ] } },
{ "type": "Feature", "properties": { "seg_uid": "DM-193737-283303-S9D5", "seg_id": "DM01405", "seg_no": 1, "width_min_m": 9.69, "width_max_m": null, "verdict": "clear", "width_verified": false, "midpoint_fallback": false, "inherited": false, "route_usage": 0, "length_m": 146.3, "run_length_m": null, "nfa_designated": false, "cctv_dist_m": 52.7, "cv_feasible": false, "width_src": "ngii1k", "width_disagree_m": null, "road_name": "지산로", "seg_label": "지산로 15-33", "road_side": "0", "road_bt_m": 10.0, "in_emd": false, "light_count": 0, "unknown_reason": null, "z": 30.0 }, "geometry": { "type": "LineString", "coordinates": [ [ 126.930897, 35.145495 ], [ 126.931625, 35.146621 ], [ 126.931641, 35.146653 ], [ 126.931646, 35.146661 ] ] } },
{ "type": "Feature", "properties": { "seg_uid": "DM-193785-283395-S9D5", "seg_id": "DM01407", "seg_no": 3, "width_min_m": 8.75, "width_max_m": null, "verdict": "clear", "width_verified": false, "midpoint_fallback": false, "inherited": false, "route_usage": 0, "length_m": 60.5, "run_length_m": null, "nfa_designated": false, "cctv_dist_m": 9.9, "cv_feasible": true, "width_src": "ngii1k", "width_disagree_m": 0.24, "road_name": "지산로", "seg_label": "지산로 29-37", "road_side": "0", "road_bt_m": 10.0, "in_emd": false, "light_count": 0, "unknown_reason": null, "z": 30.5 }, "geometry": { "type": "LineString", "coordinates": [ [ 126.931646, 35.146661 ], [ 126.931655, 35.146676 ], [ 126.931821, 35.14695 ], [ 126.931941, 35.147149 ] ] } },
{ "type": "Feature", "properties": { "seg_uid": "DM-193768-283380-S9D5", "seg_id": "DM01408", "seg_no": 2, "width_min_m": 4.06, "width_max_m": null, "verdict": "unknown", "width_verified": false, "midpoint_fallback": false, "inherited": false, "route_usage": 0, "length_m": 24.3, "run_length_m": null, "nfa_designated": false, "cctv_dist_m": 42.4, "cv_feasible": false, "width_src": "ngii1k", "width_disagree_m": 1.28, "road_name": "지산로", "seg_label": "지산로 29-31", "road_side": "1", "road_bt_m": 2.0, "in_emd": false, "light_count": 0, "unknown_reason": "no_cctv", "z": 30.6 }, "geometry": { "type": "LineString", "coordinates": [ [ 126.931646, 35.146661 ], [ 126.931577, 35.146873 ] ] } },
{ "type": "Feature", "properties": { "seg_uid": "DM-193799-283424-S9D5", "seg_id": "DM01409", "seg_no": 4, "width_min_m": 13.8, "width_max_m": null, "verdict": "needs_cv", "width_verified": false, "midpoint_fallback": false, "inherited": false, "route_usage": 16, "length_m": 4.5, "run_length_m": 79.8, "nfa_designated": false, "cctv_dist_m": 13.2, "cv_feasible": true, "width_src": "ngii1k", "width_disagree_m": 2.62, "road_name": "지산로", "seg_label": "지산로 1-37", "road_side": "0", "road_bt_m": 10.0, "in_emd": false, "light_count": 0, "unknown_reason": null, "z": 30.2 }, "geometry": { "type": "LineString", "coordinates": [ [ 126.931941, 35.147149 ], [ 126.931942, 35.14715 ], [ 126.931963, 35.147185 ] ] } },
{ "type": "Feature", "properties": { "seg_uid": "DM-193782-283420-OQSR", "seg_id": "DM01410", "seg_no": 3, "width_min_m": 3.84, "width_max_m": null, "verdict": "needs_cv", "width_verified": false, "midpoint_fallback": false, "inherited": false, "route_usage": 16, "length_m": 33.1, "run_length_m": 79.8, "nfa_designated": false, "cctv_dist_m": 13.2, "cv_feasible": true, "width_src": "ngii1k", "width_disagree_m": 1.03, "road_name": "필문대로263번길", "seg_label": "필문대로263번길 31-37", "road_side": "0", "road_bt_m": 6.0, "in_emd": false, "light_count": 0, "unknown_reason": null, "z": 29.9 }, "geometry": { "type": "LineString", "coordinates": [ [ 126.931579, 35.147132 ], [ 126.931704, 35.14713 ], [ 126.93182, 35.147137 ], [ 126.931941, 35.147149 ] ] } },
{ "type": "Feature", "properties": { "seg_uid": "DM-193809-283444-S9D5", "seg_id": "DM01411", "seg_no": 5, "width_min_m": 9.34, "width_max_m": null, "verdict": "clear", "width_verified": false, "midpoint_fallback": false, "inherited": false, "route_usage": 16, "length_m": 39.5, "run_length_m": null, "nfa_designated": false, "cctv_dist_m": 16.5, "cv_feasible": true, "width_src": "ngii1k", "width_disagree_m": 0.34, "road_name": "지산로", "seg_label": "지산로 1-41", "road_side": "0", "road_bt_m": 10.0, "in_emd": false, "light_count": 0, "unknown_reason": null, "z": 29.9 }, "geometry": { "type": "LineString", "coordinates": [ [ 126.931963, 35.147185 ], [ 126.931963, 35.147185 ], [ 126.932156, 35.147504 ] ] } },
{ "type": "Feature", "properties": { "seg_uid": "DM-193821-283425-RH2F", "seg_id": "DM01412", "seg_no": 2, "width_min_m": 4.9, "width_max_m": null, "verdict": "needs_cv", "width_verified": false, "midpoint_fallback": false, "inherited": false, "route_usage": 0, "length_m": 42.2, "run_length_m": 79.8, "nfa_designated": false, "cctv_dist_m": 14.7, "cv_feasible": true, "width_src": "ngii1k", "width_disagree_m": 1.03, "road_name": "지산로38번길", "seg_label": "지산로38번길 1-37", "road_side": "0", "road_bt_m": 6.0, "in_emd": false, "light_count": 0, "unknown_reason": null, "z": 30.4 }, "geometry": { "type": "LineString", "coordinates": [ [ 126.931963, 35.147185 ], [ 126.932031, 35.147169 ], [ 126.932114, 35.147171 ], [ 126.932235, 35.147177 ], [ 126.932343, 35.147169 ], [ 126.932421, 35.147158 ] ] } },
{ "type": "Feature", "properties": { "seg_uid": "DM-193804-283466-S9D5", "seg_id": "DM01413", "seg_no": 7, "width_min_m": 2.0, "width_max_m": null, "verdict": "unknown", "width_verified": false, "midpoint_fallback": false, "inherited": false, "route_usage": 0, "length_m": 28.5, "run_length_m": null, "nfa_designated": false, "cctv_dist_m": 53.6, "cv_feasible": false, "width_src": "ngii1k", "width_disagree_m": 0.43, "road_name": "지산로", "seg_label": "지산로 41", "road_side": "1", "road_bt_m": 4.0, "in_emd": false, "light_count": 0, "unknown_reason": "no_cctv", "z": 29.4 }, "geometry": { "type": "LineString", "coordinates": [ [ 126.932156, 35.147504 ], [ 126.931983, 35.147549 ], [ 126.931853, 35.147565 ] ] } },
{ "type": "Feature", "properties": { "seg_uid": "DM-193854-283537-S9D5", "seg_id": "DM01414", "seg_no": 8, "width_min_m": 10.1, "width_max_m": null, "verdict": "clear", "width_verified": false, "midpoint_fallback": false, "inherited": false, "route_usage": 16, "length_m": 22.7, "run_length_m": null, "nfa_designated": false, "cctv_dist_m": 46.3, "cv_feasible": false, "width_src": "ngii1k", "width_disagree_m": 0.34, "road_name": "지산로", "seg_label": "지산로 31-51", "road_side": "0", "road_bt_m": 10.0, "in_emd": false, "light_count": 0, "unknown_reason": null, "z": 30.5 }, "geometry": { "type": "LineString", "coordinates": [ [ 126.932592, 35.14828 ], [ 126.93259, 35.148275 ], [ 126.93258, 35.148252 ], [ 126.932519, 35.148103 ], [ 126.932509, 35.148088 ] ] } },
{ "type": "Feature", "properties": { "seg_uid": "DM-193898-283533-MCOP", "seg_id": "DM01415", "seg_no": 1, "width_min_m": 1.71, "width_max_m": null, "verdict": "needs_cv", "width_verified": false, "midpoint_fallback": false, "inherited": false, "route_usage": 0, "length_m": 87.8, "run_length_m": 87.8, "nfa_designated": false, "cctv_dist_m": 10.0, "cv_feasible": true, "width_src": "ngii1k", "width_disagree_m": 1.29, "road_name": "지산로52번길", "seg_label": "지산로52번길 1-49", "road_side": "0", "road_bt_m": 3.0, "in_emd": false, "light_count": 0, "unknown_reason": null, "z": 32.1 }, "geometry": { "type": "LineString", "coordinates": [ [ 126.93258, 35.148252 ], [ 126.932621, 35.148227 ], [ 126.93269, 35.148187 ], [ 126.932781, 35.148186 ], [ 126.93288, 35.148181 ], [ 126.932978, 35.148164 ], [ 126.933061, 35.148141 ], [ 126.933182, 35.148102 ], [ 126.933304, 35.14806 ], [ 126.933459, 35.148027 ], [ 126.933486, 35.148021 ] ] } },
{ "type": "Feature", "properties": { "seg_uid": "DM-193846-283554-S9D5", "seg_id": "DM01416", "seg_no": 9, "width_min_m": 1.75, "width_max_m": null, "verdict": "unknown", "width_verified": false, "midpoint_fallback": false, "inherited": false, "route_usage": 0, "length_m": 26.7, "run_length_m": null, "nfa_designated": false, "cctv_dist_m": 41.2, "cv_feasible": false, "width_src": "ngii1k", "width_disagree_m": null, "road_name": "지산로", "seg_label": "지산로 49-51", "road_side": "1", "road_bt_m": 3.0, "in_emd": false, "light_count": 0, "unknown_reason": "no_cctv", "z": 30.2 }, "geometry": { "type": "LineString", "coordinates": [ [ 126.932592, 35.14828 ], [ 126.932549, 35.148284 ], [ 126.932422, 35.148363 ], [ 126.932433, 35.148437 ] ] } },
{ "type": "Feature", "properties": { "seg_uid": "DM-193867-283575-S9D5", "seg_id": "DM01417", "seg_no": 10, "width_min_m": 8.61, "width_max_m": null, "verdict": "clear", "width_verified": false, "midpoint_fallback": false, "inherited": false, "route_usage": 16, "length_m": 58.6, "run_length_m": null, "nfa_designated": false, "cctv_dist_m": 3.4, "cv_feasible": true, "width_src": "ngii1k", "width_disagree_m": 0.93, "road_name": "지산로", "seg_label": "지산로 49-57", "road_side": "0", "road_bt_m": 10.0, "in_emd": false, "light_count": 0, "unknown_reason": null, "z": 31.4 }, "geometry": { "type": "LineString", "coordinates": [ [ 126.932798, 35.14878 ], [ 126.93279, 35.14876 ], [ 126.932785, 35.148749 ], [ 126.932604, 35.148311 ], [ 126.932594, 35.148285 ], [ 126.932592, 35.14828 ] ] } },
{ "type": "Feature", "properties": { "seg_uid": "DM-193896-283590-PKWM", "seg_id": "DM01418", "seg_no": 5, "width_min_m": 4.1, "width_max_m": null, "verdict": "needs_cv", "width_verified": false, "midpoint_fallback": false, "inherited": false, "route_usage": 0, "length_m": 45.9, "run_length_m": 45.9, "nfa_designated": false, "cctv_dist_m": 8.4, "cv_feasible": true, "width_src": "ngii1k", "width_disagree_m": 0.94, "road_name": "지산로56번길", "seg_label": "지산로56번길 1-55", "road_side": "0", "road_bt_m": 5.0, "in_emd": false, "light_count": 0, "unknown_reason": null, "z": 33.0 }, "geometry": { "type": "LineString", "coordinates": [ [ 126.932785, 35.148749 ], [ 126.932831, 35.148732 ], [ 126.933228, 35.148584 ], [ 126.933244, 35.148578 ] ] } },
{ "type": "Feature", "properties": { "seg_uid": "DM-193879-283609-S9D5", "seg_id": "DM01419", "seg_no": 11, "width_min_m": 9.68, "width_max_m": null, "verdict": "clear", "width_verified": false, "midpoint_fallback": false, "inherited": false, "route_usage": 16, "length_m": 13.4, "run_length_m": null, "nfa_designated": false, "cctv_dist_m": 12.9, "cv_feasible": true, "width_src": "ngii1k", "width_disagree_m": 0.61, "road_name": "지산로", "seg_label": "지산로 1-57", "road_side": "0", "road_bt_m": 10.0, "in_emd": false, "light_count": 0, "unknown_reason": null, "z": 32.5 }, "geometry": { "type": "LineString", "coordinates": [ [ 126.932798, 35.14878 ], [ 126.932801, 35.148787 ], [ 126.932846, 35.148895 ] ] } },
{ "type": "Feature", "properties": { "seg_uid": "DM-193863-283605-S9D5", "seg_id": "DM01420", "seg_no": 12, "width_min_m": 1.22, "width_max_m": null, "verdict": "needs_cv", "width_verified": false, "midpoint_fallback": false, "inherited": false, "route_usage": 0, "length_m": 28.3, "run_length_m": 28.3, "nfa_designated": false, "cctv_dist_m": 12.9, "cv_feasible": true, "width_src": "ngii1k", "width_disagree_m": 0.06, "road_name": "지산로", "seg_label": "지산로 55-57", "road_side": "1", "road_bt_m": 3.0, "in_emd": false, "light_count": 0, "unknown_reason": null, "z": 31.9 }, "geometry": { "type": "LineString", "coordinates": [ [ 126.932798, 35.14878 ], [ 126.93274, 35.148778 ], [ 126.932617, 35.148811 ], [ 126.932494, 35.148812 ] ] } },
{ "type": "Feature", "properties": { "seg_uid": "DM-193888-283638-S9D5", "seg_id": "DM01421", "seg_no": 13, "width_min_m": 9.91, "width_max_m": null, "verdict": "clear", "width_verified": false, "midpoint_fallback": false, "inherited": false, "route_usage": 17, "length_m": 46.3, "run_length_m": null, "nfa_designated": false, "cctv_dist_m": 26.1, "cv_feasible": false, "width_src": "ngii1k", "width_disagree_m": 0.26, "road_name": "지산로", "seg_label": "지산로 1-62", "road_side": "0", "road_bt_m": 10.0, "in_emd": false, "light_count": 0, "unknown_reason": null, "z": 33.3 }, "geometry": { "type": "LineString", "coordinates": [ [ 126.932846, 35.148895 ], [ 126.932848, 35.148901 ], [ 126.93286, 35.148929 ], [ 126.932901, 35.149028 ], [ 126.932906, 35.149042 ], [ 126.932992, 35.149294 ] ] } },
{ "type": "Feature", "properties": { "seg_uid": "DM-193854-283620-A5GM", "seg_id": "DM01422", "seg_no": 4, "width_min_m": 4.4, "width_max_m": null, "verdict": "unknown", "width_verified": false, "midpoint_fallback": false, "inherited": false, "route_usage": 1, "length_m": 53.3, "run_length_m": null, "nfa_designated": false, "cctv_dist_m": 26.1, "cv_feasible": false, "width_src": "ngii1k", "width_disagree_m": 0.76, "road_name": "지산로57번길", "seg_label": "지산로57번길 1-57", "road_side": "0", "road_bt_m": 8.0, "in_emd": false, "light_count": 0, "unknown_reason": "no_cctv", "z": 32.0 }, "geometry": { "type": "LineString", "coordinates": [ [ 126.932846, 35.148895 ], [ 126.93272, 35.148908 ], [ 126.932505, 35.148943 ], [ 126.932327, 35.148973 ], [ 126.93227, 35.14898 ] ] } },
{ "type": "Feature", "properties": { "seg_uid": "DM-193911-283658-S9D5", "seg_id": "DM01423", "seg_no": 14, "width_min_m": 0.89, "width_max_m": null, "verdict": "blocked", "width_verified": false, "midpoint_fallback": false, "inherited": false, "route_usage": 0, "length_m": 34.5, "run_length_m": 34.5, "nfa_designated": false, "cctv_dist_m": 72.3, "cv_feasible": false, "width_src": "ngii1k", "width_disagree_m": 0.54, "road_name": "지산로", "seg_label": "지산로 61-62", "road_side": "1", "road_bt_m": 2.0, "in_emd": false, "light_count": 0, "unknown_reason": null, "z": 34.4 }, "geometry": { "type": "LineString", "coordinates": [ [ 126.932992, 35.149294 ], [ 126.933144, 35.14928 ], [ 126.933341, 35.149252 ], [ 126.933366, 35.149247 ] ] } },
{ "type": "Feature", "properties": { "seg_uid": "DM-193897-283672-S9D5", "seg_id": "DM01424", "seg_no": 15, "width_min_m": 9.65, "width_max_m": null, "verdict": "clear", "width_verified": false, "midpoint_fallback": false, "inherited": false, "route_usage": 158, "length_m": 24.3, "run_length_m": null, "nfa_designated": false, "cctv_dist_m": 72.3, "cv_feasible": false, "width_src": "ngii1k", "width_disagree_m": 0.41, "road_name": "지산로", "seg_label": "지산로 1-65", "road_side": "0", "road_bt_m": 10.0, "in_emd": false, "light_count": 0, "unknown_reason": null, "z": 34.2 }, "geometry": { "type": "LineString", "coordinates": [ [ 126.933072, 35.149503 ], [ 126.933071, 35.149497 ], [ 126.93304, 35.149434 ], [ 126.933038, 35.149429 ], [ 126.933035, 35.149421 ], [ 126.932992, 35.149294 ] ] } },
{ "type": "Feature", "properties": { "seg_uid": "DM-193883-283676-1QHK", "seg_id": "DM01425", "seg_no": 2, "width_min_m": 3.88, "width_max_m": null, "verdict": "unknown", "width_verified": false, "midpoint_fallback": false, "inherited": false, "route_usage": 141, "length_m": 31.1, "run_length_m": null, "nfa_designated": false, "cctv_dist_m": 86.0, "cv_feasible": false, "width_src": "ngii1k", "width_disagree_m": 0.38, "road_name": "지산로63번길", "seg_label": "지산로63번길 1-63", "road_side": "0", "road_bt_m": 4.0, "in_emd": false, "light_count": 0, "unknown_reason": "no_cctv", "z": 34.1 }, "geometry": { "type": "LineString", "coordinates": [ [ 126.933035, 35.149421 ], [ 126.93289, 35.149435 ], [ 126.932696, 35.149451 ] ] } },
{ "type": "Feature", "properties": { "seg_uid": "DM-193905-283717-S9D5", "seg_id": "DM01426", "seg_no": 16, "width_min_m": 9.91, "width_max_m": null, "verdict": "clear", "width_verified": false, "midpoint_fallback": false, "inherited": false, "route_usage": 0, "length_m": 67.7, "run_length_m": null, "nfa_designated": false, "cctv_dist_m": 62.7, "cv_feasible": false, "width_src": "ngii1k", "width_disagree_m": 0.07, "road_name": "지산로", "seg_label": "지산로 1-71", "road_side": "0", "road_bt_m": 10.0, "in_emd": false, "light_count": 0, "unknown_reason": null, "z": 35.1 }, "geometry": { "type": "LineString", "coordinates": [ [ 126.933072, 35.149503 ], [ 126.933125, 35.149863 ], [ 126.933125, 35.15011 ] ] } },
{ "type": "Feature", "properties": { "seg_uid": "DM-193914-283682-HJS3", "seg_id": "DM01427", "seg_no": 11, "width_min_m": 18.17, "width_max_m": null, "verdict": "clear", "width_verified": false, "midpoint_fallback": false, "inherited": false, "route_usage": 158, "length_m": 26.2, "run_length_m": null, "nfa_designated": false, "cctv_dist_m": 96.5, "cv_feasible": false, "width_src": "ngii1k", "width_disagree_m": 0.66, "road_name": "준법로", "seg_label": "준법로 1-65", "road_side": "0", "road_bt_m": 20.0, "in_emd": false, "light_count": 0, "unknown_reason": null, "z": 34.7 }, "geometry": { "type": "LineString", "coordinates": [ [ 126.933072, 35.149503 ], [ 126.933359, 35.149485 ] ] } },
{ "type": "Feature", "properties": { "seg_uid": "DM-193907-283760-S9D5", "seg_id": "DM01428", "seg_no": 18, "width_min_m": 9.82, "width_max_m": null, "verdict": "clear", "width_verified": false, "midpoint_fallback": false, "inherited": false, "route_usage": 0, "length_m": 19.8, "run_length_m": null, "nfa_designated": false, "cctv_dist_m": 43.1, "cv_feasible": false, "width_src": "ngii1k", "width_disagree_m": 0.06, "road_name": "지산로", "seg_label": "지산로 71-73", "road_side": "0", "road_bt_m": 10.0, "in_emd": false, "light_count": 0, "unknown_reason": null, "z": 35.7 }, "geometry": { "type": "LineString", "coordinates": [ [ 126.933125, 35.15011 ], [ 126.933125, 35.150132 ], [ 126.933143, 35.150288 ] ] } },
{ "type": "Feature", "properties": { "seg_uid": "DM-193884-283751-S9D5", "seg_id": "DM01429", "seg_no": 17, "width_min_m": 1.54, "width_max_m": null, "verdict": "unknown", "width_verified": false, "midpoint_fallback": false, "inherited": false, "route_usage": 0, "length_m": 43.8, "run_length_m": null, "nfa_designated": false, "cctv_dist_m": 62.6, "cv_feasible": false, "width_src": "silpok", "width_disagree_m": null, "road_name": "지산로", "seg_label": "지산로 71", "road_side": "1", "road_bt_m": 3.0, "in_emd": false, "light_count": 0, "unknown_reason": "no_cctv", "z": 35.2 }, "geometry": { "type": "LineString", "coordinates": [ [ 126.933125, 35.15011 ], [ 126.932879, 35.150114 ], [ 126.932875, 35.150114 ], [ 126.932877, 35.149925 ] ] } },
{ "type": "Feature", "properties": { "seg_uid": "DM-193908-283794-S9D5", "seg_id": "DM01430", "seg_no": 21, "width_min_m": 21.13, "width_max_m": null, "verdict": "clear", "width_verified": false, "midpoint_fallback": false, "inherited": false, "route_usage": 107, "length_m": 48.5, "run_length_m": null, "nfa_designated": false, "cctv_dist_m": 3.1, "cv_feasible": true, "width_src": "ngii1k", "width_disagree_m": 4.68, "road_name": "지산로", "seg_label": "지산로 1-115", "road_side": "0", "road_bt_m": 10.0, "in_emd": false, "light_count": 5, "unknown_reason": null, "z": 34.4 }, "geometry": { "type": "LineString", "coordinates": [ [ 126.933143, 35.150288 ], [ 126.933144, 35.150299 ], [ 126.933134, 35.150725 ] ] } },
{ "type": "Feature", "properties": { "seg_uid": "DM-193922-283769-S9D5", "seg_id": "DM01431", "seg_no": 20, "width_min_m": 7.45, "width_max_m": null, "verdict": "clear", "width_verified": false, "midpoint_fallback": false, "inherited": false, "route_usage": 107, "length_m": 29.2, "run_length_m": null, "nfa_designated": false, "cctv_dist_m": 43.1, "cv_feasible": false, "width_src": "ngii1k", "width_disagree_m": 7.12, "road_name": "지산로", "seg_label": "지산로 3-74", "road_side": "1", "road_bt_m": 6.0, "in_emd": false, "light_count": 0, "unknown_reason": null, "z": 35.4 }, "geometry": { "type": "LineString", "coordinates": [ [ 126.933143, 35.150288 ], [ 126.933463, 35.150268 ] ] } },
{ "type": "Feature", "properties": { "seg_uid": "DM-193907-283829-S9D5", "seg_id": "DM01432", "seg_no": 24, "width_min_m": 9.75, "width_max_m": null, "verdict": "clear", "width_verified": false, "midpoint_fallback": false, "inherited": false, "route_usage": 0, "length_m": 21.3, "run_length_m": null, "nfa_designated": false, "cctv_dist_m": 6.3, "cv_feasible": true, "width_src": "ngii1k", "width_disagree_m": 33.93, "road_name": "지산로", "seg_label": "지산로 1-115", "road_side": "0", "road_bt_m": 10.0, "in_emd": false, "light_count": 5, "unknown_reason": null, "z": 33.0 }, "geometry": { "type": "LineString", "coordinates": [ [ 126.933134, 35.150725 ], [ 126.93313, 35.150915 ], [ 126.93313, 35.150917 ] ] } },
{ "type": "Feature", "properties": { "seg_uid": "DM-193940-283817-874B", "seg_id": "DM01433", "seg_no": 2, "width_min_m": 6.77, "width_max_m": null, "verdict": "needs_cv", "width_verified": false, "midpoint_fallback": false, "inherited": false, "route_usage": 0, "length_m": 65.4, "run_length_m": 65.4, "nfa_designated": false, "cctv_dist_m": 6.3, "cv_feasible": true, "width_src": "ngii1k", "width_disagree_m": 0.9, "road_name": "지산로78번길", "seg_label": "지산로78번길 1-115", "road_side": "0", "road_bt_m": 8.0, "in_emd": false, "light_count": 5, "unknown_reason": null, "z": 33.8 }, "geometry": { "type": "LineString", "coordinates": [ [ 126.933134, 35.150725 ], [ 126.933162, 35.150722 ], [ 126.933851, 35.150706 ] ] } },
{ "type": "Feature", "properties": { "seg_uid": "DM-193897-283819-6Z8Q", "seg_id": "DM01434", "seg_no": 13, "width_min_m": 18.95, "width_max_m": null, "verdict": "clear", "width_verified": false, "midpoint_fallback": false, "inherited": false, "route_usage": 107, "length_m": 19.5, "run_length_m": null, "nfa_designated": false, "cctv_dist_m": 5.7, "cv_feasible": true, "width_src": "ngii1k", "width_disagree_m": 0.49, "road_name": "동명로", "seg_label": "동명로 1-115", "road_side": "0", "road_bt_m": 20.0, "in_emd": false, "light_count": 5, "unknown_reason": null, "z": 33.4 }, "geometry": { "type": "LineString", "coordinates": [ [ 126.932921, 35.150738 ], [ 126.933134, 35.150725 ] ] } },
{ "type": "Feature", "properties": { "seg_uid": "DM-193906-283857-S9D5", "seg_id": "DM01435", "seg_no": 26, "width_min_m": 9.69, "width_max_m": null, "verdict": "clear", "width_verified": false, "midpoint_fallback": false, "inherited": false, "route_usage": 0, "length_m": 35.1, "run_length_m": null, "nfa_designated": false, "cctv_dist_m": 23.4, "cv_feasible": true, "width_src": "ngii1k", "width_disagree_m": 0.23, "road_name": "지산로", "seg_label": "지산로 79-83", "road_side": "0", "road_bt_m": 10.0, "in_emd": false, "light_count": 5, "unknown_reason": null, "z": 31.5 }, "geometry": { "type": "LineString", "coordinates": [ [ 126.93313, 35.150917 ], [ 126.933122, 35.151222 ], [ 126.933122, 35.151233 ] ] } },
{ "type": "Feature", "properties": { "seg_uid": "DM-193923-283838-S9D5", "seg_id": "DM01436", "seg_no": 23, "width_min_m": 2.92, "width_max_m": null, "verdict": "unknown", "width_verified": false, "midpoint_fallback": false, "inherited": false, "route_usage": 0, "length_m": 32.8, "run_length_m": null, "nfa_designated": false, "cctv_dist_m": 27.0, "cv_feasible": false, "width_src": "ngii1k", "width_disagree_m": 0.58, "road_name": "지산로", "seg_label": "지산로 79-82", "road_side": "1", "road_bt_m": 3.0, "in_emd": false, "light_count": 5, "unknown_reason": "no_cctv", "z": 32.7 }, "geometry": { "type": "LineString", "coordinates": [ [ 126.93313, 35.150917 ], [ 126.933219, 35.150909 ], [ 126.933279, 35.150903 ], [ 126.933488, 35.150889 ] ] } },
{ "type": "Feature", "properties": { "seg_uid": "DM-193906-283882-S9D5", "seg_id": "DM01437", "seg_no": 30, "width_min_m": 9.8, "width_max_m": null, "verdict": "clear", "width_verified": false, "midpoint_fallback": false, "inherited": false, "route_usage": 0, "length_m": 13.4, "run_length_m": null, "nfa_designated": false, "cctv_dist_m": 23.4, "cv_feasible": true, "width_src": "ngii1k", "width_disagree_m": 0.09, "road_name": "지산로", "seg_label": "지산로 83-85", "road_side": "0", "road_bt_m": 10.0, "in_emd": false, "light_count": 0, "unknown_reason": null, "z": 30.0 }, "geometry": { "type": "LineString", "coordinates": [ [ 126.933122, 35.151233 ], [ 126.933119, 35.151353 ] ] } },
{ "type": "Feature", "properties": { "seg_uid": "DM-193880-283877-S9D5", "seg_id": "DM01438", "seg_no": 27, "width_min_m": 0.83, "width_max_m": null, "verdict": "blocked", "width_verified": false, "midpoint_fallback": false, "inherited": false, "route_usage": 0, "length_m": 52.5, "run_length_m": 52.5, "nfa_designated": false, "cctv_dist_m": 23.4, "cv_feasible": true, "width_src": "ngii1k", "width_disagree_m": 0.37, "road_name": "지산로", "seg_label": "지산로 83", "road_side": "1", "road_bt_m": 2.0, "in_emd": false, "light_count": 0, "unknown_reason": null, "z": 29.9 }, "geometry": { "type": "LineString", "coordinates": [ [ 126.933122, 35.151233 ], [ 126.93306, 35.151235 ], [ 126.932962, 35.151238 ], [ 126.932826, 35.151247 ], [ 126.932585, 35.151264 ], [ 126.932547, 35.151266 ] ] } },
{ "type": "Feature", "properties": { "seg_uid": "DM-193905-283924-S9D5", "seg_id": "DM01439", "seg_no": 31, "width_min_m": 9.62, "width_max_m": null, "verdict": "clear", "width_verified": false, "midpoint_fallback": false, "inherited": false, "route_usage": 0, "length_m": 71.2, "run_length_m": null, "nfa_designated": false, "cctv_dist_m": 7.5, "cv_feasible": true, "width_src": "ngii1k", "width_disagree_m": 0.72, "road_name": "지산로", "seg_label": "지산로 1-93", "road_side": "0", "road_bt_m": 10.0, "in_emd": false, "light_count": 0, "unknown_reason": null, "z": 27.1 }, "geometry": { "type": "LineString", "coordinates": [ [ 126.933119, 35.151353 ], [ 126.933119, 35.151387 ], [ 126.933118, 35.151397 ], [ 126.933111, 35.151727 ], [ 126.933105, 35.151995 ] ] } },
{ "type": "Feature", "properties": { "seg_uid": "DM-193923-283888-S9D5", "seg_id": "DM01440", "seg_no": 29, "width_min_m": 1.96, "width_max_m": null, "verdict": "blocked", "width_verified": false, "midpoint_fallback": false, "inherited": false, "route_usage": 0, "length_m": 35.2, "run_length_m": 69.3, "nfa_designated": false, "cctv_dist_m": 13.3, "cv_feasible": true, "width_src": "ngii1k", "width_disagree_m": 0.58, "road_name": "지산로", "seg_label": "지산로 82-86", "road_side": "1", "road_bt_m": 2.0, "in_emd": false, "light_count": 0, "unknown_reason": null, "z": 29.4 }, "geometry": { "type": "LineString", "coordinates": [ [ 126.933119, 35.151353 ], [ 126.933505, 35.15134 ] ] } },
{ "type": "Feature", "properties": { "seg_uid": "DM-193848-283896-2K9Y", "seg_id": "DM01441", "seg_no": 5, "width_min_m": 6.26, "width_max_m": null, "verdict": "unknown", "width_verified": false, "midpoint_fallback": false, "inherited": false, "route_usage": 0, "length_m": 116.1, "run_length_m": null, "nfa_designated": false, "cctv_dist_m": 29.8, "cv_feasible": false, "width_src": "ngii1k", "width_disagree_m": 0.14, "road_name": "지산로85번길", "seg_label": "지산로85번길 1-85", "road_side": "0", "road_bt_m": 7.0, "in_emd": false, "light_count": 0, "unknown_reason": "no_cctv", "z": 29.0 }, "geometry": { "type": "LineString", "coordinates": [ [ 126.933119, 35.151387 ], [ 126.932913, 35.151396 ], [ 126.932209, 35.151438 ], [ 126.931848, 35.151464 ] ] } },
{ "type": "Feature", "properties": { "seg_uid": "DM-193871-283966-6RMT", "seg_id": "DM01442", "seg_no": 14, "width_min_m": 8.0, "width_max_m": null, "verdict": "clear", "width_verified": false, "midpoint_fallback": false, "inherited": false, "route_usage": 70, "length_m": 67.8, "run_length_m": null, "nfa_designated": false, "cctv_dist_m": 4.5, "cv_feasible": true, "width_src": "ngii1k", "width_disagree_m": 0.96, "road_name": "필문대로205번길", "seg_label": "필문대로205번길 11-93", "road_side": "0", "road_bt_m": 8.0, "in_emd": false, "light_count": 0, "unknown_reason": null, "z": 25.4 }, "geometry": { "type": "LineString", "coordinates": [ [ 126.932372, 35.152103 ], [ 126.933104, 35.151995 ], [ 126.933104, 35.151995 ] ] } },
{ "type": "Feature", "properties": { "seg_uid": "DM-193920-283959-6RMT", "seg_id": "DM01443", "seg_no": 13, "width_min_m": 8.5, "width_max_m": null, "verdict": "clear", "width_verified": false, "midpoint_fallback": false, "inherited": false, "route_usage": 70, "length_m": 30.5, "run_length_m": null, "nfa_designated": false, "cctv_dist_m": 7.5, "cv_feasible": true, "width_src": "ngii1k", "width_disagree_m": 0.87, "road_name": "필문대로205번길", "seg_label": "필문대로205번길 19-93", "road_side": "0", "road_bt_m": 8.0, "in_emd": false, "light_count": 0, "unknown_reason": null, "z": 25.8 }, "geometry": { "type": "LineString", "coordinates": [ [ 126.933105, 35.151995 ], [ 126.933121, 35.151993 ], [ 126.933439, 35.151979 ] ] } },
{ "type": "Feature", "properties": { "seg_uid": "DM-193904-284026-6RMT", "seg_id": "DM01444", "seg_no": 24, "width_min_m": 9.55, "width_max_m": null, "verdict": "clear", "width_verified": false, "midpoint_fallback": false, "inherited": false, "route_usage": 0, "length_m": 132.8, "run_length_m": null, "nfa_designated": false, "cctv_dist_m": 0.6, "cv_feasible": true, "width_src": "ngii1k", "width_disagree_m": 0.93, "road_name": "필문대로205번길", "seg_label": "필문대로205번길 13-93", "road_side": "1", "road_bt_m": 9.0, "in_emd": false, "light_count": 0, "unknown_reason": null, "z": 25.1 }, "geometry": { "type": "LineString", "coordinates": [ [ 126.933104, 35.151995 ], [ 126.933098, 35.152512 ], [ 126.933098, 35.152526 ], [ 126.933089, 35.153188 ], [ 126.93309, 35.153192 ] ] } },
{ "type": "Feature", "properties": { "seg_uid": "DM-193355-283207-G89H", "seg_id": "DM01448", "seg_no": 3, "width_min_m": 1.4, "width_max_m": 7.83, "verdict": "unknown", "width_verified": false, "midpoint_fallback": false, "inherited": false, "route_usage": 0, "length_m": 49.3, "run_length_m": null, "nfa_designated": false, "cctv_dist_m": 72.6, "cv_feasible": false, "width_src": "ngii1k", "width_disagree_m": 0.8, "road_name": "필문대로295번길", "seg_label": "필문대로295번길 1", "road_side": "1", "road_bt_m": 3.0, "in_emd": false, "light_count": 14, "unknown_reason": "no_cctv", "z": 20.2 }, "geometry": { "type": "LineString", "coordinates": [ [ 126.926851, 35.145087 ], [ 126.92688, 35.145104 ], [ 126.926946, 35.145144 ], [ 126.927008, 35.145183 ], [ 126.927063, 35.145201 ], [ 126.927187, 35.145277 ], [ 126.927264, 35.145331 ], [ 126.927286, 35.145348 ] ] } },
{ "type": "Feature", "properties": { "seg_uid": "DM-193390-283190-G89H", "seg_id": "DM01450", "seg_no": 1, "width_min_m": 2.42, "width_max_m": null, "verdict": "blocked", "width_verified": false, "midpoint_fallback": false, "inherited": false, "route_usage": 0, "length_m": 57.5, "run_length_m": 176.6, "nfa_designated": true, "cctv_dist_m": 114.0, "cv_feasible": false, "width_src": "ngii1k", "width_disagree_m": 0.73, "road_name": "필문대로295번길", "seg_label": "필문대로295번길 5", "road_side": "1", "road_bt_m": 2.0, "in_emd": false, "light_count": 0, "unknown_reason": null, "z": 21.4 }, "geometry": { "type": "LineString", "coordinates": [ [ 126.927254, 35.144913 ], [ 126.927351, 35.145015 ], [ 126.927411, 35.145001 ], [ 126.927416, 35.144998 ], [ 126.927418, 35.144998 ], [ 126.927423, 35.145005 ], [ 126.927475, 35.145075 ], [ 126.927589, 35.145028 ], [ 126.927655, 35.145144 ], [ 126.927653, 35.14515 ] ] } },
{ "type": "Feature", "properties": { "seg_uid": "DM-193358-283282-EB39", "seg_id": "DM01457", "seg_no": 3, "width_min_m": 4.24, "width_max_m": 6.84, "verdict": "unknown", "width_verified": false, "midpoint_fallback": false, "inherited": false, "route_usage": 2, "length_m": 30.0, "run_length_m": null, "nfa_designated": false, "cctv_dist_m": 100.7, "cv_feasible": false, "width_src": "ngii1k", "width_disagree_m": 1.45, "road_name": "필문대로287번길", "seg_label": "필문대로287번길 1-287", "road_side": "0", "road_bt_m": 6.0, "in_emd": false, "light_count": 14, "unknown_reason": "no_cctv", "z": 20.9 }, "geometry": { "type": "LineString", "coordinates": [ [ 126.926966, 35.145943 ], [ 126.927222, 35.145842 ], [ 126.927267, 35.145835 ] ] } },
{ "type": "Feature", "properties": { "seg_uid": "DM-193337-283274-LRZT", "seg_id": "DM01458", "seg_no": 3, "width_min_m": 31.17, "width_max_m": 46.57, "verdict": "clear", "width_verified": false, "midpoint_fallback": false, "inherited": false, "route_usage": 0, "length_m": 32.9, "run_length_m": null, "nfa_designated": false, "cctv_dist_m": 71.2, "cv_feasible": false, "width_src": "ngii1k", "width_disagree_m": 3.89, "road_name": "필문대로", "seg_label": "필문대로 285-289", "road_side": "0", "road_bt_m": 36.473, "in_emd": false, "light_count": 14, "unknown_reason": null, "z": 20.0 }, "geometry": { "type": "LineString", "coordinates": [ [ 126.926966, 35.145943 ], [ 126.926796, 35.145682 ] ] } },
{ "type": "Feature", "properties": { "seg_uid": "DM-193411-283256-EB39", "seg_id": "DM01459", "seg_no": 2, "width_min_m": 4.74, "width_max_m": 6.59, "verdict": "unknown", "width_verified": false, "midpoint_fallback": false, "inherited": false, "route_usage": 0, "length_m": 88.7, "run_length_m": null, "nfa_designated": false, "cctv_dist_m": 116.1, "cv_feasible": false, "width_src": "ngii1k", "width_disagree_m": 0.06, "road_name": "필문대로287번길", "seg_label": "필문대로287번길 1-11", "road_side": "0", "road_bt_m": 6.0, "in_emd": false, "light_count": 14, "unknown_reason": "no_cctv", "z": 22.2 }, "geometry": { "type": "LineString", "coordinates": [ [ 126.927267, 35.145835 ], [ 126.927295, 35.145831 ], [ 126.927755, 35.145623 ], [ 126.927755, 35.145623 ], [ 126.928123, 35.145457 ] ] } },
{ "type": "Feature", "properties": { "seg_uid": "DM-193363-283270-VXVD", "seg_id": "DM01460", "seg_no": 3, "width_min_m": 2.0, "width_max_m": 6.0, "verdict": "unknown", "width_verified": false, "midpoint_fallback": false, "inherited": false, "route_usage": 0, "length_m": 23.7, "run_length_m": null, "nfa_designated": false, "cctv_dist_m": 93.6, "cv_feasible": false, "width_src": "silpok", "width_disagree_m": null, "road_name": "필문대로289번길", "seg_label": "필문대로289번길 1-3", "road_side": "0", "road_bt_m": 4.0, "in_emd": false, "light_count": 14, "unknown_reason": "no_cctv", "z": 20.8 }, "geometry": { "type": "LineString", "coordinates": [ [ 126.927052, 35.145716 ], [ 126.927112, 35.145743 ], [ 126.927131, 35.145753 ], [ 126.927229, 35.14581 ], [ 126.927267, 35.145835 ] ] } },
{ "type": "Feature", "properties": { "seg_uid": "DM-193380-283283-VXVD", "seg_id": "DM01461", "seg_no": 7, "width_min_m": 3.38, "width_max_m": 5.96, "verdict": "unknown", "width_verified": false, "midpoint_fallback": false, "inherited": false, "route_usage": 2, "length_m": 19.0, "run_length_m": null, "nfa_designated": false, "cctv_dist_m": 106.5, "cv_feasible": false, "width_src": "ngii1k", "width_disagree_m": 0.05, "road_name": "필문대로289번길", "seg_label": "필문대로289번길 1-6", "road_side": "0", "road_bt_m": 4.0, "in_emd": false, "light_count": 14, "unknown_reason": "no_cctv", "z": 21.7 }, "geometry": { "type": "LineString", "coordinates": [ [ 126.927267, 35.145835 ], [ 126.92737, 35.145904 ], [ 126.927421, 35.145949 ], [ 126.927422, 35.14595 ] ] } },
{ "type": "Feature", "properties": { "seg_uid": "DM-193464-283227-EB39", "seg_id": "DM01462", "seg_no": 1, "width_min_m": 5.59, "width_max_m": null, "verdict": "unknown", "width_verified": false, "midpoint_fallback": false, "inherited": false, "route_usage": 0, "length_m": 30.6, "run_length_m": null, "nfa_designated": false, "cctv_dist_m": 99.3, "cv_feasible": false, "width_src": "ngii1k", "width_disagree_m": 0.53, "road_name": "필문대로287번길", "seg_label": "필문대로287번길 5-13", "road_side": "0", "road_bt_m": 6.0, "in_emd": false, "light_count": 0, "unknown_reason": "no_cctv", "z": 23.0 }, "geometry": { "type": "LineString", "coordinates": [ [ 126.928123, 35.145457 ], [ 126.928139, 35.145449 ], [ 126.928417, 35.145323 ] ] } },
{ "type": "Feature", "properties": { "seg_uid": "DM-193436-283225-G89H", "seg_id": "DM01463", "seg_no": 6, "width_min_m": 2.56, "width_max_m": null, "verdict": "blocked", "width_verified": false, "midpoint_fallback": false, "inherited": false, "route_usage": 0, "length_m": 34.4, "run_length_m": 176.6, "nfa_designated": true, "cctv_dist_m": 123.8, "cv_feasible": false, "width_src": "ngii1k", "width_disagree_m": 0.46, "road_name": "필문대로295번길", "seg_label": "필문대로295번길 5-11", "road_side": "1", "road_bt_m": 2.0, "in_emd": false, "light_count": 0, "unknown_reason": null, "z": 22.5 }, "geometry": { "type": "LineString", "coordinates": [ [ 126.927812, 35.145281 ], [ 126.927831, 35.145293 ], [ 126.927997, 35.145382 ], [ 126.928123, 35.145457 ] ] } },
{ "type": "Feature", "properties": { "seg_uid": "DM-193730-283999-6RMT", "seg_id": "DM01476", "seg_no": 20, "width_min_m": 7.67, "width_max_m": null, "verdict": "clear", "width_verified": false, "midpoint_fallback": false, "inherited": false, "route_usage": 70, "length_m": 45.4, "run_length_m": null, "nfa_designated": false, "cctv_dist_m": 30.6, "cv_feasible": false, "width_src": "ngii1k", "width_disagree_m": 0.01, "road_name": "필문대로205번길", "seg_label": "필문대로205번길 1-205", "road_side": "0", "road_bt_m": 8.0, "in_emd": false, "light_count": 0, "unknown_reason": null, "z": 22.9 }, "geometry": { "type": "LineString", "coordinates": [ [ 126.930949, 35.152418 ], [ 126.931019, 35.152395 ], [ 126.93142, 35.152283 ] ] } },
{ "type": "Feature", "properties": { "seg_uid": "DM-193718-284036-LRZT", "seg_id": "DM01477", "seg_no": 34, "width_min_m": 38.85, "width_max_m": null, "verdict": "clear", "width_verified": false, "midpoint_fallback": false, "inherited": false, "route_usage": 0, "length_m": 62.9, "run_length_m": null, "nfa_designated": false, "cctv_dist_m": 70.8, "cv_feasible": false, "width_src": "ngii1k", "width_disagree_m": 0.21, "road_name": "필문대로", "seg_label": "필문대로 199-205", "road_side": "0", "road_bt_m": 36.473, "in_emd": false, "light_count": 37, "unknown_reason": null, "z": 21.5 }, "geometry": { "type": "LineString", "coordinates": [ [ 126.931166, 35.152956 ], [ 126.931124, 35.152852 ], [ 126.931103, 35.1528 ], [ 126.931059, 35.152692 ], [ 126.930949, 35.152418 ] ] } },
{ "type": "Feature", "properties": { "seg_uid": "DM-193703-283992-LRZT", "seg_id": "DM01478", "seg_no": 33, "width_min_m": 39.38, "width_max_m": null, "verdict": "clear", "width_verified": false, "midpoint_fallback": false, "inherited": false, "route_usage": 70, "length_m": 30.1, "run_length_m": null, "nfa_designated": false, "cctv_dist_m": 70.8, "cv_feasible": false, "width_src": "ngii1k", "width_disagree_m": 0.15, "road_name": "필문대로", "seg_label": "필문대로 205-209", "road_side": "0", "road_bt_m": 36.473, "in_emd": false, "light_count": 0, "unknown_reason": null, "z": 22.9 }, "geometry": { "type": "LineString", "coordinates": [ [ 126.930949, 35.152418 ], [ 126.930943, 35.152404 ], [ 126.930845, 35.15216 ] ] } },
{ "type": "Feature", "properties": { "seg_uid": "DM-193764-283987-6RMT", "seg_id": "DM01479", "seg_no": 17, "width_min_m": 7.62, "width_max_m": null, "verdict": "clear", "width_verified": false, "midpoint_fallback": false, "inherited": false, "route_usage": 70, "length_m": 28.3, "run_length_m": null, "nfa_designated": false, "cctv_dist_m": 2.2, "cv_feasible": true, "width_src": "ngii1k", "width_disagree_m": 0.01, "road_name": "필문대로205번길", "seg_label": "필문대로205번길 3-16", "road_side": "0", "road_bt_m": 8.0, "in_emd": false, "light_count": 0, "unknown_reason": null, "z": 24.1 }, "geometry": { "type": "LineString", "coordinates": [ [ 126.93142, 35.152283 ], [ 126.931711, 35.152201 ], [ 126.931714, 35.1522 ] ] } },
{ "type": "Feature", "properties": { "seg_uid": "DM-193754-284001-6RMT", "seg_id": "DM01480", "seg_no": 18, "width_min_m": 2.32, "width_max_m": null, "verdict": "unknown", "width_verified": false, "midpoint_fallback": false, "inherited": false, "route_usage": 0, "length_m": 19.8, "run_length_m": null, "nfa_designated": false, "cctv_dist_m": 30.6, "cv_feasible": false, "width_src": "ngii1k", "width_disagree_m": 0.01, "road_name": "필문대로205번길", "seg_label": "필문대로205번길 3", "road_side": "1", "road_bt_m": 3.0, "in_emd": false, "light_count": 0, "unknown_reason": "no_cctv", "z": 23.3 }, "geometry": { "type": "LineString", "coordinates": [ [ 126.93142, 35.152283 ], [ 126.931488, 35.152452 ] ] } },
{ "type": "Feature", "properties": { "seg_uid": "DM-193808-283977-6RMT", "seg_id": "DM01481", "seg_no": 15, "width_min_m": 7.15, "width_max_m": null, "verdict": "clear", "width_verified": false, "midpoint_fallback": false, "inherited": false, "route_usage": 70, "length_m": 60.7, "run_length_m": null, "nfa_designated": false, "cctv_dist_m": 0.2, "cv_feasible": true, "width_src": "ngii1k", "width_disagree_m": 0.71, "road_name": "필문대로205번길", "seg_label": "필문대로205번길 5-16", "road_side": "0", "road_bt_m": 8.0, "in_emd": false, "light_count": 0, "unknown_reason": null, "z": 24.5 }, "geometry": { "type": "LineString", "coordinates": [ [ 126.931716, 35.1522 ], [ 126.932353, 35.152106 ], [ 126.932372, 35.152103 ] ] } },
{ "type": "Feature", "properties": { "seg_uid": "DM-193774-283965-2K9Y", "seg_id": "DM01482", "seg_no": 7, "width_min_m": 9.45, "width_max_m": null, "verdict": "clear", "width_verified": false, "midpoint_fallback": false, "inherited": false, "route_usage": 0, "length_m": 36.0, "run_length_m": null, "nfa_designated": false, "cctv_dist_m": 2.0, "cv_feasible": true, "width_src": "ngii1k", "width_disagree_m": 0.18, "road_name": "지산로85번길", "seg_label": "지산로85번길 5-16", "road_side": "1", "road_bt_m": 10.0, "in_emd": false, "light_count": 0, "unknown_reason": null, "z": 24.8 }, "geometry": { "type": "LineString", "coordinates": [ [ 126.931616, 35.151886 ], [ 126.931617, 35.15189 ], [ 126.931645, 35.151963 ], [ 126.931716, 35.1522 ] ] } },
{ "type": "Feature", "properties": { "seg_uid": "DM-193790-284015-6RMT", "seg_id": "DM01483", "seg_no": 21, "width_min_m": 8.83, "width_max_m": null, "verdict": "clear", "width_verified": false, "midpoint_fallback": false, "inherited": false, "route_usage": 0, "length_m": 68.9, "run_length_m": null, "nfa_designated": false, "cctv_dist_m": 2.2, "cv_feasible": true, "width_src": "ngii1k", "width_disagree_m": 0.24, "road_name": "필문대로205번길", "seg_label": "필문대로205번길 5-16", "road_side": "1", "road_bt_m": 10.0, "in_emd": false, "light_count": 0, "unknown_reason": null, "z": 23.4 }, "geometry": { "type": "LineString", "coordinates": [ [ 126.931714, 35.1522 ], [ 126.931817, 35.152431 ], [ 126.931878, 35.152571 ], [ 126.93197, 35.152785 ] ] } },
{ "type": "Feature", "properties": { "seg_uid": "DM-193842-283984-6RMT", "seg_id": "DM01484", "seg_no": 16, "width_min_m": 6.32, "width_max_m": null, "verdict": "needs_cv", "width_verified": false, "midpoint_fallback": false, "inherited": false, "route_usage": 0, "length_m": 25.7, "run_length_m": 80.1, "nfa_designated": false, "cctv_dist_m": 5.0, "cv_feasible": true, "width_src": "ngii1k", "width_disagree_m": 0.64, "road_name": "필문대로205번길", "seg_label": "필문대로205번길 11", "road_side": "1", "road_bt_m": 5.0, "in_emd": false, "light_count": 0, "unknown_reason": null, "z": 24.7 }, "geometry": { "type": "LineString", "coordinates": [ [ 126.932372, 35.152103 ], [ 126.932381, 35.152127 ], [ 126.93246, 35.152323 ] ] } },
{ "type": "Feature", "properties": { "seg_uid": "DM-193939-283958-6RMT", "seg_id": "DM01485", "seg_no": 12, "width_min_m": 8.95, "width_max_m": null, "verdict": "clear", "width_verified": false, "midpoint_fallback": false, "inherited": false, "route_usage": 70, "length_m": 7.5, "run_length_m": null, "nfa_designated": false, "cctv_dist_m": 31.3, "cv_feasible": false, "width_src": "ngii1k", "width_disagree_m": 0.31, "road_name": "필문대로205번길", "seg_label": "필문대로205번길 21-86", "road_side": "0", "road_bt_m": 8.0, "in_emd": false, "light_count": 0, "unknown_reason": null, "z": 26.1 }, "geometry": { "type": "LineString", "coordinates": [ [ 126.933439, 35.151979 ], [ 126.93344, 35.151979 ], [ 126.933518, 35.151976 ], [ 126.933521, 35.151975 ] ] } },
{ "type": "Feature", "properties": { "seg_uid": "DM-193935-284029-6RMT", "seg_id": "DM01486", "seg_no": 28, "width_min_m": 1.29, "width_max_m": null, "verdict": "blocked", "width_verified": false, "midpoint_fallback": false, "inherited": false, "route_usage": 0, "length_m": 142.6, "run_length_m": 142.6, "nfa_designated": true, "cctv_dist_m": 30.3, "cv_feasible": false, "width_src": "ngii1k", "width_disagree_m": 1.01, "road_name": "필문대로205번길", "seg_label": "필문대로205번길 17-21", "road_side": "1", "road_bt_m": 2.0, "in_emd": false, "light_count": 0, "unknown_reason": null, "z": 25.5 }, "geometry": { "type": "LineString", "coordinates": [ [ 126.933439, 35.151979 ], [ 126.93344, 35.152016 ], [ 126.933443, 35.15208 ], [ 126.933439, 35.152243 ], [ 126.933435, 35.152374 ], [ 126.933439, 35.152507 ], [ 126.93344, 35.15262 ], [ 126.933436, 35.152744 ], [ 126.933435, 35.152837 ], [ 126.933469, 35.152837 ], [ 126.933468, 35.152976 ], [ 126.933469, 35.15312 ], [ 126.933469, 35.153236 ] ] } },
{ "type": "Feature", "properties": { "seg_uid": "DM-193954-283957-6RMT", "seg_id": "DM01487", "seg_no": 11, "width_min_m": 8.98, "width_max_m": null, "verdict": "clear", "width_verified": false, "midpoint_fallback": false, "inherited": false, "route_usage": 70, "length_m": 22.1, "run_length_m": null, "nfa_designated": false, "cctv_dist_m": 35.8, "cv_feasible": false, "width_src": "ngii1k", "width_disagree_m": 0.64, "road_name": "필문대로205번길", "seg_label": "필문대로205번길 23-86", "road_side": "0", "road_bt_m": 8.0, "in_emd": false, "light_count": 0, "unknown_reason": null, "z": 26.3 }, "geometry": { "type": "LineString", "coordinates": [ [ 126.933521, 35.151975 ], [ 126.933761, 35.151965 ], [ 126.933763, 35.151965 ] ] } },
{ "type": "Feature", "properties": { "seg_uid": "DM-193942-283922-S9D5", "seg_id": "DM01488", "seg_no": 32, "width_min_m": 3.26, "width_max_m": null, "verdict": "needs_cv", "width_verified": false, "midpoint_fallback": false, "inherited": false, "route_usage": 0, "length_m": 70.5, "run_length_m": 120.6, "nfa_designated": true, "cctv_dist_m": 17.2, "cv_feasible": true, "width_src": "ngii1k", "width_disagree_m": 0.06, "road_name": "지산로", "seg_label": "지산로 23-86", "road_side": "2", "road_bt_m": 4.0, "in_emd": false, "light_count": 0, "unknown_reason": null, "z": 27.4 }, "geometry": { "type": "LineString", "coordinates": [ [ 126.933505, 35.15134 ], [ 126.933506, 35.151366 ], [ 126.933506, 35.151375 ], [ 126.933516, 35.151877 ], [ 126.933521, 35.151975 ] ] } },
{ "type": "Feature", "properties": { "seg_uid": "DM-193971-283956-6RMT", "seg_id": "DM01489", "seg_no": 10, "width_min_m": 8.34, "width_max_m": null, "verdict": "unknown", "width_verified": false, "midpoint_fallback": false, "inherited": false, "route_usage": 70, "length_m": 12.6, "run_length_m": null, "nfa_designated": false, "cctv_dist_m": 30.7, "cv_feasible": false, "width_src": "ngii1k", "width_disagree_m": 0.19, "road_name": "필문대로205번길", "seg_label": "필문대로205번길 21-25", "road_side": "0", "road_bt_m": 8.0, "in_emd": false, "light_count": 0, "unknown_reason": "no_cctv", "z": 26.8 }, "geometry": { "type": "LineString", "coordinates": [ [ 126.933763, 35.151965 ], [ 126.933901, 35.151955 ] ] } },
{ "type": "Feature", "properties": { "seg_uid": "DM-193963-284028-6RMT", "seg_id": "DM01490", "seg_no": 26, "width_min_m": 5.3, "width_max_m": null, "verdict": "unknown", "width_verified": false, "midpoint_fallback": false, "inherited": false, "route_usage": 0, "length_m": 144.6, "run_length_m": null, "nfa_designated": false, "cctv_dist_m": 35.8, "cv_feasible": false, "width_src": "ngii1k", "width_disagree_m": null, "road_name": "필문대로205번길", "seg_label": "필문대로205번길 19-25", "road_side": "1", "road_bt_m": 5.0, "in_emd": false, "light_count": 0, "unknown_reason": "no_cctv", "z": 26.4 }, "geometry": { "type": "LineString", "coordinates": [ [ 126.933763, 35.151965 ], [ 126.93375, 35.152607 ], [ 126.933737, 35.153268 ] ] } },
{ "type": "Feature", "properties": { "seg_uid": "DM-193985-283955-6RMT", "seg_id": "DM01491", "seg_no": 9, "width_min_m": 9.0, "width_max_m": null, "verdict": "clear", "width_verified": false, "midpoint_fallback": false, "inherited": false, "route_usage": 70, "length_m": 15.4, "run_length_m": null, "nfa_designated": false, "cctv_dist_m": 30.2, "cv_feasible": false, "width_src": "ngii1k", "width_disagree_m": 0.89, "road_name": "필문대로205번길", "seg_label": "필문대로205번길 21-27", "road_side": "0", "road_bt_m": 8.0, "in_emd": false, "light_count": 0, "unknown_reason": null, "z": 27.0 }, "geometry": { "type": "LineString", "coordinates": [ [ 126.933901, 35.151955 ], [ 126.933914, 35.151954 ], [ 126.934071, 35.15195 ] ] } },
{ "type": "Feature", "properties": { "seg_uid": "DM-193977-283939-874B", "seg_id": "DM01492", "seg_no": 5, "width_min_m": 9.62, "width_max_m": null, "verdict": "clear", "width_verified": false, "midpoint_fallback": false, "inherited": false, "route_usage": 0, "length_m": 33.0, "run_length_m": null, "nfa_designated": false, "cctv_dist_m": 5.2, "cv_feasible": true, "width_src": "ngii1k", "width_disagree_m": 0.42, "road_name": "지산로78번길", "seg_label": "지산로78번길 17-25", "road_side": "0", "road_bt_m": 8.0, "in_emd": false, "light_count": 0, "unknown_reason": null, "z": 27.3 }, "geometry": { "type": "LineString", "coordinates": [ [ 126.933891, 35.151658 ], [ 126.933901, 35.151955 ] ] } },
{ "type": "Feature", "properties": { "seg_uid": "DM-194007-283954-6RMT", "seg_id": "DM01493", "seg_no": 8, "width_min_m": 8.36, "width_max_m": null, "verdict": "clear", "width_verified": false, "midpoint_fallback": false, "inherited": false, "route_usage": 70, "length_m": 28.5, "run_length_m": null, "nfa_designated": false, "cctv_dist_m": 31.9, "cv_feasible": false, "width_src": "ngii1k", "width_disagree_m": 0.14, "road_name": "필문대로205번길", "seg_label": "필문대로205번길 27-31", "road_side": "0", "road_bt_m": 8.0, "in_emd": false, "light_count": 0, "unknown_reason": null, "z": 27.4 }, "geometry": { "type": "LineString", "coordinates": [ [ 126.934071, 35.15195 ], [ 126.934073, 35.15195 ], [ 126.934383, 35.151943 ] ] } },
{ "type": "Feature", "properties": { "seg_uid": "DM-193992-284030-6RMT", "seg_id": "DM01494", "seg_no": 29, "width_min_m": 1.19, "width_max_m": null, "verdict": "blocked", "width_verified": false, "midpoint_fallback": false, "inherited": false, "route_usage": 0, "length_m": 150.4, "run_length_m": 150.4, "nfa_designated": true, "cctv_dist_m": 31.9, "cv_feasible": false, "width_src": "ngii1k", "width_disagree_m": 0.81, "road_name": "필문대로205번길", "seg_label": "필문대로205번길 23-27", "road_side": "1", "road_bt_m": 2.0, "in_emd": false, "light_count": 15, "unknown_reason": null, "z": 27.0 }, "geometry": { "type": "LineString", "coordinates": [ [ 126.934071, 35.15195 ], [ 126.934071, 35.151983 ], [ 126.934072, 35.152014 ], [ 126.934067, 35.152182 ], [ 126.934066, 35.152295 ], [ 126.934062, 35.152408 ], [ 126.93406, 35.152517 ], [ 126.934058, 35.152646 ], [ 126.93406, 35.152769 ], [ 126.934059, 35.152876 ], [ 126.934056, 35.152981 ], [ 126.934054, 35.153113 ], [ 126.934055, 35.153234 ], [ 126.934049, 35.153305 ] ] } },
{ "type": "Feature", "properties": { "seg_uid": "DM-194036-283953-6RMT", "seg_id": "DM01495", "seg_no": 7, "width_min_m": 8.5, "width_max_m": null, "verdict": "clear", "width_verified": false, "midpoint_fallback": false, "inherited": false, "route_usage": 70, "length_m": 29.6, "run_length_m": null, "nfa_designated": false, "cctv_dist_m": 49.0, "cv_feasible": false, "width_src": "ngii1k", "width_disagree_m": 0.33, "road_name": "필문대로205번길", "seg_label": "필문대로205번길 29-33", "road_side": "0", "road_bt_m": 8.0, "in_emd": false, "light_count": 0, "unknown_reason": null, "z": 27.8 }, "geometry": { "type": "LineString", "coordinates": [ [ 126.934383, 35.151943 ], [ 126.934699, 35.151935 ], [ 126.934707, 35.151935 ] ] } },
{ "type": "Feature", "properties": { "seg_uid": "DM-194020-284031-6RMT", "seg_id": "DM01496", "seg_no": 27, "width_min_m": 5.31, "width_max_m": null, "verdict": "unknown", "width_verified": false, "midpoint_fallback": false, "inherited": false, "route_usage": 0, "length_m": 155.3, "run_length_m": null, "nfa_designated": false, "cctv_dist_m": 49.0, "cv_feasible": false, "width_src": "ngii1k", "width_disagree_m": 0.24, "road_name": "필문대로205번길", "seg_label": "필문대로205번길 25-31", "road_side": "1", "road_bt_m": 6.0, "in_emd": false, "light_count": 15, "unknown_reason": "no_cctv", "z": 27.8 }, "geometry": { "type": "LineString", "coordinates": [ [ 126.934383, 35.151943 ], [ 126.934377, 35.152272 ], [ 126.934369, 35.152616 ], [ 126.934369, 35.152617 ], [ 126.934368, 35.1527 ], [ 126.934363, 35.15298 ], [ 126.934354, 35.153342 ] ] } },
{ "type": "Feature", "properties": { "seg_uid": "DM-194066-283952-6RMT", "seg_id": "DM01497", "seg_no": 4, "width_min_m": 7.94, "width_max_m": null, "verdict": "clear", "width_verified": false, "midpoint_fallback": false, "inherited": false, "route_usage": 70, "length_m": 30.7, "run_length_m": null, "nfa_designated": false, "cctv_dist_m": 74.6, "cv_feasible": false, "width_src": "ngii1k", "width_disagree_m": 0.73, "road_name": "필문대로205번길", "seg_label": "필문대로205번길 33-37", "road_side": "0", "road_bt_m": 8.0, "in_emd": false, "light_count": 0, "unknown_reason": null, "z": 28.1 }, "geometry": { "type": "LineString", "coordinates": [ [ 126.934707, 35.151935 ], [ 126.935044, 35.151926 ] ] } },
{ "type": "Feature", "properties": { "seg_uid": "DM-194049-284033-6RMT", "seg_id": "DM01498", "seg_no": 30, "width_min_m": 3.08, "width_max_m": null, "verdict": "unknown", "width_verified": false, "midpoint_fallback": false, "inherited": false, "route_usage": 0, "length_m": 160.5, "run_length_m": null, "nfa_designated": false, "cctv_dist_m": 74.6, "cv_feasible": false, "width_src": "ngii1k", "width_disagree_m": 0.45, "road_name": "필문대로205번길", "seg_label": "필문대로205번길 29-33", "road_side": "1", "road_bt_m": 3.0, "in_emd": false, "light_count": 15, "unknown_reason": "no_cctv", "z": 28.5 }, "geometry": { "type": "LineString", "coordinates": [ [ 126.934707, 35.151935 ], [ 126.934694, 35.1527 ], [ 126.934682, 35.153381 ] ] } },
{ "type": "Feature", "properties": { "seg_uid": "DM-194096-283951-6RMT", "seg_id": "DM01499", "seg_no": 5, "width_min_m": 8.04, "width_max_m": null, "verdict": "clear", "width_verified": false, "midpoint_fallback": false, "inherited": false, "route_usage": 70, "length_m": 29.5, "run_length_m": null, "nfa_designated": false, "cctv_dist_m": 54.8, "cv_feasible": false, "width_src": "ngii1k", "width_disagree_m": 0.64, "road_name": "필문대로205번길", "seg_label": "필문대로205번길 35-39", "road_side": "0", "road_bt_m": 8.0, "in_emd": false, "light_count": 0, "unknown_reason": null, "z": 28.5 }, "geometry": { "type": "LineString", "coordinates": [ [ 126.935044, 35.151926 ], [ 126.935367, 35.151918 ] ] } },
{ "type": "Feature", "properties": { "seg_uid": "DM-194081-283992-6RMT", "seg_id": "DM01500", "seg_no": 6, "width_min_m": 7.88, "width_max_m": null, "verdict": "clear", "width_verified": false, "midpoint_fallback": false, "inherited": false, "route_usage": 0, "length_m": 80.7, "run_length_m": null, "nfa_designated": false, "cctv_dist_m": 79.0, "cv_feasible": false, "width_src": "ngii1k", "width_disagree_m": 0.22, "road_name": "필문대로205번길", "seg_label": "필문대로205번길 35-37", "road_side": "1", "road_bt_m": 8.0, "in_emd": false, "light_count": 0, "unknown_reason": null, "z": 28.6 }, "geometry": { "type": "LineString", "coordinates": [ [ 126.935044, 35.151926 ], [ 126.935039, 35.152654 ] ] } },
{ "type": "Feature", "properties": { "seg_uid": "DM-194126-283950-6RMT", "seg_id": "DM01501", "seg_no": 2, "width_min_m": 7.94, "width_max_m": null, "verdict": "clear", "width_verified": false, "midpoint_fallback": false, "inherited": false, "route_usage": 70, "length_m": 30.1, "run_length_m": null, "nfa_designated": false, "cctv_dist_m": 38.6, "cv_feasible": false, "width_src": "ngii1k", "width_disagree_m": 1.71, "road_name": "필문대로205번길", "seg_label": "필문대로205번길 39-43", "road_side": "0", "road_bt_m": 8.0, "in_emd": false, "light_count": 0, "unknown_reason": null, "z": 28.8 }, "geometry": { "type": "LineString", "coordinates": [ [ 126.935367, 35.151918 ], [ 126.935693, 35.151911 ], [ 126.935697, 35.15191 ] ] } },
{ "type": "Feature", "properties": { "seg_uid": "DM-194111-283975-6RMT", "seg_id": "DM01502", "seg_no": 3, "width_min_m": 4.84, "width_max_m": null, "verdict": "unknown", "width_verified": false, "midpoint_fallback": false, "inherited": false, "route_usage": 0, "length_m": 47.8, "run_length_m": null, "nfa_designated": false, "cctv_dist_m": 54.8, "cv_feasible": false, "width_src": "ngii1k", "width_disagree_m": 1.37, "road_name": "필문대로205번길", "seg_label": "필문대로205번길 39", "road_side": "1", "road_bt_m": 3.0, "in_emd": false, "light_count": 0, "unknown_reason": "no_cctv", "z": 28.8 }, "geometry": { "type": "LineString", "coordinates": [ [ 126.935367, 35.151918 ], [ 126.935367, 35.152349 ] ] } },
{ "type": "Feature", "properties": { "seg_uid": "DM-194140-283988-6RMT", "seg_id": "DM01503", "seg_no": 22, "width_min_m": 5.26, "width_max_m": null, "verdict": "unknown", "width_verified": false, "midpoint_fallback": false, "inherited": false, "route_usage": 0, "length_m": 75.2, "run_length_m": null, "nfa_designated": false, "cctv_dist_m": 38.6, "cv_feasible": false, "width_src": "ngii1k", "width_disagree_m": 0.38, "road_name": "필문대로205번길", "seg_label": "필문대로205번길 41-43", "road_side": "1", "road_bt_m": 7.0, "in_emd": false, "light_count": 0, "unknown_reason": "no_cctv", "z": 29.8 }, "geometry": { "type": "LineString", "coordinates": [ [ 126.935697, 35.15191 ], [ 126.935688, 35.152443 ], [ 126.935686, 35.152559 ], [ 126.935686, 35.152573 ], [ 126.935686, 35.152588 ] ] } },
{ "type": "Feature", "properties": { "seg_uid": "DM-193949-283679-HJS3", "seg_id": "DM01504", "seg_no": 12, "width_min_m": 18.6, "width_max_m": null, "verdict": "clear", "width_verified": false, "midpoint_fallback": false, "inherited": false, "route_usage": 158, "length_m": 42.9, "run_length_m": null, "nfa_designated": false, "cctv_dist_m": 100.1, "cv_feasible": false, "width_src": "ngii1k", "width_disagree_m": 0.18, "road_name": "준법로", "seg_label": "준법로 3-7", "road_side": "0", "road_bt_m": 20.0, "in_emd": false, "light_count": 0, "unknown_reason": null, "z": 35.7 }, "geometry": { "type": "LineString", "coordinates": [ [ 126.933359, 35.149485 ], [ 126.933828, 35.149456 ] ] } },
{ "type": "Feature", "properties": { "seg_uid": "DM-193932-283724-HJS3", "seg_id": "DM01505", "seg_no": 16, "width_min_m": 3.34, "width_max_m": null, "verdict": "unknown", "width_verified": false, "midpoint_fallback": false, "inherited": false, "route_usage": 0, "length_m": 87.4, "run_length_m": null, "nfa_designated": false, "cctv_dist_m": 55.9, "cv_feasible": false, "width_src": "ngii1k", "width_disagree_m": 0.52, "road_name": "준법로", "seg_label": "준법로 3-74", "road_side": "1", "road_bt_m": 3.0, "in_emd": false, "light_count": 0, "unknown_reason": "no_cctv", "z": 35.7 }, "geometry": { "type": "LineString", "coordinates": [ [ 126.933359, 35.149485 ], [ 126.933462, 35.150262 ], [ 126.933463, 35.150268 ] ] } },
{ "type": "Feature", "properties": { "seg_uid": "DM-193995-283676-HJS3", "seg_id": "DM01506", "seg_no": 9, "width_min_m": 18.78, "width_max_m": null, "verdict": "clear", "width_verified": false, "midpoint_fallback": false, "inherited": false, "route_usage": 265, "length_m": 49.0, "run_length_m": null, "nfa_designated": false, "cctv_dist_m": 73.5, "cv_feasible": false, "width_src": "ngii1k", "width_disagree_m": 1.32, "road_name": "준법로", "seg_label": "준법로 7-11", "road_side": "0", "road_bt_m": 20.0, "in_emd": false, "light_count": 0, "unknown_reason": null, "z": 38.2 }, "geometry": { "type": "LineString", "coordinates": [ [ 126.933833, 35.149456 ], [ 126.933833, 35.149456 ], [ 126.934126, 35.149438 ], [ 126.93436, 35.149424 ], [ 126.934369, 35.149423 ] ] } },
{ "type": "Feature", "properties": { "seg_uid": "DM-193967-283661-HJS3", "seg_id": "DM01507", "seg_no": 7, "width_min_m": 1.87, "width_max_m": null, "verdict": "blocked", "width_verified": false, "midpoint_fallback": false, "inherited": false, "route_usage": 0, "length_m": 34.8, "run_length_m": 34.8, "nfa_designated": false, "cctv_dist_m": 76.3, "cv_feasible": false, "width_src": "ngii1k", "width_disagree_m": 0.15, "road_name": "준법로", "seg_label": "준법로 7-8", "road_side": "1", "road_bt_m": 2.0, "in_emd": false, "light_count": 0, "unknown_reason": null, "z": 36.5 }, "geometry": { "type": "LineString", "coordinates": [ [ 126.933833, 35.149456 ], [ 126.933809, 35.149346 ], [ 126.933711, 35.149161 ] ] } },
{ "type": "Feature", "properties": { "seg_uid": "DM-193971-283722-HJS3", "seg_id": "DM01508", "seg_no": 10, "width_min_m": 5.54, "width_max_m": null, "verdict": "unknown", "width_verified": false, "midpoint_fallback": false, "inherited": false, "route_usage": 107, "length_m": 87.4, "run_length_m": null, "nfa_designated": false, "cctv_dist_m": 83.0, "cv_feasible": false, "width_src": "ngii1k", "width_disagree_m": 4.59, "road_name": "준법로", "seg_label": "준법로 7-74", "road_side": "1", "road_bt_m": 10.0, "in_emd": false, "light_count": 0, "unknown_reason": "no_cctv", "z": 36.9 }, "geometry": { "type": "LineString", "coordinates": [ [ 126.933828, 35.149456 ], [ 126.933845, 35.150243 ] ] } },
{ "type": "Feature", "properties": { "seg_uid": "DM-194026-283674-HJS3", "seg_id": "DM01509", "seg_no": 8, "width_min_m": 18.59, "width_max_m": null, "verdict": "clear", "width_verified": false, "midpoint_fallback": false, "inherited": false, "route_usage": 265, "length_m": 12.6, "run_length_m": null, "nfa_designated": false, "cctv_dist_m": 60.9, "cv_feasible": false, "width_src": "ngii1k", "width_disagree_m": 0.82, "road_name": "준법로", "seg_label": "준법로 11-15", "road_side": "0", "road_bt_m": 20.0, "in_emd": false, "light_count": 0, "unknown_reason": null, "z": 39.2 }, "geometry": { "type": "LineString", "coordinates": [ [ 126.934369, 35.149423 ], [ 126.934507, 35.149415 ] ] } },
{ "type": "Feature", "properties": { "seg_uid": "DM-194017-283649-HJS3", "seg_id": "DM01510", "seg_no": 1, "width_min_m": 2.99, "width_max_m": null, "verdict": "unknown", "width_verified": false, "midpoint_fallback": false, "inherited": false, "route_usage": 0, "length_m": 49.7, "run_length_m": null, "nfa_designated": false, "cctv_dist_m": 41.6, "cv_feasible": false, "width_src": "ngii1k", "width_disagree_m": 1.19, "road_name": "준법로", "seg_label": "준법로 11-12", "road_side": "1", "road_bt_m": 4.0, "in_emd": false, "light_count": 0, "unknown_reason": "no_cctv", "z": 38.4 }, "geometry": { "type": "LineString", "coordinates": [ [ 126.934369, 35.149423 ], [ 126.934352, 35.149313 ], [ 126.93434, 35.149234 ], [ 126.93433, 35.149147 ], [ 126.934314, 35.149091 ], [ 126.934277, 35.148982 ] ] } },
{ "type": "Feature", "properties": { "seg_uid": "DM-194090-283669-HJS3", "seg_id": "DM01511", "seg_no": 6, "width_min_m": 18.76, "width_max_m": null, "verdict": "clear", "width_verified": false, "midpoint_fallback": false, "inherited": false, "route_usage": 265, "length_m": 115.4, "run_length_m": null, "nfa_designated": false, "cctv_dist_m": 0.0, "cv_feasible": true, "width_src": "ngii1k", "width_disagree_m": 1.11, "road_name": "준법로", "seg_label": "준법로 1-25", "road_side": "0", "road_bt_m": 20.0, "in_emd": false, "light_count": 0, "unknown_reason": null, "z": 41.3 }, "geometry": { "type": "LineString", "coordinates": [ [ 126.934507, 35.149415 ], [ 126.935769, 35.149337 ] ] } },
{ "type": "Feature", "properties": { "seg_uid": "DM-194028-283629-MCOP", "seg_id": "DM01512", "seg_no": 2, "width_min_m": 4.6, "width_max_m": null, "verdict": "needs_cv", "width_verified": false, "midpoint_fallback": false, "inherited": false, "route_usage": 0, "length_m": 88.0, "run_length_m": 88.0, "nfa_designated": false, "cctv_dist_m": 12.4, "cv_feasible": true, "width_src": "ngii1k", "width_disagree_m": 0.81, "road_name": "지산로52번길", "seg_label": "지산로52번길 13-17", "road_side": "1", "road_bt_m": 7.0, "in_emd": false, "light_count": 0, "unknown_reason": null, "z": 38.7 }, "geometry": { "type": "LineString", "coordinates": [ [ 126.934347, 35.148634 ], [ 126.93436, 35.148672 ], [ 126.934375, 35.148713 ], [ 126.934459, 35.14903 ], [ 126.934507, 35.149415 ] ] } },
{ "type": "Feature", "properties": { "seg_uid": "DM-194158-283664-HJS3", "seg_id": "DM01513", "seg_no": 5, "width_min_m": 19.18, "width_max_m": null, "verdict": "clear", "width_verified": false, "midpoint_fallback": false, "inherited": false, "route_usage": 265, "length_m": 21.7, "run_length_m": null, "nfa_designated": false, "cctv_dist_m": 54.5, "cv_feasible": false, "width_src": "ngii1k", "width_disagree_m": 0.26, "road_name": "준법로", "seg_label": "준법로 1-27", "road_side": "0", "road_bt_m": 20.0, "in_emd": false, "light_count": 0, "unknown_reason": null, "z": 43.1 }, "geometry": { "type": "LineString", "coordinates": [ [ 126.935769, 35.149337 ], [ 126.936, 35.149323 ], [ 126.936007, 35.149323 ] ] } },
{ "type": "Feature", "properties": { "seg_uid": "DM-194149-283695-FTDK", "seg_id": "DM01514", "seg_no": 1, "width_min_m": 7.87, "width_max_m": null, "verdict": "clear", "width_verified": false, "midpoint_fallback": false, "inherited": false, "route_usage": 0, "length_m": 61.3, "run_length_m": null, "nfa_designated": false, "cctv_dist_m": 51.7, "cv_feasible": false, "width_src": "ngii1k", "width_disagree_m": 0.55, "road_name": "준법로25번길", "seg_label": "준법로25번길 1-25", "road_side": "0", "road_bt_m": 8.0, "in_emd": false, "light_count": 0, "unknown_reason": null, "z": 43.1 }, "geometry": { "type": "LineString", "coordinates": [ [ 126.935769, 35.149337 ], [ 126.935794, 35.149662 ], [ 126.935809, 35.149889 ] ] } },
{ "type": "Feature", "properties": { "seg_uid": "DM-194176-283662-HJS3", "seg_id": "DM01515", "seg_no": 4, "width_min_m": 18.99, "width_max_m": null, "verdict": "clear", "width_verified": false, "midpoint_fallback": false, "inherited": false, "route_usage": 265, "length_m": 14.1, "run_length_m": null, "nfa_designated": false, "cctv_dist_m": 64.4, "cv_feasible": false, "width_src": "ngii1k", "width_disagree_m": 0.13, "road_name": "준법로", "seg_label": "준법로 11-29", "road_side": "0", "road_bt_m": 20.0, "in_emd": false, "light_count": 0, "unknown_reason": null, "z": 43.4 }, "geometry": { "type": "LineString", "coordinates": [ [ 126.936007, 35.149323 ], [ 126.936161, 35.149313 ] ] } },
{ "type": "Feature", "properties": { "seg_uid": "DM-194167-283628-1AOQ", "seg_id": "DM01516", "seg_no": 8, "width_min_m": 2.28, "width_max_m": null, "verdict": "unknown", "width_verified": false, "midpoint_fallback": false, "inherited": false, "route_usage": 0, "length_m": 70.2, "run_length_m": null, "nfa_designated": false, "cctv_dist_m": 69.0, "cv_feasible": false, "width_src": "ngii1k", "width_disagree_m": 0.22, "road_name": "밤실로", "seg_label": "밤실로 11-27", "road_side": "1", "road_bt_m": 6.0, "in_emd": false, "light_count": 0, "unknown_reason": "no_cctv", "z": 42.5 }, "geometry": { "type": "LineString", "coordinates": [ [ 126.935994, 35.148695 ], [ 126.935988, 35.148696 ], [ 126.935987, 35.148781 ], [ 126.935988, 35.148963 ], [ 126.935986, 35.149028 ], [ 126.936007, 35.149323 ] ] } },
{ "type": "Feature", "properties": { "seg_uid": "DM-194199-283661-HJS3", "seg_id": "DM01517", "seg_no": 3, "width_min_m": 18.6, "width_max_m": null, "verdict": "clear", "width_verified": false, "midpoint_fallback": false, "inherited": false, "route_usage": 265, "length_m": 33.3, "run_length_m": null, "nfa_designated": false, "cctv_dist_m": 44.4, "cv_feasible": false, "width_src": "ngii1k", "width_disagree_m": 0.05, "road_name": "준법로", "seg_label": "준법로 29-31", "road_side": "0", "road_bt_m": 20.0, "in_emd": false, "light_count": 31, "unknown_reason": null, "z": 43.9 }, "geometry": { "type": "LineString", "coordinates": [ [ 126.936161, 35.149313 ], [ 126.936162, 35.149313 ], [ 126.936453, 35.149295 ], [ 126.936525, 35.149291 ] ] } },
{ "type": "Feature", "properties": { "seg_uid": "DM-193450-283394-9EAB", "seg_id": "DM01518", "seg_no": 5, "width_min_m": 2.57, "width_max_m": 3.45, "verdict": "unknown", "width_verified": false, "midpoint_fallback": false, "inherited": false, "route_usage": 2, "length_m": 41.5, "run_length_m": null, "nfa_designated": false, "cctv_dist_m": 29.0, "cv_feasible": false, "width_src": "ngii1k", "width_disagree_m": null, "road_name": "필문대로273번길", "seg_label": "필문대로273번길 3", "road_side": "1", "road_bt_m": 3.0, "in_emd": true, "light_count": 0, "unknown_reason": "no_cctv", "z": 22.8 }, "geometry": { "type": "LineString", "coordinates": [ [ 126.928002, 35.146761 ], [ 126.928024, 35.146793 ], [ 126.928032, 35.146806 ], [ 126.928034, 35.146824 ], [ 126.928048, 35.146861 ], [ 126.928063, 35.146886 ], [ 126.928085, 35.146892 ], [ 126.928198, 35.146902 ], [ 126.928277, 35.146867 ], [ 126.928295, 35.14685 ], [ 126.9283, 35.146821 ] ] } },
{ "type": "Feature", "properties": { "seg_uid": "DM-193457-283369-9EAB", "seg_id": "DM01519", "seg_no": 3, "width_min_m": 7.54, "width_max_m": 9.26, "verdict": "clear", "width_verified": false, "midpoint_fallback": false, "inherited": false, "route_usage": 13, "length_m": 41.6, "run_length_m": null, "nfa_designated": false, "cctv_dist_m": 5.3, "cv_feasible": true, "width_src": "ngii1k", "width_disagree_m": 0.4, "road_name": "필문대로273번길", "seg_label": "필문대로273번길 3-15", "road_side": "0", "road_bt_m": 8.0, "in_emd": true, "light_count": 0, "unknown_reason": null, "z": 23.1 }, "geometry": { "type": "LineString", "coordinates": [ [ 126.928402, 35.146579 ], [ 126.928307, 35.146622 ], [ 126.928002, 35.146761 ] ] } },
{ "type": "Feature", "properties": { "seg_uid": "DM-193423-283330-VXVD", "seg_id": "DM01520", "seg_no": 9, "width_min_m": 1.75, "width_max_m": 3.48, "verdict": "needs_cv", "width_verified": false, "midpoint_fallback": false, "inherited": false, "route_usage": 2, "length_m": 110.8, "run_length_m": 110.8, "nfa_designated": true, "cctv_dist_m": 6.5, "cv_feasible": true, "width_src": "ngii1k", "width_disagree_m": 1.43, "road_name": "필문대로289번길", "seg_label": "필문대로289번길 5-15", "road_side": "0", "road_bt_m": 4.0, "in_emd": true, "light_count": 0, "unknown_reason": null, "z": 22.5 }, "geometry": { "type": "LineString", "coordinates": [ [ 126.927422, 35.14595 ], [ 126.927442, 35.145967 ], [ 126.927443, 35.145968 ], [ 126.927486, 35.146015 ], [ 126.927627, 35.146172 ], [ 126.927777, 35.146284 ], [ 126.927944, 35.146415 ], [ 126.928256, 35.14659 ], [ 126.928307, 35.146622 ] ] } },
{ "type": "Feature", "properties": { "seg_uid": "DM-193474-283369-VXVD", "seg_id": "DM01521", "seg_no": 10, "width_min_m": 7.46, "width_max_m": 10.61, "verdict": "clear", "width_verified": false, "midpoint_fallback": false, "inherited": false, "route_usage": 15, "length_m": 16.8, "run_length_m": null, "nfa_designated": false, "cctv_dist_m": 7.1, "cv_feasible": true, "width_src": "ngii1k", "width_disagree_m": 3.92, "road_name": "필문대로289번길", "seg_label": "필문대로289번길 5-17", "road_side": "0", "road_bt_m": 4.0, "in_emd": true, "light_count": 0, "unknown_reason": null, "z": 23.3 }, "geometry": { "type": "LineString", "coordinates": [ [ 126.928307, 35.146622 ], [ 126.928317, 35.146629 ], [ 126.928369, 35.146661 ], [ 126.928425, 35.146697 ], [ 126.928455, 35.146712 ] ] } },
{ "type": "Feature", "properties": { "seg_uid": "DM-193513-283338-9EAB", "seg_id": "DM01522", "seg_no": 2, "width_min_m": 6.7, "width_max_m": 8.45, "verdict": "needs_cv", "width_verified": false, "midpoint_fallback": false, "inherited": false, "route_usage": 0, "length_m": 86.5, "run_length_m": 174.6, "nfa_designated": true, "cctv_dist_m": 7.3, "cv_feasible": true, "width_src": "ngii1k", "width_disagree_m": 0.64, "road_name": "필문대로273번길", "seg_label": "필문대로273번길 7-15", "road_side": "0", "road_bt_m": 8.0, "in_emd": false, "light_count": 0, "unknown_reason": null, "z": 24.4 }, "geometry": { "type": "LineString", "coordinates": [ [ 126.928402, 35.146579 ], [ 126.928823, 35.146388 ], [ 126.929239, 35.146212 ] ] } },
{ "type": "Feature", "properties": { "seg_uid": "DM-193474-283320-9EAB", "seg_id": "DM01523", "seg_no": 1, "width_min_m": 1.13, "width_max_m": 6.31, "verdict": "needs_cv", "width_verified": false, "midpoint_fallback": false, "inherited": false, "route_usage": 0, "length_m": 88.1, "run_length_m": 174.6, "nfa_designated": true, "cctv_dist_m": 3.9, "cv_feasible": true, "width_src": "ngii1k", "width_disagree_m": 1.07, "road_name": "필문대로273번길", "seg_label": "필문대로273번길 7-8", "road_side": "1", "road_bt_m": 3.0, "in_emd": false, "light_count": 0, "unknown_reason": null, "z": 23.3 }, "geometry": { "type": "LineString", "coordinates": [ [ 126.928402, 35.146579 ], [ 126.928361, 35.146542 ], [ 126.928305, 35.146445 ], [ 126.928288, 35.146395 ], [ 126.928295, 35.146357 ], [ 126.928455, 35.146123 ], [ 126.928455, 35.146095 ], [ 126.92855, 35.145954 ], [ 126.928488, 35.145881 ] ] } },
{ "type": "Feature", "properties": { "seg_uid": "DM-193719-283796-U6CJ", "seg_id": "DM01531", "seg_no": 23, "width_min_m": 9.13, "width_max_m": 11.43, "verdict": "clear", "width_verified": false, "midpoint_fallback": false, "inherited": false, "route_usage": 2, "length_m": 76.0, "run_length_m": null, "nfa_designated": false, "cctv_dist_m": 5.8, "cv_feasible": true, "width_src": "ngii1k", "width_disagree_m": 0.14, "road_name": "동명로98번길", "seg_label": "동명로98번길 1-97", "road_side": "0", "road_bt_m": 10.0, "in_emd": false, "light_count": 11, "unknown_reason": null, "z": 29.7 }, "geometry": { "type": "LineString", "coordinates": [ [ 126.931201, 35.150841 ], [ 126.931049, 35.150463 ], [ 126.930973, 35.150266 ], [ 126.93097, 35.150191 ], [ 126.93097, 35.150191 ], [ 126.93097, 35.150186 ] ] } },
{ "type": "Feature", "properties": { "seg_uid": "DM-193691-283835-6Z8Q", "seg_id": "DM01532", "seg_no": 26, "width_min_m": 18.71, "width_max_m": null, "verdict": "clear", "width_verified": false, "midpoint_fallback": false, "inherited": false, "route_usage": 109, "length_m": 79.1, "run_length_m": null, "nfa_designated": false, "cctv_dist_m": 79.8, "cv_feasible": false, "width_src": "ngii1k", "width_disagree_m": 0.13, "road_name": "동명로", "seg_label": "동명로 1-223", "road_side": "0", "road_bt_m": 20.0, "in_emd": false, "light_count": 11, "unknown_reason": null, "z": 28.6 }, "geometry": { "type": "LineString", "coordinates": [ [ 126.930332, 35.150894 ], [ 126.930334, 35.150894 ], [ 126.931197, 35.150842 ] ] } },
{ "type": "Feature", "properties": { "seg_uid": "DM-193739-283831-6Z8Q", "seg_id": "DM01533", "seg_no": 23, "width_min_m": 19.01, "width_max_m": null, "verdict": "clear", "width_verified": false, "midpoint_fallback": false, "inherited": false, "route_usage": 107, "length_m": 16.2, "run_length_m": null, "nfa_designated": false, "cctv_dist_m": 81.3, "cv_feasible": false, "width_src": "ngii1k", "width_disagree_m": 0.1, "road_name": "동명로", "seg_label": "동명로 1-99", "road_side": "0", "road_bt_m": 20.0, "in_emd": false, "light_count": 11, "unknown_reason": null, "z": 29.1 }, "geometry": { "type": "LineString", "coordinates": [ [ 126.931201, 35.150841 ], [ 126.931362, 35.150832 ], [ 126.931378, 35.150831 ] ] } },
{ "type": "Feature", "properties": { "seg_uid": "DM-193736-283848-2K9Y", "seg_id": "DM01534", "seg_no": 1, "width_min_m": 9.53, "width_max_m": null, "verdict": "clear", "width_verified": false, "midpoint_fallback": false, "inherited": false, "route_usage": 0, "length_m": 34.1, "run_length_m": null, "nfa_designated": false, "cctv_dist_m": 60.3, "cv_feasible": false, "width_src": "ngii1k", "width_disagree_m": 0.22, "road_name": "지산로85번길", "seg_label": "지산로85번길 1-217", "road_side": "1", "road_bt_m": 9.0, "in_emd": false, "light_count": 11, "unknown_reason": null, "z": 28.8 }, "geometry": { "type": "LineString", "coordinates": [ [ 126.931316, 35.151133 ], [ 126.931197, 35.150842 ] ] } },
{ "type": "Feature", "properties": { "seg_uid": "DM-193708-283727-U6CJ", "seg_id": "DM01535", "seg_no": 12, "width_min_m": 5.3, "width_max_m": 6.46, "verdict": "needs_cv", "width_verified": false, "midpoint_fallback": false, "inherited": false, "route_usage": 0, "length_m": 64.5, "run_length_m": 64.5, "nfa_designated": false, "cctv_dist_m": 0.0, "cv_feasible": true, "width_src": "ngii1k", "width_disagree_m": 0.47, "road_name": "동명로98번길", "seg_label": "동명로98번길 7-19", "road_side": "0", "road_bt_m": 10.0, "in_emd": true, "light_count": 0, "unknown_reason": null, "z": 29.2 }, "geometry": { "type": "LineString", "coordinates": [ [ 126.93097, 35.150186 ], [ 126.930954, 35.149959 ], [ 126.930935, 35.149692 ], [ 126.930914, 35.149655 ], [ 126.930897, 35.149626 ], [ 126.930893, 35.14962 ], [ 126.930889, 35.149614 ] ] } },
{ "type": "Feature", "properties": { "seg_uid": "DM-193721-283758-U6CJ", "seg_id": "DM01536", "seg_no": 22, "width_min_m": 7.38, "width_max_m": 9.89, "verdict": "clear", "width_verified": false, "midpoint_fallback": false, "inherited": false, "route_usage": 2, "length_m": 21.5, "run_length_m": null, "nfa_designated": false, "cctv_dist_m": 5.8, "cv_feasible": true, "width_src": "ngii1k", "width_disagree_m": 1.27, "road_name": "동명로98번길", "seg_label": "동명로98번길 7", "road_side": "1", "road_bt_m": 7.0, "in_emd": false, "light_count": 0, "unknown_reason": null, "z": 30.4 }, "geometry": { "type": "LineString", "coordinates": [ [ 126.93097, 35.150186 ], [ 126.931203, 35.150172 ], [ 126.931205, 35.150171 ] ] } },
{ "type": "Feature", "properties": { "seg_uid": "DM-193697-283687-U6CJ", "seg_id": "DM01537", "seg_no": 9, "width_min_m": 5.76, "width_max_m": 15.54, "verdict": "unknown", "width_verified": false, "midpoint_fallback": false, "inherited": false, "route_usage": 107, "length_m": 20.3, "run_length_m": null, "nfa_designated": false, "cctv_dist_m": 29.5, "cv_feasible": false, "width_src": "ngii1k", "width_disagree_m": 0.74, "road_name": "동명로98번길", "seg_label": "동명로98번길 13-19", "road_side": "0", "road_bt_m": 10.0, "in_emd": true, "light_count": 0, "unknown_reason": "no_cctv", "z": 28.0 }, "geometry": { "type": "LineString", "coordinates": [ [ 126.930889, 35.149614 ], [ 126.930775, 35.149458 ] ] } },
{ "type": "Feature", "properties": { "seg_uid": "DM-193760-283689-1QHK", "seg_id": "DM01538", "seg_no": 6, "width_min_m": 2.89, "width_max_m": 4.18, "verdict": "unknown", "width_verified": false, "midpoint_fallback": false, "inherited": false, "route_usage": 107, "length_m": 115.5, "run_length_m": null, "nfa_designated": false, "cctv_dist_m": 49.6, "cv_feasible": false, "width_src": "ngii1k", "width_disagree_m": 0.61, "road_name": "지산로63번길", "seg_label": "지산로63번길 9-19", "road_side": "0", "road_bt_m": 4.0, "in_emd": true, "light_count": 0, "unknown_reason": "no_cctv", "z": 29.8 }, "geometry": { "type": "LineString", "coordinates": [ [ 126.932147, 35.1495 ], [ 126.932097, 35.149505 ], [ 126.931871, 35.149524 ], [ 126.931668, 35.149538 ], [ 126.931385, 35.149565 ], [ 126.931117, 35.149579 ], [ 126.930943, 35.149598 ], [ 126.930889, 35.149614 ] ] } },
{ "type": "Feature", "properties": { "seg_uid": "DM-193691-283676-U6CJ", "seg_id": "DM01539", "seg_no": 8, "width_min_m": 7.32, "width_max_m": 13.78, "verdict": "needs_cv", "width_verified": false, "midpoint_fallback": false, "inherited": false, "route_usage": 107, "length_m": 4.8, "run_length_m": 88.8, "nfa_designated": false, "cctv_dist_m": 24.7, "cv_feasible": true, "width_src": "ngii1k", "width_disagree_m": 0.65, "road_name": "동명로98번길", "seg_label": "동명로98번길 6-17", "road_side": "0", "road_bt_m": 10.0, "in_emd": true, "light_count": 0, "unknown_reason": null, "z": 27.7 }, "geometry": { "type": "LineString", "coordinates": [ [ 126.930775, 35.149458 ], [ 126.930771, 35.149452 ], [ 126.930748, 35.149421 ] ] } },
{ "type": "Feature", "properties": { "seg_uid": "DM-193704-283670-U6CJ", "seg_id": "DM01540", "seg_no": 7, "width_min_m": 1.67, "width_max_m": 3.02, "verdict": "unknown", "width_verified": false, "midpoint_fallback": false, "inherited": false, "route_usage": 0, "length_m": 28.6, "run_length_m": null, "nfa_designated": false, "cctv_dist_m": 29.3, "cv_feasible": false, "width_src": "ngii1k", "width_disagree_m": 0.27, "road_name": "동명로98번길", "seg_label": "동명로98번길 15-17", "road_side": "1", "road_bt_m": 1.0, "in_emd": true, "light_count": 0, "unknown_reason": "no_cctv", "z": 27.9 }, "geometry": { "type": "LineString", "coordinates": [ [ 126.930775, 35.149458 ], [ 126.930848, 35.149411 ], [ 126.930904, 35.149387 ], [ 126.930945, 35.149394 ], [ 126.931044, 35.149443 ] ] } },
{ "type": "Feature", "properties": { "seg_uid": "DM-193684-283664-U6CJ", "seg_id": "DM01541", "seg_no": 4, "width_min_m": 5.94, "width_max_m": 7.33, "verdict": "needs_cv", "width_verified": false, "midpoint_fallback": false, "inherited": false, "route_usage": 0, "length_m": 23.2, "run_length_m": 88.8, "nfa_designated": false, "cctv_dist_m": 1.6, "cv_feasible": true, "width_src": "ngii1k", "width_disagree_m": 0.38, "road_name": "동명로98번길", "seg_label": "동명로98번길 6-21", "road_side": "0", "road_bt_m": 10.0, "in_emd": true, "light_count": 7, "unknown_reason": null, "z": 27.1 }, "geometry": { "type": "LineString", "coordinates": [ [ 126.930748, 35.149421 ], [ 126.930742, 35.149412 ], [ 126.930629, 35.149258 ], [ 126.930617, 35.149241 ] ] } },
{ "type": "Feature", "properties": { "seg_uid": "DM-193687-283675-RXXI", "seg_id": "DM01542", "seg_no": 1, "width_min_m": 2.75, "width_max_m": 29.46, "verdict": "needs_cv", "width_verified": false, "midpoint_fallback": false, "inherited": false, "route_usage": 107, "length_m": 5.8, "run_length_m": 88.8, "nfa_designated": false, "cctv_dist_m": 24.7, "cv_feasible": true, "width_src": "ngii1k", "width_disagree_m": 0.66, "road_name": "필문대로241번길", "seg_label": "필문대로241번길 6-17", "road_side": "1", "road_bt_m": 2.0, "in_emd": true, "light_count": 0, "unknown_reason": null, "z": 27.4 }, "geometry": { "type": "LineString", "coordinates": [ [ 126.93069, 35.149442 ], [ 126.930699, 35.149441 ], [ 126.930748, 35.149421 ] ] } },
{ "type": "Feature", "properties": { "seg_uid": "DM-193673-283644-U6CJ", "seg_id": "DM01543", "seg_no": 2, "width_min_m": 7.07, "width_max_m": 20.05, "verdict": "clear", "width_verified": false, "midpoint_fallback": false, "inherited": false, "route_usage": 32, "length_m": 23.3, "run_length_m": null, "nfa_designated": false, "cctv_dist_m": 0.3, "cv_feasible": true, "width_src": "ngii1k", "width_disagree_m": 1.22, "road_name": "동명로98번길", "seg_label": "동명로98번길 13-21", "road_side": "0", "road_bt_m": 10.0, "in_emd": true, "light_count": 7, "unknown_reason": null, "z": 26.7 }, "geometry": { "type": "LineString", "coordinates": [ [ 126.930617, 35.149241 ], [ 126.930605, 35.149225 ], [ 126.93059, 35.149195 ], [ 126.93059, 35.149194 ], [ 126.930518, 35.149048 ] ] } },
{ "type": "Feature", "properties": { "seg_uid": "DM-193693-283651-A5GM", "seg_id": "DM01544", "seg_no": 12, "width_min_m": 7.24, "width_max_m": 7.82, "verdict": "clear", "width_verified": false, "midpoint_fallback": false, "inherited": false, "route_usage": 32, "length_m": 31.3, "run_length_m": null, "nfa_designated": false, "cctv_dist_m": 1.6, "cv_feasible": true, "width_src": "ngii1k", "width_disagree_m": 0.32, "road_name": "지산로57번길", "seg_label": "지산로57번길 17-21", "road_side": "0", "road_bt_m": 8.0, "in_emd": true, "light_count": 7, "unknown_reason": null, "z": 27.1 }, "geometry": { "type": "LineString", "coordinates": [ [ 126.930954, 35.149185 ], [ 126.930617, 35.149241 ] ] } },
{ "type": "Feature", "properties": { "seg_uid": "DM-193669-283654-U6CJ", "seg_id": "DM01545", "seg_no": 5, "width_min_m": 8.1, "width_max_m": 26.48, "verdict": "clear", "width_verified": false, "midpoint_fallback": false, "inherited": false, "route_usage": 18, "length_m": 15.9, "run_length_m": null, "nfa_designated": false, "cctv_dist_m": 4.0, "cv_feasible": true, "width_src": "ngii1k", "width_disagree_m": 3.43, "road_name": "동명로98번길", "seg_label": "동명로98번길 19-20", "road_side": "1", "road_bt_m": 4.0, "in_emd": true, "light_count": 7, "unknown_reason": null, "z": 26.7 }, "geometry": { "type": "LineString", "coordinates": [ [ 126.93059, 35.149195 ], [ 126.930481, 35.149262 ], [ 126.930445, 35.149273 ] ] } },
{ "type": "Feature", "properties": { "seg_uid": "DM-193690-283621-A5GM", "seg_id": "DM01546", "seg_no": 3, "width_min_m": 0.95, "width_max_m": 2.49, "verdict": "blocked", "width_verified": false, "midpoint_fallback": false, "inherited": false, "route_usage": 0, "length_m": 49.7, "run_length_m": 72.3, "nfa_designated": false, "cctv_dist_m": 21.7, "cv_feasible": true, "width_src": "ngii1k", "width_disagree_m": 1.15, "road_name": "지산로57번길", "seg_label": "지산로57번길 13-21", "road_side": "1", "road_bt_m": 2.0, "in_emd": true, "light_count": 7, "unknown_reason": null, "z": 26.7 }, "geometry": { "type": "LineString", "coordinates": [ [ 126.930958, 35.148817 ], [ 126.930955, 35.148818 ], [ 126.930962, 35.148846 ], [ 126.930752, 35.14894 ], [ 126.930518, 35.149048 ] ] } },
{ "type": "Feature", "properties": { "seg_uid": "DM-193471-283492-OQSR", "seg_id": "DM01547", "seg_no": 28, "width_min_m": 6.14, "width_max_m": 8.33, "verdict": "unknown", "width_verified": false, "midpoint_fallback": false, "inherited": false, "route_usage": 9, "length_m": 29.1, "run_length_m": null, "nfa_designated": false, "cctv_dist_m": 128.6, "cv_feasible": false, "width_src": "ngii1k", "width_disagree_m": 0.87, "road_name": "필문대로263번길", "seg_label": "필문대로263번길 1-263", "road_side": "0", "road_bt_m": 6.0, "in_emd": true, "light_count": 13, "unknown_reason": "no_cctv", "z": 22.7 }, "geometry": { "type": "LineString", "coordinates": [ [ 126.928202, 35.147832 ], [ 126.928488, 35.147715 ] ] } },
{ "type": "Feature", "properties": { "seg_uid": "DM-193478-283534-LRZT", "seg_id": "DM01548", "seg_no": 6, "width_min_m": 37.58, "width_max_m": 41.25, "verdict": "clear", "width_verified": false, "midpoint_fallback": false, "inherited": false, "route_usage": 18, "length_m": 83.2, "run_length_m": null, "nfa_designated": false, "cctv_dist_m": 81.5, "cv_feasible": false, "width_src": "ngii1k", "width_disagree_m": 2.1, "road_name": "필문대로", "seg_label": "필문대로 253-263", "road_side": "0", "road_bt_m": 36.473, "in_emd": true, "light_count": 37, "unknown_reason": null, "z": 22.9 }, "geometry": { "type": "LineString", "coordinates": [ [ 126.928644, 35.148488 ], [ 126.928628, 35.148466 ], [ 126.928202, 35.147832 ] ] } },
{ "type": "Feature", "properties": { "seg_uid": "DM-193505-283474-OQSR", "seg_id": "DM01549", "seg_no": 21, "width_min_m": 5.46, "width_max_m": 7.41, "verdict": "unknown", "width_verified": false, "midpoint_fallback": false, "inherited": false, "route_usage": 5, "length_m": 47.4, "run_length_m": null, "nfa_designated": false, "cctv_dist_m": 81.3, "cv_feasible": false, "width_src": "ngii1k", "width_disagree_m": 1.23, "road_name": "필문대로263번길", "seg_label": "필문대로263번길 1-6", "road_side": "0", "road_bt_m": 6.0, "in_emd": true, "light_count": 13, "unknown_reason": "no_cctv", "z": 23.6 }, "geometry": { "type": "LineString", "coordinates": [ [ 126.928488, 35.147715 ], [ 126.928488, 35.147715 ], [ 126.928907, 35.147544 ], [ 126.928949, 35.147527 ], [ 126.928954, 35.147525 ] ] } },
{ "type": "Feature", "properties": { "seg_uid": "DM-193480-283453-OQSR", "seg_id": "DM01550", "seg_no": 18, "width_min_m": 4.07, "width_max_m": 6.36, "verdict": "unknown", "width_verified": false, "midpoint_fallback": false, "inherited": false, "route_usage": 2, "length_m": 64.5, "run_length_m": null, "nfa_designated": false, "cctv_dist_m": 64.7, "cv_feasible": false, "width_src": "ngii1k", "width_disagree_m": null, "road_name": "필문대로263번길", "seg_label": "필문대로263번길 1-2", "road_side": "1", "road_bt_m": 3.0, "in_emd": true, "light_count": 13, "unknown_reason": "no_cctv", "z": 23.1 }, "geometry": { "type": "LineString", "coordinates": [ [ 126.928488, 35.147715 ], [ 126.928483, 35.147676 ], [ 126.928473, 35.147608 ], [ 126.928466, 35.147574 ], [ 126.928445, 35.147425 ], [ 126.928444, 35.147399 ], [ 126.928434, 35.147321 ], [ 126.928434, 35.147277 ], [ 126.928433, 35.147185 ], [ 126.928433, 35.147137 ] ] } },
{ "type": "Feature", "properties": { "seg_uid": "DM-193549-283452-OQSR", "seg_id": "DM01551", "seg_no": 17, "width_min_m": 4.87, "width_max_m": 7.54, "verdict": "unknown", "width_verified": false, "midpoint_fallback": false, "inherited": false, "route_usage": 5, "length_m": 51.7, "run_length_m": null, "nfa_designated": false, "cctv_dist_m": 30.1, "cv_feasible": false, "width_src": "ngii1k", "width_disagree_m": 0.51, "road_name": "필문대로263번길", "seg_label": "필문대로263번길 5-11", "road_side": "0", "road_bt_m": 6.0, "in_emd": true, "light_count": 0, "unknown_reason": "no_cctv", "z": 25.1 }, "geometry": { "type": "LineString", "coordinates": [ [ 126.928954, 35.147525 ], [ 126.929266, 35.147398 ], [ 126.929462, 35.147318 ] ] } },
{ "type": "Feature", "properties": { "seg_uid": "DM-193516-283444-OQSR", "seg_id": "DM01552", "seg_no": 20, "width_min_m": 7.57, "width_max_m": 9.29, "verdict": "clear", "width_verified": false, "midpoint_fallback": false, "inherited": false, "route_usage": 0, "length_m": 44.9, "run_length_m": null, "nfa_designated": false, "cctv_dist_m": 76.6, "cv_feasible": false, "width_src": "ngii1k", "width_disagree_m": 5.57, "road_name": "필문대로263번길", "seg_label": "필문대로263번길 5-23", "road_side": "1", "road_bt_m": 8.0, "in_emd": true, "light_count": 0, "unknown_reason": null, "z": 24.2 }, "geometry": { "type": "LineString", "coordinates": [ [ 126.928954, 35.147525 ], [ 126.928951, 35.147521 ], [ 126.928732, 35.147164 ] ] } },
{ "type": "Feature", "properties": { "seg_uid": "DM-193584-283435-OQSR", "seg_id": "DM01553", "seg_no": 9, "width_min_m": 5.01, "width_max_m": 8.05, "verdict": "needs_cv", "width_verified": false, "midpoint_fallback": false, "inherited": false, "route_usage": 2, "length_m": 25.8, "run_length_m": 182.0, "nfa_designated": true, "cctv_dist_m": 6.3, "cv_feasible": true, "width_src": "ngii1k", "width_disagree_m": 0.05, "road_name": "필문대로263번길", "seg_label": "필문대로263번길 11-31", "road_side": "0", "road_bt_m": 6.0, "in_emd": true, "light_count": 0, "unknown_reason": null, "z": 26.1 }, "geometry": { "type": "LineString", "coordinates": [ [ 126.929462, 35.147318 ], [ 126.929599, 35.147262 ], [ 126.929725, 35.147286 ] ] } },
{ "type": "Feature", "properties": { "seg_uid": "DM-193575-283448-OQSR", "seg_id": "DM01554", "seg_no": 16, "width_min_m": 3.34, "width_max_m": 4.45, "verdict": "unknown", "width_verified": false, "midpoint_fallback": false, "inherited": false, "route_usage": 3, "length_m": 15.1, "run_length_m": null, "nfa_designated": false, "cctv_dist_m": 29.7, "cv_feasible": false, "width_src": "ngii1k", "width_disagree_m": 0.96, "road_name": "필문대로263번길", "seg_label": "필문대로263번길 11", "road_side": "1", "road_bt_m": 4.0, "in_emd": true, "light_count": 0, "unknown_reason": "no_cctv", "z": 25.8 }, "geometry": { "type": "LineString", "coordinates": [ [ 126.929462, 35.147318 ], [ 126.929474, 35.147341 ], [ 126.929525, 35.147443 ] ] } },
{ "type": "Feature", "properties": { "seg_uid": "DM-193602-283439-OQSR", "seg_id": "DM01555", "seg_no": 13, "width_min_m": 5.21, "width_max_m": 29.1, "verdict": "needs_cv", "width_verified": false, "midpoint_fallback": false, "inherited": false, "route_usage": 17, "length_m": 11.3, "run_length_m": 182.0, "nfa_designated": true, "cctv_dist_m": 4.5, "cv_feasible": true, "width_src": "ngii1k", "width_disagree_m": 0.54, "road_name": "필문대로263번길", "seg_label": "필문대로263번길 13-31", "road_side": "0", "road_bt_m": 6.0, "in_emd": false, "light_count": 0, "unknown_reason": null, "z": 26.7 }, "geometry": { "type": "LineString", "coordinates": [ [ 126.929725, 35.147286 ], [ 126.929845, 35.14731 ] ] } },
{ "type": "Feature", "properties": { "seg_uid": "DM-193568-283423-VXVD", "seg_id": "DM01556", "seg_no": 19, "width_min_m": 2.03, "width_max_m": 10.15, "verdict": "needs_cv", "width_verified": false, "midpoint_fallback": false, "inherited": false, "route_usage": 15, "length_m": 64.1, "run_length_m": 182.0, "nfa_designated": true, "cctv_dist_m": 6.3, "cv_feasible": true, "width_src": "ngii1k", "width_disagree_m": 0.96, "road_name": "필문대로289번길", "seg_label": "필문대로289번길 13-31", "road_side": "0", "road_bt_m": 4.0, "in_emd": false, "light_count": 0, "unknown_reason": null, "z": 25.6 }, "geometry": { "type": "LineString", "coordinates": [ [ 126.929094, 35.147032 ], [ 126.929094, 35.147033 ], [ 126.929111, 35.147039 ], [ 126.929514, 35.147192 ], [ 126.929725, 35.147286 ] ] } },
{ "type": "Feature", "properties": { "seg_uid": "DM-193622-283441-OQSR", "seg_id": "DM01557", "seg_no": 15, "width_min_m": 4.51, "width_max_m": 22.58, "verdict": "needs_cv", "width_verified": false, "midpoint_fallback": false, "inherited": false, "route_usage": 16, "length_m": 31.1, "run_length_m": 182.0, "nfa_designated": true, "cctv_dist_m": 8.2, "cv_feasible": true, "width_src": "ngii1k", "width_disagree_m": 0.02, "road_name": "필문대로263번길", "seg_label": "필문대로263번길 15-17", "road_side": "0", "road_bt_m": 6.0, "in_emd": false, "light_count": 0, "unknown_reason": null, "z": 27.0 }, "geometry": { "type": "LineString", "coordinates": [ [ 126.929845, 35.14731 ], [ 126.929938, 35.147329 ], [ 126.929989, 35.147321 ], [ 126.93018, 35.147294 ] ] } },
{ "type": "Feature", "properties": { "seg_uid": "DM-193616-283463-OQSR", "seg_id": "DM01558", "seg_no": 14, "width_min_m": 5.16, "width_max_m": 8.72, "verdict": "needs_cv", "width_verified": false, "midpoint_fallback": false, "inherited": false, "route_usage": 1, "length_m": 49.7, "run_length_m": 182.0, "nfa_designated": true, "cctv_dist_m": 8.2, "cv_feasible": true, "width_src": "ngii1k", "width_disagree_m": 1.38, "road_name": "필문대로263번길", "seg_label": "필문대로263번길 11-15", "road_side": "1", "road_bt_m": 7.0, "in_emd": false, "light_count": 0, "unknown_reason": null, "z": 26.9 }, "geometry": { "type": "LineString", "coordinates": [ [ 126.929845, 35.14731 ], [ 126.930028, 35.147732 ] ] } },
{ "type": "Feature", "properties": { "seg_uid": "DM-193655-283435-OQSR", "seg_id": "DM01559", "seg_no": 11, "width_min_m": 4.28, "width_max_m": 8.76, "verdict": "unknown", "width_verified": false, "midpoint_fallback": false, "inherited": false, "route_usage": 16, "length_m": 35.2, "run_length_m": null, "nfa_designated": false, "cctv_dist_m": 36.3, "cv_feasible": false, "width_src": "ngii1k", "width_disagree_m": 0.04, "road_name": "필문대로263번길", "seg_label": "필문대로263번길 17-21", "road_side": "0", "road_bt_m": 6.0, "in_emd": false, "light_count": 0, "unknown_reason": "no_cctv", "z": 27.8 }, "geometry": { "type": "LineString", "coordinates": [ [ 126.93018, 35.147294 ], [ 126.930185, 35.147293 ], [ 126.930559, 35.147237 ] ] } },
{ "type": "Feature", "properties": { "seg_uid": "DM-193642-283461-OQSR", "seg_id": "DM01560", "seg_no": 12, "width_min_m": 1.53, "width_max_m": 4.45, "verdict": "unknown", "width_verified": false, "midpoint_fallback": false, "inherited": false, "route_usage": 0, "length_m": 47.3, "run_length_m": null, "nfa_designated": false, "cctv_dist_m": 36.3, "cv_feasible": false, "width_src": "ngii1k", "width_disagree_m": 0.29, "road_name": "필문대로263번길", "seg_label": "필문대로263번길 17", "road_side": "1", "road_bt_m": 3.0, "in_emd": false, "light_count": 0, "unknown_reason": "no_cctv", "z": 27.5 }, "geometry": { "type": "LineString", "coordinates": [ [ 126.93018, 35.147294 ], [ 126.930279, 35.147712 ] ] } },
{ "type": "Feature", "properties": { "seg_uid": "DM-193690-283428-OQSR", "seg_id": "DM01561", "seg_no": 7, "width_min_m": 4.28, "width_max_m": 9.71, "verdict": "unknown", "width_verified": false, "midpoint_fallback": false, "inherited": false, "route_usage": 16, "length_m": 36.8, "run_length_m": null, "nfa_designated": false, "cctv_dist_m": 70.7, "cv_feasible": false, "width_src": "ngii1k", "width_disagree_m": 0.68, "road_name": "필문대로263번길", "seg_label": "필문대로263번길 21-25", "road_side": "0", "road_bt_m": 6.0, "in_emd": false, "light_count": 0, "unknown_reason": "no_cctv", "z": 28.4 }, "geometry": { "type": "LineString", "coordinates": [ [ 126.930559, 35.147237 ], [ 126.930561, 35.147237 ], [ 126.930855, 35.147186 ], [ 126.930955, 35.147173 ] ] } },
{ "type": "Feature", "properties": { "seg_uid": "DM-193675-283456-OQSR", "seg_id": "DM01562", "seg_no": 24, "width_min_m": 2.29, "width_max_m": 6.5, "verdict": "unknown", "width_verified": false, "midpoint_fallback": false, "inherited": false, "route_usage": 0, "length_m": 48.5, "run_length_m": null, "nfa_designated": false, "cctv_dist_m": 70.7, "cv_feasible": false, "width_src": "ngii1k", "width_disagree_m": 0.57, "road_name": "필문대로263번길", "seg_label": "필문대로263번길 21", "road_side": "1", "road_bt_m": 4.0, "in_emd": false, "light_count": 0, "unknown_reason": "no_cctv", "z": 28.2 }, "geometry": { "type": "LineString", "coordinates": [ [ 126.930559, 35.147237 ], [ 126.930604, 35.147624 ], [ 126.930557, 35.147653 ] ] } },
{ "type": "Feature", "properties": { "seg_uid": "DM-193723-283423-OQSR", "seg_id": "DM01563", "seg_no": 5, "width_min_m": 3.97, "width_max_m": null, "verdict": "unknown", "width_verified": false, "midpoint_fallback": false, "inherited": false, "route_usage": 16, "length_m": 30.1, "run_length_m": null, "nfa_designated": false, "cctv_dist_m": 65.9, "cv_feasible": false, "width_src": "ngii1k", "width_disagree_m": 0.32, "road_name": "필문대로263번길", "seg_label": "필문대로263번길 25-29", "road_side": "0", "road_bt_m": 6.0, "in_emd": false, "light_count": 0, "unknown_reason": "no_cctv", "z": 29.1 }, "geometry": { "type": "LineString", "coordinates": [ [ 126.930955, 35.147173 ], [ 126.931123, 35.147155 ], [ 126.931281, 35.147143 ], [ 126.931284, 35.147142 ] ] } },
{ "type": "Feature", "properties": { "seg_uid": "DM-193708-283447-OQSR", "seg_id": "DM01564", "seg_no": 10, "width_min_m": 1.18, "width_max_m": null, "verdict": "blocked", "width_verified": false, "midpoint_fallback": false, "inherited": false, "route_usage": 0, "length_m": 43.9, "run_length_m": 43.9, "nfa_designated": false, "cctv_dist_m": 96.0, "cv_feasible": false, "width_src": "ngii1k", "width_disagree_m": 0.71, "road_name": "필문대로263번길", "seg_label": "필문대로263번길 25", "road_side": "1", "road_bt_m": 2.0, "in_emd": false, "light_count": 0, "unknown_reason": null, "z": 28.7 }, "geometry": { "type": "LineString", "coordinates": [ [ 126.930955, 35.147173 ], [ 126.930951, 35.147196 ], [ 126.930944, 35.147243 ], [ 126.930943, 35.147271 ], [ 126.930954, 35.147568 ] ] } },
{ "type": "Feature", "properties": { "seg_uid": "DM-193752-283420-OQSR", "seg_id": "DM01565", "seg_no": 4, "width_min_m": 3.92, "width_max_m": null, "verdict": "unknown", "width_verified": false, "midpoint_fallback": false, "inherited": false, "route_usage": 16, "length_m": 26.9, "run_length_m": null, "nfa_designated": false, "cctv_dist_m": 39.4, "cv_feasible": false, "width_src": "ngii1k", "width_disagree_m": 1.05, "road_name": "필문대로263번길", "seg_label": "필문대로263번길 27-31", "road_side": "0", "road_bt_m": 6.0, "in_emd": false, "light_count": 0, "unknown_reason": "no_cctv", "z": 29.7 }, "geometry": { "type": "LineString", "coordinates": [ [ 126.931284, 35.147142 ], [ 126.931421, 35.147135 ], [ 126.93153, 35.147132 ], [ 126.931579, 35.147132 ] ] } },
{ "type": "Feature", "properties": { "seg_uid": "DM-193746-283441-OQSR", "seg_id": "DM01566", "seg_no": 8, "width_min_m": 5.57, "width_max_m": null, "verdict": "unknown", "width_verified": false, "midpoint_fallback": false, "inherited": false, "route_usage": 0, "length_m": 43.9, "run_length_m": null, "nfa_designated": false, "cctv_dist_m": 65.5, "cv_feasible": false, "width_src": "ngii1k", "width_disagree_m": 0.72, "road_name": "필문대로263번길", "seg_label": "필문대로263번길 27-29", "road_side": "1", "road_bt_m": 6.0, "in_emd": false, "light_count": 0, "unknown_reason": "no_cctv", "z": 29.1 }, "geometry": { "type": "LineString", "coordinates": [ [ 126.931284, 35.147142 ], [ 126.931278, 35.147192 ], [ 126.93148, 35.147496 ] ] } },
{ "type": "Feature", "properties": { "seg_uid": "DM-193765-283448-OQSR", "seg_id": "DM01567", "seg_no": 22, "width_min_m": 2.15, "width_max_m": null, "verdict": "unknown", "width_verified": false, "midpoint_fallback": false, "inherited": false, "route_usage": 0, "length_m": 55.0, "run_length_m": null, "nfa_designated": false, "cctv_dist_m": 39.4, "cv_feasible": false, "width_src": "ngii1k", "width_disagree_m": 0.25, "road_name": "필문대로263번길", "seg_label": "필문대로263번길 29-31", "road_side": "1", "road_bt_m": 3.0, "in_emd": false, "light_count": 0, "unknown_reason": "no_cctv", "z": 29.4 }, "geometry": { "type": "LineString", "coordinates": [ [ 126.931579, 35.147132 ], [ 126.931574, 35.147565 ], [ 126.931568, 35.147627 ] ] } },
{ "type": "Feature", "properties": { "seg_uid": "DM-193519-283568-TNWY", "seg_id": "DM01568", "seg_no": 20, "width_min_m": 5.57, "width_max_m": 8.43, "verdict": "unknown", "width_verified": false, "midpoint_fallback": false, "inherited": false, "route_usage": 5, "length_m": 41.9, "run_length_m": null, "nfa_designated": false, "cctv_dist_m": 80.3, "cv_feasible": false, "width_src": "ngii1k", "width_disagree_m": 1.23, "road_name": "필문대로253번길", "seg_label": "필문대로253번길 1-253", "road_side": "0", "road_bt_m": 8.0, "in_emd": true, "light_count": 24, "unknown_reason": "no_cctv", "z": 23.3 }, "geometry": { "type": "LineString", "coordinates": [ [ 126.928644, 35.148488 ], [ 126.929098, 35.148435 ], [ 126.929099, 35.148435 ] ] } },
{ "type": "Feature", "properties": { "seg_uid": "DM-193508-283588-LRZT", "seg_id": "DM01569", "seg_no": 8, "width_min_m": 39.47, "width_max_m": 42.92, "verdict": "clear", "width_verified": false, "midpoint_fallback": false, "inherited": false, "route_usage": 13, "length_m": 40.1, "run_length_m": null, "nfa_designated": false, "cctv_dist_m": 77.8, "cv_feasible": false, "width_src": "ngii1k", "width_disagree_m": 0.13, "road_name": "필문대로", "seg_label": "필문대로 249-253", "road_side": "0", "road_bt_m": 36.473, "in_emd": true, "light_count": 24, "unknown_reason": null, "z": 23.5 }, "geometry": { "type": "LineString", "coordinates": [ [ 126.928869, 35.148799 ], [ 126.928644, 35.148488 ] ] } },
{ "type": "Feature", "properties": { "seg_uid": "DM-193552-283562-TNWY", "seg_id": "DM01570", "seg_no": 17, "width_min_m": 5.99, "width_max_m": 8.1, "verdict": "unknown", "width_verified": false, "midpoint_fallback": false, "inherited": false, "route_usage": 5, "length_m": 25.4, "run_length_m": null, "nfa_designated": false, "cctv_dist_m": 55.2, "cv_feasible": false, "width_src": "ngii1k", "width_disagree_m": 1.19, "road_name": "필문대로253번길", "seg_label": "필문대로253번길 1-5", "road_side": "0", "road_bt_m": 8.0, "in_emd": true, "light_count": 0, "unknown_reason": "no_cctv", "z": 23.7 }, "geometry": { "type": "LineString", "coordinates": [ [ 126.929099, 35.148435 ], [ 126.929371, 35.148386 ], [ 126.929371, 35.148386 ] ] } },
{ "type": "Feature", "properties": { "seg_uid": "DM-193587-283551-TNWY", "seg_id": "DM01571", "seg_no": 16, "width_min_m": 5.42, "width_max_m": 6.5, "verdict": "needs_cv", "width_verified": false, "midpoint_fallback": false, "inherited": false, "route_usage": 6, "length_m": 48.6, "run_length_m": 310.1, "nfa_designated": true, "cctv_dist_m": 7.3, "cv_feasible": true, "width_src": "ngii1k", "width_disagree_m": 0.12, "road_name": "필문대로253번길", "seg_label": "필문대로253번길 5-9", "road_side": "0", "road_bt_m": 8.0, "in_emd": true, "light_count": 0, "unknown_reason": null, "z": 24.6 }, "geometry": { "type": "LineString", "coordinates": [ [ 126.929371, 35.148386 ], [ 126.929511, 35.148361 ], [ 126.929853, 35.148207 ] ] } },
{ "type": "Feature", "properties": { "seg_uid": "DM-193556-283517-TNWY", "seg_id": "DM01572", "seg_no": 5, "width_min_m": 4.62, "width_max_m": 6.72, "verdict": "unknown", "width_verified": false, "midpoint_fallback": false, "inherited": false, "route_usage": 1, "length_m": 86.5, "run_length_m": null, "nfa_designated": false, "cctv_dist_m": 54.4, "cv_feasible": false, "width_src": "ngii1k", "width_disagree_m": 2.01, "road_name": "필문대로253번길", "seg_label": "필문대로253번길 2-6", "road_side": "1", "road_bt_m": 3.0, "in_emd": true, "light_count": 0, "unknown_reason": "no_cctv", "z": 24.3 }, "geometry": { "type": "LineString", "coordinates": [ [ 126.929371, 35.148386 ], [ 126.929329, 35.148233 ], [ 126.929306, 35.148156 ], [ 126.929305, 35.148152 ], [ 126.929275, 35.147903 ], [ 126.929271, 35.147886 ], [ 126.929254, 35.147822 ], [ 126.929048, 35.147705 ], [ 126.929047, 35.147705 ] ] } },
{ "type": "Feature", "properties": { "seg_uid": "DM-193567-283571-TNWY", "seg_id": "DM01573", "seg_no": 23, "width_min_m": 1.57, "width_max_m": 7.43, "verdict": "unknown", "width_verified": false, "midpoint_fallback": false, "inherited": false, "route_usage": 6, "length_m": 24.3, "run_length_m": null, "nfa_designated": false, "cctv_dist_m": 55.2, "cv_feasible": false, "width_src": "ngii1k", "width_disagree_m": 0.28, "road_name": "필문대로253번길", "seg_label": "필문대로253번길 5", "road_side": "1", "road_bt_m": 3.0, "in_emd": true, "light_count": 0, "unknown_reason": "no_cctv", "z": 24.0 }, "geometry": { "type": "LineString", "coordinates": [ [ 126.929371, 35.148386 ], [ 126.929425, 35.148579 ], [ 126.929431, 35.1486 ] ] } },
{ "type": "Feature", "properties": { "seg_uid": "DM-193621-283532-TNWY", "seg_id": "DM01574", "seg_no": 11, "width_min_m": 5.15, "width_max_m": 9.18, "verdict": "needs_cv", "width_verified": false, "midpoint_fallback": false, "inherited": false, "route_usage": 9, "length_m": 29.4, "run_length_m": 310.1, "nfa_designated": true, "cctv_dist_m": 3.0, "cv_feasible": true, "width_src": "ngii1k", "width_disagree_m": 0.66, "road_name": "필문대로253번길", "seg_label": "필문대로253번길 9-13", "road_side": "0", "road_bt_m": 8.0, "in_emd": true, "light_count": 0, "unknown_reason": null, "z": 26.0 }, "geometry": { "type": "LineString", "coordinates": [ [ 126.929853, 35.148207 ], [ 126.930131, 35.148081 ], [ 126.930135, 35.148079 ] ] } },
{ "type": "Feature", "properties": { "seg_uid": "DM-193659-283512-TNWY", "seg_id": "DM01575", "seg_no": 8, "width_min_m": 5.72, "width_max_m": 8.04, "verdict": "needs_cv", "width_verified": false, "midpoint_fallback": false, "inherited": false, "route_usage": 4, "length_m": 56.3, "run_length_m": 310.1, "nfa_designated": true, "cctv_dist_m": 22.9, "cv_feasible": true, "width_src": "ngii1k", "width_disagree_m": 0.53, "road_name": "필문대로253번길", "seg_label": "필문대로253번길 13-17", "road_side": "0", "road_bt_m": 8.0, "in_emd": true, "light_count": 0, "unknown_reason": null, "z": 27.5 }, "geometry": { "type": "LineString", "coordinates": [ [ 126.930135, 35.148079 ], [ 126.930147, 35.148074 ], [ 126.93017, 35.148064 ], [ 126.930172, 35.148063 ], [ 126.930681, 35.147842 ] ] } },
{ "type": "Feature", "properties": { "seg_uid": "DM-193630-283505-OQSR", "seg_id": "DM01576", "seg_no": 27, "width_min_m": 5.36, "width_max_m": 8.67, "verdict": "unknown", "width_verified": false, "midpoint_fallback": false, "inherited": false, "route_usage": 3, "length_m": 39.0, "run_length_m": null, "nfa_designated": false, "cctv_dist_m": 26.6, "cv_feasible": false, "width_src": "ngii1k", "width_disagree_m": 1.12, "road_name": "필문대로263번길", "seg_label": "필문대로263번길 11-15", "road_side": "1", "road_bt_m": 7.0, "in_emd": true, "light_count": 0, "unknown_reason": "no_cctv", "z": 26.6 }, "geometry": { "type": "LineString", "coordinates": [ [ 126.930028, 35.147732 ], [ 126.930069, 35.147826 ], [ 126.930172, 35.148063 ] ] } },
{ "type": "Feature", "properties": { "seg_uid": "DM-193645-283526-TNWY", "seg_id": "DM01577", "seg_no": 14, "width_min_m": 2.8, "width_max_m": 12.62, "verdict": "unknown", "width_verified": false, "midpoint_fallback": false, "inherited": false, "route_usage": 1, "length_m": 17.6, "run_length_m": null, "nfa_designated": false, "cctv_dist_m": 26.6, "cv_feasible": false, "width_src": "ngii1k", "width_disagree_m": 1.81, "road_name": "필문대로253번길", "seg_label": "필문대로253번길 13-15", "road_side": "1", "road_bt_m": 2.0, "in_emd": false, "light_count": 0, "unknown_reason": "no_cctv", "z": 26.8 }, "geometry": { "type": "LineString", "coordinates": [ [ 126.930172, 35.148063 ], [ 126.930195, 35.148081 ], [ 126.930215, 35.148085 ], [ 126.930233, 35.148086 ], [ 126.930281, 35.148087 ], [ 126.930356, 35.148082 ] ] } },
{ "type": "Feature", "properties": { "seg_uid": "DM-193699-283491-TNWY", "seg_id": "DM01578", "seg_no": 3, "width_min_m": 5.26, "width_max_m": 7.64, "verdict": "unknown", "width_verified": false, "midpoint_fallback": false, "inherited": false, "route_usage": 0, "length_m": 35.9, "run_length_m": null, "nfa_designated": false, "cctv_dist_m": 78.9, "cv_feasible": false, "width_src": "ngii1k", "width_disagree_m": 0.99, "road_name": "필문대로253번길", "seg_label": "필문대로253번길 17-21", "road_side": "0", "road_bt_m": 8.0, "in_emd": false, "light_count": 0, "unknown_reason": "no_cctv", "z": 28.0 }, "geometry": { "type": "LineString", "coordinates": [ [ 126.930681, 35.147842 ], [ 126.931014, 35.147698 ], [ 126.931024, 35.147694 ], [ 126.93103, 35.147691 ] ] } },
{ "type": "Feature", "properties": { "seg_uid": "DM-193689-283510-TNWY", "seg_id": "DM01579", "seg_no": 6, "width_min_m": 5.71, "width_max_m": 7.55, "verdict": "unknown", "width_verified": false, "midpoint_fallback": false, "inherited": false, "route_usage": 0, "length_m": 25.6, "run_length_m": null, "nfa_designated": false, "cctv_dist_m": 78.8, "cv_feasible": false, "width_src": "ngii1k", "width_disagree_m": 4.52, "road_name": "필문대로253번길", "seg_label": "필문대로253번길 13-17", "road_side": "1", "road_bt_m": 5.0, "in_emd": false, "light_count": 0, "unknown_reason": "no_cctv", "z": 27.5 }, "geometry": { "type": "LineString", "coordinates": [ [ 126.930681, 35.147842 ], [ 126.9308, 35.14803 ], [ 126.930809, 35.148046 ], [ 126.93081, 35.148047 ] ] } },
{ "type": "Feature", "properties": { "seg_uid": "DM-193732-283474-TNWY", "seg_id": "DM01580", "seg_no": 2, "width_min_m": 5.25, "width_max_m": null, "verdict": "unknown", "width_verified": false, "midpoint_fallback": false, "inherited": false, "route_usage": 0, "length_m": 37.1, "run_length_m": null, "nfa_designated": false, "cctv_dist_m": 77.9, "cv_feasible": false, "width_src": "ngii1k", "width_disagree_m": 0.79, "road_name": "필문대로253번길", "seg_label": "필문대로253번길 21-25", "road_side": "0", "road_bt_m": 8.0, "in_emd": false, "light_count": 0, "unknown_reason": "no_cctv", "z": 28.5 }, "geometry": { "type": "LineString", "coordinates": [ [ 126.93103, 35.147691 ], [ 126.93139, 35.147535 ] ] } },
{ "type": "Feature", "properties": { "seg_uid": "DM-193721-283524-TNWY", "seg_id": "DM01581", "seg_no": 13, "width_min_m": 0.86, "width_max_m": 14.47, "verdict": "unknown", "width_verified": false, "midpoint_fallback": false, "inherited": false, "route_usage": 0, "length_m": 83.8, "run_length_m": null, "nfa_designated": false, "cctv_dist_m": 96.7, "cv_feasible": false, "width_src": "ngii1k", "width_disagree_m": 3.66, "road_name": "필문대로253번길", "seg_label": "필문대로253번길 17-21", "road_side": "1", "road_bt_m": 2.0, "in_emd": false, "light_count": 0, "unknown_reason": "no_cctv", "z": 27.3 }, "geometry": { "type": "LineString", "coordinates": [ [ 126.93103, 35.147691 ], [ 126.931036, 35.147753 ], [ 126.93105, 35.147854 ], [ 126.931067, 35.147932 ], [ 126.931082, 35.148022 ], [ 126.931094, 35.148087 ], [ 126.931104, 35.14815 ], [ 126.931109, 35.148198 ], [ 126.931108, 35.148247 ], [ 126.931106, 35.148282 ], [ 126.931097, 35.148322 ], [ 126.931081, 35.148371 ], [ 126.931046, 35.148434 ] ] } },
{ "type": "Feature", "properties": { "seg_uid": "DM-193752-283463-TNWY", "seg_id": "DM01582", "seg_no": 1, "width_min_m": 6.46, "width_max_m": null, "verdict": "unknown", "width_verified": false, "midpoint_fallback": false, "inherited": false, "route_usage": 0, "length_m": 9.3, "run_length_m": null, "nfa_designated": false, "cctv_dist_m": 69.1, "cv_feasible": false, "width_src": "ngii1k", "width_disagree_m": 0.58, "road_name": "필문대로253번길", "seg_label": "필문대로253번길 25-29", "road_side": "0", "road_bt_m": 8.0, "in_emd": false, "light_count": 0, "unknown_reason": "no_cctv", "z": 28.9 }, "geometry": { "type": "LineString", "coordinates": [ [ 126.93139, 35.147535 ], [ 126.931477, 35.147497 ], [ 126.93148, 35.147496 ] ] } },
{ "type": "Feature", "properties": { "seg_uid": "DM-193748-283476-TNWY", "seg_id": "DM01583", "seg_no": 4, "width_min_m": 3.36, "width_max_m": null, "verdict": "unknown", "width_verified": false, "midpoint_fallback": false, "inherited": false, "route_usage": 0, "length_m": 23.1, "run_length_m": null, "nfa_designated": false, "cctv_dist_m": 77.9, "cv_feasible": false, "width_src": "ngii1k", "width_disagree_m": 0.08, "road_name": "필문대로253번길", "seg_label": "필문대로253번길 25", "road_side": "1", "road_bt_m": 3.0, "in_emd": false, "light_count": 0, "unknown_reason": "no_cctv", "z": 28.6 }, "geometry": { "type": "LineString", "coordinates": [ [ 126.93139, 35.147535 ], [ 126.931391, 35.147743 ] ] } },
{ "type": "Feature", "properties": { "seg_uid": "DM-193760-283468-OQSR", "seg_id": "DM01584", "seg_no": 23, "width_min_m": 5.5, "width_max_m": null, "verdict": "unknown", "width_verified": false, "midpoint_fallback": false, "inherited": false, "route_usage": 0, "length_m": 16.6, "run_length_m": null, "nfa_designated": false, "cctv_dist_m": 69.1, "cv_feasible": false, "width_src": "ngii1k", "width_disagree_m": 0.83, "road_name": "필문대로263번길", "seg_label": "필문대로263번길 27-31", "road_side": "1", "road_bt_m": 6.0, "in_emd": false, "light_count": 0, "unknown_reason": "no_cctv", "z": 29.0 }, "geometry": { "type": "LineString", "coordinates": [ [ 126.93148, 35.147496 ], [ 126.931562, 35.147618 ], [ 126.931568, 35.147627 ] ] } },
{ "type": "Feature", "properties": { "seg_uid": "DM-193812-283627-A5GM", "seg_id": "DM01585", "seg_no": 6, "width_min_m": 7.23, "width_max_m": null, "verdict": "clear", "width_verified": false, "midpoint_fallback": false, "inherited": false, "route_usage": 1, "length_m": 32.4, "run_length_m": null, "nfa_designated": false, "cctv_dist_m": 10.4, "cv_feasible": true, "width_src": "ngii1k", "width_disagree_m": 0.93, "road_name": "지산로57번길", "seg_label": "지산로57번길 5-10", "road_side": "0", "road_bt_m": 8.0, "in_emd": false, "light_count": 0, "unknown_reason": null, "z": 30.1 }, "geometry": { "type": "LineString", "coordinates": [ [ 126.93227, 35.14898 ], [ 126.932095, 35.149001 ], [ 126.93192, 35.149031 ] ] } },
{ "type": "Feature", "properties": { "seg_uid": "DM-193821-283600-A5GM", "seg_id": "DM01586", "seg_no": 5, "width_min_m": 5.18, "width_max_m": null, "verdict": "unknown", "width_verified": false, "midpoint_fallback": false, "inherited": false, "route_usage": 0, "length_m": 52.3, "run_length_m": null, "nfa_designated": false, "cctv_dist_m": 42.3, "cv_feasible": false, "width_src": "ngii1k", "width_disagree_m": 0.66, "road_name": "지산로57번길", "seg_label": "지산로57번길 5", "road_side": "1", "road_bt_m": 5.0, "in_emd": false, "light_count": 0, "unknown_reason": "no_cctv", "z": 30.1 }, "geometry": { "type": "LineString", "coordinates": [ [ 126.93227, 35.14898 ], [ 126.932114, 35.148526 ] ] } },
{ "type": "Feature", "properties": { "seg_uid": "DM-193792-283632-A5GM", "seg_id": "DM01587", "seg_no": 9, "width_min_m": 7.1, "width_max_m": null, "verdict": "needs_cv", "width_verified": false, "midpoint_fallback": false, "inherited": false, "route_usage": 1, "length_m": 8.1, "run_length_m": 130.8, "nfa_designated": true, "cctv_dist_m": 3.8, "cv_feasible": true, "width_src": "ngii1k", "width_disagree_m": 0.93, "road_name": "지산로57번길", "seg_label": "지산로57번길 9-10", "road_side": "0", "road_bt_m": 8.0, "in_emd": false, "light_count": 0, "unknown_reason": null, "z": 29.9 }, "geometry": { "type": "LineString", "coordinates": [ [ 126.93192, 35.149031 ], [ 126.931832, 35.149046 ] ] } },
{ "type": "Feature", "properties": { "seg_uid": "DM-193798-283637-A5GM", "seg_id": "DM01588", "seg_no": 7, "width_min_m": 1.09, "width_max_m": null, "verdict": "blocked", "width_verified": false, "midpoint_fallback": false, "inherited": false, "route_usage": 0, "length_m": 13.6, "run_length_m": 13.6, "nfa_designated": false, "cctv_dist_m": 9.8, "cv_feasible": true, "width_src": "silpok", "width_disagree_m": null, "road_name": "지산로57번길", "seg_label": "지산로57번길 9-10", "road_side": "1", "road_bt_m": 1.0, "in_emd": false, "light_count": 0, "unknown_reason": null, "z": 29.9 }, "geometry": { "type": "LineString", "coordinates": [ [ 126.93192, 35.149031 ], [ 126.931951, 35.149151 ] ] } },
{ "type": "Feature", "properties": { "seg_uid": "DM-193767-283637-A5GM", "seg_id": "DM01589", "seg_no": 10, "width_min_m": 6.95, "width_max_m": 9.43, "verdict": "needs_cv", "width_verified": false, "midpoint_fallback": false, "inherited": false, "route_usage": 0, "length_m": 43.8, "run_length_m": 130.8, "nfa_designated": true, "cctv_dist_m": 3.4, "cv_feasible": true, "width_src": "ngii1k", "width_disagree_m": 0.62, "road_name": "지산로57번길", "seg_label": "지산로57번길 9-13", "road_side": "0", "road_bt_m": 8.0, "in_emd": false, "light_count": 0, "unknown_reason": null, "z": 28.3 }, "geometry": { "type": "LineString", "coordinates": [ [ 126.931832, 35.149046 ], [ 126.931749, 35.14906 ], [ 126.931361, 35.149124 ] ] } },
{ "type": "Feature", "properties": { "seg_uid": "DM-193727-283645-A5GM", "seg_id": "DM01590", "seg_no": 11, "width_min_m": 7.21, "width_max_m": 14.05, "verdict": "clear", "width_verified": false, "midpoint_fallback": false, "inherited": false, "route_usage": 0, "length_m": 37.7, "run_length_m": null, "nfa_designated": false, "cctv_dist_m": 31.6, "cv_feasible": false, "width_src": "ngii1k", "width_disagree_m": 0.37, "road_name": "지산로57번길", "seg_label": "지산로57번길 13-17", "road_side": "0", "road_bt_m": 8.0, "in_emd": false, "light_count": 7, "unknown_reason": null, "z": 27.6 }, "geometry": { "type": "LineString", "coordinates": [ [ 126.931361, 35.149124 ], [ 126.931315, 35.149132 ], [ 126.930954, 35.149185 ], [ 126.930954, 35.149185 ] ] } },
{ "type": "Feature", "properties": { "seg_uid": "DM-193738-283619-A5GM", "seg_id": "DM01591", "seg_no": 2, "width_min_m": 1.1, "width_max_m": 3.9, "verdict": "unknown", "width_verified": false, "midpoint_fallback": false, "inherited": false, "route_usage": 0, "length_m": 46.2, "run_length_m": null, "nfa_designated": false, "cctv_dist_m": 42.3, "cv_feasible": false, "width_src": "silpok", "width_disagree_m": null, "road_name": "지산로57번길", "seg_label": "지산로57번길 13-19", "road_side": "1", "road_bt_m": 2.0, "in_emd": false, "light_count": 0, "unknown_reason": "no_cctv", "z": 27.4 }, "geometry": { "type": "LineString", "coordinates": [ [ 126.931361, 35.149124 ], [ 126.93135, 35.149073 ], [ 126.931334, 35.149037 ], [ 126.931318, 35.148996 ], [ 126.931299, 35.14896 ], [ 126.931273, 35.148913 ], [ 126.931246, 35.148859 ], [ 126.93121, 35.148794 ], [ 126.931174, 35.14874 ] ] } },
{ "type": "Feature", "properties": { "seg_uid": "DM-193727-283653-A5GM", "seg_id": "DM01592", "seg_no": 13, "width_min_m": 1.92, "width_max_m": 2.55, "verdict": "blocked", "width_verified": false, "midpoint_fallback": false, "inherited": false, "route_usage": 32, "length_m": 37.9, "run_length_m": 59.3, "nfa_designated": false, "cctv_dist_m": 31.6, "cv_feasible": false, "width_src": "ngii1k", "width_disagree_m": 0.28, "road_name": "지산로57번길", "seg_label": "지산로57번길 17-18", "road_side": "1", "road_bt_m": 3.0, "in_emd": false, "light_count": 7, "unknown_reason": null, "z": 27.9 }, "geometry": { "type": "LineString", "coordinates": [ [ 126.930954, 35.149185 ], [ 126.931148, 35.149231 ], [ 126.931153, 35.149232 ], [ 126.931247, 35.149237 ], [ 126.931361, 35.149236 ] ] } },
{ "type": "Feature", "properties": { "seg_uid": "DM-193854-283679-1QHK", "seg_id": "DM01593", "seg_no": 4, "width_min_m": 4.73, "width_max_m": null, "verdict": "unknown", "width_verified": false, "midpoint_fallback": false, "inherited": false, "route_usage": 141, "length_m": 25.8, "run_length_m": null, "nfa_designated": false, "cctv_dist_m": 69.6, "cv_feasible": false, "width_src": "ngii1k", "width_disagree_m": 1.23, "road_name": "지산로63번길", "seg_label": "지산로63번길 3-5", "road_side": "0", "road_bt_m": 4.0, "in_emd": false, "light_count": 0, "unknown_reason": "no_cctv", "z": 33.2 }, "geometry": { "type": "LineString", "coordinates": [ [ 126.932696, 35.149451 ], [ 126.932669, 35.149453 ], [ 126.932428, 35.149474 ], [ 126.932414, 35.149476 ] ] } },
{ "type": "Feature", "properties": { "seg_uid": "DM-193867-283698-1QHK", "seg_id": "DM01594", "seg_no": 3, "width_min_m": 0.84, "width_max_m": null, "verdict": "blocked", "width_verified": false, "midpoint_fallback": false, "inherited": false, "route_usage": 0, "length_m": 41.6, "run_length_m": 41.6, "nfa_designated": false, "cctv_dist_m": 87.7, "cv_feasible": false, "width_src": "silpok", "width_disagree_m": null, "road_name": "지산로63번길", "seg_label": "지산로63번길 3-4", "road_side": "1", "road_bt_m": 1.0, "in_emd": false, "light_count": 0, "unknown_reason": null, "z": 34.0 }, "geometry": { "type": "LineString", "coordinates": [ [ 126.932696, 35.149451 ], [ 126.932702, 35.149826 ] ] } },
{ "type": "Feature", "properties": { "seg_uid": "DM-193829-283681-1QHK", "seg_id": "DM01595", "seg_no": 5, "width_min_m": 5.35, "width_max_m": null, "verdict": "unknown", "width_verified": false, "midpoint_fallback": false, "inherited": false, "route_usage": 141, "length_m": 24.5, "run_length_m": null, "nfa_designated": false, "cctv_dist_m": 55.3, "cv_feasible": false, "width_src": "ngii1k", "width_disagree_m": 1.85, "road_name": "지산로63번길", "seg_label": "지산로63번길 5-18", "road_side": "0", "road_bt_m": 4.0, "in_emd": false, "light_count": 0, "unknown_reason": "no_cctv", "z": 32.4 }, "geometry": { "type": "LineString", "coordinates": [ [ 126.932414, 35.149476 ], [ 126.932375, 35.149479 ], [ 126.932252, 35.149489 ], [ 126.932147, 35.1495 ] ] } },
{ "type": "Feature", "properties": { "seg_uid": "DM-193846-283663-1QHK", "seg_id": "DM01596", "seg_no": 1, "width_min_m": 1.76, "width_max_m": null, "verdict": "unknown", "width_verified": false, "midpoint_fallback": false, "inherited": false, "route_usage": 0, "length_m": 37.0, "run_length_m": null, "nfa_designated": false, "cctv_dist_m": 53.4, "cv_feasible": false, "width_src": "ngii1k", "width_disagree_m": 1.04, "road_name": "지산로63번길", "seg_label": "지산로63번길 5", "road_side": "1", "road_bt_m": 3.0, "in_emd": false, "light_count": 0, "unknown_reason": "no_cctv", "z": 32.7 }, "geometry": { "type": "LineString", "coordinates": [ [ 126.932414, 35.149476 ], [ 126.932445, 35.14941 ], [ 126.932473, 35.149374 ], [ 126.93246, 35.149312 ], [ 126.93244, 35.149267 ], [ 126.932399, 35.149163 ] ] } },
{ "type": "Feature", "properties": { "seg_uid": "DM-193838-283715-KE78", "seg_id": "DM01597", "seg_no": 1, "width_min_m": 6.94, "width_max_m": null, "verdict": "unknown", "width_verified": false, "midpoint_fallback": false, "inherited": false, "route_usage": 2, "length_m": 68.6, "run_length_m": null, "nfa_designated": false, "cctv_dist_m": 67.1, "cv_feasible": false, "width_src": "ngii1k", "width_disagree_m": 0.67, "road_name": "동명로110번길", "seg_label": "동명로110번길 7-15", "road_side": "0", "road_bt_m": 8.0, "in_emd": false, "light_count": 0, "unknown_reason": "no_cctv", "z": 33.7 }, "geometry": { "type": "LineString", "coordinates": [ [ 126.932381, 35.150097 ], [ 126.932375, 35.149479 ] ] } },
{ "type": "Feature", "properties": { "seg_uid": "DM-193802-283658-A5GM", "seg_id": "DM01598", "seg_no": 15, "width_min_m": 1.97, "width_max_m": 6.1, "verdict": "needs_cv", "width_verified": false, "midpoint_fallback": false, "inherited": false, "route_usage": 32, "length_m": 70.2, "run_length_m": 70.2, "nfa_designated": false, "cctv_dist_m": 19.3, "cv_feasible": true, "width_src": "ngii1k", "width_disagree_m": 0.13, "road_name": "지산로57번길", "seg_label": "지산로57번길 9-18", "road_side": "1", "road_bt_m": 3.0, "in_emd": false, "light_count": 0, "unknown_reason": null, "z": 30.4 }, "geometry": { "type": "LineString", "coordinates": [ [ 126.931603, 35.149232 ], [ 126.931609, 35.149232 ], [ 126.931731, 35.149245 ], [ 126.931882, 35.14926 ], [ 126.93193, 35.149266 ], [ 126.931981, 35.149271 ], [ 126.932074, 35.149289 ], [ 126.93212, 35.149304 ], [ 126.932123, 35.149446 ], [ 126.932144, 35.149479 ], [ 126.932147, 35.1495 ] ] } },
{ "type": "Feature", "properties": { "seg_uid": "DM-193788-283871-2K9Y", "seg_id": "DM01600", "seg_no": 3, "width_min_m": 1.03, "width_max_m": null, "verdict": "blocked", "width_verified": false, "midpoint_fallback": false, "inherited": false, "route_usage": 0, "length_m": 60.1, "run_length_m": 137.5, "nfa_designated": true, "cctv_dist_m": 30.4, "cv_feasible": false, "width_src": "ngii1k", "width_disagree_m": 0.56, "road_name": "지산로85번길", "seg_label": "지산로85번길 11-105", "road_side": "1", "road_bt_m": 2.0, "in_emd": false, "light_count": 0, "unknown_reason": null, "z": 28.7 }, "geometry": { "type": "LineString", "coordinates": [ [ 126.931848, 35.151464 ], [ 126.931827, 35.151177 ], [ 126.931827, 35.151174 ], [ 126.932132, 35.151159 ] ] } },
{ "type": "Feature", "properties": { "seg_uid": "DM-193748-283884-2K9Y", "seg_id": "DM01602", "seg_no": 4, "width_min_m": 9.09, "width_max_m": null, "verdict": "clear", "width_verified": false, "midpoint_fallback": false, "inherited": false, "route_usage": 0, "length_m": 41.8, "run_length_m": null, "nfa_designated": false, "cctv_dist_m": 19.3, "cv_feasible": true, "width_src": "ngii1k", "width_disagree_m": 0.17, "road_name": "지산로85번길", "seg_label": "지산로85번길 15-217", "road_side": "1", "road_bt_m": 9.0, "in_emd": false, "light_count": 11, "unknown_reason": null, "z": 27.7 }, "geometry": { "type": "LineString", "coordinates": [ [ 126.931457, 35.151491 ], [ 126.931343, 35.151202 ], [ 126.931316, 35.151133 ] ] } },
{ "type": "Feature", "properties": { "seg_uid": "DM-193833-283935-TA47", "seg_id": "DM01603", "seg_no": 1, "width_min_m": 1.08, "width_max_m": null, "verdict": "unknown", "width_verified": false, "midpoint_fallback": false, "inherited": false, "route_usage": 0, "length_m": 145.1, "run_length_m": null, "nfa_designated": false, "cctv_dist_m": 28.6, "cv_feasible": false, "width_src": "ngii1k", "width_disagree_m": 0.42, "road_name": "지산로89번길", "seg_label": "지산로89번길 1-89", "road_side": "0", "road_bt_m": 3.0, "in_emd": false, "light_count": 0, "unknown_reason": "no_cctv", "z": 25.9 }, "geometry": { "type": "LineString", "coordinates": [ [ 126.93311, 35.151738 ], [ 126.932972, 35.151741 ], [ 126.932686, 35.151754 ], [ 126.932425, 35.151769 ], [ 126.932132, 35.151784 ], [ 126.932024, 35.151793 ], [ 126.932032, 35.151864 ], [ 126.931872, 35.151869 ], [ 126.931616, 35.151886 ] ] } },
{ "type": "Feature", "properties": { "seg_uid": "DM-193762-283926-2K9Y", "seg_id": "DM01604", "seg_no": 6, "width_min_m": 9.28, "width_max_m": null, "verdict": "clear", "width_verified": false, "midpoint_fallback": false, "inherited": false, "route_usage": 0, "length_m": 45.4, "run_length_m": null, "nfa_designated": false, "cctv_dist_m": 6.1, "cv_feasible": true, "width_src": "ngii1k", "width_disagree_m": 0.12, "road_name": "지산로85번길", "seg_label": "지산로85번길 15-16", "road_side": "1", "road_bt_m": 10.0, "in_emd": false, "light_count": 0, "unknown_reason": null, "z": 26.0 }, "geometry": { "type": "LineString", "coordinates": [ [ 126.93146, 35.151498 ], [ 126.931469, 35.151521 ], [ 126.931472, 35.151531 ], [ 126.931615, 35.151884 ], [ 126.931616, 35.151886 ] ] } },
{ "type": "Feature", "properties": { "seg_uid": "DM-193973-283825-874B", "seg_id": "DM01605", "seg_no": 1, "width_min_m": 9.06, "width_max_m": null, "verdict": "clear", "width_verified": false, "midpoint_fallback": false, "inherited": false, "route_usage": 0, "length_m": 18.1, "run_length_m": null, "nfa_designated": false, "cctv_dist_m": 59.5, "cv_feasible": false, "width_src": "ngii1k", "width_disagree_m": 11.27, "road_name": "지산로78번길", "seg_label": "지산로78번길 7-82", "road_side": "0", "road_bt_m": 8.0, "in_emd": false, "light_count": 5, "unknown_reason": null, "z": 33.9 }, "geometry": { "type": "LineString", "coordinates": [ [ 126.933851, 35.150706 ], [ 126.933858, 35.150706 ], [ 126.933863, 35.150864 ] ] } },
{ "type": "Feature", "properties": { "seg_uid": "DM-193972-283791-HJS3", "seg_id": "DM01606", "seg_no": 15, "width_min_m": 11.26, "width_max_m": null, "verdict": "clear", "width_verified": false, "midpoint_fallback": false, "inherited": false, "route_usage": 0, "length_m": 51.4, "run_length_m": null, "nfa_designated": false, "cctv_dist_m": 68.3, "cv_feasible": false, "width_src": "silpok", "width_disagree_m": 2.96, "road_name": "준법로", "seg_label": "준법로 7-74", "road_side": "1", "road_bt_m": 10.0, "in_emd": false, "light_count": 5, "unknown_reason": null, "z": 35.6 }, "geometry": { "type": "LineString", "coordinates": [ [ 126.933845, 35.150243 ], [ 126.933851, 35.150706 ] ] } },
{ "type": "Feature", "properties": { "seg_uid": "DM-193974-283860-874B", "seg_id": "DM01607", "seg_no": 3, "width_min_m": 9.26, "width_max_m": null, "verdict": "clear", "width_verified": false, "midpoint_fallback": false, "inherited": false, "route_usage": 0, "length_m": 51.2, "run_length_m": null, "nfa_designated": false, "cctv_dist_m": 40.0, "cv_feasible": false, "width_src": "ngii1k", "width_disagree_m": 1.16, "road_name": "지산로78번길", "seg_label": "지산로78번길 9-86", "road_side": "0", "road_bt_m": 8.0, "in_emd": false, "light_count": 5, "unknown_reason": null, "z": 32.1 }, "geometry": { "type": "LineString", "coordinates": [ [ 126.933863, 35.150864 ], [ 126.933863, 35.150875 ], [ 126.933879, 35.151325 ] ] } },
{ "type": "Feature", "properties": { "seg_uid": "DM-193957-283835-S9D5", "seg_id": "DM01608", "seg_no": 22, "width_min_m": 2.99, "width_max_m": null, "verdict": "unknown", "width_verified": false, "midpoint_fallback": false, "inherited": false, "route_usage": 0, "length_m": 34.3, "run_length_m": null, "nfa_designated": false, "cctv_dist_m": 38.5, "cv_feasible": false, "width_src": "ngii1k", "width_disagree_m": 0.51, "road_name": "지산로", "seg_label": "지산로 9-82", "road_side": "1", "road_bt_m": 3.0, "in_emd": false, "light_count": 5, "unknown_reason": "no_cctv", "z": 33.0 }, "geometry": { "type": "LineString", "coordinates": [ [ 126.933488, 35.150889 ], [ 126.933589, 35.150882 ], [ 126.933863, 35.150864 ] ] } },
{ "type": "Feature", "properties": { "seg_uid": "DM-193976-283904-874B", "seg_id": "DM01609", "seg_no": 4, "width_min_m": 9.2, "width_max_m": null, "verdict": "clear", "width_verified": false, "midpoint_fallback": false, "inherited": false, "route_usage": 0, "length_m": 36.9, "run_length_m": null, "nfa_designated": false, "cctv_dist_m": 5.9, "cv_feasible": true, "width_src": "ngii1k", "width_disagree_m": null, "road_name": "지산로78번길", "seg_label": "지산로78번길 13-86", "road_side": "0", "road_bt_m": 8.0, "in_emd": false, "light_count": 0, "unknown_reason": null, "z": 29.3 }, "geometry": { "type": "LineString", "coordinates": [ [ 126.933879, 35.151325 ], [ 126.93388, 35.151335 ], [ 126.933891, 35.151652 ], [ 126.933891, 35.151658 ] ] } },
{ "type": "Feature", "properties": { "seg_uid": "DM-193958-283886-S9D5", "seg_id": "DM01610", "seg_no": 28, "width_min_m": 1.08, "width_max_m": null, "verdict": "blocked", "width_verified": false, "midpoint_fallback": false, "inherited": false, "route_usage": 0, "length_m": 34.1, "run_length_m": 69.3, "nfa_designated": false, "cctv_dist_m": 17.2, "cv_feasible": true, "width_src": "ngii1k", "width_disagree_m": 1.52, "road_name": "지산로", "seg_label": "지산로 13-86", "road_side": "1", "road_bt_m": 2.0, "in_emd": false, "light_count": 0, "unknown_reason": null, "z": 30.4 }, "geometry": { "type": "LineString", "coordinates": [ [ 126.933505, 35.15134 ], [ 126.933509, 35.15134 ], [ 126.933879, 35.151325 ] ] } },
{ "type": "Feature", "properties": { "seg_uid": "DM-194062-283919-5CP4", "seg_id": "DM01611", "seg_no": 2, "width_min_m": 3.14, "width_max_m": null, "verdict": "needs_cv", "width_verified": false, "midpoint_fallback": false, "inherited": false, "route_usage": 0, "length_m": 172.2, "run_length_m": 254.6, "nfa_designated": true, "cctv_dist_m": 2.8, "cv_feasible": true, "width_src": "ngii1k", "width_disagree_m": 0.14, "road_name": "밤실로43번길", "seg_label": "밤실로43번길 9-25", "road_side": "0", "road_bt_m": 6.0, "in_emd": false, "light_count": 0, "unknown_reason": null, "z": 30.3 }, "geometry": { "type": "LineString", "coordinates": [ [ 126.93578, 35.151608 ], [ 126.935705, 35.151608 ], [ 126.93522, 35.15162 ], [ 126.934718, 35.15163 ], [ 126.934381, 35.151642 ], [ 126.933891, 35.151658 ] ] } },
{ "type": "Feature", "properties": { "seg_uid": "DM-194151-283902-FTDK", "seg_id": "DM01612", "seg_no": 5, "width_min_m": 7.42, "width_max_m": null, "verdict": "clear", "width_verified": false, "midpoint_fallback": false, "inherited": false, "route_usage": 0, "length_m": 29.2, "run_length_m": null, "nfa_designated": false, "cctv_dist_m": 0.6, "cv_feasible": true, "width_src": "ngii1k", "width_disagree_m": 0.46, "road_name": "준법로25번길", "seg_label": "준법로25번길 9-41", "road_side": "0", "road_bt_m": 8.0, "in_emd": false, "light_count": 0, "unknown_reason": null, "z": 33.2 }, "geometry": { "type": "LineString", "coordinates": [ [ 126.935848, 35.15135 ], [ 126.93578, 35.151608 ] ] } },
{ "type": "Feature", "properties": { "seg_uid": "DM-194227-283721-AZHT", "seg_id": "DM01613", "seg_no": 3, "width_min_m": 7.26, "width_max_m": null, "verdict": "clear", "width_verified": false, "midpoint_fallback": false, "inherited": false, "route_usage": 0, "length_m": 17.1, "run_length_m": null, "nfa_designated": false, "cctv_dist_m": 16.5, "cv_feasible": true, "width_src": "ngii1k", "width_disagree_m": 0.17, "road_name": "밤실로23번길", "seg_label": "밤실로23번길 3-31", "road_side": "0", "road_bt_m": 7.0, "in_emd": false, "light_count": 24, "unknown_reason": null, "z": 44.1 }, "geometry": { "type": "LineString", "coordinates": [ [ 126.936743, 35.149837 ], [ 126.936556, 35.149849 ] ] } },
{ "type": "Feature", "properties": { "seg_uid": "DM-194237-283747-AZHT", "seg_id": "DM01614", "seg_no": 2, "width_min_m": 1.82, "width_max_m": null, "verdict": "blocked", "width_verified": false, "midpoint_fallback": false, "inherited": false, "route_usage": 0, "length_m": 53.3, "run_length_m": 53.3, "nfa_designated": false, "cctv_dist_m": 33.6, "cv_feasible": false, "width_src": "ngii1k", "width_disagree_m": 0.41, "road_name": "밤실로23번길", "seg_label": "밤실로23번길 3-4", "road_side": "1", "road_bt_m": 2.0, "in_emd": false, "light_count": 24, "unknown_reason": null, "z": 43.9 }, "geometry": { "type": "LineString", "coordinates": [ [ 126.936743, 35.149837 ], [ 126.936776, 35.150317 ] ] } },
{ "type": "Feature", "properties": { "seg_uid": "DM-194211-283722-AZHT", "seg_id": "DM01615", "seg_no": 4, "width_min_m": 7.54, "width_max_m": null, "verdict": "clear", "width_verified": false, "midpoint_fallback": false, "inherited": false, "route_usage": 0, "length_m": 16.3, "run_length_m": null, "nfa_designated": false, "cctv_dist_m": 0.8, "cv_feasible": true, "width_src": "ngii1k", "width_disagree_m": 0.23, "road_name": "밤실로23번길", "seg_label": "밤실로23번길 3-31", "road_side": "0", "road_bt_m": 7.0, "in_emd": false, "light_count": 0, "unknown_reason": null, "z": 43.9 }, "geometry": { "type": "LineString", "coordinates": [ [ 126.936556, 35.149849 ], [ 126.936378, 35.149859 ] ] } },
{ "type": "Feature", "properties": { "seg_uid": "DM-194218-283691-HJS3", "seg_id": "DM01616", "seg_no": 14, "width_min_m": 1.62, "width_max_m": null, "verdict": "needs_cv", "width_verified": false, "midpoint_fallback": false, "inherited": false, "route_usage": 0, "length_m": 63.4, "run_length_m": 63.4, "nfa_designated": false, "cctv_dist_m": 16.5, "cv_feasible": true, "width_src": "ngii1k", "width_disagree_m": 0.32, "road_name": "준법로", "seg_label": "준법로 3-31", "road_side": "1", "road_bt_m": 3.0, "in_emd": false, "light_count": 31, "unknown_reason": null, "z": 44.1 }, "geometry": { "type": "LineString", "coordinates": [ [ 126.936557, 35.149862 ], [ 126.936556, 35.149849 ], [ 126.936549, 35.149693 ], [ 126.936532, 35.149405 ], [ 126.936529, 35.149354 ], [ 126.936525, 35.149291 ] ] } },
{ "type": "Feature", "properties": { "seg_uid": "DM-194195-283723-AZHT", "seg_id": "DM01617", "seg_no": 5, "width_min_m": 7.51, "width_max_m": null, "verdict": "clear", "width_verified": false, "midpoint_fallback": false, "inherited": false, "route_usage": 0, "length_m": 15.9, "run_length_m": null, "nfa_designated": false, "cctv_dist_m": 0.7, "cv_feasible": true, "width_src": "ngii1k", "width_disagree_m": 0.31, "road_name": "밤실로23번길", "seg_label": "밤실로23번길 5-29", "road_side": "0", "road_bt_m": 7.0, "in_emd": false, "light_count": 0, "unknown_reason": null, "z": 43.7 }, "geometry": { "type": "LineString", "coordinates": [ [ 126.936378, 35.149859 ], [ 126.936204, 35.14987 ] ] } },
{ "type": "Feature", "properties": { "seg_uid": "DM-194206-283794-AZHT", "seg_id": "DM01618", "seg_no": 7, "width_min_m": 5.44, "width_max_m": null, "verdict": "needs_cv", "width_verified": false, "midpoint_fallback": false, "inherited": false, "route_usage": 0, "length_m": 143.8, "run_length_m": 143.8, "nfa_designated": true, "cctv_dist_m": 0.2, "cv_feasible": true, "width_src": "ngii1k", "width_disagree_m": 0.46, "road_name": "밤실로23번길", "seg_label": "밤실로23번길 3-6", "road_side": "1", "road_bt_m": 6.0, "in_emd": false, "light_count": 0, "unknown_reason": null, "z": 41.5 }, "geometry": { "type": "LineString", "coordinates": [ [ 126.936378, 35.149859 ], [ 126.936379, 35.149873 ], [ 126.93638, 35.149953 ], [ 126.936424, 35.150709 ], [ 126.936453, 35.151154 ] ] } },
{ "type": "Feature", "properties": { "seg_uid": "DM-194169-283725-AZHT", "seg_id": "DM01619", "seg_no": 6, "width_min_m": 6.67, "width_max_m": null, "verdict": "needs_cv", "width_verified": false, "midpoint_fallback": false, "inherited": false, "route_usage": 0, "length_m": 36.1, "run_length_m": 36.1, "nfa_designated": false, "cctv_dist_m": 15.6, "cv_feasible": true, "width_src": "ngii1k", "width_disagree_m": 1.41, "road_name": "밤실로23번길", "seg_label": "밤실로23번길 7-29", "road_side": "0", "road_bt_m": 7.0, "in_emd": false, "light_count": 0, "unknown_reason": null, "z": 43.6 }, "geometry": { "type": "LineString", "coordinates": [ [ 126.936204, 35.14987 ], [ 126.936181, 35.149871 ], [ 126.935837, 35.149887 ], [ 126.935809, 35.149889 ] ] } },
{ "type": "Feature", "properties": { "seg_uid": "DM-194185-283693-HJS3", "seg_id": "DM01620", "seg_no": 13, "width_min_m": 1.23, "width_max_m": null, "verdict": "blocked", "width_verified": false, "midpoint_fallback": false, "inherited": false, "route_usage": 0, "length_m": 63.1, "run_length_m": 63.1, "nfa_designated": false, "cctv_dist_m": 15.6, "cv_feasible": true, "width_src": "ngii1k", "width_disagree_m": 0.37, "road_name": "준법로", "seg_label": "준법로 7-29", "road_side": "1", "road_bt_m": 2.0, "in_emd": false, "light_count": 0, "unknown_reason": null, "z": 43.6 }, "geometry": { "type": "LineString", "coordinates": [ [ 126.936205, 35.149881 ], [ 126.936204, 35.14987 ], [ 126.936193, 35.149729 ], [ 126.936185, 35.149585 ], [ 126.936171, 35.149443 ], [ 126.936166, 35.14938 ], [ 126.936161, 35.149313 ] ] } },
{ "type": "Feature", "properties": { "seg_uid": "DM-194153-283763-FTDK", "seg_id": "DM01621", "seg_no": 2, "width_min_m": 8.47, "width_max_m": null, "verdict": "clear", "width_verified": false, "midpoint_fallback": false, "inherited": false, "route_usage": 0, "length_m": 74.5, "run_length_m": null, "nfa_designated": false, "cctv_dist_m": 51.7, "cv_feasible": false, "width_src": "ngii1k", "width_disagree_m": 0.48, "road_name": "준법로25번길", "seg_label": "준법로25번길 7-14", "road_side": "0", "road_bt_m": 8.0, "in_emd": false, "light_count": 0, "unknown_reason": null, "z": 43.7 }, "geometry": { "type": "LineString", "coordinates": [ [ 126.935809, 35.149889 ], [ 126.93581, 35.149901 ], [ 126.935827, 35.150157 ], [ 126.935853, 35.150559 ] ] } },
{ "type": "Feature", "properties": { "seg_uid": "DM-193890-283420-RH2F", "seg_id": "DM01652", "seg_no": 1, "width_min_m": 4.88, "width_max_m": null, "verdict": "unknown", "width_verified": false, "midpoint_fallback": false, "inherited": false, "route_usage": 0, "length_m": 96.4, "run_length_m": null, "nfa_designated": false, "cctv_dist_m": 40.9, "cv_feasible": false, "width_src": "ngii1k", "width_disagree_m": 1.08, "road_name": "지산로38번길", "seg_label": "지산로38번길 5-13", "road_side": "0", "road_bt_m": 6.0, "in_emd": false, "light_count": 0, "unknown_reason": "no_cctv", "z": 31.7 }, "geometry": { "type": "LineString", "coordinates": [ [ 126.932421, 35.147158 ], [ 126.932474, 35.147151 ], [ 126.932597, 35.147128 ], [ 126.932676, 35.147124 ], [ 126.932752, 35.147121 ], [ 126.932911, 35.147131 ], [ 126.933028, 35.147135 ], [ 126.933235, 35.14716 ], [ 126.933361, 35.147173 ], [ 126.933463, 35.147208 ] ] } },
{ "type": "Feature", "properties": { "seg_uid": "DM-193858-283458-RH2F", "seg_id": "DM01653", "seg_no": 3, "width_min_m": 0.63, "width_max_m": null, "verdict": "blocked", "width_verified": false, "midpoint_fallback": false, "inherited": false, "route_usage": 0, "length_m": 77.1, "run_length_m": 77.1, "nfa_designated": false, "cctv_dist_m": 40.9, "cv_feasible": false, "width_src": "ngii1k", "width_disagree_m": 1.27, "road_name": "지산로38번길", "seg_label": "지산로38번길 5", "road_side": "1", "road_bt_m": 2.0, "in_emd": false, "light_count": 0, "unknown_reason": null, "z": 30.6 }, "geometry": { "type": "LineString", "coordinates": [ [ 126.932421, 35.147158 ], [ 126.932425, 35.14717 ], [ 126.932443, 35.147216 ], [ 126.932472, 35.147291 ], [ 126.932499, 35.147348 ], [ 126.932531, 35.147397 ], [ 126.932568, 35.147438 ], [ 126.932602, 35.147479 ], [ 126.932618, 35.14749 ], [ 126.932701, 35.147476 ], [ 126.932759, 35.147457 ], [ 126.932818, 35.14744 ], [ 126.932896, 35.147434 ], [ 126.932998, 35.147438 ] ] } },
{ "type": "Feature", "properties": { "seg_uid": "DM-192817-284043-3JSA", "seg_id": "DM01673", "seg_no": 10, "width_min_m": 4.94, "width_max_m": 5.94, "verdict": "unknown", "width_verified": false, "midpoint_fallback": false, "inherited": false, "route_usage": 57, "length_m": 37.4, "run_length_m": null, "nfa_designated": false, "cctv_dist_m": 44.0, "cv_feasible": false, "width_src": "ngii1k", "width_disagree_m": 0.37, "road_name": "동계천로85번길", "seg_label": "동계천로85번길 5-15", "road_side": "0", "road_bt_m": 5.0, "in_emd": true, "light_count": 0, "unknown_reason": "no_cctv", "z": 11.5 }, "geometry": { "type": "LineString", "coordinates": [ [ 126.921016, 35.152628 ], [ 126.92118, 35.152749 ], [ 126.921317, 35.152848 ], [ 126.921322, 35.152852 ] ] } },
{ "type": "Feature", "properties": { "seg_uid": "DM-192813-284018-3JSA", "seg_id": "DM01674", "seg_no": 7, "width_min_m": 3.97, "width_max_m": 8.61, "verdict": "needs_cv", "width_verified": false, "midpoint_fallback": false, "inherited": false, "route_usage": 12, "length_m": 32.3, "run_length_m": 214.8, "nfa_designated": true, "cctv_dist_m": 13.4, "cv_feasible": true, "width_src": "ngii1k", "width_disagree_m": 0.11, "road_name": "동계천로85번길", "seg_label": "동계천로85번길 5-15", "road_side": "1", "road_bt_m": 4.0, "in_emd": true, "light_count": 0, "unknown_reason": null, "z": 11.8 }, "geometry": { "type": "LineString", "coordinates": [ [ 126.921016, 35.152628 ], [ 126.921239, 35.152401 ] ] } },
{ "type": "Feature", "properties": { "seg_uid": "DM-192836-284051-3JSA", "seg_id": "DM01675", "seg_no": 12, "width_min_m": 3.8, "width_max_m": 5.07, "verdict": "unknown", "width_verified": false, "midpoint_fallback": false, "inherited": false, "route_usage": 29, "length_m": 13.2, "run_length_m": null, "nfa_designated": false, "cctv_dist_m": 58.7, "cv_feasible": false, "width_src": "ngii1k", "width_disagree_m": 0.64, "road_name": "동계천로85번길", "seg_label": "동계천로85번길 9-10", "road_side": "1", "road_bt_m": 4.0, "in_emd": true, "light_count": 0, "unknown_reason": "no_cctv", "z": 11.4 }, "geometry": { "type": "LineString", "coordinates": [ [ 126.921322, 35.152852 ], [ 126.921352, 35.152833 ], [ 126.921412, 35.152795 ], [ 126.921441, 35.152787 ] ] } },
{ "type": "Feature", "properties": { "seg_uid": "DM-192868-284089-3JSA", "seg_id": "DM01676", "seg_no": 15, "width_min_m": 4.89, "width_max_m": 7.95, "verdict": "needs_cv", "width_verified": false, "midpoint_fallback": false, "inherited": false, "route_usage": 20, "length_m": 30.0, "run_length_m": 116.2, "nfa_designated": true, "cctv_dist_m": 5.8, "cv_feasible": true, "width_src": "ngii1k", "width_disagree_m": 0.51, "road_name": "동계천로85번길", "seg_label": "동계천로85번길 13-23", "road_side": "0", "road_bt_m": 5.0, "in_emd": true, "light_count": 0, "unknown_reason": null, "z": 11.0 }, "geometry": { "type": "LineString", "coordinates": [ [ 126.921602, 35.153073 ], [ 126.921611, 35.15308 ], [ 126.921621, 35.153088 ], [ 126.921859, 35.153234 ], [ 126.921863, 35.153237 ] ] } },
{ "type": "Feature", "properties": { "seg_uid": "DM-192856-284102-3JSA", "seg_id": "DM01677", "seg_no": 16, "width_min_m": 1.75, "width_max_m": 5.62, "verdict": "unknown", "width_verified": false, "midpoint_fallback": false, "inherited": false, "route_usage": 2, "length_m": 44.5, "run_length_m": null, "nfa_designated": false, "cctv_dist_m": 26.1, "cv_feasible": false, "width_src": "ngii1k", "width_disagree_m": 0.75, "road_name": "동계천로85번길", "seg_label": "동계천로85번길 13", "road_side": "1", "road_bt_m": 4.0, "in_emd": true, "light_count": 0, "unknown_reason": "no_cctv", "z": 10.8 }, "geometry": { "type": "LineString", "coordinates": [ [ 126.921602, 35.153073 ], [ 126.9216, 35.153107 ], [ 126.921595, 35.153204 ], [ 126.921597, 35.153327 ], [ 126.921604, 35.1534 ], [ 126.921605, 35.153439 ], [ 126.921605, 35.153474 ] ] } },
{ "type": "Feature", "properties": { "seg_uid": "DM-192881-284096-N2AV", "seg_id": "DM01678", "seg_no": 11, "width_min_m": 15.35, "width_max_m": 18.52, "verdict": "needs_cv", "width_verified": false, "midpoint_fallback": false, "inherited": false, "route_usage": 19, "length_m": 3.3, "run_length_m": 116.2, "nfa_designated": true, "cctv_dist_m": 5.8, "cv_feasible": true, "width_src": "ngii1k", "width_disagree_m": 1.47, "road_name": "동계천로95번길", "seg_label": "동계천로95번길 15-23", "road_side": "0", "road_bt_m": 6.0, "in_emd": true, "light_count": 0, "unknown_reason": null, "z": 10.9 }, "geometry": { "type": "LineString", "coordinates": [ [ 126.921871, 35.153208 ], [ 126.921864, 35.153235 ], [ 126.921863, 35.153237 ] ] } },
{ "type": "Feature", "properties": { "seg_uid": "DM-193267-283624-JFYG", "seg_id": "DM01681", "seg_no": 5, "width_min_m": 13.83, "width_max_m": 18.4, "verdict": "clear", "width_verified": false, "midpoint_fallback": false, "inherited": false, "route_usage": 12, "length_m": 53.0, "run_length_m": null, "nfa_designated": false, "cctv_dist_m": 36.4, "cv_feasible": false, "width_src": "ngii1k", "width_disagree_m": 1.8, "road_name": "동계천로", "seg_label": "동계천로 17-157", "road_side": "0", "road_bt_m": 15.0, "in_emd": true, "light_count": 16, "unknown_reason": null, "z": 20.2 }, "geometry": { "type": "LineString", "coordinates": [ [ 126.925844, 35.148869 ], [ 126.92638, 35.149056 ] ] } },
{ "type": "Feature", "properties": { "seg_uid": "DM-193304-283639-JFYG", "seg_id": "DM01682", "seg_no": 9, "width_min_m": 12.94, "width_max_m": 46.5, "verdict": "clear", "width_verified": false, "midpoint_fallback": false, "inherited": false, "route_usage": 12, "length_m": 27.3, "run_length_m": null, "nfa_designated": false, "cctv_dist_m": 10.9, "cv_feasible": true, "width_src": "ngii1k", "width_disagree_m": 0.49, "road_name": "동계천로", "seg_label": "동계천로 17-159", "road_side": "0", "road_bt_m": 15.0, "in_emd": true, "light_count": 16, "unknown_reason": null, "z": 21.1 }, "geometry": { "type": "LineString", "coordinates": [ [ 126.92638, 35.149056 ], [ 126.926384, 35.149057 ], [ 126.92646, 35.14908 ], [ 126.926661, 35.149142 ] ] } },
{ "type": "Feature", "properties": { "seg_uid": "DM-194356-283766-A0DR", "seg_id": "DM01742", "seg_no": 5, "width_min_m": 6.86, "width_max_m": null, "verdict": "needs_cv", "width_verified": false, "midpoint_fallback": false, "inherited": false, "route_usage": 0, "length_m": 155.4, "run_length_m": 155.4, "nfa_designated": true, "cctv_dist_m": 8.2, "cv_feasible": true, "width_src": "ngii1k", "width_disagree_m": 1.01, "road_name": "밤실로30번길", "seg_label": "밤실로30번길 3-19", "road_side": "0", "road_bt_m": 8.0, "in_emd": false, "light_count": 0, "unknown_reason": null, "z": 45.9 }, "geometry": { "type": "LineString", "coordinates": [ [ 126.937304, 35.150015 ], [ 126.93784, 35.150252 ], [ 126.937989, 35.150288 ], [ 126.938369, 35.150103 ], [ 126.938756, 35.150044 ], [ 126.938772, 35.150041 ], [ 126.938822, 35.150027 ], [ 126.938857, 35.150017 ] ] } },
{ "type": "Feature", "properties": { "seg_uid": "DM-194296-283726-A0DR", "seg_id": "DM01743", "seg_no": 2, "width_min_m": 5.37, "width_max_m": null, "verdict": "unknown", "width_verified": false, "midpoint_fallback": false, "inherited": false, "route_usage": 70, "length_m": 32.1, "run_length_m": null, "nfa_designated": false, "cctv_dist_m": 50.6, "cv_feasible": false, "width_src": "ngii1k", "width_disagree_m": 1.03, "road_name": "밤실로30번길", "seg_label": "밤실로30번길 3-24", "road_side": "1", "road_bt_m": 7.0, "in_emd": false, "light_count": 9, "unknown_reason": "no_cctv", "z": 45.4 }, "geometry": { "type": "LineString", "coordinates": [ [ 126.937304, 35.150015 ], [ 126.937485, 35.149777 ], [ 126.937486, 35.149777 ], [ 126.93749, 35.149772 ], [ 126.937492, 35.14977 ] ] } },
{ "type": "Feature", "properties": { "seg_uid": "DM-194457-283737-A0DR", "seg_id": "DM01744", "seg_no": 3, "width_min_m": 2.62, "width_max_m": null, "verdict": "unknown", "width_verified": false, "midpoint_fallback": false, "inherited": false, "route_usage": 0, "length_m": 58.9, "run_length_m": null, "nfa_designated": false, "cctv_dist_m": 80.7, "cv_feasible": false, "width_src": "silpok", "width_disagree_m": null, "road_name": "밤실로30번길", "seg_label": "밤실로30번길 17-25", "road_side": "0", "road_bt_m": 8.0, "in_emd": false, "light_count": 0, "unknown_reason": "no_cctv", "z": 55.5 }, "geometry": { "type": "LineString", "coordinates": [ [ 126.938857, 35.150017 ], [ 126.938892, 35.150007 ], [ 126.938968, 35.149986 ], [ 126.939497, 35.150001 ] ] } },
{ "type": "Feature", "properties": { "seg_uid": "DM-194428-283727-SAGS", "seg_id": "DM01745", "seg_no": 14, "width_min_m": 7.11, "width_max_m": null, "verdict": "clear", "width_verified": false, "midpoint_fallback": false, "inherited": false, "route_usage": 0, "length_m": 26.5, "run_length_m": null, "nfa_designated": false, "cctv_dist_m": 57.4, "cv_feasible": false, "width_src": "ngii1k", "width_disagree_m": 0.75, "road_name": "밤실로20번길", "seg_label": "밤실로20번길 17-25", "road_side": "1", "road_bt_m": 9.0, "in_emd": false, "light_count": 0, "unknown_reason": null, "z": 51.0 }, "geometry": { "type": "LineString", "coordinates": [ [ 126.938843, 35.149778 ], [ 126.938857, 35.150017 ] ] } },
{ "type": "Feature", "properties": { "seg_uid": "DM-194274-283669-SAGS", "seg_id": "DM01746", "seg_no": 12, "width_min_m": 3.21, "width_max_m": null, "verdict": "needs_cv", "width_verified": false, "midpoint_fallback": false, "inherited": false, "route_usage": 265, "length_m": 37.0, "run_length_m": 407.1, "nfa_designated": true, "cctv_dist_m": 9.7, "cv_feasible": true, "width_src": "ngii1k", "width_disagree_m": 0.17, "road_name": "밤실로20번길", "seg_label": "밤실로20번길 1-19", "road_side": "0", "road_bt_m": 6.0, "in_emd": false, "light_count": 40, "unknown_reason": null, "z": 46.7 }, "geometry": { "type": "LineString", "coordinates": [ [ 126.937368, 35.149366 ], [ 126.937367, 35.149366 ], [ 126.937367, 35.149366 ], [ 126.937359, 35.149367 ], [ 126.936963, 35.149388 ] ] } },
{ "type": "Feature", "properties": { "seg_uid": "DM-194291-283647-SAGS", "seg_id": "DM01747", "seg_no": 3, "width_min_m": 1.0, "width_max_m": null, "verdict": "blocked", "width_verified": false, "midpoint_fallback": false, "inherited": false, "route_usage": 0, "length_m": 42.1, "run_length_m": 42.1, "nfa_designated": false, "cctv_dist_m": 30.8, "cv_feasible": false, "width_src": "ngii1k", "width_disagree_m": 0.5, "road_name": "밤실로20번길", "seg_label": "밤실로20번길 3-4", "road_side": "1", "road_bt_m": 2.0, "in_emd": false, "light_count": 47, "unknown_reason": null, "z": 47.5 }, "geometry": { "type": "LineString", "coordinates": [ [ 126.937359, 35.149367 ], [ 126.937353, 35.149269 ], [ 126.937332, 35.148988 ] ] } },
{ "type": "Feature", "properties": { "seg_uid": "DM-194305-283667-SAGS", "seg_id": "DM01748", "seg_no": 10, "width_min_m": 2.29, "width_max_m": null, "verdict": "needs_cv", "width_verified": false, "midpoint_fallback": false, "inherited": false, "route_usage": 265, "length_m": 25.2, "run_length_m": 407.1, "nfa_designated": true, "cctv_dist_m": 5.1, "cv_feasible": true, "width_src": "ngii1k", "width_disagree_m": 0.71, "road_name": "밤실로20번길", "seg_label": "밤실로20번길 3-11", "road_side": "0", "road_bt_m": 6.0, "in_emd": false, "light_count": 33, "unknown_reason": null, "z": 48.2 }, "geometry": { "type": "LineString", "coordinates": [ [ 126.937368, 35.149366 ], [ 126.937375, 35.149366 ], [ 126.937625, 35.149353 ], [ 126.93764, 35.149342 ] ] } },
{ "type": "Feature", "properties": { "seg_uid": "DM-194294-283690-SAGS", "seg_id": "DM01749", "seg_no": 13, "width_min_m": 2.22, "width_max_m": null, "verdict": "blocked", "width_verified": false, "midpoint_fallback": false, "inherited": false, "route_usage": 0, "length_m": 45.7, "run_length_m": 45.7, "nfa_designated": false, "cctv_dist_m": 29.9, "cv_feasible": false, "width_src": "ngii1k", "width_disagree_m": 0.32, "road_name": "밤실로20번길", "seg_label": "밤실로20번길 3-24", "road_side": "1", "road_bt_m": 2.0, "in_emd": false, "light_count": 33, "unknown_reason": null, "z": 46.8 }, "geometry": { "type": "LineString", "coordinates": [ [ 126.937368, 35.149366 ], [ 126.937381, 35.149579 ], [ 126.937398, 35.149777 ] ] } },
{ "type": "Feature", "properties": { "seg_uid": "DM-194329-283661-SAGS", "seg_id": "DM01750", "seg_no": 9, "width_min_m": 5.28, "width_max_m": null, "verdict": "needs_cv", "width_verified": false, "midpoint_fallback": false, "inherited": false, "route_usage": 0, "length_m": 25.8, "run_length_m": 407.1, "nfa_designated": true, "cctv_dist_m": 3.7, "cv_feasible": true, "width_src": "ngii1k", "width_disagree_m": 0.32, "road_name": "밤실로20번길", "seg_label": "밤실로20번길 5-11", "road_side": "0", "road_bt_m": 6.0, "in_emd": false, "light_count": 9, "unknown_reason": null, "z": 48.5 }, "geometry": { "type": "LineString", "coordinates": [ [ 126.93764, 35.149342 ], [ 126.93765, 35.149335 ], [ 126.937684, 35.14931 ], [ 126.937907, 35.149298 ], [ 126.937908, 35.149297 ] ] } },
{ "type": "Feature", "properties": { "seg_uid": "DM-194317-283638-6CJO", "seg_id": "DM01751", "seg_no": 2, "width_min_m": 4.6, "width_max_m": null, "verdict": "needs_cv", "width_verified": false, "midpoint_fallback": false, "inherited": false, "route_usage": 0, "length_m": 53.8, "run_length_m": 407.1, "nfa_designated": true, "cctv_dist_m": 5.1, "cv_feasible": true, "width_src": "ngii1k", "width_disagree_m": 0.65, "road_name": "밤실로4번안길", "seg_label": "밤실로4번안길 5-16", "road_side": "0", "road_bt_m": 6.0, "in_emd": false, "light_count": 9, "unknown_reason": null, "z": 47.8 }, "geometry": { "type": "LineString", "coordinates": [ [ 126.937716, 35.148876 ], [ 126.937714, 35.148879 ], [ 126.937652, 35.148973 ], [ 126.937627, 35.149011 ], [ 126.93764, 35.149342 ] ] } },
{ "type": "Feature", "properties": { "seg_uid": "DM-194318-283680-6CJO", "seg_id": "DM01752", "seg_no": 3, "width_min_m": 5.26, "width_max_m": null, "verdict": "needs_cv", "width_verified": false, "midpoint_fallback": false, "inherited": false, "route_usage": 265, "length_m": 30.3, "run_length_m": 407.1, "nfa_designated": true, "cctv_dist_m": 5.1, "cv_feasible": true, "width_src": "ngii1k", "width_disagree_m": 0.12, "road_name": "밤실로4번안길", "seg_label": "밤실로4번안길 4-15", "road_side": "0", "road_bt_m": 6.0, "in_emd": false, "light_count": 9, "unknown_reason": null, "z": 47.8 }, "geometry": { "type": "LineString", "coordinates": [ [ 126.93764, 35.149342 ], [ 126.93764, 35.149343 ], [ 126.937653, 35.149565 ], [ 126.937667, 35.149609 ], [ 126.937672, 35.14961 ] ] } },
{ "type": "Feature", "properties": { "seg_uid": "DM-194349-283660-SAGS", "seg_id": "DM01753", "seg_no": 8, "width_min_m": 5.32, "width_max_m": null, "verdict": "needs_cv", "width_verified": false, "midpoint_fallback": false, "inherited": false, "route_usage": 0, "length_m": 14.3, "run_length_m": 407.1, "nfa_designated": true, "cctv_dist_m": 20.1, "cv_feasible": true, "width_src": "ngii1k", "width_disagree_m": 0.37, "road_name": "밤실로20번길", "seg_label": "밤실로20번길 9", "road_side": "0", "road_bt_m": 6.0, "in_emd": false, "light_count": 9, "unknown_reason": null, "z": 48.5 }, "geometry": { "type": "LineString", "coordinates": [ [ 126.937908, 35.149297 ], [ 126.937911, 35.149297 ], [ 126.938065, 35.149289 ] ] } },
{ "type": "Feature", "properties": { "seg_uid": "DM-194343-283666-SAGS", "seg_id": "DM01754", "seg_no": 11, "width_min_m": 1.22, "width_max_m": null, "verdict": "blocked", "width_verified": false, "midpoint_fallback": false, "inherited": false, "route_usage": 0, "length_m": 12.6, "run_length_m": 28.1, "nfa_designated": false, "cctv_dist_m": 19.7, "cv_feasible": true, "width_src": "ngii1k", "width_disagree_m": 0.22, "road_name": "밤실로20번길", "seg_label": "밤실로20번길 7-9", "road_side": "1", "road_bt_m": 2.0, "in_emd": false, "light_count": 9, "unknown_reason": null, "z": 48.4 }, "geometry": { "type": "LineString", "coordinates": [ [ 126.937908, 35.149298 ], [ 126.937912, 35.149342 ], [ 126.937915, 35.149365 ], [ 126.937916, 35.149411 ] ] } },
{ "type": "Feature", "properties": { "seg_uid": "DM-194343-283652-SAGS", "seg_id": "DM01755", "seg_no": 1, "width_min_m": 1.29, "width_max_m": null, "verdict": "blocked", "width_verified": false, "midpoint_fallback": false, "inherited": false, "route_usage": 0, "length_m": 15.5, "run_length_m": 28.1, "nfa_designated": false, "cctv_dist_m": 20.1, "cv_feasible": true, "width_src": "ngii1k", "width_disagree_m": 1.45, "road_name": "밤실로20번길", "seg_label": "밤실로20번길 9-10", "road_side": "1", "road_bt_m": 2.0, "in_emd": false, "light_count": 9, "unknown_reason": null, "z": 48.2 }, "geometry": { "type": "LineString", "coordinates": [ [ 126.937908, 35.149297 ], [ 126.937937, 35.149161 ], [ 126.937937, 35.14916 ] ] } },
{ "type": "Feature", "properties": { "seg_uid": "DM-194371-283658-SAGS", "seg_id": "DM01756", "seg_no": 6, "width_min_m": 5.34, "width_max_m": null, "verdict": "unknown", "width_verified": false, "midpoint_fallback": false, "inherited": false, "route_usage": 0, "length_m": 28.6, "run_length_m": null, "nfa_designated": false, "cctv_dist_m": 34.2, "cv_feasible": false, "width_src": "ngii1k", "width_disagree_m": 0.39, "road_name": "밤실로20번길", "seg_label": "밤실로20번길 9-13", "road_side": "0", "road_bt_m": 6.0, "in_emd": false, "light_count": 9, "unknown_reason": "no_cctv", "z": 48.5 }, "geometry": { "type": "LineString", "coordinates": [ [ 126.938065, 35.149289 ], [ 126.938177, 35.149282 ], [ 126.938379, 35.149274 ] ] } },
{ "type": "Feature", "properties": { "seg_uid": "DM-194357-283671-SAGS", "seg_id": "DM01757", "seg_no": 7, "width_min_m": 1.71, "width_max_m": null, "verdict": "blocked", "width_verified": false, "midpoint_fallback": false, "inherited": false, "route_usage": 0, "length_m": 24.5, "run_length_m": 24.5, "nfa_designated": false, "cctv_dist_m": 20.5, "cv_feasible": true, "width_src": "ngii1k", "width_disagree_m": 0.17, "road_name": "밤실로20번길", "seg_label": "밤실로20번길 9", "road_side": "1", "road_bt_m": 2.0, "in_emd": false, "light_count": 9, "unknown_reason": null, "z": 48.5 }, "geometry": { "type": "LineString", "coordinates": [ [ 126.938065, 35.149289 ], [ 126.938089, 35.149508 ] ] } },
{ "type": "Feature", "properties": { "seg_uid": "DM-194405-283656-SAGS", "seg_id": "DM01758", "seg_no": 4, "width_min_m": 5.04, "width_max_m": null, "verdict": "needs_cv", "width_verified": false, "midpoint_fallback": false, "inherited": false, "route_usage": 0, "length_m": 39.5, "run_length_m": 139.6, "nfa_designated": true, "cctv_dist_m": 1.4, "cv_feasible": true, "width_src": "ngii1k", "width_disagree_m": 0.0, "road_name": "밤실로20번길", "seg_label": "밤실로20번길 13-17", "road_side": "0", "road_bt_m": 6.0, "in_emd": false, "light_count": 0, "unknown_reason": null, "z": 49.0 }, "geometry": { "type": "LineString", "coordinates": [ [ 126.938379, 35.149274 ], [ 126.938416, 35.149273 ], [ 126.938811, 35.14925 ] ] } },
{ "type": "Feature", "properties": { "seg_uid": "DM-194385-283667-SAGS", "seg_id": "DM01759", "seg_no": 5, "width_min_m": 1.92, "width_max_m": null, "verdict": "unknown", "width_verified": false, "midpoint_fallback": false, "inherited": false, "route_usage": 0, "length_m": 18.4, "run_length_m": null, "nfa_designated": false, "cctv_dist_m": 40.1, "cv_feasible": false, "width_src": "ngii1k", "width_disagree_m": 1.01, "road_name": "밤실로20번길", "seg_label": "밤실로20번길 13", "road_side": "1", "road_bt_m": 5.0, "in_emd": false, "light_count": 0, "unknown_reason": "no_cctv", "z": 48.5 }, "geometry": { "type": "LineString", "coordinates": [ [ 126.938379, 35.149274 ], [ 126.938391, 35.14944 ] ] } },
{ "type": "Feature", "properties": { "seg_uid": "DM-194445-283654-SAGS", "seg_id": "DM01760", "seg_no": 2, "width_min_m": 4.9, "width_max_m": null, "verdict": "needs_cv", "width_verified": false, "midpoint_fallback": false, "inherited": false, "route_usage": 0, "length_m": 41.4, "run_length_m": 139.6, "nfa_designated": true, "cctv_dist_m": 1.2, "cv_feasible": true, "width_src": "ngii1k", "width_disagree_m": 0.23, "road_name": "밤실로20번길", "seg_label": "밤실로20번길 17-21", "road_side": "0", "road_bt_m": 6.0, "in_emd": false, "light_count": 0, "unknown_reason": null, "z": 52.3 }, "geometry": { "type": "LineString", "coordinates": [ [ 126.938811, 35.14925 ], [ 126.938836, 35.149249 ], [ 126.938866, 35.149247 ], [ 126.939205, 35.149233 ], [ 126.939265, 35.149231 ] ] } },
{ "type": "Feature", "properties": { "seg_uid": "DM-194426-283684-SAGS", "seg_id": "DM01761", "seg_no": 15, "width_min_m": 6.33, "width_max_m": null, "verdict": "needs_cv", "width_verified": false, "midpoint_fallback": false, "inherited": false, "route_usage": 0, "length_m": 58.7, "run_length_m": 139.6, "nfa_designated": true, "cctv_dist_m": 0.6, "cv_feasible": true, "width_src": "ngii1k", "width_disagree_m": 0.18, "road_name": "밤실로20번길", "seg_label": "밤실로20번길 17-25", "road_side": "1", "road_bt_m": 9.0, "in_emd": false, "light_count": 0, "unknown_reason": null, "z": 51.1 }, "geometry": { "type": "LineString", "coordinates": [ [ 126.938811, 35.14925 ], [ 126.938843, 35.149778 ] ] } },
{ "type": "Feature", "properties": { "seg_uid": "DM-194338-283589-6CJO", "seg_id": "DM01772", "seg_no": 1, "width_min_m": 5.43, "width_max_m": null, "verdict": "needs_cv", "width_verified": false, "midpoint_fallback": false, "inherited": false, "route_usage": 0, "length_m": 54.6, "run_length_m": 407.1, "nfa_designated": true, "cctv_dist_m": 6.4, "cv_feasible": true, "width_src": "ngii1k", "width_disagree_m": 0.07, "road_name": "밤실로4번안길", "seg_label": "밤실로4번안길 1-16", "road_side": "0", "road_bt_m": 6.0, "in_emd": false, "light_count": 0, "unknown_reason": null, "z": 46.5 }, "geometry": { "type": "LineString", "coordinates": [ [ 126.938011, 35.148448 ], [ 126.937883, 35.14863 ], [ 126.937716, 35.148876 ] ] } },
{ "type": "Feature", "properties": { "seg_uid": "DM-194371-283611-X6GR", "seg_id": "DM01776", "seg_no": 1, "width_min_m": 1.31, "width_max_m": null, "verdict": "blocked", "width_verified": false, "midpoint_fallback": false, "inherited": false, "route_usage": 0, "length_m": 68.1, "run_length_m": 68.1, "nfa_designated": false, "cctv_dist_m": 33.7, "cv_feasible": false, "width_src": "ngii1k", "width_disagree_m": 0.72, "road_name": "밤실로4번길", "seg_label": "밤실로4번길 15", "road_side": "1", "road_bt_m": 2.0, "in_emd": false, "light_count": 4, "unknown_reason": null, "z": 47.2 }, "geometry": { "type": "LineString", "coordinates": [ [ 126.938317, 35.148572 ], [ 126.938314, 35.148589 ], [ 126.938303, 35.148641 ], [ 126.938302, 35.148693 ], [ 126.938302, 35.148755 ], [ 126.938298, 35.148785 ], [ 126.938261, 35.148817 ], [ 126.938227, 35.148852 ], [ 126.938212, 35.148876 ], [ 126.938195, 35.148944 ], [ 126.938365, 35.148997 ], [ 126.93844, 35.14902 ] ] } },
{ "type": "Feature", "properties": { "seg_uid": "DM-193462-283839-O8MY", "seg_id": "DM01839", "seg_no": 5, "width_min_m": 8.03, "width_max_m": 54.86, "verdict": "clear", "width_verified": false, "midpoint_fallback": false, "inherited": false, "route_usage": 14, "length_m": 29.6, "run_length_m": null, "nfa_designated": false, "cctv_dist_m": 37.7, "cv_feasible": false, "width_src": "ngii1k", "width_disagree_m": 0.18, "road_name": "동명로70번길", "seg_label": "동명로70번길 1-69", "road_side": "0", "road_bt_m": 8.31, "in_emd": true, "light_count": 16, "unknown_reason": null, "z": 25.7 }, "geometry": { "type": "LineString", "coordinates": [ [ 126.92818, 35.151029 ], [ 126.928244, 35.150924 ], [ 126.928293, 35.150799 ], [ 126.928299, 35.150781 ] ] } },
{ "type": "Feature", "properties": { "seg_uid": "DM-193476-283825-O8MY", "seg_id": "DM01840", "seg_no": 4, "width_min_m": 1.81, "width_max_m": 6.35, "verdict": "unknown", "width_verified": false, "midpoint_fallback": false, "inherited": false, "route_usage": 2, "length_m": 18.4, "run_length_m": null, "nfa_designated": false, "cctv_dist_m": 37.7, "cv_feasible": false, "width_src": "ngii1k", "width_disagree_m": 22.96, "road_name": "동명로70번길", "seg_label": "동명로70번길 1", "road_side": "1", "road_bt_m": 1.0, "in_emd": true, "light_count": 16, "unknown_reason": "no_cctv", "z": 26.3 }, "geometry": { "type": "LineString", "coordinates": [ [ 126.928299, 35.150781 ], [ 126.9285, 35.150771 ] ] } },
{ "type": "Feature", "properties": { "seg_uid": "DM-193490-283697-O8MY", "seg_id": "DM01841", "seg_no": 1, "width_min_m": 7.64, "width_max_m": 45.19, "verdict": "clear", "width_verified": false, "midpoint_fallback": false, "inherited": false, "route_usage": 0, "length_m": 96.0, "run_length_m": null, "nfa_designated": false, "cctv_dist_m": 12.1, "cv_feasible": true, "width_src": "ngii1k", "width_disagree_m": 0.44, "road_name": "동명로70번길", "seg_label": "동명로70번길 11-238", "road_side": "0", "road_bt_m": 8.31, "in_emd": true, "light_count": 0, "unknown_reason": null, "z": 26.1 }, "geometry": { "type": "LineString", "coordinates": [ [ 126.928525, 35.150057 ], [ 126.928556, 35.149929 ], [ 126.928559, 35.149854 ], [ 126.928563, 35.149669 ], [ 126.928512, 35.149295 ], [ 126.928442, 35.149216 ] ] } },
{ "type": "Feature", "properties": { "seg_uid": "DM-193495-283743-LRZT", "seg_id": "DM01842", "seg_no": 18, "width_min_m": 7.08, "width_max_m": 17.34, "verdict": "clear", "width_verified": false, "midpoint_fallback": false, "inherited": false, "route_usage": 8, "length_m": 16.0, "run_length_m": null, "nfa_designated": false, "cctv_dist_m": 10.0, "cv_feasible": true, "width_src": "ngii1k", "width_disagree_m": 2.1, "road_name": "필문대로", "seg_label": "필문대로 11-238", "road_side": "1", "road_bt_m": 7.0, "in_emd": true, "light_count": 0, "unknown_reason": null, "z": 27.6 }, "geometry": { "type": "LineString", "coordinates": [ [ 126.928698, 35.15003 ], [ 126.928686, 35.150032 ], [ 126.928525, 35.150057 ] ] } },
{ "type": "Feature", "properties": { "seg_uid": "DM-193462-283645-JFYG", "seg_id": "DM01843", "seg_no": 13, "width_min_m": 13.13, "width_max_m": 21.69, "verdict": "clear", "width_verified": false, "midpoint_fallback": false, "inherited": false, "route_usage": 107, "length_m": 37.3, "run_length_m": null, "nfa_designated": false, "cctv_dist_m": 6.3, "cv_feasible": true, "width_src": "ngii1k", "width_disagree_m": 4.39, "road_name": "동계천로", "seg_label": "동계천로 19-175", "road_side": "0", "road_bt_m": 15.0, "in_emd": true, "light_count": 0, "unknown_reason": null, "z": 23.9 }, "geometry": { "type": "LineString", "coordinates": [ [ 126.928065, 35.149087 ], [ 126.928074, 35.14909 ], [ 126.928217, 35.149141 ], [ 126.928319, 35.149186 ], [ 126.928434, 35.149214 ], [ 126.928442, 35.149216 ] ] } },
{ "type": "Feature", "properties": { "seg_uid": "DM-193517-283663-JFYG", "seg_id": "DM01844", "seg_no": 25, "width_min_m": 11.28, "width_max_m": 11.93, "verdict": "clear", "width_verified": false, "midpoint_fallback": false, "inherited": false, "route_usage": 107, "length_m": 78.1, "run_length_m": null, "nfa_designated": false, "cctv_dist_m": 26.4, "cv_feasible": false, "width_src": "ngii1k", "width_disagree_m": 0.1, "road_name": "동계천로", "seg_label": "동계천로 19-243", "road_side": "0", "road_bt_m": 15.0, "in_emd": true, "light_count": 0, "unknown_reason": null, "z": 25.2 }, "geometry": { "type": "LineString", "coordinates": [ [ 126.928442, 35.149216 ], [ 126.928442, 35.149216 ], [ 126.928968, 35.149348 ], [ 126.928979, 35.149351 ], [ 126.929274, 35.149366 ] ] } },
{ "type": "Feature", "properties": { "seg_uid": "DM-193471-283591-JFYG", "seg_id": "DM01845", "seg_no": 1, "width_min_m": 1.76, "width_max_m": 21.37, "verdict": "unknown", "width_verified": false, "midpoint_fallback": false, "inherited": false, "route_usage": 2, "length_m": 121.7, "run_length_m": null, "nfa_designated": false, "cctv_dist_m": 26.4, "cv_feasible": false, "width_src": "ngii", "width_disagree_m": 0.74, "road_name": "동계천로", "seg_label": "동계천로 19-176", "road_side": "1", "road_bt_m": 4.0, "in_emd": true, "light_count": 37, "unknown_reason": "no_cctv", "z": 23.1 }, "geometry": { "type": "LineString", "coordinates": [ [ 126.928442, 35.149216 ], [ 126.928436, 35.149164 ], [ 126.928431, 35.149112 ], [ 126.928419, 35.148996 ], [ 126.928403, 35.148892 ], [ 126.928377, 35.148763 ], [ 126.928359, 35.148701 ], [ 126.92831, 35.148563 ], [ 126.928234, 35.148366 ], [ 126.928136, 35.148155 ] ] } },
{ "type": "Feature", "properties": { "seg_uid": "DM-193341-283261-VXVD", "seg_id": "DM01846", "seg_no": 1, "width_min_m": 52.2, "width_max_m": null, "verdict": "clear", "width_verified": false, "midpoint_fallback": false, "inherited": false, "route_usage": 0, "length_m": 23.7, "run_length_m": null, "nfa_designated": false, "cctv_dist_m": 71.2, "cv_feasible": false, "width_src": "ngii1k", "width_disagree_m": 6.83, "road_name": "필문대로289번길", "seg_label": "필문대로289번길", "road_side": "0", "road_bt_m": 4.0, "in_emd": false, "light_count": 14, "unknown_reason": null, "z": 20.0 }, "geometry": { "type": "LineString", "coordinates": [ [ 126.926796, 35.145682 ], [ 126.927047, 35.145714 ], [ 126.927052, 35.145716 ] ] } },
{ "type": "Feature", "properties": { "seg_uid": "DM-193320-283242-LRZT", "seg_id": "DM01847", "seg_no": 2, "width_min_m": 31.21, "width_max_m": 51.85, "verdict": "clear", "width_verified": false, "midpoint_fallback": false, "inherited": false, "route_usage": 0, "length_m": 40.8, "run_length_m": null, "nfa_designated": false, "cctv_dist_m": 42.0, "cv_feasible": false, "width_src": "ngii1k", "width_disagree_m": 3.88, "road_name": "필문대로", "seg_label": "필문대로 289-293", "road_side": "0", "road_bt_m": 36.473, "in_emd": false, "light_count": 14, "unknown_reason": null, "z": 19.3 }, "geometry": { "type": "LineString", "coordinates": [ [ 126.926796, 35.145682 ], [ 126.926585, 35.145357 ] ] } },
{ "type": "Feature", "properties": { "seg_uid": "DM-193359-283256-VXVD", "seg_id": "DM01848", "seg_no": 2, "width_min_m": 1.71, "width_max_m": 2.62, "verdict": "blocked", "width_verified": false, "midpoint_fallback": false, "inherited": false, "route_usage": 0, "length_m": 19.6, "run_length_m": 19.6, "nfa_designated": false, "cctv_dist_m": 93.6, "cv_feasible": false, "width_src": "ngii1k", "width_disagree_m": null, "road_name": "필문대로289번길", "seg_label": "필문대로289번길 1-2", "road_side": "1", "road_bt_m": 2.0, "in_emd": false, "light_count": 14, "unknown_reason": null, "z": 20.8 }, "geometry": { "type": "LineString", "coordinates": [ [ 126.927052, 35.145716 ], [ 126.927186, 35.145578 ] ] } },
{ "type": "Feature", "properties": { "seg_uid": "DM-193407-283274-VXVD", "seg_id": "DM01849", "seg_no": 4, "width_min_m": 1.8, "width_max_m": 2.67, "verdict": "blocked", "width_verified": false, "midpoint_fallback": false, "inherited": false, "route_usage": 2, "length_m": 52.3, "run_length_m": 52.3, "nfa_designated": false, "cctv_dist_m": 88.0, "cv_feasible": false, "width_src": "ngii1k", "width_disagree_m": 0.2, "road_name": "필문대로289번길", "seg_label": "필문대로289번길 5-6", "road_side": "1", "road_bt_m": 2.0, "in_emd": false, "light_count": 0, "unknown_reason": null, "z": 22.1 }, "geometry": { "type": "LineString", "coordinates": [ [ 126.927422, 35.14595 ], [ 126.92753, 35.145887 ], [ 126.927689, 35.145791 ], [ 126.92773, 35.145758 ], [ 126.927774, 35.145792 ], [ 126.927829, 35.145831 ], [ 126.92787, 35.14586 ] ] } },
{ "type": "Feature", "properties": { "seg_uid": "DM-193491-283378-VXVD", "seg_id": "DM01850", "seg_no": 11, "width_min_m": 2.88, "width_max_m": 10.55, "verdict": "needs_cv", "width_verified": false, "midpoint_fallback": false, "inherited": false, "route_usage": 12, "length_m": 22.8, "run_length_m": 32.4, "nfa_designated": false, "cctv_dist_m": 20.6, "cv_feasible": true, "width_src": "ngii1k", "width_disagree_m": 0.28, "road_name": "필문대로289번길", "seg_label": "필문대로289번길 6-19", "road_side": "0", "road_bt_m": 4.0, "in_emd": true, "light_count": 0, "unknown_reason": null, "z": 23.9 }, "geometry": { "type": "LineString", "coordinates": [ [ 126.928455, 35.146712 ], [ 126.928487, 35.146729 ], [ 126.928582, 35.146759 ], [ 126.928679, 35.146802 ] ] } },
{ "type": "Feature", "properties": { "seg_uid": "DM-193487-283387-OQSR", "seg_id": "DM01851", "seg_no": 2, "width_min_m": 7.02, "width_max_m": 15.17, "verdict": "clear", "width_verified": false, "midpoint_fallback": false, "inherited": false, "route_usage": 3, "length_m": 28.9, "run_length_m": null, "nfa_designated": false, "cctv_dist_m": 20.6, "cv_feasible": true, "width_src": "ngii1k", "width_disagree_m": 3.17, "road_name": "필문대로263번길", "seg_label": "필문대로263번길 6-19", "road_side": "1", "road_bt_m": 8.0, "in_emd": true, "light_count": 0, "unknown_reason": null, "z": 23.6 }, "geometry": { "type": "LineString", "coordinates": [ [ 126.928598, 35.146945 ], [ 126.928455, 35.146712 ] ] } },
{ "type": "Feature", "properties": { "seg_uid": "DM-193478-283369-OQSR", "seg_id": "DM01852", "seg_no": 1, "width_min_m": 6.68, "width_max_m": 9.25, "verdict": "needs_cv", "width_verified": false, "midpoint_fallback": false, "inherited": false, "route_usage": 0, "length_m": 9.6, "run_length_m": 32.4, "nfa_designated": false, "cctv_dist_m": 11.2, "cv_feasible": true, "width_src": "ngii1k", "width_disagree_m": 3.42, "road_name": "필문대로263번길", "seg_label": "필문대로263번길 6-17", "road_side": "1", "road_bt_m": 8.0, "in_emd": false, "light_count": 0, "unknown_reason": null, "z": 23.6 }, "geometry": { "type": "LineString", "coordinates": [ [ 126.928455, 35.146712 ], [ 126.928408, 35.146635 ] ] } },
{ "type": "Feature", "properties": { "seg_uid": "DM-193513-283391-VXVD", "seg_id": "DM01853", "seg_no": 13, "width_min_m": 1.97, "width_max_m": 5.55, "verdict": "unknown", "width_verified": false, "midpoint_fallback": false, "inherited": false, "route_usage": 13, "length_m": 27.8, "run_length_m": null, "nfa_designated": false, "cctv_dist_m": 42.0, "cv_feasible": false, "width_src": "ngii1k", "width_disagree_m": 0.49, "road_name": "필문대로289번길", "seg_label": "필문대로289번길 19-23", "road_side": "0", "road_bt_m": 4.0, "in_emd": false, "light_count": 0, "unknown_reason": "no_cctv", "z": 24.4 }, "geometry": { "type": "LineString", "coordinates": [ [ 126.928679, 35.146802 ], [ 126.928794, 35.146852 ], [ 126.928859, 35.146899 ], [ 126.928918, 35.146943 ], [ 126.928925, 35.146948 ] ] } },
{ "type": "Feature", "properties": { "seg_uid": "DM-193497-283392-VXVD", "seg_id": "DM01854", "seg_no": 12, "width_min_m": 13.08, "width_max_m": 20.85, "verdict": "clear", "width_verified": false, "midpoint_fallback": false, "inherited": false, "route_usage": 1, "length_m": 17.5, "run_length_m": null, "nfa_designated": false, "cctv_dist_m": 42.0, "cv_feasible": false, "width_src": "ngii1k", "width_disagree_m": 11.24, "road_name": "필문대로289번길", "seg_label": "필문대로289번길 6-19", "road_side": "1", "road_bt_m": 2.0, "in_emd": true, "light_count": 0, "unknown_reason": null, "z": 23.8 }, "geometry": { "type": "LineString", "coordinates": [ [ 126.928679, 35.146802 ], [ 126.928674, 35.146811 ], [ 126.928598, 35.146945 ] ] } },
{ "type": "Feature", "properties": { "seg_uid": "DM-193531-283405-VXVD", "seg_id": "DM01855", "seg_no": 16, "width_min_m": 2.1, "width_max_m": 4.77, "verdict": "unknown", "width_verified": false, "midpoint_fallback": false, "inherited": false, "route_usage": 15, "length_m": 18.0, "run_length_m": null, "nfa_designated": false, "cctv_dist_m": 67.6, "cv_feasible": false, "width_src": "ngii1k", "width_disagree_m": 0.15, "road_name": "필문대로289번길", "seg_label": "필문대로289번길 23-25", "road_side": "0", "road_bt_m": 4.0, "in_emd": false, "light_count": 0, "unknown_reason": "no_cctv", "z": 24.7 }, "geometry": { "type": "LineString", "coordinates": [ [ 126.928925, 35.146948 ], [ 126.928928, 35.14695 ], [ 126.929076, 35.147024 ], [ 126.929094, 35.147032 ] ] } },
{ "type": "Feature", "properties": { "seg_uid": "DM-193514-283411-VXVD", "seg_id": "DM01856", "seg_no": 17, "width_min_m": 1.3, "width_max_m": 3.21, "verdict": "unknown", "width_verified": false, "midpoint_fallback": false, "inherited": false, "route_usage": 2, "length_m": 29.9, "run_length_m": null, "nfa_designated": false, "cctv_dist_m": 69.3, "cv_feasible": false, "width_src": "silpok", "width_disagree_m": null, "road_name": "필문대로289번길", "seg_label": "필문대로289번길 6-23", "road_side": "1", "road_bt_m": 2.0, "in_emd": true, "light_count": 0, "unknown_reason": "no_cctv", "z": 24.3 }, "geometry": { "type": "LineString", "coordinates": [ [ 126.928925, 35.146948 ], [ 126.928874, 35.146992 ], [ 126.928824, 35.147039 ], [ 126.928805, 35.147072 ], [ 126.928787, 35.147102 ], [ 126.928732, 35.147164 ] ] } },
{ "type": "Feature", "properties": { "seg_uid": "DM-193545-283388-VXVD", "seg_id": "DM01857", "seg_no": 14, "width_min_m": 1.4, "width_max_m": 6.36, "verdict": "unknown", "width_verified": false, "midpoint_fallback": false, "inherited": false, "route_usage": 0, "length_m": 49.5, "run_length_m": null, "nfa_designated": false, "cctv_dist_m": 65.6, "cv_feasible": false, "width_src": "silpok", "width_disagree_m": null, "road_name": "필문대로289번길", "seg_label": "필문대로289번길 23-25", "road_side": "1", "road_bt_m": 2.0, "in_emd": false, "light_count": 0, "unknown_reason": "no_cctv", "z": 25.1 }, "geometry": { "type": "LineString", "coordinates": [ [ 126.929094, 35.147032 ], [ 126.929148, 35.146972 ], [ 126.929188, 35.146924 ], [ 126.929177, 35.146863 ], [ 126.929111, 35.146752 ], [ 126.92907, 35.146671 ], [ 126.929047, 35.146635 ] ] } },
{ "type": "Feature", "properties": { "seg_uid": "DM-193597-283676-RXXI", "seg_id": "DM01858", "seg_no": 2, "width_min_m": 2.16, "width_max_m": 4.94, "verdict": "unknown", "width_verified": false, "midpoint_fallback": false, "inherited": false, "route_usage": 104, "length_m": 66.2, "run_length_m": null, "nfa_designated": false, "cctv_dist_m": 54.0, "cv_feasible": false, "width_src": "ngii1k", "width_disagree_m": 1.04, "road_name": "필문대로241번길", "seg_label": "필문대로241번길 1-241", "road_side": "0", "road_bt_m": 1.0, "in_emd": true, "light_count": 0, "unknown_reason": "no_cctv", "z": 26.3 }, "geometry": { "type": "LineString", "coordinates": [ [ 126.929384, 35.149524 ], [ 126.929522, 35.149474 ], [ 126.929568, 35.149457 ], [ 126.929711, 35.149441 ], [ 126.929854, 35.149434 ], [ 126.930032, 35.149454 ], [ 126.93009, 35.149459 ] ] } },
{ "type": "Feature", "properties": { "seg_uid": "DM-193561-283677-LRZT", "seg_id": "DM01859", "seg_no": 11, "width_min_m": 39.64, "width_max_m": 41.56, "verdict": "clear", "width_verified": false, "midpoint_fallback": false, "inherited": false, "route_usage": 96, "length_m": 21.0, "run_length_m": null, "nfa_designated": false, "cctv_dist_m": 85.8, "cv_feasible": false, "width_src": "ngii1k", "width_disagree_m": 4.9, "road_name": "필문대로", "seg_label": "필문대로 183-243", "road_side": "0", "road_bt_m": 36.473, "in_emd": true, "light_count": 0, "unknown_reason": null, "z": 26.0 }, "geometry": { "type": "LineString", "coordinates": [ [ 126.929389, 35.14953 ], [ 126.929384, 35.149524 ], [ 126.929274, 35.149366 ] ] } },
{ "type": "Feature", "properties": { "seg_uid": "DM-193634-283699-RXXI", "seg_id": "DM01860", "seg_no": 4, "width_min_m": 1.58, "width_max_m": 2.88, "verdict": "blocked", "width_verified": false, "midpoint_fallback": false, "inherited": false, "route_usage": 1, "length_m": 41.1, "run_length_m": 126.9, "nfa_designated": true, "cctv_dist_m": 54.0, "cv_feasible": false, "width_src": "ngii1k", "width_disagree_m": 0.52, "road_name": "필문대로241번길", "seg_label": "필문대로241번길 5-10", "road_side": "0", "road_bt_m": 1.0, "in_emd": true, "light_count": 9, "unknown_reason": null, "z": 27.2 }, "geometry": { "type": "LineString", "coordinates": [ [ 126.93009, 35.149459 ], [ 126.930109, 35.149538 ], [ 126.930148, 35.149705 ], [ 126.930174, 35.149783 ], [ 126.930187, 35.149821 ] ] } },
{ "type": "Feature", "properties": { "seg_uid": "DM-193657-283679-RXXI", "seg_id": "DM01861", "seg_no": 3, "width_min_m": 1.46, "width_max_m": 3.94, "verdict": "needs_cv", "width_verified": false, "midpoint_fallback": false, "inherited": false, "route_usage": 103, "length_m": 55.0, "run_length_m": 88.8, "nfa_designated": false, "cctv_dist_m": 24.6, "cv_feasible": true, "width_src": "ngii1k", "width_disagree_m": 2.11, "road_name": "필문대로241번길", "seg_label": "필문대로241번길 5-10", "road_side": "1", "road_bt_m": 2.0, "in_emd": true, "light_count": 0, "unknown_reason": null, "z": 26.9 }, "geometry": { "type": "LineString", "coordinates": [ [ 126.93009, 35.149459 ], [ 126.930254, 35.149458 ], [ 126.930471, 35.149468 ], [ 126.930576, 35.149459 ], [ 126.93069, 35.149442 ] ] } },
{ "type": "Feature", "properties": { "seg_uid": "DM-193640-283741-RXXI", "seg_id": "DM01862", "seg_no": 6, "width_min_m": 1.44, "width_max_m": 3.91, "verdict": "unknown", "width_verified": false, "midpoint_fallback": false, "inherited": false, "route_usage": 3, "length_m": 45.1, "run_length_m": null, "nfa_designated": false, "cctv_dist_m": 51.1, "cv_feasible": false, "width_src": "ngii1k", "width_disagree_m": 0.66, "road_name": "필문대로241번길", "seg_label": "필문대로241번길 9-15", "road_side": "0", "road_bt_m": 1.0, "in_emd": true, "light_count": 9, "unknown_reason": "no_cctv", "z": 28.1 }, "geometry": { "type": "LineString", "coordinates": [ [ 126.930187, 35.149821 ], [ 126.930198, 35.149854 ], [ 126.930205, 35.149916 ], [ 126.930206, 35.149967 ], [ 126.930201, 35.150025 ], [ 126.930209, 35.150048 ], [ 126.930257, 35.150059 ], [ 126.930327, 35.150052 ], [ 126.930407, 35.150036 ], [ 126.930419, 35.150032 ] ] } },
{ "type": "Feature", "properties": { "seg_uid": "DM-193681-283714-RXXI", "seg_id": "DM01863", "seg_no": 5, "width_min_m": 0.76, "width_max_m": 1.47, "verdict": "blocked", "width_verified": false, "midpoint_fallback": false, "inherited": false, "route_usage": 4, "length_m": 85.8, "run_length_m": 126.9, "nfa_designated": true, "cctv_dist_m": 24.8, "cv_feasible": true, "width_src": "ngii1k", "width_disagree_m": 1.92, "road_name": "필문대로241번길", "seg_label": "필문대로241번길 6-10", "road_side": "1", "road_bt_m": 1.0, "in_emd": true, "light_count": 9, "unknown_reason": null, "z": 28.0 }, "geometry": { "type": "LineString", "coordinates": [ [ 126.930187, 35.149821 ], [ 126.930244, 35.149818 ], [ 126.930362, 35.149806 ], [ 126.930418, 35.149798 ], [ 126.930627, 35.14978 ], [ 126.930667, 35.149776 ], [ 126.930723, 35.149765 ], [ 126.93072, 35.149708 ], [ 126.930722, 35.149618 ], [ 126.930729, 35.14957 ], [ 126.930718, 35.149553 ], [ 126.930707, 35.149528 ], [ 126.930696, 35.149505 ], [ 126.930693, 35.149476 ], [ 126.93069, 35.149442 ] ] } },
{ "type": "Feature", "properties": { "seg_uid": "DM-193661-283752-RXXI", "seg_id": "DM01864", "seg_no": 8, "width_min_m": 0.41, "width_max_m": 2.06, "verdict": "blocked", "width_verified": false, "midpoint_fallback": false, "inherited": false, "route_usage": 3, "length_m": 21.1, "run_length_m": 44.9, "nfa_designated": false, "cctv_dist_m": 47.6, "cv_feasible": false, "width_src": "ngii1k", "width_disagree_m": 0.49, "road_name": "필문대로241번길", "seg_label": "필문대로241번길 13-231", "road_side": "0", "road_bt_m": 1.0, "in_emd": true, "light_count": 9, "unknown_reason": null, "z": 28.8 }, "geometry": { "type": "LineString", "coordinates": [ [ 126.930419, 35.150032 ], [ 126.930433, 35.150098 ], [ 126.930445, 35.150165 ], [ 126.930452, 35.15022 ] ] } },
{ "type": "Feature", "properties": { "seg_uid": "DM-193667-283740-RXXI", "seg_id": "DM01865", "seg_no": 7, "width_min_m": 0.86, "width_max_m": 4.27, "verdict": "unknown", "width_verified": false, "midpoint_fallback": false, "inherited": false, "route_usage": 2, "length_m": 15.7, "run_length_m": null, "nfa_designated": false, "cctv_dist_m": 36.7, "cv_feasible": false, "width_src": "ngii1k", "width_disagree_m": 1.24, "road_name": "필문대로241번길", "seg_label": "필문대로241번길 13-15", "road_side": "1", "road_bt_m": 1.0, "in_emd": true, "light_count": 9, "unknown_reason": "no_cctv", "z": 28.6 }, "geometry": { "type": "LineString", "coordinates": [ [ 126.930419, 35.150032 ], [ 126.93044, 35.150025 ], [ 126.930517, 35.150015 ], [ 126.930589, 35.150019 ] ] } },
{ "type": "Feature", "properties": { "seg_uid": "DM-193675-283762-RXXI", "seg_id": "DM01866", "seg_no": 9, "width_min_m": 1.93, "width_max_m": 2.91, "verdict": "blocked", "width_verified": false, "midpoint_fallback": false, "inherited": false, "route_usage": 0, "length_m": 23.8, "run_length_m": 44.9, "nfa_designated": false, "cctv_dist_m": 33.5, "cv_feasible": false, "width_src": "ngii1k", "width_disagree_m": 1.34, "road_name": "필문대로241번길", "seg_label": "필문대로241번길 17-231", "road_side": "0", "road_bt_m": 1.0, "in_emd": false, "light_count": 9, "unknown_reason": null, "z": 29.0 }, "geometry": { "type": "LineString", "coordinates": [ [ 126.930452, 35.15022 ], [ 126.930471, 35.150219 ], [ 126.930583, 35.150213 ], [ 126.930611, 35.150212 ], [ 126.930619, 35.150295 ] ] } },
{ "type": "Feature", "properties": { "seg_uid": "DM-193638-283765-LRZT", "seg_id": "DM01867", "seg_no": 20, "width_min_m": 2.08, "width_max_m": 5.33, "verdict": "unknown", "width_verified": false, "midpoint_fallback": false, "inherited": false, "route_usage": 3, "length_m": 49.9, "run_length_m": null, "nfa_designated": false, "cctv_dist_m": 47.8, "cv_feasible": false, "width_src": "ngii1k", "width_disagree_m": 0.03, "road_name": "필문대로", "seg_label": "필문대로 17-231", "road_side": "1", "road_bt_m": 1.0, "in_emd": false, "light_count": 18, "unknown_reason": "no_cctv", "z": 28.6 }, "geometry": { "type": "LineString", "coordinates": [ [ 126.929909, 35.150275 ], [ 126.930142, 35.150244 ], [ 126.930186, 35.150238 ], [ 126.930249, 35.150232 ], [ 126.930351, 35.150226 ], [ 126.930451, 35.15022 ], [ 126.930452, 35.15022 ] ] } },
{ "type": "Feature", "properties": { "seg_uid": "DM-193927-283575-PKWM", "seg_id": "DM01868", "seg_no": 2, "width_min_m": 4.06, "width_max_m": null, "verdict": "unknown", "width_verified": false, "midpoint_fallback": false, "inherited": false, "route_usage": 0, "length_m": 22.3, "run_length_m": null, "nfa_designated": false, "cctv_dist_m": 40.2, "cv_feasible": false, "width_src": "ngii1k", "width_disagree_m": 0.97, "road_name": "지산로56번길", "seg_label": "지산로56번길 5-7", "road_side": "0", "road_bt_m": 5.0, "in_emd": false, "light_count": 0, "unknown_reason": "no_cctv", "z": 33.7 }, "geometry": { "type": "LineString", "coordinates": [ [ 126.933244, 35.148578 ], [ 126.933459, 35.148489 ], [ 126.933463, 35.148488 ] ] } },
{ "type": "Feature", "properties": { "seg_uid": "DM-193920-283596-PKWM", "seg_id": "DM01869", "seg_no": 4, "width_min_m": 1.33, "width_max_m": null, "verdict": "blocked", "width_verified": false, "midpoint_fallback": false, "inherited": false, "route_usage": 0, "length_m": 31.8, "run_length_m": 31.8, "nfa_designated": false, "cctv_dist_m": 42.3, "cv_feasible": false, "width_src": "ngii1k", "width_disagree_m": null, "road_name": "지산로56번길", "seg_label": "지산로56번길 3-5", "road_side": "1", "road_bt_m": 2.0, "in_emd": false, "light_count": 0, "unknown_reason": null, "z": 34.0 }, "geometry": { "type": "LineString", "coordinates": [ [ 126.933244, 35.148578 ], [ 126.933248, 35.148599 ], [ 126.933252, 35.148621 ], [ 126.933276, 35.148703 ], [ 126.933302, 35.148766 ], [ 126.933332, 35.148854 ] ] } },
{ "type": "Feature", "properties": { "seg_uid": "DM-193941-283569-PKWM", "seg_id": "DM01870", "seg_no": 1, "width_min_m": 4.75, "width_max_m": null, "verdict": "unknown", "width_verified": false, "midpoint_fallback": false, "inherited": false, "route_usage": 0, "length_m": 7.9, "run_length_m": null, "nfa_designated": false, "cctv_dist_m": 38.1, "cv_feasible": false, "width_src": "ngii1k", "width_disagree_m": 0.16, "road_name": "지산로56번길", "seg_label": "지산로56번길 7-8", "road_side": "0", "road_bt_m": 5.0, "in_emd": false, "light_count": 0, "unknown_reason": "no_cctv", "z": 34.4 }, "geometry": { "type": "LineString", "coordinates": [ [ 126.933463, 35.148488 ], [ 126.933542, 35.148458 ] ] } },
{ "type": "Feature", "properties": { "seg_uid": "DM-193946-283590-PKWM", "seg_id": "DM01871", "seg_no": 3, "width_min_m": 0.57, "width_max_m": null, "verdict": "blocked", "width_verified": false, "midpoint_fallback": false, "inherited": false, "route_usage": 0, "length_m": 43.1, "run_length_m": 43.1, "nfa_designated": false, "cctv_dist_m": 40.2, "cv_feasible": false, "width_src": "ngii1k", "width_disagree_m": 0.43, "road_name": "지산로56번길", "seg_label": "지산로56번길 7", "road_side": "1", "road_bt_m": 1.0, "in_emd": false, "light_count": 0, "unknown_reason": null, "z": 34.7 }, "geometry": { "type": "LineString", "coordinates": [ [ 126.933463, 35.148488 ], [ 126.933488, 35.148539 ], [ 126.933537, 35.14862 ], [ 126.933578, 35.1487 ], [ 126.933606, 35.148758 ], [ 126.933647, 35.148845 ] ] } },
{ "type": "Feature", "properties": { "seg_uid": "DM-193983-283617-PKWM", "seg_id": "DM01877", "seg_no": 6, "width_min_m": 0.53, "width_max_m": null, "verdict": "blocked", "width_verified": false, "midpoint_fallback": false, "inherited": false, "route_usage": 0, "length_m": 47.9, "run_length_m": 47.9, "nfa_designated": false, "cctv_dist_m": 30.6, "cv_feasible": false, "width_src": "ngii1k", "width_disagree_m": 0.57, "road_name": "지산로56번길", "seg_label": "지산로56번길 13", "road_side": "1", "road_bt_m": 2.0, "in_emd": false, "light_count": 0, "unknown_reason": null, "z": 36.3 }, "geometry": { "type": "LineString", "coordinates": [ [ 126.933899, 35.148706 ], [ 126.933891, 35.148759 ], [ 126.933899, 35.148777 ], [ 126.9339, 35.14878 ], [ 126.933928, 35.148839 ], [ 126.933968, 35.148912 ], [ 126.933996, 35.148976 ], [ 126.933828, 35.149022 ] ] } },
{ "type": "Feature", "properties": { "seg_uid": "DM-194189-283816-FTDK", "seg_id": "DM01883", "seg_no": 3, "width_min_m": 2.1, "width_max_m": null, "verdict": "unknown", "width_verified": false, "midpoint_fallback": false, "inherited": false, "route_usage": 0, "length_m": 66.1, "run_length_m": null, "nfa_designated": false, "cctv_dist_m": 62.7, "cv_feasible": false, "width_src": "ngii1k", "width_disagree_m": 0.4, "road_name": "준법로25번길", "seg_label": "준법로25번길 15-16", "road_side": "1", "road_bt_m": 4.0, "in_emd": false, "light_count": 0, "unknown_reason": "no_cctv", "z": 39.3 }, "geometry": { "type": "LineString", "coordinates": [ [ 126.935863, 35.150718 ], [ 126.935898, 35.150716 ], [ 126.935962, 35.150712 ], [ 126.936181, 35.150704 ], [ 126.936225, 35.150703 ], [ 126.936237, 35.151001 ] ] } },
{ "type": "Feature", "properties": { "seg_uid": "DM-194156-283879-FTDK", "seg_id": "DM01884", "seg_no": 4, "width_min_m": 8.52, "width_max_m": null, "verdict": "clear", "width_verified": false, "midpoint_fallback": false, "inherited": false, "route_usage": 0, "length_m": 18.7, "run_length_m": null, "nfa_designated": false, "cctv_dist_m": 25.0, "cv_feasible": true, "width_src": "ngii1k", "width_disagree_m": 0.92, "road_name": "준법로25번길", "seg_label": "준법로25번길 9-41", "road_side": "0", "road_bt_m": 8.0, "in_emd": false, "light_count": 0, "unknown_reason": null, "z": 35.1 }, "geometry": { "type": "LineString", "coordinates": [ [ 126.935891, 35.151186 ], [ 126.935848, 35.15135 ] ] } },
{ "type": "Feature", "properties": { "seg_uid": "DM-194184-283868-22RU", "seg_id": "DM01885", "seg_no": 2, "width_min_m": 5.57, "width_max_m": null, "verdict": "unknown", "width_verified": false, "midpoint_fallback": false, "inherited": false, "route_usage": 0, "length_m": 51.3, "run_length_m": null, "nfa_designated": false, "cctv_dist_m": 36.8, "cv_feasible": false, "width_src": "ngii1k", "width_disagree_m": 6.35, "road_name": "밤실로39번길", "seg_label": "밤실로39번길 3-21", "road_side": "0", "road_bt_m": 7.0, "in_emd": false, "light_count": 0, "unknown_reason": "no_cctv", "z": 36.2 }, "geometry": { "type": "LineString", "coordinates": [ [ 126.936453, 35.151154 ], [ 126.936441, 35.151155 ], [ 126.936147, 35.15117 ], [ 126.935891, 35.151186 ] ] } },
{ "type": "Feature", "properties": { "seg_uid": "DM-192613-283843-N1HO", "seg_id": "DM02004", "seg_no": 2, "width_min_m": 1.49, "width_max_m": null, "verdict": "blocked", "width_verified": false, "midpoint_fallback": false, "inherited": false, "route_usage": 0, "length_m": 15.4, "run_length_m": 15.4, "nfa_designated": false, "cctv_dist_m": 34.2, "cv_feasible": false, "width_src": "silpok", "width_disagree_m": null, "road_name": "예술길15번길", "seg_label": "예술길15번길 9-10", "road_side": "1", "road_bt_m": 2.0, "in_emd": false, "light_count": 0, "unknown_reason": null, "z": 10.5 }, "geometry": { "type": "LineString", "coordinates": [ [ 126.918869, 35.150987 ], [ 126.918984, 35.150886 ] ] } },
{ "type": "Feature", "properties": { "seg_uid": "DM-192956-283738-6Z8Q", "seg_id": "DM02005", "seg_no": 3, "width_min_m": 19.49, "width_max_m": 21.15, "verdict": "clear", "width_verified": false, "midpoint_fallback": false, "inherited": false, "route_usage": 0, "length_m": 14.9, "run_length_m": null, "nfa_designated": false, "cctv_dist_m": 38.3, "cv_feasible": false, "width_src": "ngii1k", "width_disagree_m": 0.65, "road_name": "동명로", "seg_label": "동명로 7", "road_side": "0", "road_bt_m": 20.0, "in_emd": false, "light_count": 0, "unknown_reason": null, "z": 14.9 }, "geometry": { "type": "LineString", "coordinates": [ [ 126.922638, 35.149946 ], [ 126.922654, 35.149958 ], [ 126.922732, 35.150019 ], [ 126.922757, 35.150038 ] ] } },
{ "type": "Feature", "properties": { "seg_uid": "DM-192968-283711-6Z8Q", "seg_id": "DM02006", "seg_no": 1, "width_min_m": 1.08, "width_max_m": 4.17, "verdict": "unknown", "width_verified": false, "midpoint_fallback": false, "inherited": false, "route_usage": 0, "length_m": 55.7, "run_length_m": null, "nfa_designated": false, "cctv_dist_m": 53.1, "cv_feasible": false, "width_src": "ngii1k", "width_disagree_m": 0.62, "road_name": "동명로", "seg_label": "동명로 7-8", "road_side": "1", "road_bt_m": 3.0, "in_emd": false, "light_count": 0, "unknown_reason": "no_cctv", "z": 15.0 }, "geometry": { "type": "LineString", "coordinates": [ [ 126.922638, 35.149946 ], [ 126.922698, 35.149883 ], [ 126.922774, 35.149802 ], [ 126.922858, 35.149713 ], [ 126.922905, 35.149656 ], [ 126.922947, 35.149608 ], [ 126.92295, 35.149587 ], [ 126.922917, 35.149535 ] ] } },
{ "type": "Feature", "properties": { "seg_uid": "DM-192969-283750-6Z8Q", "seg_id": "DM02007", "seg_no": 4, "width_min_m": 20.11, "width_max_m": 21.06, "verdict": "clear", "width_verified": false, "midpoint_fallback": false, "inherited": false, "route_usage": 0, "length_m": 19.7, "run_length_m": null, "nfa_designated": false, "cctv_dist_m": 19.0, "cv_feasible": true, "width_src": "ngii1k", "width_disagree_m": 9.93, "road_name": "동명로", "seg_label": "동명로 7-9", "road_side": "0", "road_bt_m": 20.0, "in_emd": false, "light_count": 0, "unknown_reason": null, "z": 15.1 }, "geometry": { "type": "LineString", "coordinates": [ [ 126.922757, 35.150038 ], [ 126.922906, 35.150153 ], [ 126.922914, 35.15016 ] ] } },
{ "type": "Feature", "properties": { "seg_uid": "DM-193120-283933-6Z8Q", "seg_id": "DM02008", "seg_no": 55, "width_min_m": 19.63, "width_max_m": 47.78, "verdict": "clear", "width_verified": false, "midpoint_fallback": false, "inherited": false, "route_usage": 15, "length_m": 42.8, "run_length_m": null, "nfa_designated": false, "cctv_dist_m": 83.6, "cv_feasible": false, "width_src": "ngii1k", "width_disagree_m": 1.12, "road_name": "동명로", "seg_label": "동명로 33-37", "road_side": "0", "road_bt_m": 20.0, "in_emd": true, "light_count": 0, "unknown_reason": null, "z": 16.5 }, "geometry": { "type": "LineString", "coordinates": [ [ 126.924264, 35.151797 ], [ 126.924722, 35.151712 ] ] } },
{ "type": "Feature", "properties": { "seg_uid": "DM-193114-283972-6Z8Q", "seg_id": "DM02009", "seg_no": 62, "width_min_m": 1.45, "width_max_m": 1.92, "verdict": "blocked", "width_verified": false, "midpoint_fallback": false, "inherited": false, "route_usage": 2, "length_m": 73.9, "run_length_m": 73.9, "nfa_designated": false, "cctv_dist_m": 49.2, "cv_feasible": false, "width_src": "ngii1k", "width_disagree_m": null, "road_name": "동명로", "seg_label": "동명로 33", "road_side": "1", "road_bt_m": 2.0, "in_emd": true, "light_count": 0, "unknown_reason": null, "z": 15.4 }, "geometry": { "type": "LineString", "coordinates": [ [ 126.924264, 35.151797 ], [ 126.924378, 35.152005 ], [ 126.924437, 35.152122 ], [ 126.924492, 35.152231 ], [ 126.924612, 35.152188 ], [ 126.924655, 35.152265 ] ] } },
{ "type": "Feature", "properties": { "seg_uid": "DM-193148-283927-6Z8Q", "seg_id": "DM02010", "seg_no": 54, "width_min_m": 19.54, "width_max_m": 43.48, "verdict": "clear", "width_verified": false, "midpoint_fallback": false, "inherited": false, "route_usage": 15, "length_m": 15.5, "run_length_m": null, "nfa_designated": false, "cctv_dist_m": 107.7, "cv_feasible": false, "width_src": "ngii1k", "width_disagree_m": 1.04, "road_name": "동명로", "seg_label": "동명로 9-39", "road_side": "0", "road_bt_m": 20.0, "in_emd": true, "light_count": 0, "unknown_reason": null, "z": 17.1 }, "geometry": { "type": "LineString", "coordinates": [ [ 126.924722, 35.151712 ], [ 126.924727, 35.151711 ], [ 126.924889, 35.151681 ], [ 126.924889, 35.151681 ] ] } },
{ "type": "Feature", "properties": { "seg_uid": "DM-193148-283949-6Z8Q", "seg_id": "DM02011", "seg_no": 57, "width_min_m": 1.37, "width_max_m": 2.21, "verdict": "blocked", "width_verified": false, "midpoint_fallback": false, "inherited": false, "route_usage": 2, "length_m": 42.6, "run_length_m": 42.6, "nfa_designated": false, "cctv_dist_m": 88.4, "cv_feasible": false, "width_src": "ngii1k", "width_disagree_m": 0.17, "road_name": "동명로", "seg_label": "동명로 37", "road_side": "1", "road_bt_m": 2.0, "in_emd": true, "light_count": 0, "unknown_reason": null, "z": 16.5 }, "geometry": { "type": "LineString", "coordinates": [ [ 126.924722, 35.151712 ], [ 126.92475, 35.15178 ], [ 126.924767, 35.151824 ], [ 126.924837, 35.151975 ], [ 126.924889, 35.152071 ] ] } },
{ "type": "Feature", "properties": { "seg_uid": "DM-193174-283921-6Z8Q", "seg_id": "DM02012", "seg_no": 53, "width_min_m": 19.52, "width_max_m": 21.39, "verdict": "clear", "width_verified": false, "midpoint_fallback": false, "inherited": false, "route_usage": 17, "length_m": 36.0, "run_length_m": null, "nfa_designated": false, "cctv_dist_m": 117.2, "cv_feasible": false, "width_src": "ngii1k", "width_disagree_m": 1.2, "road_name": "동명로", "seg_label": "동명로 9-43", "road_side": "0", "road_bt_m": 20.0, "in_emd": true, "light_count": 0, "unknown_reason": null, "z": 17.7 }, "geometry": { "type": "LineString", "coordinates": [ [ 126.924893, 35.15168 ], [ 126.924952, 35.15167 ], [ 126.925279, 35.151612 ] ] } },
{ "type": "Feature", "properties": { "seg_uid": "DM-193153-283909-OKXU", "seg_id": "DM02013", "seg_no": 9, "width_min_m": 5.49, "width_max_m": null, "verdict": "unknown", "width_verified": false, "midpoint_fallback": false, "inherited": false, "route_usage": 2, "length_m": 33.0, "run_length_m": null, "nfa_designated": false, "cctv_dist_m": 87.8, "cv_feasible": false, "width_src": "ngii1k", "width_disagree_m": 1.01, "road_name": "동명로26번길", "seg_label": "동명로26번길 9-39", "road_side": "1", "road_bt_m": 6.0, "in_emd": true, "light_count": 0, "unknown_reason": "no_cctv", "z": 17.6 }, "geometry": { "type": "LineString", "coordinates": [ [ 126.924816, 35.15139 ], [ 126.924893, 35.15168 ] ] } },
{ "type": "Feature", "properties": { "seg_uid": "DM-193168-283953-6Z8Q", "seg_id": "DM02014", "seg_no": 59, "width_min_m": 1.05, "width_max_m": 3.4, "verdict": "unknown", "width_verified": false, "midpoint_fallback": false, "inherited": false, "route_usage": 2, "length_m": 61.0, "run_length_m": null, "nfa_designated": false, "cctv_dist_m": 81.1, "cv_feasible": false, "width_src": "ngii1k", "width_disagree_m": 0.41, "road_name": "동명로", "seg_label": "동명로 9-39", "road_side": "1", "road_bt_m": 2.0, "in_emd": true, "light_count": 0, "unknown_reason": "no_cctv", "z": 16.3 }, "geometry": { "type": "LineString", "coordinates": [ [ 126.924889, 35.151681 ], [ 126.92501, 35.151911 ], [ 126.925111, 35.152086 ], [ 126.924996, 35.152134 ] ] } },
{ "type": "Feature", "properties": { "seg_uid": "DM-193186-283900-6Z8Q", "seg_id": "DM02015", "seg_no": 48, "width_min_m": 1.41, "width_max_m": 3.35, "verdict": "unknown", "width_verified": false, "midpoint_fallback": false, "inherited": false, "route_usage": 2, "length_m": 36.4, "run_length_m": null, "nfa_designated": false, "cctv_dist_m": 89.2, "cv_feasible": false, "width_src": "ngii1k", "width_disagree_m": 0.31, "road_name": "동명로", "seg_label": "동명로 43-44", "road_side": "1", "road_bt_m": 2.0, "in_emd": true, "light_count": 0, "unknown_reason": "no_cctv", "z": 18.7 }, "geometry": { "type": "LineString", "coordinates": [ [ 126.925279, 35.151612 ], [ 126.925239, 35.151515 ], [ 126.925235, 35.151506 ], [ 126.925149, 35.151302 ] ] } },
{ "type": "Feature", "properties": { "seg_uid": "DM-193208-283914-6Z8Q", "seg_id": "DM02016", "seg_no": 52, "width_min_m": 19.34, "width_max_m": 21.43, "verdict": "clear", "width_verified": false, "midpoint_fallback": false, "inherited": false, "route_usage": 17, "length_m": 34.1, "run_length_m": null, "nfa_designated": false, "cctv_dist_m": 113.9, "cv_feasible": false, "width_src": "ngii1k", "width_disagree_m": 0.67, "road_name": "동명로", "seg_label": "동명로 15-45", "road_side": "0", "road_bt_m": 20.0, "in_emd": true, "light_count": 22, "unknown_reason": null, "z": 18.6 }, "geometry": { "type": "LineString", "coordinates": [ [ 126.925645, 35.151548 ], [ 126.925612, 35.151554 ], [ 126.925555, 35.151564 ], [ 126.925358, 35.151598 ], [ 126.925279, 35.151612 ] ] } },
{ "type": "Feature", "properties": { "seg_uid": "DM-193233-283909-6Z8Q", "seg_id": "DM02017", "seg_no": 51, "width_min_m": 32.5, "width_max_m": 33.99, "verdict": "clear", "width_verified": false, "midpoint_fallback": false, "inherited": false, "route_usage": 17, "length_m": 16.6, "run_length_m": null, "nfa_designated": false, "cctv_dist_m": 102.4, "cv_feasible": false, "width_src": "ngii1k", "width_disagree_m": 13.56, "road_name": "동명로", "seg_label": "동명로 15-47", "road_side": "0", "road_bt_m": 20.0, "in_emd": true, "light_count": 22, "unknown_reason": null, "z": 18.9 }, "geometry": { "type": "LineString", "coordinates": [ [ 126.925645, 35.151548 ], [ 126.925823, 35.151517 ] ] } },
{ "type": "Feature", "properties": { "seg_uid": "DM-193300-283892-6Z8Q", "seg_id": "DM02018", "seg_no": 45, "width_min_m": 19.17, "width_max_m": 21.47, "verdict": "clear", "width_verified": false, "midpoint_fallback": false, "inherited": false, "route_usage": 17, "length_m": 122.2, "run_length_m": null, "nfa_designated": false, "cctv_dist_m": 72.8, "cv_feasible": false, "width_src": "ngii1k", "width_disagree_m": 1.18, "road_name": "동명로", "seg_label": "동명로 29-59", "road_side": "0", "road_bt_m": 20.0, "in_emd": true, "light_count": 22, "unknown_reason": null, "z": 20.5 }, "geometry": { "type": "LineString", "coordinates": [ [ 126.925823, 35.151517 ], [ 126.925839, 35.151514 ], [ 126.926081, 35.151472 ], [ 126.92615, 35.151455 ], [ 126.926505, 35.151369 ], [ 126.927114, 35.151223 ] ] } },
{ "type": "Feature", "properties": { "seg_uid": "DM-193252-283941-6Z8Q", "seg_id": "DM02019", "seg_no": 56, "width_min_m": 0.73, "width_max_m": 2.32, "verdict": "blocked", "width_verified": false, "midpoint_fallback": false, "inherited": false, "route_usage": 8, "length_m": 71.0, "run_length_m": 71.0, "nfa_designated": false, "cctv_dist_m": 58.3, "cv_feasible": false, "width_src": "ngii1k", "width_disagree_m": 1.07, "road_name": "동명로", "seg_label": "동명로 47", "road_side": "1", "road_bt_m": 3.0, "in_emd": true, "light_count": 22, "unknown_reason": null, "z": 18.0 }, "geometry": { "type": "LineString", "coordinates": [ [ 126.925823, 35.151517 ], [ 126.925841, 35.151559 ], [ 126.925886, 35.151661 ], [ 126.925917, 35.151754 ], [ 126.925973, 35.151926 ], [ 126.926007, 35.152018 ], [ 126.926026, 35.152105 ], [ 126.925994, 35.15211 ], [ 126.925993, 35.15211 ] ] } },
{ "type": "Feature", "properties": { "seg_uid": "DM-193366-283872-6Z8Q", "seg_id": "DM02020", "seg_no": 41, "width_min_m": 19.34, "width_max_m": 20.94, "verdict": "clear", "width_verified": false, "midpoint_fallback": false, "inherited": false, "route_usage": 104, "length_m": 15.8, "run_length_m": null, "nfa_designated": false, "cctv_dist_m": 83.2, "cv_feasible": false, "width_src": "ngii1k", "width_disagree_m": 7.92, "road_name": "동명로", "seg_label": "동명로 29-61", "road_side": "0", "road_bt_m": 20.0, "in_emd": true, "light_count": 0, "unknown_reason": null, "z": 22.4 }, "geometry": { "type": "LineString", "coordinates": [ [ 126.927114, 35.151223 ], [ 126.927272, 35.151185 ], [ 126.927276, 35.151184 ], [ 126.92728, 35.151183 ] ] } },
{ "type": "Feature", "properties": { "seg_uid": "DM-193401-283862-6Z8Q", "seg_id": "DM02021", "seg_no": 40, "width_min_m": 18.41, "width_max_m": 23.24, "verdict": "clear", "width_verified": false, "midpoint_fallback": false, "inherited": false, "route_usage": 107, "length_m": 55.9, "run_length_m": null, "nfa_designated": false, "cctv_dist_m": 52.1, "cv_feasible": false, "width_src": "ngii1k", "width_disagree_m": 25.66, "road_name": "동명로", "seg_label": "동명로 61-67", "road_side": "0", "road_bt_m": 20.0, "in_emd": true, "light_count": 16, "unknown_reason": null, "z": 23.3 }, "geometry": { "type": "LineString", "coordinates": [ [ 126.92728, 35.151183 ], [ 126.927482, 35.151134 ], [ 126.927637, 35.151097 ], [ 126.927673, 35.151093 ], [ 126.927876, 35.151067 ] ] } },
{ "type": "Feature", "properties": { "seg_uid": "DM-193352-283942-6Z8Q", "seg_id": "DM02022", "seg_no": 58, "width_min_m": 0.88, "width_max_m": 2.0, "verdict": "blocked", "width_verified": false, "midpoint_fallback": false, "inherited": false, "route_usage": 3, "length_m": 165.7, "run_length_m": 165.7, "nfa_designated": true, "cctv_dist_m": 2.5, "cv_feasible": true, "width_src": "ngii1k", "width_disagree_m": 0.22, "road_name": "동명로", "seg_label": "동명로 61-63", "road_side": "1", "road_bt_m": 3.0, "in_emd": true, "light_count": 0, "unknown_reason": null, "z": 19.8 }, "geometry": { "type": "LineString", "coordinates": [ [ 126.92728, 35.151183 ], [ 126.927284, 35.15125 ], [ 126.927287, 35.151307 ], [ 126.927294, 35.151427 ], [ 126.927288, 35.151489 ], [ 126.927275, 35.151617 ], [ 126.927269, 35.151664 ], [ 126.927227, 35.151736 ], [ 126.92721, 35.151766 ], [ 126.927175, 35.15178 ], [ 126.927076, 35.151817 ], [ 126.927021, 35.15184 ], [ 126.926963, 35.151877 ], [ 126.926921, 35.151911 ], [ 126.926853, 35.151964 ], [ 126.926779, 35.152015 ], [ 126.92675, 35.152031 ], [ 126.926715, 35.152051 ], [ 126.926698, 35.152061 ], [ 126.926681, 35.152073 ], [ 126.926673, 35.152086 ], [ 126.926657, 35.152108 ], [ 126.926654, 35.152121 ], [ 126.926658, 35.152156 ], [ 126.926659, 35.15219 ], [ 126.926657, 35.152203 ], [ 126.926654, 35.152217 ], [ 126.926609, 35.152255 ], [ 126.926594, 35.152276 ], [ 126.926592, 35.152293 ], [ 126.926585, 35.152303 ], [ 126.926557, 35.15231 ], [ 126.926459, 35.15233 ] ] } },
{ "type": "Feature", "properties": { "seg_uid": "DM-193443-283855-6Z8Q", "seg_id": "DM02023", "seg_no": 39, "width_min_m": 26.19, "width_max_m": null, "verdict": "clear", "width_verified": false, "midpoint_fallback": false, "inherited": false, "route_usage": 120, "length_m": 30.3, "run_length_m": null, "nfa_designated": false, "cctv_dist_m": 50.1, "cv_feasible": false, "width_src": "ngii1k", "width_disagree_m": 4.54, "road_name": "동명로", "seg_label": "동명로 39-69", "road_side": "0", "road_bt_m": 20.0, "in_emd": false, "light_count": 16, "unknown_reason": null, "z": 24.8 }, "geometry": { "type": "LineString", "coordinates": [ [ 126.927876, 35.151067 ], [ 126.927951, 35.151058 ], [ 126.927957, 35.151057 ], [ 126.92818, 35.151029 ], [ 126.928205, 35.151026 ] ] } },
{ "type": "Feature", "properties": { "seg_uid": "DM-193394-283926-4S4P", "seg_id": "DM02024", "seg_no": 1, "width_min_m": 9.5, "width_max_m": 14.05, "verdict": "clear", "width_verified": false, "midpoint_fallback": false, "inherited": false, "route_usage": 11, "length_m": 155.8, "run_length_m": null, "nfa_designated": false, "cctv_dist_m": 28.6, "cv_feasible": false, "width_src": "ngii1k", "width_disagree_m": null, "road_name": "동명로67번길", "seg_label": "동명로67번길 1-67", "road_side": "0", "road_bt_m": 11.0, "in_emd": true, "light_count": 31, "unknown_reason": null, "z": 21.0 }, "geometry": { "type": "LineString", "coordinates": [ [ 126.927876, 35.151067 ], [ 126.927848, 35.15115 ], [ 126.927797, 35.151303 ], [ 126.927744, 35.151388 ], [ 126.92755, 35.151634 ], [ 126.927493, 35.151705 ], [ 126.927465, 35.15174 ], [ 126.927442, 35.151763 ], [ 126.927197, 35.15207 ], [ 126.92717, 35.152104 ], [ 126.927061, 35.152233 ], [ 126.927027, 35.152274 ] ] } },
{ "type": "Feature", "properties": { "seg_uid": "DM-193471-283851-6Z8Q", "seg_id": "DM02025", "seg_no": 38, "width_min_m": 18.61, "width_max_m": 21.12, "verdict": "clear", "width_verified": false, "midpoint_fallback": false, "inherited": false, "route_usage": 106, "length_m": 25.7, "run_length_m": null, "nfa_designated": false, "cctv_dist_m": 52.6, "cv_feasible": false, "width_src": "ngii1k", "width_disagree_m": 5.32, "road_name": "동명로", "seg_label": "동명로 69-73", "road_side": "0", "road_bt_m": 20.0, "in_emd": false, "light_count": 16, "unknown_reason": null, "z": 25.8 }, "geometry": { "type": "LineString", "coordinates": [ [ 126.928205, 35.151026 ], [ 126.928287, 35.151015 ], [ 126.92846, 35.151005 ], [ 126.928485, 35.151004 ] ] } },
{ "type": "Feature", "properties": { "seg_uid": "DM-193448-283886-C95Z", "seg_id": "DM02026", "seg_no": 1, "width_min_m": 11.46, "width_max_m": 44.44, "verdict": "clear", "width_verified": false, "midpoint_fallback": false, "inherited": false, "route_usage": 0, "length_m": 70.1, "run_length_m": null, "nfa_designated": false, "cctv_dist_m": 52.6, "cv_feasible": false, "width_src": "ngii1k", "width_disagree_m": 26.18, "road_name": "동명로69번길", "seg_label": "동명로69번길 1-69", "road_side": "0", "road_bt_m": 15.0, "in_emd": false, "light_count": 31, "unknown_reason": null, "z": 23.6 }, "geometry": { "type": "LineString", "coordinates": [ [ 126.928205, 35.151026 ], [ 126.927989, 35.151632 ] ] } },
{ "type": "Feature", "properties": { "seg_uid": "DM-193497-283849-6Z8Q", "seg_id": "DM02027", "seg_no": 35, "width_min_m": 18.25, "width_max_m": 21.01, "verdict": "clear", "width_verified": false, "midpoint_fallback": false, "inherited": false, "route_usage": 106, "length_m": 27.6, "run_length_m": null, "nfa_designated": false, "cctv_dist_m": 66.3, "cv_feasible": false, "width_src": "ngii1k", "width_disagree_m": 1.59, "road_name": "동명로", "seg_label": "동명로 73-75", "road_side": "0", "road_bt_m": 20.0, "in_emd": false, "light_count": 16, "unknown_reason": null, "z": 26.2 }, "geometry": { "type": "LineString", "coordinates": [ [ 126.928485, 35.151004 ], [ 126.928775, 35.150986 ], [ 126.928787, 35.150986 ] ] } },
{ "type": "Feature", "properties": { "seg_uid": "DM-193485-283872-6Z8Q", "seg_id": "DM02028", "seg_no": 36, "width_min_m": 0.74, "width_max_m": 2.83, "verdict": "blocked", "width_verified": false, "midpoint_fallback": false, "inherited": false, "route_usage": 0, "length_m": 44.4, "run_length_m": 44.4, "nfa_designated": false, "cctv_dist_m": 58.1, "cv_feasible": false, "width_src": "ngii1k", "width_disagree_m": 0.75, "road_name": "동명로", "seg_label": "동명로 73", "road_side": "1", "road_bt_m": 2.0, "in_emd": false, "light_count": 16, "unknown_reason": null, "z": 25.2 }, "geometry": { "type": "LineString", "coordinates": [ [ 126.928485, 35.151004 ], [ 126.928513, 35.151403 ] ] } },
{ "type": "Feature", "properties": { "seg_uid": "DM-193524-283847-6Z8Q", "seg_id": "DM02029", "seg_no": 34, "width_min_m": 17.97, "width_max_m": 21.18, "verdict": "clear", "width_verified": false, "midpoint_fallback": false, "inherited": false, "route_usage": 106, "length_m": 26.9, "run_length_m": null, "nfa_designated": false, "cctv_dist_m": 62.4, "cv_feasible": false, "width_src": "ngii1k", "width_disagree_m": 1.37, "road_name": "동명로", "seg_label": "동명로 75-77", "road_side": "0", "road_bt_m": 20.0, "in_emd": false, "light_count": 16, "unknown_reason": null, "z": 26.8 }, "geometry": { "type": "LineString", "coordinates": [ [ 126.928787, 35.150986 ], [ 126.928794, 35.150985 ], [ 126.928803, 35.150985 ], [ 126.928809, 35.150984 ], [ 126.929082, 35.150968 ] ] } },
{ "type": "Feature", "properties": { "seg_uid": "DM-193513-283871-6Z8Q", "seg_id": "DM02030", "seg_no": 46, "width_min_m": 0.79, "width_max_m": 2.56, "verdict": "blocked", "width_verified": false, "midpoint_fallback": false, "inherited": false, "route_usage": 0, "length_m": 45.9, "run_length_m": 45.9, "nfa_designated": false, "cctv_dist_m": 31.6, "cv_feasible": false, "width_src": "ngii1k", "width_disagree_m": 0.57, "road_name": "동명로", "seg_label": "동명로 75", "road_side": "1", "road_bt_m": 1.0, "in_emd": false, "light_count": 16, "unknown_reason": null, "z": 25.8 }, "geometry": { "type": "LineString", "coordinates": [ [ 126.928787, 35.150986 ], [ 126.928823, 35.151399 ] ] } },
{ "type": "Feature", "properties": { "seg_uid": "DM-193510-283829-6Z8Q", "seg_id": "DM02031", "seg_no": 22, "width_min_m": 0.82, "width_max_m": 3.83, "verdict": "unknown", "width_verified": false, "midpoint_fallback": false, "inherited": false, "route_usage": 2, "length_m": 37.5, "run_length_m": null, "nfa_designated": false, "cctv_dist_m": 59.0, "cv_feasible": false, "width_src": "ngii1k", "width_disagree_m": 1.18, "road_name": "동명로", "seg_label": "동명로 75-76", "road_side": "1", "road_bt_m": 2.0, "in_emd": true, "light_count": 16, "unknown_reason": "no_cctv", "z": 26.8 }, "geometry": { "type": "LineString", "coordinates": [ [ 126.928803, 35.150985 ], [ 126.928776, 35.150823 ], [ 126.928771, 35.150738 ], [ 126.928782, 35.150718 ], [ 126.928768, 35.150651 ] ] } },
{ "type": "Feature", "properties": { "seg_uid": "DM-193552-283845-6Z8Q", "seg_id": "DM02032", "seg_no": 32, "width_min_m": 17.9, "width_max_m": 20.36, "verdict": "clear", "width_verified": false, "midpoint_fallback": false, "inherited": false, "route_usage": 106, "length_m": 27.4, "run_length_m": null, "nfa_designated": false, "cctv_dist_m": 62.4, "cv_feasible": false, "width_src": "ngii1k", "width_disagree_m": 0.94, "road_name": "동명로", "seg_label": "동명로 77-81", "road_side": "0", "road_bt_m": 20.0, "in_emd": false, "light_count": 0, "unknown_reason": null, "z": 27.2 }, "geometry": { "type": "LineString", "coordinates": [ [ 126.929082, 35.150968 ], [ 126.929381, 35.15095 ] ] } },
{ "type": "Feature", "properties": { "seg_uid": "DM-193540-283880-6Z8Q", "seg_id": "DM02033", "seg_no": 33, "width_min_m": 0.86, "width_max_m": 2.59, "verdict": "blocked", "width_verified": false, "midpoint_fallback": false, "inherited": false, "route_usage": 0, "length_m": 67.6, "run_length_m": 67.6, "nfa_designated": false, "cctv_dist_m": 0.8, "cv_feasible": true, "width_src": "ngii1k", "width_disagree_m": 0.53, "road_name": "동명로", "seg_label": "동명로 5-77", "road_side": "1", "road_bt_m": 1.0, "in_emd": false, "light_count": 0, "unknown_reason": null, "z": 25.8 }, "geometry": { "type": "LineString", "coordinates": [ [ 126.929082, 35.150968 ], [ 126.929127, 35.151576 ] ] } },
{ "type": "Feature", "properties": { "seg_uid": "DM-193569-283844-6Z8Q", "seg_id": "DM02034", "seg_no": 30, "width_min_m": 18.32, "width_max_m": 20.87, "verdict": "clear", "width_verified": false, "midpoint_fallback": false, "inherited": false, "route_usage": 106, "length_m": 7.0, "run_length_m": null, "nfa_designated": false, "cctv_dist_m": 68.1, "cv_feasible": false, "width_src": "ngii1k", "width_disagree_m": 8.95, "road_name": "동명로", "seg_label": "동명로 81", "road_side": "0", "road_bt_m": 20.0, "in_emd": false, "light_count": 0, "unknown_reason": null, "z": 27.5 }, "geometry": { "type": "LineString", "coordinates": [ [ 126.929381, 35.15095 ], [ 126.929458, 35.150946 ] ] } },
{ "type": "Feature", "properties": { "seg_uid": "DM-193567-283878-6Z8Q", "seg_id": "DM02035", "seg_no": 31, "width_min_m": 2.42, "width_max_m": 2.92, "verdict": "blocked", "width_verified": false, "midpoint_fallback": false, "inherited": false, "route_usage": 0, "length_m": 67.4, "run_length_m": 67.4, "nfa_designated": false, "cctv_dist_m": 26.5, "cv_feasible": false, "width_src": "ngii1k", "width_disagree_m": 1.03, "road_name": "동명로", "seg_label": "동명로 3-81", "road_side": "1", "road_bt_m": 1.0, "in_emd": false, "light_count": 0, "unknown_reason": null, "z": 26.3 }, "geometry": { "type": "LineString", "coordinates": [ [ 126.929381, 35.15095 ], [ 126.929425, 35.151556 ] ] } },
{ "type": "Feature", "properties": { "seg_uid": "DM-193656-283851-LRZT", "seg_id": "DM02036", "seg_no": 22, "width_min_m": 39.91, "width_max_m": null, "verdict": "clear", "width_verified": false, "midpoint_fallback": false, "inherited": false, "route_usage": 0, "length_m": 27.7, "run_length_m": null, "nfa_designated": false, "cctv_dist_m": 102.2, "cv_feasible": false, "width_src": "ngii1k", "width_disagree_m": 0.78, "road_name": "필문대로", "seg_label": "필문대로 89-223", "road_side": "0", "road_bt_m": 36.473, "in_emd": false, "light_count": 11, "unknown_reason": null, "z": 28.1 }, "geometry": { "type": "LineString", "coordinates": [ [ 126.930428, 35.15113 ], [ 126.930332, 35.150894 ] ] } },
{ "type": "Feature", "properties": { "seg_uid": "DM-193633-283803-LRZT", "seg_id": "DM02037", "seg_no": 21, "width_min_m": 39.46, "width_max_m": 44.16, "verdict": "clear", "width_verified": false, "midpoint_fallback": false, "inherited": false, "route_usage": 0, "length_m": 78.8, "run_length_m": null, "nfa_designated": false, "cctv_dist_m": 91.6, "cv_feasible": false, "width_src": "ngii1k", "width_disagree_m": 0.96, "road_name": "필문대로", "seg_label": "필문대로 89-231", "road_side": "0", "road_bt_m": 36.473, "in_emd": true, "light_count": 18, "unknown_reason": null, "z": 28.3 }, "geometry": { "type": "LineString", "coordinates": [ [ 126.930332, 35.150894 ], [ 126.930327, 35.150882 ], [ 126.929909, 35.150275 ], [ 126.929909, 35.150275 ] ] } },
{ "type": "Feature", "properties": { "seg_uid": "DM-193762-283829-6Z8Q", "seg_id": "DM02038", "seg_no": 21, "width_min_m": 19.01, "width_max_m": null, "verdict": "clear", "width_verified": false, "midpoint_fallback": false, "inherited": false, "route_usage": 107, "length_m": 29.6, "run_length_m": null, "nfa_designated": false, "cctv_dist_m": 85.9, "cv_feasible": false, "width_src": "ngii1k", "width_disagree_m": 0.12, "road_name": "동명로", "seg_label": "동명로 99-101", "road_side": "0", "road_bt_m": 20.0, "in_emd": false, "light_count": 11, "unknown_reason": null, "z": 29.9 }, "geometry": { "type": "LineString", "coordinates": [ [ 126.931378, 35.150831 ], [ 126.931693, 35.150812 ], [ 126.931702, 35.150811 ] ] } },
{ "type": "Feature", "properties": { "seg_uid": "DM-193744-283794-6Z8Q", "seg_id": "DM02039", "seg_no": 11, "width_min_m": 0.93, "width_max_m": 3.1, "verdict": "unknown", "width_verified": false, "midpoint_fallback": false, "inherited": false, "route_usage": 0, "length_m": 74.1, "run_length_m": null, "nfa_designated": false, "cctv_dist_m": 32.0, "cv_feasible": false, "width_src": "ngii1k", "width_disagree_m": 0.17, "road_name": "동명로", "seg_label": "동명로 7-100", "road_side": "1", "road_bt_m": 2.0, "in_emd": false, "light_count": 11, "unknown_reason": "no_cctv", "z": 30.2 }, "geometry": { "type": "LineString", "coordinates": [ [ 126.931378, 35.150831 ], [ 126.931369, 35.15073 ], [ 126.93136, 35.150645 ], [ 126.931351, 35.150517 ], [ 126.931339, 35.150389 ], [ 126.931316, 35.150164 ] ] } },
{ "type": "Feature", "properties": { "seg_uid": "DM-193792-283827-6Z8Q", "seg_id": "DM02040", "seg_no": 20, "width_min_m": 19.11, "width_max_m": null, "verdict": "clear", "width_verified": false, "midpoint_fallback": false, "inherited": false, "route_usage": 107, "length_m": 30.0, "run_length_m": null, "nfa_designated": false, "cctv_dist_m": 91.5, "cv_feasible": false, "width_src": "ngii1k", "width_disagree_m": 0.09, "road_name": "동명로", "seg_label": "동명로 101-105", "road_side": "0", "road_bt_m": 20.0, "in_emd": false, "light_count": 0, "unknown_reason": null, "z": 31.0 }, "geometry": { "type": "LineString", "coordinates": [ [ 126.931702, 35.150811 ], [ 126.932017, 35.150792 ], [ 126.932031, 35.150791 ] ] } },
{ "type": "Feature", "properties": { "seg_uid": "DM-193774-283791-6Z8Q", "seg_id": "DM02041", "seg_no": 9, "width_min_m": 1.24, "width_max_m": 3.22, "verdict": "unknown", "width_verified": false, "midpoint_fallback": false, "inherited": false, "route_usage": 0, "length_m": 74.2, "run_length_m": null, "nfa_designated": false, "cctv_dist_m": 61.7, "cv_feasible": false, "width_src": "ngii1k", "width_disagree_m": 0.04, "road_name": "동명로", "seg_label": "동명로 7-102", "road_side": "1", "road_bt_m": 1.0, "in_emd": false, "light_count": 0, "unknown_reason": "no_cctv", "z": 31.2 }, "geometry": { "type": "LineString", "coordinates": [ [ 126.931702, 35.150811 ], [ 126.931693, 35.150709 ], [ 126.931683, 35.150598 ], [ 126.931665, 35.150404 ], [ 126.931643, 35.150144 ] ] } },
{ "type": "Feature", "properties": { "seg_uid": "DM-193810-283826-6Z8Q", "seg_id": "DM02042", "seg_no": 18, "width_min_m": 44.35, "width_max_m": null, "verdict": "unknown", "width_verified": false, "midpoint_fallback": false, "inherited": false, "route_usage": 107, "length_m": 6.7, "run_length_m": null, "nfa_designated": false, "cctv_dist_m": 91.7, "cv_feasible": false, "width_src": "ngii1k", "width_disagree_m": 25.15, "road_name": "동명로", "seg_label": "동명로 105", "road_side": "0", "road_bt_m": 20.0, "in_emd": false, "light_count": 0, "unknown_reason": "no_cctv", "z": 31.4 }, "geometry": { "type": "LineString", "coordinates": [ [ 126.932031, 35.150791 ], [ 126.932104, 35.150787 ] ] } },
{ "type": "Feature", "properties": { "seg_uid": "DM-193804-283789-6Z8Q", "seg_id": "DM02043", "seg_no": 12, "width_min_m": 0.81, "width_max_m": null, "verdict": "blocked", "width_verified": false, "midpoint_fallback": false, "inherited": false, "route_usage": 0, "length_m": 74.3, "run_length_m": 74.3, "nfa_designated": false, "cctv_dist_m": 91.1, "cv_feasible": false, "width_src": "ngii1k", "width_disagree_m": 0.49, "road_name": "동명로", "seg_label": "동명로 7-106", "road_side": "1", "road_bt_m": 2.0, "in_emd": false, "light_count": 0, "unknown_reason": null, "z": 32.4 }, "geometry": { "type": "LineString", "coordinates": [ [ 126.932031, 35.150791 ], [ 126.93202, 35.150687 ], [ 126.932012, 35.150609 ], [ 126.932004, 35.150528 ], [ 126.931989, 35.150356 ], [ 126.931965, 35.150123 ] ] } },
{ "type": "Feature", "properties": { "seg_uid": "DM-193815-283846-6Z8Q", "seg_id": "DM02044", "seg_no": 19, "width_min_m": 1.65, "width_max_m": null, "verdict": "blocked", "width_verified": false, "midpoint_fallback": false, "inherited": false, "route_usage": 0, "length_m": 41.4, "run_length_m": 137.5, "nfa_designated": true, "cctv_dist_m": 72.4, "cv_feasible": false, "width_src": "ngii1k", "width_disagree_m": 0.5, "road_name": "동명로", "seg_label": "동명로 11-105", "road_side": "1", "road_bt_m": 2.0, "in_emd": false, "light_count": 0, "unknown_reason": null, "z": 31.1 }, "geometry": { "type": "LineString", "coordinates": [ [ 126.932104, 35.150787 ], [ 126.932132, 35.151159 ] ] } },
{ "type": "Feature", "properties": { "seg_uid": "DM-193828-283825-6Z8Q", "seg_id": "DM02045", "seg_no": 17, "width_min_m": 19.56, "width_max_m": null, "verdict": "clear", "width_verified": false, "midpoint_fallback": false, "inherited": false, "route_usage": 107, "length_m": 29.4, "run_length_m": null, "nfa_designated": false, "cctv_dist_m": 62.4, "cv_feasible": false, "width_src": "ngii1k", "width_disagree_m": 0.56, "road_name": "동명로", "seg_label": "동명로 1-109", "road_side": "0", "road_bt_m": 20.0, "in_emd": false, "light_count": 0, "unknown_reason": null, "z": 32.1 }, "geometry": { "type": "LineString", "coordinates": [ [ 126.932426, 35.150768 ], [ 126.932387, 35.15077 ], [ 126.932104, 35.150787 ] ] } },
{ "type": "Feature", "properties": { "seg_uid": "DM-193839-283786-KE78", "seg_id": "DM02046", "seg_no": 2, "width_min_m": 7.14, "width_max_m": null, "verdict": "clear", "width_verified": false, "midpoint_fallback": false, "inherited": false, "route_usage": 0, "length_m": 74.6, "run_length_m": null, "nfa_designated": false, "cctv_dist_m": 65.1, "cv_feasible": false, "width_src": "ngii1k", "width_disagree_m": null, "road_name": "동명로110번길", "seg_label": "동명로110번길 1-109", "road_side": "0", "road_bt_m": 8.0, "in_emd": false, "light_count": 0, "unknown_reason": null, "z": 33.6 }, "geometry": { "type": "LineString", "coordinates": [ [ 126.932387, 35.15077 ], [ 126.932381, 35.150097 ] ] } },
{ "type": "Feature", "properties": { "seg_uid": "DM-193857-283822-6Z8Q", "seg_id": "DM02047", "seg_no": 15, "width_min_m": 18.83, "width_max_m": null, "verdict": "clear", "width_verified": false, "midpoint_fallback": false, "inherited": false, "route_usage": 107, "length_m": 28.2, "run_length_m": null, "nfa_designated": false, "cctv_dist_m": 34.4, "cv_feasible": false, "width_src": "ngii1k", "width_disagree_m": 0.97, "road_name": "동명로", "seg_label": "동명로 109-111", "road_side": "0", "road_bt_m": 20.0, "in_emd": false, "light_count": 0, "unknown_reason": null, "z": 32.6 }, "geometry": { "type": "LineString", "coordinates": [ [ 126.932426, 35.150768 ], [ 126.932734, 35.150749 ] ] } },
{ "type": "Feature", "properties": { "seg_uid": "DM-193844-283840-6Z8Q", "seg_id": "DM02048", "seg_no": 16, "width_min_m": 2.48, "width_max_m": null, "verdict": "unknown", "width_verified": false, "midpoint_fallback": false, "inherited": false, "route_usage": 0, "length_m": 33.6, "run_length_m": null, "nfa_designated": false, "cctv_dist_m": 62.4, "cv_feasible": false, "width_src": "ngii1k", "width_disagree_m": 0.5, "road_name": "동명로", "seg_label": "동명로 109", "road_side": "1", "road_bt_m": 3.0, "in_emd": false, "light_count": 0, "unknown_reason": "no_cctv", "z": 32.1 }, "geometry": { "type": "LineString", "coordinates": [ [ 126.932426, 35.150768 ], [ 126.932464, 35.151069 ] ] } },
{ "type": "Feature", "properties": { "seg_uid": "DM-193879-283821-6Z8Q", "seg_id": "DM02049", "seg_no": 14, "width_min_m": 18.78, "width_max_m": null, "verdict": "clear", "width_verified": false, "midpoint_fallback": false, "inherited": false, "route_usage": 107, "length_m": 17.1, "run_length_m": null, "nfa_designated": false, "cctv_dist_m": 17.8, "cv_feasible": true, "width_src": "ngii1k", "width_disagree_m": 0.94, "road_name": "동명로", "seg_label": "동명로 111-113", "road_side": "0", "road_bt_m": 20.0, "in_emd": false, "light_count": 0, "unknown_reason": null, "z": 32.8 }, "geometry": { "type": "LineString", "coordinates": [ [ 126.932734, 35.150749 ], [ 126.932921, 35.150738 ] ] } },
{ "type": "Feature", "properties": { "seg_uid": "DM-193871-283839-6Z8Q", "seg_id": "DM02050", "seg_no": 27, "width_min_m": 1.2, "width_max_m": null, "verdict": "blocked", "width_verified": false, "midpoint_fallback": false, "inherited": false, "route_usage": 0, "length_m": 34.9, "run_length_m": 34.9, "nfa_designated": false, "cctv_dist_m": 34.4, "cv_feasible": false, "width_src": "ngii1k", "width_disagree_m": 0.02, "road_name": "동명로", "seg_label": "동명로 111", "road_side": "1", "road_bt_m": 1.0, "in_emd": false, "light_count": 0, "unknown_reason": null, "z": 32.4 }, "geometry": { "type": "LineString", "coordinates": [ [ 126.932734, 35.150749 ], [ 126.932734, 35.150822 ], [ 126.932739, 35.150907 ], [ 126.932745, 35.150996 ], [ 126.932749, 35.151063 ] ] } },
{ "type": "Feature", "properties": { "seg_uid": "DM-193888-283806-6Z8Q", "seg_id": "DM02051", "seg_no": 10, "width_min_m": 1.38, "width_max_m": null, "verdict": "blocked", "width_verified": false, "midpoint_fallback": false, "inherited": false, "route_usage": 0, "length_m": 28.2, "run_length_m": 28.2, "nfa_designated": false, "cctv_dist_m": 16.3, "cv_feasible": true, "width_src": "silpok", "width_disagree_m": null, "road_name": "동명로", "seg_label": "동명로 113-114", "road_side": "1", "road_bt_m": 1.0, "in_emd": false, "light_count": 0, "unknown_reason": null, "z": 33.7 }, "geometry": { "type": "LineString", "coordinates": [ [ 126.932921, 35.150738 ], [ 126.932927, 35.150483 ] ] } },
{ "type": "Feature", "properties": { "seg_uid": "DM-193123-284125-ZM8E", "seg_id": "DM02052", "seg_no": 11, "width_min_m": 18.15, "width_max_m": 19.27, "verdict": "clear", "width_verified": false, "midpoint_fallback": false, "inherited": false, "route_usage": 48, "length_m": 76.0, "run_length_m": null, "nfa_designated": false, "cctv_dist_m": 73.7, "cv_feasible": false, "width_src": "ngii1k", "width_disagree_m": 1.28, "road_name": "동계로", "seg_label": "동계로 15-323", "road_side": "0", "road_bt_m": 19.0, "in_emd": true, "light_count": 48, "unknown_reason": null, "z": 13.3 }, "geometry": { "type": "LineString", "coordinates": [ [ 126.924432, 35.153146 ], [ 126.92444, 35.153174 ], [ 126.924448, 35.153204 ], [ 126.924549, 35.153546 ], [ 126.924627, 35.153812 ] ] } },
{ "type": "Feature", "properties": { "seg_uid": "DM-193094-284132-5UT1", "seg_id": "DM02053", "seg_no": 5, "width_min_m": 5.64, "width_max_m": 6.23, "verdict": "unknown", "width_verified": false, "midpoint_fallback": false, "inherited": false, "route_usage": 13, "length_m": 101.9, "run_length_m": null, "nfa_designated": false, "cctv_dist_m": 47.8, "cv_feasible": false, "width_src": "ngii1k", "width_disagree_m": 0.79, "road_name": "동계로15번길", "seg_label": "동계로15번길 1-15", "road_side": "0", "road_bt_m": 6.0, "in_emd": true, "light_count": 11, "unknown_reason": "no_cctv", "z": 12.6 }, "geometry": { "type": "LineString", "coordinates": [ [ 126.924444, 35.153135 ], [ 126.924432, 35.153146 ], [ 126.924348, 35.153219 ], [ 126.924347, 35.153222 ], [ 126.924152, 35.153658 ], [ 126.92407, 35.153667 ], [ 126.923788, 35.15379 ], [ 126.923781, 35.153792 ], [ 126.923781, 35.153792 ] ] } },
{ "type": "Feature", "properties": { "seg_uid": "DM-193120-284168-52VO", "seg_id": "DM02054", "seg_no": 10, "width_min_m": 13.25, "width_max_m": 14.33, "verdict": "clear", "width_verified": false, "midpoint_fallback": false, "inherited": false, "route_usage": 84, "length_m": 42.3, "run_length_m": null, "nfa_designated": false, "cctv_dist_m": 64.2, "cv_feasible": false, "width_src": "ngii1k", "width_disagree_m": 1.27, "road_name": "경양로", "seg_label": "경양로 23-325", "road_side": "0", "road_bt_m": 15.0, "in_emd": false, "light_count": 48, "unknown_reason": null, "z": 14.5 }, "geometry": { "type": "LineString", "coordinates": [ [ 126.924699, 35.153783 ], [ 126.924693, 35.153784 ], [ 126.924641, 35.153806 ], [ 126.924627, 35.153812 ], [ 126.924613, 35.153818 ], [ 126.924316, 35.153943 ], [ 126.924307, 35.153947 ], [ 126.924286, 35.153957 ] ] } },
{ "type": "Feature", "properties": { "seg_uid": "DM-193332-284283-8AZD", "seg_id": "DM02184", "seg_no": 1, "width_min_m": 15.0, "width_max_m": null, "verdict": "clear", "width_verified": false, "midpoint_fallback": false, "inherited": false, "route_usage": 0, "length_m": 255.3, "run_length_m": null, "nfa_designated": false, "cctv_dist_m": 3.3, "cv_feasible": true, "width_src": "silpok", "width_disagree_m": 8.7, "road_name": "경양로347번길", "seg_label": "경양로347번길 1-347", "road_side": "0", "road_bt_m": 15.0, "in_emd": false, "light_count": 0, "unknown_reason": null, "z": 25.5 }, "geometry": { "type": "LineString", "coordinates": [ [ 126.927218, 35.153801 ], [ 126.926416, 35.156006 ] ] } },
{ "type": "Feature", "properties": { "seg_uid": "DM-193348-284161-52VO", "seg_id": "DM02185", "seg_no": 9, "width_min_m": 14.92, "width_max_m": null, "verdict": "clear", "width_verified": false, "midpoint_fallback": false, "inherited": false, "route_usage": 70, "length_m": 41.1, "run_length_m": null, "nfa_designated": false, "cctv_dist_m": 11.1, "cv_feasible": true, "width_src": "ngii1k", "width_disagree_m": 1.92, "road_name": "경양로", "seg_label": "경양로 22-347", "road_side": "0", "road_bt_m": 15.0, "in_emd": false, "light_count": 0, "unknown_reason": null, "z": 18.7 }, "geometry": { "type": "LineString", "coordinates": [ [ 126.926765, 35.153798 ], [ 126.927114, 35.15381 ], [ 126.927216, 35.153801 ] ] } },
{ "type": "Feature", "properties": { "seg_uid": "DM-193392-284162-52VO", "seg_id": "DM02186", "seg_no": 7, "width_min_m": 14.75, "width_max_m": null, "verdict": "clear", "width_verified": false, "midpoint_fallback": false, "inherited": false, "route_usage": 70, "length_m": 48.9, "run_length_m": null, "nfa_designated": false, "cctv_dist_m": 24.5, "cv_feasible": true, "width_src": "ngii1k", "width_disagree_m": 1.75, "road_name": "경양로", "seg_label": "경양로 31-353", "road_side": "0", "road_bt_m": 15.0, "in_emd": false, "light_count": 0, "unknown_reason": null, "z": 19.2 }, "geometry": { "type": "LineString", "coordinates": [ [ 126.927218, 35.153801 ], [ 126.927338, 35.153791 ], [ 126.927746, 35.153855 ] ] } },
{ "type": "Feature", "properties": { "seg_uid": "DM-193377-284129-C95Z", "seg_id": "DM02187", "seg_no": 3, "width_min_m": 14.92, "width_max_m": null, "verdict": "clear", "width_verified": false, "midpoint_fallback": false, "inherited": false, "route_usage": 0, "length_m": 66.1, "run_length_m": null, "nfa_designated": false, "cctv_dist_m": 10.9, "cv_feasible": true, "width_src": "ngii1k", "width_disagree_m": 0.42, "road_name": "동명로69번길", "seg_label": "동명로69번길 25-347", "road_side": "0", "road_bt_m": 15.0, "in_emd": false, "light_count": 3, "unknown_reason": null, "z": 17.4 }, "geometry": { "type": "LineString", "coordinates": [ [ 126.92742, 35.15323 ], [ 126.927363, 35.153389 ], [ 126.927216, 35.153801 ] ] } },
{ "type": "Feature", "properties": { "seg_uid": "DM-194338-283699-6CJO", "seg_id": "DM02209", "seg_no": 5, "width_min_m": 2.72, "width_max_m": null, "verdict": "needs_cv", "width_verified": false, "midpoint_fallback": false, "inherited": false, "route_usage": 335, "length_m": 36.7, "run_length_m": 407.1, "nfa_designated": true, "cctv_dist_m": 0.8, "cv_feasible": true, "width_src": "ngii1k", "width_disagree_m": 0.2, "road_name": "밤실로4번안길", "seg_label": "밤실로4번안길 4-19", "road_side": "0", "road_bt_m": 6.0, "in_emd": false, "light_count": 9, "unknown_reason": null, "z": 47.1 }, "geometry": { "type": "LineString", "coordinates": [ [ 126.937672, 35.14961 ], [ 126.937876, 35.149655 ], [ 126.938061, 35.149698 ] ] } },
{ "type": "Feature", "properties": { "seg_uid": "DM-194312-283703-A0DR", "seg_id": "DM02210", "seg_no": 1, "width_min_m": 5.22, "width_max_m": null, "verdict": "unknown", "width_verified": false, "midpoint_fallback": false, "inherited": false, "route_usage": 70, "length_m": 24.8, "run_length_m": null, "nfa_designated": false, "cctv_dist_m": 29.4, "cv_feasible": false, "width_src": "ngii1k", "width_disagree_m": 0.02, "road_name": "밤실로30번길", "seg_label": "밤실로30번길 4-24", "road_side": "1", "road_bt_m": 7.0, "in_emd": false, "light_count": 9, "unknown_reason": "no_cctv", "z": 46.8 }, "geometry": { "type": "LineString", "coordinates": [ [ 126.937492, 35.14977 ], [ 126.937641, 35.149617 ], [ 126.937672, 35.14961 ] ] } },
{ "type": "Feature", "properties": { "seg_uid": "DM-194362-283706-6CJO", "seg_id": "DM02211", "seg_no": 6, "width_min_m": 4.32, "width_max_m": null, "verdict": "needs_cv", "width_verified": false, "midpoint_fallback": false, "inherited": false, "route_usage": 335, "length_m": 12.4, "run_length_m": 407.1, "nfa_designated": true, "cctv_dist_m": 0.8, "cv_feasible": true, "width_src": "ngii1k", "width_disagree_m": 1.31, "road_name": "밤실로4번안길", "seg_label": "밤실로4번안길 19-20", "road_side": "0", "road_bt_m": 6.0, "in_emd": false, "light_count": 9, "unknown_reason": null, "z": 47.4 }, "geometry": { "type": "LineString", "coordinates": [ [ 126.938061, 35.149698 ], [ 126.938086, 35.149705 ], [ 126.938187, 35.149728 ], [ 126.938191, 35.149729 ] ] } },
{ "type": "Feature", "properties": { "seg_uid": "DM-194349-283714-6CJO", "seg_id": "DM02212", "seg_no": 11, "width_min_m": 2.1, "width_max_m": null, "verdict": "needs_cv", "width_verified": false, "midpoint_fallback": false, "inherited": false, "route_usage": 0, "length_m": 24.2, "run_length_m": 407.1, "nfa_designated": true, "cctv_dist_m": 0.8, "cv_feasible": true, "width_src": "ngii1k", "width_disagree_m": 1.14, "road_name": "밤실로4번안길", "seg_label": "밤실로4번안길 19", "road_side": "1", "road_bt_m": 3.0, "in_emd": false, "light_count": 9, "unknown_reason": null, "z": 46.8 }, "geometry": { "type": "LineString", "coordinates": [ [ 126.938061, 35.149698 ], [ 126.937994, 35.149775 ], [ 126.937906, 35.149876 ] ] } },
{ "type": "Feature", "properties": { "seg_uid": "DM-194381-283712-6CJO", "seg_id": "DM02213", "seg_no": 10, "width_min_m": 5.17, "width_max_m": null, "verdict": "needs_cv", "width_verified": false, "midpoint_fallback": false, "inherited": false, "route_usage": 335, "length_m": 28.2, "run_length_m": 407.1, "nfa_designated": true, "cctv_dist_m": 12.2, "cv_feasible": true, "width_src": "ngii1k", "width_disagree_m": 3.6, "road_name": "밤실로4번안길", "seg_label": "밤실로4번안길 19-23", "road_side": "0", "road_bt_m": 6.0, "in_emd": false, "light_count": 0, "unknown_reason": null, "z": 47.4 }, "geometry": { "type": "LineString", "coordinates": [ [ 126.938191, 35.149729 ], [ 126.938285, 35.149752 ], [ 126.938371, 35.149772 ], [ 126.93844, 35.149775 ], [ 126.938474, 35.149756 ], [ 126.938482, 35.149748 ] ] } },
{ "type": "Feature", "properties": { "seg_uid": "DM-194373-283696-6CJO", "seg_id": "DM02214", "seg_no": 4, "width_min_m": 2.4, "width_max_m": null, "verdict": "needs_cv", "width_verified": false, "midpoint_fallback": false, "inherited": false, "route_usage": 0, "length_m": 26.1, "run_length_m": 407.1, "nfa_designated": true, "cctv_dist_m": 12.2, "cv_feasible": true, "width_src": "silpok", "width_disagree_m": null, "road_name": "밤실로4번안길", "seg_label": "밤실로4번안길 19-20", "road_side": "1", "road_bt_m": 3.0, "in_emd": false, "light_count": 0, "unknown_reason": null, "z": 47.8 }, "geometry": { "type": "LineString", "coordinates": [ [ 126.938191, 35.149729 ], [ 126.938219, 35.149661 ], [ 126.938257, 35.149607 ], [ 126.938295, 35.149574 ], [ 126.938321, 35.149552 ], [ 126.938348, 35.149541 ] ] } },
{ "type": "Feature", "properties": { "seg_uid": "DM-194411-283712-6CJO", "seg_id": "DM02215", "seg_no": 9, "width_min_m": 1.87, "width_max_m": null, "verdict": "unknown", "width_verified": false, "midpoint_fallback": false, "inherited": false, "route_usage": 0, "length_m": 33.3, "run_length_m": null, "nfa_designated": false, "cctv_dist_m": 38.5, "cv_feasible": false, "width_src": "ngii1k", "width_disagree_m": 0.47, "road_name": "밤실로4번안길", "seg_label": "밤실로4번안길 17-25", "road_side": "0", "road_bt_m": 6.0, "in_emd": false, "light_count": 0, "unknown_reason": "no_cctv", "z": 49.6 }, "geometry": { "type": "LineString", "coordinates": [ [ 126.938482, 35.149748 ], [ 126.938486, 35.149745 ], [ 126.938488, 35.149745 ], [ 126.938715, 35.149769 ], [ 126.938842, 35.149778 ], [ 126.938843, 35.149778 ] ] } },
{ "type": "Feature", "properties": { "seg_uid": "DM-194398-283699-6CJO", "seg_id": "DM02216", "seg_no": 8, "width_min_m": 2.85, "width_max_m": null, "verdict": "unknown", "width_verified": false, "midpoint_fallback": false, "inherited": false, "route_usage": 0, "length_m": 22.5, "run_length_m": null, "nfa_designated": false, "cctv_dist_m": 38.5, "cv_feasible": false, "width_src": "ngii1k", "width_disagree_m": 0.49, "road_name": "밤실로4번안길", "seg_label": "밤실로4번안길 23-24", "road_side": "1", "road_bt_m": 3.0, "in_emd": false, "light_count": 0, "unknown_reason": "no_cctv", "z": 47.8 }, "geometry": { "type": "LineString", "coordinates": [ [ 126.938482, 35.149748 ], [ 126.938565, 35.149557 ] ] } },
{ "type": "Feature", "properties": { "seg_uid": "DM-194441-283710-6CJO", "seg_id": "DM02217", "seg_no": 7, "width_min_m": 1.54, "width_max_m": null, "verdict": "unknown", "width_verified": false, "midpoint_fallback": false, "inherited": false, "route_usage": 0, "length_m": 38.0, "run_length_m": null, "nfa_designated": false, "cctv_dist_m": 54.1, "cv_feasible": false, "width_src": "ngii1k", "width_disagree_m": 0.76, "road_name": "밤실로4번안길", "seg_label": "밤실로4번안길 17-29", "road_side": "0", "road_bt_m": 6.0, "in_emd": false, "light_count": 0, "unknown_reason": "no_cctv", "z": 52.4 }, "geometry": { "type": "LineString", "coordinates": [ [ 126.938843, 35.149778 ], [ 126.938878, 35.149791 ], [ 126.938917, 35.149814 ], [ 126.938938, 35.149811 ], [ 126.939023, 35.149719 ], [ 126.939162, 35.149797 ] ] } },
{ "type": "Feature", "properties": { "seg_uid": "DM-193814-284082-6RMT", "seg_id": "DM02224", "seg_no": 33, "width_min_m": 8.67, "width_max_m": null, "verdict": "clear", "width_verified": false, "midpoint_fallback": false, "inherited": false, "route_usage": 0, "length_m": 74.8, "run_length_m": null, "nfa_designated": false, "cctv_dist_m": 1.0, "cv_feasible": true, "width_src": "ngii1k", "width_disagree_m": 0.37, "road_name": "필문대로205번길", "seg_label": "필문대로205번길 5-7", "road_side": "1", "road_bt_m": 10.0, "in_emd": false, "light_count": 0, "unknown_reason": null, "z": 23.2 }, "geometry": { "type": "LineString", "coordinates": [ [ 126.93197, 35.152785 ], [ 126.932245, 35.153418 ], [ 126.932246, 35.15342 ] ] } },
{ "type": "Feature", "properties": { "seg_uid": "DM-193868-284061-6RMT", "seg_id": "DM02231", "seg_no": 32, "width_min_m": 5.43, "width_max_m": null, "verdict": "unknown", "width_verified": false, "midpoint_fallback": false, "inherited": false, "route_usage": 0, "length_m": 79.7, "run_length_m": null, "nfa_designated": false, "cctv_dist_m": 26.7, "cv_feasible": false, "width_src": "ngii1k", "width_disagree_m": 0.07, "road_name": "필문대로205번길", "seg_label": "필문대로205번길 11", "road_side": "1", "road_bt_m": 5.0, "in_emd": false, "light_count": 0, "unknown_reason": "no_cctv", "z": 24.2 }, "geometry": { "type": "LineString", "coordinates": [ [ 126.932559, 35.152567 ], [ 126.932566, 35.152583 ], [ 126.932665, 35.152828 ], [ 126.932727, 35.152979 ], [ 126.932833, 35.153249 ] ] } },
{ "type": "Feature", "properties": { "seg_uid": "DM-194331-283950-0OQO", "seg_id": "DM02279", "seg_no": 2, "width_min_m": 6.39, "width_max_m": null, "verdict": "unknown", "width_verified": false, "midpoint_fallback": false, "inherited": false, "route_usage": 0, "length_m": 96.6, "run_length_m": null, "nfa_designated": false, "cctv_dist_m": 40.5, "cv_feasible": false, "width_src": "silpok", "width_disagree_m": null, "road_name": "밤실로42번길", "seg_label": "밤실로42번길 7-15", "road_side": "0", "road_bt_m": 9.0, "in_emd": false, "light_count": 0, "unknown_reason": "no_cctv", "z": 41.9 }, "geometry": { "type": "LineString", "coordinates": [ [ 126.937396, 35.151618 ], [ 126.937413, 35.151629 ], [ 126.938171, 35.152212 ] ] } },
{ "type": "Feature", "properties": { "seg_uid": "DM-194277-283963-0OQO", "seg_id": "DM02280", "seg_no": 3, "width_min_m": 6.93, "width_max_m": null, "verdict": "unknown", "width_verified": false, "midpoint_fallback": false, "inherited": false, "route_usage": 0, "length_m": 98.0, "run_length_m": null, "nfa_designated": false, "cctv_dist_m": 40.5, "cv_feasible": false, "width_src": "ngii1k", "width_disagree_m": 0.29, "road_name": "밤실로42번길", "seg_label": "밤실로42번길 7-56", "road_side": "1", "road_bt_m": 10.0, "in_emd": false, "light_count": 0, "unknown_reason": "no_cctv", "z": 37.0 }, "geometry": { "type": "LineString", "coordinates": [ [ 126.937396, 35.151618 ], [ 126.937378, 35.151649 ], [ 126.937314, 35.151761 ], [ 126.937254, 35.15187 ], [ 126.937164, 35.152076 ], [ 126.937109, 35.15217 ], [ 126.937009, 35.15244 ] ] } },
{ "type": "Feature", "properties": { "seg_uid": "DM-193823-283750-U6CJ", "seg_id": "DM02283", "seg_no": 15, "width_min_m": 7.07, "width_max_m": null, "verdict": "clear", "width_verified": false, "midpoint_fallback": false, "inherited": false, "route_usage": 2, "length_m": 31.0, "run_length_m": null, "nfa_designated": false, "cctv_dist_m": 91.7, "cv_feasible": false, "width_src": "ngii1k", "width_disagree_m": 0.29, "road_name": "동명로98번길", "seg_label": "동명로98번길 7", "road_side": "1", "road_bt_m": 7.0, "in_emd": false, "light_count": 0, "unknown_reason": null, "z": 33.6 }, "geometry": { "type": "LineString", "coordinates": [ [ 126.932041, 35.150119 ], [ 126.932381, 35.150097 ] ] } },
{ "type": "Feature", "properties": { "seg_uid": "DM-192829-284233-52VO", "seg_id": "DM02376", "seg_no": 22, "width_min_m": 14.01, "width_max_m": 16.1, "verdict": "clear", "width_verified": false, "midpoint_fallback": false, "inherited": false, "route_usage": 39, "length_m": 58.2, "run_length_m": null, "nfa_designated": false, "cctv_dist_m": 54.9, "cv_feasible": false, "width_src": "ngii1k", "width_disagree_m": 1.49, "road_name": "경양로", "seg_label": "경양로 27-295", "road_side": "0", "road_bt_m": 15.0, "in_emd": true, "light_count": 18, "unknown_reason": null, "z": 10.0 }, "geometry": { "type": "LineString", "coordinates": [ [ 126.920981, 35.154412 ], [ 126.920996, 35.154414 ], [ 126.921612, 35.15449 ] ] } },
{ "type": "Feature", "properties": { "seg_uid": "DM-192798-284175-N2AV", "seg_id": "DM02377", "seg_no": 22, "width_min_m": 0.74, "width_max_m": 3.51, "verdict": "needs_cv", "width_verified": false, "midpoint_fallback": false, "inherited": false, "route_usage": 3, "length_m": 122.5, "run_length_m": 152.6, "nfa_designated": true, "cctv_dist_m": 0.3, "cv_feasible": true, "width_src": "ngii1k", "width_disagree_m": 1.06, "road_name": "동계천로95번길", "seg_label": "동계천로95번길 27-289", "road_side": "1", "road_bt_m": 3.0, "in_emd": true, "light_count": 18, "unknown_reason": null, "z": 10.0 }, "geometry": { "type": "LineString", "coordinates": [ [ 126.921282, 35.153608 ], [ 126.921267, 35.153608 ], [ 126.92122, 35.153624 ], [ 126.921135, 35.153676 ], [ 126.920858, 35.153817 ], [ 126.920903, 35.153866 ], [ 126.921002, 35.153972 ], [ 126.92104, 35.154016 ], [ 126.921084, 35.154056 ], [ 126.921111, 35.154083 ], [ 126.921081, 35.154131 ], [ 126.921004, 35.15421 ], [ 126.920991, 35.154253 ], [ 126.920981, 35.154412 ] ] } },
{ "type": "Feature", "properties": { "seg_uid": "DM-192870-284238-52VO", "seg_id": "DM02378", "seg_no": 27, "width_min_m": 14.16, "width_max_m": 16.41, "verdict": "clear", "width_verified": false, "midpoint_fallback": false, "inherited": false, "route_usage": 34, "length_m": 25.6, "run_length_m": null, "nfa_designated": false, "cctv_dist_m": 57.3, "cv_feasible": false, "width_src": "ngii1k", "width_disagree_m": 0.18, "road_name": "경양로", "seg_label": "경양로 37-297", "road_side": "0", "road_bt_m": 15.0, "in_emd": true, "light_count": 4, "unknown_reason": null, "z": 10.8 }, "geometry": { "type": "LineString", "coordinates": [ [ 126.921612, 35.15449 ], [ 126.921621, 35.154491 ], [ 126.921892, 35.154507 ] ] } },
{ "type": "Feature", "properties": { "seg_uid": "DM-192858-284212-N2AV", "seg_id": "DM02379", "seg_no": 23, "width_min_m": 5.75, "width_max_m": 7.33, "verdict": "needs_cv", "width_verified": false, "midpoint_fallback": false, "inherited": false, "route_usage": 9, "length_m": 49.9, "run_length_m": 49.9, "nfa_designated": false, "cctv_dist_m": 11.0, "cv_feasible": true, "width_src": "ngii1k", "width_disagree_m": 0.89, "road_name": "동계천로95번길", "seg_label": "동계천로95번길 31-295", "road_side": "0", "road_bt_m": 6.0, "in_emd": true, "light_count": 4, "unknown_reason": null, "z": 10.6 }, "geometry": { "type": "LineString", "coordinates": [ [ 126.921617, 35.154041 ], [ 126.921616, 35.154043 ], [ 126.921613, 35.15415 ], [ 126.921615, 35.154405 ], [ 126.921612, 35.15449 ] ] } },
{ "type": "Feature", "properties": { "seg_uid": "DM-192891-284238-52VO", "seg_id": "DM02380", "seg_no": 28, "width_min_m": 14.33, "width_max_m": 17.95, "verdict": "clear", "width_verified": false, "midpoint_fallback": false, "inherited": false, "route_usage": 34, "length_m": 16.5, "run_length_m": null, "nfa_designated": false, "cctv_dist_m": 67.5, "cv_feasible": false, "width_src": "ngii1k", "width_disagree_m": 0.66, "road_name": "경양로", "seg_label": "경양로 26-299", "road_side": "0", "road_bt_m": 15.0, "in_emd": true, "light_count": 0, "unknown_reason": null, "z": 11.2 }, "geometry": { "type": "LineString", "coordinates": [ [ 126.921892, 35.154507 ], [ 126.921899, 35.154507 ], [ 126.921906, 35.154507 ], [ 126.922072, 35.154496 ] ] } },
{ "type": "Feature", "properties": { "seg_uid": "DM-192888-284258-52VO", "seg_id": "DM02381", "seg_no": 29, "width_min_m": 1.15, "width_max_m": 3.4, "verdict": "unknown", "width_verified": false, "midpoint_fallback": false, "inherited": false, "route_usage": 2, "length_m": 39.0, "run_length_m": null, "nfa_designated": false, "cctv_dist_m": 67.5, "cv_feasible": false, "width_src": "ngii1k", "width_disagree_m": 0.53, "road_name": "경양로", "seg_label": "경양로 297", "road_side": "1", "road_bt_m": 3.0, "in_emd": true, "light_count": 0, "unknown_reason": "no_cctv", "z": 11.2 }, "geometry": { "type": "LineString", "coordinates": [ [ 126.921892, 35.154507 ], [ 126.921904, 35.154556 ], [ 126.921911, 35.154583 ], [ 126.921971, 35.154762 ], [ 126.921863, 35.154761 ] ] } },
{ "type": "Feature", "properties": { "seg_uid": "DM-192887-284213-5UT1", "seg_id": "DM02382", "seg_no": 15, "width_min_m": 0.63, "width_max_m": 2.14, "verdict": "blocked", "width_verified": false, "midpoint_fallback": false, "inherited": false, "route_usage": 2, "length_m": 56.9, "run_length_m": 56.9, "nfa_designated": false, "cctv_dist_m": 37.5, "cv_feasible": false, "width_src": "ngii1k", "width_disagree_m": 0.49, "road_name": "동계로15번길", "seg_label": "동계로15번길 25-299", "road_side": "1", "road_bt_m": 2.0, "in_emd": true, "light_count": 0, "unknown_reason": null, "z": 11.0 }, "geometry": { "type": "LineString", "coordinates": [ [ 126.921985, 35.154087 ], [ 126.92193, 35.154123 ], [ 126.921878, 35.15416 ], [ 126.921856, 35.154176 ], [ 126.921909, 35.154241 ], [ 126.921934, 35.15427 ], [ 126.921996, 35.154354 ], [ 126.922011, 35.154381 ], [ 126.922028, 35.154384 ], [ 126.922072, 35.154496 ] ] } },
{ "type": "Feature", "properties": { "seg_uid": "DM-192922-284236-52VO", "seg_id": "DM02383", "seg_no": 26, "width_min_m": 14.27, "width_max_m": 14.41, "verdict": "clear", "width_verified": false, "midpoint_fallback": false, "inherited": false, "route_usage": 41, "length_m": 45.6, "run_length_m": null, "nfa_designated": false, "cctv_dist_m": 55.0, "cv_feasible": false, "width_src": "ngii1k", "width_disagree_m": 2.71, "road_name": "경양로", "seg_label": "경양로 20-303", "road_side": "0", "road_bt_m": 15.0, "in_emd": true, "light_count": 0, "unknown_reason": null, "z": 11.6 }, "geometry": { "type": "LineString", "coordinates": [ [ 126.92257, 35.154464 ], [ 126.922561, 35.154465 ], [ 126.922553, 35.154465 ], [ 126.922073, 35.154496 ], [ 126.922072, 35.154496 ] ] } },
{ "type": "Feature", "properties": { "seg_uid": "DM-192933-284261-52VO", "seg_id": "DM02384", "seg_no": 31, "width_min_m": 1.36, "width_max_m": 6.17, "verdict": "unknown", "width_verified": false, "midpoint_fallback": false, "inherited": false, "route_usage": 5, "length_m": 59.1, "run_length_m": null, "nfa_designated": false, "cctv_dist_m": 37.1, "cv_feasible": false, "width_src": "ngii1k", "width_disagree_m": 1.34, "road_name": "경양로", "seg_label": "경양로 3-303", "road_side": "1", "road_bt_m": 5.0, "in_emd": false, "light_count": 0, "unknown_reason": "no_cctv", "z": 12.1 }, "geometry": { "type": "LineString", "coordinates": [ [ 126.922561, 35.154465 ], [ 126.922543, 35.154549 ], [ 126.922538, 35.154579 ], [ 126.922513, 35.154621 ], [ 126.922479, 35.154671 ], [ 126.922411, 35.154733 ], [ 126.922371, 35.154752 ], [ 126.922341, 35.154763 ], [ 126.922239, 35.154802 ], [ 126.922205, 35.154819 ], [ 126.922175, 35.15485 ] ] } },
{ "type": "Feature", "properties": { "seg_uid": "DM-192955-284212-5UT1", "seg_id": "DM02385", "seg_no": 14, "width_min_m": 5.69, "width_max_m": 9.08, "verdict": "unknown", "width_verified": false, "midpoint_fallback": false, "inherited": false, "route_usage": 7, "length_m": 49.4, "run_length_m": null, "nfa_designated": false, "cctv_dist_m": 55.0, "cv_feasible": false, "width_src": "ngii1k", "width_disagree_m": 1.21, "road_name": "동계로15번길", "seg_label": "동계로15번길 16-303", "road_side": "1", "road_bt_m": 7.0, "in_emd": true, "light_count": 0, "unknown_reason": "no_cctv", "z": 11.9 }, "geometry": { "type": "LineString", "coordinates": [ [ 126.922694, 35.154051 ], [ 126.922727, 35.154192 ], [ 126.922726, 35.154193 ], [ 126.92257, 35.154464 ] ] } },
{ "type": "Feature", "properties": { "seg_uid": "DM-192998-284224-52VO", "seg_id": "DM02386", "seg_no": 19, "width_min_m": 14.51, "width_max_m": 17.95, "verdict": "clear", "width_verified": false, "midpoint_fallback": false, "inherited": false, "route_usage": 36, "length_m": 22.3, "run_length_m": null, "nfa_designated": false, "cctv_dist_m": 45.6, "cv_feasible": false, "width_src": "ngii1k", "width_disagree_m": 1.11, "road_name": "경양로", "seg_label": "경양로 307-311", "road_side": "0", "road_bt_m": 15.0, "in_emd": false, "light_count": 0, "unknown_reason": null, "z": 12.8 }, "geometry": { "type": "LineString", "coordinates": [ [ 126.923041, 35.154402 ], [ 126.923057, 35.1544 ], [ 126.92325, 35.154348 ], [ 126.923274, 35.154341 ] ] } },
{ "type": "Feature", "properties": { "seg_uid": "DM-193022-284236-52VO", "seg_id": "DM02387", "seg_no": 24, "width_min_m": 0.53, "width_max_m": 2.59, "verdict": "blocked", "width_verified": false, "midpoint_fallback": false, "inherited": false, "route_usage": 0, "length_m": 46.3, "run_length_m": 46.3, "nfa_designated": false, "cctv_dist_m": 33.5, "cv_feasible": false, "width_src": "ngii1k", "width_disagree_m": 0.77, "road_name": "경양로", "seg_label": "경양로 309-311", "road_side": "1", "road_bt_m": 2.0, "in_emd": false, "light_count": 0, "unknown_reason": null, "z": 13.3 }, "geometry": { "type": "LineString", "coordinates": [ [ 126.923274, 35.154341 ], [ 126.923309, 35.154397 ], [ 126.92332, 35.154417 ], [ 126.923324, 35.154426 ], [ 126.923345, 35.15446 ], [ 126.923395, 35.154451 ], [ 126.923446, 35.154529 ], [ 126.923299, 35.154626 ] ] } },
{ "type": "Feature", "properties": { "seg_uid": "DM-193203-284155-52VO", "seg_id": "DM02388", "seg_no": 4, "width_min_m": 18.51, "width_max_m": null, "verdict": "clear", "width_verified": false, "midpoint_fallback": false, "inherited": false, "route_usage": 70, "length_m": 129.4, "run_length_m": null, "nfa_designated": false, "cctv_dist_m": 25.3, "cv_feasible": false, "width_src": "ngii1k", "width_disagree_m": 5.04, "road_name": "경양로", "seg_label": "경양로 32-337", "road_side": "0", "road_bt_m": 15.0, "in_emd": false, "light_count": 72, "unknown_reason": null, "z": 17.0 }, "geometry": { "type": "LineString", "coordinates": [ [ 126.924699, 35.153783 ], [ 126.924874, 35.153768 ], [ 126.92521, 35.15374 ], [ 126.925752, 35.153763 ], [ 126.926115, 35.153779 ] ] } },
{ "type": "Feature", "properties": { "seg_uid": "DM-193280-284159-52VO", "seg_id": "DM02389", "seg_no": 6, "width_min_m": 16.98, "width_max_m": null, "verdict": "clear", "width_verified": false, "midpoint_fallback": false, "inherited": false, "route_usage": 70, "length_m": 24.7, "run_length_m": null, "nfa_designated": false, "cctv_dist_m": 6.5, "cv_feasible": true, "width_src": "ngii1k", "width_disagree_m": 3.98, "road_name": "경양로", "seg_label": "경양로 32-339", "road_side": "0", "road_bt_m": 15.0, "in_emd": false, "light_count": 24, "unknown_reason": null, "z": 18.4 }, "geometry": { "type": "LineString", "coordinates": [ [ 126.926115, 35.153779 ], [ 126.926223, 35.153784 ], [ 126.926386, 35.153788 ] ] } },
{ "type": "Feature", "properties": { "seg_uid": "DM-193310-284159-52VO", "seg_id": "DM02390", "seg_no": 8, "width_min_m": 16.66, "width_max_m": null, "verdict": "clear", "width_verified": false, "midpoint_fallback": false, "inherited": false, "route_usage": 70, "length_m": 34.6, "run_length_m": null, "nfa_designated": false, "cctv_dist_m": 6.5, "cv_feasible": true, "width_src": "ngii1k", "width_disagree_m": 3.66, "road_name": "경양로", "seg_label": "경양로 22-343", "road_side": "0", "road_bt_m": 15.0, "in_emd": false, "light_count": 0, "unknown_reason": null, "z": 18.6 }, "geometry": { "type": "LineString", "coordinates": [ [ 126.926386, 35.153788 ], [ 126.926577, 35.153792 ], [ 126.926765, 35.153798 ] ] } },
{ "type": "Feature", "properties": { "seg_uid": "DM-193292-284148-52VO", "seg_id": "DM02391", "seg_no": 3, "width_min_m": 2.4, "width_max_m": null, "verdict": "needs_cv", "width_verified": false, "midpoint_fallback": false, "inherited": false, "route_usage": 0, "length_m": 21.8, "run_length_m": 21.8, "nfa_designated": false, "cctv_dist_m": 6.5, "cv_feasible": true, "width_src": "ngii1k", "width_disagree_m": 0.05, "road_name": "경양로", "seg_label": "경양로 339-340", "road_side": "1", "road_bt_m": 3.0, "in_emd": false, "light_count": 0, "unknown_reason": null, "z": 17.8 }, "geometry": { "type": "LineString", "coordinates": [ [ 126.926386, 35.153788 ], [ 126.926376, 35.153679 ], [ 126.926374, 35.15362 ], [ 126.926382, 35.153596 ], [ 126.926385, 35.153593 ] ] } },
{ "type": "Feature", "properties": { "seg_uid": "DM-193330-284144-4S4P", "seg_id": "DM02392", "seg_no": 16, "width_min_m": 9.69, "width_max_m": null, "verdict": "clear", "width_verified": false, "midpoint_fallback": false, "inherited": false, "route_usage": 0, "length_m": 31.7, "run_length_m": null, "nfa_designated": false, "cctv_dist_m": 16.8, "cv_feasible": true, "width_src": "ngii1k", "width_disagree_m": 7.69, "road_name": "동명로67번길", "seg_label": "동명로67번길 22-343", "road_side": "1", "road_bt_m": 8.0, "in_emd": false, "light_count": 3, "unknown_reason": null, "z": 18.1 }, "geometry": { "type": "LineString", "coordinates": [ [ 126.926848, 35.153521 ], [ 126.926832, 35.153564 ], [ 126.926785, 35.153702 ], [ 126.926765, 35.153798 ] ] } },
{ "type": "Feature", "properties": { "seg_uid": "DM-193424-284144-MCQE", "seg_id": "DM02393", "seg_no": 18, "width_min_m": 1.16, "width_max_m": null, "verdict": "blocked", "width_verified": false, "midpoint_fallback": false, "inherited": false, "route_usage": 70, "length_m": 47.0, "run_length_m": 91.7, "nfa_designated": false, "cctv_dist_m": 48.4, "cv_feasible": false, "width_src": "ngii1k", "width_disagree_m": 0.28, "road_name": "필문대로192번길", "seg_label": "필문대로192번길 32-353", "road_side": "1", "road_bt_m": 2.0, "in_emd": false, "light_count": 0, "unknown_reason": null, "z": 19.4 }, "geometry": { "type": "LineString", "coordinates": [ [ 126.927912, 35.153454 ], [ 126.927748, 35.15385 ], [ 126.927746, 35.153855 ] ] } },
{ "type": "Feature", "properties": { "seg_uid": "DM-193512-284164-52VO", "seg_id": "DM02394", "seg_no": 5, "width_min_m": 0.86, "width_max_m": null, "verdict": "blocked", "width_verified": false, "midpoint_fallback": false, "inherited": false, "route_usage": 0, "length_m": 39.2, "run_length_m": 39.2, "nfa_designated": false, "cctv_dist_m": 53.7, "cv_feasible": false, "width_src": "ngii1k", "width_disagree_m": 1.39, "road_name": "경양로", "seg_label": "경양로 361-362", "road_side": "1", "road_bt_m": 2.0, "in_emd": false, "light_count": 0, "unknown_reason": null, "z": 23.1 }, "geometry": { "type": "LineString", "coordinates": [ [ 126.928757, 35.154011 ], [ 126.928815, 35.153764 ], [ 126.928695, 35.15374 ] ] } },
{ "type": "Feature", "properties": { "seg_uid": "DM-193566-284160-MCQE", "seg_id": "DM02395", "seg_no": 11, "width_min_m": 5.66, "width_max_m": null, "verdict": "needs_cv", "width_verified": false, "midpoint_fallback": false, "inherited": false, "route_usage": 0, "length_m": 67.2, "run_length_m": 67.2, "nfa_designated": false, "cctv_dist_m": 1.0, "cv_feasible": true, "width_src": "ngii1k", "width_disagree_m": 0.04, "road_name": "필문대로192번길", "seg_label": "필문대로192번길 17-367", "road_side": "1", "road_bt_m": 7.0, "in_emd": false, "light_count": 11, "unknown_reason": null, "z": 24.5 }, "geometry": { "type": "LineString", "coordinates": [ [ 126.92943, 35.1535 ], [ 126.929429, 35.153542 ], [ 126.929427, 35.15358 ], [ 126.929328, 35.1541 ] ] } },
{ "type": "Feature", "properties": { "seg_uid": "DM-193583-284197-52VO", "seg_id": "DM02396", "seg_no": 17, "width_min_m": 14.36, "width_max_m": null, "verdict": "clear", "width_verified": false, "midpoint_fallback": false, "inherited": false, "route_usage": 0, "length_m": 14.2, "run_length_m": null, "nfa_designated": false, "cctv_dist_m": 17.2, "cv_feasible": true, "width_src": "ngii1k", "width_disagree_m": 1.36, "road_name": "경양로", "seg_label": "경양로 369-371", "road_side": "0", "road_bt_m": 15.0, "in_emd": false, "light_count": 11, "unknown_reason": null, "z": 28.5 }, "geometry": { "type": "LineString", "coordinates": [ [ 126.929497, 35.154125 ], [ 126.929651, 35.154148 ] ] } },
{ "type": "Feature", "properties": { "seg_uid": "DM-193583-284220-52VO", "seg_id": "DM02397", "seg_no": 20, "width_min_m": 1.23, "width_max_m": null, "verdict": "blocked", "width_verified": false, "midpoint_fallback": false, "inherited": false, "route_usage": 0, "length_m": 51.1, "run_length_m": 51.1, "nfa_designated": false, "cctv_dist_m": 17.2, "cv_feasible": true, "width_src": "ngii1k", "width_disagree_m": 0.09, "road_name": "경양로", "seg_label": "경양로 369", "road_side": "1", "road_bt_m": 2.0, "in_emd": false, "light_count": 11, "unknown_reason": null, "z": 31.6 }, "geometry": { "type": "LineString", "coordinates": [ [ 126.929497, 35.154125 ], [ 126.929508, 35.154199 ], [ 126.929593, 35.154389 ], [ 126.929663, 35.154563 ] ] } },
{ "type": "Feature", "properties": { "seg_uid": "DM-193595-284185-52VO", "seg_id": "DM02398", "seg_no": 13, "width_min_m": 2.53, "width_max_m": null, "verdict": "unknown", "width_verified": false, "midpoint_fallback": false, "inherited": false, "route_usage": 0, "length_m": 28.3, "run_length_m": null, "nfa_designated": false, "cctv_dist_m": 26.7, "cv_feasible": false, "width_src": "ngii1k", "width_disagree_m": 0.67, "road_name": "경양로", "seg_label": "경양로 369-371", "road_side": "1", "road_bt_m": 3.0, "in_emd": false, "light_count": 11, "unknown_reason": "no_cctv", "z": 26.1 }, "geometry": { "type": "LineString", "coordinates": [ [ 126.929651, 35.154148 ], [ 126.92968, 35.154104 ], [ 126.929721, 35.153974 ], [ 126.929637, 35.153961 ] ] } },
{ "type": "Feature", "properties": { "seg_uid": "DM-192279-284364-JFYG", "seg_id": "DM02404", "seg_no": 88, "width_min_m": 17.81, "width_max_m": null, "verdict": "clear", "width_verified": false, "midpoint_fallback": false, "inherited": false, "route_usage": 0, "length_m": 124.9, "run_length_m": null, "nfa_designated": false, "cctv_dist_m": 0.4, "cv_feasible": true, "width_src": "ngii1k", "width_disagree_m": 0.17, "road_name": "동계천로", "seg_label": "동계천로 9-31", "road_side": "0", "road_bt_m": 15.0, "in_emd": false, "light_count": 14, "unknown_reason": null, "z": 7.6 }, "geometry": { "type": "LineString", "coordinates": [ [ 126.914721, 35.155971 ], [ 126.914738, 35.15596 ], [ 126.914765, 35.155942 ], [ 126.91573, 35.155327 ], [ 126.915769, 35.155303 ], [ 126.915806, 35.155283 ] ] } },
{ "type": "Feature", "properties": { "seg_uid": "DM-192310-284306-CYSW", "seg_id": "DM02406", "seg_no": 3, "width_min_m": 4.83, "width_max_m": null, "verdict": "unknown", "width_verified": false, "midpoint_fallback": false, "inherited": false, "route_usage": 53, "length_m": 54.3, "run_length_m": null, "nfa_designated": false, "cctv_dist_m": 48.9, "cv_feasible": false, "width_src": "ngii1k", "width_disagree_m": 0.1, "road_name": "제봉로212번길", "seg_label": "제봉로212번길 5-31", "road_side": "0", "road_bt_m": 6.0, "in_emd": false, "light_count": 0, "unknown_reason": "no_cctv", "z": 8.1 }, "geometry": { "type": "LineString", "coordinates": [ [ 126.915395, 35.154929 ], [ 126.915806, 35.155283 ] ] } },
{ "type": "Feature", "properties": { "seg_uid": "DM-192421-284268-4W2N", "seg_id": "DM02407", "seg_no": 3, "width_min_m": 6.87, "width_max_m": null, "verdict": "unknown", "width_verified": false, "midpoint_fallback": false, "inherited": false, "route_usage": 0, "length_m": 15.1, "run_length_m": null, "nfa_designated": false, "cctv_dist_m": 61.0, "cv_feasible": false, "width_src": "silpok", "width_disagree_m": null, "road_name": "제봉로200번길", "seg_label": "제봉로200번길 9-43", "road_side": "0", "road_bt_m": 6.0, "in_emd": false, "light_count": 0, "unknown_reason": "no_cctv", "z": 8.3 }, "geometry": { "type": "LineString", "coordinates": [ [ 126.916769, 35.154713 ], [ 126.916881, 35.154814 ] ] } },
{ "type": "Feature", "properties": { "seg_uid": "DM-192455-284273-JFYG", "seg_id": "DM02408", "seg_no": 84, "width_min_m": 1.3, "width_max_m": null, "verdict": "blocked", "width_verified": false, "midpoint_fallback": false, "inherited": false, "route_usage": 0, "length_m": 32.6, "run_length_m": 32.6, "nfa_designated": false, "cctv_dist_m": 85.9, "cv_feasible": false, "width_src": "ngii1k", "width_disagree_m": 0.1, "road_name": "동계천로", "seg_label": "동계천로 43-45", "road_side": "1", "road_bt_m": 2.0, "in_emd": false, "light_count": 0, "unknown_reason": null, "z": 8.2 }, "geometry": { "type": "LineString", "coordinates": [ [ 126.917059, 35.154734 ], [ 126.917074, 35.154758 ], [ 126.917098, 35.154796 ], [ 126.917136, 35.154808 ], [ 126.917182, 35.15481 ], [ 126.91723, 35.154821 ], [ 126.917267, 35.154833 ], [ 126.917316, 35.154868 ], [ 126.917323, 35.154893 ] ] } },
{ "type": "Feature", "properties": { "seg_uid": "DM-192499-284279-JFYG", "seg_id": "DM02409", "seg_no": 85, "width_min_m": 0.68, "width_max_m": null, "verdict": "blocked", "width_verified": false, "midpoint_fallback": false, "inherited": false, "route_usage": 0, "length_m": 95.2, "run_length_m": 95.2, "nfa_designated": false, "cctv_dist_m": 79.1, "cv_feasible": false, "width_src": "ngii1k", "width_disagree_m": 0.32, "road_name": "동계천로", "seg_label": "동계천로 49", "road_side": "1", "road_bt_m": 2.0, "in_emd": false, "light_count": 0, "unknown_reason": null, "z": 8.0 }, "geometry": { "type": "LineString", "coordinates": [ [ 126.917453, 35.154535 ], [ 126.917463, 35.154552 ], [ 126.917501, 35.154611 ], [ 126.917541, 35.154668 ], [ 126.917569, 35.154688 ], [ 126.917616, 35.154715 ], [ 126.917683, 35.154746 ], [ 126.917703, 35.154758 ], [ 126.917709, 35.154779 ], [ 126.917698, 35.15481 ], [ 126.917672, 35.154869 ], [ 126.917655, 35.154901 ], [ 126.917638, 35.154924 ], [ 126.917599, 35.154988 ], [ 126.917596, 35.155001 ], [ 126.917613, 35.155013 ], [ 126.917693, 35.15505 ], [ 126.91769, 35.155062 ], [ 126.917618, 35.155158 ], [ 126.917687, 35.155186 ] ] } },
{ "type": "Feature", "properties": { "seg_uid": "DM-192509-284200-GM2I", "seg_id": "DM02410", "seg_no": 7, "width_min_m": 6.23, "width_max_m": null, "verdict": "unknown", "width_verified": false, "midpoint_fallback": false, "inherited": false, "route_usage": 0, "length_m": 18.0, "run_length_m": null, "nfa_designated": false, "cctv_dist_m": 105.1, "cv_feasible": false, "width_src": "silpok", "width_disagree_m": null, "road_name": "제봉로190번길", "seg_label": "제봉로190번길 9-53", "road_side": "0", "road_bt_m": 6.0, "in_emd": false, "light_count": 0, "unknown_reason": "no_cctv", "z": 8.4 }, "geometry": { "type": "LineString", "coordinates": [ [ 126.917717, 35.154092 ], [ 126.917724, 35.154098 ], [ 126.917724, 35.154098 ], [ 126.917853, 35.15421 ] ] } },
{ "type": "Feature", "properties": { "seg_uid": "DM-192527-284210-JFYG", "seg_id": "DM02411", "seg_no": 76, "width_min_m": 0.82, "width_max_m": null, "verdict": "unknown", "width_verified": false, "midpoint_fallback": false, "inherited": false, "route_usage": 0, "length_m": 22.4, "run_length_m": null, "nfa_designated": false, "cctv_dist_m": 84.2, "cv_feasible": false, "width_src": "silpok", "width_disagree_m": null, "road_name": "동계천로", "seg_label": "동계천로 53-59", "road_side": "1", "road_bt_m": 3.0, "in_emd": false, "light_count": 0, "unknown_reason": "no_cctv", "z": 8.3 }, "geometry": { "type": "LineString", "coordinates": [ [ 126.917906, 35.154166 ], [ 126.917939, 35.154195 ], [ 126.918072, 35.154314 ] ] } },
{ "type": "Feature", "properties": { "seg_uid": "DM-192562-284169-JFYG", "seg_id": "DM02412", "seg_no": 74, "width_min_m": 2.5, "width_max_m": null, "verdict": "unknown", "width_verified": false, "midpoint_fallback": false, "inherited": false, "route_usage": 0, "length_m": 17.7, "run_length_m": null, "nfa_designated": false, "cctv_dist_m": 96.1, "cv_feasible": false, "width_src": "silpok", "width_disagree_m": null, "road_name": "동계천로", "seg_label": "동계천로 30-59", "road_side": "1", "road_bt_m": 4.0, "in_emd": false, "light_count": 0, "unknown_reason": "no_cctv", "z": 8.6 }, "geometry": { "type": "LineString", "coordinates": [ [ 126.918353, 35.153793 ], [ 126.918369, 35.15384 ], [ 126.918367, 35.153864 ], [ 126.918364, 35.153904 ], [ 126.91836, 35.153951 ] ] } },
{ "type": "Feature", "properties": { "seg_uid": "DM-192604-284165-PF48", "seg_id": "DM02413", "seg_no": 1, "width_min_m": 1.53, "width_max_m": 3.21, "verdict": "unknown", "width_verified": false, "midpoint_fallback": false, "inherited": false, "route_usage": 4, "length_m": 86.4, "run_length_m": null, "nfa_designated": false, "cctv_dist_m": 57.7, "cv_feasible": false, "width_src": "ngii1k", "width_disagree_m": 0.37, "road_name": "구성로238번길", "seg_label": "구성로238번길 32-241", "road_side": "1", "road_bt_m": 4.0, "in_emd": false, "light_count": 13, "unknown_reason": "no_cctv", "z": 9.0 }, "geometry": { "type": "LineString", "coordinates": [ [ 126.919287, 35.153934 ], [ 126.91917, 35.153907 ], [ 126.919114, 35.153895 ], [ 126.918962, 35.153866 ], [ 126.918845, 35.153845 ], [ 126.918668, 35.153821 ], [ 126.918524, 35.153811 ], [ 126.918356, 35.15379 ] ] } },
{ "type": "Feature", "properties": { "seg_uid": "DM-192681-284053-JFYG", "seg_id": "DM02414", "seg_no": 68, "width_min_m": 9.29, "width_max_m": null, "verdict": "clear", "width_verified": false, "midpoint_fallback": false, "inherited": false, "route_usage": 235, "length_m": 6.8, "run_length_m": null, "nfa_designated": false, "cctv_dist_m": 88.2, "cv_feasible": false, "width_src": "ngii1k", "width_disagree_m": 0.74, "road_name": "동계천로", "seg_label": "동계천로 75-77", "road_side": "0", "road_bt_m": 15.0, "in_emd": false, "light_count": 0, "unknown_reason": null, "z": 10.7 }, "geometry": { "type": "LineString", "coordinates": [ [ 126.919649, 35.152853 ], [ 126.919691, 35.152823 ], [ 126.919706, 35.152812 ] ] } },
{ "type": "Feature", "properties": { "seg_uid": "DM-192670-284048-JFYG", "seg_id": "DM02415", "seg_no": 65, "width_min_m": 2.44, "width_max_m": 5.94, "verdict": "unknown", "width_verified": false, "midpoint_fallback": false, "inherited": false, "route_usage": 0, "length_m": 23.6, "run_length_m": null, "nfa_designated": false, "cctv_dist_m": 88.8, "cv_feasible": false, "width_src": "silpok", "width_disagree_m": null, "road_name": "동계천로", "seg_label": "동계천로 75-76", "road_side": "1", "road_bt_m": 3.0, "in_emd": false, "light_count": 0, "unknown_reason": "no_cctv", "z": 10.8 }, "geometry": { "type": "LineString", "coordinates": [ [ 126.919649, 35.152853 ], [ 126.919453, 35.152713 ] ] } },
{ "type": "Feature", "properties": { "seg_uid": "DM-192691-284046-JFYG", "seg_id": "DM02416", "seg_no": 66, "width_min_m": 12.27, "width_max_m": 18.21, "verdict": "clear", "width_verified": false, "midpoint_fallback": false, "inherited": false, "route_usage": 235, "length_m": 17.8, "run_length_m": null, "nfa_designated": false, "cctv_dist_m": 72.7, "cv_feasible": false, "width_src": "ngii1k", "width_disagree_m": 1.69, "road_name": "동계천로", "seg_label": "동계천로 77-79", "road_side": "0", "road_bt_m": 15.0, "in_emd": false, "light_count": 0, "unknown_reason": null, "z": 10.9 }, "geometry": { "type": "LineString", "coordinates": [ [ 126.919706, 35.152812 ], [ 126.919708, 35.152811 ], [ 126.919759, 35.152775 ], [ 126.919861, 35.15274 ], [ 126.919874, 35.152736 ] ] } },
{ "type": "Feature", "properties": { "seg_uid": "DM-192692-284062-JFYG", "seg_id": "DM02417", "seg_no": 70, "width_min_m": 2.62, "width_max_m": 8.53, "verdict": "unknown", "width_verified": false, "midpoint_fallback": false, "inherited": false, "route_usage": 2, "length_m": 26.6, "run_length_m": null, "nfa_designated": false, "cctv_dist_m": 61.8, "cv_feasible": false, "width_src": "ngii1k", "width_disagree_m": null, "road_name": "동계천로", "seg_label": "동계천로 77", "road_side": "1", "road_bt_m": 3.0, "in_emd": true, "light_count": 0, "unknown_reason": "no_cctv", "z": 10.7 }, "geometry": { "type": "LineString", "coordinates": [ [ 126.919706, 35.152812 ], [ 126.919739, 35.152847 ], [ 126.919793, 35.152905 ], [ 126.919887, 35.153 ] ] } },
{ "type": "Feature", "properties": { "seg_uid": "DM-192708-284039-JFYG", "seg_id": "DM02418", "seg_no": 64, "width_min_m": 12.19, "width_max_m": 19.86, "verdict": "clear", "width_verified": false, "midpoint_fallback": false, "inherited": false, "route_usage": 235, "length_m": 19.4, "run_length_m": null, "nfa_designated": false, "cctv_dist_m": 55.8, "cv_feasible": false, "width_src": "ngii1k", "width_disagree_m": 0.23, "road_name": "동계천로", "seg_label": "동계천로 79-81", "road_side": "0", "road_bt_m": 15.0, "in_emd": false, "light_count": 0, "unknown_reason": null, "z": 11.1 }, "geometry": { "type": "LineString", "coordinates": [ [ 126.919874, 35.152736 ], [ 126.919878, 35.152734 ], [ 126.919995, 35.152694 ], [ 126.92004, 35.152663 ], [ 126.920057, 35.152651 ] ] } },
{ "type": "Feature", "properties": { "seg_uid": "DM-192709-284056-JFYG", "seg_id": "DM02419", "seg_no": 69, "width_min_m": 1.23, "width_max_m": 3.79, "verdict": "unknown", "width_verified": false, "midpoint_fallback": false, "inherited": false, "route_usage": 2, "length_m": 33.0, "run_length_m": null, "nfa_designated": false, "cctv_dist_m": 54.4, "cv_feasible": false, "width_src": "ngii1k", "width_disagree_m": 0.03, "road_name": "동계천로", "seg_label": "동계천로 79", "road_side": "1", "road_bt_m": 3.0, "in_emd": true, "light_count": 0, "unknown_reason": "no_cctv", "z": 10.9 }, "geometry": { "type": "LineString", "coordinates": [ [ 126.919874, 35.152736 ], [ 126.919916, 35.152784 ], [ 126.919944, 35.152816 ], [ 126.919987, 35.152863 ], [ 126.92003, 35.152903 ], [ 126.920072, 35.15291 ], [ 126.920113, 35.152949 ] ] } },
{ "type": "Feature", "properties": { "seg_uid": "DM-192725-284026-JFYG", "seg_id": "DM02420", "seg_no": 63, "width_min_m": 10.75, "width_max_m": 12.78, "verdict": "clear", "width_verified": false, "midpoint_fallback": false, "inherited": false, "route_usage": 235, "length_m": 23.4, "run_length_m": null, "nfa_designated": false, "cctv_dist_m": 35.0, "cv_feasible": false, "width_src": "ngii1k", "width_disagree_m": 1.21, "road_name": "동계천로", "seg_label": "동계천로 79-83", "road_side": "0", "road_bt_m": 15.0, "in_emd": false, "light_count": 13, "unknown_reason": null, "z": 11.2 }, "geometry": { "type": "LineString", "coordinates": [ [ 126.920057, 35.152651 ], [ 126.92006, 35.152649 ], [ 126.92025, 35.152514 ], [ 126.920251, 35.152513 ] ] } },
{ "type": "Feature", "properties": { "seg_uid": "DM-192725-284047-JFYG", "seg_id": "DM02421", "seg_no": 67, "width_min_m": 1.92, "width_max_m": 3.09, "verdict": "unknown", "width_verified": false, "midpoint_fallback": false, "inherited": false, "route_usage": 2, "length_m": 34.8, "run_length_m": null, "nfa_designated": false, "cctv_dist_m": 55.8, "cv_feasible": false, "width_src": "ngii1k", "width_disagree_m": 0.72, "road_name": "동계천로", "seg_label": "동계천로 79-81", "road_side": "1", "road_bt_m": 3.0, "in_emd": true, "light_count": 0, "unknown_reason": "no_cctv", "z": 11.2 }, "geometry": { "type": "LineString", "coordinates": [ [ 126.920057, 35.152651 ], [ 126.92009, 35.152709 ], [ 126.920101, 35.15273 ], [ 126.920156, 35.152775 ], [ 126.920204, 35.152815 ], [ 126.920238, 35.152834 ], [ 126.920305, 35.152882 ] ] } },
{ "type": "Feature", "properties": { "seg_uid": "DM-192747-284030-JFYG", "seg_id": "DM02422", "seg_no": 62, "width_min_m": 1.1, "width_max_m": 2.24, "verdict": "blocked", "width_verified": false, "midpoint_fallback": false, "inherited": false, "route_usage": 2, "length_m": 37.5, "run_length_m": 37.5, "nfa_designated": false, "cctv_dist_m": 35.0, "cv_feasible": false, "width_src": "ngii1k", "width_disagree_m": 0.5, "road_name": "동계천로", "seg_label": "동계천로 83", "road_side": "1", "road_bt_m": 2.0, "in_emd": true, "light_count": 13, "unknown_reason": null, "z": 11.4 }, "geometry": { "type": "LineString", "coordinates": [ [ 126.920251, 35.152513 ], [ 126.920284, 35.152536 ], [ 126.920336, 35.152572 ], [ 126.920415, 35.152634 ], [ 126.920455, 35.152664 ], [ 126.920482, 35.152682 ], [ 126.920542, 35.152721 ], [ 126.920562, 35.152734 ] ] } },
{ "type": "Feature", "properties": { "seg_uid": "DM-192800-283972-JFYG", "seg_id": "DM02423", "seg_no": 55, "width_min_m": 2.54, "width_max_m": 5.13, "verdict": "needs_cv", "width_verified": false, "midpoint_fallback": false, "inherited": false, "route_usage": 6, "length_m": 28.8, "run_length_m": 214.8, "nfa_designated": true, "cctv_dist_m": 17.5, "cv_feasible": true, "width_src": "ngii1k", "width_disagree_m": 0.61, "road_name": "동계천로", "seg_label": "동계천로 91", "road_side": "1", "road_bt_m": 4.0, "in_emd": true, "light_count": 13, "unknown_reason": null, "z": 11.9 }, "geometry": { "type": "LineString", "coordinates": [ [ 126.920856, 35.152018 ], [ 126.921089, 35.152179 ], [ 126.921098, 35.152186 ] ] } },
{ "type": "Feature", "properties": { "seg_uid": "DM-192807-283945-JFYG", "seg_id": "DM02424", "seg_no": 53, "width_min_m": 9.68, "width_max_m": 16.31, "verdict": "clear", "width_verified": false, "midpoint_fallback": false, "inherited": false, "route_usage": 172, "length_m": 51.9, "run_length_m": null, "nfa_designated": false, "cctv_dist_m": 45.7, "cv_feasible": false, "width_src": "ngii1k", "width_disagree_m": 0.44, "road_name": "동계천로", "seg_label": "동계천로 91-95", "road_side": "0", "road_bt_m": 15.0, "in_emd": false, "light_count": 13, "unknown_reason": null, "z": 12.3 }, "geometry": { "type": "LineString", "coordinates": [ [ 126.921215, 35.151659 ], [ 126.921168, 35.151716 ], [ 126.921072, 35.151833 ], [ 126.921016, 35.1519 ], [ 126.920987, 35.151922 ], [ 126.920856, 35.152018 ] ] } },
{ "type": "Feature", "properties": { "seg_uid": "DM-192837-283946-JFYG", "seg_id": "DM02425", "seg_no": 52, "width_min_m": 2.74, "width_max_m": 4.39, "verdict": "unknown", "width_verified": false, "midpoint_fallback": false, "inherited": false, "route_usage": 0, "length_m": 53.2, "run_length_m": null, "nfa_designated": false, "cctv_dist_m": 41.2, "cv_feasible": false, "width_src": "ngii1k", "width_disagree_m": 1.04, "road_name": "동계천로", "seg_label": "동계천로 6-95", "road_side": "1", "road_bt_m": 4.0, "in_emd": true, "light_count": 0, "unknown_reason": "no_cctv", "z": 12.7 }, "geometry": { "type": "LineString", "coordinates": [ [ 126.921168, 35.151716 ], [ 126.921269, 35.15177 ], [ 126.921596, 35.15204 ], [ 126.921596, 35.15204 ] ] } },
{ "type": "Feature", "properties": { "seg_uid": "DM-192830-283909-JFYG", "seg_id": "DM02426", "seg_no": 50, "width_min_m": 11.32, "width_max_m": null, "verdict": "clear", "width_verified": false, "midpoint_fallback": false, "inherited": false, "route_usage": 104, "length_m": 34.1, "run_length_m": null, "nfa_designated": false, "cctv_dist_m": 65.1, "cv_feasible": false, "width_src": "ngii1k", "width_disagree_m": 3.85, "road_name": "동계천로", "seg_label": "동계천로 95-99", "road_side": "0", "road_bt_m": 15.0, "in_emd": true, "light_count": 0, "unknown_reason": null, "z": 12.6 }, "geometry": { "type": "LineString", "coordinates": [ [ 126.921215, 35.151659 ], [ 126.921221, 35.151652 ], [ 126.921331, 35.151511 ], [ 126.921468, 35.151444 ] ] } },
{ "type": "Feature", "properties": { "seg_uid": "DM-192849-283930-N2AV", "seg_id": "DM02427", "seg_no": 1, "width_min_m": 7.0, "width_max_m": 8.67, "verdict": "clear", "width_verified": false, "midpoint_fallback": false, "inherited": false, "route_usage": 68, "length_m": 57.5, "run_length_m": null, "nfa_designated": false, "cctv_dist_m": 51.8, "cv_feasible": false, "width_src": "ngii1k", "width_disagree_m": 1.23, "road_name": "동계천로95번길", "seg_label": "동계천로95번길 1-95", "road_side": "0", "road_bt_m": 6.0, "in_emd": true, "light_count": 0, "unknown_reason": null, "z": 12.8 }, "geometry": { "type": "LineString", "coordinates": [ [ 126.921215, 35.151659 ], [ 126.921688, 35.151763 ], [ 126.921791, 35.151843 ] ] } },
{ "type": "Feature", "properties": { "seg_uid": "DM-192866-283889-JFYG", "seg_id": "DM02428", "seg_no": 48, "width_min_m": 11.22, "width_max_m": 29.3, "verdict": "clear", "width_verified": false, "midpoint_fallback": false, "inherited": false, "route_usage": 104, "length_m": 47.9, "run_length_m": null, "nfa_designated": false, "cctv_dist_m": 17.3, "cv_feasible": true, "width_src": "ngii1k", "width_disagree_m": 0.27, "road_name": "동계천로", "seg_label": "동계천로 99-103", "road_side": "0", "road_bt_m": 15.0, "in_emd": true, "light_count": 0, "unknown_reason": null, "z": 12.9 }, "geometry": { "type": "LineString", "coordinates": [ [ 126.921468, 35.151444 ], [ 126.921594, 35.151384 ], [ 126.921949, 35.151273 ] ] } },
{ "type": "Feature", "properties": { "seg_uid": "DM-192851-283912-JFYG", "seg_id": "DM02429", "seg_no": 51, "width_min_m": 0.98, "width_max_m": 5.57, "verdict": "unknown", "width_verified": false, "midpoint_fallback": false, "inherited": false, "route_usage": 2, "length_m": 28.5, "run_length_m": null, "nfa_designated": false, "cctv_dist_m": 63.9, "cv_feasible": false, "width_src": "ngii1k", "width_disagree_m": 2.4, "road_name": "동계천로", "seg_label": "동계천로 99", "road_side": "1", "road_bt_m": 3.0, "in_emd": true, "light_count": 0, "unknown_reason": "no_cctv", "z": 12.7 }, "geometry": { "type": "LineString", "coordinates": [ [ 126.921468, 35.151444 ], [ 126.921547, 35.151555 ], [ 126.921618, 35.151607 ], [ 126.921652, 35.15165 ] ] } },
{ "type": "Feature", "properties": { "seg_uid": "DM-192893-283890-JFYG", "seg_id": "DM02430", "seg_no": 49, "width_min_m": 1.46, "width_max_m": 2.17, "verdict": "blocked", "width_verified": false, "midpoint_fallback": false, "inherited": false, "route_usage": 2, "length_m": 22.1, "run_length_m": 22.1, "nfa_designated": false, "cctv_dist_m": 17.3, "cv_feasible": true, "width_src": "ngii1k", "width_disagree_m": 0.02, "road_name": "동계천로", "seg_label": "동계천로 103", "road_side": "1", "road_bt_m": 2.0, "in_emd": true, "light_count": 0, "unknown_reason": null, "z": 13.2 }, "geometry": { "type": "LineString", "coordinates": [ [ 126.921949, 35.151273 ], [ 126.922034, 35.151422 ], [ 126.92203, 35.151456 ] ] } },
{ "type": "Feature", "properties": { "seg_uid": "DM-192915-283864-JFYG", "seg_id": "DM02431", "seg_no": 46, "width_min_m": 15.08, "width_max_m": 17.29, "verdict": "clear", "width_verified": false, "midpoint_fallback": false, "inherited": false, "route_usage": 104, "length_m": 23.3, "run_length_m": null, "nfa_designated": false, "cctv_dist_m": 4.0, "cv_feasible": true, "width_src": "ngii1k", "width_disagree_m": 0.81, "road_name": "동계천로", "seg_label": "동계천로 9-109", "road_side": "0", "road_bt_m": 15.0, "in_emd": true, "light_count": 0, "unknown_reason": null, "z": 13.7 }, "geometry": { "type": "LineString", "coordinates": [ [ 126.922163, 35.151206 ], [ 126.922168, 35.151204 ], [ 126.922325, 35.151044 ] ] } },
{ "type": "Feature", "properties": { "seg_uid": "DM-192942-283851-6Z8Q", "seg_id": "DM02432", "seg_no": 37, "width_min_m": 6.37, "width_max_m": 9.17, "verdict": "unknown", "width_verified": false, "midpoint_fallback": false, "inherited": false, "route_usage": 17, "length_m": 40.8, "run_length_m": null, "nfa_designated": false, "cctv_dist_m": 25.8, "cv_feasible": false, "width_src": "ngii1k", "width_disagree_m": 8.71, "road_name": "동명로", "seg_label": "동명로 7-109", "road_side": "1", "road_bt_m": 7.0, "in_emd": true, "light_count": 0, "unknown_reason": "no_cctv", "z": 14.5 }, "geometry": { "type": "LineString", "coordinates": [ [ 126.922763, 35.15097 ], [ 126.922755, 35.150972 ], [ 126.922681, 35.150991 ], [ 126.922546, 35.151011 ], [ 126.922325, 35.151044 ] ] } },
{ "type": "Feature", "properties": { "seg_uid": "DM-193014-283698-JFYG", "seg_id": "DM02433", "seg_no": 38, "width_min_m": 1.24, "width_max_m": 3.06, "verdict": "unknown", "width_verified": false, "midpoint_fallback": false, "inherited": false, "route_usage": 0, "length_m": 80.6, "run_length_m": null, "nfa_designated": false, "cctv_dist_m": 61.1, "cv_feasible": false, "width_src": "ngii1k", "width_disagree_m": 0.42, "road_name": "동계천로", "seg_label": "동계천로 125-126", "road_side": "1", "road_bt_m": 4.0, "in_emd": true, "light_count": 0, "unknown_reason": "no_cctv", "z": 15.8 }, "geometry": { "type": "LineString", "coordinates": [ [ 126.923633, 35.149902 ], [ 126.923592, 35.149863 ], [ 126.923428, 35.149707 ], [ 126.923269, 35.149579 ], [ 126.923177, 35.1495 ], [ 126.923067, 35.149407 ], [ 126.923026, 35.149373 ] ] } },
{ "type": "Feature", "properties": { "seg_uid": "DM-193141-283638-JFYG", "seg_id": "DM02434", "seg_no": 4, "width_min_m": 9.1, "width_max_m": 11.1, "verdict": "clear", "width_verified": false, "midpoint_fallback": false, "inherited": false, "route_usage": 13, "length_m": 85.6, "run_length_m": null, "nfa_designated": false, "cctv_dist_m": 2.3, "cv_feasible": true, "width_src": "ngii1k", "width_disagree_m": 1.33, "road_name": "동계천로", "seg_label": "동계천로 135-143", "road_side": "0", "road_bt_m": 15.0, "in_emd": true, "light_count": 0, "unknown_reason": null, "z": 17.8 }, "geometry": { "type": "LineString", "coordinates": [ [ 126.924388, 35.149357 ], [ 126.924389, 35.149356 ], [ 126.925011, 35.148859 ], [ 126.925079, 35.148845 ] ] } },
{ "type": "Feature", "properties": { "seg_uid": "DM-193150-283690-JFYG", "seg_id": "DM02435", "seg_no": 37, "width_min_m": 5.51, "width_max_m": 8.12, "verdict": "unknown", "width_verified": false, "midpoint_fallback": false, "inherited": false, "route_usage": 0, "length_m": 91.5, "run_length_m": null, "nfa_designated": false, "cctv_dist_m": 81.2, "cv_feasible": false, "width_src": "ngii1k", "width_disagree_m": 2.58, "road_name": "동계천로", "seg_label": "동계천로 135-143", "road_side": "1", "road_bt_m": 6.0, "in_emd": true, "light_count": 0, "unknown_reason": "no_cctv", "z": 18.2 }, "geometry": { "type": "LineString", "coordinates": [ [ 126.924388, 35.14936 ], [ 126.924677, 35.149492 ], [ 126.925263, 35.149766 ] ] } },
{ "type": "Feature", "properties": { "seg_uid": "DM-193208-283602-JFYG", "seg_id": "DM02436", "seg_no": 2, "width_min_m": 16.58, "width_max_m": 23.54, "verdict": "clear", "width_verified": false, "midpoint_fallback": false, "inherited": false, "route_usage": 13, "length_m": 72.9, "run_length_m": null, "nfa_designated": false, "cctv_dist_m": 2.7, "cv_feasible": true, "width_src": "ngii1k", "width_disagree_m": 1.15, "road_name": "동계천로", "seg_label": "동계천로 143-151", "road_side": "0", "road_bt_m": 15.0, "in_emd": true, "light_count": 16, "unknown_reason": null, "z": 18.9 }, "geometry": { "type": "LineString", "coordinates": [ [ 126.925079, 35.148845 ], [ 126.925079, 35.148845 ], [ 126.925081, 35.148844 ], [ 126.925467, 35.148763 ], [ 126.925822, 35.148861 ], [ 126.925844, 35.148869 ] ] } },
{ "type": "Feature", "properties": { "seg_uid": "DM-193176-283632-JFYG", "seg_id": "DM02437", "seg_no": 19, "width_min_m": 6.33, "width_max_m": 10.26, "verdict": "needs_cv", "width_verified": false, "midpoint_fallback": false, "inherited": false, "route_usage": 0, "length_m": 43.1, "run_length_m": 43.1, "nfa_designated": false, "cctv_dist_m": 2.7, "cv_feasible": true, "width_src": "ngii1k", "width_disagree_m": 0.59, "road_name": "동계천로", "seg_label": "동계천로 143", "road_side": "1", "road_bt_m": 8.0, "in_emd": true, "light_count": 0, "unknown_reason": null, "z": 18.3 }, "geometry": { "type": "LineString", "coordinates": [ [ 126.925079, 35.148845 ], [ 126.925155, 35.149228 ] ] } },
{ "type": "Feature", "properties": { "seg_uid": "DM-193241-283627-JFYG", "seg_id": "DM02438", "seg_no": 6, "width_min_m": 6.33, "width_max_m": 9.73, "verdict": "unknown", "width_verified": false, "midpoint_fallback": false, "inherited": false, "route_usage": 9, "length_m": 27.2, "run_length_m": null, "nfa_designated": false, "cctv_dist_m": 71.7, "cv_feasible": false, "width_src": "ngii1k", "width_disagree_m": 0.13, "road_name": "동계천로", "seg_label": "동계천로 143-151", "road_side": "1", "road_bt_m": 6.0, "in_emd": true, "light_count": 16, "unknown_reason": "no_cctv", "z": 19.8 }, "geometry": { "type": "LineString", "coordinates": [ [ 126.925844, 35.148869 ], [ 126.925823, 35.148993 ], [ 126.925848, 35.149112 ] ] } },
{ "type": "Feature", "properties": { "seg_uid": "DM-193314-283654-JFYG", "seg_id": "DM02439", "seg_no": 23, "width_min_m": 7.08, "width_max_m": 10.1, "verdict": "clear", "width_verified": false, "midpoint_fallback": false, "inherited": false, "route_usage": 82, "length_m": 22.5, "run_length_m": null, "nfa_designated": false, "cctv_dist_m": 10.9, "cv_feasible": true, "width_src": "ngii1k", "width_disagree_m": 2.41, "road_name": "동계천로", "seg_label": "동계천로 151-159", "road_side": "1", "road_bt_m": 9.0, "in_emd": true, "light_count": 16, "unknown_reason": null, "z": 21.4 }, "geometry": { "type": "LineString", "coordinates": [ [ 126.926661, 35.149142 ], [ 126.926583, 35.149335 ] ] } },
{ "type": "Feature", "properties": { "seg_uid": "DM-193348-283646-JFYG", "seg_id": "DM02440", "seg_no": 17, "width_min_m": 13.62, "width_max_m": 15.58, "verdict": "clear", "width_verified": false, "midpoint_fallback": false, "inherited": false, "route_usage": 101, "length_m": 13.7, "run_length_m": null, "nfa_designated": false, "cctv_dist_m": 14.3, "cv_feasible": true, "width_src": "ngii1k", "width_disagree_m": 0.94, "road_name": "동계천로", "seg_label": "동계천로 161-163", "road_side": "0", "road_bt_m": 15.0, "in_emd": true, "light_count": 0, "unknown_reason": null, "z": 21.6 }, "geometry": { "type": "LineString", "coordinates": [ [ 126.926919, 35.149158 ], [ 126.927049, 35.149165 ], [ 126.927058, 35.149167 ], [ 126.927068, 35.149165 ] ] } },
{ "type": "Feature", "properties": { "seg_uid": "DM-193340-283657-JFYG", "seg_id": "DM02441", "seg_no": 22, "width_min_m": 0.97, "width_max_m": 3.06, "verdict": "needs_cv", "width_verified": false, "midpoint_fallback": false, "inherited": false, "route_usage": 2, "length_m": 23.0, "run_length_m": 23.0, "nfa_designated": false, "cctv_dist_m": 14.3, "cv_feasible": true, "width_src": "silpok", "width_disagree_m": null, "road_name": "동계천로", "seg_label": "동계천로 161", "road_side": "1", "road_bt_m": 2.0, "in_emd": true, "light_count": 0, "unknown_reason": null, "z": 21.7 }, "geometry": { "type": "LineString", "coordinates": [ [ 126.926919, 35.149158 ], [ 126.92692, 35.14921 ], [ 126.926921, 35.14922 ], [ 126.926896, 35.149299 ], [ 126.926884, 35.149335 ], [ 126.926876, 35.149361 ] ] } },
{ "type": "Feature", "properties": { "seg_uid": "DM-193365-283644-JFYG", "seg_id": "DM02442", "seg_no": 16, "width_min_m": 12.33, "width_max_m": 15.06, "verdict": "clear", "width_verified": false, "midpoint_fallback": false, "inherited": false, "route_usage": 101, "length_m": 21.9, "run_length_m": null, "nfa_designated": false, "cctv_dist_m": 27.6, "cv_feasible": false, "width_src": "ngii1k", "width_disagree_m": 0.05, "road_name": "동계천로", "seg_label": "동계천로 163-165", "road_side": "0", "road_bt_m": 15.0, "in_emd": true, "light_count": 0, "unknown_reason": null, "z": 21.9 }, "geometry": { "type": "LineString", "coordinates": [ [ 126.927068, 35.149165 ], [ 126.927086, 35.149162 ], [ 126.927288, 35.149123 ], [ 126.927303, 35.149121 ] ] } },
{ "type": "Feature", "properties": { "seg_uid": "DM-193357-283675-JFYG", "seg_id": "DM02443", "seg_no": 30, "width_min_m": 0.82, "width_max_m": 2.82, "verdict": "blocked", "width_verified": false, "midpoint_fallback": false, "inherited": false, "route_usage": 2, "length_m": 58.3, "run_length_m": 58.3, "nfa_designated": false, "cctv_dist_m": 27.6, "cv_feasible": false, "width_src": "ngii1k", "width_disagree_m": 0.38, "road_name": "동계천로", "seg_label": "동계천로 163", "road_side": "1", "road_bt_m": 3.0, "in_emd": true, "light_count": 0, "unknown_reason": null, "z": 22.5 }, "geometry": { "type": "LineString", "coordinates": [ [ 126.927068, 35.149165 ], [ 126.927086, 35.149216 ], [ 126.927098, 35.149249 ], [ 126.927105, 35.149287 ], [ 126.927113, 35.149342 ], [ 126.92711, 35.149371 ], [ 126.927102, 35.149415 ], [ 126.92709, 35.149447 ], [ 126.92707, 35.14949 ], [ 126.927059, 35.149511 ], [ 126.927054, 35.149528 ], [ 126.927067, 35.149547 ], [ 126.927089, 35.149556 ], [ 126.927143, 35.149564 ], [ 126.927175, 35.149569 ], [ 126.927221, 35.14957 ] ] } },
{ "type": "Feature", "properties": { "seg_uid": "DM-193382-283639-JFYG", "seg_id": "DM02444", "seg_no": 11, "width_min_m": 12.9, "width_max_m": 19.59, "verdict": "clear", "width_verified": false, "midpoint_fallback": false, "inherited": false, "route_usage": 101, "length_m": 13.7, "run_length_m": null, "nfa_designated": false, "cctv_dist_m": 48.2, "cv_feasible": false, "width_src": "ngii1k", "width_disagree_m": 0.36, "road_name": "동계천로", "seg_label": "동계천로 165-167", "road_side": "0", "road_bt_m": 15.0, "in_emd": true, "light_count": 0, "unknown_reason": null, "z": 22.1 }, "geometry": { "type": "LineString", "coordinates": [ [ 126.927303, 35.149121 ], [ 126.927304, 35.14912 ], [ 126.927421, 35.149098 ], [ 126.927449, 35.149092 ] ] } },
{ "type": "Feature", "properties": { "seg_uid": "DM-193382-283665-JFYG", "seg_id": "DM02445", "seg_no": 28, "width_min_m": 1.14, "width_max_m": 3.9, "verdict": "unknown", "width_verified": false, "midpoint_fallback": false, "inherited": false, "route_usage": 2, "length_m": 48.6, "run_length_m": null, "nfa_designated": false, "cctv_dist_m": 48.2, "cv_feasible": false, "width_src": "ngii1k", "width_disagree_m": 0.36, "road_name": "동계천로", "seg_label": "동계천로 165", "road_side": "1", "road_bt_m": 3.0, "in_emd": true, "light_count": 0, "unknown_reason": "no_cctv", "z": 22.5 }, "geometry": { "type": "LineString", "coordinates": [ [ 126.927303, 35.149121 ], [ 126.927319, 35.149175 ], [ 126.927329, 35.14921 ], [ 126.927349, 35.149291 ], [ 126.927381, 35.149367 ], [ 126.927396, 35.149429 ], [ 126.927405, 35.149475 ], [ 126.927411, 35.149513 ], [ 126.927415, 35.149547 ] ] } },
{ "type": "Feature", "properties": { "seg_uid": "DM-193391-283637-JFYG", "seg_id": "DM02446", "seg_no": 10, "width_min_m": 14.26, "width_max_m": 27.1, "verdict": "unknown", "width_verified": false, "midpoint_fallback": false, "inherited": false, "route_usage": 101, "length_m": 3.7, "run_length_m": null, "nfa_designated": false, "cctv_dist_m": 50.9, "cv_feasible": false, "width_src": "ngii1k", "width_disagree_m": 0.66, "road_name": "동계천로", "seg_label": "동계천로 165-167", "road_side": "0", "road_bt_m": 15.0, "in_emd": true, "light_count": 0, "unknown_reason": "no_cctv", "z": 22.3 }, "geometry": { "type": "LineString", "coordinates": [ [ 126.927449, 35.149092 ], [ 126.927457, 35.149091 ], [ 126.927489, 35.149085 ] ] } },
{ "type": "Feature", "properties": { "seg_uid": "DM-193407-283634-JFYG", "seg_id": "DM02447", "seg_no": 7, "width_min_m": 13.03, "width_max_m": 17.52, "verdict": "clear", "width_verified": false, "midpoint_fallback": false, "inherited": false, "route_usage": 101, "length_m": 30.5, "run_length_m": null, "nfa_designated": false, "cctv_dist_m": 20.9, "cv_feasible": true, "width_src": "ngii1k", "width_disagree_m": 0.73, "road_name": "동계천로", "seg_label": "동계천로 167-169", "road_side": "0", "road_bt_m": 15.0, "in_emd": true, "light_count": 0, "unknown_reason": null, "z": 22.4 }, "geometry": { "type": "LineString", "coordinates": [ [ 126.927489, 35.149085 ], [ 126.927771, 35.149031 ], [ 126.927815, 35.149037 ] ] } },
{ "type": "Feature", "properties": { "seg_uid": "DM-193392-283612-JFYG", "seg_id": "DM02448", "seg_no": 3, "width_min_m": 1.16, "width_max_m": 6.4, "verdict": "unknown", "width_verified": false, "midpoint_fallback": false, "inherited": false, "route_usage": 2, "length_m": 50.4, "run_length_m": null, "nfa_designated": false, "cctv_dist_m": 50.7, "cv_feasible": false, "width_src": "ngii1k", "width_disagree_m": 0.29, "road_name": "동계천로", "seg_label": "동계천로 167-168", "road_side": "1", "road_bt_m": 2.0, "in_emd": true, "light_count": 0, "unknown_reason": "no_cctv", "z": 21.8 }, "geometry": { "type": "LineString", "coordinates": [ [ 126.927489, 35.149085 ], [ 126.927479, 35.148772 ], [ 126.927474, 35.148631 ] ] } },
{ "type": "Feature", "properties": { "seg_uid": "DM-193434-283634-JFYG", "seg_id": "DM02449", "seg_no": 8, "width_min_m": 12.88, "width_max_m": 15.88, "verdict": "clear", "width_verified": false, "midpoint_fallback": false, "inherited": false, "route_usage": 101, "length_m": 23.6, "run_length_m": null, "nfa_designated": false, "cctv_dist_m": 4.8, "cv_feasible": true, "width_src": "ngii1k", "width_disagree_m": 1.42, "road_name": "동계천로", "seg_label": "동계천로 169-171", "road_side": "0", "road_bt_m": 15.0, "in_emd": true, "light_count": 0, "unknown_reason": null, "z": 23.2 }, "geometry": { "type": "LineString", "coordinates": [ [ 126.927815, 35.149037 ], [ 126.927817, 35.149037 ], [ 126.928, 35.149064 ], [ 126.928065, 35.149087 ] ] } },
{ "type": "Feature", "properties": { "seg_uid": "DM-193423-283649-JFYG", "seg_id": "DM02450", "seg_no": 18, "width_min_m": 1.12, "width_max_m": 4.63, "verdict": "needs_cv", "width_verified": false, "midpoint_fallback": false, "inherited": false, "route_usage": 2, "length_m": 35.1, "run_length_m": 35.1, "nfa_designated": false, "cctv_dist_m": 20.9, "cv_feasible": true, "width_src": "ngii1k", "width_disagree_m": 0.36, "road_name": "동계천로", "seg_label": "동계천로 169", "road_side": "1", "road_bt_m": 2.0, "in_emd": true, "light_count": 0, "unknown_reason": null, "z": 23.3 }, "geometry": { "type": "LineString", "coordinates": [ [ 126.927815, 35.149037 ], [ 126.927814, 35.149092 ], [ 126.927814, 35.149112 ], [ 126.92782, 35.14921 ], [ 126.927823, 35.149258 ], [ 126.927813, 35.149326 ], [ 126.927799, 35.149341 ], [ 126.927798, 35.149348 ] ] } },
{ "type": "Feature", "properties": { "seg_uid": "DM-193731-284077-LRZT", "seg_id": "DM02492", "seg_no": 36, "width_min_m": 39.28, "width_max_m": null, "verdict": "clear", "width_verified": false, "midpoint_fallback": false, "inherited": false, "route_usage": 0, "length_m": 22.4, "run_length_m": null, "nfa_designated": false, "cctv_dist_m": 90.6, "cv_feasible": false, "width_src": "ngii1k", "width_disagree_m": 0.39, "road_name": "필문대로", "seg_label": "필문대로 197-199", "road_side": "0", "road_bt_m": 36.473, "in_emd": false, "light_count": 37, "unknown_reason": null, "z": 21.4 }, "geometry": { "type": "LineString", "coordinates": [ [ 126.931243, 35.153148 ], [ 126.931215, 35.153078 ], [ 126.931166, 35.152956 ] ] } },
{ "type": "Feature", "properties": { "seg_uid": "DM-193746-284060-LRZT", "seg_id": "DM02494", "seg_no": 35, "width_min_m": 2.38, "width_max_m": null, "verdict": "unknown", "width_verified": false, "midpoint_fallback": false, "inherited": false, "route_usage": 0, "length_m": 38.1, "run_length_m": null, "nfa_designated": false, "cctv_dist_m": 73.6, "cv_feasible": false, "width_src": "ngii1k", "width_disagree_m": 0.38, "road_name": "필문대로", "seg_label": "필문대로 199", "road_side": "1", "road_bt_m": 3.0, "in_emd": false, "light_count": 37, "unknown_reason": "no_cctv", "z": 22.0 }, "geometry": { "type": "LineString", "coordinates": [ [ 126.931166, 35.152956 ], [ 126.931559, 35.152842 ] ] } },
{ "type": "Feature", "properties": { "seg_uid": "DM-193672-284017-KCLM", "seg_id": "DM02495", "seg_no": 1, "width_min_m": 7.03, "width_max_m": null, "verdict": "clear", "width_verified": false, "midpoint_fallback": false, "inherited": false, "route_usage": 70, "length_m": 75.3, "run_length_m": null, "nfa_designated": false, "cctv_dist_m": 0.2, "cv_feasible": true, "width_src": "ngii1k", "width_disagree_m": 0.06, "road_name": "필문대로206번길", "seg_label": "필문대로206번길 1-205", "road_side": "0", "road_bt_m": 8.0, "in_emd": false, "light_count": 0, "unknown_reason": null, "z": 21.4 }, "geometry": { "type": "LineString", "coordinates": [ [ 126.930943, 35.152404 ], [ 126.930731, 35.15246 ], [ 126.930657, 35.15248 ], [ 126.930327, 35.152572 ], [ 126.930161, 35.15262 ] ] } },
{ "type": "Feature", "properties": { "seg_uid": "DM-193687-283942-LRZT", "seg_id": "DM02496", "seg_no": 31, "width_min_m": 37.61, "width_max_m": null, "verdict": "clear", "width_verified": false, "midpoint_fallback": false, "inherited": false, "route_usage": 0, "length_m": 76.2, "run_length_m": null, "nfa_designated": false, "cctv_dist_m": 76.3, "cv_feasible": false, "width_src": "ngii1k", "width_disagree_m": 1.06, "road_name": "필문대로", "seg_label": "필문대로 209-215", "road_side": "0", "road_bt_m": 36.473, "in_emd": false, "light_count": 0, "unknown_reason": null, "z": 24.8 }, "geometry": { "type": "LineString", "coordinates": [ [ 126.930845, 35.15216 ], [ 126.930839, 35.152145 ], [ 126.930835, 35.152134 ], [ 126.930742, 35.151903 ], [ 126.930699, 35.151797 ], [ 126.930582, 35.151509 ] ] } },
{ "type": "Feature", "properties": { "seg_uid": "DM-193671-283987-LRZT", "seg_id": "DM02497", "seg_no": 32, "width_min_m": 0.81, "width_max_m": null, "verdict": "blocked", "width_verified": false, "midpoint_fallback": false, "inherited": false, "route_usage": 0, "length_m": 58.0, "run_length_m": 58.0, "nfa_designated": false, "cctv_dist_m": 46.6, "cv_feasible": false, "width_src": "ngii1k", "width_disagree_m": 0.97, "road_name": "필문대로", "seg_label": "필문대로 209-210", "road_side": "1", "road_bt_m": 1.0, "in_emd": false, "light_count": 0, "unknown_reason": null, "z": 22.8 }, "geometry": { "type": "LineString", "coordinates": [ [ 126.930845, 35.15216 ], [ 126.930643, 35.152213 ], [ 126.930489, 35.152255 ], [ 126.930403, 35.152051 ] ] } },
{ "type": "Feature", "properties": { "seg_uid": "DM-193672-283898-LRZT", "seg_id": "DM02498", "seg_no": 28, "width_min_m": 38.84, "width_max_m": null, "verdict": "clear", "width_verified": false, "midpoint_fallback": false, "inherited": false, "route_usage": 0, "length_m": 16.2, "run_length_m": null, "nfa_designated": false, "cctv_dist_m": 92.2, "cv_feasible": false, "width_src": "ngii1k", "width_disagree_m": 0.03, "road_name": "필문대로", "seg_label": "필문대로 215-217", "road_side": "0", "road_bt_m": 36.473, "in_emd": false, "light_count": 0, "unknown_reason": null, "z": 26.0 }, "geometry": { "type": "LineString", "coordinates": [ [ 126.930582, 35.151509 ], [ 126.930525, 35.15137 ] ] } },
{ "type": "Feature", "properties": { "seg_uid": "DM-193658-283911-LRZT", "seg_id": "DM02499", "seg_no": 29, "width_min_m": 2.46, "width_max_m": null, "verdict": "blocked", "width_verified": false, "midpoint_fallback": false, "inherited": false, "route_usage": 0, "length_m": 34.8, "run_length_m": 89.2, "nfa_designated": false, "cctv_dist_m": 92.2, "cv_feasible": false, "width_src": "ngii1k", "width_disagree_m": 1.0, "road_name": "필문대로", "seg_label": "필문대로 215-222", "road_side": "1", "road_bt_m": 2.0, "in_emd": false, "light_count": 0, "unknown_reason": null, "z": 25.5 }, "geometry": { "type": "LineString", "coordinates": [ [ 126.930582, 35.151509 ], [ 126.930374, 35.151562 ], [ 126.930219, 35.151607 ] ] } },
{ "type": "Feature", "properties": { "seg_uid": "DM-193665-283877-LRZT", "seg_id": "DM02500", "seg_no": 26, "width_min_m": 39.74, "width_max_m": null, "verdict": "clear", "width_verified": false, "midpoint_fallback": false, "inherited": false, "route_usage": 0, "length_m": 28.0, "run_length_m": null, "nfa_designated": false, "cctv_dist_m": 100.6, "cv_feasible": false, "width_src": "ngii1k", "width_disagree_m": null, "road_name": "필문대로", "seg_label": "필문대로 217-221", "road_side": "0", "road_bt_m": 36.473, "in_emd": false, "light_count": 11, "unknown_reason": null, "z": 26.8 }, "geometry": { "type": "LineString", "coordinates": [ [ 126.930525, 35.15137 ], [ 126.930506, 35.151322 ], [ 126.930428, 35.15113 ] ] } },
{ "type": "Feature", "properties": { "seg_uid": "DM-193691-283882-LRZT", "seg_id": "DM02501", "seg_no": 27, "width_min_m": 3.13, "width_max_m": null, "verdict": "unknown", "width_verified": false, "midpoint_fallback": false, "inherited": false, "route_usage": 0, "length_m": 45.9, "run_length_m": null, "nfa_designated": false, "cctv_dist_m": 69.5, "cv_feasible": false, "width_src": "ngii1k", "width_disagree_m": 0.39, "road_name": "필문대로", "seg_label": "필문대로 217", "road_side": "1", "road_bt_m": 3.0, "in_emd": false, "light_count": 11, "unknown_reason": "no_cctv", "z": 27.2 }, "geometry": { "type": "LineString", "coordinates": [ [ 126.930525, 35.15137 ], [ 126.930999, 35.151228 ] ] } },
{ "type": "Feature", "properties": { "seg_uid": "DM-193629-283879-LRZT", "seg_id": "DM02502", "seg_no": 24, "width_min_m": 2.01, "width_max_m": 3.96, "verdict": "unknown", "width_verified": false, "midpoint_fallback": false, "inherited": false, "route_usage": 0, "length_m": 78.7, "run_length_m": null, "nfa_designated": false, "cctv_dist_m": 91.5, "cv_feasible": false, "width_src": "ngii1k", "width_disagree_m": 0.32, "road_name": "필문대로", "seg_label": "필문대로 216-222", "road_side": "1", "road_bt_m": 2.0, "in_emd": false, "light_count": 11, "unknown_reason": "no_cctv", "z": 26.7 }, "geometry": { "type": "LineString", "coordinates": [ [ 126.930428, 35.15113 ], [ 126.930069, 35.151227 ], [ 126.930219, 35.151607 ] ] } },
{ "type": "Feature", "properties": { "seg_uid": "DM-193601-283747-LRZT", "seg_id": "DM02503", "seg_no": 19, "width_min_m": 39.29, "width_max_m": 40.97, "verdict": "clear", "width_verified": false, "midpoint_fallback": false, "inherited": false, "route_usage": 3, "length_m": 50.8, "run_length_m": null, "nfa_designated": false, "cctv_dist_m": 96.5, "cv_feasible": false, "width_src": "ngii1k", "width_disagree_m": 0.5, "road_name": "필문대로", "seg_label": "필문대로 231-237", "road_side": "0", "road_bt_m": 36.473, "in_emd": true, "light_count": 18, "unknown_reason": null, "z": 28.4 }, "geometry": { "type": "LineString", "coordinates": [ [ 126.929909, 35.150275 ], [ 126.929861, 35.150206 ], [ 126.929676, 35.149941 ], [ 126.929631, 35.149878 ] ] } },
{ "type": "Feature", "properties": { "seg_uid": "DM-193577-283706-LRZT", "seg_id": "DM02504", "seg_no": 15, "width_min_m": 39.65, "width_max_m": 58.95, "verdict": "clear", "width_verified": false, "midpoint_fallback": false, "inherited": false, "route_usage": 1, "length_m": 44.5, "run_length_m": null, "nfa_designated": false, "cctv_dist_m": 91.1, "cv_feasible": false, "width_src": "ngii1k", "width_disagree_m": 0.13, "road_name": "필문대로", "seg_label": "필문대로 235-241", "road_side": "0", "road_bt_m": 36.473, "in_emd": true, "light_count": 18, "unknown_reason": null, "z": 27.3 }, "geometry": { "type": "LineString", "coordinates": [ [ 126.929631, 35.149878 ], [ 126.929616, 35.149856 ], [ 126.929389, 35.149531 ], [ 126.929389, 35.14953 ] ] } },
{ "type": "Feature", "properties": { "seg_uid": "DM-193547-283733-LRZT", "seg_id": "DM02505", "seg_no": 16, "width_min_m": 5.01, "width_max_m": 7.19, "verdict": "needs_cv", "width_verified": false, "midpoint_fallback": false, "inherited": false, "route_usage": 4, "length_m": 83.6, "run_length_m": 200.4, "nfa_designated": true, "cctv_dist_m": 15.9, "cv_feasible": true, "width_src": "ngii1k", "width_disagree_m": 0.89, "road_name": "필문대로", "seg_label": "필문대로 235-242", "road_side": "1", "road_bt_m": 7.0, "in_emd": true, "light_count": 18, "unknown_reason": null, "z": 27.9 }, "geometry": { "type": "LineString", "coordinates": [ [ 126.929631, 35.149878 ], [ 126.928731, 35.150024 ] ] } },
{ "type": "Feature", "properties": { "seg_uid": "DM-193541-283690-LRZT", "seg_id": "DM02506", "seg_no": 12, "width_min_m": 1.45, "width_max_m": 15.57, "verdict": "unknown", "width_verified": false, "midpoint_fallback": false, "inherited": false, "route_usage": 7, "length_m": 50.1, "run_length_m": null, "nfa_designated": false, "cctv_dist_m": 43.8, "cv_feasible": false, "width_src": "ngii1k", "width_disagree_m": 1.99, "road_name": "필문대로", "seg_label": "필문대로 241-242", "road_side": "1", "road_bt_m": 2.0, "in_emd": true, "light_count": 0, "unknown_reason": "no_cctv", "z": 26.2 }, "geometry": { "type": "LineString", "coordinates": [ [ 126.929389, 35.14953 ], [ 126.929147, 35.149569 ], [ 126.928982, 35.149546 ], [ 126.928977, 35.149545 ], [ 126.92888, 35.149617 ], [ 126.92888, 35.149618 ] ] } },
{ "type": "Feature", "properties": { "seg_uid": "DM-193531-283600-LRZT", "seg_id": "DM02507", "seg_no": 7, "width_min_m": 2.66, "width_max_m": 17.93, "verdict": "unknown", "width_verified": false, "midpoint_fallback": false, "inherited": false, "route_usage": 2, "length_m": 26.7, "run_length_m": null, "nfa_designated": false, "cctv_dist_m": 79.5, "cv_feasible": false, "width_src": "ngii1k", "width_disagree_m": 0.68, "road_name": "필문대로", "seg_label": "필문대로 249", "road_side": "1", "road_bt_m": 3.0, "in_emd": true, "light_count": 0, "unknown_reason": "no_cctv", "z": 24.0 }, "geometry": { "type": "LineString", "coordinates": [ [ 126.928869, 35.148799 ], [ 126.929061, 35.148732 ], [ 126.929144, 35.148719 ] ] } },
{ "type": "Feature", "properties": { "seg_uid": "DM-193336-283210-LRZT", "seg_id": "DM02508", "seg_no": 1, "width_min_m": 0.88, "width_max_m": 2.58, "verdict": "blocked", "width_verified": false, "midpoint_fallback": false, "inherited": false, "route_usage": 0, "length_m": 63.7, "run_length_m": 63.7, "nfa_designated": false, "cctv_dist_m": 42.0, "cv_feasible": false, "width_src": "ngii1k", "width_disagree_m": 0.76, "road_name": "필문대로", "seg_label": "필문대로 293", "road_side": "1", "road_bt_m": 2.0, "in_emd": false, "light_count": 14, "unknown_reason": null, "z": 19.9 }, "geometry": { "type": "LineString", "coordinates": [ [ 126.926585, 35.145357 ], [ 126.92676, 35.145283 ], [ 126.926775, 35.145277 ], [ 126.926809, 35.145241 ], [ 126.926836, 35.145215 ], [ 126.926882, 35.14524 ], [ 126.926941, 35.145273 ], [ 126.927023, 35.145324 ], [ 126.927066, 35.145351 ], [ 126.927088, 35.145364 ], [ 126.927143, 35.145409 ] ] } },
{ "type": "Feature", "properties": { "seg_uid": "DM-192692-284239-X9DQ", "seg_id": "DM02634", "seg_no": 19, "width_min_m": 1.28, "width_max_m": 3.64, "verdict": "unknown", "width_verified": false, "midpoint_fallback": false, "inherited": false, "route_usage": 0, "length_m": 17.9, "run_length_m": null, "nfa_designated": false, "cctv_dist_m": 46.1, "cv_feasible": false, "width_src": "ngii1k", "width_disagree_m": 0.56, "road_name": "중앙로", "seg_label": "중앙로 27-253", "road_side": "1", "road_bt_m": 3.0, "in_emd": false, "light_count": 0, "unknown_reason": "no_cctv", "z": 8.9 }, "geometry": { "type": "LineString", "coordinates": [ [ 126.919866, 35.154456 ], [ 126.919843, 35.154475 ], [ 126.919825, 35.154493 ], [ 126.919807, 35.1545 ], [ 126.919762, 35.15452 ], [ 126.919733, 35.154537 ], [ 126.919712, 35.154551 ], [ 126.919711, 35.154551 ] ] } },
{ "type": "Feature", "properties": { "seg_uid": "DM-192678-284250-X9DQ", "seg_id": "DM02635", "seg_no": 20, "width_min_m": 1.12, "width_max_m": 3.07, "verdict": "unknown", "width_verified": false, "midpoint_fallback": false, "inherited": false, "route_usage": 0, "length_m": 17.0, "run_length_m": null, "nfa_designated": false, "cctv_dist_m": 38.6, "cv_feasible": false, "width_src": "ngii1k", "width_disagree_m": 0.42, "road_name": "중앙로", "seg_label": "중앙로 23-253", "road_side": "1", "road_bt_m": 3.0, "in_emd": false, "light_count": 0, "unknown_reason": "no_cctv", "z": 8.8 }, "geometry": { "type": "LineString", "coordinates": [ [ 126.919711, 35.154551 ], [ 126.919667, 35.154581 ], [ 126.919596, 35.154634 ], [ 126.919569, 35.154649 ], [ 126.919568, 35.15465 ] ] } },
{ "type": "Feature", "properties": { "seg_uid": "DM-192691-284251-X9DQ", "seg_id": "DM02636", "seg_no": 21, "width_min_m": 0.97, "width_max_m": 3.31, "verdict": "unknown", "width_verified": false, "midpoint_fallback": false, "inherited": false, "route_usage": 0, "length_m": 18.7, "run_length_m": null, "nfa_designated": false, "cctv_dist_m": 46.1, "cv_feasible": false, "width_src": "ngii1k", "width_disagree_m": 0.53, "road_name": "중앙로", "seg_label": "중앙로 253", "road_side": "2", "road_bt_m": 3.0, "in_emd": false, "light_count": 0, "unknown_reason": "no_cctv", "z": 8.9 }, "geometry": { "type": "LineString", "coordinates": [ [ 126.919711, 35.154551 ], [ 126.919732, 35.15457 ], [ 126.919749, 35.154587 ], [ 126.919809, 35.154644 ], [ 126.919846, 35.154679 ] ] } },
{ "type": "Feature", "properties": { "seg_uid": "DM-192655-284273-X9DQ", "seg_id": "DM02637", "seg_no": 24, "width_min_m": 1.03, "width_max_m": 34.73, "verdict": "unknown", "width_verified": false, "midpoint_fallback": false, "inherited": false, "route_usage": 0, "length_m": 59.6, "run_length_m": null, "nfa_designated": false, "cctv_dist_m": 35.7, "cv_feasible": false, "width_src": "ngii1k", "width_disagree_m": 0.47, "road_name": "중앙로", "seg_label": "중앙로 17-274", "road_side": "1", "road_bt_m": 3.0, "in_emd": false, "light_count": 0, "unknown_reason": "no_cctv", "z": 8.6 }, "geometry": { "type": "LineString", "coordinates": [ [ 126.919568, 35.15465 ], [ 126.919562, 35.154653 ], [ 126.919522, 35.15468 ], [ 126.919481, 35.154699 ], [ 126.919451, 35.154712 ], [ 126.919406, 35.154737 ], [ 126.91937, 35.154756 ], [ 126.919354, 35.15477 ], [ 126.919355, 35.154783 ], [ 126.91941, 35.154836 ], [ 126.919428, 35.154862 ], [ 126.919423, 35.154875 ], [ 126.919259, 35.155008 ], [ 126.919256, 35.15501 ], [ 126.919253, 35.155012 ] ] } },
{ "type": "Feature", "properties": { "seg_uid": "DM-192675-284260-X9DQ", "seg_id": "DM02638", "seg_no": 23, "width_min_m": 0.95, "width_max_m": null, "verdict": "unknown", "width_verified": false, "midpoint_fallback": false, "inherited": false, "route_usage": 0, "length_m": 13.1, "run_length_m": null, "nfa_designated": false, "cctv_dist_m": 38.6, "cv_feasible": false, "width_src": "ngii1k", "width_disagree_m": 0.35, "road_name": "중앙로", "seg_label": "중앙로 23-253", "road_side": "2", "road_bt_m": 3.0, "in_emd": false, "light_count": 0, "unknown_reason": "no_cctv", "z": 8.8 }, "geometry": { "type": "LineString", "coordinates": [ [ 126.919568, 35.15465 ], [ 126.919632, 35.154716 ], [ 126.919604, 35.154739 ] ] } },
{ "type": "Feature", "properties": { "seg_uid": "DM-192661-284245-PF48", "seg_id": "DM02639", "seg_no": 15, "width_min_m": 0.72, "width_max_m": null, "verdict": "blocked", "width_verified": false, "midpoint_fallback": false, "inherited": false, "route_usage": 0, "length_m": 29.1, "run_length_m": 29.1, "nfa_designated": false, "cctv_dist_m": 11.5, "cv_feasible": true, "width_src": "ngii1k", "width_disagree_m": 0.58, "road_name": "구성로238번길", "seg_label": "구성로238번길 23-253", "road_side": "1", "road_bt_m": 2.0, "in_emd": false, "light_count": 0, "unknown_reason": null, "z": 8.7 }, "geometry": { "type": "LineString", "coordinates": [ [ 126.919345, 35.154461 ], [ 126.919413, 35.154519 ], [ 126.919498, 35.154592 ], [ 126.919562, 35.154653 ] ] } },
{ "type": "Feature", "properties": { "seg_uid": "DM-192655-284231-PF48", "seg_id": "DM02642", "seg_no": 14, "width_min_m": 22.93, "width_max_m": 48.13, "verdict": "clear", "width_verified": false, "midpoint_fallback": false, "inherited": false, "route_usage": 0, "length_m": 9.9, "run_length_m": null, "nfa_designated": false, "cctv_dist_m": 11.5, "cv_feasible": true, "width_src": "ngii1k", "width_disagree_m": 22.17, "road_name": "구성로238번길", "seg_label": "구성로238번길 23", "road_side": "2", "road_bt_m": 2.0, "in_emd": false, "light_count": 0, "unknown_reason": null, "z": 8.7 }, "geometry": { "type": "LineString", "coordinates": [ [ 126.919345, 35.154461 ], [ 126.919422, 35.154398 ] ] } },
{ "type": "Feature", "properties": { "seg_uid": "DM-192616-284261-PF48", "seg_id": "DM02647", "seg_no": 16, "width_min_m": 10.51, "width_max_m": null, "verdict": "clear", "width_verified": false, "midpoint_fallback": false, "inherited": false, "route_usage": 0, "length_m": 37.1, "run_length_m": null, "nfa_designated": false, "cctv_dist_m": 18.4, "cv_feasible": true, "width_src": "ngii1k", "width_disagree_m": 2.37, "road_name": "구성로238번길", "seg_label": "구성로238번길 17", "road_side": "2", "road_bt_m": 2.0, "in_emd": false, "light_count": 0, "unknown_reason": null, "z": 8.4 }, "geometry": { "type": "LineString", "coordinates": [ [ 126.918809, 35.154819 ], [ 126.918935, 35.154731 ], [ 126.919031, 35.154646 ], [ 126.9191, 35.154586 ] ] } },
{ "type": "Feature", "properties": { "seg_uid": "DM-192462-284150-GM2I", "seg_id": "DM02648", "seg_no": 5, "width_min_m": 4.78, "width_max_m": null, "verdict": "unknown", "width_verified": false, "midpoint_fallback": false, "inherited": false, "route_usage": 0, "length_m": 17.6, "run_length_m": null, "nfa_designated": false, "cctv_dist_m": 105.6, "cv_feasible": false, "width_src": "silpok", "width_disagree_m": null, "road_name": "제봉로190번길", "seg_label": "제봉로190번길 3-9", "road_side": "0", "road_bt_m": 6.0, "in_emd": false, "light_count": 0, "unknown_reason": "no_cctv", "z": 8.7 }, "geometry": { "type": "LineString", "coordinates": [ [ 126.917201, 35.153644 ], [ 126.917316, 35.153744 ], [ 126.917334, 35.153759 ] ] } },
{ "type": "Feature", "properties": { "seg_uid": "DM-192485-284175-GM2I", "seg_id": "DM02649", "seg_no": 6, "width_min_m": 4.25, "width_max_m": null, "verdict": "unknown", "width_verified": false, "midpoint_fallback": false, "inherited": false, "route_usage": 0, "length_m": 50.8, "run_length_m": null, "nfa_designated": false, "cctv_dist_m": 122.6, "cv_feasible": false, "width_src": "silpok", "width_disagree_m": null, "road_name": "제봉로190번길", "seg_label": "제봉로190번길 5-13", "road_side": "0", "road_bt_m": 6.0, "in_emd": false, "light_count": 0, "unknown_reason": "no_cctv", "z": 8.6 }, "geometry": { "type": "LineString", "coordinates": [ [ 126.917334, 35.153759 ], [ 126.917717, 35.154092 ] ] } },
{ "type": "Feature", "properties": { "seg_uid": "DM-192543-284225-JFYG", "seg_id": "DM02654", "seg_no": 79, "width_min_m": 2.89, "width_max_m": null, "verdict": "unknown", "width_verified": false, "midpoint_fallback": false, "inherited": false, "route_usage": 0, "length_m": 22.0, "run_length_m": null, "nfa_designated": false, "cctv_dist_m": 63.4, "cv_feasible": false, "width_src": "ngii1k", "width_disagree_m": 0.11, "road_name": "동계천로", "seg_label": "동계천로 55-59", "road_side": "1", "road_bt_m": 3.0, "in_emd": false, "light_count": 0, "unknown_reason": "no_cctv", "z": 8.2 }, "geometry": { "type": "LineString", "coordinates": [ [ 126.918072, 35.154314 ], [ 126.91809, 35.15433 ], [ 126.918179, 35.154395 ], [ 126.918229, 35.154435 ], [ 126.918251, 35.154448 ] ] } },
{ "type": "Feature", "properties": { "seg_uid": "DM-192561-284241-JFYG", "seg_id": "DM02655", "seg_no": 80, "width_min_m": 2.69, "width_max_m": null, "verdict": "unknown", "width_verified": false, "midpoint_fallback": false, "inherited": false, "route_usage": 0, "length_m": 25.1, "run_length_m": null, "nfa_designated": false, "cctv_dist_m": 41.3, "cv_feasible": false, "width_src": "ngii1k", "width_disagree_m": 0.31, "road_name": "동계천로", "seg_label": "동계천로 55", "road_side": "1", "road_bt_m": 3.0, "in_emd": false, "light_count": 0, "unknown_reason": "no_cctv", "z": 8.2 }, "geometry": { "type": "LineString", "coordinates": [ [ 126.918251, 35.154448 ], [ 126.918277, 35.154463 ], [ 126.918344, 35.154513 ], [ 126.918441, 35.154586 ], [ 126.918456, 35.154598 ] ] } },
{ "type": "Feature", "properties": { "seg_uid": "DM-192572-284209-JFYG", "seg_id": "DM02656", "seg_no": 78, "width_min_m": 0.39, "width_max_m": null, "verdict": "unknown", "width_verified": false, "midpoint_fallback": false, "inherited": false, "route_usage": 0, "length_m": 63.3, "run_length_m": null, "nfa_designated": false, "cctv_dist_m": 63.4, "cv_feasible": false, "width_src": "ngii1k", "width_disagree_m": 0.91, "road_name": "동계천로", "seg_label": "동계천로 24-55", "road_side": "2", "road_bt_m": 15.0, "in_emd": false, "light_count": 0, "unknown_reason": "no_cctv", "z": 8.4 }, "geometry": { "type": "LineString", "coordinates": [ [ 126.918251, 35.154448 ], [ 126.918303, 35.1544 ], [ 126.918326, 35.154378 ], [ 126.91838, 35.154328 ], [ 126.918426, 35.154283 ], [ 126.918473, 35.154237 ], [ 126.918503, 35.154206 ], [ 126.918531, 35.154178 ], [ 126.918556, 35.154161 ], [ 126.918588, 35.154145 ], [ 126.918599, 35.154134 ], [ 126.918638, 35.154082 ], [ 126.91867, 35.154035 ], [ 126.918685, 35.154008 ] ] } },
{ "type": "Feature", "properties": { "seg_uid": "DM-192601-284190-PF48", "seg_id": "DM02657", "seg_no": 6, "width_min_m": 0.74, "width_max_m": null, "verdict": "blocked", "width_verified": false, "midpoint_fallback": false, "inherited": false, "route_usage": 0, "length_m": 24.2, "run_length_m": 89.9, "nfa_designated": false, "cctv_dist_m": 45.9, "cv_feasible": false, "width_src": "ngii1k", "width_disagree_m": 0.56, "road_name": "구성로238번길", "seg_label": "구성로238번길 24-55", "road_side": "1", "road_bt_m": 2.0, "in_emd": false, "light_count": 0, "unknown_reason": null, "z": 8.8 }, "geometry": { "type": "LineString", "coordinates": [ [ 126.918903, 35.15413 ], [ 126.918899, 35.154127 ], [ 126.918786, 35.154056 ], [ 126.918707, 35.154012 ], [ 126.918685, 35.154008 ] ] } },
{ "type": "Feature", "properties": { "seg_uid": "DM-192604-284207-PF48", "seg_id": "DM02658", "seg_no": 9, "width_min_m": 1.05, "width_max_m": null, "verdict": "blocked", "width_verified": false, "midpoint_fallback": false, "inherited": false, "route_usage": 0, "length_m": 23.2, "run_length_m": 89.9, "nfa_designated": false, "cctv_dist_m": 44.5, "cv_feasible": false, "width_src": "silpok", "width_disagree_m": 0.2, "road_name": "구성로238번길", "seg_label": "구성로238번길 24", "road_side": "2", "road_bt_m": 2.0, "in_emd": false, "light_count": 0, "unknown_reason": null, "z": 8.7 }, "geometry": { "type": "LineString", "coordinates": [ [ 126.918903, 35.15413 ], [ 126.918881, 35.154154 ], [ 126.918827, 35.154215 ], [ 126.918816, 35.154226 ], [ 126.918798, 35.154246 ], [ 126.918756, 35.1543 ] ] } },
{ "type": "Feature", "properties": { "seg_uid": "DM-193657-284158-MCQE", "seg_id": "DM02773", "seg_no": 19, "width_min_m": 8.94, "width_max_m": null, "verdict": "clear", "width_verified": false, "midpoint_fallback": false, "inherited": false, "route_usage": 0, "length_m": 66.5, "run_length_m": null, "nfa_designated": false, "cctv_dist_m": 6.6, "cv_feasible": true, "width_src": "ngii1k", "width_disagree_m": 0.39, "road_name": "필문대로192번길", "seg_label": "필문대로192번길 5-13", "road_side": "0", "road_bt_m": 10.0, "in_emd": false, "light_count": 0, "unknown_reason": null, "z": 20.4 }, "geometry": { "type": "LineString", "coordinates": [ [ 126.93073, 35.153878 ], [ 126.930729, 35.153878 ], [ 126.930042, 35.153678 ] ] } },
{ "type": "Feature", "properties": { "seg_uid": "DM-193618-284144-MCQE", "seg_id": "DM02775", "seg_no": 15, "width_min_m": 9.6, "width_max_m": null, "verdict": "clear", "width_verified": false, "midpoint_fallback": false, "inherited": false, "route_usage": 0, "length_m": 16.1, "run_length_m": null, "nfa_designated": false, "cctv_dist_m": 42.6, "cv_feasible": false, "width_src": "ngii1k", "width_disagree_m": 0.4, "road_name": "필문대로192번길", "seg_label": "필문대로192번길 11-13", "road_side": "0", "road_bt_m": 10.0, "in_emd": false, "light_count": 0, "unknown_reason": null, "z": 20.3 }, "geometry": { "type": "LineString", "coordinates": [ [ 126.930042, 35.153678 ], [ 126.929875, 35.15363 ] ] } },
{ "type": "Feature", "properties": { "seg_uid": "DM-193623-284155-MCQE", "seg_id": "DM02776", "seg_no": 17, "width_min_m": 2.41, "width_max_m": null, "verdict": "blocked", "width_verified": false, "midpoint_fallback": false, "inherited": false, "route_usage": 0, "length_m": 16.9, "run_length_m": 16.9, "nfa_designated": false, "cctv_dist_m": 44.6, "cv_feasible": false, "width_src": "ngii1k", "width_disagree_m": 1.06, "road_name": "필문대로192번길", "seg_label": "필문대로192번길 11-13", "road_side": "1", "road_bt_m": 2.0, "in_emd": false, "light_count": 0, "unknown_reason": null, "z": 20.9 }, "geometry": { "type": "LineString", "coordinates": [ [ 126.930042, 35.153678 ], [ 126.929993, 35.153825 ] ] } },
{ "type": "Feature", "properties": { "seg_uid": "DM-193606-284140-MCQE", "seg_id": "DM02777", "seg_no": 12, "width_min_m": 9.65, "width_max_m": null, "verdict": "clear", "width_verified": false, "midpoint_fallback": false, "inherited": false, "route_usage": 0, "length_m": 9.4, "run_length_m": null, "nfa_designated": false, "cctv_dist_m": 33.2, "cv_feasible": false, "width_src": "ngii1k", "width_disagree_m": 0.2, "road_name": "필문대로192번길", "seg_label": "필문대로192번길 13-15", "road_side": "0", "road_bt_m": 10.0, "in_emd": false, "light_count": 0, "unknown_reason": null, "z": 20.5 }, "geometry": { "type": "LineString", "coordinates": [ [ 126.929875, 35.15363 ], [ 126.929778, 35.153601 ] ] } },
{ "type": "Feature", "properties": { "seg_uid": "DM-193613-284134-MCQE", "seg_id": "DM02778", "seg_no": 16, "width_min_m": 2.24, "width_max_m": null, "verdict": "blocked", "width_verified": false, "midpoint_fallback": false, "inherited": false, "route_usage": 0, "length_m": 15.6, "run_length_m": 15.6, "nfa_designated": false, "cctv_dist_m": 42.5, "cv_feasible": false, "width_src": "ngii1k", "width_disagree_m": 0.8, "road_name": "필문대로192번길", "seg_label": "필문대로192번길 13", "road_side": "1", "road_bt_m": 2.0, "in_emd": false, "light_count": 0, "unknown_reason": null, "z": 20.3 }, "geometry": { "type": "LineString", "coordinates": [ [ 126.929875, 35.15363 ], [ 126.929934, 35.153497 ] ] } },
{ "type": "Feature", "properties": { "seg_uid": "DM-193594-284135-MCQE", "seg_id": "DM02779", "seg_no": 13, "width_min_m": 9.96, "width_max_m": null, "verdict": "clear", "width_verified": false, "midpoint_fallback": false, "inherited": false, "route_usage": 0, "length_m": 16.0, "run_length_m": null, "nfa_designated": false, "cctv_dist_m": 17.4, "cv_feasible": true, "width_src": "ngii1k", "width_disagree_m": 0.09, "road_name": "필문대로192번길", "seg_label": "필문대로192번길 15-17", "road_side": "0", "road_bt_m": 10.0, "in_emd": false, "light_count": 0, "unknown_reason": null, "z": 20.7 }, "geometry": { "type": "LineString", "coordinates": [ [ 126.929778, 35.153601 ], [ 126.929613, 35.153553 ] ] } },
{ "type": "Feature", "properties": { "seg_uid": "DM-193598-284148-MCQE", "seg_id": "DM02780", "seg_no": 14, "width_min_m": 0.78, "width_max_m": null, "verdict": "blocked", "width_verified": false, "midpoint_fallback": false, "inherited": false, "route_usage": 0, "length_m": 20.8, "run_length_m": 20.8, "nfa_designated": false, "cctv_dist_m": 33.2, "cv_feasible": false, "width_src": "ngii1k", "width_disagree_m": 0.01, "road_name": "필문대로192번길", "seg_label": "필문대로192번길 15-16", "road_side": "1", "road_bt_m": 1.0, "in_emd": false, "light_count": 0, "unknown_reason": null, "z": 21.6 }, "geometry": { "type": "LineString", "coordinates": [ [ 126.929778, 35.153601 ], [ 126.929706, 35.153779 ] ] } },
{ "type": "Feature", "properties": { "seg_uid": "DM-193592-284119-MCQE", "seg_id": "DM02781", "seg_no": 8, "width_min_m": 1.99, "width_max_m": null, "verdict": "blocked", "width_verified": false, "midpoint_fallback": false, "inherited": false, "route_usage": 0, "length_m": 29.2, "run_length_m": 29.2, "nfa_designated": false, "cctv_dist_m": 17.2, "cv_feasible": true, "width_src": "ngii1k", "width_disagree_m": null, "road_name": "필문대로192번길", "seg_label": "필문대로192번길 17", "road_side": "1", "road_bt_m": 2.0, "in_emd": false, "light_count": 0, "unknown_reason": null, "z": 19.9 }, "geometry": { "type": "LineString", "coordinates": [ [ 126.929613, 35.153553 ], [ 126.929732, 35.153308 ] ] } },
{ "type": "Feature", "properties": { "seg_uid": "DM-193578-284130-MCQE", "seg_id": "DM02782", "seg_no": 7, "width_min_m": 9.95, "width_max_m": null, "verdict": "clear", "width_verified": false, "midpoint_fallback": false, "inherited": false, "route_usage": 70, "length_m": 17.6, "run_length_m": null, "nfa_designated": false, "cctv_dist_m": 3.3, "cv_feasible": true, "width_src": "ngii1k", "width_disagree_m": 0.07, "road_name": "필문대로192번길", "seg_label": "필문대로192번길 12-17", "road_side": "0", "road_bt_m": 10.0, "in_emd": false, "light_count": 0, "unknown_reason": null, "z": 20.1 }, "geometry": { "type": "LineString", "coordinates": [ [ 126.92943, 35.1535 ], [ 126.929432, 35.153501 ], [ 126.929443, 35.153504 ], [ 126.929613, 35.153553 ] ] } },
{ "type": "Feature", "properties": { "seg_uid": "DM-193575-284103-KCLM", "seg_id": "DM02783", "seg_no": 11, "width_min_m": 5.5, "width_max_m": null, "verdict": "needs_cv", "width_verified": false, "midpoint_fallback": false, "inherited": false, "route_usage": 70, "length_m": 49.2, "run_length_m": 49.2, "nfa_designated": false, "cctv_dist_m": 0.1, "cv_feasible": true, "width_src": "ngii1k", "width_disagree_m": 0.88, "road_name": "필문대로206번길", "seg_label": "필문대로206번길 12-17", "road_side": "1", "road_bt_m": 5.0, "in_emd": false, "light_count": 0, "unknown_reason": null, "z": 19.9 }, "geometry": { "type": "LineString", "coordinates": [ [ 126.929532, 35.153066 ], [ 126.929531, 35.153072 ], [ 126.929443, 35.153504 ] ] } },
{ "type": "Feature", "properties": { "seg_uid": "DM-193536-284121-MCQE", "seg_id": "DM02784", "seg_no": 6, "width_min_m": 9.8, "width_max_m": null, "verdict": "clear", "width_verified": false, "midpoint_fallback": false, "inherited": false, "route_usage": 70, "length_m": 68.3, "run_length_m": null, "nfa_designated": false, "cctv_dist_m": 3.3, "cv_feasible": true, "width_src": "ngii1k", "width_disagree_m": 0.37, "road_name": "필문대로192번길", "seg_label": "필문대로192번길 17-25", "road_side": "0", "road_bt_m": 10.0, "in_emd": false, "light_count": 0, "unknown_reason": null, "z": 19.8 }, "geometry": { "type": "LineString", "coordinates": [ [ 126.92943, 35.1535 ], [ 126.929428, 35.153499 ], [ 126.928691, 35.153404 ] ] } },
{ "type": "Feature", "properties": { "seg_uid": "DM-193489-284114-MCQE", "seg_id": "DM02785", "seg_no": 3, "width_min_m": 9.63, "width_max_m": null, "verdict": "clear", "width_verified": false, "midpoint_fallback": false, "inherited": false, "route_usage": 70, "length_m": 27.6, "run_length_m": null, "nfa_designated": false, "cctv_dist_m": 69.4, "cv_feasible": false, "width_src": "ngii1k", "width_disagree_m": 0.1, "road_name": "필문대로192번길", "seg_label": "필문대로192번길 25-27", "road_side": "0", "road_bt_m": 10.0, "in_emd": false, "light_count": 0, "unknown_reason": null, "z": 19.2 }, "geometry": { "type": "LineString", "coordinates": [ [ 126.928691, 35.153404 ], [ 126.928391, 35.153365 ] ] } },
{ "type": "Feature", "properties": { "seg_uid": "DM-193501-284125-MCQE", "seg_id": "DM02786", "seg_no": 9, "width_min_m": 2.31, "width_max_m": null, "verdict": "unknown", "width_verified": false, "midpoint_fallback": false, "inherited": false, "route_usage": 0, "length_m": 18.2, "run_length_m": null, "nfa_designated": false, "cctv_dist_m": 69.4, "cv_feasible": false, "width_src": "ngii1k", "width_disagree_m": 0.6, "road_name": "필문대로192번길", "seg_label": "필문대로192번길 25-26", "road_side": "1", "road_bt_m": 3.0, "in_emd": false, "light_count": 0, "unknown_reason": "no_cctv", "z": 19.4 }, "geometry": { "type": "LineString", "coordinates": [ [ 126.928691, 35.153404 ], [ 126.928652, 35.153564 ] ] } },
{ "type": "Feature", "properties": { "seg_uid": "DM-193456-284109-MCQE", "seg_id": "DM02787", "seg_no": 2, "width_min_m": 9.54, "width_max_m": null, "verdict": "clear", "width_verified": false, "midpoint_fallback": false, "inherited": false, "route_usage": 70, "length_m": 38.7, "run_length_m": null, "nfa_designated": false, "cctv_dist_m": 44.8, "cv_feasible": false, "width_src": "ngii1k", "width_disagree_m": 0.44, "road_name": "필문대로192번길", "seg_label": "필문대로192번길 27-31", "road_side": "0", "road_bt_m": 10.0, "in_emd": false, "light_count": 0, "unknown_reason": null, "z": 18.7 }, "geometry": { "type": "LineString", "coordinates": [ [ 126.928391, 35.153365 ], [ 126.927971, 35.153311 ] ] } },
{ "type": "Feature", "properties": { "seg_uid": "DM-193471-284133-MCQE", "seg_id": "DM02788", "seg_no": 10, "width_min_m": 0.89, "width_max_m": null, "verdict": "blocked", "width_verified": false, "midpoint_fallback": false, "inherited": false, "route_usage": 0, "length_m": 43.2, "run_length_m": 43.2, "nfa_designated": false, "cctv_dist_m": 83.1, "cv_feasible": false, "width_src": "ngii1k", "width_disagree_m": 1.07, "road_name": "필문대로192번길", "seg_label": "필문대로192번길 27-28", "road_side": "1", "road_bt_m": 2.0, "in_emd": false, "light_count": 0, "unknown_reason": null, "z": 19.0 }, "geometry": { "type": "LineString", "coordinates": [ [ 126.928391, 35.153365 ], [ 126.928346, 35.153567 ], [ 126.928506, 35.153696 ] ] } },
{ "type": "Feature", "properties": { "seg_uid": "DM-193412-284102-MCQE", "seg_id": "DM02789", "seg_no": 1, "width_min_m": 8.19, "width_max_m": null, "verdict": "clear", "width_verified": false, "midpoint_fallback": false, "inherited": false, "route_usage": 0, "length_m": 51.0, "run_length_m": null, "nfa_designated": false, "cctv_dist_m": 8.5, "cv_feasible": true, "width_src": "ngii1k", "width_disagree_m": 0.11, "road_name": "필문대로192번길", "seg_label": "필문대로192번길 25-37", "road_side": "0", "road_bt_m": 10.0, "in_emd": false, "light_count": 3, "unknown_reason": null, "z": 17.8 }, "geometry": { "type": "LineString", "coordinates": [ [ 126.927971, 35.153311 ], [ 126.927668, 35.153271 ], [ 126.92742, 35.15323 ] ] } },
{ "type": "Feature", "properties": { "seg_uid": "DM-193434-284114-MCQE", "seg_id": "DM02790", "seg_no": 4, "width_min_m": 1.47, "width_max_m": null, "verdict": "blocked", "width_verified": false, "midpoint_fallback": false, "inherited": false, "route_usage": 70, "length_m": 16.7, "run_length_m": 91.7, "nfa_designated": false, "cctv_dist_m": 44.8, "cv_feasible": false, "width_src": "ngii1k", "width_disagree_m": 0.08, "road_name": "필문대로192번길", "seg_label": "필문대로192번길 31-32", "road_side": "1", "road_bt_m": 2.0, "in_emd": false, "light_count": 0, "unknown_reason": null, "z": 18.3 }, "geometry": { "type": "LineString", "coordinates": [ [ 126.927971, 35.153311 ], [ 126.927912, 35.153454 ] ] } },
{ "type": "Feature", "properties": { "seg_uid": "DM-193413-284008-C95Z", "seg_id": "DM02791", "seg_no": 2, "width_min_m": 14.67, "width_max_m": 33.73, "verdict": "clear", "width_verified": false, "midpoint_fallback": false, "inherited": false, "route_usage": 0, "length_m": 184.7, "run_length_m": null, "nfa_designated": false, "cctv_dist_m": 6.1, "cv_feasible": true, "width_src": "ngii1k", "width_disagree_m": 1.35, "road_name": "동명로69번길", "seg_label": "동명로69번길 5-25", "road_side": "0", "road_bt_m": 15.0, "in_emd": false, "light_count": 18, "unknown_reason": null, "z": 18.7 }, "geometry": { "type": "LineString", "coordinates": [ [ 126.927989, 35.151632 ], [ 126.927797, 35.152174 ], [ 126.927422, 35.153224 ], [ 126.92742, 35.15323 ] ] } },
{ "type": "Feature", "properties": { "seg_uid": "DM-193619-284035-KCLM", "seg_id": "DM02792", "seg_no": 3, "width_min_m": 7.2, "width_max_m": null, "verdict": "clear", "width_verified": false, "midpoint_fallback": false, "inherited": false, "route_usage": 70, "length_m": 35.4, "run_length_m": null, "nfa_designated": false, "cctv_dist_m": 4.6, "cv_feasible": true, "width_src": "ngii1k", "width_disagree_m": 0.97, "road_name": "필문대로206번길", "seg_label": "필문대로206번길 2-9", "road_side": "0", "road_bt_m": 8.0, "in_emd": false, "light_count": 0, "unknown_reason": null, "z": 19.7 }, "geometry": { "type": "LineString", "coordinates": [ [ 126.930159, 35.15262 ], [ 126.930097, 35.152638 ], [ 126.929791, 35.152722 ] ] } },
{ "type": "Feature", "properties": { "seg_uid": "DM-193642-284046-KCLM", "seg_id": "DM02793", "seg_no": 2, "width_min_m": 9.5, "width_max_m": null, "verdict": "clear", "width_verified": false, "midpoint_fallback": false, "inherited": false, "route_usage": 0, "length_m": 35.0, "run_length_m": null, "nfa_designated": false, "cctv_dist_m": 4.6, "cv_feasible": true, "width_src": "ngii1k", "width_disagree_m": 0.38, "road_name": "필문대로206번길", "seg_label": "필문대로206번길 2-6", "road_side": "1", "road_bt_m": 9.0, "in_emd": false, "light_count": 0, "unknown_reason": null, "z": 19.8 }, "geometry": { "type": "LineString", "coordinates": [ [ 126.930159, 35.15262 ], [ 126.930277, 35.15292 ] ] } },
{ "type": "Feature", "properties": { "seg_uid": "DM-193629-284008-VV63", "seg_id": "DM02794", "seg_no": 9, "width_min_m": 9.24, "width_max_m": null, "verdict": "clear", "width_verified": false, "midpoint_fallback": false, "inherited": false, "route_usage": 0, "length_m": 45.0, "run_length_m": null, "nfa_designated": false, "cctv_dist_m": 4.4, "cv_feasible": true, "width_src": "ngii1k", "width_disagree_m": 0.02, "road_name": "필문대로218번길", "seg_label": "필문대로218번길 2-5", "road_side": "1", "road_bt_m": 10.0, "in_emd": false, "light_count": 0, "unknown_reason": null, "z": 21.3 }, "geometry": { "type": "LineString", "coordinates": [ [ 126.93001, 35.152234 ], [ 126.930161, 35.15262 ] ] } },
{ "type": "Feature", "properties": { "seg_uid": "DM-193592-284044-KCLM", "seg_id": "DM02795", "seg_no": 4, "width_min_m": 7.87, "width_max_m": null, "verdict": "clear", "width_verified": false, "midpoint_fallback": false, "inherited": false, "route_usage": 70, "length_m": 22.6, "run_length_m": null, "nfa_designated": false, "cctv_dist_m": 39.9, "cv_feasible": false, "width_src": "ngii1k", "width_disagree_m": 0.09, "road_name": "필문대로206번길", "seg_label": "필문대로206번길 6-11", "road_side": "0", "road_bt_m": 8.0, "in_emd": false, "light_count": 0, "unknown_reason": null, "z": 19.5 }, "geometry": { "type": "LineString", "coordinates": [ [ 126.929791, 35.152722 ], [ 126.929753, 35.152732 ], [ 126.92962, 35.152766 ], [ 126.929551, 35.152767 ] ] } },
{ "type": "Feature", "properties": { "seg_uid": "DM-193610-284063-KCLM", "seg_id": "DM02796", "seg_no": 8, "width_min_m": 1.3, "width_max_m": null, "verdict": "blocked", "width_verified": false, "midpoint_fallback": false, "inherited": false, "route_usage": 0, "length_m": 48.1, "run_length_m": 48.1, "nfa_designated": false, "cctv_dist_m": 39.9, "cv_feasible": false, "width_src": "ngii1k", "width_disagree_m": 0.22, "road_name": "필문대로206번길", "seg_label": "필문대로206번길 9-10", "road_side": "1", "road_bt_m": 1.0, "in_emd": false, "light_count": 0, "unknown_reason": null, "z": 19.7 }, "geometry": { "type": "LineString", "coordinates": [ [ 126.929791, 35.152722 ], [ 126.929869, 35.152912 ], [ 126.929958, 35.153133 ] ] } },
{ "type": "Feature", "properties": { "seg_uid": "DM-193556-284043-KCLM", "seg_id": "DM02797", "seg_no": 5, "width_min_m": 7.15, "width_max_m": null, "verdict": "clear", "width_verified": false, "midpoint_fallback": false, "inherited": false, "route_usage": 0, "length_m": 50.1, "run_length_m": null, "nfa_designated": false, "cctv_dist_m": 62.3, "cv_feasible": false, "width_src": "ngii1k", "width_disagree_m": 0.44, "road_name": "필문대로206번길", "seg_label": "필문대로206번길 6-17", "road_side": "0", "road_bt_m": 8.0, "in_emd": false, "light_count": 0, "unknown_reason": null, "z": 19.3 }, "geometry": { "type": "LineString", "coordinates": [ [ 126.929551, 35.152767 ], [ 126.929531, 35.152767 ], [ 126.929006, 35.152712 ] ] } },
{ "type": "Feature", "properties": { "seg_uid": "DM-193582-284062-KCLM", "seg_id": "DM02798", "seg_no": 6, "width_min_m": 6.0, "width_max_m": null, "verdict": "unknown", "width_verified": false, "midpoint_fallback": false, "inherited": false, "route_usage": 70, "length_m": 33.7, "run_length_m": null, "nfa_designated": false, "cctv_dist_m": 45.9, "cv_feasible": false, "width_src": "ngii1k", "width_disagree_m": 2.04, "road_name": "필문대로206번길", "seg_label": "필문대로206번길 6-12", "road_side": "1", "road_bt_m": 5.0, "in_emd": false, "light_count": 0, "unknown_reason": "no_cctv", "z": 19.5 }, "geometry": { "type": "LineString", "coordinates": [ [ 126.929551, 35.152767 ], [ 126.929561, 35.152799 ], [ 126.929573, 35.152837 ], [ 126.929532, 35.153066 ] ] } },
{ "type": "Feature", "properties": { "seg_uid": "DM-193578-284037-VV63", "seg_id": "DM02799", "seg_no": 12, "width_min_m": 8.1, "width_max_m": null, "verdict": "clear", "width_verified": false, "midpoint_fallback": false, "inherited": false, "route_usage": 0, "length_m": 18.4, "run_length_m": null, "nfa_designated": false, "cctv_dist_m": 62.3, "cv_feasible": false, "width_src": "ngii1k", "width_disagree_m": 0.72, "road_name": "필문대로218번길", "seg_label": "필문대로218번길 4-11", "road_side": "1", "road_bt_m": 7.0, "in_emd": false, "light_count": 0, "unknown_reason": null, "z": 19.4 }, "geometry": { "type": "LineString", "coordinates": [ [ 126.929499, 35.152607 ], [ 126.929502, 35.152615 ], [ 126.929551, 35.152767 ] ] } },
{ "type": "Feature", "properties": { "seg_uid": "DM-193585-283910-VV63", "seg_id": "DM02800", "seg_no": 1, "width_min_m": 7.5, "width_max_m": null, "verdict": "clear", "width_verified": false, "midpoint_fallback": false, "inherited": false, "route_usage": 0, "length_m": 25.1, "run_length_m": null, "nfa_designated": false, "cctv_dist_m": 29.7, "cv_feasible": false, "width_src": "ngii1k", "width_disagree_m": 0.06, "road_name": "필문대로218번길", "seg_label": "필문대로218번길 1-81", "road_side": "0", "road_bt_m": 7.0, "in_emd": false, "light_count": 0, "unknown_reason": null, "z": 25.0 }, "geometry": { "type": "LineString", "coordinates": [ [ 126.929732, 35.151536 ], [ 126.929467, 35.151554 ], [ 126.929457, 35.151554 ] ] } },
{ "type": "Feature", "properties": { "seg_uid": "DM-193595-283903-6Z8Q", "seg_id": "DM02801", "seg_no": 50, "width_min_m": 9.29, "width_max_m": 21.92, "verdict": "clear", "width_verified": false, "midpoint_fallback": false, "inherited": false, "route_usage": 0, "length_m": 13.4, "run_length_m": null, "nfa_designated": false, "cctv_dist_m": 51.3, "cv_feasible": false, "width_src": "ngii1k", "width_disagree_m": 0.04, "road_name": "동명로", "seg_label": "동명로 1-81", "road_side": "1", "road_bt_m": 9.0, "in_emd": false, "light_count": 0, "unknown_reason": null, "z": 25.5 }, "geometry": { "type": "LineString", "coordinates": [ [ 126.929681, 35.151426 ], [ 126.92973, 35.151533 ], [ 126.929736, 35.151536 ] ] } },
{ "type": "Feature", "properties": { "seg_uid": "DM-193607-283937-VV63", "seg_id": "DM02802", "seg_no": 4, "width_min_m": 9.06, "width_max_m": null, "verdict": "clear", "width_verified": false, "midpoint_fallback": false, "inherited": false, "route_usage": 0, "length_m": 59.9, "run_length_m": null, "nfa_designated": false, "cctv_dist_m": 54.7, "cv_feasible": false, "width_src": "ngii1k", "width_disagree_m": 0.33, "road_name": "필문대로218번길", "seg_label": "필문대로218번길 1-81", "road_side": "1", "road_bt_m": 10.0, "in_emd": false, "light_count": 0, "unknown_reason": null, "z": 24.2 }, "geometry": { "type": "LineString", "coordinates": [ [ 126.929732, 35.151536 ], [ 126.929805, 35.15171 ], [ 126.929937, 35.152049 ] ] } },
{ "type": "Feature", "properties": { "seg_uid": "DM-193577-283942-VV63", "seg_id": "DM02803", "seg_no": 5, "width_min_m": 1.1, "width_max_m": null, "verdict": "blocked", "width_verified": false, "midpoint_fallback": false, "inherited": false, "route_usage": 0, "length_m": 70.6, "run_length_m": 168.3, "nfa_designated": true, "cctv_dist_m": 29.7, "cv_feasible": false, "width_src": "ngii1k", "width_disagree_m": 1.62, "road_name": "필문대로218번길", "seg_label": "필문대로218번길 2-4", "road_side": "1", "road_bt_m": 2.0, "in_emd": false, "light_count": 0, "unknown_reason": null, "z": 23.7 }, "geometry": { "type": "LineString", "coordinates": [ [ 126.929457, 35.151554 ], [ 126.929522, 35.15174 ], [ 126.929476, 35.151754 ], [ 126.929627, 35.152138 ] ] } },
{ "type": "Feature", "properties": { "seg_uid": "DM-193555-283912-VV63", "seg_id": "DM02804", "seg_no": 2, "width_min_m": 7.31, "width_max_m": null, "verdict": "clear", "width_verified": false, "midpoint_fallback": false, "inherited": false, "route_usage": 0, "length_m": 34.4, "run_length_m": null, "nfa_designated": false, "cctv_dist_m": 5.2, "cv_feasible": true, "width_src": "ngii1k", "width_disagree_m": 0.17, "road_name": "필문대로218번길", "seg_label": "필문대로218번길 3-79", "road_side": "0", "road_bt_m": 7.0, "in_emd": false, "light_count": 0, "unknown_reason": null, "z": 24.8 }, "geometry": { "type": "LineString", "coordinates": [ [ 126.929081, 35.151579 ], [ 126.92909, 35.151579 ], [ 126.92909, 35.151579 ], [ 126.929127, 35.151576 ], [ 126.929425, 35.151556 ], [ 126.929457, 35.151554 ] ] } },
{ "type": "Feature", "properties": { "seg_uid": "DM-193488-283917-VV63", "seg_id": "DM02805", "seg_no": 3, "width_min_m": 13.84, "width_max_m": 25.65, "verdict": "clear", "width_verified": false, "midpoint_fallback": false, "inherited": false, "route_usage": 0, "length_m": 99.6, "run_length_m": null, "nfa_designated": false, "cctv_dist_m": 7.2, "cv_feasible": true, "width_src": "ngii1k", "width_disagree_m": 7.49, "road_name": "필문대로218번길", "seg_label": "필문대로218번길 5-15", "road_side": "0", "road_bt_m": 7.0, "in_emd": false, "light_count": 31, "unknown_reason": null, "z": 23.7 }, "geometry": { "type": "LineString", "coordinates": [ [ 126.929081, 35.151579 ], [ 126.927989, 35.151632 ] ] } },
{ "type": "Feature", "properties": { "seg_uid": "DM-193557-283971-VV63", "seg_id": "DM02806", "seg_no": 7, "width_min_m": 11.09, "width_max_m": null, "verdict": "clear", "width_verified": false, "midpoint_fallback": false, "inherited": false, "route_usage": 0, "length_m": 120.2, "run_length_m": null, "nfa_designated": false, "cctv_dist_m": 7.2, "cv_feasible": true, "width_src": "ngii1k", "width_disagree_m": 7.26, "road_name": "필문대로218번길", "seg_label": "필문대로218번길 4-7", "road_side": "1", "road_bt_m": 7.0, "in_emd": false, "light_count": 0, "unknown_reason": null, "z": 22.4 }, "geometry": { "type": "LineString", "coordinates": [ [ 126.929081, 35.151579 ], [ 126.929093, 35.151611 ], [ 126.929169, 35.151807 ], [ 126.929287, 35.152096 ], [ 126.929499, 35.152607 ] ] } },
{ "type": "Feature", "properties": { "seg_uid": "DM-192797-283732-SJLN", "seg_id": "DM02818", "seg_no": 3, "width_min_m": 5.78, "width_max_m": null, "verdict": "unknown", "width_verified": false, "midpoint_fallback": false, "inherited": false, "route_usage": 0, "length_m": 88.2, "run_length_m": null, "nfa_designated": false, "cctv_dist_m": 104.0, "cv_feasible": false, "width_src": "ngii1k", "width_disagree_m": 0.84, "road_name": "서석로", "seg_label": "서석로 8-89", "road_side": "1", "road_bt_m": 6.0, "in_emd": false, "light_count": 0, "unknown_reason": "no_cctv", "z": 12.8 }, "geometry": { "type": "LineString", "coordinates": [ [ 126.921284, 35.149655 ], [ 126.920608, 35.150223 ] ] } },
{ "type": "Feature", "properties": { "seg_uid": "DM-192244-284326-5ICV", "seg_id": "DM02819", "seg_no": 2, "width_min_m": 5.16, "width_max_m": null, "verdict": "needs_cv", "width_verified": false, "midpoint_fallback": false, "inherited": false, "route_usage": 0, "length_m": 123.6, "run_length_m": 288.4, "nfa_designated": true, "cctv_dist_m": 3.3, "cv_feasible": true, "width_src": "ngii1k", "width_disagree_m": 0.14, "road_name": "제봉로222번길", "seg_label": "제봉로222번길 5-10", "road_side": "1", "road_bt_m": 6.0, "in_emd": false, "light_count": 0, "unknown_reason": null, "z": 7.6 }, "geometry": { "type": "LineString", "coordinates": [ [ 126.914353, 35.155642 ], [ 126.915395, 35.154929 ] ] } },
{ "type": "Feature", "properties": { "seg_uid": "DM-192277-284271-CYSW", "seg_id": "DM02820", "seg_no": 2, "width_min_m": 5.45, "width_max_m": null, "verdict": "needs_cv", "width_verified": false, "midpoint_fallback": false, "inherited": false, "route_usage": 53, "length_m": 41.5, "run_length_m": 288.4, "nfa_designated": true, "cctv_dist_m": 8.0, "cv_feasible": true, "width_src": "ngii1k", "width_disagree_m": 0.3, "road_name": "제봉로212번길", "seg_label": "제봉로212번길 1-10", "road_side": "0", "road_bt_m": 6.0, "in_emd": false, "light_count": 0, "unknown_reason": null, "z": 8.2 }, "geometry": { "type": "LineString", "coordinates": [ [ 126.915081, 35.154658 ], [ 126.915082, 35.154658 ], [ 126.915395, 35.154929 ] ] } },
{ "type": "Feature", "properties": { "seg_uid": "DM-192383-284226-4W2N", "seg_id": "DM02821", "seg_no": 2, "width_min_m": 2.88, "width_max_m": null, "verdict": "unknown", "width_verified": false, "midpoint_fallback": false, "inherited": false, "route_usage": 0, "length_m": 97.5, "run_length_m": null, "nfa_designated": false, "cctv_dist_m": 55.9, "cv_feasible": false, "width_src": "ngii1k", "width_disagree_m": 3.18, "road_name": "제봉로200번길", "seg_label": "제봉로200번길 1-15", "road_side": "0", "road_bt_m": 6.0, "in_emd": false, "light_count": 0, "unknown_reason": "no_cctv", "z": 8.7 }, "geometry": { "type": "LineString", "coordinates": [ [ 126.916043, 35.154068 ], [ 126.916761, 35.154706 ], [ 126.916769, 35.154713 ] ] } },
{ "type": "Feature", "properties": { "seg_uid": "DM-192446-284134-GM2I", "seg_id": "DM02822", "seg_no": 3, "width_min_m": 5.14, "width_max_m": null, "verdict": "unknown", "width_verified": false, "midpoint_fallback": false, "inherited": false, "route_usage": 235, "length_m": 26.9, "run_length_m": null, "nfa_designated": false, "cctv_dist_m": 80.2, "cv_feasible": false, "width_src": "silpok", "width_disagree_m": null, "road_name": "제봉로190번길", "seg_label": "제봉로190번길 1-7", "road_side": "0", "road_bt_m": 6.0, "in_emd": false, "light_count": 0, "unknown_reason": "no_cctv", "z": 8.7 }, "geometry": { "type": "LineString", "coordinates": [ [ 126.916998, 35.153468 ], [ 126.917003, 35.153473 ], [ 126.917192, 35.153636 ], [ 126.917201, 35.153644 ] ] } },
{ "type": "Feature", "properties": { "seg_uid": "DM-192428-284131-GM2I", "seg_id": "DM02823", "seg_no": 2, "width_min_m": 7.8, "width_max_m": null, "verdict": "clear", "width_verified": false, "midpoint_fallback": false, "inherited": false, "route_usage": 235, "length_m": 23.6, "run_length_m": null, "nfa_designated": false, "cctv_dist_m": 72.1, "cv_feasible": false, "width_src": "silpok", "width_disagree_m": null, "road_name": "제봉로190번길", "seg_label": "제봉로190번길 1-5", "road_side": "1", "road_bt_m": 8.0, "in_emd": false, "light_count": 0, "unknown_reason": null, "z": 8.7 }, "geometry": { "type": "LineString", "coordinates": [ [ 126.917003, 35.153473 ], [ 126.916793, 35.153597 ] ] } },
{ "type": "Feature", "properties": { "seg_uid": "DM-193388-284000-4S4P", "seg_id": "DM02824", "seg_no": 2, "width_min_m": 1.06, "width_max_m": 2.95, "verdict": "blocked", "width_verified": false, "midpoint_fallback": false, "inherited": false, "route_usage": 2, "length_m": 80.7, "run_length_m": 80.7, "nfa_designated": false, "cctv_dist_m": 35.7, "cv_feasible": false, "width_src": "ngii1k", "width_disagree_m": 0.34, "road_name": "동명로67번길", "seg_label": "동명로67번길 15-16", "road_side": "1", "road_bt_m": 2.0, "in_emd": false, "light_count": 15, "unknown_reason": null, "z": 18.2 }, "geometry": { "type": "LineString", "coordinates": [ [ 126.927027, 35.152274 ], [ 126.927076, 35.1523 ], [ 126.927114, 35.152319 ], [ 126.92718, 35.152346 ], [ 126.927249, 35.152365 ], [ 126.927303, 35.152376 ], [ 126.92733, 35.152379 ], [ 126.927359, 35.152376 ], [ 126.927387, 35.152364 ], [ 126.927421, 35.152352 ], [ 126.927451, 35.152356 ], [ 126.927481, 35.152357 ], [ 126.927514, 35.152248 ], [ 126.927574, 35.152041 ] ] } },
{ "type": "Feature", "properties": { "seg_uid": "DM-193298-284055-4S4P", "seg_id": "DM02825", "seg_no": 5, "width_min_m": 16.09, "width_max_m": 43.17, "verdict": "clear", "width_verified": false, "midpoint_fallback": false, "inherited": false, "route_usage": 2, "length_m": 30.3, "run_length_m": null, "nfa_designated": false, "cctv_dist_m": 5.6, "cv_feasible": true, "width_src": "ngii1k", "width_disagree_m": 1.95, "road_name": "동명로67번길", "seg_label": "동명로67번길 21-25", "road_side": "0", "road_bt_m": 11.0, "in_emd": false, "light_count": 19, "unknown_reason": null, "z": 15.2 }, "geometry": { "type": "LineString", "coordinates": [ [ 126.926559, 35.152752 ], [ 126.926465, 35.152847 ], [ 126.926322, 35.152942 ] ] } },
{ "type": "Feature", "properties": { "seg_uid": "DM-193329-284061-4S4P", "seg_id": "DM02826", "seg_no": 6, "width_min_m": 6.02, "width_max_m": 8.9, "verdict": "needs_cv", "width_verified": false, "midpoint_fallback": false, "inherited": false, "route_usage": 0, "length_m": 53.4, "run_length_m": 102.9, "nfa_designated": true, "cctv_dist_m": 4.1, "cv_feasible": true, "width_src": "ngii1k", "width_disagree_m": 0.46, "road_name": "동명로67번길", "seg_label": "동명로67번길 21-22", "road_side": "1", "road_bt_m": 8.0, "in_emd": false, "light_count": 3, "unknown_reason": null, "z": 15.9 }, "geometry": { "type": "LineString", "coordinates": [ [ 126.926559, 35.152752 ], [ 126.926867, 35.152962 ], [ 126.926868, 35.152963 ], [ 126.92703, 35.153034 ] ] } },
{ "type": "Feature", "properties": { "seg_uid": "DM-193291-284086-4S4P", "seg_id": "DM02827", "seg_no": 7, "width_min_m": 1.2, "width_max_m": 5.46, "verdict": "unknown", "width_verified": false, "midpoint_fallback": false, "inherited": false, "route_usage": 0, "length_m": 42.6, "run_length_m": null, "nfa_designated": false, "cctv_dist_m": 34.8, "cv_feasible": false, "width_src": "ngii1k", "width_disagree_m": null, "road_name": "동명로67번길", "seg_label": "동명로67번길 25-26", "road_side": "1", "road_bt_m": 2.0, "in_emd": false, "light_count": 19, "unknown_reason": "no_cctv", "z": 15.6 }, "geometry": { "type": "LineString", "coordinates": [ [ 126.926322, 35.152942 ], [ 126.926353, 35.153031 ], [ 126.926391, 35.153321 ] ] } },
{ "type": "Feature", "properties": { "seg_uid": "DM-193095-284102-5UT1", "seg_id": "DM02828", "seg_no": 1, "width_min_m": 2.74, "width_max_m": 4.51, "verdict": "unknown", "width_verified": false, "midpoint_fallback": false, "inherited": false, "route_usage": 12, "length_m": 25.9, "run_length_m": null, "nfa_designated": false, "cctv_dist_m": 78.8, "cv_feasible": false, "width_src": "ngii1k", "width_disagree_m": 0.3, "road_name": "동계로15번길", "seg_label": "동계로15번길 1", "road_side": "1", "road_bt_m": 4.0, "in_emd": false, "light_count": 0, "unknown_reason": "no_cctv", "z": 12.8 }, "geometry": { "type": "LineString", "coordinates": [ [ 126.924347, 35.153222 ], [ 126.924283, 35.153234 ], [ 126.924168, 35.153302 ], [ 126.924106, 35.153339 ] ] } },
{ "type": "Feature", "properties": { "seg_uid": "DM-193035-284167-5UT1", "seg_id": "DM02829", "seg_no": 7, "width_min_m": 5.58, "width_max_m": 7.94, "verdict": "needs_cv", "width_verified": false, "midpoint_fallback": false, "inherited": false, "route_usage": 1, "length_m": 42.6, "run_length_m": 240.0, "nfa_designated": true, "cctv_dist_m": 6.4, "cv_feasible": true, "width_src": "ngii1k", "width_disagree_m": 0.44, "road_name": "동계로15번길", "seg_label": "동계로15번길 1-13", "road_side": "0", "road_bt_m": 6.0, "in_emd": false, "light_count": 0, "unknown_reason": null, "z": 12.6 }, "geometry": { "type": "LineString", "coordinates": [ [ 126.923781, 35.153792 ], [ 126.923596, 35.153846 ], [ 126.923503, 35.153873 ], [ 126.923343, 35.153886 ], [ 126.923331, 35.153887 ] ] } },
{ "type": "Feature", "properties": { "seg_uid": "DM-193060-284170-5UT1", "seg_id": "DM02830", "seg_no": 10, "width_min_m": 1.14, "width_max_m": 2.82, "verdict": "blocked", "width_verified": false, "midpoint_fallback": false, "inherited": false, "route_usage": 0, "length_m": 22.6, "run_length_m": 22.6, "nfa_designated": false, "cctv_dist_m": 47.8, "cv_feasible": false, "width_src": "ngii1k", "width_disagree_m": 0.55, "road_name": "동계로15번길", "seg_label": "동계로15번길 9-10", "road_side": "1", "road_bt_m": 2.0, "in_emd": false, "light_count": 11, "unknown_reason": null, "z": 13.1 }, "geometry": { "type": "LineString", "coordinates": [ [ 126.923781, 35.153792 ], [ 126.923815, 35.153846 ], [ 126.923839, 35.153885 ], [ 126.923864, 35.153926 ], [ 126.9239, 35.153971 ] ] } },
{ "type": "Feature", "properties": { "seg_uid": "DM-192986-284181-5UT1", "seg_id": "DM02831", "seg_no": 11, "width_min_m": 3.74, "width_max_m": 4.95, "verdict": "needs_cv", "width_verified": false, "midpoint_fallback": false, "inherited": false, "route_usage": 5, "length_m": 61.4, "run_length_m": 240.0, "nfa_designated": true, "cctv_dist_m": 2.5, "cv_feasible": true, "width_src": "ngii1k", "width_disagree_m": 0.19, "road_name": "동계로15번길", "seg_label": "동계로15번길 1-19", "road_side": "0", "road_bt_m": 6.0, "in_emd": true, "light_count": 0, "unknown_reason": null, "z": 12.1 }, "geometry": { "type": "LineString", "coordinates": [ [ 126.92333, 35.153887 ], [ 126.923083, 35.153982 ], [ 126.923083, 35.153982 ], [ 126.922991, 35.15398 ], [ 126.922694, 35.15405 ] ] } },
{ "type": "Feature", "properties": { "seg_uid": "DM-193042-284146-5UT1", "seg_id": "DM02832", "seg_no": 6, "width_min_m": 3.17, "width_max_m": 7.4, "verdict": "needs_cv", "width_verified": false, "midpoint_fallback": false, "inherited": false, "route_usage": 12, "length_m": 73.5, "run_length_m": 240.0, "nfa_designated": true, "cctv_dist_m": 6.4, "cv_feasible": true, "width_src": "ngii1k", "width_disagree_m": 0.98, "road_name": "동계로15번길", "seg_label": "동계로15번길 1-13", "road_side": "1", "road_bt_m": 4.0, "in_emd": false, "light_count": 0, "unknown_reason": null, "z": 12.4 }, "geometry": { "type": "LineString", "coordinates": [ [ 126.923941, 35.153454 ], [ 126.923757, 35.153588 ], [ 126.923544, 35.153733 ], [ 126.92343, 35.153808 ], [ 126.923331, 35.153887 ] ] } },
{ "type": "Feature", "properties": { "seg_uid": "DM-193008-284169-5UT1", "seg_id": "DM02833", "seg_no": 9, "width_min_m": 5.88, "width_max_m": 11.66, "verdict": "needs_cv", "width_verified": false, "midpoint_fallback": false, "inherited": false, "route_usage": 10, "length_m": 13.3, "run_length_m": 240.0, "nfa_designated": true, "cctv_dist_m": 5.6, "cv_feasible": true, "width_src": "ngii1k", "width_disagree_m": 3.8, "road_name": "동계로15번길", "seg_label": "동계로15번길 1-13", "road_side": "1", "road_bt_m": 4.0, "in_emd": true, "light_count": 0, "unknown_reason": null, "z": 12.3 }, "geometry": { "type": "LineString", "coordinates": [ [ 126.923331, 35.153887 ], [ 126.923239, 35.153871 ], [ 126.923238, 35.153871 ], [ 126.923188, 35.153861 ] ] } },
{ "type": "Feature", "properties": { "seg_uid": "DM-192924-284190-5UT1", "seg_id": "DM02834", "seg_no": 12, "width_min_m": 2.12, "width_max_m": 4.28, "verdict": "unknown", "width_verified": false, "midpoint_fallback": false, "inherited": false, "route_usage": 0, "length_m": 65.0, "run_length_m": null, "nfa_designated": false, "cctv_dist_m": 43.9, "cv_feasible": false, "width_src": "ngii1k", "width_disagree_m": 0.74, "road_name": "동계로15번길", "seg_label": "동계로15번길 16-26", "road_side": "0", "road_bt_m": 6.0, "in_emd": true, "light_count": 0, "unknown_reason": "no_cctv", "z": 11.4 }, "geometry": { "type": "LineString", "coordinates": [ [ 126.922694, 35.154051 ], [ 126.922694, 35.154051 ], [ 126.922691, 35.154051 ], [ 126.922621, 35.154055 ], [ 126.922541, 35.15406 ], [ 126.922318, 35.154062 ], [ 126.922212, 35.154059 ], [ 126.922136, 35.154062 ], [ 126.922094, 35.154067 ], [ 126.922046, 35.154079 ], [ 126.922004, 35.154087 ], [ 126.921985, 35.154087 ] ] } },
{ "type": "Feature", "properties": { "seg_uid": "DM-192955-284173-DX27", "seg_id": "DM02835", "seg_no": 28, "width_min_m": 4.29, "width_max_m": 7.58, "verdict": "unknown", "width_verified": false, "midpoint_fallback": false, "inherited": false, "route_usage": 0, "length_m": 30.1, "run_length_m": null, "nfa_designated": false, "cctv_dist_m": 54.7, "cv_feasible": false, "width_src": "ngii1k", "width_disagree_m": 2.53, "road_name": "동계로13번길", "seg_label": "동계로13번길 13-22", "road_side": "1", "road_bt_m": 9.0, "in_emd": true, "light_count": 0, "unknown_reason": "no_cctv", "z": 11.5 }, "geometry": { "type": "LineString", "coordinates": [ [ 126.922663, 35.15378 ], [ 126.922694, 35.15405 ] ] } },
{ "type": "Feature", "properties": { "seg_uid": "DM-192875-284189-5UT1", "seg_id": "DM02836", "seg_no": 13, "width_min_m": 1.86, "width_max_m": 7.27, "verdict": "needs_cv", "width_verified": false, "midpoint_fallback": false, "inherited": false, "route_usage": 2, "length_m": 33.9, "run_length_m": 33.9, "nfa_designated": false, "cctv_dist_m": 10.2, "cv_feasible": true, "width_src": "ngii1k", "width_disagree_m": 0.78, "road_name": "동계로15번길", "seg_label": "동계로15번길 25-31", "road_side": "0", "road_bt_m": 6.0, "in_emd": true, "light_count": 0, "unknown_reason": null, "z": 10.7 }, "geometry": { "type": "LineString", "coordinates": [ [ 126.921985, 35.154087 ], [ 126.921976, 35.154087 ], [ 126.921945, 35.154085 ], [ 126.921873, 35.154068 ], [ 126.921652, 35.154022 ], [ 126.921624, 35.154017 ] ] } },
{ "type": "Feature", "properties": { "seg_uid": "DM-192865-283954-3JSA", "seg_id": "DM02837", "seg_no": 1, "width_min_m": 4.53, "width_max_m": 17.05, "verdict": "unknown", "width_verified": false, "midpoint_fallback": false, "inherited": false, "route_usage": 18, "length_m": 28.1, "run_length_m": null, "nfa_designated": false, "cctv_dist_m": 41.3, "cv_feasible": false, "width_src": "silpok", "width_disagree_m": null, "road_name": "동계천로85번길", "seg_label": "동계천로85번길 5-95", "road_side": "1", "road_bt_m": 4.0, "in_emd": true, "light_count": 0, "unknown_reason": "no_cctv", "z": 12.7 }, "geometry": { "type": "LineString", "coordinates": [ [ 126.921596, 35.15204 ], [ 126.921791, 35.151843 ] ] } },
{ "type": "Feature", "properties": { "seg_uid": "DM-192890-284000-JFYG", "seg_id": "DM02838", "seg_no": 58, "width_min_m": 3.49, "width_max_m": 5.72, "verdict": "needs_cv", "width_verified": false, "midpoint_fallback": false, "inherited": false, "route_usage": 0, "length_m": 33.0, "run_length_m": 33.0, "nfa_designated": false, "cctv_dist_m": 21.4, "cv_feasible": true, "width_src": "ngii1k", "width_disagree_m": 0.15, "road_name": "동계천로", "seg_label": "동계천로 13-95", "road_side": "1", "road_bt_m": 4.0, "in_emd": true, "light_count": 0, "unknown_reason": null, "z": 12.3 }, "geometry": { "type": "LineString", "coordinates": [ [ 126.921843, 35.152243 ], [ 126.922096, 35.152456 ] ] } },
{ "type": "Feature", "properties": { "seg_uid": "DM-192910-284023-N2AV", "seg_id": "DM02839", "seg_no": 5, "width_min_m": 0.98, "width_max_m": 3.07, "verdict": "unknown", "width_verified": false, "midpoint_fallback": false, "inherited": false, "route_usage": 2, "length_m": 29.0, "run_length_m": null, "nfa_designated": false, "cctv_dist_m": 27.1, "cv_feasible": false, "width_src": "ngii1k", "width_disagree_m": 0.92, "road_name": "동계천로95번길", "seg_label": "동계천로95번길 13-95", "road_side": "1", "road_bt_m": 4.0, "in_emd": true, "light_count": 0, "unknown_reason": "no_cctv", "z": 12.0 }, "geometry": { "type": "LineString", "coordinates": [ [ 126.922096, 35.152456 ], [ 126.922119, 35.15248 ], [ 126.922151, 35.152512 ], [ 126.922175, 35.152544 ], [ 126.922238, 35.152629 ], [ 126.922271, 35.152674 ] ] } },
{ "type": "Feature", "properties": { "seg_uid": "DM-192896-284033-N2AV", "seg_id": "DM02840", "seg_no": 6, "width_min_m": 7.28, "width_max_m": 8.78, "verdict": "clear", "width_verified": false, "midpoint_fallback": false, "inherited": false, "route_usage": 26, "length_m": 44.9, "run_length_m": null, "nfa_designated": false, "cctv_dist_m": 27.1, "cv_feasible": false, "width_src": "ngii1k", "width_disagree_m": 0.47, "road_name": "동계천로95번길", "seg_label": "동계천로95번길 10-95", "road_side": "0", "road_bt_m": 6.0, "in_emd": true, "light_count": 0, "unknown_reason": null, "z": 11.8 }, "geometry": { "type": "LineString", "coordinates": [ [ 126.921964, 35.152847 ], [ 126.921965, 35.152844 ], [ 126.921966, 35.152841 ], [ 126.921968, 35.152834 ], [ 126.922094, 35.152463 ], [ 126.922096, 35.152456 ] ] } },
{ "type": "Feature", "properties": { "seg_uid": "DM-192866-284050-3JSA", "seg_id": "DM02841", "seg_no": 11, "width_min_m": 1.13, "width_max_m": 3.25, "verdict": "unknown", "width_verified": false, "midpoint_fallback": false, "inherited": false, "route_usage": 29, "length_m": 48.4, "run_length_m": null, "nfa_designated": false, "cctv_dist_m": 43.1, "cv_feasible": false, "width_src": "ngii1k", "width_disagree_m": 0.17, "road_name": "동계천로85번길", "seg_label": "동계천로85번길 10-17", "road_side": "1", "road_bt_m": 4.0, "in_emd": true, "light_count": 0, "unknown_reason": "no_cctv", "z": 11.6 }, "geometry": { "type": "LineString", "coordinates": [ [ 126.921441, 35.152787 ], [ 126.921452, 35.152784 ], [ 126.921505, 35.152782 ], [ 126.921673, 35.152804 ], [ 126.921966, 35.152841 ] ] } },
{ "type": "Feature", "properties": { "seg_uid": "DM-192885-284075-N2AV", "seg_id": "DM02842", "seg_no": 7, "width_min_m": 5.95, "width_max_m": 7.59, "verdict": "needs_cv", "width_verified": false, "midpoint_fallback": false, "inherited": false, "route_usage": 3, "length_m": 40.9, "run_length_m": 116.2, "nfa_designated": true, "cctv_dist_m": 8.9, "cv_feasible": true, "width_src": "ngii1k", "width_disagree_m": 1.22, "road_name": "동계천로95번길", "seg_label": "동계천로95번길 10-23", "road_side": "0", "road_bt_m": 6.0, "in_emd": true, "light_count": 0, "unknown_reason": null, "z": 11.2 }, "geometry": { "type": "LineString", "coordinates": [ [ 126.921964, 35.152847 ], [ 126.921962, 35.152853 ], [ 126.921871, 35.153208 ] ] } },
{ "type": "Feature", "properties": { "seg_uid": "DM-192904-284058-N2AV", "seg_id": "DM02843", "seg_no": 8, "width_min_m": 1.53, "width_max_m": 2.82, "verdict": "blocked", "width_verified": false, "midpoint_fallback": false, "inherited": false, "route_usage": 21, "length_m": 30.6, "run_length_m": 30.6, "nfa_designated": false, "cctv_dist_m": 12.8, "cv_feasible": true, "width_src": "ngii1k", "width_disagree_m": 0.37, "road_name": "동계천로95번길", "seg_label": "동계천로95번길 10-18", "road_side": "1", "road_bt_m": 3.0, "in_emd": true, "light_count": 0, "unknown_reason": null, "z": 11.6 }, "geometry": { "type": "LineString", "coordinates": [ [ 126.921964, 35.152847 ], [ 126.922, 35.152853 ], [ 126.922153, 35.152881 ], [ 126.92229, 35.152914 ] ] } },
{ "type": "Feature", "properties": { "seg_uid": "DM-192887-284103-N2AV", "seg_id": "DM02844", "seg_no": 12, "width_min_m": 2.12, "width_max_m": 3.44, "verdict": "needs_cv", "width_verified": false, "midpoint_fallback": false, "inherited": false, "route_usage": 16, "length_m": 21.7, "run_length_m": 116.2, "nfa_designated": true, "cctv_dist_m": 3.4, "cv_feasible": true, "width_src": "ngii1k", "width_disagree_m": 11.22, "road_name": "동계천로95번길", "seg_label": "동계천로95번길 21-23", "road_side": "1", "road_bt_m": 5.0, "in_emd": true, "light_count": 0, "unknown_reason": null, "z": 10.9 }, "geometry": { "type": "LineString", "coordinates": [ [ 126.921871, 35.153208 ], [ 126.921881, 35.153248 ], [ 126.922033, 35.153339 ] ] } },
{ "type": "Feature", "properties": { "seg_uid": "DM-192862-284169-N2AV", "seg_id": "DM02845", "seg_no": 21, "width_min_m": 8.0, "width_max_m": 9.65, "verdict": "clear", "width_verified": false, "midpoint_fallback": false, "inherited": false, "route_usage": 5, "length_m": 37.6, "run_length_m": null, "nfa_designated": false, "cctv_dist_m": 10.0, "cv_feasible": true, "width_src": "ngii1k", "width_disagree_m": 1.07, "road_name": "동계천로95번길", "seg_label": "동계천로95번길 18-31", "road_side": "0", "road_bt_m": 6.0, "in_emd": true, "light_count": 0, "unknown_reason": null, "z": 10.5 }, "geometry": { "type": "LineString", "coordinates": [ [ 126.921712, 35.153711 ], [ 126.921704, 35.153737 ], [ 126.921704, 35.153739 ], [ 126.921655, 35.153908 ], [ 126.921651, 35.153922 ], [ 126.921624, 35.154017 ], [ 126.921617, 35.154041 ] ] } },
{ "type": "Feature", "properties": { "seg_uid": "DM-192861-284149-N2AV", "seg_id": "DM02846", "seg_no": 18, "width_min_m": 3.52, "width_max_m": 3.91, "verdict": "unknown", "width_verified": false, "midpoint_fallback": false, "inherited": false, "route_usage": 5, "length_m": 11.3, "run_length_m": null, "nfa_designated": false, "cctv_dist_m": 33.4, "cv_feasible": false, "width_src": "ngii1k", "width_disagree_m": 1.72, "road_name": "동계천로95번길", "seg_label": "동계천로95번길 13-27", "road_side": "1", "road_bt_m": 3.0, "in_emd": true, "light_count": 0, "unknown_reason": "no_cctv", "z": 10.4 }, "geometry": { "type": "LineString", "coordinates": [ [ 126.921712, 35.153711 ], [ 126.921659, 35.153699 ], [ 126.92163, 35.153692 ], [ 126.921594, 35.15368 ] ] } },
{ "type": "Feature", "properties": { "seg_uid": "DM-192868-284153-DX27", "seg_id": "DM02847", "seg_no": 23, "width_min_m": 13.82, "width_max_m": 15.4, "verdict": "unknown", "width_verified": false, "midpoint_fallback": false, "inherited": false, "route_usage": 8, "length_m": 4.5, "run_length_m": null, "nfa_designated": false, "cctv_dist_m": 31.6, "cv_feasible": false, "width_src": "ngii1k", "width_disagree_m": 0.88, "road_name": "동계로13번길", "seg_label": "동계로13번길 18-29", "road_side": "1", "road_bt_m": 4.0, "in_emd": true, "light_count": 0, "unknown_reason": "no_cctv", "z": 10.6 }, "geometry": { "type": "LineString", "coordinates": [ [ 126.921751, 35.153722 ], [ 126.921704, 35.153737 ] ] } },
{ "type": "Feature", "properties": { "seg_uid": "DM-192824-284171-N2AV", "seg_id": "DM02848", "seg_no": 20, "width_min_m": 0.82, "width_max_m": 2.29, "verdict": "blocked", "width_verified": false, "midpoint_fallback": false, "inherited": false, "route_usage": 2, "length_m": 83.8, "run_length_m": 83.8, "nfa_designated": false, "cctv_dist_m": 4.4, "cv_feasible": true, "width_src": "ngii1k", "width_disagree_m": 0.68, "road_name": "동계천로95번길", "seg_label": "동계천로95번길 31", "road_side": "1", "road_bt_m": 5.0, "in_emd": true, "light_count": 0, "unknown_reason": null, "z": 10.1 }, "geometry": { "type": "LineString", "coordinates": [ [ 126.921617, 35.154041 ], [ 126.92156, 35.154028 ], [ 126.921444, 35.154002 ], [ 126.921338, 35.153979 ], [ 126.921248, 35.153948 ], [ 126.921229, 35.15393 ], [ 126.92124, 35.153892 ], [ 126.921229, 35.153841 ], [ 126.921208, 35.153777 ], [ 126.921188, 35.153706 ], [ 126.921182, 35.153695 ], [ 126.92123, 35.153698 ], [ 126.921383, 35.153737 ] ] } },
{ "type": "Feature", "properties": { "seg_uid": "DM-193386-283236-G89H", "seg_id": "DM02875", "seg_no": 8, "width_min_m": 0.8, "width_max_m": 2.63, "verdict": "blocked", "width_verified": false, "midpoint_fallback": false, "inherited": false, "route_usage": 0, "length_m": 36.2, "run_length_m": 36.2, "nfa_designated": false, "cctv_dist_m": 105.9, "cv_feasible": false, "width_src": "ngii1k", "width_disagree_m": 1.4, "road_name": "필문대로295번길", "seg_label": "필문대로295번길 1", "road_side": "1", "road_bt_m": 3.0, "in_emd": false, "light_count": 14, "unknown_reason": null, "z": 21.4 }, "geometry": { "type": "LineString", "coordinates": [ [ 126.927286, 35.145348 ], [ 126.927299, 35.145358 ], [ 126.927377, 35.145422 ], [ 126.927418, 35.145467 ], [ 126.927488, 35.145542 ], [ 126.927534, 35.145601 ] ] } },
{ "type": "Feature", "properties": { "seg_uid": "DM-193381-283215-G89H", "seg_id": "DM02876", "seg_no": 5, "width_min_m": 0.69, "width_max_m": 3.6, "verdict": "unknown", "width_verified": false, "midpoint_fallback": false, "inherited": false, "route_usage": 0, "length_m": 21.0, "run_length_m": null, "nfa_designated": false, "cctv_dist_m": 105.9, "cv_feasible": false, "width_src": "ngii1k", "width_disagree_m": 13.85, "road_name": "필문대로295번길", "seg_label": "필문대로295번길 1", "road_side": "1", "road_bt_m": 3.0, "in_emd": false, "light_count": 14, "unknown_reason": "no_cctv", "z": 21.2 }, "geometry": { "type": "LineString", "coordinates": [ [ 126.927286, 35.145348 ], [ 126.927334, 35.145307 ], [ 126.927378, 35.145265 ], [ 126.927439, 35.145207 ] ] } },
{ "type": "Feature", "properties": { "seg_uid": "DM-193413-283208-G89H", "seg_id": "DM02877", "seg_no": 4, "width_min_m": 1.94, "width_max_m": null, "verdict": "blocked", "width_verified": false, "midpoint_fallback": false, "inherited": false, "route_usage": 0, "length_m": 21.5, "run_length_m": 176.6, "nfa_designated": true, "cctv_dist_m": 140.5, "cv_feasible": false, "width_src": "ngii1k", "width_disagree_m": 0.49, "road_name": "필문대로295번길", "seg_label": "필문대로295번길 5", "road_side": "1", "road_bt_m": 2.0, "in_emd": false, "light_count": 0, "unknown_reason": null, "z": 21.9 }, "geometry": { "type": "LineString", "coordinates": [ [ 126.927653, 35.14515 ], [ 126.927649, 35.145169 ], [ 126.927682, 35.145192 ], [ 126.927732, 35.145229 ], [ 126.927807, 35.145277 ], [ 126.927812, 35.145281 ] ] } },
{ "type": "Feature", "properties": { "seg_uid": "DM-193424-283194-G89H", "seg_id": "DM02878", "seg_no": 2, "width_min_m": 1.15, "width_max_m": null, "verdict": "blocked", "width_verified": false, "midpoint_fallback": false, "inherited": false, "route_usage": 0, "length_m": 36.7, "run_length_m": 176.6, "nfa_designated": true, "cctv_dist_m": 129.9, "cv_feasible": false, "width_src": "ngii1k", "width_disagree_m": 0.36, "road_name": "필문대로295번길", "seg_label": "필문대로295번길 5", "road_side": "1", "road_bt_m": 2.0, "in_emd": false, "light_count": 0, "unknown_reason": null, "z": 22.2 }, "geometry": { "type": "LineString", "coordinates": [ [ 126.927653, 35.14515 ], [ 126.927696, 35.145146 ], [ 126.927745, 35.145126 ], [ 126.927844, 35.145085 ], [ 126.92788, 35.145069 ], [ 126.927893, 35.14507 ], [ 126.927996, 35.145149 ] ] } },
{ "type": "Feature", "properties": { "seg_uid": "DM-193414-283226-G89H", "seg_id": "DM02879", "seg_no": 7, "width_min_m": 1.4, "width_max_m": 2.69, "verdict": "blocked", "width_verified": false, "midpoint_fallback": false, "inherited": false, "route_usage": 0, "length_m": 26.5, "run_length_m": 176.6, "nfa_designated": true, "cctv_dist_m": 134.8, "cv_feasible": false, "width_src": "silpok", "width_disagree_m": null, "road_name": "필문대로295번길", "seg_label": "필문대로295번길 5", "road_side": "1", "road_bt_m": 2.0, "in_emd": false, "light_count": 0, "unknown_reason": null, "z": 22.0 }, "geometry": { "type": "LineString", "coordinates": [ [ 126.927812, 35.145281 ], [ 126.927767, 35.14533 ], [ 126.927709, 35.145399 ], [ 126.927655, 35.145451 ], [ 126.92768, 35.145467 ] ] } },
{ "type": "Feature", "properties": { "seg_uid": "DM-193433-283273-VXVD", "seg_id": "DM02886", "seg_no": 5, "width_min_m": 1.4, "width_max_m": 8.02, "verdict": "unknown", "width_verified": false, "midpoint_fallback": false, "inherited": false, "route_usage": 0, "length_m": 17.5, "run_length_m": null, "nfa_designated": false, "cctv_dist_m": 88.0, "cv_feasible": false, "width_src": "silpok", "width_disagree_m": null, "road_name": "필문대로289번길", "seg_label": "필문대로289번길 6", "road_side": "2", "road_bt_m": 2.0, "in_emd": false, "light_count": 0, "unknown_reason": "no_cctv", "z": 22.4 }, "geometry": { "type": "LineString", "coordinates": [ [ 126.92787, 35.14586 ], [ 126.927901, 35.145833 ], [ 126.927985, 35.145764 ], [ 126.928007, 35.14575 ] ] } },
{ "type": "Feature", "properties": { "seg_uid": "DM-193433-283294-VXVD", "seg_id": "DM02887", "seg_no": 8, "width_min_m": 2.0, "width_max_m": 14.42, "verdict": "unknown", "width_verified": false, "midpoint_fallback": false, "inherited": false, "route_usage": 2, "length_m": 31.8, "run_length_m": null, "nfa_designated": false, "cctv_dist_m": 56.9, "cv_feasible": false, "width_src": "silpok", "width_disagree_m": 1.32, "road_name": "필문대로289번길", "seg_label": "필문대로289번길 6", "road_side": "1", "road_bt_m": 2.0, "in_emd": false, "light_count": 0, "unknown_reason": "no_cctv", "z": 22.5 }, "geometry": { "type": "LineString", "coordinates": [ [ 126.928016, 35.146114 ], [ 126.927955, 35.146032 ], [ 126.927934, 35.146005 ], [ 126.927932, 35.145992 ], [ 126.927931, 35.14598 ], [ 126.927926, 35.145939 ], [ 126.927897, 35.145893 ], [ 126.927874, 35.145862 ], [ 126.92787, 35.14586 ] ] } },
{ "type": "Feature", "properties": { "seg_uid": "DM-193447-283283-VXVD", "seg_id": "DM02888", "seg_no": 6, "width_min_m": 1.5, "width_max_m": 3.12, "verdict": "unknown", "width_verified": false, "midpoint_fallback": false, "inherited": false, "route_usage": 0, "length_m": 37.2, "run_length_m": null, "nfa_designated": false, "cctv_dist_m": 72.4, "cv_feasible": false, "width_src": "silpok", "width_disagree_m": null, "road_name": "필문대로289번길", "seg_label": "필문대로289번길 6", "road_side": "2", "road_bt_m": 2.0, "in_emd": false, "light_count": 0, "unknown_reason": "no_cctv", "z": 22.8 }, "geometry": { "type": "LineString", "coordinates": [ [ 126.927932, 35.145992 ], [ 126.927938, 35.145974 ], [ 126.92796, 35.145966 ], [ 126.928003, 35.145944 ], [ 126.928042, 35.145926 ], [ 126.928087, 35.1459 ], [ 126.928139, 35.145863 ], [ 126.928194, 35.145814 ], [ 126.928238, 35.145779 ] ] } },
{ "type": "Feature", "properties": { "seg_uid": "DM-192410-283995-ZLSO", "seg_id": "DM02901", "seg_no": 1, "width_min_m": 2.0, "width_max_m": null, "verdict": "unknown", "width_verified": false, "midpoint_fallback": false, "inherited": false, "route_usage": 0, "length_m": 34.8, "run_length_m": null, "nfa_designated": false, "cctv_dist_m": 66.3, "cv_feasible": false, "width_src": "ngii1k", "width_disagree_m": 0.1, "road_name": "구성로204번길", "seg_label": "구성로204번길 21-183", "road_side": "1", "road_bt_m": 4.0, "in_emd": false, "light_count": 0, "unknown_reason": "no_cctv", "z": 8.9 }, "geometry": { "type": "LineString", "coordinates": [ [ 126.916573, 35.15242 ], [ 126.916614, 35.152382 ], [ 126.916744, 35.152272 ], [ 126.916828, 35.152187 ] ] } },
{ "type": "Feature", "properties": { "seg_uid": "DM-193505-283424-VXVD", "seg_id": "DM02914", "seg_no": 18, "width_min_m": 16.44, "width_max_m": 27.25, "verdict": "unknown", "width_verified": false, "midpoint_fallback": false, "inherited": false, "route_usage": 2, "length_m": 1.4, "run_length_m": null, "nfa_designated": false, "cctv_dist_m": 76.6, "cv_feasible": false, "width_src": "ngii1k", "width_disagree_m": 12.08, "road_name": "필문대로289번길", "seg_label": "필문대로289번길 6-23", "road_side": "1", "road_bt_m": 2.0, "in_emd": true, "light_count": 0, "unknown_reason": "no_cctv", "z": 23.9 }, "geometry": { "type": "LineString", "coordinates": [ [ 126.928732, 35.147164 ], [ 126.928723, 35.147174 ] ] } },
{ "type": "Feature", "properties": { "seg_uid": "DM-193500-283412-OQSR", "seg_id": "DM02915", "seg_no": 6, "width_min_m": 7.83, "width_max_m": 15.99, "verdict": "clear", "width_verified": false, "midpoint_fallback": false, "inherited": false, "route_usage": 2, "length_m": 27.2, "run_length_m": null, "nfa_designated": false, "cctv_dist_m": 49.4, "cv_feasible": false, "width_src": "ngii1k", "width_disagree_m": 5.83, "road_name": "필문대로263번길", "seg_label": "필문대로263번길 6-23", "road_side": "1", "road_bt_m": 8.0, "in_emd": true, "light_count": 0, "unknown_reason": null, "z": 23.7 }, "geometry": { "type": "LineString", "coordinates": [ [ 126.928732, 35.147164 ], [ 126.928598, 35.146945 ] ] } },
{ "type": "Feature", "properties": { "seg_uid": "DM-193490-283404-VXVD", "seg_id": "DM02916", "seg_no": 15, "width_min_m": 27.46, "width_max_m": 30.15, "verdict": "clear", "width_verified": false, "midpoint_fallback": false, "inherited": false, "route_usage": 2, "length_m": 13.1, "run_length_m": null, "nfa_designated": false, "cctv_dist_m": 47.4, "cv_feasible": false, "width_src": "ngii1k", "width_disagree_m": 26.24, "road_name": "필문대로289번길", "seg_label": "필문대로289번길 6-19", "road_side": "1", "road_bt_m": 2.0, "in_emd": true, "light_count": 0, "unknown_reason": null, "z": 23.7 }, "geometry": { "type": "LineString", "coordinates": [ [ 126.928598, 35.146945 ], [ 126.928573, 35.146987 ], [ 126.928491, 35.146965 ] ] } },
{ "type": "Feature", "properties": { "seg_uid": "DM-193591-283490-OQSR", "seg_id": "DM02923", "seg_no": 26, "width_min_m": 1.17, "width_max_m": 4.59, "verdict": "unknown", "width_verified": false, "midpoint_fallback": false, "inherited": false, "route_usage": 2, "length_m": 75.3, "run_length_m": null, "nfa_designated": false, "cctv_dist_m": 31.4, "cv_feasible": false, "width_src": "ngii1k", "width_disagree_m": 1.48, "road_name": "필문대로263번길", "seg_label": "필문대로263번길 11-15", "road_side": "1", "road_bt_m": 4.0, "in_emd": true, "light_count": 0, "unknown_reason": "no_cctv", "z": 26.1 }, "geometry": { "type": "LineString", "coordinates": [ [ 126.929525, 35.147443 ], [ 126.929525, 35.147443 ], [ 126.92952, 35.147466 ], [ 126.92959, 35.147594 ], [ 126.929692, 35.147807 ], [ 126.930028, 35.147732 ] ] } },
{ "type": "Feature", "properties": { "seg_uid": "DM-193556-283466-OQSR", "seg_id": "DM02924", "seg_no": 19, "width_min_m": 2.06, "width_max_m": 4.82, "verdict": "unknown", "width_verified": false, "midpoint_fallback": false, "inherited": false, "route_usage": 3, "length_m": 49.7, "run_length_m": null, "nfa_designated": false, "cctv_dist_m": 31.4, "cv_feasible": false, "width_src": "ngii1k", "width_disagree_m": 0.22, "road_name": "필문대로263번길", "seg_label": "필문대로263번길 6-11", "road_side": "1", "road_bt_m": 3.0, "in_emd": true, "light_count": 0, "unknown_reason": "no_cctv", "z": 25.1 }, "geometry": { "type": "LineString", "coordinates": [ [ 126.929525, 35.147443 ], [ 126.92934, 35.147507 ], [ 126.929061, 35.14767 ], [ 126.929061, 35.147673 ] ] } },
{ "type": "Feature", "properties": { "seg_uid": "DM-193529-283522-TNWY", "seg_id": "DM02926", "seg_no": 12, "width_min_m": 2.04, "width_max_m": 4.46, "verdict": "unknown", "width_verified": false, "midpoint_fallback": false, "inherited": false, "route_usage": 1, "length_m": 89.7, "run_length_m": null, "nfa_designated": false, "cctv_dist_m": 77.9, "cv_feasible": false, "width_src": "ngii1k", "width_disagree_m": 0.56, "road_name": "필문대로253번길", "seg_label": "필문대로253번길 1-11", "road_side": "1", "road_bt_m": 4.0, "in_emd": true, "light_count": 13, "unknown_reason": "no_cctv", "z": 23.9 }, "geometry": { "type": "LineString", "coordinates": [ [ 126.92906, 35.147671 ], [ 126.929059, 35.147678 ], [ 126.929047, 35.147705 ], [ 126.92902, 35.147729 ], [ 126.928996, 35.147773 ], [ 126.92894, 35.147904 ], [ 126.928936, 35.147927 ], [ 126.928947, 35.147963 ], [ 126.929013, 35.148086 ], [ 126.929074, 35.148251 ], [ 126.929104, 35.148381 ], [ 126.929102, 35.148406 ], [ 126.929099, 35.148435 ] ] } },
{ "type": "Feature", "properties": { "seg_uid": "DM-193706-283543-TNWY", "seg_id": "DM02927", "seg_no": 18, "width_min_m": 5.17, "width_max_m": 7.23, "verdict": "unknown", "width_verified": false, "midpoint_fallback": false, "inherited": false, "route_usage": 1, "length_m": 48.0, "run_length_m": null, "nfa_designated": false, "cctv_dist_m": 81.7, "cv_feasible": false, "width_src": "ngii1k", "width_disagree_m": 0.17, "road_name": "필문대로253번길", "seg_label": "필문대로253번길 13-21", "road_side": "1", "road_bt_m": 5.0, "in_emd": false, "light_count": 0, "unknown_reason": "no_cctv", "z": 26.8 }, "geometry": { "type": "LineString", "coordinates": [ [ 126.93081, 35.148047 ], [ 126.931027, 35.148393 ], [ 126.931046, 35.148434 ] ] } },
{ "type": "Feature", "properties": { "seg_uid": "DM-193687-283523-TNWY", "seg_id": "DM02928", "seg_no": 7, "width_min_m": 2.34, "width_max_m": 4.99, "verdict": "unknown", "width_verified": false, "midpoint_fallback": false, "inherited": false, "route_usage": 1, "length_m": 16.6, "run_length_m": null, "nfa_designated": false, "cctv_dist_m": 65.2, "cv_feasible": false, "width_src": "ngii1k", "width_disagree_m": 0.9, "road_name": "필문대로253번길", "seg_label": "필문대로253번길 13-17", "road_side": "1", "road_bt_m": 2.0, "in_emd": false, "light_count": 0, "unknown_reason": "no_cctv", "z": 27.3 }, "geometry": { "type": "LineString", "coordinates": [ [ 126.93063, 35.148068 ], [ 126.930639, 35.148068 ], [ 126.930695, 35.148063 ], [ 126.930749, 35.148056 ], [ 126.93081, 35.148047 ] ] } },
{ "type": "Feature", "properties": { "seg_uid": "DM-193666-283525-TNWY", "seg_id": "DM02929", "seg_no": 10, "width_min_m": 1.76, "width_max_m": 3.47, "verdict": "unknown", "width_verified": false, "midpoint_fallback": false, "inherited": false, "route_usage": 1, "length_m": 25.0, "run_length_m": null, "nfa_designated": false, "cctv_dist_m": 40.7, "cv_feasible": false, "width_src": "ngii1k", "width_disagree_m": 0.19, "road_name": "필문대로253번길", "seg_label": "필문대로253번길 13", "road_side": "1", "road_bt_m": 2.0, "in_emd": false, "light_count": 0, "unknown_reason": "no_cctv", "z": 27.3 }, "geometry": { "type": "LineString", "coordinates": [ [ 126.930356, 35.148082 ], [ 126.930361, 35.148082 ], [ 126.930516, 35.148074 ], [ 126.93063, 35.148068 ] ] } },
{ "type": "Feature", "properties": { "seg_uid": "DM-193654-283536-TNWY", "seg_id": "DM02930", "seg_no": 15, "width_min_m": 1.22, "width_max_m": 3.38, "verdict": "unknown", "width_verified": false, "midpoint_fallback": false, "inherited": false, "route_usage": 2, "length_m": 21.2, "run_length_m": null, "nfa_designated": false, "cctv_dist_m": 39.3, "cv_feasible": false, "width_src": "silpok", "width_disagree_m": null, "road_name": "필문대로253번길", "seg_label": "필문대로253번길 13", "road_side": "1", "road_bt_m": 2.0, "in_emd": false, "light_count": 0, "unknown_reason": "no_cctv", "z": 26.9 }, "geometry": { "type": "LineString", "coordinates": [ [ 126.930356, 35.148082 ], [ 126.930365, 35.148203 ], [ 126.930381, 35.148207 ], [ 126.930391, 35.148262 ] ] } },
{ "type": "Feature", "properties": { "seg_uid": "DM-193680-283533-TNWY", "seg_id": "DM02931", "seg_no": 9, "width_min_m": 1.34, "width_max_m": 3.63, "verdict": "unknown", "width_verified": false, "midpoint_fallback": false, "inherited": false, "route_usage": 0, "length_m": 18.7, "run_length_m": null, "nfa_designated": false, "cctv_dist_m": 64.6, "cv_feasible": false, "width_src": "ngii1k", "width_disagree_m": 0.04, "road_name": "필문대로253번길", "seg_label": "필문대로253번길 13", "road_side": "1", "road_bt_m": 2.0, "in_emd": false, "light_count": 0, "unknown_reason": "no_cctv", "z": 27.1 }, "geometry": { "type": "LineString", "coordinates": [ [ 126.93063, 35.148068 ], [ 126.930649, 35.148237 ] ] } },
{ "type": "Feature", "properties": { "seg_uid": "DM-193589-283578-TNWY", "seg_id": "DM02932", "seg_no": 22, "width_min_m": 0.63, "width_max_m": 4.99, "verdict": "unknown", "width_verified": false, "midpoint_fallback": false, "inherited": false, "route_usage": 2, "length_m": 39.9, "run_length_m": null, "nfa_designated": false, "cctv_dist_m": 39.8, "cv_feasible": false, "width_src": "ngii1k", "width_disagree_m": 1.7, "road_name": "필문대로253번길", "seg_label": "필문대로253번길 5", "road_side": "1", "road_bt_m": 3.0, "in_emd": true, "light_count": 0, "unknown_reason": "no_cctv", "z": 24.6 }, "geometry": { "type": "LineString", "coordinates": [ [ 126.929431, 35.1486 ], [ 126.929666, 35.148554 ], [ 126.929667, 35.148554 ], [ 126.929774, 35.148537 ], [ 126.929782, 35.148538 ], [ 126.92979, 35.148601 ] ] } },
{ "type": "Feature", "properties": { "seg_uid": "DM-193574-283595-TNWY", "seg_id": "DM02933", "seg_no": 25, "width_min_m": 2.17, "width_max_m": 3.63, "verdict": "unknown", "width_verified": false, "midpoint_fallback": false, "inherited": false, "route_usage": 2, "length_m": 26.5, "run_length_m": null, "nfa_designated": false, "cctv_dist_m": 63.7, "cv_feasible": false, "width_src": "silpok", "width_disagree_m": 0.86, "road_name": "필문대로253번길", "seg_label": "필문대로253번길 5", "road_side": "1", "road_bt_m": 2.0, "in_emd": true, "light_count": 0, "unknown_reason": "no_cctv", "z": 24.6 }, "geometry": { "type": "LineString", "coordinates": [ [ 126.929431, 35.1486 ], [ 126.929449, 35.148694 ], [ 126.929609, 35.14875 ] ] } },
{ "type": "Feature", "properties": { "seg_uid": "DM-193642-283653-U6CJ", "seg_id": "DM02949", "seg_no": 3, "width_min_m": 0.9, "width_max_m": 5.43, "verdict": "needs_cv", "width_verified": false, "midpoint_fallback": false, "inherited": false, "route_usage": 2, "length_m": 40.9, "run_length_m": 131.0, "nfa_designated": true, "cctv_dist_m": 15.9, "cv_feasible": true, "width_src": "silpok", "width_disagree_m": null, "road_name": "동명로98번길", "seg_label": "동명로98번길 20", "road_side": "1", "road_bt_m": 2.0, "in_emd": true, "light_count": 7, "unknown_reason": null, "z": 26.2 }, "geometry": { "type": "LineString", "coordinates": [ [ 126.930445, 35.149273 ], [ 126.930384, 35.149259 ], [ 126.930338, 35.149249 ], [ 126.930216, 35.149228 ], [ 126.930004, 35.149206 ] ] } },
{ "type": "Feature", "properties": { "seg_uid": "DM-193736-283757-U6CJ", "seg_id": "DM02951", "seg_no": 21, "width_min_m": 7.5, "width_max_m": 12.44, "verdict": "clear", "width_verified": false, "midpoint_fallback": false, "inherited": false, "route_usage": 2, "length_m": 10.1, "run_length_m": null, "nfa_designated": false, "cctv_dist_m": 22.2, "cv_feasible": true, "width_src": "ngii1k", "width_disagree_m": 0.25, "road_name": "동명로98번길", "seg_label": "동명로98번길 7-100", "road_side": "1", "road_bt_m": 7.0, "in_emd": false, "light_count": 0, "unknown_reason": null, "z": 31.0 }, "geometry": { "type": "LineString", "coordinates": [ [ 126.931205, 35.150171 ], [ 126.931316, 35.150164 ] ] } },
{ "type": "Feature", "properties": { "seg_uid": "DM-193749-283756-U6CJ", "seg_id": "DM02952", "seg_no": 20, "width_min_m": 7.37, "width_max_m": 13.02, "verdict": "clear", "width_verified": false, "midpoint_fallback": false, "inherited": false, "route_usage": 2, "length_m": 16.0, "run_length_m": null, "nfa_designated": false, "cctv_dist_m": 32.0, "cv_feasible": false, "width_src": "ngii1k", "width_disagree_m": 0.1, "road_name": "동명로98번길", "seg_label": "동명로98번길 7-100", "road_side": "1", "road_bt_m": 7.0, "in_emd": false, "light_count": 0, "unknown_reason": null, "z": 31.4 }, "geometry": { "type": "LineString", "coordinates": [ [ 126.931316, 35.150164 ], [ 126.931316, 35.150164 ], [ 126.93149, 35.150153 ], [ 126.931491, 35.150153 ] ] } },
{ "type": "Feature", "properties": { "seg_uid": "DM-193764-283755-U6CJ", "seg_id": "DM02953", "seg_no": 19, "width_min_m": 7.54, "width_max_m": 21.56, "verdict": "clear", "width_verified": false, "midpoint_fallback": false, "inherited": false, "route_usage": 2, "length_m": 13.9, "run_length_m": null, "nfa_designated": false, "cctv_dist_m": 47.8, "cv_feasible": false, "width_src": "ngii1k", "width_disagree_m": 0.24, "road_name": "동명로98번길", "seg_label": "동명로98번길 7-102", "road_side": "1", "road_bt_m": 7.0, "in_emd": false, "light_count": 0, "unknown_reason": null, "z": 31.8 }, "geometry": { "type": "LineString", "coordinates": [ [ 126.931491, 35.150153 ], [ 126.931636, 35.150144 ], [ 126.931643, 35.150144 ] ] } },
{ "type": "Feature", "properties": { "seg_uid": "DM-193777-283754-U6CJ", "seg_id": "DM02954", "seg_no": 18, "width_min_m": 7.31, "width_max_m": 9.42, "verdict": "clear", "width_verified": false, "midpoint_fallback": false, "inherited": false, "route_usage": 2, "length_m": 10.9, "run_length_m": null, "nfa_designated": false, "cctv_dist_m": 61.7, "cv_feasible": false, "width_src": "ngii1k", "width_disagree_m": 0.19, "road_name": "동명로98번길", "seg_label": "동명로98번길 7-102", "road_side": "1", "road_bt_m": 7.0, "in_emd": false, "light_count": 0, "unknown_reason": null, "z": 32.2 }, "geometry": { "type": "LineString", "coordinates": [ [ 126.931643, 35.150144 ], [ 126.931763, 35.150136 ] ] } },
{ "type": "Feature", "properties": { "seg_uid": "DM-193791-283753-U6CJ", "seg_id": "DM02955", "seg_no": 17, "width_min_m": 6.85, "width_max_m": 47.18, "verdict": "unknown", "width_verified": false, "midpoint_fallback": false, "inherited": false, "route_usage": 2, "length_m": 18.5, "run_length_m": null, "nfa_designated": false, "cctv_dist_m": 72.6, "cv_feasible": false, "width_src": "ngii1k", "width_disagree_m": 0.01, "road_name": "동명로98번길", "seg_label": "동명로98번길 7-106", "road_side": "1", "road_bt_m": 7.0, "in_emd": false, "light_count": 0, "unknown_reason": "no_cctv", "z": 32.6 }, "geometry": { "type": "LineString", "coordinates": [ [ 126.931763, 35.150136 ], [ 126.931763, 35.150136 ], [ 126.931956, 35.150124 ], [ 126.931965, 35.150123 ] ] } },
{ "type": "Feature", "properties": { "seg_uid": "DM-193804-283752-U6CJ", "seg_id": "DM02956", "seg_no": 16, "width_min_m": 6.78, "width_max_m": null, "verdict": "unknown", "width_verified": false, "midpoint_fallback": false, "inherited": false, "route_usage": 2, "length_m": 7.0, "run_length_m": null, "nfa_designated": false, "cctv_dist_m": 91.1, "cv_feasible": false, "width_src": "ngii1k", "width_disagree_m": 0.02, "road_name": "동명로98번길", "seg_label": "동명로98번길 7-106", "road_side": "1", "road_bt_m": 7.0, "in_emd": false, "light_count": 0, "unknown_reason": "no_cctv", "z": 33.2 }, "geometry": { "type": "LineString", "coordinates": [ [ 126.931965, 35.150123 ], [ 126.932041, 35.150119 ] ] } },
{ "type": "Feature", "properties": { "seg_uid": "DM-193729-283739-U6CJ", "seg_id": "DM02957", "seg_no": 13, "width_min_m": 1.27, "width_max_m": 1.75, "verdict": "blocked", "width_verified": false, "midpoint_fallback": false, "inherited": false, "route_usage": 2, "length_m": 37.6, "run_length_m": 37.6, "nfa_designated": false, "cctv_dist_m": 21.6, "cv_feasible": true, "width_src": "ngii1k", "width_disagree_m": null, "road_name": "동명로98번길", "seg_label": "동명로98번길 7", "road_side": "1", "road_bt_m": 2.0, "in_emd": false, "light_count": 0, "unknown_reason": null, "z": 30.1 }, "geometry": { "type": "LineString", "coordinates": [ [ 126.931205, 35.150171 ], [ 126.931203, 35.150128 ], [ 126.931198, 35.150036 ], [ 126.931183, 35.150017 ], [ 126.931169, 35.149837 ] ] } },
{ "type": "Feature", "properties": { "seg_uid": "DM-193755-283729-U6CJ", "seg_id": "DM02958", "seg_no": 10, "width_min_m": 1.01, "width_max_m": 2.53, "verdict": "blocked", "width_verified": false, "midpoint_fallback": false, "inherited": false, "route_usage": 0, "length_m": 53.4, "run_length_m": 53.4, "nfa_designated": false, "cctv_dist_m": 47.2, "cv_feasible": false, "width_src": "ngii1k", "width_disagree_m": 0.89, "road_name": "동명로98번길", "seg_label": "동명로98번길 7", "road_side": "1", "road_bt_m": 2.0, "in_emd": false, "light_count": 0, "unknown_reason": null, "z": 30.4 }, "geometry": { "type": "LineString", "coordinates": [ [ 126.931491, 35.150153 ], [ 126.931484, 35.150112 ], [ 126.931474, 35.150038 ], [ 126.931456, 35.149823 ], [ 126.931468, 35.1498 ], [ 126.931444, 35.149677 ] ] } },
{ "type": "Feature", "properties": { "seg_uid": "DM-193781-283733-U6CJ", "seg_id": "DM02959", "seg_no": 14, "width_min_m": 0.92, "width_max_m": null, "verdict": "blocked", "width_verified": false, "midpoint_fallback": false, "inherited": false, "route_usage": 0, "length_m": 40.4, "run_length_m": 40.4, "nfa_designated": false, "cctv_dist_m": 72.4, "cv_feasible": false, "width_src": "ngii1k", "width_disagree_m": null, "road_name": "동명로98번길", "seg_label": "동명로98번길 7", "road_side": "1", "road_bt_m": 2.0, "in_emd": false, "light_count": 0, "unknown_reason": null, "z": 32.0 }, "geometry": { "type": "LineString", "coordinates": [ [ 126.931763, 35.150136 ], [ 126.931759, 35.150092 ], [ 126.931754, 35.150023 ], [ 126.931725, 35.149774 ] ] } },
{ "type": "Feature", "properties": { "seg_uid": "DM-193806-283736-U6CJ", "seg_id": "DM02960", "seg_no": 11, "width_min_m": 1.33, "width_max_m": null, "verdict": "blocked", "width_verified": false, "midpoint_fallback": false, "inherited": false, "route_usage": 0, "length_m": 30.0, "run_length_m": 30.0, "nfa_designated": false, "cctv_dist_m": 87.2, "cv_feasible": false, "width_src": "ngii1k", "width_disagree_m": 0.29, "road_name": "동명로98번길", "seg_label": "동명로98번길 7", "road_side": "1", "road_bt_m": 2.0, "in_emd": false, "light_count": 0, "unknown_reason": null, "z": 32.9 }, "geometry": { "type": "LineString", "coordinates": [ [ 126.932041, 35.150119 ], [ 126.932015, 35.149849 ] ] } },
{ "type": "Feature", "properties": { "seg_uid": "DM-193757-283653-A5GM", "seg_id": "DM02961", "seg_no": 14, "width_min_m": 1.94, "width_max_m": 5.15, "verdict": "unknown", "width_verified": false, "midpoint_fallback": false, "inherited": false, "route_usage": 32, "length_m": 22.0, "run_length_m": null, "nfa_designated": false, "cctv_dist_m": 26.3, "cv_feasible": false, "width_src": "ngii1k", "width_disagree_m": 0.26, "road_name": "지산로57번길", "seg_label": "지산로57번길 18", "road_side": "1", "road_bt_m": 3.0, "in_emd": false, "light_count": 0, "unknown_reason": "no_cctv", "z": 28.4 }, "geometry": { "type": "LineString", "coordinates": [ [ 126.931361, 35.149236 ], [ 126.931439, 35.149235 ], [ 126.931603, 35.149232 ] ] } },
{ "type": "Feature", "properties": { "seg_uid": "DM-193746-283664-A5GM", "seg_id": "DM02962", "seg_no": 17, "width_min_m": 1.0, "width_max_m": 1.44, "verdict": "blocked", "width_verified": false, "midpoint_fallback": false, "inherited": false, "route_usage": 0, "length_m": 21.4, "run_length_m": 59.3, "nfa_designated": false, "cctv_dist_m": 45.4, "cv_feasible": false, "width_src": "ngii1k", "width_disagree_m": null, "road_name": "지산로57번길", "seg_label": "지산로57번길 18", "road_side": "2", "road_bt_m": 1.0, "in_emd": false, "light_count": 0, "unknown_reason": null, "z": 28.4 }, "geometry": { "type": "LineString", "coordinates": [ [ 126.931361, 35.149236 ], [ 126.931362, 35.14927 ], [ 126.931369, 35.149325 ], [ 126.931381, 35.149428 ] ] } },
{ "type": "Feature", "properties": { "seg_uid": "DM-193768-283663-A5GM", "seg_id": "DM02963", "seg_no": 16, "width_min_m": 1.48, "width_max_m": 2.59, "verdict": "blocked", "width_verified": false, "midpoint_fallback": false, "inherited": false, "route_usage": 0, "length_m": 20.0, "run_length_m": 20.0, "nfa_designated": false, "cctv_dist_m": 26.3, "cv_feasible": false, "width_src": "ngii1k", "width_disagree_m": 0.02, "road_name": "지산로57번길", "seg_label": "지산로57번길 18", "road_side": "2", "road_bt_m": 2.0, "in_emd": false, "light_count": 0, "unknown_reason": null, "z": 29.2 }, "geometry": { "type": "LineString", "coordinates": [ [ 126.931603, 35.149232 ], [ 126.931606, 35.14927 ], [ 126.931615, 35.149413 ] ] } },
{ "type": "Feature", "properties": { "seg_uid": "DM-193720-283605-A5GM", "seg_id": "DM02966", "seg_no": 1, "width_min_m": 1.31, "width_max_m": 2.79, "verdict": "blocked", "width_verified": false, "midpoint_fallback": false, "inherited": false, "route_usage": 0, "length_m": 22.6, "run_length_m": 72.3, "nfa_designated": false, "cctv_dist_m": 55.4, "cv_feasible": false, "width_src": "ngii1k", "width_disagree_m": 0.79, "road_name": "지산로57번길", "seg_label": "지산로57번길 13-19", "road_side": "1", "road_bt_m": 2.0, "in_emd": false, "light_count": 7, "unknown_reason": null, "z": 26.8 }, "geometry": { "type": "LineString", "coordinates": [ [ 126.931174, 35.14874 ], [ 126.93116, 35.148764 ], [ 126.931114, 35.148788 ], [ 126.931033, 35.148811 ], [ 126.930985, 35.148814 ], [ 126.930958, 35.148817 ] ] } },
{ "type": "Feature", "properties": { "seg_uid": "DM-194203-283590-1AOQ", "seg_id": "DM02973", "seg_no": 3, "width_min_m": 5.27, "width_max_m": null, "verdict": "unknown", "width_verified": false, "midpoint_fallback": false, "inherited": false, "route_usage": 0, "length_m": 13.3, "run_length_m": null, "nfa_designated": false, "cctv_dist_m": 87.0, "cv_feasible": false, "width_src": "ngii1k", "width_disagree_m": 0.52, "road_name": "밤실로", "seg_label": "밤실로 7-11", "road_side": "1", "road_bt_m": 6.0, "in_emd": false, "light_count": 0, "unknown_reason": "no_cctv", "z": 42.6 }, "geometry": { "type": "LineString", "coordinates": [ [ 126.936454, 35.148662 ], [ 126.936308, 35.148673 ] ] } },
{ "type": "Feature", "properties": { "seg_uid": "DM-194211-283600-1AOQ", "seg_id": "DM02974", "seg_no": 4, "width_min_m": 2.72, "width_max_m": null, "verdict": "unknown", "width_verified": false, "midpoint_fallback": false, "inherited": false, "route_usage": 0, "length_m": 20.6, "run_length_m": null, "nfa_designated": false, "cctv_dist_m": 69.9, "cv_feasible": false, "width_src": "ngii1k", "width_disagree_m": 0.14, "road_name": "밤실로", "seg_label": "밤실로 11", "road_side": "1", "road_bt_m": 3.0, "in_emd": false, "light_count": 21, "unknown_reason": "no_cctv", "z": 43.1 }, "geometry": { "type": "LineString", "coordinates": [ [ 126.936454, 35.148662 ], [ 126.936476, 35.148847 ] ] } },
{ "type": "Feature", "properties": { "seg_uid": "DM-194182-283592-1AOQ", "seg_id": "DM02975", "seg_no": 5, "width_min_m": 4.82, "width_max_m": null, "verdict": "unknown", "width_verified": false, "midpoint_fallback": false, "inherited": false, "route_usage": 0, "length_m": 28.8, "run_length_m": null, "nfa_designated": false, "cctv_dist_m": 78.8, "cv_feasible": false, "width_src": "ngii1k", "width_disagree_m": 1.14, "road_name": "밤실로", "seg_label": "밤실로 7-11", "road_side": "1", "road_bt_m": 6.0, "in_emd": false, "light_count": 0, "unknown_reason": "no_cctv", "z": 42.1 }, "geometry": { "type": "LineString", "coordinates": [ [ 126.936308, 35.148673 ], [ 126.936298, 35.148674 ], [ 126.935994, 35.148695 ] ] } },
{ "type": "Feature", "properties": { "seg_uid": "DM-194166-283576-1AOQ", "seg_id": "DM02976", "seg_no": 2, "width_min_m": 2.07, "width_max_m": null, "verdict": "unknown", "width_verified": false, "midpoint_fallback": false, "inherited": false, "route_usage": 0, "length_m": 34.2, "run_length_m": null, "nfa_designated": false, "cctv_dist_m": 76.9, "cv_feasible": false, "width_src": "ngii1k", "width_disagree_m": 0.34, "road_name": "밤실로", "seg_label": "밤실로 11", "road_side": "1", "road_bt_m": 3.0, "in_emd": false, "light_count": 0, "unknown_reason": "no_cctv", "z": 41.6 }, "geometry": { "type": "LineString", "coordinates": [ [ 126.935994, 35.148695 ], [ 126.93596, 35.148395 ], [ 126.935959, 35.148388 ] ] } },
{ "type": "Feature", "properties": { "seg_uid": "DM-194300-283713-1AOQ", "seg_id": "DM02977", "seg_no": 11, "width_min_m": 12.8, "width_max_m": null, "verdict": "unknown", "width_verified": false, "midpoint_fallback": false, "inherited": false, "route_usage": 0, "length_m": 8.6, "run_length_m": null, "nfa_designated": false, "cctv_dist_m": 50.6, "cv_feasible": false, "width_src": "ngii1k", "width_disagree_m": 10.3, "road_name": "밤실로", "seg_label": "밤실로 3-24", "road_side": "1", "road_bt_m": 3.0, "in_emd": false, "light_count": 9, "unknown_reason": "no_cctv", "z": 46.1 }, "geometry": { "type": "LineString", "coordinates": [ [ 126.937398, 35.149777 ], [ 126.937492, 35.14977 ] ] } },
{ "type": "Feature", "properties": { "seg_uid": "DM-194349-283729-6CJO", "seg_id": "DM02978", "seg_no": 13, "width_min_m": 2.23, "width_max_m": null, "verdict": "needs_cv", "width_verified": false, "midpoint_fallback": false, "inherited": false, "route_usage": 0, "length_m": 16.3, "run_length_m": 407.1, "nfa_designated": true, "cctv_dist_m": 25.0, "cv_feasible": true, "width_src": "ngii1k", "width_disagree_m": 0.73, "road_name": "밤실로4번안길", "seg_label": "밤실로4번안길 19", "road_side": "1", "road_bt_m": 3.0, "in_emd": false, "light_count": 0, "unknown_reason": null, "z": 46.4 }, "geometry": { "type": "LineString", "coordinates": [ [ 126.937906, 35.149876 ], [ 126.93798, 35.149916 ], [ 126.938057, 35.149954 ] ] } },
{ "type": "Feature", "properties": { "seg_uid": "DM-194335-283733-6CJO", "seg_id": "DM02979", "seg_no": 12, "width_min_m": 2.01, "width_max_m": null, "verdict": "needs_cv", "width_verified": false, "midpoint_fallback": false, "inherited": false, "route_usage": 0, "length_m": 22.2, "run_length_m": 407.1, "nfa_designated": true, "cctv_dist_m": 25.0, "cv_feasible": true, "width_src": "ngii1k", "width_disagree_m": 1.21, "road_name": "밤실로4번안길", "seg_label": "밤실로4번안길 19", "road_side": "1", "road_bt_m": 3.0, "in_emd": false, "light_count": 0, "unknown_reason": null, "z": 45.8 }, "geometry": { "type": "LineString", "coordinates": [ [ 126.937906, 35.149876 ], [ 126.937761, 35.150036 ] ] } },
{ "type": "Feature", "properties": { "seg_uid": "DM-194349-283742-6CJO", "seg_id": "DM02980", "seg_no": 15, "width_min_m": 1.55, "width_max_m": null, "verdict": "unknown", "width_verified": false, "midpoint_fallback": false, "inherited": false, "route_usage": 0, "length_m": 23.8, "run_length_m": null, "nfa_designated": false, "cctv_dist_m": 26.2, "cv_feasible": false, "width_src": "ngii1k", "width_disagree_m": 0.15, "road_name": "밤실로4번안길", "seg_label": "밤실로4번안길 19", "road_side": "1", "road_bt_m": 3.0, "in_emd": false, "light_count": 0, "unknown_reason": "no_cctv", "z": 46.1 }, "geometry": { "type": "LineString", "coordinates": [ [ 126.938057, 35.149954 ], [ 126.938016, 35.150001 ], [ 126.937902, 35.150126 ] ] } },
{ "type": "Feature", "properties": { "seg_uid": "DM-194362-283734-6CJO", "seg_id": "DM02981", "seg_no": 14, "width_min_m": 1.18, "width_max_m": null, "verdict": "unknown", "width_verified": false, "midpoint_fallback": false, "inherited": false, "route_usage": 0, "length_m": 18.0, "run_length_m": null, "nfa_designated": false, "cctv_dist_m": 27.3, "cv_feasible": false, "width_src": "ngii1k", "width_disagree_m": 0.32, "road_name": "밤실로4번안길", "seg_label": "밤실로4번안길 19", "road_side": "1", "road_bt_m": 3.0, "in_emd": false, "light_count": 0, "unknown_reason": "no_cctv", "z": 46.3 }, "geometry": { "type": "LineString", "coordinates": [ [ 126.938057, 35.149954 ], [ 126.938068, 35.149958 ], [ 126.938081, 35.149938 ], [ 126.938217, 35.150003 ] ] } },
{ "type": "Feature", "properties": { "seg_uid": "DM-193954-283767-S9D5", "seg_id": "DM03024", "seg_no": 19, "width_min_m": 9.12, "width_max_m": null, "verdict": "clear", "width_verified": false, "midpoint_fallback": false, "inherited": false, "route_usage": 107, "length_m": 34.9, "run_length_m": null, "nfa_designated": false, "cctv_dist_m": 55.9, "cv_feasible": false, "width_src": "ngii1k", "width_disagree_m": 5.51, "road_name": "지산로", "seg_label": "지산로 3-74", "road_side": "1", "road_bt_m": 6.0, "in_emd": false, "light_count": 0, "unknown_reason": null, "z": 36.1 }, "geometry": { "type": "LineString", "coordinates": [ [ 126.933463, 35.150268 ], [ 126.933845, 35.150243 ] ] } },
{ "type": "Feature", "properties": { "seg_uid": "DM-193940-283862-S9D5", "seg_id": "DM03025", "seg_no": 25, "width_min_m": 3.37, "width_max_m": null, "verdict": "needs_cv", "width_verified": false, "midpoint_fallback": false, "inherited": false, "route_usage": 0, "length_m": 50.1, "run_length_m": 120.6, "nfa_designated": true, "cctv_dist_m": 11.2, "cv_feasible": true, "width_src": "ngii1k", "width_disagree_m": 0.17, "road_name": "지산로", "seg_label": "지산로 82-86", "road_side": "2", "road_bt_m": 4.0, "in_emd": false, "light_count": 5, "unknown_reason": null, "z": 31.7 }, "geometry": { "type": "LineString", "coordinates": [ [ 126.933488, 35.150889 ], [ 126.933494, 35.150942 ], [ 126.933494, 35.150954 ], [ 126.933505, 35.15134 ] ] } },
{ "type": "Feature", "properties": { "seg_uid": "DM-193834-283866-2K9Y", "seg_id": "DM03026", "seg_no": 2, "width_min_m": 0.9, "width_max_m": null, "verdict": "blocked", "width_verified": false, "midpoint_fallback": false, "inherited": false, "route_usage": 0, "length_m": 36.0, "run_length_m": 137.5, "nfa_designated": true, "cctv_dist_m": 72.4, "cv_feasible": false, "width_src": "ngii1k", "width_disagree_m": 0.42, "road_name": "지산로85번길", "seg_label": "지산로85번길 11-105", "road_side": "1", "road_bt_m": 2.0, "in_emd": false, "light_count": 0, "unknown_reason": null, "z": 30.1 }, "geometry": { "type": "LineString", "coordinates": [ [ 126.932132, 35.151159 ], [ 126.932147, 35.151158 ], [ 126.932176, 35.151157 ], [ 126.932336, 35.151147 ], [ 126.932355, 35.151303 ] ] } },
{ "type": "Feature", "properties": { "seg_uid": "DM-193727-283869-LRZT", "seg_id": "DM03027", "seg_no": 23, "width_min_m": 2.27, "width_max_m": null, "verdict": "unknown", "width_verified": false, "midpoint_fallback": false, "inherited": false, "route_usage": 0, "length_m": 30.8, "run_length_m": null, "nfa_designated": false, "cctv_dist_m": 60.3, "cv_feasible": false, "width_src": "ngii1k", "width_disagree_m": 0.99, "road_name": "필문대로", "seg_label": "필문대로 15-217", "road_side": "1", "road_bt_m": 3.0, "in_emd": false, "light_count": 11, "unknown_reason": "no_cctv", "z": 27.9 }, "geometry": { "type": "LineString", "coordinates": [ [ 126.930999, 35.151228 ], [ 126.931316, 35.151133 ] ] } },
{ "type": "Feature", "properties": { "seg_uid": "DM-193719-283893-LRZT", "seg_id": "DM03028", "seg_no": 25, "width_min_m": 1.26, "width_max_m": null, "verdict": "blocked", "width_verified": false, "midpoint_fallback": false, "inherited": false, "route_usage": 0, "length_m": 39.0, "run_length_m": 39.0, "nfa_designated": false, "cctv_dist_m": 41.7, "cv_feasible": false, "width_src": "ngii1k", "width_disagree_m": 0.67, "road_name": "필문대로", "seg_label": "필문대로 217", "road_side": "2", "road_bt_m": 1.0, "in_emd": false, "light_count": 11, "unknown_reason": null, "z": 26.9 }, "geometry": { "type": "LineString", "coordinates": [ [ 126.930999, 35.151228 ], [ 126.931133, 35.151562 ] ] } },
{ "type": "Feature", "properties": { "seg_uid": "DM-193811-284044-6RMT", "seg_id": "DM03029", "seg_no": 31, "width_min_m": 2.51, "width_max_m": null, "verdict": "unknown", "width_verified": false, "midpoint_fallback": false, "inherited": false, "route_usage": 0, "length_m": 19.6, "run_length_m": null, "nfa_designated": false, "cctv_dist_m": 68.7, "cv_feasible": false, "width_src": "ngii1k", "width_disagree_m": 0.19, "road_name": "필문대로205번길", "seg_label": "필문대로205번길 5", "road_side": "1", "road_bt_m": 3.0, "in_emd": false, "light_count": 0, "unknown_reason": "no_cctv", "z": 23.2 }, "geometry": { "type": "LineString", "coordinates": [ [ 126.93197, 35.152785 ], [ 126.932174, 35.152727 ] ] } },
{ "type": "Feature", "properties": { "seg_uid": "DM-193850-284010-6RMT", "seg_id": "DM03030", "seg_no": 23, "width_min_m": 6.12, "width_max_m": null, "verdict": "needs_cv", "width_verified": false, "midpoint_fallback": false, "inherited": false, "route_usage": 0, "length_m": 28.6, "run_length_m": 80.1, "nfa_designated": false, "cctv_dist_m": 21.0, "cv_feasible": true, "width_src": "ngii1k", "width_disagree_m": 0.5, "road_name": "필문대로205번길", "seg_label": "필문대로205번길 11", "road_side": "1", "road_bt_m": 5.0, "in_emd": false, "light_count": 0, "unknown_reason": null, "z": 24.5 }, "geometry": { "type": "LineString", "coordinates": [ [ 126.93246, 35.152323 ], [ 126.932529, 35.152493 ], [ 126.932559, 35.152567 ] ] } },
{ "type": "Feature", "properties": { "seg_uid": "DM-193834-284000-6RMT", "seg_id": "DM03031", "seg_no": 19, "width_min_m": 2.45, "width_max_m": null, "verdict": "needs_cv", "width_verified": false, "midpoint_fallback": false, "inherited": false, "route_usage": 0, "length_m": 25.8, "run_length_m": 80.1, "nfa_designated": false, "cctv_dist_m": 21.0, "cv_feasible": true, "width_src": "ngii1k", "width_disagree_m": 0.65, "road_name": "필문대로205번길", "seg_label": "필문대로205번길 11", "road_side": "1", "road_bt_m": 3.0, "in_emd": false, "light_count": 0, "unknown_reason": null, "z": 24.2 }, "geometry": { "type": "LineString", "coordinates": [ [ 126.93246, 35.152323 ], [ 126.93219, 35.152395 ] ] } },
{ "type": "Feature", "properties": { "seg_uid": "DM-193849-284025-6RMT", "seg_id": "DM03032", "seg_no": 25, "width_min_m": 2.47, "width_max_m": null, "verdict": "blocked", "width_verified": false, "midpoint_fallback": false, "inherited": false, "route_usage": 0, "length_m": 12.9, "run_length_m": 12.9, "nfa_designated": false, "cctv_dist_m": 49.2, "cv_feasible": false, "width_src": "ngii1k", "width_disagree_m": 0.57, "road_name": "필문대로205번길", "seg_label": "필문대로205번길 11", "road_side": "1", "road_bt_m": 2.0, "in_emd": false, "light_count": 0, "unknown_reason": null, "z": 24.2 }, "geometry": { "type": "LineString", "coordinates": [ [ 126.932559, 35.152567 ], [ 126.932526, 35.152576 ], [ 126.932425, 35.152604 ] ] } },
{ "type": "Feature", "properties": { "seg_uid": "DM-192442-284309-D6CG", "seg_id": "DM03128", "seg_no": 5, "width_min_m": 1.19, "width_max_m": null, "verdict": "blocked", "width_verified": false, "midpoint_fallback": false, "inherited": false, "route_usage": 0, "length_m": 45.4, "run_length_m": 82.9, "nfa_designated": false, "cctv_dist_m": 77.0, "cv_feasible": false, "width_src": "ngii1k", "width_disagree_m": 0.51, "road_name": "동계천로43번길", "seg_label": "동계천로43번길 1-5", "road_side": "1", "road_bt_m": 2.0, "in_emd": false, "light_count": 0, "unknown_reason": null, "z": 7.8 }, "geometry": { "type": "LineString", "coordinates": [ [ 126.916979, 35.154943 ], [ 126.917002, 35.155001 ], [ 126.917073, 35.155212 ], [ 126.917118, 35.155336 ] ] } },
{ "type": "Feature", "properties": { "seg_uid": "DM-192424-284303-D6CG", "seg_id": "DM03129", "seg_no": 4, "width_min_m": 1.5, "width_max_m": null, "verdict": "blocked", "width_verified": false, "midpoint_fallback": false, "inherited": false, "route_usage": 0, "length_m": 37.5, "run_length_m": 82.9, "nfa_designated": false, "cctv_dist_m": 68.1, "cv_feasible": false, "width_src": "ngii1k", "width_disagree_m": null, "road_name": "동계천로43번길", "seg_label": "동계천로43번길 1", "road_side": "2", "road_bt_m": 2.0, "in_emd": false, "light_count": 0, "unknown_reason": null, "z": 8.0 }, "geometry": { "type": "LineString", "coordinates": [ [ 126.916979, 35.154943 ], [ 126.916952, 35.154968 ], [ 126.91693, 35.154988 ], [ 126.916901, 35.155016 ], [ 126.916841, 35.155097 ], [ 126.916843, 35.155118 ], [ 126.916855, 35.155135 ], [ 126.916881, 35.155153 ], [ 126.916922, 35.155175 ], [ 126.916954, 35.155201 ] ] } },
{ "type": "Feature", "properties": { "seg_uid": "DM-193441-284128-MCQE", "seg_id": "DM03151", "seg_no": 5, "width_min_m": 1.88, "width_max_m": null, "verdict": "blocked", "width_verified": false, "midpoint_fallback": false, "inherited": false, "route_usage": 0, "length_m": 28.0, "run_length_m": 91.7, "nfa_designated": false, "cctv_dist_m": 48.4, "cv_feasible": false, "width_src": "ngii1k", "width_disagree_m": 0.06, "road_name": "필문대로192번길", "seg_label": "필문대로192번길 32", "road_side": "1", "road_bt_m": 2.0, "in_emd": false, "light_count": 0, "unknown_reason": null, "z": 18.3 }, "geometry": { "type": "LineString", "coordinates": [ [ 126.927912, 35.153454 ], [ 126.92803, 35.153489 ], [ 126.927965, 35.153629 ] ] } },
{ "type": "Feature", "properties": { "seg_uid": "DM-193604-284082-KCLM", "seg_id": "DM03152", "seg_no": 13, "width_min_m": 1.11, "width_max_m": null, "verdict": "blocked", "width_verified": false, "midpoint_fallback": false, "inherited": false, "route_usage": 0, "length_m": 49.8, "run_length_m": 49.8, "nfa_designated": false, "cctv_dist_m": 42.8, "cv_feasible": false, "width_src": "ngii1k", "width_disagree_m": 0.93, "road_name": "필문대로206번길", "seg_label": "필문대로206번길 12", "road_side": "1", "road_bt_m": 2.0, "in_emd": false, "light_count": 0, "unknown_reason": null, "z": 19.7 }, "geometry": { "type": "LineString", "coordinates": [ [ 126.929532, 35.153066 ], [ 126.929828, 35.153099 ], [ 126.929818, 35.153177 ], [ 126.929865, 35.153296 ] ] } },
{ "type": "Feature", "properties": { "seg_uid": "DM-193650-284071-KCLM", "seg_id": "DM03153", "seg_no": 9, "width_min_m": 9.55, "width_max_m": null, "verdict": "clear", "width_verified": false, "midpoint_fallback": false, "inherited": false, "route_usage": 0, "length_m": 17.3, "run_length_m": null, "nfa_designated": false, "cctv_dist_m": 35.6, "cv_feasible": false, "width_src": "ngii1k", "width_disagree_m": 0.06, "road_name": "필문대로206번길", "seg_label": "필문대로206번길 6", "road_side": "1", "road_bt_m": 9.0, "in_emd": false, "light_count": 0, "unknown_reason": null, "z": 19.8 }, "geometry": { "type": "LineString", "coordinates": [ [ 126.930277, 35.15292 ], [ 126.930303, 35.152987 ], [ 126.930335, 35.153069 ] ] } },
{ "type": "Feature", "properties": { "seg_uid": "DM-193653-284060-KCLM", "seg_id": "DM03154", "seg_no": 7, "width_min_m": 1.7, "width_max_m": null, "verdict": "blocked", "width_verified": false, "midpoint_fallback": false, "inherited": false, "route_usage": 0, "length_m": 13.1, "run_length_m": 13.1, "nfa_designated": false, "cctv_dist_m": 35.0, "cv_feasible": false, "width_src": "silpok", "width_disagree_m": null, "road_name": "필문대로206번길", "seg_label": "필문대로206번길 6", "road_side": "1", "road_bt_m": 2.0, "in_emd": false, "light_count": 0, "unknown_reason": null, "z": 19.8 }, "geometry": { "type": "LineString", "coordinates": [ [ 126.930277, 35.15292 ], [ 126.930411, 35.152878 ] ] } },
{ "type": "Feature", "properties": { "seg_uid": "DM-193655-284088-KCLM", "seg_id": "DM03155", "seg_no": 12, "width_min_m": 9.16, "width_max_m": null, "verdict": "clear", "width_verified": false, "midpoint_fallback": false, "inherited": false, "route_usage": 0, "length_m": 18.3, "run_length_m": null, "nfa_designated": false, "cctv_dist_m": 52.8, "cv_feasible": false, "width_src": "ngii1k", "width_disagree_m": 0.27, "road_name": "필문대로206번길", "seg_label": "필문대로206번길 6", "road_side": "1", "road_bt_m": 9.0, "in_emd": false, "light_count": 0, "unknown_reason": null, "z": 19.8 }, "geometry": { "type": "LineString", "coordinates": [ [ 126.930335, 35.153069 ], [ 126.930372, 35.153161 ], [ 126.930397, 35.153225 ] ] } },
{ "type": "Feature", "properties": { "seg_uid": "DM-193659-284077-KCLM", "seg_id": "DM03156", "seg_no": 10, "width_min_m": 1.03, "width_max_m": null, "verdict": "blocked", "width_verified": false, "midpoint_fallback": false, "inherited": false, "route_usage": 0, "length_m": 14.5, "run_length_m": 14.5, "nfa_designated": false, "cctv_dist_m": 52.5, "cv_feasible": false, "width_src": "silpok", "width_disagree_m": null, "road_name": "필문대로206번길", "seg_label": "필문대로206번길 6", "road_side": "1", "road_bt_m": 2.0, "in_emd": false, "light_count": 18, "unknown_reason": null, "z": 19.9 }, "geometry": { "type": "LineString", "coordinates": [ [ 126.930335, 35.153069 ], [ 126.930487, 35.153028 ] ] } },
{ "type": "Feature", "properties": { "seg_uid": "DM-193644-284101-KCLM", "seg_id": "DM03158", "seg_no": 14, "width_min_m": 1.1, "width_max_m": null, "verdict": "blocked", "width_verified": false, "midpoint_fallback": false, "inherited": false, "route_usage": 0, "length_m": 28.7, "run_length_m": 28.7, "nfa_designated": false, "cctv_dist_m": 62.1, "cv_feasible": false, "width_src": "silpok", "width_disagree_m": 0.46, "road_name": "필문대로206번길", "seg_label": "필문대로206번길 6", "road_side": "1", "road_bt_m": 1.0, "in_emd": false, "light_count": 0, "unknown_reason": null, "z": 19.6 }, "geometry": { "type": "LineString", "coordinates": [ [ 126.930397, 35.153225 ], [ 126.930097, 35.153304 ] ] } },
{ "type": "Feature", "properties": { "seg_uid": "DM-193653-284120-KCLM", "seg_id": "DM03160", "seg_no": 15, "width_min_m": 1.08, "width_max_m": null, "verdict": "unknown", "width_verified": false, "midpoint_fallback": false, "inherited": false, "route_usage": 0, "length_m": 28.8, "run_length_m": null, "nfa_designated": false, "cctv_dist_m": 52.4, "cv_feasible": false, "width_src": "ngii1k", "width_disagree_m": 1.23, "road_name": "필문대로206번길", "seg_label": "필문대로206번길 6", "road_side": "1", "road_bt_m": 3.0, "in_emd": false, "light_count": 0, "unknown_reason": "no_cctv", "z": 19.6 }, "geometry": { "type": "LineString", "coordinates": [ [ 126.930497, 35.15348 ], [ 126.930447, 35.153471 ], [ 126.930195, 35.153403 ] ] } },
{ "type": "Feature", "properties": { "seg_uid": "DM-193582-283870-6Z8Q", "seg_id": "DM03164", "seg_no": 43, "width_min_m": 8.96, "width_max_m": 10.59, "verdict": "clear", "width_verified": false, "midpoint_fallback": false, "inherited": false, "route_usage": 0, "length_m": 57.0, "run_length_m": null, "nfa_designated": false, "cctv_dist_m": 50.8, "cv_feasible": false, "width_src": "ngii1k", "width_disagree_m": null, "road_name": "동명로", "seg_label": "동명로 81", "road_side": "1", "road_bt_m": 9.0, "in_emd": false, "light_count": 0, "unknown_reason": null, "z": 26.8 }, "geometry": { "type": "LineString", "coordinates": [ [ 126.929681, 35.151426 ], [ 126.929634, 35.151326 ], [ 126.929458, 35.150946 ] ] } },
{ "type": "Feature", "properties": { "seg_uid": "DM-193597-283883-6Z8Q", "seg_id": "DM03165", "seg_no": 44, "width_min_m": 1.71, "width_max_m": 10.85, "verdict": "unknown", "width_verified": false, "midpoint_fallback": false, "inherited": false, "route_usage": 0, "length_m": 17.6, "run_length_m": null, "nfa_designated": false, "cctv_dist_m": 51.0, "cv_feasible": false, "width_src": "silpok", "width_disagree_m": null, "road_name": "동명로", "seg_label": "동명로 81", "road_side": "1", "road_bt_m": 2.0, "in_emd": false, "light_count": 0, "unknown_reason": "no_cctv", "z": 26.4 }, "geometry": { "type": "LineString", "coordinates": [ [ 126.929634, 35.151326 ], [ 126.92982, 35.151283 ] ] } },
{ "type": "Feature", "properties": { "seg_uid": "DM-193599-283895-6Z8Q", "seg_id": "DM03166", "seg_no": 47, "width_min_m": 1.39, "width_max_m": null, "verdict": "blocked", "width_verified": false, "midpoint_fallback": false, "inherited": false, "route_usage": 0, "length_m": 13.2, "run_length_m": 13.2, "nfa_designated": false, "cctv_dist_m": 51.3, "cv_feasible": false, "width_src": "silpok", "width_disagree_m": null, "road_name": "동명로", "seg_label": "동명로 81", "road_side": "1", "road_bt_m": 1.5, "in_emd": false, "light_count": 0, "unknown_reason": null, "z": 26.0 }, "geometry": { "type": "LineString", "coordinates": [ [ 126.929681, 35.151426 ], [ 126.929818, 35.151389 ] ] } },
{ "type": "Feature", "properties": { "seg_uid": "DM-193619-283976-VV63", "seg_id": "DM03167", "seg_no": 6, "width_min_m": 9.29, "width_max_m": null, "verdict": "clear", "width_verified": false, "midpoint_fallback": false, "inherited": false, "route_usage": 0, "length_m": 21.6, "run_length_m": null, "nfa_designated": false, "cctv_dist_m": 44.9, "cv_feasible": false, "width_src": "ngii1k", "width_disagree_m": 0.02, "road_name": "필문대로218번길", "seg_label": "필문대로218번길 2", "road_side": "1", "road_bt_m": 10.0, "in_emd": false, "light_count": 0, "unknown_reason": null, "z": 22.3 }, "geometry": { "type": "LineString", "coordinates": [ [ 126.929937, 35.152049 ], [ 126.929942, 35.152062 ], [ 126.93001, 35.152234 ] ] } },
{ "type": "Feature", "properties": { "seg_uid": "DM-193602-283971-VV63", "seg_id": "DM03168", "seg_no": 8, "width_min_m": 1.35, "width_max_m": null, "verdict": "blocked", "width_verified": false, "midpoint_fallback": false, "inherited": false, "route_usage": 0, "length_m": 30.0, "run_length_m": 168.3, "nfa_designated": true, "cctv_dist_m": 66.4, "cv_feasible": false, "width_src": "ngii1k", "width_disagree_m": 0.61, "road_name": "필문대로218번길", "seg_label": "필문대로218번길", "road_side": "1", "road_bt_m": 2.0, "in_emd": false, "light_count": 0, "unknown_reason": null, "z": 22.7 }, "geometry": { "type": "LineString", "coordinates": [ [ 126.929937, 35.152049 ], [ 126.929627, 35.152138 ] ] } },
{ "type": "Feature", "properties": { "seg_uid": "DM-193629-283984-VV63", "seg_id": "DM03169", "seg_no": 10, "width_min_m": 0.8, "width_max_m": null, "verdict": "blocked", "width_verified": false, "midpoint_fallback": false, "inherited": false, "route_usage": 0, "length_m": 13.8, "run_length_m": 13.8, "nfa_designated": false, "cctv_dist_m": 44.7, "cv_feasible": false, "width_src": "silpok", "width_disagree_m": null, "road_name": "필문대로218번길", "seg_label": "필문대로218번길 2", "road_side": "1", "road_bt_m": 1.0, "in_emd": false, "light_count": 0, "unknown_reason": null, "z": 22.4 }, "geometry": { "type": "LineString", "coordinates": [ [ 126.93001, 35.152234 ], [ 126.930153, 35.152194 ] ] } },
{ "type": "Feature", "properties": { "seg_uid": "DM-193598-284008-VV63", "seg_id": "DM03170", "seg_no": 11, "width_min_m": 1.04, "width_max_m": null, "verdict": "blocked", "width_verified": false, "midpoint_fallback": false, "inherited": false, "route_usage": 0, "length_m": 67.7, "run_length_m": 168.3, "nfa_designated": true, "cctv_dist_m": 42.9, "cv_feasible": false, "width_src": "ngii1k", "width_disagree_m": 0.65, "road_name": "필문대로218번길", "seg_label": "필문대로218번길 2-6", "road_side": "1", "road_bt_m": 2.0, "in_emd": false, "light_count": 0, "unknown_reason": null, "z": 21.1 }, "geometry": { "type": "LineString", "coordinates": [ [ 126.929627, 35.152138 ], [ 126.929761, 35.152479 ], [ 126.929596, 35.152571 ], [ 126.929499, 35.152607 ] ] } },
{ "type": "Feature", "properties": { "seg_uid": "DM-193638-283937-LRZT", "seg_id": "DM03171", "seg_no": 30, "width_min_m": 1.1, "width_max_m": null, "verdict": "blocked", "width_verified": false, "midpoint_fallback": false, "inherited": false, "route_usage": 0, "length_m": 54.4, "run_length_m": 89.2, "nfa_designated": false, "cctv_dist_m": 65.4, "cv_feasible": false, "width_src": "ngii1k", "width_disagree_m": 0.85, "road_name": "필문대로", "seg_label": "필문대로 216-222", "road_side": "1", "road_bt_m": 2.0, "in_emd": false, "light_count": 0, "unknown_reason": null, "z": 24.4 }, "geometry": { "type": "LineString", "coordinates": [ [ 126.930219, 35.151607 ], [ 126.930123, 35.151634 ], [ 126.93012, 35.151635 ], [ 126.930278, 35.152019 ] ] } },
{ "type": "Feature", "properties": { "seg_uid": "DM-193504-283742-LRZT", "seg_id": "DM03191", "seg_no": 17, "width_min_m": 5.4, "width_max_m": 20.22, "verdict": "needs_cv", "width_verified": false, "midpoint_fallback": false, "inherited": false, "route_usage": 11, "length_m": 3.1, "run_length_m": 200.4, "nfa_designated": true, "cctv_dist_m": 13.6, "cv_feasible": true, "width_src": "ngii1k", "width_disagree_m": 7.99, "road_name": "필문대로", "seg_label": "필문대로 11-242", "road_side": "1", "road_bt_m": 7.0, "in_emd": true, "light_count": 0, "unknown_reason": null, "z": 27.7 }, "geometry": { "type": "LineString", "coordinates": [ [ 126.928731, 35.150024 ], [ 126.928698, 35.15003 ] ] } },
{ "type": "Feature", "properties": { "seg_uid": "DM-193515-283719-LRZT", "seg_id": "DM03192", "seg_no": 14, "width_min_m": 1.24, "width_max_m": 4.34, "verdict": "needs_cv", "width_verified": false, "midpoint_fallback": false, "inherited": false, "route_usage": 7, "length_m": 47.7, "run_length_m": 200.4, "nfa_designated": true, "cctv_dist_m": 15.9, "cv_feasible": true, "width_src": "ngii1k", "width_disagree_m": 1.15, "road_name": "필문대로", "seg_label": "필문대로 238-242", "road_side": "1", "road_bt_m": 2.0, "in_emd": true, "light_count": 0, "unknown_reason": null, "z": 27.1 }, "geometry": { "type": "LineString", "coordinates": [ [ 126.92888, 35.149618 ], [ 126.928874, 35.149622 ], [ 126.928834, 35.149833 ], [ 126.928809, 35.149902 ], [ 126.928763, 35.149979 ], [ 126.928731, 35.150024 ] ] } },
{ "type": "Feature", "properties": { "seg_uid": "DM-193507-283697-LRZT", "seg_id": "DM03193", "seg_no": 13, "width_min_m": 1.36, "width_max_m": 4.59, "verdict": "needs_cv", "width_verified": false, "midpoint_fallback": false, "inherited": false, "route_usage": 2, "length_m": 25.3, "run_length_m": 200.4, "nfa_designated": true, "cctv_dist_m": 18.6, "cv_feasible": true, "width_src": "ngii1k", "width_disagree_m": 13.09, "road_name": "필문대로", "seg_label": "필문대로 242", "road_side": "2", "road_bt_m": 2.0, "in_emd": true, "light_count": 0, "unknown_reason": null, "z": 26.2 }, "geometry": { "type": "LineString", "coordinates": [ [ 126.92888, 35.149618 ], [ 126.92879, 35.149622 ], [ 126.928719, 35.149627 ], [ 126.928603, 35.149629 ] ] } },
{ "type": "Feature", "properties": { "seg_uid": "DM-193325-283336-1GLE", "seg_id": "DM03194", "seg_no": 5, "width_min_m": 1.78, "width_max_m": 4.41, "verdict": "unknown", "width_verified": false, "midpoint_fallback": false, "inherited": false, "route_usage": 0, "length_m": 36.0, "run_length_m": null, "nfa_designated": false, "cctv_dist_m": 94.2, "cv_feasible": false, "width_src": "ngii1k", "width_disagree_m": 0.28, "road_name": "백서로", "seg_label": "백서로 210-216", "road_side": "1", "road_bt_m": 2.0, "in_emd": true, "light_count": 0, "unknown_reason": "no_cctv", "z": 19.6 }, "geometry": { "type": "LineString", "coordinates": [ [ 126.926602, 35.14627 ], [ 126.926625, 35.146281 ], [ 126.926685, 35.146313 ], [ 126.926703, 35.146325 ], [ 126.926752, 35.146362 ], [ 126.926751, 35.146366 ], [ 126.926739, 35.14639 ], [ 126.926737, 35.146399 ], [ 126.926748, 35.146423 ], [ 126.926838, 35.146498 ] ] } },
{ "type": "Feature", "properties": { "seg_uid": "DM-193295-283333-1GLE", "seg_id": "DM03195", "seg_no": 4, "width_min_m": 1.29, "width_max_m": 3.62, "verdict": "unknown", "width_verified": false, "midpoint_fallback": false, "inherited": false, "route_usage": 0, "length_m": 39.4, "run_length_m": null, "nfa_designated": false, "cctv_dist_m": 87.5, "cv_feasible": false, "width_src": "ngii1k", "width_disagree_m": 0.21, "road_name": "백서로", "seg_label": "백서로 210", "road_side": "1", "road_bt_m": 2.0, "in_emd": false, "light_count": 0, "unknown_reason": "no_cctv", "z": 18.3 }, "geometry": { "type": "LineString", "coordinates": [ [ 126.926258, 35.146384 ], [ 126.926258, 35.146384 ], [ 126.92627, 35.146387 ], [ 126.92634, 35.146421 ], [ 126.926376, 35.146385 ], [ 126.926403, 35.14636 ], [ 126.926434, 35.146335 ], [ 126.926455, 35.146321 ], [ 126.926497, 35.146296 ], [ 126.926545, 35.146272 ], [ 126.926567, 35.146261 ], [ 126.9266, 35.146269 ], [ 126.926602, 35.14627 ] ] } },
{ "type": "Feature", "properties": { "seg_uid": "DM-193274-283334-1GLE", "seg_id": "DM03196", "seg_no": 3, "width_min_m": 1.38, "width_max_m": 4.29, "verdict": "unknown", "width_verified": false, "midpoint_fallback": false, "inherited": false, "route_usage": 0, "length_m": 14.9, "run_length_m": null, "nfa_designated": false, "cctv_dist_m": 75.7, "cv_feasible": false, "width_src": "ngii1k", "width_disagree_m": 0.62, "road_name": "백서로", "seg_label": "백서로 210", "road_side": "2", "road_bt_m": 1.872, "in_emd": false, "light_count": 0, "unknown_reason": "no_cctv", "z": 17.8 }, "geometry": { "type": "LineString", "coordinates": [ [ 126.926258, 35.146384 ], [ 126.92612, 35.146312 ] ] } },
{ "type": "Feature", "properties": { "seg_uid": "DM-193315-283315-1GLE", "seg_id": "DM03197", "seg_no": 2, "width_min_m": 0.72, "width_max_m": 14.36, "verdict": "unknown", "width_verified": false, "midpoint_fallback": false, "inherited": false, "route_usage": 0, "length_m": 23.2, "run_length_m": null, "nfa_designated": false, "cctv_dist_m": 78.3, "cv_feasible": false, "width_src": "ngii1k", "width_disagree_m": 0.26, "road_name": "백서로", "seg_label": "백서로 210", "road_side": "2", "road_bt_m": 1.448, "in_emd": false, "light_count": 0, "unknown_reason": "no_cctv", "z": 19.2 }, "geometry": { "type": "LineString", "coordinates": [ [ 126.926602, 35.14627 ], [ 126.92665, 35.146184 ], [ 126.92653, 35.146125 ] ] } },
{ "type": "Feature", "properties": { "seg_uid": "DM-193154-283600-GO22", "seg_id": "DM03214", "seg_no": 15, "width_min_m": 8.0, "width_max_m": 9.82, "verdict": "clear", "width_verified": false, "midpoint_fallback": false, "inherited": false, "route_usage": 1, "length_m": 109.3, "run_length_m": null, "nfa_designated": false, "cctv_dist_m": 18.4, "cv_feasible": true, "width_src": "ngii1k", "width_disagree_m": 0.46, "road_name": "장동로", "seg_label": "장동로 23", "road_side": "1", "road_bt_m": 8.0, "in_emd": true, "light_count": 0, "unknown_reason": null, "z": 17.6 }, "geometry": { "type": "LineString", "coordinates": [ [ 126.924616, 35.148371 ], [ 126.924937, 35.148693 ], [ 126.924437, 35.149086 ] ] } },
{ "type": "Feature", "properties": { "seg_uid": "DM-193113-283579-GO22", "seg_id": "DM03215", "seg_no": 11, "width_min_m": 1.63, "width_max_m": 2.27, "verdict": "blocked", "width_verified": false, "midpoint_fallback": false, "inherited": false, "route_usage": 0, "length_m": 55.1, "run_length_m": 55.1, "nfa_designated": false, "cctv_dist_m": 63.5, "cv_feasible": false, "width_src": "ngii1k", "width_disagree_m": null, "road_name": "장동로", "seg_label": "장동로 23", "road_side": "1", "road_bt_m": 2.0, "in_emd": false, "light_count": 0, "unknown_reason": null, "z": 16.9 }, "geometry": { "type": "LineString", "coordinates": [ [ 126.924616, 35.148371 ], [ 126.92443, 35.148551 ], [ 126.92423, 35.148754 ] ] } },
{ "type": "Feature", "properties": { "seg_uid": "DM-193108-283629-GO22", "seg_id": "DM03216", "seg_no": 18, "width_min_m": 3.1, "width_max_m": 5.01, "verdict": "unknown", "width_verified": false, "midpoint_fallback": false, "inherited": false, "route_usage": 0, "length_m": 21.2, "run_length_m": null, "nfa_designated": false, "cctv_dist_m": 63.3, "cv_feasible": false, "width_src": "silpok", "width_disagree_m": null, "road_name": "장동로", "seg_label": "장동로 23", "road_side": "1", "road_bt_m": 2.0, "in_emd": false, "light_count": 0, "unknown_reason": "no_cctv", "z": 17.2 }, "geometry": { "type": "LineString", "coordinates": [ [ 126.924437, 35.149086 ], [ 126.924403, 35.149033 ], [ 126.924368, 35.149008 ], [ 126.924276, 35.148953 ] ] } },
{ "type": "Feature", "properties": { "seg_uid": "DM-192931-283617-W4QT", "seg_id": "DM03217", "seg_no": 3, "width_min_m": 1.2, "width_max_m": null, "verdict": "blocked", "width_verified": false, "midpoint_fallback": false, "inherited": false, "route_usage": 0, "length_m": 14.6, "run_length_m": 44.6, "nfa_designated": false, "cctv_dist_m": 4.2, "cv_feasible": true, "width_src": "silpok", "width_disagree_m": null, "road_name": "제봉로", "seg_label": "제봉로 4-120", "road_side": "1", "road_bt_m": 2.0, "in_emd": false, "light_count": 0, "unknown_reason": null, "z": 14.3 }, "geometry": { "type": "LineString", "coordinates": [ [ 126.922356, 35.148935 ], [ 126.922493, 35.148867 ] ] } },
{ "type": "Feature", "properties": { "seg_uid": "DM-193189-283705-JFYG", "seg_id": "DM03218", "seg_no": 40, "width_min_m": 6.4, "width_max_m": 42.3, "verdict": "unknown", "width_verified": false, "midpoint_fallback": false, "inherited": false, "route_usage": 3, "length_m": 15.5, "run_length_m": null, "nfa_designated": false, "cctv_dist_m": 90.2, "cv_feasible": false, "width_src": "ngii1k", "width_disagree_m": 6.2, "road_name": "동계천로", "seg_label": "동계천로 137-143", "road_side": "1", "road_bt_m": 8.0, "in_emd": true, "light_count": 0, "unknown_reason": "no_cctv", "z": 19.6 }, "geometry": { "type": "LineString", "coordinates": [ [ 126.925235, 35.149628 ], [ 126.925263, 35.149766 ] ] } },
{ "type": "Feature", "properties": { "seg_uid": "DM-193184-283675-JFYG", "seg_id": "DM03219", "seg_no": 20, "width_min_m": 6.67, "width_max_m": 9.36, "verdict": "unknown", "width_verified": false, "midpoint_fallback": false, "inherited": false, "route_usage": 3, "length_m": 45.0, "run_length_m": null, "nfa_designated": false, "cctv_dist_m": 45.3, "cv_feasible": false, "width_src": "ngii1k", "width_disagree_m": 1.61, "road_name": "동계천로", "seg_label": "동계천로 143", "road_side": "1", "road_bt_m": 8.0, "in_emd": true, "light_count": 0, "unknown_reason": "no_cctv", "z": 18.7 }, "geometry": { "type": "LineString", "coordinates": [ [ 126.925155, 35.149228 ], [ 126.925235, 35.149628 ] ] } },
{ "type": "Feature", "properties": { "seg_uid": "DM-193212-283647-JFYG", "seg_id": "DM03220", "seg_no": 21, "width_min_m": 3.79, "width_max_m": 5.42, "verdict": "unknown", "width_verified": false, "midpoint_fallback": false, "inherited": false, "route_usage": 3, "length_m": 64.4, "run_length_m": null, "nfa_designated": false, "cctv_dist_m": 45.3, "cv_feasible": false, "width_src": "ngii1k", "width_disagree_m": 0.24, "road_name": "동계천로", "seg_label": "동계천로 143-151", "road_side": "1", "road_bt_m": 5.0, "in_emd": true, "light_count": 16, "unknown_reason": "no_cctv", "z": 19.1 }, "geometry": { "type": "LineString", "coordinates": [ [ 126.925155, 35.149228 ], [ 126.925848, 35.149112 ] ] } },
{ "type": "Feature", "properties": { "seg_uid": "DM-193200-283695-JFYG", "seg_id": "DM03221", "seg_no": 39, "width_min_m": 2.8, "width_max_m": 5.72, "verdict": "unknown", "width_verified": false, "midpoint_fallback": false, "inherited": false, "route_usage": 2, "length_m": 26.2, "run_length_m": null, "nfa_designated": false, "cctv_dist_m": 85.1, "cv_feasible": false, "width_src": "ngii1k", "width_disagree_m": null, "road_name": "동계천로", "seg_label": "동계천로 143", "road_side": "1", "road_bt_m": 2.0, "in_emd": true, "light_count": 0, "unknown_reason": "no_cctv", "z": 19.6 }, "geometry": { "type": "LineString", "coordinates": [ [ 126.925235, 35.149628 ], [ 126.92546, 35.149592 ], [ 126.925454, 35.149544 ] ] } },
{ "type": "Feature", "properties": { "seg_uid": "DM-193246-283657-JFYG", "seg_id": "DM03222", "seg_no": 12, "width_min_m": 5.5, "width_max_m": 8.03, "verdict": "unknown", "width_verified": false, "midpoint_fallback": false, "inherited": false, "route_usage": 4, "length_m": 34.8, "run_length_m": null, "nfa_designated": false, "cctv_dist_m": 59.7, "cv_feasible": false, "width_src": "ngii1k", "width_disagree_m": 0.35, "road_name": "동계천로", "seg_label": "동계천로 143-151", "road_side": "1", "road_bt_m": 6.0, "in_emd": true, "light_count": 16, "unknown_reason": "no_cctv", "z": 20.0 }, "geometry": { "type": "LineString", "coordinates": [ [ 126.925848, 35.149112 ], [ 126.925911, 35.149422 ] ] } },
{ "type": "Feature", "properties": { "seg_uid": "DM-193257-283674-JFYG", "seg_id": "DM03223", "seg_no": 31, "width_min_m": 4.61, "width_max_m": 10.24, "verdict": "unknown", "width_verified": false, "midpoint_fallback": false, "inherited": false, "route_usage": 4, "length_m": 18.3, "run_length_m": null, "nfa_designated": false, "cctv_dist_m": 51.7, "cv_feasible": false, "width_src": "ngii1k", "width_disagree_m": 0.94, "road_name": "동계천로", "seg_label": "동계천로 151", "road_side": "1", "road_bt_m": 6.0, "in_emd": true, "light_count": 16, "unknown_reason": "no_cctv", "z": 20.7 }, "geometry": { "type": "LineString", "coordinates": [ [ 126.925911, 35.149422 ], [ 126.925913, 35.149429 ], [ 126.926102, 35.149402 ] ] } },
{ "type": "Feature", "properties": { "seg_uid": "DM-193239-283676-JFYG", "seg_id": "DM03224", "seg_no": 32, "width_min_m": 5.56, "width_max_m": 11.55, "verdict": "unknown", "width_verified": false, "midpoint_fallback": false, "inherited": false, "route_usage": 2, "length_m": 20.2, "run_length_m": null, "nfa_designated": false, "cctv_dist_m": 59.7, "cv_feasible": false, "width_src": "ngii1k", "width_disagree_m": 0.46, "road_name": "동계천로", "seg_label": "동계천로 151", "road_side": "1", "road_bt_m": 6.0, "in_emd": true, "light_count": 0, "unknown_reason": "no_cctv", "z": 20.1 }, "geometry": { "type": "LineString", "coordinates": [ [ 126.925911, 35.149422 ], [ 126.925692, 35.149452 ] ] } },
{ "type": "Feature", "properties": { "seg_uid": "DM-193288-283669-JFYG", "seg_id": "DM03225", "seg_no": 29, "width_min_m": 4.96, "width_max_m": 8.34, "verdict": "unknown", "width_verified": false, "midpoint_fallback": false, "inherited": false, "route_usage": 4, "length_m": 44.5, "run_length_m": null, "nfa_designated": false, "cctv_dist_m": 30.5, "cv_feasible": false, "width_src": "ngii1k", "width_disagree_m": 3.82, "road_name": "동계천로", "seg_label": "동계천로 151-159", "road_side": "1", "road_bt_m": 6.0, "in_emd": true, "light_count": 16, "unknown_reason": "no_cctv", "z": 21.3 }, "geometry": { "type": "LineString", "coordinates": [ [ 126.926102, 35.149402 ], [ 126.926111, 35.149401 ], [ 126.926112, 35.149401 ], [ 126.926583, 35.149335 ] ] } },
{ "type": "Feature", "properties": { "seg_uid": "DM-193268-283683-JFYG", "seg_id": "DM03226", "seg_no": 33, "width_min_m": 1.24, "width_max_m": 3.57, "verdict": "unknown", "width_verified": false, "midpoint_fallback": false, "inherited": false, "route_usage": 2, "length_m": 20.8, "run_length_m": null, "nfa_designated": false, "cctv_dist_m": 32.4, "cv_feasible": false, "width_src": "ngii1k", "width_disagree_m": 0.14, "road_name": "동계천로", "seg_label": "동계천로 151", "road_side": "1", "road_bt_m": 1.0, "in_emd": true, "light_count": 16, "unknown_reason": "no_cctv", "z": 21.2 }, "geometry": { "type": "LineString", "coordinates": [ [ 126.926102, 35.149402 ], [ 126.926114, 35.149454 ], [ 126.926128, 35.149535 ], [ 126.926139, 35.149587 ] ] } },
{ "type": "Feature", "properties": { "seg_uid": "DM-193308-283672-JFYG", "seg_id": "DM03227", "seg_no": 35, "width_min_m": 7.36, "width_max_m": 46.0, "verdict": "clear", "width_verified": false, "midpoint_fallback": false, "inherited": false, "route_usage": 78, "length_m": 15.2, "run_length_m": null, "nfa_designated": false, "cctv_dist_m": 30.5, "cv_feasible": false, "width_src": "ngii1k", "width_disagree_m": 1.12, "road_name": "동계천로", "seg_label": "동계천로 151-159", "road_side": "1", "road_bt_m": 9.0, "in_emd": true, "light_count": 16, "unknown_reason": null, "z": 21.7 }, "geometry": { "type": "LineString", "coordinates": [ [ 126.926583, 35.149335 ], [ 126.926531, 35.149465 ] ] } },
{ "type": "Feature", "properties": { "seg_uid": "DM-193317-283682-JFYG", "seg_id": "DM03228", "seg_no": 36, "width_min_m": 1.3, "width_max_m": 7.07, "verdict": "unknown", "width_verified": false, "midpoint_fallback": false, "inherited": false, "route_usage": 2, "length_m": 23.1, "run_length_m": null, "nfa_designated": false, "cctv_dist_m": 42.8, "cv_feasible": false, "width_src": "ngii1k", "width_disagree_m": null, "road_name": "동계천로", "seg_label": "동계천로 159", "road_side": "1", "road_bt_m": 2.0, "in_emd": true, "light_count": 0, "unknown_reason": "no_cctv", "z": 22.1 }, "geometry": { "type": "LineString", "coordinates": [ [ 126.926531, 35.149465 ], [ 126.926776, 35.149522 ] ] } },
{ "type": "Feature", "properties": { "seg_uid": "DM-193453-283738-367J", "seg_id": "DM03229", "seg_no": 8, "width_min_m": 9.69, "width_max_m": 46.93, "verdict": "clear", "width_verified": false, "midpoint_fallback": false, "inherited": false, "route_usage": 0, "length_m": 30.8, "run_length_m": null, "nfa_designated": false, "cctv_dist_m": 31.3, "cv_feasible": false, "width_src": "ngii1k", "width_disagree_m": 8.23, "road_name": "동명로14번길", "seg_label": "동명로14번길 43-45", "road_side": "1", "road_bt_m": 2.0, "in_emd": true, "light_count": 0, "unknown_reason": null, "z": 26.3 }, "geometry": { "type": "LineString", "coordinates": [ [ 126.928154, 35.149853 ], [ 126.928153, 35.149948 ], [ 126.928159, 35.150065 ], [ 126.92816, 35.150116 ], [ 126.928161, 35.150129 ] ] } },
{ "type": "Feature", "properties": { "seg_uid": "DM-193431-283721-367J", "seg_id": "DM03230", "seg_no": 6, "width_min_m": 1.03, "width_max_m": 5.29, "verdict": "unknown", "width_verified": false, "midpoint_fallback": false, "inherited": false, "route_usage": 2, "length_m": 44.5, "run_length_m": null, "nfa_designated": false, "cctv_dist_m": 31.3, "cv_feasible": false, "width_src": "ngii1k", "width_disagree_m": null, "road_name": "동명로14번길", "seg_label": "동명로14번길 45", "road_side": "1", "road_bt_m": 1.0, "in_emd": true, "light_count": 0, "unknown_reason": "no_cctv", "z": 25.3 }, "geometry": { "type": "LineString", "coordinates": [ [ 126.928154, 35.149853 ], [ 126.928098, 35.149848 ], [ 126.92809, 35.149848 ], [ 126.927882, 35.149842 ], [ 126.927666, 35.149833 ] ] } },
{ "type": "Feature", "properties": { "seg_uid": "DM-193135-283896-OKXU", "seg_id": "DM03231", "seg_no": 10, "width_min_m": 1.52, "width_max_m": 43.49, "verdict": "unknown", "width_verified": false, "midpoint_fallback": false, "inherited": false, "route_usage": 2, "length_m": 29.0, "run_length_m": null, "nfa_designated": false, "cctv_dist_m": 87.8, "cv_feasible": false, "width_src": "ngii1k", "width_disagree_m": 0.14, "road_name": "동명로26번길", "seg_label": "동명로26번길 9", "road_side": "1", "road_bt_m": 3.0, "in_emd": true, "light_count": 0, "unknown_reason": "no_cctv", "z": 17.4 }, "geometry": { "type": "LineString", "coordinates": [ [ 126.924816, 35.15139 ], [ 126.924504, 35.151444 ] ] } },
{ "type": "Feature", "properties": { "seg_uid": "DM-192977-283842-6Z8Q", "seg_id": "DM03232", "seg_no": 25, "width_min_m": 7.57, "width_max_m": 8.37, "verdict": "clear", "width_verified": false, "midpoint_fallback": false, "inherited": false, "route_usage": 17, "length_m": 31.8, "run_length_m": null, "nfa_designated": false, "cctv_dist_m": 30.3, "cv_feasible": false, "width_src": "ngii1k", "width_disagree_m": 0.73, "road_name": "동명로", "seg_label": "동명로 3-19", "road_side": "1", "road_bt_m": 7.0, "in_emd": true, "light_count": 10, "unknown_reason": null, "z": 15.6 }, "geometry": { "type": "LineString", "coordinates": [ [ 126.923097, 35.150885 ], [ 126.922763, 35.15097 ] ] } },
{ "type": "Feature", "properties": { "seg_uid": "DM-192932-284064-N2AV", "seg_id": "DM03233", "seg_no": 9, "width_min_m": 2.01, "width_max_m": 3.9, "verdict": "needs_cv", "width_verified": false, "midpoint_fallback": false, "inherited": false, "route_usage": 21, "length_m": 26.6, "run_length_m": 46.4, "nfa_designated": false, "cctv_dist_m": 4.7, "cv_feasible": true, "width_src": "ngii1k", "width_disagree_m": 0.11, "road_name": "동계천로95번길", "seg_label": "동계천로95번길 18", "road_side": "1", "road_bt_m": 3.0, "in_emd": true, "light_count": 0, "unknown_reason": null, "z": 11.8 }, "geometry": { "type": "LineString", "coordinates": [ [ 126.92229, 35.152914 ], [ 126.922304, 35.152917 ], [ 126.922395, 35.152925 ], [ 126.922575, 35.15296 ] ] } },
{ "type": "Feature", "properties": { "seg_uid": "DM-192839-284313-X9DQ", "seg_id": "DM03234", "seg_no": 27, "width_min_m": 5.77, "width_max_m": 46.87, "verdict": "needs_cv", "width_verified": false, "midpoint_fallback": false, "inherited": false, "route_usage": 0, "length_m": 45.9, "run_length_m": 162.6, "nfa_designated": true, "cctv_dist_m": 0.5, "cv_feasible": true, "width_src": "silpok", "width_disagree_m": null, "road_name": "중앙로", "seg_label": "중앙로 6-264", "road_side": "1", "road_bt_m": 3.0, "in_emd": true, "light_count": 18, "unknown_reason": null, "z": 10.2 }, "geometry": { "type": "LineString", "coordinates": [ [ 126.921228, 35.155309 ], [ 126.921236, 35.155309 ], [ 126.92126, 35.155258 ], [ 126.921296, 35.155235 ], [ 126.921343, 35.155208 ], [ 126.921432, 35.155158 ], [ 126.921612, 35.155057 ] ] } },
{ "type": "Feature", "properties": { "seg_uid": "DM-193251-283975-6Z8Q", "seg_id": "DM03235", "seg_no": 61, "width_min_m": 2.22, "width_max_m": 32.98, "verdict": "unknown", "width_verified": false, "midpoint_fallback": false, "inherited": false, "route_usage": 4, "length_m": 12.0, "run_length_m": null, "nfa_designated": false, "cctv_dist_m": 49.2, "cv_feasible": false, "width_src": "ngii1k", "width_disagree_m": 1.14, "road_name": "동명로", "seg_label": "동명로 47", "road_side": "1", "road_bt_m": 3.0, "in_emd": true, "light_count": 12, "unknown_reason": "no_cctv", "z": 16.4 }, "geometry": { "type": "LineString", "coordinates": [ [ 126.925993, 35.15211 ], [ 126.925954, 35.152115 ], [ 126.925914, 35.152136 ], [ 126.925901, 35.152166 ], [ 126.925901, 35.152171 ] ] } },
{ "type": "Feature", "properties": { "seg_uid": "DM-193264-283983-6Z8Q", "seg_id": "DM03236", "seg_no": 64, "width_min_m": 1.94, "width_max_m": 3.56, "verdict": "unknown", "width_verified": false, "midpoint_fallback": false, "inherited": false, "route_usage": 2, "length_m": 35.7, "run_length_m": null, "nfa_designated": false, "cctv_dist_m": 41.7, "cv_feasible": false, "width_src": "ngii1k", "width_disagree_m": 0.14, "road_name": "동명로", "seg_label": "동명로 47", "road_side": "2", "road_bt_m": 3.0, "in_emd": true, "light_count": 12, "unknown_reason": "no_cctv", "z": 16.6 }, "geometry": { "type": "LineString", "coordinates": [ [ 126.925993, 35.15211 ], [ 126.926001, 35.152154 ], [ 126.926015, 35.152216 ], [ 126.926148, 35.152196 ], [ 126.926271, 35.152178 ] ] } },
{ "type": "Feature", "properties": { "seg_uid": "DM-193252-284004-6Z8Q", "seg_id": "DM03237", "seg_no": 66, "width_min_m": 1.51, "width_max_m": 4.43, "verdict": "unknown", "width_verified": false, "midpoint_fallback": false, "inherited": false, "route_usage": 0, "length_m": 49.7, "run_length_m": null, "nfa_designated": false, "cctv_dist_m": 27.2, "cv_feasible": false, "width_src": "ngii1k", "width_disagree_m": 0.29, "road_name": "동명로", "seg_label": "동명로 47-63", "road_side": "1", "road_bt_m": 3.0, "in_emd": true, "light_count": 19, "unknown_reason": "no_cctv", "z": 15.4 }, "geometry": { "type": "LineString", "coordinates": [ [ 126.925901, 35.152171 ], [ 126.925903, 35.152193 ], [ 126.925912, 35.152235 ], [ 126.925927, 35.152303 ], [ 126.925928, 35.152335 ], [ 126.92596, 35.152422 ], [ 126.926045, 35.152401 ], [ 126.926156, 35.152377 ], [ 126.926185, 35.152375 ] ] } },
{ "type": "Feature", "properties": { "seg_uid": "DM-193240-283980-6Z8Q", "seg_id": "DM03238", "seg_no": 63, "width_min_m": 1.0, "width_max_m": 41.42, "verdict": "unknown", "width_verified": false, "midpoint_fallback": false, "inherited": false, "route_usage": 2, "length_m": 18.6, "run_length_m": null, "nfa_designated": false, "cctv_dist_m": 44.4, "cv_feasible": false, "width_src": "silpok", "width_disagree_m": null, "road_name": "동명로", "seg_label": "동명로 47", "road_side": "2", "road_bt_m": 1.0, "in_emd": true, "light_count": 0, "unknown_reason": "no_cctv", "z": 16.3 }, "geometry": { "type": "LineString", "coordinates": [ [ 126.925901, 35.152171 ], [ 126.925886, 35.152163 ], [ 126.925879, 35.15216 ], [ 126.925843, 35.152168 ], [ 126.925748, 35.15219 ], [ 126.925707, 35.152197 ] ] } },
{ "type": "Feature", "properties": { "seg_uid": "DM-193287-284000-6Z8Q", "seg_id": "DM03239", "seg_no": 67, "width_min_m": 0.54, "width_max_m": 4.96, "verdict": "unknown", "width_verified": false, "midpoint_fallback": false, "inherited": false, "route_usage": 3, "length_m": 25.5, "run_length_m": null, "nfa_designated": false, "cctv_dist_m": 36.0, "cv_feasible": false, "width_src": "ngii1k", "width_disagree_m": 0.56, "road_name": "동명로", "seg_label": "동명로 47-63", "road_side": "1", "road_bt_m": 3.0, "in_emd": false, "light_count": 19, "unknown_reason": "no_cctv", "z": 16.0 }, "geometry": { "type": "LineString", "coordinates": [ [ 126.926459, 35.15233 ], [ 126.926458, 35.152331 ], [ 126.926368, 35.152351 ], [ 126.92632, 35.15236 ], [ 126.926257, 35.152367 ], [ 126.926185, 35.152375 ] ] } },
{ "type": "Feature", "properties": { "seg_uid": "DM-193296-283988-6Z8Q", "seg_id": "DM03240", "seg_no": 65, "width_min_m": 0.39, "width_max_m": 3.15, "verdict": "unknown", "width_verified": false, "midpoint_fallback": false, "inherited": false, "route_usage": 2, "length_m": 19.4, "run_length_m": null, "nfa_designated": false, "cctv_dist_m": 30.1, "cv_feasible": false, "width_src": "ngii1k", "width_disagree_m": 0.21, "road_name": "동명로", "seg_label": "동명로 63", "road_side": "2", "road_bt_m": 2.0, "in_emd": true, "light_count": 0, "unknown_reason": "no_cctv", "z": 16.7 }, "geometry": { "type": "LineString", "coordinates": [ [ 126.926459, 35.15233 ], [ 126.926453, 35.15231 ], [ 126.926441, 35.152278 ], [ 126.926434, 35.152257 ], [ 126.926414, 35.152231 ], [ 126.926405, 35.152194 ], [ 126.926399, 35.152164 ] ] } },
{ "type": "Feature", "properties": { "seg_uid": "DM-193134-284088-ZM8E", "seg_id": "DM03241", "seg_no": 9, "width_min_m": 4.28, "width_max_m": 6.59, "verdict": "unknown", "width_verified": false, "midpoint_fallback": false, "inherited": false, "route_usage": 0, "length_m": 35.6, "run_length_m": null, "nfa_designated": false, "cctv_dist_m": 66.1, "cv_feasible": false, "width_src": "ngii1k", "width_disagree_m": 0.08, "road_name": "동계로", "seg_label": "동계로 16", "road_side": "1", "road_bt_m": 5.0, "in_emd": true, "light_count": 0, "unknown_reason": "no_cctv", "z": 13.3 }, "geometry": { "type": "LineString", "coordinates": [ [ 126.924452, 35.153165 ], [ 126.924574, 35.153155 ], [ 126.924813, 35.153135 ], [ 126.92484, 35.153127 ] ] } },
{ "type": "Feature", "properties": { "seg_uid": "DM-193155-284084-ZM8E", "seg_id": "DM03242", "seg_no": 6, "width_min_m": 4.19, "width_max_m": 9.91, "verdict": "unknown", "width_verified": false, "midpoint_fallback": false, "inherited": false, "route_usage": 2, "length_m": 6.8, "run_length_m": null, "nfa_designated": false, "cctv_dist_m": 59.4, "cv_feasible": false, "width_src": "ngii1k", "width_disagree_m": 1.14, "road_name": "동계로", "seg_label": "동계로 16", "road_side": "1", "road_bt_m": 5.0, "in_emd": true, "light_count": 0, "unknown_reason": "no_cctv", "z": 13.5 }, "geometry": { "type": "LineString", "coordinates": [ [ 126.92484, 35.153127 ], [ 126.92491, 35.153105 ] ] } },
{ "type": "Feature", "properties": { "seg_uid": "DM-193151-284096-ZM8E", "seg_id": "DM03243", "seg_no": 10, "width_min_m": 0.68, "width_max_m": 4.07, "verdict": "unknown", "width_verified": false, "midpoint_fallback": false, "inherited": false, "route_usage": 0, "length_m": 20.7, "run_length_m": null, "nfa_designated": false, "cctv_dist_m": 66.1, "cv_feasible": false, "width_src": "ngii1k", "width_disagree_m": 0.32, "road_name": "동계로", "seg_label": "동계로 16", "road_side": "2", "road_bt_m": 2.0, "in_emd": true, "light_count": 37, "unknown_reason": "no_cctv", "z": 13.6 }, "geometry": { "type": "LineString", "coordinates": [ [ 126.92484, 35.153127 ], [ 126.92485, 35.153157 ], [ 126.924846, 35.153181 ], [ 126.924829, 35.153231 ], [ 126.924794, 35.153304 ] ] } },
{ "type": "Feature", "properties": { "seg_uid": "DM-193170-284079-ZM8E", "seg_id": "DM03244", "seg_no": 5, "width_min_m": 2.61, "width_max_m": 5.05, "verdict": "unknown", "width_verified": false, "midpoint_fallback": false, "inherited": false, "route_usage": 4, "length_m": 26.4, "run_length_m": null, "nfa_designated": false, "cctv_dist_m": 33.4, "cv_feasible": false, "width_src": "ngii1k", "width_disagree_m": 0.89, "road_name": "동계로", "seg_label": "동계로 16", "road_side": "1", "road_bt_m": 5.0, "in_emd": true, "light_count": 0, "unknown_reason": "no_cctv", "z": 13.6 }, "geometry": { "type": "LineString", "coordinates": [ [ 126.92491, 35.153105 ], [ 126.925181, 35.15302 ] ] } },
{ "type": "Feature", "properties": { "seg_uid": "DM-193161-284091-ZM8E", "seg_id": "DM03245", "seg_no": 7, "width_min_m": 1.1, "width_max_m": 3.28, "verdict": "unknown", "width_verified": false, "midpoint_fallback": false, "inherited": false, "route_usage": 0, "length_m": 16.4, "run_length_m": null, "nfa_designated": false, "cctv_dist_m": 58.9, "cv_feasible": false, "width_src": "ngii1k", "width_disagree_m": 33.1, "road_name": "동계로", "seg_label": "동계로 16", "road_side": "2", "road_bt_m": 2.0, "in_emd": true, "light_count": 0, "unknown_reason": "no_cctv", "z": 13.8 }, "geometry": { "type": "LineString", "coordinates": [ [ 126.92491, 35.153105 ], [ 126.924927, 35.153141 ], [ 126.924969, 35.153244 ] ] } },
{ "type": "Feature", "properties": { "seg_uid": "DM-193191-284086-ZM8E", "seg_id": "DM03246", "seg_no": 8, "width_min_m": 0.8, "width_max_m": 2.62, "verdict": "blocked", "width_verified": false, "midpoint_fallback": false, "inherited": false, "route_usage": 0, "length_m": 28.7, "run_length_m": 28.7, "nfa_designated": false, "cctv_dist_m": 29.2, "cv_feasible": false, "width_src": "ngii1k", "width_disagree_m": 1.64, "road_name": "동계로", "seg_label": "동계로 16", "road_side": "2", "road_bt_m": 2.0, "in_emd": false, "light_count": 0, "unknown_reason": null, "z": 13.8 }, "geometry": { "type": "LineString", "coordinates": [ [ 126.925181, 35.15302 ], [ 126.925207, 35.153067 ], [ 126.925233, 35.153095 ], [ 126.925248, 35.153107 ], [ 126.925288, 35.153143 ], [ 126.925319, 35.15317 ], [ 126.925359, 35.153231 ] ] } },
{ "type": "Feature", "properties": { "seg_uid": "DM-193352-284082-4S4P", "seg_id": "DM03247", "seg_no": 8, "width_min_m": 9.46, "width_max_m": null, "verdict": "clear", "width_verified": false, "midpoint_fallback": false, "inherited": false, "route_usage": 0, "length_m": 15.5, "run_length_m": null, "nfa_designated": false, "cctv_dist_m": 10.8, "cv_feasible": true, "width_src": "ngii1k", "width_disagree_m": 7.46, "road_name": "동명로67번길", "seg_label": "동명로67번길 22", "road_side": "1", "road_bt_m": 8.0, "in_emd": false, "light_count": 3, "unknown_reason": null, "z": 16.6 }, "geometry": { "type": "LineString", "coordinates": [ [ 126.92703, 35.153034 ], [ 126.927044, 35.15304 ], [ 126.927048, 35.153042 ], [ 126.927051, 35.153046 ], [ 126.927044, 35.153079 ], [ 126.927035, 35.153097 ], [ 126.927002, 35.153157 ] ] } },
{ "type": "Feature", "properties": { "seg_uid": "DM-193360-284052-4S4P", "seg_id": "DM03248", "seg_no": 4, "width_min_m": 1.02, "width_max_m": 3.58, "verdict": "needs_cv", "width_verified": false, "midpoint_fallback": false, "inherited": false, "route_usage": 0, "length_m": 49.5, "run_length_m": 102.9, "nfa_designated": true, "cctv_dist_m": 20.7, "cv_feasible": true, "width_src": "ngii1k", "width_disagree_m": 0.68, "road_name": "동명로67번길", "seg_label": "동명로67번길 22", "road_side": "1", "road_bt_m": 2.0, "in_emd": false, "light_count": 3, "unknown_reason": null, "z": 16.1 }, "geometry": { "type": "LineString", "coordinates": [ [ 126.92703, 35.153034 ], [ 126.927047, 35.153002 ], [ 126.927068, 35.152963 ], [ 126.927094, 35.152902 ], [ 126.927121, 35.152874 ], [ 126.927126, 35.152832 ], [ 126.927116, 35.15277 ], [ 126.927109, 35.152713 ], [ 126.927141, 35.15268 ], [ 126.927215, 35.1527 ] ] } },
{ "type": "Feature", "properties": { "seg_uid": "DM-193346-284095-4S4P", "seg_id": "DM03249", "seg_no": 11, "width_min_m": 9.22, "width_max_m": null, "verdict": "clear", "width_verified": false, "midpoint_fallback": false, "inherited": false, "route_usage": 0, "length_m": 12.9, "run_length_m": null, "nfa_designated": false, "cctv_dist_m": 10.7, "cv_feasible": true, "width_src": "ngii1k", "width_disagree_m": 7.22, "road_name": "동명로67번길", "seg_label": "동명로67번길 22", "road_side": "1", "road_bt_m": 8.0, "in_emd": false, "light_count": 3, "unknown_reason": null, "z": 16.6 }, "geometry": { "type": "LineString", "coordinates": [ [ 126.927002, 35.153157 ], [ 126.92699, 35.153179 ], [ 126.926952, 35.153266 ] ] } },
{ "type": "Feature", "properties": { "seg_uid": "DM-193333-284085-4S4P", "seg_id": "DM03250", "seg_no": 9, "width_min_m": 1.2, "width_max_m": 3.27, "verdict": "needs_cv", "width_verified": false, "midpoint_fallback": false, "inherited": false, "route_usage": 0, "length_m": 32.4, "run_length_m": 32.4, "nfa_designated": false, "cctv_dist_m": 10.8, "cv_feasible": true, "width_src": "silpok", "width_disagree_m": null, "road_name": "동명로67번길", "seg_label": "동명로67번길 22", "road_side": "1", "road_bt_m": 2.0, "in_emd": false, "light_count": 3, "unknown_reason": null, "z": 16.3 }, "geometry": { "type": "LineString", "coordinates": [ [ 126.927002, 35.153157 ], [ 126.926974, 35.15315 ], [ 126.926948, 35.153143 ], [ 126.926895, 35.153132 ], [ 126.926787, 35.153108 ], [ 126.926704, 35.153091 ], [ 126.926659, 35.153081 ] ] } },
{ "type": "Feature", "properties": { "seg_uid": "DM-193339-284115-4S4P", "seg_id": "DM03251", "seg_no": 13, "width_min_m": 8.6, "width_max_m": null, "verdict": "clear", "width_verified": false, "midpoint_fallback": false, "inherited": false, "route_usage": 0, "length_m": 29.9, "run_length_m": null, "nfa_designated": false, "cctv_dist_m": 14.8, "cv_feasible": true, "width_src": "ngii1k", "width_disagree_m": 6.6, "road_name": "동명로67번길", "seg_label": "동명로67번길 22", "road_side": "1", "road_bt_m": 8.0, "in_emd": false, "light_count": 3, "unknown_reason": null, "z": 16.8 }, "geometry": { "type": "LineString", "coordinates": [ [ 126.926952, 35.153266 ], [ 126.926942, 35.153289 ], [ 126.926911, 35.153362 ], [ 126.926874, 35.153452 ], [ 126.926848, 35.153521 ] ] } },
{ "type": "Feature", "properties": { "seg_uid": "DM-193329-284097-4S4P", "seg_id": "DM03252", "seg_no": 12, "width_min_m": 1.01, "width_max_m": null, "verdict": "blocked", "width_verified": false, "midpoint_fallback": false, "inherited": false, "route_usage": 0, "length_m": 30.4, "run_length_m": 30.4, "nfa_designated": false, "cctv_dist_m": 14.8, "cv_feasible": true, "width_src": "silpok", "width_disagree_m": null, "road_name": "동명로67번길", "seg_label": "동명로67번길 22", "road_side": "1", "road_bt_m": 2.0, "in_emd": false, "light_count": 3, "unknown_reason": null, "z": 16.6 }, "geometry": { "type": "LineString", "coordinates": [ [ 126.926952, 35.153266 ], [ 126.92692, 35.153258 ], [ 126.926911, 35.153255 ], [ 126.926737, 35.153216 ], [ 126.926731, 35.153218 ], [ 126.926714, 35.153302 ] ] } },
{ "type": "Feature", "properties": { "seg_uid": "DM-193325-284127-4S4P", "seg_id": "DM03253", "seg_no": 15, "width_min_m": 1.7, "width_max_m": null, "verdict": "needs_cv", "width_verified": false, "midpoint_fallback": false, "inherited": false, "route_usage": 0, "length_m": 20.2, "run_length_m": 20.2, "nfa_designated": false, "cctv_dist_m": 23.5, "cv_feasible": true, "width_src": "silpok", "width_disagree_m": null, "road_name": "동명로67번길", "seg_label": "동명로67번길 22", "road_side": "1", "road_bt_m": 4.0, "in_emd": false, "light_count": 3, "unknown_reason": null, "z": 17.0 }, "geometry": { "type": "LineString", "coordinates": [ [ 126.926848, 35.153521 ], [ 126.926831, 35.153518 ], [ 126.926811, 35.153515 ], [ 126.926722, 35.1535 ], [ 126.926704, 35.153497 ], [ 126.926696, 35.153558 ] ] } },
{ "type": "Feature", "properties": { "seg_uid": "DM-193295-284133-52VO", "seg_id": "DM03254", "seg_no": 2, "width_min_m": 0.93, "width_max_m": null, "verdict": "unknown", "width_verified": false, "midpoint_fallback": false, "inherited": false, "route_usage": 0, "length_m": 10.9, "run_length_m": null, "nfa_designated": false, "cctv_dist_m": 28.1, "cv_feasible": false, "width_src": "ngii1k", "width_disagree_m": null, "road_name": "경양로", "seg_label": "경양로 340", "road_side": "1", "road_bt_m": 3.0, "in_emd": false, "light_count": 0, "unknown_reason": "no_cctv", "z": 17.3 }, "geometry": { "type": "LineString", "coordinates": [ [ 126.926385, 35.153593 ], [ 126.926426, 35.153542 ], [ 126.926444, 35.153508 ] ] } },
{ "type": "Feature", "properties": { "seg_uid": "DM-193290-284132-52VO", "seg_id": "DM03255", "seg_no": 1, "width_min_m": 0.83, "width_max_m": null, "verdict": "blocked", "width_verified": false, "midpoint_fallback": false, "inherited": false, "route_usage": 0, "length_m": 12.3, "run_length_m": 12.3, "nfa_designated": false, "cctv_dist_m": 28.1, "cv_feasible": false, "width_src": "ngii1k", "width_disagree_m": 0.57, "road_name": "경양로", "seg_label": "경양로 340", "road_side": "2", "road_bt_m": 2.0, "in_emd": false, "light_count": 0, "unknown_reason": null, "z": 16.7 }, "geometry": { "type": "LineString", "coordinates": [ [ 126.926385, 35.153593 ], [ 126.926327, 35.153493 ] ] } },
{ "type": "Feature", "properties": { "seg_uid": "DM-192867-283977-JFYG", "seg_id": "DM03256", "seg_no": 54, "width_min_m": 3.41, "width_max_m": 4.66, "verdict": "unknown", "width_verified": false, "midpoint_fallback": false, "inherited": false, "route_usage": 4, "length_m": 31.8, "run_length_m": null, "nfa_designated": false, "cctv_dist_m": 26.9, "cv_feasible": false, "width_src": "ngii1k", "width_disagree_m": 0.46, "road_name": "동계천로", "seg_label": "동계천로 6-95", "road_side": "1", "road_bt_m": 4.0, "in_emd": true, "light_count": 0, "unknown_reason": "no_cctv", "z": 12.4 }, "geometry": { "type": "LineString", "coordinates": [ [ 126.921596, 35.15204 ], [ 126.921843, 35.152243 ] ] } },
{ "type": "Feature", "properties": { "seg_uid": "DM-192843-283981-3JSA", "seg_id": "DM03257", "seg_no": 3, "width_min_m": 2.61, "width_max_m": 8.01, "verdict": "needs_cv", "width_verified": false, "midpoint_fallback": false, "inherited": false, "route_usage": 18, "length_m": 41.7, "run_length_m": 214.8, "nfa_designated": true, "cctv_dist_m": 7.6, "cv_feasible": true, "width_src": "ngii1k", "width_disagree_m": 1.85, "road_name": "동계천로85번길", "seg_label": "동계천로85번길 6-95", "road_side": "1", "road_bt_m": 4.0, "in_emd": true, "light_count": 0, "unknown_reason": null, "z": 12.3 }, "geometry": { "type": "LineString", "coordinates": [ [ 126.921308, 35.152331 ], [ 126.921596, 35.15204 ] ] } },
{ "type": "Feature", "properties": { "seg_uid": "DM-192873-283993-JFYG", "seg_id": "DM03258", "seg_no": 60, "width_min_m": 0.97, "width_max_m": 4.4, "verdict": "unknown", "width_verified": false, "midpoint_fallback": false, "inherited": false, "route_usage": 2, "length_m": 15.1, "run_length_m": null, "nfa_designated": false, "cctv_dist_m": 26.9, "cv_feasible": false, "width_src": "ngii1k", "width_disagree_m": 0.14, "road_name": "동계천로", "seg_label": "동계천로 95", "road_side": "1", "road_bt_m": 2.0, "in_emd": true, "light_count": 0, "unknown_reason": "no_cctv", "z": 12.3 }, "geometry": { "type": "LineString", "coordinates": [ [ 126.921843, 35.152243 ], [ 126.921772, 35.152295 ], [ 126.921703, 35.152285 ] ] } },
{ "type": "Feature", "properties": { "seg_uid": "DM-192827-284002-3JSA", "seg_id": "DM03259", "seg_no": 4, "width_min_m": 3.2, "width_max_m": 5.95, "verdict": "needs_cv", "width_verified": false, "midpoint_fallback": false, "inherited": false, "route_usage": 12, "length_m": 10.0, "run_length_m": 214.8, "nfa_designated": true, "cctv_dist_m": 7.6, "cv_feasible": true, "width_src": "ngii1k", "width_disagree_m": 24.26, "road_name": "동계천로85번길", "seg_label": "동계천로85번길 6-91", "road_side": "1", "road_bt_m": 4.0, "in_emd": true, "light_count": 0, "unknown_reason": null, "z": 12.0 }, "geometry": { "type": "LineString", "coordinates": [ [ 126.921239, 35.152401 ], [ 126.921308, 35.152331 ] ] } },
{ "type": "Feature", "properties": { "seg_uid": "DM-192836-284016-3JSA", "seg_id": "DM03260", "seg_no": 5, "width_min_m": 1.03, "width_max_m": 2.97, "verdict": "blocked", "width_verified": false, "midpoint_fallback": false, "inherited": false, "route_usage": 2, "length_m": 31.7, "run_length_m": 31.7, "nfa_designated": false, "cctv_dist_m": 13.4, "cv_feasible": true, "width_src": "ngii1k", "width_disagree_m": 0.32, "road_name": "동계천로85번길", "seg_label": "동계천로85번길 6", "road_side": "2", "road_bt_m": 3.0, "in_emd": true, "light_count": 0, "unknown_reason": null, "z": 12.0 }, "geometry": { "type": "LineString", "coordinates": [ [ 126.921239, 35.152401 ], [ 126.921389, 35.152503 ], [ 126.92148, 35.152401 ] ] } },
{ "type": "Feature", "properties": { "seg_uid": "DM-192820-283990-JFYG", "seg_id": "DM03261", "seg_no": 57, "width_min_m": 2.75, "width_max_m": 4.75, "verdict": "needs_cv", "width_verified": false, "midpoint_fallback": false, "inherited": false, "route_usage": 6, "length_m": 25.0, "run_length_m": 214.8, "nfa_designated": true, "cctv_dist_m": 0.9, "cv_feasible": true, "width_src": "ngii1k", "width_disagree_m": 0.89, "road_name": "동계천로", "seg_label": "동계천로 6-91", "road_side": "1", "road_bt_m": 4.0, "in_emd": true, "light_count": 0, "unknown_reason": null, "z": 12.1 }, "geometry": { "type": "LineString", "coordinates": [ [ 126.921098, 35.152186 ], [ 126.921102, 35.152188 ], [ 126.921308, 35.152331 ] ] } },
{ "type": "Feature", "properties": { "seg_uid": "DM-192805-283988-JFYG", "seg_id": "DM03262", "seg_no": 56, "width_min_m": 1.41, "width_max_m": 3.52, "verdict": "needs_cv", "width_verified": false, "midpoint_fallback": false, "inherited": false, "route_usage": 2, "length_m": 16.4, "run_length_m": 214.8, "nfa_designated": true, "cctv_dist_m": 17.5, "cv_feasible": true, "width_src": "ngii1k", "width_disagree_m": 0.12, "road_name": "동계천로", "seg_label": "동계천로 91", "road_side": "1", "road_bt_m": 2.0, "in_emd": true, "light_count": 13, "unknown_reason": null, "z": 12.0 }, "geometry": { "type": "LineString", "coordinates": [ [ 126.921098, 35.152186 ], [ 126.920985, 35.152301 ] ] } },
{ "type": "Feature", "properties": { "seg_uid": "DM-192846-284040-3JSA", "seg_id": "DM03263", "seg_no": 9, "width_min_m": 1.28, "width_max_m": 4.36, "verdict": "unknown", "width_verified": false, "midpoint_fallback": false, "inherited": false, "route_usage": 6, "length_m": 18.9, "run_length_m": null, "nfa_designated": false, "cctv_dist_m": 49.1, "cv_feasible": false, "width_src": "ngii1k", "width_disagree_m": 0.42, "road_name": "동계천로85번길", "seg_label": "동계천로85번길 10", "road_side": "2", "road_bt_m": 3.0, "in_emd": true, "light_count": 0, "unknown_reason": "no_cctv", "z": 11.6 }, "geometry": { "type": "LineString", "coordinates": [ [ 126.921441, 35.152787 ], [ 126.92145, 35.152771 ], [ 126.921467, 35.15274 ], [ 126.921515, 35.152684 ], [ 126.921555, 35.152646 ] ] } },
{ "type": "Feature", "properties": { "seg_uid": "DM-192860-284021-3JSA", "seg_id": "DM03264", "seg_no": 6, "width_min_m": 1.75, "width_max_m": 7.2, "verdict": "unknown", "width_verified": false, "midpoint_fallback": false, "inherited": false, "route_usage": 2, "length_m": 27.7, "run_length_m": null, "nfa_designated": false, "cctv_dist_m": 43.7, "cv_feasible": false, "width_src": "ngii1k", "width_disagree_m": 0.05, "road_name": "동계천로85번길", "seg_label": "동계천로85번길 10", "road_side": "2", "road_bt_m": 3.0, "in_emd": true, "light_count": 0, "unknown_reason": "no_cctv", "z": 11.9 }, "geometry": { "type": "LineString", "coordinates": [ [ 126.921555, 35.152646 ], [ 126.921573, 35.152629 ], [ 126.921594, 35.152608 ], [ 126.92163, 35.152567 ], [ 126.921658, 35.152524 ], [ 126.921669, 35.152481 ], [ 126.921674, 35.152466 ], [ 126.921723, 35.152477 ] ] } },
{ "type": "Feature", "properties": { "seg_uid": "DM-192847-284029-3JSA", "seg_id": "DM03265", "seg_no": 8, "width_min_m": 0.76, "width_max_m": 2.92, "verdict": "blocked", "width_verified": false, "midpoint_fallback": false, "inherited": false, "route_usage": 2, "length_m": 12.5, "run_length_m": 12.5, "nfa_designated": false, "cctv_dist_m": 37.9, "cv_feasible": false, "width_src": "ngii1k", "width_disagree_m": 0.34, "road_name": "동계천로85번길", "seg_label": "동계천로85번길 10", "road_side": "2", "road_bt_m": 1.5, "in_emd": true, "light_count": 0, "unknown_reason": null, "z": 11.7 }, "geometry": { "type": "LineString", "coordinates": [ [ 126.921555, 35.152646 ], [ 126.921439, 35.152586 ] ] } },
{ "type": "Feature", "properties": { "seg_uid": "DM-192914-284071-N2AV", "seg_id": "DM03266", "seg_no": 10, "width_min_m": 1.09, "width_max_m": 4.17, "verdict": "needs_cv", "width_verified": false, "midpoint_fallback": false, "inherited": false, "route_usage": 2, "length_m": 19.8, "run_length_m": 46.4, "nfa_designated": false, "cctv_dist_m": 12.8, "cv_feasible": true, "width_src": "ngii1k", "width_disagree_m": 0.81, "road_name": "동계천로95번길", "seg_label": "동계천로95번길 18", "road_side": "2", "road_bt_m": 3.0, "in_emd": true, "light_count": 0, "unknown_reason": null, "z": 11.6 }, "geometry": { "type": "LineString", "coordinates": [ [ 126.92229, 35.152914 ], [ 126.922257, 35.152956 ], [ 126.922234, 35.152989 ], [ 126.922234, 35.15299 ], [ 126.922222, 35.153007 ], [ 126.922197, 35.153041 ], [ 126.922179, 35.153068 ] ] } },
{ "type": "Feature", "properties": { "seg_uid": "DM-192901-284106-N2AV", "seg_id": "DM03267", "seg_no": 15, "width_min_m": 1.15, "width_max_m": 3.18, "verdict": "needs_cv", "width_verified": false, "midpoint_fallback": false, "inherited": false, "route_usage": 2, "length_m": 12.0, "run_length_m": 116.2, "nfa_designated": true, "cctv_dist_m": 6.5, "cv_feasible": true, "width_src": "ngii1k", "width_disagree_m": 1.19, "road_name": "동계천로95번길", "seg_label": "동계천로95번길 22", "road_side": "2", "road_bt_m": 2.0, "in_emd": true, "light_count": 0, "unknown_reason": null, "z": 11.1 }, "geometry": { "type": "LineString", "coordinates": [ [ 126.922033, 35.153339 ], [ 126.922143, 35.153279 ] ] } },
{ "type": "Feature", "properties": { "seg_uid": "DM-192857-284136-3JSA", "seg_id": "DM03268", "seg_no": 18, "width_min_m": 2.44, "width_max_m": 4.54, "verdict": "unknown", "width_verified": false, "midpoint_fallback": false, "inherited": false, "route_usage": 2, "length_m": 23.0, "run_length_m": null, "nfa_designated": false, "cctv_dist_m": 32.8, "cv_feasible": false, "width_src": "ngii1k", "width_disagree_m": 0.06, "road_name": "동계천로85번길", "seg_label": "동계천로85번길 13-27", "road_side": "1", "road_bt_m": 4.0, "in_emd": true, "light_count": 0, "unknown_reason": "no_cctv", "z": 10.4 }, "geometry": { "type": "LineString", "coordinates": [ [ 126.921605, 35.153474 ], [ 126.921605, 35.153492 ], [ 126.921605, 35.153575 ], [ 126.921603, 35.153654 ], [ 126.921594, 35.15368 ] ] } },
{ "type": "Feature", "properties": { "seg_uid": "DM-192847-284126-3JSA", "seg_id": "DM03269", "seg_no": 17, "width_min_m": 1.66, "width_max_m": 3.99, "verdict": "unknown", "width_verified": false, "midpoint_fallback": false, "inherited": false, "route_usage": 2, "length_m": 20.9, "run_length_m": null, "nfa_designated": false, "cctv_dist_m": 30.6, "cv_feasible": false, "width_src": "ngii1k", "width_disagree_m": 0.14, "road_name": "동계천로85번길", "seg_label": "동계천로85번길 13", "road_side": "2", "road_bt_m": 3.0, "in_emd": true, "light_count": 0, "unknown_reason": "no_cctv", "z": 10.4 }, "geometry": { "type": "LineString", "coordinates": [ [ 126.921605, 35.153474 ], [ 126.92158, 35.153477 ], [ 126.921517, 35.153484 ], [ 126.921471, 35.153495 ], [ 126.921382, 35.153517 ] ] } },
{ "type": "Feature", "properties": { "seg_uid": "DM-192842-284141-N2AV", "seg_id": "DM03270", "seg_no": 17, "width_min_m": 1.86, "width_max_m": 3.9, "verdict": "needs_cv", "width_verified": false, "midpoint_fallback": false, "inherited": false, "route_usage": 3, "length_m": 30.1, "run_length_m": 152.6, "nfa_designated": true, "cctv_dist_m": 17.3, "cv_feasible": true, "width_src": "ngii1k", "width_disagree_m": 0.06, "road_name": "동계천로95번길", "seg_label": "동계천로95번길 13-27", "road_side": "1", "road_bt_m": 3.0, "in_emd": true, "light_count": 0, "unknown_reason": null, "z": 10.3 }, "geometry": { "type": "LineString", "coordinates": [ [ 126.921594, 35.15368 ], [ 126.921581, 35.153676 ], [ 126.921503, 35.153645 ], [ 126.921428, 35.153617 ], [ 126.921366, 35.153606 ], [ 126.921312, 35.153608 ], [ 126.921282, 35.153608 ] ] } },
{ "type": "Feature", "properties": { "seg_uid": "DM-192824-284134-N2AV", "seg_id": "DM03271", "seg_no": 16, "width_min_m": 0.49, "width_max_m": 2.73, "verdict": "blocked", "width_verified": false, "midpoint_fallback": false, "inherited": false, "route_usage": 2, "length_m": 12.1, "run_length_m": 12.1, "nfa_designated": false, "cctv_dist_m": 17.3, "cv_feasible": true, "width_src": "silpok", "width_disagree_m": null, "road_name": "동계천로95번길", "seg_label": "동계천로95번길 27", "road_side": "2", "road_bt_m": 1.0, "in_emd": true, "light_count": 0, "unknown_reason": null, "z": 10.2 }, "geometry": { "type": "LineString", "coordinates": [ [ 126.921282, 35.153608 ], [ 126.921271, 35.153586 ], [ 126.921255, 35.153569 ], [ 126.921234, 35.153553 ], [ 126.921204, 35.153535 ], [ 126.921195, 35.153529 ] ] } },
{ "type": "Feature", "properties": { "seg_uid": "DM-193028-284127-DX27", "seg_id": "DM03272", "seg_no": 14, "width_min_m": 0.76, "width_max_m": 2.14, "verdict": "blocked", "width_verified": false, "midpoint_fallback": false, "inherited": false, "route_usage": 0, "length_m": 67.9, "run_length_m": 161.9, "nfa_designated": true, "cctv_dist_m": 38.6, "cv_feasible": false, "width_src": "ngii1k", "width_disagree_m": 0.34, "road_name": "동계로13번길", "seg_label": "동계로13번길 2-12", "road_side": "1", "road_bt_m": 3.0, "in_emd": true, "light_count": 0, "unknown_reason": null, "z": 12.2 }, "geometry": { "type": "LineString", "coordinates": [ [ 126.923685, 35.153323 ], [ 126.923687, 35.153348 ], [ 126.923703, 35.153391 ], [ 126.923709, 35.153421 ], [ 126.923707, 35.153435 ], [ 126.923659, 35.153446 ], [ 126.923509, 35.153487 ], [ 126.923298, 35.153562 ], [ 126.923223, 35.153584 ], [ 126.923136, 35.153602 ] ] } },
{ "type": "Feature", "properties": { "seg_uid": "DM-192996-284153-DX27", "seg_id": "DM03273", "seg_no": 24, "width_min_m": 1.41, "width_max_m": 2.83, "verdict": "blocked", "width_verified": false, "midpoint_fallback": false, "inherited": false, "route_usage": 1, "length_m": 29.8, "run_length_m": 161.9, "nfa_designated": true, "cctv_dist_m": 11.6, "cv_feasible": true, "width_src": "ngii1k", "width_disagree_m": 0.29, "road_name": "동계로13번길", "seg_label": "동계로13번길 8-13", "road_side": "1", "road_bt_m": 3.0, "in_emd": true, "light_count": 0, "unknown_reason": null, "z": 12.0 }, "geometry": { "type": "LineString", "coordinates": [ [ 126.923136, 35.153602 ], [ 126.923132, 35.153619 ], [ 126.923124, 35.153663 ], [ 126.923125, 35.153694 ], [ 126.923139, 35.153741 ], [ 126.923155, 35.153774 ], [ 126.923178, 35.153833 ], [ 126.923188, 35.153861 ] ] } },
{ "type": "Feature", "properties": { "seg_uid": "DM-192977-284166-5UT1", "seg_id": "DM03274", "seg_no": 8, "width_min_m": 1.91, "width_max_m": 3.4, "verdict": "needs_cv", "width_verified": false, "midpoint_fallback": false, "inherited": false, "route_usage": 7, "length_m": 49.2, "run_length_m": 240.0, "nfa_designated": true, "cctv_dist_m": 11.6, "cv_feasible": true, "width_src": "ngii1k", "width_disagree_m": 0.59, "road_name": "동계로15번길", "seg_label": "동계로15번길 12-22", "road_side": "1", "road_bt_m": 4.0, "in_emd": true, "light_count": 0, "unknown_reason": null, "z": 11.8 }, "geometry": { "type": "LineString", "coordinates": [ [ 126.923188, 35.153861 ], [ 126.923172, 35.153858 ], [ 126.923102, 35.153858 ], [ 126.923032, 35.153859 ], [ 126.922957, 35.153856 ], [ 126.922902, 35.153847 ], [ 126.922824, 35.153827 ], [ 126.922714, 35.153796 ], [ 126.922663, 35.15378 ] ] } },
{ "type": "Feature", "properties": { "seg_uid": "DM-193077-284116-5UT1", "seg_id": "DM03275", "seg_no": 2, "width_min_m": 2.84, "width_max_m": 4.64, "verdict": "unknown", "width_verified": false, "midpoint_fallback": false, "inherited": false, "route_usage": 12, "length_m": 19.7, "run_length_m": null, "nfa_designated": false, "cctv_dist_m": 73.4, "cv_feasible": false, "width_src": "ngii1k", "width_disagree_m": 0.26, "road_name": "동계로15번길", "seg_label": "동계로15번길 1", "road_side": "1", "road_bt_m": 4.0, "in_emd": false, "light_count": 0, "unknown_reason": "no_cctv", "z": 12.6 }, "geometry": { "type": "LineString", "coordinates": [ [ 126.924106, 35.153339 ], [ 126.923941, 35.153454 ] ] } },
{ "type": "Feature", "properties": { "seg_uid": "DM-193083-284107-5UT1", "seg_id": "DM03276", "seg_no": 3, "width_min_m": null, "width_max_m": null, "verdict": "blocked", "width_verified": false, "midpoint_fallback": false, "inherited": false, "route_usage": 2, "length_m": 5.1, "run_length_m": 5.1, "nfa_designated": false, "cctv_dist_m": 80.4, "cv_feasible": false, "width_src": null, "width_disagree_m": null, "road_name": "동계로15번길", "seg_label": "동계로15번길 1", "road_side": "2", "road_bt_m": 1.0, "in_emd": true, "light_count": 0, "unknown_reason": null, "z": 12.8 }, "geometry": { "type": "LineString", "coordinates": [ [ 126.924106, 35.153339 ], [ 126.924068, 35.153306 ] ] } },
{ "type": "Feature", "properties": { "seg_uid": "DM-193068-284120-5UT1", "seg_id": "DM03277", "seg_no": 4, "width_min_m": null, "width_max_m": null, "verdict": "blocked", "width_verified": false, "midpoint_fallback": true, "inherited": false, "route_usage": 2, "length_m": 6.7, "run_length_m": 6.7, "nfa_designated": false, "cctv_dist_m": 68.2, "cv_feasible": false, "width_src": null, "width_disagree_m": null, "road_name": "동계로15번길", "seg_label": "동계로15번길 1", "road_side": "2", "road_bt_m": 1.5, "in_emd": true, "light_count": 0, "unknown_reason": null, "z": 12.4 }, "geometry": { "type": "LineString", "coordinates": [ [ 126.923946, 35.153459 ], [ 126.923941, 35.153454 ], [ 126.9239, 35.153412 ] ] } },
{ "type": "Feature", "properties": { "seg_uid": "DM-192953-284155-DX27", "seg_id": "DM03278", "seg_no": 27, "width_min_m": 7.1, "width_max_m": 31.66, "verdict": "clear", "width_verified": false, "midpoint_fallback": false, "inherited": false, "route_usage": 4, "length_m": 6.1, "run_length_m": null, "nfa_designated": false, "cctv_dist_m": 59.0, "cv_feasible": false, "width_src": "ngii1k", "width_disagree_m": 0.03, "road_name": "동계로13번길", "seg_label": "동계로13번길 13-22", "road_side": "1", "road_bt_m": 9.0, "in_emd": true, "light_count": 0, "unknown_reason": null, "z": 11.4 }, "geometry": { "type": "LineString", "coordinates": [ [ 126.922657, 35.153725 ], [ 126.922663, 35.153779 ], [ 126.922663, 35.15378 ], [ 126.922663, 35.15378 ] ] } },
{ "type": "Feature", "properties": { "seg_uid": "DM-192962-284138-DX27", "seg_id": "DM03279", "seg_no": 16, "width_min_m": 1.43, "width_max_m": 3.41, "verdict": "unknown", "width_verified": false, "midpoint_fallback": false, "inherited": false, "route_usage": 2, "length_m": 32.9, "run_length_m": null, "nfa_designated": false, "cctv_dist_m": 43.1, "cv_feasible": false, "width_src": "ngii1k", "width_disagree_m": 0.77, "road_name": "동계로13번길", "seg_label": "동계로13번길 16", "road_side": "1", "road_bt_m": 2.0, "in_emd": true, "light_count": 0, "unknown_reason": "no_cctv", "z": 11.4 }, "geometry": { "type": "LineString", "coordinates": [ [ 126.922657, 35.153725 ], [ 126.922704, 35.153669 ], [ 126.922712, 35.15366 ], [ 126.922753, 35.153605 ], [ 126.922781, 35.153566 ], [ 126.922844, 35.153471 ] ] } },
{ "type": "Feature", "properties": { "seg_uid": "DM-192946-284154-DX27", "seg_id": "DM03280", "seg_no": 25, "width_min_m": 2.46, "width_max_m": 5.94, "verdict": "unknown", "width_verified": false, "midpoint_fallback": false, "inherited": false, "route_usage": 7, "length_m": 17.3, "run_length_m": null, "nfa_designated": false, "cctv_dist_m": 51.0, "cv_feasible": false, "width_src": "ngii1k", "width_disagree_m": 0.04, "road_name": "동계로13번길", "seg_label": "동계로13번길 13-22", "road_side": "1", "road_bt_m": 4.0, "in_emd": true, "light_count": 0, "unknown_reason": "no_cctv", "z": 11.4 }, "geometry": { "type": "LineString", "coordinates": [ [ 126.922502, 35.153699 ], [ 126.92253, 35.153716 ], [ 126.922587, 35.153749 ], [ 126.922612, 35.153761 ], [ 126.922663, 35.15378 ] ] } },
{ "type": "Feature", "properties": { "seg_uid": "DM-192926-284140-DX27", "seg_id": "DM03281", "seg_no": 17, "width_min_m": 2.74, "width_max_m": 4.48, "verdict": "unknown", "width_verified": false, "midpoint_fallback": false, "inherited": false, "route_usage": 7, "length_m": 9.1, "run_length_m": null, "nfa_designated": false, "cctv_dist_m": 31.4, "cv_feasible": false, "width_src": "ngii1k", "width_disagree_m": 0.23, "road_name": "동계로13번길", "seg_label": "동계로13번길 18-22", "road_side": "1", "road_bt_m": 4.0, "in_emd": true, "light_count": 0, "unknown_reason": "no_cctv", "z": 11.0 }, "geometry": { "type": "LineString", "coordinates": [ [ 126.922328, 35.153588 ], [ 126.922386, 35.153629 ], [ 126.922406, 35.15364 ] ] } },
{ "type": "Feature", "properties": { "seg_uid": "DM-192896-284143-DX27", "seg_id": "DM03282", "seg_no": 18, "width_min_m": 1.64, "width_max_m": 4.14, "verdict": "unknown", "width_verified": false, "midpoint_fallback": false, "inherited": false, "route_usage": 8, "length_m": 54.7, "run_length_m": null, "nfa_designated": false, "cctv_dist_m": 28.4, "cv_feasible": false, "width_src": "ngii1k", "width_disagree_m": 0.96, "road_name": "동계로13번길", "seg_label": "동계로13번길 18-22", "road_side": "1", "road_bt_m": 4.0, "in_emd": true, "light_count": 0, "unknown_reason": "no_cctv", "z": 10.7 }, "geometry": { "type": "LineString", "coordinates": [ [ 126.922328, 35.153588 ], [ 126.922317, 35.153592 ], [ 126.922175, 35.153612 ], [ 126.922084, 35.153632 ], [ 126.921979, 35.153657 ], [ 126.921933, 35.153667 ], [ 126.921813, 35.153703 ], [ 126.921751, 35.153722 ] ] } },
{ "type": "Feature", "properties": { "seg_uid": "DM-192934-284146-DX27", "seg_id": "DM03283", "seg_no": 19, "width_min_m": 1.86, "width_max_m": 3.48, "verdict": "unknown", "width_verified": false, "midpoint_fallback": false, "inherited": false, "route_usage": 7, "length_m": 11.0, "run_length_m": null, "nfa_designated": false, "cctv_dist_m": 40.3, "cv_feasible": false, "width_src": "ngii1k", "width_disagree_m": 0.64, "road_name": "동계로13번길", "seg_label": "동계로13번길 22", "road_side": "1", "road_bt_m": 4.0, "in_emd": true, "light_count": 0, "unknown_reason": "no_cctv", "z": 11.2 }, "geometry": { "type": "LineString", "coordinates": [ [ 126.922406, 35.15364 ], [ 126.922412, 35.153643 ], [ 126.922502, 35.153699 ] ] } },
{ "type": "Feature", "properties": { "seg_uid": "DM-192918-284155-DX27", "seg_id": "DM03284", "seg_no": 22, "width_min_m": 0.69, "width_max_m": 1.87, "verdict": "blocked", "width_verified": false, "midpoint_fallback": false, "inherited": false, "route_usage": 2, "length_m": 34.2, "run_length_m": 34.2, "nfa_designated": false, "cctv_dist_m": 40.3, "cv_feasible": false, "width_src": "ngii1k", "width_disagree_m": 0.01, "road_name": "동계로13번길", "seg_label": "동계로13번길 22", "road_side": "1", "road_bt_m": 2.0, "in_emd": true, "light_count": 0, "unknown_reason": null, "z": 11.0 }, "geometry": { "type": "LineString", "coordinates": [ [ 126.922406, 35.15364 ], [ 126.922362, 35.153681 ], [ 126.922314, 35.153717 ], [ 126.922259, 35.153761 ], [ 126.922242, 35.153772 ], [ 126.92234, 35.153861 ] ] } },
{ "type": "Feature", "properties": { "seg_uid": "DM-192934-284154-DX27", "seg_id": "DM03285", "seg_no": 21, "width_min_m": 1.39, "width_max_m": 4.2, "verdict": "unknown", "width_verified": false, "midpoint_fallback": false, "inherited": false, "route_usage": 2, "length_m": 12.5, "run_length_m": null, "nfa_designated": false, "cctv_dist_m": 51.0, "cv_feasible": false, "width_src": "ngii1k", "width_disagree_m": 0.59, "road_name": "동계로13번길", "seg_label": "동계로13번길 22", "road_side": "1", "road_bt_m": 2.0, "in_emd": true, "light_count": 0, "unknown_reason": "no_cctv", "z": 11.3 }, "geometry": { "type": "LineString", "coordinates": [ [ 126.922502, 35.153699 ], [ 126.922483, 35.153716 ], [ 126.922408, 35.15378 ] ] } },
{ "type": "Feature", "properties": { "seg_uid": "DM-192883-284160-DX27", "seg_id": "DM03286", "seg_no": 26, "width_min_m": 1.05, "width_max_m": 2.14, "verdict": "blocked", "width_verified": false, "midpoint_fallback": false, "inherited": false, "route_usage": 2, "length_m": 29.3, "run_length_m": 29.3, "nfa_designated": false, "cctv_dist_m": 35.3, "cv_feasible": false, "width_src": "ngii1k", "width_disagree_m": 0.45, "road_name": "동계로13번길", "seg_label": "동계로13번길 18", "road_side": "1", "road_bt_m": 3.0, "in_emd": true, "light_count": 0, "unknown_reason": null, "z": 10.7 }, "geometry": { "type": "LineString", "coordinates": [ [ 126.921751, 35.153722 ], [ 126.92178, 35.153735 ], [ 126.92182, 35.153751 ], [ 126.921861, 35.153776 ], [ 126.92191, 35.153803 ], [ 126.921964, 35.15378 ], [ 126.922011, 35.153827 ] ] } },
{ "type": "Feature", "properties": { "seg_uid": "DM-192900-284288-52VO", "seg_id": "DM03287", "seg_no": 33, "width_min_m": 3.96, "width_max_m": 8.83, "verdict": "unknown", "width_verified": false, "midpoint_fallback": false, "inherited": false, "route_usage": 5, "length_m": 28.7, "run_length_m": null, "nfa_designated": false, "cctv_dist_m": 51.5, "cv_feasible": false, "width_src": "ngii1k", "width_disagree_m": 0.29, "road_name": "경양로", "seg_label": "경양로 3-303", "road_side": "1", "road_bt_m": 5.0, "in_emd": false, "light_count": 0, "unknown_reason": "no_cctv", "z": 12.1 }, "geometry": { "type": "LineString", "coordinates": [ [ 126.922175, 35.15485 ], [ 126.922153, 35.154873 ], [ 126.922039, 35.154984 ], [ 126.921983, 35.155054 ] ] } },
{ "type": "Feature", "properties": { "seg_uid": "DM-192932-284274-F0LS", "seg_id": "DM03288", "seg_no": 5, "width_min_m": 0.88, "width_max_m": 2.33, "verdict": "blocked", "width_verified": false, "midpoint_fallback": false, "inherited": false, "route_usage": 2, "length_m": 51.4, "run_length_m": 51.4, "nfa_designated": false, "cctv_dist_m": 14.7, "cv_feasible": true, "width_src": "ngii1k", "width_disagree_m": 0.62, "road_name": "경양로305번길", "seg_label": "경양로305번길 3-303", "road_side": "1", "road_bt_m": 2.0, "in_emd": false, "light_count": 0, "unknown_reason": null, "z": 12.2 }, "geometry": { "type": "LineString", "coordinates": [ [ 126.922155, 35.15485 ], [ 126.922175, 35.15485 ], [ 126.922262, 35.15485 ], [ 126.922303, 35.154849 ], [ 126.92235, 35.154841 ], [ 126.922424, 35.154823 ], [ 126.922466, 35.15482 ], [ 126.922526, 35.154818 ], [ 126.922627, 35.154811 ], [ 126.922669, 35.15481 ], [ 126.922714, 35.15481 ] ] } },
{ "type": "Feature", "properties": { "seg_uid": "DM-192909-284309-52VO", "seg_id": "DM03289", "seg_no": 35, "width_min_m": 0.66, "width_max_m": 2.65, "verdict": "blocked", "width_verified": false, "midpoint_fallback": false, "inherited": false, "route_usage": 0, "length_m": 40.4, "run_length_m": 40.4, "nfa_designated": false, "cctv_dist_m": 42.7, "cv_feasible": false, "width_src": "ngii1k", "width_disagree_m": 0.44, "road_name": "경양로", "seg_label": "경양로 303", "road_side": "2", "road_bt_m": 2.0, "in_emd": false, "light_count": 0, "unknown_reason": null, "z": 12.2 }, "geometry": { "type": "LineString", "coordinates": [ [ 126.921983, 35.155054 ], [ 126.922045, 35.155081 ], [ 126.922055, 35.155085 ], [ 126.922094, 35.1551 ], [ 126.922154, 35.155125 ], [ 126.92218, 35.155136 ], [ 126.922192, 35.155104 ], [ 126.922214, 35.155055 ], [ 126.922261, 35.154965 ] ] } },
{ "type": "Feature", "properties": { "seg_uid": "DM-192997-284288-F0LS", "seg_id": "DM03290", "seg_no": 11, "width_min_m": 2.18, "width_max_m": 21.51, "verdict": "needs_cv", "width_verified": false, "midpoint_fallback": false, "inherited": false, "route_usage": 0, "length_m": 35.6, "run_length_m": 227.3, "nfa_designated": true, "cctv_dist_m": 5.4, "cv_feasible": true, "width_src": "ngii1k", "width_disagree_m": 0.02, "road_name": "경양로305번길", "seg_label": "경양로305번길 4-6", "road_side": "1", "road_bt_m": 3.0, "in_emd": false, "light_count": 0, "unknown_reason": null, "z": 13.5 }, "geometry": { "type": "LineString", "coordinates": [ [ 126.92295, 35.154909 ], [ 126.923025, 35.154928 ], [ 126.923241, 35.154972 ], [ 126.923328, 35.154991 ] ] } },
{ "type": "Feature", "properties": { "seg_uid": "DM-193002-284276-F0LS", "seg_id": "DM03291", "seg_no": 10, "width_min_m": 5.56, "width_max_m": 11.39, "verdict": "needs_cv", "width_verified": false, "midpoint_fallback": false, "inherited": false, "route_usage": 0, "length_m": 47.1, "run_length_m": 227.3, "nfa_designated": true, "cctv_dist_m": 6.2, "cv_feasible": true, "width_src": "ngii1k", "width_disagree_m": 1.33, "road_name": "경양로305번길", "seg_label": "경양로305번길 4-6", "road_side": "1", "road_bt_m": 6.45, "in_emd": false, "light_count": 0, "unknown_reason": null, "z": 13.4 }, "geometry": { "type": "LineString", "coordinates": [ [ 126.92295, 35.154909 ], [ 126.923439, 35.154771 ] ] } },
{ "type": "Feature", "properties": { "seg_uid": "DM-193018-284280-F0LS", "seg_id": "DM03292", "seg_no": 7, "width_min_m": 1.52, "width_max_m": null, "verdict": "blocked", "width_verified": false, "midpoint_fallback": false, "inherited": false, "route_usage": 0, "length_m": 26.6, "run_length_m": 26.6, "nfa_designated": false, "cctv_dist_m": 16.5, "cv_feasible": true, "width_src": "ngii1k", "width_disagree_m": 0.08, "road_name": "경양로305번길", "seg_label": "경양로305번길 4-6", "road_side": "1", "road_bt_m": 2.0, "in_emd": false, "light_count": 0, "unknown_reason": null, "z": 13.9 }, "geometry": { "type": "LineString", "coordinates": [ [ 126.923328, 35.154991 ], [ 126.923345, 35.154936 ], [ 126.923372, 35.154865 ], [ 126.923405, 35.154811 ], [ 126.923439, 35.154771 ] ] } },
{ "type": "Feature", "properties": { "seg_uid": "DM-193029-284261-F0LS", "seg_id": "DM03293", "seg_no": 1, "width_min_m": 6.11, "width_max_m": null, "verdict": "unknown", "width_verified": false, "midpoint_fallback": false, "inherited": false, "route_usage": 0, "length_m": 17.0, "run_length_m": null, "nfa_designated": false, "cctv_dist_m": 26.1, "cv_feasible": false, "width_src": "ngii1k", "width_disagree_m": null, "road_name": "경양로305번길", "seg_label": "경양로305번길 4-6", "road_side": "1", "road_bt_m": 2.0, "in_emd": false, "light_count": 0, "unknown_reason": "no_cctv", "z": 13.9 }, "geometry": { "type": "LineString", "coordinates": [ [ 126.923439, 35.154771 ], [ 126.923477, 35.154727 ], [ 126.923526, 35.154682 ], [ 126.923561, 35.154657 ] ] } },
{ "type": "Feature", "properties": { "seg_uid": "DM-193041-284263-F0LS", "seg_id": "DM03294", "seg_no": 3, "width_min_m": 5.24, "width_max_m": null, "verdict": "needs_cv", "width_verified": false, "midpoint_fallback": false, "inherited": false, "route_usage": 0, "length_m": 34.9, "run_length_m": 227.3, "nfa_designated": true, "cctv_dist_m": 4.7, "cv_feasible": true, "width_src": "ngii1k", "width_disagree_m": 1.53, "road_name": "경양로305번길", "seg_label": "경양로305번길 4-9", "road_side": "1", "road_bt_m": 6.45, "in_emd": false, "light_count": 0, "unknown_reason": null, "z": 14.3 }, "geometry": { "type": "LineString", "coordinates": [ [ 126.923439, 35.154771 ], [ 126.923801, 35.154669 ] ] } },
{ "type": "Feature", "properties": { "seg_uid": "DM-192423-284145-GM2I", "seg_id": "DM03302", "seg_no": 4, "width_min_m": 0.7, "width_max_m": null, "verdict": "blocked", "width_verified": false, "midpoint_fallback": false, "inherited": false, "route_usage": 0, "length_m": 16.4, "run_length_m": 16.4, "nfa_designated": false, "cctv_dist_m": 72.1, "cv_feasible": false, "width_src": "silpok", "width_disagree_m": null, "road_name": "제봉로190번길", "seg_label": "제봉로190번길 1", "road_side": "2", "road_bt_m": 1.0, "in_emd": false, "light_count": 0, "unknown_reason": null, "z": 8.6 }, "geometry": { "type": "LineString", "coordinates": [ [ 126.916793, 35.153597 ], [ 126.916833, 35.153643 ], [ 126.916864, 35.153678 ], [ 126.91691, 35.15365 ] ] } }
]
}
